image_id,file_name,image_path,annotation_id,category_id,category_name,bbox_x,bbox_y,bbox_w,bbox_h,area,primary_challenge,reflective,transparent,occlusion,small_parts,dynamic,gt_mask_path
1,000000.png,data/cogar_sim_500_v2/rgb/000000.png,1,1,table,0.0,127.0,640.0,353.0,173749.0,reflective_metal,1,0,0,1,0,data/cogar_sim_500_v2/instance_masks/v2/ann_00000001_img_000000_cat_table.png
1,000000.png,data/cogar_sim_500_v2/rgb/000000.png,2,1,table,0.0,0.0,640.0,171.0,92824.0,reflective_metal,1,0,0,1,0,data/cogar_sim_500_v2/instance_masks/v2/ann_00000002_img_000000_cat_table.png
1,000000.png,data/cogar_sim_500_v2/rgb/000000.png,3,3,metal_part,512.0,201.0,44.0,85.0,2584.0,reflective_metal,1,0,0,1,0,data/cogar_sim_500_v2/instance_masks/v2/ann_00000003_img_000000_cat_metal_part.png
1,000000.png,data/cogar_sim_500_v2/rgb/000000.png,4,9,tool,534.0,229.0,51.0,145.0,4446.0,reflective_metal,1,0,0,1,0,data/cogar_sim_500_v2/instance_masks/v2/ann_00000004_img_000000_cat_tool.png
1,000000.png,data/cogar_sim_500_v2/rgb/000000.png,5,10,box,395.0,149.0,155.0,120.0,15468.0,reflective_metal,1,0,0,1,0,data/cogar_sim_500_v2/instance_masks/v2/ann_00000005_img_000000_cat_box.png
1,000000.png,data/cogar_sim_500_v2/rgb/000000.png,6,3,metal_part,222.0,122.0,76.0,73.0,4949.0,reflective_metal,1,0,0,1,0,data/cogar_sim_500_v2/instance_masks/v2/ann_00000006_img_000000_cat_metal_part.png
1,000000.png,data/cogar_sim_500_v2/rgb/000000.png,7,3,metal_part,161.0,218.0,78.0,121.0,7685.0,reflective_metal,1,0,0,1,0,data/cogar_sim_500_v2/instance_masks/v2/ann_00000007_img_000000_cat_metal_part.png
1,000000.png,data/cogar_sim_500_v2/rgb/000000.png,8,6,screw,217.0,227.0,15.0,22.0,200.0,reflective_metal,1,0,0,1,0,data/cogar_sim_500_v2/instance_masks/v2/ann_00000008_img_000000_cat_screw.png
1,000000.png,data/cogar_sim_500_v2/rgb/000000.png,9,3,metal_part,306.0,269.0,72.0,117.0,5295.0,reflective_metal,1,0,0,1,0,data/cogar_sim_500_v2/instance_masks/v2/ann_00000009_img_000000_cat_metal_part.png
2,000001.png,data/cogar_sim_500_v2/rgb/000001.png,10,1,table,0.0,0.0,640.0,480.0,257166.0,transparent_glass,0,1,1,1,0,data/cogar_sim_500_v2/instance_masks/v2/ann_00000010_img_000001_cat_table.png
2,000001.png,data/cogar_sim_500_v2/rgb/000001.png,11,7,connector,461.0,112.0,90.0,47.0,3482.0,transparent_glass,0,1,1,1,0,data/cogar_sim_500_v2/instance_masks/v2/ann_00000011_img_000001_cat_connector.png
2,000001.png,data/cogar_sim_500_v2/rgb/000001.png,12,4,glass_object,378.0,68.0,90.0,148.0,6778.0,transparent_glass,0,1,1,1,0,data/cogar_sim_500_v2/instance_masks/v2/ann_00000012_img_000001_cat_glass_object.png
2,000001.png,data/cogar_sim_500_v2/rgb/000001.png,13,4,glass_object,236.0,176.0,85.0,163.0,12045.0,transparent_glass,0,1,1,1,0,data/cogar_sim_500_v2/instance_masks/v2/ann_00000013_img_000001_cat_glass_object.png
2,000001.png,data/cogar_sim_500_v2/rgb/000001.png,14,8,cable,325.0,283.0,70.0,197.0,4059.0,transparent_glass,0,1,1,1,0,data/cogar_sim_500_v2/instance_masks/v2/ann_00000014_img_000001_cat_cable.png
2,000001.png,data/cogar_sim_500_v2/rgb/000001.png,15,2,robot_gripper,318.0,13.0,137.0,169.0,13881.0,transparent_glass,0,1,1,1,0,data/cogar_sim_500_v2/instance_masks/v2/ann_00000015_img_000001_cat_robot_gripper.png
2,000001.png,data/cogar_sim_500_v2/rgb/000001.png,16,2,robot_gripper,322.0,57.0,62.0,209.0,6148.0,transparent_glass,0,1,1,1,0,data/cogar_sim_500_v2/instance_masks/v2/ann_00000016_img_000001_cat_robot_gripper.png
2,000001.png,data/cogar_sim_500_v2/rgb/000001.png,17,2,robot_gripper,351.0,33.0,48.0,165.0,851.0,transparent_glass,0,1,1,1,0,data/cogar_sim_500_v2/instance_masks/v2/ann_00000017_img_000001_cat_robot_gripper.png
3,000002.png,data/cogar_sim_500_v2/rgb/000002.png,18,1,table,0.0,166.0,640.0,314.0,157478.0,partial_occlusion,1,1,1,1,0,data/cogar_sim_500_v2/instance_masks/v2/ann_00000018_img_000002_cat_table.png
3,000002.png,data/cogar_sim_500_v2/rgb/000002.png,19,1,table,0.0,0.0,640.0,168.0,85538.0,partial_occlusion,1,1,1,1,0,data/cogar_sim_500_v2/instance_masks/v2/ann_00000019_img_000002_cat_table.png
3,000002.png,data/cogar_sim_500_v2/rgb/000002.png,20,4,glass_object,361.0,135.0,81.0,112.0,6652.0,partial_occlusion,1,1,1,1,0,data/cogar_sim_500_v2/instance_masks/v2/ann_00000020_img_000002_cat_glass_object.png
3,000002.png,data/cogar_sim_500_v2/rgb/000002.png,21,10,box,98.0,167.0,119.0,110.0,11235.0,partial_occlusion,1,1,1,1,0,data/cogar_sim_500_v2/instance_masks/v2/ann_00000021_img_000002_cat_box.png
3,000002.png,data/cogar_sim_500_v2/rgb/000002.png,22,6,screw,221.0,327.0,22.0,22.0,427.0,partial_occlusion,1,1,1,1,0,data/cogar_sim_500_v2/instance_masks/v2/ann_00000022_img_000002_cat_screw.png
3,000002.png,data/cogar_sim_500_v2/rgb/000002.png,23,3,metal_part,350.0,263.0,96.0,117.0,8822.0,partial_occlusion,1,1,1,1,0,data/cogar_sim_500_v2/instance_masks/v2/ann_00000023_img_000002_cat_metal_part.png
3,000002.png,data/cogar_sim_500_v2/rgb/000002.png,24,10,box,452.0,126.0,127.0,150.0,13842.0,partial_occlusion,1,1,1,1,0,data/cogar_sim_500_v2/instance_masks/v2/ann_00000024_img_000002_cat_box.png
3,000002.png,data/cogar_sim_500_v2/rgb/000002.png,25,3,metal_part,219.0,196.0,81.0,66.0,4052.0,partial_occlusion,1,1,1,1,0,data/cogar_sim_500_v2/instance_masks/v2/ann_00000025_img_000002_cat_metal_part.png
3,000002.png,data/cogar_sim_500_v2/rgb/000002.png,26,2,robot_gripper,217.0,74.0,225.0,68.0,14638.0,partial_occlusion,1,1,1,1,0,data/cogar_sim_500_v2/instance_masks/v2/ann_00000026_img_000002_cat_robot_gripper.png
3,000002.png,data/cogar_sim_500_v2/rgb/000002.png,27,2,robot_gripper,269.0,53.0,32.0,173.0,3121.0,partial_occlusion,1,1,1,1,0,data/cogar_sim_500_v2/instance_masks/v2/ann_00000027_img_000002_cat_robot_gripper.png
3,000002.png,data/cogar_sim_500_v2/rgb/000002.png,28,2,robot_gripper,356.0,141.0,31.0,56.0,1395.0,partial_occlusion,1,1,1,1,0,data/cogar_sim_500_v2/instance_masks/v2/ann_00000028_img_000002_cat_robot_gripper.png
4,000003.png,data/cogar_sim_500_v2/rgb/000003.png,29,1,table,0.0,0.0,640.0,480.0,255006.0,small_parts,1,0,0,1,0,data/cogar_sim_500_v2/instance_masks/v2/ann_00000029_img_000003_cat_table.png
4,000003.png,data/cogar_sim_500_v2/rgb/000003.png,30,1,table,0.0,370.0,253.0,110.0,13819.0,small_parts,1,0,0,1,0,data/cogar_sim_500_v2/instance_masks/v2/ann_00000030_img_000003_cat_table.png
4,000003.png,data/cogar_sim_500_v2/rgb/000003.png,31,10,box,9.0,227.0,188.0,190.0,20222.0,small_parts,1,0,0,1,0,data/cogar_sim_500_v2/instance_masks/v2/ann_00000031_img_000003_cat_box.png
4,000003.png,data/cogar_sim_500_v2/rgb/000003.png,32,8,cable,136.0,0.0,92.0,141.0,2680.0,small_parts,1,0,0,1,0,data/cogar_sim_500_v2/instance_masks/v2/ann_00000032_img_000003_cat_cable.png
4,000003.png,data/cogar_sim_500_v2/rgb/000003.png,33,3,metal_part,243.0,105.0,38.0,84.0,2454.0,small_parts,1,0,0,1,0,data/cogar_sim_500_v2/instance_masks/v2/ann_00000033_img_000003_cat_metal_part.png
4,000003.png,data/cogar_sim_500_v2/rgb/000003.png,34,6,screw,172.0,235.0,13.0,18.0,194.0,small_parts,1,0,0,1,0,data/cogar_sim_500_v2/instance_masks/v2/ann_00000034_img_000003_cat_screw.png
4,000003.png,data/cogar_sim_500_v2/rgb/000003.png,35,7,connector,231.0,257.0,68.0,33.0,2121.0,small_parts,1,0,0,1,0,data/cogar_sim_500_v2/instance_masks/v2/ann_00000035_img_000003_cat_connector.png
4,000003.png,data/cogar_sim_500_v2/rgb/000003.png,36,6,screw,345.0,138.0,25.0,18.0,405.0,small_parts,1,0,0,1,0,data/cogar_sim_500_v2/instance_masks/v2/ann_00000036_img_000003_cat_screw.png
4,000003.png,data/cogar_sim_500_v2/rgb/000003.png,37,5,plastic_object,179.0,83.0,64.0,72.0,3441.0,small_parts,1,0,0,1,0,data/cogar_sim_500_v2/instance_masks/v2/ann_00000037_img_000003_cat_plastic_object.png
4,000003.png,data/cogar_sim_500_v2/rgb/000003.png,38,9,tool,127.0,228.0,70.0,205.0,2054.0,small_parts,1,0,0,1,0,data/cogar_sim_500_v2/instance_masks/v2/ann_00000038_img_000003_cat_tool.png
4,000003.png,data/cogar_sim_500_v2/rgb/000003.png,39,3,metal_part,445.0,448.0,61.0,32.0,1412.0,small_parts,1,0,0,1,0,data/cogar_sim_500_v2/instance_masks/v2/ann_00000039_img_000003_cat_metal_part.png
4,000003.png,data/cogar_sim_500_v2/rgb/000003.png,40,5,plastic_object,529.0,280.0,61.0,58.0,2735.0,small_parts,1,0,0,1,0,data/cogar_sim_500_v2/instance_masks/v2/ann_00000040_img_000003_cat_plastic_object.png
4,000003.png,data/cogar_sim_500_v2/rgb/000003.png,41,5,plastic_object,84.0,223.0,88.0,66.0,657.0,small_parts,1,0,0,1,0,data/cogar_sim_500_v2/instance_masks/v2/ann_00000041_img_000003_cat_plastic_object.png
5,000004.png,data/cogar_sim_500_v2/rgb/000004.png,42,1,table,0.0,55.0,640.0,425.0,128440.0,dynamic_scene,0,1,1,0,1,data/cogar_sim_500_v2/instance_masks/v2/ann_00000042_img_000004_cat_table.png
5,000004.png,data/cogar_sim_500_v2/rgb/000004.png,43,1,table,361.0,0.0,279.0,312.0,33939.0,dynamic_scene,0,1,1,0,1,data/cogar_sim_500_v2/instance_masks/v2/ann_00000043_img_000004_cat_table.png
5,000004.png,data/cogar_sim_500_v2/rgb/000004.png,44,4,glass_object,441.0,139.0,199.0,292.0,45670.0,dynamic_scene,0,1,1,0,1,data/cogar_sim_500_v2/instance_masks/v2/ann_00000044_img_000004_cat_glass_object.png
5,000004.png,data/cogar_sim_500_v2/rgb/000004.png,45,5,plastic_object,163.0,244.0,106.0,99.0,9050.0,dynamic_scene,0,1,1,0,1,data/cogar_sim_500_v2/instance_masks/v2/ann_00000045_img_000004_cat_plastic_object.png
5,000004.png,data/cogar_sim_500_v2/rgb/000004.png,46,5,plastic_object,573.0,350.0,67.0,130.0,7212.0,dynamic_scene,0,1,1,0,1,data/cogar_sim_500_v2/instance_masks/v2/ann_00000046_img_000004_cat_plastic_object.png
5,000004.png,data/cogar_sim_500_v2/rgb/000004.png,47,5,plastic_object,168.0,153.0,74.0,97.0,4925.0,dynamic_scene,0,1,1,0,1,data/cogar_sim_500_v2/instance_masks/v2/ann_00000047_img_000004_cat_plastic_object.png
5,000004.png,data/cogar_sim_500_v2/rgb/000004.png,48,10,box,59.0,130.0,132.0,186.0,18687.0,dynamic_scene,0,1,1,0,1,data/cogar_sim_500_v2/instance_masks/v2/ann_00000048_img_000004_cat_box.png
5,000004.png,data/cogar_sim_500_v2/rgb/000004.png,49,2,robot_gripper,231.0,58.0,279.0,164.0,26666.0,dynamic_scene,0,1,1,0,1,data/cogar_sim_500_v2/instance_masks/v2/ann_00000049_img_000004_cat_robot_gripper.png
5,000004.png,data/cogar_sim_500_v2/rgb/000004.png,50,2,robot_gripper,336.0,177.0,34.0,68.0,1939.0,dynamic_scene,0,1,1,0,1,data/cogar_sim_500_v2/instance_masks/v2/ann_00000050_img_000004_cat_robot_gripper.png
5,000004.png,data/cogar_sim_500_v2/rgb/000004.png,51,2,robot_gripper,368.0,189.0,71.0,121.0,6762.0,dynamic_scene,0,1,1,0,1,data/cogar_sim_500_v2/instance_masks/v2/ann_00000051_img_000004_cat_robot_gripper.png
6,000005.png,data/cogar_sim_500_v2/rgb/000005.png,52,1,table,0.0,19.0,640.0,461.0,192849.0,reflective_metal,1,0,1,1,0,data/cogar_sim_500_v2/instance_masks/v2/ann_00000052_img_000005_cat_table.png
6,000005.png,data/cogar_sim_500_v2/rgb/000005.png,53,1,table,121.0,0.0,519.0,233.0,55576.0,reflective_metal,1,0,1,1,0,data/cogar_sim_500_v2/instance_masks/v2/ann_00000053_img_000005_cat_table.png
6,000005.png,data/cogar_sim_500_v2/rgb/000005.png,54,10,box,275.0,264.0,185.0,182.0,23682.0,reflective_metal,1,0,1,1,0,data/cogar_sim_500_v2/instance_masks/v2/ann_00000054_img_000005_cat_box.png
6,000005.png,data/cogar_sim_500_v2/rgb/000005.png,55,3,metal_part,246.0,83.0,39.0,59.0,1836.0,reflective_metal,1,0,1,1,0,data/cogar_sim_500_v2/instance_masks/v2/ann_00000055_img_000005_cat_metal_part.png
6,000005.png,data/cogar_sim_500_v2/rgb/000005.png,56,6,screw,259.0,269.0,17.0,23.0,348.0,reflective_metal,1,0,1,1,0,data/cogar_sim_500_v2/instance_masks/v2/ann_00000056_img_000005_cat_screw.png
6,000005.png,data/cogar_sim_500_v2/rgb/000005.png,57,5,plastic_object,166.0,216.0,63.0,102.0,5629.0,reflective_metal,1,0,1,1,0,data/cogar_sim_500_v2/instance_masks/v2/ann_00000057_img_000005_cat_plastic_object.png
6,000005.png,data/cogar_sim_500_v2/rgb/000005.png,58,9,tool,271.0,171.0,156.0,43.0,3254.0,reflective_metal,1,0,1,1,0,data/cogar_sim_500_v2/instance_masks/v2/ann_00000058_img_000005_cat_tool.png
6,000005.png,data/cogar_sim_500_v2/rgb/000005.png,59,9,tool,70.0,174.0,147.0,96.0,4576.0,reflective_metal,1,0,1,1,0,data/cogar_sim_500_v2/instance_masks/v2/ann_00000059_img_000005_cat_tool.png
6,000005.png,data/cogar_sim_500_v2/rgb/000005.png,60,2,robot_gripper,337.0,50.0,152.0,128.0,11054.0,reflective_metal,1,0,1,1,0,data/cogar_sim_500_v2/instance_masks/v2/ann_00000060_img_000005_cat_robot_gripper.png
6,000005.png,data/cogar_sim_500_v2/rgb/000005.png,61,2,robot_gripper,363.0,123.0,43.0,66.0,2003.0,reflective_metal,1,0,1,1,0,data/cogar_sim_500_v2/instance_masks/v2/ann_00000061_img_000005_cat_robot_gripper.png
6,000005.png,data/cogar_sim_500_v2/rgb/000005.png,62,2,robot_gripper,424.0,94.0,55.0,126.0,2024.0,reflective_metal,1,0,1,1,0,data/cogar_sim_500_v2/instance_masks/v2/ann_00000062_img_000005_cat_robot_gripper.png
7,000006.png,data/cogar_sim_500_v2/rgb/000006.png,63,1,table,0.0,67.0,640.0,413.0,164367.0,transparent_glass,1,1,1,0,0,data/cogar_sim_500_v2/instance_masks/v2/ann_00000063_img_000006_cat_table.png
7,000006.png,data/cogar_sim_500_v2/rgb/000006.png,64,1,table,0.0,0.0,640.0,237.0,89876.0,transparent_glass,1,1,1,0,0,data/cogar_sim_500_v2/instance_masks/v2/ann_00000064_img_000006_cat_table.png
7,000006.png,data/cogar_sim_500_v2/rgb/000006.png,65,5,plastic_object,269.0,205.0,33.0,56.0,1480.0,transparent_glass,1,1,1,0,0,data/cogar_sim_500_v2/instance_masks/v2/ann_00000065_img_000006_cat_plastic_object.png
7,000006.png,data/cogar_sim_500_v2/rgb/000006.png,66,3,metal_part,446.0,154.0,13.0,19.0,158.0,transparent_glass,1,1,1,0,0,data/cogar_sim_500_v2/instance_masks/v2/ann_00000066_img_000006_cat_metal_part.png
7,000006.png,data/cogar_sim_500_v2/rgb/000006.png,67,4,glass_object,181.0,256.0,115.0,187.0,19220.0,transparent_glass,1,1,1,0,0,data/cogar_sim_500_v2/instance_masks/v2/ann_00000067_img_000006_cat_glass_object.png
7,000006.png,data/cogar_sim_500_v2/rgb/000006.png,68,4,glass_object,179.0,164.0,92.0,121.0,8055.0,transparent_glass,1,1,1,0,0,data/cogar_sim_500_v2/instance_masks/v2/ann_00000068_img_000006_cat_glass_object.png
7,000006.png,data/cogar_sim_500_v2/rgb/000006.png,69,5,plastic_object,138.0,204.0,50.0,84.0,3248.0,transparent_glass,1,1,1,0,0,data/cogar_sim_500_v2/instance_masks/v2/ann_00000069_img_000006_cat_plastic_object.png
7,000006.png,data/cogar_sim_500_v2/rgb/000006.png,70,8,cable,390.0,221.0,212.0,105.0,3700.0,transparent_glass,1,1,1,0,0,data/cogar_sim_500_v2/instance_masks/v2/ann_00000070_img_000006_cat_cable.png
7,000006.png,data/cogar_sim_500_v2/rgb/000006.png,71,2,robot_gripper,311.0,85.0,197.0,90.0,12634.0,transparent_glass,1,1,1,0,0,data/cogar_sim_500_v2/instance_masks/v2/ann_00000071_img_000006_cat_robot_gripper.png
7,000006.png,data/cogar_sim_500_v2/rgb/000006.png,72,2,robot_gripper,341.0,167.0,40.0,64.0,2187.0,transparent_glass,1,1,1,0,0,data/cogar_sim_500_v2/instance_masks/v2/ann_00000072_img_000006_cat_robot_gripper.png
7,000006.png,data/cogar_sim_500_v2/rgb/000006.png,73,2,robot_gripper,406.0,85.0,42.0,133.0,2275.0,transparent_glass,1,1,1,0,0,data/cogar_sim_500_v2/instance_masks/v2/ann_00000073_img_000006_cat_robot_gripper.png
8,000007.png,data/cogar_sim_500_v2/rgb/000007.png,74,1,table,0.0,0.0,640.0,480.0,202220.0,partial_occlusion,1,0,1,1,0,data/cogar_sim_500_v2/instance_masks/v2/ann_00000074_img_000007_cat_table.png
8,000007.png,data/cogar_sim_500_v2/rgb/000007.png,75,1,table,17.0,0.0,308.0,480.0,69018.0,partial_occlusion,1,0,1,1,0,data/cogar_sim_500_v2/instance_masks/v2/ann_00000075_img_000007_cat_table.png
8,000007.png,data/cogar_sim_500_v2/rgb/000007.png,76,8,cable,194.0,172.0,7.0,21.0,85.0,partial_occlusion,1,0,1,1,0,data/cogar_sim_500_v2/instance_masks/v2/ann_00000076_img_000007_cat_cable.png
8,000007.png,data/cogar_sim_500_v2/rgb/000007.png,77,9,tool,250.0,186.0,30.0,104.0,1549.0,partial_occlusion,1,0,1,1,0,data/cogar_sim_500_v2/instance_masks/v2/ann_00000077_img_000007_cat_tool.png
8,000007.png,data/cogar_sim_500_v2/rgb/000007.png,78,5,plastic_object,220.0,242.0,38.0,65.0,1328.0,partial_occlusion,1,0,1,1,0,data/cogar_sim_500_v2/instance_masks/v2/ann_00000078_img_000007_cat_plastic_object.png
8,000007.png,data/cogar_sim_500_v2/rgb/000007.png,79,5,plastic_object,198.0,136.0,66.0,61.0,2929.0,partial_occlusion,1,0,1,1,0,data/cogar_sim_500_v2/instance_masks/v2/ann_00000079_img_000007_cat_plastic_object.png
8,000007.png,data/cogar_sim_500_v2/rgb/000007.png,80,7,connector,271.0,358.0,15.0,28.0,229.0,partial_occlusion,1,0,1,1,0,data/cogar_sim_500_v2/instance_masks/v2/ann_00000080_img_000007_cat_connector.png
8,000007.png,data/cogar_sim_500_v2/rgb/000007.png,81,2,robot_gripper,209.0,81.0,218.0,141.0,12119.0,partial_occlusion,1,0,1,1,0,data/cogar_sim_500_v2/instance_masks/v2/ann_00000081_img_000007_cat_robot_gripper.png
8,000007.png,data/cogar_sim_500_v2/rgb/000007.png,82,2,robot_gripper,286.0,126.0,44.0,157.0,5989.0,partial_occlusion,1,0,1,1,0,data/cogar_sim_500_v2/instance_masks/v2/ann_00000082_img_000007_cat_robot_gripper.png
8,000007.png,data/cogar_sim_500_v2/rgb/000007.png,83,2,robot_gripper,263.0,159.0,25.0,67.0,1296.0,partial_occlusion,1,0,1,1,0,data/cogar_sim_500_v2/instance_masks/v2/ann_00000083_img_000007_cat_robot_gripper.png
9,000008.png,data/cogar_sim_500_v2/rgb/000008.png,84,1,table,0.0,36.0,640.0,444.0,172766.0,small_parts,1,0,1,1,0,data/cogar_sim_500_v2/instance_masks/v2/ann_00000084_img_000008_cat_table.png
9,000008.png,data/cogar_sim_500_v2/rgb/000008.png,85,1,table,0.0,0.0,640.0,179.0,67670.0,small_parts,1,0,1,1,0,data/cogar_sim_500_v2/instance_masks/v2/ann_00000085_img_000008_cat_table.png
9,000008.png,data/cogar_sim_500_v2/rgb/000008.png,86,8,cable,277.0,180.0,336.0,37.0,1061.0,small_parts,1,0,1,1,0,data/cogar_sim_500_v2/instance_masks/v2/ann_00000086_img_000008_cat_cable.png
9,000008.png,data/cogar_sim_500_v2/rgb/000008.png,87,6,screw,485.0,365.0,26.0,28.0,286.0,small_parts,1,0,1,1,0,data/cogar_sim_500_v2/instance_masks/v2/ann_00000087_img_000008_cat_screw.png
9,000008.png,data/cogar_sim_500_v2/rgb/000008.png,88,6,screw,557.0,424.0,22.0,24.0,419.0,small_parts,1,0,1,1,0,data/cogar_sim_500_v2/instance_masks/v2/ann_00000088_img_000008_cat_screw.png
9,000008.png,data/cogar_sim_500_v2/rgb/000008.png,89,9,tool,549.0,193.0,72.0,40.0,2525.0,small_parts,1,0,1,1,0,data/cogar_sim_500_v2/instance_masks/v2/ann_00000089_img_000008_cat_tool.png
9,000008.png,data/cogar_sim_500_v2/rgb/000008.png,90,7,connector,493.0,374.0,108.0,50.0,3958.0,small_parts,1,0,1,1,0,data/cogar_sim_500_v2/instance_masks/v2/ann_00000090_img_000008_cat_connector.png
9,000008.png,data/cogar_sim_500_v2/rgb/000008.png,91,5,plastic_object,22.0,282.0,83.0,60.0,3663.0,small_parts,1,0,1,1,0,data/cogar_sim_500_v2/instance_masks/v2/ann_00000091_img_000008_cat_plastic_object.png
9,000008.png,data/cogar_sim_500_v2/rgb/000008.png,92,10,box,321.0,105.0,181.0,199.0,7037.0,small_parts,1,0,1,1,0,data/cogar_sim_500_v2/instance_masks/v2/ann_00000092_img_000008_cat_box.png
9,000008.png,data/cogar_sim_500_v2/rgb/000008.png,93,9,tool,176.0,186.0,117.0,51.0,3263.0,small_parts,1,0,1,1,0,data/cogar_sim_500_v2/instance_masks/v2/ann_00000093_img_000008_cat_tool.png
9,000008.png,data/cogar_sim_500_v2/rgb/000008.png,94,10,box,44.0,176.0,121.0,143.0,13910.0,small_parts,1,0,1,1,0,data/cogar_sim_500_v2/instance_masks/v2/ann_00000094_img_000008_cat_box.png
9,000008.png,data/cogar_sim_500_v2/rgb/000008.png,95,2,robot_gripper,242.0,114.0,319.0,139.0,25470.0,small_parts,1,0,1,1,0,data/cogar_sim_500_v2/instance_masks/v2/ann_00000095_img_000008_cat_robot_gripper.png
9,000008.png,data/cogar_sim_500_v2/rgb/000008.png,96,2,robot_gripper,333.0,104.0,46.0,172.0,3585.0,small_parts,1,0,1,1,0,data/cogar_sim_500_v2/instance_masks/v2/ann_00000096_img_000008_cat_robot_gripper.png
9,000008.png,data/cogar_sim_500_v2/rgb/000008.png,97,2,robot_gripper,423.0,230.0,41.0,53.0,1587.0,small_parts,1,0,1,1,0,data/cogar_sim_500_v2/instance_masks/v2/ann_00000097_img_000008_cat_robot_gripper.png
10,000009.png,data/cogar_sim_500_v2/rgb/000009.png,98,1,table,0.0,0.0,640.0,480.0,233908.0,dynamic_scene,0,1,1,1,1,data/cogar_sim_500_v2/instance_masks/v2/ann_00000098_img_000009_cat_table.png
10,000009.png,data/cogar_sim_500_v2/rgb/000009.png,99,1,table,0.0,0.0,241.0,187.0,22561.0,dynamic_scene,0,1,1,1,1,data/cogar_sim_500_v2/instance_masks/v2/ann_00000099_img_000009_cat_table.png
10,000009.png,data/cogar_sim_500_v2/rgb/000009.png,100,4,glass_object,4.0,302.0,154.0,95.0,10983.0,dynamic_scene,0,1,1,1,1,data/cogar_sim_500_v2/instance_masks/v2/ann_00000100_img_000009_cat_glass_object.png
10,000009.png,data/cogar_sim_500_v2/rgb/000009.png,101,5,plastic_object,189.0,197.0,62.0,69.0,3748.0,dynamic_scene,0,1,1,1,1,data/cogar_sim_500_v2/instance_masks/v2/ann_00000101_img_000009_cat_plastic_object.png
10,000009.png,data/cogar_sim_500_v2/rgb/000009.png,102,5,plastic_object,354.0,168.0,112.0,119.0,9060.0,dynamic_scene,0,1,1,1,1,data/cogar_sim_500_v2/instance_masks/v2/ann_00000102_img_000009_cat_plastic_object.png
10,000009.png,data/cogar_sim_500_v2/rgb/000009.png,103,5,plastic_object,90.0,363.0,107.0,73.0,4371.0,dynamic_scene,0,1,1,1,1,data/cogar_sim_500_v2/instance_masks/v2/ann_00000103_img_000009_cat_plastic_object.png
10,000009.png,data/cogar_sim_500_v2/rgb/000009.png,104,5,plastic_object,238.0,125.0,79.0,54.0,3404.0,dynamic_scene,0,1,1,1,1,data/cogar_sim_500_v2/instance_masks/v2/ann_00000104_img_000009_cat_plastic_object.png
10,000009.png,data/cogar_sim_500_v2/rgb/000009.png,105,2,robot_gripper,166.0,209.0,169.0,271.0,17091.0,dynamic_scene,0,1,1,1,1,data/cogar_sim_500_v2/instance_masks/v2/ann_00000105_img_000009_cat_robot_gripper.png
10,000009.png,data/cogar_sim_500_v2/rgb/000009.png,106,2,robot_gripper,164.0,335.0,58.0,58.0,2074.0,dynamic_scene,0,1,1,1,1,data/cogar_sim_500_v2/instance_masks/v2/ann_00000106_img_000009_cat_robot_gripper.png
11,000010.png,data/cogar_sim_500_v2/rgb/000010.png,107,1,table,0.0,0.0,640.0,480.0,307200.0,reflective_metal,1,0,0,1,0,data/cogar_sim_500_v2/instance_masks/v2/ann_00000107_img_000010_cat_table.png
12,000011.png,data/cogar_sim_500_v2/rgb/000011.png,108,1,table,36.0,0.0,604.0,480.0,230347.0,transparent_glass,0,1,1,0,0,data/cogar_sim_500_v2/instance_masks/v2/ann_00000108_img_000011_cat_table.png
12,000011.png,data/cogar_sim_500_v2/rgb/000011.png,109,1,table,0.0,0.0,53.0,480.0,21391.0,transparent_glass,0,1,1,0,0,data/cogar_sim_500_v2/instance_masks/v2/ann_00000109_img_000011_cat_table.png
12,000011.png,data/cogar_sim_500_v2/rgb/000011.png,110,4,glass_object,397.0,392.0,94.0,88.0,7304.0,transparent_glass,0,1,1,0,0,data/cogar_sim_500_v2/instance_masks/v2/ann_00000110_img_000011_cat_glass_object.png
12,000011.png,data/cogar_sim_500_v2/rgb/000011.png,111,5,plastic_object,278.0,74.0,45.0,82.0,2750.0,transparent_glass,0,1,1,0,0,data/cogar_sim_500_v2/instance_masks/v2/ann_00000111_img_000011_cat_plastic_object.png
12,000011.png,data/cogar_sim_500_v2/rgb/000011.png,112,4,glass_object,400.0,154.0,102.0,98.0,6574.0,transparent_glass,0,1,1,0,0,data/cogar_sim_500_v2/instance_masks/v2/ann_00000112_img_000011_cat_glass_object.png
12,000011.png,data/cogar_sim_500_v2/rgb/000011.png,113,10,box,180.0,0.0,145.0,100.0,9006.0,transparent_glass,0,1,1,0,0,data/cogar_sim_500_v2/instance_masks/v2/ann_00000113_img_000011_cat_box.png
12,000011.png,data/cogar_sim_500_v2/rgb/000011.png,114,4,glass_object,76.0,44.0,140.0,145.0,10489.0,transparent_glass,0,1,1,0,0,data/cogar_sim_500_v2/instance_masks/v2/ann_00000114_img_000011_cat_glass_object.png
12,000011.png,data/cogar_sim_500_v2/rgb/000011.png,115,5,plastic_object,153.0,2.0,58.0,54.0,1758.0,transparent_glass,0,1,1,0,0,data/cogar_sim_500_v2/instance_masks/v2/ann_00000115_img_000011_cat_plastic_object.png
12,000011.png,data/cogar_sim_500_v2/rgb/000011.png,116,2,robot_gripper,228.0,96.0,160.0,254.0,15293.0,transparent_glass,0,1,1,0,0,data/cogar_sim_500_v2/instance_masks/v2/ann_00000116_img_000011_cat_robot_gripper.png
12,000011.png,data/cogar_sim_500_v2/rgb/000011.png,117,2,robot_gripper,303.0,283.0,13.0,28.0,23.0,transparent_glass,0,1,1,0,0,data/cogar_sim_500_v2/instance_masks/v2/ann_00000117_img_000011_cat_robot_gripper.png
12,000011.png,data/cogar_sim_500_v2/rgb/000011.png,118,2,robot_gripper,251.0,143.0,57.0,68.0,2265.0,transparent_glass,0,1,1,0,0,data/cogar_sim_500_v2/instance_masks/v2/ann_00000118_img_000011_cat_robot_gripper.png
13,000012.png,data/cogar_sim_500_v2/rgb/000012.png,119,1,table,0.0,140.0,640.0,340.0,123432.0,partial_occlusion,1,0,1,1,0,data/cogar_sim_500_v2/instance_masks/v2/ann_00000119_img_000012_cat_table.png
13,000012.png,data/cogar_sim_500_v2/rgb/000012.png,120,1,table,0.0,0.0,640.0,239.0,103347.0,partial_occlusion,1,0,1,1,0,data/cogar_sim_500_v2/instance_masks/v2/ann_00000120_img_000012_cat_table.png
13,000012.png,data/cogar_sim_500_v2/rgb/000012.png,121,10,box,37.0,229.0,219.0,173.0,25512.0,partial_occlusion,1,0,1,1,0,data/cogar_sim_500_v2/instance_masks/v2/ann_00000121_img_000012_cat_box.png
13,000012.png,data/cogar_sim_500_v2/rgb/000012.png,122,7,connector,204.0,199.0,57.0,48.0,2002.0,partial_occlusion,1,0,1,1,0,data/cogar_sim_500_v2/instance_masks/v2/ann_00000122_img_000012_cat_connector.png
13,000012.png,data/cogar_sim_500_v2/rgb/000012.png,123,10,box,353.0,190.0,174.0,146.0,11831.0,partial_occlusion,1,0,1,1,0,data/cogar_sim_500_v2/instance_masks/v2/ann_00000123_img_000012_cat_box.png
13,000012.png,data/cogar_sim_500_v2/rgb/000012.png,124,3,metal_part,429.0,221.0,133.0,129.0,6923.0,partial_occlusion,1,0,1,1,0,data/cogar_sim_500_v2/instance_masks/v2/ann_00000124_img_000012_cat_metal_part.png
13,000012.png,data/cogar_sim_500_v2/rgb/000012.png,125,3,metal_part,501.0,236.0,62.0,135.0,6998.0,partial_occlusion,1,0,1,1,0,data/cogar_sim_500_v2/instance_masks/v2/ann_00000125_img_000012_cat_metal_part.png
13,000012.png,data/cogar_sim_500_v2/rgb/000012.png,126,8,cable,0.0,230.0,354.0,63.0,2118.0,partial_occlusion,1,0,1,1,0,data/cogar_sim_500_v2/instance_masks/v2/ann_00000126_img_000012_cat_cable.png
13,000012.png,data/cogar_sim_500_v2/rgb/000012.png,127,7,connector,369.0,288.0,74.0,45.0,1261.0,partial_occlusion,1,0,1,1,0,data/cogar_sim_500_v2/instance_masks/v2/ann_00000127_img_000012_cat_connector.png
13,000012.png,data/cogar_sim_500_v2/rgb/000012.png,128,2,robot_gripper,263.0,72.0,207.0,134.0,15511.0,partial_occlusion,1,0,1,1,0,data/cogar_sim_500_v2/instance_masks/v2/ann_00000128_img_000012_cat_robot_gripper.png
13,000012.png,data/cogar_sim_500_v2/rgb/000012.png,129,2,robot_gripper,294.0,82.0,54.0,195.0,5035.0,partial_occlusion,1,0,1,1,0,data/cogar_sim_500_v2/instance_masks/v2/ann_00000129_img_000012_cat_robot_gripper.png
13,000012.png,data/cogar_sim_500_v2/rgb/000012.png,130,2,robot_gripper,381.0,76.0,55.0,140.0,3230.0,partial_occlusion,1,0,1,1,0,data/cogar_sim_500_v2/instance_masks/v2/ann_00000130_img_000012_cat_robot_gripper.png
14,000013.png,data/cogar_sim_500_v2/rgb/000013.png,131,1,table,0.0,30.0,640.0,450.0,233549.0,small_parts,0,0,0,1,0,data/cogar_sim_500_v2/instance_masks/v2/ann_00000131_img_000013_cat_table.png
14,000013.png,data/cogar_sim_500_v2/rgb/000013.png,132,6,screw,268.0,204.0,6.0,13.0,65.0,small_parts,0,0,0,1,0,data/cogar_sim_500_v2/instance_masks/v2/ann_00000132_img_000013_cat_screw.png
14,000013.png,data/cogar_sim_500_v2/rgb/000013.png,133,6,screw,257.0,305.0,19.0,13.0,182.0,small_parts,0,0,0,1,0,data/cogar_sim_500_v2/instance_masks/v2/ann_00000133_img_000013_cat_screw.png
14,000013.png,data/cogar_sim_500_v2/rgb/000013.png,134,7,connector,230.0,245.0,40.0,57.0,1650.0,small_parts,0,0,0,1,0,data/cogar_sim_500_v2/instance_masks/v2/ann_00000134_img_000013_cat_connector.png
14,000013.png,data/cogar_sim_500_v2/rgb/000013.png,135,6,screw,293.0,368.0,20.0,19.0,249.0,small_parts,0,0,0,1,0,data/cogar_sim_500_v2/instance_masks/v2/ann_00000135_img_000013_cat_screw.png
14,000013.png,data/cogar_sim_500_v2/rgb/000013.png,136,6,screw,264.0,196.0,12.0,17.0,99.0,small_parts,0,0,0,1,0,data/cogar_sim_500_v2/instance_masks/v2/ann_00000136_img_000013_cat_screw.png
14,000013.png,data/cogar_sim_500_v2/rgb/000013.png,137,10,box,408.0,188.0,122.0,127.0,11515.0,small_parts,0,0,0,1,0,data/cogar_sim_500_v2/instance_masks/v2/ann_00000137_img_000013_cat_box.png
14,000013.png,data/cogar_sim_500_v2/rgb/000013.png,138,7,connector,337.0,340.0,56.0,56.0,2099.0,small_parts,0,0,0,1,0,data/cogar_sim_500_v2/instance_masks/v2/ann_00000138_img_000013_cat_connector.png
14,000013.png,data/cogar_sim_500_v2/rgb/000013.png,139,7,connector,240.0,187.0,28.0,30.0,690.0,small_parts,0,0,0,1,0,data/cogar_sim_500_v2/instance_masks/v2/ann_00000139_img_000013_cat_connector.png
14,000013.png,data/cogar_sim_500_v2/rgb/000013.png,140,7,connector,273.0,183.0,49.0,44.0,1332.0,small_parts,0,0,0,1,0,data/cogar_sim_500_v2/instance_masks/v2/ann_00000140_img_000013_cat_connector.png
14,000013.png,data/cogar_sim_500_v2/rgb/000013.png,141,6,screw,278.0,334.0,18.0,21.0,295.0,small_parts,0,0,0,1,0,data/cogar_sim_500_v2/instance_masks/v2/ann_00000141_img_000013_cat_screw.png
14,000013.png,data/cogar_sim_500_v2/rgb/000013.png,142,10,box,359.0,186.0,83.0,72.0,3769.0,small_parts,0,0,0,1,0,data/cogar_sim_500_v2/instance_masks/v2/ann_00000142_img_000013_cat_box.png
14,000013.png,data/cogar_sim_500_v2/rgb/000013.png,143,6,screw,166.0,191.0,15.0,16.0,188.0,small_parts,0,0,0,1,0,data/cogar_sim_500_v2/instance_masks/v2/ann_00000143_img_000013_cat_screw.png
14,000013.png,data/cogar_sim_500_v2/rgb/000013.png,144,7,connector,455.0,299.0,47.0,36.0,1002.0,small_parts,0,0,0,1,0,data/cogar_sim_500_v2/instance_masks/v2/ann_00000144_img_000013_cat_connector.png
15,000014.png,data/cogar_sim_500_v2/rgb/000014.png,145,1,table,0.0,111.0,640.0,369.0,173264.0,dynamic_scene,1,1,1,1,1,data/cogar_sim_500_v2/instance_masks/v2/ann_00000145_img_000014_cat_table.png
15,000014.png,data/cogar_sim_500_v2/rgb/000014.png,146,1,table,0.0,0.0,640.0,115.0,67121.0,dynamic_scene,1,1,1,1,1,data/cogar_sim_500_v2/instance_masks/v2/ann_00000146_img_000014_cat_table.png
15,000014.png,data/cogar_sim_500_v2/rgb/000014.png,147,3,metal_part,417.0,249.0,63.0,81.0,4384.0,dynamic_scene,1,1,1,1,1,data/cogar_sim_500_v2/instance_masks/v2/ann_00000147_img_000014_cat_metal_part.png
15,000014.png,data/cogar_sim_500_v2/rgb/000014.png,148,4,glass_object,366.0,119.0,78.0,141.0,5355.0,dynamic_scene,1,1,1,1,1,data/cogar_sim_500_v2/instance_masks/v2/ann_00000148_img_000014_cat_glass_object.png
15,000014.png,data/cogar_sim_500_v2/rgb/000014.png,149,5,plastic_object,193.0,295.0,76.0,89.0,4783.0,dynamic_scene,1,1,1,1,1,data/cogar_sim_500_v2/instance_masks/v2/ann_00000149_img_000014_cat_plastic_object.png
15,000014.png,data/cogar_sim_500_v2/rgb/000014.png,150,5,plastic_object,397.0,189.0,92.0,83.0,4957.0,dynamic_scene,1,1,1,1,1,data/cogar_sim_500_v2/instance_masks/v2/ann_00000150_img_000014_cat_plastic_object.png
15,000014.png,data/cogar_sim_500_v2/rgb/000014.png,151,7,connector,320.0,184.0,44.0,42.0,1150.0,dynamic_scene,1,1,1,1,1,data/cogar_sim_500_v2/instance_masks/v2/ann_00000151_img_000014_cat_connector.png
15,000014.png,data/cogar_sim_500_v2/rgb/000014.png,152,10,box,111.0,179.0,198.0,185.0,23187.0,dynamic_scene,1,1,1,1,1,data/cogar_sim_500_v2/instance_masks/v2/ann_00000152_img_000014_cat_box.png
15,000014.png,data/cogar_sim_500_v2/rgb/000014.png,153,2,robot_gripper,187.0,64.0,289.0,161.0,19811.0,dynamic_scene,1,1,1,1,1,data/cogar_sim_500_v2/instance_masks/v2/ann_00000153_img_000014_cat_robot_gripper.png
15,000014.png,data/cogar_sim_500_v2/rgb/000014.png,154,2,robot_gripper,267.0,98.0,46.0,123.0,742.0,dynamic_scene,1,1,1,1,1,data/cogar_sim_500_v2/instance_masks/v2/ann_00000154_img_000014_cat_robot_gripper.png
15,000014.png,data/cogar_sim_500_v2/rgb/000014.png,155,2,robot_gripper,357.0,88.0,52.0,150.0,2446.0,dynamic_scene,1,1,1,1,1,data/cogar_sim_500_v2/instance_masks/v2/ann_00000155_img_000014_cat_robot_gripper.png
16,000015.png,data/cogar_sim_500_v2/rgb/000015.png,156,1,table,0.0,0.0,640.0,480.0,218373.0,reflective_metal,1,0,0,1,0,data/cogar_sim_500_v2/instance_masks/v2/ann_00000156_img_000015_cat_table.png
16,000015.png,data/cogar_sim_500_v2/rgb/000015.png,157,1,table,0.0,0.0,301.0,238.0,35882.0,reflective_metal,1,0,0,1,0,data/cogar_sim_500_v2/instance_masks/v2/ann_00000157_img_000015_cat_table.png
16,000015.png,data/cogar_sim_500_v2/rgb/000015.png,158,10,box,180.0,138.0,125.0,152.0,11234.0,reflective_metal,1,0,0,1,0,data/cogar_sim_500_v2/instance_masks/v2/ann_00000158_img_000015_cat_box.png
16,000015.png,data/cogar_sim_500_v2/rgb/000015.png,159,7,connector,379.0,147.0,82.0,39.0,2146.0,reflective_metal,1,0,0,1,0,data/cogar_sim_500_v2/instance_masks/v2/ann_00000159_img_000015_cat_connector.png
16,000015.png,data/cogar_sim_500_v2/rgb/000015.png,160,9,tool,208.0,102.0,55.0,212.0,3337.0,reflective_metal,1,0,0,1,0,data/cogar_sim_500_v2/instance_masks/v2/ann_00000160_img_000015_cat_tool.png
16,000015.png,data/cogar_sim_500_v2/rgb/000015.png,161,9,tool,74.0,279.0,47.0,201.0,6404.0,reflective_metal,1,0,0,1,0,data/cogar_sim_500_v2/instance_masks/v2/ann_00000161_img_000015_cat_tool.png
16,000015.png,data/cogar_sim_500_v2/rgb/000015.png,162,9,tool,0.0,264.0,184.0,173.0,7843.0,reflective_metal,1,0,0,1,0,data/cogar_sim_500_v2/instance_masks/v2/ann_00000162_img_000015_cat_tool.png
16,000015.png,data/cogar_sim_500_v2/rgb/000015.png,163,3,metal_part,426.0,123.0,155.0,141.0,14416.0,reflective_metal,1,0,0,1,0,data/cogar_sim_500_v2/instance_masks/v2/ann_00000163_img_000015_cat_metal_part.png
16,000015.png,data/cogar_sim_500_v2/rgb/000015.png,164,6,screw,187.0,158.0,8.0,8.0,33.0,reflective_metal,1,0,0,1,0,data/cogar_sim_500_v2/instance_masks/v2/ann_00000164_img_000015_cat_screw.png
16,000015.png,data/cogar_sim_500_v2/rgb/000015.png,165,3,metal_part,135.0,175.0,92.0,113.0,7532.0,reflective_metal,1,0,0,1,0,data/cogar_sim_500_v2/instance_masks/v2/ann_00000165_img_000015_cat_metal_part.png
17,000016.png,data/cogar_sim_500_v2/rgb/000016.png,166,1,table,0.0,6.0,640.0,474.0,223059.0,transparent_glass,0,1,1,0,0,data/cogar_sim_500_v2/instance_masks/v2/ann_00000166_img_000016_cat_table.png
17,000016.png,data/cogar_sim_500_v2/rgb/000016.png,167,8,cable,146.0,210.0,43.0,270.0,5525.0,transparent_glass,0,1,1,0,0,data/cogar_sim_500_v2/instance_masks/v2/ann_00000167_img_000016_cat_cable.png
17,000016.png,data/cogar_sim_500_v2/rgb/000016.png,168,8,cable,0.0,171.0,189.0,101.0,3812.0,transparent_glass,0,1,1,0,0,data/cogar_sim_500_v2/instance_masks/v2/ann_00000168_img_000016_cat_cable.png
17,000016.png,data/cogar_sim_500_v2/rgb/000016.png,169,4,glass_object,236.0,74.0,133.0,214.0,25824.0,transparent_glass,0,1,1,0,0,data/cogar_sim_500_v2/instance_masks/v2/ann_00000169_img_000016_cat_glass_object.png
17,000016.png,data/cogar_sim_500_v2/rgb/000016.png,170,2,robot_gripper,91.0,29.0,351.0,98.0,22529.0,transparent_glass,0,1,1,0,0,data/cogar_sim_500_v2/instance_masks/v2/ann_00000170_img_000016_cat_robot_gripper.png
17,000016.png,data/cogar_sim_500_v2/rgb/000016.png,171,2,robot_gripper,315.0,74.0,41.0,2.0,72.0,transparent_glass,0,1,1,0,0,data/cogar_sim_500_v2/instance_masks/v2/ann_00000171_img_000016_cat_robot_gripper.png
17,000016.png,data/cogar_sim_500_v2/rgb/000016.png,172,2,robot_gripper,187.0,70.0,56.0,169.0,7773.0,transparent_glass,0,1,1,0,0,data/cogar_sim_500_v2/instance_masks/v2/ann_00000172_img_000016_cat_robot_gripper.png
18,000017.png,data/cogar_sim_500_v2/rgb/000017.png,173,1,table,0.0,406.0,640.0,74.0,38181.0,partial_occlusion,1,0,1,1,0,data/cogar_sim_500_v2/instance_masks/v2/ann_00000173_img_000017_cat_table.png
18,000017.png,data/cogar_sim_500_v2/rgb/000017.png,174,1,table,0.0,0.0,640.0,435.0,269019.0,partial_occlusion,1,0,1,1,0,data/cogar_sim_500_v2/instance_masks/v2/ann_00000174_img_000017_cat_table.png
19,000018.png,data/cogar_sim_500_v2/rgb/000018.png,175,1,table,0.0,65.0,640.0,415.0,193930.0,small_parts,0,0,1,1,0,data/cogar_sim_500_v2/instance_masks/v2/ann_00000175_img_000018_cat_table.png
19,000018.png,data/cogar_sim_500_v2/rgb/000018.png,176,1,table,0.0,0.0,567.0,254.0,86689.0,small_parts,0,0,1,1,0,data/cogar_sim_500_v2/instance_masks/v2/ann_00000176_img_000018_cat_table.png
19,000018.png,data/cogar_sim_500_v2/rgb/000018.png,177,7,connector,368.0,253.0,60.0,41.0,788.0,small_parts,0,0,1,1,0,data/cogar_sim_500_v2/instance_masks/v2/ann_00000177_img_000018_cat_connector.png
19,000018.png,data/cogar_sim_500_v2/rgb/000018.png,178,7,connector,333.0,262.0,82.0,40.0,2470.0,small_parts,0,0,1,1,0,data/cogar_sim_500_v2/instance_masks/v2/ann_00000178_img_000018_cat_connector.png
19,000018.png,data/cogar_sim_500_v2/rgb/000018.png,179,7,connector,180.0,310.0,47.0,43.0,1320.0,small_parts,0,0,1,1,0,data/cogar_sim_500_v2/instance_masks/v2/ann_00000179_img_000018_cat_connector.png
19,000018.png,data/cogar_sim_500_v2/rgb/000018.png,180,8,cable,347.0,198.0,151.0,94.0,2342.0,small_parts,0,0,1,1,0,data/cogar_sim_500_v2/instance_masks/v2/ann_00000180_img_000018_cat_cable.png
19,000018.png,data/cogar_sim_500_v2/rgb/000018.png,181,7,connector,374.0,188.0,22.0,45.0,561.0,small_parts,0,0,1,1,0,data/cogar_sim_500_v2/instance_masks/v2/ann_00000181_img_000018_cat_connector.png
19,000018.png,data/cogar_sim_500_v2/rgb/000018.png,182,7,connector,130.0,232.0,55.0,45.0,1692.0,small_parts,0,0,1,1,0,data/cogar_sim_500_v2/instance_masks/v2/ann_00000182_img_000018_cat_connector.png
19,000018.png,data/cogar_sim_500_v2/rgb/000018.png,183,6,screw,241.0,261.0,22.0,18.0,282.0,small_parts,0,0,1,1,0,data/cogar_sim_500_v2/instance_masks/v2/ann_00000183_img_000018_cat_screw.png
19,000018.png,data/cogar_sim_500_v2/rgb/000018.png,184,2,robot_gripper,283.0,91.0,137.0,116.0,8780.0,small_parts,0,0,1,1,0,data/cogar_sim_500_v2/instance_masks/v2/ann_00000184_img_000018_cat_robot_gripper.png
19,000018.png,data/cogar_sim_500_v2/rgb/000018.png,185,2,robot_gripper,295.0,134.0,40.0,102.0,1200.0,small_parts,0,0,1,1,0,data/cogar_sim_500_v2/instance_masks/v2/ann_00000185_img_000018_cat_robot_gripper.png
19,000018.png,data/cogar_sim_500_v2/rgb/000018.png,186,2,robot_gripper,351.0,158.0,39.0,49.0,1139.0,small_parts,0,0,1,1,0,data/cogar_sim_500_v2/instance_masks/v2/ann_00000186_img_000018_cat_robot_gripper.png
20,000019.png,data/cogar_sim_500_v2/rgb/000019.png,187,1,table,443.0,476.0,197.0,4.0,448.0,dynamic_scene,0,0,0,0,1,data/cogar_sim_500_v2/instance_masks/v2/ann_00000187_img_000019_cat_table.png
20,000019.png,data/cogar_sim_500_v2/rgb/000019.png,188,1,table,0.0,0.0,640.0,480.0,306752.0,dynamic_scene,0,0,0,0,1,data/cogar_sim_500_v2/instance_masks/v2/ann_00000188_img_000019_cat_table.png
21,000020.png,data/cogar_sim_500_v2/rgb/000020.png,189,1,table,0.0,0.0,640.0,480.0,245588.0,reflective_metal,1,0,1,1,0,data/cogar_sim_500_v2/instance_masks/v2/ann_00000189_img_000020_cat_table.png
21,000020.png,data/cogar_sim_500_v2/rgb/000020.png,190,1,table,393.0,256.0,247.0,224.0,27708.0,reflective_metal,1,0,1,1,0,data/cogar_sim_500_v2/instance_masks/v2/ann_00000190_img_000020_cat_table.png
21,000020.png,data/cogar_sim_500_v2/rgb/000020.png,191,3,metal_part,205.0,41.0,109.0,79.0,3398.0,reflective_metal,1,0,1,1,0,data/cogar_sim_500_v2/instance_masks/v2/ann_00000191_img_000020_cat_metal_part.png
21,000020.png,data/cogar_sim_500_v2/rgb/000020.png,192,3,metal_part,80.0,180.0,97.0,41.0,2861.0,reflective_metal,1,0,1,1,0,data/cogar_sim_500_v2/instance_masks/v2/ann_00000192_img_000020_cat_metal_part.png
21,000020.png,data/cogar_sim_500_v2/rgb/000020.png,193,9,tool,354.0,301.0,47.0,159.0,4660.0,reflective_metal,1,0,1,1,0,data/cogar_sim_500_v2/instance_masks/v2/ann_00000193_img_000020_cat_tool.png
21,000020.png,data/cogar_sim_500_v2/rgb/000020.png,194,9,tool,456.0,20.0,75.0,208.0,6643.0,reflective_metal,1,0,1,1,0,data/cogar_sim_500_v2/instance_masks/v2/ann_00000194_img_000020_cat_tool.png
21,000020.png,data/cogar_sim_500_v2/rgb/000020.png,195,2,robot_gripper,140.0,241.0,311.0,124.0,15135.0,reflective_metal,1,0,1,1,0,data/cogar_sim_500_v2/instance_masks/v2/ann_00000195_img_000020_cat_robot_gripper.png
21,000020.png,data/cogar_sim_500_v2/rgb/000020.png,196,2,robot_gripper,258.0,329.0,40.0,43.0,1207.0,reflective_metal,1,0,1,1,0,data/cogar_sim_500_v2/instance_masks/v2/ann_00000196_img_000020_cat_robot_gripper.png
22,000021.png,data/cogar_sim_500_v2/rgb/000021.png,197,1,table,0.0,215.0,192.0,265.0,25622.0,transparent_glass,1,1,1,0,0,data/cogar_sim_500_v2/instance_masks/v2/ann_00000197_img_000021_cat_table.png
22,000021.png,data/cogar_sim_500_v2/rgb/000021.png,198,1,table,0.0,0.0,640.0,480.0,281578.0,transparent_glass,1,1,1,0,0,data/cogar_sim_500_v2/instance_masks/v2/ann_00000198_img_000021_cat_table.png
23,000022.png,data/cogar_sim_500_v2/rgb/000022.png,199,1,table,0.0,0.0,640.0,480.0,226581.0,partial_occlusion,0,0,1,1,0,data/cogar_sim_500_v2/instance_masks/v2/ann_00000199_img_000022_cat_table.png
23,000022.png,data/cogar_sim_500_v2/rgb/000022.png,200,1,table,0.0,0.0,140.0,423.0,29779.0,partial_occlusion,0,0,1,1,0,data/cogar_sim_500_v2/instance_masks/v2/ann_00000200_img_000022_cat_table.png
23,000022.png,data/cogar_sim_500_v2/rgb/000022.png,201,10,box,345.0,137.0,123.0,138.0,12478.0,partial_occlusion,0,0,1,1,0,data/cogar_sim_500_v2/instance_masks/v2/ann_00000201_img_000022_cat_box.png
23,000022.png,data/cogar_sim_500_v2/rgb/000022.png,202,10,box,351.0,134.0,123.0,108.0,1475.0,partial_occlusion,0,0,1,1,0,data/cogar_sim_500_v2/instance_masks/v2/ann_00000202_img_000022_cat_box.png
23,000022.png,data/cogar_sim_500_v2/rgb/000022.png,203,8,cable,59.0,383.0,378.0,39.0,8275.0,partial_occlusion,0,0,1,1,0,data/cogar_sim_500_v2/instance_masks/v2/ann_00000203_img_000022_cat_cable.png
23,000022.png,data/cogar_sim_500_v2/rgb/000022.png,204,6,screw,387.0,479.0,2.0,1.0,2.0,partial_occlusion,0,0,1,1,0,data/cogar_sim_500_v2/instance_masks/v2/ann_00000204_img_000022_cat_screw.png
23,000022.png,data/cogar_sim_500_v2/rgb/000022.png,205,8,cable,334.0,196.0,275.0,11.0,1563.0,partial_occlusion,0,0,1,1,0,data/cogar_sim_500_v2/instance_masks/v2/ann_00000205_img_000022_cat_cable.png
23,000022.png,data/cogar_sim_500_v2/rgb/000022.png,206,8,cable,179.0,180.0,172.0,69.0,937.0,partial_occlusion,0,0,1,1,0,data/cogar_sim_500_v2/instance_masks/v2/ann_00000206_img_000022_cat_cable.png
23,000022.png,data/cogar_sim_500_v2/rgb/000022.png,207,2,robot_gripper,212.0,50.0,162.0,283.0,23074.0,partial_occlusion,0,0,1,1,0,data/cogar_sim_500_v2/instance_masks/v2/ann_00000207_img_000022_cat_robot_gripper.png
23,000022.png,data/cogar_sim_500_v2/rgb/000022.png,208,2,robot_gripper,291.0,274.0,18.0,47.0,339.0,partial_occlusion,0,0,1,1,0,data/cogar_sim_500_v2/instance_masks/v2/ann_00000208_img_000022_cat_robot_gripper.png
23,000022.png,data/cogar_sim_500_v2/rgb/000022.png,209,2,robot_gripper,251.0,84.0,55.0,92.0,2697.0,partial_occlusion,0,0,1,1,0,data/cogar_sim_500_v2/instance_masks/v2/ann_00000209_img_000022_cat_robot_gripper.png
24,000023.png,data/cogar_sim_500_v2/rgb/000023.png,210,1,table,0.0,0.0,640.0,480.0,259983.0,small_parts,1,0,1,1,0,data/cogar_sim_500_v2/instance_masks/v2/ann_00000210_img_000023_cat_table.png
24,000023.png,data/cogar_sim_500_v2/rgb/000023.png,211,6,screw,154.0,318.0,22.0,16.0,293.0,small_parts,1,0,1,1,0,data/cogar_sim_500_v2/instance_masks/v2/ann_00000211_img_000023_cat_screw.png
24,000023.png,data/cogar_sim_500_v2/rgb/000023.png,212,7,connector,303.0,347.0,105.0,63.0,3970.0,small_parts,1,0,1,1,0,data/cogar_sim_500_v2/instance_masks/v2/ann_00000212_img_000023_cat_connector.png
24,000023.png,data/cogar_sim_500_v2/rgb/000023.png,213,8,cable,369.0,253.0,78.0,216.0,2498.0,small_parts,1,0,1,1,0,data/cogar_sim_500_v2/instance_masks/v2/ann_00000213_img_000023_cat_cable.png
24,000023.png,data/cogar_sim_500_v2/rgb/000023.png,214,7,connector,354.0,207.0,50.0,54.0,1813.0,small_parts,1,0,1,1,0,data/cogar_sim_500_v2/instance_masks/v2/ann_00000214_img_000023_cat_connector.png
24,000023.png,data/cogar_sim_500_v2/rgb/000023.png,215,6,screw,83.0,315.0,25.0,25.0,333.0,small_parts,1,0,1,1,0,data/cogar_sim_500_v2/instance_masks/v2/ann_00000215_img_000023_cat_screw.png
24,000023.png,data/cogar_sim_500_v2/rgb/000023.png,216,7,connector,208.0,170.0,54.0,38.0,1599.0,small_parts,1,0,1,1,0,data/cogar_sim_500_v2/instance_masks/v2/ann_00000216_img_000023_cat_connector.png
24,000023.png,data/cogar_sim_500_v2/rgb/000023.png,217,3,metal_part,348.0,102.0,73.0,72.0,1580.0,small_parts,1,0,1,1,0,data/cogar_sim_500_v2/instance_masks/v2/ann_00000217_img_000023_cat_metal_part.png
24,000023.png,data/cogar_sim_500_v2/rgb/000023.png,218,6,screw,369.0,264.0,22.0,13.0,78.0,small_parts,1,0,1,1,0,data/cogar_sim_500_v2/instance_masks/v2/ann_00000218_img_000023_cat_screw.png
24,000023.png,data/cogar_sim_500_v2/rgb/000023.png,219,7,connector,208.0,247.0,72.0,55.0,2353.0,small_parts,1,0,1,1,0,data/cogar_sim_500_v2/instance_masks/v2/ann_00000219_img_000023_cat_connector.png
24,000023.png,data/cogar_sim_500_v2/rgb/000023.png,220,6,screw,105.0,280.0,21.0,19.0,313.0,small_parts,1,0,1,1,0,data/cogar_sim_500_v2/instance_masks/v2/ann_00000220_img_000023_cat_screw.png
24,000023.png,data/cogar_sim_500_v2/rgb/000023.png,221,2,robot_gripper,275.0,32.0,172.0,131.0,11431.0,small_parts,1,0,1,1,0,data/cogar_sim_500_v2/instance_masks/v2/ann_00000221_img_000023_cat_robot_gripper.png
24,000023.png,data/cogar_sim_500_v2/rgb/000023.png,222,2,robot_gripper,302.0,54.0,48.0,179.0,4591.0,small_parts,1,0,1,1,0,data/cogar_sim_500_v2/instance_masks/v2/ann_00000222_img_000023_cat_robot_gripper.png
24,000023.png,data/cogar_sim_500_v2/rgb/000023.png,223,2,robot_gripper,345.0,43.0,41.0,133.0,1762.0,small_parts,1,0,1,1,0,data/cogar_sim_500_v2/instance_masks/v2/ann_00000223_img_000023_cat_robot_gripper.png
25,000024.png,data/cogar_sim_500_v2/rgb/000024.png,224,1,table,0.0,47.0,640.0,433.0,183768.0,dynamic_scene,1,0,0,1,1,data/cogar_sim_500_v2/instance_masks/v2/ann_00000224_img_000024_cat_table.png
25,000024.png,data/cogar_sim_500_v2/rgb/000024.png,225,1,table,298.0,0.0,342.0,380.0,72992.0,dynamic_scene,1,0,0,1,1,data/cogar_sim_500_v2/instance_masks/v2/ann_00000225_img_000024_cat_table.png
25,000024.png,data/cogar_sim_500_v2/rgb/000024.png,226,7,connector,126.0,203.0,43.0,34.0,1063.0,dynamic_scene,1,0,0,1,1,data/cogar_sim_500_v2/instance_masks/v2/ann_00000226_img_000024_cat_connector.png
25,000024.png,data/cogar_sim_500_v2/rgb/000024.png,227,5,plastic_object,279.0,343.0,86.0,89.0,6501.0,dynamic_scene,1,0,0,1,1,data/cogar_sim_500_v2/instance_masks/v2/ann_00000227_img_000024_cat_plastic_object.png
25,000024.png,data/cogar_sim_500_v2/rgb/000024.png,228,3,metal_part,278.0,161.0,47.0,54.0,1881.0,dynamic_scene,1,0,0,1,1,data/cogar_sim_500_v2/instance_masks/v2/ann_00000228_img_000024_cat_metal_part.png
25,000024.png,data/cogar_sim_500_v2/rgb/000024.png,229,5,plastic_object,384.0,234.0,56.0,74.0,3340.0,dynamic_scene,1,0,0,1,1,data/cogar_sim_500_v2/instance_masks/v2/ann_00000229_img_000024_cat_plastic_object.png
25,000024.png,data/cogar_sim_500_v2/rgb/000024.png,230,5,plastic_object,347.0,154.0,57.0,88.0,4450.0,dynamic_scene,1,0,0,1,1,data/cogar_sim_500_v2/instance_masks/v2/ann_00000230_img_000024_cat_plastic_object.png
25,000024.png,data/cogar_sim_500_v2/rgb/000024.png,231,7,connector,162.0,181.0,19.0,25.0,168.0,dynamic_scene,1,0,0,1,1,data/cogar_sim_500_v2/instance_masks/v2/ann_00000231_img_000024_cat_connector.png
25,000024.png,data/cogar_sim_500_v2/rgb/000024.png,232,5,plastic_object,468.0,343.0,71.0,102.0,5918.0,dynamic_scene,1,0,0,1,1,data/cogar_sim_500_v2/instance_masks/v2/ann_00000232_img_000024_cat_plastic_object.png
25,000024.png,data/cogar_sim_500_v2/rgb/000024.png,233,3,metal_part,166.0,162.0,95.0,96.0,5441.0,dynamic_scene,1,0,0,1,1,data/cogar_sim_500_v2/instance_masks/v2/ann_00000233_img_000024_cat_metal_part.png
25,000024.png,data/cogar_sim_500_v2/rgb/000024.png,234,5,plastic_object,257.0,149.0,69.0,64.0,2145.0,dynamic_scene,1,0,0,1,1,data/cogar_sim_500_v2/instance_masks/v2/ann_00000234_img_000024_cat_plastic_object.png
26,000025.png,data/cogar_sim_500_v2/rgb/000025.png,235,1,table,0.0,0.0,584.0,480.0,229780.0,reflective_metal,1,0,0,1,0,data/cogar_sim_500_v2/instance_masks/v2/ann_00000235_img_000025_cat_table.png
26,000025.png,data/cogar_sim_500_v2/rgb/000025.png,236,1,table,512.0,0.0,128.0,480.0,44222.0,reflective_metal,1,0,0,1,0,data/cogar_sim_500_v2/instance_masks/v2/ann_00000236_img_000025_cat_table.png
26,000025.png,data/cogar_sim_500_v2/rgb/000025.png,237,3,metal_part,181.0,35.0,79.0,69.0,4050.0,reflective_metal,1,0,0,1,0,data/cogar_sim_500_v2/instance_masks/v2/ann_00000237_img_000025_cat_metal_part.png
26,000025.png,data/cogar_sim_500_v2/rgb/000025.png,238,3,metal_part,183.0,439.0,80.0,41.0,2555.0,reflective_metal,1,0,0,1,0,data/cogar_sim_500_v2/instance_masks/v2/ann_00000238_img_000025_cat_metal_part.png
26,000025.png,data/cogar_sim_500_v2/rgb/000025.png,239,5,plastic_object,226.0,289.0,75.0,65.0,3795.0,reflective_metal,1,0,0,1,0,data/cogar_sim_500_v2/instance_masks/v2/ann_00000239_img_000025_cat_plastic_object.png
26,000025.png,data/cogar_sim_500_v2/rgb/000025.png,240,6,screw,252.0,210.0,9.0,24.0,38.0,reflective_metal,1,0,0,1,0,data/cogar_sim_500_v2/instance_masks/v2/ann_00000240_img_000025_cat_screw.png
26,000025.png,data/cogar_sim_500_v2/rgb/000025.png,241,6,screw,134.0,68.0,21.0,14.0,230.0,reflective_metal,1,0,0,1,0,data/cogar_sim_500_v2/instance_masks/v2/ann_00000241_img_000025_cat_screw.png
26,000025.png,data/cogar_sim_500_v2/rgb/000025.png,242,3,metal_part,310.0,99.0,121.0,89.0,8708.0,reflective_metal,1,0,0,1,0,data/cogar_sim_500_v2/instance_masks/v2/ann_00000242_img_000025_cat_metal_part.png
26,000025.png,data/cogar_sim_500_v2/rgb/000025.png,243,9,tool,227.0,117.0,112.0,314.0,7245.0,reflective_metal,1,0,0,1,0,data/cogar_sim_500_v2/instance_masks/v2/ann_00000243_img_000025_cat_tool.png
26,000025.png,data/cogar_sim_500_v2/rgb/000025.png,244,3,metal_part,309.0,394.0,80.0,78.0,2891.0,reflective_metal,1,0,0,1,0,data/cogar_sim_500_v2/instance_masks/v2/ann_00000244_img_000025_cat_metal_part.png
26,000025.png,data/cogar_sim_500_v2/rgb/000025.png,245,3,metal_part,206.0,171.0,48.0,39.0,1368.0,reflective_metal,1,0,0,1,0,data/cogar_sim_500_v2/instance_masks/v2/ann_00000245_img_000025_cat_metal_part.png
26,000025.png,data/cogar_sim_500_v2/rgb/000025.png,246,3,metal_part,332.0,0.0,66.0,42.0,2318.0,reflective_metal,1,0,0,1,0,data/cogar_sim_500_v2/instance_masks/v2/ann_00000246_img_000025_cat_metal_part.png
27,000026.png,data/cogar_sim_500_v2/rgb/000026.png,247,1,table,0.0,47.0,640.0,433.0,197994.0,transparent_glass,1,1,0,1,0,data/cogar_sim_500_v2/instance_masks/v2/ann_00000247_img_000026_cat_table.png
27,000026.png,data/cogar_sim_500_v2/rgb/000026.png,248,5,plastic_object,458.0,324.0,88.0,100.0,7368.0,transparent_glass,1,1,0,1,0,data/cogar_sim_500_v2/instance_masks/v2/ann_00000248_img_000026_cat_plastic_object.png
27,000026.png,data/cogar_sim_500_v2/rgb/000026.png,249,4,glass_object,504.0,131.0,136.0,195.0,23630.0,transparent_glass,1,1,0,1,0,data/cogar_sim_500_v2/instance_masks/v2/ann_00000249_img_000026_cat_glass_object.png
27,000026.png,data/cogar_sim_500_v2/rgb/000026.png,250,9,tool,346.0,197.0,133.0,123.0,6310.0,transparent_glass,1,1,0,1,0,data/cogar_sim_500_v2/instance_masks/v2/ann_00000250_img_000026_cat_tool.png
27,000026.png,data/cogar_sim_500_v2/rgb/000026.png,251,9,tool,283.0,244.0,55.0,46.0,1685.0,transparent_glass,1,1,0,1,0,data/cogar_sim_500_v2/instance_masks/v2/ann_00000251_img_000026_cat_tool.png
27,000026.png,data/cogar_sim_500_v2/rgb/000026.png,252,4,glass_object,185.0,144.0,120.0,150.0,14372.0,transparent_glass,1,1,0,1,0,data/cogar_sim_500_v2/instance_masks/v2/ann_00000252_img_000026_cat_glass_object.png
27,000026.png,data/cogar_sim_500_v2/rgb/000026.png,253,7,connector,427.0,324.0,41.0,46.0,1277.0,transparent_glass,1,1,0,1,0,data/cogar_sim_500_v2/instance_masks/v2/ann_00000253_img_000026_cat_connector.png
28,000027.png,data/cogar_sim_500_v2/rgb/000027.png,254,1,table,0.0,0.0,640.0,480.0,202242.0,partial_occlusion,1,1,1,0,0,data/cogar_sim_500_v2/instance_masks/v2/ann_00000254_img_000027_cat_table.png
28,000027.png,data/cogar_sim_500_v2/rgb/000027.png,255,1,table,0.0,373.0,153.0,107.0,8235.0,partial_occlusion,1,1,1,0,0,data/cogar_sim_500_v2/instance_masks/v2/ann_00000255_img_000027_cat_table.png
28,000027.png,data/cogar_sim_500_v2/rgb/000027.png,256,8,cable,333.0,0.0,43.0,145.0,1950.0,partial_occlusion,1,1,1,0,0,data/cogar_sim_500_v2/instance_masks/v2/ann_00000256_img_000027_cat_cable.png
28,000027.png,data/cogar_sim_500_v2/rgb/000027.png,257,10,box,311.0,126.0,180.0,185.0,20520.0,partial_occlusion,1,1,1,0,0,data/cogar_sim_500_v2/instance_masks/v2/ann_00000257_img_000027_cat_box.png
28,000027.png,data/cogar_sim_500_v2/rgb/000027.png,258,10,box,412.0,295.0,166.0,152.0,21838.0,partial_occlusion,1,1,1,0,0,data/cogar_sim_500_v2/instance_masks/v2/ann_00000258_img_000027_cat_box.png
28,000027.png,data/cogar_sim_500_v2/rgb/000027.png,259,8,cable,414.0,48.0,118.0,256.0,2536.0,partial_occlusion,1,1,1,0,0,data/cogar_sim_500_v2/instance_masks/v2/ann_00000259_img_000027_cat_cable.png
28,000027.png,data/cogar_sim_500_v2/rgb/000027.png,260,8,cable,126.0,0.0,45.0,179.0,2413.0,partial_occlusion,1,1,1,0,0,data/cogar_sim_500_v2/instance_masks/v2/ann_00000260_img_000027_cat_cable.png
28,000027.png,data/cogar_sim_500_v2/rgb/000027.png,261,4,glass_object,101.0,172.0,126.0,104.0,11174.0,partial_occlusion,1,1,1,0,0,data/cogar_sim_500_v2/instance_masks/v2/ann_00000261_img_000027_cat_glass_object.png
28,000027.png,data/cogar_sim_500_v2/rgb/000027.png,262,10,box,412.0,435.0,135.0,45.0,4872.0,partial_occlusion,1,1,1,0,0,data/cogar_sim_500_v2/instance_masks/v2/ann_00000262_img_000027_cat_box.png
28,000027.png,data/cogar_sim_500_v2/rgb/000027.png,263,5,plastic_object,16.0,235.0,103.0,56.0,4293.0,partial_occlusion,1,1,1,0,0,data/cogar_sim_500_v2/instance_masks/v2/ann_00000263_img_000027_cat_plastic_object.png
28,000027.png,data/cogar_sim_500_v2/rgb/000027.png,264,3,metal_part,550.0,205.0,49.0,80.0,2962.0,partial_occlusion,1,1,1,0,0,data/cogar_sim_500_v2/instance_masks/v2/ann_00000264_img_000027_cat_metal_part.png
28,000027.png,data/cogar_sim_500_v2/rgb/000027.png,265,2,robot_gripper,128.0,14.0,260.0,266.0,19941.0,partial_occlusion,1,1,1,0,0,data/cogar_sim_500_v2/instance_masks/v2/ann_00000265_img_000027_cat_robot_gripper.png
28,000027.png,data/cogar_sim_500_v2/rgb/000027.png,266,2,robot_gripper,260.0,203.0,41.0,46.0,640.0,partial_occlusion,1,1,1,0,0,data/cogar_sim_500_v2/instance_masks/v2/ann_00000266_img_000027_cat_robot_gripper.png
28,000027.png,data/cogar_sim_500_v2/rgb/000027.png,267,2,robot_gripper,152.0,97.0,82.0,94.0,3584.0,partial_occlusion,1,1,1,0,0,data/cogar_sim_500_v2/instance_masks/v2/ann_00000267_img_000027_cat_robot_gripper.png
29,000028.png,data/cogar_sim_500_v2/rgb/000028.png,268,1,table,0.0,0.0,640.0,480.0,247441.0,small_parts,1,0,1,1,0,data/cogar_sim_500_v2/instance_masks/v2/ann_00000268_img_000028_cat_table.png
29,000028.png,data/cogar_sim_500_v2/rgb/000028.png,269,3,metal_part,406.0,297.0,51.0,46.0,1425.0,small_parts,1,0,1,1,0,data/cogar_sim_500_v2/instance_masks/v2/ann_00000269_img_000028_cat_metal_part.png
29,000028.png,data/cogar_sim_500_v2/rgb/000028.png,270,7,connector,597.0,280.0,43.0,84.0,2842.0,small_parts,1,0,1,1,0,data/cogar_sim_500_v2/instance_masks/v2/ann_00000270_img_000028_cat_connector.png
29,000028.png,data/cogar_sim_500_v2/rgb/000028.png,271,7,connector,436.0,280.0,58.0,83.0,1719.0,small_parts,1,0,1,1,0,data/cogar_sim_500_v2/instance_masks/v2/ann_00000271_img_000028_cat_connector.png
29,000028.png,data/cogar_sim_500_v2/rgb/000028.png,272,10,box,261.0,209.0,179.0,210.0,13687.0,small_parts,1,0,1,1,0,data/cogar_sim_500_v2/instance_masks/v2/ann_00000272_img_000028_cat_box.png
29,000028.png,data/cogar_sim_500_v2/rgb/000028.png,273,8,cable,0.0,391.0,217.0,89.0,2856.0,small_parts,1,0,1,1,0,data/cogar_sim_500_v2/instance_masks/v2/ann_00000273_img_000028_cat_cable.png
29,000028.png,data/cogar_sim_500_v2/rgb/000028.png,274,6,screw,337.0,161.0,12.0,18.0,172.0,small_parts,1,0,1,1,0,data/cogar_sim_500_v2/instance_masks/v2/ann_00000274_img_000028_cat_screw.png
29,000028.png,data/cogar_sim_500_v2/rgb/000028.png,275,5,plastic_object,95.0,47.0,134.0,134.0,9349.0,small_parts,1,0,1,1,0,data/cogar_sim_500_v2/instance_masks/v2/ann_00000275_img_000028_cat_plastic_object.png
29,000028.png,data/cogar_sim_500_v2/rgb/000028.png,276,7,connector,508.0,108.0,103.0,49.0,3062.0,small_parts,1,0,1,1,0,data/cogar_sim_500_v2/instance_masks/v2/ann_00000276_img_000028_cat_connector.png
29,000028.png,data/cogar_sim_500_v2/rgb/000028.png,277,2,robot_gripper,86.0,241.0,352.0,186.0,22130.0,small_parts,1,0,1,1,0,data/cogar_sim_500_v2/instance_masks/v2/ann_00000277_img_000028_cat_robot_gripper.png
29,000028.png,data/cogar_sim_500_v2/rgb/000028.png,278,2,robot_gripper,175.0,335.0,65.0,61.0,2517.0,small_parts,1,0,1,1,0,data/cogar_sim_500_v2/instance_masks/v2/ann_00000278_img_000028_cat_robot_gripper.png
30,000029.png,data/cogar_sim_500_v2/rgb/000029.png,279,1,table,0.0,28.0,640.0,452.0,208894.0,dynamic_scene,0,0,1,1,1,data/cogar_sim_500_v2/instance_masks/v2/ann_00000279_img_000029_cat_table.png
30,000029.png,data/cogar_sim_500_v2/rgb/000029.png,280,1,table,164.0,0.0,476.0,286.0,72418.0,dynamic_scene,0,0,1,1,1,data/cogar_sim_500_v2/instance_masks/v2/ann_00000280_img_000029_cat_table.png
30,000029.png,data/cogar_sim_500_v2/rgb/000029.png,281,5,plastic_object,344.0,192.0,67.0,86.0,2584.0,dynamic_scene,0,0,1,1,1,data/cogar_sim_500_v2/instance_masks/v2/ann_00000281_img_000029_cat_plastic_object.png
30,000029.png,data/cogar_sim_500_v2/rgb/000029.png,282,7,connector,286.0,157.0,7.0,27.0,144.0,dynamic_scene,0,0,1,1,1,data/cogar_sim_500_v2/instance_masks/v2/ann_00000282_img_000029_cat_connector.png
30,000029.png,data/cogar_sim_500_v2/rgb/000029.png,283,7,connector,496.0,278.0,65.0,49.0,1915.0,dynamic_scene,0,0,1,1,1,data/cogar_sim_500_v2/instance_masks/v2/ann_00000283_img_000029_cat_connector.png
30,000029.png,data/cogar_sim_500_v2/rgb/000029.png,284,2,robot_gripper,282.0,71.0,90.0,164.0,9057.0,dynamic_scene,0,0,1,1,1,data/cogar_sim_500_v2/instance_masks/v2/ann_00000284_img_000029_cat_robot_gripper.png
30,000029.png,data/cogar_sim_500_v2/rgb/000029.png,285,2,robot_gripper,291.0,91.0,40.0,139.0,1523.0,dynamic_scene,0,0,1,1,1,data/cogar_sim_500_v2/instance_masks/v2/ann_00000285_img_000029_cat_robot_gripper.png
30,000029.png,data/cogar_sim_500_v2/rgb/000029.png,286,2,robot_gripper,344.0,139.0,45.0,112.0,2427.0,dynamic_scene,0,0,1,1,1,data/cogar_sim_500_v2/instance_masks/v2/ann_00000286_img_000029_cat_robot_gripper.png
31,000030.png,data/cogar_sim_500_v2/rgb/000030.png,287,1,table,0.0,108.0,640.0,372.0,197008.0,reflective_metal,1,0,1,0,0,data/cogar_sim_500_v2/instance_masks/v2/ann_00000287_img_000030_cat_table.png
31,000030.png,data/cogar_sim_500_v2/rgb/000030.png,288,5,plastic_object,454.0,228.0,74.0,60.0,4043.0,reflective_metal,1,0,1,0,0,data/cogar_sim_500_v2/instance_masks/v2/ann_00000288_img_000030_cat_plastic_object.png
31,000030.png,data/cogar_sim_500_v2/rgb/000030.png,289,9,tool,273.0,223.0,56.0,54.0,1505.0,reflective_metal,1,0,1,0,0,data/cogar_sim_500_v2/instance_masks/v2/ann_00000289_img_000030_cat_tool.png
31,000030.png,data/cogar_sim_500_v2/rgb/000030.png,290,3,metal_part,269.0,204.0,29.0,46.0,964.0,reflective_metal,1,0,1,0,0,data/cogar_sim_500_v2/instance_masks/v2/ann_00000290_img_000030_cat_metal_part.png
31,000030.png,data/cogar_sim_500_v2/rgb/000030.png,291,10,box,169.0,158.0,75.0,103.0,7010.0,reflective_metal,1,0,1,0,0,data/cogar_sim_500_v2/instance_masks/v2/ann_00000291_img_000030_cat_box.png
31,000030.png,data/cogar_sim_500_v2/rgb/000030.png,292,2,robot_gripper,172.0,94.0,254.0,61.0,14538.0,reflective_metal,1,0,1,0,0,data/cogar_sim_500_v2/instance_masks/v2/ann_00000292_img_000030_cat_robot_gripper.png
31,000030.png,data/cogar_sim_500_v2/rgb/000030.png,293,2,robot_gripper,237.0,81.0,34.0,168.0,3454.0,reflective_metal,1,0,1,0,0,data/cogar_sim_500_v2/instance_masks/v2/ann_00000293_img_000030_cat_robot_gripper.png
31,000030.png,data/cogar_sim_500_v2/rgb/000030.png,294,2,robot_gripper,317.0,88.0,27.0,137.0,2012.0,reflective_metal,1,0,1,0,0,data/cogar_sim_500_v2/instance_masks/v2/ann_00000294_img_000030_cat_robot_gripper.png
32,000031.png,data/cogar_sim_500_v2/rgb/000031.png,295,1,table,530.0,424.0,110.0,56.0,3116.0,transparent_glass,1,1,1,0,0,data/cogar_sim_500_v2/instance_masks/v2/ann_00000295_img_000031_cat_table.png
32,000031.png,data/cogar_sim_500_v2/rgb/000031.png,296,1,table,0.0,0.0,640.0,480.0,304084.0,transparent_glass,1,1,1,0,0,data/cogar_sim_500_v2/instance_masks/v2/ann_00000296_img_000031_cat_table.png
33,000032.png,data/cogar_sim_500_v2/rgb/000032.png,297,1,table,0.0,10.0,640.0,470.0,226841.0,partial_occlusion,1,0,1,1,0,data/cogar_sim_500_v2/instance_masks/v2/ann_00000297_img_000032_cat_table.png
33,000032.png,data/cogar_sim_500_v2/rgb/000032.png,298,5,plastic_object,380.0,322.0,64.0,56.0,2752.0,partial_occlusion,1,0,1,1,0,data/cogar_sim_500_v2/instance_masks/v2/ann_00000298_img_000032_cat_plastic_object.png
33,000032.png,data/cogar_sim_500_v2/rgb/000032.png,299,9,tool,147.0,182.0,94.0,27.0,2301.0,partial_occlusion,1,0,1,1,0,data/cogar_sim_500_v2/instance_masks/v2/ann_00000299_img_000032_cat_tool.png
33,000032.png,data/cogar_sim_500_v2/rgb/000032.png,300,8,cable,424.0,233.0,119.0,77.0,1155.0,partial_occlusion,1,0,1,1,0,data/cogar_sim_500_v2/instance_masks/v2/ann_00000300_img_000032_cat_cable.png
33,000032.png,data/cogar_sim_500_v2/rgb/000032.png,301,7,connector,95.0,220.0,42.0,32.0,1149.0,partial_occlusion,1,0,1,1,0,data/cogar_sim_500_v2/instance_masks/v2/ann_00000301_img_000032_cat_connector.png
33,000032.png,data/cogar_sim_500_v2/rgb/000032.png,302,10,box,240.0,160.0,131.0,103.0,9134.0,partial_occlusion,1,0,1,1,0,data/cogar_sim_500_v2/instance_masks/v2/ann_00000302_img_000032_cat_box.png
33,000032.png,data/cogar_sim_500_v2/rgb/000032.png,303,7,connector,376.0,215.0,37.0,34.0,889.0,partial_occlusion,1,0,1,1,0,data/cogar_sim_500_v2/instance_masks/v2/ann_00000303_img_000032_cat_connector.png
33,000032.png,data/cogar_sim_500_v2/rgb/000032.png,304,7,connector,294.0,267.0,55.0,50.0,1251.0,partial_occlusion,1,0,1,1,0,data/cogar_sim_500_v2/instance_masks/v2/ann_00000304_img_000032_cat_connector.png
33,000032.png,data/cogar_sim_500_v2/rgb/000032.png,305,6,screw,191.0,205.0,13.0,19.0,146.0,partial_occlusion,1,0,1,1,0,data/cogar_sim_500_v2/instance_masks/v2/ann_00000305_img_000032_cat_screw.png
33,000032.png,data/cogar_sim_500_v2/rgb/000032.png,306,9,tool,361.0,217.0,172.0,83.0,4407.0,partial_occlusion,1,0,1,1,0,data/cogar_sim_500_v2/instance_masks/v2/ann_00000306_img_000032_cat_tool.png
33,000032.png,data/cogar_sim_500_v2/rgb/000032.png,307,2,robot_gripper,182.0,102.0,175.0,61.0,8626.0,partial_occlusion,1,0,1,1,0,data/cogar_sim_500_v2/instance_masks/v2/ann_00000307_img_000032_cat_robot_gripper.png
33,000032.png,data/cogar_sim_500_v2/rgb/000032.png,308,2,robot_gripper,241.0,85.0,29.0,95.0,909.0,partial_occlusion,1,0,1,1,0,data/cogar_sim_500_v2/instance_masks/v2/ann_00000308_img_000032_cat_robot_gripper.png
33,000032.png,data/cogar_sim_500_v2/rgb/000032.png,309,2,robot_gripper,294.0,99.0,26.0,95.0,1387.0,partial_occlusion,1,0,1,1,0,data/cogar_sim_500_v2/instance_masks/v2/ann_00000309_img_000032_cat_robot_gripper.png
34,000033.png,data/cogar_sim_500_v2/rgb/000033.png,310,1,table,0.0,0.0,640.0,480.0,256127.0,small_parts,0,0,1,1,0,data/cogar_sim_500_v2/instance_masks/v2/ann_00000310_img_000033_cat_table.png
34,000033.png,data/cogar_sim_500_v2/rgb/000033.png,311,6,screw,516.0,263.0,18.0,18.0,238.0,small_parts,0,0,1,1,0,data/cogar_sim_500_v2/instance_masks/v2/ann_00000311_img_000033_cat_screw.png
34,000033.png,data/cogar_sim_500_v2/rgb/000033.png,312,7,connector,356.0,207.0,83.0,56.0,3173.0,small_parts,0,0,1,1,0,data/cogar_sim_500_v2/instance_masks/v2/ann_00000312_img_000033_cat_connector.png
34,000033.png,data/cogar_sim_500_v2/rgb/000033.png,313,8,cable,316.0,80.0,41.0,190.0,2140.0,small_parts,0,0,1,1,0,data/cogar_sim_500_v2/instance_masks/v2/ann_00000313_img_000033_cat_cable.png
34,000033.png,data/cogar_sim_500_v2/rgb/000033.png,314,8,cable,342.0,162.0,71.0,249.0,3841.0,small_parts,0,0,1,1,0,data/cogar_sim_500_v2/instance_masks/v2/ann_00000314_img_000033_cat_cable.png
34,000033.png,data/cogar_sim_500_v2/rgb/000033.png,315,5,plastic_object,546.0,210.0,72.0,59.0,3346.0,small_parts,0,0,1,1,0,data/cogar_sim_500_v2/instance_masks/v2/ann_00000315_img_000033_cat_plastic_object.png
34,000033.png,data/cogar_sim_500_v2/rgb/000033.png,316,6,screw,388.0,140.0,22.0,23.0,362.0,small_parts,0,0,1,1,0,data/cogar_sim_500_v2/instance_masks/v2/ann_00000316_img_000033_cat_screw.png
34,000033.png,data/cogar_sim_500_v2/rgb/000033.png,317,6,screw,66.0,222.0,25.0,23.0,385.0,small_parts,0,0,1,1,0,data/cogar_sim_500_v2/instance_masks/v2/ann_00000317_img_000033_cat_screw.png
34,000033.png,data/cogar_sim_500_v2/rgb/000033.png,318,6,screw,302.0,262.0,26.0,22.0,416.0,small_parts,0,0,1,1,0,data/cogar_sim_500_v2/instance_masks/v2/ann_00000318_img_000033_cat_screw.png
34,000033.png,data/cogar_sim_500_v2/rgb/000033.png,319,2,robot_gripper,111.0,47.0,216.0,198.0,15427.0,small_parts,0,0,1,1,0,data/cogar_sim_500_v2/instance_masks/v2/ann_00000319_img_000033_cat_robot_gripper.png
34,000033.png,data/cogar_sim_500_v2/rgb/000033.png,320,2,robot_gripper,258.0,80.0,57.0,183.0,8560.0,small_parts,0,0,1,1,0,data/cogar_sim_500_v2/instance_masks/v2/ann_00000320_img_000033_cat_robot_gripper.png
34,000033.png,data/cogar_sim_500_v2/rgb/000033.png,321,2,robot_gripper,161.0,109.0,74.0,195.0,6252.0,small_parts,0,0,1,1,0,data/cogar_sim_500_v2/instance_masks/v2/ann_00000321_img_000033_cat_robot_gripper.png
35,000034.png,data/cogar_sim_500_v2/rgb/000034.png,322,1,table,0.0,0.0,640.0,480.0,274166.0,dynamic_scene,1,1,1,1,1,data/cogar_sim_500_v2/instance_masks/v2/ann_00000322_img_000034_cat_table.png
35,000034.png,data/cogar_sim_500_v2/rgb/000034.png,323,9,tool,65.0,274.0,157.0,85.0,2915.0,dynamic_scene,1,1,1,1,1,data/cogar_sim_500_v2/instance_masks/v2/ann_00000323_img_000034_cat_tool.png
35,000034.png,data/cogar_sim_500_v2/rgb/000034.png,324,8,cable,107.0,191.0,107.0,289.0,2294.0,dynamic_scene,1,1,1,1,1,data/cogar_sim_500_v2/instance_masks/v2/ann_00000324_img_000034_cat_cable.png
35,000034.png,data/cogar_sim_500_v2/rgb/000034.png,325,7,connector,299.0,288.0,85.0,65.0,2292.0,dynamic_scene,1,1,1,1,1,data/cogar_sim_500_v2/instance_masks/v2/ann_00000325_img_000034_cat_connector.png
35,000034.png,data/cogar_sim_500_v2/rgb/000034.png,326,5,plastic_object,276.0,165.0,85.0,49.0,3336.0,dynamic_scene,1,1,1,1,1,data/cogar_sim_500_v2/instance_masks/v2/ann_00000326_img_000034_cat_plastic_object.png
35,000034.png,data/cogar_sim_500_v2/rgb/000034.png,327,8,cable,238.0,198.0,149.0,251.0,1906.0,dynamic_scene,1,1,1,1,1,data/cogar_sim_500_v2/instance_masks/v2/ann_00000327_img_000034_cat_cable.png
35,000034.png,data/cogar_sim_500_v2/rgb/000034.png,328,4,glass_object,106.0,157.0,82.0,93.0,3531.0,dynamic_scene,1,1,1,1,1,data/cogar_sim_500_v2/instance_masks/v2/ann_00000328_img_000034_cat_glass_object.png
35,000034.png,data/cogar_sim_500_v2/rgb/000034.png,329,3,metal_part,319.0,266.0,27.0,5.0,25.0,dynamic_scene,1,1,1,1,1,data/cogar_sim_500_v2/instance_masks/v2/ann_00000329_img_000034_cat_metal_part.png
35,000034.png,data/cogar_sim_500_v2/rgb/000034.png,330,2,robot_gripper,122.0,205.0,296.0,64.0,14162.0,dynamic_scene,1,1,1,1,1,data/cogar_sim_500_v2/instance_masks/v2/ann_00000330_img_000034_cat_robot_gripper.png
35,000034.png,data/cogar_sim_500_v2/rgb/000034.png,331,2,robot_gripper,306.0,226.0,33.0,45.0,1365.0,dynamic_scene,1,1,1,1,1,data/cogar_sim_500_v2/instance_masks/v2/ann_00000331_img_000034_cat_robot_gripper.png
35,000034.png,data/cogar_sim_500_v2/rgb/000034.png,332,2,robot_gripper,212.0,260.0,43.0,30.0,1208.0,dynamic_scene,1,1,1,1,1,data/cogar_sim_500_v2/instance_masks/v2/ann_00000332_img_000034_cat_robot_gripper.png
36,000035.png,data/cogar_sim_500_v2/rgb/000035.png,333,1,table,88.0,0.0,552.0,480.0,207119.0,reflective_metal,1,0,1,1,0,data/cogar_sim_500_v2/instance_masks/v2/ann_00000333_img_000035_cat_table.png
36,000035.png,data/cogar_sim_500_v2/rgb/000035.png,334,1,table,0.0,0.0,128.0,480.0,51618.0,reflective_metal,1,0,1,1,0,data/cogar_sim_500_v2/instance_masks/v2/ann_00000334_img_000035_cat_table.png
36,000035.png,data/cogar_sim_500_v2/rgb/000035.png,335,10,box,248.0,75.0,143.0,143.0,7045.0,reflective_metal,1,0,1,1,0,data/cogar_sim_500_v2/instance_masks/v2/ann_00000335_img_000035_cat_box.png
36,000035.png,data/cogar_sim_500_v2/rgb/000035.png,336,6,screw,412.0,108.0,13.0,16.0,183.0,reflective_metal,1,0,1,1,0,data/cogar_sim_500_v2/instance_masks/v2/ann_00000336_img_000035_cat_screw.png
36,000035.png,data/cogar_sim_500_v2/rgb/000035.png,337,3,metal_part,162.0,122.0,85.0,95.0,4530.0,reflective_metal,1,0,1,1,0,data/cogar_sim_500_v2/instance_masks/v2/ann_00000337_img_000035_cat_metal_part.png
36,000035.png,data/cogar_sim_500_v2/rgb/000035.png,338,9,tool,90.0,328.0,237.0,89.0,4611.0,reflective_metal,1,0,1,1,0,data/cogar_sim_500_v2/instance_masks/v2/ann_00000338_img_000035_cat_tool.png
36,000035.png,data/cogar_sim_500_v2/rgb/000035.png,339,9,tool,84.0,221.0,213.0,239.0,12236.0,reflective_metal,1,0,1,1,0,data/cogar_sim_500_v2/instance_masks/v2/ann_00000339_img_000035_cat_tool.png
36,000035.png,data/cogar_sim_500_v2/rgb/000035.png,340,5,plastic_object,153.0,166.0,69.0,46.0,2294.0,reflective_metal,1,0,1,1,0,data/cogar_sim_500_v2/instance_masks/v2/ann_00000340_img_000035_cat_plastic_object.png
36,000035.png,data/cogar_sim_500_v2/rgb/000035.png,341,2,robot_gripper,305.0,76.0,146.0,167.0,9328.0,reflective_metal,1,0,1,1,0,data/cogar_sim_500_v2/instance_masks/v2/ann_00000341_img_000035_cat_robot_gripper.png
36,000035.png,data/cogar_sim_500_v2/rgb/000035.png,342,2,robot_gripper,334.0,142.0,50.0,148.0,5959.0,reflective_metal,1,0,1,1,0,data/cogar_sim_500_v2/instance_masks/v2/ann_00000342_img_000035_cat_robot_gripper.png
36,000035.png,data/cogar_sim_500_v2/rgb/000035.png,343,2,robot_gripper,324.0,88.0,45.0,147.0,1820.0,reflective_metal,1,0,1,1,0,data/cogar_sim_500_v2/instance_masks/v2/ann_00000343_img_000035_cat_robot_gripper.png
37,000036.png,data/cogar_sim_500_v2/rgb/000036.png,344,1,table,0.0,388.0,640.0,92.0,55829.0,transparent_glass,1,1,1,1,0,data/cogar_sim_500_v2/instance_masks/v2/ann_00000344_img_000036_cat_table.png
37,000036.png,data/cogar_sim_500_v2/rgb/000036.png,345,1,table,0.0,0.0,640.0,397.0,251371.0,transparent_glass,1,1,1,1,0,data/cogar_sim_500_v2/instance_masks/v2/ann_00000345_img_000036_cat_table.png
38,000037.png,data/cogar_sim_500_v2/rgb/000037.png,346,1,table,0.0,371.0,640.0,109.0,35571.0,partial_occlusion,1,1,1,1,0,data/cogar_sim_500_v2/instance_masks/v2/ann_00000346_img_000037_cat_table.png
38,000037.png,data/cogar_sim_500_v2/rgb/000037.png,347,1,table,0.0,0.0,640.0,477.0,271629.0,partial_occlusion,1,1,1,1,0,data/cogar_sim_500_v2/instance_masks/v2/ann_00000347_img_000037_cat_table.png
39,000038.png,data/cogar_sim_500_v2/rgb/000038.png,348,1,table,488.0,309.0,152.0,171.0,13107.0,small_parts,1,0,1,1,0,data/cogar_sim_500_v2/instance_masks/v2/ann_00000348_img_000038_cat_table.png
39,000038.png,data/cogar_sim_500_v2/rgb/000038.png,349,1,table,0.0,0.0,640.0,480.0,294093.0,small_parts,1,0,1,1,0,data/cogar_sim_500_v2/instance_masks/v2/ann_00000349_img_000038_cat_table.png
40,000039.png,data/cogar_sim_500_v2/rgb/000039.png,350,1,table,0.0,137.0,640.0,343.0,170304.0,dynamic_scene,1,0,1,1,1,data/cogar_sim_500_v2/instance_masks/v2/ann_00000350_img_000039_cat_table.png
40,000039.png,data/cogar_sim_500_v2/rgb/000039.png,351,8,cable,407.0,239.0,174.0,59.0,2113.0,dynamic_scene,1,0,1,1,1,data/cogar_sim_500_v2/instance_masks/v2/ann_00000351_img_000039_cat_cable.png
40,000039.png,data/cogar_sim_500_v2/rgb/000039.png,352,3,metal_part,208.0,203.0,19.0,54.0,536.0,dynamic_scene,1,0,1,1,1,data/cogar_sim_500_v2/instance_masks/v2/ann_00000352_img_000039_cat_metal_part.png
40,000039.png,data/cogar_sim_500_v2/rgb/000039.png,353,10,box,221.0,170.0,136.0,147.0,15874.0,dynamic_scene,1,0,1,1,1,data/cogar_sim_500_v2/instance_masks/v2/ann_00000353_img_000039_cat_box.png
40,000039.png,data/cogar_sim_500_v2/rgb/000039.png,354,7,connector,378.0,265.0,9.0,27.0,177.0,dynamic_scene,1,0,1,1,1,data/cogar_sim_500_v2/instance_masks/v2/ann_00000354_img_000039_cat_connector.png
40,000039.png,data/cogar_sim_500_v2/rgb/000039.png,355,5,plastic_object,379.0,206.0,36.0,57.0,1595.0,dynamic_scene,1,0,1,1,1,data/cogar_sim_500_v2/instance_masks/v2/ann_00000355_img_000039_cat_plastic_object.png
40,000039.png,data/cogar_sim_500_v2/rgb/000039.png,356,2,robot_gripper,263.0,140.0,292.0,72.0,14105.0,dynamic_scene,1,0,1,1,1,data/cogar_sim_500_v2/instance_masks/v2/ann_00000356_img_000039_cat_robot_gripper.png
40,000039.png,data/cogar_sim_500_v2/rgb/000039.png,357,2,robot_gripper,433.0,131.0,39.0,174.0,5242.0,dynamic_scene,1,0,1,1,1,data/cogar_sim_500_v2/instance_masks/v2/ann_00000357_img_000039_cat_robot_gripper.png
40,000039.png,data/cogar_sim_500_v2/rgb/000039.png,358,2,robot_gripper,350.0,138.0,32.0,172.0,4429.0,dynamic_scene,1,0,1,1,1,data/cogar_sim_500_v2/instance_masks/v2/ann_00000358_img_000039_cat_robot_gripper.png
41,000040.png,data/cogar_sim_500_v2/rgb/000040.png,359,1,table,0.0,28.0,640.0,452.0,203483.0,reflective_metal,1,0,0,1,0,data/cogar_sim_500_v2/instance_masks/v2/ann_00000359_img_000040_cat_table.png
41,000040.png,data/cogar_sim_500_v2/rgb/000040.png,360,7,connector,214.0,266.0,76.0,51.0,2465.0,reflective_metal,1,0,0,1,0,data/cogar_sim_500_v2/instance_masks/v2/ann_00000360_img_000040_cat_connector.png
41,000040.png,data/cogar_sim_500_v2/rgb/000040.png,361,10,box,196.0,108.0,124.0,114.0,9810.0,reflective_metal,1,0,0,1,0,data/cogar_sim_500_v2/instance_masks/v2/ann_00000361_img_000040_cat_box.png
41,000040.png,data/cogar_sim_500_v2/rgb/000040.png,362,3,metal_part,356.0,295.0,91.0,50.0,3920.0,reflective_metal,1,0,0,1,0,data/cogar_sim_500_v2/instance_masks/v2/ann_00000362_img_000040_cat_metal_part.png
41,000040.png,data/cogar_sim_500_v2/rgb/000040.png,363,3,metal_part,264.0,122.0,38.0,15.0,424.0,reflective_metal,1,0,0,1,0,data/cogar_sim_500_v2/instance_masks/v2/ann_00000363_img_000040_cat_metal_part.png
41,000040.png,data/cogar_sim_500_v2/rgb/000040.png,364,3,metal_part,0.0,216.0,89.0,64.0,4574.0,reflective_metal,1,0,0,1,0,data/cogar_sim_500_v2/instance_masks/v2/ann_00000364_img_000040_cat_metal_part.png
41,000040.png,data/cogar_sim_500_v2/rgb/000040.png,365,9,tool,272.0,321.0,122.0,142.0,6530.0,reflective_metal,1,0,0,1,0,data/cogar_sim_500_v2/instance_masks/v2/ann_00000365_img_000040_cat_tool.png
41,000040.png,data/cogar_sim_500_v2/rgb/000040.png,366,9,tool,187.0,189.0,130.0,90.0,5157.0,reflective_metal,1,0,0,1,0,data/cogar_sim_500_v2/instance_masks/v2/ann_00000366_img_000040_cat_tool.png
41,000040.png,data/cogar_sim_500_v2/rgb/000040.png,367,9,tool,0.0,294.0,151.0,186.0,8585.0,reflective_metal,1,0,0,1,0,data/cogar_sim_500_v2/instance_masks/v2/ann_00000367_img_000040_cat_tool.png
41,000040.png,data/cogar_sim_500_v2/rgb/000040.png,368,9,tool,0.0,260.0,125.0,165.0,7377.0,reflective_metal,1,0,0,1,0,data/cogar_sim_500_v2/instance_masks/v2/ann_00000368_img_000040_cat_tool.png
41,000040.png,data/cogar_sim_500_v2/rgb/000040.png,369,3,metal_part,377.0,126.0,122.0,113.0,8414.0,reflective_metal,1,0,0,1,0,data/cogar_sim_500_v2/instance_masks/v2/ann_00000369_img_000040_cat_metal_part.png
42,000041.png,data/cogar_sim_500_v2/rgb/000041.png,370,1,table,0.0,378.0,80.0,102.0,4160.0,transparent_glass,1,1,0,1,0,data/cogar_sim_500_v2/instance_masks/v2/ann_00000370_img_000041_cat_table.png
42,000041.png,data/cogar_sim_500_v2/rgb/000041.png,371,1,table,0.0,0.0,640.0,480.0,303040.0,transparent_glass,1,1,0,1,0,data/cogar_sim_500_v2/instance_masks/v2/ann_00000371_img_000041_cat_table.png
43,000042.png,data/cogar_sim_500_v2/rgb/000042.png,372,1,table,0.0,0.0,639.0,480.0,212066.0,partial_occlusion,1,0,1,1,0,data/cogar_sim_500_v2/instance_masks/v2/ann_00000372_img_000042_cat_table.png
43,000042.png,data/cogar_sim_500_v2/rgb/000042.png,373,1,table,478.0,0.0,162.0,480.0,37974.0,partial_occlusion,1,0,1,1,0,data/cogar_sim_500_v2/instance_masks/v2/ann_00000373_img_000042_cat_table.png
43,000042.png,data/cogar_sim_500_v2/rgb/000042.png,374,8,cable,116.0,159.0,83.0,235.0,3725.0,partial_occlusion,1,0,1,1,0,data/cogar_sim_500_v2/instance_masks/v2/ann_00000374_img_000042_cat_cable.png
43,000042.png,data/cogar_sim_500_v2/rgb/000042.png,375,3,metal_part,176.0,87.0,35.0,82.0,2343.0,partial_occlusion,1,0,1,1,0,data/cogar_sim_500_v2/instance_masks/v2/ann_00000375_img_000042_cat_metal_part.png
43,000042.png,data/cogar_sim_500_v2/rgb/000042.png,376,10,box,371.0,62.0,178.0,159.0,19302.0,partial_occlusion,1,0,1,1,0,data/cogar_sim_500_v2/instance_masks/v2/ann_00000376_img_000042_cat_box.png
43,000042.png,data/cogar_sim_500_v2/rgb/000042.png,377,7,connector,446.0,285.0,63.0,60.0,2300.0,partial_occlusion,1,0,1,1,0,data/cogar_sim_500_v2/instance_masks/v2/ann_00000377_img_000042_cat_connector.png
43,000042.png,data/cogar_sim_500_v2/rgb/000042.png,378,5,plastic_object,369.0,396.0,94.0,71.0,4914.0,partial_occlusion,1,0,1,1,0,data/cogar_sim_500_v2/instance_masks/v2/ann_00000378_img_000042_cat_plastic_object.png
43,000042.png,data/cogar_sim_500_v2/rgb/000042.png,379,7,connector,370.0,269.0,52.0,56.0,1384.0,partial_occlusion,1,0,1,1,0,data/cogar_sim_500_v2/instance_masks/v2/ann_00000379_img_000042_cat_connector.png
43,000042.png,data/cogar_sim_500_v2/rgb/000042.png,380,2,robot_gripper,252.0,68.0,146.0,249.0,19279.0,partial_occlusion,1,0,1,1,0,data/cogar_sim_500_v2/instance_masks/v2/ann_00000380_img_000042_cat_robot_gripper.png
43,000042.png,data/cogar_sim_500_v2/rgb/000042.png,381,2,robot_gripper,314.0,89.0,56.0,98.0,2819.0,partial_occlusion,1,0,1,1,0,data/cogar_sim_500_v2/instance_masks/v2/ann_00000381_img_000042_cat_robot_gripper.png
43,000042.png,data/cogar_sim_500_v2/rgb/000042.png,382,2,robot_gripper,317.0,289.0,54.0,48.0,1094.0,partial_occlusion,1,0,1,1,0,data/cogar_sim_500_v2/instance_masks/v2/ann_00000382_img_000042_cat_robot_gripper.png
44,000043.png,data/cogar_sim_500_v2/rgb/000043.png,383,1,table,343.0,330.0,297.0,150.0,22438.0,small_parts,1,0,0,1,0,data/cogar_sim_500_v2/instance_masks/v2/ann_00000383_img_000043_cat_table.png
44,000043.png,data/cogar_sim_500_v2/rgb/000043.png,384,1,table,0.0,0.0,640.0,480.0,284762.0,small_parts,1,0,0,1,0,data/cogar_sim_500_v2/instance_masks/v2/ann_00000384_img_000043_cat_table.png
45,000044.png,data/cogar_sim_500_v2/rgb/000044.png,385,1,table,0.0,0.0,640.0,480.0,261344.0,dynamic_scene,0,0,1,1,1,data/cogar_sim_500_v2/instance_masks/v2/ann_00000385_img_000044_cat_table.png
45,000044.png,data/cogar_sim_500_v2/rgb/000044.png,386,10,box,384.0,172.0,149.0,122.0,3423.0,dynamic_scene,0,0,1,1,1,data/cogar_sim_500_v2/instance_masks/v2/ann_00000386_img_000044_cat_box.png
45,000044.png,data/cogar_sim_500_v2/rgb/000044.png,387,5,plastic_object,220.0,198.0,82.0,92.0,6249.0,dynamic_scene,0,0,1,1,1,data/cogar_sim_500_v2/instance_masks/v2/ann_00000387_img_000044_cat_plastic_object.png
45,000044.png,data/cogar_sim_500_v2/rgb/000044.png,388,6,screw,293.0,341.0,19.0,33.0,520.0,dynamic_scene,0,0,1,1,1,data/cogar_sim_500_v2/instance_masks/v2/ann_00000388_img_000044_cat_screw.png
45,000044.png,data/cogar_sim_500_v2/rgb/000044.png,389,8,cable,316.0,156.0,160.0,280.0,4158.0,dynamic_scene,0,0,1,1,1,data/cogar_sim_500_v2/instance_masks/v2/ann_00000389_img_000044_cat_cable.png
45,000044.png,data/cogar_sim_500_v2/rgb/000044.png,390,5,plastic_object,411.0,189.0,135.0,111.0,8541.0,dynamic_scene,0,0,1,1,1,data/cogar_sim_500_v2/instance_masks/v2/ann_00000390_img_000044_cat_plastic_object.png
45,000044.png,data/cogar_sim_500_v2/rgb/000044.png,391,5,plastic_object,514.0,141.0,40.0,61.0,1737.0,dynamic_scene,0,0,1,1,1,data/cogar_sim_500_v2/instance_masks/v2/ann_00000391_img_000044_cat_plastic_object.png
45,000044.png,data/cogar_sim_500_v2/rgb/000044.png,392,2,robot_gripper,280.0,79.0,250.0,122.0,17540.0,dynamic_scene,0,0,1,1,1,data/cogar_sim_500_v2/instance_masks/v2/ann_00000392_img_000044_cat_robot_gripper.png
45,000044.png,data/cogar_sim_500_v2/rgb/000044.png,393,2,robot_gripper,351.0,82.0,42.0,121.0,1334.0,dynamic_scene,0,0,1,1,1,data/cogar_sim_500_v2/instance_masks/v2/ann_00000393_img_000044_cat_robot_gripper.png
45,000044.png,data/cogar_sim_500_v2/rgb/000044.png,394,2,robot_gripper,428.0,182.0,31.0,16.0,282.0,dynamic_scene,0,0,1,1,1,data/cogar_sim_500_v2/instance_masks/v2/ann_00000394_img_000044_cat_robot_gripper.png
46,000045.png,data/cogar_sim_500_v2/rgb/000045.png,395,1,table,0.0,0.0,619.0,480.0,214203.0,reflective_metal,1,0,1,1,0,data/cogar_sim_500_v2/instance_masks/v2/ann_00000395_img_000045_cat_table.png
46,000045.png,data/cogar_sim_500_v2/rgb/000045.png,396,1,table,530.0,0.0,110.0,480.0,31277.0,reflective_metal,1,0,1,1,0,data/cogar_sim_500_v2/instance_masks/v2/ann_00000396_img_000045_cat_table.png
46,000045.png,data/cogar_sim_500_v2/rgb/000045.png,397,10,box,104.0,133.0,169.0,141.0,16191.0,reflective_metal,1,0,1,1,0,data/cogar_sim_500_v2/instance_masks/v2/ann_00000397_img_000045_cat_box.png
46,000045.png,data/cogar_sim_500_v2/rgb/000045.png,398,9,tool,367.0,130.0,97.0,52.0,2145.0,reflective_metal,1,0,1,1,0,data/cogar_sim_500_v2/instance_masks/v2/ann_00000398_img_000045_cat_tool.png
46,000045.png,data/cogar_sim_500_v2/rgb/000045.png,399,9,tool,241.0,224.0,190.0,92.0,3760.0,reflective_metal,1,0,1,1,0,data/cogar_sim_500_v2/instance_masks/v2/ann_00000399_img_000045_cat_tool.png
46,000045.png,data/cogar_sim_500_v2/rgb/000045.png,400,3,metal_part,215.0,140.0,29.0,21.0,316.0,reflective_metal,1,0,1,1,0,data/cogar_sim_500_v2/instance_masks/v2/ann_00000400_img_000045_cat_metal_part.png
46,000045.png,data/cogar_sim_500_v2/rgb/000045.png,401,10,box,144.0,244.0,145.0,120.0,10054.0,reflective_metal,1,0,1,1,0,data/cogar_sim_500_v2/instance_masks/v2/ann_00000401_img_000045_cat_box.png
46,000045.png,data/cogar_sim_500_v2/rgb/000045.png,402,3,metal_part,156.0,303.0,34.0,57.0,1798.0,reflective_metal,1,0,1,1,0,data/cogar_sim_500_v2/instance_masks/v2/ann_00000402_img_000045_cat_metal_part.png
46,000045.png,data/cogar_sim_500_v2/rgb/000045.png,403,7,connector,399.0,244.0,48.0,69.0,1287.0,reflective_metal,1,0,1,1,0,data/cogar_sim_500_v2/instance_masks/v2/ann_00000403_img_000045_cat_connector.png
46,000045.png,data/cogar_sim_500_v2/rgb/000045.png,404,2,robot_gripper,307.0,115.0,85.0,272.0,16355.0,reflective_metal,1,0,1,1,0,data/cogar_sim_500_v2/instance_masks/v2/ann_00000404_img_000045_cat_robot_gripper.png
46,000045.png,data/cogar_sim_500_v2/rgb/000045.png,405,2,robot_gripper,359.0,165.0,46.0,156.0,3874.0,reflective_metal,1,0,1,1,0,data/cogar_sim_500_v2/instance_masks/v2/ann_00000405_img_000045_cat_robot_gripper.png
47,000046.png,data/cogar_sim_500_v2/rgb/000046.png,406,1,table,0.0,82.0,640.0,398.0,143462.0,transparent_glass,0,1,1,1,0,data/cogar_sim_500_v2/instance_masks/v2/ann_00000406_img_000046_cat_table.png
47,000046.png,data/cogar_sim_500_v2/rgb/000046.png,407,1,table,0.0,0.0,248.0,470.0,66518.0,transparent_glass,0,1,1,1,0,data/cogar_sim_500_v2/instance_masks/v2/ann_00000407_img_000046_cat_table.png
47,000046.png,data/cogar_sim_500_v2/rgb/000046.png,408,7,connector,245.0,216.0,26.0,28.0,375.0,transparent_glass,0,1,1,1,0,data/cogar_sim_500_v2/instance_masks/v2/ann_00000408_img_000046_cat_connector.png
47,000046.png,data/cogar_sim_500_v2/rgb/000046.png,409,8,cable,487.0,359.0,36.0,45.0,725.0,transparent_glass,0,1,1,1,0,data/cogar_sim_500_v2/instance_masks/v2/ann_00000409_img_000046_cat_cable.png
47,000046.png,data/cogar_sim_500_v2/rgb/000046.png,410,4,glass_object,115.0,205.0,97.0,176.0,14128.0,transparent_glass,0,1,1,1,0,data/cogar_sim_500_v2/instance_masks/v2/ann_00000410_img_000046_cat_glass_object.png
47,000046.png,data/cogar_sim_500_v2/rgb/000046.png,411,4,glass_object,384.0,188.0,137.0,204.0,21949.0,transparent_glass,0,1,1,1,0,data/cogar_sim_500_v2/instance_masks/v2/ann_00000411_img_000046_cat_glass_object.png
47,000046.png,data/cogar_sim_500_v2/rgb/000046.png,412,4,glass_object,301.0,230.0,87.0,123.0,7986.0,transparent_glass,0,1,1,1,0,data/cogar_sim_500_v2/instance_masks/v2/ann_00000412_img_000046_cat_glass_object.png
47,000046.png,data/cogar_sim_500_v2/rgb/000046.png,413,4,glass_object,153.0,189.0,87.0,108.0,3674.0,transparent_glass,0,1,1,1,0,data/cogar_sim_500_v2/instance_masks/v2/ann_00000413_img_000046_cat_glass_object.png
47,000046.png,data/cogar_sim_500_v2/rgb/000046.png,414,5,plastic_object,256.0,218.0,59.0,87.0,4095.0,transparent_glass,0,1,1,1,0,data/cogar_sim_500_v2/instance_masks/v2/ann_00000414_img_000046_cat_plastic_object.png
47,000046.png,data/cogar_sim_500_v2/rgb/000046.png,415,2,robot_gripper,315.0,123.0,120.0,132.0,8208.0,transparent_glass,0,1,1,1,0,data/cogar_sim_500_v2/instance_masks/v2/ann_00000415_img_000046_cat_robot_gripper.png
47,000046.png,data/cogar_sim_500_v2/rgb/000046.png,416,2,robot_gripper,337.0,153.0,43.0,100.0,1123.0,transparent_glass,0,1,1,1,0,data/cogar_sim_500_v2/instance_masks/v2/ann_00000416_img_000046_cat_robot_gripper.png
47,000046.png,data/cogar_sim_500_v2/rgb/000046.png,417,2,robot_gripper,350.0,150.0,15.0,5.0,43.0,transparent_glass,0,1,1,1,0,data/cogar_sim_500_v2/instance_masks/v2/ann_00000417_img_000046_cat_robot_gripper.png
48,000047.png,data/cogar_sim_500_v2/rgb/000047.png,418,1,table,0.0,0.0,640.0,480.0,266036.0,partial_occlusion,1,1,1,1,0,data/cogar_sim_500_v2/instance_masks/v2/ann_00000418_img_000047_cat_table.png
48,000047.png,data/cogar_sim_500_v2/rgb/000047.png,419,3,metal_part,439.0,0.0,52.0,6.0,237.0,partial_occlusion,1,1,1,1,0,data/cogar_sim_500_v2/instance_masks/v2/ann_00000419_img_000047_cat_metal_part.png
48,000047.png,data/cogar_sim_500_v2/rgb/000047.png,420,7,connector,417.0,22.0,56.0,44.0,1536.0,partial_occlusion,1,1,1,1,0,data/cogar_sim_500_v2/instance_masks/v2/ann_00000420_img_000047_cat_connector.png
48,000047.png,data/cogar_sim_500_v2/rgb/000047.png,421,4,glass_object,202.0,0.0,118.0,91.0,8517.0,partial_occlusion,1,1,1,1,0,data/cogar_sim_500_v2/instance_masks/v2/ann_00000421_img_000047_cat_glass_object.png
48,000047.png,data/cogar_sim_500_v2/rgb/000047.png,422,10,box,269.0,404.0,114.0,76.0,5648.0,partial_occlusion,1,1,1,1,0,data/cogar_sim_500_v2/instance_masks/v2/ann_00000422_img_000047_cat_box.png
48,000047.png,data/cogar_sim_500_v2/rgb/000047.png,423,8,cable,392.0,82.0,219.0,190.0,5026.0,partial_occlusion,1,1,1,1,0,data/cogar_sim_500_v2/instance_masks/v2/ann_00000423_img_000047_cat_cable.png
48,000047.png,data/cogar_sim_500_v2/rgb/000047.png,424,2,robot_gripper,213.0,81.0,216.0,266.0,18299.0,partial_occlusion,1,1,1,1,0,data/cogar_sim_500_v2/instance_masks/v2/ann_00000424_img_000047_cat_robot_gripper.png
48,000047.png,data/cogar_sim_500_v2/rgb/000047.png,425,2,robot_gripper,266.0,246.0,61.0,58.0,1901.0,partial_occlusion,1,1,1,1,0,data/cogar_sim_500_v2/instance_masks/v2/ann_00000425_img_000047_cat_robot_gripper.png
49,000048.png,data/cogar_sim_500_v2/rgb/000048.png,426,1,table,492.0,364.0,148.0,116.0,8675.0,small_parts,1,0,0,1,0,data/cogar_sim_500_v2/instance_masks/v2/ann_00000426_img_000048_cat_table.png
49,000048.png,data/cogar_sim_500_v2/rgb/000048.png,427,1,table,0.0,0.0,640.0,480.0,298525.0,small_parts,1,0,0,1,0,data/cogar_sim_500_v2/instance_masks/v2/ann_00000427_img_000048_cat_table.png
50,000049.png,data/cogar_sim_500_v2/rgb/000049.png,428,1,table,481.0,371.0,159.0,109.0,8778.0,dynamic_scene,0,1,1,0,1,data/cogar_sim_500_v2/instance_masks/v2/ann_00000428_img_000049_cat_table.png
50,000049.png,data/cogar_sim_500_v2/rgb/000049.png,429,1,table,0.0,0.0,640.0,480.0,292333.0,dynamic_scene,0,1,1,0,1,data/cogar_sim_500_v2/instance_masks/v2/ann_00000429_img_000049_cat_table.png
51,000050.png,data/cogar_sim_500_v2/rgb/000050.png,430,1,table,0.0,347.0,541.0,133.0,36057.0,reflective_metal,1,0,0,1,0,data/cogar_sim_500_v2/instance_masks/v2/ann_00000430_img_000050_cat_table.png
51,000050.png,data/cogar_sim_500_v2/rgb/000050.png,431,1,table,0.0,0.0,640.0,480.0,271143.0,reflective_metal,1,0,0,1,0,data/cogar_sim_500_v2/instance_masks/v2/ann_00000431_img_000050_cat_table.png
52,000051.png,data/cogar_sim_500_v2/rgb/000051.png,432,1,table,0.0,29.0,640.0,451.0,202103.0,transparent_glass,1,1,0,0,0,data/cogar_sim_500_v2/instance_masks/v2/ann_00000432_img_000051_cat_table.png
52,000051.png,data/cogar_sim_500_v2/rgb/000051.png,433,1,table,249.0,0.0,391.0,336.0,70944.0,transparent_glass,1,1,0,0,0,data/cogar_sim_500_v2/instance_masks/v2/ann_00000433_img_000051_cat_table.png
52,000051.png,data/cogar_sim_500_v2/rgb/000051.png,434,3,metal_part,370.0,284.0,63.0,99.0,5096.0,transparent_glass,1,1,0,0,0,data/cogar_sim_500_v2/instance_masks/v2/ann_00000434_img_000051_cat_metal_part.png
52,000051.png,data/cogar_sim_500_v2/rgb/000051.png,435,4,glass_object,310.0,109.0,46.0,98.0,4097.0,transparent_glass,1,1,0,0,0,data/cogar_sim_500_v2/instance_masks/v2/ann_00000435_img_000051_cat_glass_object.png
52,000051.png,data/cogar_sim_500_v2/rgb/000051.png,436,4,glass_object,120.0,137.0,74.0,92.0,5625.0,transparent_glass,1,1,0,0,0,data/cogar_sim_500_v2/instance_masks/v2/ann_00000436_img_000051_cat_glass_object.png
52,000051.png,data/cogar_sim_500_v2/rgb/000051.png,437,4,glass_object,278.0,82.0,62.0,98.0,3630.0,transparent_glass,1,1,0,0,0,data/cogar_sim_500_v2/instance_masks/v2/ann_00000437_img_000051_cat_glass_object.png
52,000051.png,data/cogar_sim_500_v2/rgb/000051.png,438,4,glass_object,113.0,107.0,59.0,89.0,1919.0,transparent_glass,1,1,0,0,0,data/cogar_sim_500_v2/instance_masks/v2/ann_00000438_img_000051_cat_glass_object.png
52,000051.png,data/cogar_sim_500_v2/rgb/000051.png,439,8,cable,269.0,166.0,41.0,79.0,776.0,transparent_glass,1,1,0,0,0,data/cogar_sim_500_v2/instance_masks/v2/ann_00000439_img_000051_cat_cable.png
53,000052.png,data/cogar_sim_500_v2/rgb/000052.png,440,1,table,562.0,109.0,78.0,371.0,15249.0,partial_occlusion,1,0,1,1,0,data/cogar_sim_500_v2/instance_masks/v2/ann_00000440_img_000052_cat_table.png
53,000052.png,data/cogar_sim_500_v2/rgb/000052.png,441,1,table,0.0,0.0,640.0,480.0,291904.0,partial_occlusion,1,0,1,1,0,data/cogar_sim_500_v2/instance_masks/v2/ann_00000441_img_000052_cat_table.png
54,000053.png,data/cogar_sim_500_v2/rgb/000053.png,442,1,table,0.0,0.0,640.0,480.0,244561.0,small_parts,1,0,1,1,0,data/cogar_sim_500_v2/instance_masks/v2/ann_00000442_img_000053_cat_table.png
54,000053.png,data/cogar_sim_500_v2/rgb/000053.png,443,1,table,0.0,0.0,198.0,80.0,7972.0,small_parts,1,0,1,1,0,data/cogar_sim_500_v2/instance_masks/v2/ann_00000443_img_000053_cat_table.png
54,000053.png,data/cogar_sim_500_v2/rgb/000053.png,444,7,connector,478.0,98.0,38.0,25.0,683.0,small_parts,1,0,1,1,0,data/cogar_sim_500_v2/instance_masks/v2/ann_00000444_img_000053_cat_connector.png
54,000053.png,data/cogar_sim_500_v2/rgb/000053.png,445,3,metal_part,270.0,250.0,100.0,99.0,5364.0,small_parts,1,0,1,1,0,data/cogar_sim_500_v2/instance_masks/v2/ann_00000445_img_000053_cat_metal_part.png
54,000053.png,data/cogar_sim_500_v2/rgb/000053.png,446,7,connector,304.0,175.0,50.0,37.0,996.0,small_parts,1,0,1,1,0,data/cogar_sim_500_v2/instance_masks/v2/ann_00000446_img_000053_cat_connector.png
54,000053.png,data/cogar_sim_500_v2/rgb/000053.png,447,7,connector,72.0,102.0,106.0,71.0,3369.0,small_parts,1,0,1,1,0,data/cogar_sim_500_v2/instance_masks/v2/ann_00000447_img_000053_cat_connector.png
54,000053.png,data/cogar_sim_500_v2/rgb/000053.png,448,9,tool,423.0,0.0,217.0,116.0,4531.0,small_parts,1,0,1,1,0,data/cogar_sim_500_v2/instance_masks/v2/ann_00000448_img_000053_cat_tool.png
54,000053.png,data/cogar_sim_500_v2/rgb/000053.png,449,8,cable,210.0,29.0,428.0,64.0,6976.0,small_parts,1,0,1,1,0,data/cogar_sim_500_v2/instance_masks/v2/ann_00000449_img_000053_cat_cable.png
54,000053.png,data/cogar_sim_500_v2/rgb/000053.png,450,7,connector,241.0,364.0,62.0,54.0,1490.0,small_parts,1,0,1,1,0,data/cogar_sim_500_v2/instance_masks/v2/ann_00000450_img_000053_cat_connector.png
54,000053.png,data/cogar_sim_500_v2/rgb/000053.png,451,6,screw,299.0,212.0,20.0,14.0,192.0,small_parts,1,0,1,1,0,data/cogar_sim_500_v2/instance_masks/v2/ann_00000451_img_000053_cat_screw.png
54,000053.png,data/cogar_sim_500_v2/rgb/000053.png,452,8,cable,90.0,96.0,31.0,383.0,5015.0,small_parts,1,0,1,1,0,data/cogar_sim_500_v2/instance_masks/v2/ann_00000452_img_000053_cat_cable.png
54,000053.png,data/cogar_sim_500_v2/rgb/000053.png,453,2,robot_gripper,241.0,103.0,356.0,92.0,21828.0,small_parts,1,0,1,1,0,data/cogar_sim_500_v2/instance_masks/v2/ann_00000453_img_000053_cat_robot_gripper.png
54,000053.png,data/cogar_sim_500_v2/rgb/000053.png,454,2,robot_gripper,335.0,113.0,43.0,76.0,2146.0,small_parts,1,0,1,1,0,data/cogar_sim_500_v2/instance_masks/v2/ann_00000454_img_000053_cat_robot_gripper.png
54,000053.png,data/cogar_sim_500_v2/rgb/000053.png,455,2,robot_gripper,423.0,75.0,57.0,49.0,2077.0,small_parts,1,0,1,1,0,data/cogar_sim_500_v2/instance_masks/v2/ann_00000455_img_000053_cat_robot_gripper.png
55,000054.png,data/cogar_sim_500_v2/rgb/000054.png,456,1,table,0.0,429.0,640.0,51.0,17829.0,dynamic_scene,0,0,1,1,1,data/cogar_sim_500_v2/instance_masks/v2/ann_00000456_img_000054_cat_table.png
55,000054.png,data/cogar_sim_500_v2/rgb/000054.png,457,1,table,0.0,0.0,640.0,475.0,289371.0,dynamic_scene,0,0,1,1,1,data/cogar_sim_500_v2/instance_masks/v2/ann_00000457_img_000054_cat_table.png
56,000055.png,data/cogar_sim_500_v2/rgb/000055.png,458,1,table,0.0,41.0,640.0,439.0,195048.0,reflective_metal,1,0,1,1,0,data/cogar_sim_500_v2/instance_masks/v2/ann_00000458_img_000055_cat_table.png
56,000055.png,data/cogar_sim_500_v2/rgb/000055.png,459,1,table,375.0,0.0,265.0,399.0,58460.0,reflective_metal,1,0,1,1,0,data/cogar_sim_500_v2/instance_masks/v2/ann_00000459_img_000055_cat_table.png
56,000055.png,data/cogar_sim_500_v2/rgb/000055.png,460,3,metal_part,402.0,159.0,24.0,50.0,756.0,reflective_metal,1,0,1,1,0,data/cogar_sim_500_v2/instance_masks/v2/ann_00000460_img_000055_cat_metal_part.png
56,000055.png,data/cogar_sim_500_v2/rgb/000055.png,461,10,box,150.0,263.0,172.0,160.0,17588.0,reflective_metal,1,0,1,1,0,data/cogar_sim_500_v2/instance_masks/v2/ann_00000461_img_000055_cat_box.png
56,000055.png,data/cogar_sim_500_v2/rgb/000055.png,462,9,tool,163.0,240.0,155.0,71.0,4011.0,reflective_metal,1,0,1,1,0,data/cogar_sim_500_v2/instance_masks/v2/ann_00000462_img_000055_cat_tool.png
56,000055.png,data/cogar_sim_500_v2/rgb/000055.png,463,6,screw,329.0,439.0,23.0,25.0,356.0,reflective_metal,1,0,1,1,0,data/cogar_sim_500_v2/instance_masks/v2/ann_00000463_img_000055_cat_screw.png
56,000055.png,data/cogar_sim_500_v2/rgb/000055.png,464,2,robot_gripper,333.0,69.0,58.0,146.0,6282.0,reflective_metal,1,0,1,1,0,data/cogar_sim_500_v2/instance_masks/v2/ann_00000464_img_000055_cat_robot_gripper.png
56,000055.png,data/cogar_sim_500_v2/rgb/000055.png,465,2,robot_gripper,350.0,85.0,35.0,133.0,653.0,reflective_metal,1,0,1,1,0,data/cogar_sim_500_v2/instance_masks/v2/ann_00000465_img_000055_cat_robot_gripper.png
56,000055.png,data/cogar_sim_500_v2/rgb/000055.png,466,2,robot_gripper,366.0,111.0,41.0,150.0,3660.0,reflective_metal,1,0,1,1,0,data/cogar_sim_500_v2/instance_masks/v2/ann_00000466_img_000055_cat_robot_gripper.png
57,000056.png,data/cogar_sim_500_v2/rgb/000056.png,467,1,table,44.0,79.0,596.0,401.0,181632.0,transparent_glass,1,1,0,0,0,data/cogar_sim_500_v2/instance_masks/v2/ann_00000467_img_000056_cat_table.png
57,000056.png,data/cogar_sim_500_v2/rgb/000056.png,468,1,table,0.0,0.0,161.0,480.0,53955.0,transparent_glass,1,1,0,0,0,data/cogar_sim_500_v2/instance_masks/v2/ann_00000468_img_000056_cat_table.png
57,000056.png,data/cogar_sim_500_v2/rgb/000056.png,469,4,glass_object,256.0,101.0,69.0,68.0,2748.0,transparent_glass,1,1,0,0,0,data/cogar_sim_500_v2/instance_masks/v2/ann_00000469_img_000056_cat_glass_object.png
57,000056.png,data/cogar_sim_500_v2/rgb/000056.png,470,5,plastic_object,359.0,154.0,53.0,49.0,1420.0,transparent_glass,1,1,0,0,0,data/cogar_sim_500_v2/instance_masks/v2/ann_00000470_img_000056_cat_plastic_object.png
57,000056.png,data/cogar_sim_500_v2/rgb/000056.png,471,8,cable,246.0,245.0,64.0,122.0,1854.0,transparent_glass,1,1,0,0,0,data/cogar_sim_500_v2/instance_masks/v2/ann_00000471_img_000056_cat_cable.png
57,000056.png,data/cogar_sim_500_v2/rgb/000056.png,472,4,glass_object,237.0,107.0,50.0,146.0,5259.0,transparent_glass,1,1,0,0,0,data/cogar_sim_500_v2/instance_masks/v2/ann_00000472_img_000056_cat_glass_object.png
57,000056.png,data/cogar_sim_500_v2/rgb/000056.png,473,10,box,264.0,168.0,118.0,90.0,7218.0,transparent_glass,1,1,0,0,0,data/cogar_sim_500_v2/instance_masks/v2/ann_00000473_img_000056_cat_box.png
57,000056.png,data/cogar_sim_500_v2/rgb/000056.png,474,8,cable,402.0,202.0,13.0,13.0,76.0,transparent_glass,1,1,0,0,0,data/cogar_sim_500_v2/instance_masks/v2/ann_00000474_img_000056_cat_cable.png
57,000056.png,data/cogar_sim_500_v2/rgb/000056.png,475,10,box,328.0,170.0,91.0,113.0,6345.0,transparent_glass,1,1,0,0,0,data/cogar_sim_500_v2/instance_masks/v2/ann_00000475_img_000056_cat_box.png
57,000056.png,data/cogar_sim_500_v2/rgb/000056.png,476,3,metal_part,133.0,313.0,78.0,58.0,2824.0,transparent_glass,1,1,0,0,0,data/cogar_sim_500_v2/instance_masks/v2/ann_00000476_img_000056_cat_metal_part.png
58,000057.png,data/cogar_sim_500_v2/rgb/000057.png,477,1,table,0.0,0.0,634.0,480.0,219355.0,partial_occlusion,1,0,1,0,0,data/cogar_sim_500_v2/instance_masks/v2/ann_00000477_img_000057_cat_table.png
58,000057.png,data/cogar_sim_500_v2/rgb/000057.png,478,1,table,508.0,0.0,132.0,480.0,32970.0,partial_occlusion,1,0,1,0,0,data/cogar_sim_500_v2/instance_masks/v2/ann_00000478_img_000057_cat_table.png
58,000057.png,data/cogar_sim_500_v2/rgb/000057.png,479,5,plastic_object,391.0,59.0,58.0,36.0,1564.0,partial_occlusion,1,0,1,0,0,data/cogar_sim_500_v2/instance_masks/v2/ann_00000479_img_000057_cat_plastic_object.png
58,000057.png,data/cogar_sim_500_v2/rgb/000057.png,480,10,box,218.0,209.0,141.0,172.0,8207.0,partial_occlusion,1,0,1,0,0,data/cogar_sim_500_v2/instance_masks/v2/ann_00000480_img_000057_cat_box.png
58,000057.png,data/cogar_sim_500_v2/rgb/000057.png,481,10,box,175.0,24.0,172.0,77.0,6075.0,partial_occlusion,1,0,1,0,0,data/cogar_sim_500_v2/instance_masks/v2/ann_00000481_img_000057_cat_box.png
58,000057.png,data/cogar_sim_500_v2/rgb/000057.png,482,10,box,197.0,0.0,148.0,55.0,5612.0,partial_occlusion,1,0,1,0,0,data/cogar_sim_500_v2/instance_masks/v2/ann_00000482_img_000057_cat_box.png
58,000057.png,data/cogar_sim_500_v2/rgb/000057.png,483,8,cable,292.0,205.0,30.0,275.0,1390.0,partial_occlusion,1,0,1,0,0,data/cogar_sim_500_v2/instance_masks/v2/ann_00000483_img_000057_cat_cable.png
58,000057.png,data/cogar_sim_500_v2/rgb/000057.png,484,10,box,139.0,64.0,162.0,106.0,7889.0,partial_occlusion,1,0,1,0,0,data/cogar_sim_500_v2/instance_masks/v2/ann_00000484_img_000057_cat_box.png
58,000057.png,data/cogar_sim_500_v2/rgb/000057.png,485,3,metal_part,355.0,89.0,97.0,78.0,5870.0,partial_occlusion,1,0,1,0,0,data/cogar_sim_500_v2/instance_masks/v2/ann_00000485_img_000057_cat_metal_part.png
58,000057.png,data/cogar_sim_500_v2/rgb/000057.png,486,2,robot_gripper,233.0,73.0,61.0,287.0,16492.0,partial_occlusion,1,0,1,0,0,data/cogar_sim_500_v2/instance_masks/v2/ann_00000486_img_000057_cat_robot_gripper.png
58,000057.png,data/cogar_sim_500_v2/rgb/000057.png,487,2,robot_gripper,290.0,154.0,33.0,51.0,1608.0,partial_occlusion,1,0,1,0,0,data/cogar_sim_500_v2/instance_masks/v2/ann_00000487_img_000057_cat_robot_gripper.png
58,000057.png,data/cogar_sim_500_v2/rgb/000057.png,488,2,robot_gripper,292.0,256.0,6.0,34.0,168.0,partial_occlusion,1,0,1,0,0,data/cogar_sim_500_v2/instance_masks/v2/ann_00000488_img_000057_cat_robot_gripper.png
59,000058.png,data/cogar_sim_500_v2/rgb/000058.png,489,1,table,0.0,50.0,640.0,430.0,212627.0,small_parts,0,0,1,1,0,data/cogar_sim_500_v2/instance_masks/v2/ann_00000489_img_000058_cat_table.png
59,000058.png,data/cogar_sim_500_v2/rgb/000058.png,490,1,table,0.0,0.0,224.0,333.0,43021.0,small_parts,0,0,1,1,0,data/cogar_sim_500_v2/instance_masks/v2/ann_00000490_img_000058_cat_table.png
59,000058.png,data/cogar_sim_500_v2/rgb/000058.png,491,6,screw,142.0,225.0,30.0,20.0,158.0,small_parts,0,0,1,1,0,data/cogar_sim_500_v2/instance_masks/v2/ann_00000491_img_000058_cat_screw.png
59,000058.png,data/cogar_sim_500_v2/rgb/000058.png,492,7,connector,354.0,166.0,42.0,48.0,1421.0,small_parts,0,0,1,1,0,data/cogar_sim_500_v2/instance_masks/v2/ann_00000492_img_000058_cat_connector.png
59,000058.png,data/cogar_sim_500_v2/rgb/000058.png,493,5,plastic_object,209.0,147.0,36.0,42.0,1138.0,small_parts,0,0,1,1,0,data/cogar_sim_500_v2/instance_masks/v2/ann_00000493_img_000058_cat_plastic_object.png
59,000058.png,data/cogar_sim_500_v2/rgb/000058.png,494,5,plastic_object,321.0,105.0,63.0,75.0,2957.0,small_parts,0,0,1,1,0,data/cogar_sim_500_v2/instance_masks/v2/ann_00000494_img_000058_cat_plastic_object.png
59,000058.png,data/cogar_sim_500_v2/rgb/000058.png,495,6,screw,450.0,183.0,21.0,21.0,236.0,small_parts,0,0,1,1,0,data/cogar_sim_500_v2/instance_masks/v2/ann_00000495_img_000058_cat_screw.png
59,000058.png,data/cogar_sim_500_v2/rgb/000058.png,496,6,screw,295.0,262.0,19.0,17.0,243.0,small_parts,0,0,1,1,0,data/cogar_sim_500_v2/instance_masks/v2/ann_00000496_img_000058_cat_screw.png
59,000058.png,data/cogar_sim_500_v2/rgb/000058.png,497,6,screw,325.0,260.0,19.0,24.0,363.0,small_parts,0,0,1,1,0,data/cogar_sim_500_v2/instance_masks/v2/ann_00000497_img_000058_cat_screw.png
59,000058.png,data/cogar_sim_500_v2/rgb/000058.png,498,6,screw,205.0,269.0,18.0,25.0,271.0,small_parts,0,0,1,1,0,data/cogar_sim_500_v2/instance_masks/v2/ann_00000498_img_000058_cat_screw.png
59,000058.png,data/cogar_sim_500_v2/rgb/000058.png,499,6,screw,344.0,183.0,17.0,20.0,300.0,small_parts,0,0,1,1,0,data/cogar_sim_500_v2/instance_masks/v2/ann_00000499_img_000058_cat_screw.png
59,000058.png,data/cogar_sim_500_v2/rgb/000058.png,500,6,screw,470.0,349.0,28.0,39.0,570.0,small_parts,0,0,1,1,0,data/cogar_sim_500_v2/instance_masks/v2/ann_00000500_img_000058_cat_screw.png
59,000058.png,data/cogar_sim_500_v2/rgb/000058.png,501,7,connector,106.0,345.0,117.0,64.0,4637.0,small_parts,0,0,1,1,0,data/cogar_sim_500_v2/instance_masks/v2/ann_00000501_img_000058_cat_connector.png
59,000058.png,data/cogar_sim_500_v2/rgb/000058.png,502,8,cable,122.0,204.0,117.0,129.0,2594.0,small_parts,0,0,1,1,0,data/cogar_sim_500_v2/instance_masks/v2/ann_00000502_img_000058_cat_cable.png
59,000058.png,data/cogar_sim_500_v2/rgb/000058.png,503,2,robot_gripper,243.0,62.0,110.0,138.0,8679.0,small_parts,0,0,1,1,0,data/cogar_sim_500_v2/instance_masks/v2/ann_00000503_img_000058_cat_robot_gripper.png
59,000058.png,data/cogar_sim_500_v2/rgb/000058.png,504,2,robot_gripper,255.0,90.0,46.0,165.0,3366.0,small_parts,0,0,1,1,0,data/cogar_sim_500_v2/instance_masks/v2/ann_00000504_img_000058_cat_robot_gripper.png
59,000058.png,data/cogar_sim_500_v2/rgb/000058.png,505,2,robot_gripper,271.0,75.0,40.0,143.0,878.0,small_parts,0,0,1,1,0,data/cogar_sim_500_v2/instance_masks/v2/ann_00000505_img_000058_cat_robot_gripper.png
60,000059.png,data/cogar_sim_500_v2/rgb/000059.png,506,1,table,0.0,0.0,640.0,480.0,225192.0,dynamic_scene,1,0,0,1,1,data/cogar_sim_500_v2/instance_masks/v2/ann_00000506_img_000059_cat_table.png
60,000059.png,data/cogar_sim_500_v2/rgb/000059.png,507,1,table,0.0,0.0,295.0,295.0,43660.0,dynamic_scene,1,0,0,1,1,data/cogar_sim_500_v2/instance_masks/v2/ann_00000507_img_000059_cat_table.png
60,000059.png,data/cogar_sim_500_v2/rgb/000059.png,508,9,tool,41.0,317.0,213.0,142.0,11449.0,dynamic_scene,1,0,0,1,1,data/cogar_sim_500_v2/instance_masks/v2/ann_00000508_img_000059_cat_tool.png
60,000059.png,data/cogar_sim_500_v2/rgb/000059.png,509,8,cable,318.0,191.0,94.0,195.0,2227.0,dynamic_scene,1,0,0,1,1,data/cogar_sim_500_v2/instance_masks/v2/ann_00000509_img_000059_cat_cable.png
60,000059.png,data/cogar_sim_500_v2/rgb/000059.png,510,5,plastic_object,298.0,200.0,85.0,110.0,6727.0,dynamic_scene,1,0,0,1,1,data/cogar_sim_500_v2/instance_masks/v2/ann_00000510_img_000059_cat_plastic_object.png
60,000059.png,data/cogar_sim_500_v2/rgb/000059.png,511,8,cable,441.0,122.0,131.0,202.0,2457.0,dynamic_scene,1,0,0,1,1,data/cogar_sim_500_v2/instance_masks/v2/ann_00000511_img_000059_cat_cable.png
60,000059.png,data/cogar_sim_500_v2/rgb/000059.png,512,3,metal_part,434.0,76.0,46.0,54.0,1918.0,dynamic_scene,1,0,0,1,1,data/cogar_sim_500_v2/instance_masks/v2/ann_00000512_img_000059_cat_metal_part.png
60,000059.png,data/cogar_sim_500_v2/rgb/000059.png,513,7,connector,304.0,302.0,66.0,64.0,2571.0,dynamic_scene,1,0,0,1,1,data/cogar_sim_500_v2/instance_masks/v2/ann_00000513_img_000059_cat_connector.png
60,000059.png,data/cogar_sim_500_v2/rgb/000059.png,514,5,plastic_object,455.0,118.0,78.0,63.0,3112.0,dynamic_scene,1,0,0,1,1,data/cogar_sim_500_v2/instance_masks/v2/ann_00000514_img_000059_cat_plastic_object.png
60,000059.png,data/cogar_sim_500_v2/rgb/000059.png,515,5,plastic_object,274.0,134.0,113.0,109.0,7645.0,dynamic_scene,1,0,0,1,1,data/cogar_sim_500_v2/instance_masks/v2/ann_00000515_img_000059_cat_plastic_object.png
60,000059.png,data/cogar_sim_500_v2/rgb/000059.png,516,7,connector,320.0,130.0,32.0,14.0,242.0,dynamic_scene,1,0,0,1,1,data/cogar_sim_500_v2/instance_masks/v2/ann_00000516_img_000059_cat_connector.png
61,000060.png,data/cogar_sim_500_v2/rgb/000060.png,517,1,table,0.0,0.0,640.0,480.0,182454.0,reflective_metal,1,0,0,0,0,data/cogar_sim_500_v2/instance_masks/v2/ann_00000517_img_000060_cat_table.png
61,000060.png,data/cogar_sim_500_v2/rgb/000060.png,518,3,metal_part,313.0,328.0,178.0,152.0,15949.0,reflective_metal,1,0,0,0,0,data/cogar_sim_500_v2/instance_masks/v2/ann_00000518_img_000060_cat_metal_part.png
61,000060.png,data/cogar_sim_500_v2/rgb/000060.png,519,3,metal_part,156.0,285.0,100.0,56.0,4067.0,reflective_metal,1,0,0,0,0,data/cogar_sim_500_v2/instance_masks/v2/ann_00000519_img_000060_cat_metal_part.png
61,000060.png,data/cogar_sim_500_v2/rgb/000060.png,520,3,metal_part,0.0,267.0,145.0,189.0,21867.0,reflective_metal,1,0,0,0,0,data/cogar_sim_500_v2/instance_masks/v2/ann_00000520_img_000060_cat_metal_part.png
61,000060.png,data/cogar_sim_500_v2/rgb/000060.png,521,5,plastic_object,465.0,258.0,144.0,133.0,12663.0,reflective_metal,1,0,0,0,0,data/cogar_sim_500_v2/instance_masks/v2/ann_00000521_img_000060_cat_plastic_object.png
61,000060.png,data/cogar_sim_500_v2/rgb/000060.png,522,9,tool,124.0,329.0,471.0,104.0,18757.0,reflective_metal,1,0,0,0,0,data/cogar_sim_500_v2/instance_masks/v2/ann_00000522_img_000060_cat_tool.png
61,000060.png,data/cogar_sim_500_v2/rgb/000060.png,523,3,metal_part,333.0,339.0,83.0,37.0,2090.0,reflective_metal,1,0,0,0,0,data/cogar_sim_500_v2/instance_masks/v2/ann_00000523_img_000060_cat_metal_part.png
61,000060.png,data/cogar_sim_500_v2/rgb/000060.png,524,3,metal_part,167.0,109.0,211.0,221.0,29208.0,reflective_metal,1,0,0,0,0,data/cogar_sim_500_v2/instance_masks/v2/ann_00000524_img_000060_cat_metal_part.png
62,000061.png,data/cogar_sim_500_v2/rgb/000061.png,525,1,table,0.0,52.0,640.0,428.0,125512.0,transparent_glass,0,1,1,0,0,data/cogar_sim_500_v2/instance_masks/v2/ann_00000525_img_000061_cat_table.png
62,000061.png,data/cogar_sim_500_v2/rgb/000061.png,526,1,table,418.0,0.0,222.0,480.0,90706.0,transparent_glass,0,1,1,0,0,data/cogar_sim_500_v2/instance_masks/v2/ann_00000526_img_000061_cat_table.png
62,000061.png,data/cogar_sim_500_v2/rgb/000061.png,527,4,glass_object,339.0,127.0,57.0,19.0,546.0,transparent_glass,0,1,1,0,0,data/cogar_sim_500_v2/instance_masks/v2/ann_00000527_img_000061_cat_glass_object.png
62,000061.png,data/cogar_sim_500_v2/rgb/000061.png,528,4,glass_object,244.0,237.0,93.0,183.0,16116.0,transparent_glass,0,1,1,0,0,data/cogar_sim_500_v2/instance_masks/v2/ann_00000528_img_000061_cat_glass_object.png
62,000061.png,data/cogar_sim_500_v2/rgb/000061.png,529,4,glass_object,324.0,142.0,83.0,95.0,6822.0,transparent_glass,0,1,1,0,0,data/cogar_sim_500_v2/instance_masks/v2/ann_00000529_img_000061_cat_glass_object.png
62,000061.png,data/cogar_sim_500_v2/rgb/000061.png,530,4,glass_object,330.0,219.0,105.0,190.0,15791.0,transparent_glass,0,1,1,0,0,data/cogar_sim_500_v2/instance_masks/v2/ann_00000530_img_000061_cat_glass_object.png
62,000061.png,data/cogar_sim_500_v2/rgb/000061.png,531,2,robot_gripper,216.0,83.0,138.0,143.0,7249.0,transparent_glass,0,1,1,0,0,data/cogar_sim_500_v2/instance_masks/v2/ann_00000531_img_000061_cat_robot_gripper.png
62,000061.png,data/cogar_sim_500_v2/rgb/000061.png,532,2,robot_gripper,303.0,104.0,37.0,129.0,1444.0,transparent_glass,0,1,1,0,0,data/cogar_sim_500_v2/instance_masks/v2/ann_00000532_img_000061_cat_robot_gripper.png
62,000061.png,data/cogar_sim_500_v2/rgb/000061.png,533,2,robot_gripper,277.0,119.0,41.0,119.0,3782.0,transparent_glass,0,1,1,0,0,data/cogar_sim_500_v2/instance_masks/v2/ann_00000533_img_000061_cat_robot_gripper.png
63,000062.png,data/cogar_sim_500_v2/rgb/000062.png,534,1,table,401.0,398.0,239.0,82.0,9904.0,partial_occlusion,1,0,1,1,0,data/cogar_sim_500_v2/instance_masks/v2/ann_00000534_img_000062_cat_table.png
63,000062.png,data/cogar_sim_500_v2/rgb/000062.png,535,1,table,0.0,0.0,640.0,480.0,297296.0,partial_occlusion,1,0,1,1,0,data/cogar_sim_500_v2/instance_masks/v2/ann_00000535_img_000062_cat_table.png
64,000063.png,data/cogar_sim_500_v2/rgb/000063.png,536,1,table,0.0,0.0,640.0,480.0,296335.0,small_parts,1,0,0,1,0,data/cogar_sim_500_v2/instance_masks/v2/ann_00000536_img_000063_cat_table.png
64,000063.png,data/cogar_sim_500_v2/rgb/000063.png,537,7,connector,412.0,320.0,57.0,86.0,2744.0,small_parts,1,0,0,1,0,data/cogar_sim_500_v2/instance_masks/v2/ann_00000537_img_000063_cat_connector.png
64,000063.png,data/cogar_sim_500_v2/rgb/000063.png,538,6,screw,169.0,390.0,22.0,20.0,316.0,small_parts,1,0,0,1,0,data/cogar_sim_500_v2/instance_masks/v2/ann_00000538_img_000063_cat_screw.png
64,000063.png,data/cogar_sim_500_v2/rgb/000063.png,539,6,screw,353.0,456.0,11.0,16.0,124.0,small_parts,1,0,0,1,0,data/cogar_sim_500_v2/instance_masks/v2/ann_00000539_img_000063_cat_screw.png
64,000063.png,data/cogar_sim_500_v2/rgb/000063.png,540,6,screw,242.0,120.0,14.0,27.0,330.0,small_parts,1,0,0,1,0,data/cogar_sim_500_v2/instance_masks/v2/ann_00000540_img_000063_cat_screw.png
64,000063.png,data/cogar_sim_500_v2/rgb/000063.png,541,7,connector,184.0,254.0,74.0,60.0,1788.0,small_parts,1,0,0,1,0,data/cogar_sim_500_v2/instance_masks/v2/ann_00000541_img_000063_cat_connector.png
64,000063.png,data/cogar_sim_500_v2/rgb/000063.png,542,6,screw,307.0,161.0,15.0,17.0,188.0,small_parts,1,0,0,1,0,data/cogar_sim_500_v2/instance_masks/v2/ann_00000542_img_000063_cat_screw.png
64,000063.png,data/cogar_sim_500_v2/rgb/000063.png,543,6,screw,181.0,251.0,14.0,18.0,157.0,small_parts,1,0,0,1,0,data/cogar_sim_500_v2/instance_masks/v2/ann_00000543_img_000063_cat_screw.png
64,000063.png,data/cogar_sim_500_v2/rgb/000063.png,544,6,screw,442.0,311.0,14.0,14.0,115.0,small_parts,1,0,0,1,0,data/cogar_sim_500_v2/instance_masks/v2/ann_00000544_img_000063_cat_screw.png
64,000063.png,data/cogar_sim_500_v2/rgb/000063.png,545,6,screw,303.0,279.0,16.0,27.0,329.0,small_parts,1,0,0,1,0,data/cogar_sim_500_v2/instance_masks/v2/ann_00000545_img_000063_cat_screw.png
64,000063.png,data/cogar_sim_500_v2/rgb/000063.png,546,9,tool,198.0,89.0,107.0,183.0,3546.0,small_parts,1,0,0,1,0,data/cogar_sim_500_v2/instance_masks/v2/ann_00000546_img_000063_cat_tool.png
64,000063.png,data/cogar_sim_500_v2/rgb/000063.png,547,6,screw,364.0,267.0,13.0,14.0,120.0,small_parts,1,0,0,1,0,data/cogar_sim_500_v2/instance_masks/v2/ann_00000547_img_000063_cat_screw.png
64,000063.png,data/cogar_sim_500_v2/rgb/000063.png,548,6,screw,310.0,103.0,13.0,17.0,173.0,small_parts,1,0,0,1,0,data/cogar_sim_500_v2/instance_masks/v2/ann_00000548_img_000063_cat_screw.png
64,000063.png,data/cogar_sim_500_v2/rgb/000063.png,549,3,metal_part,307.0,455.0,61.0,25.0,935.0,small_parts,1,0,0,1,0,data/cogar_sim_500_v2/instance_masks/v2/ann_00000549_img_000063_cat_metal_part.png
65,000064.png,data/cogar_sim_500_v2/rgb/000064.png,550,1,table,0.0,0.0,640.0,480.0,255166.0,dynamic_scene,1,1,1,0,1,data/cogar_sim_500_v2/instance_masks/v2/ann_00000550_img_000064_cat_table.png
65,000064.png,data/cogar_sim_500_v2/rgb/000064.png,551,5,plastic_object,553.0,374.0,87.0,106.0,6336.0,dynamic_scene,1,1,1,0,1,data/cogar_sim_500_v2/instance_masks/v2/ann_00000551_img_000064_cat_plastic_object.png
65,000064.png,data/cogar_sim_500_v2/rgb/000064.png,552,4,glass_object,95.0,69.0,138.0,156.0,11473.0,dynamic_scene,1,1,1,0,1,data/cogar_sim_500_v2/instance_masks/v2/ann_00000552_img_000064_cat_glass_object.png
65,000064.png,data/cogar_sim_500_v2/rgb/000064.png,553,9,tool,168.0,211.0,28.0,220.0,5157.0,dynamic_scene,1,1,1,0,1,data/cogar_sim_500_v2/instance_masks/v2/ann_00000553_img_000064_cat_tool.png
65,000064.png,data/cogar_sim_500_v2/rgb/000064.png,554,2,robot_gripper,311.0,132.0,329.0,233.0,23927.0,dynamic_scene,1,1,1,0,1,data/cogar_sim_500_v2/instance_masks/v2/ann_00000554_img_000064_cat_robot_gripper.png
65,000064.png,data/cogar_sim_500_v2/rgb/000064.png,555,2,robot_gripper,371.0,177.0,77.0,81.0,2606.0,dynamic_scene,1,1,1,0,1,data/cogar_sim_500_v2/instance_masks/v2/ann_00000555_img_000064_cat_robot_gripper.png
65,000064.png,data/cogar_sim_500_v2/rgb/000064.png,556,2,robot_gripper,495.0,190.0,78.0,60.0,2535.0,dynamic_scene,1,1,1,0,1,data/cogar_sim_500_v2/instance_masks/v2/ann_00000556_img_000064_cat_robot_gripper.png
66,000065.png,data/cogar_sim_500_v2/rgb/000065.png,557,1,table,0.0,408.0,62.0,72.0,2276.0,reflective_metal,1,0,1,0,0,data/cogar_sim_500_v2/instance_masks/v2/ann_00000557_img_000065_cat_table.png
66,000065.png,data/cogar_sim_500_v2/rgb/000065.png,558,1,table,0.0,0.0,640.0,480.0,304924.0,reflective_metal,1,0,1,0,0,data/cogar_sim_500_v2/instance_masks/v2/ann_00000558_img_000065_cat_table.png
67,000066.png,data/cogar_sim_500_v2/rgb/000066.png,559,1,table,0.0,398.0,640.0,82.0,38965.0,transparent_glass,0,1,1,0,0,data/cogar_sim_500_v2/instance_masks/v2/ann_00000559_img_000066_cat_table.png
67,000066.png,data/cogar_sim_500_v2/rgb/000066.png,560,1,table,0.0,0.0,640.0,440.0,268235.0,transparent_glass,0,1,1,0,0,data/cogar_sim_500_v2/instance_masks/v2/ann_00000560_img_000066_cat_table.png
68,000067.png,data/cogar_sim_500_v2/rgb/000067.png,561,1,table,0.0,0.0,640.0,480.0,307200.0,partial_occlusion,1,0,1,1,0,data/cogar_sim_500_v2/instance_masks/v2/ann_00000561_img_000067_cat_table.png
69,000068.png,data/cogar_sim_500_v2/rgb/000068.png,562,1,table,0.0,7.0,640.0,473.0,184755.0,small_parts,1,0,1,1,0,data/cogar_sim_500_v2/instance_masks/v2/ann_00000562_img_000068_cat_table.png
69,000068.png,data/cogar_sim_500_v2/rgb/000068.png,563,1,table,0.0,0.0,569.0,244.0,69331.0,small_parts,1,0,1,1,0,data/cogar_sim_500_v2/instance_masks/v2/ann_00000563_img_000068_cat_table.png
69,000068.png,data/cogar_sim_500_v2/rgb/000068.png,564,6,screw,160.0,426.0,29.0,28.0,580.0,small_parts,1,0,1,1,0,data/cogar_sim_500_v2/instance_masks/v2/ann_00000564_img_000068_cat_screw.png
69,000068.png,data/cogar_sim_500_v2/rgb/000068.png,565,10,box,456.0,165.0,111.0,120.0,11555.0,small_parts,1,0,1,1,0,data/cogar_sim_500_v2/instance_masks/v2/ann_00000565_img_000068_cat_box.png
69,000068.png,data/cogar_sim_500_v2/rgb/000068.png,566,3,metal_part,77.0,301.0,91.0,68.0,4433.0,small_parts,1,0,1,1,0,data/cogar_sim_500_v2/instance_masks/v2/ann_00000566_img_000068_cat_metal_part.png
69,000068.png,data/cogar_sim_500_v2/rgb/000068.png,567,3,metal_part,350.0,66.0,78.0,98.0,1533.0,small_parts,1,0,1,1,0,data/cogar_sim_500_v2/instance_masks/v2/ann_00000567_img_000068_cat_metal_part.png
69,000068.png,data/cogar_sim_500_v2/rgb/000068.png,568,7,connector,448.0,204.0,13.0,36.0,297.0,small_parts,1,0,1,1,0,data/cogar_sim_500_v2/instance_masks/v2/ann_00000568_img_000068_cat_connector.png
69,000068.png,data/cogar_sim_500_v2/rgb/000068.png,569,9,tool,142.0,168.0,251.0,143.0,4451.0,small_parts,1,0,1,1,0,data/cogar_sim_500_v2/instance_masks/v2/ann_00000569_img_000068_cat_tool.png
69,000068.png,data/cogar_sim_500_v2/rgb/000068.png,570,6,screw,157.0,223.0,8.0,18.0,89.0,small_parts,1,0,1,1,0,data/cogar_sim_500_v2/instance_masks/v2/ann_00000570_img_000068_cat_screw.png
69,000068.png,data/cogar_sim_500_v2/rgb/000068.png,571,5,plastic_object,293.0,208.0,9.0,6.0,24.0,small_parts,1,0,1,1,0,data/cogar_sim_500_v2/instance_masks/v2/ann_00000571_img_000068_cat_plastic_object.png
69,000068.png,data/cogar_sim_500_v2/rgb/000068.png,572,8,cable,141.0,295.0,13.0,8.0,50.0,small_parts,1,0,1,1,0,data/cogar_sim_500_v2/instance_masks/v2/ann_00000572_img_000068_cat_cable.png
69,000068.png,data/cogar_sim_500_v2/rgb/000068.png,573,3,metal_part,232.0,332.0,42.0,49.0,1558.0,small_parts,1,0,1,1,0,data/cogar_sim_500_v2/instance_masks/v2/ann_00000573_img_000068_cat_metal_part.png
69,000068.png,data/cogar_sim_500_v2/rgb/000068.png,574,2,robot_gripper,160.0,69.0,258.0,207.0,20551.0,small_parts,1,0,1,1,0,data/cogar_sim_500_v2/instance_masks/v2/ann_00000574_img_000068_cat_robot_gripper.png
69,000068.png,data/cogar_sim_500_v2/rgb/000068.png,575,2,robot_gripper,223.0,124.0,57.0,164.0,3094.0,small_parts,1,0,1,1,0,data/cogar_sim_500_v2/instance_masks/v2/ann_00000575_img_000068_cat_robot_gripper.png
69,000068.png,data/cogar_sim_500_v2/rgb/000068.png,576,2,robot_gripper,300.0,94.0,49.0,158.0,3350.0,small_parts,1,0,1,1,0,data/cogar_sim_500_v2/instance_masks/v2/ann_00000576_img_000068_cat_robot_gripper.png
70,000069.png,data/cogar_sim_500_v2/rgb/000069.png,577,1,table,0.0,127.0,640.0,353.0,175685.0,dynamic_scene,1,0,1,0,1,data/cogar_sim_500_v2/instance_masks/v2/ann_00000577_img_000069_cat_table.png
70,000069.png,data/cogar_sim_500_v2/rgb/000069.png,578,1,table,0.0,0.0,640.0,191.0,87330.0,dynamic_scene,1,0,1,0,1,data/cogar_sim_500_v2/instance_masks/v2/ann_00000578_img_000069_cat_table.png
70,000069.png,data/cogar_sim_500_v2/rgb/000069.png,579,3,metal_part,386.0,257.0,29.0,18.0,417.0,dynamic_scene,1,0,1,0,1,data/cogar_sim_500_v2/instance_masks/v2/ann_00000579_img_000069_cat_metal_part.png
70,000069.png,data/cogar_sim_500_v2/rgb/000069.png,580,5,plastic_object,67.0,142.0,70.0,90.0,4519.0,dynamic_scene,1,0,1,0,1,data/cogar_sim_500_v2/instance_masks/v2/ann_00000580_img_000069_cat_plastic_object.png
70,000069.png,data/cogar_sim_500_v2/rgb/000069.png,581,8,cable,472.0,186.0,69.0,198.0,1991.0,dynamic_scene,1,0,1,0,1,data/cogar_sim_500_v2/instance_masks/v2/ann_00000581_img_000069_cat_cable.png
70,000069.png,data/cogar_sim_500_v2/rgb/000069.png,582,5,plastic_object,437.0,252.0,98.0,91.0,6979.0,dynamic_scene,1,0,1,0,1,data/cogar_sim_500_v2/instance_masks/v2/ann_00000582_img_000069_cat_plastic_object.png
70,000069.png,data/cogar_sim_500_v2/rgb/000069.png,583,8,cable,191.0,261.0,163.0,105.0,2593.0,dynamic_scene,1,0,1,0,1,data/cogar_sim_500_v2/instance_masks/v2/ann_00000583_img_000069_cat_cable.png
70,000069.png,data/cogar_sim_500_v2/rgb/000069.png,584,10,box,342.0,220.0,108.0,147.0,11992.0,dynamic_scene,1,0,1,0,1,data/cogar_sim_500_v2/instance_masks/v2/ann_00000584_img_000069_cat_box.png
70,000069.png,data/cogar_sim_500_v2/rgb/000069.png,585,2,robot_gripper,227.0,85.0,195.0,75.0,11805.0,dynamic_scene,1,0,1,0,1,data/cogar_sim_500_v2/instance_masks/v2/ann_00000585_img_000069_cat_robot_gripper.png
70,000069.png,data/cogar_sim_500_v2/rgb/000069.png,586,2,robot_gripper,268.0,156.0,29.0,52.0,1384.0,dynamic_scene,1,0,1,0,1,data/cogar_sim_500_v2/instance_masks/v2/ann_00000586_img_000069_cat_robot_gripper.png
70,000069.png,data/cogar_sim_500_v2/rgb/000069.png,587,2,robot_gripper,342.0,74.0,34.0,142.0,2505.0,dynamic_scene,1,0,1,0,1,data/cogar_sim_500_v2/instance_masks/v2/ann_00000587_img_000069_cat_robot_gripper.png
71,000070.png,data/cogar_sim_500_v2/rgb/000070.png,588,1,table,0.0,0.0,640.0,480.0,193333.0,reflective_metal,1,0,0,0,0,data/cogar_sim_500_v2/instance_masks/v2/ann_00000588_img_000070_cat_table.png
71,000070.png,data/cogar_sim_500_v2/rgb/000070.png,589,1,table,0.0,11.0,303.0,469.0,63949.0,reflective_metal,1,0,0,0,0,data/cogar_sim_500_v2/instance_masks/v2/ann_00000589_img_000070_cat_table.png
71,000070.png,data/cogar_sim_500_v2/rgb/000070.png,590,5,plastic_object,121.0,107.0,39.0,71.0,2108.0,reflective_metal,1,0,0,0,0,data/cogar_sim_500_v2/instance_masks/v2/ann_00000590_img_000070_cat_plastic_object.png
71,000070.png,data/cogar_sim_500_v2/rgb/000070.png,591,9,tool,194.0,304.0,68.0,37.0,1505.0,reflective_metal,1,0,0,0,0,data/cogar_sim_500_v2/instance_masks/v2/ann_00000591_img_000070_cat_tool.png
71,000070.png,data/cogar_sim_500_v2/rgb/000070.png,592,3,metal_part,173.0,127.0,80.0,73.0,4609.0,reflective_metal,1,0,0,0,0,data/cogar_sim_500_v2/instance_masks/v2/ann_00000592_img_000070_cat_metal_part.png
71,000070.png,data/cogar_sim_500_v2/rgb/000070.png,593,9,tool,351.0,358.0,30.0,116.0,2538.0,reflective_metal,1,0,0,0,0,data/cogar_sim_500_v2/instance_masks/v2/ann_00000593_img_000070_cat_tool.png
71,000070.png,data/cogar_sim_500_v2/rgb/000070.png,594,5,plastic_object,159.0,244.0,54.0,59.0,2029.0,reflective_metal,1,0,0,0,0,data/cogar_sim_500_v2/instance_masks/v2/ann_00000594_img_000070_cat_plastic_object.png
71,000070.png,data/cogar_sim_500_v2/rgb/000070.png,595,3,metal_part,448.0,222.0,93.0,86.0,5152.0,reflective_metal,1,0,0,0,0,data/cogar_sim_500_v2/instance_masks/v2/ann_00000595_img_000070_cat_metal_part.png
71,000070.png,data/cogar_sim_500_v2/rgb/000070.png,596,10,box,234.0,236.0,181.0,138.0,15920.0,reflective_metal,1,0,0,0,0,data/cogar_sim_500_v2/instance_masks/v2/ann_00000596_img_000070_cat_box.png
71,000070.png,data/cogar_sim_500_v2/rgb/000070.png,597,8,cable,236.0,346.0,96.0,40.0,1141.0,reflective_metal,1,0,0,0,0,data/cogar_sim_500_v2/instance_masks/v2/ann_00000597_img_000070_cat_cable.png
71,000070.png,data/cogar_sim_500_v2/rgb/000070.png,598,9,tool,370.0,342.0,240.0,62.0,6913.0,reflective_metal,1,0,0,0,0,data/cogar_sim_500_v2/instance_masks/v2/ann_00000598_img_000070_cat_tool.png
72,000071.png,data/cogar_sim_500_v2/rgb/000071.png,599,1,table,0.0,0.0,640.0,480.0,227046.0,transparent_glass,1,1,1,0,0,data/cogar_sim_500_v2/instance_masks/v2/ann_00000599_img_000071_cat_table.png
72,000071.png,data/cogar_sim_500_v2/rgb/000071.png,600,1,table,0.0,0.0,280.0,188.0,26470.0,transparent_glass,1,1,1,0,0,data/cogar_sim_500_v2/instance_masks/v2/ann_00000600_img_000071_cat_table.png
72,000071.png,data/cogar_sim_500_v2/rgb/000071.png,601,4,glass_object,118.0,209.0,83.0,47.0,2516.0,transparent_glass,1,1,1,0,0,data/cogar_sim_500_v2/instance_masks/v2/ann_00000601_img_000071_cat_glass_object.png
72,000071.png,data/cogar_sim_500_v2/rgb/000071.png,602,4,glass_object,213.0,350.0,119.0,120.0,10443.0,transparent_glass,1,1,1,0,0,data/cogar_sim_500_v2/instance_masks/v2/ann_00000602_img_000071_cat_glass_object.png
72,000071.png,data/cogar_sim_500_v2/rgb/000071.png,603,10,box,132.0,209.0,192.0,129.0,7736.0,transparent_glass,1,1,1,0,0,data/cogar_sim_500_v2/instance_masks/v2/ann_00000603_img_000071_cat_box.png
72,000071.png,data/cogar_sim_500_v2/rgb/000071.png,604,10,box,183.0,227.0,172.0,137.0,12735.0,transparent_glass,1,1,1,0,0,data/cogar_sim_500_v2/instance_masks/v2/ann_00000604_img_000071_cat_box.png
72,000071.png,data/cogar_sim_500_v2/rgb/000071.png,605,3,metal_part,507.0,107.0,52.0,35.0,1309.0,transparent_glass,1,1,1,0,0,data/cogar_sim_500_v2/instance_masks/v2/ann_00000605_img_000071_cat_metal_part.png
72,000071.png,data/cogar_sim_500_v2/rgb/000071.png,606,2,robot_gripper,122.0,154.0,324.0,57.0,16080.0,transparent_glass,1,1,1,0,0,data/cogar_sim_500_v2/instance_masks/v2/ann_00000606_img_000071_cat_robot_gripper.png
72,000071.png,data/cogar_sim_500_v2/rgb/000071.png,607,2,robot_gripper,216.0,168.0,41.0,49.0,1564.0,transparent_glass,1,1,1,0,0,data/cogar_sim_500_v2/instance_masks/v2/ann_00000607_img_000071_cat_robot_gripper.png
72,000071.png,data/cogar_sim_500_v2/rgb/000071.png,608,2,robot_gripper,294.0,113.0,32.0,42.0,1301.0,transparent_glass,1,1,1,0,0,data/cogar_sim_500_v2/instance_masks/v2/ann_00000608_img_000071_cat_robot_gripper.png
73,000072.png,data/cogar_sim_500_v2/rgb/000072.png,609,1,table,0.0,0.0,640.0,480.0,248337.0,partial_occlusion,1,1,1,1,0,data/cogar_sim_500_v2/instance_masks/v2/ann_00000609_img_000072_cat_table.png
73,000072.png,data/cogar_sim_500_v2/rgb/000072.png,610,3,metal_part,529.0,329.0,51.0,84.0,2232.0,partial_occlusion,1,1,1,1,0,data/cogar_sim_500_v2/instance_masks/v2/ann_00000610_img_000072_cat_metal_part.png
73,000072.png,data/cogar_sim_500_v2/rgb/000072.png,611,8,cable,393.0,124.0,94.0,166.0,1066.0,partial_occlusion,1,1,1,1,0,data/cogar_sim_500_v2/instance_masks/v2/ann_00000611_img_000072_cat_cable.png
73,000072.png,data/cogar_sim_500_v2/rgb/000072.png,612,6,screw,404.0,343.0,7.0,4.0,19.0,partial_occlusion,1,1,1,1,0,data/cogar_sim_500_v2/instance_masks/v2/ann_00000612_img_000072_cat_screw.png
73,000072.png,data/cogar_sim_500_v2/rgb/000072.png,613,10,box,299.0,0.0,101.0,132.0,13244.0,partial_occlusion,1,1,1,1,0,data/cogar_sim_500_v2/instance_masks/v2/ann_00000613_img_000072_cat_box.png
73,000072.png,data/cogar_sim_500_v2/rgb/000072.png,614,5,plastic_object,492.0,288.0,50.0,69.0,2821.0,partial_occlusion,1,1,1,1,0,data/cogar_sim_500_v2/instance_masks/v2/ann_00000614_img_000072_cat_plastic_object.png
73,000072.png,data/cogar_sim_500_v2/rgb/000072.png,615,10,box,348.0,342.0,129.0,138.0,10620.0,partial_occlusion,1,1,1,1,0,data/cogar_sim_500_v2/instance_masks/v2/ann_00000615_img_000072_cat_box.png
73,000072.png,data/cogar_sim_500_v2/rgb/000072.png,616,4,glass_object,223.0,264.0,116.0,124.0,8824.0,partial_occlusion,1,1,1,1,0,data/cogar_sim_500_v2/instance_masks/v2/ann_00000616_img_000072_cat_glass_object.png
73,000072.png,data/cogar_sim_500_v2/rgb/000072.png,617,4,glass_object,443.0,206.0,121.0,82.0,7700.0,partial_occlusion,1,1,1,1,0,data/cogar_sim_500_v2/instance_masks/v2/ann_00000617_img_000072_cat_glass_object.png
73,000072.png,data/cogar_sim_500_v2/rgb/000072.png,618,2,robot_gripper,264.0,147.0,189.0,194.0,10141.0,partial_occlusion,1,1,1,1,0,data/cogar_sim_500_v2/instance_masks/v2/ann_00000618_img_000072_cat_robot_gripper.png
73,000072.png,data/cogar_sim_500_v2/rgb/000072.png,619,2,robot_gripper,334.0,277.0,42.0,41.0,911.0,partial_occlusion,1,1,1,1,0,data/cogar_sim_500_v2/instance_masks/v2/ann_00000619_img_000072_cat_robot_gripper.png
73,000072.png,data/cogar_sim_500_v2/rgb/000072.png,620,2,robot_gripper,295.0,188.0,47.0,55.0,1285.0,partial_occlusion,1,1,1,1,0,data/cogar_sim_500_v2/instance_masks/v2/ann_00000620_img_000072_cat_robot_gripper.png
74,000073.png,data/cogar_sim_500_v2/rgb/000073.png,621,1,table,0.0,98.0,640.0,382.0,158729.0,small_parts,0,0,1,1,0,data/cogar_sim_500_v2/instance_masks/v2/ann_00000621_img_000073_cat_table.png
74,000073.png,data/cogar_sim_500_v2/rgb/000073.png,622,1,table,0.0,0.0,640.0,218.0,92345.0,small_parts,0,0,1,1,0,data/cogar_sim_500_v2/instance_masks/v2/ann_00000622_img_000073_cat_table.png
74,000073.png,data/cogar_sim_500_v2/rgb/000073.png,623,6,screw,129.0,259.0,20.0,22.0,296.0,small_parts,0,0,1,1,0,data/cogar_sim_500_v2/instance_masks/v2/ann_00000623_img_000073_cat_screw.png
74,000073.png,data/cogar_sim_500_v2/rgb/000073.png,624,8,cable,169.0,334.0,343.0,71.0,5931.0,small_parts,0,0,1,1,0,data/cogar_sim_500_v2/instance_masks/v2/ann_00000624_img_000073_cat_cable.png
74,000073.png,data/cogar_sim_500_v2/rgb/000073.png,625,6,screw,581.0,425.0,1.0,1.0,1.0,small_parts,0,0,1,1,0,data/cogar_sim_500_v2/instance_masks/v2/ann_00000625_img_000073_cat_screw.png
74,000073.png,data/cogar_sim_500_v2/rgb/000073.png,626,6,screw,532.0,232.0,20.0,33.0,501.0,small_parts,0,0,1,1,0,data/cogar_sim_500_v2/instance_masks/v2/ann_00000626_img_000073_cat_screw.png
74,000073.png,data/cogar_sim_500_v2/rgb/000073.png,627,10,box,243.0,136.0,130.0,117.0,1865.0,small_parts,0,0,1,1,0,data/cogar_sim_500_v2/instance_masks/v2/ann_00000627_img_000073_cat_box.png
74,000073.png,data/cogar_sim_500_v2/rgb/000073.png,628,6,screw,88.0,206.0,25.0,25.0,374.0,small_parts,0,0,1,1,0,data/cogar_sim_500_v2/instance_masks/v2/ann_00000628_img_000073_cat_screw.png
74,000073.png,data/cogar_sim_500_v2/rgb/000073.png,629,7,connector,511.0,387.0,104.0,93.0,5113.0,small_parts,0,0,1,1,0,data/cogar_sim_500_v2/instance_masks/v2/ann_00000629_img_000073_cat_connector.png
74,000073.png,data/cogar_sim_500_v2/rgb/000073.png,630,6,screw,71.0,207.0,24.0,21.0,304.0,small_parts,0,0,1,1,0,data/cogar_sim_500_v2/instance_masks/v2/ann_00000630_img_000073_cat_screw.png
74,000073.png,data/cogar_sim_500_v2/rgb/000073.png,631,5,plastic_object,212.0,149.0,39.0,65.0,1626.0,small_parts,0,0,1,1,0,data/cogar_sim_500_v2/instance_masks/v2/ann_00000631_img_000073_cat_plastic_object.png
74,000073.png,data/cogar_sim_500_v2/rgb/000073.png,632,8,cable,0.0,301.0,335.0,28.0,5230.0,small_parts,0,0,1,1,0,data/cogar_sim_500_v2/instance_masks/v2/ann_00000632_img_000073_cat_cable.png
74,000073.png,data/cogar_sim_500_v2/rgb/000073.png,633,6,screw,99.0,322.0,28.0,21.0,353.0,small_parts,0,0,1,1,0,data/cogar_sim_500_v2/instance_masks/v2/ann_00000633_img_000073_cat_screw.png
74,000073.png,data/cogar_sim_500_v2/rgb/000073.png,634,2,robot_gripper,230.0,93.0,251.0,209.0,21877.0,small_parts,0,0,1,1,0,data/cogar_sim_500_v2/instance_masks/v2/ann_00000634_img_000073_cat_robot_gripper.png
74,000073.png,data/cogar_sim_500_v2/rgb/000073.png,635,2,robot_gripper,270.0,106.0,57.0,197.0,7608.0,small_parts,0,0,1,1,0,data/cogar_sim_500_v2/instance_masks/v2/ann_00000635_img_000073_cat_robot_gripper.png
74,000073.png,data/cogar_sim_500_v2/rgb/000073.png,636,2,robot_gripper,367.0,120.0,68.0,214.0,5047.0,small_parts,0,0,1,1,0,data/cogar_sim_500_v2/instance_masks/v2/ann_00000636_img_000073_cat_robot_gripper.png
75,000074.png,data/cogar_sim_500_v2/rgb/000074.png,637,1,table,0.0,60.0,640.0,420.0,199848.0,dynamic_scene,0,0,0,1,1,data/cogar_sim_500_v2/instance_masks/v2/ann_00000637_img_000074_cat_table.png
75,000074.png,data/cogar_sim_500_v2/rgb/000074.png,638,1,table,312.0,0.0,328.0,345.0,66362.0,dynamic_scene,0,0,0,1,1,data/cogar_sim_500_v2/instance_masks/v2/ann_00000638_img_000074_cat_table.png
75,000074.png,data/cogar_sim_500_v2/rgb/000074.png,639,5,plastic_object,328.0,148.0,56.0,65.0,3127.0,dynamic_scene,0,0,0,1,1,data/cogar_sim_500_v2/instance_masks/v2/ann_00000639_img_000074_cat_plastic_object.png
75,000074.png,data/cogar_sim_500_v2/rgb/000074.png,640,5,plastic_object,258.0,329.0,72.0,99.0,6073.0,dynamic_scene,0,0,0,1,1,data/cogar_sim_500_v2/instance_masks/v2/ann_00000640_img_000074_cat_plastic_object.png
75,000074.png,data/cogar_sim_500_v2/rgb/000074.png,641,7,connector,301.0,179.0,27.0,29.0,530.0,dynamic_scene,0,0,0,1,1,data/cogar_sim_500_v2/instance_masks/v2/ann_00000641_img_000074_cat_connector.png
75,000074.png,data/cogar_sim_500_v2/rgb/000074.png,642,5,plastic_object,362.0,141.0,53.0,72.0,2227.0,dynamic_scene,0,0,0,1,1,data/cogar_sim_500_v2/instance_masks/v2/ann_00000642_img_000074_cat_plastic_object.png
75,000074.png,data/cogar_sim_500_v2/rgb/000074.png,643,5,plastic_object,418.0,256.0,48.0,74.0,3068.0,dynamic_scene,0,0,0,1,1,data/cogar_sim_500_v2/instance_masks/v2/ann_00000643_img_000074_cat_plastic_object.png
75,000074.png,data/cogar_sim_500_v2/rgb/000074.png,644,8,cable,236.0,166.0,27.0,83.0,608.0,dynamic_scene,0,0,0,1,1,data/cogar_sim_500_v2/instance_masks/v2/ann_00000644_img_000074_cat_cable.png
76,000075.png,data/cogar_sim_500_v2/rgb/000075.png,645,1,table,0.0,0.0,640.0,480.0,252464.0,reflective_metal,1,0,1,0,0,data/cogar_sim_500_v2/instance_masks/v2/ann_00000645_img_000075_cat_table.png
76,000075.png,data/cogar_sim_500_v2/rgb/000075.png,646,1,table,621.0,477.0,19.0,3.0,37.0,reflective_metal,1,0,1,0,0,data/cogar_sim_500_v2/instance_masks/v2/ann_00000646_img_000075_cat_table.png
76,000075.png,data/cogar_sim_500_v2/rgb/000075.png,647,3,metal_part,392.0,55.0,70.0,45.0,2285.0,reflective_metal,1,0,1,0,0,data/cogar_sim_500_v2/instance_masks/v2/ann_00000647_img_000075_cat_metal_part.png
76,000075.png,data/cogar_sim_500_v2/rgb/000075.png,648,5,plastic_object,70.0,323.0,140.0,137.0,10374.0,reflective_metal,1,0,1,0,0,data/cogar_sim_500_v2/instance_masks/v2/ann_00000648_img_000075_cat_plastic_object.png
76,000075.png,data/cogar_sim_500_v2/rgb/000075.png,649,3,metal_part,419.0,110.0,70.0,72.0,3873.0,reflective_metal,1,0,1,0,0,data/cogar_sim_500_v2/instance_masks/v2/ann_00000649_img_000075_cat_metal_part.png
76,000075.png,data/cogar_sim_500_v2/rgb/000075.png,650,5,plastic_object,190.0,308.0,48.0,60.0,2201.0,reflective_metal,1,0,1,0,0,data/cogar_sim_500_v2/instance_masks/v2/ann_00000650_img_000075_cat_plastic_object.png
76,000075.png,data/cogar_sim_500_v2/rgb/000075.png,651,3,metal_part,554.0,308.0,70.0,80.0,4699.0,reflective_metal,1,0,1,0,0,data/cogar_sim_500_v2/instance_masks/v2/ann_00000651_img_000075_cat_metal_part.png
76,000075.png,data/cogar_sim_500_v2/rgb/000075.png,652,9,tool,265.0,292.0,172.0,49.0,3779.0,reflective_metal,1,0,1,0,0,data/cogar_sim_500_v2/instance_masks/v2/ann_00000652_img_000075_cat_tool.png
76,000075.png,data/cogar_sim_500_v2/rgb/000075.png,653,9,tool,428.0,0.0,74.0,253.0,5830.0,reflective_metal,1,0,1,0,0,data/cogar_sim_500_v2/instance_masks/v2/ann_00000653_img_000075_cat_tool.png
76,000075.png,data/cogar_sim_500_v2/rgb/000075.png,654,2,robot_gripper,183.0,204.0,368.0,121.0,20498.0,reflective_metal,1,0,1,0,0,data/cogar_sim_500_v2/instance_masks/v2/ann_00000654_img_000075_cat_robot_gripper.png
76,000075.png,data/cogar_sim_500_v2/rgb/000075.png,655,2,robot_gripper,390.0,297.0,45.0,9.0,17.0,reflective_metal,1,0,1,0,0,data/cogar_sim_500_v2/instance_masks/v2/ann_00000655_img_000075_cat_robot_gripper.png
76,000075.png,data/cogar_sim_500_v2/rgb/000075.png,656,2,robot_gripper,298.0,282.0,39.0,39.0,1143.0,reflective_metal,1,0,1,0,0,data/cogar_sim_500_v2/instance_masks/v2/ann_00000656_img_000075_cat_robot_gripper.png
77,000076.png,data/cogar_sim_500_v2/rgb/000076.png,657,1,table,0.0,39.0,640.0,441.0,210514.0,transparent_glass,1,1,1,0,0,data/cogar_sim_500_v2/instance_masks/v2/ann_00000657_img_000076_cat_table.png
77,000076.png,data/cogar_sim_500_v2/rgb/000076.png,658,3,metal_part,509.0,241.0,88.0,108.0,7139.0,transparent_glass,1,1,1,0,0,data/cogar_sim_500_v2/instance_masks/v2/ann_00000658_img_000076_cat_metal_part.png
77,000076.png,data/cogar_sim_500_v2/rgb/000076.png,659,4,glass_object,319.0,101.0,77.0,137.0,2305.0,transparent_glass,1,1,1,0,0,data/cogar_sim_500_v2/instance_masks/v2/ann_00000659_img_000076_cat_glass_object.png
77,000076.png,data/cogar_sim_500_v2/rgb/000076.png,660,10,box,52.0,142.0,160.0,104.0,12295.0,transparent_glass,1,1,1,0,0,data/cogar_sim_500_v2/instance_masks/v2/ann_00000660_img_000076_cat_box.png
77,000076.png,data/cogar_sim_500_v2/rgb/000076.png,661,2,robot_gripper,200.0,87.0,248.0,116.0,14205.0,transparent_glass,1,1,1,0,0,data/cogar_sim_500_v2/instance_masks/v2/ann_00000661_img_000076_cat_robot_gripper.png
77,000076.png,data/cogar_sim_500_v2/rgb/000076.png,662,2,robot_gripper,288.0,98.0,38.0,126.0,1886.0,transparent_glass,1,1,1,0,0,data/cogar_sim_500_v2/instance_masks/v2/ann_00000662_img_000076_cat_robot_gripper.png
77,000076.png,data/cogar_sim_500_v2/rgb/000076.png,663,2,robot_gripper,335.0,101.0,41.0,152.0,3495.0,transparent_glass,1,1,1,0,0,data/cogar_sim_500_v2/instance_masks/v2/ann_00000663_img_000076_cat_robot_gripper.png
78,000077.png,data/cogar_sim_500_v2/rgb/000077.png,664,1,table,0.0,0.0,640.0,480.0,204605.0,partial_occlusion,1,0,1,1,0,data/cogar_sim_500_v2/instance_masks/v2/ann_00000664_img_000077_cat_table.png
78,000077.png,data/cogar_sim_500_v2/rgb/000077.png,665,1,table,269.0,0.0,371.0,336.0,62547.0,partial_occlusion,1,0,1,1,0,data/cogar_sim_500_v2/instance_masks/v2/ann_00000665_img_000077_cat_table.png
78,000077.png,data/cogar_sim_500_v2/rgb/000077.png,666,9,tool,181.0,162.0,266.0,93.0,5476.0,partial_occlusion,1,0,1,1,0,data/cogar_sim_500_v2/instance_masks/v2/ann_00000666_img_000077_cat_tool.png
78,000077.png,data/cogar_sim_500_v2/rgb/000077.png,667,9,tool,314.0,233.0,158.0,66.0,5579.0,partial_occlusion,1,0,1,1,0,data/cogar_sim_500_v2/instance_masks/v2/ann_00000667_img_000077_cat_tool.png
78,000077.png,data/cogar_sim_500_v2/rgb/000077.png,668,9,tool,154.0,128.0,94.0,81.0,1607.0,partial_occlusion,1,0,1,1,0,data/cogar_sim_500_v2/instance_masks/v2/ann_00000668_img_000077_cat_tool.png
78,000077.png,data/cogar_sim_500_v2/rgb/000077.png,669,8,cable,364.0,158.0,178.0,245.0,3510.0,partial_occlusion,1,0,1,1,0,data/cogar_sim_500_v2/instance_masks/v2/ann_00000669_img_000077_cat_cable.png
78,000077.png,data/cogar_sim_500_v2/rgb/000077.png,670,9,tool,89.0,159.0,158.0,43.0,4668.0,partial_occlusion,1,0,1,1,0,data/cogar_sim_500_v2/instance_masks/v2/ann_00000670_img_000077_cat_tool.png
78,000077.png,data/cogar_sim_500_v2/rgb/000077.png,671,6,screw,111.0,220.0,20.0,18.0,203.0,partial_occlusion,1,0,1,1,0,data/cogar_sim_500_v2/instance_masks/v2/ann_00000671_img_000077_cat_screw.png
78,000077.png,data/cogar_sim_500_v2/rgb/000077.png,672,5,plastic_object,368.0,141.0,45.0,51.0,2197.0,partial_occlusion,1,0,1,1,0,data/cogar_sim_500_v2/instance_masks/v2/ann_00000672_img_000077_cat_plastic_object.png
78,000077.png,data/cogar_sim_500_v2/rgb/000077.png,673,2,robot_gripper,246.0,69.0,79.0,155.0,7951.0,partial_occlusion,1,0,1,1,0,data/cogar_sim_500_v2/instance_masks/v2/ann_00000673_img_000077_cat_robot_gripper.png
78,000077.png,data/cogar_sim_500_v2/rgb/000077.png,674,2,robot_gripper,304.0,191.0,2.0,8.0,12.0,partial_occlusion,1,0,1,1,0,data/cogar_sim_500_v2/instance_masks/v2/ann_00000674_img_000077_cat_robot_gripper.png
78,000077.png,data/cogar_sim_500_v2/rgb/000077.png,675,2,robot_gripper,305.0,116.0,40.0,142.0,4714.0,partial_occlusion,1,0,1,1,0,data/cogar_sim_500_v2/instance_masks/v2/ann_00000675_img_000077_cat_robot_gripper.png
79,000078.png,data/cogar_sim_500_v2/rgb/000078.png,676,1,table,0.0,0.0,640.0,480.0,220737.0,small_parts,1,0,0,1,0,data/cogar_sim_500_v2/instance_masks/v2/ann_00000676_img_000078_cat_table.png
79,000078.png,data/cogar_sim_500_v2/rgb/000078.png,677,10,box,152.0,83.0,180.0,126.0,12875.0,small_parts,1,0,0,1,0,data/cogar_sim_500_v2/instance_masks/v2/ann_00000677_img_000078_cat_box.png
79,000078.png,data/cogar_sim_500_v2/rgb/000078.png,678,5,plastic_object,345.0,261.0,94.0,88.0,6258.0,small_parts,1,0,0,1,0,data/cogar_sim_500_v2/instance_masks/v2/ann_00000678_img_000078_cat_plastic_object.png
79,000078.png,data/cogar_sim_500_v2/rgb/000078.png,679,7,connector,498.0,145.0,80.0,49.0,2772.0,small_parts,1,0,0,1,0,data/cogar_sim_500_v2/instance_masks/v2/ann_00000679_img_000078_cat_connector.png
79,000078.png,data/cogar_sim_500_v2/rgb/000078.png,680,7,connector,96.0,228.0,59.0,53.0,2330.0,small_parts,1,0,0,1,0,data/cogar_sim_500_v2/instance_masks/v2/ann_00000680_img_000078_cat_connector.png
79,000078.png,data/cogar_sim_500_v2/rgb/000078.png,681,7,connector,211.0,375.0,93.0,104.0,5270.0,small_parts,1,0,0,1,0,data/cogar_sim_500_v2/instance_masks/v2/ann_00000681_img_000078_cat_connector.png
79,000078.png,data/cogar_sim_500_v2/rgb/000078.png,682,7,connector,575.0,143.0,65.0,60.0,2411.0,small_parts,1,0,0,1,0,data/cogar_sim_500_v2/instance_masks/v2/ann_00000682_img_000078_cat_connector.png
79,000078.png,data/cogar_sim_500_v2/rgb/000078.png,683,6,screw,518.0,235.0,23.0,28.0,458.0,small_parts,1,0,0,1,0,data/cogar_sim_500_v2/instance_masks/v2/ann_00000683_img_000078_cat_screw.png
79,000078.png,data/cogar_sim_500_v2/rgb/000078.png,684,10,box,135.0,155.0,185.0,234.0,29832.0,small_parts,1,0,0,1,0,data/cogar_sim_500_v2/instance_masks/v2/ann_00000684_img_000078_cat_box.png
79,000078.png,data/cogar_sim_500_v2/rgb/000078.png,685,6,screw,320.0,200.0,15.0,27.0,285.0,small_parts,1,0,0,1,0,data/cogar_sim_500_v2/instance_masks/v2/ann_00000685_img_000078_cat_screw.png
79,000078.png,data/cogar_sim_500_v2/rgb/000078.png,686,6,screw,539.0,149.0,9.0,3.0,14.0,small_parts,1,0,0,1,0,data/cogar_sim_500_v2/instance_masks/v2/ann_00000686_img_000078_cat_screw.png
79,000078.png,data/cogar_sim_500_v2/rgb/000078.png,687,9,tool,106.0,278.0,404.0,119.0,12063.0,small_parts,1,0,0,1,0,data/cogar_sim_500_v2/instance_masks/v2/ann_00000687_img_000078_cat_tool.png
79,000078.png,data/cogar_sim_500_v2/rgb/000078.png,688,6,screw,570.0,176.0,6.0,16.0,62.0,small_parts,1,0,0,1,0,data/cogar_sim_500_v2/instance_masks/v2/ann_00000688_img_000078_cat_screw.png
80,000079.png,data/cogar_sim_500_v2/rgb/000079.png,689,1,table,0.0,0.0,640.0,480.0,215310.0,dynamic_scene,1,1,1,0,1,data/cogar_sim_500_v2/instance_masks/v2/ann_00000689_img_000079_cat_table.png
80,000079.png,data/cogar_sim_500_v2/rgb/000079.png,690,9,tool,224.0,206.0,96.0,41.0,1052.0,dynamic_scene,1,1,1,0,1,data/cogar_sim_500_v2/instance_masks/v2/ann_00000690_img_000079_cat_tool.png
80,000079.png,data/cogar_sim_500_v2/rgb/000079.png,691,4,glass_object,0.0,125.0,92.0,192.0,10546.0,dynamic_scene,1,1,1,0,1,data/cogar_sim_500_v2/instance_masks/v2/ann_00000691_img_000079_cat_glass_object.png
80,000079.png,data/cogar_sim_500_v2/rgb/000079.png,692,3,metal_part,462.0,138.0,50.0,94.0,3276.0,dynamic_scene,1,1,1,0,1,data/cogar_sim_500_v2/instance_masks/v2/ann_00000692_img_000079_cat_metal_part.png
80,000079.png,data/cogar_sim_500_v2/rgb/000079.png,693,5,plastic_object,312.0,176.0,37.0,53.0,1575.0,dynamic_scene,1,1,1,0,1,data/cogar_sim_500_v2/instance_masks/v2/ann_00000693_img_000079_cat_plastic_object.png
80,000079.png,data/cogar_sim_500_v2/rgb/000079.png,694,10,box,28.0,175.0,192.0,230.0,30241.0,dynamic_scene,1,1,1,0,1,data/cogar_sim_500_v2/instance_masks/v2/ann_00000694_img_000079_cat_box.png
80,000079.png,data/cogar_sim_500_v2/rgb/000079.png,695,5,plastic_object,263.0,277.0,85.0,107.0,7124.0,dynamic_scene,1,1,1,0,1,data/cogar_sim_500_v2/instance_masks/v2/ann_00000695_img_000079_cat_plastic_object.png
80,000079.png,data/cogar_sim_500_v2/rgb/000079.png,696,2,robot_gripper,247.0,46.0,211.0,187.0,16064.0,dynamic_scene,1,1,1,0,1,data/cogar_sim_500_v2/instance_masks/v2/ann_00000696_img_000079_cat_robot_gripper.png
80,000079.png,data/cogar_sim_500_v2/rgb/000079.png,697,2,robot_gripper,347.0,158.0,62.0,129.0,4757.0,dynamic_scene,1,1,1,0,1,data/cogar_sim_500_v2/instance_masks/v2/ann_00000697_img_000079_cat_robot_gripper.png
80,000079.png,data/cogar_sim_500_v2/rgb/000079.png,698,2,robot_gripper,248.0,69.0,65.0,206.0,10612.0,dynamic_scene,1,1,1,0,1,data/cogar_sim_500_v2/instance_masks/v2/ann_00000698_img_000079_cat_robot_gripper.png
81,000080.png,data/cogar_sim_500_v2/rgb/000080.png,699,1,table,0.0,471.0,129.0,9.0,642.0,reflective_metal,1,0,1,0,0,data/cogar_sim_500_v2/instance_masks/v2/ann_00000699_img_000080_cat_table.png
81,000080.png,data/cogar_sim_500_v2/rgb/000080.png,700,1,table,0.0,0.0,640.0,480.0,306558.0,reflective_metal,1,0,1,0,0,data/cogar_sim_500_v2/instance_masks/v2/ann_00000700_img_000080_cat_table.png
82,000081.png,data/cogar_sim_500_v2/rgb/000081.png,701,1,table,0.0,0.0,640.0,480.0,207856.0,transparent_glass,0,1,1,0,0,data/cogar_sim_500_v2/instance_masks/v2/ann_00000701_img_000081_cat_table.png
82,000081.png,data/cogar_sim_500_v2/rgb/000081.png,702,1,table,0.0,0.0,150.0,480.0,45188.0,transparent_glass,0,1,1,0,0,data/cogar_sim_500_v2/instance_masks/v2/ann_00000702_img_000081_cat_table.png
82,000081.png,data/cogar_sim_500_v2/rgb/000081.png,703,8,cable,218.0,151.0,11.0,60.0,360.0,transparent_glass,0,1,1,0,0,data/cogar_sim_500_v2/instance_masks/v2/ann_00000703_img_000081_cat_cable.png
82,000081.png,data/cogar_sim_500_v2/rgb/000081.png,704,4,glass_object,400.0,181.0,101.0,169.0,12430.0,transparent_glass,0,1,1,0,0,data/cogar_sim_500_v2/instance_masks/v2/ann_00000704_img_000081_cat_glass_object.png
82,000081.png,data/cogar_sim_500_v2/rgb/000081.png,705,4,glass_object,343.0,149.0,52.0,117.0,4367.0,transparent_glass,0,1,1,0,0,data/cogar_sim_500_v2/instance_masks/v2/ann_00000705_img_000081_cat_glass_object.png
82,000081.png,data/cogar_sim_500_v2/rgb/000081.png,706,4,glass_object,150.0,191.0,85.0,118.0,7202.0,transparent_glass,0,1,1,0,0,data/cogar_sim_500_v2/instance_masks/v2/ann_00000706_img_000081_cat_glass_object.png
82,000081.png,data/cogar_sim_500_v2/rgb/000081.png,707,2,robot_gripper,178.0,74.0,191.0,129.0,10408.0,transparent_glass,0,1,1,0,0,data/cogar_sim_500_v2/instance_masks/v2/ann_00000707_img_000081_cat_robot_gripper.png
82,000081.png,data/cogar_sim_500_v2/rgb/000081.png,708,2,robot_gripper,240.0,128.0,44.0,123.0,4398.0,transparent_glass,0,1,1,0,0,data/cogar_sim_500_v2/instance_masks/v2/ann_00000708_img_000081_cat_robot_gripper.png
82,000081.png,data/cogar_sim_500_v2/rgb/000081.png,709,2,robot_gripper,226.0,147.0,18.0,54.0,668.0,transparent_glass,0,1,1,0,0,data/cogar_sim_500_v2/instance_masks/v2/ann_00000709_img_000081_cat_robot_gripper.png
83,000082.png,data/cogar_sim_500_v2/rgb/000082.png,710,1,table,0.0,0.0,640.0,480.0,227815.0,partial_occlusion,1,1,1,1,0,data/cogar_sim_500_v2/instance_masks/v2/ann_00000710_img_000082_cat_table.png
83,000082.png,data/cogar_sim_500_v2/rgb/000082.png,711,1,table,0.0,0.0,340.0,209.0,35576.0,partial_occlusion,1,1,1,1,0,data/cogar_sim_500_v2/instance_masks/v2/ann_00000711_img_000082_cat_table.png
83,000082.png,data/cogar_sim_500_v2/rgb/000082.png,712,3,metal_part,171.0,297.0,66.0,37.0,1238.0,partial_occlusion,1,1,1,1,0,data/cogar_sim_500_v2/instance_masks/v2/ann_00000712_img_000082_cat_metal_part.png
83,000082.png,data/cogar_sim_500_v2/rgb/000082.png,713,10,box,4.0,194.0,143.0,139.0,10979.0,partial_occlusion,1,1,1,1,0,data/cogar_sim_500_v2/instance_masks/v2/ann_00000713_img_000082_cat_box.png
83,000082.png,data/cogar_sim_500_v2/rgb/000082.png,714,8,cable,131.0,250.0,196.0,210.0,2381.0,partial_occlusion,1,1,1,1,0,data/cogar_sim_500_v2/instance_masks/v2/ann_00000714_img_000082_cat_cable.png
83,000082.png,data/cogar_sim_500_v2/rgb/000082.png,715,4,glass_object,360.0,358.0,99.0,62.0,4710.0,partial_occlusion,1,1,1,1,0,data/cogar_sim_500_v2/instance_masks/v2/ann_00000715_img_000082_cat_glass_object.png
83,000082.png,data/cogar_sim_500_v2/rgb/000082.png,716,7,connector,235.0,111.0,58.0,63.0,633.0,partial_occlusion,1,1,1,1,0,data/cogar_sim_500_v2/instance_masks/v2/ann_00000716_img_000082_cat_connector.png
83,000082.png,data/cogar_sim_500_v2/rgb/000082.png,717,10,box,359.0,274.0,146.0,133.0,10179.0,partial_occlusion,1,1,1,1,0,data/cogar_sim_500_v2/instance_masks/v2/ann_00000717_img_000082_cat_box.png
83,000082.png,data/cogar_sim_500_v2/rgb/000082.png,718,3,metal_part,187.0,121.0,89.0,68.0,3592.0,partial_occlusion,1,1,1,1,0,data/cogar_sim_500_v2/instance_masks/v2/ann_00000718_img_000082_cat_metal_part.png
83,000082.png,data/cogar_sim_500_v2/rgb/000082.png,719,2,robot_gripper,161.0,193.0,201.0,128.0,9248.0,partial_occlusion,1,1,1,1,0,data/cogar_sim_500_v2/instance_masks/v2/ann_00000719_img_000082_cat_robot_gripper.png
83,000082.png,data/cogar_sim_500_v2/rgb/000082.png,720,2,robot_gripper,195.0,241.0,38.0,20.0,336.0,partial_occlusion,1,1,1,1,0,data/cogar_sim_500_v2/instance_masks/v2/ann_00000720_img_000082_cat_robot_gripper.png
83,000082.png,data/cogar_sim_500_v2/rgb/000082.png,721,2,robot_gripper,268.0,196.0,32.0,28.0,513.0,partial_occlusion,1,1,1,1,0,data/cogar_sim_500_v2/instance_masks/v2/ann_00000721_img_000082_cat_robot_gripper.png
84,000083.png,data/cogar_sim_500_v2/rgb/000083.png,722,1,table,0.0,0.0,640.0,480.0,286335.0,small_parts,1,0,0,1,0,data/cogar_sim_500_v2/instance_masks/v2/ann_00000722_img_000083_cat_table.png
84,000083.png,data/cogar_sim_500_v2/rgb/000083.png,723,7,connector,117.0,21.0,56.0,45.0,1431.0,small_parts,1,0,0,1,0,data/cogar_sim_500_v2/instance_masks/v2/ann_00000723_img_000083_cat_connector.png
84,000083.png,data/cogar_sim_500_v2/rgb/000083.png,724,6,screw,334.0,91.0,13.0,23.0,220.0,small_parts,1,0,0,1,0,data/cogar_sim_500_v2/instance_masks/v2/ann_00000724_img_000083_cat_screw.png
84,000083.png,data/cogar_sim_500_v2/rgb/000083.png,725,3,metal_part,282.0,247.0,66.0,64.0,3529.0,small_parts,1,0,0,1,0,data/cogar_sim_500_v2/instance_masks/v2/ann_00000725_img_000083_cat_metal_part.png
84,000083.png,data/cogar_sim_500_v2/rgb/000083.png,726,6,screw,363.0,284.0,24.0,24.0,361.0,small_parts,1,0,0,1,0,data/cogar_sim_500_v2/instance_masks/v2/ann_00000726_img_000083_cat_screw.png
84,000083.png,data/cogar_sim_500_v2/rgb/000083.png,727,5,plastic_object,262.0,113.0,58.0,65.0,2244.0,small_parts,1,0,0,1,0,data/cogar_sim_500_v2/instance_masks/v2/ann_00000727_img_000083_cat_plastic_object.png
84,000083.png,data/cogar_sim_500_v2/rgb/000083.png,728,7,connector,61.0,74.0,44.0,72.0,1683.0,small_parts,1,0,0,1,0,data/cogar_sim_500_v2/instance_masks/v2/ann_00000728_img_000083_cat_connector.png
84,000083.png,data/cogar_sim_500_v2/rgb/000083.png,729,9,tool,222.0,143.0,202.0,50.0,6150.0,small_parts,1,0,0,1,0,data/cogar_sim_500_v2/instance_masks/v2/ann_00000729_img_000083_cat_tool.png
84,000083.png,data/cogar_sim_500_v2/rgb/000083.png,730,6,screw,270.0,124.0,7.0,10.0,37.0,small_parts,1,0,0,1,0,data/cogar_sim_500_v2/instance_masks/v2/ann_00000730_img_000083_cat_screw.png
84,000083.png,data/cogar_sim_500_v2/rgb/000083.png,731,8,cable,394.0,49.0,47.0,376.0,3708.0,small_parts,1,0,0,1,0,data/cogar_sim_500_v2/instance_masks/v2/ann_00000731_img_000083_cat_cable.png
84,000083.png,data/cogar_sim_500_v2/rgb/000083.png,732,7,connector,213.0,150.0,47.0,86.0,1502.0,small_parts,1,0,0,1,0,data/cogar_sim_500_v2/instance_masks/v2/ann_00000732_img_000083_cat_connector.png
85,000084.png,data/cogar_sim_500_v2/rgb/000084.png,733,1,table,0.0,0.0,640.0,480.0,217000.0,dynamic_scene,0,0,1,1,1,data/cogar_sim_500_v2/instance_masks/v2/ann_00000733_img_000084_cat_table.png
85,000084.png,data/cogar_sim_500_v2/rgb/000084.png,734,1,table,532.0,0.0,108.0,293.0,15981.0,dynamic_scene,0,0,1,1,1,data/cogar_sim_500_v2/instance_masks/v2/ann_00000734_img_000084_cat_table.png
85,000084.png,data/cogar_sim_500_v2/rgb/000084.png,735,5,plastic_object,444.0,228.0,103.0,94.0,7250.0,dynamic_scene,0,0,1,1,1,data/cogar_sim_500_v2/instance_masks/v2/ann_00000735_img_000084_cat_plastic_object.png
85,000084.png,data/cogar_sim_500_v2/rgb/000084.png,736,10,box,249.0,267.0,159.0,115.0,12647.0,dynamic_scene,0,0,1,1,1,data/cogar_sim_500_v2/instance_masks/v2/ann_00000736_img_000084_cat_box.png
85,000084.png,data/cogar_sim_500_v2/rgb/000084.png,737,10,box,180.0,147.0,169.0,180.0,13339.0,dynamic_scene,0,0,1,1,1,data/cogar_sim_500_v2/instance_masks/v2/ann_00000737_img_000084_cat_box.png
85,000084.png,data/cogar_sim_500_v2/rgb/000084.png,738,5,plastic_object,289.0,67.0,63.0,95.0,4452.0,dynamic_scene,0,0,1,1,1,data/cogar_sim_500_v2/instance_masks/v2/ann_00000738_img_000084_cat_plastic_object.png
85,000084.png,data/cogar_sim_500_v2/rgb/000084.png,739,5,plastic_object,353.0,0.0,72.0,30.0,1706.0,dynamic_scene,0,0,1,1,1,data/cogar_sim_500_v2/instance_masks/v2/ann_00000739_img_000084_cat_plastic_object.png
85,000084.png,data/cogar_sim_500_v2/rgb/000084.png,740,7,connector,109.0,235.0,83.0,88.0,3582.0,dynamic_scene,0,0,1,1,1,data/cogar_sim_500_v2/instance_masks/v2/ann_00000740_img_000084_cat_connector.png
85,000084.png,data/cogar_sim_500_v2/rgb/000084.png,741,8,cable,82.0,0.0,175.0,214.0,3080.0,dynamic_scene,0,0,1,1,1,data/cogar_sim_500_v2/instance_masks/v2/ann_00000741_img_000084_cat_cable.png
85,000084.png,data/cogar_sim_500_v2/rgb/000084.png,742,2,robot_gripper,334.0,115.0,182.0,365.0,23982.0,dynamic_scene,0,0,1,1,1,data/cogar_sim_500_v2/instance_masks/v2/ann_00000742_img_000084_cat_robot_gripper.png
85,000084.png,data/cogar_sim_500_v2/rgb/000084.png,743,2,robot_gripper,403.0,215.0,60.0,52.0,2048.0,dynamic_scene,0,0,1,1,1,data/cogar_sim_500_v2/instance_masks/v2/ann_00000743_img_000084_cat_robot_gripper.png
85,000084.png,data/cogar_sim_500_v2/rgb/000084.png,744,2,robot_gripper,442.0,331.0,61.0,53.0,2133.0,dynamic_scene,0,0,1,1,1,data/cogar_sim_500_v2/instance_masks/v2/ann_00000744_img_000084_cat_robot_gripper.png
86,000085.png,data/cogar_sim_500_v2/rgb/000085.png,745,1,table,0.0,0.0,640.0,480.0,274930.0,reflective_metal,1,0,0,1,0,data/cogar_sim_500_v2/instance_masks/v2/ann_00000745_img_000085_cat_table.png
86,000085.png,data/cogar_sim_500_v2/rgb/000085.png,746,9,tool,92.0,136.0,139.0,67.0,2950.0,reflective_metal,1,0,0,1,0,data/cogar_sim_500_v2/instance_masks/v2/ann_00000746_img_000085_cat_tool.png
86,000085.png,data/cogar_sim_500_v2/rgb/000085.png,747,9,tool,379.0,134.0,104.0,100.0,3170.0,reflective_metal,1,0,0,1,0,data/cogar_sim_500_v2/instance_masks/v2/ann_00000747_img_000085_cat_tool.png
86,000085.png,data/cogar_sim_500_v2/rgb/000085.png,748,7,connector,260.0,203.0,80.0,62.0,2657.0,reflective_metal,1,0,0,1,0,data/cogar_sim_500_v2/instance_masks/v2/ann_00000748_img_000085_cat_connector.png
86,000085.png,data/cogar_sim_500_v2/rgb/000085.png,749,3,metal_part,148.0,157.0,56.0,46.0,1968.0,reflective_metal,1,0,0,1,0,data/cogar_sim_500_v2/instance_masks/v2/ann_00000749_img_000085_cat_metal_part.png
86,000085.png,data/cogar_sim_500_v2/rgb/000085.png,750,3,metal_part,36.0,174.0,103.0,101.0,6172.0,reflective_metal,1,0,0,1,0,data/cogar_sim_500_v2/instance_masks/v2/ann_00000750_img_000085_cat_metal_part.png
86,000085.png,data/cogar_sim_500_v2/rgb/000085.png,751,8,cable,114.0,128.0,123.0,71.0,1214.0,reflective_metal,1,0,0,1,0,data/cogar_sim_500_v2/instance_masks/v2/ann_00000751_img_000085_cat_cable.png
87,000086.png,data/cogar_sim_500_v2/rgb/000086.png,752,1,table,0.0,18.0,640.0,462.0,197794.0,transparent_glass,0,1,1,1,0,data/cogar_sim_500_v2/instance_masks/v2/ann_00000752_img_000086_cat_table.png
87,000086.png,data/cogar_sim_500_v2/rgb/000086.png,753,10,box,122.0,148.0,129.0,195.0,20973.0,transparent_glass,0,1,1,1,0,data/cogar_sim_500_v2/instance_masks/v2/ann_00000753_img_000086_cat_box.png
87,000086.png,data/cogar_sim_500_v2/rgb/000086.png,754,7,connector,174.0,367.0,63.0,94.0,4690.0,transparent_glass,0,1,1,1,0,data/cogar_sim_500_v2/instance_masks/v2/ann_00000754_img_000086_cat_connector.png
87,000086.png,data/cogar_sim_500_v2/rgb/000086.png,755,10,box,333.0,159.0,149.0,142.0,9282.0,transparent_glass,0,1,1,1,0,data/cogar_sim_500_v2/instance_masks/v2/ann_00000755_img_000086_cat_box.png
87,000086.png,data/cogar_sim_500_v2/rgb/000086.png,756,8,cable,397.0,124.0,137.0,96.0,2201.0,transparent_glass,0,1,1,1,0,data/cogar_sim_500_v2/instance_masks/v2/ann_00000756_img_000086_cat_cable.png
87,000086.png,data/cogar_sim_500_v2/rgb/000086.png,757,4,glass_object,361.0,206.0,102.0,190.0,17411.0,transparent_glass,0,1,1,1,0,data/cogar_sim_500_v2/instance_masks/v2/ann_00000757_img_000086_cat_glass_object.png
87,000086.png,data/cogar_sim_500_v2/rgb/000086.png,758,2,robot_gripper,272.0,42.0,142.0,126.0,11190.0,transparent_glass,0,1,1,1,0,data/cogar_sim_500_v2/instance_masks/v2/ann_00000758_img_000086_cat_robot_gripper.png
87,000086.png,data/cogar_sim_500_v2/rgb/000086.png,759,2,robot_gripper,276.0,72.0,51.0,165.0,3937.0,transparent_glass,0,1,1,1,0,data/cogar_sim_500_v2/instance_masks/v2/ann_00000759_img_000086_cat_robot_gripper.png
87,000086.png,data/cogar_sim_500_v2/rgb/000086.png,760,2,robot_gripper,334.0,53.0,46.0,113.0,1045.0,transparent_glass,0,1,1,1,0,data/cogar_sim_500_v2/instance_masks/v2/ann_00000760_img_000086_cat_robot_gripper.png
88,000087.png,data/cogar_sim_500_v2/rgb/000087.png,761,1,table,0.0,125.0,640.0,355.0,189600.0,partial_occlusion,0,0,1,1,0,data/cogar_sim_500_v2/instance_masks/v2/ann_00000761_img_000087_cat_table.png
88,000087.png,data/cogar_sim_500_v2/rgb/000087.png,762,6,screw,430.0,225.0,3.0,7.0,17.0,partial_occlusion,0,0,1,1,0,data/cogar_sim_500_v2/instance_masks/v2/ann_00000762_img_000087_cat_screw.png
88,000087.png,data/cogar_sim_500_v2/rgb/000087.png,763,5,plastic_object,302.0,211.0,70.0,85.0,5072.0,partial_occlusion,0,0,1,1,0,data/cogar_sim_500_v2/instance_masks/v2/ann_00000763_img_000087_cat_plastic_object.png
88,000087.png,data/cogar_sim_500_v2/rgb/000087.png,764,7,connector,374.0,210.0,8.0,24.0,169.0,partial_occlusion,0,0,1,1,0,data/cogar_sim_500_v2/instance_masks/v2/ann_00000764_img_000087_cat_connector.png
88,000087.png,data/cogar_sim_500_v2/rgb/000087.png,765,5,plastic_object,190.0,175.0,48.0,63.0,2508.0,partial_occlusion,0,0,1,1,0,data/cogar_sim_500_v2/instance_masks/v2/ann_00000765_img_000087_cat_plastic_object.png
88,000087.png,data/cogar_sim_500_v2/rgb/000087.png,766,2,robot_gripper,253.0,87.0,244.0,101.0,15357.0,partial_occlusion,0,0,1,1,0,data/cogar_sim_500_v2/instance_masks/v2/ann_00000766_img_000087_cat_robot_gripper.png
88,000087.png,data/cogar_sim_500_v2/rgb/000087.png,767,2,robot_gripper,332.0,88.0,45.0,148.0,3074.0,partial_occlusion,0,0,1,1,0,data/cogar_sim_500_v2/instance_masks/v2/ann_00000767_img_000087_cat_robot_gripper.png
88,000087.png,data/cogar_sim_500_v2/rgb/000087.png,768,2,robot_gripper,383.0,93.0,53.0,183.0,5270.0,partial_occlusion,0,0,1,1,0,data/cogar_sim_500_v2/instance_masks/v2/ann_00000768_img_000087_cat_robot_gripper.png
89,000088.png,data/cogar_sim_500_v2/rgb/000088.png,769,1,table,0.0,58.0,640.0,422.0,226884.0,small_parts,1,0,1,1,0,data/cogar_sim_500_v2/instance_masks/v2/ann_00000769_img_000088_cat_table.png
89,000088.png,data/cogar_sim_500_v2/rgb/000088.png,770,7,connector,346.0,260.0,69.0,29.0,944.0,small_parts,1,0,1,1,0,data/cogar_sim_500_v2/instance_masks/v2/ann_00000770_img_000088_cat_connector.png
89,000088.png,data/cogar_sim_500_v2/rgb/000088.png,771,6,screw,210.0,269.0,27.0,22.0,389.0,small_parts,1,0,1,1,0,data/cogar_sim_500_v2/instance_masks/v2/ann_00000771_img_000088_cat_screw.png
89,000088.png,data/cogar_sim_500_v2/rgb/000088.png,772,7,connector,149.0,291.0,62.0,37.0,1766.0,small_parts,1,0,1,1,0,data/cogar_sim_500_v2/instance_masks/v2/ann_00000772_img_000088_cat_connector.png
89,000088.png,data/cogar_sim_500_v2/rgb/000088.png,773,5,plastic_object,315.0,123.0,61.0,59.0,3188.0,small_parts,1,0,1,1,0,data/cogar_sim_500_v2/instance_masks/v2/ann_00000773_img_000088_cat_plastic_object.png
89,000088.png,data/cogar_sim_500_v2/rgb/000088.png,774,6,screw,289.0,223.0,22.0,23.0,299.0,small_parts,1,0,1,1,0,data/cogar_sim_500_v2/instance_masks/v2/ann_00000774_img_000088_cat_screw.png
89,000088.png,data/cogar_sim_500_v2/rgb/000088.png,775,7,connector,155.0,231.0,56.0,38.0,1426.0,small_parts,1,0,1,1,0,data/cogar_sim_500_v2/instance_masks/v2/ann_00000775_img_000088_cat_connector.png
89,000088.png,data/cogar_sim_500_v2/rgb/000088.png,776,6,screw,336.0,181.0,20.0,11.0,118.0,small_parts,1,0,1,1,0,data/cogar_sim_500_v2/instance_masks/v2/ann_00000776_img_000088_cat_screw.png
89,000088.png,data/cogar_sim_500_v2/rgb/000088.png,777,8,cable,60.0,145.0,165.0,73.0,1574.0,small_parts,1,0,1,1,0,data/cogar_sim_500_v2/instance_masks/v2/ann_00000777_img_000088_cat_cable.png
89,000088.png,data/cogar_sim_500_v2/rgb/000088.png,778,9,tool,201.0,231.0,236.0,107.0,8236.0,small_parts,1,0,1,1,0,data/cogar_sim_500_v2/instance_masks/v2/ann_00000778_img_000088_cat_tool.png
89,000088.png,data/cogar_sim_500_v2/rgb/000088.png,779,7,connector,115.0,269.0,96.0,41.0,2507.0,small_parts,1,0,1,1,0,data/cogar_sim_500_v2/instance_masks/v2/ann_00000779_img_000088_cat_connector.png
89,000088.png,data/cogar_sim_500_v2/rgb/000088.png,780,7,connector,277.0,165.0,8.0,15.0,51.0,small_parts,1,0,1,1,0,data/cogar_sim_500_v2/instance_masks/v2/ann_00000780_img_000088_cat_connector.png
89,000088.png,data/cogar_sim_500_v2/rgb/000088.png,781,2,robot_gripper,211.0,64.0,99.0,129.0,8102.0,small_parts,1,0,1,1,0,data/cogar_sim_500_v2/instance_masks/v2/ann_00000781_img_000088_cat_robot_gripper.png
89,000088.png,data/cogar_sim_500_v2/rgb/000088.png,782,2,robot_gripper,219.0,86.0,54.0,199.0,5540.0,small_parts,1,0,1,1,0,data/cogar_sim_500_v2/instance_masks/v2/ann_00000782_img_000088_cat_robot_gripper.png
89,000088.png,data/cogar_sim_500_v2/rgb/000088.png,783,2,robot_gripper,217.0,57.0,46.0,170.0,1281.0,small_parts,1,0,1,1,0,data/cogar_sim_500_v2/instance_masks/v2/ann_00000783_img_000088_cat_robot_gripper.png
90,000089.png,data/cogar_sim_500_v2/rgb/000089.png,784,1,table,0.0,63.0,640.0,417.0,188558.0,dynamic_scene,1,0,1,1,1,data/cogar_sim_500_v2/instance_masks/v2/ann_00000784_img_000089_cat_table.png
90,000089.png,data/cogar_sim_500_v2/rgb/000089.png,785,1,table,24.0,0.0,616.0,234.0,86607.0,dynamic_scene,1,0,1,1,1,data/cogar_sim_500_v2/instance_masks/v2/ann_00000785_img_000089_cat_table.png
90,000089.png,data/cogar_sim_500_v2/rgb/000089.png,786,10,box,335.0,135.0,96.0,107.0,3886.0,dynamic_scene,1,0,1,1,1,data/cogar_sim_500_v2/instance_masks/v2/ann_00000786_img_000089_cat_box.png
90,000089.png,data/cogar_sim_500_v2/rgb/000089.png,787,3,metal_part,229.0,173.0,71.0,87.0,4024.0,dynamic_scene,1,0,1,1,1,data/cogar_sim_500_v2/instance_masks/v2/ann_00000787_img_000089_cat_metal_part.png
90,000089.png,data/cogar_sim_500_v2/rgb/000089.png,788,7,connector,238.0,281.0,88.0,35.0,2873.0,dynamic_scene,1,0,1,1,1,data/cogar_sim_500_v2/instance_masks/v2/ann_00000788_img_000089_cat_connector.png
90,000089.png,data/cogar_sim_500_v2/rgb/000089.png,789,5,plastic_object,388.0,340.0,78.0,88.0,5525.0,dynamic_scene,1,0,1,1,1,data/cogar_sim_500_v2/instance_masks/v2/ann_00000789_img_000089_cat_plastic_object.png
90,000089.png,data/cogar_sim_500_v2/rgb/000089.png,790,2,robot_gripper,231.0,97.0,162.0,141.0,10765.0,dynamic_scene,1,0,1,1,1,data/cogar_sim_500_v2/instance_masks/v2/ann_00000790_img_000089_cat_robot_gripper.png
90,000089.png,data/cogar_sim_500_v2/rgb/000089.png,791,2,robot_gripper,262.0,103.0,43.0,148.0,1664.0,dynamic_scene,1,0,1,1,1,data/cogar_sim_500_v2/instance_masks/v2/ann_00000791_img_000089_cat_robot_gripper.png
90,000089.png,data/cogar_sim_500_v2/rgb/000089.png,792,2,robot_gripper,328.0,143.0,44.0,117.0,1254.0,dynamic_scene,1,0,1,1,1,data/cogar_sim_500_v2/instance_masks/v2/ann_00000792_img_000089_cat_robot_gripper.png
91,000090.png,data/cogar_sim_500_v2/rgb/000090.png,793,1,table,377.0,331.0,263.0,149.0,19664.0,reflective_metal,1,0,0,0,0,data/cogar_sim_500_v2/instance_masks/v2/ann_00000793_img_000090_cat_table.png
91,000090.png,data/cogar_sim_500_v2/rgb/000090.png,794,1,table,0.0,0.0,640.0,480.0,287536.0,reflective_metal,1,0,0,0,0,data/cogar_sim_500_v2/instance_masks/v2/ann_00000794_img_000090_cat_table.png
92,000091.png,data/cogar_sim_500_v2/rgb/000091.png,795,1,table,468.0,213.0,172.0,267.0,23032.0,transparent_glass,0,1,1,0,0,data/cogar_sim_500_v2/instance_masks/v2/ann_00000795_img_000091_cat_table.png
92,000091.png,data/cogar_sim_500_v2/rgb/000091.png,796,1,table,0.0,0.0,640.0,480.0,284168.0,transparent_glass,0,1,1,0,0,data/cogar_sim_500_v2/instance_masks/v2/ann_00000796_img_000091_cat_table.png
93,000092.png,data/cogar_sim_500_v2/rgb/000092.png,797,1,table,530.0,176.0,110.0,304.0,16876.0,partial_occlusion,0,1,1,0,0,data/cogar_sim_500_v2/instance_masks/v2/ann_00000797_img_000092_cat_table.png
93,000092.png,data/cogar_sim_500_v2/rgb/000092.png,798,1,table,0.0,0.0,640.0,480.0,290324.0,partial_occlusion,0,1,1,0,0,data/cogar_sim_500_v2/instance_masks/v2/ann_00000798_img_000092_cat_table.png
94,000093.png,data/cogar_sim_500_v2/rgb/000093.png,799,1,table,488.0,273.0,152.0,207.0,15794.0,small_parts,0,0,1,1,0,data/cogar_sim_500_v2/instance_masks/v2/ann_00000799_img_000093_cat_table.png
94,000093.png,data/cogar_sim_500_v2/rgb/000093.png,800,1,table,0.0,0.0,640.0,480.0,291406.0,small_parts,0,0,1,1,0,data/cogar_sim_500_v2/instance_masks/v2/ann_00000800_img_000093_cat_table.png
95,000094.png,data/cogar_sim_500_v2/rgb/000094.png,801,1,table,7.0,0.0,633.0,480.0,248491.0,dynamic_scene,1,0,1,1,1,data/cogar_sim_500_v2/instance_masks/v2/ann_00000801_img_000094_cat_table.png
95,000094.png,data/cogar_sim_500_v2/rgb/000094.png,802,1,table,0.0,0.0,47.0,480.0,12830.0,dynamic_scene,1,0,1,1,1,data/cogar_sim_500_v2/instance_masks/v2/ann_00000802_img_000094_cat_table.png
95,000094.png,data/cogar_sim_500_v2/rgb/000094.png,803,3,metal_part,444.0,144.0,69.0,64.0,3274.0,dynamic_scene,1,0,1,1,1,data/cogar_sim_500_v2/instance_masks/v2/ann_00000803_img_000094_cat_metal_part.png
95,000094.png,data/cogar_sim_500_v2/rgb/000094.png,804,5,plastic_object,307.0,117.0,96.0,103.0,8292.0,dynamic_scene,1,0,1,1,1,data/cogar_sim_500_v2/instance_masks/v2/ann_00000804_img_000094_cat_plastic_object.png
95,000094.png,data/cogar_sim_500_v2/rgb/000094.png,805,2,robot_gripper,150.0,39.0,221.0,441.0,32470.0,dynamic_scene,1,0,1,1,1,data/cogar_sim_500_v2/instance_masks/v2/ann_00000805_img_000094_cat_robot_gripper.png
95,000094.png,data/cogar_sim_500_v2/rgb/000094.png,806,2,robot_gripper,194.0,303.0,55.0,54.0,1843.0,dynamic_scene,1,0,1,1,1,data/cogar_sim_500_v2/instance_masks/v2/ann_00000806_img_000094_cat_robot_gripper.png
96,000095.png,data/cogar_sim_500_v2/rgb/000095.png,807,1,table,0.0,57.0,640.0,423.0,170011.0,reflective_metal,1,0,0,0,0,data/cogar_sim_500_v2/instance_masks/v2/ann_00000807_img_000095_cat_table.png
96,000095.png,data/cogar_sim_500_v2/rgb/000095.png,808,1,table,0.0,0.0,594.0,256.0,90408.0,reflective_metal,1,0,0,0,0,data/cogar_sim_500_v2/instance_masks/v2/ann_00000808_img_000095_cat_table.png
96,000095.png,data/cogar_sim_500_v2/rgb/000095.png,809,3,metal_part,190.0,134.0,48.0,103.0,3051.0,reflective_metal,1,0,0,0,0,data/cogar_sim_500_v2/instance_masks/v2/ann_00000809_img_000095_cat_metal_part.png
96,000095.png,data/cogar_sim_500_v2/rgb/000095.png,810,8,cable,324.0,145.0,170.0,46.0,1161.0,reflective_metal,1,0,0,0,0,data/cogar_sim_500_v2/instance_masks/v2/ann_00000810_img_000095_cat_cable.png
96,000095.png,data/cogar_sim_500_v2/rgb/000095.png,811,10,box,461.0,153.0,152.0,118.0,15109.0,reflective_metal,1,0,0,0,0,data/cogar_sim_500_v2/instance_masks/v2/ann_00000811_img_000095_cat_box.png
96,000095.png,data/cogar_sim_500_v2/rgb/000095.png,812,9,tool,359.0,132.0,45.0,119.0,3447.0,reflective_metal,1,0,0,0,0,data/cogar_sim_500_v2/instance_masks/v2/ann_00000812_img_000095_cat_tool.png
96,000095.png,data/cogar_sim_500_v2/rgb/000095.png,813,9,tool,197.0,264.0,160.0,98.0,5636.0,reflective_metal,1,0,0,0,0,data/cogar_sim_500_v2/instance_masks/v2/ann_00000813_img_000095_cat_tool.png
96,000095.png,data/cogar_sim_500_v2/rgb/000095.png,814,3,metal_part,530.0,125.0,68.0,45.0,1587.0,reflective_metal,1,0,0,0,0,data/cogar_sim_500_v2/instance_masks/v2/ann_00000814_img_000095_cat_metal_part.png
96,000095.png,data/cogar_sim_500_v2/rgb/000095.png,815,10,box,225.0,171.0,155.0,116.0,13489.0,reflective_metal,1,0,0,0,0,data/cogar_sim_500_v2/instance_masks/v2/ann_00000815_img_000095_cat_box.png
97,000096.png,data/cogar_sim_500_v2/rgb/000096.png,816,1,table,0.0,83.0,640.0,397.0,186162.0,transparent_glass,1,1,0,1,0,data/cogar_sim_500_v2/instance_masks/v2/ann_00000816_img_000096_cat_table.png
97,000096.png,data/cogar_sim_500_v2/rgb/000096.png,817,4,glass_object,367.0,148.0,65.0,139.0,7092.0,transparent_glass,1,1,0,1,0,data/cogar_sim_500_v2/instance_masks/v2/ann_00000817_img_000096_cat_glass_object.png
97,000096.png,data/cogar_sim_500_v2/rgb/000096.png,818,3,metal_part,346.0,236.0,45.0,97.0,4081.0,transparent_glass,1,1,0,1,0,data/cogar_sim_500_v2/instance_masks/v2/ann_00000818_img_000096_cat_metal_part.png
97,000096.png,data/cogar_sim_500_v2/rgb/000096.png,819,4,glass_object,265.0,74.0,76.0,141.0,8435.0,transparent_glass,1,1,0,1,0,data/cogar_sim_500_v2/instance_masks/v2/ann_00000819_img_000096_cat_glass_object.png
97,000096.png,data/cogar_sim_500_v2/rgb/000096.png,820,4,glass_object,202.0,88.0,76.0,116.0,6669.0,transparent_glass,1,1,0,1,0,data/cogar_sim_500_v2/instance_masks/v2/ann_00000820_img_000096_cat_glass_object.png
97,000096.png,data/cogar_sim_500_v2/rgb/000096.png,821,4,glass_object,163.0,177.0,119.0,153.0,15218.0,transparent_glass,1,1,0,1,0,data/cogar_sim_500_v2/instance_masks/v2/ann_00000821_img_000096_cat_glass_object.png
97,000096.png,data/cogar_sim_500_v2/rgb/000096.png,822,7,connector,317.0,197.0,50.0,25.0,1052.0,transparent_glass,1,1,0,1,0,data/cogar_sim_500_v2/instance_masks/v2/ann_00000822_img_000096_cat_connector.png
98,000097.png,data/cogar_sim_500_v2/rgb/000097.png,823,1,table,0.0,0.0,640.0,480.0,268595.0,partial_occlusion,0,1,1,1,0,data/cogar_sim_500_v2/instance_masks/v2/ann_00000823_img_000097_cat_table.png
98,000097.png,data/cogar_sim_500_v2/rgb/000097.png,824,8,cable,282.0,230.0,216.0,250.0,4508.0,partial_occlusion,0,1,1,1,0,data/cogar_sim_500_v2/instance_masks/v2/ann_00000824_img_000097_cat_cable.png
98,000097.png,data/cogar_sim_500_v2/rgb/000097.png,825,10,box,386.0,150.0,37.0,64.0,1181.0,partial_occlusion,0,1,1,1,0,data/cogar_sim_500_v2/instance_masks/v2/ann_00000825_img_000097_cat_box.png
98,000097.png,data/cogar_sim_500_v2/rgb/000097.png,826,8,cable,312.0,202.0,326.0,110.0,2999.0,partial_occlusion,0,1,1,1,0,data/cogar_sim_500_v2/instance_masks/v2/ann_00000826_img_000097_cat_cable.png
98,000097.png,data/cogar_sim_500_v2/rgb/000097.png,827,4,glass_object,191.0,213.0,95.0,146.0,11610.0,partial_occlusion,0,1,1,1,0,data/cogar_sim_500_v2/instance_masks/v2/ann_00000827_img_000097_cat_glass_object.png
98,000097.png,data/cogar_sim_500_v2/rgb/000097.png,828,7,connector,284.0,271.0,5.0,53.0,181.0,partial_occlusion,0,1,1,1,0,data/cogar_sim_500_v2/instance_masks/v2/ann_00000828_img_000097_cat_connector.png
98,000097.png,data/cogar_sim_500_v2/rgb/000097.png,829,5,plastic_object,166.0,208.0,52.0,89.0,2345.0,partial_occlusion,0,1,1,1,0,data/cogar_sim_500_v2/instance_masks/v2/ann_00000829_img_000097_cat_plastic_object.png
98,000097.png,data/cogar_sim_500_v2/rgb/000097.png,830,6,screw,211.0,203.0,12.0,13.0,138.0,partial_occlusion,0,1,1,1,0,data/cogar_sim_500_v2/instance_masks/v2/ann_00000830_img_000097_cat_screw.png
98,000097.png,data/cogar_sim_500_v2/rgb/000097.png,831,2,robot_gripper,319.0,103.0,106.0,185.0,10740.0,partial_occlusion,0,1,1,1,0,data/cogar_sim_500_v2/instance_masks/v2/ann_00000831_img_000097_cat_robot_gripper.png
98,000097.png,data/cogar_sim_500_v2/rgb/000097.png,832,2,robot_gripper,320.0,198.0,44.0,116.0,4219.0,partial_occlusion,0,1,1,1,0,data/cogar_sim_500_v2/instance_masks/v2/ann_00000832_img_000097_cat_robot_gripper.png
98,000097.png,data/cogar_sim_500_v2/rgb/000097.png,833,2,robot_gripper,324.0,131.0,13.0,71.0,640.0,partial_occlusion,0,1,1,1,0,data/cogar_sim_500_v2/instance_masks/v2/ann_00000833_img_000097_cat_robot_gripper.png
99,000098.png,data/cogar_sim_500_v2/rgb/000098.png,834,1,table,0.0,0.0,640.0,480.0,272600.0,small_parts,1,0,0,1,0,data/cogar_sim_500_v2/instance_masks/v2/ann_00000834_img_000098_cat_table.png
99,000098.png,data/cogar_sim_500_v2/rgb/000098.png,835,6,screw,324.0,354.0,19.0,18.0,268.0,small_parts,1,0,0,1,0,data/cogar_sim_500_v2/instance_masks/v2/ann_00000835_img_000098_cat_screw.png
99,000098.png,data/cogar_sim_500_v2/rgb/000098.png,836,7,connector,512.0,321.0,35.0,70.0,1966.0,small_parts,1,0,0,1,0,data/cogar_sim_500_v2/instance_masks/v2/ann_00000836_img_000098_cat_connector.png
99,000098.png,data/cogar_sim_500_v2/rgb/000098.png,837,3,metal_part,197.0,377.0,66.0,103.0,5537.0,small_parts,1,0,0,1,0,data/cogar_sim_500_v2/instance_masks/v2/ann_00000837_img_000098_cat_metal_part.png
99,000098.png,data/cogar_sim_500_v2/rgb/000098.png,838,6,screw,315.0,332.0,22.0,24.0,339.0,small_parts,1,0,0,1,0,data/cogar_sim_500_v2/instance_masks/v2/ann_00000838_img_000098_cat_screw.png
99,000098.png,data/cogar_sim_500_v2/rgb/000098.png,839,6,screw,184.0,207.0,32.0,19.0,433.0,small_parts,1,0,0,1,0,data/cogar_sim_500_v2/instance_masks/v2/ann_00000839_img_000098_cat_screw.png
99,000098.png,data/cogar_sim_500_v2/rgb/000098.png,840,6,screw,193.0,201.0,15.0,11.0,113.0,small_parts,1,0,0,1,0,data/cogar_sim_500_v2/instance_masks/v2/ann_00000840_img_000098_cat_screw.png
99,000098.png,data/cogar_sim_500_v2/rgb/000098.png,841,6,screw,371.0,317.0,24.0,19.0,315.0,small_parts,1,0,0,1,0,data/cogar_sim_500_v2/instance_masks/v2/ann_00000841_img_000098_cat_screw.png
99,000098.png,data/cogar_sim_500_v2/rgb/000098.png,842,6,screw,153.0,328.0,25.0,20.0,394.0,small_parts,1,0,0,1,0,data/cogar_sim_500_v2/instance_masks/v2/ann_00000842_img_000098_cat_screw.png
99,000098.png,data/cogar_sim_500_v2/rgb/000098.png,843,5,plastic_object,226.0,333.0,93.0,105.0,6361.0,small_parts,1,0,0,1,0,data/cogar_sim_500_v2/instance_masks/v2/ann_00000843_img_000098_cat_plastic_object.png
99,000098.png,data/cogar_sim_500_v2/rgb/000098.png,844,3,metal_part,216.0,153.0,53.0,72.0,2877.0,small_parts,1,0,0,1,0,data/cogar_sim_500_v2/instance_masks/v2/ann_00000844_img_000098_cat_metal_part.png
99,000098.png,data/cogar_sim_500_v2/rgb/000098.png,845,7,connector,348.0,115.0,64.0,46.0,1641.0,small_parts,1,0,0,1,0,data/cogar_sim_500_v2/instance_masks/v2/ann_00000845_img_000098_cat_connector.png
99,000098.png,data/cogar_sim_500_v2/rgb/000098.png,846,7,connector,503.0,385.0,80.0,51.0,2982.0,small_parts,1,0,0,1,0,data/cogar_sim_500_v2/instance_masks/v2/ann_00000846_img_000098_cat_connector.png
99,000098.png,data/cogar_sim_500_v2/rgb/000098.png,847,7,connector,212.0,338.0,39.0,33.0,895.0,small_parts,1,0,0,1,0,data/cogar_sim_500_v2/instance_masks/v2/ann_00000847_img_000098_cat_connector.png
99,000098.png,data/cogar_sim_500_v2/rgb/000098.png,848,6,screw,365.0,275.0,19.0,29.0,431.0,small_parts,1,0,0,1,0,data/cogar_sim_500_v2/instance_masks/v2/ann_00000848_img_000098_cat_screw.png
100,000099.png,data/cogar_sim_500_v2/rgb/000099.png,849,1,table,0.0,88.0,640.0,392.0,198735.0,dynamic_scene,1,0,1,0,1,data/cogar_sim_500_v2/instance_masks/v2/ann_00000849_img_000099_cat_table.png
100,000099.png,data/cogar_sim_500_v2/rgb/000099.png,850,1,table,0.0,0.0,640.0,162.0,78661.0,dynamic_scene,1,0,1,0,1,data/cogar_sim_500_v2/instance_masks/v2/ann_00000850_img_000099_cat_table.png
100,000099.png,data/cogar_sim_500_v2/rgb/000099.png,851,10,box,305.0,196.0,123.0,95.0,9509.0,dynamic_scene,1,0,1,0,1,data/cogar_sim_500_v2/instance_masks/v2/ann_00000851_img_000099_cat_box.png
100,000099.png,data/cogar_sim_500_v2/rgb/000099.png,852,3,metal_part,489.0,233.0,38.0,57.0,1653.0,dynamic_scene,1,0,1,0,1,data/cogar_sim_500_v2/instance_masks/v2/ann_00000852_img_000099_cat_metal_part.png
100,000099.png,data/cogar_sim_500_v2/rgb/000099.png,853,2,robot_gripper,223.0,130.0,275.0,66.0,17557.0,dynamic_scene,1,0,1,0,1,data/cogar_sim_500_v2/instance_masks/v2/ann_00000853_img_000099_cat_robot_gripper.png
100,000099.png,data/cogar_sim_500_v2/rgb/000099.png,854,2,robot_gripper,309.0,115.0,27.0,91.0,704.0,dynamic_scene,1,0,1,0,1,data/cogar_sim_500_v2/instance_masks/v2/ann_00000854_img_000099_cat_robot_gripper.png
100,000099.png,data/cogar_sim_500_v2/rgb/000099.png,855,2,robot_gripper,387.0,196.0,28.0,14.0,381.0,dynamic_scene,1,0,1,0,1,data/cogar_sim_500_v2/instance_masks/v2/ann_00000855_img_000099_cat_robot_gripper.png
101,000100.png,data/cogar_sim_500_v2/rgb/000100.png,856,1,table,0.0,392.0,140.0,88.0,6212.0,reflective_metal,1,0,0,1,0,data/cogar_sim_500_v2/instance_masks/v2/ann_00000856_img_000100_cat_table.png
101,000100.png,data/cogar_sim_500_v2/rgb/000100.png,857,1,table,0.0,0.0,640.0,480.0,300988.0,reflective_metal,1,0,0,1,0,data/cogar_sim_500_v2/instance_masks/v2/ann_00000857_img_000100_cat_table.png
102,000101.png,data/cogar_sim_500_v2/rgb/000101.png,858,1,table,80.0,355.0,560.0,125.0,34995.0,transparent_glass,0,1,0,1,0,data/cogar_sim_500_v2/instance_masks/v2/ann_00000858_img_000101_cat_table.png
102,000101.png,data/cogar_sim_500_v2/rgb/000101.png,859,1,table,0.0,0.0,640.0,480.0,271808.0,transparent_glass,0,1,0,1,0,data/cogar_sim_500_v2/instance_masks/v2/ann_00000859_img_000101_cat_table.png
102,000101.png,data/cogar_sim_500_v2/rgb/000101.png,860,8,cable,205.0,433.0,24.0,23.0,397.0,transparent_glass,0,1,0,1,0,data/cogar_sim_500_v2/instance_masks/v2/ann_00000860_img_000101_cat_cable.png
103,000102.png,data/cogar_sim_500_v2/rgb/000102.png,861,1,table,0.0,0.0,640.0,480.0,207393.0,partial_occlusion,0,1,1,1,0,data/cogar_sim_500_v2/instance_masks/v2/ann_00000861_img_000102_cat_table.png
103,000102.png,data/cogar_sim_500_v2/rgb/000102.png,862,1,table,502.0,348.0,138.0,132.0,9177.0,partial_occlusion,0,1,1,1,0,data/cogar_sim_500_v2/instance_masks/v2/ann_00000862_img_000102_cat_table.png
103,000102.png,data/cogar_sim_500_v2/rgb/000102.png,863,6,screw,219.0,447.0,28.0,33.0,696.0,partial_occlusion,0,1,1,1,0,data/cogar_sim_500_v2/instance_masks/v2/ann_00000863_img_000102_cat_screw.png
103,000102.png,data/cogar_sim_500_v2/rgb/000102.png,864,10,box,160.0,163.0,182.0,201.0,14932.0,partial_occlusion,0,1,1,1,0,data/cogar_sim_500_v2/instance_masks/v2/ann_00000864_img_000102_cat_box.png
103,000102.png,data/cogar_sim_500_v2/rgb/000102.png,865,4,glass_object,122.0,39.0,144.0,135.0,16146.0,partial_occlusion,0,1,1,1,0,data/cogar_sim_500_v2/instance_masks/v2/ann_00000865_img_000102_cat_glass_object.png
103,000102.png,data/cogar_sim_500_v2/rgb/000102.png,866,10,box,116.0,0.0,237.0,188.0,15797.0,partial_occlusion,0,1,1,1,0,data/cogar_sim_500_v2/instance_masks/v2/ann_00000866_img_000102_cat_box.png
103,000102.png,data/cogar_sim_500_v2/rgb/000102.png,867,10,box,138.0,181.0,156.0,116.0,11149.0,partial_occlusion,0,1,1,1,0,data/cogar_sim_500_v2/instance_masks/v2/ann_00000867_img_000102_cat_box.png
103,000102.png,data/cogar_sim_500_v2/rgb/000102.png,868,7,connector,338.0,218.0,37.0,40.0,687.0,partial_occlusion,0,1,1,1,0,data/cogar_sim_500_v2/instance_masks/v2/ann_00000868_img_000102_cat_connector.png
103,000102.png,data/cogar_sim_500_v2/rgb/000102.png,869,2,robot_gripper,187.0,104.0,356.0,351.0,27834.0,partial_occlusion,0,1,1,1,0,data/cogar_sim_500_v2/instance_masks/v2/ann_00000869_img_000102_cat_robot_gripper.png
103,000102.png,data/cogar_sim_500_v2/rgb/000102.png,870,2,robot_gripper,409.0,244.0,56.0,45.0,1181.0,partial_occlusion,0,1,1,1,0,data/cogar_sim_500_v2/instance_masks/v2/ann_00000870_img_000102_cat_robot_gripper.png
103,000102.png,data/cogar_sim_500_v2/rgb/000102.png,871,2,robot_gripper,308.0,310.0,66.0,67.0,2208.0,partial_occlusion,0,1,1,1,0,data/cogar_sim_500_v2/instance_masks/v2/ann_00000871_img_000102_cat_robot_gripper.png
104,000103.png,data/cogar_sim_500_v2/rgb/000103.png,872,1,table,405.0,176.0,235.0,304.0,35796.0,small_parts,1,0,1,1,0,data/cogar_sim_500_v2/instance_masks/v2/ann_00000872_img_000103_cat_table.png
104,000103.png,data/cogar_sim_500_v2/rgb/000103.png,873,1,table,0.0,0.0,640.0,480.0,248836.0,small_parts,1,0,1,1,0,data/cogar_sim_500_v2/instance_masks/v2/ann_00000873_img_000103_cat_table.png
105,000104.png,data/cogar_sim_500_v2/rgb/000104.png,874,1,table,0.0,0.0,640.0,480.0,244152.0,dynamic_scene,1,0,1,0,1,data/cogar_sim_500_v2/instance_masks/v2/ann_00000874_img_000104_cat_table.png
105,000104.png,data/cogar_sim_500_v2/rgb/000104.png,875,5,plastic_object,297.0,75.0,47.0,89.0,2856.0,dynamic_scene,1,0,1,0,1,data/cogar_sim_500_v2/instance_masks/v2/ann_00000875_img_000104_cat_plastic_object.png
105,000104.png,data/cogar_sim_500_v2/rgb/000104.png,876,5,plastic_object,303.0,312.0,136.0,168.0,17139.0,dynamic_scene,1,0,1,0,1,data/cogar_sim_500_v2/instance_masks/v2/ann_00000876_img_000104_cat_plastic_object.png
105,000104.png,data/cogar_sim_500_v2/rgb/000104.png,877,5,plastic_object,357.0,105.0,90.0,111.0,7220.0,dynamic_scene,1,0,1,0,1,data/cogar_sim_500_v2/instance_masks/v2/ann_00000877_img_000104_cat_plastic_object.png
105,000104.png,data/cogar_sim_500_v2/rgb/000104.png,878,9,tool,375.0,110.0,55.0,116.0,921.0,dynamic_scene,1,0,1,0,1,data/cogar_sim_500_v2/instance_masks/v2/ann_00000878_img_000104_cat_tool.png
105,000104.png,data/cogar_sim_500_v2/rgb/000104.png,879,2,robot_gripper,214.0,11.0,103.0,196.0,11937.0,dynamic_scene,1,0,1,0,1,data/cogar_sim_500_v2/instance_masks/v2/ann_00000879_img_000104_cat_robot_gripper.png
105,000104.png,data/cogar_sim_500_v2/rgb/000104.png,880,2,robot_gripper,218.0,61.0,62.0,226.0,7515.0,dynamic_scene,1,0,1,0,1,data/cogar_sim_500_v2/instance_masks/v2/ann_00000880_img_000104_cat_robot_gripper.png
105,000104.png,data/cogar_sim_500_v2/rgb/000104.png,881,2,robot_gripper,195.0,56.0,32.0,147.0,3092.0,dynamic_scene,1,0,1,0,1,data/cogar_sim_500_v2/instance_masks/v2/ann_00000881_img_000104_cat_robot_gripper.png
106,000105.png,data/cogar_sim_500_v2/rgb/000105.png,882,1,table,0.0,0.0,544.0,480.0,214365.0,reflective_metal,1,0,0,1,0,data/cogar_sim_500_v2/instance_masks/v2/ann_00000882_img_000105_cat_table.png
106,000105.png,data/cogar_sim_500_v2/rgb/000105.png,883,1,table,493.0,0.0,147.0,480.0,57862.0,reflective_metal,1,0,0,1,0,data/cogar_sim_500_v2/instance_masks/v2/ann_00000883_img_000105_cat_table.png
106,000105.png,data/cogar_sim_500_v2/rgb/000105.png,884,5,plastic_object,137.0,281.0,55.0,62.0,2339.0,reflective_metal,1,0,0,1,0,data/cogar_sim_500_v2/instance_masks/v2/ann_00000884_img_000105_cat_plastic_object.png
106,000105.png,data/cogar_sim_500_v2/rgb/000105.png,885,9,tool,341.0,36.0,202.0,68.0,6430.0,reflective_metal,1,0,0,1,0,data/cogar_sim_500_v2/instance_masks/v2/ann_00000885_img_000105_cat_tool.png
106,000105.png,data/cogar_sim_500_v2/rgb/000105.png,886,5,plastic_object,119.0,361.0,78.0,69.0,4004.0,reflective_metal,1,0,0,1,0,data/cogar_sim_500_v2/instance_masks/v2/ann_00000886_img_000105_cat_plastic_object.png
106,000105.png,data/cogar_sim_500_v2/rgb/000105.png,887,3,metal_part,166.0,102.0,71.0,73.0,2755.0,reflective_metal,1,0,0,1,0,data/cogar_sim_500_v2/instance_masks/v2/ann_00000887_img_000105_cat_metal_part.png
106,000105.png,data/cogar_sim_500_v2/rgb/000105.png,888,6,screw,315.0,270.0,25.0,25.0,353.0,reflective_metal,1,0,0,1,0,data/cogar_sim_500_v2/instance_masks/v2/ann_00000888_img_000105_cat_screw.png
106,000105.png,data/cogar_sim_500_v2/rgb/000105.png,889,9,tool,352.0,0.0,185.0,154.0,4715.0,reflective_metal,1,0,0,1,0,data/cogar_sim_500_v2/instance_masks/v2/ann_00000889_img_000105_cat_tool.png
106,000105.png,data/cogar_sim_500_v2/rgb/000105.png,890,3,metal_part,249.0,329.0,85.0,72.0,5051.0,reflective_metal,1,0,0,1,0,data/cogar_sim_500_v2/instance_masks/v2/ann_00000890_img_000105_cat_metal_part.png
106,000105.png,data/cogar_sim_500_v2/rgb/000105.png,891,9,tool,328.0,250.0,143.0,32.0,2800.0,reflective_metal,1,0,0,1,0,data/cogar_sim_500_v2/instance_masks/v2/ann_00000891_img_000105_cat_tool.png
106,000105.png,data/cogar_sim_500_v2/rgb/000105.png,892,5,plastic_object,208.0,72.0,54.0,61.0,2211.0,reflective_metal,1,0,0,1,0,data/cogar_sim_500_v2/instance_masks/v2/ann_00000892_img_000105_cat_plastic_object.png
106,000105.png,data/cogar_sim_500_v2/rgb/000105.png,893,9,tool,325.0,72.0,78.0,142.0,4315.0,reflective_metal,1,0,0,1,0,data/cogar_sim_500_v2/instance_masks/v2/ann_00000893_img_000105_cat_tool.png
107,000106.png,data/cogar_sim_500_v2/rgb/000106.png,894,1,table,0.0,97.0,640.0,383.0,197749.0,transparent_glass,0,1,1,0,0,data/cogar_sim_500_v2/instance_masks/v2/ann_00000894_img_000106_cat_table.png
107,000106.png,data/cogar_sim_500_v2/rgb/000106.png,895,4,glass_object,403.0,176.0,85.0,120.0,7162.0,transparent_glass,0,1,1,0,0,data/cogar_sim_500_v2/instance_masks/v2/ann_00000895_img_000106_cat_glass_object.png
107,000106.png,data/cogar_sim_500_v2/rgb/000106.png,896,4,glass_object,130.0,101.0,70.0,153.0,8611.0,transparent_glass,0,1,1,0,0,data/cogar_sim_500_v2/instance_masks/v2/ann_00000896_img_000106_cat_glass_object.png
107,000106.png,data/cogar_sim_500_v2/rgb/000106.png,897,8,cable,470.0,247.0,78.0,114.0,1926.0,transparent_glass,0,1,1,0,0,data/cogar_sim_500_v2/instance_masks/v2/ann_00000897_img_000106_cat_cable.png
107,000106.png,data/cogar_sim_500_v2/rgb/000106.png,898,2,robot_gripper,323.0,99.0,231.0,88.0,13798.0,transparent_glass,0,1,1,0,0,data/cogar_sim_500_v2/instance_masks/v2/ann_00000898_img_000106_cat_robot_gripper.png
107,000106.png,data/cogar_sim_500_v2/rgb/000106.png,899,2,robot_gripper,462.0,180.0,39.0,83.0,2525.0,transparent_glass,0,1,1,0,0,data/cogar_sim_500_v2/instance_masks/v2/ann_00000899_img_000106_cat_robot_gripper.png
107,000106.png,data/cogar_sim_500_v2/rgb/000106.png,900,2,robot_gripper,373.0,114.0,42.0,164.0,5678.0,transparent_glass,0,1,1,0,0,data/cogar_sim_500_v2/instance_masks/v2/ann_00000900_img_000106_cat_robot_gripper.png
108,000107.png,data/cogar_sim_500_v2/rgb/000107.png,901,1,table,0.0,131.0,640.0,349.0,137793.0,partial_occlusion,1,0,1,1,0,data/cogar_sim_500_v2/instance_masks/v2/ann_00000901_img_000107_cat_table.png
108,000107.png,data/cogar_sim_500_v2/rgb/000107.png,902,1,table,0.0,0.0,640.0,168.0,57214.0,partial_occlusion,1,0,1,1,0,data/cogar_sim_500_v2/instance_masks/v2/ann_00000902_img_000107_cat_table.png
108,000107.png,data/cogar_sim_500_v2/rgb/000107.png,903,3,metal_part,287.0,109.0,72.0,119.0,5368.0,partial_occlusion,1,0,1,1,0,data/cogar_sim_500_v2/instance_masks/v2/ann_00000903_img_000107_cat_metal_part.png
108,000107.png,data/cogar_sim_500_v2/rgb/000107.png,904,8,cable,46.0,135.0,18.0,120.0,1761.0,partial_occlusion,1,0,1,1,0,data/cogar_sim_500_v2/instance_masks/v2/ann_00000904_img_000107_cat_cable.png
108,000107.png,data/cogar_sim_500_v2/rgb/000107.png,905,6,screw,505.0,313.0,27.0,36.0,679.0,partial_occlusion,1,0,1,1,0,data/cogar_sim_500_v2/instance_masks/v2/ann_00000905_img_000107_cat_screw.png
108,000107.png,data/cogar_sim_500_v2/rgb/000107.png,906,10,box,477.0,120.0,163.0,201.0,25390.0,partial_occlusion,1,0,1,1,0,data/cogar_sim_500_v2/instance_masks/v2/ann_00000906_img_000107_cat_box.png
108,000107.png,data/cogar_sim_500_v2/rgb/000107.png,907,10,box,55.0,152.0,234.0,231.0,39582.0,partial_occlusion,1,0,1,1,0,data/cogar_sim_500_v2/instance_masks/v2/ann_00000907_img_000107_cat_box.png
108,000107.png,data/cogar_sim_500_v2/rgb/000107.png,908,2,robot_gripper,183.0,1.0,305.0,143.0,27796.0,partial_occlusion,1,0,1,1,0,data/cogar_sim_500_v2/instance_masks/v2/ann_00000908_img_000107_cat_robot_gripper.png
108,000107.png,data/cogar_sim_500_v2/rgb/000107.png,909,2,robot_gripper,242.0,94.0,61.0,100.0,4495.0,partial_occlusion,1,0,1,1,0,data/cogar_sim_500_v2/instance_masks/v2/ann_00000909_img_000107_cat_robot_gripper.png
108,000107.png,data/cogar_sim_500_v2/rgb/000107.png,910,2,robot_gripper,357.0,3.0,67.0,232.0,7122.0,partial_occlusion,1,0,1,1,0,data/cogar_sim_500_v2/instance_masks/v2/ann_00000910_img_000107_cat_robot_gripper.png
109,000108.png,data/cogar_sim_500_v2/rgb/000108.png,911,1,table,402.0,379.0,238.0,101.0,12126.0,small_parts,0,0,0,1,0,data/cogar_sim_500_v2/instance_masks/v2/ann_00000911_img_000108_cat_table.png
109,000108.png,data/cogar_sim_500_v2/rgb/000108.png,912,1,table,0.0,0.0,640.0,480.0,295074.0,small_parts,0,0,0,1,0,data/cogar_sim_500_v2/instance_masks/v2/ann_00000912_img_000108_cat_table.png
110,000109.png,data/cogar_sim_500_v2/rgb/000109.png,913,1,table,0.0,14.0,640.0,466.0,206254.0,dynamic_scene,0,1,1,1,1,data/cogar_sim_500_v2/instance_masks/v2/ann_00000913_img_000109_cat_table.png
110,000109.png,data/cogar_sim_500_v2/rgb/000109.png,914,1,table,0.0,0.0,232.0,319.0,37931.0,dynamic_scene,0,1,1,1,1,data/cogar_sim_500_v2/instance_masks/v2/ann_00000914_img_000109_cat_table.png
110,000109.png,data/cogar_sim_500_v2/rgb/000109.png,915,8,cable,345.0,243.0,39.0,92.0,1558.0,dynamic_scene,0,1,1,1,1,data/cogar_sim_500_v2/instance_masks/v2/ann_00000915_img_000109_cat_cable.png
110,000109.png,data/cogar_sim_500_v2/rgb/000109.png,916,4,glass_object,74.0,155.0,147.0,179.0,19174.0,dynamic_scene,0,1,1,1,1,data/cogar_sim_500_v2/instance_masks/v2/ann_00000916_img_000109_cat_glass_object.png
110,000109.png,data/cogar_sim_500_v2/rgb/000109.png,917,7,connector,324.0,182.0,39.0,46.0,1655.0,dynamic_scene,0,1,1,1,1,data/cogar_sim_500_v2/instance_masks/v2/ann_00000917_img_000109_cat_connector.png
110,000109.png,data/cogar_sim_500_v2/rgb/000109.png,918,5,plastic_object,268.0,277.0,79.0,57.0,3164.0,dynamic_scene,0,1,1,1,1,data/cogar_sim_500_v2/instance_masks/v2/ann_00000918_img_000109_cat_plastic_object.png
110,000109.png,data/cogar_sim_500_v2/rgb/000109.png,919,5,plastic_object,263.0,330.0,120.0,126.0,13415.0,dynamic_scene,0,1,1,1,1,data/cogar_sim_500_v2/instance_masks/v2/ann_00000919_img_000109_cat_plastic_object.png
110,000109.png,data/cogar_sim_500_v2/rgb/000109.png,920,5,plastic_object,216.0,224.0,34.0,51.0,1170.0,dynamic_scene,0,1,1,1,1,data/cogar_sim_500_v2/instance_masks/v2/ann_00000920_img_000109_cat_plastic_object.png
110,000109.png,data/cogar_sim_500_v2/rgb/000109.png,921,2,robot_gripper,235.0,71.0,95.0,171.0,10846.0,dynamic_scene,0,1,1,1,1,data/cogar_sim_500_v2/instance_masks/v2/ann_00000921_img_000109_cat_robot_gripper.png
110,000109.png,data/cogar_sim_500_v2/rgb/000109.png,922,2,robot_gripper,233.0,145.0,49.0,131.0,1683.0,dynamic_scene,0,1,1,1,1,data/cogar_sim_500_v2/instance_masks/v2/ann_00000922_img_000109_cat_robot_gripper.png
110,000109.png,data/cogar_sim_500_v2/rgb/000109.png,923,2,robot_gripper,254.0,95.0,20.0,42.0,407.0,dynamic_scene,0,1,1,1,1,data/cogar_sim_500_v2/instance_masks/v2/ann_00000923_img_000109_cat_robot_gripper.png
111,000110.png,data/cogar_sim_500_v2/rgb/000110.png,924,1,table,0.0,11.0,640.0,469.0,234394.0,reflective_metal,1,0,0,1,0,data/cogar_sim_500_v2/instance_masks/v2/ann_00000924_img_000110_cat_table.png
111,000110.png,data/cogar_sim_500_v2/rgb/000110.png,925,3,metal_part,231.0,236.0,108.0,106.0,7530.0,reflective_metal,1,0,0,1,0,data/cogar_sim_500_v2/instance_masks/v2/ann_00000925_img_000110_cat_metal_part.png
111,000110.png,data/cogar_sim_500_v2/rgb/000110.png,926,7,connector,276.0,143.0,34.0,41.0,977.0,reflective_metal,1,0,0,1,0,data/cogar_sim_500_v2/instance_masks/v2/ann_00000926_img_000110_cat_connector.png
111,000110.png,data/cogar_sim_500_v2/rgb/000110.png,927,3,metal_part,402.0,240.0,51.0,33.0,1258.0,reflective_metal,1,0,0,1,0,data/cogar_sim_500_v2/instance_masks/v2/ann_00000927_img_000110_cat_metal_part.png
111,000110.png,data/cogar_sim_500_v2/rgb/000110.png,928,3,metal_part,485.0,239.0,48.0,69.0,2623.0,reflective_metal,1,0,0,1,0,data/cogar_sim_500_v2/instance_masks/v2/ann_00000928_img_000110_cat_metal_part.png
111,000110.png,data/cogar_sim_500_v2/rgb/000110.png,929,9,tool,273.0,231.0,213.0,74.0,4642.0,reflective_metal,1,0,0,1,0,data/cogar_sim_500_v2/instance_masks/v2/ann_00000929_img_000110_cat_tool.png
111,000110.png,data/cogar_sim_500_v2/rgb/000110.png,930,3,metal_part,407.0,192.0,76.0,55.0,3140.0,reflective_metal,1,0,0,1,0,data/cogar_sim_500_v2/instance_masks/v2/ann_00000930_img_000110_cat_metal_part.png
111,000110.png,data/cogar_sim_500_v2/rgb/000110.png,931,5,plastic_object,214.0,174.0,74.0,49.0,2809.0,reflective_metal,1,0,0,1,0,data/cogar_sim_500_v2/instance_masks/v2/ann_00000931_img_000110_cat_plastic_object.png
111,000110.png,data/cogar_sim_500_v2/rgb/000110.png,932,3,metal_part,189.0,95.0,61.0,81.0,3755.0,reflective_metal,1,0,0,1,0,data/cogar_sim_500_v2/instance_masks/v2/ann_00000932_img_000110_cat_metal_part.png
111,000110.png,data/cogar_sim_500_v2/rgb/000110.png,933,9,tool,1.0,173.0,266.0,95.0,5594.0,reflective_metal,1,0,0,1,0,data/cogar_sim_500_v2/instance_masks/v2/ann_00000933_img_000110_cat_tool.png
112,000111.png,data/cogar_sim_500_v2/rgb/000111.png,934,1,table,419.0,264.0,221.0,216.0,23979.0,transparent_glass,0,1,1,0,0,data/cogar_sim_500_v2/instance_masks/v2/ann_00000934_img_000111_cat_table.png
112,000111.png,data/cogar_sim_500_v2/rgb/000111.png,935,1,table,0.0,0.0,640.0,480.0,274527.0,transparent_glass,0,1,1,0,0,data/cogar_sim_500_v2/instance_masks/v2/ann_00000935_img_000111_cat_table.png
113,000112.png,data/cogar_sim_500_v2/rgb/000112.png,936,1,table,587.0,288.0,53.0,192.0,5106.0,partial_occlusion,1,0,1,1,0,data/cogar_sim_500_v2/instance_masks/v2/ann_00000936_img_000112_cat_table.png
113,000112.png,data/cogar_sim_500_v2/rgb/000112.png,937,1,table,0.0,0.0,640.0,480.0,302094.0,partial_occlusion,1,0,1,1,0,data/cogar_sim_500_v2/instance_masks/v2/ann_00000937_img_000112_cat_table.png
114,000113.png,data/cogar_sim_500_v2/rgb/000113.png,938,1,table,607.0,457.0,33.0,23.0,399.0,small_parts,1,0,1,1,0,data/cogar_sim_500_v2/instance_masks/v2/ann_00000938_img_000113_cat_table.png
114,000113.png,data/cogar_sim_500_v2/rgb/000113.png,939,1,table,0.0,0.0,640.0,480.0,306801.0,small_parts,1,0,1,1,0,data/cogar_sim_500_v2/instance_masks/v2/ann_00000939_img_000113_cat_table.png
115,000114.png,data/cogar_sim_500_v2/rgb/000114.png,940,1,table,0.0,0.0,640.0,480.0,272523.0,dynamic_scene,1,0,1,0,1,data/cogar_sim_500_v2/instance_masks/v2/ann_00000940_img_000114_cat_table.png
115,000114.png,data/cogar_sim_500_v2/rgb/000114.png,941,10,box,191.0,81.0,119.0,173.0,4424.0,dynamic_scene,1,0,1,0,1,data/cogar_sim_500_v2/instance_masks/v2/ann_00000941_img_000114_cat_box.png
115,000114.png,data/cogar_sim_500_v2/rgb/000114.png,942,5,plastic_object,401.0,189.0,64.0,70.0,3546.0,dynamic_scene,1,0,1,0,1,data/cogar_sim_500_v2/instance_masks/v2/ann_00000942_img_000114_cat_plastic_object.png
115,000114.png,data/cogar_sim_500_v2/rgb/000114.png,943,10,box,222.0,88.0,194.0,196.0,11495.0,dynamic_scene,1,0,1,0,1,data/cogar_sim_500_v2/instance_masks/v2/ann_00000943_img_000114_cat_box.png
115,000114.png,data/cogar_sim_500_v2/rgb/000114.png,944,9,tool,147.0,220.0,73.0,76.0,2099.0,dynamic_scene,1,0,1,0,1,data/cogar_sim_500_v2/instance_masks/v2/ann_00000944_img_000114_cat_tool.png
115,000114.png,data/cogar_sim_500_v2/rgb/000114.png,945,2,robot_gripper,203.0,71.0,192.0,211.0,10857.0,dynamic_scene,1,0,1,0,1,data/cogar_sim_500_v2/instance_masks/v2/ann_00000945_img_000114_cat_robot_gripper.png
115,000114.png,data/cogar_sim_500_v2/rgb/000114.png,946,2,robot_gripper,302.0,197.0,49.0,48.0,1215.0,dynamic_scene,1,0,1,0,1,data/cogar_sim_500_v2/instance_masks/v2/ann_00000946_img_000114_cat_robot_gripper.png
115,000114.png,data/cogar_sim_500_v2/rgb/000114.png,947,2,robot_gripper,223.0,152.0,45.0,45.0,1041.0,dynamic_scene,1,0,1,0,1,data/cogar_sim_500_v2/instance_masks/v2/ann_00000947_img_000114_cat_robot_gripper.png
116,000115.png,data/cogar_sim_500_v2/rgb/000115.png,948,1,table,0.0,0.0,640.0,480.0,307200.0,reflective_metal,1,0,1,1,0,data/cogar_sim_500_v2/instance_masks/v2/ann_00000948_img_000115_cat_table.png
117,000116.png,data/cogar_sim_500_v2/rgb/000116.png,949,1,table,0.0,0.0,640.0,480.0,307200.0,transparent_glass,0,1,1,1,0,data/cogar_sim_500_v2/instance_masks/v2/ann_00000949_img_000116_cat_table.png
118,000117.png,data/cogar_sim_500_v2/rgb/000117.png,950,1,table,0.0,0.0,640.0,480.0,278514.0,partial_occlusion,1,0,1,1,0,data/cogar_sim_500_v2/instance_masks/v2/ann_00000950_img_000117_cat_table.png
118,000117.png,data/cogar_sim_500_v2/rgb/000117.png,951,3,metal_part,407.0,123.0,50.0,65.0,2466.0,partial_occlusion,1,0,1,1,0,data/cogar_sim_500_v2/instance_masks/v2/ann_00000951_img_000117_cat_metal_part.png
118,000117.png,data/cogar_sim_500_v2/rgb/000117.png,952,5,plastic_object,359.0,313.0,65.0,108.0,5815.0,partial_occlusion,1,0,1,1,0,data/cogar_sim_500_v2/instance_masks/v2/ann_00000952_img_000117_cat_plastic_object.png
118,000117.png,data/cogar_sim_500_v2/rgb/000117.png,953,6,screw,421.0,403.0,29.0,26.0,460.0,partial_occlusion,1,0,1,1,0,data/cogar_sim_500_v2/instance_masks/v2/ann_00000953_img_000117_cat_screw.png
118,000117.png,data/cogar_sim_500_v2/rgb/000117.png,954,2,robot_gripper,229.0,52.0,110.0,224.0,11725.0,partial_occlusion,1,0,1,1,0,data/cogar_sim_500_v2/instance_masks/v2/ann_00000954_img_000117_cat_robot_gripper.png
118,000117.png,data/cogar_sim_500_v2/rgb/000117.png,955,2,robot_gripper,298.0,84.0,41.0,156.0,2707.0,partial_occlusion,1,0,1,1,0,data/cogar_sim_500_v2/instance_masks/v2/ann_00000955_img_000117_cat_robot_gripper.png
118,000117.png,data/cogar_sim_500_v2/rgb/000117.png,956,2,robot_gripper,286.0,149.0,41.0,135.0,3645.0,partial_occlusion,1,0,1,1,0,data/cogar_sim_500_v2/instance_masks/v2/ann_00000956_img_000117_cat_robot_gripper.png
119,000118.png,data/cogar_sim_500_v2/rgb/000118.png,957,1,table,0.0,72.0,640.0,408.0,197601.0,small_parts,1,0,0,1,0,data/cogar_sim_500_v2/instance_masks/v2/ann_00000957_img_000118_cat_table.png
119,000118.png,data/cogar_sim_500_v2/rgb/000118.png,958,1,table,0.0,0.0,640.0,198.0,86280.0,small_parts,1,0,0,1,0,data/cogar_sim_500_v2/instance_masks/v2/ann_00000958_img_000118_cat_table.png
119,000118.png,data/cogar_sim_500_v2/rgb/000118.png,959,6,screw,460.0,333.0,36.0,15.0,82.0,small_parts,1,0,0,1,0,data/cogar_sim_500_v2/instance_masks/v2/ann_00000959_img_000118_cat_screw.png
119,000118.png,data/cogar_sim_500_v2/rgb/000118.png,960,6,screw,560.0,262.0,36.0,20.0,609.0,small_parts,1,0,0,1,0,data/cogar_sim_500_v2/instance_masks/v2/ann_00000960_img_000118_cat_screw.png
119,000118.png,data/cogar_sim_500_v2/rgb/000118.png,961,3,metal_part,319.0,181.0,63.0,50.0,2424.0,small_parts,1,0,0,1,0,data/cogar_sim_500_v2/instance_masks/v2/ann_00000961_img_000118_cat_metal_part.png
119,000118.png,data/cogar_sim_500_v2/rgb/000118.png,962,7,connector,458.0,329.0,121.0,91.0,5848.0,small_parts,1,0,0,1,0,data/cogar_sim_500_v2/instance_masks/v2/ann_00000962_img_000118_cat_connector.png
119,000118.png,data/cogar_sim_500_v2/rgb/000118.png,963,3,metal_part,171.0,174.0,127.0,131.0,13093.0,small_parts,1,0,0,1,0,data/cogar_sim_500_v2/instance_masks/v2/ann_00000963_img_000118_cat_metal_part.png
119,000118.png,data/cogar_sim_500_v2/rgb/000118.png,964,7,connector,619.0,233.0,21.0,40.0,559.0,small_parts,1,0,0,1,0,data/cogar_sim_500_v2/instance_masks/v2/ann_00000964_img_000118_cat_connector.png
119,000118.png,data/cogar_sim_500_v2/rgb/000118.png,965,6,screw,330.0,178.0,20.0,11.0,88.0,small_parts,1,0,0,1,0,data/cogar_sim_500_v2/instance_masks/v2/ann_00000965_img_000118_cat_screw.png
119,000118.png,data/cogar_sim_500_v2/rgb/000118.png,966,6,screw,29.0,219.0,23.0,32.0,616.0,small_parts,1,0,0,1,0,data/cogar_sim_500_v2/instance_masks/v2/ann_00000966_img_000118_cat_screw.png
120,000119.png,data/cogar_sim_500_v2/rgb/000119.png,967,1,table,0.0,0.0,640.0,480.0,238264.0,dynamic_scene,1,0,1,0,1,data/cogar_sim_500_v2/instance_masks/v2/ann_00000967_img_000119_cat_table.png
120,000119.png,data/cogar_sim_500_v2/rgb/000119.png,968,1,table,0.0,0.0,243.0,160.0,19597.0,dynamic_scene,1,0,1,0,1,data/cogar_sim_500_v2/instance_masks/v2/ann_00000968_img_000119_cat_table.png
120,000119.png,data/cogar_sim_500_v2/rgb/000119.png,969,3,metal_part,470.0,270.0,105.0,76.0,5107.0,dynamic_scene,1,0,1,0,1,data/cogar_sim_500_v2/instance_masks/v2/ann_00000969_img_000119_cat_metal_part.png
120,000119.png,data/cogar_sim_500_v2/rgb/000119.png,970,9,tool,230.0,258.0,162.0,222.0,8509.0,dynamic_scene,1,0,1,0,1,data/cogar_sim_500_v2/instance_masks/v2/ann_00000970_img_000119_cat_tool.png
120,000119.png,data/cogar_sim_500_v2/rgb/000119.png,971,8,cable,422.0,90.0,98.0,277.0,4419.0,dynamic_scene,1,0,1,0,1,data/cogar_sim_500_v2/instance_masks/v2/ann_00000971_img_000119_cat_cable.png
120,000119.png,data/cogar_sim_500_v2/rgb/000119.png,972,5,plastic_object,23.0,235.0,85.0,80.0,4731.0,dynamic_scene,1,0,1,0,1,data/cogar_sim_500_v2/instance_masks/v2/ann_00000972_img_000119_cat_plastic_object.png
120,000119.png,data/cogar_sim_500_v2/rgb/000119.png,973,5,plastic_object,217.0,110.0,63.0,87.0,3146.0,dynamic_scene,1,0,1,0,1,data/cogar_sim_500_v2/instance_masks/v2/ann_00000973_img_000119_cat_plastic_object.png
120,000119.png,data/cogar_sim_500_v2/rgb/000119.png,974,2,robot_gripper,57.0,138.0,312.0,206.0,20390.0,dynamic_scene,1,0,1,0,1,data/cogar_sim_500_v2/instance_masks/v2/ann_00000974_img_000119_cat_robot_gripper.png
120,000119.png,data/cogar_sim_500_v2/rgb/000119.png,975,2,robot_gripper,116.0,217.0,62.0,63.0,2240.0,dynamic_scene,1,0,1,0,1,data/cogar_sim_500_v2/instance_masks/v2/ann_00000975_img_000119_cat_robot_gripper.png
120,000119.png,data/cogar_sim_500_v2/rgb/000119.png,976,2,robot_gripper,221.0,160.0,42.0,36.0,797.0,dynamic_scene,1,0,1,0,1,data/cogar_sim_500_v2/instance_masks/v2/ann_00000976_img_000119_cat_robot_gripper.png
