image_id,file_name,image_path,annotation_id,category_id,category_name,bbox_x,bbox_y,bbox_w,bbox_h,area,primary_challenge,reflective,transparent,occlusion,small_parts,dynamic
1,000000.png,data/cogar_sim_500_final/rgb/000000.png,1,1,table,0.0,127.0,640.0,353.0,173749.0,reflective_metal,1,0,0,1,0
1,000000.png,data/cogar_sim_500_final/rgb/000000.png,2,1,table,0.0,0.0,640.0,171.0,92824.0,reflective_metal,1,0,0,1,0
1,000000.png,data/cogar_sim_500_final/rgb/000000.png,3,3,metal_part,512.0,201.0,44.0,85.0,2584.0,reflective_metal,1,0,0,1,0
1,000000.png,data/cogar_sim_500_final/rgb/000000.png,4,9,tool,534.0,229.0,51.0,145.0,4446.0,reflective_metal,1,0,0,1,0
1,000000.png,data/cogar_sim_500_final/rgb/000000.png,5,10,box,395.0,149.0,155.0,120.0,15468.0,reflective_metal,1,0,0,1,0
1,000000.png,data/cogar_sim_500_final/rgb/000000.png,6,3,metal_part,222.0,122.0,76.0,73.0,4949.0,reflective_metal,1,0,0,1,0
1,000000.png,data/cogar_sim_500_final/rgb/000000.png,7,3,metal_part,161.0,218.0,78.0,121.0,7685.0,reflective_metal,1,0,0,1,0
1,000000.png,data/cogar_sim_500_final/rgb/000000.png,8,6,screw,217.0,227.0,15.0,22.0,200.0,reflective_metal,1,0,0,1,0
1,000000.png,data/cogar_sim_500_final/rgb/000000.png,9,3,metal_part,306.0,269.0,72.0,117.0,5295.0,reflective_metal,1,0,0,1,0
2,000001.png,data/cogar_sim_500_final/rgb/000001.png,10,1,table,0.0,0.0,640.0,480.0,257166.0,transparent_glass,0,1,1,1,0
2,000001.png,data/cogar_sim_500_final/rgb/000001.png,11,7,connector,461.0,112.0,90.0,47.0,3482.0,transparent_glass,0,1,1,1,0
2,000001.png,data/cogar_sim_500_final/rgb/000001.png,12,4,glass_object,378.0,68.0,90.0,148.0,6778.0,transparent_glass,0,1,1,1,0
2,000001.png,data/cogar_sim_500_final/rgb/000001.png,13,4,glass_object,236.0,176.0,85.0,163.0,12045.0,transparent_glass,0,1,1,1,0
2,000001.png,data/cogar_sim_500_final/rgb/000001.png,14,8,cable,325.0,283.0,70.0,197.0,4059.0,transparent_glass,0,1,1,1,0
2,000001.png,data/cogar_sim_500_final/rgb/000001.png,15,2,robot_gripper,318.0,13.0,137.0,169.0,13881.0,transparent_glass,0,1,1,1,0
2,000001.png,data/cogar_sim_500_final/rgb/000001.png,16,2,robot_gripper,322.0,57.0,62.0,209.0,6148.0,transparent_glass,0,1,1,1,0
2,000001.png,data/cogar_sim_500_final/rgb/000001.png,17,2,robot_gripper,351.0,33.0,48.0,165.0,851.0,transparent_glass,0,1,1,1,0
3,000002.png,data/cogar_sim_500_final/rgb/000002.png,18,1,table,0.0,166.0,640.0,314.0,157478.0,partial_occlusion,1,1,1,1,0
3,000002.png,data/cogar_sim_500_final/rgb/000002.png,19,1,table,0.0,0.0,640.0,168.0,85538.0,partial_occlusion,1,1,1,1,0
3,000002.png,data/cogar_sim_500_final/rgb/000002.png,20,4,glass_object,361.0,135.0,81.0,112.0,6652.0,partial_occlusion,1,1,1,1,0
3,000002.png,data/cogar_sim_500_final/rgb/000002.png,21,10,box,98.0,167.0,119.0,110.0,11235.0,partial_occlusion,1,1,1,1,0
3,000002.png,data/cogar_sim_500_final/rgb/000002.png,22,6,screw,221.0,327.0,22.0,22.0,427.0,partial_occlusion,1,1,1,1,0
3,000002.png,data/cogar_sim_500_final/rgb/000002.png,23,3,metal_part,350.0,263.0,96.0,117.0,8822.0,partial_occlusion,1,1,1,1,0
3,000002.png,data/cogar_sim_500_final/rgb/000002.png,24,10,box,452.0,126.0,127.0,150.0,13842.0,partial_occlusion,1,1,1,1,0
3,000002.png,data/cogar_sim_500_final/rgb/000002.png,25,3,metal_part,219.0,196.0,81.0,66.0,4052.0,partial_occlusion,1,1,1,1,0
3,000002.png,data/cogar_sim_500_final/rgb/000002.png,26,2,robot_gripper,217.0,74.0,225.0,68.0,14638.0,partial_occlusion,1,1,1,1,0
3,000002.png,data/cogar_sim_500_final/rgb/000002.png,27,2,robot_gripper,269.0,53.0,32.0,173.0,3121.0,partial_occlusion,1,1,1,1,0
3,000002.png,data/cogar_sim_500_final/rgb/000002.png,28,2,robot_gripper,356.0,141.0,31.0,56.0,1395.0,partial_occlusion,1,1,1,1,0
4,000003.png,data/cogar_sim_500_final/rgb/000003.png,29,1,table,0.0,0.0,640.0,480.0,255006.0,small_parts,1,0,0,1,0
4,000003.png,data/cogar_sim_500_final/rgb/000003.png,30,1,table,0.0,370.0,253.0,110.0,13819.0,small_parts,1,0,0,1,0
4,000003.png,data/cogar_sim_500_final/rgb/000003.png,31,10,box,9.0,227.0,188.0,190.0,20222.0,small_parts,1,0,0,1,0
4,000003.png,data/cogar_sim_500_final/rgb/000003.png,32,8,cable,136.0,0.0,92.0,141.0,2680.0,small_parts,1,0,0,1,0
4,000003.png,data/cogar_sim_500_final/rgb/000003.png,33,3,metal_part,243.0,105.0,38.0,84.0,2454.0,small_parts,1,0,0,1,0
4,000003.png,data/cogar_sim_500_final/rgb/000003.png,34,6,screw,172.0,235.0,13.0,18.0,194.0,small_parts,1,0,0,1,0
4,000003.png,data/cogar_sim_500_final/rgb/000003.png,35,7,connector,231.0,257.0,68.0,33.0,2121.0,small_parts,1,0,0,1,0
4,000003.png,data/cogar_sim_500_final/rgb/000003.png,36,6,screw,345.0,138.0,25.0,18.0,405.0,small_parts,1,0,0,1,0
4,000003.png,data/cogar_sim_500_final/rgb/000003.png,37,5,plastic_object,179.0,83.0,64.0,72.0,3441.0,small_parts,1,0,0,1,0
4,000003.png,data/cogar_sim_500_final/rgb/000003.png,38,9,tool,127.0,228.0,70.0,205.0,2054.0,small_parts,1,0,0,1,0
4,000003.png,data/cogar_sim_500_final/rgb/000003.png,39,3,metal_part,445.0,448.0,61.0,32.0,1412.0,small_parts,1,0,0,1,0
4,000003.png,data/cogar_sim_500_final/rgb/000003.png,40,5,plastic_object,529.0,280.0,61.0,58.0,2735.0,small_parts,1,0,0,1,0
4,000003.png,data/cogar_sim_500_final/rgb/000003.png,41,5,plastic_object,84.0,223.0,88.0,66.0,657.0,small_parts,1,0,0,1,0
5,000004.png,data/cogar_sim_500_final/rgb/000004.png,42,1,table,0.0,55.0,640.0,425.0,128440.0,dynamic_scene,0,1,1,0,1
5,000004.png,data/cogar_sim_500_final/rgb/000004.png,43,1,table,361.0,0.0,279.0,312.0,33939.0,dynamic_scene,0,1,1,0,1
5,000004.png,data/cogar_sim_500_final/rgb/000004.png,44,4,glass_object,441.0,139.0,199.0,292.0,45670.0,dynamic_scene,0,1,1,0,1
5,000004.png,data/cogar_sim_500_final/rgb/000004.png,45,5,plastic_object,163.0,244.0,106.0,99.0,9050.0,dynamic_scene,0,1,1,0,1
5,000004.png,data/cogar_sim_500_final/rgb/000004.png,46,5,plastic_object,573.0,350.0,67.0,130.0,7212.0,dynamic_scene,0,1,1,0,1
5,000004.png,data/cogar_sim_500_final/rgb/000004.png,47,5,plastic_object,168.0,153.0,74.0,97.0,4925.0,dynamic_scene,0,1,1,0,1
5,000004.png,data/cogar_sim_500_final/rgb/000004.png,48,10,box,59.0,130.0,132.0,186.0,18687.0,dynamic_scene,0,1,1,0,1
5,000004.png,data/cogar_sim_500_final/rgb/000004.png,49,2,robot_gripper,231.0,58.0,279.0,164.0,26666.0,dynamic_scene,0,1,1,0,1
5,000004.png,data/cogar_sim_500_final/rgb/000004.png,50,2,robot_gripper,336.0,177.0,34.0,68.0,1939.0,dynamic_scene,0,1,1,0,1
5,000004.png,data/cogar_sim_500_final/rgb/000004.png,51,2,robot_gripper,368.0,189.0,71.0,121.0,6762.0,dynamic_scene,0,1,1,0,1
6,000005.png,data/cogar_sim_500_final/rgb/000005.png,52,1,table,0.0,19.0,640.0,461.0,192849.0,reflective_metal,1,0,1,1,0
6,000005.png,data/cogar_sim_500_final/rgb/000005.png,53,1,table,121.0,0.0,519.0,233.0,55576.0,reflective_metal,1,0,1,1,0
6,000005.png,data/cogar_sim_500_final/rgb/000005.png,54,10,box,275.0,264.0,185.0,182.0,23682.0,reflective_metal,1,0,1,1,0
6,000005.png,data/cogar_sim_500_final/rgb/000005.png,55,3,metal_part,246.0,83.0,39.0,59.0,1836.0,reflective_metal,1,0,1,1,0
6,000005.png,data/cogar_sim_500_final/rgb/000005.png,56,6,screw,259.0,269.0,17.0,23.0,348.0,reflective_metal,1,0,1,1,0
6,000005.png,data/cogar_sim_500_final/rgb/000005.png,57,5,plastic_object,166.0,216.0,63.0,102.0,5629.0,reflective_metal,1,0,1,1,0
6,000005.png,data/cogar_sim_500_final/rgb/000005.png,58,9,tool,271.0,171.0,156.0,43.0,3254.0,reflective_metal,1,0,1,1,0
6,000005.png,data/cogar_sim_500_final/rgb/000005.png,59,9,tool,70.0,174.0,147.0,96.0,4576.0,reflective_metal,1,0,1,1,0
6,000005.png,data/cogar_sim_500_final/rgb/000005.png,60,2,robot_gripper,337.0,50.0,152.0,128.0,11054.0,reflective_metal,1,0,1,1,0
6,000005.png,data/cogar_sim_500_final/rgb/000005.png,61,2,robot_gripper,363.0,123.0,43.0,66.0,2003.0,reflective_metal,1,0,1,1,0
6,000005.png,data/cogar_sim_500_final/rgb/000005.png,62,2,robot_gripper,424.0,94.0,55.0,126.0,2024.0,reflective_metal,1,0,1,1,0
7,000006.png,data/cogar_sim_500_final/rgb/000006.png,63,1,table,0.0,67.0,640.0,413.0,164367.0,transparent_glass,1,1,1,0,0
7,000006.png,data/cogar_sim_500_final/rgb/000006.png,64,1,table,0.0,0.0,640.0,237.0,89876.0,transparent_glass,1,1,1,0,0
7,000006.png,data/cogar_sim_500_final/rgb/000006.png,65,5,plastic_object,269.0,205.0,33.0,56.0,1480.0,transparent_glass,1,1,1,0,0
7,000006.png,data/cogar_sim_500_final/rgb/000006.png,66,3,metal_part,446.0,154.0,13.0,19.0,158.0,transparent_glass,1,1,1,0,0
7,000006.png,data/cogar_sim_500_final/rgb/000006.png,67,4,glass_object,181.0,256.0,115.0,187.0,19220.0,transparent_glass,1,1,1,0,0
7,000006.png,data/cogar_sim_500_final/rgb/000006.png,68,4,glass_object,179.0,164.0,92.0,121.0,8055.0,transparent_glass,1,1,1,0,0
7,000006.png,data/cogar_sim_500_final/rgb/000006.png,69,5,plastic_object,138.0,204.0,50.0,84.0,3248.0,transparent_glass,1,1,1,0,0
7,000006.png,data/cogar_sim_500_final/rgb/000006.png,70,8,cable,390.0,221.0,212.0,105.0,3700.0,transparent_glass,1,1,1,0,0
7,000006.png,data/cogar_sim_500_final/rgb/000006.png,71,2,robot_gripper,311.0,85.0,197.0,90.0,12634.0,transparent_glass,1,1,1,0,0
7,000006.png,data/cogar_sim_500_final/rgb/000006.png,72,2,robot_gripper,341.0,167.0,40.0,64.0,2187.0,transparent_glass,1,1,1,0,0
7,000006.png,data/cogar_sim_500_final/rgb/000006.png,73,2,robot_gripper,406.0,85.0,42.0,133.0,2275.0,transparent_glass,1,1,1,0,0
8,000007.png,data/cogar_sim_500_final/rgb/000007.png,74,1,table,0.0,0.0,640.0,480.0,202220.0,partial_occlusion,1,0,1,1,0
8,000007.png,data/cogar_sim_500_final/rgb/000007.png,75,1,table,17.0,0.0,308.0,480.0,69018.0,partial_occlusion,1,0,1,1,0
8,000007.png,data/cogar_sim_500_final/rgb/000007.png,76,8,cable,194.0,172.0,7.0,21.0,85.0,partial_occlusion,1,0,1,1,0
8,000007.png,data/cogar_sim_500_final/rgb/000007.png,77,9,tool,250.0,186.0,30.0,104.0,1549.0,partial_occlusion,1,0,1,1,0
8,000007.png,data/cogar_sim_500_final/rgb/000007.png,78,5,plastic_object,220.0,242.0,38.0,65.0,1328.0,partial_occlusion,1,0,1,1,0
8,000007.png,data/cogar_sim_500_final/rgb/000007.png,79,5,plastic_object,198.0,136.0,66.0,61.0,2929.0,partial_occlusion,1,0,1,1,0
8,000007.png,data/cogar_sim_500_final/rgb/000007.png,80,7,connector,271.0,358.0,15.0,28.0,229.0,partial_occlusion,1,0,1,1,0
8,000007.png,data/cogar_sim_500_final/rgb/000007.png,81,2,robot_gripper,209.0,81.0,218.0,141.0,12119.0,partial_occlusion,1,0,1,1,0
8,000007.png,data/cogar_sim_500_final/rgb/000007.png,82,2,robot_gripper,286.0,126.0,44.0,157.0,5989.0,partial_occlusion,1,0,1,1,0
8,000007.png,data/cogar_sim_500_final/rgb/000007.png,83,2,robot_gripper,263.0,159.0,25.0,67.0,1296.0,partial_occlusion,1,0,1,1,0
9,000008.png,data/cogar_sim_500_final/rgb/000008.png,84,1,table,0.0,36.0,640.0,444.0,172766.0,small_parts,1,0,1,1,0
9,000008.png,data/cogar_sim_500_final/rgb/000008.png,85,1,table,0.0,0.0,640.0,179.0,67670.0,small_parts,1,0,1,1,0
9,000008.png,data/cogar_sim_500_final/rgb/000008.png,86,8,cable,277.0,180.0,336.0,37.0,1061.0,small_parts,1,0,1,1,0
9,000008.png,data/cogar_sim_500_final/rgb/000008.png,87,6,screw,485.0,365.0,26.0,28.0,286.0,small_parts,1,0,1,1,0
9,000008.png,data/cogar_sim_500_final/rgb/000008.png,88,6,screw,557.0,424.0,22.0,24.0,419.0,small_parts,1,0,1,1,0
9,000008.png,data/cogar_sim_500_final/rgb/000008.png,89,9,tool,549.0,193.0,72.0,40.0,2525.0,small_parts,1,0,1,1,0
9,000008.png,data/cogar_sim_500_final/rgb/000008.png,90,7,connector,493.0,374.0,108.0,50.0,3958.0,small_parts,1,0,1,1,0
9,000008.png,data/cogar_sim_500_final/rgb/000008.png,91,5,plastic_object,22.0,282.0,83.0,60.0,3663.0,small_parts,1,0,1,1,0
9,000008.png,data/cogar_sim_500_final/rgb/000008.png,92,10,box,321.0,105.0,181.0,199.0,7037.0,small_parts,1,0,1,1,0
9,000008.png,data/cogar_sim_500_final/rgb/000008.png,93,9,tool,176.0,186.0,117.0,51.0,3263.0,small_parts,1,0,1,1,0
9,000008.png,data/cogar_sim_500_final/rgb/000008.png,94,10,box,44.0,176.0,121.0,143.0,13910.0,small_parts,1,0,1,1,0
9,000008.png,data/cogar_sim_500_final/rgb/000008.png,95,2,robot_gripper,242.0,114.0,319.0,139.0,25470.0,small_parts,1,0,1,1,0
9,000008.png,data/cogar_sim_500_final/rgb/000008.png,96,2,robot_gripper,333.0,104.0,46.0,172.0,3585.0,small_parts,1,0,1,1,0
9,000008.png,data/cogar_sim_500_final/rgb/000008.png,97,2,robot_gripper,423.0,230.0,41.0,53.0,1587.0,small_parts,1,0,1,1,0
10,000009.png,data/cogar_sim_500_final/rgb/000009.png,98,1,table,0.0,0.0,640.0,480.0,233908.0,dynamic_scene,0,1,1,1,1
10,000009.png,data/cogar_sim_500_final/rgb/000009.png,99,1,table,0.0,0.0,241.0,187.0,22561.0,dynamic_scene,0,1,1,1,1
10,000009.png,data/cogar_sim_500_final/rgb/000009.png,100,4,glass_object,4.0,302.0,154.0,95.0,10983.0,dynamic_scene,0,1,1,1,1
10,000009.png,data/cogar_sim_500_final/rgb/000009.png,101,5,plastic_object,189.0,197.0,62.0,69.0,3748.0,dynamic_scene,0,1,1,1,1
10,000009.png,data/cogar_sim_500_final/rgb/000009.png,102,5,plastic_object,354.0,168.0,112.0,119.0,9060.0,dynamic_scene,0,1,1,1,1
10,000009.png,data/cogar_sim_500_final/rgb/000009.png,103,5,plastic_object,90.0,363.0,107.0,73.0,4371.0,dynamic_scene,0,1,1,1,1
10,000009.png,data/cogar_sim_500_final/rgb/000009.png,104,5,plastic_object,238.0,125.0,79.0,54.0,3404.0,dynamic_scene,0,1,1,1,1
10,000009.png,data/cogar_sim_500_final/rgb/000009.png,105,2,robot_gripper,166.0,209.0,169.0,271.0,17091.0,dynamic_scene,0,1,1,1,1
10,000009.png,data/cogar_sim_500_final/rgb/000009.png,106,2,robot_gripper,164.0,335.0,58.0,58.0,2074.0,dynamic_scene,0,1,1,1,1
11,000010.png,data/cogar_sim_500_final/rgb/000010.png,107,1,table,0.0,0.0,640.0,480.0,307200.0,reflective_metal,1,0,0,1,0
12,000011.png,data/cogar_sim_500_final/rgb/000011.png,108,1,table,36.0,0.0,604.0,480.0,230347.0,transparent_glass,0,1,1,0,0
12,000011.png,data/cogar_sim_500_final/rgb/000011.png,109,1,table,0.0,0.0,53.0,480.0,21391.0,transparent_glass,0,1,1,0,0
12,000011.png,data/cogar_sim_500_final/rgb/000011.png,110,4,glass_object,397.0,392.0,94.0,88.0,7304.0,transparent_glass,0,1,1,0,0
12,000011.png,data/cogar_sim_500_final/rgb/000011.png,111,5,plastic_object,278.0,74.0,45.0,82.0,2750.0,transparent_glass,0,1,1,0,0
12,000011.png,data/cogar_sim_500_final/rgb/000011.png,112,4,glass_object,400.0,154.0,102.0,98.0,6574.0,transparent_glass,0,1,1,0,0
12,000011.png,data/cogar_sim_500_final/rgb/000011.png,113,10,box,180.0,0.0,145.0,100.0,9006.0,transparent_glass,0,1,1,0,0
12,000011.png,data/cogar_sim_500_final/rgb/000011.png,114,4,glass_object,76.0,44.0,140.0,145.0,10489.0,transparent_glass,0,1,1,0,0
12,000011.png,data/cogar_sim_500_final/rgb/000011.png,115,5,plastic_object,153.0,2.0,58.0,54.0,1758.0,transparent_glass,0,1,1,0,0
12,000011.png,data/cogar_sim_500_final/rgb/000011.png,116,2,robot_gripper,228.0,96.0,160.0,254.0,15293.0,transparent_glass,0,1,1,0,0
12,000011.png,data/cogar_sim_500_final/rgb/000011.png,117,2,robot_gripper,303.0,283.0,13.0,28.0,23.0,transparent_glass,0,1,1,0,0
12,000011.png,data/cogar_sim_500_final/rgb/000011.png,118,2,robot_gripper,251.0,143.0,57.0,68.0,2265.0,transparent_glass,0,1,1,0,0
13,000012.png,data/cogar_sim_500_final/rgb/000012.png,119,1,table,0.0,140.0,640.0,340.0,123432.0,partial_occlusion,1,0,1,1,0
13,000012.png,data/cogar_sim_500_final/rgb/000012.png,120,1,table,0.0,0.0,640.0,239.0,103347.0,partial_occlusion,1,0,1,1,0
13,000012.png,data/cogar_sim_500_final/rgb/000012.png,121,10,box,37.0,229.0,219.0,173.0,25512.0,partial_occlusion,1,0,1,1,0
13,000012.png,data/cogar_sim_500_final/rgb/000012.png,122,7,connector,204.0,199.0,57.0,48.0,2002.0,partial_occlusion,1,0,1,1,0
13,000012.png,data/cogar_sim_500_final/rgb/000012.png,123,10,box,353.0,190.0,174.0,146.0,11831.0,partial_occlusion,1,0,1,1,0
13,000012.png,data/cogar_sim_500_final/rgb/000012.png,124,3,metal_part,429.0,221.0,133.0,129.0,6923.0,partial_occlusion,1,0,1,1,0
13,000012.png,data/cogar_sim_500_final/rgb/000012.png,125,3,metal_part,501.0,236.0,62.0,135.0,6998.0,partial_occlusion,1,0,1,1,0
13,000012.png,data/cogar_sim_500_final/rgb/000012.png,126,8,cable,0.0,230.0,354.0,63.0,2118.0,partial_occlusion,1,0,1,1,0
13,000012.png,data/cogar_sim_500_final/rgb/000012.png,127,7,connector,369.0,288.0,74.0,45.0,1261.0,partial_occlusion,1,0,1,1,0
13,000012.png,data/cogar_sim_500_final/rgb/000012.png,128,2,robot_gripper,263.0,72.0,207.0,134.0,15511.0,partial_occlusion,1,0,1,1,0
13,000012.png,data/cogar_sim_500_final/rgb/000012.png,129,2,robot_gripper,294.0,82.0,54.0,195.0,5035.0,partial_occlusion,1,0,1,1,0
13,000012.png,data/cogar_sim_500_final/rgb/000012.png,130,2,robot_gripper,381.0,76.0,55.0,140.0,3230.0,partial_occlusion,1,0,1,1,0
14,000013.png,data/cogar_sim_500_final/rgb/000013.png,131,1,table,0.0,30.0,640.0,450.0,233549.0,small_parts,0,0,0,1,0
14,000013.png,data/cogar_sim_500_final/rgb/000013.png,132,6,screw,268.0,204.0,6.0,13.0,65.0,small_parts,0,0,0,1,0
14,000013.png,data/cogar_sim_500_final/rgb/000013.png,133,6,screw,257.0,305.0,19.0,13.0,182.0,small_parts,0,0,0,1,0
14,000013.png,data/cogar_sim_500_final/rgb/000013.png,134,7,connector,230.0,245.0,40.0,57.0,1650.0,small_parts,0,0,0,1,0
14,000013.png,data/cogar_sim_500_final/rgb/000013.png,135,6,screw,293.0,368.0,20.0,19.0,249.0,small_parts,0,0,0,1,0
14,000013.png,data/cogar_sim_500_final/rgb/000013.png,136,6,screw,264.0,196.0,12.0,17.0,99.0,small_parts,0,0,0,1,0
14,000013.png,data/cogar_sim_500_final/rgb/000013.png,137,10,box,408.0,188.0,122.0,127.0,11515.0,small_parts,0,0,0,1,0
14,000013.png,data/cogar_sim_500_final/rgb/000013.png,138,7,connector,337.0,340.0,56.0,56.0,2099.0,small_parts,0,0,0,1,0
14,000013.png,data/cogar_sim_500_final/rgb/000013.png,139,7,connector,240.0,187.0,28.0,30.0,690.0,small_parts,0,0,0,1,0
14,000013.png,data/cogar_sim_500_final/rgb/000013.png,140,7,connector,273.0,183.0,49.0,44.0,1332.0,small_parts,0,0,0,1,0
14,000013.png,data/cogar_sim_500_final/rgb/000013.png,141,6,screw,278.0,334.0,18.0,21.0,295.0,small_parts,0,0,0,1,0
14,000013.png,data/cogar_sim_500_final/rgb/000013.png,142,10,box,359.0,186.0,83.0,72.0,3769.0,small_parts,0,0,0,1,0
14,000013.png,data/cogar_sim_500_final/rgb/000013.png,143,6,screw,166.0,191.0,15.0,16.0,188.0,small_parts,0,0,0,1,0
14,000013.png,data/cogar_sim_500_final/rgb/000013.png,144,7,connector,455.0,299.0,47.0,36.0,1002.0,small_parts,0,0,0,1,0
15,000014.png,data/cogar_sim_500_final/rgb/000014.png,145,1,table,0.0,111.0,640.0,369.0,173264.0,dynamic_scene,1,1,1,1,1
15,000014.png,data/cogar_sim_500_final/rgb/000014.png,146,1,table,0.0,0.0,640.0,115.0,67121.0,dynamic_scene,1,1,1,1,1
15,000014.png,data/cogar_sim_500_final/rgb/000014.png,147,3,metal_part,417.0,249.0,63.0,81.0,4384.0,dynamic_scene,1,1,1,1,1
15,000014.png,data/cogar_sim_500_final/rgb/000014.png,148,4,glass_object,366.0,119.0,78.0,141.0,5355.0,dynamic_scene,1,1,1,1,1
15,000014.png,data/cogar_sim_500_final/rgb/000014.png,149,5,plastic_object,193.0,295.0,76.0,89.0,4783.0,dynamic_scene,1,1,1,1,1
15,000014.png,data/cogar_sim_500_final/rgb/000014.png,150,5,plastic_object,397.0,189.0,92.0,83.0,4957.0,dynamic_scene,1,1,1,1,1
15,000014.png,data/cogar_sim_500_final/rgb/000014.png,151,7,connector,320.0,184.0,44.0,42.0,1150.0,dynamic_scene,1,1,1,1,1
15,000014.png,data/cogar_sim_500_final/rgb/000014.png,152,10,box,111.0,179.0,198.0,185.0,23187.0,dynamic_scene,1,1,1,1,1
15,000014.png,data/cogar_sim_500_final/rgb/000014.png,153,2,robot_gripper,187.0,64.0,289.0,161.0,19811.0,dynamic_scene,1,1,1,1,1
15,000014.png,data/cogar_sim_500_final/rgb/000014.png,154,2,robot_gripper,267.0,98.0,46.0,123.0,742.0,dynamic_scene,1,1,1,1,1
15,000014.png,data/cogar_sim_500_final/rgb/000014.png,155,2,robot_gripper,357.0,88.0,52.0,150.0,2446.0,dynamic_scene,1,1,1,1,1
16,000015.png,data/cogar_sim_500_final/rgb/000015.png,156,1,table,0.0,0.0,640.0,480.0,218373.0,reflective_metal,1,0,0,1,0
16,000015.png,data/cogar_sim_500_final/rgb/000015.png,157,1,table,0.0,0.0,301.0,238.0,35882.0,reflective_metal,1,0,0,1,0
16,000015.png,data/cogar_sim_500_final/rgb/000015.png,158,10,box,180.0,138.0,125.0,152.0,11234.0,reflective_metal,1,0,0,1,0
16,000015.png,data/cogar_sim_500_final/rgb/000015.png,159,7,connector,379.0,147.0,82.0,39.0,2146.0,reflective_metal,1,0,0,1,0
16,000015.png,data/cogar_sim_500_final/rgb/000015.png,160,9,tool,208.0,102.0,55.0,212.0,3337.0,reflective_metal,1,0,0,1,0
16,000015.png,data/cogar_sim_500_final/rgb/000015.png,161,9,tool,74.0,279.0,47.0,201.0,6404.0,reflective_metal,1,0,0,1,0
16,000015.png,data/cogar_sim_500_final/rgb/000015.png,162,9,tool,0.0,264.0,184.0,173.0,7843.0,reflective_metal,1,0,0,1,0
16,000015.png,data/cogar_sim_500_final/rgb/000015.png,163,3,metal_part,426.0,123.0,155.0,141.0,14416.0,reflective_metal,1,0,0,1,0
16,000015.png,data/cogar_sim_500_final/rgb/000015.png,164,6,screw,187.0,158.0,8.0,8.0,33.0,reflective_metal,1,0,0,1,0
16,000015.png,data/cogar_sim_500_final/rgb/000015.png,165,3,metal_part,135.0,175.0,92.0,113.0,7532.0,reflective_metal,1,0,0,1,0
17,000016.png,data/cogar_sim_500_final/rgb/000016.png,166,1,table,0.0,6.0,640.0,474.0,223059.0,transparent_glass,0,1,1,0,0
17,000016.png,data/cogar_sim_500_final/rgb/000016.png,167,8,cable,146.0,210.0,43.0,270.0,5525.0,transparent_glass,0,1,1,0,0
17,000016.png,data/cogar_sim_500_final/rgb/000016.png,168,8,cable,0.0,171.0,189.0,101.0,3812.0,transparent_glass,0,1,1,0,0
17,000016.png,data/cogar_sim_500_final/rgb/000016.png,169,4,glass_object,236.0,74.0,133.0,214.0,25824.0,transparent_glass,0,1,1,0,0
17,000016.png,data/cogar_sim_500_final/rgb/000016.png,170,2,robot_gripper,91.0,29.0,351.0,98.0,22529.0,transparent_glass,0,1,1,0,0
17,000016.png,data/cogar_sim_500_final/rgb/000016.png,171,2,robot_gripper,315.0,74.0,41.0,2.0,72.0,transparent_glass,0,1,1,0,0
17,000016.png,data/cogar_sim_500_final/rgb/000016.png,172,2,robot_gripper,187.0,70.0,56.0,169.0,7773.0,transparent_glass,0,1,1,0,0
18,000017.png,data/cogar_sim_500_final/rgb/000017.png,173,1,table,0.0,406.0,640.0,74.0,38181.0,partial_occlusion,1,0,1,1,0
18,000017.png,data/cogar_sim_500_final/rgb/000017.png,174,1,table,0.0,0.0,640.0,435.0,269019.0,partial_occlusion,1,0,1,1,0
19,000018.png,data/cogar_sim_500_final/rgb/000018.png,175,1,table,0.0,65.0,640.0,415.0,193930.0,small_parts,0,0,1,1,0
19,000018.png,data/cogar_sim_500_final/rgb/000018.png,176,1,table,0.0,0.0,567.0,254.0,86689.0,small_parts,0,0,1,1,0
19,000018.png,data/cogar_sim_500_final/rgb/000018.png,177,7,connector,368.0,253.0,60.0,41.0,788.0,small_parts,0,0,1,1,0
19,000018.png,data/cogar_sim_500_final/rgb/000018.png,178,7,connector,333.0,262.0,82.0,40.0,2470.0,small_parts,0,0,1,1,0
19,000018.png,data/cogar_sim_500_final/rgb/000018.png,179,7,connector,180.0,310.0,47.0,43.0,1320.0,small_parts,0,0,1,1,0
19,000018.png,data/cogar_sim_500_final/rgb/000018.png,180,8,cable,347.0,198.0,151.0,94.0,2342.0,small_parts,0,0,1,1,0
19,000018.png,data/cogar_sim_500_final/rgb/000018.png,181,7,connector,374.0,188.0,22.0,45.0,561.0,small_parts,0,0,1,1,0
19,000018.png,data/cogar_sim_500_final/rgb/000018.png,182,7,connector,130.0,232.0,55.0,45.0,1692.0,small_parts,0,0,1,1,0
19,000018.png,data/cogar_sim_500_final/rgb/000018.png,183,6,screw,241.0,261.0,22.0,18.0,282.0,small_parts,0,0,1,1,0
19,000018.png,data/cogar_sim_500_final/rgb/000018.png,184,2,robot_gripper,283.0,91.0,137.0,116.0,8780.0,small_parts,0,0,1,1,0
19,000018.png,data/cogar_sim_500_final/rgb/000018.png,185,2,robot_gripper,295.0,134.0,40.0,102.0,1200.0,small_parts,0,0,1,1,0
19,000018.png,data/cogar_sim_500_final/rgb/000018.png,186,2,robot_gripper,351.0,158.0,39.0,49.0,1139.0,small_parts,0,0,1,1,0
20,000019.png,data/cogar_sim_500_final/rgb/000019.png,187,1,table,443.0,476.0,197.0,4.0,448.0,dynamic_scene,0,0,0,0,1
20,000019.png,data/cogar_sim_500_final/rgb/000019.png,188,1,table,0.0,0.0,640.0,480.0,306752.0,dynamic_scene,0,0,0,0,1
21,000020.png,data/cogar_sim_500_final/rgb/000020.png,189,1,table,0.0,0.0,640.0,480.0,245588.0,reflective_metal,1,0,1,1,0
21,000020.png,data/cogar_sim_500_final/rgb/000020.png,190,1,table,393.0,256.0,247.0,224.0,27708.0,reflective_metal,1,0,1,1,0
21,000020.png,data/cogar_sim_500_final/rgb/000020.png,191,3,metal_part,205.0,41.0,109.0,79.0,3398.0,reflective_metal,1,0,1,1,0
21,000020.png,data/cogar_sim_500_final/rgb/000020.png,192,3,metal_part,80.0,180.0,97.0,41.0,2861.0,reflective_metal,1,0,1,1,0
21,000020.png,data/cogar_sim_500_final/rgb/000020.png,193,9,tool,354.0,301.0,47.0,159.0,4660.0,reflective_metal,1,0,1,1,0
21,000020.png,data/cogar_sim_500_final/rgb/000020.png,194,9,tool,456.0,20.0,75.0,208.0,6643.0,reflective_metal,1,0,1,1,0
21,000020.png,data/cogar_sim_500_final/rgb/000020.png,195,2,robot_gripper,140.0,241.0,311.0,124.0,15135.0,reflective_metal,1,0,1,1,0
21,000020.png,data/cogar_sim_500_final/rgb/000020.png,196,2,robot_gripper,258.0,329.0,40.0,43.0,1207.0,reflective_metal,1,0,1,1,0
22,000021.png,data/cogar_sim_500_final/rgb/000021.png,197,1,table,0.0,215.0,192.0,265.0,25622.0,transparent_glass,1,1,1,0,0
22,000021.png,data/cogar_sim_500_final/rgb/000021.png,198,1,table,0.0,0.0,640.0,480.0,281578.0,transparent_glass,1,1,1,0,0
23,000022.png,data/cogar_sim_500_final/rgb/000022.png,199,1,table,0.0,0.0,640.0,480.0,226581.0,partial_occlusion,0,0,1,1,0
23,000022.png,data/cogar_sim_500_final/rgb/000022.png,200,1,table,0.0,0.0,140.0,423.0,29779.0,partial_occlusion,0,0,1,1,0
23,000022.png,data/cogar_sim_500_final/rgb/000022.png,201,10,box,345.0,137.0,123.0,138.0,12478.0,partial_occlusion,0,0,1,1,0
23,000022.png,data/cogar_sim_500_final/rgb/000022.png,202,10,box,351.0,134.0,123.0,108.0,1475.0,partial_occlusion,0,0,1,1,0
23,000022.png,data/cogar_sim_500_final/rgb/000022.png,203,8,cable,59.0,383.0,378.0,39.0,8275.0,partial_occlusion,0,0,1,1,0
23,000022.png,data/cogar_sim_500_final/rgb/000022.png,204,6,screw,387.0,479.0,2.0,1.0,2.0,partial_occlusion,0,0,1,1,0
23,000022.png,data/cogar_sim_500_final/rgb/000022.png,205,8,cable,334.0,196.0,275.0,11.0,1563.0,partial_occlusion,0,0,1,1,0
23,000022.png,data/cogar_sim_500_final/rgb/000022.png,206,8,cable,179.0,180.0,172.0,69.0,937.0,partial_occlusion,0,0,1,1,0
23,000022.png,data/cogar_sim_500_final/rgb/000022.png,207,2,robot_gripper,212.0,50.0,162.0,283.0,23074.0,partial_occlusion,0,0,1,1,0
23,000022.png,data/cogar_sim_500_final/rgb/000022.png,208,2,robot_gripper,291.0,274.0,18.0,47.0,339.0,partial_occlusion,0,0,1,1,0
23,000022.png,data/cogar_sim_500_final/rgb/000022.png,209,2,robot_gripper,251.0,84.0,55.0,92.0,2697.0,partial_occlusion,0,0,1,1,0
24,000023.png,data/cogar_sim_500_final/rgb/000023.png,210,1,table,0.0,0.0,640.0,480.0,259983.0,small_parts,1,0,1,1,0
24,000023.png,data/cogar_sim_500_final/rgb/000023.png,211,6,screw,154.0,318.0,22.0,16.0,293.0,small_parts,1,0,1,1,0
24,000023.png,data/cogar_sim_500_final/rgb/000023.png,212,7,connector,303.0,347.0,105.0,63.0,3970.0,small_parts,1,0,1,1,0
24,000023.png,data/cogar_sim_500_final/rgb/000023.png,213,8,cable,369.0,253.0,78.0,216.0,2498.0,small_parts,1,0,1,1,0
24,000023.png,data/cogar_sim_500_final/rgb/000023.png,214,7,connector,354.0,207.0,50.0,54.0,1813.0,small_parts,1,0,1,1,0
24,000023.png,data/cogar_sim_500_final/rgb/000023.png,215,6,screw,83.0,315.0,25.0,25.0,333.0,small_parts,1,0,1,1,0
24,000023.png,data/cogar_sim_500_final/rgb/000023.png,216,7,connector,208.0,170.0,54.0,38.0,1599.0,small_parts,1,0,1,1,0
24,000023.png,data/cogar_sim_500_final/rgb/000023.png,217,3,metal_part,348.0,102.0,73.0,72.0,1580.0,small_parts,1,0,1,1,0
24,000023.png,data/cogar_sim_500_final/rgb/000023.png,218,6,screw,369.0,264.0,22.0,13.0,78.0,small_parts,1,0,1,1,0
24,000023.png,data/cogar_sim_500_final/rgb/000023.png,219,7,connector,208.0,247.0,72.0,55.0,2353.0,small_parts,1,0,1,1,0
24,000023.png,data/cogar_sim_500_final/rgb/000023.png,220,6,screw,105.0,280.0,21.0,19.0,313.0,small_parts,1,0,1,1,0
24,000023.png,data/cogar_sim_500_final/rgb/000023.png,221,2,robot_gripper,275.0,32.0,172.0,131.0,11431.0,small_parts,1,0,1,1,0
24,000023.png,data/cogar_sim_500_final/rgb/000023.png,222,2,robot_gripper,302.0,54.0,48.0,179.0,4591.0,small_parts,1,0,1,1,0
24,000023.png,data/cogar_sim_500_final/rgb/000023.png,223,2,robot_gripper,345.0,43.0,41.0,133.0,1762.0,small_parts,1,0,1,1,0
25,000024.png,data/cogar_sim_500_final/rgb/000024.png,224,1,table,0.0,47.0,640.0,433.0,183768.0,dynamic_scene,1,0,0,1,1
25,000024.png,data/cogar_sim_500_final/rgb/000024.png,225,1,table,298.0,0.0,342.0,380.0,72992.0,dynamic_scene,1,0,0,1,1
25,000024.png,data/cogar_sim_500_final/rgb/000024.png,226,7,connector,126.0,203.0,43.0,34.0,1063.0,dynamic_scene,1,0,0,1,1
25,000024.png,data/cogar_sim_500_final/rgb/000024.png,227,5,plastic_object,279.0,343.0,86.0,89.0,6501.0,dynamic_scene,1,0,0,1,1
25,000024.png,data/cogar_sim_500_final/rgb/000024.png,228,3,metal_part,278.0,161.0,47.0,54.0,1881.0,dynamic_scene,1,0,0,1,1
25,000024.png,data/cogar_sim_500_final/rgb/000024.png,229,5,plastic_object,384.0,234.0,56.0,74.0,3340.0,dynamic_scene,1,0,0,1,1
25,000024.png,data/cogar_sim_500_final/rgb/000024.png,230,5,plastic_object,347.0,154.0,57.0,88.0,4450.0,dynamic_scene,1,0,0,1,1
25,000024.png,data/cogar_sim_500_final/rgb/000024.png,231,7,connector,162.0,181.0,19.0,25.0,168.0,dynamic_scene,1,0,0,1,1
25,000024.png,data/cogar_sim_500_final/rgb/000024.png,232,5,plastic_object,468.0,343.0,71.0,102.0,5918.0,dynamic_scene,1,0,0,1,1
25,000024.png,data/cogar_sim_500_final/rgb/000024.png,233,3,metal_part,166.0,162.0,95.0,96.0,5441.0,dynamic_scene,1,0,0,1,1
25,000024.png,data/cogar_sim_500_final/rgb/000024.png,234,5,plastic_object,257.0,149.0,69.0,64.0,2145.0,dynamic_scene,1,0,0,1,1
26,000025.png,data/cogar_sim_500_final/rgb/000025.png,235,1,table,0.0,0.0,584.0,480.0,229780.0,reflective_metal,1,0,0,1,0
26,000025.png,data/cogar_sim_500_final/rgb/000025.png,236,1,table,512.0,0.0,128.0,480.0,44222.0,reflective_metal,1,0,0,1,0
26,000025.png,data/cogar_sim_500_final/rgb/000025.png,237,3,metal_part,181.0,35.0,79.0,69.0,4050.0,reflective_metal,1,0,0,1,0
26,000025.png,data/cogar_sim_500_final/rgb/000025.png,238,3,metal_part,183.0,439.0,80.0,41.0,2555.0,reflective_metal,1,0,0,1,0
26,000025.png,data/cogar_sim_500_final/rgb/000025.png,239,5,plastic_object,226.0,289.0,75.0,65.0,3795.0,reflective_metal,1,0,0,1,0
26,000025.png,data/cogar_sim_500_final/rgb/000025.png,240,6,screw,252.0,210.0,9.0,24.0,38.0,reflective_metal,1,0,0,1,0
26,000025.png,data/cogar_sim_500_final/rgb/000025.png,241,6,screw,134.0,68.0,21.0,14.0,230.0,reflective_metal,1,0,0,1,0
26,000025.png,data/cogar_sim_500_final/rgb/000025.png,242,3,metal_part,310.0,99.0,121.0,89.0,8708.0,reflective_metal,1,0,0,1,0
26,000025.png,data/cogar_sim_500_final/rgb/000025.png,243,9,tool,227.0,117.0,112.0,314.0,7245.0,reflective_metal,1,0,0,1,0
26,000025.png,data/cogar_sim_500_final/rgb/000025.png,244,3,metal_part,309.0,394.0,80.0,78.0,2891.0,reflective_metal,1,0,0,1,0
26,000025.png,data/cogar_sim_500_final/rgb/000025.png,245,3,metal_part,206.0,171.0,48.0,39.0,1368.0,reflective_metal,1,0,0,1,0
26,000025.png,data/cogar_sim_500_final/rgb/000025.png,246,3,metal_part,332.0,0.0,66.0,42.0,2318.0,reflective_metal,1,0,0,1,0
27,000026.png,data/cogar_sim_500_final/rgb/000026.png,247,1,table,0.0,47.0,640.0,433.0,197994.0,transparent_glass,1,1,0,1,0
27,000026.png,data/cogar_sim_500_final/rgb/000026.png,248,5,plastic_object,458.0,324.0,88.0,100.0,7368.0,transparent_glass,1,1,0,1,0
27,000026.png,data/cogar_sim_500_final/rgb/000026.png,249,4,glass_object,504.0,131.0,136.0,195.0,23630.0,transparent_glass,1,1,0,1,0
27,000026.png,data/cogar_sim_500_final/rgb/000026.png,250,9,tool,346.0,197.0,133.0,123.0,6310.0,transparent_glass,1,1,0,1,0
27,000026.png,data/cogar_sim_500_final/rgb/000026.png,251,9,tool,283.0,244.0,55.0,46.0,1685.0,transparent_glass,1,1,0,1,0
27,000026.png,data/cogar_sim_500_final/rgb/000026.png,252,4,glass_object,185.0,144.0,120.0,150.0,14372.0,transparent_glass,1,1,0,1,0
27,000026.png,data/cogar_sim_500_final/rgb/000026.png,253,7,connector,427.0,324.0,41.0,46.0,1277.0,transparent_glass,1,1,0,1,0
28,000027.png,data/cogar_sim_500_final/rgb/000027.png,254,1,table,0.0,0.0,640.0,480.0,202242.0,partial_occlusion,1,1,1,0,0
28,000027.png,data/cogar_sim_500_final/rgb/000027.png,255,1,table,0.0,373.0,153.0,107.0,8235.0,partial_occlusion,1,1,1,0,0
28,000027.png,data/cogar_sim_500_final/rgb/000027.png,256,8,cable,333.0,0.0,43.0,145.0,1950.0,partial_occlusion,1,1,1,0,0
28,000027.png,data/cogar_sim_500_final/rgb/000027.png,257,10,box,311.0,126.0,180.0,185.0,20520.0,partial_occlusion,1,1,1,0,0
28,000027.png,data/cogar_sim_500_final/rgb/000027.png,258,10,box,412.0,295.0,166.0,152.0,21838.0,partial_occlusion,1,1,1,0,0
28,000027.png,data/cogar_sim_500_final/rgb/000027.png,259,8,cable,414.0,48.0,118.0,256.0,2536.0,partial_occlusion,1,1,1,0,0
28,000027.png,data/cogar_sim_500_final/rgb/000027.png,260,8,cable,126.0,0.0,45.0,179.0,2413.0,partial_occlusion,1,1,1,0,0
28,000027.png,data/cogar_sim_500_final/rgb/000027.png,261,4,glass_object,101.0,172.0,126.0,104.0,11174.0,partial_occlusion,1,1,1,0,0
28,000027.png,data/cogar_sim_500_final/rgb/000027.png,262,10,box,412.0,435.0,135.0,45.0,4872.0,partial_occlusion,1,1,1,0,0
28,000027.png,data/cogar_sim_500_final/rgb/000027.png,263,5,plastic_object,16.0,235.0,103.0,56.0,4293.0,partial_occlusion,1,1,1,0,0
28,000027.png,data/cogar_sim_500_final/rgb/000027.png,264,3,metal_part,550.0,205.0,49.0,80.0,2962.0,partial_occlusion,1,1,1,0,0
28,000027.png,data/cogar_sim_500_final/rgb/000027.png,265,2,robot_gripper,128.0,14.0,260.0,266.0,19941.0,partial_occlusion,1,1,1,0,0
28,000027.png,data/cogar_sim_500_final/rgb/000027.png,266,2,robot_gripper,260.0,203.0,41.0,46.0,640.0,partial_occlusion,1,1,1,0,0
28,000027.png,data/cogar_sim_500_final/rgb/000027.png,267,2,robot_gripper,152.0,97.0,82.0,94.0,3584.0,partial_occlusion,1,1,1,0,0
29,000028.png,data/cogar_sim_500_final/rgb/000028.png,268,1,table,0.0,0.0,640.0,480.0,247441.0,small_parts,1,0,1,1,0
29,000028.png,data/cogar_sim_500_final/rgb/000028.png,269,3,metal_part,406.0,297.0,51.0,46.0,1425.0,small_parts,1,0,1,1,0
29,000028.png,data/cogar_sim_500_final/rgb/000028.png,270,7,connector,597.0,280.0,43.0,84.0,2842.0,small_parts,1,0,1,1,0
29,000028.png,data/cogar_sim_500_final/rgb/000028.png,271,7,connector,436.0,280.0,58.0,83.0,1719.0,small_parts,1,0,1,1,0
29,000028.png,data/cogar_sim_500_final/rgb/000028.png,272,10,box,261.0,209.0,179.0,210.0,13687.0,small_parts,1,0,1,1,0
29,000028.png,data/cogar_sim_500_final/rgb/000028.png,273,8,cable,0.0,391.0,217.0,89.0,2856.0,small_parts,1,0,1,1,0
29,000028.png,data/cogar_sim_500_final/rgb/000028.png,274,6,screw,337.0,161.0,12.0,18.0,172.0,small_parts,1,0,1,1,0
29,000028.png,data/cogar_sim_500_final/rgb/000028.png,275,5,plastic_object,95.0,47.0,134.0,134.0,9349.0,small_parts,1,0,1,1,0
29,000028.png,data/cogar_sim_500_final/rgb/000028.png,276,7,connector,508.0,108.0,103.0,49.0,3062.0,small_parts,1,0,1,1,0
29,000028.png,data/cogar_sim_500_final/rgb/000028.png,277,2,robot_gripper,86.0,241.0,352.0,186.0,22130.0,small_parts,1,0,1,1,0
29,000028.png,data/cogar_sim_500_final/rgb/000028.png,278,2,robot_gripper,175.0,335.0,65.0,61.0,2517.0,small_parts,1,0,1,1,0
30,000029.png,data/cogar_sim_500_final/rgb/000029.png,279,1,table,0.0,28.0,640.0,452.0,208894.0,dynamic_scene,0,0,1,1,1
30,000029.png,data/cogar_sim_500_final/rgb/000029.png,280,1,table,164.0,0.0,476.0,286.0,72418.0,dynamic_scene,0,0,1,1,1
30,000029.png,data/cogar_sim_500_final/rgb/000029.png,281,5,plastic_object,344.0,192.0,67.0,86.0,2584.0,dynamic_scene,0,0,1,1,1
30,000029.png,data/cogar_sim_500_final/rgb/000029.png,282,7,connector,286.0,157.0,7.0,27.0,144.0,dynamic_scene,0,0,1,1,1
30,000029.png,data/cogar_sim_500_final/rgb/000029.png,283,7,connector,496.0,278.0,65.0,49.0,1915.0,dynamic_scene,0,0,1,1,1
30,000029.png,data/cogar_sim_500_final/rgb/000029.png,284,2,robot_gripper,282.0,71.0,90.0,164.0,9057.0,dynamic_scene,0,0,1,1,1
30,000029.png,data/cogar_sim_500_final/rgb/000029.png,285,2,robot_gripper,291.0,91.0,40.0,139.0,1523.0,dynamic_scene,0,0,1,1,1
30,000029.png,data/cogar_sim_500_final/rgb/000029.png,286,2,robot_gripper,344.0,139.0,45.0,112.0,2427.0,dynamic_scene,0,0,1,1,1
31,000030.png,data/cogar_sim_500_final/rgb/000030.png,287,1,table,0.0,108.0,640.0,372.0,197008.0,reflective_metal,1,0,1,0,0
31,000030.png,data/cogar_sim_500_final/rgb/000030.png,288,5,plastic_object,454.0,228.0,74.0,60.0,4043.0,reflective_metal,1,0,1,0,0
31,000030.png,data/cogar_sim_500_final/rgb/000030.png,289,9,tool,273.0,223.0,56.0,54.0,1505.0,reflective_metal,1,0,1,0,0
31,000030.png,data/cogar_sim_500_final/rgb/000030.png,290,3,metal_part,269.0,204.0,29.0,46.0,964.0,reflective_metal,1,0,1,0,0
31,000030.png,data/cogar_sim_500_final/rgb/000030.png,291,10,box,169.0,158.0,75.0,103.0,7010.0,reflective_metal,1,0,1,0,0
31,000030.png,data/cogar_sim_500_final/rgb/000030.png,292,2,robot_gripper,172.0,94.0,254.0,61.0,14538.0,reflective_metal,1,0,1,0,0
31,000030.png,data/cogar_sim_500_final/rgb/000030.png,293,2,robot_gripper,237.0,81.0,34.0,168.0,3454.0,reflective_metal,1,0,1,0,0
31,000030.png,data/cogar_sim_500_final/rgb/000030.png,294,2,robot_gripper,317.0,88.0,27.0,137.0,2012.0,reflective_metal,1,0,1,0,0
32,000031.png,data/cogar_sim_500_final/rgb/000031.png,295,1,table,530.0,424.0,110.0,56.0,3116.0,transparent_glass,1,1,1,0,0
32,000031.png,data/cogar_sim_500_final/rgb/000031.png,296,1,table,0.0,0.0,640.0,480.0,304084.0,transparent_glass,1,1,1,0,0
33,000032.png,data/cogar_sim_500_final/rgb/000032.png,297,1,table,0.0,10.0,640.0,470.0,226841.0,partial_occlusion,1,0,1,1,0
33,000032.png,data/cogar_sim_500_final/rgb/000032.png,298,5,plastic_object,380.0,322.0,64.0,56.0,2752.0,partial_occlusion,1,0,1,1,0
33,000032.png,data/cogar_sim_500_final/rgb/000032.png,299,9,tool,147.0,182.0,94.0,27.0,2301.0,partial_occlusion,1,0,1,1,0
33,000032.png,data/cogar_sim_500_final/rgb/000032.png,300,8,cable,424.0,233.0,119.0,77.0,1155.0,partial_occlusion,1,0,1,1,0
33,000032.png,data/cogar_sim_500_final/rgb/000032.png,301,7,connector,95.0,220.0,42.0,32.0,1149.0,partial_occlusion,1,0,1,1,0
33,000032.png,data/cogar_sim_500_final/rgb/000032.png,302,10,box,240.0,160.0,131.0,103.0,9134.0,partial_occlusion,1,0,1,1,0
33,000032.png,data/cogar_sim_500_final/rgb/000032.png,303,7,connector,376.0,215.0,37.0,34.0,889.0,partial_occlusion,1,0,1,1,0
33,000032.png,data/cogar_sim_500_final/rgb/000032.png,304,7,connector,294.0,267.0,55.0,50.0,1251.0,partial_occlusion,1,0,1,1,0
33,000032.png,data/cogar_sim_500_final/rgb/000032.png,305,6,screw,191.0,205.0,13.0,19.0,146.0,partial_occlusion,1,0,1,1,0
33,000032.png,data/cogar_sim_500_final/rgb/000032.png,306,9,tool,361.0,217.0,172.0,83.0,4407.0,partial_occlusion,1,0,1,1,0
33,000032.png,data/cogar_sim_500_final/rgb/000032.png,307,2,robot_gripper,182.0,102.0,175.0,61.0,8626.0,partial_occlusion,1,0,1,1,0
33,000032.png,data/cogar_sim_500_final/rgb/000032.png,308,2,robot_gripper,241.0,85.0,29.0,95.0,909.0,partial_occlusion,1,0,1,1,0
33,000032.png,data/cogar_sim_500_final/rgb/000032.png,309,2,robot_gripper,294.0,99.0,26.0,95.0,1387.0,partial_occlusion,1,0,1,1,0
34,000033.png,data/cogar_sim_500_final/rgb/000033.png,310,1,table,0.0,0.0,640.0,480.0,256127.0,small_parts,0,0,1,1,0
34,000033.png,data/cogar_sim_500_final/rgb/000033.png,311,6,screw,516.0,263.0,18.0,18.0,238.0,small_parts,0,0,1,1,0
34,000033.png,data/cogar_sim_500_final/rgb/000033.png,312,7,connector,356.0,207.0,83.0,56.0,3173.0,small_parts,0,0,1,1,0
34,000033.png,data/cogar_sim_500_final/rgb/000033.png,313,8,cable,316.0,80.0,41.0,190.0,2140.0,small_parts,0,0,1,1,0
34,000033.png,data/cogar_sim_500_final/rgb/000033.png,314,8,cable,342.0,162.0,71.0,249.0,3841.0,small_parts,0,0,1,1,0
34,000033.png,data/cogar_sim_500_final/rgb/000033.png,315,5,plastic_object,546.0,210.0,72.0,59.0,3346.0,small_parts,0,0,1,1,0
34,000033.png,data/cogar_sim_500_final/rgb/000033.png,316,6,screw,388.0,140.0,22.0,23.0,362.0,small_parts,0,0,1,1,0
34,000033.png,data/cogar_sim_500_final/rgb/000033.png,317,6,screw,66.0,222.0,25.0,23.0,385.0,small_parts,0,0,1,1,0
34,000033.png,data/cogar_sim_500_final/rgb/000033.png,318,6,screw,302.0,262.0,26.0,22.0,416.0,small_parts,0,0,1,1,0
34,000033.png,data/cogar_sim_500_final/rgb/000033.png,319,2,robot_gripper,111.0,47.0,216.0,198.0,15427.0,small_parts,0,0,1,1,0
34,000033.png,data/cogar_sim_500_final/rgb/000033.png,320,2,robot_gripper,258.0,80.0,57.0,183.0,8560.0,small_parts,0,0,1,1,0
34,000033.png,data/cogar_sim_500_final/rgb/000033.png,321,2,robot_gripper,161.0,109.0,74.0,195.0,6252.0,small_parts,0,0,1,1,0
35,000034.png,data/cogar_sim_500_final/rgb/000034.png,322,1,table,0.0,0.0,640.0,480.0,274166.0,dynamic_scene,1,1,1,1,1
35,000034.png,data/cogar_sim_500_final/rgb/000034.png,323,9,tool,65.0,274.0,157.0,85.0,2915.0,dynamic_scene,1,1,1,1,1
35,000034.png,data/cogar_sim_500_final/rgb/000034.png,324,8,cable,107.0,191.0,107.0,289.0,2294.0,dynamic_scene,1,1,1,1,1
35,000034.png,data/cogar_sim_500_final/rgb/000034.png,325,7,connector,299.0,288.0,85.0,65.0,2292.0,dynamic_scene,1,1,1,1,1
35,000034.png,data/cogar_sim_500_final/rgb/000034.png,326,5,plastic_object,276.0,165.0,85.0,49.0,3336.0,dynamic_scene,1,1,1,1,1
35,000034.png,data/cogar_sim_500_final/rgb/000034.png,327,8,cable,238.0,198.0,149.0,251.0,1906.0,dynamic_scene,1,1,1,1,1
35,000034.png,data/cogar_sim_500_final/rgb/000034.png,328,4,glass_object,106.0,157.0,82.0,93.0,3531.0,dynamic_scene,1,1,1,1,1
35,000034.png,data/cogar_sim_500_final/rgb/000034.png,329,3,metal_part,319.0,266.0,27.0,5.0,25.0,dynamic_scene,1,1,1,1,1
35,000034.png,data/cogar_sim_500_final/rgb/000034.png,330,2,robot_gripper,122.0,205.0,296.0,64.0,14162.0,dynamic_scene,1,1,1,1,1
35,000034.png,data/cogar_sim_500_final/rgb/000034.png,331,2,robot_gripper,306.0,226.0,33.0,45.0,1365.0,dynamic_scene,1,1,1,1,1
35,000034.png,data/cogar_sim_500_final/rgb/000034.png,332,2,robot_gripper,212.0,260.0,43.0,30.0,1208.0,dynamic_scene,1,1,1,1,1
36,000035.png,data/cogar_sim_500_final/rgb/000035.png,333,1,table,88.0,0.0,552.0,480.0,207119.0,reflective_metal,1,0,1,1,0
36,000035.png,data/cogar_sim_500_final/rgb/000035.png,334,1,table,0.0,0.0,128.0,480.0,51618.0,reflective_metal,1,0,1,1,0
36,000035.png,data/cogar_sim_500_final/rgb/000035.png,335,10,box,248.0,75.0,143.0,143.0,7045.0,reflective_metal,1,0,1,1,0
36,000035.png,data/cogar_sim_500_final/rgb/000035.png,336,6,screw,412.0,108.0,13.0,16.0,183.0,reflective_metal,1,0,1,1,0
36,000035.png,data/cogar_sim_500_final/rgb/000035.png,337,3,metal_part,162.0,122.0,85.0,95.0,4530.0,reflective_metal,1,0,1,1,0
36,000035.png,data/cogar_sim_500_final/rgb/000035.png,338,9,tool,90.0,328.0,237.0,89.0,4611.0,reflective_metal,1,0,1,1,0
36,000035.png,data/cogar_sim_500_final/rgb/000035.png,339,9,tool,84.0,221.0,213.0,239.0,12236.0,reflective_metal,1,0,1,1,0
36,000035.png,data/cogar_sim_500_final/rgb/000035.png,340,5,plastic_object,153.0,166.0,69.0,46.0,2294.0,reflective_metal,1,0,1,1,0
36,000035.png,data/cogar_sim_500_final/rgb/000035.png,341,2,robot_gripper,305.0,76.0,146.0,167.0,9328.0,reflective_metal,1,0,1,1,0
36,000035.png,data/cogar_sim_500_final/rgb/000035.png,342,2,robot_gripper,334.0,142.0,50.0,148.0,5959.0,reflective_metal,1,0,1,1,0
36,000035.png,data/cogar_sim_500_final/rgb/000035.png,343,2,robot_gripper,324.0,88.0,45.0,147.0,1820.0,reflective_metal,1,0,1,1,0
37,000036.png,data/cogar_sim_500_final/rgb/000036.png,344,1,table,0.0,388.0,640.0,92.0,55829.0,transparent_glass,1,1,1,1,0
37,000036.png,data/cogar_sim_500_final/rgb/000036.png,345,1,table,0.0,0.0,640.0,397.0,251371.0,transparent_glass,1,1,1,1,0
38,000037.png,data/cogar_sim_500_final/rgb/000037.png,346,1,table,0.0,371.0,640.0,109.0,35571.0,partial_occlusion,1,1,1,1,0
38,000037.png,data/cogar_sim_500_final/rgb/000037.png,347,1,table,0.0,0.0,640.0,477.0,271629.0,partial_occlusion,1,1,1,1,0
39,000038.png,data/cogar_sim_500_final/rgb/000038.png,348,1,table,488.0,309.0,152.0,171.0,13107.0,small_parts,1,0,1,1,0
39,000038.png,data/cogar_sim_500_final/rgb/000038.png,349,1,table,0.0,0.0,640.0,480.0,294093.0,small_parts,1,0,1,1,0
40,000039.png,data/cogar_sim_500_final/rgb/000039.png,350,1,table,0.0,137.0,640.0,343.0,170304.0,dynamic_scene,1,0,1,1,1
40,000039.png,data/cogar_sim_500_final/rgb/000039.png,351,8,cable,407.0,239.0,174.0,59.0,2113.0,dynamic_scene,1,0,1,1,1
40,000039.png,data/cogar_sim_500_final/rgb/000039.png,352,3,metal_part,208.0,203.0,19.0,54.0,536.0,dynamic_scene,1,0,1,1,1
40,000039.png,data/cogar_sim_500_final/rgb/000039.png,353,10,box,221.0,170.0,136.0,147.0,15874.0,dynamic_scene,1,0,1,1,1
40,000039.png,data/cogar_sim_500_final/rgb/000039.png,354,7,connector,378.0,265.0,9.0,27.0,177.0,dynamic_scene,1,0,1,1,1
40,000039.png,data/cogar_sim_500_final/rgb/000039.png,355,5,plastic_object,379.0,206.0,36.0,57.0,1595.0,dynamic_scene,1,0,1,1,1
40,000039.png,data/cogar_sim_500_final/rgb/000039.png,356,2,robot_gripper,263.0,140.0,292.0,72.0,14105.0,dynamic_scene,1,0,1,1,1
40,000039.png,data/cogar_sim_500_final/rgb/000039.png,357,2,robot_gripper,433.0,131.0,39.0,174.0,5242.0,dynamic_scene,1,0,1,1,1
40,000039.png,data/cogar_sim_500_final/rgb/000039.png,358,2,robot_gripper,350.0,138.0,32.0,172.0,4429.0,dynamic_scene,1,0,1,1,1
41,000040.png,data/cogar_sim_500_final/rgb/000040.png,359,1,table,0.0,28.0,640.0,452.0,203483.0,reflective_metal,1,0,0,1,0
41,000040.png,data/cogar_sim_500_final/rgb/000040.png,360,7,connector,214.0,266.0,76.0,51.0,2465.0,reflective_metal,1,0,0,1,0
41,000040.png,data/cogar_sim_500_final/rgb/000040.png,361,10,box,196.0,108.0,124.0,114.0,9810.0,reflective_metal,1,0,0,1,0
41,000040.png,data/cogar_sim_500_final/rgb/000040.png,362,3,metal_part,356.0,295.0,91.0,50.0,3920.0,reflective_metal,1,0,0,1,0
41,000040.png,data/cogar_sim_500_final/rgb/000040.png,363,3,metal_part,264.0,122.0,38.0,15.0,424.0,reflective_metal,1,0,0,1,0
41,000040.png,data/cogar_sim_500_final/rgb/000040.png,364,3,metal_part,0.0,216.0,89.0,64.0,4574.0,reflective_metal,1,0,0,1,0
41,000040.png,data/cogar_sim_500_final/rgb/000040.png,365,9,tool,272.0,321.0,122.0,142.0,6530.0,reflective_metal,1,0,0,1,0
41,000040.png,data/cogar_sim_500_final/rgb/000040.png,366,9,tool,187.0,189.0,130.0,90.0,5157.0,reflective_metal,1,0,0,1,0
41,000040.png,data/cogar_sim_500_final/rgb/000040.png,367,9,tool,0.0,294.0,151.0,186.0,8585.0,reflective_metal,1,0,0,1,0
41,000040.png,data/cogar_sim_500_final/rgb/000040.png,368,9,tool,0.0,260.0,125.0,165.0,7377.0,reflective_metal,1,0,0,1,0
41,000040.png,data/cogar_sim_500_final/rgb/000040.png,369,3,metal_part,377.0,126.0,122.0,113.0,8414.0,reflective_metal,1,0,0,1,0
42,000041.png,data/cogar_sim_500_final/rgb/000041.png,370,1,table,0.0,378.0,80.0,102.0,4160.0,transparent_glass,1,1,0,1,0
42,000041.png,data/cogar_sim_500_final/rgb/000041.png,371,1,table,0.0,0.0,640.0,480.0,303040.0,transparent_glass,1,1,0,1,0
43,000042.png,data/cogar_sim_500_final/rgb/000042.png,372,1,table,0.0,0.0,639.0,480.0,212066.0,partial_occlusion,1,0,1,1,0
43,000042.png,data/cogar_sim_500_final/rgb/000042.png,373,1,table,478.0,0.0,162.0,480.0,37974.0,partial_occlusion,1,0,1,1,0
43,000042.png,data/cogar_sim_500_final/rgb/000042.png,374,8,cable,116.0,159.0,83.0,235.0,3725.0,partial_occlusion,1,0,1,1,0
43,000042.png,data/cogar_sim_500_final/rgb/000042.png,375,3,metal_part,176.0,87.0,35.0,82.0,2343.0,partial_occlusion,1,0,1,1,0
43,000042.png,data/cogar_sim_500_final/rgb/000042.png,376,10,box,371.0,62.0,178.0,159.0,19302.0,partial_occlusion,1,0,1,1,0
43,000042.png,data/cogar_sim_500_final/rgb/000042.png,377,7,connector,446.0,285.0,63.0,60.0,2300.0,partial_occlusion,1,0,1,1,0
43,000042.png,data/cogar_sim_500_final/rgb/000042.png,378,5,plastic_object,369.0,396.0,94.0,71.0,4914.0,partial_occlusion,1,0,1,1,0
43,000042.png,data/cogar_sim_500_final/rgb/000042.png,379,7,connector,370.0,269.0,52.0,56.0,1384.0,partial_occlusion,1,0,1,1,0
43,000042.png,data/cogar_sim_500_final/rgb/000042.png,380,2,robot_gripper,252.0,68.0,146.0,249.0,19279.0,partial_occlusion,1,0,1,1,0
43,000042.png,data/cogar_sim_500_final/rgb/000042.png,381,2,robot_gripper,314.0,89.0,56.0,98.0,2819.0,partial_occlusion,1,0,1,1,0
43,000042.png,data/cogar_sim_500_final/rgb/000042.png,382,2,robot_gripper,317.0,289.0,54.0,48.0,1094.0,partial_occlusion,1,0,1,1,0
44,000043.png,data/cogar_sim_500_final/rgb/000043.png,383,1,table,343.0,330.0,297.0,150.0,22438.0,small_parts,1,0,0,1,0
44,000043.png,data/cogar_sim_500_final/rgb/000043.png,384,1,table,0.0,0.0,640.0,480.0,284762.0,small_parts,1,0,0,1,0
45,000044.png,data/cogar_sim_500_final/rgb/000044.png,385,1,table,0.0,0.0,640.0,480.0,261344.0,dynamic_scene,0,0,1,1,1
45,000044.png,data/cogar_sim_500_final/rgb/000044.png,386,10,box,384.0,172.0,149.0,122.0,3423.0,dynamic_scene,0,0,1,1,1
45,000044.png,data/cogar_sim_500_final/rgb/000044.png,387,5,plastic_object,220.0,198.0,82.0,92.0,6249.0,dynamic_scene,0,0,1,1,1
45,000044.png,data/cogar_sim_500_final/rgb/000044.png,388,6,screw,293.0,341.0,19.0,33.0,520.0,dynamic_scene,0,0,1,1,1
45,000044.png,data/cogar_sim_500_final/rgb/000044.png,389,8,cable,316.0,156.0,160.0,280.0,4158.0,dynamic_scene,0,0,1,1,1
45,000044.png,data/cogar_sim_500_final/rgb/000044.png,390,5,plastic_object,411.0,189.0,135.0,111.0,8541.0,dynamic_scene,0,0,1,1,1
45,000044.png,data/cogar_sim_500_final/rgb/000044.png,391,5,plastic_object,514.0,141.0,40.0,61.0,1737.0,dynamic_scene,0,0,1,1,1
45,000044.png,data/cogar_sim_500_final/rgb/000044.png,392,2,robot_gripper,280.0,79.0,250.0,122.0,17540.0,dynamic_scene,0,0,1,1,1
45,000044.png,data/cogar_sim_500_final/rgb/000044.png,393,2,robot_gripper,351.0,82.0,42.0,121.0,1334.0,dynamic_scene,0,0,1,1,1
45,000044.png,data/cogar_sim_500_final/rgb/000044.png,394,2,robot_gripper,428.0,182.0,31.0,16.0,282.0,dynamic_scene,0,0,1,1,1
46,000045.png,data/cogar_sim_500_final/rgb/000045.png,395,1,table,0.0,0.0,619.0,480.0,214203.0,reflective_metal,1,0,1,1,0
46,000045.png,data/cogar_sim_500_final/rgb/000045.png,396,1,table,530.0,0.0,110.0,480.0,31277.0,reflective_metal,1,0,1,1,0
46,000045.png,data/cogar_sim_500_final/rgb/000045.png,397,10,box,104.0,133.0,169.0,141.0,16191.0,reflective_metal,1,0,1,1,0
46,000045.png,data/cogar_sim_500_final/rgb/000045.png,398,9,tool,367.0,130.0,97.0,52.0,2145.0,reflective_metal,1,0,1,1,0
46,000045.png,data/cogar_sim_500_final/rgb/000045.png,399,9,tool,241.0,224.0,190.0,92.0,3760.0,reflective_metal,1,0,1,1,0
46,000045.png,data/cogar_sim_500_final/rgb/000045.png,400,3,metal_part,215.0,140.0,29.0,21.0,316.0,reflective_metal,1,0,1,1,0
46,000045.png,data/cogar_sim_500_final/rgb/000045.png,401,10,box,144.0,244.0,145.0,120.0,10054.0,reflective_metal,1,0,1,1,0
46,000045.png,data/cogar_sim_500_final/rgb/000045.png,402,3,metal_part,156.0,303.0,34.0,57.0,1798.0,reflective_metal,1,0,1,1,0
46,000045.png,data/cogar_sim_500_final/rgb/000045.png,403,7,connector,399.0,244.0,48.0,69.0,1287.0,reflective_metal,1,0,1,1,0
46,000045.png,data/cogar_sim_500_final/rgb/000045.png,404,2,robot_gripper,307.0,115.0,85.0,272.0,16355.0,reflective_metal,1,0,1,1,0
46,000045.png,data/cogar_sim_500_final/rgb/000045.png,405,2,robot_gripper,359.0,165.0,46.0,156.0,3874.0,reflective_metal,1,0,1,1,0
47,000046.png,data/cogar_sim_500_final/rgb/000046.png,406,1,table,0.0,82.0,640.0,398.0,143462.0,transparent_glass,0,1,1,1,0
47,000046.png,data/cogar_sim_500_final/rgb/000046.png,407,1,table,0.0,0.0,248.0,470.0,66518.0,transparent_glass,0,1,1,1,0
47,000046.png,data/cogar_sim_500_final/rgb/000046.png,408,7,connector,245.0,216.0,26.0,28.0,375.0,transparent_glass,0,1,1,1,0
47,000046.png,data/cogar_sim_500_final/rgb/000046.png,409,8,cable,487.0,359.0,36.0,45.0,725.0,transparent_glass,0,1,1,1,0
47,000046.png,data/cogar_sim_500_final/rgb/000046.png,410,4,glass_object,115.0,205.0,97.0,176.0,14128.0,transparent_glass,0,1,1,1,0
47,000046.png,data/cogar_sim_500_final/rgb/000046.png,411,4,glass_object,384.0,188.0,137.0,204.0,21949.0,transparent_glass,0,1,1,1,0
47,000046.png,data/cogar_sim_500_final/rgb/000046.png,412,4,glass_object,301.0,230.0,87.0,123.0,7986.0,transparent_glass,0,1,1,1,0
47,000046.png,data/cogar_sim_500_final/rgb/000046.png,413,4,glass_object,153.0,189.0,87.0,108.0,3674.0,transparent_glass,0,1,1,1,0
47,000046.png,data/cogar_sim_500_final/rgb/000046.png,414,5,plastic_object,256.0,218.0,59.0,87.0,4095.0,transparent_glass,0,1,1,1,0
47,000046.png,data/cogar_sim_500_final/rgb/000046.png,415,2,robot_gripper,315.0,123.0,120.0,132.0,8208.0,transparent_glass,0,1,1,1,0
47,000046.png,data/cogar_sim_500_final/rgb/000046.png,416,2,robot_gripper,337.0,153.0,43.0,100.0,1123.0,transparent_glass,0,1,1,1,0
47,000046.png,data/cogar_sim_500_final/rgb/000046.png,417,2,robot_gripper,350.0,150.0,15.0,5.0,43.0,transparent_glass,0,1,1,1,0
48,000047.png,data/cogar_sim_500_final/rgb/000047.png,418,1,table,0.0,0.0,640.0,480.0,266036.0,partial_occlusion,1,1,1,1,0
48,000047.png,data/cogar_sim_500_final/rgb/000047.png,419,3,metal_part,439.0,0.0,52.0,6.0,237.0,partial_occlusion,1,1,1,1,0
48,000047.png,data/cogar_sim_500_final/rgb/000047.png,420,7,connector,417.0,22.0,56.0,44.0,1536.0,partial_occlusion,1,1,1,1,0
48,000047.png,data/cogar_sim_500_final/rgb/000047.png,421,4,glass_object,202.0,0.0,118.0,91.0,8517.0,partial_occlusion,1,1,1,1,0
48,000047.png,data/cogar_sim_500_final/rgb/000047.png,422,10,box,269.0,404.0,114.0,76.0,5648.0,partial_occlusion,1,1,1,1,0
48,000047.png,data/cogar_sim_500_final/rgb/000047.png,423,8,cable,392.0,82.0,219.0,190.0,5026.0,partial_occlusion,1,1,1,1,0
48,000047.png,data/cogar_sim_500_final/rgb/000047.png,424,2,robot_gripper,213.0,81.0,216.0,266.0,18299.0,partial_occlusion,1,1,1,1,0
48,000047.png,data/cogar_sim_500_final/rgb/000047.png,425,2,robot_gripper,266.0,246.0,61.0,58.0,1901.0,partial_occlusion,1,1,1,1,0
49,000048.png,data/cogar_sim_500_final/rgb/000048.png,426,1,table,492.0,364.0,148.0,116.0,8675.0,small_parts,1,0,0,1,0
49,000048.png,data/cogar_sim_500_final/rgb/000048.png,427,1,table,0.0,0.0,640.0,480.0,298525.0,small_parts,1,0,0,1,0
50,000049.png,data/cogar_sim_500_final/rgb/000049.png,428,1,table,481.0,371.0,159.0,109.0,8778.0,dynamic_scene,0,1,1,0,1
50,000049.png,data/cogar_sim_500_final/rgb/000049.png,429,1,table,0.0,0.0,640.0,480.0,292333.0,dynamic_scene,0,1,1,0,1
51,000050.png,data/cogar_sim_500_final/rgb/000050.png,430,1,table,0.0,347.0,541.0,133.0,36057.0,reflective_metal,1,0,0,1,0
51,000050.png,data/cogar_sim_500_final/rgb/000050.png,431,1,table,0.0,0.0,640.0,480.0,271143.0,reflective_metal,1,0,0,1,0
52,000051.png,data/cogar_sim_500_final/rgb/000051.png,432,1,table,0.0,29.0,640.0,451.0,202103.0,transparent_glass,1,1,0,0,0
52,000051.png,data/cogar_sim_500_final/rgb/000051.png,433,1,table,249.0,0.0,391.0,336.0,70944.0,transparent_glass,1,1,0,0,0
52,000051.png,data/cogar_sim_500_final/rgb/000051.png,434,3,metal_part,370.0,284.0,63.0,99.0,5096.0,transparent_glass,1,1,0,0,0
52,000051.png,data/cogar_sim_500_final/rgb/000051.png,435,4,glass_object,310.0,109.0,46.0,98.0,4097.0,transparent_glass,1,1,0,0,0
52,000051.png,data/cogar_sim_500_final/rgb/000051.png,436,4,glass_object,120.0,137.0,74.0,92.0,5625.0,transparent_glass,1,1,0,0,0
52,000051.png,data/cogar_sim_500_final/rgb/000051.png,437,4,glass_object,278.0,82.0,62.0,98.0,3630.0,transparent_glass,1,1,0,0,0
52,000051.png,data/cogar_sim_500_final/rgb/000051.png,438,4,glass_object,113.0,107.0,59.0,89.0,1919.0,transparent_glass,1,1,0,0,0
52,000051.png,data/cogar_sim_500_final/rgb/000051.png,439,8,cable,269.0,166.0,41.0,79.0,776.0,transparent_glass,1,1,0,0,0
53,000052.png,data/cogar_sim_500_final/rgb/000052.png,440,1,table,562.0,109.0,78.0,371.0,15249.0,partial_occlusion,1,0,1,1,0
53,000052.png,data/cogar_sim_500_final/rgb/000052.png,441,1,table,0.0,0.0,640.0,480.0,291904.0,partial_occlusion,1,0,1,1,0
54,000053.png,data/cogar_sim_500_final/rgb/000053.png,442,1,table,0.0,0.0,640.0,480.0,244561.0,small_parts,1,0,1,1,0
54,000053.png,data/cogar_sim_500_final/rgb/000053.png,443,1,table,0.0,0.0,198.0,80.0,7972.0,small_parts,1,0,1,1,0
54,000053.png,data/cogar_sim_500_final/rgb/000053.png,444,7,connector,478.0,98.0,38.0,25.0,683.0,small_parts,1,0,1,1,0
54,000053.png,data/cogar_sim_500_final/rgb/000053.png,445,3,metal_part,270.0,250.0,100.0,99.0,5364.0,small_parts,1,0,1,1,0
54,000053.png,data/cogar_sim_500_final/rgb/000053.png,446,7,connector,304.0,175.0,50.0,37.0,996.0,small_parts,1,0,1,1,0
54,000053.png,data/cogar_sim_500_final/rgb/000053.png,447,7,connector,72.0,102.0,106.0,71.0,3369.0,small_parts,1,0,1,1,0
54,000053.png,data/cogar_sim_500_final/rgb/000053.png,448,9,tool,423.0,0.0,217.0,116.0,4531.0,small_parts,1,0,1,1,0
54,000053.png,data/cogar_sim_500_final/rgb/000053.png,449,8,cable,210.0,29.0,428.0,64.0,6976.0,small_parts,1,0,1,1,0
54,000053.png,data/cogar_sim_500_final/rgb/000053.png,450,7,connector,241.0,364.0,62.0,54.0,1490.0,small_parts,1,0,1,1,0
54,000053.png,data/cogar_sim_500_final/rgb/000053.png,451,6,screw,299.0,212.0,20.0,14.0,192.0,small_parts,1,0,1,1,0
54,000053.png,data/cogar_sim_500_final/rgb/000053.png,452,8,cable,90.0,96.0,31.0,383.0,5015.0,small_parts,1,0,1,1,0
54,000053.png,data/cogar_sim_500_final/rgb/000053.png,453,2,robot_gripper,241.0,103.0,356.0,92.0,21828.0,small_parts,1,0,1,1,0
54,000053.png,data/cogar_sim_500_final/rgb/000053.png,454,2,robot_gripper,335.0,113.0,43.0,76.0,2146.0,small_parts,1,0,1,1,0
54,000053.png,data/cogar_sim_500_final/rgb/000053.png,455,2,robot_gripper,423.0,75.0,57.0,49.0,2077.0,small_parts,1,0,1,1,0
55,000054.png,data/cogar_sim_500_final/rgb/000054.png,456,1,table,0.0,429.0,640.0,51.0,17829.0,dynamic_scene,0,0,1,1,1
55,000054.png,data/cogar_sim_500_final/rgb/000054.png,457,1,table,0.0,0.0,640.0,475.0,289371.0,dynamic_scene,0,0,1,1,1
56,000055.png,data/cogar_sim_500_final/rgb/000055.png,458,1,table,0.0,41.0,640.0,439.0,195048.0,reflective_metal,1,0,1,1,0
56,000055.png,data/cogar_sim_500_final/rgb/000055.png,459,1,table,375.0,0.0,265.0,399.0,58460.0,reflective_metal,1,0,1,1,0
56,000055.png,data/cogar_sim_500_final/rgb/000055.png,460,3,metal_part,402.0,159.0,24.0,50.0,756.0,reflective_metal,1,0,1,1,0
56,000055.png,data/cogar_sim_500_final/rgb/000055.png,461,10,box,150.0,263.0,172.0,160.0,17588.0,reflective_metal,1,0,1,1,0
56,000055.png,data/cogar_sim_500_final/rgb/000055.png,462,9,tool,163.0,240.0,155.0,71.0,4011.0,reflective_metal,1,0,1,1,0
56,000055.png,data/cogar_sim_500_final/rgb/000055.png,463,6,screw,329.0,439.0,23.0,25.0,356.0,reflective_metal,1,0,1,1,0
56,000055.png,data/cogar_sim_500_final/rgb/000055.png,464,2,robot_gripper,333.0,69.0,58.0,146.0,6282.0,reflective_metal,1,0,1,1,0
56,000055.png,data/cogar_sim_500_final/rgb/000055.png,465,2,robot_gripper,350.0,85.0,35.0,133.0,653.0,reflective_metal,1,0,1,1,0
56,000055.png,data/cogar_sim_500_final/rgb/000055.png,466,2,robot_gripper,366.0,111.0,41.0,150.0,3660.0,reflective_metal,1,0,1,1,0
57,000056.png,data/cogar_sim_500_final/rgb/000056.png,467,1,table,44.0,79.0,596.0,401.0,181632.0,transparent_glass,1,1,0,0,0
57,000056.png,data/cogar_sim_500_final/rgb/000056.png,468,1,table,0.0,0.0,161.0,480.0,53955.0,transparent_glass,1,1,0,0,0
57,000056.png,data/cogar_sim_500_final/rgb/000056.png,469,4,glass_object,256.0,101.0,69.0,68.0,2748.0,transparent_glass,1,1,0,0,0
57,000056.png,data/cogar_sim_500_final/rgb/000056.png,470,5,plastic_object,359.0,154.0,53.0,49.0,1420.0,transparent_glass,1,1,0,0,0
57,000056.png,data/cogar_sim_500_final/rgb/000056.png,471,8,cable,246.0,245.0,64.0,122.0,1854.0,transparent_glass,1,1,0,0,0
57,000056.png,data/cogar_sim_500_final/rgb/000056.png,472,4,glass_object,237.0,107.0,50.0,146.0,5259.0,transparent_glass,1,1,0,0,0
57,000056.png,data/cogar_sim_500_final/rgb/000056.png,473,10,box,264.0,168.0,118.0,90.0,7218.0,transparent_glass,1,1,0,0,0
57,000056.png,data/cogar_sim_500_final/rgb/000056.png,474,8,cable,402.0,202.0,13.0,13.0,76.0,transparent_glass,1,1,0,0,0
57,000056.png,data/cogar_sim_500_final/rgb/000056.png,475,10,box,328.0,170.0,91.0,113.0,6345.0,transparent_glass,1,1,0,0,0
57,000056.png,data/cogar_sim_500_final/rgb/000056.png,476,3,metal_part,133.0,313.0,78.0,58.0,2824.0,transparent_glass,1,1,0,0,0
58,000057.png,data/cogar_sim_500_final/rgb/000057.png,477,1,table,0.0,0.0,634.0,480.0,219355.0,partial_occlusion,1,0,1,0,0
58,000057.png,data/cogar_sim_500_final/rgb/000057.png,478,1,table,508.0,0.0,132.0,480.0,32970.0,partial_occlusion,1,0,1,0,0
58,000057.png,data/cogar_sim_500_final/rgb/000057.png,479,5,plastic_object,391.0,59.0,58.0,36.0,1564.0,partial_occlusion,1,0,1,0,0
58,000057.png,data/cogar_sim_500_final/rgb/000057.png,480,10,box,218.0,209.0,141.0,172.0,8207.0,partial_occlusion,1,0,1,0,0
58,000057.png,data/cogar_sim_500_final/rgb/000057.png,481,10,box,175.0,24.0,172.0,77.0,6075.0,partial_occlusion,1,0,1,0,0
58,000057.png,data/cogar_sim_500_final/rgb/000057.png,482,10,box,197.0,0.0,148.0,55.0,5612.0,partial_occlusion,1,0,1,0,0
58,000057.png,data/cogar_sim_500_final/rgb/000057.png,483,8,cable,292.0,205.0,30.0,275.0,1390.0,partial_occlusion,1,0,1,0,0
58,000057.png,data/cogar_sim_500_final/rgb/000057.png,484,10,box,139.0,64.0,162.0,106.0,7889.0,partial_occlusion,1,0,1,0,0
58,000057.png,data/cogar_sim_500_final/rgb/000057.png,485,3,metal_part,355.0,89.0,97.0,78.0,5870.0,partial_occlusion,1,0,1,0,0
58,000057.png,data/cogar_sim_500_final/rgb/000057.png,486,2,robot_gripper,233.0,73.0,61.0,287.0,16492.0,partial_occlusion,1,0,1,0,0
58,000057.png,data/cogar_sim_500_final/rgb/000057.png,487,2,robot_gripper,290.0,154.0,33.0,51.0,1608.0,partial_occlusion,1,0,1,0,0
58,000057.png,data/cogar_sim_500_final/rgb/000057.png,488,2,robot_gripper,292.0,256.0,6.0,34.0,168.0,partial_occlusion,1,0,1,0,0
59,000058.png,data/cogar_sim_500_final/rgb/000058.png,489,1,table,0.0,50.0,640.0,430.0,212627.0,small_parts,0,0,1,1,0
59,000058.png,data/cogar_sim_500_final/rgb/000058.png,490,1,table,0.0,0.0,224.0,333.0,43021.0,small_parts,0,0,1,1,0
59,000058.png,data/cogar_sim_500_final/rgb/000058.png,491,6,screw,142.0,225.0,30.0,20.0,158.0,small_parts,0,0,1,1,0
59,000058.png,data/cogar_sim_500_final/rgb/000058.png,492,7,connector,354.0,166.0,42.0,48.0,1421.0,small_parts,0,0,1,1,0
59,000058.png,data/cogar_sim_500_final/rgb/000058.png,493,5,plastic_object,209.0,147.0,36.0,42.0,1138.0,small_parts,0,0,1,1,0
59,000058.png,data/cogar_sim_500_final/rgb/000058.png,494,5,plastic_object,321.0,105.0,63.0,75.0,2957.0,small_parts,0,0,1,1,0
59,000058.png,data/cogar_sim_500_final/rgb/000058.png,495,6,screw,450.0,183.0,21.0,21.0,236.0,small_parts,0,0,1,1,0
59,000058.png,data/cogar_sim_500_final/rgb/000058.png,496,6,screw,295.0,262.0,19.0,17.0,243.0,small_parts,0,0,1,1,0
59,000058.png,data/cogar_sim_500_final/rgb/000058.png,497,6,screw,325.0,260.0,19.0,24.0,363.0,small_parts,0,0,1,1,0
59,000058.png,data/cogar_sim_500_final/rgb/000058.png,498,6,screw,205.0,269.0,18.0,25.0,271.0,small_parts,0,0,1,1,0
59,000058.png,data/cogar_sim_500_final/rgb/000058.png,499,6,screw,344.0,183.0,17.0,20.0,300.0,small_parts,0,0,1,1,0
59,000058.png,data/cogar_sim_500_final/rgb/000058.png,500,6,screw,470.0,349.0,28.0,39.0,570.0,small_parts,0,0,1,1,0
59,000058.png,data/cogar_sim_500_final/rgb/000058.png,501,7,connector,106.0,345.0,117.0,64.0,4637.0,small_parts,0,0,1,1,0
59,000058.png,data/cogar_sim_500_final/rgb/000058.png,502,8,cable,122.0,204.0,117.0,129.0,2594.0,small_parts,0,0,1,1,0
59,000058.png,data/cogar_sim_500_final/rgb/000058.png,503,2,robot_gripper,243.0,62.0,110.0,138.0,8679.0,small_parts,0,0,1,1,0
59,000058.png,data/cogar_sim_500_final/rgb/000058.png,504,2,robot_gripper,255.0,90.0,46.0,165.0,3366.0,small_parts,0,0,1,1,0
59,000058.png,data/cogar_sim_500_final/rgb/000058.png,505,2,robot_gripper,271.0,75.0,40.0,143.0,878.0,small_parts,0,0,1,1,0
60,000059.png,data/cogar_sim_500_final/rgb/000059.png,506,1,table,0.0,0.0,640.0,480.0,225192.0,dynamic_scene,1,0,0,1,1
60,000059.png,data/cogar_sim_500_final/rgb/000059.png,507,1,table,0.0,0.0,295.0,295.0,43660.0,dynamic_scene,1,0,0,1,1
60,000059.png,data/cogar_sim_500_final/rgb/000059.png,508,9,tool,41.0,317.0,213.0,142.0,11449.0,dynamic_scene,1,0,0,1,1
60,000059.png,data/cogar_sim_500_final/rgb/000059.png,509,8,cable,318.0,191.0,94.0,195.0,2227.0,dynamic_scene,1,0,0,1,1
60,000059.png,data/cogar_sim_500_final/rgb/000059.png,510,5,plastic_object,298.0,200.0,85.0,110.0,6727.0,dynamic_scene,1,0,0,1,1
60,000059.png,data/cogar_sim_500_final/rgb/000059.png,511,8,cable,441.0,122.0,131.0,202.0,2457.0,dynamic_scene,1,0,0,1,1
60,000059.png,data/cogar_sim_500_final/rgb/000059.png,512,3,metal_part,434.0,76.0,46.0,54.0,1918.0,dynamic_scene,1,0,0,1,1
60,000059.png,data/cogar_sim_500_final/rgb/000059.png,513,7,connector,304.0,302.0,66.0,64.0,2571.0,dynamic_scene,1,0,0,1,1
60,000059.png,data/cogar_sim_500_final/rgb/000059.png,514,5,plastic_object,455.0,118.0,78.0,63.0,3112.0,dynamic_scene,1,0,0,1,1
60,000059.png,data/cogar_sim_500_final/rgb/000059.png,515,5,plastic_object,274.0,134.0,113.0,109.0,7645.0,dynamic_scene,1,0,0,1,1
60,000059.png,data/cogar_sim_500_final/rgb/000059.png,516,7,connector,320.0,130.0,32.0,14.0,242.0,dynamic_scene,1,0,0,1,1
61,000060.png,data/cogar_sim_500_final/rgb/000060.png,517,1,table,0.0,0.0,640.0,480.0,182454.0,reflective_metal,1,0,0,0,0
61,000060.png,data/cogar_sim_500_final/rgb/000060.png,518,3,metal_part,313.0,328.0,178.0,152.0,15949.0,reflective_metal,1,0,0,0,0
61,000060.png,data/cogar_sim_500_final/rgb/000060.png,519,3,metal_part,156.0,285.0,100.0,56.0,4067.0,reflective_metal,1,0,0,0,0
61,000060.png,data/cogar_sim_500_final/rgb/000060.png,520,3,metal_part,0.0,267.0,145.0,189.0,21867.0,reflective_metal,1,0,0,0,0
61,000060.png,data/cogar_sim_500_final/rgb/000060.png,521,5,plastic_object,465.0,258.0,144.0,133.0,12663.0,reflective_metal,1,0,0,0,0
61,000060.png,data/cogar_sim_500_final/rgb/000060.png,522,9,tool,124.0,329.0,471.0,104.0,18757.0,reflective_metal,1,0,0,0,0
61,000060.png,data/cogar_sim_500_final/rgb/000060.png,523,3,metal_part,333.0,339.0,83.0,37.0,2090.0,reflective_metal,1,0,0,0,0
61,000060.png,data/cogar_sim_500_final/rgb/000060.png,524,3,metal_part,167.0,109.0,211.0,221.0,29208.0,reflective_metal,1,0,0,0,0
62,000061.png,data/cogar_sim_500_final/rgb/000061.png,525,1,table,0.0,52.0,640.0,428.0,125512.0,transparent_glass,0,1,1,0,0
62,000061.png,data/cogar_sim_500_final/rgb/000061.png,526,1,table,418.0,0.0,222.0,480.0,90706.0,transparent_glass,0,1,1,0,0
62,000061.png,data/cogar_sim_500_final/rgb/000061.png,527,4,glass_object,339.0,127.0,57.0,19.0,546.0,transparent_glass,0,1,1,0,0
62,000061.png,data/cogar_sim_500_final/rgb/000061.png,528,4,glass_object,244.0,237.0,93.0,183.0,16116.0,transparent_glass,0,1,1,0,0
62,000061.png,data/cogar_sim_500_final/rgb/000061.png,529,4,glass_object,324.0,142.0,83.0,95.0,6822.0,transparent_glass,0,1,1,0,0
62,000061.png,data/cogar_sim_500_final/rgb/000061.png,530,4,glass_object,330.0,219.0,105.0,190.0,15791.0,transparent_glass,0,1,1,0,0
62,000061.png,data/cogar_sim_500_final/rgb/000061.png,531,2,robot_gripper,216.0,83.0,138.0,143.0,7249.0,transparent_glass,0,1,1,0,0
62,000061.png,data/cogar_sim_500_final/rgb/000061.png,532,2,robot_gripper,303.0,104.0,37.0,129.0,1444.0,transparent_glass,0,1,1,0,0
62,000061.png,data/cogar_sim_500_final/rgb/000061.png,533,2,robot_gripper,277.0,119.0,41.0,119.0,3782.0,transparent_glass,0,1,1,0,0
63,000062.png,data/cogar_sim_500_final/rgb/000062.png,534,1,table,401.0,398.0,239.0,82.0,9904.0,partial_occlusion,1,0,1,1,0
63,000062.png,data/cogar_sim_500_final/rgb/000062.png,535,1,table,0.0,0.0,640.0,480.0,297296.0,partial_occlusion,1,0,1,1,0
64,000063.png,data/cogar_sim_500_final/rgb/000063.png,536,1,table,0.0,0.0,640.0,480.0,296335.0,small_parts,1,0,0,1,0
64,000063.png,data/cogar_sim_500_final/rgb/000063.png,537,7,connector,412.0,320.0,57.0,86.0,2744.0,small_parts,1,0,0,1,0
64,000063.png,data/cogar_sim_500_final/rgb/000063.png,538,6,screw,169.0,390.0,22.0,20.0,316.0,small_parts,1,0,0,1,0
64,000063.png,data/cogar_sim_500_final/rgb/000063.png,539,6,screw,353.0,456.0,11.0,16.0,124.0,small_parts,1,0,0,1,0
64,000063.png,data/cogar_sim_500_final/rgb/000063.png,540,6,screw,242.0,120.0,14.0,27.0,330.0,small_parts,1,0,0,1,0
64,000063.png,data/cogar_sim_500_final/rgb/000063.png,541,7,connector,184.0,254.0,74.0,60.0,1788.0,small_parts,1,0,0,1,0
64,000063.png,data/cogar_sim_500_final/rgb/000063.png,542,6,screw,307.0,161.0,15.0,17.0,188.0,small_parts,1,0,0,1,0
64,000063.png,data/cogar_sim_500_final/rgb/000063.png,543,6,screw,181.0,251.0,14.0,18.0,157.0,small_parts,1,0,0,1,0
64,000063.png,data/cogar_sim_500_final/rgb/000063.png,544,6,screw,442.0,311.0,14.0,14.0,115.0,small_parts,1,0,0,1,0
64,000063.png,data/cogar_sim_500_final/rgb/000063.png,545,6,screw,303.0,279.0,16.0,27.0,329.0,small_parts,1,0,0,1,0
64,000063.png,data/cogar_sim_500_final/rgb/000063.png,546,9,tool,198.0,89.0,107.0,183.0,3546.0,small_parts,1,0,0,1,0
64,000063.png,data/cogar_sim_500_final/rgb/000063.png,547,6,screw,364.0,267.0,13.0,14.0,120.0,small_parts,1,0,0,1,0
64,000063.png,data/cogar_sim_500_final/rgb/000063.png,548,6,screw,310.0,103.0,13.0,17.0,173.0,small_parts,1,0,0,1,0
64,000063.png,data/cogar_sim_500_final/rgb/000063.png,549,3,metal_part,307.0,455.0,61.0,25.0,935.0,small_parts,1,0,0,1,0
65,000064.png,data/cogar_sim_500_final/rgb/000064.png,550,1,table,0.0,0.0,640.0,480.0,255166.0,dynamic_scene,1,1,1,0,1
65,000064.png,data/cogar_sim_500_final/rgb/000064.png,551,5,plastic_object,553.0,374.0,87.0,106.0,6336.0,dynamic_scene,1,1,1,0,1
65,000064.png,data/cogar_sim_500_final/rgb/000064.png,552,4,glass_object,95.0,69.0,138.0,156.0,11473.0,dynamic_scene,1,1,1,0,1
65,000064.png,data/cogar_sim_500_final/rgb/000064.png,553,9,tool,168.0,211.0,28.0,220.0,5157.0,dynamic_scene,1,1,1,0,1
65,000064.png,data/cogar_sim_500_final/rgb/000064.png,554,2,robot_gripper,311.0,132.0,329.0,233.0,23927.0,dynamic_scene,1,1,1,0,1
65,000064.png,data/cogar_sim_500_final/rgb/000064.png,555,2,robot_gripper,371.0,177.0,77.0,81.0,2606.0,dynamic_scene,1,1,1,0,1
65,000064.png,data/cogar_sim_500_final/rgb/000064.png,556,2,robot_gripper,495.0,190.0,78.0,60.0,2535.0,dynamic_scene,1,1,1,0,1
66,000065.png,data/cogar_sim_500_final/rgb/000065.png,557,1,table,0.0,408.0,62.0,72.0,2276.0,reflective_metal,1,0,1,0,0
66,000065.png,data/cogar_sim_500_final/rgb/000065.png,558,1,table,0.0,0.0,640.0,480.0,304924.0,reflective_metal,1,0,1,0,0
67,000066.png,data/cogar_sim_500_final/rgb/000066.png,559,1,table,0.0,398.0,640.0,82.0,38965.0,transparent_glass,0,1,1,0,0
67,000066.png,data/cogar_sim_500_final/rgb/000066.png,560,1,table,0.0,0.0,640.0,440.0,268235.0,transparent_glass,0,1,1,0,0
68,000067.png,data/cogar_sim_500_final/rgb/000067.png,561,1,table,0.0,0.0,640.0,480.0,307200.0,partial_occlusion,1,0,1,1,0
69,000068.png,data/cogar_sim_500_final/rgb/000068.png,562,1,table,0.0,7.0,640.0,473.0,184755.0,small_parts,1,0,1,1,0
69,000068.png,data/cogar_sim_500_final/rgb/000068.png,563,1,table,0.0,0.0,569.0,244.0,69331.0,small_parts,1,0,1,1,0
69,000068.png,data/cogar_sim_500_final/rgb/000068.png,564,6,screw,160.0,426.0,29.0,28.0,580.0,small_parts,1,0,1,1,0
69,000068.png,data/cogar_sim_500_final/rgb/000068.png,565,10,box,456.0,165.0,111.0,120.0,11555.0,small_parts,1,0,1,1,0
69,000068.png,data/cogar_sim_500_final/rgb/000068.png,566,3,metal_part,77.0,301.0,91.0,68.0,4433.0,small_parts,1,0,1,1,0
69,000068.png,data/cogar_sim_500_final/rgb/000068.png,567,3,metal_part,350.0,66.0,78.0,98.0,1533.0,small_parts,1,0,1,1,0
69,000068.png,data/cogar_sim_500_final/rgb/000068.png,568,7,connector,448.0,204.0,13.0,36.0,297.0,small_parts,1,0,1,1,0
69,000068.png,data/cogar_sim_500_final/rgb/000068.png,569,9,tool,142.0,168.0,251.0,143.0,4451.0,small_parts,1,0,1,1,0
69,000068.png,data/cogar_sim_500_final/rgb/000068.png,570,6,screw,157.0,223.0,8.0,18.0,89.0,small_parts,1,0,1,1,0
69,000068.png,data/cogar_sim_500_final/rgb/000068.png,571,5,plastic_object,293.0,208.0,9.0,6.0,24.0,small_parts,1,0,1,1,0
69,000068.png,data/cogar_sim_500_final/rgb/000068.png,572,8,cable,141.0,295.0,13.0,8.0,50.0,small_parts,1,0,1,1,0
69,000068.png,data/cogar_sim_500_final/rgb/000068.png,573,3,metal_part,232.0,332.0,42.0,49.0,1558.0,small_parts,1,0,1,1,0
69,000068.png,data/cogar_sim_500_final/rgb/000068.png,574,2,robot_gripper,160.0,69.0,258.0,207.0,20551.0,small_parts,1,0,1,1,0
69,000068.png,data/cogar_sim_500_final/rgb/000068.png,575,2,robot_gripper,223.0,124.0,57.0,164.0,3094.0,small_parts,1,0,1,1,0
69,000068.png,data/cogar_sim_500_final/rgb/000068.png,576,2,robot_gripper,300.0,94.0,49.0,158.0,3350.0,small_parts,1,0,1,1,0
70,000069.png,data/cogar_sim_500_final/rgb/000069.png,577,1,table,0.0,127.0,640.0,353.0,175685.0,dynamic_scene,1,0,1,0,1
70,000069.png,data/cogar_sim_500_final/rgb/000069.png,578,1,table,0.0,0.0,640.0,191.0,87330.0,dynamic_scene,1,0,1,0,1
70,000069.png,data/cogar_sim_500_final/rgb/000069.png,579,3,metal_part,386.0,257.0,29.0,18.0,417.0,dynamic_scene,1,0,1,0,1
70,000069.png,data/cogar_sim_500_final/rgb/000069.png,580,5,plastic_object,67.0,142.0,70.0,90.0,4519.0,dynamic_scene,1,0,1,0,1
70,000069.png,data/cogar_sim_500_final/rgb/000069.png,581,8,cable,472.0,186.0,69.0,198.0,1991.0,dynamic_scene,1,0,1,0,1
70,000069.png,data/cogar_sim_500_final/rgb/000069.png,582,5,plastic_object,437.0,252.0,98.0,91.0,6979.0,dynamic_scene,1,0,1,0,1
70,000069.png,data/cogar_sim_500_final/rgb/000069.png,583,8,cable,191.0,261.0,163.0,105.0,2593.0,dynamic_scene,1,0,1,0,1
70,000069.png,data/cogar_sim_500_final/rgb/000069.png,584,10,box,342.0,220.0,108.0,147.0,11992.0,dynamic_scene,1,0,1,0,1
70,000069.png,data/cogar_sim_500_final/rgb/000069.png,585,2,robot_gripper,227.0,85.0,195.0,75.0,11805.0,dynamic_scene,1,0,1,0,1
70,000069.png,data/cogar_sim_500_final/rgb/000069.png,586,2,robot_gripper,268.0,156.0,29.0,52.0,1384.0,dynamic_scene,1,0,1,0,1
70,000069.png,data/cogar_sim_500_final/rgb/000069.png,587,2,robot_gripper,342.0,74.0,34.0,142.0,2505.0,dynamic_scene,1,0,1,0,1
71,000070.png,data/cogar_sim_500_final/rgb/000070.png,588,1,table,0.0,0.0,640.0,480.0,193333.0,reflective_metal,1,0,0,0,0
71,000070.png,data/cogar_sim_500_final/rgb/000070.png,589,1,table,0.0,11.0,303.0,469.0,63949.0,reflective_metal,1,0,0,0,0
71,000070.png,data/cogar_sim_500_final/rgb/000070.png,590,5,plastic_object,121.0,107.0,39.0,71.0,2108.0,reflective_metal,1,0,0,0,0
71,000070.png,data/cogar_sim_500_final/rgb/000070.png,591,9,tool,194.0,304.0,68.0,37.0,1505.0,reflective_metal,1,0,0,0,0
71,000070.png,data/cogar_sim_500_final/rgb/000070.png,592,3,metal_part,173.0,127.0,80.0,73.0,4609.0,reflective_metal,1,0,0,0,0
71,000070.png,data/cogar_sim_500_final/rgb/000070.png,593,9,tool,351.0,358.0,30.0,116.0,2538.0,reflective_metal,1,0,0,0,0
71,000070.png,data/cogar_sim_500_final/rgb/000070.png,594,5,plastic_object,159.0,244.0,54.0,59.0,2029.0,reflective_metal,1,0,0,0,0
71,000070.png,data/cogar_sim_500_final/rgb/000070.png,595,3,metal_part,448.0,222.0,93.0,86.0,5152.0,reflective_metal,1,0,0,0,0
71,000070.png,data/cogar_sim_500_final/rgb/000070.png,596,10,box,234.0,236.0,181.0,138.0,15920.0,reflective_metal,1,0,0,0,0
71,000070.png,data/cogar_sim_500_final/rgb/000070.png,597,8,cable,236.0,346.0,96.0,40.0,1141.0,reflective_metal,1,0,0,0,0
71,000070.png,data/cogar_sim_500_final/rgb/000070.png,598,9,tool,370.0,342.0,240.0,62.0,6913.0,reflective_metal,1,0,0,0,0
72,000071.png,data/cogar_sim_500_final/rgb/000071.png,599,1,table,0.0,0.0,640.0,480.0,227046.0,transparent_glass,1,1,1,0,0
72,000071.png,data/cogar_sim_500_final/rgb/000071.png,600,1,table,0.0,0.0,280.0,188.0,26470.0,transparent_glass,1,1,1,0,0
72,000071.png,data/cogar_sim_500_final/rgb/000071.png,601,4,glass_object,118.0,209.0,83.0,47.0,2516.0,transparent_glass,1,1,1,0,0
72,000071.png,data/cogar_sim_500_final/rgb/000071.png,602,4,glass_object,213.0,350.0,119.0,120.0,10443.0,transparent_glass,1,1,1,0,0
72,000071.png,data/cogar_sim_500_final/rgb/000071.png,603,10,box,132.0,209.0,192.0,129.0,7736.0,transparent_glass,1,1,1,0,0
72,000071.png,data/cogar_sim_500_final/rgb/000071.png,604,10,box,183.0,227.0,172.0,137.0,12735.0,transparent_glass,1,1,1,0,0
72,000071.png,data/cogar_sim_500_final/rgb/000071.png,605,3,metal_part,507.0,107.0,52.0,35.0,1309.0,transparent_glass,1,1,1,0,0
72,000071.png,data/cogar_sim_500_final/rgb/000071.png,606,2,robot_gripper,122.0,154.0,324.0,57.0,16080.0,transparent_glass,1,1,1,0,0
72,000071.png,data/cogar_sim_500_final/rgb/000071.png,607,2,robot_gripper,216.0,168.0,41.0,49.0,1564.0,transparent_glass,1,1,1,0,0
72,000071.png,data/cogar_sim_500_final/rgb/000071.png,608,2,robot_gripper,294.0,113.0,32.0,42.0,1301.0,transparent_glass,1,1,1,0,0
73,000072.png,data/cogar_sim_500_final/rgb/000072.png,609,1,table,0.0,0.0,640.0,480.0,248337.0,partial_occlusion,1,1,1,1,0
73,000072.png,data/cogar_sim_500_final/rgb/000072.png,610,3,metal_part,529.0,329.0,51.0,84.0,2232.0,partial_occlusion,1,1,1,1,0
73,000072.png,data/cogar_sim_500_final/rgb/000072.png,611,8,cable,393.0,124.0,94.0,166.0,1066.0,partial_occlusion,1,1,1,1,0
73,000072.png,data/cogar_sim_500_final/rgb/000072.png,612,6,screw,404.0,343.0,7.0,4.0,19.0,partial_occlusion,1,1,1,1,0
73,000072.png,data/cogar_sim_500_final/rgb/000072.png,613,10,box,299.0,0.0,101.0,132.0,13244.0,partial_occlusion,1,1,1,1,0
73,000072.png,data/cogar_sim_500_final/rgb/000072.png,614,5,plastic_object,492.0,288.0,50.0,69.0,2821.0,partial_occlusion,1,1,1,1,0
73,000072.png,data/cogar_sim_500_final/rgb/000072.png,615,10,box,348.0,342.0,129.0,138.0,10620.0,partial_occlusion,1,1,1,1,0
73,000072.png,data/cogar_sim_500_final/rgb/000072.png,616,4,glass_object,223.0,264.0,116.0,124.0,8824.0,partial_occlusion,1,1,1,1,0
73,000072.png,data/cogar_sim_500_final/rgb/000072.png,617,4,glass_object,443.0,206.0,121.0,82.0,7700.0,partial_occlusion,1,1,1,1,0
73,000072.png,data/cogar_sim_500_final/rgb/000072.png,618,2,robot_gripper,264.0,147.0,189.0,194.0,10141.0,partial_occlusion,1,1,1,1,0
73,000072.png,data/cogar_sim_500_final/rgb/000072.png,619,2,robot_gripper,334.0,277.0,42.0,41.0,911.0,partial_occlusion,1,1,1,1,0
73,000072.png,data/cogar_sim_500_final/rgb/000072.png,620,2,robot_gripper,295.0,188.0,47.0,55.0,1285.0,partial_occlusion,1,1,1,1,0
74,000073.png,data/cogar_sim_500_final/rgb/000073.png,621,1,table,0.0,98.0,640.0,382.0,158729.0,small_parts,0,0,1,1,0
74,000073.png,data/cogar_sim_500_final/rgb/000073.png,622,1,table,0.0,0.0,640.0,218.0,92345.0,small_parts,0,0,1,1,0
74,000073.png,data/cogar_sim_500_final/rgb/000073.png,623,6,screw,129.0,259.0,20.0,22.0,296.0,small_parts,0,0,1,1,0
74,000073.png,data/cogar_sim_500_final/rgb/000073.png,624,8,cable,169.0,334.0,343.0,71.0,5931.0,small_parts,0,0,1,1,0
74,000073.png,data/cogar_sim_500_final/rgb/000073.png,625,6,screw,581.0,425.0,1.0,1.0,1.0,small_parts,0,0,1,1,0
74,000073.png,data/cogar_sim_500_final/rgb/000073.png,626,6,screw,532.0,232.0,20.0,33.0,501.0,small_parts,0,0,1,1,0
74,000073.png,data/cogar_sim_500_final/rgb/000073.png,627,10,box,243.0,136.0,130.0,117.0,1865.0,small_parts,0,0,1,1,0
74,000073.png,data/cogar_sim_500_final/rgb/000073.png,628,6,screw,88.0,206.0,25.0,25.0,374.0,small_parts,0,0,1,1,0
74,000073.png,data/cogar_sim_500_final/rgb/000073.png,629,7,connector,511.0,387.0,104.0,93.0,5113.0,small_parts,0,0,1,1,0
74,000073.png,data/cogar_sim_500_final/rgb/000073.png,630,6,screw,71.0,207.0,24.0,21.0,304.0,small_parts,0,0,1,1,0
74,000073.png,data/cogar_sim_500_final/rgb/000073.png,631,5,plastic_object,212.0,149.0,39.0,65.0,1626.0,small_parts,0,0,1,1,0
74,000073.png,data/cogar_sim_500_final/rgb/000073.png,632,8,cable,0.0,301.0,335.0,28.0,5230.0,small_parts,0,0,1,1,0
74,000073.png,data/cogar_sim_500_final/rgb/000073.png,633,6,screw,99.0,322.0,28.0,21.0,353.0,small_parts,0,0,1,1,0
74,000073.png,data/cogar_sim_500_final/rgb/000073.png,634,2,robot_gripper,230.0,93.0,251.0,209.0,21877.0,small_parts,0,0,1,1,0
74,000073.png,data/cogar_sim_500_final/rgb/000073.png,635,2,robot_gripper,270.0,106.0,57.0,197.0,7608.0,small_parts,0,0,1,1,0
74,000073.png,data/cogar_sim_500_final/rgb/000073.png,636,2,robot_gripper,367.0,120.0,68.0,214.0,5047.0,small_parts,0,0,1,1,0
75,000074.png,data/cogar_sim_500_final/rgb/000074.png,637,1,table,0.0,60.0,640.0,420.0,199848.0,dynamic_scene,0,0,0,1,1
75,000074.png,data/cogar_sim_500_final/rgb/000074.png,638,1,table,312.0,0.0,328.0,345.0,66362.0,dynamic_scene,0,0,0,1,1
75,000074.png,data/cogar_sim_500_final/rgb/000074.png,639,5,plastic_object,328.0,148.0,56.0,65.0,3127.0,dynamic_scene,0,0,0,1,1
75,000074.png,data/cogar_sim_500_final/rgb/000074.png,640,5,plastic_object,258.0,329.0,72.0,99.0,6073.0,dynamic_scene,0,0,0,1,1
75,000074.png,data/cogar_sim_500_final/rgb/000074.png,641,7,connector,301.0,179.0,27.0,29.0,530.0,dynamic_scene,0,0,0,1,1
75,000074.png,data/cogar_sim_500_final/rgb/000074.png,642,5,plastic_object,362.0,141.0,53.0,72.0,2227.0,dynamic_scene,0,0,0,1,1
75,000074.png,data/cogar_sim_500_final/rgb/000074.png,643,5,plastic_object,418.0,256.0,48.0,74.0,3068.0,dynamic_scene,0,0,0,1,1
75,000074.png,data/cogar_sim_500_final/rgb/000074.png,644,8,cable,236.0,166.0,27.0,83.0,608.0,dynamic_scene,0,0,0,1,1
76,000075.png,data/cogar_sim_500_final/rgb/000075.png,645,1,table,0.0,0.0,640.0,480.0,252464.0,reflective_metal,1,0,1,0,0
76,000075.png,data/cogar_sim_500_final/rgb/000075.png,646,1,table,621.0,477.0,19.0,3.0,37.0,reflective_metal,1,0,1,0,0
76,000075.png,data/cogar_sim_500_final/rgb/000075.png,647,3,metal_part,392.0,55.0,70.0,45.0,2285.0,reflective_metal,1,0,1,0,0
76,000075.png,data/cogar_sim_500_final/rgb/000075.png,648,5,plastic_object,70.0,323.0,140.0,137.0,10374.0,reflective_metal,1,0,1,0,0
76,000075.png,data/cogar_sim_500_final/rgb/000075.png,649,3,metal_part,419.0,110.0,70.0,72.0,3873.0,reflective_metal,1,0,1,0,0
76,000075.png,data/cogar_sim_500_final/rgb/000075.png,650,5,plastic_object,190.0,308.0,48.0,60.0,2201.0,reflective_metal,1,0,1,0,0
76,000075.png,data/cogar_sim_500_final/rgb/000075.png,651,3,metal_part,554.0,308.0,70.0,80.0,4699.0,reflective_metal,1,0,1,0,0
76,000075.png,data/cogar_sim_500_final/rgb/000075.png,652,9,tool,265.0,292.0,172.0,49.0,3779.0,reflective_metal,1,0,1,0,0
76,000075.png,data/cogar_sim_500_final/rgb/000075.png,653,9,tool,428.0,0.0,74.0,253.0,5830.0,reflective_metal,1,0,1,0,0
76,000075.png,data/cogar_sim_500_final/rgb/000075.png,654,2,robot_gripper,183.0,204.0,368.0,121.0,20498.0,reflective_metal,1,0,1,0,0
76,000075.png,data/cogar_sim_500_final/rgb/000075.png,655,2,robot_gripper,390.0,297.0,45.0,9.0,17.0,reflective_metal,1,0,1,0,0
76,000075.png,data/cogar_sim_500_final/rgb/000075.png,656,2,robot_gripper,298.0,282.0,39.0,39.0,1143.0,reflective_metal,1,0,1,0,0
77,000076.png,data/cogar_sim_500_final/rgb/000076.png,657,1,table,0.0,39.0,640.0,441.0,210514.0,transparent_glass,1,1,1,0,0
77,000076.png,data/cogar_sim_500_final/rgb/000076.png,658,3,metal_part,509.0,241.0,88.0,108.0,7139.0,transparent_glass,1,1,1,0,0
77,000076.png,data/cogar_sim_500_final/rgb/000076.png,659,4,glass_object,319.0,101.0,77.0,137.0,2305.0,transparent_glass,1,1,1,0,0
77,000076.png,data/cogar_sim_500_final/rgb/000076.png,660,10,box,52.0,142.0,160.0,104.0,12295.0,transparent_glass,1,1,1,0,0
77,000076.png,data/cogar_sim_500_final/rgb/000076.png,661,2,robot_gripper,200.0,87.0,248.0,116.0,14205.0,transparent_glass,1,1,1,0,0
77,000076.png,data/cogar_sim_500_final/rgb/000076.png,662,2,robot_gripper,288.0,98.0,38.0,126.0,1886.0,transparent_glass,1,1,1,0,0
77,000076.png,data/cogar_sim_500_final/rgb/000076.png,663,2,robot_gripper,335.0,101.0,41.0,152.0,3495.0,transparent_glass,1,1,1,0,0
78,000077.png,data/cogar_sim_500_final/rgb/000077.png,664,1,table,0.0,0.0,640.0,480.0,204605.0,partial_occlusion,1,0,1,1,0
78,000077.png,data/cogar_sim_500_final/rgb/000077.png,665,1,table,269.0,0.0,371.0,336.0,62547.0,partial_occlusion,1,0,1,1,0
78,000077.png,data/cogar_sim_500_final/rgb/000077.png,666,9,tool,181.0,162.0,266.0,93.0,5476.0,partial_occlusion,1,0,1,1,0
78,000077.png,data/cogar_sim_500_final/rgb/000077.png,667,9,tool,314.0,233.0,158.0,66.0,5579.0,partial_occlusion,1,0,1,1,0
78,000077.png,data/cogar_sim_500_final/rgb/000077.png,668,9,tool,154.0,128.0,94.0,81.0,1607.0,partial_occlusion,1,0,1,1,0
78,000077.png,data/cogar_sim_500_final/rgb/000077.png,669,8,cable,364.0,158.0,178.0,245.0,3510.0,partial_occlusion,1,0,1,1,0
78,000077.png,data/cogar_sim_500_final/rgb/000077.png,670,9,tool,89.0,159.0,158.0,43.0,4668.0,partial_occlusion,1,0,1,1,0
78,000077.png,data/cogar_sim_500_final/rgb/000077.png,671,6,screw,111.0,220.0,20.0,18.0,203.0,partial_occlusion,1,0,1,1,0
78,000077.png,data/cogar_sim_500_final/rgb/000077.png,672,5,plastic_object,368.0,141.0,45.0,51.0,2197.0,partial_occlusion,1,0,1,1,0
78,000077.png,data/cogar_sim_500_final/rgb/000077.png,673,2,robot_gripper,246.0,69.0,79.0,155.0,7951.0,partial_occlusion,1,0,1,1,0
78,000077.png,data/cogar_sim_500_final/rgb/000077.png,674,2,robot_gripper,304.0,191.0,2.0,8.0,12.0,partial_occlusion,1,0,1,1,0
78,000077.png,data/cogar_sim_500_final/rgb/000077.png,675,2,robot_gripper,305.0,116.0,40.0,142.0,4714.0,partial_occlusion,1,0,1,1,0
79,000078.png,data/cogar_sim_500_final/rgb/000078.png,676,1,table,0.0,0.0,640.0,480.0,220737.0,small_parts,1,0,0,1,0
79,000078.png,data/cogar_sim_500_final/rgb/000078.png,677,10,box,152.0,83.0,180.0,126.0,12875.0,small_parts,1,0,0,1,0
79,000078.png,data/cogar_sim_500_final/rgb/000078.png,678,5,plastic_object,345.0,261.0,94.0,88.0,6258.0,small_parts,1,0,0,1,0
79,000078.png,data/cogar_sim_500_final/rgb/000078.png,679,7,connector,498.0,145.0,80.0,49.0,2772.0,small_parts,1,0,0,1,0
79,000078.png,data/cogar_sim_500_final/rgb/000078.png,680,7,connector,96.0,228.0,59.0,53.0,2330.0,small_parts,1,0,0,1,0
79,000078.png,data/cogar_sim_500_final/rgb/000078.png,681,7,connector,211.0,375.0,93.0,104.0,5270.0,small_parts,1,0,0,1,0
79,000078.png,data/cogar_sim_500_final/rgb/000078.png,682,7,connector,575.0,143.0,65.0,60.0,2411.0,small_parts,1,0,0,1,0
79,000078.png,data/cogar_sim_500_final/rgb/000078.png,683,6,screw,518.0,235.0,23.0,28.0,458.0,small_parts,1,0,0,1,0
79,000078.png,data/cogar_sim_500_final/rgb/000078.png,684,10,box,135.0,155.0,185.0,234.0,29832.0,small_parts,1,0,0,1,0
79,000078.png,data/cogar_sim_500_final/rgb/000078.png,685,6,screw,320.0,200.0,15.0,27.0,285.0,small_parts,1,0,0,1,0
79,000078.png,data/cogar_sim_500_final/rgb/000078.png,686,6,screw,539.0,149.0,9.0,3.0,14.0,small_parts,1,0,0,1,0
79,000078.png,data/cogar_sim_500_final/rgb/000078.png,687,9,tool,106.0,278.0,404.0,119.0,12063.0,small_parts,1,0,0,1,0
79,000078.png,data/cogar_sim_500_final/rgb/000078.png,688,6,screw,570.0,176.0,6.0,16.0,62.0,small_parts,1,0,0,1,0
80,000079.png,data/cogar_sim_500_final/rgb/000079.png,689,1,table,0.0,0.0,640.0,480.0,215310.0,dynamic_scene,1,1,1,0,1
80,000079.png,data/cogar_sim_500_final/rgb/000079.png,690,9,tool,224.0,206.0,96.0,41.0,1052.0,dynamic_scene,1,1,1,0,1
80,000079.png,data/cogar_sim_500_final/rgb/000079.png,691,4,glass_object,0.0,125.0,92.0,192.0,10546.0,dynamic_scene,1,1,1,0,1
80,000079.png,data/cogar_sim_500_final/rgb/000079.png,692,3,metal_part,462.0,138.0,50.0,94.0,3276.0,dynamic_scene,1,1,1,0,1
80,000079.png,data/cogar_sim_500_final/rgb/000079.png,693,5,plastic_object,312.0,176.0,37.0,53.0,1575.0,dynamic_scene,1,1,1,0,1
80,000079.png,data/cogar_sim_500_final/rgb/000079.png,694,10,box,28.0,175.0,192.0,230.0,30241.0,dynamic_scene,1,1,1,0,1
80,000079.png,data/cogar_sim_500_final/rgb/000079.png,695,5,plastic_object,263.0,277.0,85.0,107.0,7124.0,dynamic_scene,1,1,1,0,1
80,000079.png,data/cogar_sim_500_final/rgb/000079.png,696,2,robot_gripper,247.0,46.0,211.0,187.0,16064.0,dynamic_scene,1,1,1,0,1
80,000079.png,data/cogar_sim_500_final/rgb/000079.png,697,2,robot_gripper,347.0,158.0,62.0,129.0,4757.0,dynamic_scene,1,1,1,0,1
80,000079.png,data/cogar_sim_500_final/rgb/000079.png,698,2,robot_gripper,248.0,69.0,65.0,206.0,10612.0,dynamic_scene,1,1,1,0,1
81,000080.png,data/cogar_sim_500_final/rgb/000080.png,699,1,table,0.0,471.0,129.0,9.0,642.0,reflective_metal,1,0,1,0,0
81,000080.png,data/cogar_sim_500_final/rgb/000080.png,700,1,table,0.0,0.0,640.0,480.0,306558.0,reflective_metal,1,0,1,0,0
82,000081.png,data/cogar_sim_500_final/rgb/000081.png,701,1,table,0.0,0.0,640.0,480.0,207856.0,transparent_glass,0,1,1,0,0
82,000081.png,data/cogar_sim_500_final/rgb/000081.png,702,1,table,0.0,0.0,150.0,480.0,45188.0,transparent_glass,0,1,1,0,0
82,000081.png,data/cogar_sim_500_final/rgb/000081.png,703,8,cable,218.0,151.0,11.0,60.0,360.0,transparent_glass,0,1,1,0,0
82,000081.png,data/cogar_sim_500_final/rgb/000081.png,704,4,glass_object,400.0,181.0,101.0,169.0,12430.0,transparent_glass,0,1,1,0,0
82,000081.png,data/cogar_sim_500_final/rgb/000081.png,705,4,glass_object,343.0,149.0,52.0,117.0,4367.0,transparent_glass,0,1,1,0,0
82,000081.png,data/cogar_sim_500_final/rgb/000081.png,706,4,glass_object,150.0,191.0,85.0,118.0,7202.0,transparent_glass,0,1,1,0,0
82,000081.png,data/cogar_sim_500_final/rgb/000081.png,707,2,robot_gripper,178.0,74.0,191.0,129.0,10408.0,transparent_glass,0,1,1,0,0
82,000081.png,data/cogar_sim_500_final/rgb/000081.png,708,2,robot_gripper,240.0,128.0,44.0,123.0,4398.0,transparent_glass,0,1,1,0,0
82,000081.png,data/cogar_sim_500_final/rgb/000081.png,709,2,robot_gripper,226.0,147.0,18.0,54.0,668.0,transparent_glass,0,1,1,0,0
83,000082.png,data/cogar_sim_500_final/rgb/000082.png,710,1,table,0.0,0.0,640.0,480.0,227815.0,partial_occlusion,1,1,1,1,0
83,000082.png,data/cogar_sim_500_final/rgb/000082.png,711,1,table,0.0,0.0,340.0,209.0,35576.0,partial_occlusion,1,1,1,1,0
83,000082.png,data/cogar_sim_500_final/rgb/000082.png,712,3,metal_part,171.0,297.0,66.0,37.0,1238.0,partial_occlusion,1,1,1,1,0
83,000082.png,data/cogar_sim_500_final/rgb/000082.png,713,10,box,4.0,194.0,143.0,139.0,10979.0,partial_occlusion,1,1,1,1,0
83,000082.png,data/cogar_sim_500_final/rgb/000082.png,714,8,cable,131.0,250.0,196.0,210.0,2381.0,partial_occlusion,1,1,1,1,0
83,000082.png,data/cogar_sim_500_final/rgb/000082.png,715,4,glass_object,360.0,358.0,99.0,62.0,4710.0,partial_occlusion,1,1,1,1,0
83,000082.png,data/cogar_sim_500_final/rgb/000082.png,716,7,connector,235.0,111.0,58.0,63.0,633.0,partial_occlusion,1,1,1,1,0
83,000082.png,data/cogar_sim_500_final/rgb/000082.png,717,10,box,359.0,274.0,146.0,133.0,10179.0,partial_occlusion,1,1,1,1,0
83,000082.png,data/cogar_sim_500_final/rgb/000082.png,718,3,metal_part,187.0,121.0,89.0,68.0,3592.0,partial_occlusion,1,1,1,1,0
83,000082.png,data/cogar_sim_500_final/rgb/000082.png,719,2,robot_gripper,161.0,193.0,201.0,128.0,9248.0,partial_occlusion,1,1,1,1,0
83,000082.png,data/cogar_sim_500_final/rgb/000082.png,720,2,robot_gripper,195.0,241.0,38.0,20.0,336.0,partial_occlusion,1,1,1,1,0
83,000082.png,data/cogar_sim_500_final/rgb/000082.png,721,2,robot_gripper,268.0,196.0,32.0,28.0,513.0,partial_occlusion,1,1,1,1,0
84,000083.png,data/cogar_sim_500_final/rgb/000083.png,722,1,table,0.0,0.0,640.0,480.0,286335.0,small_parts,1,0,0,1,0
84,000083.png,data/cogar_sim_500_final/rgb/000083.png,723,7,connector,117.0,21.0,56.0,45.0,1431.0,small_parts,1,0,0,1,0
84,000083.png,data/cogar_sim_500_final/rgb/000083.png,724,6,screw,334.0,91.0,13.0,23.0,220.0,small_parts,1,0,0,1,0
84,000083.png,data/cogar_sim_500_final/rgb/000083.png,725,3,metal_part,282.0,247.0,66.0,64.0,3529.0,small_parts,1,0,0,1,0
84,000083.png,data/cogar_sim_500_final/rgb/000083.png,726,6,screw,363.0,284.0,24.0,24.0,361.0,small_parts,1,0,0,1,0
84,000083.png,data/cogar_sim_500_final/rgb/000083.png,727,5,plastic_object,262.0,113.0,58.0,65.0,2244.0,small_parts,1,0,0,1,0
84,000083.png,data/cogar_sim_500_final/rgb/000083.png,728,7,connector,61.0,74.0,44.0,72.0,1683.0,small_parts,1,0,0,1,0
84,000083.png,data/cogar_sim_500_final/rgb/000083.png,729,9,tool,222.0,143.0,202.0,50.0,6150.0,small_parts,1,0,0,1,0
84,000083.png,data/cogar_sim_500_final/rgb/000083.png,730,6,screw,270.0,124.0,7.0,10.0,37.0,small_parts,1,0,0,1,0
84,000083.png,data/cogar_sim_500_final/rgb/000083.png,731,8,cable,394.0,49.0,47.0,376.0,3708.0,small_parts,1,0,0,1,0
84,000083.png,data/cogar_sim_500_final/rgb/000083.png,732,7,connector,213.0,150.0,47.0,86.0,1502.0,small_parts,1,0,0,1,0
85,000084.png,data/cogar_sim_500_final/rgb/000084.png,733,1,table,0.0,0.0,640.0,480.0,217000.0,dynamic_scene,0,0,1,1,1
85,000084.png,data/cogar_sim_500_final/rgb/000084.png,734,1,table,532.0,0.0,108.0,293.0,15981.0,dynamic_scene,0,0,1,1,1
85,000084.png,data/cogar_sim_500_final/rgb/000084.png,735,5,plastic_object,444.0,228.0,103.0,94.0,7250.0,dynamic_scene,0,0,1,1,1
85,000084.png,data/cogar_sim_500_final/rgb/000084.png,736,10,box,249.0,267.0,159.0,115.0,12647.0,dynamic_scene,0,0,1,1,1
85,000084.png,data/cogar_sim_500_final/rgb/000084.png,737,10,box,180.0,147.0,169.0,180.0,13339.0,dynamic_scene,0,0,1,1,1
85,000084.png,data/cogar_sim_500_final/rgb/000084.png,738,5,plastic_object,289.0,67.0,63.0,95.0,4452.0,dynamic_scene,0,0,1,1,1
85,000084.png,data/cogar_sim_500_final/rgb/000084.png,739,5,plastic_object,353.0,0.0,72.0,30.0,1706.0,dynamic_scene,0,0,1,1,1
85,000084.png,data/cogar_sim_500_final/rgb/000084.png,740,7,connector,109.0,235.0,83.0,88.0,3582.0,dynamic_scene,0,0,1,1,1
85,000084.png,data/cogar_sim_500_final/rgb/000084.png,741,8,cable,82.0,0.0,175.0,214.0,3080.0,dynamic_scene,0,0,1,1,1
85,000084.png,data/cogar_sim_500_final/rgb/000084.png,742,2,robot_gripper,334.0,115.0,182.0,365.0,23982.0,dynamic_scene,0,0,1,1,1
85,000084.png,data/cogar_sim_500_final/rgb/000084.png,743,2,robot_gripper,403.0,215.0,60.0,52.0,2048.0,dynamic_scene,0,0,1,1,1
85,000084.png,data/cogar_sim_500_final/rgb/000084.png,744,2,robot_gripper,442.0,331.0,61.0,53.0,2133.0,dynamic_scene,0,0,1,1,1
86,000085.png,data/cogar_sim_500_final/rgb/000085.png,745,1,table,0.0,0.0,640.0,480.0,274930.0,reflective_metal,1,0,0,1,0
86,000085.png,data/cogar_sim_500_final/rgb/000085.png,746,9,tool,92.0,136.0,139.0,67.0,2950.0,reflective_metal,1,0,0,1,0
86,000085.png,data/cogar_sim_500_final/rgb/000085.png,747,9,tool,379.0,134.0,104.0,100.0,3170.0,reflective_metal,1,0,0,1,0
86,000085.png,data/cogar_sim_500_final/rgb/000085.png,748,7,connector,260.0,203.0,80.0,62.0,2657.0,reflective_metal,1,0,0,1,0
86,000085.png,data/cogar_sim_500_final/rgb/000085.png,749,3,metal_part,148.0,157.0,56.0,46.0,1968.0,reflective_metal,1,0,0,1,0
86,000085.png,data/cogar_sim_500_final/rgb/000085.png,750,3,metal_part,36.0,174.0,103.0,101.0,6172.0,reflective_metal,1,0,0,1,0
86,000085.png,data/cogar_sim_500_final/rgb/000085.png,751,8,cable,114.0,128.0,123.0,71.0,1214.0,reflective_metal,1,0,0,1,0
87,000086.png,data/cogar_sim_500_final/rgb/000086.png,752,1,table,0.0,18.0,640.0,462.0,197794.0,transparent_glass,0,1,1,1,0
87,000086.png,data/cogar_sim_500_final/rgb/000086.png,753,10,box,122.0,148.0,129.0,195.0,20973.0,transparent_glass,0,1,1,1,0
87,000086.png,data/cogar_sim_500_final/rgb/000086.png,754,7,connector,174.0,367.0,63.0,94.0,4690.0,transparent_glass,0,1,1,1,0
87,000086.png,data/cogar_sim_500_final/rgb/000086.png,755,10,box,333.0,159.0,149.0,142.0,9282.0,transparent_glass,0,1,1,1,0
87,000086.png,data/cogar_sim_500_final/rgb/000086.png,756,8,cable,397.0,124.0,137.0,96.0,2201.0,transparent_glass,0,1,1,1,0
87,000086.png,data/cogar_sim_500_final/rgb/000086.png,757,4,glass_object,361.0,206.0,102.0,190.0,17411.0,transparent_glass,0,1,1,1,0
87,000086.png,data/cogar_sim_500_final/rgb/000086.png,758,2,robot_gripper,272.0,42.0,142.0,126.0,11190.0,transparent_glass,0,1,1,1,0
87,000086.png,data/cogar_sim_500_final/rgb/000086.png,759,2,robot_gripper,276.0,72.0,51.0,165.0,3937.0,transparent_glass,0,1,1,1,0
87,000086.png,data/cogar_sim_500_final/rgb/000086.png,760,2,robot_gripper,334.0,53.0,46.0,113.0,1045.0,transparent_glass,0,1,1,1,0
88,000087.png,data/cogar_sim_500_final/rgb/000087.png,761,1,table,0.0,125.0,640.0,355.0,189600.0,partial_occlusion,0,0,1,1,0
88,000087.png,data/cogar_sim_500_final/rgb/000087.png,762,6,screw,430.0,225.0,3.0,7.0,17.0,partial_occlusion,0,0,1,1,0
88,000087.png,data/cogar_sim_500_final/rgb/000087.png,763,5,plastic_object,302.0,211.0,70.0,85.0,5072.0,partial_occlusion,0,0,1,1,0
88,000087.png,data/cogar_sim_500_final/rgb/000087.png,764,7,connector,374.0,210.0,8.0,24.0,169.0,partial_occlusion,0,0,1,1,0
88,000087.png,data/cogar_sim_500_final/rgb/000087.png,765,5,plastic_object,190.0,175.0,48.0,63.0,2508.0,partial_occlusion,0,0,1,1,0
88,000087.png,data/cogar_sim_500_final/rgb/000087.png,766,2,robot_gripper,253.0,87.0,244.0,101.0,15357.0,partial_occlusion,0,0,1,1,0
88,000087.png,data/cogar_sim_500_final/rgb/000087.png,767,2,robot_gripper,332.0,88.0,45.0,148.0,3074.0,partial_occlusion,0,0,1,1,0
88,000087.png,data/cogar_sim_500_final/rgb/000087.png,768,2,robot_gripper,383.0,93.0,53.0,183.0,5270.0,partial_occlusion,0,0,1,1,0
89,000088.png,data/cogar_sim_500_final/rgb/000088.png,769,1,table,0.0,58.0,640.0,422.0,226884.0,small_parts,1,0,1,1,0
89,000088.png,data/cogar_sim_500_final/rgb/000088.png,770,7,connector,346.0,260.0,69.0,29.0,944.0,small_parts,1,0,1,1,0
89,000088.png,data/cogar_sim_500_final/rgb/000088.png,771,6,screw,210.0,269.0,27.0,22.0,389.0,small_parts,1,0,1,1,0
89,000088.png,data/cogar_sim_500_final/rgb/000088.png,772,7,connector,149.0,291.0,62.0,37.0,1766.0,small_parts,1,0,1,1,0
89,000088.png,data/cogar_sim_500_final/rgb/000088.png,773,5,plastic_object,315.0,123.0,61.0,59.0,3188.0,small_parts,1,0,1,1,0
89,000088.png,data/cogar_sim_500_final/rgb/000088.png,774,6,screw,289.0,223.0,22.0,23.0,299.0,small_parts,1,0,1,1,0
89,000088.png,data/cogar_sim_500_final/rgb/000088.png,775,7,connector,155.0,231.0,56.0,38.0,1426.0,small_parts,1,0,1,1,0
89,000088.png,data/cogar_sim_500_final/rgb/000088.png,776,6,screw,336.0,181.0,20.0,11.0,118.0,small_parts,1,0,1,1,0
89,000088.png,data/cogar_sim_500_final/rgb/000088.png,777,8,cable,60.0,145.0,165.0,73.0,1574.0,small_parts,1,0,1,1,0
89,000088.png,data/cogar_sim_500_final/rgb/000088.png,778,9,tool,201.0,231.0,236.0,107.0,8236.0,small_parts,1,0,1,1,0
89,000088.png,data/cogar_sim_500_final/rgb/000088.png,779,7,connector,115.0,269.0,96.0,41.0,2507.0,small_parts,1,0,1,1,0
89,000088.png,data/cogar_sim_500_final/rgb/000088.png,780,7,connector,277.0,165.0,8.0,15.0,51.0,small_parts,1,0,1,1,0
89,000088.png,data/cogar_sim_500_final/rgb/000088.png,781,2,robot_gripper,211.0,64.0,99.0,129.0,8102.0,small_parts,1,0,1,1,0
89,000088.png,data/cogar_sim_500_final/rgb/000088.png,782,2,robot_gripper,219.0,86.0,54.0,199.0,5540.0,small_parts,1,0,1,1,0
89,000088.png,data/cogar_sim_500_final/rgb/000088.png,783,2,robot_gripper,217.0,57.0,46.0,170.0,1281.0,small_parts,1,0,1,1,0
90,000089.png,data/cogar_sim_500_final/rgb/000089.png,784,1,table,0.0,63.0,640.0,417.0,188558.0,dynamic_scene,1,0,1,1,1
90,000089.png,data/cogar_sim_500_final/rgb/000089.png,785,1,table,24.0,0.0,616.0,234.0,86607.0,dynamic_scene,1,0,1,1,1
90,000089.png,data/cogar_sim_500_final/rgb/000089.png,786,10,box,335.0,135.0,96.0,107.0,3886.0,dynamic_scene,1,0,1,1,1
90,000089.png,data/cogar_sim_500_final/rgb/000089.png,787,3,metal_part,229.0,173.0,71.0,87.0,4024.0,dynamic_scene,1,0,1,1,1
90,000089.png,data/cogar_sim_500_final/rgb/000089.png,788,7,connector,238.0,281.0,88.0,35.0,2873.0,dynamic_scene,1,0,1,1,1
90,000089.png,data/cogar_sim_500_final/rgb/000089.png,789,5,plastic_object,388.0,340.0,78.0,88.0,5525.0,dynamic_scene,1,0,1,1,1
90,000089.png,data/cogar_sim_500_final/rgb/000089.png,790,2,robot_gripper,231.0,97.0,162.0,141.0,10765.0,dynamic_scene,1,0,1,1,1
90,000089.png,data/cogar_sim_500_final/rgb/000089.png,791,2,robot_gripper,262.0,103.0,43.0,148.0,1664.0,dynamic_scene,1,0,1,1,1
90,000089.png,data/cogar_sim_500_final/rgb/000089.png,792,2,robot_gripper,328.0,143.0,44.0,117.0,1254.0,dynamic_scene,1,0,1,1,1
91,000090.png,data/cogar_sim_500_final/rgb/000090.png,793,1,table,377.0,331.0,263.0,149.0,19664.0,reflective_metal,1,0,0,0,0
91,000090.png,data/cogar_sim_500_final/rgb/000090.png,794,1,table,0.0,0.0,640.0,480.0,287536.0,reflective_metal,1,0,0,0,0
92,000091.png,data/cogar_sim_500_final/rgb/000091.png,795,1,table,468.0,213.0,172.0,267.0,23032.0,transparent_glass,0,1,1,0,0
92,000091.png,data/cogar_sim_500_final/rgb/000091.png,796,1,table,0.0,0.0,640.0,480.0,284168.0,transparent_glass,0,1,1,0,0
93,000092.png,data/cogar_sim_500_final/rgb/000092.png,797,1,table,530.0,176.0,110.0,304.0,16876.0,partial_occlusion,0,1,1,0,0
93,000092.png,data/cogar_sim_500_final/rgb/000092.png,798,1,table,0.0,0.0,640.0,480.0,290324.0,partial_occlusion,0,1,1,0,0
94,000093.png,data/cogar_sim_500_final/rgb/000093.png,799,1,table,488.0,273.0,152.0,207.0,15794.0,small_parts,0,0,1,1,0
94,000093.png,data/cogar_sim_500_final/rgb/000093.png,800,1,table,0.0,0.0,640.0,480.0,291406.0,small_parts,0,0,1,1,0
95,000094.png,data/cogar_sim_500_final/rgb/000094.png,801,1,table,7.0,0.0,633.0,480.0,248491.0,dynamic_scene,1,0,1,1,1
95,000094.png,data/cogar_sim_500_final/rgb/000094.png,802,1,table,0.0,0.0,47.0,480.0,12830.0,dynamic_scene,1,0,1,1,1
95,000094.png,data/cogar_sim_500_final/rgb/000094.png,803,3,metal_part,444.0,144.0,69.0,64.0,3274.0,dynamic_scene,1,0,1,1,1
95,000094.png,data/cogar_sim_500_final/rgb/000094.png,804,5,plastic_object,307.0,117.0,96.0,103.0,8292.0,dynamic_scene,1,0,1,1,1
95,000094.png,data/cogar_sim_500_final/rgb/000094.png,805,2,robot_gripper,150.0,39.0,221.0,441.0,32470.0,dynamic_scene,1,0,1,1,1
95,000094.png,data/cogar_sim_500_final/rgb/000094.png,806,2,robot_gripper,194.0,303.0,55.0,54.0,1843.0,dynamic_scene,1,0,1,1,1
96,000095.png,data/cogar_sim_500_final/rgb/000095.png,807,1,table,0.0,57.0,640.0,423.0,170011.0,reflective_metal,1,0,0,0,0
96,000095.png,data/cogar_sim_500_final/rgb/000095.png,808,1,table,0.0,0.0,594.0,256.0,90408.0,reflective_metal,1,0,0,0,0
96,000095.png,data/cogar_sim_500_final/rgb/000095.png,809,3,metal_part,190.0,134.0,48.0,103.0,3051.0,reflective_metal,1,0,0,0,0
96,000095.png,data/cogar_sim_500_final/rgb/000095.png,810,8,cable,324.0,145.0,170.0,46.0,1161.0,reflective_metal,1,0,0,0,0
96,000095.png,data/cogar_sim_500_final/rgb/000095.png,811,10,box,461.0,153.0,152.0,118.0,15109.0,reflective_metal,1,0,0,0,0
96,000095.png,data/cogar_sim_500_final/rgb/000095.png,812,9,tool,359.0,132.0,45.0,119.0,3447.0,reflective_metal,1,0,0,0,0
96,000095.png,data/cogar_sim_500_final/rgb/000095.png,813,9,tool,197.0,264.0,160.0,98.0,5636.0,reflective_metal,1,0,0,0,0
96,000095.png,data/cogar_sim_500_final/rgb/000095.png,814,3,metal_part,530.0,125.0,68.0,45.0,1587.0,reflective_metal,1,0,0,0,0
96,000095.png,data/cogar_sim_500_final/rgb/000095.png,815,10,box,225.0,171.0,155.0,116.0,13489.0,reflective_metal,1,0,0,0,0
97,000096.png,data/cogar_sim_500_final/rgb/000096.png,816,1,table,0.0,83.0,640.0,397.0,186162.0,transparent_glass,1,1,0,1,0
97,000096.png,data/cogar_sim_500_final/rgb/000096.png,817,4,glass_object,367.0,148.0,65.0,139.0,7092.0,transparent_glass,1,1,0,1,0
97,000096.png,data/cogar_sim_500_final/rgb/000096.png,818,3,metal_part,346.0,236.0,45.0,97.0,4081.0,transparent_glass,1,1,0,1,0
97,000096.png,data/cogar_sim_500_final/rgb/000096.png,819,4,glass_object,265.0,74.0,76.0,141.0,8435.0,transparent_glass,1,1,0,1,0
97,000096.png,data/cogar_sim_500_final/rgb/000096.png,820,4,glass_object,202.0,88.0,76.0,116.0,6669.0,transparent_glass,1,1,0,1,0
97,000096.png,data/cogar_sim_500_final/rgb/000096.png,821,4,glass_object,163.0,177.0,119.0,153.0,15218.0,transparent_glass,1,1,0,1,0
97,000096.png,data/cogar_sim_500_final/rgb/000096.png,822,7,connector,317.0,197.0,50.0,25.0,1052.0,transparent_glass,1,1,0,1,0
98,000097.png,data/cogar_sim_500_final/rgb/000097.png,823,1,table,0.0,0.0,640.0,480.0,268595.0,partial_occlusion,0,1,1,1,0
98,000097.png,data/cogar_sim_500_final/rgb/000097.png,824,8,cable,282.0,230.0,216.0,250.0,4508.0,partial_occlusion,0,1,1,1,0
98,000097.png,data/cogar_sim_500_final/rgb/000097.png,825,10,box,386.0,150.0,37.0,64.0,1181.0,partial_occlusion,0,1,1,1,0
98,000097.png,data/cogar_sim_500_final/rgb/000097.png,826,8,cable,312.0,202.0,326.0,110.0,2999.0,partial_occlusion,0,1,1,1,0
98,000097.png,data/cogar_sim_500_final/rgb/000097.png,827,4,glass_object,191.0,213.0,95.0,146.0,11610.0,partial_occlusion,0,1,1,1,0
98,000097.png,data/cogar_sim_500_final/rgb/000097.png,828,7,connector,284.0,271.0,5.0,53.0,181.0,partial_occlusion,0,1,1,1,0
98,000097.png,data/cogar_sim_500_final/rgb/000097.png,829,5,plastic_object,166.0,208.0,52.0,89.0,2345.0,partial_occlusion,0,1,1,1,0
98,000097.png,data/cogar_sim_500_final/rgb/000097.png,830,6,screw,211.0,203.0,12.0,13.0,138.0,partial_occlusion,0,1,1,1,0
98,000097.png,data/cogar_sim_500_final/rgb/000097.png,831,2,robot_gripper,319.0,103.0,106.0,185.0,10740.0,partial_occlusion,0,1,1,1,0
98,000097.png,data/cogar_sim_500_final/rgb/000097.png,832,2,robot_gripper,320.0,198.0,44.0,116.0,4219.0,partial_occlusion,0,1,1,1,0
98,000097.png,data/cogar_sim_500_final/rgb/000097.png,833,2,robot_gripper,324.0,131.0,13.0,71.0,640.0,partial_occlusion,0,1,1,1,0
99,000098.png,data/cogar_sim_500_final/rgb/000098.png,834,1,table,0.0,0.0,640.0,480.0,272600.0,small_parts,1,0,0,1,0
99,000098.png,data/cogar_sim_500_final/rgb/000098.png,835,6,screw,324.0,354.0,19.0,18.0,268.0,small_parts,1,0,0,1,0
99,000098.png,data/cogar_sim_500_final/rgb/000098.png,836,7,connector,512.0,321.0,35.0,70.0,1966.0,small_parts,1,0,0,1,0
99,000098.png,data/cogar_sim_500_final/rgb/000098.png,837,3,metal_part,197.0,377.0,66.0,103.0,5537.0,small_parts,1,0,0,1,0
99,000098.png,data/cogar_sim_500_final/rgb/000098.png,838,6,screw,315.0,332.0,22.0,24.0,339.0,small_parts,1,0,0,1,0
99,000098.png,data/cogar_sim_500_final/rgb/000098.png,839,6,screw,184.0,207.0,32.0,19.0,433.0,small_parts,1,0,0,1,0
99,000098.png,data/cogar_sim_500_final/rgb/000098.png,840,6,screw,193.0,201.0,15.0,11.0,113.0,small_parts,1,0,0,1,0
99,000098.png,data/cogar_sim_500_final/rgb/000098.png,841,6,screw,371.0,317.0,24.0,19.0,315.0,small_parts,1,0,0,1,0
99,000098.png,data/cogar_sim_500_final/rgb/000098.png,842,6,screw,153.0,328.0,25.0,20.0,394.0,small_parts,1,0,0,1,0
99,000098.png,data/cogar_sim_500_final/rgb/000098.png,843,5,plastic_object,226.0,333.0,93.0,105.0,6361.0,small_parts,1,0,0,1,0
99,000098.png,data/cogar_sim_500_final/rgb/000098.png,844,3,metal_part,216.0,153.0,53.0,72.0,2877.0,small_parts,1,0,0,1,0
99,000098.png,data/cogar_sim_500_final/rgb/000098.png,845,7,connector,348.0,115.0,64.0,46.0,1641.0,small_parts,1,0,0,1,0
99,000098.png,data/cogar_sim_500_final/rgb/000098.png,846,7,connector,503.0,385.0,80.0,51.0,2982.0,small_parts,1,0,0,1,0
99,000098.png,data/cogar_sim_500_final/rgb/000098.png,847,7,connector,212.0,338.0,39.0,33.0,895.0,small_parts,1,0,0,1,0
99,000098.png,data/cogar_sim_500_final/rgb/000098.png,848,6,screw,365.0,275.0,19.0,29.0,431.0,small_parts,1,0,0,1,0
100,000099.png,data/cogar_sim_500_final/rgb/000099.png,849,1,table,0.0,88.0,640.0,392.0,198735.0,dynamic_scene,1,0,1,0,1
100,000099.png,data/cogar_sim_500_final/rgb/000099.png,850,1,table,0.0,0.0,640.0,162.0,78661.0,dynamic_scene,1,0,1,0,1
100,000099.png,data/cogar_sim_500_final/rgb/000099.png,851,10,box,305.0,196.0,123.0,95.0,9509.0,dynamic_scene,1,0,1,0,1
100,000099.png,data/cogar_sim_500_final/rgb/000099.png,852,3,metal_part,489.0,233.0,38.0,57.0,1653.0,dynamic_scene,1,0,1,0,1
100,000099.png,data/cogar_sim_500_final/rgb/000099.png,853,2,robot_gripper,223.0,130.0,275.0,66.0,17557.0,dynamic_scene,1,0,1,0,1
100,000099.png,data/cogar_sim_500_final/rgb/000099.png,854,2,robot_gripper,309.0,115.0,27.0,91.0,704.0,dynamic_scene,1,0,1,0,1
100,000099.png,data/cogar_sim_500_final/rgb/000099.png,855,2,robot_gripper,387.0,196.0,28.0,14.0,381.0,dynamic_scene,1,0,1,0,1
101,000100.png,data/cogar_sim_500_final/rgb/000100.png,856,1,table,0.0,392.0,140.0,88.0,6212.0,reflective_metal,1,0,0,1,0
101,000100.png,data/cogar_sim_500_final/rgb/000100.png,857,1,table,0.0,0.0,640.0,480.0,300988.0,reflective_metal,1,0,0,1,0
102,000101.png,data/cogar_sim_500_final/rgb/000101.png,858,1,table,80.0,355.0,560.0,125.0,34995.0,transparent_glass,0,1,0,1,0
102,000101.png,data/cogar_sim_500_final/rgb/000101.png,859,1,table,0.0,0.0,640.0,480.0,271808.0,transparent_glass,0,1,0,1,0
102,000101.png,data/cogar_sim_500_final/rgb/000101.png,860,8,cable,205.0,433.0,24.0,23.0,397.0,transparent_glass,0,1,0,1,0
103,000102.png,data/cogar_sim_500_final/rgb/000102.png,861,1,table,0.0,0.0,640.0,480.0,207393.0,partial_occlusion,0,1,1,1,0
103,000102.png,data/cogar_sim_500_final/rgb/000102.png,862,1,table,502.0,348.0,138.0,132.0,9177.0,partial_occlusion,0,1,1,1,0
103,000102.png,data/cogar_sim_500_final/rgb/000102.png,863,6,screw,219.0,447.0,28.0,33.0,696.0,partial_occlusion,0,1,1,1,0
103,000102.png,data/cogar_sim_500_final/rgb/000102.png,864,10,box,160.0,163.0,182.0,201.0,14932.0,partial_occlusion,0,1,1,1,0
103,000102.png,data/cogar_sim_500_final/rgb/000102.png,865,4,glass_object,122.0,39.0,144.0,135.0,16146.0,partial_occlusion,0,1,1,1,0
103,000102.png,data/cogar_sim_500_final/rgb/000102.png,866,10,box,116.0,0.0,237.0,188.0,15797.0,partial_occlusion,0,1,1,1,0
103,000102.png,data/cogar_sim_500_final/rgb/000102.png,867,10,box,138.0,181.0,156.0,116.0,11149.0,partial_occlusion,0,1,1,1,0
103,000102.png,data/cogar_sim_500_final/rgb/000102.png,868,7,connector,338.0,218.0,37.0,40.0,687.0,partial_occlusion,0,1,1,1,0
103,000102.png,data/cogar_sim_500_final/rgb/000102.png,869,2,robot_gripper,187.0,104.0,356.0,351.0,27834.0,partial_occlusion,0,1,1,1,0
103,000102.png,data/cogar_sim_500_final/rgb/000102.png,870,2,robot_gripper,409.0,244.0,56.0,45.0,1181.0,partial_occlusion,0,1,1,1,0
103,000102.png,data/cogar_sim_500_final/rgb/000102.png,871,2,robot_gripper,308.0,310.0,66.0,67.0,2208.0,partial_occlusion,0,1,1,1,0
104,000103.png,data/cogar_sim_500_final/rgb/000103.png,872,1,table,405.0,176.0,235.0,304.0,35796.0,small_parts,1,0,1,1,0
104,000103.png,data/cogar_sim_500_final/rgb/000103.png,873,1,table,0.0,0.0,640.0,480.0,248836.0,small_parts,1,0,1,1,0
105,000104.png,data/cogar_sim_500_final/rgb/000104.png,874,1,table,0.0,0.0,640.0,480.0,244152.0,dynamic_scene,1,0,1,0,1
105,000104.png,data/cogar_sim_500_final/rgb/000104.png,875,5,plastic_object,297.0,75.0,47.0,89.0,2856.0,dynamic_scene,1,0,1,0,1
105,000104.png,data/cogar_sim_500_final/rgb/000104.png,876,5,plastic_object,303.0,312.0,136.0,168.0,17139.0,dynamic_scene,1,0,1,0,1
105,000104.png,data/cogar_sim_500_final/rgb/000104.png,877,5,plastic_object,357.0,105.0,90.0,111.0,7220.0,dynamic_scene,1,0,1,0,1
105,000104.png,data/cogar_sim_500_final/rgb/000104.png,878,9,tool,375.0,110.0,55.0,116.0,921.0,dynamic_scene,1,0,1,0,1
105,000104.png,data/cogar_sim_500_final/rgb/000104.png,879,2,robot_gripper,214.0,11.0,103.0,196.0,11937.0,dynamic_scene,1,0,1,0,1
105,000104.png,data/cogar_sim_500_final/rgb/000104.png,880,2,robot_gripper,218.0,61.0,62.0,226.0,7515.0,dynamic_scene,1,0,1,0,1
105,000104.png,data/cogar_sim_500_final/rgb/000104.png,881,2,robot_gripper,195.0,56.0,32.0,147.0,3092.0,dynamic_scene,1,0,1,0,1
106,000105.png,data/cogar_sim_500_final/rgb/000105.png,882,1,table,0.0,0.0,544.0,480.0,214365.0,reflective_metal,1,0,0,1,0
106,000105.png,data/cogar_sim_500_final/rgb/000105.png,883,1,table,493.0,0.0,147.0,480.0,57862.0,reflective_metal,1,0,0,1,0
106,000105.png,data/cogar_sim_500_final/rgb/000105.png,884,5,plastic_object,137.0,281.0,55.0,62.0,2339.0,reflective_metal,1,0,0,1,0
106,000105.png,data/cogar_sim_500_final/rgb/000105.png,885,9,tool,341.0,36.0,202.0,68.0,6430.0,reflective_metal,1,0,0,1,0
106,000105.png,data/cogar_sim_500_final/rgb/000105.png,886,5,plastic_object,119.0,361.0,78.0,69.0,4004.0,reflective_metal,1,0,0,1,0
106,000105.png,data/cogar_sim_500_final/rgb/000105.png,887,3,metal_part,166.0,102.0,71.0,73.0,2755.0,reflective_metal,1,0,0,1,0
106,000105.png,data/cogar_sim_500_final/rgb/000105.png,888,6,screw,315.0,270.0,25.0,25.0,353.0,reflective_metal,1,0,0,1,0
106,000105.png,data/cogar_sim_500_final/rgb/000105.png,889,9,tool,352.0,0.0,185.0,154.0,4715.0,reflective_metal,1,0,0,1,0
106,000105.png,data/cogar_sim_500_final/rgb/000105.png,890,3,metal_part,249.0,329.0,85.0,72.0,5051.0,reflective_metal,1,0,0,1,0
106,000105.png,data/cogar_sim_500_final/rgb/000105.png,891,9,tool,328.0,250.0,143.0,32.0,2800.0,reflective_metal,1,0,0,1,0
106,000105.png,data/cogar_sim_500_final/rgb/000105.png,892,5,plastic_object,208.0,72.0,54.0,61.0,2211.0,reflective_metal,1,0,0,1,0
106,000105.png,data/cogar_sim_500_final/rgb/000105.png,893,9,tool,325.0,72.0,78.0,142.0,4315.0,reflective_metal,1,0,0,1,0
107,000106.png,data/cogar_sim_500_final/rgb/000106.png,894,1,table,0.0,97.0,640.0,383.0,197749.0,transparent_glass,0,1,1,0,0
107,000106.png,data/cogar_sim_500_final/rgb/000106.png,895,4,glass_object,403.0,176.0,85.0,120.0,7162.0,transparent_glass,0,1,1,0,0
107,000106.png,data/cogar_sim_500_final/rgb/000106.png,896,4,glass_object,130.0,101.0,70.0,153.0,8611.0,transparent_glass,0,1,1,0,0
107,000106.png,data/cogar_sim_500_final/rgb/000106.png,897,8,cable,470.0,247.0,78.0,114.0,1926.0,transparent_glass,0,1,1,0,0
107,000106.png,data/cogar_sim_500_final/rgb/000106.png,898,2,robot_gripper,323.0,99.0,231.0,88.0,13798.0,transparent_glass,0,1,1,0,0
107,000106.png,data/cogar_sim_500_final/rgb/000106.png,899,2,robot_gripper,462.0,180.0,39.0,83.0,2525.0,transparent_glass,0,1,1,0,0
107,000106.png,data/cogar_sim_500_final/rgb/000106.png,900,2,robot_gripper,373.0,114.0,42.0,164.0,5678.0,transparent_glass,0,1,1,0,0
108,000107.png,data/cogar_sim_500_final/rgb/000107.png,901,1,table,0.0,131.0,640.0,349.0,137793.0,partial_occlusion,1,0,1,1,0
108,000107.png,data/cogar_sim_500_final/rgb/000107.png,902,1,table,0.0,0.0,640.0,168.0,57214.0,partial_occlusion,1,0,1,1,0
108,000107.png,data/cogar_sim_500_final/rgb/000107.png,903,3,metal_part,287.0,109.0,72.0,119.0,5368.0,partial_occlusion,1,0,1,1,0
108,000107.png,data/cogar_sim_500_final/rgb/000107.png,904,8,cable,46.0,135.0,18.0,120.0,1761.0,partial_occlusion,1,0,1,1,0
108,000107.png,data/cogar_sim_500_final/rgb/000107.png,905,6,screw,505.0,313.0,27.0,36.0,679.0,partial_occlusion,1,0,1,1,0
108,000107.png,data/cogar_sim_500_final/rgb/000107.png,906,10,box,477.0,120.0,163.0,201.0,25390.0,partial_occlusion,1,0,1,1,0
108,000107.png,data/cogar_sim_500_final/rgb/000107.png,907,10,box,55.0,152.0,234.0,231.0,39582.0,partial_occlusion,1,0,1,1,0
108,000107.png,data/cogar_sim_500_final/rgb/000107.png,908,2,robot_gripper,183.0,1.0,305.0,143.0,27796.0,partial_occlusion,1,0,1,1,0
108,000107.png,data/cogar_sim_500_final/rgb/000107.png,909,2,robot_gripper,242.0,94.0,61.0,100.0,4495.0,partial_occlusion,1,0,1,1,0
108,000107.png,data/cogar_sim_500_final/rgb/000107.png,910,2,robot_gripper,357.0,3.0,67.0,232.0,7122.0,partial_occlusion,1,0,1,1,0
109,000108.png,data/cogar_sim_500_final/rgb/000108.png,911,1,table,402.0,379.0,238.0,101.0,12126.0,small_parts,0,0,0,1,0
109,000108.png,data/cogar_sim_500_final/rgb/000108.png,912,1,table,0.0,0.0,640.0,480.0,295074.0,small_parts,0,0,0,1,0
110,000109.png,data/cogar_sim_500_final/rgb/000109.png,913,1,table,0.0,14.0,640.0,466.0,206254.0,dynamic_scene,0,1,1,1,1
110,000109.png,data/cogar_sim_500_final/rgb/000109.png,914,1,table,0.0,0.0,232.0,319.0,37931.0,dynamic_scene,0,1,1,1,1
110,000109.png,data/cogar_sim_500_final/rgb/000109.png,915,8,cable,345.0,243.0,39.0,92.0,1558.0,dynamic_scene,0,1,1,1,1
110,000109.png,data/cogar_sim_500_final/rgb/000109.png,916,4,glass_object,74.0,155.0,147.0,179.0,19174.0,dynamic_scene,0,1,1,1,1
110,000109.png,data/cogar_sim_500_final/rgb/000109.png,917,7,connector,324.0,182.0,39.0,46.0,1655.0,dynamic_scene,0,1,1,1,1
110,000109.png,data/cogar_sim_500_final/rgb/000109.png,918,5,plastic_object,268.0,277.0,79.0,57.0,3164.0,dynamic_scene,0,1,1,1,1
110,000109.png,data/cogar_sim_500_final/rgb/000109.png,919,5,plastic_object,263.0,330.0,120.0,126.0,13415.0,dynamic_scene,0,1,1,1,1
110,000109.png,data/cogar_sim_500_final/rgb/000109.png,920,5,plastic_object,216.0,224.0,34.0,51.0,1170.0,dynamic_scene,0,1,1,1,1
110,000109.png,data/cogar_sim_500_final/rgb/000109.png,921,2,robot_gripper,235.0,71.0,95.0,171.0,10846.0,dynamic_scene,0,1,1,1,1
110,000109.png,data/cogar_sim_500_final/rgb/000109.png,922,2,robot_gripper,233.0,145.0,49.0,131.0,1683.0,dynamic_scene,0,1,1,1,1
110,000109.png,data/cogar_sim_500_final/rgb/000109.png,923,2,robot_gripper,254.0,95.0,20.0,42.0,407.0,dynamic_scene,0,1,1,1,1
111,000110.png,data/cogar_sim_500_final/rgb/000110.png,924,1,table,0.0,11.0,640.0,469.0,234394.0,reflective_metal,1,0,0,1,0
111,000110.png,data/cogar_sim_500_final/rgb/000110.png,925,3,metal_part,231.0,236.0,108.0,106.0,7530.0,reflective_metal,1,0,0,1,0
111,000110.png,data/cogar_sim_500_final/rgb/000110.png,926,7,connector,276.0,143.0,34.0,41.0,977.0,reflective_metal,1,0,0,1,0
111,000110.png,data/cogar_sim_500_final/rgb/000110.png,927,3,metal_part,402.0,240.0,51.0,33.0,1258.0,reflective_metal,1,0,0,1,0
111,000110.png,data/cogar_sim_500_final/rgb/000110.png,928,3,metal_part,485.0,239.0,48.0,69.0,2623.0,reflective_metal,1,0,0,1,0
111,000110.png,data/cogar_sim_500_final/rgb/000110.png,929,9,tool,273.0,231.0,213.0,74.0,4642.0,reflective_metal,1,0,0,1,0
111,000110.png,data/cogar_sim_500_final/rgb/000110.png,930,3,metal_part,407.0,192.0,76.0,55.0,3140.0,reflective_metal,1,0,0,1,0
111,000110.png,data/cogar_sim_500_final/rgb/000110.png,931,5,plastic_object,214.0,174.0,74.0,49.0,2809.0,reflective_metal,1,0,0,1,0
111,000110.png,data/cogar_sim_500_final/rgb/000110.png,932,3,metal_part,189.0,95.0,61.0,81.0,3755.0,reflective_metal,1,0,0,1,0
111,000110.png,data/cogar_sim_500_final/rgb/000110.png,933,9,tool,1.0,173.0,266.0,95.0,5594.0,reflective_metal,1,0,0,1,0
112,000111.png,data/cogar_sim_500_final/rgb/000111.png,934,1,table,419.0,264.0,221.0,216.0,23979.0,transparent_glass,0,1,1,0,0
112,000111.png,data/cogar_sim_500_final/rgb/000111.png,935,1,table,0.0,0.0,640.0,480.0,274527.0,transparent_glass,0,1,1,0,0
113,000112.png,data/cogar_sim_500_final/rgb/000112.png,936,1,table,587.0,288.0,53.0,192.0,5106.0,partial_occlusion,1,0,1,1,0
113,000112.png,data/cogar_sim_500_final/rgb/000112.png,937,1,table,0.0,0.0,640.0,480.0,302094.0,partial_occlusion,1,0,1,1,0
114,000113.png,data/cogar_sim_500_final/rgb/000113.png,938,1,table,607.0,457.0,33.0,23.0,399.0,small_parts,1,0,1,1,0
114,000113.png,data/cogar_sim_500_final/rgb/000113.png,939,1,table,0.0,0.0,640.0,480.0,306801.0,small_parts,1,0,1,1,0
115,000114.png,data/cogar_sim_500_final/rgb/000114.png,940,1,table,0.0,0.0,640.0,480.0,272523.0,dynamic_scene,1,0,1,0,1
115,000114.png,data/cogar_sim_500_final/rgb/000114.png,941,10,box,191.0,81.0,119.0,173.0,4424.0,dynamic_scene,1,0,1,0,1
115,000114.png,data/cogar_sim_500_final/rgb/000114.png,942,5,plastic_object,401.0,189.0,64.0,70.0,3546.0,dynamic_scene,1,0,1,0,1
115,000114.png,data/cogar_sim_500_final/rgb/000114.png,943,10,box,222.0,88.0,194.0,196.0,11495.0,dynamic_scene,1,0,1,0,1
115,000114.png,data/cogar_sim_500_final/rgb/000114.png,944,9,tool,147.0,220.0,73.0,76.0,2099.0,dynamic_scene,1,0,1,0,1
115,000114.png,data/cogar_sim_500_final/rgb/000114.png,945,2,robot_gripper,203.0,71.0,192.0,211.0,10857.0,dynamic_scene,1,0,1,0,1
115,000114.png,data/cogar_sim_500_final/rgb/000114.png,946,2,robot_gripper,302.0,197.0,49.0,48.0,1215.0,dynamic_scene,1,0,1,0,1
115,000114.png,data/cogar_sim_500_final/rgb/000114.png,947,2,robot_gripper,223.0,152.0,45.0,45.0,1041.0,dynamic_scene,1,0,1,0,1
116,000115.png,data/cogar_sim_500_final/rgb/000115.png,948,1,table,0.0,0.0,640.0,480.0,307200.0,reflective_metal,1,0,1,1,0
117,000116.png,data/cogar_sim_500_final/rgb/000116.png,949,1,table,0.0,0.0,640.0,480.0,307200.0,transparent_glass,0,1,1,1,0
118,000117.png,data/cogar_sim_500_final/rgb/000117.png,950,1,table,0.0,0.0,640.0,480.0,278514.0,partial_occlusion,1,0,1,1,0
118,000117.png,data/cogar_sim_500_final/rgb/000117.png,951,3,metal_part,407.0,123.0,50.0,65.0,2466.0,partial_occlusion,1,0,1,1,0
118,000117.png,data/cogar_sim_500_final/rgb/000117.png,952,5,plastic_object,359.0,313.0,65.0,108.0,5815.0,partial_occlusion,1,0,1,1,0
118,000117.png,data/cogar_sim_500_final/rgb/000117.png,953,6,screw,421.0,403.0,29.0,26.0,460.0,partial_occlusion,1,0,1,1,0
118,000117.png,data/cogar_sim_500_final/rgb/000117.png,954,2,robot_gripper,229.0,52.0,110.0,224.0,11725.0,partial_occlusion,1,0,1,1,0
118,000117.png,data/cogar_sim_500_final/rgb/000117.png,955,2,robot_gripper,298.0,84.0,41.0,156.0,2707.0,partial_occlusion,1,0,1,1,0
118,000117.png,data/cogar_sim_500_final/rgb/000117.png,956,2,robot_gripper,286.0,149.0,41.0,135.0,3645.0,partial_occlusion,1,0,1,1,0
119,000118.png,data/cogar_sim_500_final/rgb/000118.png,957,1,table,0.0,72.0,640.0,408.0,197601.0,small_parts,1,0,0,1,0
119,000118.png,data/cogar_sim_500_final/rgb/000118.png,958,1,table,0.0,0.0,640.0,198.0,86280.0,small_parts,1,0,0,1,0
119,000118.png,data/cogar_sim_500_final/rgb/000118.png,959,6,screw,460.0,333.0,36.0,15.0,82.0,small_parts,1,0,0,1,0
119,000118.png,data/cogar_sim_500_final/rgb/000118.png,960,6,screw,560.0,262.0,36.0,20.0,609.0,small_parts,1,0,0,1,0
119,000118.png,data/cogar_sim_500_final/rgb/000118.png,961,3,metal_part,319.0,181.0,63.0,50.0,2424.0,small_parts,1,0,0,1,0
119,000118.png,data/cogar_sim_500_final/rgb/000118.png,962,7,connector,458.0,329.0,121.0,91.0,5848.0,small_parts,1,0,0,1,0
119,000118.png,data/cogar_sim_500_final/rgb/000118.png,963,3,metal_part,171.0,174.0,127.0,131.0,13093.0,small_parts,1,0,0,1,0
119,000118.png,data/cogar_sim_500_final/rgb/000118.png,964,7,connector,619.0,233.0,21.0,40.0,559.0,small_parts,1,0,0,1,0
119,000118.png,data/cogar_sim_500_final/rgb/000118.png,965,6,screw,330.0,178.0,20.0,11.0,88.0,small_parts,1,0,0,1,0
119,000118.png,data/cogar_sim_500_final/rgb/000118.png,966,6,screw,29.0,219.0,23.0,32.0,616.0,small_parts,1,0,0,1,0
120,000119.png,data/cogar_sim_500_final/rgb/000119.png,967,1,table,0.0,0.0,640.0,480.0,238264.0,dynamic_scene,1,0,1,0,1
120,000119.png,data/cogar_sim_500_final/rgb/000119.png,968,1,table,0.0,0.0,243.0,160.0,19597.0,dynamic_scene,1,0,1,0,1
120,000119.png,data/cogar_sim_500_final/rgb/000119.png,969,3,metal_part,470.0,270.0,105.0,76.0,5107.0,dynamic_scene,1,0,1,0,1
120,000119.png,data/cogar_sim_500_final/rgb/000119.png,970,9,tool,230.0,258.0,162.0,222.0,8509.0,dynamic_scene,1,0,1,0,1
120,000119.png,data/cogar_sim_500_final/rgb/000119.png,971,8,cable,422.0,90.0,98.0,277.0,4419.0,dynamic_scene,1,0,1,0,1
120,000119.png,data/cogar_sim_500_final/rgb/000119.png,972,5,plastic_object,23.0,235.0,85.0,80.0,4731.0,dynamic_scene,1,0,1,0,1
120,000119.png,data/cogar_sim_500_final/rgb/000119.png,973,5,plastic_object,217.0,110.0,63.0,87.0,3146.0,dynamic_scene,1,0,1,0,1
120,000119.png,data/cogar_sim_500_final/rgb/000119.png,974,2,robot_gripper,57.0,138.0,312.0,206.0,20390.0,dynamic_scene,1,0,1,0,1
120,000119.png,data/cogar_sim_500_final/rgb/000119.png,975,2,robot_gripper,116.0,217.0,62.0,63.0,2240.0,dynamic_scene,1,0,1,0,1
120,000119.png,data/cogar_sim_500_final/rgb/000119.png,976,2,robot_gripper,221.0,160.0,42.0,36.0,797.0,dynamic_scene,1,0,1,0,1
121,000120.png,data/cogar_sim_500_final/rgb/000120.png,977,1,table,0.0,170.0,640.0,310.0,158891.0,reflective_metal,1,0,1,1,0
121,000120.png,data/cogar_sim_500_final/rgb/000120.png,978,1,table,0.0,0.0,640.0,223.0,117735.0,reflective_metal,1,0,1,1,0
121,000120.png,data/cogar_sim_500_final/rgb/000120.png,979,6,screw,261.0,361.0,15.0,18.0,79.0,reflective_metal,1,0,1,1,0
121,000120.png,data/cogar_sim_500_final/rgb/000120.png,980,8,cable,0.0,230.0,267.0,46.0,2229.0,reflective_metal,1,0,1,1,0
121,000120.png,data/cogar_sim_500_final/rgb/000120.png,981,3,metal_part,351.0,201.0,62.0,53.0,1445.0,reflective_metal,1,0,1,1,0
121,000120.png,data/cogar_sim_500_final/rgb/000120.png,982,3,metal_part,159.0,190.0,33.0,62.0,1538.0,reflective_metal,1,0,1,1,0
121,000120.png,data/cogar_sim_500_final/rgb/000120.png,983,3,metal_part,272.0,300.0,63.0,69.0,3489.0,reflective_metal,1,0,1,1,0
121,000120.png,data/cogar_sim_500_final/rgb/000120.png,984,9,tool,32.0,344.0,241.0,33.0,6851.0,reflective_metal,1,0,1,1,0
121,000120.png,data/cogar_sim_500_final/rgb/000120.png,985,9,tool,397.0,200.0,130.0,41.0,3077.0,reflective_metal,1,0,1,1,0
121,000120.png,data/cogar_sim_500_final/rgb/000120.png,986,2,robot_gripper,267.0,147.0,163.0,61.0,8136.0,reflective_metal,1,0,1,1,0
121,000120.png,data/cogar_sim_500_final/rgb/000120.png,987,2,robot_gripper,297.0,140.0,26.0,123.0,1859.0,reflective_metal,1,0,1,1,0
121,000120.png,data/cogar_sim_500_final/rgb/000120.png,988,2,robot_gripper,362.0,135.0,30.0,122.0,1871.0,reflective_metal,1,0,1,1,0
122,000121.png,data/cogar_sim_500_final/rgb/000121.png,989,1,table,0.0,55.0,640.0,425.0,208990.0,transparent_glass,1,1,1,1,0
122,000121.png,data/cogar_sim_500_final/rgb/000121.png,990,4,glass_object,252.0,82.0,97.0,152.0,3640.0,transparent_glass,1,1,1,1,0
122,000121.png,data/cogar_sim_500_final/rgb/000121.png,991,3,metal_part,374.0,139.0,56.0,140.0,4431.0,transparent_glass,1,1,1,1,0
122,000121.png,data/cogar_sim_500_final/rgb/000121.png,992,7,connector,531.0,224.0,58.0,63.0,2280.0,transparent_glass,1,1,1,1,0
122,000121.png,data/cogar_sim_500_final/rgb/000121.png,993,2,robot_gripper,125.0,83.0,257.0,113.0,15931.0,transparent_glass,1,1,1,1,0
122,000121.png,data/cogar_sim_500_final/rgb/000121.png,994,2,robot_gripper,251.0,141.0,52.0,127.0,5512.0,transparent_glass,1,1,1,1,0
122,000121.png,data/cogar_sim_500_final/rgb/000121.png,995,2,robot_gripper,169.0,122.0,56.0,126.0,5209.0,transparent_glass,1,1,1,1,0
123,000122.png,data/cogar_sim_500_final/rgb/000122.png,996,1,table,0.0,137.0,640.0,343.0,166599.0,partial_occlusion,0,0,1,1,0
123,000122.png,data/cogar_sim_500_final/rgb/000122.png,997,1,table,0.0,0.0,640.0,185.0,93734.0,partial_occlusion,0,0,1,1,0
123,000122.png,data/cogar_sim_500_final/rgb/000122.png,998,5,plastic_object,202.0,298.0,80.0,72.0,4813.0,partial_occlusion,0,0,1,1,0
123,000122.png,data/cogar_sim_500_final/rgb/000122.png,999,5,plastic_object,336.0,243.0,48.0,60.0,2534.0,partial_occlusion,0,0,1,1,0
123,000122.png,data/cogar_sim_500_final/rgb/000122.png,1000,6,screw,400.0,326.0,26.0,26.0,396.0,partial_occlusion,0,0,1,1,0
123,000122.png,data/cogar_sim_500_final/rgb/000122.png,1001,5,plastic_object,524.0,259.0,111.0,101.0,8428.0,partial_occlusion,0,0,1,1,0
123,000122.png,data/cogar_sim_500_final/rgb/000122.png,1002,8,cable,22.0,273.0,230.0,114.0,2883.0,partial_occlusion,0,0,1,1,0
123,000122.png,data/cogar_sim_500_final/rgb/000122.png,1003,8,cable,390.0,220.0,250.0,110.0,1565.0,partial_occlusion,0,0,1,1,0
123,000122.png,data/cogar_sim_500_final/rgb/000122.png,1004,5,plastic_object,485.0,189.0,96.0,86.0,5792.0,partial_occlusion,0,0,1,1,0
123,000122.png,data/cogar_sim_500_final/rgb/000122.png,1005,2,robot_gripper,145.0,106.0,258.0,118.0,16260.0,partial_occlusion,0,0,1,1,0
123,000122.png,data/cogar_sim_500_final/rgb/000122.png,1006,2,robot_gripper,216.0,118.0,43.0,143.0,2470.0,partial_occlusion,0,0,1,1,0
123,000122.png,data/cogar_sim_500_final/rgb/000122.png,1007,2,robot_gripper,299.0,181.0,36.0,57.0,1726.0,partial_occlusion,0,0,1,1,0
124,000123.png,data/cogar_sim_500_final/rgb/000123.png,1008,1,table,0.0,0.0,640.0,480.0,269177.0,small_parts,1,0,1,1,0
124,000123.png,data/cogar_sim_500_final/rgb/000123.png,1009,7,connector,216.0,156.0,13.0,22.0,173.0,small_parts,1,0,1,1,0
124,000123.png,data/cogar_sim_500_final/rgb/000123.png,1010,6,screw,215.0,215.0,14.0,23.0,216.0,small_parts,1,0,1,1,0
124,000123.png,data/cogar_sim_500_final/rgb/000123.png,1011,6,screw,77.0,329.0,17.0,14.0,219.0,small_parts,1,0,1,1,0
124,000123.png,data/cogar_sim_500_final/rgb/000123.png,1012,3,metal_part,346.0,213.0,69.0,44.0,2391.0,small_parts,1,0,1,1,0
124,000123.png,data/cogar_sim_500_final/rgb/000123.png,1013,2,robot_gripper,227.0,34.0,93.0,185.0,10073.0,small_parts,1,0,1,1,0
124,000123.png,data/cogar_sim_500_final/rgb/000123.png,1014,2,robot_gripper,293.0,53.0,40.0,169.0,4422.0,small_parts,1,0,1,1,0
124,000123.png,data/cogar_sim_500_final/rgb/000123.png,1015,2,robot_gripper,269.0,122.0,41.0,117.0,2212.0,small_parts,1,0,1,1,0
125,000124.png,data/cogar_sim_500_final/rgb/000124.png,1016,1,table,0.0,0.0,640.0,480.0,229592.0,dynamic_scene,0,0,1,1,1
125,000124.png,data/cogar_sim_500_final/rgb/000124.png,1017,1,table,285.0,0.0,355.0,245.0,43620.0,dynamic_scene,0,0,1,1,1
125,000124.png,data/cogar_sim_500_final/rgb/000124.png,1018,7,connector,154.0,121.0,49.0,37.0,1061.0,dynamic_scene,0,0,1,1,1
125,000124.png,data/cogar_sim_500_final/rgb/000124.png,1019,5,plastic_object,379.0,298.0,65.0,65.0,3321.0,dynamic_scene,0,0,1,1,1
125,000124.png,data/cogar_sim_500_final/rgb/000124.png,1020,5,plastic_object,258.0,70.0,44.0,31.0,736.0,dynamic_scene,0,0,1,1,1
125,000124.png,data/cogar_sim_500_final/rgb/000124.png,1021,7,connector,301.0,368.0,90.0,96.0,4797.0,dynamic_scene,0,0,1,1,1
125,000124.png,data/cogar_sim_500_final/rgb/000124.png,1022,2,robot_gripper,135.0,43.0,270.0,178.0,20836.0,dynamic_scene,0,0,1,1,1
125,000124.png,data/cogar_sim_500_final/rgb/000124.png,1023,2,robot_gripper,237.0,78.0,42.0,113.0,870.0,dynamic_scene,0,0,1,1,1
125,000124.png,data/cogar_sim_500_final/rgb/000124.png,1024,2,robot_gripper,285.0,178.0,47.0,72.0,2367.0,dynamic_scene,0,0,1,1,1
126,000125.png,data/cogar_sim_500_final/rgb/000125.png,1025,1,table,0.0,0.0,640.0,480.0,307200.0,reflective_metal,1,0,0,0,0
127,000126.png,data/cogar_sim_500_final/rgb/000126.png,1026,1,table,0.0,64.0,640.0,416.0,215584.0,transparent_glass,1,1,1,0,0
127,000126.png,data/cogar_sim_500_final/rgb/000126.png,1027,8,cable,19.0,241.0,174.0,19.0,1859.0,transparent_glass,1,1,1,0,0
127,000126.png,data/cogar_sim_500_final/rgb/000126.png,1028,4,glass_object,371.0,200.0,74.0,118.0,5990.0,transparent_glass,1,1,1,0,0
127,000126.png,data/cogar_sim_500_final/rgb/000126.png,1029,4,glass_object,360.0,135.0,52.0,58.0,2475.0,transparent_glass,1,1,1,0,0
127,000126.png,data/cogar_sim_500_final/rgb/000126.png,1030,3,metal_part,188.0,193.0,44.0,45.0,1468.0,transparent_glass,1,1,1,0,0
127,000126.png,data/cogar_sim_500_final/rgb/000126.png,1031,2,robot_gripper,181.0,119.0,231.0,133.0,12884.0,transparent_glass,1,1,1,0,0
127,000126.png,data/cogar_sim_500_final/rgb/000126.png,1032,2,robot_gripper,303.0,218.0,38.0,68.0,1994.0,transparent_glass,1,1,1,0,0
127,000126.png,data/cogar_sim_500_final/rgb/000126.png,1033,2,robot_gripper,229.0,164.0,42.0,109.0,3685.0,transparent_glass,1,1,1,0,0
128,000127.png,data/cogar_sim_500_final/rgb/000127.png,1034,1,table,0.0,21.0,640.0,459.0,191498.0,partial_occlusion,1,0,1,1,0
128,000127.png,data/cogar_sim_500_final/rgb/000127.png,1035,7,connector,292.0,163.0,47.0,21.0,691.0,partial_occlusion,1,0,1,1,0
128,000127.png,data/cogar_sim_500_final/rgb/000127.png,1036,8,cable,59.0,170.0,185.0,85.0,1220.0,partial_occlusion,1,0,1,1,0
128,000127.png,data/cogar_sim_500_final/rgb/000127.png,1037,3,metal_part,142.0,179.0,71.0,110.0,5924.0,partial_occlusion,1,0,1,1,0
128,000127.png,data/cogar_sim_500_final/rgb/000127.png,1038,3,metal_part,300.0,181.0,54.0,47.0,1475.0,partial_occlusion,1,0,1,1,0
128,000127.png,data/cogar_sim_500_final/rgb/000127.png,1039,8,cable,397.0,251.0,40.0,219.0,3378.0,partial_occlusion,1,0,1,1,0
128,000127.png,data/cogar_sim_500_final/rgb/000127.png,1040,10,box,210.0,212.0,208.0,189.0,26380.0,partial_occlusion,1,0,1,1,0
128,000127.png,data/cogar_sim_500_final/rgb/000127.png,1041,10,box,491.0,249.0,149.0,186.0,23233.0,partial_occlusion,1,0,1,1,0
128,000127.png,data/cogar_sim_500_final/rgb/000127.png,1042,2,robot_gripper,290.0,90.0,174.0,158.0,12201.0,partial_occlusion,1,0,1,1,0
128,000127.png,data/cogar_sim_500_final/rgb/000127.png,1043,2,robot_gripper,348.0,100.0,43.0,137.0,1847.0,partial_occlusion,1,0,1,1,0
128,000127.png,data/cogar_sim_500_final/rgb/000127.png,1044,2,robot_gripper,377.0,139.0,49.0,132.0,1502.0,partial_occlusion,1,0,1,1,0
129,000128.png,data/cogar_sim_500_final/rgb/000128.png,1045,1,table,0.0,0.0,640.0,480.0,228802.0,small_parts,1,0,0,1,0
129,000128.png,data/cogar_sim_500_final/rgb/000128.png,1046,1,table,0.0,0.0,132.0,426.0,28331.0,small_parts,1,0,0,1,0
129,000128.png,data/cogar_sim_500_final/rgb/000128.png,1047,6,screw,401.0,327.0,17.0,22.0,324.0,small_parts,1,0,0,1,0
129,000128.png,data/cogar_sim_500_final/rgb/000128.png,1048,3,metal_part,324.0,237.0,87.0,82.0,4459.0,small_parts,1,0,0,1,0
129,000128.png,data/cogar_sim_500_final/rgb/000128.png,1049,7,connector,322.0,334.0,72.0,78.0,2319.0,small_parts,1,0,0,1,0
129,000128.png,data/cogar_sim_500_final/rgb/000128.png,1050,5,plastic_object,270.0,378.0,60.0,71.0,3233.0,small_parts,1,0,0,1,0
129,000128.png,data/cogar_sim_500_final/rgb/000128.png,1051,7,connector,117.0,212.0,59.0,31.0,1766.0,small_parts,1,0,0,1,0
129,000128.png,data/cogar_sim_500_final/rgb/000128.png,1052,10,box,272.0,0.0,141.0,118.0,12708.0,small_parts,1,0,0,1,0
129,000128.png,data/cogar_sim_500_final/rgb/000128.png,1053,7,connector,280.0,113.0,60.0,58.0,1744.0,small_parts,1,0,0,1,0
129,000128.png,data/cogar_sim_500_final/rgb/000128.png,1054,5,plastic_object,193.0,429.0,77.0,51.0,2691.0,small_parts,1,0,0,1,0
129,000128.png,data/cogar_sim_500_final/rgb/000128.png,1055,5,plastic_object,153.0,309.0,64.0,70.0,2818.0,small_parts,1,0,0,1,0
129,000128.png,data/cogar_sim_500_final/rgb/000128.png,1056,10,box,22.0,338.0,212.0,142.0,18005.0,small_parts,1,0,0,1,0
130,000129.png,data/cogar_sim_500_final/rgb/000129.png,1057,1,table,0.0,0.0,629.0,480.0,212800.0,dynamic_scene,1,0,1,0,1
130,000129.png,data/cogar_sim_500_final/rgb/000129.png,1058,1,table,517.0,0.0,123.0,480.0,32230.0,dynamic_scene,1,0,1,0,1
130,000129.png,data/cogar_sim_500_final/rgb/000129.png,1059,3,metal_part,213.0,140.0,82.0,121.0,5415.0,dynamic_scene,1,0,1,0,1
130,000129.png,data/cogar_sim_500_final/rgb/000129.png,1060,10,box,65.0,244.0,226.0,230.0,31087.0,dynamic_scene,1,0,1,0,1
130,000129.png,data/cogar_sim_500_final/rgb/000129.png,1061,5,plastic_object,444.0,141.0,45.0,62.0,2189.0,dynamic_scene,1,0,1,0,1
130,000129.png,data/cogar_sim_500_final/rgb/000129.png,1062,2,robot_gripper,219.0,48.0,186.0,274.0,19044.0,dynamic_scene,1,0,1,0,1
130,000129.png,data/cogar_sim_500_final/rgb/000129.png,1063,2,robot_gripper,314.0,112.0,38.0,64.0,1202.0,dynamic_scene,1,0,1,0,1
130,000129.png,data/cogar_sim_500_final/rgb/000129.png,1064,2,robot_gripper,298.0,159.0,56.0,163.0,3233.0,dynamic_scene,1,0,1,0,1
131,000130.png,data/cogar_sim_500_final/rgb/000130.png,1065,1,table,0.0,258.0,62.0,222.0,3519.0,reflective_metal,1,0,1,1,0
131,000130.png,data/cogar_sim_500_final/rgb/000130.png,1066,1,table,0.0,0.0,640.0,480.0,303681.0,reflective_metal,1,0,1,1,0
132,000131.png,data/cogar_sim_500_final/rgb/000131.png,1067,1,table,0.0,64.0,640.0,416.0,188610.0,transparent_glass,1,1,1,1,0
132,000131.png,data/cogar_sim_500_final/rgb/000131.png,1068,1,table,0.0,0.0,353.0,356.0,74004.0,transparent_glass,1,1,1,1,0
132,000131.png,data/cogar_sim_500_final/rgb/000131.png,1069,3,metal_part,276.0,133.0,33.0,61.0,896.0,transparent_glass,1,1,1,1,0
132,000131.png,data/cogar_sim_500_final/rgb/000131.png,1070,7,connector,235.0,241.0,55.0,32.0,1289.0,transparent_glass,1,1,1,1,0
132,000131.png,data/cogar_sim_500_final/rgb/000131.png,1071,10,box,317.0,180.0,110.0,97.0,5680.0,transparent_glass,1,1,1,1,0
132,000131.png,data/cogar_sim_500_final/rgb/000131.png,1072,4,glass_object,362.0,132.0,50.0,76.0,3267.0,transparent_glass,1,1,1,1,0
132,000131.png,data/cogar_sim_500_final/rgb/000131.png,1073,2,robot_gripper,287.0,96.0,85.0,144.0,7606.0,transparent_glass,1,1,1,1,0
132,000131.png,data/cogar_sim_500_final/rgb/000131.png,1074,2,robot_gripper,283.0,162.0,37.0,95.0,1108.0,transparent_glass,1,1,1,1,0
132,000131.png,data/cogar_sim_500_final/rgb/000131.png,1075,2,robot_gripper,315.0,123.0,34.0,109.0,210.0,transparent_glass,1,1,1,1,0
133,000132.png,data/cogar_sim_500_final/rgb/000132.png,1076,1,table,0.0,5.0,640.0,475.0,217199.0,partial_occlusion,1,0,1,1,0
133,000132.png,data/cogar_sim_500_final/rgb/000132.png,1077,3,metal_part,303.0,213.0,48.0,53.0,1312.0,partial_occlusion,1,0,1,1,0
133,000132.png,data/cogar_sim_500_final/rgb/000132.png,1078,9,tool,313.0,290.0,155.0,94.0,4436.0,partial_occlusion,1,0,1,1,0
133,000132.png,data/cogar_sim_500_final/rgb/000132.png,1079,10,box,105.0,280.0,155.0,110.0,15393.0,partial_occlusion,1,0,1,1,0
133,000132.png,data/cogar_sim_500_final/rgb/000132.png,1080,7,connector,327.0,261.0,60.0,34.0,1474.0,partial_occlusion,1,0,1,1,0
133,000132.png,data/cogar_sim_500_final/rgb/000132.png,1081,5,plastic_object,344.0,193.0,57.0,75.0,3392.0,partial_occlusion,1,0,1,1,0
133,000132.png,data/cogar_sim_500_final/rgb/000132.png,1082,10,box,203.0,227.0,124.0,110.0,8140.0,partial_occlusion,1,0,1,1,0
133,000132.png,data/cogar_sim_500_final/rgb/000132.png,1083,7,connector,295.0,198.0,17.0,36.0,230.0,partial_occlusion,1,0,1,1,0
133,000132.png,data/cogar_sim_500_final/rgb/000132.png,1084,8,cable,76.0,331.0,320.0,21.0,1870.0,partial_occlusion,1,0,1,1,0
133,000132.png,data/cogar_sim_500_final/rgb/000132.png,1085,7,connector,283.0,323.0,36.0,61.0,1949.0,partial_occlusion,1,0,1,1,0
133,000132.png,data/cogar_sim_500_final/rgb/000132.png,1086,2,robot_gripper,226.0,110.0,108.0,126.0,5959.0,partial_occlusion,1,0,1,1,0
133,000132.png,data/cogar_sim_500_final/rgb/000132.png,1087,2,robot_gripper,300.0,133.0,35.0,103.0,2424.0,partial_occlusion,1,0,1,1,0
133,000132.png,data/cogar_sim_500_final/rgb/000132.png,1088,2,robot_gripper,271.0,171.0,24.0,64.0,890.0,partial_occlusion,1,0,1,1,0
134,000133.png,data/cogar_sim_500_final/rgb/000133.png,1089,1,table,0.0,26.0,640.0,454.0,246105.0,small_parts,0,0,0,1,0
134,000133.png,data/cogar_sim_500_final/rgb/000133.png,1090,7,connector,231.0,216.0,54.0,46.0,680.0,small_parts,0,0,0,1,0
134,000133.png,data/cogar_sim_500_final/rgb/000133.png,1091,7,connector,446.0,337.0,43.0,60.0,1545.0,small_parts,0,0,0,1,0
134,000133.png,data/cogar_sim_500_final/rgb/000133.png,1092,7,connector,220.0,276.0,62.0,78.0,3135.0,small_parts,0,0,0,1,0
134,000133.png,data/cogar_sim_500_final/rgb/000133.png,1093,7,connector,210.0,202.0,29.0,34.0,590.0,small_parts,0,0,0,1,0
134,000133.png,data/cogar_sim_500_final/rgb/000133.png,1094,6,screw,77.0,246.0,17.0,19.0,280.0,small_parts,0,0,0,1,0
134,000133.png,data/cogar_sim_500_final/rgb/000133.png,1095,6,screw,162.0,265.0,14.0,18.0,195.0,small_parts,0,0,0,1,0
134,000133.png,data/cogar_sim_500_final/rgb/000133.png,1096,6,screw,171.0,298.0,15.0,19.0,159.0,small_parts,0,0,0,1,0
134,000133.png,data/cogar_sim_500_final/rgb/000133.png,1097,7,connector,245.0,229.0,52.0,47.0,1419.0,small_parts,0,0,0,1,0
134,000133.png,data/cogar_sim_500_final/rgb/000133.png,1098,8,cable,102.0,219.0,104.0,126.0,1537.0,small_parts,0,0,0,1,0
134,000133.png,data/cogar_sim_500_final/rgb/000133.png,1099,6,screw,352.0,204.0,17.0,16.0,217.0,small_parts,0,0,0,1,0
134,000133.png,data/cogar_sim_500_final/rgb/000133.png,1100,6,screw,145.0,195.0,23.0,13.0,220.0,small_parts,0,0,0,1,0
134,000133.png,data/cogar_sim_500_final/rgb/000133.png,1101,6,screw,283.0,333.0,26.0,18.0,287.0,small_parts,0,0,0,1,0
134,000133.png,data/cogar_sim_500_final/rgb/000133.png,1102,6,screw,494.0,268.0,19.0,22.0,301.0,small_parts,0,0,0,1,0
134,000133.png,data/cogar_sim_500_final/rgb/000133.png,1103,6,screw,171.0,244.0,12.0,20.0,128.0,small_parts,0,0,0,1,0
134,000133.png,data/cogar_sim_500_final/rgb/000133.png,1104,6,screw,464.0,220.0,13.0,15.0,135.0,small_parts,0,0,0,1,0
134,000133.png,data/cogar_sim_500_final/rgb/000133.png,1105,5,plastic_object,231.0,171.0,56.0,62.0,2749.0,small_parts,0,0,0,1,0
135,000134.png,data/cogar_sim_500_final/rgb/000134.png,1106,1,table,0.0,9.0,640.0,471.0,232396.0,dynamic_scene,0,0,1,0,1
135,000134.png,data/cogar_sim_500_final/rgb/000134.png,1107,5,plastic_object,224.0,181.0,38.0,67.0,1879.0,dynamic_scene,0,0,1,0,1
135,000134.png,data/cogar_sim_500_final/rgb/000134.png,1108,10,box,417.0,191.0,97.0,124.0,10712.0,dynamic_scene,0,0,1,0,1
135,000134.png,data/cogar_sim_500_final/rgb/000134.png,1109,10,box,241.0,156.0,78.0,72.0,1533.0,dynamic_scene,0,0,1,0,1
135,000134.png,data/cogar_sim_500_final/rgb/000134.png,1110,8,cable,270.0,286.0,153.0,94.0,1840.0,dynamic_scene,0,0,1,0,1
135,000134.png,data/cogar_sim_500_final/rgb/000134.png,1111,2,robot_gripper,210.0,89.0,154.0,94.0,6265.0,dynamic_scene,0,0,1,0,1
135,000134.png,data/cogar_sim_500_final/rgb/000134.png,1112,2,robot_gripper,309.0,116.0,35.0,96.0,2618.0,dynamic_scene,0,0,1,0,1
135,000134.png,data/cogar_sim_500_final/rgb/000134.png,1113,2,robot_gripper,253.0,119.0,38.0,126.0,3717.0,dynamic_scene,0,0,1,0,1
136,000135.png,data/cogar_sim_500_final/rgb/000135.png,1114,1,table,0.0,14.0,640.0,466.0,193614.0,reflective_metal,1,0,1,1,0
136,000135.png,data/cogar_sim_500_final/rgb/000135.png,1115,1,table,0.0,0.0,386.0,248.0,40413.0,reflective_metal,1,0,1,1,0
136,000135.png,data/cogar_sim_500_final/rgb/000135.png,1116,3,metal_part,0.0,248.0,102.0,98.0,7028.0,reflective_metal,1,0,1,1,0
136,000135.png,data/cogar_sim_500_final/rgb/000135.png,1117,5,plastic_object,21.0,227.0,62.0,46.0,1788.0,reflective_metal,1,0,1,1,0
136,000135.png,data/cogar_sim_500_final/rgb/000135.png,1118,3,metal_part,0.0,282.0,85.0,82.0,1853.0,reflective_metal,1,0,1,1,0
136,000135.png,data/cogar_sim_500_final/rgb/000135.png,1119,5,plastic_object,322.0,335.0,126.0,105.0,10813.0,reflective_metal,1,0,1,1,0
136,000135.png,data/cogar_sim_500_final/rgb/000135.png,1120,7,connector,177.0,213.0,43.0,61.0,2031.0,reflective_metal,1,0,1,1,0
136,000135.png,data/cogar_sim_500_final/rgb/000135.png,1121,7,connector,393.0,262.0,54.0,79.0,3171.0,reflective_metal,1,0,1,1,0
136,000135.png,data/cogar_sim_500_final/rgb/000135.png,1122,9,tool,415.0,145.0,159.0,36.0,4865.0,reflective_metal,1,0,1,1,0
136,000135.png,data/cogar_sim_500_final/rgb/000135.png,1123,2,robot_gripper,142.0,11.0,252.0,185.0,22499.0,reflective_metal,1,0,1,1,0
136,000135.png,data/cogar_sim_500_final/rgb/000135.png,1124,2,robot_gripper,203.0,46.0,67.0,218.0,6430.0,reflective_metal,1,0,1,1,0
136,000135.png,data/cogar_sim_500_final/rgb/000135.png,1125,2,robot_gripper,262.0,20.0,55.0,198.0,4925.0,reflective_metal,1,0,1,1,0
137,000136.png,data/cogar_sim_500_final/rgb/000136.png,1126,1,table,0.0,8.0,640.0,472.0,197672.0,transparent_glass,0,1,0,0,0
137,000136.png,data/cogar_sim_500_final/rgb/000136.png,1127,4,glass_object,300.0,85.0,86.0,136.0,5226.0,transparent_glass,0,1,0,0,0
137,000136.png,data/cogar_sim_500_final/rgb/000136.png,1128,4,glass_object,244.0,91.0,108.0,147.0,13736.0,transparent_glass,0,1,0,0,0
137,000136.png,data/cogar_sim_500_final/rgb/000136.png,1129,4,glass_object,218.0,51.0,38.0,8.0,115.0,transparent_glass,0,1,0,0,0
137,000136.png,data/cogar_sim_500_final/rgb/000136.png,1130,8,cable,287.0,261.0,298.0,141.0,4361.0,transparent_glass,0,1,0,0,0
137,000136.png,data/cogar_sim_500_final/rgb/000136.png,1131,4,glass_object,165.0,49.0,103.0,139.0,10383.0,transparent_glass,0,1,0,0,0
137,000136.png,data/cogar_sim_500_final/rgb/000136.png,1132,4,glass_object,29.0,145.0,108.0,118.0,10674.0,transparent_glass,0,1,0,0,0
137,000136.png,data/cogar_sim_500_final/rgb/000136.png,1133,4,glass_object,569.0,113.0,71.0,176.0,9171.0,transparent_glass,0,1,0,0,0
137,000136.png,data/cogar_sim_500_final/rgb/000136.png,1134,4,glass_object,381.0,91.0,28.0,107.0,2339.0,transparent_glass,0,1,0,0,0
137,000136.png,data/cogar_sim_500_final/rgb/000136.png,1135,4,glass_object,412.0,170.0,99.0,220.0,17452.0,transparent_glass,0,1,0,0,0
138,000137.png,data/cogar_sim_500_final/rgb/000137.png,1136,1,table,0.0,0.0,592.0,480.0,194780.0,partial_occlusion,1,1,1,0,0
138,000137.png,data/cogar_sim_500_final/rgb/000137.png,1137,1,table,545.0,0.0,95.0,480.0,34265.0,partial_occlusion,1,1,1,0,0
138,000137.png,data/cogar_sim_500_final/rgb/000137.png,1138,8,cable,140.0,383.0,374.0,39.0,5476.0,partial_occlusion,1,1,1,0,0
138,000137.png,data/cogar_sim_500_final/rgb/000137.png,1139,5,plastic_object,42.0,274.0,122.0,122.0,9362.0,partial_occlusion,1,1,1,0,0
138,000137.png,data/cogar_sim_500_final/rgb/000137.png,1140,3,metal_part,216.0,207.0,54.0,56.0,2182.0,partial_occlusion,1,1,1,0,0
138,000137.png,data/cogar_sim_500_final/rgb/000137.png,1141,10,box,377.0,74.0,139.0,157.0,15107.0,partial_occlusion,1,1,1,0,0
138,000137.png,data/cogar_sim_500_final/rgb/000137.png,1142,10,box,268.0,168.0,196.0,182.0,22999.0,partial_occlusion,1,1,1,0,0
138,000137.png,data/cogar_sim_500_final/rgb/000137.png,1143,8,cable,178.0,181.0,121.0,135.0,1005.0,partial_occlusion,1,1,1,0,0
138,000137.png,data/cogar_sim_500_final/rgb/000137.png,1144,4,glass_object,210.0,73.0,71.0,158.0,8728.0,partial_occlusion,1,1,1,0,0
138,000137.png,data/cogar_sim_500_final/rgb/000137.png,1145,2,robot_gripper,299.0,61.0,64.0,147.0,6466.0,partial_occlusion,1,1,1,0,0
138,000137.png,data/cogar_sim_500_final/rgb/000137.png,1146,2,robot_gripper,342.0,75.0,39.0,97.0,1515.0,partial_occlusion,1,1,1,0,0
138,000137.png,data/cogar_sim_500_final/rgb/000137.png,1147,2,robot_gripper,327.0,108.0,43.0,105.0,2275.0,partial_occlusion,1,1,1,0,0
139,000138.png,data/cogar_sim_500_final/rgb/000138.png,1148,1,table,0.0,0.0,640.0,480.0,253113.0,small_parts,0,0,1,1,0
139,000138.png,data/cogar_sim_500_final/rgb/000138.png,1149,1,table,0.0,0.0,67.0,25.0,851.0,small_parts,0,0,1,1,0
139,000138.png,data/cogar_sim_500_final/rgb/000138.png,1150,5,plastic_object,327.0,343.0,77.0,79.0,4747.0,small_parts,0,0,1,1,0
139,000138.png,data/cogar_sim_500_final/rgb/000138.png,1151,7,connector,459.0,169.0,68.0,62.0,2139.0,small_parts,0,0,1,1,0
139,000138.png,data/cogar_sim_500_final/rgb/000138.png,1152,5,plastic_object,251.0,183.0,88.0,85.0,4294.0,small_parts,0,0,1,1,0
139,000138.png,data/cogar_sim_500_final/rgb/000138.png,1153,8,cable,55.0,22.0,345.0,241.0,5563.0,small_parts,0,0,1,1,0
139,000138.png,data/cogar_sim_500_final/rgb/000138.png,1154,6,screw,360.0,298.0,20.0,21.0,236.0,small_parts,0,0,1,1,0
139,000138.png,data/cogar_sim_500_final/rgb/000138.png,1155,5,plastic_object,249.0,167.0,86.0,107.0,821.0,small_parts,0,0,1,1,0
139,000138.png,data/cogar_sim_500_final/rgb/000138.png,1156,6,screw,413.0,217.0,30.0,36.0,678.0,small_parts,0,0,1,1,0
139,000138.png,data/cogar_sim_500_final/rgb/000138.png,1157,6,screw,212.0,422.0,30.0,30.0,467.0,small_parts,0,0,1,1,0
139,000138.png,data/cogar_sim_500_final/rgb/000138.png,1158,7,connector,333.0,0.0,34.0,65.0,1359.0,small_parts,0,0,1,1,0
139,000138.png,data/cogar_sim_500_final/rgb/000138.png,1159,7,connector,360.0,322.0,52.0,43.0,916.0,small_parts,0,0,1,1,0
139,000138.png,data/cogar_sim_500_final/rgb/000138.png,1160,2,robot_gripper,64.0,43.0,311.0,373.0,29437.0,small_parts,0,0,1,1,0
139,000138.png,data/cogar_sim_500_final/rgb/000138.png,1161,2,robot_gripper,118.0,190.0,71.0,63.0,2375.0,small_parts,0,0,1,1,0
139,000138.png,data/cogar_sim_500_final/rgb/000138.png,1162,2,robot_gripper,276.0,181.0,25.0,35.0,204.0,small_parts,0,0,1,1,0
140,000139.png,data/cogar_sim_500_final/rgb/000139.png,1163,1,table,0.0,0.0,631.0,480.0,235929.0,dynamic_scene,1,0,1,0,1
140,000139.png,data/cogar_sim_500_final/rgb/000139.png,1164,1,table,495.0,0.0,145.0,480.0,36926.0,dynamic_scene,1,0,1,0,1
140,000139.png,data/cogar_sim_500_final/rgb/000139.png,1165,5,plastic_object,298.0,234.0,44.0,61.0,1686.0,dynamic_scene,1,0,1,0,1
140,000139.png,data/cogar_sim_500_final/rgb/000139.png,1166,10,box,352.0,132.0,100.0,84.0,6716.0,dynamic_scene,1,0,1,0,1
140,000139.png,data/cogar_sim_500_final/rgb/000139.png,1167,5,plastic_object,368.0,210.0,35.0,46.0,1030.0,dynamic_scene,1,0,1,0,1
140,000139.png,data/cogar_sim_500_final/rgb/000139.png,1168,3,metal_part,230.0,313.0,89.0,139.0,8202.0,dynamic_scene,1,0,1,0,1
140,000139.png,data/cogar_sim_500_final/rgb/000139.png,1169,5,plastic_object,385.0,346.0,70.0,74.0,3924.0,dynamic_scene,1,0,1,0,1
140,000139.png,data/cogar_sim_500_final/rgb/000139.png,1170,2,robot_gripper,294.0,106.0,113.0,254.0,10623.0,dynamic_scene,1,0,1,0,1
140,000139.png,data/cogar_sim_500_final/rgb/000139.png,1171,2,robot_gripper,337.0,166.0,43.0,37.0,1095.0,dynamic_scene,1,0,1,0,1
140,000139.png,data/cogar_sim_500_final/rgb/000139.png,1172,2,robot_gripper,360.0,250.0,44.0,38.0,1069.0,dynamic_scene,1,0,1,0,1
141,000140.png,data/cogar_sim_500_final/rgb/000140.png,1173,1,table,0.0,36.0,640.0,444.0,188690.0,reflective_metal,1,0,0,0,0
141,000140.png,data/cogar_sim_500_final/rgb/000140.png,1174,1,table,0.0,0.0,295.0,374.0,60494.0,reflective_metal,1,0,0,0,0
141,000140.png,data/cogar_sim_500_final/rgb/000140.png,1175,9,tool,243.0,245.0,289.0,94.0,10187.0,reflective_metal,1,0,0,0,0
141,000140.png,data/cogar_sim_500_final/rgb/000140.png,1176,9,tool,312.0,156.0,133.0,55.0,4221.0,reflective_metal,1,0,0,0,0
141,000140.png,data/cogar_sim_500_final/rgb/000140.png,1177,3,metal_part,222.0,110.0,30.0,99.0,2359.0,reflective_metal,1,0,0,0,0
141,000140.png,data/cogar_sim_500_final/rgb/000140.png,1178,3,metal_part,274.0,126.0,50.0,52.0,1716.0,reflective_metal,1,0,0,0,0
141,000140.png,data/cogar_sim_500_final/rgb/000140.png,1179,9,tool,117.0,216.0,117.0,145.0,6619.0,reflective_metal,1,0,0,0,0
141,000140.png,data/cogar_sim_500_final/rgb/000140.png,1180,9,tool,238.0,305.0,333.0,175.0,16250.0,reflective_metal,1,0,0,0,0
142,000141.png,data/cogar_sim_500_final/rgb/000141.png,1181,1,table,0.0,433.0,640.0,47.0,29232.0,transparent_glass,1,1,0,0,0
142,000141.png,data/cogar_sim_500_final/rgb/000141.png,1182,1,table,0.0,0.0,640.0,436.0,277909.0,transparent_glass,1,1,0,0,0
142,000141.png,data/cogar_sim_500_final/rgb/000141.png,1183,8,cable,469.0,420.0,8.0,10.0,59.0,transparent_glass,1,1,0,0,0
143,000142.png,data/cogar_sim_500_final/rgb/000142.png,1184,1,table,0.0,24.0,640.0,456.0,230421.0,partial_occlusion,0,0,1,1,0
143,000142.png,data/cogar_sim_500_final/rgb/000142.png,1185,5,plastic_object,152.0,159.0,42.0,54.0,1896.0,partial_occlusion,0,0,1,1,0
143,000142.png,data/cogar_sim_500_final/rgb/000142.png,1186,6,screw,217.0,186.0,10.0,13.0,115.0,partial_occlusion,0,0,1,1,0
143,000142.png,data/cogar_sim_500_final/rgb/000142.png,1187,10,box,133.0,97.0,135.0,102.0,8695.0,partial_occlusion,0,0,1,1,0
143,000142.png,data/cogar_sim_500_final/rgb/000142.png,1188,5,plastic_object,336.0,139.0,49.0,40.0,1578.0,partial_occlusion,0,0,1,1,0
143,000142.png,data/cogar_sim_500_final/rgb/000142.png,1189,7,connector,493.0,274.0,44.0,64.0,2359.0,partial_occlusion,0,0,1,1,0
143,000142.png,data/cogar_sim_500_final/rgb/000142.png,1190,5,plastic_object,336.0,272.0,49.0,82.0,3162.0,partial_occlusion,0,0,1,1,0
143,000142.png,data/cogar_sim_500_final/rgb/000142.png,1191,5,plastic_object,279.0,136.0,7.0,9.0,24.0,partial_occlusion,0,0,1,1,0
143,000142.png,data/cogar_sim_500_final/rgb/000142.png,1192,8,cable,150.0,278.0,240.0,54.0,1890.0,partial_occlusion,0,0,1,1,0
143,000142.png,data/cogar_sim_500_final/rgb/000142.png,1193,2,robot_gripper,247.0,111.0,87.0,150.0,6557.0,partial_occlusion,0,0,1,1,0
143,000142.png,data/cogar_sim_500_final/rgb/000142.png,1194,2,robot_gripper,274.0,155.0,38.0,139.0,2828.0,partial_occlusion,0,0,1,1,0
143,000142.png,data/cogar_sim_500_final/rgb/000142.png,1195,2,robot_gripper,247.0,142.0,34.0,67.0,1152.0,partial_occlusion,0,0,1,1,0
144,000143.png,data/cogar_sim_500_final/rgb/000143.png,1196,1,table,0.0,42.0,640.0,438.0,205996.0,small_parts,0,0,1,1,0
144,000143.png,data/cogar_sim_500_final/rgb/000143.png,1197,1,table,394.0,0.0,246.0,377.0,51643.0,small_parts,0,0,1,1,0
144,000143.png,data/cogar_sim_500_final/rgb/000143.png,1198,7,connector,210.0,267.0,42.0,60.0,1584.0,small_parts,0,0,1,1,0
144,000143.png,data/cogar_sim_500_final/rgb/000143.png,1199,6,screw,369.0,320.0,25.0,30.0,386.0,small_parts,0,0,1,1,0
144,000143.png,data/cogar_sim_500_final/rgb/000143.png,1200,6,screw,387.0,142.0,17.0,12.0,125.0,small_parts,0,0,1,1,0
144,000143.png,data/cogar_sim_500_final/rgb/000143.png,1201,7,connector,393.0,182.0,69.0,25.0,1685.0,small_parts,0,0,1,1,0
144,000143.png,data/cogar_sim_500_final/rgb/000143.png,1202,6,screw,200.0,215.0,18.0,20.0,268.0,small_parts,0,0,1,1,0
144,000143.png,data/cogar_sim_500_final/rgb/000143.png,1203,7,connector,262.0,273.0,54.0,46.0,1752.0,small_parts,0,0,1,1,0
144,000143.png,data/cogar_sim_500_final/rgb/000143.png,1204,6,screw,389.0,215.0,21.0,21.0,284.0,small_parts,0,0,1,1,0
144,000143.png,data/cogar_sim_500_final/rgb/000143.png,1205,7,connector,228.0,300.0,94.0,64.0,3766.0,small_parts,0,0,1,1,0
144,000143.png,data/cogar_sim_500_final/rgb/000143.png,1206,8,cable,188.0,120.0,221.0,51.0,1073.0,small_parts,0,0,1,1,0
144,000143.png,data/cogar_sim_500_final/rgb/000143.png,1207,7,connector,298.0,139.0,46.0,28.0,846.0,small_parts,0,0,1,1,0
144,000143.png,data/cogar_sim_500_final/rgb/000143.png,1208,7,connector,175.0,170.0,36.0,37.0,975.0,small_parts,0,0,1,1,0
144,000143.png,data/cogar_sim_500_final/rgb/000143.png,1209,7,connector,437.0,308.0,85.0,62.0,3373.0,small_parts,0,0,1,1,0
144,000143.png,data/cogar_sim_500_final/rgb/000143.png,1210,7,connector,188.0,165.0,78.0,26.0,1263.0,small_parts,0,0,1,1,0
144,000143.png,data/cogar_sim_500_final/rgb/000143.png,1211,2,robot_gripper,164.0,21.0,177.0,117.0,11555.0,small_parts,0,0,1,1,0
144,000143.png,data/cogar_sim_500_final/rgb/000143.png,1212,2,robot_gripper,240.0,24.0,42.0,145.0,1034.0,small_parts,0,0,1,1,0
144,000143.png,data/cogar_sim_500_final/rgb/000143.png,1213,2,robot_gripper,247.0,111.0,45.0,73.0,2514.0,small_parts,0,0,1,1,0
145,000144.png,data/cogar_sim_500_final/rgb/000144.png,1214,1,table,0.0,110.0,640.0,370.0,190636.0,dynamic_scene,1,0,1,1,1
145,000144.png,data/cogar_sim_500_final/rgb/000144.png,1215,1,table,0.0,0.0,640.0,158.0,71255.0,dynamic_scene,1,0,1,1,1
145,000144.png,data/cogar_sim_500_final/rgb/000144.png,1216,3,metal_part,446.0,220.0,62.0,94.0,3749.0,dynamic_scene,1,0,1,1,1
145,000144.png,data/cogar_sim_500_final/rgb/000144.png,1217,7,connector,428.0,174.0,3.0,18.0,37.0,dynamic_scene,1,0,1,1,1
145,000144.png,data/cogar_sim_500_final/rgb/000144.png,1218,5,plastic_object,114.0,244.0,94.0,96.0,8082.0,dynamic_scene,1,0,1,1,1
145,000144.png,data/cogar_sim_500_final/rgb/000144.png,1219,8,cable,201.0,136.0,183.0,79.0,1817.0,dynamic_scene,1,0,1,1,1
145,000144.png,data/cogar_sim_500_final/rgb/000144.png,1220,5,plastic_object,296.0,272.0,78.0,52.0,3181.0,dynamic_scene,1,0,1,1,1
145,000144.png,data/cogar_sim_500_final/rgb/000144.png,1221,10,box,430.0,116.0,114.0,134.0,11310.0,dynamic_scene,1,0,1,1,1
145,000144.png,data/cogar_sim_500_final/rgb/000144.png,1222,7,connector,391.0,186.0,43.0,29.0,944.0,dynamic_scene,1,0,1,1,1
145,000144.png,data/cogar_sim_500_final/rgb/000144.png,1223,2,robot_gripper,222.0,52.0,224.0,64.0,13455.0,dynamic_scene,1,0,1,1,1
145,000144.png,data/cogar_sim_500_final/rgb/000144.png,1224,2,robot_gripper,279.0,115.0,26.0,60.0,1490.0,dynamic_scene,1,0,1,1,1
145,000144.png,data/cogar_sim_500_final/rgb/000144.png,1225,2,robot_gripper,353.0,114.0,28.0,47.0,1244.0,dynamic_scene,1,0,1,1,1
146,000145.png,data/cogar_sim_500_final/rgb/000145.png,1226,1,table,0.0,47.0,640.0,433.0,222444.0,reflective_metal,1,0,1,1,0
146,000145.png,data/cogar_sim_500_final/rgb/000145.png,1227,1,table,0.0,0.0,640.0,101.0,47204.0,reflective_metal,1,0,1,1,0
146,000145.png,data/cogar_sim_500_final/rgb/000145.png,1228,7,connector,491.0,151.0,101.0,59.0,3189.0,reflective_metal,1,0,1,1,0
146,000145.png,data/cogar_sim_500_final/rgb/000145.png,1229,9,tool,0.0,243.0,155.0,114.0,8754.0,reflective_metal,1,0,1,1,0
146,000145.png,data/cogar_sim_500_final/rgb/000145.png,1230,3,metal_part,415.0,140.0,22.0,51.0,815.0,reflective_metal,1,0,1,1,0
146,000145.png,data/cogar_sim_500_final/rgb/000145.png,1231,2,robot_gripper,175.0,125.0,242.0,90.0,19613.0,reflective_metal,1,0,1,1,0
146,000145.png,data/cogar_sim_500_final/rgb/000145.png,1232,2,robot_gripper,231.0,116.0,42.0,140.0,1889.0,reflective_metal,1,0,1,1,0
146,000145.png,data/cogar_sim_500_final/rgb/000145.png,1233,2,robot_gripper,335.0,109.0,39.0,163.0,3292.0,reflective_metal,1,0,1,1,0
147,000146.png,data/cogar_sim_500_final/rgb/000146.png,1234,1,table,0.0,98.0,640.0,382.0,179363.0,transparent_glass,0,1,0,0,0
147,000146.png,data/cogar_sim_500_final/rgb/000146.png,1235,4,glass_object,439.0,136.0,96.0,134.0,8082.0,transparent_glass,0,1,0,0,0
147,000146.png,data/cogar_sim_500_final/rgb/000146.png,1236,4,glass_object,254.0,89.0,46.0,128.0,1789.0,transparent_glass,0,1,0,0,0
147,000146.png,data/cogar_sim_500_final/rgb/000146.png,1237,5,plastic_object,436.0,231.0,22.0,28.0,225.0,transparent_glass,0,1,0,0,0
147,000146.png,data/cogar_sim_500_final/rgb/000146.png,1238,4,glass_object,448.0,224.0,80.0,152.0,10058.0,transparent_glass,0,1,0,0,0
147,000146.png,data/cogar_sim_500_final/rgb/000146.png,1239,8,cable,0.0,227.0,116.0,43.0,1659.0,transparent_glass,0,1,0,0,0
147,000146.png,data/cogar_sim_500_final/rgb/000146.png,1240,4,glass_object,178.0,112.0,37.0,48.0,1581.0,transparent_glass,0,1,0,0,0
147,000146.png,data/cogar_sim_500_final/rgb/000146.png,1241,4,glass_object,212.0,90.0,75.0,150.0,9461.0,transparent_glass,0,1,0,0,0
147,000146.png,data/cogar_sim_500_final/rgb/000146.png,1242,10,box,77.0,159.0,151.0,86.0,11831.0,transparent_glass,0,1,0,0,0
148,000147.png,data/cogar_sim_500_final/rgb/000147.png,1243,1,table,0.0,140.0,640.0,340.0,157733.0,partial_occlusion,1,0,1,1,0
148,000147.png,data/cogar_sim_500_final/rgb/000147.png,1244,6,screw,243.0,259.0,17.0,17.0,163.0,partial_occlusion,1,0,1,1,0
148,000147.png,data/cogar_sim_500_final/rgb/000147.png,1245,8,cable,222.0,273.0,39.0,59.0,721.0,partial_occlusion,1,0,1,1,0
148,000147.png,data/cogar_sim_500_final/rgb/000147.png,1246,6,screw,299.0,248.0,16.0,12.0,143.0,partial_occlusion,1,0,1,1,0
148,000147.png,data/cogar_sim_500_final/rgb/000147.png,1247,10,box,37.0,225.0,186.0,166.0,24040.0,partial_occlusion,1,0,1,1,0
148,000147.png,data/cogar_sim_500_final/rgb/000147.png,1248,2,robot_gripper,214.0,146.0,155.0,79.0,5899.0,partial_occlusion,1,0,1,1,0
148,000147.png,data/cogar_sim_500_final/rgb/000147.png,1249,2,robot_gripper,315.0,146.0,39.0,133.0,4269.0,partial_occlusion,1,0,1,1,0
148,000147.png,data/cogar_sim_500_final/rgb/000147.png,1250,2,robot_gripper,259.0,181.0,39.0,105.0,3462.0,partial_occlusion,1,0,1,1,0
149,000148.png,data/cogar_sim_500_final/rgb/000148.png,1251,1,table,0.0,1.0,640.0,479.0,42481.0,small_parts,1,0,1,1,0
149,000148.png,data/cogar_sim_500_final/rgb/000148.png,1252,1,table,0.0,0.0,640.0,480.0,239669.0,small_parts,1,0,1,1,0
150,000149.png,data/cogar_sim_500_final/rgb/000149.png,1253,1,table,0.0,0.0,640.0,480.0,259307.0,dynamic_scene,0,0,1,1,1
150,000149.png,data/cogar_sim_500_final/rgb/000149.png,1254,1,table,0.0,339.0,207.0,141.0,14735.0,dynamic_scene,0,0,1,1,1
150,000149.png,data/cogar_sim_500_final/rgb/000149.png,1255,6,screw,462.0,430.0,30.0,33.0,516.0,dynamic_scene,0,0,1,1,1
150,000149.png,data/cogar_sim_500_final/rgb/000149.png,1256,5,plastic_object,209.0,66.0,76.0,65.0,3545.0,dynamic_scene,0,0,1,1,1
150,000149.png,data/cogar_sim_500_final/rgb/000149.png,1257,7,connector,371.0,427.0,61.0,33.0,1256.0,dynamic_scene,0,0,1,1,1
150,000149.png,data/cogar_sim_500_final/rgb/000149.png,1258,7,connector,389.0,255.0,88.0,87.0,3308.0,dynamic_scene,0,0,1,1,1
150,000149.png,data/cogar_sim_500_final/rgb/000149.png,1259,5,plastic_object,326.0,414.0,52.0,53.0,2149.0,dynamic_scene,0,0,1,1,1
150,000149.png,data/cogar_sim_500_final/rgb/000149.png,1260,5,plastic_object,321.0,209.0,72.0,93.0,3977.0,dynamic_scene,0,0,1,1,1
150,000149.png,data/cogar_sim_500_final/rgb/000149.png,1261,2,robot_gripper,205.0,112.0,226.0,303.0,16768.0,dynamic_scene,0,0,1,1,1
150,000149.png,data/cogar_sim_500_final/rgb/000149.png,1262,2,robot_gripper,238.0,229.0,52.0,55.0,1639.0,dynamic_scene,0,0,1,1,1
151,000150.png,data/cogar_sim_500_final/rgb/000150.png,1263,1,table,0.0,8.0,640.0,472.0,240296.0,reflective_metal,1,0,0,1,0
151,000150.png,data/cogar_sim_500_final/rgb/000150.png,1264,1,table,0.0,0.0,31.0,169.0,3124.0,reflective_metal,1,0,0,1,0
151,000150.png,data/cogar_sim_500_final/rgb/000150.png,1265,3,metal_part,383.0,135.0,100.0,58.0,2030.0,reflective_metal,1,0,0,1,0
151,000150.png,data/cogar_sim_500_final/rgb/000150.png,1266,3,metal_part,367.0,91.0,86.0,139.0,5001.0,reflective_metal,1,0,0,1,0
151,000150.png,data/cogar_sim_500_final/rgb/000150.png,1267,9,tool,64.0,342.0,462.0,126.0,21788.0,reflective_metal,1,0,0,1,0
151,000150.png,data/cogar_sim_500_final/rgb/000150.png,1268,9,tool,290.0,149.0,212.0,163.0,8707.0,reflective_metal,1,0,0,1,0
151,000150.png,data/cogar_sim_500_final/rgb/000150.png,1269,7,connector,287.0,128.0,29.0,37.0,899.0,reflective_metal,1,0,0,1,0
151,000150.png,data/cogar_sim_500_final/rgb/000150.png,1270,9,tool,237.0,286.0,83.0,194.0,8702.0,reflective_metal,1,0,0,1,0
152,000151.png,data/cogar_sim_500_final/rgb/000151.png,1271,1,table,0.0,352.0,157.0,128.0,10106.0,transparent_glass,1,1,1,0,0
152,000151.png,data/cogar_sim_500_final/rgb/000151.png,1272,1,table,0.0,0.0,640.0,480.0,297023.0,transparent_glass,1,1,1,0,0
152,000151.png,data/cogar_sim_500_final/rgb/000151.png,1273,8,cable,81.0,407.0,9.0,12.0,71.0,transparent_glass,1,1,1,0,0
153,000152.png,data/cogar_sim_500_final/rgb/000152.png,1274,1,table,0.0,97.0,640.0,383.0,202890.0,partial_occlusion,0,0,1,1,0
153,000152.png,data/cogar_sim_500_final/rgb/000152.png,1275,7,connector,279.0,254.0,55.0,36.0,1708.0,partial_occlusion,0,0,1,1,0
153,000152.png,data/cogar_sim_500_final/rgb/000152.png,1276,10,box,109.0,141.0,128.0,114.0,12877.0,partial_occlusion,0,0,1,1,0
153,000152.png,data/cogar_sim_500_final/rgb/000152.png,1277,10,box,111.0,128.0,139.0,63.0,1884.0,partial_occlusion,0,0,1,1,0
153,000152.png,data/cogar_sim_500_final/rgb/000152.png,1278,7,connector,185.0,321.0,118.0,66.0,5239.0,partial_occlusion,0,0,1,1,0
153,000152.png,data/cogar_sim_500_final/rgb/000152.png,1279,2,robot_gripper,325.0,121.0,103.0,112.0,7174.0,partial_occlusion,0,0,1,1,0
153,000152.png,data/cogar_sim_500_final/rgb/000152.png,1280,2,robot_gripper,342.0,138.0,50.0,173.0,4646.0,partial_occlusion,0,0,1,1,0
153,000152.png,data/cogar_sim_500_final/rgb/000152.png,1281,2,robot_gripper,330.0,119.0,44.0,152.0,1618.0,partial_occlusion,0,0,1,1,0
154,000153.png,data/cogar_sim_500_final/rgb/000153.png,1282,1,table,413.0,408.0,227.0,72.0,8254.0,small_parts,0,0,1,1,0
154,000153.png,data/cogar_sim_500_final/rgb/000153.png,1283,1,table,0.0,0.0,640.0,480.0,298946.0,small_parts,0,0,1,1,0
155,000154.png,data/cogar_sim_500_final/rgb/000154.png,1284,1,table,0.0,74.0,640.0,406.0,193326.0,dynamic_scene,0,1,1,1,1
155,000154.png,data/cogar_sim_500_final/rgb/000154.png,1285,10,box,246.0,209.0,134.0,126.0,14365.0,dynamic_scene,0,1,1,1,1
155,000154.png,data/cogar_sim_500_final/rgb/000154.png,1286,5,plastic_object,442.0,197.0,70.0,62.0,3407.0,dynamic_scene,0,1,1,1,1
155,000154.png,data/cogar_sim_500_final/rgb/000154.png,1287,7,connector,378.0,258.0,58.0,52.0,2115.0,dynamic_scene,0,1,1,1,1
155,000154.png,data/cogar_sim_500_final/rgb/000154.png,1288,4,glass_object,100.0,121.0,135.0,219.0,23028.0,dynamic_scene,0,1,1,1,1
155,000154.png,data/cogar_sim_500_final/rgb/000154.png,1289,2,robot_gripper,246.0,56.0,266.0,73.0,17933.0,dynamic_scene,0,1,1,1,1
155,000154.png,data/cogar_sim_500_final/rgb/000154.png,1290,2,robot_gripper,311.0,42.0,32.0,172.0,3237.0,dynamic_scene,0,1,1,1,1
155,000154.png,data/cogar_sim_500_final/rgb/000154.png,1291,2,robot_gripper,397.0,46.0,42.0,162.0,3224.0,dynamic_scene,0,1,1,1,1
156,000155.png,data/cogar_sim_500_final/rgb/000155.png,1292,1,table,0.0,4.0,640.0,476.0,229433.0,reflective_metal,1,0,1,1,0
156,000155.png,data/cogar_sim_500_final/rgb/000155.png,1293,10,box,511.0,215.0,129.0,160.0,18850.0,reflective_metal,1,0,1,1,0
156,000155.png,data/cogar_sim_500_final/rgb/000155.png,1294,6,screw,357.0,218.0,23.0,25.0,294.0,reflective_metal,1,0,1,1,0
156,000155.png,data/cogar_sim_500_final/rgb/000155.png,1295,9,tool,301.0,162.0,29.0,137.0,3413.0,reflective_metal,1,0,1,1,0
156,000155.png,data/cogar_sim_500_final/rgb/000155.png,1296,3,metal_part,314.0,112.0,80.0,86.0,3179.0,reflective_metal,1,0,1,1,0
156,000155.png,data/cogar_sim_500_final/rgb/000155.png,1297,2,robot_gripper,186.0,19.0,234.0,107.0,17800.0,reflective_metal,1,0,1,1,0
156,000155.png,data/cogar_sim_500_final/rgb/000155.png,1298,2,robot_gripper,222.0,15.0,52.0,201.0,5034.0,reflective_metal,1,0,1,1,0
156,000155.png,data/cogar_sim_500_final/rgb/000155.png,1299,2,robot_gripper,321.0,103.0,43.0,74.0,2843.0,reflective_metal,1,0,1,1,0
157,000156.png,data/cogar_sim_500_final/rgb/000156.png,1300,1,table,580.0,377.0,60.0,103.0,3136.0,transparent_glass,1,1,0,0,0
157,000156.png,data/cogar_sim_500_final/rgb/000156.png,1301,1,table,0.0,0.0,640.0,480.0,304064.0,transparent_glass,1,1,0,0,0
158,000157.png,data/cogar_sim_500_final/rgb/000157.png,1302,1,table,0.0,0.0,640.0,480.0,233342.0,partial_occlusion,1,0,1,0,0
158,000157.png,data/cogar_sim_500_final/rgb/000157.png,1303,5,plastic_object,280.0,316.0,103.0,70.0,5574.0,partial_occlusion,1,0,1,0,0
158,000157.png,data/cogar_sim_500_final/rgb/000157.png,1304,8,cable,149.0,144.0,261.0,336.0,3611.0,partial_occlusion,1,0,1,0,0
158,000157.png,data/cogar_sim_500_final/rgb/000157.png,1305,5,plastic_object,497.0,97.0,71.0,87.0,4668.0,partial_occlusion,1,0,1,0,0
158,000157.png,data/cogar_sim_500_final/rgb/000157.png,1306,5,plastic_object,445.0,255.0,47.0,34.0,759.0,partial_occlusion,1,0,1,0,0
158,000157.png,data/cogar_sim_500_final/rgb/000157.png,1307,5,plastic_object,500.0,322.0,97.0,64.0,4831.0,partial_occlusion,1,0,1,0,0
158,000157.png,data/cogar_sim_500_final/rgb/000157.png,1308,5,plastic_object,316.0,99.0,64.0,47.0,1345.0,partial_occlusion,1,0,1,0,0
158,000157.png,data/cogar_sim_500_final/rgb/000157.png,1309,3,metal_part,191.0,30.0,85.0,97.0,5413.0,partial_occlusion,1,0,1,0,0
158,000157.png,data/cogar_sim_500_final/rgb/000157.png,1310,10,box,182.0,94.0,150.0,161.0,12878.0,partial_occlusion,1,0,1,0,0
158,000157.png,data/cogar_sim_500_final/rgb/000157.png,1311,5,plastic_object,27.0,198.0,129.0,115.0,9098.0,partial_occlusion,1,0,1,0,0
158,000157.png,data/cogar_sim_500_final/rgb/000157.png,1312,2,robot_gripper,301.0,122.0,327.0,198.0,23340.0,partial_occlusion,1,0,1,0,0
158,000157.png,data/cogar_sim_500_final/rgb/000157.png,1313,2,robot_gripper,468.0,267.0,38.0,18.0,174.0,partial_occlusion,1,0,1,0,0
158,000157.png,data/cogar_sim_500_final/rgb/000157.png,1314,2,robot_gripper,365.0,223.0,61.0,58.0,2167.0,partial_occlusion,1,0,1,0,0
159,000158.png,data/cogar_sim_500_final/rgb/000158.png,1315,1,table,0.0,0.0,640.0,480.0,260202.0,small_parts,1,0,0,1,0
159,000158.png,data/cogar_sim_500_final/rgb/000158.png,1316,1,table,0.0,328.0,241.0,152.0,18385.0,small_parts,1,0,0,1,0
159,000158.png,data/cogar_sim_500_final/rgb/000158.png,1317,8,cable,310.0,294.0,156.0,56.0,1635.0,small_parts,1,0,0,1,0
159,000158.png,data/cogar_sim_500_final/rgb/000158.png,1318,8,cable,130.0,46.0,316.0,52.0,4126.0,small_parts,1,0,0,1,0
159,000158.png,data/cogar_sim_500_final/rgb/000158.png,1319,6,screw,245.0,309.0,16.0,9.0,70.0,small_parts,1,0,0,1,0
159,000158.png,data/cogar_sim_500_final/rgb/000158.png,1320,3,metal_part,281.0,231.0,61.0,83.0,1199.0,small_parts,1,0,0,1,0
159,000158.png,data/cogar_sim_500_final/rgb/000158.png,1321,9,tool,379.0,123.0,124.0,165.0,4266.0,small_parts,1,0,0,1,0
159,000158.png,data/cogar_sim_500_final/rgb/000158.png,1322,6,screw,317.0,283.0,18.0,15.0,157.0,small_parts,1,0,0,1,0
159,000158.png,data/cogar_sim_500_final/rgb/000158.png,1323,10,box,203.0,198.0,122.0,118.0,8474.0,small_parts,1,0,0,1,0
159,000158.png,data/cogar_sim_500_final/rgb/000158.png,1324,6,screw,287.0,196.0,14.0,19.0,107.0,small_parts,1,0,0,1,0
159,000158.png,data/cogar_sim_500_final/rgb/000158.png,1325,7,connector,327.0,176.0,51.0,57.0,1333.0,small_parts,1,0,0,1,0
159,000158.png,data/cogar_sim_500_final/rgb/000158.png,1326,7,connector,128.0,53.0,34.0,54.0,996.0,small_parts,1,0,0,1,0
159,000158.png,data/cogar_sim_500_final/rgb/000158.png,1327,7,connector,143.0,105.0,84.0,23.0,1835.0,small_parts,1,0,0,1,0
159,000158.png,data/cogar_sim_500_final/rgb/000158.png,1328,6,screw,491.0,329.0,21.0,12.0,162.0,small_parts,1,0,0,1,0
159,000158.png,data/cogar_sim_500_final/rgb/000158.png,1329,7,connector,388.0,164.0,67.0,38.0,1806.0,small_parts,1,0,0,1,0
159,000158.png,data/cogar_sim_500_final/rgb/000158.png,1330,6,screw,391.0,232.0,20.0,18.0,266.0,small_parts,1,0,0,1,0
159,000158.png,data/cogar_sim_500_final/rgb/000158.png,1331,8,cable,13.0,48.0,183.0,195.0,2181.0,small_parts,1,0,0,1,0
160,000159.png,data/cogar_sim_500_final/rgb/000159.png,1332,1,table,0.0,79.0,640.0,401.0,202538.0,dynamic_scene,0,1,0,1,1
160,000159.png,data/cogar_sim_500_final/rgb/000159.png,1333,7,connector,434.0,336.0,51.0,54.0,1766.0,dynamic_scene,0,1,0,1,1
160,000159.png,data/cogar_sim_500_final/rgb/000159.png,1334,4,glass_object,218.0,218.0,100.0,175.0,16192.0,dynamic_scene,0,1,0,1,1
160,000159.png,data/cogar_sim_500_final/rgb/000159.png,1335,5,plastic_object,210.0,224.0,21.0,65.0,638.0,dynamic_scene,0,1,0,1,1
160,000159.png,data/cogar_sim_500_final/rgb/000159.png,1336,5,plastic_object,145.0,205.0,68.0,104.0,5770.0,dynamic_scene,0,1,0,1,1
160,000159.png,data/cogar_sim_500_final/rgb/000159.png,1337,5,plastic_object,337.0,228.0,78.0,55.0,3354.0,dynamic_scene,0,1,0,1,1
160,000159.png,data/cogar_sim_500_final/rgb/000159.png,1338,5,plastic_object,516.0,236.0,50.0,98.0,3904.0,dynamic_scene,0,1,0,1,1
161,000160.png,data/cogar_sim_500_final/rgb/000160.png,1339,1,table,0.0,0.0,640.0,480.0,223699.0,reflective_metal,1,0,1,0,0
161,000160.png,data/cogar_sim_500_final/rgb/000160.png,1340,1,table,451.0,0.0,189.0,458.0,43474.0,reflective_metal,1,0,1,0,0
161,000160.png,data/cogar_sim_500_final/rgb/000160.png,1341,3,metal_part,347.0,161.0,116.0,122.0,6463.0,reflective_metal,1,0,1,0,0
161,000160.png,data/cogar_sim_500_final/rgb/000160.png,1342,3,metal_part,425.0,338.0,76.0,87.0,5104.0,reflective_metal,1,0,1,0,0
161,000160.png,data/cogar_sim_500_final/rgb/000160.png,1343,9,tool,171.0,162.0,172.0,27.0,2195.0,reflective_metal,1,0,1,0,0
161,000160.png,data/cogar_sim_500_final/rgb/000160.png,1344,3,metal_part,396.0,94.0,20.0,36.0,320.0,reflective_metal,1,0,1,0,0
161,000160.png,data/cogar_sim_500_final/rgb/000160.png,1345,3,metal_part,413.0,219.0,60.0,73.0,2290.0,reflective_metal,1,0,1,0,0
161,000160.png,data/cogar_sim_500_final/rgb/000160.png,1346,3,metal_part,222.0,178.0,61.0,98.0,4604.0,reflective_metal,1,0,1,0,0
161,000160.png,data/cogar_sim_500_final/rgb/000160.png,1347,2,robot_gripper,271.0,20.0,155.0,189.0,12034.0,reflective_metal,1,0,1,0,0
161,000160.png,data/cogar_sim_500_final/rgb/000160.png,1348,2,robot_gripper,345.0,33.0,50.0,159.0,1452.0,reflective_metal,1,0,1,0,0
161,000160.png,data/cogar_sim_500_final/rgb/000160.png,1349,2,robot_gripper,355.0,102.0,53.0,136.0,5565.0,reflective_metal,1,0,1,0,0
162,000161.png,data/cogar_sim_500_final/rgb/000161.png,1350,1,table,0.0,0.0,640.0,480.0,275907.0,transparent_glass,0,1,0,0,0
162,000161.png,data/cogar_sim_500_final/rgb/000161.png,1351,5,plastic_object,320.0,170.0,56.0,75.0,3521.0,transparent_glass,0,1,0,0,0
162,000161.png,data/cogar_sim_500_final/rgb/000161.png,1352,10,box,216.0,358.0,164.0,122.0,12296.0,transparent_glass,0,1,0,0,0
162,000161.png,data/cogar_sim_500_final/rgb/000161.png,1353,8,cable,365.0,342.0,275.0,18.0,2839.0,transparent_glass,0,1,0,0,0
162,000161.png,data/cogar_sim_500_final/rgb/000161.png,1354,4,glass_object,157.0,219.0,125.0,113.0,7324.0,transparent_glass,0,1,0,0,0
162,000161.png,data/cogar_sim_500_final/rgb/000161.png,1355,4,glass_object,145.0,186.0,98.0,63.0,4368.0,transparent_glass,0,1,0,0,0
162,000161.png,data/cogar_sim_500_final/rgb/000161.png,1356,10,box,349.0,448.0,47.0,32.0,945.0,transparent_glass,0,1,0,0,0
163,000162.png,data/cogar_sim_500_final/rgb/000162.png,1357,1,table,0.0,0.0,640.0,480.0,153423.0,partial_occlusion,1,1,1,1,0
163,000162.png,data/cogar_sim_500_final/rgb/000162.png,1358,1,table,0.0,0.0,567.0,248.0,56521.0,partial_occlusion,1,1,1,1,0
163,000162.png,data/cogar_sim_500_final/rgb/000162.png,1359,10,box,422.0,163.0,218.0,229.0,25537.0,partial_occlusion,1,1,1,1,0
163,000162.png,data/cogar_sim_500_final/rgb/000162.png,1360,4,glass_object,496.0,192.0,78.0,68.0,1476.0,partial_occlusion,1,1,1,1,0
163,000162.png,data/cogar_sim_500_final/rgb/000162.png,1361,10,box,129.0,172.0,137.0,152.0,18540.0,partial_occlusion,1,1,1,1,0
163,000162.png,data/cogar_sim_500_final/rgb/000162.png,1362,9,tool,0.0,262.0,179.0,181.0,7857.0,partial_occlusion,1,1,1,1,0
163,000162.png,data/cogar_sim_500_final/rgb/000162.png,1363,6,screw,301.0,205.0,30.0,31.0,578.0,partial_occlusion,1,1,1,1,0
163,000162.png,data/cogar_sim_500_final/rgb/000162.png,1364,8,cable,0.0,170.0,330.0,131.0,2438.0,partial_occlusion,1,1,1,1,0
163,000162.png,data/cogar_sim_500_final/rgb/000162.png,1365,10,box,331.0,233.0,131.0,153.0,15762.0,partial_occlusion,1,1,1,1,0
163,000162.png,data/cogar_sim_500_final/rgb/000162.png,1366,4,glass_object,486.0,197.0,68.0,62.0,3317.0,partial_occlusion,1,1,1,1,0
163,000162.png,data/cogar_sim_500_final/rgb/000162.png,1367,2,robot_gripper,155.0,39.0,242.0,142.0,18414.0,partial_occlusion,1,1,1,1,0
163,000162.png,data/cogar_sim_500_final/rgb/000162.png,1368,2,robot_gripper,211.0,156.0,46.0,30.0,723.0,partial_occlusion,1,1,1,1,0
163,000162.png,data/cogar_sim_500_final/rgb/000162.png,1369,2,robot_gripper,283.0,130.0,44.0,59.0,1961.0,partial_occlusion,1,1,1,1,0
164,000163.png,data/cogar_sim_500_final/rgb/000163.png,1370,1,table,0.0,1.0,639.0,479.0,243369.0,small_parts,1,0,0,1,0
164,000163.png,data/cogar_sim_500_final/rgb/000163.png,1371,1,table,554.0,0.0,86.0,480.0,21905.0,small_parts,1,0,0,1,0
164,000163.png,data/cogar_sim_500_final/rgb/000163.png,1372,7,connector,494.0,136.0,36.0,52.0,1162.0,small_parts,1,0,0,1,0
164,000163.png,data/cogar_sim_500_final/rgb/000163.png,1373,6,screw,376.0,411.0,26.0,31.0,613.0,small_parts,1,0,0,1,0
164,000163.png,data/cogar_sim_500_final/rgb/000163.png,1374,3,metal_part,282.0,239.0,74.0,78.0,4545.0,small_parts,1,0,0,1,0
164,000163.png,data/cogar_sim_500_final/rgb/000163.png,1375,7,connector,240.0,132.0,50.0,36.0,1214.0,small_parts,1,0,0,1,0
164,000163.png,data/cogar_sim_500_final/rgb/000163.png,1376,10,box,384.0,123.0,116.0,116.0,9871.0,small_parts,1,0,0,1,0
164,000163.png,data/cogar_sim_500_final/rgb/000163.png,1377,8,cable,0.0,200.0,394.0,21.0,4997.0,small_parts,1,0,0,1,0
164,000163.png,data/cogar_sim_500_final/rgb/000163.png,1378,7,connector,347.0,315.0,70.0,58.0,2654.0,small_parts,1,0,0,1,0
164,000163.png,data/cogar_sim_500_final/rgb/000163.png,1379,6,screw,264.0,364.0,14.0,29.0,376.0,small_parts,1,0,0,1,0
164,000163.png,data/cogar_sim_500_final/rgb/000163.png,1380,6,screw,333.0,199.0,19.0,31.0,382.0,small_parts,1,0,0,1,0
164,000163.png,data/cogar_sim_500_final/rgb/000163.png,1381,7,connector,231.0,159.0,55.0,46.0,1735.0,small_parts,1,0,0,1,0
164,000163.png,data/cogar_sim_500_final/rgb/000163.png,1382,3,metal_part,402.0,429.0,94.0,51.0,3238.0,small_parts,1,0,0,1,0
164,000163.png,data/cogar_sim_500_final/rgb/000163.png,1383,5,plastic_object,422.0,108.0,55.0,25.0,951.0,small_parts,1,0,0,1,0
164,000163.png,data/cogar_sim_500_final/rgb/000163.png,1384,6,screw,279.0,160.0,7.0,2.0,9.0,small_parts,1,0,0,1,0
164,000163.png,data/cogar_sim_500_final/rgb/000163.png,1385,7,connector,351.0,239.0,28.0,75.0,1693.0,small_parts,1,0,0,1,0
165,000164.png,data/cogar_sim_500_final/rgb/000164.png,1386,1,table,411.0,379.0,229.0,101.0,11705.0,dynamic_scene,0,1,1,1,1
165,000164.png,data/cogar_sim_500_final/rgb/000164.png,1387,1,table,0.0,0.0,640.0,480.0,295495.0,dynamic_scene,0,1,1,1,1
166,000165.png,data/cogar_sim_500_final/rgb/000165.png,1388,1,table,0.0,0.0,640.0,480.0,203912.0,reflective_metal,1,0,0,0,0
166,000165.png,data/cogar_sim_500_final/rgb/000165.png,1389,5,plastic_object,251.0,223.0,80.0,60.0,3879.0,reflective_metal,1,0,0,0,0
166,000165.png,data/cogar_sim_500_final/rgb/000165.png,1390,10,box,178.0,274.0,210.0,206.0,27593.0,reflective_metal,1,0,0,0,0
166,000165.png,data/cogar_sim_500_final/rgb/000165.png,1391,3,metal_part,163.0,170.0,47.0,55.0,1899.0,reflective_metal,1,0,0,0,0
166,000165.png,data/cogar_sim_500_final/rgb/000165.png,1392,3,metal_part,340.0,373.0,93.0,107.0,8749.0,reflective_metal,1,0,0,0,0
166,000165.png,data/cogar_sim_500_final/rgb/000165.png,1393,3,metal_part,154.0,114.0,56.0,77.0,2862.0,reflective_metal,1,0,0,0,0
166,000165.png,data/cogar_sim_500_final/rgb/000165.png,1394,9,tool,239.0,156.0,145.0,72.0,5438.0,reflective_metal,1,0,0,0,0
166,000165.png,data/cogar_sim_500_final/rgb/000165.png,1395,3,metal_part,82.0,250.0,129.0,134.0,11317.0,reflective_metal,1,0,0,0,0
166,000165.png,data/cogar_sim_500_final/rgb/000165.png,1396,10,box,398.0,225.0,193.0,171.0,18378.0,reflective_metal,1,0,0,0,0
166,000165.png,data/cogar_sim_500_final/rgb/000165.png,1397,3,metal_part,281.0,132.0,48.0,46.0,1582.0,reflective_metal,1,0,0,0,0
167,000166.png,data/cogar_sim_500_final/rgb/000166.png,1398,1,table,0.0,11.0,520.0,469.0,205059.0,transparent_glass,0,1,1,1,0
167,000166.png,data/cogar_sim_500_final/rgb/000166.png,1399,1,table,503.0,0.0,137.0,480.0,61990.0,transparent_glass,0,1,1,1,0
167,000166.png,data/cogar_sim_500_final/rgb/000166.png,1400,7,connector,324.0,224.0,49.0,61.0,1781.0,transparent_glass,0,1,1,1,0
167,000166.png,data/cogar_sim_500_final/rgb/000166.png,1401,4,glass_object,393.0,144.0,76.0,102.0,6064.0,transparent_glass,0,1,1,1,0
167,000166.png,data/cogar_sim_500_final/rgb/000166.png,1402,4,glass_object,385.0,255.0,69.0,119.0,7515.0,transparent_glass,0,1,1,1,0
167,000166.png,data/cogar_sim_500_final/rgb/000166.png,1403,2,robot_gripper,287.0,77.0,56.0,130.0,5136.0,transparent_glass,0,1,1,1,0
167,000166.png,data/cogar_sim_500_final/rgb/000166.png,1404,2,robot_gripper,324.0,85.0,32.0,136.0,1856.0,transparent_glass,0,1,1,1,0
167,000166.png,data/cogar_sim_500_final/rgb/000166.png,1405,2,robot_gripper,313.0,134.0,34.0,114.0,2158.0,transparent_glass,0,1,1,1,0
168,000167.png,data/cogar_sim_500_final/rgb/000167.png,1406,1,table,0.0,71.0,640.0,409.0,180217.0,partial_occlusion,1,1,1,1,0
168,000167.png,data/cogar_sim_500_final/rgb/000167.png,1407,1,table,0.0,0.0,494.0,260.0,62937.0,partial_occlusion,1,1,1,1,0
168,000167.png,data/cogar_sim_500_final/rgb/000167.png,1408,7,connector,472.0,172.0,59.0,30.0,1281.0,partial_occlusion,1,1,1,1,0
168,000167.png,data/cogar_sim_500_final/rgb/000167.png,1409,9,tool,374.0,198.0,149.0,140.0,6771.0,partial_occlusion,1,1,1,1,0
168,000167.png,data/cogar_sim_500_final/rgb/000167.png,1410,4,glass_object,179.0,143.0,128.0,194.0,20731.0,partial_occlusion,1,1,1,1,0
168,000167.png,data/cogar_sim_500_final/rgb/000167.png,1411,9,tool,383.0,156.0,65.0,136.0,3999.0,partial_occlusion,1,1,1,1,0
168,000167.png,data/cogar_sim_500_final/rgb/000167.png,1412,5,plastic_object,166.0,155.0,47.0,68.0,808.0,partial_occlusion,1,1,1,1,0
168,000167.png,data/cogar_sim_500_final/rgb/000167.png,1413,3,metal_part,378.0,119.0,26.0,80.0,1673.0,partial_occlusion,1,1,1,1,0
168,000167.png,data/cogar_sim_500_final/rgb/000167.png,1414,2,robot_gripper,193.0,27.0,213.0,80.0,12444.0,partial_occlusion,1,1,1,1,0
168,000167.png,data/cogar_sim_500_final/rgb/000167.png,1415,2,robot_gripper,242.0,99.0,39.0,53.0,1714.0,partial_occlusion,1,1,1,1,0
168,000167.png,data/cogar_sim_500_final/rgb/000167.png,1416,2,robot_gripper,296.0,92.0,36.0,61.0,2021.0,partial_occlusion,1,1,1,1,0
169,000168.png,data/cogar_sim_500_final/rgb/000168.png,1417,1,table,0.0,92.0,640.0,388.0,191549.0,small_parts,1,0,1,1,0
169,000168.png,data/cogar_sim_500_final/rgb/000168.png,1418,1,table,113.0,0.0,527.0,247.0,78815.0,small_parts,1,0,1,1,0
169,000168.png,data/cogar_sim_500_final/rgb/000168.png,1419,5,plastic_object,405.0,158.0,47.0,69.0,2578.0,small_parts,1,0,1,1,0
169,000168.png,data/cogar_sim_500_final/rgb/000168.png,1420,7,connector,65.0,194.0,52.0,30.0,1290.0,small_parts,1,0,1,1,0
169,000168.png,data/cogar_sim_500_final/rgb/000168.png,1421,7,connector,228.0,155.0,48.0,30.0,454.0,small_parts,1,0,1,1,0
169,000168.png,data/cogar_sim_500_final/rgb/000168.png,1422,6,screw,236.0,171.0,2.0,2.0,3.0,small_parts,1,0,1,1,0
169,000168.png,data/cogar_sim_500_final/rgb/000168.png,1423,6,screw,222.0,219.0,17.0,14.0,165.0,small_parts,1,0,1,1,0
169,000168.png,data/cogar_sim_500_final/rgb/000168.png,1424,7,connector,234.0,274.0,70.0,60.0,2745.0,small_parts,1,0,1,1,0
169,000168.png,data/cogar_sim_500_final/rgb/000168.png,1425,3,metal_part,344.0,166.0,46.0,43.0,1589.0,small_parts,1,0,1,1,0
169,000168.png,data/cogar_sim_500_final/rgb/000168.png,1426,7,connector,196.0,164.0,57.0,32.0,1279.0,small_parts,1,0,1,1,0
169,000168.png,data/cogar_sim_500_final/rgb/000168.png,1427,7,connector,210.0,191.0,50.0,28.0,1100.0,small_parts,1,0,1,1,0
169,000168.png,data/cogar_sim_500_final/rgb/000168.png,1428,2,robot_gripper,226.0,54.0,118.0,100.0,7843.0,small_parts,1,0,1,1,0
169,000168.png,data/cogar_sim_500_final/rgb/000168.png,1429,2,robot_gripper,248.0,117.0,40.0,63.0,1776.0,small_parts,1,0,1,1,0
169,000168.png,data/cogar_sim_500_final/rgb/000168.png,1430,2,robot_gripper,302.0,66.0,44.0,158.0,3792.0,small_parts,1,0,1,1,0
170,000169.png,data/cogar_sim_500_final/rgb/000169.png,1431,1,table,0.0,11.0,640.0,469.0,211012.0,dynamic_scene,1,1,0,1,1
170,000169.png,data/cogar_sim_500_final/rgb/000169.png,1432,5,plastic_object,113.0,200.0,54.0,88.0,3814.0,dynamic_scene,1,1,0,1,1
170,000169.png,data/cogar_sim_500_final/rgb/000169.png,1433,3,metal_part,351.0,148.0,73.0,133.0,8872.0,dynamic_scene,1,1,0,1,1
170,000169.png,data/cogar_sim_500_final/rgb/000169.png,1434,4,glass_object,475.0,130.0,159.0,259.0,29210.0,dynamic_scene,1,1,0,1,1
170,000169.png,data/cogar_sim_500_final/rgb/000169.png,1435,5,plastic_object,225.0,190.0,86.0,63.0,4284.0,dynamic_scene,1,1,0,1,1
170,000169.png,data/cogar_sim_500_final/rgb/000169.png,1436,7,connector,590.0,324.0,23.0,37.0,512.0,dynamic_scene,1,1,0,1,1
170,000169.png,data/cogar_sim_500_final/rgb/000169.png,1437,3,metal_part,212.0,267.0,111.0,105.0,7848.0,dynamic_scene,1,1,0,1,1
171,000170.png,data/cogar_sim_500_final/rgb/000170.png,1438,1,table,0.0,0.0,640.0,480.0,249209.0,reflective_metal,1,0,1,0,0
171,000170.png,data/cogar_sim_500_final/rgb/000170.png,1439,5,plastic_object,397.0,181.0,73.0,55.0,3087.0,reflective_metal,1,0,1,0,0
171,000170.png,data/cogar_sim_500_final/rgb/000170.png,1440,10,box,113.0,193.0,97.0,119.0,8520.0,reflective_metal,1,0,1,0,0
171,000170.png,data/cogar_sim_500_final/rgb/000170.png,1441,9,tool,395.0,184.0,40.0,218.0,6402.0,reflective_metal,1,0,1,0,0
171,000170.png,data/cogar_sim_500_final/rgb/000170.png,1442,2,robot_gripper,209.0,121.0,197.0,80.0,9867.0,reflective_metal,1,0,1,0,0
171,000170.png,data/cogar_sim_500_final/rgb/000170.png,1443,2,robot_gripper,334.0,163.0,32.0,81.0,2245.0,reflective_metal,1,0,1,0,0
171,000170.png,data/cogar_sim_500_final/rgb/000170.png,1444,2,robot_gripper,257.0,143.0,34.0,125.0,3394.0,reflective_metal,1,0,1,0,0
172,000171.png,data/cogar_sim_500_final/rgb/000171.png,1445,1,table,0.0,0.0,640.0,480.0,278969.0,transparent_glass,0,1,1,0,0
172,000171.png,data/cogar_sim_500_final/rgb/000171.png,1446,10,box,194.0,170.0,116.0,158.0,9448.0,transparent_glass,0,1,1,0,0
172,000171.png,data/cogar_sim_500_final/rgb/000171.png,1447,4,glass_object,451.0,402.0,115.0,78.0,4928.0,transparent_glass,0,1,1,0,0
172,000171.png,data/cogar_sim_500_final/rgb/000171.png,1448,4,glass_object,249.0,252.0,54.0,84.0,2894.0,transparent_glass,0,1,1,0,0
172,000171.png,data/cogar_sim_500_final/rgb/000171.png,1449,2,robot_gripper,284.0,93.0,58.0,210.0,9490.0,transparent_glass,0,1,1,0,0
172,000171.png,data/cogar_sim_500_final/rgb/000171.png,1450,2,robot_gripper,260.0,144.0,38.0,52.0,1471.0,transparent_glass,0,1,1,0,0
173,000172.png,data/cogar_sim_500_final/rgb/000172.png,1451,1,table,0.0,0.0,640.0,480.0,213748.0,partial_occlusion,1,0,1,0,0
173,000172.png,data/cogar_sim_500_final/rgb/000172.png,1452,1,table,0.0,55.0,50.0,425.0,11071.0,partial_occlusion,1,0,1,0,0
173,000172.png,data/cogar_sim_500_final/rgb/000172.png,1453,10,box,68.0,136.0,189.0,199.0,31829.0,partial_occlusion,1,0,1,0,0
173,000172.png,data/cogar_sim_500_final/rgb/000172.png,1454,9,tool,44.0,416.0,374.0,64.0,15532.0,partial_occlusion,1,0,1,0,0
173,000172.png,data/cogar_sim_500_final/rgb/000172.png,1455,5,plastic_object,385.0,239.0,122.0,116.0,8846.0,partial_occlusion,1,0,1,0,0
173,000172.png,data/cogar_sim_500_final/rgb/000172.png,1456,5,plastic_object,232.0,89.0,16.0,66.0,682.0,partial_occlusion,1,0,1,0,0
173,000172.png,data/cogar_sim_500_final/rgb/000172.png,1457,3,metal_part,156.0,120.0,54.0,24.0,976.0,partial_occlusion,1,0,1,0,0
173,000172.png,data/cogar_sim_500_final/rgb/000172.png,1458,5,plastic_object,243.0,176.0,12.0,77.0,241.0,partial_occlusion,1,0,1,0,0
173,000172.png,data/cogar_sim_500_final/rgb/000172.png,1459,2,robot_gripper,271.0,41.0,70.0,253.0,15574.0,partial_occlusion,1,0,1,0,0
173,000172.png,data/cogar_sim_500_final/rgb/000172.png,1460,2,robot_gripper,281.0,293.0,45.0,13.0,581.0,partial_occlusion,1,0,1,0,0
173,000172.png,data/cogar_sim_500_final/rgb/000172.png,1461,2,robot_gripper,245.0,79.0,47.0,176.0,5133.0,partial_occlusion,1,0,1,0,0
174,000173.png,data/cogar_sim_500_final/rgb/000173.png,1462,1,table,0.0,0.0,640.0,480.0,283784.0,small_parts,1,0,0,1,0
174,000173.png,data/cogar_sim_500_final/rgb/000173.png,1463,7,connector,292.0,391.0,53.0,10.0,69.0,small_parts,1,0,0,1,0
174,000173.png,data/cogar_sim_500_final/rgb/000173.png,1464,6,screw,472.0,410.0,15.0,17.0,184.0,small_parts,1,0,0,1,0
174,000173.png,data/cogar_sim_500_final/rgb/000173.png,1465,6,screw,163.0,208.0,25.0,20.0,270.0,small_parts,1,0,0,1,0
174,000173.png,data/cogar_sim_500_final/rgb/000173.png,1466,6,screw,318.0,172.0,16.0,14.0,183.0,small_parts,1,0,0,1,0
174,000173.png,data/cogar_sim_500_final/rgb/000173.png,1467,6,screw,434.0,461.0,15.0,17.0,185.0,small_parts,1,0,0,1,0
174,000173.png,data/cogar_sim_500_final/rgb/000173.png,1468,10,box,280.0,20.0,107.0,121.0,10184.0,small_parts,1,0,0,1,0
174,000173.png,data/cogar_sim_500_final/rgb/000173.png,1469,7,connector,407.0,345.0,77.0,50.0,1539.0,small_parts,1,0,0,1,0
174,000173.png,data/cogar_sim_500_final/rgb/000173.png,1470,6,screw,213.0,117.0,27.0,19.0,277.0,small_parts,1,0,0,1,0
174,000173.png,data/cogar_sim_500_final/rgb/000173.png,1471,7,connector,383.0,121.0,70.0,54.0,1573.0,small_parts,1,0,0,1,0
174,000173.png,data/cogar_sim_500_final/rgb/000173.png,1472,6,screw,226.0,48.0,24.0,25.0,353.0,small_parts,1,0,0,1,0
174,000173.png,data/cogar_sim_500_final/rgb/000173.png,1473,3,metal_part,271.0,394.0,84.0,60.0,3405.0,small_parts,1,0,0,1,0
174,000173.png,data/cogar_sim_500_final/rgb/000173.png,1474,3,metal_part,276.0,322.0,84.0,78.0,5108.0,small_parts,1,0,0,1,0
174,000173.png,data/cogar_sim_500_final/rgb/000173.png,1475,7,connector,340.0,390.0,11.0,46.0,86.0,small_parts,1,0,0,1,0
175,000174.png,data/cogar_sim_500_final/rgb/000174.png,1476,1,table,538.0,298.0,102.0,182.0,9373.0,dynamic_scene,0,0,1,0,1
175,000174.png,data/cogar_sim_500_final/rgb/000174.png,1477,1,table,0.0,0.0,640.0,480.0,297827.0,dynamic_scene,0,0,1,0,1
176,000175.png,data/cogar_sim_500_final/rgb/000175.png,1478,1,table,0.0,444.0,312.0,36.0,5723.0,reflective_metal,1,0,0,0,0
176,000175.png,data/cogar_sim_500_final/rgb/000175.png,1479,1,table,0.0,0.0,640.0,480.0,301477.0,reflective_metal,1,0,0,0,0
177,000176.png,data/cogar_sim_500_final/rgb/000176.png,1480,1,table,524.0,374.0,116.0,106.0,6189.0,transparent_glass,1,1,0,0,0
177,000176.png,data/cogar_sim_500_final/rgb/000176.png,1481,1,table,0.0,0.0,640.0,480.0,301011.0,transparent_glass,1,1,0,0,0
178,000177.png,data/cogar_sim_500_final/rgb/000177.png,1482,1,table,0.0,103.0,640.0,377.0,164100.0,partial_occlusion,1,0,1,1,0
178,000177.png,data/cogar_sim_500_final/rgb/000177.png,1483,1,table,0.0,0.0,640.0,111.0,66841.0,partial_occlusion,1,0,1,1,0
178,000177.png,data/cogar_sim_500_final/rgb/000177.png,1484,3,metal_part,564.0,250.0,39.0,99.0,2992.0,partial_occlusion,1,0,1,1,0
178,000177.png,data/cogar_sim_500_final/rgb/000177.png,1485,10,box,503.0,163.0,137.0,123.0,12047.0,partial_occlusion,1,0,1,1,0
178,000177.png,data/cogar_sim_500_final/rgb/000177.png,1486,9,tool,455.0,223.0,185.0,60.0,1918.0,partial_occlusion,1,0,1,1,0
178,000177.png,data/cogar_sim_500_final/rgb/000177.png,1487,10,box,314.0,223.0,216.0,183.0,30801.0,partial_occlusion,1,0,1,1,0
178,000177.png,data/cogar_sim_500_final/rgb/000177.png,1488,6,screw,293.0,242.0,21.0,25.0,341.0,partial_occlusion,1,0,1,1,0
178,000177.png,data/cogar_sim_500_final/rgb/000177.png,1489,6,screw,407.0,208.0,11.0,24.0,102.0,partial_occlusion,1,0,1,1,0
178,000177.png,data/cogar_sim_500_final/rgb/000177.png,1490,10,box,181.0,79.0,164.0,145.0,6391.0,partial_occlusion,1,0,1,1,0
178,000177.png,data/cogar_sim_500_final/rgb/000177.png,1491,7,connector,300.0,290.0,20.0,45.0,611.0,partial_occlusion,1,0,1,1,0
178,000177.png,data/cogar_sim_500_final/rgb/000177.png,1492,2,robot_gripper,199.0,105.0,217.0,155.0,16299.0,partial_occlusion,1,0,1,1,0
178,000177.png,data/cogar_sim_500_final/rgb/000177.png,1493,2,robot_gripper,227.0,118.0,57.0,158.0,4270.0,partial_occlusion,1,0,1,1,0
178,000177.png,data/cogar_sim_500_final/rgb/000177.png,1494,2,robot_gripper,330.0,141.0,51.0,100.0,487.0,partial_occlusion,1,0,1,1,0
179,000178.png,data/cogar_sim_500_final/rgb/000178.png,1495,1,table,0.0,0.0,640.0,480.0,261639.0,small_parts,1,0,1,1,0
179,000178.png,data/cogar_sim_500_final/rgb/000178.png,1496,1,table,0.0,378.0,353.0,102.0,18143.0,small_parts,1,0,1,1,0
179,000178.png,data/cogar_sim_500_final/rgb/000178.png,1497,7,connector,408.0,321.0,66.0,56.0,1550.0,small_parts,1,0,1,1,0
179,000178.png,data/cogar_sim_500_final/rgb/000178.png,1498,6,screw,430.0,301.0,12.0,10.0,91.0,small_parts,1,0,1,1,0
179,000178.png,data/cogar_sim_500_final/rgb/000178.png,1499,5,plastic_object,293.0,141.0,58.0,26.0,886.0,small_parts,1,0,1,1,0
179,000178.png,data/cogar_sim_500_final/rgb/000178.png,1500,6,screw,157.0,132.0,18.0,19.0,204.0,small_parts,1,0,1,1,0
179,000178.png,data/cogar_sim_500_final/rgb/000178.png,1501,6,screw,240.0,198.0,13.0,11.0,106.0,small_parts,1,0,1,1,0
179,000178.png,data/cogar_sim_500_final/rgb/000178.png,1502,3,metal_part,176.0,324.0,66.0,58.0,2836.0,small_parts,1,0,1,1,0
179,000178.png,data/cogar_sim_500_final/rgb/000178.png,1503,10,box,288.0,211.0,107.0,111.0,7773.0,small_parts,1,0,1,1,0
179,000178.png,data/cogar_sim_500_final/rgb/000178.png,1504,6,screw,146.0,106.0,15.0,27.0,333.0,small_parts,1,0,1,1,0
179,000178.png,data/cogar_sim_500_final/rgb/000178.png,1505,2,robot_gripper,198.0,139.0,248.0,96.0,10793.0,small_parts,1,0,1,1,0
179,000178.png,data/cogar_sim_500_final/rgb/000178.png,1506,2,robot_gripper,340.0,195.0,37.0,48.0,1295.0,small_parts,1,0,1,1,0
179,000178.png,data/cogar_sim_500_final/rgb/000178.png,1507,2,robot_gripper,256.0,170.0,38.0,56.0,1551.0,small_parts,1,0,1,1,0
180,000179.png,data/cogar_sim_500_final/rgb/000179.png,1508,1,table,0.0,0.0,640.0,480.0,266051.0,dynamic_scene,1,0,1,0,1
180,000179.png,data/cogar_sim_500_final/rgb/000179.png,1509,5,plastic_object,458.0,87.0,57.0,45.0,1980.0,dynamic_scene,1,0,1,0,1
180,000179.png,data/cogar_sim_500_final/rgb/000179.png,1510,3,metal_part,41.0,79.0,67.0,89.0,4188.0,dynamic_scene,1,0,1,0,1
180,000179.png,data/cogar_sim_500_final/rgb/000179.png,1511,5,plastic_object,388.0,351.0,74.0,90.0,3303.0,dynamic_scene,1,0,1,0,1
180,000179.png,data/cogar_sim_500_final/rgb/000179.png,1512,5,plastic_object,56.0,331.0,78.0,69.0,4270.0,dynamic_scene,1,0,1,0,1
180,000179.png,data/cogar_sim_500_final/rgb/000179.png,1513,10,box,378.0,267.0,104.0,125.0,6882.0,dynamic_scene,1,0,1,0,1
180,000179.png,data/cogar_sim_500_final/rgb/000179.png,1514,5,plastic_object,161.0,102.0,70.0,51.0,2748.0,dynamic_scene,1,0,1,0,1
180,000179.png,data/cogar_sim_500_final/rgb/000179.png,1515,2,robot_gripper,180.0,200.0,282.0,203.0,16223.0,dynamic_scene,1,0,1,0,1
180,000179.png,data/cogar_sim_500_final/rgb/000179.png,1516,2,robot_gripper,347.0,297.0,52.0,54.0,1555.0,dynamic_scene,1,0,1,0,1
181,000180.png,data/cogar_sim_500_final/rgb/000180.png,1517,1,table,431.0,335.0,209.0,145.0,15192.0,reflective_metal,1,0,0,1,0
181,000180.png,data/cogar_sim_500_final/rgb/000180.png,1518,1,table,0.0,0.0,640.0,480.0,292008.0,reflective_metal,1,0,0,1,0
182,000181.png,data/cogar_sim_500_final/rgb/000181.png,1519,1,table,0.0,159.0,640.0,321.0,169104.0,transparent_glass,1,1,1,0,0
182,000181.png,data/cogar_sim_500_final/rgb/000181.png,1520,1,table,0.0,0.0,640.0,186.0,88840.0,transparent_glass,1,1,1,0,0
182,000181.png,data/cogar_sim_500_final/rgb/000181.png,1521,5,plastic_object,93.0,209.0,57.0,48.0,2341.0,transparent_glass,1,1,1,0,0
182,000181.png,data/cogar_sim_500_final/rgb/000181.png,1522,4,glass_object,84.0,124.0,88.0,110.0,7263.0,transparent_glass,1,1,1,0,0
182,000181.png,data/cogar_sim_500_final/rgb/000181.png,1523,10,box,165.0,132.0,89.0,104.0,2909.0,transparent_glass,1,1,1,0,0
182,000181.png,data/cogar_sim_500_final/rgb/000181.png,1524,9,tool,252.0,188.0,107.0,46.0,1517.0,transparent_glass,1,1,1,0,0
182,000181.png,data/cogar_sim_500_final/rgb/000181.png,1525,10,box,358.0,190.0,73.0,111.0,7694.0,transparent_glass,1,1,1,0,0
182,000181.png,data/cogar_sim_500_final/rgb/000181.png,1526,5,plastic_object,191.0,197.0,92.0,95.0,6730.0,transparent_glass,1,1,1,0,0
182,000181.png,data/cogar_sim_500_final/rgb/000181.png,1527,4,glass_object,195.0,107.0,59.0,110.0,4072.0,transparent_glass,1,1,1,0,0
182,000181.png,data/cogar_sim_500_final/rgb/000181.png,1528,2,robot_gripper,232.0,113.0,243.0,67.0,14181.0,transparent_glass,1,1,1,0,0
182,000181.png,data/cogar_sim_500_final/rgb/000181.png,1529,2,robot_gripper,294.0,116.0,30.0,132.0,2040.0,transparent_glass,1,1,1,0,0
182,000181.png,data/cogar_sim_500_final/rgb/000181.png,1530,2,robot_gripper,372.0,173.0,32.0,17.0,509.0,transparent_glass,1,1,1,0,0
183,000182.png,data/cogar_sim_500_final/rgb/000182.png,1531,1,table,0.0,405.0,79.0,75.0,2999.0,partial_occlusion,1,0,1,1,0
183,000182.png,data/cogar_sim_500_final/rgb/000182.png,1532,1,table,0.0,0.0,640.0,480.0,304201.0,partial_occlusion,1,0,1,1,0
184,000183.png,data/cogar_sim_500_final/rgb/000183.png,1533,1,table,464.0,201.0,176.0,279.0,24666.0,small_parts,0,0,1,1,0
184,000183.png,data/cogar_sim_500_final/rgb/000183.png,1534,1,table,0.0,0.0,640.0,480.0,282534.0,small_parts,0,0,1,1,0
185,000184.png,data/cogar_sim_500_final/rgb/000184.png,1535,1,table,0.0,0.0,640.0,480.0,275073.0,dynamic_scene,1,1,1,0,1
185,000184.png,data/cogar_sim_500_final/rgb/000184.png,1536,5,plastic_object,201.0,126.0,59.0,66.0,3111.0,dynamic_scene,1,1,1,0,1
185,000184.png,data/cogar_sim_500_final/rgb/000184.png,1537,9,tool,24.0,245.0,216.0,71.0,4863.0,dynamic_scene,1,1,1,0,1
185,000184.png,data/cogar_sim_500_final/rgb/000184.png,1538,8,cable,158.0,134.0,173.0,118.0,1907.0,dynamic_scene,1,1,1,0,1
185,000184.png,data/cogar_sim_500_final/rgb/000184.png,1539,4,glass_object,114.0,181.0,102.0,82.0,6189.0,dynamic_scene,1,1,1,0,1
185,000184.png,data/cogar_sim_500_final/rgb/000184.png,1540,3,metal_part,431.0,115.0,64.0,54.0,2741.0,dynamic_scene,1,1,1,0,1
185,000184.png,data/cogar_sim_500_final/rgb/000184.png,1541,2,robot_gripper,208.0,204.0,249.0,182.0,12279.0,dynamic_scene,1,1,1,0,1
185,000184.png,data/cogar_sim_500_final/rgb/000184.png,1542,2,robot_gripper,370.0,291.0,26.0,17.0,39.0,dynamic_scene,1,1,1,0,1
185,000184.png,data/cogar_sim_500_final/rgb/000184.png,1543,2,robot_gripper,268.0,293.0,42.0,45.0,998.0,dynamic_scene,1,1,1,0,1
186,000185.png,data/cogar_sim_500_final/rgb/000185.png,1544,1,table,0.0,0.0,558.0,480.0,223688.0,reflective_metal,1,0,0,0,0
186,000185.png,data/cogar_sim_500_final/rgb/000185.png,1545,1,table,552.0,0.0,88.0,480.0,40624.0,reflective_metal,1,0,0,0,0
186,000185.png,data/cogar_sim_500_final/rgb/000185.png,1546,9,tool,313.0,123.0,49.0,84.0,2533.0,reflective_metal,1,0,0,0,0
186,000185.png,data/cogar_sim_500_final/rgb/000185.png,1547,9,tool,233.0,134.0,35.0,151.0,3734.0,reflective_metal,1,0,0,0,0
186,000185.png,data/cogar_sim_500_final/rgb/000185.png,1548,3,metal_part,263.0,165.0,41.0,61.0,1924.0,reflective_metal,1,0,0,0,0
186,000185.png,data/cogar_sim_500_final/rgb/000185.png,1549,5,plastic_object,175.0,366.0,61.0,53.0,2436.0,reflective_metal,1,0,0,0,0
186,000185.png,data/cogar_sim_500_final/rgb/000185.png,1550,3,metal_part,387.0,315.0,69.0,68.0,2724.0,reflective_metal,1,0,0,0,0
186,000185.png,data/cogar_sim_500_final/rgb/000185.png,1551,10,box,145.0,267.0,150.0,120.0,11862.0,reflective_metal,1,0,0,0,0
186,000185.png,data/cogar_sim_500_final/rgb/000185.png,1552,9,tool,47.0,310.0,322.0,59.0,5714.0,reflective_metal,1,0,0,0,0
186,000185.png,data/cogar_sim_500_final/rgb/000185.png,1553,3,metal_part,385.0,351.0,40.0,38.0,895.0,reflective_metal,1,0,0,0,0
187,000186.png,data/cogar_sim_500_final/rgb/000186.png,1554,1,table,368.0,400.0,272.0,80.0,11043.0,transparent_glass,1,1,1,0,0
187,000186.png,data/cogar_sim_500_final/rgb/000186.png,1555,1,table,0.0,0.0,640.0,480.0,296157.0,transparent_glass,1,1,1,0,0
188,000187.png,data/cogar_sim_500_final/rgb/000187.png,1556,1,table,0.0,53.0,640.0,427.0,171628.0,partial_occlusion,1,1,1,1,0
188,000187.png,data/cogar_sim_500_final/rgb/000187.png,1557,1,table,0.0,0.0,547.0,197.0,56159.0,partial_occlusion,1,1,1,1,0
188,000187.png,data/cogar_sim_500_final/rgb/000187.png,1558,3,metal_part,337.0,137.0,57.0,32.0,1478.0,partial_occlusion,1,1,1,1,0
188,000187.png,data/cogar_sim_500_final/rgb/000187.png,1559,4,glass_object,0.0,184.0,143.0,159.0,20503.0,partial_occlusion,1,1,1,1,0
188,000187.png,data/cogar_sim_500_final/rgb/000187.png,1560,7,connector,178.0,349.0,76.0,81.0,4246.0,partial_occlusion,1,1,1,1,0
188,000187.png,data/cogar_sim_500_final/rgb/000187.png,1561,5,plastic_object,233.0,238.0,82.0,130.0,9062.0,partial_occlusion,1,1,1,1,0
188,000187.png,data/cogar_sim_500_final/rgb/000187.png,1562,3,metal_part,424.0,118.0,54.0,66.0,3384.0,partial_occlusion,1,1,1,1,0
188,000187.png,data/cogar_sim_500_final/rgb/000187.png,1563,8,cable,261.0,123.0,153.0,87.0,893.0,partial_occlusion,1,1,1,1,0
188,000187.png,data/cogar_sim_500_final/rgb/000187.png,1564,8,cable,279.0,186.0,173.0,180.0,3336.0,partial_occlusion,1,1,1,1,0
188,000187.png,data/cogar_sim_500_final/rgb/000187.png,1565,2,robot_gripper,138.0,47.0,276.0,149.0,22969.0,partial_occlusion,1,1,1,1,0
188,000187.png,data/cogar_sim_500_final/rgb/000187.png,1566,2,robot_gripper,200.0,82.0,63.0,178.0,4038.0,partial_occlusion,1,1,1,1,0
188,000187.png,data/cogar_sim_500_final/rgb/000187.png,1567,2,robot_gripper,285.0,141.0,52.0,79.0,3318.0,partial_occlusion,1,1,1,1,0
189,000188.png,data/cogar_sim_500_final/rgb/000188.png,1568,1,table,0.0,153.0,113.0,327.0,18589.0,small_parts,0,0,1,1,0
189,000188.png,data/cogar_sim_500_final/rgb/000188.png,1569,1,table,0.0,0.0,640.0,480.0,288611.0,small_parts,0,0,1,1,0
190,000189.png,data/cogar_sim_500_final/rgb/000189.png,1570,1,table,0.0,0.0,640.0,480.0,261291.0,dynamic_scene,0,0,0,1,1
190,000189.png,data/cogar_sim_500_final/rgb/000189.png,1571,1,table,509.0,65.0,131.0,415.0,27386.0,dynamic_scene,0,0,0,1,1
190,000189.png,data/cogar_sim_500_final/rgb/000189.png,1572,8,cable,383.0,0.0,177.0,258.0,2480.0,dynamic_scene,0,0,0,1,1
190,000189.png,data/cogar_sim_500_final/rgb/000189.png,1573,6,screw,68.0,384.0,25.0,21.0,426.0,dynamic_scene,0,0,0,1,1
190,000189.png,data/cogar_sim_500_final/rgb/000189.png,1574,5,plastic_object,454.0,32.0,90.0,68.0,4382.0,dynamic_scene,0,0,0,1,1
190,000189.png,data/cogar_sim_500_final/rgb/000189.png,1575,5,plastic_object,86.0,338.0,128.0,115.0,8252.0,dynamic_scene,0,0,0,1,1
190,000189.png,data/cogar_sim_500_final/rgb/000189.png,1576,7,connector,464.0,39.0,80.0,26.0,155.0,dynamic_scene,0,0,0,1,1
190,000189.png,data/cogar_sim_500_final/rgb/000189.png,1577,6,screw,380.0,118.0,23.0,20.0,294.0,dynamic_scene,0,0,0,1,1
190,000189.png,data/cogar_sim_500_final/rgb/000189.png,1578,8,cable,171.0,79.0,192.0,173.0,2534.0,dynamic_scene,0,0,0,1,1
191,000190.png,data/cogar_sim_500_final/rgb/000190.png,1579,1,table,0.0,0.0,640.0,480.0,266317.0,reflective_metal,1,0,1,1,0
191,000190.png,data/cogar_sim_500_final/rgb/000190.png,1580,7,connector,605.0,259.0,35.0,89.0,2026.0,reflective_metal,1,0,1,1,0
191,000190.png,data/cogar_sim_500_final/rgb/000190.png,1581,3,metal_part,441.0,9.0,71.0,68.0,3714.0,reflective_metal,1,0,1,1,0
191,000190.png,data/cogar_sim_500_final/rgb/000190.png,1582,9,tool,497.0,0.0,50.0,124.0,3843.0,reflective_metal,1,0,1,1,0
191,000190.png,data/cogar_sim_500_final/rgb/000190.png,1583,3,metal_part,521.0,245.0,41.0,48.0,552.0,reflective_metal,1,0,1,1,0
191,000190.png,data/cogar_sim_500_final/rgb/000190.png,1584,9,tool,160.0,173.0,252.0,82.0,8179.0,reflective_metal,1,0,1,1,0
191,000190.png,data/cogar_sim_500_final/rgb/000190.png,1585,2,robot_gripper,305.0,157.0,325.0,201.0,19375.0,reflective_metal,1,0,1,1,0
191,000190.png,data/cogar_sim_500_final/rgb/000190.png,1586,2,robot_gripper,489.0,254.0,65.0,36.0,1199.0,reflective_metal,1,0,1,1,0
191,000190.png,data/cogar_sim_500_final/rgb/000190.png,1587,2,robot_gripper,398.0,274.0,55.0,61.0,1995.0,reflective_metal,1,0,1,1,0
192,000191.png,data/cogar_sim_500_final/rgb/000191.png,1588,1,table,0.0,0.0,640.0,480.0,245662.0,transparent_glass,0,1,1,0,0
192,000191.png,data/cogar_sim_500_final/rgb/000191.png,1589,1,table,466.0,0.0,174.0,277.0,24207.0,transparent_glass,0,1,1,0,0
192,000191.png,data/cogar_sim_500_final/rgb/000191.png,1590,4,glass_object,207.0,193.0,68.0,99.0,4681.0,transparent_glass,0,1,1,0,0
192,000191.png,data/cogar_sim_500_final/rgb/000191.png,1591,4,glass_object,359.0,35.0,78.0,98.0,5767.0,transparent_glass,0,1,1,0,0
192,000191.png,data/cogar_sim_500_final/rgb/000191.png,1592,4,glass_object,237.0,0.0,68.0,50.0,2686.0,transparent_glass,0,1,1,0,0
192,000191.png,data/cogar_sim_500_final/rgb/000191.png,1593,4,glass_object,251.0,35.0,70.0,111.0,4809.0,transparent_glass,0,1,1,0,0
192,000191.png,data/cogar_sim_500_final/rgb/000191.png,1594,2,robot_gripper,194.0,30.0,164.0,333.0,16813.0,transparent_glass,0,1,1,0,0
192,000191.png,data/cogar_sim_500_final/rgb/000191.png,1595,2,robot_gripper,244.0,116.0,55.0,56.0,1556.0,transparent_glass,0,1,1,0,0
192,000191.png,data/cogar_sim_500_final/rgb/000191.png,1596,2,robot_gripper,311.0,204.0,36.0,45.0,1019.0,transparent_glass,0,1,1,0,0
193,000192.png,data/cogar_sim_500_final/rgb/000192.png,1597,1,table,0.0,19.0,640.0,461.0,231487.0,partial_occlusion,1,0,1,1,0
193,000192.png,data/cogar_sim_500_final/rgb/000192.png,1598,9,tool,387.0,225.0,3.0,16.0,33.0,partial_occlusion,1,0,1,1,0
193,000192.png,data/cogar_sim_500_final/rgb/000192.png,1599,9,tool,313.0,241.0,83.0,52.0,867.0,partial_occlusion,1,0,1,1,0
193,000192.png,data/cogar_sim_500_final/rgb/000192.png,1600,5,plastic_object,391.0,202.0,69.0,86.0,4013.0,partial_occlusion,1,0,1,1,0
193,000192.png,data/cogar_sim_500_final/rgb/000192.png,1601,10,box,388.0,167.0,120.0,122.0,6824.0,partial_occlusion,1,0,1,1,0
193,000192.png,data/cogar_sim_500_final/rgb/000192.png,1602,6,screw,174.0,273.0,15.0,14.0,165.0,partial_occlusion,1,0,1,1,0
193,000192.png,data/cogar_sim_500_final/rgb/000192.png,1603,2,robot_gripper,290.0,103.0,98.0,165.0,8915.0,partial_occlusion,1,0,1,1,0
193,000192.png,data/cogar_sim_500_final/rgb/000192.png,1604,2,robot_gripper,324.0,232.0,39.0,58.0,1035.0,partial_occlusion,1,0,1,1,0
193,000192.png,data/cogar_sim_500_final/rgb/000192.png,1605,2,robot_gripper,274.0,137.0,38.0,131.0,4462.0,partial_occlusion,1,0,1,1,0
194,000193.png,data/cogar_sim_500_final/rgb/000193.png,1606,1,table,0.0,115.0,640.0,365.0,176912.0,small_parts,1,0,0,1,0
194,000193.png,data/cogar_sim_500_final/rgb/000193.png,1607,1,table,0.0,0.0,640.0,169.0,88166.0,small_parts,1,0,0,1,0
194,000193.png,data/cogar_sim_500_final/rgb/000193.png,1608,5,plastic_object,522.0,350.0,102.0,111.0,8690.0,small_parts,1,0,0,1,0
194,000193.png,data/cogar_sim_500_final/rgb/000193.png,1609,3,metal_part,239.0,210.0,59.0,52.0,2185.0,small_parts,1,0,0,1,0
194,000193.png,data/cogar_sim_500_final/rgb/000193.png,1610,6,screw,216.0,209.0,19.0,21.0,337.0,small_parts,1,0,0,1,0
194,000193.png,data/cogar_sim_500_final/rgb/000193.png,1611,7,connector,377.0,386.0,77.0,70.0,3243.0,small_parts,1,0,0,1,0
194,000193.png,data/cogar_sim_500_final/rgb/000193.png,1612,7,connector,334.0,342.0,45.0,63.0,1760.0,small_parts,1,0,0,1,0
194,000193.png,data/cogar_sim_500_final/rgb/000193.png,1613,6,screw,0.0,363.0,20.0,31.0,523.0,small_parts,1,0,0,1,0
194,000193.png,data/cogar_sim_500_final/rgb/000193.png,1614,9,tool,0.0,256.0,206.0,70.0,7624.0,small_parts,1,0,0,1,0
194,000193.png,data/cogar_sim_500_final/rgb/000193.png,1615,3,metal_part,42.0,99.0,62.0,114.0,6630.0,small_parts,1,0,0,1,0
194,000193.png,data/cogar_sim_500_final/rgb/000193.png,1616,9,tool,102.0,157.0,105.0,39.0,3031.0,small_parts,1,0,0,1,0
194,000193.png,data/cogar_sim_500_final/rgb/000193.png,1617,7,connector,90.0,338.0,87.0,76.0,3620.0,small_parts,1,0,0,1,0
194,000193.png,data/cogar_sim_500_final/rgb/000193.png,1618,3,metal_part,468.0,122.0,82.0,101.0,4479.0,small_parts,1,0,0,1,0
195,000194.png,data/cogar_sim_500_final/rgb/000194.png,1619,1,table,0.0,0.0,640.0,480.0,209004.0,dynamic_scene,1,0,1,0,1
195,000194.png,data/cogar_sim_500_final/rgb/000194.png,1620,1,table,65.0,0.0,575.0,210.0,60463.0,dynamic_scene,1,0,1,0,1
195,000194.png,data/cogar_sim_500_final/rgb/000194.png,1621,5,plastic_object,150.0,143.0,30.0,43.0,872.0,dynamic_scene,1,0,1,0,1
195,000194.png,data/cogar_sim_500_final/rgb/000194.png,1622,5,plastic_object,45.0,155.0,57.0,107.0,3529.0,dynamic_scene,1,0,1,0,1
195,000194.png,data/cogar_sim_500_final/rgb/000194.png,1623,5,plastic_object,331.0,201.0,14.0,23.0,201.0,dynamic_scene,1,0,1,0,1
195,000194.png,data/cogar_sim_500_final/rgb/000194.png,1624,3,metal_part,88.0,135.0,70.0,126.0,6624.0,dynamic_scene,1,0,1,0,1
195,000194.png,data/cogar_sim_500_final/rgb/000194.png,1625,3,metal_part,481.0,329.0,49.0,73.0,2797.0,dynamic_scene,1,0,1,0,1
195,000194.png,data/cogar_sim_500_final/rgb/000194.png,1626,5,plastic_object,357.0,209.0,73.0,69.0,3362.0,dynamic_scene,1,0,1,0,1
195,000194.png,data/cogar_sim_500_final/rgb/000194.png,1627,2,robot_gripper,288.0,114.0,232.0,131.0,17861.0,dynamic_scene,1,0,1,0,1
195,000194.png,data/cogar_sim_500_final/rgb/000194.png,1628,2,robot_gripper,344.0,123.0,46.0,118.0,603.0,dynamic_scene,1,0,1,0,1
195,000194.png,data/cogar_sim_500_final/rgb/000194.png,1629,2,robot_gripper,424.0,146.0,57.0,141.0,1884.0,dynamic_scene,1,0,1,0,1
196,000195.png,data/cogar_sim_500_final/rgb/000195.png,1630,1,table,0.0,4.0,640.0,476.0,197901.0,reflective_metal,1,0,0,1,0
196,000195.png,data/cogar_sim_500_final/rgb/000195.png,1631,1,table,177.0,0.0,463.0,290.0,66610.0,reflective_metal,1,0,0,1,0
196,000195.png,data/cogar_sim_500_final/rgb/000195.png,1632,3,metal_part,317.0,105.0,43.0,63.0,1286.0,reflective_metal,1,0,0,1,0
196,000195.png,data/cogar_sim_500_final/rgb/000195.png,1633,3,metal_part,550.0,235.0,84.0,130.0,5796.0,reflective_metal,1,0,0,1,0
196,000195.png,data/cogar_sim_500_final/rgb/000195.png,1634,7,connector,262.0,142.0,30.0,20.0,256.0,reflective_metal,1,0,0,1,0
196,000195.png,data/cogar_sim_500_final/rgb/000195.png,1635,9,tool,227.0,88.0,159.0,106.0,2404.0,reflective_metal,1,0,0,1,0
196,000195.png,data/cogar_sim_500_final/rgb/000195.png,1636,3,metal_part,501.0,238.0,91.0,71.0,4545.0,reflective_metal,1,0,0,1,0
196,000195.png,data/cogar_sim_500_final/rgb/000195.png,1637,3,metal_part,278.0,287.0,85.0,69.0,3634.0,reflective_metal,1,0,0,1,0
196,000195.png,data/cogar_sim_500_final/rgb/000195.png,1638,3,metal_part,329.0,194.0,78.0,87.0,5244.0,reflective_metal,1,0,0,1,0
196,000195.png,data/cogar_sim_500_final/rgb/000195.png,1639,3,metal_part,240.0,156.0,45.0,62.0,1186.0,reflective_metal,1,0,0,1,0
196,000195.png,data/cogar_sim_500_final/rgb/000195.png,1640,3,metal_part,370.0,364.0,54.0,67.0,2832.0,reflective_metal,1,0,0,1,0
196,000195.png,data/cogar_sim_500_final/rgb/000195.png,1641,10,box,254.0,138.0,104.0,143.0,10501.0,reflective_metal,1,0,0,1,0
197,000196.png,data/cogar_sim_500_final/rgb/000196.png,1642,1,table,0.0,310.0,45.0,170.0,3911.0,transparent_glass,1,1,0,1,0
197,000196.png,data/cogar_sim_500_final/rgb/000196.png,1643,1,table,0.0,0.0,640.0,480.0,303289.0,transparent_glass,1,1,0,1,0
198,000197.png,data/cogar_sim_500_final/rgb/000197.png,1644,1,table,449.0,385.0,191.0,95.0,9109.0,partial_occlusion,1,1,1,1,0
198,000197.png,data/cogar_sim_500_final/rgb/000197.png,1645,1,table,0.0,0.0,640.0,480.0,298091.0,partial_occlusion,1,1,1,1,0
199,000198.png,data/cogar_sim_500_final/rgb/000198.png,1646,1,table,0.0,282.0,230.0,198.0,22925.0,small_parts,1,0,0,1,0
199,000198.png,data/cogar_sim_500_final/rgb/000198.png,1647,1,table,0.0,0.0,640.0,480.0,273467.0,small_parts,1,0,0,1,0
200,000199.png,data/cogar_sim_500_final/rgb/000199.png,1648,1,table,0.0,25.0,640.0,455.0,197516.0,dynamic_scene,0,1,1,0,1
200,000199.png,data/cogar_sim_500_final/rgb/000199.png,1649,1,table,373.0,0.0,267.0,349.0,49974.0,dynamic_scene,0,1,1,0,1
200,000199.png,data/cogar_sim_500_final/rgb/000199.png,1650,5,plastic_object,267.0,155.0,36.0,44.0,1248.0,dynamic_scene,0,1,1,0,1
200,000199.png,data/cogar_sim_500_final/rgb/000199.png,1651,5,plastic_object,416.0,256.0,121.0,145.0,12733.0,dynamic_scene,0,1,1,0,1
200,000199.png,data/cogar_sim_500_final/rgb/000199.png,1652,4,glass_object,239.0,190.0,154.0,172.0,21112.0,dynamic_scene,0,1,1,0,1
200,000199.png,data/cogar_sim_500_final/rgb/000199.png,1653,2,robot_gripper,278.0,36.0,84.0,160.0,9290.0,dynamic_scene,0,1,1,0,1
200,000199.png,data/cogar_sim_500_final/rgb/000199.png,1654,2,robot_gripper,307.0,49.0,41.0,48.0,928.0,dynamic_scene,0,1,1,0,1
200,000199.png,data/cogar_sim_500_final/rgb/000199.png,1655,2,robot_gripper,349.0,102.0,21.0,101.0,879.0,dynamic_scene,0,1,1,0,1
201,000200.png,data/cogar_sim_500_final/rgb/000200.png,1656,1,table,0.0,105.0,640.0,375.0,164686.0,reflective_metal,1,0,0,0,0
201,000200.png,data/cogar_sim_500_final/rgb/000200.png,1657,1,table,139.0,0.0,501.0,295.0,99014.0,reflective_metal,1,0,0,0,0
201,000200.png,data/cogar_sim_500_final/rgb/000200.png,1658,9,tool,176.0,181.0,184.0,52.0,2791.0,reflective_metal,1,0,0,0,0
201,000200.png,data/cogar_sim_500_final/rgb/000200.png,1659,9,tool,221.0,194.0,202.0,78.0,3364.0,reflective_metal,1,0,0,0,0
201,000200.png,data/cogar_sim_500_final/rgb/000200.png,1660,9,tool,149.0,236.0,14.0,35.0,330.0,reflective_metal,1,0,0,0,0
201,000200.png,data/cogar_sim_500_final/rgb/000200.png,1661,3,metal_part,286.0,197.0,61.0,115.0,4301.0,reflective_metal,1,0,0,0,0
201,000200.png,data/cogar_sim_500_final/rgb/000200.png,1662,9,tool,333.0,262.0,113.0,96.0,4834.0,reflective_metal,1,0,0,0,0
201,000200.png,data/cogar_sim_500_final/rgb/000200.png,1663,10,box,70.0,159.0,109.0,126.0,10697.0,reflective_metal,1,0,0,0,0
202,000201.png,data/cogar_sim_500_final/rgb/000201.png,1664,1,table,0.0,36.0,640.0,444.0,188466.0,transparent_glass,0,1,1,0,0
202,000201.png,data/cogar_sim_500_final/rgb/000201.png,1665,1,table,299.0,0.0,341.0,347.0,65291.0,transparent_glass,0,1,1,0,0
202,000201.png,data/cogar_sim_500_final/rgb/000201.png,1666,5,plastic_object,255.0,320.0,91.0,79.0,6399.0,transparent_glass,0,1,1,0,0
202,000201.png,data/cogar_sim_500_final/rgb/000201.png,1667,4,glass_object,266.0,53.0,63.0,89.0,2433.0,transparent_glass,0,1,1,0,0
202,000201.png,data/cogar_sim_500_final/rgb/000201.png,1668,4,glass_object,186.0,155.0,57.0,148.0,6923.0,transparent_glass,0,1,1,0,0
202,000201.png,data/cogar_sim_500_final/rgb/000201.png,1669,4,glass_object,326.0,249.0,78.0,123.0,7825.0,transparent_glass,0,1,1,0,0
202,000201.png,data/cogar_sim_500_final/rgb/000201.png,1670,10,box,229.0,136.0,102.0,92.0,1927.0,transparent_glass,0,1,1,0,0
202,000201.png,data/cogar_sim_500_final/rgb/000201.png,1671,4,glass_object,247.0,86.0,78.0,121.0,3029.0,transparent_glass,0,1,1,0,0
202,000201.png,data/cogar_sim_500_final/rgb/000201.png,1672,2,robot_gripper,252.0,93.0,46.0,153.0,5477.0,transparent_glass,0,1,1,0,0
202,000201.png,data/cogar_sim_500_final/rgb/000201.png,1673,2,robot_gripper,263.0,119.0,30.0,21.0,303.0,transparent_glass,0,1,1,0,0
202,000201.png,data/cogar_sim_500_final/rgb/000201.png,1674,2,robot_gripper,288.0,151.0,31.0,114.0,2728.0,transparent_glass,0,1,1,0,0
203,000202.png,data/cogar_sim_500_final/rgb/000202.png,1675,1,table,0.0,0.0,640.0,480.0,212600.0,partial_occlusion,1,1,1,0,0
203,000202.png,data/cogar_sim_500_final/rgb/000202.png,1676,1,table,312.0,0.0,328.0,291.0,47859.0,partial_occlusion,1,1,1,0,0
203,000202.png,data/cogar_sim_500_final/rgb/000202.png,1677,5,plastic_object,383.0,362.0,75.0,118.0,5991.0,partial_occlusion,1,1,1,0,0
203,000202.png,data/cogar_sim_500_final/rgb/000202.png,1678,4,glass_object,235.0,299.0,98.0,158.0,10550.0,partial_occlusion,1,1,1,0,0
203,000202.png,data/cogar_sim_500_final/rgb/000202.png,1679,4,glass_object,331.0,127.0,52.0,76.0,2795.0,partial_occlusion,1,1,1,0,0
203,000202.png,data/cogar_sim_500_final/rgb/000202.png,1680,5,plastic_object,323.0,383.0,113.0,97.0,6460.0,partial_occlusion,1,1,1,0,0
203,000202.png,data/cogar_sim_500_final/rgb/000202.png,1681,3,metal_part,252.0,285.0,34.0,25.0,417.0,partial_occlusion,1,1,1,0,0
203,000202.png,data/cogar_sim_500_final/rgb/000202.png,1682,2,robot_gripper,279.0,72.0,70.0,291.0,15134.0,partial_occlusion,1,1,1,0,0
203,000202.png,data/cogar_sim_500_final/rgb/000202.png,1683,2,robot_gripper,283.0,126.0,41.0,28.0,1092.0,partial_occlusion,1,1,1,0,0
203,000202.png,data/cogar_sim_500_final/rgb/000202.png,1684,2,robot_gripper,337.0,191.0,43.0,129.0,4302.0,partial_occlusion,1,1,1,0,0
204,000203.png,data/cogar_sim_500_final/rgb/000203.png,1685,1,table,0.0,0.0,640.0,480.0,234943.0,small_parts,1,0,1,1,0
204,000203.png,data/cogar_sim_500_final/rgb/000203.png,1686,1,table,0.0,0.0,285.0,268.0,38233.0,small_parts,1,0,1,1,0
204,000203.png,data/cogar_sim_500_final/rgb/000203.png,1687,7,connector,209.0,177.0,67.0,66.0,1721.0,small_parts,1,0,1,1,0
204,000203.png,data/cogar_sim_500_final/rgb/000203.png,1688,8,cable,387.0,110.0,253.0,69.0,3394.0,small_parts,1,0,1,1,0
204,000203.png,data/cogar_sim_500_final/rgb/000203.png,1689,5,plastic_object,272.0,236.0,54.0,41.0,1458.0,small_parts,1,0,1,1,0
204,000203.png,data/cogar_sim_500_final/rgb/000203.png,1690,5,plastic_object,293.0,248.0,51.0,67.0,1444.0,small_parts,1,0,1,1,0
204,000203.png,data/cogar_sim_500_final/rgb/000203.png,1691,6,screw,462.0,104.0,23.0,18.0,356.0,small_parts,1,0,1,1,0
204,000203.png,data/cogar_sim_500_final/rgb/000203.png,1692,7,connector,79.0,256.0,55.0,70.0,2109.0,small_parts,1,0,1,1,0
204,000203.png,data/cogar_sim_500_final/rgb/000203.png,1693,3,metal_part,234.0,109.0,64.0,57.0,2510.0,small_parts,1,0,1,1,0
204,000203.png,data/cogar_sim_500_final/rgb/000203.png,1694,7,connector,409.0,334.0,48.0,43.0,1266.0,small_parts,1,0,1,1,0
204,000203.png,data/cogar_sim_500_final/rgb/000203.png,1695,3,metal_part,285.0,153.0,91.0,96.0,4476.0,small_parts,1,0,1,1,0
204,000203.png,data/cogar_sim_500_final/rgb/000203.png,1696,7,connector,235.0,457.0,23.0,23.0,417.0,small_parts,1,0,1,1,0
204,000203.png,data/cogar_sim_500_final/rgb/000203.png,1697,7,connector,372.0,219.0,54.0,46.0,1398.0,small_parts,1,0,1,1,0
204,000203.png,data/cogar_sim_500_final/rgb/000203.png,1698,6,screw,270.0,436.0,16.0,17.0,214.0,small_parts,1,0,1,1,0
204,000203.png,data/cogar_sim_500_final/rgb/000203.png,1699,2,robot_gripper,229.0,257.0,198.0,192.0,10240.0,small_parts,1,0,1,1,0
204,000203.png,data/cogar_sim_500_final/rgb/000203.png,1700,2,robot_gripper,252.0,334.0,51.0,63.0,1683.0,small_parts,1,0,1,1,0
204,000203.png,data/cogar_sim_500_final/rgb/000203.png,1701,2,robot_gripper,322.0,278.0,51.0,51.0,1338.0,small_parts,1,0,1,1,0
205,000204.png,data/cogar_sim_500_final/rgb/000204.png,1702,1,table,0.0,141.0,640.0,339.0,173950.0,dynamic_scene,0,0,1,0,1
205,000204.png,data/cogar_sim_500_final/rgb/000204.png,1703,1,table,0.0,0.0,619.0,239.0,103100.0,dynamic_scene,0,0,1,0,1
205,000204.png,data/cogar_sim_500_final/rgb/000204.png,1704,5,plastic_object,263.0,188.0,31.0,30.0,790.0,dynamic_scene,0,0,1,0,1
205,000204.png,data/cogar_sim_500_final/rgb/000204.png,1705,5,plastic_object,396.0,172.0,51.0,58.0,2330.0,dynamic_scene,0,0,1,0,1
205,000204.png,data/cogar_sim_500_final/rgb/000204.png,1706,5,plastic_object,365.0,147.0,57.0,56.0,1807.0,dynamic_scene,0,0,1,0,1
205,000204.png,data/cogar_sim_500_final/rgb/000204.png,1707,5,plastic_object,329.0,179.0,36.0,66.0,2207.0,dynamic_scene,0,0,1,0,1
205,000204.png,data/cogar_sim_500_final/rgb/000204.png,1708,5,plastic_object,41.0,222.0,67.0,65.0,3476.0,dynamic_scene,0,0,1,0,1
205,000204.png,data/cogar_sim_500_final/rgb/000204.png,1709,2,robot_gripper,189.0,125.0,190.0,75.0,9960.0,dynamic_scene,0,0,1,0,1
205,000204.png,data/cogar_sim_500_final/rgb/000204.png,1710,2,robot_gripper,226.0,120.0,38.0,140.0,2904.0,dynamic_scene,0,0,1,0,1
205,000204.png,data/cogar_sim_500_final/rgb/000204.png,1711,2,robot_gripper,293.0,118.0,36.0,129.0,2570.0,dynamic_scene,0,0,1,0,1
206,000205.png,data/cogar_sim_500_final/rgb/000205.png,1712,1,table,0.0,97.0,640.0,383.0,122668.0,reflective_metal,1,0,0,1,0
206,000205.png,data/cogar_sim_500_final/rgb/000205.png,1713,1,table,0.0,0.0,481.0,283.0,90606.0,reflective_metal,1,0,0,1,0
206,000205.png,data/cogar_sim_500_final/rgb/000205.png,1714,10,box,411.0,159.0,226.0,156.0,23086.0,reflective_metal,1,0,0,1,0
206,000205.png,data/cogar_sim_500_final/rgb/000205.png,1715,9,tool,269.0,202.0,219.0,85.0,3891.0,reflective_metal,1,0,0,1,0
206,000205.png,data/cogar_sim_500_final/rgb/000205.png,1716,3,metal_part,335.0,244.0,133.0,156.0,18604.0,reflective_metal,1,0,0,1,0
206,000205.png,data/cogar_sim_500_final/rgb/000205.png,1717,10,box,0.0,251.0,199.0,180.0,25768.0,reflective_metal,1,0,0,1,0
206,000205.png,data/cogar_sim_500_final/rgb/000205.png,1718,5,plastic_object,461.0,282.0,40.0,76.0,2205.0,reflective_metal,1,0,0,1,0
206,000205.png,data/cogar_sim_500_final/rgb/000205.png,1719,7,connector,308.0,284.0,32.0,45.0,1059.0,reflective_metal,1,0,0,1,0
206,000205.png,data/cogar_sim_500_final/rgb/000205.png,1720,3,metal_part,300.0,190.0,40.0,51.0,1358.0,reflective_metal,1,0,0,1,0
207,000206.png,data/cogar_sim_500_final/rgb/000206.png,1721,1,table,0.0,0.0,640.0,480.0,266113.0,transparent_glass,0,1,1,0,0
207,000206.png,data/cogar_sim_500_final/rgb/000206.png,1722,10,box,104.0,214.0,139.0,141.0,10960.0,transparent_glass,0,1,1,0,0
207,000206.png,data/cogar_sim_500_final/rgb/000206.png,1723,10,box,230.0,0.0,123.0,132.0,10114.0,transparent_glass,0,1,1,0,0
207,000206.png,data/cogar_sim_500_final/rgb/000206.png,1724,8,cable,325.0,145.0,18.0,167.0,2290.0,transparent_glass,0,1,1,0,0
207,000206.png,data/cogar_sim_500_final/rgb/000206.png,1725,4,glass_object,450.0,128.0,88.0,102.0,6662.0,transparent_glass,0,1,1,0,0
207,000206.png,data/cogar_sim_500_final/rgb/000206.png,1726,2,robot_gripper,226.0,208.0,74.0,210.0,9550.0,transparent_glass,0,1,1,0,0
207,000206.png,data/cogar_sim_500_final/rgb/000206.png,1727,2,robot_gripper,275.0,259.0,42.0,34.0,1135.0,transparent_glass,0,1,1,0,0
207,000206.png,data/cogar_sim_500_final/rgb/000206.png,1728,2,robot_gripper,278.0,337.0,15.0,41.0,376.0,transparent_glass,0,1,1,0,0
208,000207.png,data/cogar_sim_500_final/rgb/000207.png,1729,1,table,0.0,0.0,640.0,480.0,248697.0,partial_occlusion,0,1,1,1,0
208,000207.png,data/cogar_sim_500_final/rgb/000207.png,1730,1,table,453.0,67.0,187.0,413.0,38889.0,partial_occlusion,0,1,1,1,0
208,000207.png,data/cogar_sim_500_final/rgb/000207.png,1731,7,connector,187.0,69.0,55.0,51.0,1528.0,partial_occlusion,0,1,1,1,0
208,000207.png,data/cogar_sim_500_final/rgb/000207.png,1732,5,plastic_object,277.0,262.0,49.0,50.0,1402.0,partial_occlusion,0,1,1,1,0
208,000207.png,data/cogar_sim_500_final/rgb/000207.png,1733,6,screw,383.0,165.0,22.0,25.0,349.0,partial_occlusion,0,1,1,1,0
208,000207.png,data/cogar_sim_500_final/rgb/000207.png,1734,4,glass_object,273.0,168.0,79.0,90.0,4277.0,partial_occlusion,0,1,1,1,0
208,000207.png,data/cogar_sim_500_final/rgb/000207.png,1735,2,robot_gripper,152.0,209.0,171.0,192.0,9556.0,partial_occlusion,0,1,1,1,0
208,000207.png,data/cogar_sim_500_final/rgb/000207.png,1736,2,robot_gripper,254.0,246.0,51.0,49.0,1276.0,partial_occlusion,0,1,1,1,0
208,000207.png,data/cogar_sim_500_final/rgb/000207.png,1737,2,robot_gripper,223.0,330.0,48.0,51.0,1226.0,partial_occlusion,0,1,1,1,0
209,000208.png,data/cogar_sim_500_final/rgb/000208.png,1738,1,table,0.0,0.0,640.0,480.0,139684.0,small_parts,1,0,0,1,0
209,000208.png,data/cogar_sim_500_final/rgb/000208.png,1739,1,table,0.0,0.0,590.0,480.0,153676.0,small_parts,1,0,0,1,0
209,000208.png,data/cogar_sim_500_final/rgb/000208.png,1740,6,screw,468.0,267.0,20.0,30.0,390.0,small_parts,1,0,0,1,0
209,000208.png,data/cogar_sim_500_final/rgb/000208.png,1741,7,connector,406.0,298.0,21.0,22.0,267.0,small_parts,1,0,0,1,0
209,000208.png,data/cogar_sim_500_final/rgb/000208.png,1742,6,screw,475.0,256.0,22.0,24.0,307.0,small_parts,1,0,0,1,0
209,000208.png,data/cogar_sim_500_final/rgb/000208.png,1743,3,metal_part,307.0,116.0,49.0,73.0,2465.0,small_parts,1,0,0,1,0
210,000209.png,data/cogar_sim_500_final/rgb/000209.png,1744,1,table,0.0,20.0,640.0,460.0,205426.0,dynamic_scene,0,0,1,1,1
210,000209.png,data/cogar_sim_500_final/rgb/000209.png,1745,1,table,223.0,0.0,417.0,319.0,70779.0,dynamic_scene,0,0,1,1,1
210,000209.png,data/cogar_sim_500_final/rgb/000209.png,1746,5,plastic_object,276.0,225.0,54.0,40.0,981.0,dynamic_scene,0,0,1,1,1
210,000209.png,data/cogar_sim_500_final/rgb/000209.png,1747,5,plastic_object,192.0,228.0,46.0,65.0,2338.0,dynamic_scene,0,0,1,1,1
210,000209.png,data/cogar_sim_500_final/rgb/000209.png,1748,6,screw,297.0,212.0,2.0,6.0,10.0,dynamic_scene,0,0,1,1,1
210,000209.png,data/cogar_sim_500_final/rgb/000209.png,1749,2,robot_gripper,169.0,90.0,235.0,119.0,13492.0,dynamic_scene,0,0,1,1,1
210,000209.png,data/cogar_sim_500_final/rgb/000209.png,1750,2,robot_gripper,263.0,106.0,35.0,105.0,1192.0,dynamic_scene,0,0,1,1,1
210,000209.png,data/cogar_sim_500_final/rgb/000209.png,1751,2,robot_gripper,298.0,125.0,39.0,132.0,2712.0,dynamic_scene,0,0,1,1,1
211,000210.png,data/cogar_sim_500_final/rgb/000210.png,1752,1,table,0.0,61.0,640.0,419.0,184611.0,reflective_metal,1,0,1,0,0
211,000210.png,data/cogar_sim_500_final/rgb/000210.png,1753,1,table,0.0,0.0,640.0,201.0,83735.0,reflective_metal,1,0,1,0,0
211,000210.png,data/cogar_sim_500_final/rgb/000210.png,1754,3,metal_part,160.0,279.0,140.0,148.0,11865.0,reflective_metal,1,0,1,0,0
211,000210.png,data/cogar_sim_500_final/rgb/000210.png,1755,3,metal_part,241.0,212.0,44.0,41.0,182.0,reflective_metal,1,0,1,0,0
211,000210.png,data/cogar_sim_500_final/rgb/000210.png,1756,9,tool,285.0,225.0,211.0,154.0,7249.0,reflective_metal,1,0,1,0,0
211,000210.png,data/cogar_sim_500_final/rgb/000210.png,1757,5,plastic_object,435.0,262.0,85.0,53.0,3620.0,reflective_metal,1,0,1,0,0
211,000210.png,data/cogar_sim_500_final/rgb/000210.png,1758,2,robot_gripper,200.0,123.0,206.0,104.0,13233.0,reflective_metal,1,0,1,0,0
211,000210.png,data/cogar_sim_500_final/rgb/000210.png,1759,2,robot_gripper,240.0,147.0,40.0,119.0,1520.0,reflective_metal,1,0,1,0,0
211,000210.png,data/cogar_sim_500_final/rgb/000210.png,1760,2,robot_gripper,317.0,196.0,35.0,43.0,1185.0,reflective_metal,1,0,1,0,0
212,000211.png,data/cogar_sim_500_final/rgb/000211.png,1761,1,table,0.0,0.0,640.0,480.0,255223.0,transparent_glass,0,1,1,0,0
212,000211.png,data/cogar_sim_500_final/rgb/000211.png,1762,4,glass_object,158.0,64.0,111.0,142.0,7698.0,transparent_glass,0,1,1,0,0
212,000211.png,data/cogar_sim_500_final/rgb/000211.png,1763,5,plastic_object,209.0,214.0,70.0,88.0,4838.0,transparent_glass,0,1,1,0,0
212,000211.png,data/cogar_sim_500_final/rgb/000211.png,1764,4,glass_object,288.0,209.0,91.0,177.0,14047.0,transparent_glass,0,1,1,0,0
212,000211.png,data/cogar_sim_500_final/rgb/000211.png,1765,2,robot_gripper,209.0,45.0,210.0,150.0,14862.0,transparent_glass,0,1,1,0,0
212,000211.png,data/cogar_sim_500_final/rgb/000211.png,1766,2,robot_gripper,255.0,91.0,51.0,150.0,3314.0,transparent_glass,0,1,1,0,0
212,000211.png,data/cogar_sim_500_final/rgb/000211.png,1767,2,robot_gripper,297.0,69.0,45.0,121.0,1284.0,transparent_glass,0,1,1,0,0
213,000212.png,data/cogar_sim_500_final/rgb/000212.png,1768,1,table,0.0,0.0,640.0,480.0,233281.0,partial_occlusion,1,0,1,0,0
213,000212.png,data/cogar_sim_500_final/rgb/000212.png,1769,10,box,312.0,300.0,185.0,179.0,16903.0,partial_occlusion,1,0,1,0,0
213,000212.png,data/cogar_sim_500_final/rgb/000212.png,1770,9,tool,139.0,0.0,187.0,103.0,7597.0,partial_occlusion,1,0,1,0,0
213,000212.png,data/cogar_sim_500_final/rgb/000212.png,1771,3,metal_part,462.0,252.0,170.0,110.0,13676.0,partial_occlusion,1,0,1,0,0
213,000212.png,data/cogar_sim_500_final/rgb/000212.png,1772,5,plastic_object,316.0,15.0,95.0,106.0,5451.0,partial_occlusion,1,0,1,0,0
213,000212.png,data/cogar_sim_500_final/rgb/000212.png,1773,5,plastic_object,168.0,316.0,86.0,65.0,3761.0,partial_occlusion,1,0,1,0,0
213,000212.png,data/cogar_sim_500_final/rgb/000212.png,1774,5,plastic_object,179.0,101.0,89.0,91.0,4128.0,partial_occlusion,1,0,1,0,0
213,000212.png,data/cogar_sim_500_final/rgb/000212.png,1775,2,robot_gripper,218.0,118.0,314.0,212.0,19635.0,partial_occlusion,1,0,1,0,0
213,000212.png,data/cogar_sim_500_final/rgb/000212.png,1776,2,robot_gripper,307.0,144.0,55.0,59.0,1790.0,partial_occlusion,1,0,1,0,0
213,000212.png,data/cogar_sim_500_final/rgb/000212.png,1777,2,robot_gripper,413.0,195.0,52.0,38.0,978.0,partial_occlusion,1,0,1,0,0
214,000213.png,data/cogar_sim_500_final/rgb/000213.png,1778,1,table,0.0,0.0,640.0,480.0,225270.0,small_parts,1,0,1,1,0
214,000213.png,data/cogar_sim_500_final/rgb/000213.png,1779,1,table,0.0,370.0,8.0,110.0,480.0,small_parts,1,0,1,1,0
214,000213.png,data/cogar_sim_500_final/rgb/000213.png,1780,6,screw,470.0,272.0,34.0,31.0,687.0,small_parts,1,0,1,1,0
214,000213.png,data/cogar_sim_500_final/rgb/000213.png,1781,8,cable,26.0,192.0,423.0,23.0,5421.0,small_parts,1,0,1,1,0
214,000213.png,data/cogar_sim_500_final/rgb/000213.png,1782,7,connector,138.0,130.0,77.0,45.0,2431.0,small_parts,1,0,1,1,0
214,000213.png,data/cogar_sim_500_final/rgb/000213.png,1783,5,plastic_object,313.0,148.0,16.0,23.0,153.0,small_parts,1,0,1,1,0
214,000213.png,data/cogar_sim_500_final/rgb/000213.png,1784,5,plastic_object,311.0,147.0,7.0,33.0,151.0,small_parts,1,0,1,1,0
214,000213.png,data/cogar_sim_500_final/rgb/000213.png,1785,8,cable,471.0,347.0,169.0,61.0,3590.0,small_parts,1,0,1,1,0
214,000213.png,data/cogar_sim_500_final/rgb/000213.png,1786,10,box,353.0,78.0,187.0,150.0,18715.0,small_parts,1,0,1,1,0
214,000213.png,data/cogar_sim_500_final/rgb/000213.png,1787,9,tool,197.0,165.0,156.0,59.0,1970.0,small_parts,1,0,1,1,0
214,000213.png,data/cogar_sim_500_final/rgb/000213.png,1788,6,screw,158.0,417.0,40.0,37.0,760.0,small_parts,1,0,1,1,0
214,000213.png,data/cogar_sim_500_final/rgb/000213.png,1789,2,robot_gripper,195.0,12.0,205.0,154.0,13023.0,small_parts,1,0,1,1,0
214,000213.png,data/cogar_sim_500_final/rgb/000213.png,1790,2,robot_gripper,246.0,57.0,66.0,204.0,10976.0,small_parts,1,0,1,1,0
214,000213.png,data/cogar_sim_500_final/rgb/000213.png,1791,2,robot_gripper,216.0,18.0,59.0,199.0,5190.0,small_parts,1,0,1,1,0
215,000214.png,data/cogar_sim_500_final/rgb/000214.png,1792,1,table,0.0,19.0,640.0,461.0,178183.0,dynamic_scene,1,0,1,1,1
215,000214.png,data/cogar_sim_500_final/rgb/000214.png,1793,1,table,0.0,0.0,640.0,184.0,64984.0,dynamic_scene,1,0,1,1,1
215,000214.png,data/cogar_sim_500_final/rgb/000214.png,1794,3,metal_part,185.0,190.0,97.0,94.0,4810.0,dynamic_scene,1,0,1,1,1
215,000214.png,data/cogar_sim_500_final/rgb/000214.png,1795,5,plastic_object,291.0,254.0,70.0,81.0,4444.0,dynamic_scene,1,0,1,1,1
215,000214.png,data/cogar_sim_500_final/rgb/000214.png,1796,9,tool,134.0,332.0,321.0,122.0,12010.0,dynamic_scene,1,0,1,1,1
215,000214.png,data/cogar_sim_500_final/rgb/000214.png,1797,8,cable,86.0,239.0,294.0,62.0,3373.0,dynamic_scene,1,0,1,1,1
215,000214.png,data/cogar_sim_500_final/rgb/000214.png,1798,7,connector,513.0,347.0,48.0,75.0,2473.0,dynamic_scene,1,0,1,1,1
215,000214.png,data/cogar_sim_500_final/rgb/000214.png,1799,2,robot_gripper,194.0,134.0,382.0,135.0,31019.0,dynamic_scene,1,0,1,1,1
215,000214.png,data/cogar_sim_500_final/rgb/000214.png,1800,2,robot_gripper,321.0,121.0,43.0,148.0,2223.0,dynamic_scene,1,0,1,1,1
215,000214.png,data/cogar_sim_500_final/rgb/000214.png,1801,2,robot_gripper,411.0,143.0,55.0,170.0,3681.0,dynamic_scene,1,0,1,1,1
216,000215.png,data/cogar_sim_500_final/rgb/000215.png,1802,1,table,0.0,452.0,640.0,28.0,16388.0,reflective_metal,1,0,1,0,0
216,000215.png,data/cogar_sim_500_final/rgb/000215.png,1803,1,table,0.0,0.0,640.0,456.0,290812.0,reflective_metal,1,0,1,0,0
217,000216.png,data/cogar_sim_500_final/rgb/000216.png,1804,1,table,0.0,32.0,640.0,448.0,172010.0,transparent_glass,0,1,1,0,0
217,000216.png,data/cogar_sim_500_final/rgb/000216.png,1805,1,table,168.0,0.0,472.0,206.0,39461.0,transparent_glass,0,1,1,0,0
217,000216.png,data/cogar_sim_500_final/rgb/000216.png,1806,4,glass_object,389.0,39.0,95.0,60.0,3223.0,transparent_glass,0,1,1,0,0
217,000216.png,data/cogar_sim_500_final/rgb/000216.png,1807,4,glass_object,271.0,35.0,141.0,216.0,15531.0,transparent_glass,0,1,1,0,0
217,000216.png,data/cogar_sim_500_final/rgb/000216.png,1808,4,glass_object,506.0,197.0,134.0,231.0,25455.0,transparent_glass,0,1,1,0,0
217,000216.png,data/cogar_sim_500_final/rgb/000216.png,1809,10,box,376.0,171.0,127.0,87.0,4348.0,transparent_glass,0,1,1,0,0
217,000216.png,data/cogar_sim_500_final/rgb/000216.png,1810,4,glass_object,483.0,91.0,70.0,147.0,5303.0,transparent_glass,0,1,1,0,0
217,000216.png,data/cogar_sim_500_final/rgb/000216.png,1811,4,glass_object,212.0,65.0,69.0,184.0,10994.0,transparent_glass,0,1,1,0,0
217,000216.png,data/cogar_sim_500_final/rgb/000216.png,1812,2,robot_gripper,299.0,85.0,218.0,109.0,14961.0,transparent_glass,0,1,1,0,0
217,000216.png,data/cogar_sim_500_final/rgb/000216.png,1813,2,robot_gripper,373.0,76.0,37.0,164.0,1659.0,transparent_glass,0,1,1,0,0
217,000216.png,data/cogar_sim_500_final/rgb/000216.png,1814,2,robot_gripper,423.0,83.0,62.0,201.0,5777.0,transparent_glass,0,1,1,0,0
218,000217.png,data/cogar_sim_500_final/rgb/000217.png,1815,1,table,0.0,38.0,640.0,442.0,205411.0,partial_occlusion,1,1,1,1,0
218,000217.png,data/cogar_sim_500_final/rgb/000217.png,1816,1,table,0.0,0.0,640.0,142.0,52285.0,partial_occlusion,1,1,1,1,0
218,000217.png,data/cogar_sim_500_final/rgb/000217.png,1817,10,box,421.0,31.0,137.0,118.0,9145.0,partial_occlusion,1,1,1,1,0
218,000217.png,data/cogar_sim_500_final/rgb/000217.png,1818,3,metal_part,79.0,173.0,38.0,122.0,3547.0,partial_occlusion,1,1,1,1,0
218,000217.png,data/cogar_sim_500_final/rgb/000217.png,1819,6,screw,116.0,201.0,16.0,16.0,179.0,partial_occlusion,1,1,1,1,0
218,000217.png,data/cogar_sim_500_final/rgb/000217.png,1820,4,glass_object,241.0,49.0,77.0,141.0,5074.0,partial_occlusion,1,1,1,1,0
218,000217.png,data/cogar_sim_500_final/rgb/000217.png,1821,9,tool,326.0,108.0,117.0,106.0,474.0,partial_occlusion,1,1,1,1,0
218,000217.png,data/cogar_sim_500_final/rgb/000217.png,1822,5,plastic_object,414.0,230.0,101.0,94.0,7669.0,partial_occlusion,1,1,1,1,0
218,000217.png,data/cogar_sim_500_final/rgb/000217.png,1823,2,robot_gripper,249.0,96.0,241.0,113.0,18449.0,partial_occlusion,1,1,1,1,0
218,000217.png,data/cogar_sim_500_final/rgb/000217.png,1824,2,robot_gripper,291.0,103.0,43.0,162.0,3351.0,partial_occlusion,1,1,1,1,0
218,000217.png,data/cogar_sim_500_final/rgb/000217.png,1825,2,robot_gripper,381.0,183.0,45.0,48.0,1616.0,partial_occlusion,1,1,1,1,0
219,000218.png,data/cogar_sim_500_final/rgb/000218.png,1826,1,table,0.0,0.0,640.0,480.0,205298.0,small_parts,0,0,1,1,0
219,000218.png,data/cogar_sim_500_final/rgb/000218.png,1827,1,table,0.0,0.0,399.0,260.0,49229.0,small_parts,0,0,1,1,0
219,000218.png,data/cogar_sim_500_final/rgb/000218.png,1828,6,screw,279.0,119.0,15.0,15.0,173.0,small_parts,0,0,1,1,0
219,000218.png,data/cogar_sim_500_final/rgb/000218.png,1829,7,connector,107.0,273.0,84.0,62.0,2578.0,small_parts,0,0,1,1,0
219,000218.png,data/cogar_sim_500_final/rgb/000218.png,1830,6,screw,160.0,276.0,16.0,7.0,85.0,small_parts,0,0,1,1,0
219,000218.png,data/cogar_sim_500_final/rgb/000218.png,1831,10,box,104.0,112.0,180.0,118.0,11260.0,small_parts,0,0,1,1,0
219,000218.png,data/cogar_sim_500_final/rgb/000218.png,1832,6,screw,442.0,159.0,21.0,18.0,267.0,small_parts,0,0,1,1,0
219,000218.png,data/cogar_sim_500_final/rgb/000218.png,1833,7,connector,201.0,257.0,7.0,7.0,26.0,small_parts,0,0,1,1,0
219,000218.png,data/cogar_sim_500_final/rgb/000218.png,1834,7,connector,402.0,183.0,82.0,34.0,2581.0,small_parts,0,0,1,1,0
219,000218.png,data/cogar_sim_500_final/rgb/000218.png,1835,5,plastic_object,477.0,144.0,71.0,95.0,5056.0,small_parts,0,0,1,1,0
219,000218.png,data/cogar_sim_500_final/rgb/000218.png,1836,6,screw,297.0,391.0,22.0,28.0,450.0,small_parts,0,0,1,1,0
219,000218.png,data/cogar_sim_500_final/rgb/000218.png,1837,7,connector,122.0,217.0,77.0,41.0,2148.0,small_parts,0,0,1,1,0
219,000218.png,data/cogar_sim_500_final/rgb/000218.png,1838,2,robot_gripper,184.0,83.0,269.0,194.0,23630.0,small_parts,0,0,1,1,0
219,000218.png,data/cogar_sim_500_final/rgb/000218.png,1839,2,robot_gripper,254.0,233.0,53.0,77.0,2813.0,small_parts,0,0,1,1,0
219,000218.png,data/cogar_sim_500_final/rgb/000218.png,1840,2,robot_gripper,312.0,119.0,50.0,129.0,1325.0,small_parts,0,0,1,1,0
220,000219.png,data/cogar_sim_500_final/rgb/000219.png,1841,1,table,0.0,0.0,640.0,480.0,262279.0,dynamic_scene,1,0,1,0,1
220,000219.png,data/cogar_sim_500_final/rgb/000219.png,1842,1,table,478.0,0.0,162.0,19.0,1623.0,dynamic_scene,1,0,1,0,1
220,000219.png,data/cogar_sim_500_final/rgb/000219.png,1843,3,metal_part,213.0,221.0,39.0,14.0,323.0,dynamic_scene,1,0,1,0,1
220,000219.png,data/cogar_sim_500_final/rgb/000219.png,1844,5,plastic_object,328.0,342.0,92.0,93.0,6713.0,dynamic_scene,1,0,1,0,1
220,000219.png,data/cogar_sim_500_final/rgb/000219.png,1845,8,cable,277.0,87.0,30.0,393.0,5458.0,dynamic_scene,1,0,1,0,1
220,000219.png,data/cogar_sim_500_final/rgb/000219.png,1846,5,plastic_object,458.0,75.0,83.0,117.0,6821.0,dynamic_scene,1,0,1,0,1
220,000219.png,data/cogar_sim_500_final/rgb/000219.png,1847,5,plastic_object,449.0,299.0,100.0,84.0,6586.0,dynamic_scene,1,0,1,0,1
220,000219.png,data/cogar_sim_500_final/rgb/000219.png,1848,2,robot_gripper,77.0,200.0,256.0,115.0,15602.0,dynamic_scene,1,0,1,0,1
220,000219.png,data/cogar_sim_500_final/rgb/000219.png,1849,2,robot_gripper,136.0,197.0,62.0,27.0,725.0,dynamic_scene,1,0,1,0,1
220,000219.png,data/cogar_sim_500_final/rgb/000219.png,1850,2,robot_gripper,250.0,211.0,46.0,34.0,1070.0,dynamic_scene,1,0,1,0,1
221,000220.png,data/cogar_sim_500_final/rgb/000220.png,1851,1,table,0.0,0.0,640.0,480.0,272183.0,reflective_metal,1,0,0,1,0
221,000220.png,data/cogar_sim_500_final/rgb/000220.png,1852,3,metal_part,357.0,336.0,86.0,73.0,4987.0,reflective_metal,1,0,0,1,0
221,000220.png,data/cogar_sim_500_final/rgb/000220.png,1853,3,metal_part,151.0,336.0,86.0,90.0,4140.0,reflective_metal,1,0,0,1,0
221,000220.png,data/cogar_sim_500_final/rgb/000220.png,1854,3,metal_part,364.0,212.0,63.0,75.0,4256.0,reflective_metal,1,0,0,1,0
221,000220.png,data/cogar_sim_500_final/rgb/000220.png,1855,3,metal_part,412.0,256.0,52.0,92.0,3511.0,reflective_metal,1,0,0,1,0
221,000220.png,data/cogar_sim_500_final/rgb/000220.png,1856,3,metal_part,224.0,251.0,65.0,98.0,4279.0,reflective_metal,1,0,0,1,0
221,000220.png,data/cogar_sim_500_final/rgb/000220.png,1857,9,tool,456.0,81.0,90.0,162.0,3186.0,reflective_metal,1,0,0,1,0
221,000220.png,data/cogar_sim_500_final/rgb/000220.png,1858,3,metal_part,471.0,118.0,120.0,93.0,7146.0,reflective_metal,1,0,0,1,0
221,000220.png,data/cogar_sim_500_final/rgb/000220.png,1859,3,metal_part,353.0,129.0,40.0,45.0,1287.0,reflective_metal,1,0,0,1,0
221,000220.png,data/cogar_sim_500_final/rgb/000220.png,1860,7,connector,217.0,330.0,38.0,61.0,1092.0,reflective_metal,1,0,0,1,0
221,000220.png,data/cogar_sim_500_final/rgb/000220.png,1861,3,metal_part,473.0,240.0,43.0,35.0,1133.0,reflective_metal,1,0,0,1,0
222,000221.png,data/cogar_sim_500_final/rgb/000221.png,1862,1,table,0.0,0.0,640.0,480.0,242777.0,transparent_glass,1,1,1,0,0
222,000221.png,data/cogar_sim_500_final/rgb/000221.png,1863,1,table,0.0,393.0,152.0,87.0,6683.0,transparent_glass,1,1,1,0,0
222,000221.png,data/cogar_sim_500_final/rgb/000221.png,1864,3,metal_part,560.0,322.0,66.0,83.0,4280.0,transparent_glass,1,1,1,0,0
222,000221.png,data/cogar_sim_500_final/rgb/000221.png,1865,9,tool,353.0,325.0,201.0,155.0,6214.0,transparent_glass,1,1,1,0,0
222,000221.png,data/cogar_sim_500_final/rgb/000221.png,1866,5,plastic_object,226.0,285.0,39.0,54.0,873.0,transparent_glass,1,1,1,0,0
222,000221.png,data/cogar_sim_500_final/rgb/000221.png,1867,4,glass_object,150.0,37.0,139.0,145.0,11247.0,transparent_glass,1,1,1,0,0
222,000221.png,data/cogar_sim_500_final/rgb/000221.png,1868,3,metal_part,383.0,119.0,120.0,150.0,10024.0,transparent_glass,1,1,1,0,0
222,000221.png,data/cogar_sim_500_final/rgb/000221.png,1869,4,glass_object,616.0,197.0,24.0,68.0,1231.0,transparent_glass,1,1,1,0,0
222,000221.png,data/cogar_sim_500_final/rgb/000221.png,1870,2,robot_gripper,137.0,90.0,213.0,292.0,18140.0,transparent_glass,1,1,1,0,0
222,000221.png,data/cogar_sim_500_final/rgb/000221.png,1871,2,robot_gripper,250.0,261.0,67.0,64.0,2267.0,transparent_glass,1,1,1,0,0
222,000221.png,data/cogar_sim_500_final/rgb/000221.png,1872,2,robot_gripper,133.0,195.0,82.0,73.0,3464.0,transparent_glass,1,1,1,0,0
223,000222.png,data/cogar_sim_500_final/rgb/000222.png,1873,1,table,0.0,420.0,640.0,60.0,25210.0,partial_occlusion,1,1,1,1,0
223,000222.png,data/cogar_sim_500_final/rgb/000222.png,1874,1,table,0.0,0.0,640.0,461.0,281990.0,partial_occlusion,1,1,1,1,0
224,000223.png,data/cogar_sim_500_final/rgb/000223.png,1875,1,table,0.0,0.0,640.0,480.0,269567.0,small_parts,1,0,1,1,0
224,000223.png,data/cogar_sim_500_final/rgb/000223.png,1876,7,connector,306.0,284.0,61.0,80.0,2145.0,small_parts,1,0,1,1,0
224,000223.png,data/cogar_sim_500_final/rgb/000223.png,1877,8,cable,196.0,168.0,277.0,295.0,3805.0,small_parts,1,0,1,1,0
224,000223.png,data/cogar_sim_500_final/rgb/000223.png,1878,3,metal_part,492.0,156.0,70.0,46.0,2478.0,small_parts,1,0,1,1,0
224,000223.png,data/cogar_sim_500_final/rgb/000223.png,1879,7,connector,308.0,110.0,47.0,42.0,1798.0,small_parts,1,0,1,1,0
224,000223.png,data/cogar_sim_500_final/rgb/000223.png,1880,7,connector,60.0,248.0,40.0,77.0,2361.0,small_parts,1,0,1,1,0
224,000223.png,data/cogar_sim_500_final/rgb/000223.png,1881,6,screw,527.0,112.0,26.0,23.0,426.0,small_parts,1,0,1,1,0
224,000223.png,data/cogar_sim_500_final/rgb/000223.png,1882,7,connector,469.0,118.0,37.0,95.0,2012.0,small_parts,1,0,1,1,0
224,000223.png,data/cogar_sim_500_final/rgb/000223.png,1883,6,screw,321.0,331.0,26.0,14.0,65.0,small_parts,1,0,1,1,0
224,000223.png,data/cogar_sim_500_final/rgb/000223.png,1884,7,connector,209.0,322.0,50.0,78.0,1730.0,small_parts,1,0,1,1,0
224,000223.png,data/cogar_sim_500_final/rgb/000223.png,1885,7,connector,114.0,296.0,31.0,33.0,445.0,small_parts,1,0,1,1,0
224,000223.png,data/cogar_sim_500_final/rgb/000223.png,1886,3,metal_part,26.0,313.0,112.0,58.0,4478.0,small_parts,1,0,1,1,0
224,000223.png,data/cogar_sim_500_final/rgb/000223.png,1887,7,connector,220.0,300.0,75.0,26.0,1384.0,small_parts,1,0,1,1,0
224,000223.png,data/cogar_sim_500_final/rgb/000223.png,1888,2,robot_gripper,123.0,159.0,163.0,215.0,13419.0,small_parts,1,0,1,1,0
224,000223.png,data/cogar_sim_500_final/rgb/000223.png,1889,2,robot_gripper,134.0,274.0,30.0,35.0,458.0,small_parts,1,0,1,1,0
224,000223.png,data/cogar_sim_500_final/rgb/000223.png,1890,2,robot_gripper,183.0,184.0,33.0,40.0,629.0,small_parts,1,0,1,1,0
225,000224.png,data/cogar_sim_500_final/rgb/000224.png,1891,1,table,0.0,20.0,640.0,460.0,244362.0,dynamic_scene,0,0,1,1,1
225,000224.png,data/cogar_sim_500_final/rgb/000224.png,1892,5,plastic_object,332.0,298.0,49.0,63.0,2418.0,dynamic_scene,0,0,1,1,1
225,000224.png,data/cogar_sim_500_final/rgb/000224.png,1893,7,connector,380.0,229.0,34.0,32.0,202.0,dynamic_scene,0,0,1,1,1
225,000224.png,data/cogar_sim_500_final/rgb/000224.png,1894,5,plastic_object,383.0,188.0,2.0,26.0,9.0,dynamic_scene,0,0,1,1,1
225,000224.png,data/cogar_sim_500_final/rgb/000224.png,1895,8,cable,443.0,245.0,19.0,103.0,1423.0,dynamic_scene,0,0,1,1,1
225,000224.png,data/cogar_sim_500_final/rgb/000224.png,1896,7,connector,308.0,240.0,27.0,49.0,1078.0,dynamic_scene,0,0,1,1,1
225,000224.png,data/cogar_sim_500_final/rgb/000224.png,1897,8,cable,338.0,182.0,116.0,95.0,837.0,dynamic_scene,0,0,1,1,1
225,000224.png,data/cogar_sim_500_final/rgb/000224.png,1898,2,robot_gripper,305.0,91.0,144.0,115.0,8473.0,dynamic_scene,0,0,1,1,1
225,000224.png,data/cogar_sim_500_final/rgb/000224.png,1899,2,robot_gripper,348.0,95.0,40.0,130.0,2162.0,dynamic_scene,0,0,1,1,1
225,000224.png,data/cogar_sim_500_final/rgb/000224.png,1900,2,robot_gripper,382.0,126.0,46.0,127.0,2311.0,dynamic_scene,0,0,1,1,1
226,000225.png,data/cogar_sim_500_final/rgb/000225.png,1901,1,table,0.0,0.0,640.0,480.0,278422.0,reflective_metal,1,0,1,1,0
226,000225.png,data/cogar_sim_500_final/rgb/000225.png,1902,9,tool,225.0,182.0,182.0,144.0,4595.0,reflective_metal,1,0,1,1,0
226,000225.png,data/cogar_sim_500_final/rgb/000225.png,1903,10,box,57.0,251.0,156.0,143.0,10021.0,reflective_metal,1,0,1,1,0
226,000225.png,data/cogar_sim_500_final/rgb/000225.png,1904,6,screw,336.0,91.0,23.0,25.0,388.0,reflective_metal,1,0,1,1,0
226,000225.png,data/cogar_sim_500_final/rgb/000225.png,1905,2,robot_gripper,261.0,177.0,238.0,115.0,11298.0,reflective_metal,1,0,1,1,0
226,000225.png,data/cogar_sim_500_final/rgb/000225.png,1906,2,robot_gripper,310.0,186.0,42.0,49.0,1350.0,reflective_metal,1,0,1,1,0
226,000225.png,data/cogar_sim_500_final/rgb/000225.png,1907,2,robot_gripper,400.0,188.0,48.0,37.0,1126.0,reflective_metal,1,0,1,1,0
227,000226.png,data/cogar_sim_500_final/rgb/000226.png,1908,1,table,0.0,432.0,86.0,48.0,2118.0,transparent_glass,1,1,1,1,0
227,000226.png,data/cogar_sim_500_final/rgb/000226.png,1909,1,table,0.0,0.0,640.0,480.0,297455.0,transparent_glass,1,1,1,1,0
228,000227.png,data/cogar_sim_500_final/rgb/000227.png,1910,1,table,0.0,0.0,640.0,480.0,262186.0,partial_occlusion,1,0,1,1,0
228,000227.png,data/cogar_sim_500_final/rgb/000227.png,1911,5,plastic_object,260.0,208.0,53.0,73.0,2969.0,partial_occlusion,1,0,1,1,0
228,000227.png,data/cogar_sim_500_final/rgb/000227.png,1912,3,metal_part,339.0,125.0,38.0,85.0,2376.0,partial_occlusion,1,0,1,1,0
228,000227.png,data/cogar_sim_500_final/rgb/000227.png,1913,6,screw,311.0,229.0,12.0,18.0,132.0,partial_occlusion,1,0,1,1,0
228,000227.png,data/cogar_sim_500_final/rgb/000227.png,1914,5,plastic_object,413.0,141.0,43.0,65.0,2181.0,partial_occlusion,1,0,1,1,0
228,000227.png,data/cogar_sim_500_final/rgb/000227.png,1915,3,metal_part,210.0,77.0,47.0,74.0,2830.0,partial_occlusion,1,0,1,1,0
228,000227.png,data/cogar_sim_500_final/rgb/000227.png,1916,7,connector,259.0,134.0,55.0,41.0,1624.0,partial_occlusion,1,0,1,1,0
228,000227.png,data/cogar_sim_500_final/rgb/000227.png,1917,2,robot_gripper,215.0,9.0,297.0,153.0,20809.0,partial_occlusion,1,0,1,1,0
228,000227.png,data/cogar_sim_500_final/rgb/000227.png,1918,2,robot_gripper,327.0,35.0,43.0,115.0,1186.0,partial_occlusion,1,0,1,1,0
228,000227.png,data/cogar_sim_500_final/rgb/000227.png,1919,2,robot_gripper,373.0,46.0,54.0,174.0,4554.0,partial_occlusion,1,0,1,1,0
229,000228.png,data/cogar_sim_500_final/rgb/000228.png,1920,1,table,0.0,127.0,640.0,353.0,179557.0,small_parts,1,0,1,1,0
229,000228.png,data/cogar_sim_500_final/rgb/000228.png,1921,1,table,0.0,0.0,640.0,142.0,81301.0,small_parts,1,0,1,1,0
229,000228.png,data/cogar_sim_500_final/rgb/000228.png,1922,7,connector,388.0,282.0,35.0,84.0,1791.0,small_parts,1,0,1,1,0
229,000228.png,data/cogar_sim_500_final/rgb/000228.png,1923,6,screw,57.0,340.0,32.0,29.0,415.0,small_parts,1,0,1,1,0
229,000228.png,data/cogar_sim_500_final/rgb/000228.png,1924,6,screw,393.0,173.0,11.0,5.0,30.0,small_parts,1,0,1,1,0
229,000228.png,data/cogar_sim_500_final/rgb/000228.png,1925,7,connector,355.0,309.0,66.0,67.0,2399.0,small_parts,1,0,1,1,0
229,000228.png,data/cogar_sim_500_final/rgb/000228.png,1926,6,screw,421.0,314.0,16.0,17.0,196.0,small_parts,1,0,1,1,0
229,000228.png,data/cogar_sim_500_final/rgb/000228.png,1927,7,connector,496.0,269.0,76.0,45.0,2813.0,small_parts,1,0,1,1,0
229,000228.png,data/cogar_sim_500_final/rgb/000228.png,1928,5,plastic_object,311.0,283.0,64.0,71.0,3373.0,small_parts,1,0,1,1,0
229,000228.png,data/cogar_sim_500_final/rgb/000228.png,1929,9,tool,413.0,211.0,165.0,230.0,11687.0,small_parts,1,0,1,1,0
229,000228.png,data/cogar_sim_500_final/rgb/000228.png,1930,2,robot_gripper,148.0,102.0,289.0,110.0,19294.0,small_parts,1,0,1,1,0
229,000228.png,data/cogar_sim_500_final/rgb/000228.png,1931,2,robot_gripper,232.0,102.0,41.0,155.0,2723.0,small_parts,1,0,1,1,0
229,000228.png,data/cogar_sim_500_final/rgb/000228.png,1932,2,robot_gripper,319.0,181.0,36.0,53.0,1621.0,small_parts,1,0,1,1,0
230,000229.png,data/cogar_sim_500_final/rgb/000229.png,1933,1,table,53.0,0.0,587.0,480.0,228016.0,dynamic_scene,0,0,1,0,1
230,000229.png,data/cogar_sim_500_final/rgb/000229.png,1934,1,table,0.0,0.0,128.0,480.0,43386.0,dynamic_scene,0,0,1,0,1
230,000229.png,data/cogar_sim_500_final/rgb/000229.png,1935,8,cable,398.0,44.0,65.0,44.0,851.0,dynamic_scene,0,0,1,0,1
230,000229.png,data/cogar_sim_500_final/rgb/000229.png,1936,8,cable,206.0,266.0,95.0,214.0,4437.0,dynamic_scene,0,0,1,0,1
230,000229.png,data/cogar_sim_500_final/rgb/000229.png,1937,5,plastic_object,339.0,299.0,50.0,72.0,3029.0,dynamic_scene,0,0,1,0,1
230,000229.png,data/cogar_sim_500_final/rgb/000229.png,1938,8,cable,180.0,244.0,245.0,106.0,1386.0,dynamic_scene,0,0,1,0,1
230,000229.png,data/cogar_sim_500_final/rgb/000229.png,1939,2,robot_gripper,190.0,37.0,211.0,248.0,20487.0,dynamic_scene,0,0,1,0,1
230,000229.png,data/cogar_sim_500_final/rgb/000229.png,1940,2,robot_gripper,260.0,168.0,51.0,128.0,3335.0,dynamic_scene,0,0,1,0,1
230,000229.png,data/cogar_sim_500_final/rgb/000229.png,1941,2,robot_gripper,251.0,69.0,54.0,77.0,2273.0,dynamic_scene,0,0,1,0,1
231,000230.png,data/cogar_sim_500_final/rgb/000230.png,1942,1,table,0.0,63.0,640.0,417.0,48321.0,reflective_metal,1,0,0,0,0
231,000230.png,data/cogar_sim_500_final/rgb/000230.png,1943,1,table,0.0,0.0,576.0,480.0,242555.0,reflective_metal,1,0,0,0,0
231,000230.png,data/cogar_sim_500_final/rgb/000230.png,1944,8,cable,35.0,271.0,31.0,20.0,383.0,reflective_metal,1,0,0,0,0
232,000231.png,data/cogar_sim_500_final/rgb/000231.png,1945,1,table,0.0,0.0,640.0,480.0,177556.0,transparent_glass,1,1,0,0,0
232,000231.png,data/cogar_sim_500_final/rgb/000231.png,1946,1,table,15.0,0.0,336.0,480.0,75528.0,transparent_glass,1,1,0,0,0
232,000231.png,data/cogar_sim_500_final/rgb/000231.png,1947,4,glass_object,301.0,0.0,51.0,142.0,6728.0,transparent_glass,1,1,0,0,0
232,000231.png,data/cogar_sim_500_final/rgb/000231.png,1948,3,metal_part,525.0,278.0,90.0,114.0,8309.0,transparent_glass,1,1,0,0,0
232,000231.png,data/cogar_sim_500_final/rgb/000231.png,1949,4,glass_object,277.0,216.0,114.0,161.0,13082.0,transparent_glass,1,1,0,0,0
232,000231.png,data/cogar_sim_500_final/rgb/000231.png,1950,4,glass_object,361.0,186.0,55.0,97.0,3612.0,transparent_glass,1,1,0,0,0
232,000231.png,data/cogar_sim_500_final/rgb/000231.png,1951,4,glass_object,157.0,73.0,38.0,79.0,1124.0,transparent_glass,1,1,0,0,0
232,000231.png,data/cogar_sim_500_final/rgb/000231.png,1952,4,glass_object,279.0,327.0,34.0,71.0,955.0,transparent_glass,1,1,0,0,0
232,000231.png,data/cogar_sim_500_final/rgb/000231.png,1953,10,box,396.0,134.0,75.0,125.0,6230.0,transparent_glass,1,1,0,0,0
232,000231.png,data/cogar_sim_500_final/rgb/000231.png,1954,4,glass_object,431.0,217.0,66.0,103.0,5456.0,transparent_glass,1,1,0,0,0
233,000232.png,data/cogar_sim_500_final/rgb/000232.png,1955,1,table,0.0,0.0,640.0,480.0,178150.0,partial_occlusion,1,1,1,0,0
233,000232.png,data/cogar_sim_500_final/rgb/000232.png,1956,1,table,0.0,0.0,546.0,213.0,52089.0,partial_occlusion,1,1,1,0,0
233,000232.png,data/cogar_sim_500_final/rgb/000232.png,1957,3,metal_part,330.0,141.0,83.0,104.0,4524.0,partial_occlusion,1,1,1,0,0
233,000232.png,data/cogar_sim_500_final/rgb/000232.png,1958,4,glass_object,166.0,168.0,84.0,181.0,12382.0,partial_occlusion,1,1,1,0,0
233,000232.png,data/cogar_sim_500_final/rgb/000232.png,1959,10,box,155.0,176.0,148.0,133.0,8370.0,partial_occlusion,1,1,1,0,0
233,000232.png,data/cogar_sim_500_final/rgb/000232.png,1960,8,cable,137.0,220.0,395.0,30.0,2204.0,partial_occlusion,1,1,1,0,0
233,000232.png,data/cogar_sim_500_final/rgb/000232.png,1961,9,tool,39.0,323.0,355.0,141.0,19988.0,partial_occlusion,1,1,1,0,0
233,000232.png,data/cogar_sim_500_final/rgb/000232.png,1962,10,box,380.0,145.0,120.0,139.0,11933.0,partial_occlusion,1,1,1,0,0
233,000232.png,data/cogar_sim_500_final/rgb/000232.png,1963,5,plastic_object,371.0,76.0,22.0,67.0,811.0,partial_occlusion,1,1,1,0,0
233,000232.png,data/cogar_sim_500_final/rgb/000232.png,1964,5,plastic_object,335.0,87.0,45.0,66.0,532.0,partial_occlusion,1,1,1,0,0
233,000232.png,data/cogar_sim_500_final/rgb/000232.png,1965,2,robot_gripper,174.0,70.0,203.0,86.0,12948.0,partial_occlusion,1,1,1,0,0
233,000232.png,data/cogar_sim_500_final/rgb/000232.png,1966,2,robot_gripper,208.0,75.0,39.0,102.0,1467.0,partial_occlusion,1,1,1,0,0
233,000232.png,data/cogar_sim_500_final/rgb/000232.png,1967,2,robot_gripper,281.0,58.0,34.0,138.0,1802.0,partial_occlusion,1,1,1,0,0
234,000233.png,data/cogar_sim_500_final/rgb/000233.png,1968,1,table,0.0,0.0,640.0,480.0,207930.0,small_parts,1,0,0,1,0
234,000233.png,data/cogar_sim_500_final/rgb/000233.png,1969,1,table,341.0,0.0,299.0,296.0,44243.0,small_parts,1,0,0,1,0
234,000233.png,data/cogar_sim_500_final/rgb/000233.png,1970,5,plastic_object,336.0,285.0,75.0,84.0,4995.0,small_parts,1,0,0,1,0
234,000233.png,data/cogar_sim_500_final/rgb/000233.png,1971,7,connector,299.0,137.0,52.0,54.0,1594.0,small_parts,1,0,0,1,0
234,000233.png,data/cogar_sim_500_final/rgb/000233.png,1972,3,metal_part,250.0,358.0,57.0,48.0,1291.0,small_parts,1,0,0,1,0
234,000233.png,data/cogar_sim_500_final/rgb/000233.png,1973,10,box,388.0,163.0,160.0,132.0,18439.0,small_parts,1,0,0,1,0
234,000233.png,data/cogar_sim_500_final/rgb/000233.png,1974,6,screw,143.0,203.0,13.0,26.0,267.0,small_parts,1,0,0,1,0
234,000233.png,data/cogar_sim_500_final/rgb/000233.png,1975,7,connector,274.0,202.0,62.0,78.0,2865.0,small_parts,1,0,0,1,0
234,000233.png,data/cogar_sim_500_final/rgb/000233.png,1976,6,screw,387.0,152.0,22.0,22.0,286.0,small_parts,1,0,0,1,0
234,000233.png,data/cogar_sim_500_final/rgb/000233.png,1977,10,box,196.0,372.0,171.0,108.0,11715.0,small_parts,1,0,0,1,0
234,000233.png,data/cogar_sim_500_final/rgb/000233.png,1978,9,tool,173.0,261.0,148.0,128.0,6661.0,small_parts,1,0,0,1,0
234,000233.png,data/cogar_sim_500_final/rgb/000233.png,1979,7,connector,341.0,361.0,94.0,61.0,3954.0,small_parts,1,0,0,1,0
234,000233.png,data/cogar_sim_500_final/rgb/000233.png,1980,6,screw,585.0,375.0,23.0,21.0,363.0,small_parts,1,0,0,1,0
234,000233.png,data/cogar_sim_500_final/rgb/000233.png,1981,7,connector,150.0,169.0,84.0,44.0,2171.0,small_parts,1,0,0,1,0
234,000233.png,data/cogar_sim_500_final/rgb/000233.png,1982,6,screw,264.0,212.0,18.0,27.0,426.0,small_parts,1,0,0,1,0
235,000234.png,data/cogar_sim_500_final/rgb/000234.png,1983,1,table,0.0,0.0,640.0,480.0,174645.0,dynamic_scene,0,0,0,1,1
235,000234.png,data/cogar_sim_500_final/rgb/000234.png,1984,1,table,123.0,0.0,517.0,235.0,58186.0,dynamic_scene,0,0,0,1,1
235,000234.png,data/cogar_sim_500_final/rgb/000234.png,1985,5,plastic_object,552.0,300.0,88.0,130.0,8732.0,dynamic_scene,0,0,0,1,1
235,000234.png,data/cogar_sim_500_final/rgb/000234.png,1986,5,plastic_object,70.0,189.0,84.0,103.0,5261.0,dynamic_scene,0,0,0,1,1
235,000234.png,data/cogar_sim_500_final/rgb/000234.png,1987,5,plastic_object,90.0,249.0,92.0,83.0,4381.0,dynamic_scene,0,0,0,1,1
235,000234.png,data/cogar_sim_500_final/rgb/000234.png,1988,8,cable,106.0,134.0,195.0,21.0,3038.0,dynamic_scene,0,0,0,1,1
235,000234.png,data/cogar_sim_500_final/rgb/000234.png,1989,8,cable,0.0,230.0,490.0,93.0,5313.0,dynamic_scene,0,0,0,1,1
235,000234.png,data/cogar_sim_500_final/rgb/000234.png,1990,7,connector,213.0,362.0,58.0,79.0,2911.0,dynamic_scene,0,0,0,1,1
235,000234.png,data/cogar_sim_500_final/rgb/000234.png,1991,5,plastic_object,249.0,263.0,114.0,183.0,17679.0,dynamic_scene,0,0,0,1,1
235,000234.png,data/cogar_sim_500_final/rgb/000234.png,1992,10,box,143.0,230.0,135.0,169.0,12867.0,dynamic_scene,0,0,0,1,1
235,000234.png,data/cogar_sim_500_final/rgb/000234.png,1993,5,plastic_object,486.0,166.0,123.0,133.0,13347.0,dynamic_scene,0,0,0,1,1
236,000235.png,data/cogar_sim_500_final/rgb/000235.png,1994,1,table,0.0,336.0,262.0,144.0,18927.0,reflective_metal,1,0,1,0,0
236,000235.png,data/cogar_sim_500_final/rgb/000235.png,1995,1,table,0.0,0.0,640.0,480.0,288273.0,reflective_metal,1,0,1,0,0
237,000236.png,data/cogar_sim_500_final/rgb/000236.png,1996,1,table,0.0,0.0,640.0,480.0,190434.0,transparent_glass,1,1,0,1,0
237,000236.png,data/cogar_sim_500_final/rgb/000236.png,1997,1,table,322.0,0.0,318.0,294.0,44685.0,transparent_glass,1,1,0,1,0
237,000236.png,data/cogar_sim_500_final/rgb/000236.png,1998,7,connector,383.0,136.0,26.0,39.0,937.0,transparent_glass,1,1,0,1,0
237,000236.png,data/cogar_sim_500_final/rgb/000236.png,1999,5,plastic_object,260.0,80.0,82.0,78.0,4997.0,transparent_glass,1,1,0,1,0
237,000236.png,data/cogar_sim_500_final/rgb/000236.png,2000,4,glass_object,103.0,22.0,84.0,103.0,6699.0,transparent_glass,1,1,0,1,0
237,000236.png,data/cogar_sim_500_final/rgb/000236.png,2001,8,cable,60.0,294.0,337.0,186.0,6399.0,transparent_glass,1,1,0,1,0
237,000236.png,data/cogar_sim_500_final/rgb/000236.png,2002,4,glass_object,213.0,135.0,32.0,109.0,1718.0,transparent_glass,1,1,0,1,0
237,000236.png,data/cogar_sim_500_final/rgb/000236.png,2003,4,glass_object,105.0,111.0,125.0,166.0,15962.0,transparent_glass,1,1,0,1,0
237,000236.png,data/cogar_sim_500_final/rgb/000236.png,2004,7,connector,270.0,373.0,56.0,56.0,1999.0,transparent_glass,1,1,0,1,0
237,000236.png,data/cogar_sim_500_final/rgb/000236.png,2005,9,tool,226.0,95.0,216.0,70.0,3622.0,transparent_glass,1,1,0,1,0
237,000236.png,data/cogar_sim_500_final/rgb/000236.png,2006,4,glass_object,411.0,217.0,117.0,188.0,16045.0,transparent_glass,1,1,0,1,0
237,000236.png,data/cogar_sim_500_final/rgb/000236.png,2007,4,glass_object,410.0,103.0,97.0,167.0,10565.0,transparent_glass,1,1,0,1,0
238,000237.png,data/cogar_sim_500_final/rgb/000237.png,2008,1,table,0.0,0.0,640.0,480.0,192772.0,partial_occlusion,1,1,1,1,0
238,000237.png,data/cogar_sim_500_final/rgb/000237.png,2009,5,plastic_object,24.0,61.0,80.0,107.0,7469.0,partial_occlusion,1,1,1,1,0
238,000237.png,data/cogar_sim_500_final/rgb/000237.png,2010,4,glass_object,541.0,269.0,99.0,128.0,8951.0,partial_occlusion,1,1,1,1,0
238,000237.png,data/cogar_sim_500_final/rgb/000237.png,2011,3,metal_part,181.0,45.0,65.0,59.0,2975.0,partial_occlusion,1,1,1,1,0
238,000237.png,data/cogar_sim_500_final/rgb/000237.png,2012,10,box,346.0,311.0,239.0,169.0,25349.0,partial_occlusion,1,1,1,1,0
238,000237.png,data/cogar_sim_500_final/rgb/000237.png,2013,3,metal_part,130.0,241.0,85.0,61.0,3381.0,partial_occlusion,1,1,1,1,0
238,000237.png,data/cogar_sim_500_final/rgb/000237.png,2014,4,glass_object,227.0,313.0,150.0,150.0,11725.0,partial_occlusion,1,1,1,1,0
238,000237.png,data/cogar_sim_500_final/rgb/000237.png,2015,7,connector,525.0,320.0,28.0,37.0,423.0,partial_occlusion,1,1,1,1,0
238,000237.png,data/cogar_sim_500_final/rgb/000237.png,2016,10,box,87.0,255.0,195.0,207.0,21596.0,partial_occlusion,1,1,1,1,0
238,000237.png,data/cogar_sim_500_final/rgb/000237.png,2017,2,robot_gripper,129.0,107.0,422.0,253.0,27901.0,partial_occlusion,1,1,1,1,0
238,000237.png,data/cogar_sim_500_final/rgb/000237.png,2018,2,robot_gripper,325.0,266.0,61.0,65.0,2231.0,partial_occlusion,1,1,1,1,0
238,000237.png,data/cogar_sim_500_final/rgb/000237.png,2019,2,robot_gripper,244.0,167.0,61.0,84.0,2427.0,partial_occlusion,1,1,1,1,0
239,000238.png,data/cogar_sim_500_final/rgb/000238.png,2020,1,table,0.0,38.0,640.0,442.0,193388.0,small_parts,1,0,0,1,0
239,000238.png,data/cogar_sim_500_final/rgb/000238.png,2021,1,table,210.0,0.0,430.0,256.0,62589.0,small_parts,1,0,0,1,0
239,000238.png,data/cogar_sim_500_final/rgb/000238.png,2022,5,plastic_object,408.0,149.0,49.0,15.0,496.0,small_parts,1,0,0,1,0
239,000238.png,data/cogar_sim_500_final/rgb/000238.png,2023,8,cable,120.0,268.0,389.0,150.0,3975.0,small_parts,1,0,0,1,0
239,000238.png,data/cogar_sim_500_final/rgb/000238.png,2024,5,plastic_object,336.0,346.0,81.0,129.0,9046.0,small_parts,1,0,0,1,0
239,000238.png,data/cogar_sim_500_final/rgb/000238.png,2025,6,screw,521.0,323.0,20.0,32.0,582.0,small_parts,1,0,0,1,0
239,000238.png,data/cogar_sim_500_final/rgb/000238.png,2026,5,plastic_object,357.0,119.0,57.0,76.0,2278.0,small_parts,1,0,0,1,0
239,000238.png,data/cogar_sim_500_final/rgb/000238.png,2027,8,cable,128.0,194.0,240.0,76.0,2407.0,small_parts,1,0,0,1,0
239,000238.png,data/cogar_sim_500_final/rgb/000238.png,2028,6,screw,203.0,159.0,19.0,21.0,256.0,small_parts,1,0,0,1,0
239,000238.png,data/cogar_sim_500_final/rgb/000238.png,2029,6,screw,475.0,246.0,20.0,18.0,272.0,small_parts,1,0,0,1,0
239,000238.png,data/cogar_sim_500_final/rgb/000238.png,2030,3,metal_part,128.0,155.0,71.0,63.0,3571.0,small_parts,1,0,0,1,0
239,000238.png,data/cogar_sim_500_final/rgb/000238.png,2031,7,connector,415.0,338.0,46.0,76.0,3035.0,small_parts,1,0,0,1,0
239,000238.png,data/cogar_sim_500_final/rgb/000238.png,2032,6,screw,177.0,224.0,22.0,22.0,348.0,small_parts,1,0,0,1,0
239,000238.png,data/cogar_sim_500_final/rgb/000238.png,2033,3,metal_part,289.0,138.0,62.0,59.0,2590.0,small_parts,1,0,0,1,0
239,000238.png,data/cogar_sim_500_final/rgb/000238.png,2034,5,plastic_object,367.0,164.0,100.0,96.0,9224.0,small_parts,1,0,0,1,0
239,000238.png,data/cogar_sim_500_final/rgb/000238.png,2035,7,connector,79.0,169.0,54.0,33.0,1443.0,small_parts,1,0,0,1,0
240,000239.png,data/cogar_sim_500_final/rgb/000239.png,2036,1,table,0.0,83.0,640.0,397.0,201665.0,dynamic_scene,0,0,1,1,1
240,000239.png,data/cogar_sim_500_final/rgb/000239.png,2037,5,plastic_object,189.0,206.0,129.0,155.0,17110.0,dynamic_scene,0,0,1,1,1
240,000239.png,data/cogar_sim_500_final/rgb/000239.png,2038,5,plastic_object,113.0,200.0,58.0,96.0,4507.0,dynamic_scene,0,0,1,1,1
240,000239.png,data/cogar_sim_500_final/rgb/000239.png,2039,5,plastic_object,367.0,164.0,83.0,109.0,6255.0,dynamic_scene,0,0,1,1,1
240,000239.png,data/cogar_sim_500_final/rgb/000239.png,2040,6,screw,249.0,200.0,13.0,10.0,95.0,dynamic_scene,0,0,1,1,1
240,000239.png,data/cogar_sim_500_final/rgb/000239.png,2041,2,robot_gripper,253.0,87.0,207.0,84.0,10870.0,dynamic_scene,0,0,1,1,1
240,000239.png,data/cogar_sim_500_final/rgb/000239.png,2042,2,robot_gripper,382.0,94.0,43.0,158.0,1492.0,dynamic_scene,0,0,1,1,1
240,000239.png,data/cogar_sim_500_final/rgb/000239.png,2043,2,robot_gripper,292.0,95.0,40.0,165.0,5054.0,dynamic_scene,0,0,1,1,1
241,000240.png,data/cogar_sim_500_final/rgb/000240.png,2044,1,table,0.0,158.0,640.0,322.0,155783.0,reflective_metal,1,0,0,0,0
241,000240.png,data/cogar_sim_500_final/rgb/000240.png,2045,1,table,0.0,0.0,640.0,180.0,102217.0,reflective_metal,1,0,0,0,0
241,000240.png,data/cogar_sim_500_final/rgb/000240.png,2046,3,metal_part,455.0,134.0,100.0,77.0,5035.0,reflective_metal,1,0,0,0,0
241,000240.png,data/cogar_sim_500_final/rgb/000240.png,2047,5,plastic_object,43.0,302.0,81.0,102.0,6560.0,reflective_metal,1,0,0,0,0
241,000240.png,data/cogar_sim_500_final/rgb/000240.png,2048,3,metal_part,597.0,262.0,43.0,96.0,2991.0,reflective_metal,1,0,0,0,0
241,000240.png,data/cogar_sim_500_final/rgb/000240.png,2049,9,tool,403.0,271.0,236.0,110.0,8341.0,reflective_metal,1,0,0,0,0
241,000240.png,data/cogar_sim_500_final/rgb/000240.png,2050,3,metal_part,466.0,233.0,49.0,104.0,2881.0,reflective_metal,1,0,0,0,0
241,000240.png,data/cogar_sim_500_final/rgb/000240.png,2051,3,metal_part,425.0,226.0,59.0,62.0,2378.0,reflective_metal,1,0,0,0,0
241,000240.png,data/cogar_sim_500_final/rgb/000240.png,2052,3,metal_part,362.0,235.0,57.0,58.0,2468.0,reflective_metal,1,0,0,0,0
241,000240.png,data/cogar_sim_500_final/rgb/000240.png,2053,8,cable,363.0,201.0,42.0,214.0,2190.0,reflective_metal,1,0,0,0,0
241,000240.png,data/cogar_sim_500_final/rgb/000240.png,2054,10,box,330.0,116.0,98.0,104.0,8697.0,reflective_metal,1,0,0,0,0
241,000240.png,data/cogar_sim_500_final/rgb/000240.png,2055,9,tool,117.0,286.0,54.0,178.0,7659.0,reflective_metal,1,0,0,0,0
242,000241.png,data/cogar_sim_500_final/rgb/000241.png,2056,1,table,0.0,296.0,348.0,184.0,32103.0,transparent_glass,0,1,1,0,0
242,000241.png,data/cogar_sim_500_final/rgb/000241.png,2057,1,table,0.0,0.0,640.0,480.0,275097.0,transparent_glass,0,1,1,0,0
243,000242.png,data/cogar_sim_500_final/rgb/000242.png,2058,1,table,0.0,101.0,640.0,379.0,164322.0,partial_occlusion,1,1,1,0,0
243,000242.png,data/cogar_sim_500_final/rgb/000242.png,2059,1,table,0.0,0.0,503.0,290.0,88538.0,partial_occlusion,1,1,1,0,0
243,000242.png,data/cogar_sim_500_final/rgb/000242.png,2060,10,box,433.0,149.0,115.0,115.0,6616.0,partial_occlusion,1,1,1,0,0
243,000242.png,data/cogar_sim_500_final/rgb/000242.png,2061,4,glass_object,262.0,141.0,59.0,114.0,1904.0,partial_occlusion,1,1,1,0,0
243,000242.png,data/cogar_sim_500_final/rgb/000242.png,2062,5,plastic_object,376.0,182.0,58.0,71.0,3526.0,partial_occlusion,1,1,1,0,0
243,000242.png,data/cogar_sim_500_final/rgb/000242.png,2063,3,metal_part,461.0,205.0,76.0,73.0,3021.0,partial_occlusion,1,1,1,0,0
243,000242.png,data/cogar_sim_500_final/rgb/000242.png,2064,5,plastic_object,220.0,228.0,61.0,95.0,4646.0,partial_occlusion,1,1,1,0,0
243,000242.png,data/cogar_sim_500_final/rgb/000242.png,2065,3,metal_part,404.0,207.0,99.0,95.0,5881.0,partial_occlusion,1,1,1,0,0
243,000242.png,data/cogar_sim_500_final/rgb/000242.png,2066,2,robot_gripper,229.0,87.0,97.0,123.0,7515.0,partial_occlusion,1,1,1,0,0
243,000242.png,data/cogar_sim_500_final/rgb/000242.png,2067,2,robot_gripper,219.0,118.0,44.0,127.0,2719.0,partial_occlusion,1,1,1,0,0
243,000242.png,data/cogar_sim_500_final/rgb/000242.png,2068,2,robot_gripper,281.0,113.0,35.0,109.0,1744.0,partial_occlusion,1,1,1,0,0
244,000243.png,data/cogar_sim_500_final/rgb/000243.png,2069,1,table,0.0,86.0,640.0,394.0,221855.0,small_parts,1,0,1,1,0
244,000243.png,data/cogar_sim_500_final/rgb/000243.png,2070,9,tool,391.0,297.0,66.0,113.0,2153.0,small_parts,1,0,1,1,0
244,000243.png,data/cogar_sim_500_final/rgb/000243.png,2071,8,cable,271.0,204.0,158.0,75.0,1553.0,small_parts,1,0,1,1,0
244,000243.png,data/cogar_sim_500_final/rgb/000243.png,2072,6,screw,249.0,348.0,20.0,19.0,255.0,small_parts,1,0,1,1,0
244,000243.png,data/cogar_sim_500_final/rgb/000243.png,2073,6,screw,327.0,195.0,16.0,14.0,150.0,small_parts,1,0,1,1,0
244,000243.png,data/cogar_sim_500_final/rgb/000243.png,2074,7,connector,179.0,254.0,41.0,24.0,703.0,small_parts,1,0,1,1,0
244,000243.png,data/cogar_sim_500_final/rgb/000243.png,2075,6,screw,184.0,296.0,18.0,19.0,221.0,small_parts,1,0,1,1,0
244,000243.png,data/cogar_sim_500_final/rgb/000243.png,2076,6,screw,358.0,223.0,14.0,17.0,88.0,small_parts,1,0,1,1,0
244,000243.png,data/cogar_sim_500_final/rgb/000243.png,2077,5,plastic_object,386.0,300.0,62.0,93.0,3896.0,small_parts,1,0,1,1,0
244,000243.png,data/cogar_sim_500_final/rgb/000243.png,2078,7,connector,161.0,269.0,49.0,32.0,1176.0,small_parts,1,0,1,1,0
244,000243.png,data/cogar_sim_500_final/rgb/000243.png,2079,7,connector,412.0,256.0,62.0,45.0,1771.0,small_parts,1,0,1,1,0
244,000243.png,data/cogar_sim_500_final/rgb/000243.png,2080,8,cable,61.0,315.0,357.0,113.0,3901.0,small_parts,1,0,1,1,0
244,000243.png,data/cogar_sim_500_final/rgb/000243.png,2081,2,robot_gripper,210.0,118.0,82.0,142.0,7610.0,small_parts,1,0,1,1,0
244,000243.png,data/cogar_sim_500_final/rgb/000243.png,2082,2,robot_gripper,215.0,170.0,41.0,125.0,1425.0,small_parts,1,0,1,1,0
244,000243.png,data/cogar_sim_500_final/rgb/000243.png,2083,2,robot_gripper,225.0,145.0,17.0,25.0,270.0,small_parts,1,0,1,1,0
245,000244.png,data/cogar_sim_500_final/rgb/000244.png,2084,1,table,0.0,0.0,640.0,480.0,244654.0,dynamic_scene,0,0,1,1,1
245,000244.png,data/cogar_sim_500_final/rgb/000244.png,2085,8,cable,40.0,81.0,223.0,21.0,2707.0,dynamic_scene,0,0,1,1,1
245,000244.png,data/cogar_sim_500_final/rgb/000244.png,2086,5,plastic_object,358.0,378.0,130.0,102.0,8956.0,dynamic_scene,0,0,1,1,1
245,000244.png,data/cogar_sim_500_final/rgb/000244.png,2087,5,plastic_object,0.0,0.0,139.0,125.0,9088.0,dynamic_scene,0,0,1,1,1
245,000244.png,data/cogar_sim_500_final/rgb/000244.png,2088,5,plastic_object,242.0,323.0,108.0,38.0,528.0,dynamic_scene,0,0,1,1,1
245,000244.png,data/cogar_sim_500_final/rgb/000244.png,2089,5,plastic_object,475.0,215.0,94.0,119.0,9001.0,dynamic_scene,0,0,1,1,1
245,000244.png,data/cogar_sim_500_final/rgb/000244.png,2090,7,connector,364.0,44.0,57.0,47.0,1427.0,dynamic_scene,0,0,1,1,1
245,000244.png,data/cogar_sim_500_final/rgb/000244.png,2091,2,robot_gripper,222.0,75.0,201.0,404.0,28440.0,dynamic_scene,0,0,1,1,1
245,000244.png,data/cogar_sim_500_final/rgb/000244.png,2092,2,robot_gripper,326.0,335.0,15.0,41.0,51.0,dynamic_scene,0,0,1,1,1
245,000244.png,data/cogar_sim_500_final/rgb/000244.png,2093,2,robot_gripper,247.0,190.0,63.0,60.0,2348.0,dynamic_scene,0,0,1,1,1
246,000245.png,data/cogar_sim_500_final/rgb/000245.png,2094,1,table,0.0,0.0,640.0,480.0,269430.0,reflective_metal,1,0,0,0,0
246,000245.png,data/cogar_sim_500_final/rgb/000245.png,2095,3,metal_part,520.0,164.0,68.0,102.0,5463.0,reflective_metal,1,0,0,0,0
246,000245.png,data/cogar_sim_500_final/rgb/000245.png,2096,3,metal_part,87.0,103.0,61.0,59.0,2635.0,reflective_metal,1,0,0,0,0
246,000245.png,data/cogar_sim_500_final/rgb/000245.png,2097,3,metal_part,309.0,172.0,109.0,120.0,10352.0,reflective_metal,1,0,0,0,0
246,000245.png,data/cogar_sim_500_final/rgb/000245.png,2098,3,metal_part,418.0,165.0,108.0,108.0,7114.0,reflective_metal,1,0,0,0,0
246,000245.png,data/cogar_sim_500_final/rgb/000245.png,2099,5,plastic_object,45.0,191.0,71.0,96.0,5264.0,reflective_metal,1,0,0,0,0
246,000245.png,data/cogar_sim_500_final/rgb/000245.png,2100,9,tool,112.0,243.0,213.0,36.0,6926.0,reflective_metal,1,0,0,0,0
247,000246.png,data/cogar_sim_500_final/rgb/000246.png,2101,1,table,0.0,54.0,640.0,426.0,186135.0,transparent_glass,0,1,1,0,0
247,000246.png,data/cogar_sim_500_final/rgb/000246.png,2102,10,box,281.0,131.0,47.0,104.0,984.0,transparent_glass,0,1,1,0,0
247,000246.png,data/cogar_sim_500_final/rgb/000246.png,2103,4,glass_object,0.0,152.0,112.0,208.0,19920.0,transparent_glass,0,1,1,0,0
247,000246.png,data/cogar_sim_500_final/rgb/000246.png,2104,4,glass_object,324.0,107.0,83.0,151.0,9630.0,transparent_glass,0,1,1,0,0
247,000246.png,data/cogar_sim_500_final/rgb/000246.png,2105,10,box,252.0,290.0,121.0,116.0,10385.0,transparent_glass,0,1,1,0,0
247,000246.png,data/cogar_sim_500_final/rgb/000246.png,2106,2,robot_gripper,138.0,134.0,216.0,113.0,14606.0,transparent_glass,0,1,1,0,0
247,000246.png,data/cogar_sim_500_final/rgb/000246.png,2107,2,robot_gripper,189.0,228.0,46.0,77.0,2798.0,transparent_glass,0,1,1,0,0
247,000246.png,data/cogar_sim_500_final/rgb/000246.png,2108,2,robot_gripper,235.0,133.0,45.0,151.0,2951.0,transparent_glass,0,1,1,0,0
248,000247.png,data/cogar_sim_500_final/rgb/000247.png,2109,1,table,0.0,48.0,640.0,432.0,187704.0,partial_occlusion,1,0,1,1,0
248,000247.png,data/cogar_sim_500_final/rgb/000247.png,2110,8,cable,217.0,242.0,157.0,107.0,3062.0,partial_occlusion,1,0,1,1,0
248,000247.png,data/cogar_sim_500_final/rgb/000247.png,2111,5,plastic_object,361.0,241.0,72.0,67.0,3784.0,partial_occlusion,1,0,1,1,0
248,000247.png,data/cogar_sim_500_final/rgb/000247.png,2112,6,screw,360.0,320.0,27.0,34.0,695.0,partial_occlusion,1,0,1,1,0
248,000247.png,data/cogar_sim_500_final/rgb/000247.png,2113,10,box,350.0,125.0,166.0,135.0,17462.0,partial_occlusion,1,0,1,1,0
248,000247.png,data/cogar_sim_500_final/rgb/000247.png,2114,8,cable,496.0,204.0,144.0,128.0,2807.0,partial_occlusion,1,0,1,1,0
248,000247.png,data/cogar_sim_500_final/rgb/000247.png,2115,5,plastic_object,214.0,172.0,48.0,99.0,4271.0,partial_occlusion,1,0,1,1,0
248,000247.png,data/cogar_sim_500_final/rgb/000247.png,2116,3,metal_part,297.0,175.0,10.0,36.0,353.0,partial_occlusion,1,0,1,1,0
248,000247.png,data/cogar_sim_500_final/rgb/000247.png,2117,7,connector,297.0,211.0,5.0,7.0,33.0,partial_occlusion,1,0,1,1,0
248,000247.png,data/cogar_sim_500_final/rgb/000247.png,2118,2,robot_gripper,61.0,94.0,323.0,85.0,22085.0,partial_occlusion,1,0,1,1,0
248,000247.png,data/cogar_sim_500_final/rgb/000247.png,2119,2,robot_gripper,184.0,92.0,39.0,147.0,2211.0,partial_occlusion,1,0,1,1,0
248,000247.png,data/cogar_sim_500_final/rgb/000247.png,2120,2,robot_gripper,257.0,86.0,41.0,192.0,4802.0,partial_occlusion,1,0,1,1,0
249,000248.png,data/cogar_sim_500_final/rgb/000248.png,2121,1,table,0.0,103.0,640.0,377.0,183113.0,small_parts,0,0,1,1,0
249,000248.png,data/cogar_sim_500_final/rgb/000248.png,2122,1,table,0.0,0.0,640.0,231.0,103931.0,small_parts,0,0,1,1,0
249,000248.png,data/cogar_sim_500_final/rgb/000248.png,2123,7,connector,501.0,250.0,26.0,36.0,739.0,small_parts,0,0,1,1,0
249,000248.png,data/cogar_sim_500_final/rgb/000248.png,2124,6,screw,199.0,227.0,11.0,18.0,152.0,small_parts,0,0,1,1,0
249,000248.png,data/cogar_sim_500_final/rgb/000248.png,2125,7,connector,94.0,252.0,45.0,44.0,1141.0,small_parts,0,0,1,1,0
249,000248.png,data/cogar_sim_500_final/rgb/000248.png,2126,7,connector,360.0,217.0,37.0,23.0,787.0,small_parts,0,0,1,1,0
249,000248.png,data/cogar_sim_500_final/rgb/000248.png,2127,6,screw,402.0,189.0,6.0,14.0,67.0,small_parts,0,0,1,1,0
249,000248.png,data/cogar_sim_500_final/rgb/000248.png,2128,6,screw,217.0,264.0,23.0,19.0,278.0,small_parts,0,0,1,1,0
249,000248.png,data/cogar_sim_500_final/rgb/000248.png,2129,7,connector,299.0,297.0,79.0,33.0,2299.0,small_parts,0,0,1,1,0
249,000248.png,data/cogar_sim_500_final/rgb/000248.png,2130,7,connector,436.0,273.0,72.0,35.0,2368.0,small_parts,0,0,1,1,0
249,000248.png,data/cogar_sim_500_final/rgb/000248.png,2131,2,robot_gripper,240.0,148.0,164.0,65.0,9537.0,small_parts,0,0,1,1,0
249,000248.png,data/cogar_sim_500_final/rgb/000248.png,2132,2,robot_gripper,267.0,211.0,26.0,51.0,1198.0,small_parts,0,0,1,1,0
249,000248.png,data/cogar_sim_500_final/rgb/000248.png,2133,2,robot_gripper,334.0,135.0,29.0,119.0,1590.0,small_parts,0,0,1,1,0
250,000249.png,data/cogar_sim_500_final/rgb/000249.png,2134,1,table,0.0,53.0,640.0,427.0,200771.0,dynamic_scene,0,0,1,1,1
250,000249.png,data/cogar_sim_500_final/rgb/000249.png,2135,1,table,0.0,0.0,624.0,230.0,72080.0,dynamic_scene,0,0,1,1,1
250,000249.png,data/cogar_sim_500_final/rgb/000249.png,2136,5,plastic_object,388.0,144.0,77.0,47.0,2155.0,dynamic_scene,0,0,1,1,1
250,000249.png,data/cogar_sim_500_final/rgb/000249.png,2137,5,plastic_object,130.0,240.0,85.0,98.0,6846.0,dynamic_scene,0,0,1,1,1
250,000249.png,data/cogar_sim_500_final/rgb/000249.png,2138,7,connector,384.0,230.0,28.0,49.0,1321.0,dynamic_scene,0,0,1,1,1
250,000249.png,data/cogar_sim_500_final/rgb/000249.png,2139,2,robot_gripper,253.0,28.0,232.0,146.0,16614.0,dynamic_scene,0,0,1,1,1
250,000249.png,data/cogar_sim_500_final/rgb/000249.png,2140,2,robot_gripper,307.0,49.0,49.0,177.0,4166.0,dynamic_scene,0,0,1,1,1
250,000249.png,data/cogar_sim_500_final/rgb/000249.png,2141,2,robot_gripper,375.0,112.0,46.0,67.0,2096.0,dynamic_scene,0,0,1,1,1
251,000250.png,data/cogar_sim_500_final/rgb/000250.png,2142,1,table,0.0,0.0,640.0,480.0,208831.0,reflective_metal,1,0,0,0,0
251,000250.png,data/cogar_sim_500_final/rgb/000250.png,2143,1,table,407.0,0.0,233.0,480.0,57490.0,reflective_metal,1,0,0,0,0
251,000250.png,data/cogar_sim_500_final/rgb/000250.png,2144,10,box,280.0,143.0,131.0,117.0,6624.0,reflective_metal,1,0,0,0,0
251,000250.png,data/cogar_sim_500_final/rgb/000250.png,2145,3,metal_part,270.0,143.0,39.0,34.0,723.0,reflective_metal,1,0,0,0,0
251,000250.png,data/cogar_sim_500_final/rgb/000250.png,2146,9,tool,363.0,100.0,64.0,65.0,2146.0,reflective_metal,1,0,0,0,0
251,000250.png,data/cogar_sim_500_final/rgb/000250.png,2147,3,metal_part,433.0,155.0,82.0,74.0,3453.0,reflective_metal,1,0,0,0,0
251,000250.png,data/cogar_sim_500_final/rgb/000250.png,2148,9,tool,403.0,131.0,29.0,137.0,3102.0,reflective_metal,1,0,0,0,0
251,000250.png,data/cogar_sim_500_final/rgb/000250.png,2149,10,box,202.0,165.0,155.0,139.0,14228.0,reflective_metal,1,0,0,0,0
252,000251.png,data/cogar_sim_500_final/rgb/000251.png,2150,1,table,0.0,0.0,640.0,480.0,245940.0,transparent_glass,1,1,0,1,0
252,000251.png,data/cogar_sim_500_final/rgb/000251.png,2151,3,metal_part,475.0,121.0,92.0,70.0,4273.0,transparent_glass,1,1,0,1,0
252,000251.png,data/cogar_sim_500_final/rgb/000251.png,2152,4,glass_object,136.0,174.0,107.0,92.0,9033.0,transparent_glass,1,1,0,1,0
252,000251.png,data/cogar_sim_500_final/rgb/000251.png,2153,5,plastic_object,402.0,212.0,84.0,101.0,4854.0,transparent_glass,1,1,0,1,0
252,000251.png,data/cogar_sim_500_final/rgb/000251.png,2154,4,glass_object,242.0,240.0,115.0,85.0,1682.0,transparent_glass,1,1,0,1,0
252,000251.png,data/cogar_sim_500_final/rgb/000251.png,2155,4,glass_object,531.0,375.0,109.0,105.0,8889.0,transparent_glass,1,1,0,1,0
252,000251.png,data/cogar_sim_500_final/rgb/000251.png,2156,5,plastic_object,476.0,170.0,81.0,113.0,7648.0,transparent_glass,1,1,0,1,0
252,000251.png,data/cogar_sim_500_final/rgb/000251.png,2157,9,tool,127.0,13.0,74.0,162.0,6897.0,transparent_glass,1,1,0,1,0
252,000251.png,data/cogar_sim_500_final/rgb/000251.png,2158,4,glass_object,217.0,314.0,117.0,96.0,8857.0,transparent_glass,1,1,0,1,0
252,000251.png,data/cogar_sim_500_final/rgb/000251.png,2159,4,glass_object,235.0,196.0,87.0,121.0,9127.0,transparent_glass,1,1,0,1,0
253,000252.png,data/cogar_sim_500_final/rgb/000252.png,2160,1,table,0.0,4.0,640.0,476.0,237392.0,partial_occlusion,1,0,1,0,0
253,000252.png,data/cogar_sim_500_final/rgb/000252.png,2161,3,metal_part,435.0,230.0,57.0,75.0,1827.0,partial_occlusion,1,0,1,0,0
253,000252.png,data/cogar_sim_500_final/rgb/000252.png,2162,5,plastic_object,64.0,157.0,59.0,68.0,3112.0,partial_occlusion,1,0,1,0,0
253,000252.png,data/cogar_sim_500_final/rgb/000252.png,2163,5,plastic_object,165.0,232.0,73.0,99.0,5151.0,partial_occlusion,1,0,1,0,0
253,000252.png,data/cogar_sim_500_final/rgb/000252.png,2164,10,box,382.0,212.0,101.0,165.0,10644.0,partial_occlusion,1,0,1,0,0
253,000252.png,data/cogar_sim_500_final/rgb/000252.png,2165,9,tool,173.0,211.0,129.0,101.0,1283.0,partial_occlusion,1,0,1,0,0
253,000252.png,data/cogar_sim_500_final/rgb/000252.png,2166,2,robot_gripper,121.0,103.0,307.0,131.0,17119.0,partial_occlusion,1,0,1,0,0
253,000252.png,data/cogar_sim_500_final/rgb/000252.png,2167,2,robot_gripper,306.0,136.0,40.0,140.0,4748.0,partial_occlusion,1,0,1,0,0
253,000252.png,data/cogar_sim_500_final/rgb/000252.png,2168,2,robot_gripper,219.0,148.0,45.0,137.0,4093.0,partial_occlusion,1,0,1,0,0
254,000253.png,data/cogar_sim_500_final/rgb/000253.png,2169,1,table,0.0,0.0,640.0,480.0,249289.0,small_parts,1,0,1,1,0
254,000253.png,data/cogar_sim_500_final/rgb/000253.png,2170,1,table,291.0,404.0,349.0,76.0,13431.0,small_parts,1,0,1,1,0
254,000253.png,data/cogar_sim_500_final/rgb/000253.png,2171,7,connector,382.0,221.0,67.0,38.0,1029.0,small_parts,1,0,1,1,0
254,000253.png,data/cogar_sim_500_final/rgb/000253.png,2172,7,connector,523.0,178.0,41.0,57.0,1518.0,small_parts,1,0,1,1,0
254,000253.png,data/cogar_sim_500_final/rgb/000253.png,2173,5,plastic_object,414.0,178.0,74.0,43.0,2166.0,small_parts,1,0,1,1,0
254,000253.png,data/cogar_sim_500_final/rgb/000253.png,2174,7,connector,206.0,378.0,58.0,34.0,1870.0,small_parts,1,0,1,1,0
254,000253.png,data/cogar_sim_500_final/rgb/000253.png,2175,7,connector,203.0,269.0,23.0,17.0,228.0,small_parts,1,0,1,1,0
254,000253.png,data/cogar_sim_500_final/rgb/000253.png,2176,3,metal_part,77.0,239.0,71.0,52.0,2678.0,small_parts,1,0,1,1,0
254,000253.png,data/cogar_sim_500_final/rgb/000253.png,2177,6,screw,528.0,200.0,3.0,6.0,10.0,small_parts,1,0,1,1,0
254,000253.png,data/cogar_sim_500_final/rgb/000253.png,2178,9,tool,327.0,127.0,268.0,43.0,9456.0,small_parts,1,0,1,1,0
254,000253.png,data/cogar_sim_500_final/rgb/000253.png,2179,7,connector,434.0,157.0,36.0,85.0,925.0,small_parts,1,0,1,1,0
254,000253.png,data/cogar_sim_500_final/rgb/000253.png,2180,3,metal_part,118.0,262.0,113.0,63.0,4300.0,small_parts,1,0,1,1,0
254,000253.png,data/cogar_sim_500_final/rgb/000253.png,2181,7,connector,223.0,252.0,61.0,35.0,861.0,small_parts,1,0,1,1,0
254,000253.png,data/cogar_sim_500_final/rgb/000253.png,2182,7,connector,96.0,354.0,42.0,60.0,1166.0,small_parts,1,0,1,1,0
254,000253.png,data/cogar_sim_500_final/rgb/000253.png,2183,2,robot_gripper,117.0,183.0,311.0,221.0,16008.0,small_parts,1,0,1,1,0
254,000253.png,data/cogar_sim_500_final/rgb/000253.png,2184,2,robot_gripper,306.0,287.0,43.0,43.0,996.0,small_parts,1,0,1,1,0
254,000253.png,data/cogar_sim_500_final/rgb/000253.png,2185,2,robot_gripper,207.0,300.0,47.0,51.0,1269.0,small_parts,1,0,1,1,0
255,000254.png,data/cogar_sim_500_final/rgb/000254.png,2186,1,table,0.0,150.0,640.0,330.0,178763.0,dynamic_scene,0,0,1,0,1
255,000254.png,data/cogar_sim_500_final/rgb/000254.png,2187,5,plastic_object,110.0,250.0,55.0,76.0,3286.0,dynamic_scene,0,0,1,0,1
255,000254.png,data/cogar_sim_500_final/rgb/000254.png,2188,8,cable,60.0,209.0,189.0,29.0,2095.0,dynamic_scene,0,0,1,0,1
255,000254.png,data/cogar_sim_500_final/rgb/000254.png,2189,5,plastic_object,249.0,206.0,105.0,120.0,10488.0,dynamic_scene,0,0,1,0,1
255,000254.png,data/cogar_sim_500_final/rgb/000254.png,2190,5,plastic_object,51.0,231.0,66.0,84.0,4286.0,dynamic_scene,0,0,1,0,1
255,000254.png,data/cogar_sim_500_final/rgb/000254.png,2191,8,cable,392.0,237.0,248.0,33.0,2402.0,dynamic_scene,0,0,1,0,1
255,000254.png,data/cogar_sim_500_final/rgb/000254.png,2192,2,robot_gripper,133.0,125.0,202.0,60.0,11570.0,dynamic_scene,0,0,1,0,1
255,000254.png,data/cogar_sim_500_final/rgb/000254.png,2193,2,robot_gripper,185.0,184.0,31.0,63.0,1796.0,dynamic_scene,0,0,1,0,1
255,000254.png,data/cogar_sim_500_final/rgb/000254.png,2194,2,robot_gripper,265.0,183.0,27.0,34.0,761.0,dynamic_scene,0,0,1,0,1
256,000255.png,data/cogar_sim_500_final/rgb/000255.png,2195,1,table,0.0,0.0,640.0,480.0,240036.0,reflective_metal,1,0,0,1,0
256,000255.png,data/cogar_sim_500_final/rgb/000255.png,2196,3,metal_part,63.0,171.0,42.0,75.0,1732.0,reflective_metal,1,0,0,1,0
256,000255.png,data/cogar_sim_500_final/rgb/000255.png,2197,3,metal_part,494.0,216.0,121.0,102.0,8810.0,reflective_metal,1,0,0,1,0
256,000255.png,data/cogar_sim_500_final/rgb/000255.png,2198,10,box,268.0,115.0,120.0,92.0,7809.0,reflective_metal,1,0,0,1,0
256,000255.png,data/cogar_sim_500_final/rgb/000255.png,2199,3,metal_part,410.0,172.0,94.0,57.0,3569.0,reflective_metal,1,0,0,1,0
256,000255.png,data/cogar_sim_500_final/rgb/000255.png,2200,7,connector,479.0,317.0,56.0,56.0,1895.0,reflective_metal,1,0,0,1,0
256,000255.png,data/cogar_sim_500_final/rgb/000255.png,2201,9,tool,172.0,218.0,94.0,123.0,4655.0,reflective_metal,1,0,0,1,0
256,000255.png,data/cogar_sim_500_final/rgb/000255.png,2202,3,metal_part,99.0,135.0,67.0,121.0,6702.0,reflective_metal,1,0,0,1,0
257,000256.png,data/cogar_sim_500_final/rgb/000256.png,2203,1,table,0.0,25.0,640.0,455.0,222352.0,transparent_glass,1,1,1,0,0
257,000256.png,data/cogar_sim_500_final/rgb/000256.png,2204,10,box,368.0,211.0,111.0,100.0,4493.0,transparent_glass,1,1,1,0,0
257,000256.png,data/cogar_sim_500_final/rgb/000256.png,2205,10,box,278.0,113.0,79.0,107.0,6777.0,transparent_glass,1,1,1,0,0
257,000256.png,data/cogar_sim_500_final/rgb/000256.png,2206,4,glass_object,234.0,213.0,82.0,149.0,11099.0,transparent_glass,1,1,1,0,0
257,000256.png,data/cogar_sim_500_final/rgb/000256.png,2207,5,plastic_object,220.0,232.0,20.0,102.0,1268.0,transparent_glass,1,1,1,0,0
257,000256.png,data/cogar_sim_500_final/rgb/000256.png,2208,4,glass_object,420.0,142.0,87.0,144.0,7466.0,transparent_glass,1,1,1,0,0
257,000256.png,data/cogar_sim_500_final/rgb/000256.png,2209,9,tool,112.0,211.0,127.0,43.0,3473.0,transparent_glass,1,1,1,0,0
257,000256.png,data/cogar_sim_500_final/rgb/000256.png,2210,2,robot_gripper,346.0,94.0,107.0,163.0,9430.0,transparent_glass,1,1,1,0,0
257,000256.png,data/cogar_sim_500_final/rgb/000256.png,2211,2,robot_gripper,375.0,164.0,48.0,134.0,2402.0,transparent_glass,1,1,1,0,0
257,000256.png,data/cogar_sim_500_final/rgb/000256.png,2212,2,robot_gripper,350.0,109.0,44.0,156.0,2230.0,transparent_glass,1,1,1,0,0
258,000257.png,data/cogar_sim_500_final/rgb/000257.png,2213,1,table,48.0,0.0,592.0,480.0,209894.0,partial_occlusion,1,1,1,1,0
258,000257.png,data/cogar_sim_500_final/rgb/000257.png,2214,1,table,0.0,0.0,195.0,480.0,58274.0,partial_occlusion,1,1,1,1,0
258,000257.png,data/cogar_sim_500_final/rgb/000257.png,2215,6,screw,368.0,170.0,13.0,17.0,163.0,partial_occlusion,1,1,1,1,0
258,000257.png,data/cogar_sim_500_final/rgb/000257.png,2216,3,metal_part,351.0,95.0,20.0,80.0,1361.0,partial_occlusion,1,1,1,1,0
258,000257.png,data/cogar_sim_500_final/rgb/000257.png,2217,5,plastic_object,210.0,109.0,35.0,83.0,2050.0,partial_occlusion,1,1,1,1,0
258,000257.png,data/cogar_sim_500_final/rgb/000257.png,2218,5,plastic_object,398.0,243.0,57.0,77.0,3611.0,partial_occlusion,1,1,1,1,0
258,000257.png,data/cogar_sim_500_final/rgb/000257.png,2219,6,screw,349.0,245.0,18.0,18.0,272.0,partial_occlusion,1,1,1,1,0
258,000257.png,data/cogar_sim_500_final/rgb/000257.png,2220,5,plastic_object,206.0,308.0,83.0,79.0,5098.0,partial_occlusion,1,1,1,1,0
258,000257.png,data/cogar_sim_500_final/rgb/000257.png,2221,4,glass_object,363.0,38.0,67.0,153.0,8171.0,partial_occlusion,1,1,1,1,0
258,000257.png,data/cogar_sim_500_final/rgb/000257.png,2222,4,glass_object,280.0,78.0,73.0,129.0,5353.0,partial_occlusion,1,1,1,1,0
258,000257.png,data/cogar_sim_500_final/rgb/000257.png,2223,2,robot_gripper,240.0,85.0,86.0,136.0,5989.0,partial_occlusion,1,1,1,1,0
258,000257.png,data/cogar_sim_500_final/rgb/000257.png,2224,2,robot_gripper,239.0,129.0,43.0,144.0,4655.0,partial_occlusion,1,1,1,1,0
258,000257.png,data/cogar_sim_500_final/rgb/000257.png,2225,2,robot_gripper,247.0,120.0,7.0,13.0,41.0,partial_occlusion,1,1,1,1,0
259,000258.png,data/cogar_sim_500_final/rgb/000258.png,2226,1,table,0.0,39.0,640.0,441.0,242305.0,small_parts,1,0,0,1,0
259,000258.png,data/cogar_sim_500_final/rgb/000258.png,2227,6,screw,301.0,244.0,27.0,27.0,335.0,small_parts,1,0,0,1,0
259,000258.png,data/cogar_sim_500_final/rgb/000258.png,2228,3,metal_part,247.0,164.0,3.0,13.0,16.0,small_parts,1,0,0,1,0
259,000258.png,data/cogar_sim_500_final/rgb/000258.png,2229,6,screw,362.0,197.0,14.0,14.0,146.0,small_parts,1,0,0,1,0
259,000258.png,data/cogar_sim_500_final/rgb/000258.png,2230,3,metal_part,430.0,176.0,53.0,45.0,1623.0,small_parts,1,0,0,1,0
259,000258.png,data/cogar_sim_500_final/rgb/000258.png,2231,6,screw,248.0,344.0,22.0,23.0,371.0,small_parts,1,0,0,1,0
259,000258.png,data/cogar_sim_500_final/rgb/000258.png,2232,6,screw,291.0,256.0,20.0,21.0,282.0,small_parts,1,0,0,1,0
259,000258.png,data/cogar_sim_500_final/rgb/000258.png,2233,9,tool,104.0,214.0,94.0,178.0,7033.0,small_parts,1,0,0,1,0
259,000258.png,data/cogar_sim_500_final/rgb/000258.png,2234,6,screw,271.0,310.0,10.0,12.0,91.0,small_parts,1,0,0,1,0
259,000258.png,data/cogar_sim_500_final/rgb/000258.png,2235,7,connector,287.0,282.0,76.0,39.0,2750.0,small_parts,1,0,0,1,0
259,000258.png,data/cogar_sim_500_final/rgb/000258.png,2236,3,metal_part,241.0,119.0,64.0,112.0,4794.0,small_parts,1,0,0,1,0
259,000258.png,data/cogar_sim_500_final/rgb/000258.png,2237,6,screw,283.0,310.0,13.0,31.0,352.0,small_parts,1,0,0,1,0
260,000259.png,data/cogar_sim_500_final/rgb/000259.png,2238,1,table,0.0,0.0,640.0,480.0,220210.0,dynamic_scene,1,0,1,1,1
260,000259.png,data/cogar_sim_500_final/rgb/000259.png,2239,1,table,306.0,0.0,334.0,312.0,52241.0,dynamic_scene,1,0,1,1,1
260,000259.png,data/cogar_sim_500_final/rgb/000259.png,2240,6,screw,262.0,399.0,21.0,17.0,265.0,dynamic_scene,1,0,1,1,1
260,000259.png,data/cogar_sim_500_final/rgb/000259.png,2241,5,plastic_object,400.0,274.0,85.0,111.0,6136.0,dynamic_scene,1,0,1,1,1
260,000259.png,data/cogar_sim_500_final/rgb/000259.png,2242,7,connector,145.0,145.0,48.0,30.0,1328.0,dynamic_scene,1,0,1,1,1
260,000259.png,data/cogar_sim_500_final/rgb/000259.png,2243,5,plastic_object,445.0,372.0,64.0,108.0,5251.0,dynamic_scene,1,0,1,1,1
260,000259.png,data/cogar_sim_500_final/rgb/000259.png,2244,5,plastic_object,531.0,350.0,55.0,56.0,2417.0,dynamic_scene,1,0,1,1,1
260,000259.png,data/cogar_sim_500_final/rgb/000259.png,2245,3,metal_part,340.0,205.0,55.0,62.0,2784.0,dynamic_scene,1,0,1,1,1
260,000259.png,data/cogar_sim_500_final/rgb/000259.png,2246,2,robot_gripper,220.0,93.0,116.0,206.0,12364.0,dynamic_scene,1,0,1,1,1
260,000259.png,data/cogar_sim_500_final/rgb/000259.png,2247,2,robot_gripper,256.0,126.0,39.0,128.0,161.0,dynamic_scene,1,0,1,1,1
260,000259.png,data/cogar_sim_500_final/rgb/000259.png,2248,2,robot_gripper,291.0,155.0,50.0,173.0,4043.0,dynamic_scene,1,0,1,1,1
261,000260.png,data/cogar_sim_500_final/rgb/000260.png,2249,1,table,0.0,0.0,640.0,480.0,270202.0,reflective_metal,1,0,0,0,0
261,000260.png,data/cogar_sim_500_final/rgb/000260.png,2250,9,tool,382.0,195.0,93.0,268.0,5539.0,reflective_metal,1,0,0,0,0
261,000260.png,data/cogar_sim_500_final/rgb/000260.png,2251,5,plastic_object,312.0,233.0,108.0,88.0,5103.0,reflective_metal,1,0,0,0,0
261,000260.png,data/cogar_sim_500_final/rgb/000260.png,2252,5,plastic_object,207.0,293.0,61.0,92.0,3694.0,reflective_metal,1,0,0,0,0
261,000260.png,data/cogar_sim_500_final/rgb/000260.png,2253,3,metal_part,233.0,276.0,59.0,62.0,2259.0,reflective_metal,1,0,0,0,0
261,000260.png,data/cogar_sim_500_final/rgb/000260.png,2254,3,metal_part,281.0,38.0,82.0,101.0,4742.0,reflective_metal,1,0,0,0,0
261,000260.png,data/cogar_sim_500_final/rgb/000260.png,2255,3,metal_part,325.0,0.0,39.0,13.0,351.0,reflective_metal,1,0,0,0,0
261,000260.png,data/cogar_sim_500_final/rgb/000260.png,2256,5,plastic_object,421.0,236.0,78.0,73.0,2955.0,reflective_metal,1,0,0,0,0
261,000260.png,data/cogar_sim_500_final/rgb/000260.png,2257,5,plastic_object,379.0,75.0,86.0,91.0,5961.0,reflective_metal,1,0,0,0,0
261,000260.png,data/cogar_sim_500_final/rgb/000260.png,2258,5,plastic_object,321.0,250.0,75.0,66.0,569.0,reflective_metal,1,0,0,0,0
261,000260.png,data/cogar_sim_500_final/rgb/000260.png,2259,9,tool,282.0,57.0,212.0,277.0,5825.0,reflective_metal,1,0,0,0,0
262,000261.png,data/cogar_sim_500_final/rgb/000261.png,2260,1,table,0.0,0.0,640.0,480.0,188347.0,transparent_glass,0,1,0,1,0
262,000261.png,data/cogar_sim_500_final/rgb/000261.png,2261,5,plastic_object,262.0,241.0,39.0,92.0,3184.0,transparent_glass,0,1,0,1,0
262,000261.png,data/cogar_sim_500_final/rgb/000261.png,2262,4,glass_object,158.0,194.0,108.0,171.0,15793.0,transparent_glass,0,1,0,1,0
262,000261.png,data/cogar_sim_500_final/rgb/000261.png,2263,4,glass_object,393.0,225.0,108.0,161.0,12654.0,transparent_glass,0,1,0,1,0
262,000261.png,data/cogar_sim_500_final/rgb/000261.png,2264,4,glass_object,293.0,91.0,112.0,134.0,9756.0,transparent_glass,0,1,0,1,0
262,000261.png,data/cogar_sim_500_final/rgb/000261.png,2265,4,glass_object,161.0,119.0,135.0,126.0,9902.0,transparent_glass,0,1,0,1,0
262,000261.png,data/cogar_sim_500_final/rgb/000261.png,2266,10,box,326.0,147.0,197.0,172.0,18286.0,transparent_glass,0,1,0,1,0
262,000261.png,data/cogar_sim_500_final/rgb/000261.png,2267,4,glass_object,76.0,186.0,106.0,166.0,10924.0,transparent_glass,0,1,0,1,0
262,000261.png,data/cogar_sim_500_final/rgb/000261.png,2268,7,connector,347.0,324.0,63.0,71.0,2782.0,transparent_glass,0,1,0,1,0
263,000262.png,data/cogar_sim_500_final/rgb/000262.png,2269,1,table,0.0,0.0,640.0,480.0,240591.0,partial_occlusion,1,0,1,1,0
263,000262.png,data/cogar_sim_500_final/rgb/000262.png,2270,1,table,0.0,0.0,185.0,382.0,35483.0,partial_occlusion,1,0,1,1,0
263,000262.png,data/cogar_sim_500_final/rgb/000262.png,2271,5,plastic_object,466.0,90.0,46.0,52.0,1829.0,partial_occlusion,1,0,1,1,0
263,000262.png,data/cogar_sim_500_final/rgb/000262.png,2272,7,connector,183.0,269.0,68.0,52.0,1646.0,partial_occlusion,1,0,1,1,0
263,000262.png,data/cogar_sim_500_final/rgb/000262.png,2273,9,tool,327.0,63.0,141.0,140.0,2839.0,partial_occlusion,1,0,1,1,0
263,000262.png,data/cogar_sim_500_final/rgb/000262.png,2274,5,plastic_object,196.0,176.0,76.0,61.0,2022.0,partial_occlusion,1,0,1,1,0
263,000262.png,data/cogar_sim_500_final/rgb/000262.png,2275,5,plastic_object,195.0,322.0,92.0,77.0,4009.0,partial_occlusion,1,0,1,1,0
263,000262.png,data/cogar_sim_500_final/rgb/000262.png,2276,8,cable,258.0,0.0,22.0,161.0,1864.0,partial_occlusion,1,0,1,1,0
263,000262.png,data/cogar_sim_500_final/rgb/000262.png,2277,5,plastic_object,195.0,152.0,51.0,73.0,2751.0,partial_occlusion,1,0,1,1,0
263,000262.png,data/cogar_sim_500_final/rgb/000262.png,2278,5,plastic_object,195.0,228.0,49.0,46.0,1713.0,partial_occlusion,1,0,1,1,0
263,000262.png,data/cogar_sim_500_final/rgb/000262.png,2279,9,tool,183.0,126.0,165.0,174.0,2687.0,partial_occlusion,1,0,1,1,0
263,000262.png,data/cogar_sim_500_final/rgb/000262.png,2280,2,robot_gripper,315.0,109.0,140.0,176.0,7714.0,partial_occlusion,1,0,1,1,0
263,000262.png,data/cogar_sim_500_final/rgb/000262.png,2281,2,robot_gripper,324.0,205.0,47.0,45.0,1120.0,partial_occlusion,1,0,1,1,0
263,000262.png,data/cogar_sim_500_final/rgb/000262.png,2282,2,robot_gripper,356.0,127.0,39.0,49.0,932.0,partial_occlusion,1,0,1,1,0
264,000263.png,data/cogar_sim_500_final/rgb/000263.png,2283,1,table,224.0,412.0,416.0,68.0,14242.0,small_parts,1,0,0,1,0
264,000263.png,data/cogar_sim_500_final/rgb/000263.png,2284,1,table,0.0,0.0,640.0,480.0,292958.0,small_parts,1,0,0,1,0
265,000264.png,data/cogar_sim_500_final/rgb/000264.png,2285,1,table,468.0,236.0,172.0,244.0,21026.0,dynamic_scene,1,0,1,0,1
265,000264.png,data/cogar_sim_500_final/rgb/000264.png,2286,1,table,0.0,0.0,640.0,480.0,286174.0,dynamic_scene,1,0,1,0,1
266,000265.png,data/cogar_sim_500_final/rgb/000265.png,2287,1,table,0.0,409.0,640.0,71.0,44147.0,reflective_metal,1,0,0,0,0
266,000265.png,data/cogar_sim_500_final/rgb/000265.png,2288,1,table,0.0,0.0,640.0,413.0,263053.0,reflective_metal,1,0,0,0,0
267,000266.png,data/cogar_sim_500_final/rgb/000266.png,2289,1,table,0.0,314.0,303.0,166.0,25314.0,transparent_glass,1,1,0,0,0
267,000266.png,data/cogar_sim_500_final/rgb/000266.png,2290,1,table,0.0,0.0,640.0,480.0,281886.0,transparent_glass,1,1,0,0,0
268,000267.png,data/cogar_sim_500_final/rgb/000267.png,2291,1,table,0.0,84.0,596.0,396.0,177151.0,partial_occlusion,1,0,1,1,0
268,000267.png,data/cogar_sim_500_final/rgb/000267.png,2292,1,table,489.0,0.0,151.0,480.0,51466.0,partial_occlusion,1,0,1,1,0
268,000267.png,data/cogar_sim_500_final/rgb/000267.png,2293,3,metal_part,433.0,158.0,43.0,54.0,2094.0,partial_occlusion,1,0,1,1,0
268,000267.png,data/cogar_sim_500_final/rgb/000267.png,2294,10,box,238.0,162.0,108.0,109.0,8779.0,partial_occlusion,1,0,1,1,0
268,000267.png,data/cogar_sim_500_final/rgb/000267.png,2295,6,screw,217.0,360.0,24.0,18.0,296.0,partial_occlusion,1,0,1,1,0
268,000267.png,data/cogar_sim_500_final/rgb/000267.png,2296,5,plastic_object,392.0,298.0,88.0,100.0,6937.0,partial_occlusion,1,0,1,1,0
268,000267.png,data/cogar_sim_500_final/rgb/000267.png,2297,8,cable,67.0,167.0,178.0,27.0,2145.0,partial_occlusion,1,0,1,1,0
268,000267.png,data/cogar_sim_500_final/rgb/000267.png,2298,2,robot_gripper,266.0,80.0,144.0,114.0,8645.0,partial_occlusion,1,0,1,1,0
268,000267.png,data/cogar_sim_500_final/rgb/000267.png,2299,2,robot_gripper,332.0,80.0,38.0,145.0,1115.0,partial_occlusion,1,0,1,1,0
268,000267.png,data/cogar_sim_500_final/rgb/000267.png,2300,2,robot_gripper,325.0,135.0,39.0,98.0,2152.0,partial_occlusion,1,0,1,1,0
269,000268.png,data/cogar_sim_500_final/rgb/000268.png,2301,1,table,0.0,228.0,244.0,252.0,30917.0,small_parts,1,0,1,1,0
269,000268.png,data/cogar_sim_500_final/rgb/000268.png,2302,1,table,0.0,0.0,640.0,480.0,276283.0,small_parts,1,0,1,1,0
270,000269.png,data/cogar_sim_500_final/rgb/000269.png,2303,1,table,0.0,201.0,253.0,279.0,35466.0,dynamic_scene,1,0,1,0,1
270,000269.png,data/cogar_sim_500_final/rgb/000269.png,2304,1,table,0.0,0.0,640.0,480.0,271734.0,dynamic_scene,1,0,1,0,1
271,000270.png,data/cogar_sim_500_final/rgb/000270.png,2305,1,table,0.0,0.0,640.0,480.0,247082.0,reflective_metal,1,0,1,1,0
271,000270.png,data/cogar_sim_500_final/rgb/000270.png,2306,1,table,0.0,33.0,61.0,447.0,13839.0,reflective_metal,1,0,1,1,0
271,000270.png,data/cogar_sim_500_final/rgb/000270.png,2307,9,tool,184.0,0.0,347.0,7.0,2308.0,reflective_metal,1,0,1,1,0
271,000270.png,data/cogar_sim_500_final/rgb/000270.png,2308,3,metal_part,323.0,71.0,75.0,119.0,6284.0,reflective_metal,1,0,1,1,0
271,000270.png,data/cogar_sim_500_final/rgb/000270.png,2309,3,metal_part,544.0,430.0,17.0,25.0,138.0,reflective_metal,1,0,1,1,0
271,000270.png,data/cogar_sim_500_final/rgb/000270.png,2310,7,connector,296.0,231.0,33.0,36.0,755.0,reflective_metal,1,0,1,1,0
271,000270.png,data/cogar_sim_500_final/rgb/000270.png,2311,10,box,427.0,316.0,165.0,162.0,14580.0,reflective_metal,1,0,1,1,0
271,000270.png,data/cogar_sim_500_final/rgb/000270.png,2312,2,robot_gripper,221.0,186.0,104.0,294.0,20285.0,reflective_metal,1,0,1,1,0
271,000270.png,data/cogar_sim_500_final/rgb/000270.png,2313,2,robot_gripper,225.0,372.0,24.0,60.0,988.0,reflective_metal,1,0,1,1,0
271,000270.png,data/cogar_sim_500_final/rgb/000270.png,2314,2,robot_gripper,207.0,263.0,27.0,43.0,941.0,reflective_metal,1,0,1,1,0
272,000271.png,data/cogar_sim_500_final/rgb/000271.png,2315,1,table,0.0,0.0,640.0,480.0,307200.0,transparent_glass,1,1,1,0,0
273,000272.png,data/cogar_sim_500_final/rgb/000272.png,2316,1,table,0.0,0.0,640.0,480.0,223080.0,partial_occlusion,1,1,1,1,0
273,000272.png,data/cogar_sim_500_final/rgb/000272.png,2317,9,tool,0.0,224.0,221.0,88.0,5551.0,partial_occlusion,1,1,1,1,0
273,000272.png,data/cogar_sim_500_final/rgb/000272.png,2318,4,glass_object,5.0,195.0,77.0,111.0,5708.0,partial_occlusion,1,1,1,1,0
273,000272.png,data/cogar_sim_500_final/rgb/000272.png,2319,7,connector,149.0,266.0,32.0,46.0,791.0,partial_occlusion,1,1,1,1,0
273,000272.png,data/cogar_sim_500_final/rgb/000272.png,2320,10,box,170.0,77.0,111.0,126.0,7829.0,partial_occlusion,1,1,1,1,0
273,000272.png,data/cogar_sim_500_final/rgb/000272.png,2321,3,metal_part,69.0,202.0,53.0,60.0,1749.0,partial_occlusion,1,1,1,1,0
273,000272.png,data/cogar_sim_500_final/rgb/000272.png,2322,5,plastic_object,164.0,271.0,94.0,76.0,5653.0,partial_occlusion,1,1,1,1,0
273,000272.png,data/cogar_sim_500_final/rgb/000272.png,2323,5,plastic_object,451.0,292.0,66.0,109.0,5353.0,partial_occlusion,1,1,1,1,0
273,000272.png,data/cogar_sim_500_final/rgb/000272.png,2324,2,robot_gripper,237.0,106.0,227.0,69.0,13271.0,partial_occlusion,1,1,1,1,0
273,000272.png,data/cogar_sim_500_final/rgb/000272.png,2325,2,robot_gripper,362.0,139.0,35.0,118.0,3621.0,partial_occlusion,1,1,1,1,0
273,000272.png,data/cogar_sim_500_final/rgb/000272.png,2326,2,robot_gripper,287.0,97.0,29.0,155.0,2889.0,partial_occlusion,1,1,1,1,0
274,000273.png,data/cogar_sim_500_final/rgb/000273.png,2327,1,table,0.0,28.0,640.0,452.0,197358.0,small_parts,1,0,0,1,0
274,000273.png,data/cogar_sim_500_final/rgb/000273.png,2328,1,table,0.0,0.0,386.0,229.0,54384.0,small_parts,1,0,0,1,0
274,000273.png,data/cogar_sim_500_final/rgb/000273.png,2329,6,screw,310.0,224.0,13.0,19.0,195.0,small_parts,1,0,0,1,0
274,000273.png,data/cogar_sim_500_final/rgb/000273.png,2330,8,cable,130.0,208.0,198.0,84.0,3145.0,small_parts,1,0,0,1,0
274,000273.png,data/cogar_sim_500_final/rgb/000273.png,2331,10,box,0.0,215.0,126.0,177.0,16499.0,small_parts,1,0,0,1,0
274,000273.png,data/cogar_sim_500_final/rgb/000273.png,2332,7,connector,240.0,390.0,87.0,76.0,4702.0,small_parts,1,0,0,1,0
274,000273.png,data/cogar_sim_500_final/rgb/000273.png,2333,3,metal_part,417.0,127.0,105.0,72.0,4633.0,small_parts,1,0,0,1,0
274,000273.png,data/cogar_sim_500_final/rgb/000273.png,2334,5,plastic_object,296.0,281.0,99.0,126.0,9329.0,small_parts,1,0,0,1,0
274,000273.png,data/cogar_sim_500_final/rgb/000273.png,2335,7,connector,405.0,278.0,105.0,64.0,4650.0,small_parts,1,0,0,1,0
274,000273.png,data/cogar_sim_500_final/rgb/000273.png,2336,6,screw,206.0,191.0,18.0,19.0,213.0,small_parts,1,0,0,1,0
274,000273.png,data/cogar_sim_500_final/rgb/000273.png,2337,6,screw,376.0,179.0,20.0,17.0,206.0,small_parts,1,0,0,1,0
274,000273.png,data/cogar_sim_500_final/rgb/000273.png,2338,7,connector,1.0,377.0,50.0,15.0,254.0,small_parts,1,0,0,1,0
274,000273.png,data/cogar_sim_500_final/rgb/000273.png,2339,6,screw,506.0,187.0,7.0,10.0,36.0,small_parts,1,0,0,1,0
275,000274.png,data/cogar_sim_500_final/rgb/000274.png,2340,1,table,0.0,0.0,640.0,480.0,266840.0,dynamic_scene,0,0,0,0,1
275,000274.png,data/cogar_sim_500_final/rgb/000274.png,2341,8,cable,119.0,285.0,164.0,62.0,2304.0,dynamic_scene,0,0,0,0,1
275,000274.png,data/cogar_sim_500_final/rgb/000274.png,2342,5,plastic_object,475.0,163.0,88.0,73.0,5883.0,dynamic_scene,0,0,0,0,1
275,000274.png,data/cogar_sim_500_final/rgb/000274.png,2343,5,plastic_object,371.0,124.0,88.0,66.0,3778.0,dynamic_scene,0,0,0,0,1
275,000274.png,data/cogar_sim_500_final/rgb/000274.png,2344,10,box,81.0,303.0,148.0,177.0,18304.0,dynamic_scene,0,0,0,0,1
275,000274.png,data/cogar_sim_500_final/rgb/000274.png,2345,10,box,312.0,56.0,113.0,95.0,9053.0,dynamic_scene,0,0,0,0,1
275,000274.png,data/cogar_sim_500_final/rgb/000274.png,2346,5,plastic_object,371.0,40.0,54.0,27.0,1038.0,dynamic_scene,0,0,0,0,1
276,000275.png,data/cogar_sim_500_final/rgb/000275.png,2347,1,table,513.0,450.0,127.0,30.0,1952.0,reflective_metal,1,0,0,1,0
276,000275.png,data/cogar_sim_500_final/rgb/000275.png,2348,1,table,0.0,0.0,640.0,480.0,305248.0,reflective_metal,1,0,0,1,0
277,000276.png,data/cogar_sim_500_final/rgb/000276.png,2349,1,table,0.0,0.0,640.0,480.0,185034.0,transparent_glass,1,1,0,1,0
277,000276.png,data/cogar_sim_500_final/rgb/000276.png,2350,1,table,349.0,0.0,291.0,288.0,41549.0,transparent_glass,1,1,0,1,0
277,000276.png,data/cogar_sim_500_final/rgb/000276.png,2351,4,glass_object,90.0,58.0,102.0,141.0,11124.0,transparent_glass,1,1,0,1,0
277,000276.png,data/cogar_sim_500_final/rgb/000276.png,2352,9,tool,117.0,255.0,206.0,72.0,4831.0,transparent_glass,1,1,0,1,0
277,000276.png,data/cogar_sim_500_final/rgb/000276.png,2353,4,glass_object,493.0,227.0,147.0,210.0,18203.0,transparent_glass,1,1,0,1,0
277,000276.png,data/cogar_sim_500_final/rgb/000276.png,2354,5,plastic_object,323.0,268.0,84.0,90.0,6285.0,transparent_glass,1,1,0,1,0
277,000276.png,data/cogar_sim_500_final/rgb/000276.png,2355,4,glass_object,206.0,49.0,120.0,188.0,20384.0,transparent_glass,1,1,0,1,0
277,000276.png,data/cogar_sim_500_final/rgb/000276.png,2356,5,plastic_object,211.0,291.0,101.0,94.0,7350.0,transparent_glass,1,1,0,1,0
277,000276.png,data/cogar_sim_500_final/rgb/000276.png,2357,3,metal_part,275.0,224.0,98.0,108.0,4564.0,transparent_glass,1,1,0,1,0
277,000276.png,data/cogar_sim_500_final/rgb/000276.png,2358,7,connector,58.0,166.0,66.0,43.0,1805.0,transparent_glass,1,1,0,1,0
277,000276.png,data/cogar_sim_500_final/rgb/000276.png,2359,4,glass_object,249.0,17.0,93.0,156.0,4976.0,transparent_glass,1,1,0,1,0
277,000276.png,data/cogar_sim_500_final/rgb/000276.png,2360,3,metal_part,583.0,334.0,40.0,61.0,1095.0,transparent_glass,1,1,0,1,0
278,000277.png,data/cogar_sim_500_final/rgb/000277.png,2361,1,table,0.0,0.0,640.0,480.0,252838.0,partial_occlusion,1,1,1,1,0
278,000277.png,data/cogar_sim_500_final/rgb/000277.png,2362,1,table,0.0,303.0,250.0,177.0,22214.0,partial_occlusion,1,1,1,1,0
278,000277.png,data/cogar_sim_500_final/rgb/000277.png,2363,7,connector,465.0,218.0,51.0,53.0,1225.0,partial_occlusion,1,1,1,1,0
278,000277.png,data/cogar_sim_500_final/rgb/000277.png,2364,5,plastic_object,367.0,137.0,86.0,75.0,4734.0,partial_occlusion,1,1,1,1,0
278,000277.png,data/cogar_sim_500_final/rgb/000277.png,2365,9,tool,115.0,245.0,251.0,127.0,5713.0,partial_occlusion,1,1,1,1,0
278,000277.png,data/cogar_sim_500_final/rgb/000277.png,2366,6,screw,387.0,149.0,1.0,1.0,1.0,partial_occlusion,1,1,1,1,0
278,000277.png,data/cogar_sim_500_final/rgb/000277.png,2367,5,plastic_object,327.0,288.0,58.0,33.0,592.0,partial_occlusion,1,1,1,1,0
278,000277.png,data/cogar_sim_500_final/rgb/000277.png,2368,4,glass_object,448.0,339.0,135.0,93.0,9092.0,partial_occlusion,1,1,1,1,0
278,000277.png,data/cogar_sim_500_final/rgb/000277.png,2369,2,robot_gripper,176.0,215.0,210.0,99.0,9908.0,partial_occlusion,1,1,1,1,0
278,000277.png,data/cogar_sim_500_final/rgb/000277.png,2370,2,robot_gripper,287.0,293.0,36.0,35.0,863.0,partial_occlusion,1,1,1,1,0
278,000277.png,data/cogar_sim_500_final/rgb/000277.png,2371,2,robot_gripper,224.0,274.0,27.0,8.0,20.0,partial_occlusion,1,1,1,1,0
279,000278.png,data/cogar_sim_500_final/rgb/000278.png,2372,1,table,276.0,383.0,364.0,97.0,17711.0,small_parts,1,0,0,1,0
279,000278.png,data/cogar_sim_500_final/rgb/000278.png,2373,1,table,0.0,0.0,640.0,480.0,289489.0,small_parts,1,0,0,1,0
280,000279.png,data/cogar_sim_500_final/rgb/000279.png,2374,1,table,0.0,112.0,640.0,368.0,194344.0,dynamic_scene,1,0,1,1,1
280,000279.png,data/cogar_sim_500_final/rgb/000279.png,2375,3,metal_part,386.0,238.0,51.0,43.0,1714.0,dynamic_scene,1,0,1,1,1
280,000279.png,data/cogar_sim_500_final/rgb/000279.png,2376,5,plastic_object,229.0,185.0,33.0,47.0,1199.0,dynamic_scene,1,0,1,1,1
280,000279.png,data/cogar_sim_500_final/rgb/000279.png,2377,5,plastic_object,391.0,224.0,38.0,69.0,864.0,dynamic_scene,1,0,1,1,1
280,000279.png,data/cogar_sim_500_final/rgb/000279.png,2378,7,connector,279.0,192.0,5.0,16.0,65.0,dynamic_scene,1,0,1,1,1
280,000279.png,data/cogar_sim_500_final/rgb/000279.png,2379,8,cable,292.0,268.0,99.0,115.0,1699.0,dynamic_scene,1,0,1,1,1
280,000279.png,data/cogar_sim_500_final/rgb/000279.png,2380,7,connector,178.0,241.0,60.0,45.0,1741.0,dynamic_scene,1,0,1,1,1
280,000279.png,data/cogar_sim_500_final/rgb/000279.png,2381,2,robot_gripper,283.0,132.0,104.0,102.0,4934.0,dynamic_scene,1,0,1,1,1
280,000279.png,data/cogar_sim_500_final/rgb/000279.png,2382,2,robot_gripper,358.0,154.0,35.0,112.0,3144.0,dynamic_scene,1,0,1,1,1
280,000279.png,data/cogar_sim_500_final/rgb/000279.png,2383,2,robot_gripper,318.0,147.0,42.0,160.0,4815.0,dynamic_scene,1,0,1,1,1
281,000280.png,data/cogar_sim_500_final/rgb/000280.png,2384,1,table,0.0,0.0,640.0,480.0,251819.0,reflective_metal,1,0,0,0,0
281,000280.png,data/cogar_sim_500_final/rgb/000280.png,2385,1,table,0.0,0.0,203.0,189.0,19285.0,reflective_metal,1,0,0,0,0
281,000280.png,data/cogar_sim_500_final/rgb/000280.png,2386,5,plastic_object,401.0,0.0,80.0,42.0,2690.0,reflective_metal,1,0,0,0,0
281,000280.png,data/cogar_sim_500_final/rgb/000280.png,2387,9,tool,175.0,68.0,233.0,79.0,7148.0,reflective_metal,1,0,0,0,0
281,000280.png,data/cogar_sim_500_final/rgb/000280.png,2388,3,metal_part,213.0,458.0,57.0,22.0,988.0,reflective_metal,1,0,0,0,0
281,000280.png,data/cogar_sim_500_final/rgb/000280.png,2389,3,metal_part,508.0,58.0,79.0,61.0,3781.0,reflective_metal,1,0,0,0,0
281,000280.png,data/cogar_sim_500_final/rgb/000280.png,2390,9,tool,235.0,0.0,167.0,79.0,4776.0,reflective_metal,1,0,0,0,0
281,000280.png,data/cogar_sim_500_final/rgb/000280.png,2391,9,tool,235.0,62.0,88.0,307.0,9432.0,reflective_metal,1,0,0,0,0
281,000280.png,data/cogar_sim_500_final/rgb/000280.png,2392,8,cable,334.0,0.0,57.0,108.0,883.0,reflective_metal,1,0,0,0,0
281,000280.png,data/cogar_sim_500_final/rgb/000280.png,2393,3,metal_part,75.0,156.0,120.0,70.0,6398.0,reflective_metal,1,0,0,0,0
282,000281.png,data/cogar_sim_500_final/rgb/000281.png,2394,1,table,0.0,62.0,622.0,418.0,192495.0,transparent_glass,0,1,1,0,0
282,000281.png,data/cogar_sim_500_final/rgb/000281.png,2395,1,table,433.0,0.0,207.0,480.0,59673.0,transparent_glass,0,1,1,0,0
282,000281.png,data/cogar_sim_500_final/rgb/000281.png,2396,5,plastic_object,374.0,239.0,46.0,79.0,3089.0,transparent_glass,0,1,1,0,0
282,000281.png,data/cogar_sim_500_final/rgb/000281.png,2397,10,box,281.0,207.0,93.0,108.0,3447.0,transparent_glass,0,1,1,0,0
282,000281.png,data/cogar_sim_500_final/rgb/000281.png,2398,4,glass_object,342.0,147.0,71.0,92.0,5326.0,transparent_glass,0,1,1,0,0
282,000281.png,data/cogar_sim_500_final/rgb/000281.png,2399,5,plastic_object,305.0,307.0,54.0,90.0,3472.0,transparent_glass,0,1,1,0,0
282,000281.png,data/cogar_sim_500_final/rgb/000281.png,2400,2,robot_gripper,318.0,188.0,45.0,144.0,5643.0,transparent_glass,0,1,1,0,0
282,000281.png,data/cogar_sim_500_final/rgb/000281.png,2401,2,robot_gripper,359.0,209.0,11.0,38.0,369.0,transparent_glass,0,1,1,0,0
282,000281.png,data/cogar_sim_500_final/rgb/000281.png,2402,2,robot_gripper,345.0,247.0,34.0,114.0,2060.0,transparent_glass,0,1,1,0,0
283,000282.png,data/cogar_sim_500_final/rgb/000282.png,2403,1,table,0.0,142.0,196.0,338.0,33257.0,partial_occlusion,1,1,1,1,0
283,000282.png,data/cogar_sim_500_final/rgb/000282.png,2404,1,table,0.0,0.0,640.0,480.0,273943.0,partial_occlusion,1,1,1,1,0
284,000283.png,data/cogar_sim_500_final/rgb/000283.png,2405,1,table,0.0,41.0,640.0,439.0,209231.0,small_parts,1,0,1,1,0
284,000283.png,data/cogar_sim_500_final/rgb/000283.png,2406,7,connector,306.0,257.0,51.0,34.0,1201.0,small_parts,1,0,1,1,0
284,000283.png,data/cogar_sim_500_final/rgb/000283.png,2407,5,plastic_object,57.0,253.0,65.0,64.0,3245.0,small_parts,1,0,1,1,0
284,000283.png,data/cogar_sim_500_final/rgb/000283.png,2408,6,screw,354.0,281.0,4.0,4.0,11.0,small_parts,1,0,1,1,0
284,000283.png,data/cogar_sim_500_final/rgb/000283.png,2409,7,connector,238.0,256.0,37.0,39.0,938.0,small_parts,1,0,1,1,0
284,000283.png,data/cogar_sim_500_final/rgb/000283.png,2410,7,connector,427.0,170.0,36.0,45.0,878.0,small_parts,1,0,1,1,0
284,000283.png,data/cogar_sim_500_final/rgb/000283.png,2411,7,connector,355.0,262.0,40.0,45.0,1028.0,small_parts,1,0,1,1,0
284,000283.png,data/cogar_sim_500_final/rgb/000283.png,2412,8,cable,125.0,216.0,232.0,177.0,2891.0,small_parts,1,0,1,1,0
284,000283.png,data/cogar_sim_500_final/rgb/000283.png,2413,7,connector,355.0,228.0,40.0,53.0,1491.0,small_parts,1,0,1,1,0
284,000283.png,data/cogar_sim_500_final/rgb/000283.png,2414,3,metal_part,373.0,240.0,131.0,132.0,9098.0,small_parts,1,0,1,1,0
284,000283.png,data/cogar_sim_500_final/rgb/000283.png,2415,2,robot_gripper,95.0,102.0,257.0,119.0,16046.0,small_parts,1,0,1,1,0
284,000283.png,data/cogar_sim_500_final/rgb/000283.png,2416,2,robot_gripper,163.0,117.0,49.0,150.0,2841.0,small_parts,1,0,1,1,0
284,000283.png,data/cogar_sim_500_final/rgb/000283.png,2417,2,robot_gripper,243.0,114.0,40.0,127.0,1962.0,small_parts,1,0,1,1,0
285,000284.png,data/cogar_sim_500_final/rgb/000284.png,2418,1,table,0.0,0.0,640.0,480.0,307200.0,dynamic_scene,0,1,1,1,1
286,000285.png,data/cogar_sim_500_final/rgb/000285.png,2419,1,table,0.0,0.0,640.0,480.0,234579.0,reflective_metal,1,0,0,0,0
286,000285.png,data/cogar_sim_500_final/rgb/000285.png,2420,1,table,451.0,90.0,189.0,390.0,36888.0,reflective_metal,1,0,0,0,0
286,000285.png,data/cogar_sim_500_final/rgb/000285.png,2421,3,metal_part,451.0,148.0,83.0,30.0,1916.0,reflective_metal,1,0,0,0,0
286,000285.png,data/cogar_sim_500_final/rgb/000285.png,2422,10,box,317.0,20.0,150.0,111.0,12697.0,reflective_metal,1,0,0,0,0
286,000285.png,data/cogar_sim_500_final/rgb/000285.png,2423,5,plastic_object,340.0,0.0,40.0,27.0,763.0,reflective_metal,1,0,0,0,0
286,000285.png,data/cogar_sim_500_final/rgb/000285.png,2424,3,metal_part,287.0,360.0,69.0,76.0,3648.0,reflective_metal,1,0,0,0,0
286,000285.png,data/cogar_sim_500_final/rgb/000285.png,2425,3,metal_part,284.0,75.0,56.0,52.0,1660.0,reflective_metal,1,0,0,0,0
286,000285.png,data/cogar_sim_500_final/rgb/000285.png,2426,3,metal_part,274.0,397.0,42.0,83.0,2833.0,reflective_metal,1,0,0,0,0
286,000285.png,data/cogar_sim_500_final/rgb/000285.png,2427,9,tool,288.0,4.0,230.0,179.0,3872.0,reflective_metal,1,0,0,0,0
286,000285.png,data/cogar_sim_500_final/rgb/000285.png,2428,3,metal_part,166.0,224.0,42.0,38.0,1039.0,reflective_metal,1,0,0,0,0
286,000285.png,data/cogar_sim_500_final/rgb/000285.png,2429,3,metal_part,178.0,207.0,100.0,97.0,5366.0,reflective_metal,1,0,0,0,0
286,000285.png,data/cogar_sim_500_final/rgb/000285.png,2430,3,metal_part,341.0,171.0,52.0,48.0,1939.0,reflective_metal,1,0,0,0,0
287,000286.png,data/cogar_sim_500_final/rgb/000286.png,2431,1,table,347.0,377.0,293.0,103.0,15186.0,transparent_glass,0,1,1,0,0
287,000286.png,data/cogar_sim_500_final/rgb/000286.png,2432,1,table,0.0,0.0,640.0,480.0,292014.0,transparent_glass,0,1,1,0,0
288,000287.png,data/cogar_sim_500_final/rgb/000287.png,2433,1,table,0.0,0.0,640.0,480.0,219982.0,partial_occlusion,1,1,1,0,0
288,000287.png,data/cogar_sim_500_final/rgb/000287.png,2434,1,table,510.0,196.0,130.0,284.0,18567.0,partial_occlusion,1,1,1,0,0
288,000287.png,data/cogar_sim_500_final/rgb/000287.png,2435,10,box,218.0,203.0,200.0,214.0,19332.0,partial_occlusion,1,1,1,0,0
288,000287.png,data/cogar_sim_500_final/rgb/000287.png,2436,9,tool,0.0,227.0,153.0,220.0,9466.0,partial_occlusion,1,1,1,0,0
288,000287.png,data/cogar_sim_500_final/rgb/000287.png,2437,5,plastic_object,193.0,101.0,56.0,78.0,2756.0,partial_occlusion,1,1,1,0,0
288,000287.png,data/cogar_sim_500_final/rgb/000287.png,2438,5,plastic_object,323.0,151.0,120.0,119.0,7236.0,partial_occlusion,1,1,1,0,0
288,000287.png,data/cogar_sim_500_final/rgb/000287.png,2439,4,glass_object,119.0,245.0,127.0,83.0,8285.0,partial_occlusion,1,1,1,0,0
288,000287.png,data/cogar_sim_500_final/rgb/000287.png,2440,2,robot_gripper,229.0,0.0,95.0,307.0,18562.0,partial_occlusion,1,1,1,0,0
288,000287.png,data/cogar_sim_500_final/rgb/000287.png,2441,2,robot_gripper,298.0,72.0,51.0,71.0,3014.0,partial_occlusion,1,1,1,0,0
289,000288.png,data/cogar_sim_500_final/rgb/000288.png,2442,1,table,0.0,131.0,640.0,349.0,129558.0,small_parts,1,0,0,1,0
289,000288.png,data/cogar_sim_500_final/rgb/000288.png,2443,1,table,0.0,0.0,640.0,176.0,86626.0,small_parts,1,0,0,1,0
289,000288.png,data/cogar_sim_500_final/rgb/000288.png,2444,6,screw,58.0,237.0,22.0,22.0,365.0,small_parts,1,0,0,1,0
289,000288.png,data/cogar_sim_500_final/rgb/000288.png,2445,6,screw,95.0,258.0,22.0,33.0,494.0,small_parts,1,0,0,1,0
289,000288.png,data/cogar_sim_500_final/rgb/000288.png,2446,6,screw,257.0,235.0,13.0,21.0,243.0,small_parts,1,0,0,1,0
289,000288.png,data/cogar_sim_500_final/rgb/000288.png,2447,3,metal_part,419.0,117.0,128.0,98.0,8330.0,small_parts,1,0,0,1,0
289,000288.png,data/cogar_sim_500_final/rgb/000288.png,2448,7,connector,215.0,148.0,34.0,49.0,1193.0,small_parts,1,0,0,1,0
289,000288.png,data/cogar_sim_500_final/rgb/000288.png,2449,7,connector,150.0,218.0,73.0,66.0,3273.0,small_parts,1,0,0,1,0
289,000288.png,data/cogar_sim_500_final/rgb/000288.png,2450,6,screw,20.0,235.0,21.0,17.0,250.0,small_parts,1,0,0,1,0
289,000288.png,data/cogar_sim_500_final/rgb/000288.png,2451,6,screw,614.0,233.0,26.0,29.0,643.0,small_parts,1,0,0,1,0
289,000288.png,data/cogar_sim_500_final/rgb/000288.png,2452,10,box,47.0,88.0,171.0,134.0,18527.0,small_parts,1,0,0,1,0
289,000288.png,data/cogar_sim_500_final/rgb/000288.png,2453,5,plastic_object,223.0,254.0,59.0,86.0,3952.0,small_parts,1,0,0,1,0
289,000288.png,data/cogar_sim_500_final/rgb/000288.png,2454,10,box,328.0,233.0,276.0,247.0,53746.0,small_parts,1,0,0,1,0
290,000289.png,data/cogar_sim_500_final/rgb/000289.png,2455,1,table,0.0,0.0,640.0,480.0,195264.0,dynamic_scene,1,0,1,0,1
290,000289.png,data/cogar_sim_500_final/rgb/000289.png,2456,1,table,296.0,0.0,344.0,278.0,47846.0,dynamic_scene,1,0,1,0,1
290,000289.png,data/cogar_sim_500_final/rgb/000289.png,2457,5,plastic_object,291.0,408.0,111.0,72.0,6644.0,dynamic_scene,1,0,1,0,1
290,000289.png,data/cogar_sim_500_final/rgb/000289.png,2458,5,plastic_object,247.0,98.0,72.0,74.0,4537.0,dynamic_scene,1,0,1,0,1
290,000289.png,data/cogar_sim_500_final/rgb/000289.png,2459,10,box,41.0,156.0,160.0,151.0,15463.0,dynamic_scene,1,0,1,0,1
290,000289.png,data/cogar_sim_500_final/rgb/000289.png,2460,8,cable,10.0,244.0,206.0,46.0,1299.0,dynamic_scene,1,0,1,0,1
290,000289.png,data/cogar_sim_500_final/rgb/000289.png,2461,5,plastic_object,140.0,68.0,63.0,71.0,3234.0,dynamic_scene,1,0,1,0,1
290,000289.png,data/cogar_sim_500_final/rgb/000289.png,2462,3,metal_part,215.0,244.0,115.0,121.0,12208.0,dynamic_scene,1,0,1,0,1
290,000289.png,data/cogar_sim_500_final/rgb/000289.png,2463,2,robot_gripper,331.0,56.0,89.0,265.0,15622.0,dynamic_scene,1,0,1,0,1
290,000289.png,data/cogar_sim_500_final/rgb/000289.png,2464,2,robot_gripper,336.0,101.0,46.0,146.0,1489.0,dynamic_scene,1,0,1,0,1
290,000289.png,data/cogar_sim_500_final/rgb/000289.png,2465,2,robot_gripper,401.0,166.0,46.0,129.0,3594.0,dynamic_scene,1,0,1,0,1
291,000290.png,data/cogar_sim_500_final/rgb/000290.png,2466,1,table,0.0,0.0,640.0,480.0,237625.0,reflective_metal,1,0,1,0,0
291,000290.png,data/cogar_sim_500_final/rgb/000290.png,2467,1,table,0.0,0.0,232.0,351.0,40907.0,reflective_metal,1,0,1,0,0
291,000290.png,data/cogar_sim_500_final/rgb/000290.png,2468,3,metal_part,390.0,76.0,68.0,60.0,3186.0,reflective_metal,1,0,1,0,0
291,000290.png,data/cogar_sim_500_final/rgb/000290.png,2469,9,tool,145.0,230.0,261.0,107.0,6737.0,reflective_metal,1,0,1,0,0
291,000290.png,data/cogar_sim_500_final/rgb/000290.png,2470,3,metal_part,251.0,216.0,121.0,85.0,6538.0,reflective_metal,1,0,1,0,0
291,000290.png,data/cogar_sim_500_final/rgb/000290.png,2471,2,robot_gripper,273.0,73.0,57.0,180.0,8319.0,reflective_metal,1,0,1,0,0
291,000290.png,data/cogar_sim_500_final/rgb/000290.png,2472,2,robot_gripper,245.0,133.0,43.0,133.0,3050.0,reflective_metal,1,0,1,0,0
291,000290.png,data/cogar_sim_500_final/rgb/000290.png,2473,2,robot_gripper,272.0,93.0,38.0,40.0,838.0,reflective_metal,1,0,1,0,0
292,000291.png,data/cogar_sim_500_final/rgb/000291.png,2474,1,table,581.0,460.0,59.0,20.0,595.0,transparent_glass,1,1,0,0,0
292,000291.png,data/cogar_sim_500_final/rgb/000291.png,2475,1,table,0.0,0.0,640.0,480.0,306605.0,transparent_glass,1,1,0,0,0
293,000292.png,data/cogar_sim_500_final/rgb/000292.png,2476,1,table,0.0,334.0,124.0,146.0,9167.0,partial_occlusion,0,1,1,1,0
293,000292.png,data/cogar_sim_500_final/rgb/000292.png,2477,1,table,0.0,0.0,640.0,480.0,298033.0,partial_occlusion,0,1,1,1,0
294,000293.png,data/cogar_sim_500_final/rgb/000293.png,2478,1,table,539.0,190.0,101.0,290.0,14651.0,small_parts,0,0,1,1,0
294,000293.png,data/cogar_sim_500_final/rgb/000293.png,2479,1,table,0.0,0.0,640.0,480.0,292549.0,small_parts,0,0,1,1,0
295,000294.png,data/cogar_sim_500_final/rgb/000294.png,2480,1,table,0.0,80.0,640.0,400.0,197213.0,dynamic_scene,0,0,1,0,1
295,000294.png,data/cogar_sim_500_final/rgb/000294.png,2481,1,table,0.0,0.0,640.0,172.0,77964.0,dynamic_scene,0,0,1,0,1
295,000294.png,data/cogar_sim_500_final/rgb/000294.png,2482,5,plastic_object,264.0,198.0,38.0,75.0,956.0,dynamic_scene,0,0,1,0,1
295,000294.png,data/cogar_sim_500_final/rgb/000294.png,2483,8,cable,214.0,189.0,339.0,20.0,1840.0,dynamic_scene,0,0,1,0,1
295,000294.png,data/cogar_sim_500_final/rgb/000294.png,2484,5,plastic_object,486.0,183.0,58.0,107.0,4822.0,dynamic_scene,0,0,1,0,1
295,000294.png,data/cogar_sim_500_final/rgb/000294.png,2485,8,cable,313.0,200.0,15.0,16.0,135.0,dynamic_scene,0,0,1,0,1
295,000294.png,data/cogar_sim_500_final/rgb/000294.png,2486,5,plastic_object,231.0,298.0,66.0,61.0,3143.0,dynamic_scene,0,0,1,0,1
295,000294.png,data/cogar_sim_500_final/rgb/000294.png,2487,2,robot_gripper,220.0,103.0,248.0,111.0,16568.0,dynamic_scene,0,0,1,0,1
295,000294.png,data/cogar_sim_500_final/rgb/000294.png,2488,2,robot_gripper,273.0,107.0,40.0,153.0,3598.0,dynamic_scene,0,0,1,0,1
295,000294.png,data/cogar_sim_500_final/rgb/000294.png,2489,2,robot_gripper,359.0,118.0,40.0,110.0,961.0,dynamic_scene,0,0,1,0,1
296,000295.png,data/cogar_sim_500_final/rgb/000295.png,2490,1,table,416.0,309.0,224.0,171.0,19244.0,reflective_metal,1,0,1,0,0
296,000295.png,data/cogar_sim_500_final/rgb/000295.png,2491,1,table,0.0,0.0,640.0,480.0,287956.0,reflective_metal,1,0,1,0,0
297,000296.png,data/cogar_sim_500_final/rgb/000296.png,2492,1,table,0.0,0.0,640.0,480.0,253926.0,transparent_glass,1,1,0,0,0
297,000296.png,data/cogar_sim_500_final/rgb/000296.png,2493,4,glass_object,167.0,173.0,108.0,101.0,8436.0,transparent_glass,1,1,0,0,0
297,000296.png,data/cogar_sim_500_final/rgb/000296.png,2494,3,metal_part,199.0,16.0,94.0,128.0,7773.0,transparent_glass,1,1,0,0,0
297,000296.png,data/cogar_sim_500_final/rgb/000296.png,2495,4,glass_object,320.0,11.0,74.0,118.0,6462.0,transparent_glass,1,1,0,0,0
297,000296.png,data/cogar_sim_500_final/rgb/000296.png,2496,5,plastic_object,335.0,151.0,52.0,61.0,2156.0,transparent_glass,1,1,0,0,0
297,000296.png,data/cogar_sim_500_final/rgb/000296.png,2497,5,plastic_object,285.0,375.0,81.0,48.0,2991.0,transparent_glass,1,1,0,0,0
297,000296.png,data/cogar_sim_500_final/rgb/000296.png,2498,10,box,360.0,144.0,199.0,144.0,18351.0,transparent_glass,1,1,0,0,0
297,000296.png,data/cogar_sim_500_final/rgb/000296.png,2499,4,glass_object,375.0,50.0,94.0,105.0,7105.0,transparent_glass,1,1,0,0,0
298,000297.png,data/cogar_sim_500_final/rgb/000297.png,2500,1,table,0.0,91.0,640.0,389.0,158945.0,partial_occlusion,1,1,1,1,0
298,000297.png,data/cogar_sim_500_final/rgb/000297.png,2501,1,table,0.0,0.0,640.0,230.0,80796.0,partial_occlusion,1,1,1,1,0
298,000297.png,data/cogar_sim_500_final/rgb/000297.png,2502,10,box,170.0,196.0,157.0,126.0,8981.0,partial_occlusion,1,1,1,1,0
298,000297.png,data/cogar_sim_500_final/rgb/000297.png,2503,8,cable,141.0,320.0,492.0,69.0,8619.0,partial_occlusion,1,1,1,1,0
298,000297.png,data/cogar_sim_500_final/rgb/000297.png,2504,6,screw,362.0,333.0,24.0,11.0,220.0,partial_occlusion,1,1,1,1,0
298,000297.png,data/cogar_sim_500_final/rgb/000297.png,2505,8,cable,183.0,305.0,406.0,36.0,5230.0,partial_occlusion,1,1,1,1,0
298,000297.png,data/cogar_sim_500_final/rgb/000297.png,2506,4,glass_object,114.0,45.0,125.0,161.0,12535.0,partial_occlusion,1,1,1,1,0
298,000297.png,data/cogar_sim_500_final/rgb/000297.png,2507,9,tool,273.0,275.0,35.0,107.0,2779.0,partial_occlusion,1,1,1,1,0
298,000297.png,data/cogar_sim_500_final/rgb/000297.png,2508,10,box,191.0,163.0,123.0,149.0,10126.0,partial_occlusion,1,1,1,1,0
298,000297.png,data/cogar_sim_500_final/rgb/000297.png,2509,2,robot_gripper,188.0,68.0,219.0,99.0,13805.0,partial_occlusion,1,1,1,1,0
298,000297.png,data/cogar_sim_500_final/rgb/000297.png,2510,2,robot_gripper,249.0,139.0,41.0,27.0,875.0,partial_occlusion,1,1,1,1,0
298,000297.png,data/cogar_sim_500_final/rgb/000297.png,2511,2,robot_gripper,321.0,65.0,43.0,182.0,4289.0,partial_occlusion,1,1,1,1,0
299,000298.png,data/cogar_sim_500_final/rgb/000298.png,2512,1,table,0.0,39.0,640.0,441.0,223013.0,small_parts,1,0,0,1,0
299,000298.png,data/cogar_sim_500_final/rgb/000298.png,2513,7,connector,211.0,235.0,48.0,60.0,2105.0,small_parts,1,0,0,1,0
299,000298.png,data/cogar_sim_500_final/rgb/000298.png,2514,8,cable,192.0,198.0,225.0,33.0,2469.0,small_parts,1,0,0,1,0
299,000298.png,data/cogar_sim_500_final/rgb/000298.png,2515,10,box,0.0,184.0,169.0,118.0,17085.0,small_parts,1,0,0,1,0
299,000298.png,data/cogar_sim_500_final/rgb/000298.png,2516,5,plastic_object,298.0,142.0,33.0,44.0,1133.0,small_parts,1,0,0,1,0
299,000298.png,data/cogar_sim_500_final/rgb/000298.png,2517,7,connector,185.0,245.0,37.0,45.0,1072.0,small_parts,1,0,0,1,0
299,000298.png,data/cogar_sim_500_final/rgb/000298.png,2518,6,screw,449.0,268.0,23.0,16.0,273.0,small_parts,1,0,0,1,0
299,000298.png,data/cogar_sim_500_final/rgb/000298.png,2519,7,connector,332.0,174.0,54.0,29.0,1106.0,small_parts,1,0,0,1,0
299,000298.png,data/cogar_sim_500_final/rgb/000298.png,2520,3,metal_part,279.0,247.0,65.0,94.0,3780.0,small_parts,1,0,0,1,0
299,000298.png,data/cogar_sim_500_final/rgb/000298.png,2521,6,screw,393.0,330.0,12.0,22.0,224.0,small_parts,1,0,0,1,0
299,000298.png,data/cogar_sim_500_final/rgb/000298.png,2522,7,connector,298.0,287.0,47.0,60.0,753.0,small_parts,1,0,0,1,0
299,000298.png,data/cogar_sim_500_final/rgb/000298.png,2523,5,plastic_object,505.0,210.0,38.0,55.0,1614.0,small_parts,1,0,0,1,0
299,000298.png,data/cogar_sim_500_final/rgb/000298.png,2524,6,screw,404.0,250.0,22.0,19.0,239.0,small_parts,1,0,0,1,0
299,000298.png,data/cogar_sim_500_final/rgb/000298.png,2525,6,screw,306.0,246.0,10.0,8.0,43.0,small_parts,1,0,0,1,0
300,000299.png,data/cogar_sim_500_final/rgb/000299.png,2526,1,table,0.0,366.0,640.0,114.0,56646.0,dynamic_scene,1,0,1,0,1
300,000299.png,data/cogar_sim_500_final/rgb/000299.png,2527,1,table,0.0,0.0,640.0,417.0,250554.0,dynamic_scene,1,0,1,0,1
301,000300.png,data/cogar_sim_500_final/rgb/000300.png,2528,1,table,0.0,50.0,640.0,430.0,207099.0,reflective_metal,1,0,1,1,0
301,000300.png,data/cogar_sim_500_final/rgb/000300.png,2529,3,metal_part,0.0,140.0,71.0,106.0,5420.0,reflective_metal,1,0,1,1,0
301,000300.png,data/cogar_sim_500_final/rgb/000300.png,2530,7,connector,201.0,181.0,58.0,47.0,1865.0,reflective_metal,1,0,1,1,0
301,000300.png,data/cogar_sim_500_final/rgb/000300.png,2531,9,tool,259.0,268.0,173.0,204.0,12600.0,reflective_metal,1,0,1,1,0
301,000300.png,data/cogar_sim_500_final/rgb/000300.png,2532,2,robot_gripper,179.0,75.0,334.0,72.0,23143.0,reflective_metal,1,0,1,1,0
301,000300.png,data/cogar_sim_500_final/rgb/000300.png,2533,2,robot_gripper,292.0,64.0,31.0,159.0,2663.0,reflective_metal,1,0,1,1,0
301,000300.png,data/cogar_sim_500_final/rgb/000300.png,2534,2,robot_gripper,377.0,54.0,42.0,197.0,4688.0,reflective_metal,1,0,1,1,0
302,000301.png,data/cogar_sim_500_final/rgb/000301.png,2535,1,table,0.0,0.0,640.0,480.0,231464.0,transparent_glass,1,1,0,0,0
302,000301.png,data/cogar_sim_500_final/rgb/000301.png,2536,4,glass_object,394.0,285.0,102.0,108.0,9072.0,transparent_glass,1,1,0,0,0
302,000301.png,data/cogar_sim_500_final/rgb/000301.png,2537,5,plastic_object,223.0,96.0,65.0,52.0,2109.0,transparent_glass,1,1,0,0,0
302,000301.png,data/cogar_sim_500_final/rgb/000301.png,2538,4,glass_object,393.0,2.0,130.0,143.0,11238.0,transparent_glass,1,1,0,0,0
302,000301.png,data/cogar_sim_500_final/rgb/000301.png,2539,5,plastic_object,376.0,341.0,40.0,50.0,851.0,transparent_glass,1,1,0,0,0
302,000301.png,data/cogar_sim_500_final/rgb/000301.png,2540,10,box,117.0,66.0,183.0,169.0,14428.0,transparent_glass,1,1,0,0,0
302,000301.png,data/cogar_sim_500_final/rgb/000301.png,2541,3,metal_part,186.0,304.0,88.0,109.0,7327.0,transparent_glass,1,1,0,0,0
302,000301.png,data/cogar_sim_500_final/rgb/000301.png,2542,4,glass_object,9.0,184.0,122.0,68.0,5846.0,transparent_glass,1,1,0,0,0
302,000301.png,data/cogar_sim_500_final/rgb/000301.png,2543,4,glass_object,526.0,250.0,114.0,97.0,7849.0,transparent_glass,1,1,0,0,0
302,000301.png,data/cogar_sim_500_final/rgb/000301.png,2544,4,glass_object,435.0,133.0,116.0,114.0,8740.0,transparent_glass,1,1,0,0,0
302,000301.png,data/cogar_sim_500_final/rgb/000301.png,2545,10,box,119.0,399.0,144.0,74.0,8276.0,transparent_glass,1,1,0,0,0
303,000302.png,data/cogar_sim_500_final/rgb/000302.png,2546,1,table,0.0,5.0,640.0,475.0,202494.0,partial_occlusion,1,1,1,1,0
303,000302.png,data/cogar_sim_500_final/rgb/000302.png,2547,1,table,238.0,0.0,402.0,300.0,61464.0,partial_occlusion,1,1,1,1,0
303,000302.png,data/cogar_sim_500_final/rgb/000302.png,2548,3,metal_part,348.0,121.0,27.0,45.0,690.0,partial_occlusion,1,1,1,1,0
303,000302.png,data/cogar_sim_500_final/rgb/000302.png,2549,6,screw,494.0,328.0,21.0,28.0,386.0,partial_occlusion,1,1,1,1,0
303,000302.png,data/cogar_sim_500_final/rgb/000302.png,2550,4,glass_object,152.0,119.0,73.0,144.0,8358.0,partial_occlusion,1,1,1,1,0
303,000302.png,data/cogar_sim_500_final/rgb/000302.png,2551,5,plastic_object,319.0,98.0,43.0,34.0,935.0,partial_occlusion,1,1,1,1,0
303,000302.png,data/cogar_sim_500_final/rgb/000302.png,2552,10,box,243.0,205.0,134.0,100.0,11348.0,partial_occlusion,1,1,1,1,0
303,000302.png,data/cogar_sim_500_final/rgb/000302.png,2553,5,plastic_object,442.0,198.0,40.0,62.0,1952.0,partial_occlusion,1,1,1,1,0
303,000302.png,data/cogar_sim_500_final/rgb/000302.png,2554,2,robot_gripper,276.0,96.0,151.0,181.0,11658.0,partial_occlusion,1,1,1,1,0
303,000302.png,data/cogar_sim_500_final/rgb/000302.png,2555,2,robot_gripper,320.0,131.0,37.0,75.0,139.0,partial_occlusion,1,1,1,1,0
303,000302.png,data/cogar_sim_500_final/rgb/000302.png,2556,2,robot_gripper,383.0,175.0,17.0,20.0,120.0,partial_occlusion,1,1,1,1,0
304,000303.png,data/cogar_sim_500_final/rgb/000303.png,2557,1,table,0.0,0.0,640.0,480.0,253342.0,small_parts,1,0,1,1,0
304,000303.png,data/cogar_sim_500_final/rgb/000303.png,2558,1,table,0.0,323.0,314.0,157.0,24731.0,small_parts,1,0,1,1,0
304,000303.png,data/cogar_sim_500_final/rgb/000303.png,2559,5,plastic_object,246.0,29.0,73.0,59.0,2932.0,small_parts,1,0,1,1,0
304,000303.png,data/cogar_sim_500_final/rgb/000303.png,2560,6,screw,227.0,70.0,15.0,18.0,151.0,small_parts,1,0,1,1,0
304,000303.png,data/cogar_sim_500_final/rgb/000303.png,2561,7,connector,110.0,189.0,81.0,29.0,2227.0,small_parts,1,0,1,1,0
304,000303.png,data/cogar_sim_500_final/rgb/000303.png,2562,3,metal_part,330.0,203.0,66.0,57.0,2206.0,small_parts,1,0,1,1,0
304,000303.png,data/cogar_sim_500_final/rgb/000303.png,2563,7,connector,184.0,0.0,52.0,56.0,1490.0,small_parts,1,0,1,1,0
304,000303.png,data/cogar_sim_500_final/rgb/000303.png,2564,6,screw,341.0,307.0,14.0,29.0,350.0,small_parts,1,0,1,1,0
304,000303.png,data/cogar_sim_500_final/rgb/000303.png,2565,7,connector,307.0,144.0,36.0,39.0,663.0,small_parts,1,0,1,1,0
304,000303.png,data/cogar_sim_500_final/rgb/000303.png,2566,6,screw,277.0,149.0,15.0,25.0,260.0,small_parts,1,0,1,1,0
304,000303.png,data/cogar_sim_500_final/rgb/000303.png,2567,7,connector,371.0,130.0,21.0,21.0,124.0,small_parts,1,0,1,1,0
304,000303.png,data/cogar_sim_500_final/rgb/000303.png,2568,6,screw,208.0,280.0,21.0,14.0,217.0,small_parts,1,0,1,1,0
304,000303.png,data/cogar_sim_500_final/rgb/000303.png,2569,7,connector,374.0,296.0,46.0,53.0,959.0,small_parts,1,0,1,1,0
304,000303.png,data/cogar_sim_500_final/rgb/000303.png,2570,6,screw,156.0,128.0,9.0,19.0,157.0,small_parts,1,0,1,1,0
304,000303.png,data/cogar_sim_500_final/rgb/000303.png,2571,2,robot_gripper,279.0,61.0,229.0,272.0,15026.0,small_parts,1,0,1,1,0
304,000303.png,data/cogar_sim_500_final/rgb/000303.png,2572,2,robot_gripper,395.0,211.0,55.0,50.0,1224.0,small_parts,1,0,1,1,0
304,000303.png,data/cogar_sim_500_final/rgb/000303.png,2573,2,robot_gripper,319.0,177.0,44.0,46.0,1141.0,small_parts,1,0,1,1,0
305,000304.png,data/cogar_sim_500_final/rgb/000304.png,2574,1,table,0.0,0.0,640.0,480.0,255939.0,dynamic_scene,0,0,0,1,1
305,000304.png,data/cogar_sim_500_final/rgb/000304.png,2575,1,table,0.0,0.0,223.0,44.0,4968.0,dynamic_scene,0,0,0,1,1
305,000304.png,data/cogar_sim_500_final/rgb/000304.png,2576,5,plastic_object,318.0,363.0,83.0,101.0,5192.0,dynamic_scene,0,0,0,1,1
305,000304.png,data/cogar_sim_500_final/rgb/000304.png,2577,7,connector,545.0,316.0,70.0,41.0,1709.0,dynamic_scene,0,0,0,1,1
305,000304.png,data/cogar_sim_500_final/rgb/000304.png,2578,5,plastic_object,144.0,262.0,129.0,131.0,8691.0,dynamic_scene,0,0,0,1,1
305,000304.png,data/cogar_sim_500_final/rgb/000304.png,2579,5,plastic_object,526.0,246.0,82.0,76.0,4841.0,dynamic_scene,0,0,0,1,1
305,000304.png,data/cogar_sim_500_final/rgb/000304.png,2580,7,connector,286.0,276.0,89.0,80.0,2786.0,dynamic_scene,0,0,0,1,1
305,000304.png,data/cogar_sim_500_final/rgb/000304.png,2581,5,plastic_object,422.0,11.0,74.0,88.0,4308.0,dynamic_scene,0,0,0,1,1
305,000304.png,data/cogar_sim_500_final/rgb/000304.png,2582,8,cable,389.0,246.0,251.0,44.0,1619.0,dynamic_scene,0,0,0,1,1
305,000304.png,data/cogar_sim_500_final/rgb/000304.png,2583,8,cable,302.0,237.0,338.0,122.0,3309.0,dynamic_scene,0,0,0,1,1
305,000304.png,data/cogar_sim_500_final/rgb/000304.png,2584,8,cable,443.0,88.0,197.0,304.0,2880.0,dynamic_scene,0,0,0,1,1
305,000304.png,data/cogar_sim_500_final/rgb/000304.png,2585,5,plastic_object,363.0,250.0,145.0,143.0,10958.0,dynamic_scene,0,0,0,1,1
306,000305.png,data/cogar_sim_500_final/rgb/000305.png,2586,1,table,0.0,38.0,640.0,442.0,224132.0,reflective_metal,1,0,1,1,0
306,000305.png,data/cogar_sim_500_final/rgb/000305.png,2587,9,tool,240.0,227.0,28.0,133.0,2470.0,reflective_metal,1,0,1,1,0
306,000305.png,data/cogar_sim_500_final/rgb/000305.png,2588,6,screw,364.0,217.0,11.0,18.0,177.0,reflective_metal,1,0,1,1,0
306,000305.png,data/cogar_sim_500_final/rgb/000305.png,2589,3,metal_part,129.0,237.0,101.0,90.0,5940.0,reflective_metal,1,0,1,1,0
306,000305.png,data/cogar_sim_500_final/rgb/000305.png,2590,9,tool,121.0,245.0,132.0,32.0,1461.0,reflective_metal,1,0,1,1,0
306,000305.png,data/cogar_sim_500_final/rgb/000305.png,2591,2,robot_gripper,290.0,108.0,141.0,121.0,6565.0,reflective_metal,1,0,1,1,0
306,000305.png,data/cogar_sim_500_final/rgb/000305.png,2592,2,robot_gripper,381.0,119.0,44.0,144.0,4781.0,reflective_metal,1,0,1,1,0
306,000305.png,data/cogar_sim_500_final/rgb/000305.png,2593,2,robot_gripper,326.0,162.0,40.0,113.0,2620.0,reflective_metal,1,0,1,1,0
307,000306.png,data/cogar_sim_500_final/rgb/000306.png,2594,1,table,0.0,94.0,640.0,386.0,181758.0,transparent_glass,0,1,1,0,0
307,000306.png,data/cogar_sim_500_final/rgb/000306.png,2595,4,glass_object,149.0,132.0,95.0,197.0,16179.0,transparent_glass,0,1,1,0,0
307,000306.png,data/cogar_sim_500_final/rgb/000306.png,2596,10,box,443.0,145.0,153.0,104.0,11491.0,transparent_glass,0,1,1,0,0
307,000306.png,data/cogar_sim_500_final/rgb/000306.png,2597,4,glass_object,60.0,77.0,85.0,163.0,11055.0,transparent_glass,0,1,1,0,0
307,000306.png,data/cogar_sim_500_final/rgb/000306.png,2598,8,cable,377.0,180.0,117.0,153.0,3258.0,transparent_glass,0,1,1,0,0
307,000306.png,data/cogar_sim_500_final/rgb/000306.png,2599,2,robot_gripper,189.0,68.0,229.0,90.0,9728.0,transparent_glass,0,1,1,0,0
307,000306.png,data/cogar_sim_500_final/rgb/000306.png,2600,2,robot_gripper,334.0,89.0,46.0,145.0,5859.0,transparent_glass,0,1,1,0,0
307,000306.png,data/cogar_sim_500_final/rgb/000306.png,2601,2,robot_gripper,243.0,75.0,47.0,182.0,6561.0,transparent_glass,0,1,1,0,0
308,000307.png,data/cogar_sim_500_final/rgb/000307.png,2602,1,table,0.0,0.0,640.0,480.0,183801.0,partial_occlusion,0,0,1,1,0
308,000307.png,data/cogar_sim_500_final/rgb/000307.png,2603,1,table,0.0,0.0,361.0,287.0,51554.0,partial_occlusion,0,0,1,1,0
308,000307.png,data/cogar_sim_500_final/rgb/000307.png,2604,10,box,274.0,221.0,117.0,111.0,8137.0,partial_occlusion,0,0,1,1,0
308,000307.png,data/cogar_sim_500_final/rgb/000307.png,2605,7,connector,216.0,267.0,63.0,41.0,1936.0,partial_occlusion,0,0,1,1,0
308,000307.png,data/cogar_sim_500_final/rgb/000307.png,2606,7,connector,264.0,118.0,46.0,37.0,1086.0,partial_occlusion,0,0,1,1,0
308,000307.png,data/cogar_sim_500_final/rgb/000307.png,2607,10,box,76.0,172.0,126.0,74.0,3336.0,partial_occlusion,0,0,1,1,0
308,000307.png,data/cogar_sim_500_final/rgb/000307.png,2608,7,connector,303.0,102.0,62.0,33.0,1573.0,partial_occlusion,0,0,1,1,0
308,000307.png,data/cogar_sim_500_final/rgb/000307.png,2609,7,connector,329.0,374.0,50.0,106.0,3356.0,partial_occlusion,0,0,1,1,0
308,000307.png,data/cogar_sim_500_final/rgb/000307.png,2610,5,plastic_object,3.0,269.0,74.0,96.0,4405.0,partial_occlusion,0,0,1,1,0
308,000307.png,data/cogar_sim_500_final/rgb/000307.png,2611,10,box,35.0,202.0,202.0,216.0,27809.0,partial_occlusion,0,0,1,1,0
308,000307.png,data/cogar_sim_500_final/rgb/000307.png,2612,2,robot_gripper,287.0,67.0,215.0,183.0,17834.0,partial_occlusion,0,0,1,1,0
308,000307.png,data/cogar_sim_500_final/rgb/000307.png,2613,2,robot_gripper,326.0,136.0,51.0,118.0,716.0,partial_occlusion,0,0,1,1,0
308,000307.png,data/cogar_sim_500_final/rgb/000307.png,2614,2,robot_gripper,378.0,83.0,44.0,146.0,1657.0,partial_occlusion,0,0,1,1,0
309,000308.png,data/cogar_sim_500_final/rgb/000308.png,2615,1,table,0.0,146.0,640.0,334.0,180855.0,small_parts,1,0,1,1,0
309,000308.png,data/cogar_sim_500_final/rgb/000308.png,2616,1,table,0.0,0.0,640.0,151.0,94906.0,small_parts,1,0,1,1,0
309,000308.png,data/cogar_sim_500_final/rgb/000308.png,2617,3,metal_part,179.0,154.0,69.0,49.0,2166.0,small_parts,1,0,1,1,0
309,000308.png,data/cogar_sim_500_final/rgb/000308.png,2618,6,screw,500.0,258.0,20.0,22.0,317.0,small_parts,1,0,1,1,0
309,000308.png,data/cogar_sim_500_final/rgb/000308.png,2619,3,metal_part,183.0,296.0,68.0,73.0,3059.0,small_parts,1,0,1,1,0
309,000308.png,data/cogar_sim_500_final/rgb/000308.png,2620,6,screw,374.0,239.0,5.0,17.0,53.0,small_parts,1,0,1,1,0
309,000308.png,data/cogar_sim_500_final/rgb/000308.png,2621,5,plastic_object,288.0,170.0,16.0,6.0,65.0,small_parts,1,0,1,1,0
309,000308.png,data/cogar_sim_500_final/rgb/000308.png,2622,7,connector,434.0,197.0,71.0,47.0,2042.0,small_parts,1,0,1,1,0
309,000308.png,data/cogar_sim_500_final/rgb/000308.png,2623,2,robot_gripper,176.0,143.0,268.0,132.0,17679.0,small_parts,1,0,1,1,0
309,000308.png,data/cogar_sim_500_final/rgb/000308.png,2624,2,robot_gripper,248.0,149.0,44.0,153.0,2642.0,small_parts,1,0,1,1,0
309,000308.png,data/cogar_sim_500_final/rgb/000308.png,2625,2,robot_gripper,335.0,150.0,44.0,150.0,3416.0,small_parts,1,0,1,1,0
310,000309.png,data/cogar_sim_500_final/rgb/000309.png,2626,1,table,503.0,330.0,137.0,150.0,10304.0,dynamic_scene,0,1,1,1,1
310,000309.png,data/cogar_sim_500_final/rgb/000309.png,2627,1,table,0.0,0.0,640.0,480.0,296896.0,dynamic_scene,0,1,1,1,1
311,000310.png,data/cogar_sim_500_final/rgb/000310.png,2628,1,table,0.0,0.0,640.0,480.0,237900.0,reflective_metal,1,0,0,1,0
311,000310.png,data/cogar_sim_500_final/rgb/000310.png,2629,3,metal_part,113.0,131.0,81.0,92.0,4751.0,reflective_metal,1,0,0,1,0
311,000310.png,data/cogar_sim_500_final/rgb/000310.png,2630,9,tool,221.0,119.0,194.0,79.0,4896.0,reflective_metal,1,0,0,1,0
311,000310.png,data/cogar_sim_500_final/rgb/000310.png,2631,3,metal_part,529.0,130.0,81.0,113.0,7393.0,reflective_metal,1,0,0,1,0
311,000310.png,data/cogar_sim_500_final/rgb/000310.png,2632,7,connector,0.0,273.0,72.0,48.0,3141.0,reflective_metal,1,0,0,1,0
311,000310.png,data/cogar_sim_500_final/rgb/000310.png,2633,3,metal_part,478.0,332.0,88.0,148.0,10502.0,reflective_metal,1,0,0,1,0
311,000310.png,data/cogar_sim_500_final/rgb/000310.png,2634,3,metal_part,473.0,342.0,139.0,118.0,5811.0,reflective_metal,1,0,0,1,0
311,000310.png,data/cogar_sim_500_final/rgb/000310.png,2635,9,tool,181.0,128.0,232.0,74.0,6732.0,reflective_metal,1,0,0,1,0
311,000310.png,data/cogar_sim_500_final/rgb/000310.png,2636,9,tool,292.0,166.0,186.0,159.0,8872.0,reflective_metal,1,0,0,1,0
311,000310.png,data/cogar_sim_500_final/rgb/000310.png,2637,3,metal_part,66.0,183.0,84.0,81.0,5238.0,reflective_metal,1,0,0,1,0
312,000311.png,data/cogar_sim_500_final/rgb/000311.png,2638,1,table,0.0,0.0,640.0,480.0,237188.0,transparent_glass,0,1,1,0,0
312,000311.png,data/cogar_sim_500_final/rgb/000311.png,2639,1,table,417.0,0.0,223.0,299.0,33552.0,transparent_glass,0,1,1,0,0
312,000311.png,data/cogar_sim_500_final/rgb/000311.png,2640,5,plastic_object,104.0,79.0,72.0,90.0,3543.0,transparent_glass,0,1,1,0,0
312,000311.png,data/cogar_sim_500_final/rgb/000311.png,2641,4,glass_object,340.0,381.0,108.0,99.0,9480.0,transparent_glass,0,1,1,0,0
312,000311.png,data/cogar_sim_500_final/rgb/000311.png,2642,4,glass_object,401.0,186.0,75.0,90.0,4641.0,transparent_glass,0,1,1,0,0
312,000311.png,data/cogar_sim_500_final/rgb/000311.png,2643,5,plastic_object,88.0,105.0,96.0,74.0,1997.0,transparent_glass,0,1,1,0,0
312,000311.png,data/cogar_sim_500_final/rgb/000311.png,2644,2,robot_gripper,179.0,137.0,286.0,187.0,14173.0,transparent_glass,0,1,1,0,0
312,000311.png,data/cogar_sim_500_final/rgb/000311.png,2645,2,robot_gripper,289.0,154.0,45.0,49.0,1436.0,transparent_glass,0,1,1,0,0
312,000311.png,data/cogar_sim_500_final/rgb/000311.png,2646,2,robot_gripper,344.0,231.0,46.0,48.0,1190.0,transparent_glass,0,1,1,0,0
313,000312.png,data/cogar_sim_500_final/rgb/000312.png,2647,1,table,0.0,0.0,640.0,480.0,228767.0,partial_occlusion,1,1,1,0,0
313,000312.png,data/cogar_sim_500_final/rgb/000312.png,2648,1,table,0.0,140.0,145.0,340.0,24717.0,partial_occlusion,1,1,1,0,0
313,000312.png,data/cogar_sim_500_final/rgb/000312.png,2649,5,plastic_object,205.0,105.0,87.0,92.0,3940.0,partial_occlusion,1,1,1,0,0
313,000312.png,data/cogar_sim_500_final/rgb/000312.png,2650,5,plastic_object,374.0,0.0,71.0,32.0,1632.0,partial_occlusion,1,1,1,0,0
313,000312.png,data/cogar_sim_500_final/rgb/000312.png,2651,4,glass_object,264.0,0.0,41.0,28.0,605.0,partial_occlusion,1,1,1,0,0
313,000312.png,data/cogar_sim_500_final/rgb/000312.png,2652,5,plastic_object,90.0,90.0,97.0,116.0,6634.0,partial_occlusion,1,1,1,0,0
313,000312.png,data/cogar_sim_500_final/rgb/000312.png,2653,3,metal_part,273.0,264.0,56.0,77.0,3177.0,partial_occlusion,1,1,1,0,0
313,000312.png,data/cogar_sim_500_final/rgb/000312.png,2654,3,metal_part,463.0,227.0,63.0,55.0,1821.0,partial_occlusion,1,1,1,0,0
313,000312.png,data/cogar_sim_500_final/rgb/000312.png,2655,5,plastic_object,400.0,92.0,118.0,116.0,7395.0,partial_occlusion,1,1,1,0,0
313,000312.png,data/cogar_sim_500_final/rgb/000312.png,2656,2,robot_gripper,187.0,0.0,316.0,317.0,24365.0,partial_occlusion,1,1,1,0,0
313,000312.png,data/cogar_sim_500_final/rgb/000312.png,2657,2,robot_gripper,311.0,185.0,52.0,57.0,1613.0,partial_occlusion,1,1,1,0,0
313,000312.png,data/cogar_sim_500_final/rgb/000312.png,2658,2,robot_gripper,263.0,65.0,63.0,90.0,2534.0,partial_occlusion,1,1,1,0,0
314,000313.png,data/cogar_sim_500_final/rgb/000313.png,2659,1,table,0.0,0.0,640.0,480.0,243823.0,small_parts,1,0,1,1,0
314,000313.png,data/cogar_sim_500_final/rgb/000313.png,2660,5,plastic_object,459.0,349.0,81.0,112.0,6701.0,small_parts,1,0,1,1,0
314,000313.png,data/cogar_sim_500_final/rgb/000313.png,2661,5,plastic_object,529.0,321.0,93.0,97.0,6735.0,small_parts,1,0,1,1,0
314,000313.png,data/cogar_sim_500_final/rgb/000313.png,2662,6,screw,377.0,451.0,22.0,20.0,276.0,small_parts,1,0,1,1,0
314,000313.png,data/cogar_sim_500_final/rgb/000313.png,2663,5,plastic_object,276.0,201.0,111.0,115.0,8127.0,small_parts,1,0,1,1,0
314,000313.png,data/cogar_sim_500_final/rgb/000313.png,2664,7,connector,260.0,142.0,35.0,26.0,808.0,small_parts,1,0,1,1,0
314,000313.png,data/cogar_sim_500_final/rgb/000313.png,2665,3,metal_part,444.0,232.0,51.0,64.0,2288.0,small_parts,1,0,1,1,0
314,000313.png,data/cogar_sim_500_final/rgb/000313.png,2666,5,plastic_object,125.0,244.0,69.0,99.0,4315.0,small_parts,1,0,1,1,0
314,000313.png,data/cogar_sim_500_final/rgb/000313.png,2667,7,connector,205.0,289.0,79.0,58.0,2875.0,small_parts,1,0,1,1,0
314,000313.png,data/cogar_sim_500_final/rgb/000313.png,2668,7,connector,375.0,167.0,55.0,36.0,1830.0,small_parts,1,0,1,1,0
314,000313.png,data/cogar_sim_500_final/rgb/000313.png,2669,7,connector,233.0,258.0,48.0,45.0,1262.0,small_parts,1,0,1,1,0
314,000313.png,data/cogar_sim_500_final/rgb/000313.png,2670,7,connector,288.0,401.0,52.0,68.0,2381.0,small_parts,1,0,1,1,0
314,000313.png,data/cogar_sim_500_final/rgb/000313.png,2671,8,cable,90.0,186.0,198.0,293.0,4485.0,small_parts,1,0,1,1,0
314,000313.png,data/cogar_sim_500_final/rgb/000313.png,2672,3,metal_part,297.0,317.0,31.0,56.0,1475.0,small_parts,1,0,1,1,0
314,000313.png,data/cogar_sim_500_final/rgb/000313.png,2673,2,robot_gripper,277.0,27.0,85.0,203.0,11636.0,small_parts,1,0,1,1,0
314,000313.png,data/cogar_sim_500_final/rgb/000313.png,2674,2,robot_gripper,345.0,117.0,34.0,110.0,2030.0,small_parts,1,0,1,1,0
315,000314.png,data/cogar_sim_500_final/rgb/000314.png,2675,1,table,0.0,0.0,640.0,480.0,232034.0,dynamic_scene,0,0,1,0,1
315,000314.png,data/cogar_sim_500_final/rgb/000314.png,2676,1,table,388.0,0.0,252.0,368.0,46628.0,dynamic_scene,0,0,1,0,1
315,000314.png,data/cogar_sim_500_final/rgb/000314.png,2677,5,plastic_object,143.0,160.0,84.0,72.0,5055.0,dynamic_scene,0,0,1,0,1
315,000314.png,data/cogar_sim_500_final/rgb/000314.png,2678,8,cable,379.0,98.0,98.0,178.0,2796.0,dynamic_scene,0,0,1,0,1
315,000314.png,data/cogar_sim_500_final/rgb/000314.png,2679,5,plastic_object,380.0,378.0,83.0,87.0,5015.0,dynamic_scene,0,0,1,0,1
315,000314.png,data/cogar_sim_500_final/rgb/000314.png,2680,2,robot_gripper,276.0,42.0,126.0,197.0,12130.0,dynamic_scene,0,0,1,0,1
315,000314.png,data/cogar_sim_500_final/rgb/000314.png,2681,2,robot_gripper,319.0,60.0,45.0,158.0,1599.0,dynamic_scene,0,0,1,0,1
315,000314.png,data/cogar_sim_500_final/rgb/000314.png,2682,2,robot_gripper,341.0,120.0,50.0,143.0,1943.0,dynamic_scene,0,0,1,0,1
316,000315.png,data/cogar_sim_500_final/rgb/000315.png,2683,1,table,11.0,0.0,629.0,480.0,222908.0,reflective_metal,1,0,1,0,0
316,000315.png,data/cogar_sim_500_final/rgb/000315.png,2684,1,table,0.0,0.0,191.0,480.0,48480.0,reflective_metal,1,0,1,0,0
316,000315.png,data/cogar_sim_500_final/rgb/000315.png,2685,5,plastic_object,320.0,325.0,47.0,60.0,2225.0,reflective_metal,1,0,1,0,0
316,000315.png,data/cogar_sim_500_final/rgb/000315.png,2686,9,tool,348.0,179.0,112.0,148.0,4704.0,reflective_metal,1,0,1,0,0
316,000315.png,data/cogar_sim_500_final/rgb/000315.png,2687,3,metal_part,327.0,439.0,85.0,41.0,2710.0,reflective_metal,1,0,1,0,0
316,000315.png,data/cogar_sim_500_final/rgb/000315.png,2688,9,tool,374.0,80.0,210.0,101.0,7413.0,reflective_metal,1,0,1,0,0
316,000315.png,data/cogar_sim_500_final/rgb/000315.png,2689,3,metal_part,464.0,206.0,60.0,60.0,2308.0,reflective_metal,1,0,1,0,0
316,000315.png,data/cogar_sim_500_final/rgb/000315.png,2690,2,robot_gripper,239.0,103.0,152.0,308.0,14671.0,reflective_metal,1,0,1,0,0
316,000315.png,data/cogar_sim_500_final/rgb/000315.png,2691,2,robot_gripper,256.0,271.0,26.0,34.0,515.0,reflective_metal,1,0,1,0,0
316,000315.png,data/cogar_sim_500_final/rgb/000315.png,2692,2,robot_gripper,287.0,184.0,47.0,42.0,1266.0,reflective_metal,1,0,1,0,0
317,000316.png,data/cogar_sim_500_final/rgb/000316.png,2693,1,table,0.0,0.0,640.0,480.0,256765.0,transparent_glass,0,1,1,0,0
317,000316.png,data/cogar_sim_500_final/rgb/000316.png,2694,1,table,370.0,429.0,270.0,51.0,7020.0,transparent_glass,0,1,1,0,0
317,000316.png,data/cogar_sim_500_final/rgb/000316.png,2695,4,glass_object,325.0,20.0,96.0,113.0,8070.0,transparent_glass,0,1,1,0,0
317,000316.png,data/cogar_sim_500_final/rgb/000316.png,2696,4,glass_object,504.0,54.0,136.0,110.0,10076.0,transparent_glass,0,1,1,0,0
317,000316.png,data/cogar_sim_500_final/rgb/000316.png,2697,5,plastic_object,86.0,385.0,66.0,74.0,4554.0,transparent_glass,0,1,1,0,0
317,000316.png,data/cogar_sim_500_final/rgb/000316.png,2698,2,robot_gripper,161.0,249.0,319.0,76.0,16930.0,transparent_glass,0,1,1,0,0
317,000316.png,data/cogar_sim_500_final/rgb/000316.png,2699,2,robot_gripper,356.0,279.0,46.0,49.0,1817.0,transparent_glass,0,1,1,0,0
317,000316.png,data/cogar_sim_500_final/rgb/000316.png,2700,2,robot_gripper,249.0,300.0,45.0,49.0,1968.0,transparent_glass,0,1,1,0,0
318,000317.png,data/cogar_sim_500_final/rgb/000317.png,2701,1,table,0.0,80.0,640.0,400.0,155518.0,partial_occlusion,0,0,1,1,0
318,000317.png,data/cogar_sim_500_final/rgb/000317.png,2702,1,table,342.0,0.0,298.0,306.0,57555.0,partial_occlusion,0,0,1,1,0
318,000317.png,data/cogar_sim_500_final/rgb/000317.png,2703,8,cable,216.0,265.0,62.0,74.0,1322.0,partial_occlusion,0,0,1,1,0
318,000317.png,data/cogar_sim_500_final/rgb/000317.png,2704,7,connector,327.0,393.0,113.0,61.0,5595.0,partial_occlusion,0,0,1,1,0
318,000317.png,data/cogar_sim_500_final/rgb/000317.png,2705,5,plastic_object,281.0,293.0,102.0,91.0,8092.0,partial_occlusion,0,0,1,1,0
318,000317.png,data/cogar_sim_500_final/rgb/000317.png,2706,10,box,127.0,148.0,166.0,140.0,17359.0,partial_occlusion,0,0,1,1,0
318,000317.png,data/cogar_sim_500_final/rgb/000317.png,2707,5,plastic_object,294.0,140.0,46.0,65.0,2382.0,partial_occlusion,0,0,1,1,0
318,000317.png,data/cogar_sim_500_final/rgb/000317.png,2708,10,box,377.0,233.0,141.0,154.0,16410.0,partial_occlusion,0,0,1,1,0
318,000317.png,data/cogar_sim_500_final/rgb/000317.png,2709,5,plastic_object,140.0,153.0,38.0,21.0,502.0,partial_occlusion,0,0,1,1,0
318,000317.png,data/cogar_sim_500_final/rgb/000317.png,2710,2,robot_gripper,324.0,103.0,84.0,132.0,8214.0,partial_occlusion,0,0,1,1,0
318,000317.png,data/cogar_sim_500_final/rgb/000317.png,2711,2,robot_gripper,345.0,122.0,41.0,132.0,658.0,partial_occlusion,0,0,1,1,0
318,000317.png,data/cogar_sim_500_final/rgb/000317.png,2712,2,robot_gripper,372.0,145.0,48.0,147.0,1877.0,partial_occlusion,0,0,1,1,0
319,000318.png,data/cogar_sim_500_final/rgb/000318.png,2713,1,table,488.0,221.0,152.0,259.0,19778.0,small_parts,1,0,1,1,0
319,000318.png,data/cogar_sim_500_final/rgb/000318.png,2714,1,table,0.0,0.0,640.0,480.0,287422.0,small_parts,1,0,1,1,0
320,000319.png,data/cogar_sim_500_final/rgb/000319.png,2715,1,table,0.0,0.0,640.0,480.0,284456.0,dynamic_scene,0,0,1,1,1
320,000319.png,data/cogar_sim_500_final/rgb/000319.png,2716,5,plastic_object,344.0,361.0,50.0,38.0,1486.0,dynamic_scene,0,0,1,1,1
320,000319.png,data/cogar_sim_500_final/rgb/000319.png,2717,5,plastic_object,440.0,188.0,90.0,62.0,4596.0,dynamic_scene,0,0,1,1,1
320,000319.png,data/cogar_sim_500_final/rgb/000319.png,2718,7,connector,313.0,274.0,69.0,69.0,2074.0,dynamic_scene,0,0,1,1,1
320,000319.png,data/cogar_sim_500_final/rgb/000319.png,2719,2,robot_gripper,128.0,134.0,260.0,145.0,12424.0,dynamic_scene,0,0,1,1,1
320,000319.png,data/cogar_sim_500_final/rgb/000319.png,2720,2,robot_gripper,216.0,142.0,45.0,37.0,906.0,dynamic_scene,0,0,1,1,1
320,000319.png,data/cogar_sim_500_final/rgb/000319.png,2721,2,robot_gripper,287.0,187.0,43.0,48.0,1258.0,dynamic_scene,0,0,1,1,1
321,000320.png,data/cogar_sim_500_final/rgb/000320.png,2722,1,table,0.0,0.0,640.0,480.0,249408.0,reflective_metal,1,0,0,1,0
321,000320.png,data/cogar_sim_500_final/rgb/000320.png,2723,5,plastic_object,235.0,458.0,57.0,22.0,928.0,reflective_metal,1,0,0,1,0
321,000320.png,data/cogar_sim_500_final/rgb/000320.png,2724,10,box,194.0,155.0,196.0,193.0,18708.0,reflective_metal,1,0,0,1,0
321,000320.png,data/cogar_sim_500_final/rgb/000320.png,2725,3,metal_part,258.0,99.0,69.0,90.0,3434.0,reflective_metal,1,0,0,1,0
321,000320.png,data/cogar_sim_500_final/rgb/000320.png,2726,3,metal_part,345.0,22.0,72.0,93.0,5208.0,reflective_metal,1,0,0,1,0
321,000320.png,data/cogar_sim_500_final/rgb/000320.png,2727,3,metal_part,194.0,99.0,69.0,83.0,3287.0,reflective_metal,1,0,0,1,0
321,000320.png,data/cogar_sim_500_final/rgb/000320.png,2728,9,tool,327.0,51.0,252.0,102.0,7386.0,reflective_metal,1,0,0,1,0
321,000320.png,data/cogar_sim_500_final/rgb/000320.png,2729,7,connector,432.0,299.0,74.0,52.0,2703.0,reflective_metal,1,0,0,1,0
321,000320.png,data/cogar_sim_500_final/rgb/000320.png,2730,3,metal_part,130.0,354.0,76.0,94.0,5510.0,reflective_metal,1,0,0,1,0
321,000320.png,data/cogar_sim_500_final/rgb/000320.png,2731,3,metal_part,137.0,465.0,74.0,15.0,810.0,reflective_metal,1,0,0,1,0
321,000320.png,data/cogar_sim_500_final/rgb/000320.png,2732,3,metal_part,410.0,179.0,118.0,126.0,9818.0,reflective_metal,1,0,0,1,0
322,000321.png,data/cogar_sim_500_final/rgb/000321.png,2733,1,table,0.0,0.0,640.0,480.0,198596.0,transparent_glass,1,1,0,0,0
322,000321.png,data/cogar_sim_500_final/rgb/000321.png,2734,4,glass_object,94.0,214.0,143.0,266.0,30544.0,transparent_glass,1,1,0,0,0
322,000321.png,data/cogar_sim_500_final/rgb/000321.png,2735,4,glass_object,235.0,231.0,103.0,244.0,21868.0,transparent_glass,1,1,0,0,0
322,000321.png,data/cogar_sim_500_final/rgb/000321.png,2736,10,box,252.0,58.0,224.0,205.0,30809.0,transparent_glass,1,1,0,0,0
322,000321.png,data/cogar_sim_500_final/rgb/000321.png,2737,5,plastic_object,137.0,192.0,101.0,114.0,2821.0,transparent_glass,1,1,0,0,0
322,000321.png,data/cogar_sim_500_final/rgb/000321.png,2738,3,metal_part,242.0,161.0,89.0,87.0,3829.0,transparent_glass,1,1,0,0,0
322,000321.png,data/cogar_sim_500_final/rgb/000321.png,2739,3,metal_part,86.0,154.0,60.0,143.0,4494.0,transparent_glass,1,1,0,0,0
323,000322.png,data/cogar_sim_500_final/rgb/000322.png,2740,1,table,0.0,37.0,604.0,443.0,182616.0,partial_occlusion,1,1,1,1,0
323,000322.png,data/cogar_sim_500_final/rgb/000322.png,2741,1,table,451.0,0.0,189.0,480.0,56719.0,partial_occlusion,1,1,1,1,0
323,000322.png,data/cogar_sim_500_final/rgb/000322.png,2742,3,metal_part,397.0,134.0,27.0,53.0,890.0,partial_occlusion,1,1,1,1,0
323,000322.png,data/cogar_sim_500_final/rgb/000322.png,2743,6,screw,230.0,163.0,17.0,14.0,148.0,partial_occlusion,1,1,1,1,0
323,000322.png,data/cogar_sim_500_final/rgb/000322.png,2744,4,glass_object,214.0,214.0,90.0,162.0,11975.0,partial_occlusion,1,1,1,1,0
323,000322.png,data/cogar_sim_500_final/rgb/000322.png,2745,4,glass_object,271.0,131.0,57.0,136.0,5863.0,partial_occlusion,1,1,1,1,0
323,000322.png,data/cogar_sim_500_final/rgb/000322.png,2746,9,tool,355.0,353.0,157.0,74.0,5511.0,partial_occlusion,1,1,1,1,0
323,000322.png,data/cogar_sim_500_final/rgb/000322.png,2747,10,box,233.0,106.0,110.0,87.0,3850.0,partial_occlusion,1,1,1,1,0
323,000322.png,data/cogar_sim_500_final/rgb/000322.png,2748,10,box,338.0,226.0,104.0,128.0,9842.0,partial_occlusion,1,1,1,1,0
323,000322.png,data/cogar_sim_500_final/rgb/000322.png,2749,2,robot_gripper,334.0,81.0,60.0,158.0,6644.0,partial_occlusion,1,1,1,1,0
323,000322.png,data/cogar_sim_500_final/rgb/000322.png,2750,2,robot_gripper,378.0,122.0,13.0,14.0,148.0,partial_occlusion,1,1,1,1,0
323,000322.png,data/cogar_sim_500_final/rgb/000322.png,2751,2,robot_gripper,361.0,135.0,38.0,105.0,1094.0,partial_occlusion,1,1,1,1,0
324,000323.png,data/cogar_sim_500_final/rgb/000323.png,2752,1,table,0.0,0.0,640.0,480.0,270589.0,small_parts,1,0,0,1,0
324,000323.png,data/cogar_sim_500_final/rgb/000323.png,2753,1,table,0.0,0.0,176.0,20.0,1810.0,small_parts,1,0,0,1,0
324,000323.png,data/cogar_sim_500_final/rgb/000323.png,2754,5,plastic_object,312.0,42.0,77.0,54.0,3009.0,small_parts,1,0,0,1,0
324,000323.png,data/cogar_sim_500_final/rgb/000323.png,2755,9,tool,156.0,153.0,169.0,44.0,5770.0,small_parts,1,0,0,1,0
324,000323.png,data/cogar_sim_500_final/rgb/000323.png,2756,6,screw,505.0,140.0,20.0,14.0,237.0,small_parts,1,0,0,1,0
324,000323.png,data/cogar_sim_500_final/rgb/000323.png,2757,10,box,42.0,191.0,168.0,141.0,20221.0,small_parts,1,0,0,1,0
324,000323.png,data/cogar_sim_500_final/rgb/000323.png,2758,6,screw,339.0,235.0,22.0,23.0,358.0,small_parts,1,0,0,1,0
324,000323.png,data/cogar_sim_500_final/rgb/000323.png,2759,7,connector,376.0,278.0,59.0,26.0,1050.0,small_parts,1,0,0,1,0
324,000323.png,data/cogar_sim_500_final/rgb/000323.png,2760,6,screw,300.0,263.0,23.0,23.0,379.0,small_parts,1,0,0,1,0
324,000323.png,data/cogar_sim_500_final/rgb/000323.png,2761,6,screw,112.0,382.0,19.0,13.0,186.0,small_parts,1,0,0,1,0
324,000323.png,data/cogar_sim_500_final/rgb/000323.png,2762,6,screw,547.0,302.0,28.0,28.0,456.0,small_parts,1,0,0,1,0
324,000323.png,data/cogar_sim_500_final/rgb/000323.png,2763,6,screw,469.0,345.0,26.0,18.0,394.0,small_parts,1,0,0,1,0
324,000323.png,data/cogar_sim_500_final/rgb/000323.png,2764,7,connector,400.0,228.0,73.0,66.0,2237.0,small_parts,1,0,0,1,0
324,000323.png,data/cogar_sim_500_final/rgb/000323.png,2765,6,screw,220.0,159.0,3.0,1.0,3.0,small_parts,1,0,0,1,0
324,000323.png,data/cogar_sim_500_final/rgb/000323.png,2766,6,screw,200.0,158.0,10.0,3.0,25.0,small_parts,1,0,0,1,0
324,000323.png,data/cogar_sim_500_final/rgb/000323.png,2767,6,screw,333.0,338.0,25.0,12.0,222.0,small_parts,1,0,0,1,0
324,000323.png,data/cogar_sim_500_final/rgb/000323.png,2768,6,screw,470.0,125.0,21.0,24.0,254.0,small_parts,1,0,0,1,0
325,000324.png,data/cogar_sim_500_final/rgb/000324.png,2769,1,table,0.0,0.0,633.0,480.0,241961.0,dynamic_scene,1,1,1,1,1
325,000324.png,data/cogar_sim_500_final/rgb/000324.png,2770,1,table,508.0,0.0,132.0,480.0,33396.0,dynamic_scene,1,1,1,1,1
325,000324.png,data/cogar_sim_500_final/rgb/000324.png,2771,3,metal_part,403.0,143.0,42.0,95.0,3004.0,dynamic_scene,1,1,1,1,1
325,000324.png,data/cogar_sim_500_final/rgb/000324.png,2772,7,connector,400.0,232.0,48.0,81.0,1964.0,dynamic_scene,1,1,1,1,1
325,000324.png,data/cogar_sim_500_final/rgb/000324.png,2773,7,connector,159.0,106.0,63.0,50.0,1876.0,dynamic_scene,1,1,1,1,1
325,000324.png,data/cogar_sim_500_final/rgb/000324.png,2774,5,plastic_object,217.0,74.0,40.0,61.0,936.0,dynamic_scene,1,1,1,1,1
325,000324.png,data/cogar_sim_500_final/rgb/000324.png,2775,4,glass_object,284.0,191.0,105.0,164.0,8955.0,dynamic_scene,1,1,1,1,1
325,000324.png,data/cogar_sim_500_final/rgb/000324.png,2776,2,robot_gripper,226.0,90.0,106.0,197.0,12406.0,dynamic_scene,1,1,1,1,1
325,000324.png,data/cogar_sim_500_final/rgb/000324.png,2777,2,robot_gripper,291.0,121.0,34.0,82.0,1497.0,dynamic_scene,1,1,1,1,1
325,000324.png,data/cogar_sim_500_final/rgb/000324.png,2778,2,robot_gripper,278.0,276.0,47.0,36.0,1205.0,dynamic_scene,1,1,1,1,1
326,000325.png,data/cogar_sim_500_final/rgb/000325.png,2779,1,table,0.0,50.0,640.0,430.0,229189.0,reflective_metal,1,0,0,1,0
326,000325.png,data/cogar_sim_500_final/rgb/000325.png,2780,9,tool,289.0,134.0,191.0,99.0,5033.0,reflective_metal,1,0,0,1,0
326,000325.png,data/cogar_sim_500_final/rgb/000325.png,2781,5,plastic_object,459.0,155.0,87.0,93.0,6802.0,reflective_metal,1,0,0,1,0
326,000325.png,data/cogar_sim_500_final/rgb/000325.png,2782,3,metal_part,135.0,146.0,76.0,80.0,4671.0,reflective_metal,1,0,0,1,0
326,000325.png,data/cogar_sim_500_final/rgb/000325.png,2783,3,metal_part,344.0,261.0,103.0,75.0,6033.0,reflective_metal,1,0,0,1,0
326,000325.png,data/cogar_sim_500_final/rgb/000325.png,2784,3,metal_part,329.0,143.0,57.0,51.0,1907.0,reflective_metal,1,0,0,1,0
326,000325.png,data/cogar_sim_500_final/rgb/000325.png,2785,6,screw,350.0,230.0,15.0,13.0,168.0,reflective_metal,1,0,0,1,0
326,000325.png,data/cogar_sim_500_final/rgb/000325.png,2786,7,connector,445.0,160.0,24.0,40.0,541.0,reflective_metal,1,0,0,1,0
326,000325.png,data/cogar_sim_500_final/rgb/000325.png,2787,3,metal_part,211.0,239.0,113.0,89.0,6546.0,reflective_metal,1,0,0,1,0
326,000325.png,data/cogar_sim_500_final/rgb/000325.png,2788,3,metal_part,210.0,170.0,59.0,60.0,3222.0,reflective_metal,1,0,0,1,0
327,000326.png,data/cogar_sim_500_final/rgb/000326.png,2789,1,table,0.0,44.0,640.0,436.0,179579.0,transparent_glass,1,1,1,0,0
327,000326.png,data/cogar_sim_500_final/rgb/000326.png,2790,1,table,0.0,0.0,358.0,359.0,69774.0,transparent_glass,1,1,1,0,0
327,000326.png,data/cogar_sim_500_final/rgb/000326.png,2791,4,glass_object,225.0,181.0,69.0,108.0,2368.0,transparent_glass,1,1,1,0,0
327,000326.png,data/cogar_sim_500_final/rgb/000326.png,2792,9,tool,233.0,268.0,36.0,62.0,1078.0,transparent_glass,1,1,1,0,0
327,000326.png,data/cogar_sim_500_final/rgb/000326.png,2793,5,plastic_object,385.0,259.0,57.0,51.0,2255.0,transparent_glass,1,1,1,0,0
327,000326.png,data/cogar_sim_500_final/rgb/000326.png,2794,10,box,327.0,153.0,122.0,105.0,9047.0,transparent_glass,1,1,1,0,0
327,000326.png,data/cogar_sim_500_final/rgb/000326.png,2795,8,cable,141.0,323.0,265.0,20.0,2331.0,transparent_glass,1,1,1,0,0
327,000326.png,data/cogar_sim_500_final/rgb/000326.png,2796,4,glass_object,143.0,232.0,89.0,166.0,12019.0,transparent_glass,1,1,1,0,0
327,000326.png,data/cogar_sim_500_final/rgb/000326.png,2797,2,robot_gripper,225.0,91.0,52.0,171.0,7854.0,transparent_glass,1,1,1,0,0
327,000326.png,data/cogar_sim_500_final/rgb/000326.png,2798,2,robot_gripper,195.0,170.0,41.0,98.0,2061.0,transparent_glass,1,1,1,0,0
328,000327.png,data/cogar_sim_500_final/rgb/000327.png,2799,1,table,0.0,11.0,640.0,469.0,197705.0,partial_occlusion,1,1,1,1,0
328,000327.png,data/cogar_sim_500_final/rgb/000327.png,2800,1,table,0.0,0.0,491.0,260.0,57845.0,partial_occlusion,1,1,1,1,0
328,000327.png,data/cogar_sim_500_final/rgb/000327.png,2801,3,metal_part,192.0,202.0,66.0,84.0,4460.0,partial_occlusion,1,1,1,1,0
328,000327.png,data/cogar_sim_500_final/rgb/000327.png,2802,6,screw,276.0,313.0,23.0,21.0,270.0,partial_occlusion,1,1,1,1,0
328,000327.png,data/cogar_sim_500_final/rgb/000327.png,2803,3,metal_part,416.0,144.0,56.0,90.0,3961.0,partial_occlusion,1,1,1,1,0
328,000327.png,data/cogar_sim_500_final/rgb/000327.png,2804,5,plastic_object,13.0,244.0,50.0,63.0,2101.0,partial_occlusion,1,1,1,1,0
328,000327.png,data/cogar_sim_500_final/rgb/000327.png,2805,5,plastic_object,33.0,218.0,46.0,80.0,2104.0,partial_occlusion,1,1,1,1,0
328,000327.png,data/cogar_sim_500_final/rgb/000327.png,2806,10,box,69.0,200.0,89.0,106.0,8103.0,partial_occlusion,1,1,1,1,0
328,000327.png,data/cogar_sim_500_final/rgb/000327.png,2807,4,glass_object,334.0,137.0,84.0,116.0,8621.0,partial_occlusion,1,1,1,1,0
328,000327.png,data/cogar_sim_500_final/rgb/000327.png,2808,2,robot_gripper,191.0,49.0,218.0,110.0,12264.0,partial_occlusion,1,1,1,1,0
328,000327.png,data/cogar_sim_500_final/rgb/000327.png,2809,2,robot_gripper,246.0,73.0,40.0,136.0,2661.0,partial_occlusion,1,1,1,1,0
328,000327.png,data/cogar_sim_500_final/rgb/000327.png,2810,2,robot_gripper,300.0,56.0,35.0,118.0,1660.0,partial_occlusion,1,1,1,1,0
329,000328.png,data/cogar_sim_500_final/rgb/000328.png,2811,1,table,69.0,0.0,571.0,480.0,217939.0,small_parts,1,0,0,1,0
329,000328.png,data/cogar_sim_500_final/rgb/000328.png,2812,1,table,0.0,0.0,131.0,480.0,47956.0,small_parts,1,0,0,1,0
329,000328.png,data/cogar_sim_500_final/rgb/000328.png,2813,8,cable,223.0,232.0,27.0,90.0,1277.0,small_parts,1,0,0,1,0
329,000328.png,data/cogar_sim_500_final/rgb/000328.png,2814,10,box,153.0,83.0,150.0,156.0,18284.0,small_parts,1,0,0,1,0
329,000328.png,data/cogar_sim_500_final/rgb/000328.png,2815,5,plastic_object,412.0,401.0,80.0,65.0,3241.0,small_parts,1,0,0,1,0
329,000328.png,data/cogar_sim_500_final/rgb/000328.png,2816,6,screw,282.0,46.0,22.0,25.0,331.0,small_parts,1,0,0,1,0
329,000328.png,data/cogar_sim_500_final/rgb/000328.png,2817,6,screw,446.0,102.0,20.0,19.0,232.0,small_parts,1,0,0,1,0
329,000328.png,data/cogar_sim_500_final/rgb/000328.png,2818,3,metal_part,249.0,100.0,98.0,80.0,3373.0,small_parts,1,0,0,1,0
329,000328.png,data/cogar_sim_500_final/rgb/000328.png,2819,7,connector,341.0,0.0,63.0,84.0,2512.0,small_parts,1,0,0,1,0
329,000328.png,data/cogar_sim_500_final/rgb/000328.png,2820,8,cable,109.0,171.0,360.0,128.0,3056.0,small_parts,1,0,0,1,0
329,000328.png,data/cogar_sim_500_final/rgb/000328.png,2821,6,screw,267.0,450.0,14.0,23.0,218.0,small_parts,1,0,0,1,0
329,000328.png,data/cogar_sim_500_final/rgb/000328.png,2822,6,screw,493.0,422.0,19.0,30.0,436.0,small_parts,1,0,0,1,0
329,000328.png,data/cogar_sim_500_final/rgb/000328.png,2823,6,screw,313.0,168.0,12.0,8.0,61.0,small_parts,1,0,0,1,0
329,000328.png,data/cogar_sim_500_final/rgb/000328.png,2824,3,metal_part,128.0,0.0,90.0,87.0,6420.0,small_parts,1,0,0,1,0
329,000328.png,data/cogar_sim_500_final/rgb/000328.png,2825,7,connector,393.0,79.0,52.0,90.0,1652.0,small_parts,1,0,0,1,0
329,000328.png,data/cogar_sim_500_final/rgb/000328.png,2826,6,screw,343.0,442.0,14.0,24.0,212.0,small_parts,1,0,0,1,0
330,000329.png,data/cogar_sim_500_final/rgb/000329.png,2827,1,table,0.0,20.0,640.0,460.0,195582.0,dynamic_scene,1,0,0,0,1
330,000329.png,data/cogar_sim_500_final/rgb/000329.png,2828,1,table,0.0,0.0,491.0,270.0,70915.0,dynamic_scene,1,0,0,0,1
330,000329.png,data/cogar_sim_500_final/rgb/000329.png,2829,9,tool,315.0,205.0,190.0,134.0,10246.0,dynamic_scene,1,0,0,0,1
330,000329.png,data/cogar_sim_500_final/rgb/000329.png,2830,5,plastic_object,470.0,167.0,64.0,78.0,3149.0,dynamic_scene,1,0,0,0,1
330,000329.png,data/cogar_sim_500_final/rgb/000329.png,2831,8,cable,199.0,266.0,293.0,23.0,1794.0,dynamic_scene,1,0,0,0,1
330,000329.png,data/cogar_sim_500_final/rgb/000329.png,2832,5,plastic_object,303.0,147.0,72.0,36.0,399.0,dynamic_scene,1,0,0,0,1
330,000329.png,data/cogar_sim_500_final/rgb/000329.png,2833,10,box,243.0,151.0,141.0,118.0,10566.0,dynamic_scene,1,0,0,0,1
330,000329.png,data/cogar_sim_500_final/rgb/000329.png,2834,5,plastic_object,233.0,213.0,96.0,118.0,9639.0,dynamic_scene,1,0,0,0,1
331,000330.png,data/cogar_sim_500_final/rgb/000330.png,2835,1,table,0.0,0.0,640.0,480.0,258580.0,reflective_metal,1,0,1,0,0
331,000330.png,data/cogar_sim_500_final/rgb/000330.png,2836,3,metal_part,526.0,100.0,93.0,60.0,5091.0,reflective_metal,1,0,1,0,0
331,000330.png,data/cogar_sim_500_final/rgb/000330.png,2837,3,metal_part,238.0,131.0,71.0,94.0,3680.0,reflective_metal,1,0,1,0,0
331,000330.png,data/cogar_sim_500_final/rgb/000330.png,2838,10,box,237.0,290.0,140.0,114.0,7937.0,reflective_metal,1,0,1,0,0
331,000330.png,data/cogar_sim_500_final/rgb/000330.png,2839,9,tool,240.0,223.0,253.0,104.0,6570.0,reflective_metal,1,0,1,0,0
331,000330.png,data/cogar_sim_500_final/rgb/000330.png,2840,2,robot_gripper,273.0,6.0,114.0,392.0,21329.0,reflective_metal,1,0,1,0,0
331,000330.png,data/cogar_sim_500_final/rgb/000330.png,2841,2,robot_gripper,360.0,146.0,48.0,64.0,2314.0,reflective_metal,1,0,1,0,0
331,000330.png,data/cogar_sim_500_final/rgb/000330.png,2842,2,robot_gripper,297.0,238.0,52.0,43.0,1699.0,reflective_metal,1,0,1,0,0
332,000331.png,data/cogar_sim_500_final/rgb/000331.png,2843,1,table,0.0,0.0,640.0,480.0,234453.0,transparent_glass,1,1,1,0,0
332,000331.png,data/cogar_sim_500_final/rgb/000331.png,2844,1,table,0.0,319.0,181.0,161.0,14591.0,transparent_glass,1,1,1,0,0
332,000331.png,data/cogar_sim_500_final/rgb/000331.png,2845,4,glass_object,178.0,0.0,96.0,51.0,3493.0,transparent_glass,1,1,1,0,0
332,000331.png,data/cogar_sim_500_final/rgb/000331.png,2846,4,glass_object,223.0,48.0,124.0,113.0,10602.0,transparent_glass,1,1,1,0,0
332,000331.png,data/cogar_sim_500_final/rgb/000331.png,2847,4,glass_object,329.0,35.0,74.0,119.0,6009.0,transparent_glass,1,1,1,0,0
332,000331.png,data/cogar_sim_500_final/rgb/000331.png,2848,8,cable,353.0,303.0,176.0,177.0,2720.0,transparent_glass,1,1,1,0,0
332,000331.png,data/cogar_sim_500_final/rgb/000331.png,2849,3,metal_part,259.0,416.0,84.0,64.0,3571.0,transparent_glass,1,1,1,0,0
332,000331.png,data/cogar_sim_500_final/rgb/000331.png,2850,4,glass_object,133.0,9.0,103.0,116.0,7174.0,transparent_glass,1,1,1,0,0
332,000331.png,data/cogar_sim_500_final/rgb/000331.png,2851,2,robot_gripper,179.0,121.0,369.0,158.0,22744.0,transparent_glass,1,1,1,0,0
332,000331.png,data/cogar_sim_500_final/rgb/000331.png,2852,2,robot_gripper,359.0,232.0,46.0,52.0,1637.0,transparent_glass,1,1,1,0,0
332,000331.png,data/cogar_sim_500_final/rgb/000331.png,2853,2,robot_gripper,289.0,212.0,31.0,15.0,206.0,transparent_glass,1,1,1,0,0
333,000332.png,data/cogar_sim_500_final/rgb/000332.png,2854,1,table,0.0,0.0,640.0,480.0,238902.0,partial_occlusion,0,0,1,1,0
333,000332.png,data/cogar_sim_500_final/rgb/000332.png,2855,10,box,155.0,81.0,152.0,124.0,9210.0,partial_occlusion,0,0,1,1,0
333,000332.png,data/cogar_sim_500_final/rgb/000332.png,2856,7,connector,104.0,238.0,54.0,56.0,1313.0,partial_occlusion,0,0,1,1,0
333,000332.png,data/cogar_sim_500_final/rgb/000332.png,2857,8,cable,363.0,191.0,101.0,41.0,1383.0,partial_occlusion,0,0,1,1,0
333,000332.png,data/cogar_sim_500_final/rgb/000332.png,2858,5,plastic_object,221.0,355.0,115.0,125.0,12562.0,partial_occlusion,0,0,1,1,0
333,000332.png,data/cogar_sim_500_final/rgb/000332.png,2859,7,connector,360.0,284.0,51.0,30.0,1437.0,partial_occlusion,0,0,1,1,0
333,000332.png,data/cogar_sim_500_final/rgb/000332.png,2860,8,cable,29.0,236.0,256.0,126.0,3269.0,partial_occlusion,0,0,1,1,0
333,000332.png,data/cogar_sim_500_final/rgb/000332.png,2861,7,connector,417.0,272.0,68.0,78.0,2851.0,partial_occlusion,0,0,1,1,0
333,000332.png,data/cogar_sim_500_final/rgb/000332.png,2862,8,cable,219.0,308.0,15.0,46.0,9.0,partial_occlusion,0,0,1,1,0
333,000332.png,data/cogar_sim_500_final/rgb/000332.png,2863,5,plastic_object,343.0,113.0,76.0,95.0,3105.0,partial_occlusion,0,0,1,1,0
333,000332.png,data/cogar_sim_500_final/rgb/000332.png,2864,2,robot_gripper,153.0,95.0,241.0,221.0,21700.0,partial_occlusion,0,0,1,1,0
333,000332.png,data/cogar_sim_500_final/rgb/000332.png,2865,2,robot_gripper,206.0,156.0,70.0,203.0,6147.0,partial_occlusion,0,0,1,1,0
333,000332.png,data/cogar_sim_500_final/rgb/000332.png,2866,2,robot_gripper,253.0,126.0,56.0,152.0,1669.0,partial_occlusion,0,0,1,1,0
334,000333.png,data/cogar_sim_500_final/rgb/000333.png,2867,1,table,0.0,0.0,640.0,480.0,210514.0,small_parts,1,0,1,1,0
334,000333.png,data/cogar_sim_500_final/rgb/000333.png,2868,1,table,273.0,0.0,367.0,253.0,46473.0,small_parts,1,0,1,1,0
334,000333.png,data/cogar_sim_500_final/rgb/000333.png,2869,3,metal_part,400.0,193.0,79.0,87.0,4127.0,small_parts,1,0,1,1,0
334,000333.png,data/cogar_sim_500_final/rgb/000333.png,2870,3,metal_part,57.0,63.0,94.0,124.0,7827.0,small_parts,1,0,1,1,0
334,000333.png,data/cogar_sim_500_final/rgb/000333.png,2871,9,tool,362.0,158.0,55.0,54.0,1667.0,small_parts,1,0,1,1,0
334,000333.png,data/cogar_sim_500_final/rgb/000333.png,2872,3,metal_part,395.0,110.0,22.0,47.0,816.0,small_parts,1,0,1,1,0
334,000333.png,data/cogar_sim_500_final/rgb/000333.png,2873,7,connector,195.0,96.0,35.0,44.0,821.0,small_parts,1,0,1,1,0
334,000333.png,data/cogar_sim_500_final/rgb/000333.png,2874,7,connector,473.0,235.0,54.0,73.0,2447.0,small_parts,1,0,1,1,0
334,000333.png,data/cogar_sim_500_final/rgb/000333.png,2875,8,cable,159.0,209.0,210.0,174.0,2868.0,small_parts,1,0,1,1,0
334,000333.png,data/cogar_sim_500_final/rgb/000333.png,2876,7,connector,408.0,145.0,69.0,57.0,2416.0,small_parts,1,0,1,1,0
334,000333.png,data/cogar_sim_500_final/rgb/000333.png,2877,6,screw,294.0,314.0,27.0,29.0,408.0,small_parts,1,0,1,1,0
334,000333.png,data/cogar_sim_500_final/rgb/000333.png,2878,8,cable,337.0,170.0,297.0,121.0,3051.0,small_parts,1,0,1,1,0
334,000333.png,data/cogar_sim_500_final/rgb/000333.png,2879,5,plastic_object,315.0,75.0,84.0,115.0,4165.0,small_parts,1,0,1,1,0
334,000333.png,data/cogar_sim_500_final/rgb/000333.png,2880,2,robot_gripper,158.0,17.0,209.0,157.0,15821.0,small_parts,1,0,1,1,0
334,000333.png,data/cogar_sim_500_final/rgb/000333.png,2881,2,robot_gripper,234.0,46.0,41.0,120.0,1264.0,small_parts,1,0,1,1,0
334,000333.png,data/cogar_sim_500_final/rgb/000333.png,2882,2,robot_gripper,274.0,68.0,48.0,149.0,2515.0,small_parts,1,0,1,1,0
335,000334.png,data/cogar_sim_500_final/rgb/000334.png,2883,1,table,0.0,306.0,187.0,174.0,16330.0,dynamic_scene,1,0,1,1,1
335,000334.png,data/cogar_sim_500_final/rgb/000334.png,2884,1,table,0.0,0.0,640.0,480.0,290870.0,dynamic_scene,1,0,1,1,1
336,000335.png,data/cogar_sim_500_final/rgb/000335.png,2885,1,table,0.0,73.0,640.0,407.0,151136.0,reflective_metal,1,0,0,0,0
336,000335.png,data/cogar_sim_500_final/rgb/000335.png,2886,1,table,159.0,0.0,481.0,281.0,83147.0,reflective_metal,1,0,0,0,0
336,000335.png,data/cogar_sim_500_final/rgb/000335.png,2887,3,metal_part,251.0,182.0,89.0,95.0,5579.0,reflective_metal,1,0,0,0,0
336,000335.png,data/cogar_sim_500_final/rgb/000335.png,2888,9,tool,396.0,209.0,27.0,80.0,1875.0,reflective_metal,1,0,0,0,0
336,000335.png,data/cogar_sim_500_final/rgb/000335.png,2889,3,metal_part,162.0,259.0,54.0,95.0,3988.0,reflective_metal,1,0,0,0,0
336,000335.png,data/cogar_sim_500_final/rgb/000335.png,2890,3,metal_part,308.0,238.0,80.0,109.0,7034.0,reflective_metal,1,0,0,0,0
336,000335.png,data/cogar_sim_500_final/rgb/000335.png,2891,3,metal_part,380.0,144.0,55.0,93.0,3306.0,reflective_metal,1,0,0,0,0
336,000335.png,data/cogar_sim_500_final/rgb/000335.png,2892,9,tool,447.0,201.0,152.0,187.0,7884.0,reflective_metal,1,0,0,0,0
336,000335.png,data/cogar_sim_500_final/rgb/000335.png,2893,10,box,86.0,230.0,164.0,127.0,12144.0,reflective_metal,1,0,0,0,0
336,000335.png,data/cogar_sim_500_final/rgb/000335.png,2894,9,tool,46.0,261.0,229.0,129.0,4393.0,reflective_metal,1,0,0,0,0
336,000335.png,data/cogar_sim_500_final/rgb/000335.png,2895,10,box,188.0,129.0,81.0,81.0,6070.0,reflective_metal,1,0,0,0,0
336,000335.png,data/cogar_sim_500_final/rgb/000335.png,2896,9,tool,10.0,176.0,181.0,95.0,6327.0,reflective_metal,1,0,0,0,0
337,000336.png,data/cogar_sim_500_final/rgb/000336.png,2897,1,table,0.0,111.0,640.0,369.0,166346.0,transparent_glass,1,1,1,0,0
337,000336.png,data/cogar_sim_500_final/rgb/000336.png,2898,1,table,0.0,0.0,640.0,237.0,96709.0,transparent_glass,1,1,1,0,0
337,000336.png,data/cogar_sim_500_final/rgb/000336.png,2899,4,glass_object,479.0,146.0,83.0,161.0,10553.0,transparent_glass,1,1,1,0,0
337,000336.png,data/cogar_sim_500_final/rgb/000336.png,2900,3,metal_part,213.0,239.0,102.0,114.0,8253.0,transparent_glass,1,1,1,0,0
337,000336.png,data/cogar_sim_500_final/rgb/000336.png,2901,10,box,247.0,186.0,167.0,84.0,5704.0,transparent_glass,1,1,1,0,0
337,000336.png,data/cogar_sim_500_final/rgb/000336.png,2902,2,robot_gripper,155.0,117.0,276.0,94.0,16174.0,transparent_glass,1,1,1,0,0
337,000336.png,data/cogar_sim_500_final/rgb/000336.png,2903,2,robot_gripper,248.0,186.0,35.0,54.0,1526.0,transparent_glass,1,1,1,0,0
337,000336.png,data/cogar_sim_500_final/rgb/000336.png,2904,2,robot_gripper,316.0,196.0,34.0,60.0,1828.0,transparent_glass,1,1,1,0,0
338,000337.png,data/cogar_sim_500_final/rgb/000337.png,2905,1,table,0.0,0.0,640.0,480.0,236055.0,partial_occlusion,0,0,1,1,0
338,000337.png,data/cogar_sim_500_final/rgb/000337.png,2906,10,box,219.0,228.0,191.0,199.0,20943.0,partial_occlusion,0,0,1,1,0
338,000337.png,data/cogar_sim_500_final/rgb/000337.png,2907,10,box,166.0,204.0,92.0,189.0,7654.0,partial_occlusion,0,0,1,1,0
338,000337.png,data/cogar_sim_500_final/rgb/000337.png,2908,7,connector,178.0,114.0,40.0,60.0,1648.0,partial_occlusion,0,0,1,1,0
338,000337.png,data/cogar_sim_500_final/rgb/000337.png,2909,5,plastic_object,448.0,221.0,66.0,40.0,1624.0,partial_occlusion,0,0,1,1,0
338,000337.png,data/cogar_sim_500_final/rgb/000337.png,2910,5,plastic_object,385.0,217.0,57.0,28.0,1159.0,partial_occlusion,0,0,1,1,0
338,000337.png,data/cogar_sim_500_final/rgb/000337.png,2911,7,connector,366.0,126.0,54.0,90.0,2693.0,partial_occlusion,0,0,1,1,0
338,000337.png,data/cogar_sim_500_final/rgb/000337.png,2912,5,plastic_object,280.0,413.0,68.0,42.0,1863.0,partial_occlusion,0,0,1,1,0
338,000337.png,data/cogar_sim_500_final/rgb/000337.png,2913,5,plastic_object,443.0,374.0,54.0,102.0,4233.0,partial_occlusion,0,0,1,1,0
338,000337.png,data/cogar_sim_500_final/rgb/000337.png,2914,2,robot_gripper,246.0,211.0,394.0,143.0,24174.0,partial_occlusion,0,0,1,1,0
338,000337.png,data/cogar_sim_500_final/rgb/000337.png,2915,2,robot_gripper,457.0,279.0,88.0,61.0,2643.0,partial_occlusion,0,0,1,1,0
338,000337.png,data/cogar_sim_500_final/rgb/000337.png,2916,2,robot_gripper,359.0,286.0,57.0,61.0,2511.0,partial_occlusion,0,0,1,1,0
339,000338.png,data/cogar_sim_500_final/rgb/000338.png,2917,1,table,0.0,56.0,640.0,424.0,183211.0,small_parts,1,0,0,1,0
339,000338.png,data/cogar_sim_500_final/rgb/000338.png,2918,1,table,74.0,0.0,566.0,272.0,91544.0,small_parts,1,0,0,1,0
339,000338.png,data/cogar_sim_500_final/rgb/000338.png,2919,6,screw,424.0,240.0,13.0,15.0,136.0,small_parts,1,0,0,1,0
339,000338.png,data/cogar_sim_500_final/rgb/000338.png,2920,6,screw,233.0,267.0,20.0,19.0,237.0,small_parts,1,0,0,1,0
339,000338.png,data/cogar_sim_500_final/rgb/000338.png,2921,6,screw,374.0,397.0,3.0,2.0,3.0,small_parts,1,0,0,1,0
339,000338.png,data/cogar_sim_500_final/rgb/000338.png,2922,7,connector,276.0,157.0,42.0,37.0,696.0,small_parts,1,0,0,1,0
339,000338.png,data/cogar_sim_500_final/rgb/000338.png,2923,7,connector,305.0,285.0,44.0,75.0,2647.0,small_parts,1,0,0,1,0
339,000338.png,data/cogar_sim_500_final/rgb/000338.png,2924,7,connector,348.0,390.0,93.0,78.0,3423.0,small_parts,1,0,0,1,0
339,000338.png,data/cogar_sim_500_final/rgb/000338.png,2925,8,cable,396.0,216.0,174.0,90.0,1948.0,small_parts,1,0,0,1,0
339,000338.png,data/cogar_sim_500_final/rgb/000338.png,2926,7,connector,223.0,166.0,67.0,39.0,1517.0,small_parts,1,0,0,1,0
339,000338.png,data/cogar_sim_500_final/rgb/000338.png,2927,7,connector,277.0,301.0,35.0,31.0,897.0,small_parts,1,0,0,1,0
339,000338.png,data/cogar_sim_500_final/rgb/000338.png,2928,6,screw,129.0,256.0,16.0,22.0,249.0,small_parts,1,0,0,1,0
339,000338.png,data/cogar_sim_500_final/rgb/000338.png,2929,3,metal_part,510.0,281.0,55.0,56.0,2284.0,small_parts,1,0,0,1,0
339,000338.png,data/cogar_sim_500_final/rgb/000338.png,2930,5,plastic_object,435.0,263.0,76.0,105.0,6604.0,small_parts,1,0,0,1,0
339,000338.png,data/cogar_sim_500_final/rgb/000338.png,2931,3,metal_part,437.0,376.0,89.0,81.0,6121.0,small_parts,1,0,0,1,0
340,000339.png,data/cogar_sim_500_final/rgb/000339.png,2932,1,table,52.0,11.0,588.0,469.0,212589.0,dynamic_scene,1,0,1,0,1
340,000339.png,data/cogar_sim_500_final/rgb/000339.png,2933,1,table,0.0,0.0,123.0,480.0,39944.0,dynamic_scene,1,0,1,0,1
340,000339.png,data/cogar_sim_500_final/rgb/000339.png,2934,8,cable,210.0,108.0,154.0,106.0,559.0,dynamic_scene,1,0,1,0,1
340,000339.png,data/cogar_sim_500_final/rgb/000339.png,2935,5,plastic_object,320.0,120.0,55.0,30.0,1095.0,dynamic_scene,1,0,1,0,1
340,000339.png,data/cogar_sim_500_final/rgb/000339.png,2936,9,tool,329.0,276.0,135.0,204.0,9027.0,dynamic_scene,1,0,1,0,1
340,000339.png,data/cogar_sim_500_final/rgb/000339.png,2937,2,robot_gripper,214.0,106.0,174.0,115.0,9269.0,dynamic_scene,1,0,1,0,1
340,000339.png,data/cogar_sim_500_final/rgb/000339.png,2938,2,robot_gripper,267.0,146.0,45.0,145.0,5724.0,dynamic_scene,1,0,1,0,1
340,000339.png,data/cogar_sim_500_final/rgb/000339.png,2939,2,robot_gripper,249.0,175.0,21.0,69.0,1105.0,dynamic_scene,1,0,1,0,1
341,000340.png,data/cogar_sim_500_final/rgb/000340.png,2940,1,table,68.0,0.0,572.0,480.0,218685.0,reflective_metal,1,0,1,1,0
341,000340.png,data/cogar_sim_500_final/rgb/000340.png,2941,1,table,0.0,0.0,161.0,480.0,55081.0,reflective_metal,1,0,1,1,0
341,000340.png,data/cogar_sim_500_final/rgb/000340.png,2942,7,connector,261.0,61.0,43.0,59.0,1457.0,reflective_metal,1,0,1,1,0
341,000340.png,data/cogar_sim_500_final/rgb/000340.png,2943,6,screw,434.0,456.0,17.0,16.0,194.0,reflective_metal,1,0,1,1,0
341,000340.png,data/cogar_sim_500_final/rgb/000340.png,2944,3,metal_part,432.0,73.0,41.0,99.0,3061.0,reflective_metal,1,0,1,1,0
341,000340.png,data/cogar_sim_500_final/rgb/000340.png,2945,5,plastic_object,331.0,96.0,78.0,85.0,5162.0,reflective_metal,1,0,1,1,0
341,000340.png,data/cogar_sim_500_final/rgb/000340.png,2946,9,tool,399.0,36.0,115.0,199.0,2255.0,reflective_metal,1,0,1,1,0
341,000340.png,data/cogar_sim_500_final/rgb/000340.png,2947,3,metal_part,456.0,52.0,53.0,55.0,1568.0,reflective_metal,1,0,1,1,0
341,000340.png,data/cogar_sim_500_final/rgb/000340.png,2948,3,metal_part,162.0,366.0,72.0,73.0,4158.0,reflective_metal,1,0,1,1,0
341,000340.png,data/cogar_sim_500_final/rgb/000340.png,2949,2,robot_gripper,270.0,125.0,85.0,291.0,14514.0,reflective_metal,1,0,1,1,0
341,000340.png,data/cogar_sim_500_final/rgb/000340.png,2950,2,robot_gripper,261.0,290.0,33.0,39.0,1043.0,reflective_metal,1,0,1,1,0
341,000340.png,data/cogar_sim_500_final/rgb/000340.png,2951,2,robot_gripper,279.0,207.0,4.0,30.0,22.0,reflective_metal,1,0,1,1,0
342,000341.png,data/cogar_sim_500_final/rgb/000341.png,2952,1,table,0.0,0.0,640.0,480.0,259167.0,transparent_glass,0,1,1,0,0
342,000341.png,data/cogar_sim_500_final/rgb/000341.png,2953,1,table,0.0,293.0,162.0,187.0,15285.0,transparent_glass,0,1,1,0,0
342,000341.png,data/cogar_sim_500_final/rgb/000341.png,2954,4,glass_object,256.0,453.0,68.0,27.0,1362.0,transparent_glass,0,1,1,0,0
342,000341.png,data/cogar_sim_500_final/rgb/000341.png,2955,4,glass_object,207.0,131.0,104.0,96.0,5494.0,transparent_glass,0,1,1,0,0
342,000341.png,data/cogar_sim_500_final/rgb/000341.png,2956,4,glass_object,242.0,191.0,72.0,59.0,2270.0,transparent_glass,0,1,1,0,0
342,000341.png,data/cogar_sim_500_final/rgb/000341.png,2957,8,cable,160.0,94.0,43.0,282.0,3573.0,transparent_glass,0,1,1,0,0
342,000341.png,data/cogar_sim_500_final/rgb/000341.png,2958,4,glass_object,344.0,404.0,150.0,76.0,7001.0,transparent_glass,0,1,1,0,0
342,000341.png,data/cogar_sim_500_final/rgb/000341.png,2959,2,robot_gripper,122.0,183.0,214.0,138.0,10006.0,transparent_glass,0,1,1,0,0
342,000341.png,data/cogar_sim_500_final/rgb/000341.png,2960,2,robot_gripper,222.0,284.0,52.0,48.0,1474.0,transparent_glass,0,1,1,0,0
342,000341.png,data/cogar_sim_500_final/rgb/000341.png,2961,2,robot_gripper,150.0,201.0,51.0,53.0,1568.0,transparent_glass,0,1,1,0,0
343,000342.png,data/cogar_sim_500_final/rgb/000342.png,2962,1,table,0.0,0.0,582.0,480.0,187437.0,partial_occlusion,1,1,1,1,0
343,000342.png,data/cogar_sim_500_final/rgb/000342.png,2963,1,table,442.0,0.0,198.0,480.0,61072.0,partial_occlusion,1,1,1,1,0
343,000342.png,data/cogar_sim_500_final/rgb/000342.png,2964,8,cable,389.0,396.0,30.0,84.0,911.0,partial_occlusion,1,1,1,1,0
343,000342.png,data/cogar_sim_500_final/rgb/000342.png,2965,7,connector,139.0,278.0,63.0,55.0,1590.0,partial_occlusion,1,1,1,1,0
343,000342.png,data/cogar_sim_500_final/rgb/000342.png,2966,10,box,272.0,233.0,170.0,182.0,21295.0,partial_occlusion,1,1,1,1,0
343,000342.png,data/cogar_sim_500_final/rgb/000342.png,2967,9,tool,328.0,190.0,9.0,26.0,183.0,partial_occlusion,1,1,1,1,0
343,000342.png,data/cogar_sim_500_final/rgb/000342.png,2968,10,box,391.0,225.0,149.0,147.0,10966.0,partial_occlusion,1,1,1,1,0
343,000342.png,data/cogar_sim_500_final/rgb/000342.png,2969,4,glass_object,212.0,238.0,75.0,141.0,8426.0,partial_occlusion,1,1,1,1,0
343,000342.png,data/cogar_sim_500_final/rgb/000342.png,2970,8,cable,202.0,206.0,294.0,122.0,703.0,partial_occlusion,1,1,1,1,0
343,000342.png,data/cogar_sim_500_final/rgb/000342.png,2971,6,screw,422.0,178.0,16.0,16.0,196.0,partial_occlusion,1,1,1,1,0
343,000342.png,data/cogar_sim_500_final/rgb/000342.png,2972,5,plastic_object,367.0,243.0,30.0,19.0,365.0,partial_occlusion,1,1,1,1,0
343,000342.png,data/cogar_sim_500_final/rgb/000342.png,2973,2,robot_gripper,215.0,77.0,139.0,141.0,8391.0,partial_occlusion,1,1,1,1,0
343,000342.png,data/cogar_sim_500_final/rgb/000342.png,2974,2,robot_gripper,288.0,85.0,39.0,70.0,765.0,partial_occlusion,1,1,1,1,0
343,000342.png,data/cogar_sim_500_final/rgb/000342.png,2975,2,robot_gripper,288.0,148.0,40.0,92.0,3332.0,partial_occlusion,1,1,1,1,0
344,000343.png,data/cogar_sim_500_final/rgb/000343.png,2976,1,table,0.0,0.0,640.0,480.0,246507.0,small_parts,1,0,1,1,0
344,000343.png,data/cogar_sim_500_final/rgb/000343.png,2977,1,table,473.0,0.0,167.0,362.0,30285.0,small_parts,1,0,1,1,0
344,000343.png,data/cogar_sim_500_final/rgb/000343.png,2978,3,metal_part,161.0,56.0,60.0,61.0,2321.0,small_parts,1,0,1,1,0
344,000343.png,data/cogar_sim_500_final/rgb/000343.png,2979,7,connector,199.0,349.0,65.0,46.0,1794.0,small_parts,1,0,1,1,0
344,000343.png,data/cogar_sim_500_final/rgb/000343.png,2980,6,screw,251.0,42.0,13.0,20.0,175.0,small_parts,1,0,1,1,0
344,000343.png,data/cogar_sim_500_final/rgb/000343.png,2981,6,screw,524.0,328.0,20.0,26.0,416.0,small_parts,1,0,1,1,0
344,000343.png,data/cogar_sim_500_final/rgb/000343.png,2982,7,connector,255.0,429.0,77.0,51.0,2090.0,small_parts,1,0,1,1,0
344,000343.png,data/cogar_sim_500_final/rgb/000343.png,2983,7,connector,272.0,338.0,34.0,70.0,1220.0,small_parts,1,0,1,1,0
344,000343.png,data/cogar_sim_500_final/rgb/000343.png,2984,6,screw,338.0,221.0,9.0,13.0,61.0,small_parts,1,0,1,1,0
344,000343.png,data/cogar_sim_500_final/rgb/000343.png,2985,6,screw,533.0,356.0,23.0,22.0,402.0,small_parts,1,0,1,1,0
344,000343.png,data/cogar_sim_500_final/rgb/000343.png,2986,5,plastic_object,211.0,62.0,92.0,106.0,4812.0,small_parts,1,0,1,1,0
344,000343.png,data/cogar_sim_500_final/rgb/000343.png,2987,6,screw,161.0,117.0,24.0,19.0,261.0,small_parts,1,0,1,1,0
344,000343.png,data/cogar_sim_500_final/rgb/000343.png,2988,3,metal_part,330.0,433.0,38.0,40.0,1182.0,small_parts,1,0,1,1,0
344,000343.png,data/cogar_sim_500_final/rgb/000343.png,2989,6,screw,431.0,293.0,20.0,20.0,306.0,small_parts,1,0,1,1,0
344,000343.png,data/cogar_sim_500_final/rgb/000343.png,2990,2,robot_gripper,257.0,16.0,152.0,240.0,12086.0,small_parts,1,0,1,1,0
344,000343.png,data/cogar_sim_500_final/rgb/000343.png,2991,2,robot_gripper,308.0,51.0,53.0,63.0,1792.0,small_parts,1,0,1,1,0
344,000343.png,data/cogar_sim_500_final/rgb/000343.png,2992,2,robot_gripper,350.0,147.0,52.0,48.0,1490.0,small_parts,1,0,1,1,0
345,000344.png,data/cogar_sim_500_final/rgb/000344.png,2993,1,table,0.0,0.0,640.0,480.0,265114.0,dynamic_scene,1,1,1,1,1
345,000344.png,data/cogar_sim_500_final/rgb/000344.png,2994,7,connector,161.0,71.0,42.0,53.0,1360.0,dynamic_scene,1,1,1,1,1
345,000344.png,data/cogar_sim_500_final/rgb/000344.png,2995,7,connector,148.0,79.0,85.0,96.0,3601.0,dynamic_scene,1,1,1,1,1
345,000344.png,data/cogar_sim_500_final/rgb/000344.png,2996,3,metal_part,228.0,252.0,28.0,76.0,1534.0,dynamic_scene,1,1,1,1,1
345,000344.png,data/cogar_sim_500_final/rgb/000344.png,2997,4,glass_object,287.0,0.0,81.0,35.0,2073.0,dynamic_scene,1,1,1,1,1
345,000344.png,data/cogar_sim_500_final/rgb/000344.png,2998,5,plastic_object,373.0,210.0,74.0,60.0,3418.0,dynamic_scene,1,1,1,1,1
345,000344.png,data/cogar_sim_500_final/rgb/000344.png,2999,10,box,252.0,172.0,115.0,181.0,9142.0,dynamic_scene,1,1,1,1,1
345,000344.png,data/cogar_sim_500_final/rgb/000344.png,3000,2,robot_gripper,248.0,25.0,77.0,353.0,17654.0,dynamic_scene,1,1,1,1,1
345,000344.png,data/cogar_sim_500_final/rgb/000344.png,3001,2,robot_gripper,264.0,237.0,45.0,37.0,1425.0,dynamic_scene,1,1,1,1,1
345,000344.png,data/cogar_sim_500_final/rgb/000344.png,3002,2,robot_gripper,221.0,146.0,44.0,53.0,1879.0,dynamic_scene,1,1,1,1,1
346,000345.png,data/cogar_sim_500_final/rgb/000345.png,3003,1,table,0.0,90.0,640.0,390.0,137475.0,reflective_metal,1,0,0,1,0
346,000345.png,data/cogar_sim_500_final/rgb/000345.png,3004,1,table,0.0,0.0,640.0,215.0,93993.0,reflective_metal,1,0,0,1,0
346,000345.png,data/cogar_sim_500_final/rgb/000345.png,3005,7,connector,464.0,362.0,21.0,45.0,633.0,reflective_metal,1,0,0,1,0
346,000345.png,data/cogar_sim_500_final/rgb/000345.png,3006,10,box,255.0,256.0,222.0,212.0,36995.0,reflective_metal,1,0,0,1,0
346,000345.png,data/cogar_sim_500_final/rgb/000345.png,3007,3,metal_part,496.0,166.0,102.0,119.0,8149.0,reflective_metal,1,0,0,1,0
346,000345.png,data/cogar_sim_500_final/rgb/000345.png,3008,3,metal_part,44.0,227.0,84.0,95.0,6607.0,reflective_metal,1,0,0,1,0
346,000345.png,data/cogar_sim_500_final/rgb/000345.png,3009,3,metal_part,577.0,162.0,61.0,103.0,3921.0,reflective_metal,1,0,0,1,0
346,000345.png,data/cogar_sim_500_final/rgb/000345.png,3010,9,tool,472.0,263.0,120.0,70.0,4160.0,reflective_metal,1,0,0,1,0
346,000345.png,data/cogar_sim_500_final/rgb/000345.png,3011,3,metal_part,352.0,409.0,59.0,55.0,1701.0,reflective_metal,1,0,0,1,0
346,000345.png,data/cogar_sim_500_final/rgb/000345.png,3012,9,tool,106.0,311.0,168.0,116.0,9316.0,reflective_metal,1,0,0,1,0
346,000345.png,data/cogar_sim_500_final/rgb/000345.png,3013,3,metal_part,273.0,179.0,61.0,75.0,4250.0,reflective_metal,1,0,0,1,0
347,000346.png,data/cogar_sim_500_final/rgb/000346.png,3014,1,table,0.0,4.0,640.0,476.0,169270.0,transparent_glass,1,1,0,0,0
347,000346.png,data/cogar_sim_500_final/rgb/000346.png,3015,4,glass_object,306.0,253.0,73.0,227.0,12971.0,transparent_glass,1,1,0,0,0
347,000346.png,data/cogar_sim_500_final/rgb/000346.png,3016,4,glass_object,223.0,243.0,96.0,237.0,20043.0,transparent_glass,1,1,0,0,0
347,000346.png,data/cogar_sim_500_final/rgb/000346.png,3017,9,tool,534.0,205.0,104.0,51.0,3450.0,transparent_glass,1,1,0,0,0
347,000346.png,data/cogar_sim_500_final/rgb/000346.png,3018,4,glass_object,405.0,93.0,146.0,219.0,24883.0,transparent_glass,1,1,0,0,0
347,000346.png,data/cogar_sim_500_final/rgb/000346.png,3019,4,glass_object,4.0,118.0,90.0,173.0,10144.0,transparent_glass,1,1,0,0,0
347,000346.png,data/cogar_sim_500_final/rgb/000346.png,3020,9,tool,539.0,166.0,51.0,47.0,1614.0,transparent_glass,1,1,0,0,0
347,000346.png,data/cogar_sim_500_final/rgb/000346.png,3021,4,glass_object,68.0,67.0,157.0,240.0,31735.0,transparent_glass,1,1,0,0,0
348,000347.png,data/cogar_sim_500_final/rgb/000347.png,3022,1,table,0.0,0.0,640.0,480.0,257097.0,partial_occlusion,1,0,1,1,0
348,000347.png,data/cogar_sim_500_final/rgb/000347.png,3023,1,table,0.0,246.0,16.0,234.0,1969.0,partial_occlusion,1,0,1,1,0
348,000347.png,data/cogar_sim_500_final/rgb/000347.png,3024,7,connector,93.0,139.0,30.0,45.0,1021.0,partial_occlusion,1,0,1,1,0
348,000347.png,data/cogar_sim_500_final/rgb/000347.png,3025,8,cable,159.0,255.0,481.0,160.0,7243.0,partial_occlusion,1,0,1,1,0
348,000347.png,data/cogar_sim_500_final/rgb/000347.png,3026,7,connector,207.0,219.0,75.0,57.0,2998.0,partial_occlusion,1,0,1,1,0
348,000347.png,data/cogar_sim_500_final/rgb/000347.png,3027,3,metal_part,287.0,107.0,114.0,118.0,10337.0,partial_occlusion,1,0,1,1,0
348,000347.png,data/cogar_sim_500_final/rgb/000347.png,3028,7,connector,92.0,246.0,67.0,41.0,2428.0,partial_occlusion,1,0,1,1,0
348,000347.png,data/cogar_sim_500_final/rgb/000347.png,3029,3,metal_part,289.0,300.0,63.0,87.0,4330.0,partial_occlusion,1,0,1,1,0
348,000347.png,data/cogar_sim_500_final/rgb/000347.png,3030,2,robot_gripper,215.0,0.0,97.0,159.0,11705.0,partial_occlusion,1,0,1,1,0
348,000347.png,data/cogar_sim_500_final/rgb/000347.png,3031,2,robot_gripper,236.0,146.0,52.0,69.0,2768.0,partial_occlusion,1,0,1,1,0
348,000347.png,data/cogar_sim_500_final/rgb/000347.png,3032,2,robot_gripper,206.0,26.0,39.0,150.0,2162.0,partial_occlusion,1,0,1,1,0
349,000348.png,data/cogar_sim_500_final/rgb/000348.png,3033,1,table,0.0,0.0,640.0,480.0,244674.0,small_parts,1,0,0,1,0
349,000348.png,data/cogar_sim_500_final/rgb/000348.png,3034,1,table,0.0,0.0,293.0,207.0,30475.0,small_parts,1,0,0,1,0
349,000348.png,data/cogar_sim_500_final/rgb/000348.png,3035,7,connector,518.0,226.0,68.0,46.0,1712.0,small_parts,1,0,0,1,0
349,000348.png,data/cogar_sim_500_final/rgb/000348.png,3036,3,metal_part,170.0,176.0,51.0,32.0,1275.0,small_parts,1,0,0,1,0
349,000348.png,data/cogar_sim_500_final/rgb/000348.png,3037,10,box,418.0,155.0,128.0,125.0,8327.0,small_parts,1,0,0,1,0
349,000348.png,data/cogar_sim_500_final/rgb/000348.png,3038,6,screw,126.0,218.0,12.0,12.0,116.0,small_parts,1,0,0,1,0
349,000348.png,data/cogar_sim_500_final/rgb/000348.png,3039,10,box,33.0,226.0,158.0,77.0,11122.0,small_parts,1,0,0,1,0
349,000348.png,data/cogar_sim_500_final/rgb/000348.png,3040,7,connector,354.0,89.0,54.0,31.0,969.0,small_parts,1,0,0,1,0
349,000348.png,data/cogar_sim_500_final/rgb/000348.png,3041,6,screw,406.0,85.0,17.0,18.0,171.0,small_parts,1,0,0,1,0
349,000348.png,data/cogar_sim_500_final/rgb/000348.png,3042,5,plastic_object,259.0,253.0,68.0,36.0,1910.0,small_parts,1,0,0,1,0
349,000348.png,data/cogar_sim_500_final/rgb/000348.png,3043,8,cable,406.0,111.0,44.0,233.0,2672.0,small_parts,1,0,0,1,0
349,000348.png,data/cogar_sim_500_final/rgb/000348.png,3044,3,metal_part,412.0,23.0,60.0,81.0,3777.0,small_parts,1,0,0,1,0
350,000349.png,data/cogar_sim_500_final/rgb/000349.png,3045,1,table,0.0,0.0,640.0,480.0,285269.0,dynamic_scene,0,0,1,1,1
350,000349.png,data/cogar_sim_500_final/rgb/000349.png,3046,5,plastic_object,267.0,403.0,83.0,77.0,5183.0,dynamic_scene,0,0,1,1,1
350,000349.png,data/cogar_sim_500_final/rgb/000349.png,3047,7,connector,144.0,38.0,67.0,54.0,1612.0,dynamic_scene,0,0,1,1,1
350,000349.png,data/cogar_sim_500_final/rgb/000349.png,3048,5,plastic_object,270.0,35.0,71.0,58.0,422.0,dynamic_scene,0,0,1,1,1
350,000349.png,data/cogar_sim_500_final/rgb/000349.png,3049,2,robot_gripper,250.0,42.0,79.0,241.0,11679.0,dynamic_scene,0,0,1,1,1
350,000349.png,data/cogar_sim_500_final/rgb/000349.png,3050,2,robot_gripper,249.0,194.0,47.0,39.0,1522.0,dynamic_scene,0,0,1,1,1
350,000349.png,data/cogar_sim_500_final/rgb/000349.png,3051,2,robot_gripper,236.0,97.0,33.0,60.0,1513.0,dynamic_scene,0,0,1,1,1
351,000350.png,data/cogar_sim_500_final/rgb/000350.png,3052,1,table,0.0,0.0,640.0,480.0,252386.0,reflective_metal,1,0,1,0,0
351,000350.png,data/cogar_sim_500_final/rgb/000350.png,3053,1,table,0.0,0.0,317.0,153.0,25208.0,reflective_metal,1,0,1,0,0
351,000350.png,data/cogar_sim_500_final/rgb/000350.png,3054,3,metal_part,68.0,327.0,39.0,36.0,1003.0,reflective_metal,1,0,1,0,0
351,000350.png,data/cogar_sim_500_final/rgb/000350.png,3055,3,metal_part,156.0,358.0,34.0,53.0,1369.0,reflective_metal,1,0,1,0,0
351,000350.png,data/cogar_sim_500_final/rgb/000350.png,3056,9,tool,0.0,148.0,139.0,200.0,7115.0,reflective_metal,1,0,1,0,0
351,000350.png,data/cogar_sim_500_final/rgb/000350.png,3057,9,tool,213.0,63.0,164.0,254.0,6743.0,reflective_metal,1,0,1,0,0
351,000350.png,data/cogar_sim_500_final/rgb/000350.png,3058,2,robot_gripper,98.0,186.0,262.0,115.0,12126.0,reflective_metal,1,0,1,0,0
351,000350.png,data/cogar_sim_500_final/rgb/000350.png,3059,2,robot_gripper,167.0,225.0,31.0,12.0,130.0,reflective_metal,1,0,1,0,0
351,000350.png,data/cogar_sim_500_final/rgb/000350.png,3060,2,robot_gripper,239.0,183.0,38.0,43.0,1120.0,reflective_metal,1,0,1,0,0
352,000351.png,data/cogar_sim_500_final/rgb/000351.png,3061,1,table,0.0,0.0,640.0,480.0,259940.0,transparent_glass,0,1,1,0,0
352,000351.png,data/cogar_sim_500_final/rgb/000351.png,3062,1,table,0.0,400.0,147.0,80.0,5925.0,transparent_glass,0,1,1,0,0
352,000351.png,data/cogar_sim_500_final/rgb/000351.png,3063,4,glass_object,309.0,422.0,116.0,58.0,3684.0,transparent_glass,0,1,1,0,0
352,000351.png,data/cogar_sim_500_final/rgb/000351.png,3064,8,cable,387.0,137.0,253.0,68.0,3767.0,transparent_glass,0,1,1,0,0
352,000351.png,data/cogar_sim_500_final/rgb/000351.png,3065,10,box,292.0,66.0,97.0,168.0,15559.0,transparent_glass,0,1,1,0,0
352,000351.png,data/cogar_sim_500_final/rgb/000351.png,3066,2,robot_gripper,304.0,288.0,266.0,78.0,13982.0,transparent_glass,0,1,1,0,0
352,000351.png,data/cogar_sim_500_final/rgb/000351.png,3067,2,robot_gripper,433.0,353.0,62.0,48.0,2450.0,transparent_glass,0,1,1,0,0
352,000351.png,data/cogar_sim_500_final/rgb/000351.png,3068,2,robot_gripper,349.0,299.0,48.0,51.0,1893.0,transparent_glass,0,1,1,0,0
353,000352.png,data/cogar_sim_500_final/rgb/000352.png,3069,1,table,0.0,0.0,640.0,480.0,226555.0,partial_occlusion,1,0,1,1,0
353,000352.png,data/cogar_sim_500_final/rgb/000352.png,3070,1,table,433.0,0.0,207.0,22.0,2299.0,partial_occlusion,1,0,1,1,0
353,000352.png,data/cogar_sim_500_final/rgb/000352.png,3071,10,box,126.0,251.0,171.0,178.0,14428.0,partial_occlusion,1,0,1,1,0
353,000352.png,data/cogar_sim_500_final/rgb/000352.png,3072,10,box,34.0,12.0,199.0,197.0,20609.0,partial_occlusion,1,0,1,1,0
353,000352.png,data/cogar_sim_500_final/rgb/000352.png,3073,10,box,32.0,0.0,128.0,85.0,4378.0,partial_occlusion,1,0,1,1,0
353,000352.png,data/cogar_sim_500_final/rgb/000352.png,3074,10,box,234.0,171.0,189.0,200.0,10563.0,partial_occlusion,1,0,1,1,0
353,000352.png,data/cogar_sim_500_final/rgb/000352.png,3075,7,connector,429.0,309.0,77.0,64.0,2350.0,partial_occlusion,1,0,1,1,0
353,000352.png,data/cogar_sim_500_final/rgb/000352.png,3076,8,cable,194.0,201.0,365.0,259.0,2866.0,partial_occlusion,1,0,1,1,0
353,000352.png,data/cogar_sim_500_final/rgb/000352.png,3077,2,robot_gripper,134.0,156.0,369.0,181.0,20159.0,partial_occlusion,1,0,1,1,0
353,000352.png,data/cogar_sim_500_final/rgb/000352.png,3078,2,robot_gripper,244.0,190.0,46.0,47.0,1358.0,partial_occlusion,1,0,1,1,0
353,000352.png,data/cogar_sim_500_final/rgb/000352.png,3079,2,robot_gripper,352.0,198.0,49.0,55.0,1635.0,partial_occlusion,1,0,1,1,0
354,000353.png,data/cogar_sim_500_final/rgb/000353.png,3080,1,table,0.0,0.0,640.0,480.0,260795.0,small_parts,1,0,1,1,0
354,000353.png,data/cogar_sim_500_final/rgb/000353.png,3081,7,connector,85.0,145.0,49.0,44.0,1361.0,small_parts,1,0,1,1,0
354,000353.png,data/cogar_sim_500_final/rgb/000353.png,3082,7,connector,175.0,232.0,69.0,57.0,2423.0,small_parts,1,0,1,1,0
354,000353.png,data/cogar_sim_500_final/rgb/000353.png,3083,6,screw,376.0,222.0,30.0,27.0,428.0,small_parts,1,0,1,1,0
354,000353.png,data/cogar_sim_500_final/rgb/000353.png,3084,7,connector,139.0,245.0,41.0,78.0,1783.0,small_parts,1,0,1,1,0
354,000353.png,data/cogar_sim_500_final/rgb/000353.png,3085,6,screw,433.0,215.0,18.0,29.0,383.0,small_parts,1,0,1,1,0
354,000353.png,data/cogar_sim_500_final/rgb/000353.png,3086,3,metal_part,260.0,148.0,31.0,30.0,472.0,small_parts,1,0,1,1,0
354,000353.png,data/cogar_sim_500_final/rgb/000353.png,3087,6,screw,318.0,246.0,24.0,25.0,367.0,small_parts,1,0,1,1,0
354,000353.png,data/cogar_sim_500_final/rgb/000353.png,3088,2,robot_gripper,150.0,45.0,249.0,139.0,18476.0,small_parts,1,0,1,1,0
354,000353.png,data/cogar_sim_500_final/rgb/000353.png,3089,2,robot_gripper,216.0,133.0,47.0,57.0,1890.0,small_parts,1,0,1,1,0
354,000353.png,data/cogar_sim_500_final/rgb/000353.png,3090,2,robot_gripper,300.0,69.0,48.0,157.0,3051.0,small_parts,1,0,1,1,0
355,000354.png,data/cogar_sim_500_final/rgb/000354.png,3091,1,table,0.0,111.0,640.0,369.0,212054.0,dynamic_scene,1,1,1,0,1
355,000354.png,data/cogar_sim_500_final/rgb/000354.png,3092,4,glass_object,321.0,59.0,69.0,160.0,8906.0,dynamic_scene,1,1,1,0,1
355,000354.png,data/cogar_sim_500_final/rgb/000354.png,3093,3,metal_part,4.0,212.0,105.0,108.0,7571.0,dynamic_scene,1,1,1,0,1
355,000354.png,data/cogar_sim_500_final/rgb/000354.png,3094,5,plastic_object,6.0,245.0,52.0,88.0,2508.0,dynamic_scene,1,1,1,0,1
355,000354.png,data/cogar_sim_500_final/rgb/000354.png,3095,2,robot_gripper,165.0,43.0,190.0,60.0,11140.0,dynamic_scene,1,1,1,0,1
355,000354.png,data/cogar_sim_500_final/rgb/000354.png,3096,2,robot_gripper,203.0,34.0,36.0,154.0,2917.0,dynamic_scene,1,1,1,0,1
355,000354.png,data/cogar_sim_500_final/rgb/000354.png,3097,2,robot_gripper,290.0,103.0,27.0,62.0,1655.0,dynamic_scene,1,1,1,0,1
356,000355.png,data/cogar_sim_500_final/rgb/000355.png,3098,1,table,0.0,0.0,640.0,480.0,261153.0,reflective_metal,1,0,0,1,0
356,000355.png,data/cogar_sim_500_final/rgb/000355.png,3099,3,metal_part,73.0,242.0,97.0,55.0,3911.0,reflective_metal,1,0,0,1,0
356,000355.png,data/cogar_sim_500_final/rgb/000355.png,3100,5,plastic_object,365.0,221.0,72.0,41.0,2890.0,reflective_metal,1,0,0,1,0
356,000355.png,data/cogar_sim_500_final/rgb/000355.png,3101,9,tool,252.0,131.0,153.0,94.0,4526.0,reflective_metal,1,0,0,1,0
356,000355.png,data/cogar_sim_500_final/rgb/000355.png,3102,9,tool,91.0,24.0,153.0,134.0,5196.0,reflective_metal,1,0,0,1,0
356,000355.png,data/cogar_sim_500_final/rgb/000355.png,3103,10,box,343.0,244.0,164.0,156.0,12516.0,reflective_metal,1,0,0,1,0
356,000355.png,data/cogar_sim_500_final/rgb/000355.png,3104,3,metal_part,204.0,188.0,65.0,49.0,2300.0,reflective_metal,1,0,0,1,0
356,000355.png,data/cogar_sim_500_final/rgb/000355.png,3105,9,tool,0.0,132.0,311.0,79.0,8208.0,reflective_metal,1,0,0,1,0
356,000355.png,data/cogar_sim_500_final/rgb/000355.png,3106,9,tool,0.0,84.0,50.0,262.0,6421.0,reflective_metal,1,0,0,1,0
356,000355.png,data/cogar_sim_500_final/rgb/000355.png,3107,6,screw,201.0,158.0,16.0,9.0,79.0,reflective_metal,1,0,0,1,0
357,000356.png,data/cogar_sim_500_final/rgb/000356.png,3108,1,table,0.0,53.0,640.0,427.0,196302.0,transparent_glass,0,1,1,1,0
357,000356.png,data/cogar_sim_500_final/rgb/000356.png,3109,1,table,0.0,0.0,640.0,184.0,74040.0,transparent_glass,0,1,1,1,0
357,000356.png,data/cogar_sim_500_final/rgb/000356.png,3110,7,connector,377.0,207.0,22.0,8.0,89.0,transparent_glass,0,1,1,1,0
357,000356.png,data/cogar_sim_500_final/rgb/000356.png,3111,4,glass_object,68.0,82.0,105.0,135.0,9837.0,transparent_glass,0,1,1,1,0
357,000356.png,data/cogar_sim_500_final/rgb/000356.png,3112,7,connector,99.0,259.0,57.0,40.0,1995.0,transparent_glass,0,1,1,1,0
357,000356.png,data/cogar_sim_500_final/rgb/000356.png,3113,2,robot_gripper,255.0,125.0,302.0,95.0,22059.0,transparent_glass,0,1,1,1,0
357,000356.png,data/cogar_sim_500_final/rgb/000356.png,3114,2,robot_gripper,346.0,128.0,35.0,114.0,1104.0,transparent_glass,0,1,1,1,0
357,000356.png,data/cogar_sim_500_final/rgb/000356.png,3115,2,robot_gripper,428.0,137.0,42.0,133.0,1774.0,transparent_glass,0,1,1,1,0
358,000357.png,data/cogar_sim_500_final/rgb/000357.png,3116,1,table,0.0,23.0,640.0,457.0,184767.0,partial_occlusion,1,0,1,1,0
358,000357.png,data/cogar_sim_500_final/rgb/000357.png,3117,1,table,0.0,0.0,640.0,206.0,52152.0,partial_occlusion,1,0,1,1,0
358,000357.png,data/cogar_sim_500_final/rgb/000357.png,3118,9,tool,39.0,201.0,171.0,133.0,8404.0,partial_occlusion,1,0,1,1,0
358,000357.png,data/cogar_sim_500_final/rgb/000357.png,3119,8,cable,320.0,142.0,190.0,264.0,3904.0,partial_occlusion,1,0,1,1,0
358,000357.png,data/cogar_sim_500_final/rgb/000357.png,3120,7,connector,352.0,179.0,87.0,59.0,3258.0,partial_occlusion,1,0,1,1,0
358,000357.png,data/cogar_sim_500_final/rgb/000357.png,3121,9,tool,455.0,196.0,185.0,48.0,8026.0,partial_occlusion,1,0,1,1,0
358,000357.png,data/cogar_sim_500_final/rgb/000357.png,3122,7,connector,161.0,185.0,79.0,74.0,2426.0,partial_occlusion,1,0,1,1,0
358,000357.png,data/cogar_sim_500_final/rgb/000357.png,3123,2,robot_gripper,176.0,5.0,390.0,188.0,36380.0,partial_occlusion,1,0,1,1,0
358,000357.png,data/cogar_sim_500_final/rgb/000357.png,3124,2,robot_gripper,289.0,49.0,58.0,191.0,4289.0,partial_occlusion,1,0,1,1,0
358,000357.png,data/cogar_sim_500_final/rgb/000357.png,3125,2,robot_gripper,382.0,31.0,59.0,172.0,3594.0,partial_occlusion,1,0,1,1,0
359,000358.png,data/cogar_sim_500_final/rgb/000358.png,3126,1,table,0.0,0.0,640.0,480.0,195523.0,small_parts,1,0,1,1,0
359,000358.png,data/cogar_sim_500_final/rgb/000358.png,3127,1,table,0.0,0.0,639.0,196.0,43495.0,small_parts,1,0,1,1,0
359,000358.png,data/cogar_sim_500_final/rgb/000358.png,3128,8,cable,348.0,150.0,62.0,204.0,2388.0,small_parts,1,0,1,1,0
359,000358.png,data/cogar_sim_500_final/rgb/000358.png,3129,3,metal_part,455.0,200.0,108.0,108.0,10098.0,small_parts,1,0,1,1,0
359,000358.png,data/cogar_sim_500_final/rgb/000358.png,3130,10,box,381.0,52.0,151.0,117.0,12390.0,small_parts,1,0,1,1,0
359,000358.png,data/cogar_sim_500_final/rgb/000358.png,3131,5,plastic_object,443.0,130.0,85.0,60.0,4014.0,small_parts,1,0,1,1,0
359,000358.png,data/cogar_sim_500_final/rgb/000358.png,3132,6,screw,360.0,270.0,20.0,26.0,396.0,small_parts,1,0,1,1,0
359,000358.png,data/cogar_sim_500_final/rgb/000358.png,3133,7,connector,386.0,180.0,84.0,46.0,3225.0,small_parts,1,0,1,1,0
359,000358.png,data/cogar_sim_500_final/rgb/000358.png,3134,7,connector,302.0,202.0,86.0,70.0,3722.0,small_parts,1,0,1,1,0
359,000358.png,data/cogar_sim_500_final/rgb/000358.png,3135,6,screw,183.0,218.0,19.0,25.0,173.0,small_parts,1,0,1,1,0
359,000358.png,data/cogar_sim_500_final/rgb/000358.png,3136,2,robot_gripper,82.0,56.0,293.0,94.0,24334.0,small_parts,1,0,1,1,0
359,000358.png,data/cogar_sim_500_final/rgb/000358.png,3137,2,robot_gripper,142.0,103.0,59.0,132.0,5598.0,small_parts,1,0,1,1,0
359,000358.png,data/cogar_sim_500_final/rgb/000358.png,3138,2,robot_gripper,253.0,56.0,39.0,142.0,1844.0,small_parts,1,0,1,1,0
360,000359.png,data/cogar_sim_500_final/rgb/000359.png,3139,1,table,0.0,0.0,640.0,480.0,253873.0,dynamic_scene,0,0,1,1,1
360,000359.png,data/cogar_sim_500_final/rgb/000359.png,3140,5,plastic_object,235.0,270.0,58.0,80.0,3561.0,dynamic_scene,0,0,1,1,1
360,000359.png,data/cogar_sim_500_final/rgb/000359.png,3141,5,plastic_object,232.0,211.0,58.0,56.0,2507.0,dynamic_scene,0,0,1,1,1
360,000359.png,data/cogar_sim_500_final/rgb/000359.png,3142,2,robot_gripper,308.0,136.0,204.0,126.0,9886.0,dynamic_scene,0,0,1,1,1
360,000359.png,data/cogar_sim_500_final/rgb/000359.png,3143,2,robot_gripper,427.0,157.0,61.0,149.0,5632.0,dynamic_scene,0,0,1,1,1
360,000359.png,data/cogar_sim_500_final/rgb/000359.png,3144,2,robot_gripper,352.0,171.0,51.0,165.0,6109.0,dynamic_scene,0,0,1,1,1
361,000360.png,data/cogar_sim_500_final/rgb/000360.png,3145,1,table,0.0,99.0,640.0,381.0,188656.0,reflective_metal,1,0,1,0,0
361,000360.png,data/cogar_sim_500_final/rgb/000360.png,3146,9,tool,279.0,169.0,143.0,65.0,1666.0,reflective_metal,1,0,1,0,0
361,000360.png,data/cogar_sim_500_final/rgb/000360.png,3147,3,metal_part,348.0,342.0,62.0,78.0,1900.0,reflective_metal,1,0,1,0,0
361,000360.png,data/cogar_sim_500_final/rgb/000360.png,3148,3,metal_part,233.0,208.0,72.0,65.0,3806.0,reflective_metal,1,0,1,0,0
361,000360.png,data/cogar_sim_500_final/rgb/000360.png,3149,9,tool,231.0,244.0,335.0,79.0,14653.0,reflective_metal,1,0,1,0,0
361,000360.png,data/cogar_sim_500_final/rgb/000360.png,3150,3,metal_part,373.0,354.0,107.0,126.0,10397.0,reflective_metal,1,0,1,0,0
361,000360.png,data/cogar_sim_500_final/rgb/000360.png,3151,2,robot_gripper,245.0,67.0,143.0,120.0,10034.0,reflective_metal,1,0,1,0,0
361,000360.png,data/cogar_sim_500_final/rgb/000360.png,3152,2,robot_gripper,362.0,99.0,16.0,120.0,1279.0,reflective_metal,1,0,1,0,0
361,000360.png,data/cogar_sim_500_final/rgb/000360.png,3153,2,robot_gripper,314.0,123.0,54.0,131.0,5931.0,reflective_metal,1,0,1,0,0
362,000361.png,data/cogar_sim_500_final/rgb/000361.png,3154,1,table,0.0,120.0,640.0,360.0,173849.0,transparent_glass,1,1,1,1,0
362,000361.png,data/cogar_sim_500_final/rgb/000361.png,3155,7,connector,403.0,241.0,43.0,40.0,962.0,transparent_glass,1,1,1,1,0
362,000361.png,data/cogar_sim_500_final/rgb/000361.png,3156,8,cable,218.0,213.0,65.0,25.0,519.0,transparent_glass,1,1,1,1,0
362,000361.png,data/cogar_sim_500_final/rgb/000361.png,3157,5,plastic_object,98.0,296.0,167.0,129.0,14903.0,transparent_glass,1,1,1,1,0
362,000361.png,data/cogar_sim_500_final/rgb/000361.png,3158,4,glass_object,361.0,107.0,70.0,135.0,2635.0,transparent_glass,1,1,1,1,0
362,000361.png,data/cogar_sim_500_final/rgb/000361.png,3159,8,cable,220.0,257.0,155.0,61.0,1950.0,transparent_glass,1,1,1,1,0
362,000361.png,data/cogar_sim_500_final/rgb/000361.png,3160,9,tool,361.0,222.0,86.0,87.0,2611.0,transparent_glass,1,1,1,1,0
362,000361.png,data/cogar_sim_500_final/rgb/000361.png,3161,4,glass_object,268.0,103.0,60.0,136.0,2394.0,transparent_glass,1,1,1,1,0
362,000361.png,data/cogar_sim_500_final/rgb/000361.png,3162,2,robot_gripper,269.0,91.0,143.0,100.0,6772.0,transparent_glass,1,1,1,1,0
362,000361.png,data/cogar_sim_500_final/rgb/000361.png,3163,2,robot_gripper,363.0,95.0,50.0,162.0,6185.0,transparent_glass,1,1,1,1,0
362,000361.png,data/cogar_sim_500_final/rgb/000361.png,3164,2,robot_gripper,312.0,124.0,51.0,151.0,5684.0,transparent_glass,1,1,1,1,0
363,000362.png,data/cogar_sim_500_final/rgb/000362.png,3165,1,table,0.0,105.0,640.0,375.0,175588.0,partial_occlusion,1,1,1,1,0
363,000362.png,data/cogar_sim_500_final/rgb/000362.png,3166,10,box,319.0,169.0,61.0,31.0,988.0,partial_occlusion,1,1,1,1,0
363,000362.png,data/cogar_sim_500_final/rgb/000362.png,3167,10,box,173.0,173.0,208.0,176.0,27053.0,partial_occlusion,1,1,1,1,0
363,000362.png,data/cogar_sim_500_final/rgb/000362.png,3168,9,tool,360.0,259.0,169.0,62.0,5519.0,partial_occlusion,1,1,1,1,0
363,000362.png,data/cogar_sim_500_final/rgb/000362.png,3169,6,screw,509.0,313.0,27.0,21.0,353.0,partial_occlusion,1,1,1,1,0
363,000362.png,data/cogar_sim_500_final/rgb/000362.png,3170,6,screw,476.0,297.0,14.0,6.0,62.0,partial_occlusion,1,1,1,1,0
363,000362.png,data/cogar_sim_500_final/rgb/000362.png,3171,3,metal_part,379.0,229.0,48.0,56.0,1740.0,partial_occlusion,1,1,1,1,0
363,000362.png,data/cogar_sim_500_final/rgb/000362.png,3172,8,cable,196.0,209.0,187.0,123.0,424.0,partial_occlusion,1,1,1,1,0
363,000362.png,data/cogar_sim_500_final/rgb/000362.png,3173,4,glass_object,212.0,136.0,78.0,57.0,1883.0,partial_occlusion,1,1,1,1,0
363,000362.png,data/cogar_sim_500_final/rgb/000362.png,3174,2,robot_gripper,172.0,74.0,204.0,63.0,10650.0,partial_occlusion,1,1,1,1,0
363,000362.png,data/cogar_sim_500_final/rgb/000362.png,3175,2,robot_gripper,288.0,80.0,31.0,112.0,3347.0,partial_occlusion,1,1,1,1,0
363,000362.png,data/cogar_sim_500_final/rgb/000362.png,3176,2,robot_gripper,213.0,137.0,32.0,56.0,1555.0,partial_occlusion,1,1,1,1,0
364,000363.png,data/cogar_sim_500_final/rgb/000363.png,3177,1,table,0.0,0.0,640.0,480.0,281746.0,small_parts,1,0,1,1,0
364,000363.png,data/cogar_sim_500_final/rgb/000363.png,3178,1,table,523.0,466.0,117.0,14.0,858.0,small_parts,1,0,1,1,0
364,000363.png,data/cogar_sim_500_final/rgb/000363.png,3179,3,metal_part,147.0,138.0,42.0,28.0,904.0,small_parts,1,0,1,1,0
364,000363.png,data/cogar_sim_500_final/rgb/000363.png,3180,6,screw,263.0,314.0,17.0,23.0,294.0,small_parts,1,0,1,1,0
364,000363.png,data/cogar_sim_500_final/rgb/000363.png,3181,7,connector,131.0,403.0,61.0,64.0,1843.0,small_parts,1,0,1,1,0
364,000363.png,data/cogar_sim_500_final/rgb/000363.png,3182,7,connector,205.0,96.0,71.0,60.0,2146.0,small_parts,1,0,1,1,0
364,000363.png,data/cogar_sim_500_final/rgb/000363.png,3183,5,plastic_object,115.0,168.0,63.0,75.0,3507.0,small_parts,1,0,1,1,0
364,000363.png,data/cogar_sim_500_final/rgb/000363.png,3184,3,metal_part,284.0,114.0,110.0,120.0,3179.0,small_parts,1,0,1,1,0
364,000363.png,data/cogar_sim_500_final/rgb/000363.png,3185,6,screw,145.0,240.0,1.0,1.0,1.0,small_parts,1,0,1,1,0
364,000363.png,data/cogar_sim_500_final/rgb/000363.png,3186,2,robot_gripper,189.0,162.0,209.0,89.0,10407.0,small_parts,1,0,1,1,0
364,000363.png,data/cogar_sim_500_final/rgb/000363.png,3187,2,robot_gripper,326.0,198.0,38.0,55.0,1632.0,small_parts,1,0,1,1,0
364,000363.png,data/cogar_sim_500_final/rgb/000363.png,3188,2,robot_gripper,235.0,238.0,39.0,23.0,683.0,small_parts,1,0,1,1,0
365,000364.png,data/cogar_sim_500_final/rgb/000364.png,3189,1,table,18.0,0.0,622.0,480.0,232133.0,dynamic_scene,0,1,1,1,1
365,000364.png,data/cogar_sim_500_final/rgb/000364.png,3190,1,table,0.0,0.0,56.0,480.0,17779.0,dynamic_scene,0,1,1,1,1
365,000364.png,data/cogar_sim_500_final/rgb/000364.png,3191,5,plastic_object,396.0,105.0,27.0,92.0,1682.0,dynamic_scene,0,1,1,1,1
365,000364.png,data/cogar_sim_500_final/rgb/000364.png,3192,4,glass_object,450.0,153.0,164.0,114.0,13378.0,dynamic_scene,0,1,1,1,1
365,000364.png,data/cogar_sim_500_final/rgb/000364.png,3193,7,connector,110.0,258.0,65.0,74.0,2813.0,dynamic_scene,0,1,1,1,1
365,000364.png,data/cogar_sim_500_final/rgb/000364.png,3194,8,cable,474.0,0.0,64.0,164.0,3292.0,dynamic_scene,0,1,1,1,1
365,000364.png,data/cogar_sim_500_final/rgb/000364.png,3195,5,plastic_object,270.0,140.0,52.0,99.0,3238.0,dynamic_scene,0,1,1,1,1
365,000364.png,data/cogar_sim_500_final/rgb/000364.png,3196,5,plastic_object,132.0,369.0,87.0,85.0,5735.0,dynamic_scene,0,1,1,1,1
365,000364.png,data/cogar_sim_500_final/rgb/000364.png,3197,2,robot_gripper,323.0,93.0,74.0,361.0,23805.0,dynamic_scene,0,1,1,1,1
365,000364.png,data/cogar_sim_500_final/rgb/000364.png,3198,2,robot_gripper,299.0,311.0,55.0,45.0,2373.0,dynamic_scene,0,1,1,1,1
365,000364.png,data/cogar_sim_500_final/rgb/000364.png,3199,2,robot_gripper,307.0,187.0,20.0,51.0,972.0,dynamic_scene,0,1,1,1,1
366,000365.png,data/cogar_sim_500_final/rgb/000365.png,3200,1,table,0.0,0.0,640.0,480.0,258347.0,reflective_metal,1,0,1,0,0
366,000365.png,data/cogar_sim_500_final/rgb/000365.png,3201,9,tool,336.0,187.0,163.0,264.0,3194.0,reflective_metal,1,0,1,0,0
366,000365.png,data/cogar_sim_500_final/rgb/000365.png,3202,10,box,326.0,241.0,140.0,92.0,5717.0,reflective_metal,1,0,1,0,0
366,000365.png,data/cogar_sim_500_final/rgb/000365.png,3203,9,tool,47.0,54.0,245.0,90.0,6170.0,reflective_metal,1,0,1,0,0
366,000365.png,data/cogar_sim_500_final/rgb/000365.png,3204,9,tool,294.0,121.0,252.0,280.0,8680.0,reflective_metal,1,0,1,0,0
366,000365.png,data/cogar_sim_500_final/rgb/000365.png,3205,9,tool,211.0,157.0,166.0,89.0,5246.0,reflective_metal,1,0,1,0,0
366,000365.png,data/cogar_sim_500_final/rgb/000365.png,3206,3,metal_part,177.0,38.0,86.0,104.0,4489.0,reflective_metal,1,0,1,0,0
366,000365.png,data/cogar_sim_500_final/rgb/000365.png,3207,2,robot_gripper,231.0,214.0,246.0,163.0,13777.0,reflective_metal,1,0,1,0,0
366,000365.png,data/cogar_sim_500_final/rgb/000365.png,3208,2,robot_gripper,274.0,289.0,51.0,56.0,1580.0,reflective_metal,1,0,1,0,0
367,000366.png,data/cogar_sim_500_final/rgb/000366.png,3209,1,table,0.0,137.0,640.0,343.0,155398.0,transparent_glass,0,1,1,0,0
367,000366.png,data/cogar_sim_500_final/rgb/000366.png,3210,1,table,0.0,0.0,640.0,239.0,92759.0,transparent_glass,0,1,1,0,0
367,000366.png,data/cogar_sim_500_final/rgb/000366.png,3211,4,glass_object,420.0,132.0,63.0,123.0,6537.0,transparent_glass,0,1,1,0,0
367,000366.png,data/cogar_sim_500_final/rgb/000366.png,3212,4,glass_object,36.0,147.0,109.0,193.0,16587.0,transparent_glass,0,1,1,0,0
367,000366.png,data/cogar_sim_500_final/rgb/000366.png,3213,4,glass_object,132.0,166.0,88.0,150.0,11362.0,transparent_glass,0,1,1,0,0
367,000366.png,data/cogar_sim_500_final/rgb/000366.png,3214,4,glass_object,285.0,85.0,70.0,155.0,3444.0,transparent_glass,0,1,1,0,0
367,000366.png,data/cogar_sim_500_final/rgb/000366.png,3215,5,plastic_object,320.0,179.0,56.0,67.0,707.0,transparent_glass,0,1,1,0,0
367,000366.png,data/cogar_sim_500_final/rgb/000366.png,3216,2,robot_gripper,209.0,103.0,201.0,119.0,13076.0,transparent_glass,0,1,1,0,0
367,000366.png,data/cogar_sim_500_final/rgb/000366.png,3217,2,robot_gripper,244.0,112.0,48.0,171.0,3911.0,transparent_glass,0,1,1,0,0
367,000366.png,data/cogar_sim_500_final/rgb/000366.png,3218,2,robot_gripper,326.0,113.0,45.0,146.0,3419.0,transparent_glass,0,1,1,0,0
368,000367.png,data/cogar_sim_500_final/rgb/000367.png,3219,1,table,0.0,0.0,640.0,480.0,307200.0,partial_occlusion,1,0,1,1,0
369,000368.png,data/cogar_sim_500_final/rgb/000368.png,3220,1,table,0.0,475.0,54.0,5.0,137.0,small_parts,1,0,1,1,0
369,000368.png,data/cogar_sim_500_final/rgb/000368.png,3221,1,table,0.0,0.0,640.0,480.0,307063.0,small_parts,1,0,1,1,0
370,000369.png,data/cogar_sim_500_final/rgb/000369.png,3222,1,table,0.0,0.0,640.0,480.0,258721.0,dynamic_scene,1,0,1,0,1
370,000369.png,data/cogar_sim_500_final/rgb/000369.png,3223,5,plastic_object,16.0,265.0,86.0,91.0,5932.0,dynamic_scene,1,0,1,0,1
370,000369.png,data/cogar_sim_500_final/rgb/000369.png,3224,9,tool,50.0,196.0,150.0,71.0,4894.0,dynamic_scene,1,0,1,0,1
370,000369.png,data/cogar_sim_500_final/rgb/000369.png,3225,5,plastic_object,278.0,155.0,71.0,67.0,3198.0,dynamic_scene,1,0,1,0,1
370,000369.png,data/cogar_sim_500_final/rgb/000369.png,3226,5,plastic_object,178.0,382.0,53.0,72.0,2989.0,dynamic_scene,1,0,1,0,1
370,000369.png,data/cogar_sim_500_final/rgb/000369.png,3227,5,plastic_object,66.0,256.0,71.0,80.0,3019.0,dynamic_scene,1,0,1,0,1
370,000369.png,data/cogar_sim_500_final/rgb/000369.png,3228,10,box,155.0,65.0,201.0,183.0,7424.0,dynamic_scene,1,0,1,0,1
370,000369.png,data/cogar_sim_500_final/rgb/000369.png,3229,2,robot_gripper,139.0,52.0,208.0,154.0,14906.0,dynamic_scene,1,0,1,0,1
370,000369.png,data/cogar_sim_500_final/rgb/000369.png,3230,2,robot_gripper,194.0,173.0,45.0,64.0,1943.0,dynamic_scene,1,0,1,0,1
370,000369.png,data/cogar_sim_500_final/rgb/000369.png,3231,2,robot_gripper,228.0,60.0,44.0,35.0,887.0,dynamic_scene,1,0,1,0,1
371,000370.png,data/cogar_sim_500_final/rgb/000370.png,3232,1,table,0.0,0.0,640.0,480.0,258271.0,reflective_metal,1,0,0,0,0
371,000370.png,data/cogar_sim_500_final/rgb/000370.png,3233,3,metal_part,344.0,187.0,118.0,99.0,6223.0,reflective_metal,1,0,0,0,0
371,000370.png,data/cogar_sim_500_final/rgb/000370.png,3234,3,metal_part,99.0,42.0,106.0,98.0,5619.0,reflective_metal,1,0,0,0,0
371,000370.png,data/cogar_sim_500_final/rgb/000370.png,3235,9,tool,141.0,0.0,41.0,150.0,1597.0,reflective_metal,1,0,0,0,0
371,000370.png,data/cogar_sim_500_final/rgb/000370.png,3236,3,metal_part,232.0,0.0,65.0,99.0,4380.0,reflective_metal,1,0,0,0,0
371,000370.png,data/cogar_sim_500_final/rgb/000370.png,3237,8,cable,31.0,261.0,474.0,53.0,8193.0,reflective_metal,1,0,0,0,0
371,000370.png,data/cogar_sim_500_final/rgb/000370.png,3238,9,tool,56.0,13.0,154.0,201.0,6831.0,reflective_metal,1,0,0,0,0
371,000370.png,data/cogar_sim_500_final/rgb/000370.png,3239,3,metal_part,456.0,477.0,20.0,3.0,36.0,reflective_metal,1,0,0,0,0
371,000370.png,data/cogar_sim_500_final/rgb/000370.png,3240,3,metal_part,133.0,309.0,102.0,69.0,5758.0,reflective_metal,1,0,0,0,0
371,000370.png,data/cogar_sim_500_final/rgb/000370.png,3241,3,metal_part,149.0,0.0,103.0,26.0,1699.0,reflective_metal,1,0,0,0,0
371,000370.png,data/cogar_sim_500_final/rgb/000370.png,3242,9,tool,318.0,59.0,148.0,223.0,8593.0,reflective_metal,1,0,0,0,0
372,000371.png,data/cogar_sim_500_final/rgb/000371.png,3243,1,table,0.0,68.0,640.0,412.0,154091.0,transparent_glass,0,1,0,0,0
372,000371.png,data/cogar_sim_500_final/rgb/000371.png,3244,1,table,93.0,0.0,547.0,233.0,67121.0,transparent_glass,0,1,0,0,0
372,000371.png,data/cogar_sim_500_final/rgb/000371.png,3245,4,glass_object,468.0,123.0,95.0,135.0,10803.0,transparent_glass,0,1,0,0,0
372,000371.png,data/cogar_sim_500_final/rgb/000371.png,3246,10,box,429.0,262.0,190.0,179.0,24841.0,transparent_glass,0,1,0,0,0
372,000371.png,data/cogar_sim_500_final/rgb/000371.png,3247,4,glass_object,326.0,50.0,66.0,93.0,5189.0,transparent_glass,0,1,0,0,0
372,000371.png,data/cogar_sim_500_final/rgb/000371.png,3248,4,glass_object,295.0,128.0,129.0,161.0,16777.0,transparent_glass,0,1,0,0,0
372,000371.png,data/cogar_sim_500_final/rgb/000371.png,3249,10,box,36.0,146.0,135.0,125.0,12637.0,transparent_glass,0,1,0,0,0
372,000371.png,data/cogar_sim_500_final/rgb/000371.png,3250,4,glass_object,214.0,88.0,83.0,114.0,8067.0,transparent_glass,0,1,0,0,0
373,000372.png,data/cogar_sim_500_final/rgb/000372.png,3251,1,table,0.0,0.0,640.0,480.0,226544.0,partial_occlusion,1,1,1,1,0
373,000372.png,data/cogar_sim_500_final/rgb/000372.png,3252,1,table,0.0,0.0,138.0,188.0,13017.0,partial_occlusion,1,1,1,1,0
373,000372.png,data/cogar_sim_500_final/rgb/000372.png,3253,3,metal_part,40.0,145.0,147.0,146.0,14726.0,partial_occlusion,1,1,1,1,0
373,000372.png,data/cogar_sim_500_final/rgb/000372.png,3254,9,tool,164.0,0.0,289.0,91.0,10379.0,partial_occlusion,1,1,1,1,0
373,000372.png,data/cogar_sim_500_final/rgb/000372.png,3255,4,glass_object,16.0,398.0,163.0,82.0,10026.0,partial_occlusion,1,1,1,1,0
373,000372.png,data/cogar_sim_500_final/rgb/000372.png,3256,7,connector,65.0,312.0,52.0,101.0,3196.0,partial_occlusion,1,1,1,1,0
373,000372.png,data/cogar_sim_500_final/rgb/000372.png,3257,5,plastic_object,462.0,127.0,59.0,75.0,2465.0,partial_occlusion,1,1,1,1,0
373,000372.png,data/cogar_sim_500_final/rgb/000372.png,3258,2,robot_gripper,320.0,18.0,210.0,346.0,21470.0,partial_occlusion,1,1,1,1,0
373,000372.png,data/cogar_sim_500_final/rgb/000372.png,3259,2,robot_gripper,329.0,193.0,68.0,63.0,2599.0,partial_occlusion,1,1,1,1,0
373,000372.png,data/cogar_sim_500_final/rgb/000372.png,3260,2,robot_gripper,389.0,87.0,83.0,79.0,2778.0,partial_occlusion,1,1,1,1,0
374,000373.png,data/cogar_sim_500_final/rgb/000373.png,3261,1,table,0.0,104.0,640.0,376.0,169690.0,small_parts,1,0,0,1,0
374,000373.png,data/cogar_sim_500_final/rgb/000373.png,3262,1,table,0.0,0.0,609.0,253.0,106515.0,small_parts,1,0,0,1,0
374,000373.png,data/cogar_sim_500_final/rgb/000373.png,3263,8,cable,173.0,192.0,344.0,61.0,2070.0,small_parts,1,0,0,1,0
374,000373.png,data/cogar_sim_500_final/rgb/000373.png,3264,3,metal_part,216.0,200.0,66.0,69.0,3662.0,small_parts,1,0,0,1,0
374,000373.png,data/cogar_sim_500_final/rgb/000373.png,3265,7,connector,530.0,248.0,53.0,37.0,1387.0,small_parts,1,0,0,1,0
374,000373.png,data/cogar_sim_500_final/rgb/000373.png,3266,7,connector,349.0,204.0,31.0,7.0,8.0,small_parts,1,0,0,1,0
374,000373.png,data/cogar_sim_500_final/rgb/000373.png,3267,7,connector,318.0,322.0,55.0,45.0,1666.0,small_parts,1,0,0,1,0
374,000373.png,data/cogar_sim_500_final/rgb/000373.png,3268,3,metal_part,393.0,199.0,83.0,115.0,4637.0,small_parts,1,0,0,1,0
374,000373.png,data/cogar_sim_500_final/rgb/000373.png,3269,10,box,263.0,204.0,153.0,125.0,13392.0,small_parts,1,0,0,1,0
375,000374.png,data/cogar_sim_500_final/rgb/000374.png,3270,1,table,0.0,299.0,182.0,181.0,16514.0,dynamic_scene,1,0,1,0,1
375,000374.png,data/cogar_sim_500_final/rgb/000374.png,3271,1,table,0.0,0.0,640.0,480.0,290686.0,dynamic_scene,1,0,1,0,1
376,000375.png,data/cogar_sim_500_final/rgb/000375.png,3272,1,table,0.0,0.0,617.0,480.0,232019.0,reflective_metal,1,0,1,1,0
376,000375.png,data/cogar_sim_500_final/rgb/000375.png,3273,1,table,525.0,0.0,115.0,480.0,33113.0,reflective_metal,1,0,1,1,0
376,000375.png,data/cogar_sim_500_final/rgb/000375.png,3274,3,metal_part,235.0,289.0,106.0,133.0,6315.0,reflective_metal,1,0,1,1,0
376,000375.png,data/cogar_sim_500_final/rgb/000375.png,3275,6,screw,274.0,135.0,14.0,18.0,199.0,reflective_metal,1,0,1,1,0
376,000375.png,data/cogar_sim_500_final/rgb/000375.png,3276,9,tool,417.0,163.0,132.0,224.0,10237.0,reflective_metal,1,0,1,1,0
376,000375.png,data/cogar_sim_500_final/rgb/000375.png,3277,3,metal_part,272.0,344.0,56.0,57.0,1804.0,reflective_metal,1,0,1,1,0
376,000375.png,data/cogar_sim_500_final/rgb/000375.png,3278,2,robot_gripper,241.0,77.0,173.0,183.0,12013.0,reflective_metal,1,0,1,1,0
376,000375.png,data/cogar_sim_500_final/rgb/000375.png,3279,2,robot_gripper,338.0,90.0,51.0,157.0,1302.0,reflective_metal,1,0,1,1,0
376,000375.png,data/cogar_sim_500_final/rgb/000375.png,3280,2,robot_gripper,327.0,135.0,57.0,190.0,8901.0,reflective_metal,1,0,1,1,0
377,000376.png,data/cogar_sim_500_final/rgb/000376.png,3281,1,table,0.0,15.0,640.0,465.0,182984.0,transparent_glass,1,1,1,1,0
377,000376.png,data/cogar_sim_500_final/rgb/000376.png,3282,1,table,0.0,0.0,640.0,211.0,56691.0,transparent_glass,1,1,1,1,0
377,000376.png,data/cogar_sim_500_final/rgb/000376.png,3283,4,glass_object,215.0,26.0,91.0,178.0,13275.0,transparent_glass,1,1,1,1,0
377,000376.png,data/cogar_sim_500_final/rgb/000376.png,3284,3,metal_part,98.0,140.0,75.0,93.0,5202.0,transparent_glass,1,1,1,1,0
377,000376.png,data/cogar_sim_500_final/rgb/000376.png,3285,4,glass_object,123.0,236.0,114.0,198.0,18259.0,transparent_glass,1,1,1,1,0
377,000376.png,data/cogar_sim_500_final/rgb/000376.png,3286,7,connector,555.0,233.0,80.0,35.0,2548.0,transparent_glass,1,1,1,1,0
377,000376.png,data/cogar_sim_500_final/rgb/000376.png,3287,2,robot_gripper,288.0,64.0,289.0,83.0,21512.0,transparent_glass,1,1,1,1,0
377,000376.png,data/cogar_sim_500_final/rgb/000376.png,3288,2,robot_gripper,353.0,144.0,38.0,86.0,2937.0,transparent_glass,1,1,1,1,0
377,000376.png,data/cogar_sim_500_final/rgb/000376.png,3289,2,robot_gripper,422.0,35.0,51.0,182.0,3792.0,transparent_glass,1,1,1,1,0
378,000377.png,data/cogar_sim_500_final/rgb/000377.png,3290,1,table,0.0,0.0,640.0,480.0,307200.0,partial_occlusion,1,1,1,1,0
379,000378.png,data/cogar_sim_500_final/rgb/000378.png,3291,1,table,0.0,16.0,640.0,464.0,213451.0,small_parts,0,0,1,1,0
379,000378.png,data/cogar_sim_500_final/rgb/000378.png,3292,7,connector,175.0,208.0,35.0,59.0,1525.0,small_parts,0,0,1,1,0
379,000378.png,data/cogar_sim_500_final/rgb/000378.png,3293,6,screw,349.0,199.0,20.0,16.0,200.0,small_parts,0,0,1,1,0
379,000378.png,data/cogar_sim_500_final/rgb/000378.png,3294,6,screw,212.0,210.0,15.0,18.0,182.0,small_parts,0,0,1,1,0
379,000378.png,data/cogar_sim_500_final/rgb/000378.png,3295,5,plastic_object,298.0,238.0,79.0,65.0,3602.0,small_parts,0,0,1,1,0
379,000378.png,data/cogar_sim_500_final/rgb/000378.png,3296,7,connector,223.0,273.0,56.0,49.0,1819.0,small_parts,0,0,1,1,0
379,000378.png,data/cogar_sim_500_final/rgb/000378.png,3297,6,screw,429.0,418.0,24.0,17.0,324.0,small_parts,0,0,1,1,0
379,000378.png,data/cogar_sim_500_final/rgb/000378.png,3298,5,plastic_object,147.0,172.0,45.0,74.0,2403.0,small_parts,0,0,1,1,0
379,000378.png,data/cogar_sim_500_final/rgb/000378.png,3299,10,box,432.0,217.0,172.0,161.0,19815.0,small_parts,0,0,1,1,0
379,000378.png,data/cogar_sim_500_final/rgb/000378.png,3300,8,cable,115.0,239.0,249.0,171.0,4659.0,small_parts,0,0,1,1,0
379,000378.png,data/cogar_sim_500_final/rgb/000378.png,3301,2,robot_gripper,209.0,118.0,140.0,131.0,9075.0,small_parts,0,0,1,1,0
379,000378.png,data/cogar_sim_500_final/rgb/000378.png,3302,2,robot_gripper,240.0,189.0,38.0,56.0,1334.0,small_parts,0,0,1,1,0
379,000378.png,data/cogar_sim_500_final/rgb/000378.png,3303,2,robot_gripper,295.0,141.0,41.0,120.0,1192.0,small_parts,0,0,1,1,0
380,000379.png,data/cogar_sim_500_final/rgb/000379.png,3304,1,table,0.0,0.0,640.0,480.0,252185.0,dynamic_scene,1,1,1,1,1
380,000379.png,data/cogar_sim_500_final/rgb/000379.png,3305,7,connector,334.0,202.0,48.0,37.0,1380.0,dynamic_scene,1,1,1,1,1
380,000379.png,data/cogar_sim_500_final/rgb/000379.png,3306,5,plastic_object,403.0,143.0,103.0,103.0,7656.0,dynamic_scene,1,1,1,1,1
380,000379.png,data/cogar_sim_500_final/rgb/000379.png,3307,4,glass_object,110.0,252.0,94.0,142.0,10601.0,dynamic_scene,1,1,1,1,1
380,000379.png,data/cogar_sim_500_final/rgb/000379.png,3308,3,metal_part,441.0,135.0,56.0,28.0,460.0,dynamic_scene,1,1,1,1,1
380,000379.png,data/cogar_sim_500_final/rgb/000379.png,3309,5,plastic_object,244.0,94.0,54.0,52.0,1414.0,dynamic_scene,1,1,1,1,1
380,000379.png,data/cogar_sim_500_final/rgb/000379.png,3310,5,plastic_object,341.0,83.0,81.0,97.0,5434.0,dynamic_scene,1,1,1,1,1
380,000379.png,data/cogar_sim_500_final/rgb/000379.png,3311,8,cable,434.0,103.0,125.0,156.0,1257.0,dynamic_scene,1,1,1,1,1
380,000379.png,data/cogar_sim_500_final/rgb/000379.png,3312,2,robot_gripper,282.0,73.0,77.0,133.0,5940.0,dynamic_scene,1,1,1,1,1
380,000379.png,data/cogar_sim_500_final/rgb/000379.png,3313,2,robot_gripper,270.0,110.0,39.0,132.0,3047.0,dynamic_scene,1,1,1,1,1
380,000379.png,data/cogar_sim_500_final/rgb/000379.png,3314,2,robot_gripper,306.0,75.0,35.0,129.0,1024.0,dynamic_scene,1,1,1,1,1
381,000380.png,data/cogar_sim_500_final/rgb/000380.png,3315,1,table,0.0,0.0,640.0,480.0,229735.0,reflective_metal,1,0,1,1,0
381,000380.png,data/cogar_sim_500_final/rgb/000380.png,3316,1,table,0.0,228.0,160.0,252.0,20208.0,reflective_metal,1,0,1,1,0
381,000380.png,data/cogar_sim_500_final/rgb/000380.png,3317,9,tool,274.0,360.0,209.0,59.0,4068.0,reflective_metal,1,0,1,1,0
381,000380.png,data/cogar_sim_500_final/rgb/000380.png,3318,9,tool,531.0,145.0,73.0,335.0,11194.0,reflective_metal,1,0,1,1,0
381,000380.png,data/cogar_sim_500_final/rgb/000380.png,3319,3,metal_part,66.0,180.0,81.0,95.0,6751.0,reflective_metal,1,0,1,1,0
381,000380.png,data/cogar_sim_500_final/rgb/000380.png,3320,7,connector,153.0,65.0,48.0,48.0,1720.0,reflective_metal,1,0,1,1,0
381,000380.png,data/cogar_sim_500_final/rgb/000380.png,3321,5,plastic_object,143.0,0.0,103.0,83.0,6860.0,reflective_metal,1,0,1,1,0
381,000380.png,data/cogar_sim_500_final/rgb/000380.png,3322,3,metal_part,225.0,164.0,91.0,60.0,928.0,reflective_metal,1,0,1,1,0
381,000380.png,data/cogar_sim_500_final/rgb/000380.png,3323,3,metal_part,241.0,0.0,64.0,58.0,3145.0,reflective_metal,1,0,1,1,0
381,000380.png,data/cogar_sim_500_final/rgb/000380.png,3324,2,robot_gripper,216.0,111.0,200.0,320.0,19776.0,reflective_metal,1,0,1,1,0
381,000380.png,data/cogar_sim_500_final/rgb/000380.png,3325,2,robot_gripper,295.0,319.0,27.0,43.0,515.0,reflective_metal,1,0,1,1,0
381,000380.png,data/cogar_sim_500_final/rgb/000380.png,3326,2,robot_gripper,227.0,205.0,63.0,62.0,2300.0,reflective_metal,1,0,1,1,0
382,000381.png,data/cogar_sim_500_final/rgb/000381.png,3327,1,table,374.0,283.0,266.0,197.0,26326.0,transparent_glass,1,1,0,0,0
382,000381.png,data/cogar_sim_500_final/rgb/000381.png,3328,1,table,0.0,0.0,640.0,480.0,280874.0,transparent_glass,1,1,0,0,0
383,000382.png,data/cogar_sim_500_final/rgb/000382.png,3329,1,table,0.0,122.0,640.0,358.0,184103.0,partial_occlusion,1,0,1,1,0
383,000382.png,data/cogar_sim_500_final/rgb/000382.png,3330,3,metal_part,255.0,227.0,10.0,8.0,69.0,partial_occlusion,1,0,1,1,0
383,000382.png,data/cogar_sim_500_final/rgb/000382.png,3331,3,metal_part,172.0,159.0,32.0,102.0,1898.0,partial_occlusion,1,0,1,1,0
383,000382.png,data/cogar_sim_500_final/rgb/000382.png,3332,3,metal_part,397.0,244.0,85.0,98.0,5827.0,partial_occlusion,1,0,1,1,0
383,000382.png,data/cogar_sim_500_final/rgb/000382.png,3333,10,box,170.0,185.0,52.0,59.0,724.0,partial_occlusion,1,0,1,1,0
383,000382.png,data/cogar_sim_500_final/rgb/000382.png,3334,5,plastic_object,183.0,211.0,50.0,53.0,2164.0,partial_occlusion,1,0,1,1,0
383,000382.png,data/cogar_sim_500_final/rgb/000382.png,3335,5,plastic_object,348.0,232.0,69.0,49.0,2626.0,partial_occlusion,1,0,1,1,0
383,000382.png,data/cogar_sim_500_final/rgb/000382.png,3336,8,cable,180.0,244.0,16.0,33.0,300.0,partial_occlusion,1,0,1,1,0
383,000382.png,data/cogar_sim_500_final/rgb/000382.png,3337,6,screw,543.0,296.0,12.0,16.0,150.0,partial_occlusion,1,0,1,1,0
383,000382.png,data/cogar_sim_500_final/rgb/000382.png,3338,2,robot_gripper,216.0,130.0,61.0,99.0,4408.0,partial_occlusion,1,0,1,1,0
383,000382.png,data/cogar_sim_500_final/rgb/000382.png,3339,2,robot_gripper,219.0,128.0,37.0,138.0,1518.0,partial_occlusion,1,0,1,1,0
383,000382.png,data/cogar_sim_500_final/rgb/000382.png,3340,2,robot_gripper,265.0,164.0,36.0,111.0,3122.0,partial_occlusion,1,0,1,1,0
384,000383.png,data/cogar_sim_500_final/rgb/000383.png,3341,1,table,0.0,0.0,640.0,480.0,245247.0,small_parts,0,0,1,1,0
384,000383.png,data/cogar_sim_500_final/rgb/000383.png,3342,6,screw,398.0,287.0,28.0,22.0,385.0,small_parts,0,0,1,1,0
384,000383.png,data/cogar_sim_500_final/rgb/000383.png,3343,7,connector,248.0,298.0,63.0,70.0,2018.0,small_parts,0,0,1,1,0
384,000383.png,data/cogar_sim_500_final/rgb/000383.png,3344,7,connector,508.0,205.0,31.0,55.0,1323.0,small_parts,0,0,1,1,0
384,000383.png,data/cogar_sim_500_final/rgb/000383.png,3345,6,screw,449.0,289.0,22.0,19.0,325.0,small_parts,0,0,1,1,0
384,000383.png,data/cogar_sim_500_final/rgb/000383.png,3346,6,screw,291.0,356.0,19.0,6.0,18.0,small_parts,0,0,1,1,0
384,000383.png,data/cogar_sim_500_final/rgb/000383.png,3347,5,plastic_object,293.0,258.0,102.0,115.0,9048.0,small_parts,0,0,1,1,0
384,000383.png,data/cogar_sim_500_final/rgb/000383.png,3348,7,connector,267.0,247.0,37.0,46.0,1107.0,small_parts,0,0,1,1,0
384,000383.png,data/cogar_sim_500_final/rgb/000383.png,3349,6,screw,431.0,401.0,22.0,23.0,281.0,small_parts,0,0,1,1,0
384,000383.png,data/cogar_sim_500_final/rgb/000383.png,3350,6,screw,110.0,257.0,22.0,18.0,227.0,small_parts,0,0,1,1,0
384,000383.png,data/cogar_sim_500_final/rgb/000383.png,3351,6,screw,273.0,346.0,19.0,27.0,380.0,small_parts,0,0,1,1,0
384,000383.png,data/cogar_sim_500_final/rgb/000383.png,3352,7,connector,268.0,201.0,35.0,56.0,1395.0,small_parts,0,0,1,1,0
384,000383.png,data/cogar_sim_500_final/rgb/000383.png,3353,2,robot_gripper,183.0,108.0,217.0,108.0,11051.0,small_parts,0,0,1,1,0
384,000383.png,data/cogar_sim_500_final/rgb/000383.png,3354,2,robot_gripper,302.0,140.0,40.0,142.0,4272.0,small_parts,0,0,1,1,0
384,000383.png,data/cogar_sim_500_final/rgb/000383.png,3355,2,robot_gripper,221.0,141.0,46.0,121.0,4022.0,small_parts,0,0,1,1,0
385,000384.png,data/cogar_sim_500_final/rgb/000384.png,3356,1,table,0.0,0.0,640.0,480.0,237702.0,dynamic_scene,0,0,1,0,1
385,000384.png,data/cogar_sim_500_final/rgb/000384.png,3357,1,table,0.0,0.0,184.0,386.0,35693.0,dynamic_scene,0,0,1,0,1
385,000384.png,data/cogar_sim_500_final/rgb/000384.png,3358,5,plastic_object,272.0,165.0,35.0,38.0,796.0,dynamic_scene,0,0,1,0,1
385,000384.png,data/cogar_sim_500_final/rgb/000384.png,3359,5,plastic_object,140.0,214.0,78.0,107.0,7114.0,dynamic_scene,0,0,1,0,1
385,000384.png,data/cogar_sim_500_final/rgb/000384.png,3360,5,plastic_object,377.0,257.0,87.0,89.0,5498.0,dynamic_scene,0,0,1,0,1
385,000384.png,data/cogar_sim_500_final/rgb/000384.png,3361,2,robot_gripper,250.0,113.0,192.0,177.0,14315.0,dynamic_scene,0,0,1,0,1
385,000384.png,data/cogar_sim_500_final/rgb/000384.png,3362,2,robot_gripper,299.0,180.0,55.0,164.0,5594.0,dynamic_scene,0,0,1,0,1
385,000384.png,data/cogar_sim_500_final/rgb/000384.png,3363,2,robot_gripper,307.0,148.0,47.0,105.0,488.0,dynamic_scene,0,0,1,0,1
386,000385.png,data/cogar_sim_500_final/rgb/000385.png,3364,1,table,0.0,414.0,156.0,66.0,5194.0,reflective_metal,1,0,1,1,0
386,000385.png,data/cogar_sim_500_final/rgb/000385.png,3365,1,table,0.0,0.0,640.0,480.0,302006.0,reflective_metal,1,0,1,1,0
387,000386.png,data/cogar_sim_500_final/rgb/000386.png,3366,1,table,297.0,275.0,343.0,205.0,35322.0,transparent_glass,1,1,1,0,0
387,000386.png,data/cogar_sim_500_final/rgb/000386.png,3367,1,table,0.0,0.0,640.0,480.0,271878.0,transparent_glass,1,1,1,0,0
388,000387.png,data/cogar_sim_500_final/rgb/000387.png,3368,1,table,0.0,64.0,640.0,416.0,191574.0,partial_occlusion,1,0,1,1,0
388,000387.png,data/cogar_sim_500_final/rgb/000387.png,3369,1,table,0.0,0.0,474.0,253.0,64213.0,partial_occlusion,1,0,1,1,0
388,000387.png,data/cogar_sim_500_final/rgb/000387.png,3370,5,plastic_object,460.0,204.0,58.0,95.0,4438.0,partial_occlusion,1,0,1,1,0
388,000387.png,data/cogar_sim_500_final/rgb/000387.png,3371,5,plastic_object,556.0,155.0,71.0,44.0,2884.0,partial_occlusion,1,0,1,1,0
388,000387.png,data/cogar_sim_500_final/rgb/000387.png,3372,6,screw,400.0,277.0,20.0,14.0,157.0,partial_occlusion,1,0,1,1,0
388,000387.png,data/cogar_sim_500_final/rgb/000387.png,3373,3,metal_part,335.0,210.0,118.0,77.0,6393.0,partial_occlusion,1,0,1,1,0
388,000387.png,data/cogar_sim_500_final/rgb/000387.png,3374,9,tool,166.0,255.0,221.0,76.0,7809.0,partial_occlusion,1,0,1,1,0
388,000387.png,data/cogar_sim_500_final/rgb/000387.png,3375,2,robot_gripper,216.0,39.0,139.0,131.0,11112.0,partial_occlusion,1,0,1,1,0
388,000387.png,data/cogar_sim_500_final/rgb/000387.png,3376,2,robot_gripper,222.0,77.0,52.0,146.0,2729.0,partial_occlusion,1,0,1,1,0
388,000387.png,data/cogar_sim_500_final/rgb/000387.png,3377,2,robot_gripper,284.0,53.0,43.0,148.0,2862.0,partial_occlusion,1,0,1,1,0
389,000388.png,data/cogar_sim_500_final/rgb/000388.png,3378,1,table,0.0,0.0,640.0,480.0,289918.0,small_parts,1,0,0,1,0
389,000388.png,data/cogar_sim_500_final/rgb/000388.png,3379,5,plastic_object,336.0,331.0,82.0,40.0,2570.0,small_parts,1,0,0,1,0
389,000388.png,data/cogar_sim_500_final/rgb/000388.png,3380,8,cable,298.0,0.0,171.0,168.0,2161.0,small_parts,1,0,0,1,0
389,000388.png,data/cogar_sim_500_final/rgb/000388.png,3381,7,connector,221.0,88.0,37.0,72.0,2352.0,small_parts,1,0,0,1,0
389,000388.png,data/cogar_sim_500_final/rgb/000388.png,3382,6,screw,419.0,393.0,27.0,17.0,391.0,small_parts,1,0,0,1,0
389,000388.png,data/cogar_sim_500_final/rgb/000388.png,3383,5,plastic_object,347.0,210.0,66.0,70.0,3572.0,small_parts,1,0,0,1,0
389,000388.png,data/cogar_sim_500_final/rgb/000388.png,3384,6,screw,208.0,68.0,24.0,14.0,288.0,small_parts,1,0,0,1,0
389,000388.png,data/cogar_sim_500_final/rgb/000388.png,3385,3,metal_part,283.0,67.0,59.0,38.0,1884.0,small_parts,1,0,0,1,0
389,000388.png,data/cogar_sim_500_final/rgb/000388.png,3386,6,screw,250.0,83.0,16.0,16.0,159.0,small_parts,1,0,0,1,0
389,000388.png,data/cogar_sim_500_final/rgb/000388.png,3387,5,plastic_object,178.0,291.0,68.0,62.0,2703.0,small_parts,1,0,0,1,0
389,000388.png,data/cogar_sim_500_final/rgb/000388.png,3388,6,screw,269.0,398.0,19.0,22.0,197.0,small_parts,1,0,0,1,0
389,000388.png,data/cogar_sim_500_final/rgb/000388.png,3389,7,connector,262.0,75.0,36.0,52.0,1005.0,small_parts,1,0,0,1,0
390,000389.png,data/cogar_sim_500_final/rgb/000389.png,3390,1,table,0.0,433.0,640.0,47.0,23815.0,dynamic_scene,1,0,1,1,1
390,000389.png,data/cogar_sim_500_final/rgb/000389.png,3391,1,table,0.0,0.0,640.0,453.0,283385.0,dynamic_scene,1,0,1,1,1
391,000390.png,data/cogar_sim_500_final/rgb/000390.png,3392,1,table,347.0,337.0,293.0,143.0,21094.0,reflective_metal,1,0,0,0,0
391,000390.png,data/cogar_sim_500_final/rgb/000390.png,3393,1,table,0.0,0.0,640.0,480.0,286106.0,reflective_metal,1,0,0,0,0
392,000391.png,data/cogar_sim_500_final/rgb/000391.png,3394,1,table,0.0,97.0,640.0,383.0,159783.0,transparent_glass,1,1,0,1,0
392,000391.png,data/cogar_sim_500_final/rgb/000391.png,3395,1,table,0.0,0.0,580.0,255.0,89859.0,transparent_glass,1,1,0,1,0
392,000391.png,data/cogar_sim_500_final/rgb/000391.png,3396,4,glass_object,305.0,156.0,63.0,34.0,1658.0,transparent_glass,1,1,0,1,0
392,000391.png,data/cogar_sim_500_final/rgb/000391.png,3397,4,glass_object,88.0,181.0,101.0,159.0,12551.0,transparent_glass,1,1,0,1,0
392,000391.png,data/cogar_sim_500_final/rgb/000391.png,3398,8,cable,58.0,258.0,41.0,148.0,2235.0,transparent_glass,1,1,0,1,0
392,000391.png,data/cogar_sim_500_final/rgb/000391.png,3399,4,glass_object,106.0,136.0,93.0,145.0,4982.0,transparent_glass,1,1,0,1,0
392,000391.png,data/cogar_sim_500_final/rgb/000391.png,3400,4,glass_object,290.0,171.0,80.0,146.0,9829.0,transparent_glass,1,1,0,1,0
392,000391.png,data/cogar_sim_500_final/rgb/000391.png,3401,7,connector,269.0,227.0,16.0,24.0,292.0,transparent_glass,1,1,0,1,0
392,000391.png,data/cogar_sim_500_final/rgb/000391.png,3402,3,metal_part,286.0,176.0,12.0,62.0,271.0,transparent_glass,1,1,0,1,0
392,000391.png,data/cogar_sim_500_final/rgb/000391.png,3403,4,glass_object,97.0,152.0,19.0,48.0,510.0,transparent_glass,1,1,0,1,0
392,000391.png,data/cogar_sim_500_final/rgb/000391.png,3404,4,glass_object,361.0,151.0,81.0,162.0,10848.0,transparent_glass,1,1,0,1,0
392,000391.png,data/cogar_sim_500_final/rgb/000391.png,3405,4,glass_object,220.0,133.0,67.0,118.0,6916.0,transparent_glass,1,1,0,1,0
393,000392.png,data/cogar_sim_500_final/rgb/000392.png,3406,1,table,0.0,82.0,590.0,398.0,187315.0,partial_occlusion,1,0,1,1,0
393,000392.png,data/cogar_sim_500_final/rgb/000392.png,3407,1,table,536.0,0.0,104.0,480.0,39013.0,partial_occlusion,1,0,1,1,0
393,000392.png,data/cogar_sim_500_final/rgb/000392.png,3408,3,metal_part,345.0,206.0,41.0,70.0,1601.0,partial_occlusion,1,0,1,1,0
393,000392.png,data/cogar_sim_500_final/rgb/000392.png,3409,7,connector,438.0,173.0,45.0,31.0,836.0,partial_occlusion,1,0,1,1,0
393,000392.png,data/cogar_sim_500_final/rgb/000392.png,3410,7,connector,417.0,277.0,90.0,61.0,3284.0,partial_occlusion,1,0,1,1,0
393,000392.png,data/cogar_sim_500_final/rgb/000392.png,3411,9,tool,317.0,194.0,93.0,88.0,1537.0,partial_occlusion,1,0,1,1,0
393,000392.png,data/cogar_sim_500_final/rgb/000392.png,3412,5,plastic_object,228.0,124.0,56.0,71.0,3137.0,partial_occlusion,1,0,1,1,0
393,000392.png,data/cogar_sim_500_final/rgb/000392.png,3413,3,metal_part,234.0,216.0,64.0,61.0,2565.0,partial_occlusion,1,0,1,1,0
393,000392.png,data/cogar_sim_500_final/rgb/000392.png,3414,2,robot_gripper,312.0,84.0,147.0,117.0,8732.0,partial_occlusion,1,0,1,1,0
393,000392.png,data/cogar_sim_500_final/rgb/000392.png,3415,2,robot_gripper,404.0,111.0,16.0,105.0,155.0,partial_occlusion,1,0,1,1,0
393,000392.png,data/cogar_sim_500_final/rgb/000392.png,3416,2,robot_gripper,368.0,110.0,46.0,158.0,4043.0,partial_occlusion,1,0,1,1,0
394,000393.png,data/cogar_sim_500_final/rgb/000393.png,3417,1,table,0.0,26.0,640.0,454.0,187373.0,small_parts,1,0,1,1,0
394,000393.png,data/cogar_sim_500_final/rgb/000393.png,3418,1,table,0.0,0.0,382.0,329.0,67702.0,small_parts,1,0,1,1,0
394,000393.png,data/cogar_sim_500_final/rgb/000393.png,3419,8,cable,111.0,180.0,320.0,101.0,3052.0,small_parts,1,0,1,1,0
394,000393.png,data/cogar_sim_500_final/rgb/000393.png,3420,6,screw,387.0,292.0,24.0,25.0,368.0,small_parts,1,0,1,1,0
394,000393.png,data/cogar_sim_500_final/rgb/000393.png,3421,6,screw,269.0,300.0,22.0,24.0,402.0,small_parts,1,0,1,1,0
394,000393.png,data/cogar_sim_500_final/rgb/000393.png,3422,6,screw,282.0,292.0,16.0,28.0,296.0,small_parts,1,0,1,1,0
394,000393.png,data/cogar_sim_500_final/rgb/000393.png,3423,6,screw,249.0,247.0,20.0,11.0,170.0,small_parts,1,0,1,1,0
394,000393.png,data/cogar_sim_500_final/rgb/000393.png,3424,6,screw,380.0,332.0,31.0,24.0,368.0,small_parts,1,0,1,1,0
394,000393.png,data/cogar_sim_500_final/rgb/000393.png,3425,7,connector,233.0,266.0,75.0,31.0,1970.0,small_parts,1,0,1,1,0
394,000393.png,data/cogar_sim_500_final/rgb/000393.png,3426,7,connector,422.0,291.0,63.0,66.0,2617.0,small_parts,1,0,1,1,0
394,000393.png,data/cogar_sim_500_final/rgb/000393.png,3427,7,connector,241.0,378.0,76.0,72.0,3433.0,small_parts,1,0,1,1,0
394,000393.png,data/cogar_sim_500_final/rgb/000393.png,3428,3,metal_part,133.0,318.0,88.0,112.0,8951.0,small_parts,1,0,1,1,0
394,000393.png,data/cogar_sim_500_final/rgb/000393.png,3429,7,connector,393.0,202.0,70.0,44.0,1805.0,small_parts,1,0,1,1,0
394,000393.png,data/cogar_sim_500_final/rgb/000393.png,3430,6,screw,220.0,278.0,18.0,22.0,279.0,small_parts,1,0,1,1,0
394,000393.png,data/cogar_sim_500_final/rgb/000393.png,3431,2,robot_gripper,295.0,79.0,164.0,135.0,10827.0,small_parts,1,0,1,1,0
394,000393.png,data/cogar_sim_500_final/rgb/000393.png,3432,2,robot_gripper,323.0,111.0,47.0,162.0,3687.0,small_parts,1,0,1,1,0
394,000393.png,data/cogar_sim_500_final/rgb/000393.png,3433,2,robot_gripper,358.0,87.0,44.0,141.0,1921.0,small_parts,1,0,1,1,0
395,000394.png,data/cogar_sim_500_final/rgb/000394.png,3434,1,table,0.0,246.0,227.0,234.0,26739.0,dynamic_scene,0,0,0,0,1
395,000394.png,data/cogar_sim_500_final/rgb/000394.png,3435,1,table,0.0,0.0,640.0,480.0,267859.0,dynamic_scene,0,0,0,0,1
396,000395.png,data/cogar_sim_500_final/rgb/000395.png,3436,1,table,0.0,359.0,54.0,121.0,3286.0,reflective_metal,1,0,1,0,0
396,000395.png,data/cogar_sim_500_final/rgb/000395.png,3437,1,table,0.0,0.0,640.0,480.0,303914.0,reflective_metal,1,0,1,0,0
397,000396.png,data/cogar_sim_500_final/rgb/000396.png,3438,1,table,0.0,0.0,640.0,480.0,223383.0,transparent_glass,0,1,0,1,0
397,000396.png,data/cogar_sim_500_final/rgb/000396.png,3439,4,glass_object,466.0,61.0,127.0,142.0,16989.0,transparent_glass,0,1,0,1,0
397,000396.png,data/cogar_sim_500_final/rgb/000396.png,3440,4,glass_object,58.0,290.0,95.0,65.0,4865.0,transparent_glass,0,1,0,1,0
397,000396.png,data/cogar_sim_500_final/rgb/000396.png,3441,4,glass_object,87.0,397.0,147.0,83.0,8368.0,transparent_glass,0,1,0,1,0
397,000396.png,data/cogar_sim_500_final/rgb/000396.png,3442,4,glass_object,139.0,347.0,113.0,82.0,6280.0,transparent_glass,0,1,0,1,0
397,000396.png,data/cogar_sim_500_final/rgb/000396.png,3443,5,plastic_object,500.0,274.0,121.0,102.0,9683.0,transparent_glass,0,1,0,1,0
397,000396.png,data/cogar_sim_500_final/rgb/000396.png,3444,10,box,2.0,340.0,153.0,140.0,11889.0,transparent_glass,0,1,0,1,0
397,000396.png,data/cogar_sim_500_final/rgb/000396.png,3445,10,box,314.0,181.0,168.0,169.0,14359.0,transparent_glass,0,1,0,1,0
397,000396.png,data/cogar_sim_500_final/rgb/000396.png,3446,4,glass_object,120.0,56.0,122.0,124.0,11060.0,transparent_glass,0,1,0,1,0
397,000396.png,data/cogar_sim_500_final/rgb/000396.png,3447,7,connector,425.0,195.0,22.0,25.0,324.0,transparent_glass,0,1,0,1,0
398,000397.png,data/cogar_sim_500_final/rgb/000397.png,3448,1,table,436.0,416.0,204.0,64.0,6595.0,partial_occlusion,1,0,1,1,0
398,000397.png,data/cogar_sim_500_final/rgb/000397.png,3449,1,table,0.0,0.0,640.0,480.0,300605.0,partial_occlusion,1,0,1,1,0
399,000398.png,data/cogar_sim_500_final/rgb/000398.png,3450,1,table,0.0,0.0,640.0,480.0,250327.0,small_parts,1,0,0,1,0
399,000398.png,data/cogar_sim_500_final/rgb/000398.png,3451,1,table,0.0,149.0,164.0,331.0,27275.0,small_parts,1,0,0,1,0
399,000398.png,data/cogar_sim_500_final/rgb/000398.png,3452,10,box,434.0,275.0,181.0,110.0,16659.0,small_parts,1,0,0,1,0
399,000398.png,data/cogar_sim_500_final/rgb/000398.png,3453,7,connector,398.0,141.0,45.0,68.0,1886.0,small_parts,1,0,0,1,0
399,000398.png,data/cogar_sim_500_final/rgb/000398.png,3454,7,connector,387.0,371.0,43.0,49.0,910.0,small_parts,1,0,0,1,0
399,000398.png,data/cogar_sim_500_final/rgb/000398.png,3455,3,metal_part,446.0,201.0,66.0,76.0,3712.0,small_parts,1,0,0,1,0
399,000398.png,data/cogar_sim_500_final/rgb/000398.png,3456,7,connector,192.0,21.0,71.0,83.0,2474.0,small_parts,1,0,0,1,0
399,000398.png,data/cogar_sim_500_final/rgb/000398.png,3457,7,connector,231.0,128.0,33.0,48.0,1180.0,small_parts,1,0,0,1,0
399,000398.png,data/cogar_sim_500_final/rgb/000398.png,3458,6,screw,362.0,423.0,21.0,18.0,276.0,small_parts,1,0,0,1,0
399,000398.png,data/cogar_sim_500_final/rgb/000398.png,3459,6,screw,344.0,44.0,25.0,24.0,279.0,small_parts,1,0,0,1,0
399,000398.png,data/cogar_sim_500_final/rgb/000398.png,3460,6,screw,434.0,413.0,17.0,25.0,231.0,small_parts,1,0,0,1,0
399,000398.png,data/cogar_sim_500_final/rgb/000398.png,3461,6,screw,159.0,81.0,25.0,20.0,328.0,small_parts,1,0,0,1,0
399,000398.png,data/cogar_sim_500_final/rgb/000398.png,3462,6,screw,250.0,358.0,21.0,14.0,239.0,small_parts,1,0,0,1,0
399,000398.png,data/cogar_sim_500_final/rgb/000398.png,3463,7,connector,210.0,331.0,39.0,64.0,1424.0,small_parts,1,0,0,1,0
400,000399.png,data/cogar_sim_500_final/rgb/000399.png,3464,1,table,0.0,8.0,640.0,472.0,250142.0,dynamic_scene,1,0,1,1,1
400,000399.png,data/cogar_sim_500_final/rgb/000399.png,3465,5,plastic_object,93.0,178.0,84.0,62.0,4795.0,dynamic_scene,1,0,1,1,1
400,000399.png,data/cogar_sim_500_final/rgb/000399.png,3466,3,metal_part,285.0,149.0,28.0,30.0,507.0,dynamic_scene,1,0,1,1,1
400,000399.png,data/cogar_sim_500_final/rgb/000399.png,3467,7,connector,272.0,173.0,41.0,45.0,1175.0,dynamic_scene,1,0,1,1,1
400,000399.png,data/cogar_sim_500_final/rgb/000399.png,3468,2,robot_gripper,282.0,83.0,114.0,148.0,8733.0,dynamic_scene,1,0,1,1,1
400,000399.png,data/cogar_sim_500_final/rgb/000399.png,3469,2,robot_gripper,312.0,88.0,39.0,152.0,2257.0,dynamic_scene,1,0,1,1,1
400,000399.png,data/cogar_sim_500_final/rgb/000399.png,3470,2,robot_gripper,348.0,143.0,44.0,113.0,1247.0,dynamic_scene,1,0,1,1,1
401,000400.png,data/cogar_sim_500_final/rgb/000400.png,3471,1,table,0.0,0.0,640.0,480.0,268839.0,reflective_metal,1,0,0,1,0
401,000400.png,data/cogar_sim_500_final/rgb/000400.png,3472,9,tool,24.0,179.0,270.0,125.0,6871.0,reflective_metal,1,0,0,1,0
401,000400.png,data/cogar_sim_500_final/rgb/000400.png,3473,9,tool,410.0,20.0,103.0,158.0,5934.0,reflective_metal,1,0,0,1,0
401,000400.png,data/cogar_sim_500_final/rgb/000400.png,3474,7,connector,219.0,332.0,67.0,60.0,1542.0,reflective_metal,1,0,0,1,0
401,000400.png,data/cogar_sim_500_final/rgb/000400.png,3475,3,metal_part,68.0,257.0,82.0,62.0,3880.0,reflective_metal,1,0,0,1,0
401,000400.png,data/cogar_sim_500_final/rgb/000400.png,3476,3,metal_part,68.0,206.0,78.0,59.0,2715.0,reflective_metal,1,0,0,1,0
401,000400.png,data/cogar_sim_500_final/rgb/000400.png,3477,10,box,468.0,242.0,104.0,94.0,6844.0,reflective_metal,1,0,0,1,0
401,000400.png,data/cogar_sim_500_final/rgb/000400.png,3478,9,tool,77.0,129.0,240.0,54.0,6697.0,reflective_metal,1,0,0,1,0
401,000400.png,data/cogar_sim_500_final/rgb/000400.png,3479,9,tool,19.0,170.0,173.0,130.0,3878.0,reflective_metal,1,0,0,1,0
402,000401.png,data/cogar_sim_500_final/rgb/000401.png,3480,1,table,0.0,378.0,416.0,102.0,21433.0,transparent_glass,1,1,0,1,0
402,000401.png,data/cogar_sim_500_final/rgb/000401.png,3481,1,table,0.0,0.0,640.0,480.0,285767.0,transparent_glass,1,1,0,1,0
403,000402.png,data/cogar_sim_500_final/rgb/000402.png,3482,1,table,0.0,0.0,640.0,480.0,239468.0,partial_occlusion,1,0,1,1,0
403,000402.png,data/cogar_sim_500_final/rgb/000402.png,3483,1,table,0.0,0.0,387.0,78.0,15185.0,partial_occlusion,1,0,1,1,0
403,000402.png,data/cogar_sim_500_final/rgb/000402.png,3484,8,cable,30.0,69.0,270.0,93.0,2033.0,partial_occlusion,1,0,1,1,0
403,000402.png,data/cogar_sim_500_final/rgb/000402.png,3485,8,cable,9.0,279.0,391.0,49.0,3796.0,partial_occlusion,1,0,1,1,0
403,000402.png,data/cogar_sim_500_final/rgb/000402.png,3486,3,metal_part,213.0,314.0,40.0,67.0,2099.0,partial_occlusion,1,0,1,1,0
403,000402.png,data/cogar_sim_500_final/rgb/000402.png,3487,8,cable,408.0,0.0,135.0,291.0,3050.0,partial_occlusion,1,0,1,1,0
403,000402.png,data/cogar_sim_500_final/rgb/000402.png,3488,5,plastic_object,156.0,247.0,65.0,54.0,2760.0,partial_occlusion,1,0,1,1,0
403,000402.png,data/cogar_sim_500_final/rgb/000402.png,3489,8,cable,306.0,237.0,154.0,202.0,2427.0,partial_occlusion,1,0,1,1,0
403,000402.png,data/cogar_sim_500_final/rgb/000402.png,3490,7,connector,145.0,154.0,19.0,26.0,397.0,partial_occlusion,1,0,1,1,0
403,000402.png,data/cogar_sim_500_final/rgb/000402.png,3491,7,connector,495.0,275.0,93.0,43.0,2834.0,partial_occlusion,1,0,1,1,0
403,000402.png,data/cogar_sim_500_final/rgb/000402.png,3492,10,box,152.0,75.0,151.0,169.0,12409.0,partial_occlusion,1,0,1,1,0
403,000402.png,data/cogar_sim_500_final/rgb/000402.png,3493,2,robot_gripper,172.0,160.0,342.0,69.0,19808.0,partial_occlusion,1,0,1,1,0
403,000402.png,data/cogar_sim_500_final/rgb/000402.png,3494,2,robot_gripper,275.0,161.0,32.0,4.0,86.0,partial_occlusion,1,0,1,1,0
403,000402.png,data/cogar_sim_500_final/rgb/000402.png,3495,2,robot_gripper,365.0,142.0,37.0,26.0,848.0,partial_occlusion,1,0,1,1,0
404,000403.png,data/cogar_sim_500_final/rgb/000403.png,3496,1,table,0.0,0.0,640.0,480.0,243778.0,small_parts,0,0,1,1,0
404,000403.png,data/cogar_sim_500_final/rgb/000403.png,3497,7,connector,370.0,179.0,47.0,37.0,303.0,small_parts,0,0,1,1,0
404,000403.png,data/cogar_sim_500_final/rgb/000403.png,3498,7,connector,331.0,257.0,43.0,69.0,2285.0,small_parts,0,0,1,1,0
404,000403.png,data/cogar_sim_500_final/rgb/000403.png,3499,6,screw,184.0,271.0,16.0,24.0,317.0,small_parts,0,0,1,1,0
404,000403.png,data/cogar_sim_500_final/rgb/000403.png,3500,7,connector,87.0,270.0,99.0,50.0,3716.0,small_parts,0,0,1,1,0
404,000403.png,data/cogar_sim_500_final/rgb/000403.png,3501,5,plastic_object,475.0,301.0,85.0,59.0,3718.0,small_parts,0,0,1,1,0
404,000403.png,data/cogar_sim_500_final/rgb/000403.png,3502,7,connector,384.0,177.0,35.0,50.0,1227.0,small_parts,0,0,1,1,0
404,000403.png,data/cogar_sim_500_final/rgb/000403.png,3503,6,screw,207.0,251.0,29.0,28.0,517.0,small_parts,0,0,1,1,0
404,000403.png,data/cogar_sim_500_final/rgb/000403.png,3504,2,robot_gripper,127.0,59.0,259.0,160.0,19231.0,small_parts,0,0,1,1,0
404,000403.png,data/cogar_sim_500_final/rgb/000403.png,3505,2,robot_gripper,197.0,149.0,49.0,71.0,2430.0,small_parts,0,0,1,1,0
404,000403.png,data/cogar_sim_500_final/rgb/000403.png,3506,2,robot_gripper,275.0,80.0,49.0,178.0,3930.0,small_parts,0,0,1,1,0
405,000404.png,data/cogar_sim_500_final/rgb/000404.png,3507,1,table,0.0,0.0,640.0,480.0,258629.0,dynamic_scene,1,0,0,1,1
405,000404.png,data/cogar_sim_500_final/rgb/000404.png,3508,8,cable,153.0,294.0,102.0,186.0,3897.0,dynamic_scene,1,0,0,1,1
405,000404.png,data/cogar_sim_500_final/rgb/000404.png,3509,5,plastic_object,220.0,133.0,56.0,112.0,5372.0,dynamic_scene,1,0,0,1,1
405,000404.png,data/cogar_sim_500_final/rgb/000404.png,3510,5,plastic_object,264.0,89.0,55.0,74.0,3302.0,dynamic_scene,1,0,0,1,1
405,000404.png,data/cogar_sim_500_final/rgb/000404.png,3511,6,screw,210.0,142.0,13.0,17.0,168.0,dynamic_scene,1,0,0,1,1
405,000404.png,data/cogar_sim_500_final/rgb/000404.png,3512,5,plastic_object,78.0,324.0,103.0,127.0,10384.0,dynamic_scene,1,0,0,1,1
405,000404.png,data/cogar_sim_500_final/rgb/000404.png,3513,3,metal_part,321.0,343.0,171.0,137.0,15834.0,dynamic_scene,1,0,0,1,1
405,000404.png,data/cogar_sim_500_final/rgb/000404.png,3514,9,tool,275.0,146.0,85.0,74.0,2248.0,dynamic_scene,1,0,0,1,1
405,000404.png,data/cogar_sim_500_final/rgb/000404.png,3515,5,plastic_object,337.0,117.0,58.0,80.0,4144.0,dynamic_scene,1,0,0,1,1
406,000405.png,data/cogar_sim_500_final/rgb/000405.png,3516,1,table,0.0,59.0,566.0,421.0,172707.0,reflective_metal,1,0,0,0,0
406,000405.png,data/cogar_sim_500_final/rgb/000405.png,3517,1,table,494.0,0.0,146.0,480.0,55048.0,reflective_metal,1,0,0,0,0
406,000405.png,data/cogar_sim_500_final/rgb/000405.png,3518,10,box,83.0,178.0,158.0,130.0,9976.0,reflective_metal,1,0,0,0,0
406,000405.png,data/cogar_sim_500_final/rgb/000405.png,3519,10,box,146.0,219.0,101.0,141.0,8978.0,reflective_metal,1,0,0,0,0
406,000405.png,data/cogar_sim_500_final/rgb/000405.png,3520,3,metal_part,428.0,275.0,42.0,63.0,1819.0,reflective_metal,1,0,0,0,0
406,000405.png,data/cogar_sim_500_final/rgb/000405.png,3521,9,tool,244.0,185.0,116.0,150.0,6208.0,reflective_metal,1,0,0,0,0
406,000405.png,data/cogar_sim_500_final/rgb/000405.png,3522,10,box,323.0,232.0,118.0,143.0,13089.0,reflective_metal,1,0,0,0,0
406,000405.png,data/cogar_sim_500_final/rgb/000405.png,3523,5,plastic_object,140.0,294.0,55.0,84.0,3642.0,reflective_metal,1,0,0,0,0
407,000406.png,data/cogar_sim_500_final/rgb/000406.png,3524,1,table,0.0,0.0,640.0,480.0,242162.0,transparent_glass,0,1,1,1,0
407,000406.png,data/cogar_sim_500_final/rgb/000406.png,3525,1,table,0.0,0.0,160.0,70.0,5677.0,transparent_glass,0,1,1,1,0
407,000406.png,data/cogar_sim_500_final/rgb/000406.png,3526,4,glass_object,0.0,239.0,102.0,115.0,7954.0,transparent_glass,0,1,1,1,0
407,000406.png,data/cogar_sim_500_final/rgb/000406.png,3527,4,glass_object,205.0,162.0,122.0,123.0,9248.0,transparent_glass,0,1,1,1,0
407,000406.png,data/cogar_sim_500_final/rgb/000406.png,3528,7,connector,512.0,233.0,59.0,96.0,2966.0,transparent_glass,0,1,1,1,0
407,000406.png,data/cogar_sim_500_final/rgb/000406.png,3529,4,glass_object,162.0,100.0,74.0,81.0,2899.0,transparent_glass,0,1,1,1,0
407,000406.png,data/cogar_sim_500_final/rgb/000406.png,3530,4,glass_object,429.0,264.0,123.0,110.0,10444.0,transparent_glass,0,1,1,1,0
407,000406.png,data/cogar_sim_500_final/rgb/000406.png,3531,2,robot_gripper,41.0,91.0,260.0,285.0,22898.0,transparent_glass,0,1,1,1,0
407,000406.png,data/cogar_sim_500_final/rgb/000406.png,3532,2,robot_gripper,65.0,198.0,80.0,66.0,2952.0,transparent_glass,0,1,1,1,0
408,000407.png,data/cogar_sim_500_final/rgb/000407.png,3533,1,table,0.0,0.0,640.0,480.0,191277.0,partial_occlusion,1,1,1,0,0
408,000407.png,data/cogar_sim_500_final/rgb/000407.png,3534,1,table,235.0,0.0,405.0,281.0,54207.0,partial_occlusion,1,1,1,0,0
408,000407.png,data/cogar_sim_500_final/rgb/000407.png,3535,3,metal_part,209.0,197.0,71.0,98.0,2874.0,partial_occlusion,1,1,1,0,0
408,000407.png,data/cogar_sim_500_final/rgb/000407.png,3536,3,metal_part,198.0,257.0,114.0,143.0,7200.0,partial_occlusion,1,1,1,0,0
408,000407.png,data/cogar_sim_500_final/rgb/000407.png,3537,4,glass_object,231.0,321.0,108.0,140.0,13538.0,partial_occlusion,1,1,1,0,0
408,000407.png,data/cogar_sim_500_final/rgb/000407.png,3538,3,metal_part,355.0,189.0,65.0,85.0,2861.0,partial_occlusion,1,1,1,0,0
408,000407.png,data/cogar_sim_500_final/rgb/000407.png,3539,10,box,248.0,175.0,116.0,121.0,10136.0,partial_occlusion,1,1,1,0,0
408,000407.png,data/cogar_sim_500_final/rgb/000407.png,3540,3,metal_part,506.0,237.0,48.0,93.0,2850.0,partial_occlusion,1,1,1,0,0
408,000407.png,data/cogar_sim_500_final/rgb/000407.png,3541,2,robot_gripper,227.0,69.0,257.0,125.0,18497.0,partial_occlusion,1,1,1,0,0
408,000407.png,data/cogar_sim_500_final/rgb/000407.png,3542,2,robot_gripper,320.0,69.0,40.0,123.0,1431.0,partial_occlusion,1,1,1,0,0
408,000407.png,data/cogar_sim_500_final/rgb/000407.png,3543,2,robot_gripper,374.0,173.0,41.0,74.0,2329.0,partial_occlusion,1,1,1,0,0
409,000408.png,data/cogar_sim_500_final/rgb/000408.png,3544,1,table,0.0,0.0,640.0,480.0,205861.0,small_parts,1,0,0,1,0
409,000408.png,data/cogar_sim_500_final/rgb/000408.png,3545,1,table,497.0,0.0,143.0,357.0,24648.0,small_parts,1,0,0,1,0
409,000408.png,data/cogar_sim_500_final/rgb/000408.png,3546,3,metal_part,234.0,60.0,63.0,52.0,1013.0,small_parts,1,0,0,1,0
409,000408.png,data/cogar_sim_500_final/rgb/000408.png,3547,7,connector,385.0,154.0,32.0,65.0,1846.0,small_parts,1,0,0,1,0
409,000408.png,data/cogar_sim_500_final/rgb/000408.png,3548,8,cable,216.0,191.0,373.0,119.0,6743.0,small_parts,1,0,0,1,0
409,000408.png,data/cogar_sim_500_final/rgb/000408.png,3549,7,connector,295.0,405.0,67.0,75.0,3019.0,small_parts,1,0,0,1,0
409,000408.png,data/cogar_sim_500_final/rgb/000408.png,3550,10,box,175.0,0.0,121.0,128.0,13009.0,small_parts,1,0,0,1,0
409,000408.png,data/cogar_sim_500_final/rgb/000408.png,3551,10,box,431.0,288.0,209.0,190.0,20858.0,small_parts,1,0,0,1,0
409,000408.png,data/cogar_sim_500_final/rgb/000408.png,3552,7,connector,424.0,177.0,46.0,49.0,1332.0,small_parts,1,0,0,1,0
409,000408.png,data/cogar_sim_500_final/rgb/000408.png,3553,8,cable,126.0,181.0,135.0,121.0,2366.0,small_parts,1,0,0,1,0
409,000408.png,data/cogar_sim_500_final/rgb/000408.png,3554,10,box,389.0,63.0,181.0,135.0,15960.0,small_parts,1,0,0,1,0
409,000408.png,data/cogar_sim_500_final/rgb/000408.png,3555,6,screw,232.0,358.0,32.0,16.0,461.0,small_parts,1,0,0,1,0
409,000408.png,data/cogar_sim_500_final/rgb/000408.png,3556,8,cable,91.0,228.0,266.0,24.0,2948.0,small_parts,1,0,0,1,0
409,000408.png,data/cogar_sim_500_final/rgb/000408.png,3557,8,cable,207.0,446.0,433.0,34.0,7136.0,small_parts,1,0,0,1,0
410,000409.png,data/cogar_sim_500_final/rgb/000409.png,3558,1,table,0.0,396.0,221.0,84.0,9378.0,dynamic_scene,1,1,1,0,1
410,000409.png,data/cogar_sim_500_final/rgb/000409.png,3559,1,table,0.0,0.0,640.0,480.0,297822.0,dynamic_scene,1,1,1,0,1
411,000410.png,data/cogar_sim_500_final/rgb/000410.png,3560,1,table,0.0,0.0,640.0,480.0,247184.0,reflective_metal,1,0,1,0,0
411,000410.png,data/cogar_sim_500_final/rgb/000410.png,3561,1,table,0.0,277.0,251.0,203.0,25569.0,reflective_metal,1,0,1,0,0
411,000410.png,data/cogar_sim_500_final/rgb/000410.png,3562,9,tool,247.0,112.0,197.0,159.0,4190.0,reflective_metal,1,0,1,0,0
411,000410.png,data/cogar_sim_500_final/rgb/000410.png,3563,3,metal_part,229.0,235.0,85.0,76.0,3651.0,reflective_metal,1,0,1,0,0
411,000410.png,data/cogar_sim_500_final/rgb/000410.png,3564,9,tool,254.0,124.0,217.0,64.0,3220.0,reflective_metal,1,0,1,0,0
411,000410.png,data/cogar_sim_500_final/rgb/000410.png,3565,3,metal_part,444.0,266.0,30.0,71.0,1568.0,reflective_metal,1,0,1,0,0
411,000410.png,data/cogar_sim_500_final/rgb/000410.png,3566,3,metal_part,153.0,135.0,67.0,97.0,5089.0,reflective_metal,1,0,1,0,0
411,000410.png,data/cogar_sim_500_final/rgb/000410.png,3567,2,robot_gripper,174.0,104.0,281.0,218.0,14968.0,reflective_metal,1,0,1,0,0
411,000410.png,data/cogar_sim_500_final/rgb/000410.png,3568,2,robot_gripper,313.0,235.0,49.0,51.0,1274.0,reflective_metal,1,0,1,0,0
411,000410.png,data/cogar_sim_500_final/rgb/000410.png,3569,2,robot_gripper,241.0,198.0,38.0,31.0,487.0,reflective_metal,1,0,1,0,0
412,000411.png,data/cogar_sim_500_final/rgb/000411.png,3570,1,table,0.0,66.0,640.0,414.0,188089.0,transparent_glass,0,1,0,1,0
412,000411.png,data/cogar_sim_500_final/rgb/000411.png,3571,7,connector,502.0,237.0,58.0,63.0,2881.0,transparent_glass,0,1,0,1,0
412,000411.png,data/cogar_sim_500_final/rgb/000411.png,3572,8,cable,72.0,218.0,218.0,262.0,5679.0,transparent_glass,0,1,0,1,0
412,000411.png,data/cogar_sim_500_final/rgb/000411.png,3573,10,box,319.0,120.0,118.0,116.0,9457.0,transparent_glass,0,1,0,1,0
412,000411.png,data/cogar_sim_500_final/rgb/000411.png,3574,4,glass_object,525.0,86.0,106.0,189.0,15250.0,transparent_glass,0,1,0,1,0
412,000411.png,data/cogar_sim_500_final/rgb/000411.png,3575,10,box,111.0,187.0,155.0,129.0,16760.0,transparent_glass,0,1,0,1,0
412,000411.png,data/cogar_sim_500_final/rgb/000411.png,3576,8,cable,185.0,178.0,203.0,43.0,1967.0,transparent_glass,0,1,0,1,0
412,000411.png,data/cogar_sim_500_final/rgb/000411.png,3577,4,glass_object,196.0,44.0,67.0,152.0,8740.0,transparent_glass,0,1,0,1,0
412,000411.png,data/cogar_sim_500_final/rgb/000411.png,3578,4,glass_object,431.0,78.0,82.0,165.0,11537.0,transparent_glass,0,1,0,1,0
413,000412.png,data/cogar_sim_500_final/rgb/000412.png,3579,1,table,0.0,0.0,640.0,480.0,219589.0,partial_occlusion,0,1,1,1,0
413,000412.png,data/cogar_sim_500_final/rgb/000412.png,3580,8,cable,0.0,294.0,89.0,26.0,1090.0,partial_occlusion,0,1,1,1,0
413,000412.png,data/cogar_sim_500_final/rgb/000412.png,3581,7,connector,254.0,232.0,57.0,37.0,1556.0,partial_occlusion,0,1,1,1,0
413,000412.png,data/cogar_sim_500_final/rgb/000412.png,3582,10,box,182.0,116.0,81.0,37.0,1359.0,partial_occlusion,0,1,1,1,0
413,000412.png,data/cogar_sim_500_final/rgb/000412.png,3583,4,glass_object,56.0,118.0,168.0,252.0,23542.0,partial_occlusion,0,1,1,1,0
413,000412.png,data/cogar_sim_500_final/rgb/000412.png,3584,4,glass_object,344.0,270.0,125.0,161.0,16615.0,partial_occlusion,0,1,1,1,0
413,000412.png,data/cogar_sim_500_final/rgb/000412.png,3585,8,cable,0.0,305.0,347.0,75.0,3827.0,partial_occlusion,0,1,1,1,0
413,000412.png,data/cogar_sim_500_final/rgb/000412.png,3586,2,robot_gripper,140.0,128.0,297.0,125.0,20417.0,partial_occlusion,0,1,1,1,0
413,000412.png,data/cogar_sim_500_final/rgb/000412.png,3587,2,robot_gripper,315.0,169.0,49.0,172.0,6639.0,partial_occlusion,0,1,1,1,0
413,000412.png,data/cogar_sim_500_final/rgb/000412.png,3588,2,robot_gripper,204.0,141.0,55.0,193.0,4906.0,partial_occlusion,0,1,1,1,0
414,000413.png,data/cogar_sim_500_final/rgb/000413.png,3589,1,table,0.0,32.0,640.0,448.0,266294.0,small_parts,0,0,0,1,0
414,000413.png,data/cogar_sim_500_final/rgb/000413.png,3590,5,plastic_object,323.0,144.0,34.0,35.0,912.0,small_parts,0,0,0,1,0
414,000413.png,data/cogar_sim_500_final/rgb/000413.png,3591,6,screw,552.0,280.0,18.0,21.0,260.0,small_parts,0,0,0,1,0
414,000413.png,data/cogar_sim_500_final/rgb/000413.png,3592,6,screw,558.0,342.0,34.0,30.0,509.0,small_parts,0,0,0,1,0
414,000413.png,data/cogar_sim_500_final/rgb/000413.png,3593,8,cable,46.0,236.0,131.0,51.0,1697.0,small_parts,0,0,0,1,0
414,000413.png,data/cogar_sim_500_final/rgb/000413.png,3594,7,connector,441.0,222.0,32.0,46.0,993.0,small_parts,0,0,0,1,0
414,000413.png,data/cogar_sim_500_final/rgb/000413.png,3595,7,connector,175.0,219.0,52.0,38.0,1757.0,small_parts,0,0,0,1,0
414,000413.png,data/cogar_sim_500_final/rgb/000413.png,3596,7,connector,505.0,149.0,69.0,49.0,2154.0,small_parts,0,0,0,1,0
414,000413.png,data/cogar_sim_500_final/rgb/000413.png,3597,7,connector,366.0,257.0,49.0,45.0,1578.0,small_parts,0,0,0,1,0
414,000413.png,data/cogar_sim_500_final/rgb/000413.png,3598,5,plastic_object,270.0,276.0,60.0,81.0,4173.0,small_parts,0,0,0,1,0
414,000413.png,data/cogar_sim_500_final/rgb/000413.png,3599,6,screw,194.0,251.0,21.0,15.0,222.0,small_parts,0,0,0,1,0
414,000413.png,data/cogar_sim_500_final/rgb/000413.png,3600,6,screw,496.0,253.0,23.0,23.0,249.0,small_parts,0,0,0,1,0
414,000413.png,data/cogar_sim_500_final/rgb/000413.png,3601,6,screw,320.0,340.0,15.0,23.0,205.0,small_parts,0,0,0,1,0
414,000413.png,data/cogar_sim_500_final/rgb/000413.png,3602,6,screw,427.0,167.0,11.0,18.0,164.0,small_parts,0,0,0,1,0
415,000414.png,data/cogar_sim_500_final/rgb/000414.png,3603,1,table,0.0,0.0,640.0,480.0,208426.0,dynamic_scene,1,1,1,1,1
415,000414.png,data/cogar_sim_500_final/rgb/000414.png,3604,1,table,0.0,0.0,589.0,225.0,54011.0,dynamic_scene,1,1,1,1,1
415,000414.png,data/cogar_sim_500_final/rgb/000414.png,3605,7,connector,322.0,272.0,43.0,29.0,1162.0,dynamic_scene,1,1,1,1,1
415,000414.png,data/cogar_sim_500_final/rgb/000414.png,3606,9,tool,325.0,160.0,60.0,18.0,550.0,dynamic_scene,1,1,1,1,1
415,000414.png,data/cogar_sim_500_final/rgb/000414.png,3607,5,plastic_object,442.0,141.0,68.0,71.0,3938.0,dynamic_scene,1,1,1,1,1
415,000414.png,data/cogar_sim_500_final/rgb/000414.png,3608,4,glass_object,321.0,18.0,78.0,129.0,5783.0,dynamic_scene,1,1,1,1,1
415,000414.png,data/cogar_sim_500_final/rgb/000414.png,3609,5,plastic_object,121.0,337.0,62.0,69.0,3327.0,dynamic_scene,1,1,1,1,1
415,000414.png,data/cogar_sim_500_final/rgb/000414.png,3610,5,plastic_object,0.0,233.0,73.0,82.0,4471.0,dynamic_scene,1,1,1,1,1
415,000414.png,data/cogar_sim_500_final/rgb/000414.png,3611,2,robot_gripper,79.0,91.0,312.0,120.0,21304.0,dynamic_scene,1,1,1,1,1
415,000414.png,data/cogar_sim_500_final/rgb/000414.png,3612,2,robot_gripper,168.0,112.0,49.0,150.0,2927.0,dynamic_scene,1,1,1,1,1
415,000414.png,data/cogar_sim_500_final/rgb/000414.png,3613,2,robot_gripper,248.0,100.0,39.0,117.0,1282.0,dynamic_scene,1,1,1,1,1
416,000415.png,data/cogar_sim_500_final/rgb/000415.png,3614,1,table,0.0,0.0,640.0,480.0,258594.0,reflective_metal,1,0,0,0,0
416,000415.png,data/cogar_sim_500_final/rgb/000415.png,3615,1,table,550.0,0.0,90.0,368.0,16593.0,reflective_metal,1,0,0,0,0
416,000415.png,data/cogar_sim_500_final/rgb/000415.png,3616,3,metal_part,383.0,183.0,77.0,76.0,4494.0,reflective_metal,1,0,0,0,0
416,000415.png,data/cogar_sim_500_final/rgb/000415.png,3617,8,cable,19.0,84.0,362.0,335.0,6201.0,reflective_metal,1,0,0,0,0
416,000415.png,data/cogar_sim_500_final/rgb/000415.png,3618,3,metal_part,154.0,128.0,82.0,81.0,5171.0,reflective_metal,1,0,0,0,0
416,000415.png,data/cogar_sim_500_final/rgb/000415.png,3619,3,metal_part,397.0,80.0,89.0,85.0,3436.0,reflective_metal,1,0,0,0,0
416,000415.png,data/cogar_sim_500_final/rgb/000415.png,3620,3,metal_part,432.0,270.0,60.0,60.0,2679.0,reflective_metal,1,0,0,0,0
416,000415.png,data/cogar_sim_500_final/rgb/000415.png,3621,9,tool,87.0,270.0,347.0,155.0,8842.0,reflective_metal,1,0,0,0,0
416,000415.png,data/cogar_sim_500_final/rgb/000415.png,3622,3,metal_part,368.0,455.0,65.0,25.0,1190.0,reflective_metal,1,0,0,0,0
417,000416.png,data/cogar_sim_500_final/rgb/000416.png,3623,1,table,0.0,135.0,640.0,345.0,141547.0,transparent_glass,0,1,0,0,0
417,000416.png,data/cogar_sim_500_final/rgb/000416.png,3624,1,table,0.0,0.0,640.0,202.0,94252.0,transparent_glass,0,1,0,0,0
417,000416.png,data/cogar_sim_500_final/rgb/000416.png,3625,4,glass_object,444.0,105.0,70.0,171.0,8896.0,transparent_glass,0,1,0,0,0
417,000416.png,data/cogar_sim_500_final/rgb/000416.png,3626,4,glass_object,216.0,194.0,59.0,194.0,5928.0,transparent_glass,0,1,0,0,0
417,000416.png,data/cogar_sim_500_final/rgb/000416.png,3627,4,glass_object,43.0,115.0,89.0,141.0,8256.0,transparent_glass,0,1,0,0,0
417,000416.png,data/cogar_sim_500_final/rgb/000416.png,3628,4,glass_object,248.0,213.0,91.0,202.0,16380.0,transparent_glass,0,1,0,0,0
417,000416.png,data/cogar_sim_500_final/rgb/000416.png,3629,4,glass_object,300.0,205.0,85.0,154.0,6369.0,transparent_glass,0,1,0,0,0
417,000416.png,data/cogar_sim_500_final/rgb/000416.png,3630,5,plastic_object,536.0,246.0,96.0,86.0,5335.0,transparent_glass,0,1,0,0,0
417,000416.png,data/cogar_sim_500_final/rgb/000416.png,3631,4,glass_object,105.0,161.0,86.0,131.0,9275.0,transparent_glass,0,1,0,0,0
417,000416.png,data/cogar_sim_500_final/rgb/000416.png,3632,5,plastic_object,485.0,230.0,60.0,102.0,4807.0,transparent_glass,0,1,0,0,0
417,000416.png,data/cogar_sim_500_final/rgb/000416.png,3633,4,glass_object,410.0,64.0,64.0,148.0,6155.0,transparent_glass,0,1,0,0,0
418,000417.png,data/cogar_sim_500_final/rgb/000417.png,3634,1,table,0.0,0.0,640.0,480.0,224750.0,partial_occlusion,1,0,1,1,0
418,000417.png,data/cogar_sim_500_final/rgb/000417.png,3635,1,table,537.0,0.0,103.0,49.0,2595.0,partial_occlusion,1,0,1,1,0
418,000417.png,data/cogar_sim_500_final/rgb/000417.png,3636,10,box,15.0,153.0,221.0,229.0,23842.0,partial_occlusion,1,0,1,1,0
418,000417.png,data/cogar_sim_500_final/rgb/000417.png,3637,5,plastic_object,220.0,113.0,97.0,108.0,5051.0,partial_occlusion,1,0,1,1,0
418,000417.png,data/cogar_sim_500_final/rgb/000417.png,3638,3,metal_part,0.0,150.0,58.0,138.0,5143.0,partial_occlusion,1,0,1,1,0
418,000417.png,data/cogar_sim_500_final/rgb/000417.png,3639,3,metal_part,319.0,269.0,70.0,127.0,2788.0,partial_occlusion,1,0,1,1,0
418,000417.png,data/cogar_sim_500_final/rgb/000417.png,3640,7,connector,388.0,339.0,51.0,45.0,1410.0,partial_occlusion,1,0,1,1,0
418,000417.png,data/cogar_sim_500_final/rgb/000417.png,3641,5,plastic_object,222.0,349.0,89.0,30.0,2148.0,partial_occlusion,1,0,1,1,0
418,000417.png,data/cogar_sim_500_final/rgb/000417.png,3642,5,plastic_object,451.0,328.0,121.0,111.0,7522.0,partial_occlusion,1,0,1,1,0
418,000417.png,data/cogar_sim_500_final/rgb/000417.png,3643,2,robot_gripper,151.0,255.0,421.0,108.0,26942.0,partial_occlusion,1,0,1,1,0
418,000417.png,data/cogar_sim_500_final/rgb/000417.png,3644,2,robot_gripper,291.0,222.0,48.0,59.0,2406.0,partial_occlusion,1,0,1,1,0
418,000417.png,data/cogar_sim_500_final/rgb/000417.png,3645,2,robot_gripper,411.0,281.0,51.0,60.0,2603.0,partial_occlusion,1,0,1,1,0
419,000418.png,data/cogar_sim_500_final/rgb/000418.png,3646,1,table,0.0,112.0,640.0,368.0,172039.0,small_parts,1,0,0,1,0
419,000418.png,data/cogar_sim_500_final/rgb/000418.png,3647,1,table,0.0,0.0,340.0,334.0,75532.0,small_parts,1,0,0,1,0
419,000418.png,data/cogar_sim_500_final/rgb/000418.png,3648,6,screw,275.0,224.0,9.0,9.0,76.0,small_parts,1,0,0,1,0
419,000418.png,data/cogar_sim_500_final/rgb/000418.png,3649,6,screw,426.0,292.0,14.0,19.0,238.0,small_parts,1,0,0,1,0
419,000418.png,data/cogar_sim_500_final/rgb/000418.png,3650,6,screw,131.0,292.0,22.0,18.0,297.0,small_parts,1,0,0,1,0
419,000418.png,data/cogar_sim_500_final/rgb/000418.png,3651,7,connector,129.0,319.0,77.0,72.0,4037.0,small_parts,1,0,0,1,0
419,000418.png,data/cogar_sim_500_final/rgb/000418.png,3652,6,screw,226.0,222.0,20.0,4.0,50.0,small_parts,1,0,0,1,0
419,000418.png,data/cogar_sim_500_final/rgb/000418.png,3653,7,connector,309.0,202.0,45.0,28.0,1018.0,small_parts,1,0,0,1,0
419,000418.png,data/cogar_sim_500_final/rgb/000418.png,3654,6,screw,309.0,389.0,26.0,29.0,545.0,small_parts,1,0,0,1,0
419,000418.png,data/cogar_sim_500_final/rgb/000418.png,3655,7,connector,267.0,189.0,32.0,26.0,668.0,small_parts,1,0,0,1,0
419,000418.png,data/cogar_sim_500_final/rgb/000418.png,3656,3,metal_part,359.0,255.0,16.0,47.0,487.0,small_parts,1,0,0,1,0
419,000418.png,data/cogar_sim_500_final/rgb/000418.png,3657,5,plastic_object,203.0,224.0,76.0,66.0,3614.0,small_parts,1,0,0,1,0
419,000418.png,data/cogar_sim_500_final/rgb/000418.png,3658,3,metal_part,260.0,229.0,103.0,100.0,9247.0,small_parts,1,0,0,1,0
419,000418.png,data/cogar_sim_500_final/rgb/000418.png,3659,7,connector,354.0,198.0,50.0,22.0,1033.0,small_parts,1,0,0,1,0
419,000418.png,data/cogar_sim_500_final/rgb/000418.png,3660,7,connector,418.0,206.0,43.0,35.0,1134.0,small_parts,1,0,0,1,0
420,000419.png,data/cogar_sim_500_final/rgb/000419.png,3661,1,table,0.0,0.0,640.0,480.0,258014.0,dynamic_scene,1,0,1,0,1
420,000419.png,data/cogar_sim_500_final/rgb/000419.png,3662,5,plastic_object,312.0,431.0,95.0,49.0,3576.0,dynamic_scene,1,0,1,0,1
420,000419.png,data/cogar_sim_500_final/rgb/000419.png,3663,5,plastic_object,192.0,102.0,62.0,100.0,3225.0,dynamic_scene,1,0,1,0,1
420,000419.png,data/cogar_sim_500_final/rgb/000419.png,3664,5,plastic_object,203.0,194.0,48.0,84.0,3280.0,dynamic_scene,1,0,1,0,1
420,000419.png,data/cogar_sim_500_final/rgb/000419.png,3665,3,metal_part,284.0,324.0,160.0,151.0,15073.0,dynamic_scene,1,0,1,0,1
420,000419.png,data/cogar_sim_500_final/rgb/000419.png,3666,5,plastic_object,425.0,223.0,57.0,87.0,3961.0,dynamic_scene,1,0,1,0,1
420,000419.png,data/cogar_sim_500_final/rgb/000419.png,3667,2,robot_gripper,221.0,16.0,204.0,179.0,16484.0,dynamic_scene,1,0,1,0,1
420,000419.png,data/cogar_sim_500_final/rgb/000419.png,3668,2,robot_gripper,273.0,152.0,48.0,75.0,2321.0,dynamic_scene,1,0,1,0,1
420,000419.png,data/cogar_sim_500_final/rgb/000419.png,3669,2,robot_gripper,294.0,47.0,46.0,117.0,735.0,dynamic_scene,1,0,1,0,1
421,000420.png,data/cogar_sim_500_final/rgb/000420.png,3670,1,table,369.0,291.0,271.0,189.0,25647.0,reflective_metal,1,0,0,1,0
421,000420.png,data/cogar_sim_500_final/rgb/000420.png,3671,1,table,0.0,0.0,640.0,480.0,281449.0,reflective_metal,1,0,0,1,0
422,000421.png,data/cogar_sim_500_final/rgb/000421.png,3672,1,table,0.0,0.0,640.0,480.0,263818.0,transparent_glass,0,1,1,0,0
422,000421.png,data/cogar_sim_500_final/rgb/000421.png,3673,1,table,318.0,415.0,322.0,65.0,10544.0,transparent_glass,0,1,1,0,0
422,000421.png,data/cogar_sim_500_final/rgb/000421.png,3674,8,cable,347.0,193.0,293.0,131.0,3588.0,transparent_glass,0,1,1,0,0
422,000421.png,data/cogar_sim_500_final/rgb/000421.png,3675,5,plastic_object,538.0,218.0,53.0,64.0,2993.0,transparent_glass,0,1,1,0,0
422,000421.png,data/cogar_sim_500_final/rgb/000421.png,3676,5,plastic_object,258.0,331.0,93.0,76.0,4630.0,transparent_glass,0,1,1,0,0
422,000421.png,data/cogar_sim_500_final/rgb/000421.png,3677,5,plastic_object,184.0,270.0,23.0,17.0,90.0,transparent_glass,0,1,1,0,0
422,000421.png,data/cogar_sim_500_final/rgb/000421.png,3678,4,glass_object,153.0,388.0,106.0,79.0,7134.0,transparent_glass,0,1,1,0,0
422,000421.png,data/cogar_sim_500_final/rgb/000421.png,3679,4,glass_object,252.0,174.0,99.0,78.0,1387.0,transparent_glass,0,1,1,0,0
422,000421.png,data/cogar_sim_500_final/rgb/000421.png,3680,2,robot_gripper,150.0,161.0,220.0,193.0,11907.0,transparent_glass,0,1,1,0,0
422,000421.png,data/cogar_sim_500_final/rgb/000421.png,3681,2,robot_gripper,285.0,245.0,45.0,47.0,1109.0,transparent_glass,0,1,1,0,0
423,000422.png,data/cogar_sim_500_final/rgb/000422.png,3682,1,table,0.0,107.0,640.0,373.0,182934.0,partial_occlusion,1,0,1,1,0
423,000422.png,data/cogar_sim_500_final/rgb/000422.png,3683,1,table,0.0,0.0,640.0,196.0,96694.0,partial_occlusion,1,0,1,1,0
423,000422.png,data/cogar_sim_500_final/rgb/000422.png,3684,3,metal_part,432.0,173.0,45.0,78.0,944.0,partial_occlusion,1,0,1,1,0
423,000422.png,data/cogar_sim_500_final/rgb/000422.png,3685,6,screw,469.0,175.0,15.0,14.0,133.0,partial_occlusion,1,0,1,1,0
423,000422.png,data/cogar_sim_500_final/rgb/000422.png,3686,10,box,304.0,235.0,79.0,115.0,8625.0,partial_occlusion,1,0,1,1,0
423,000422.png,data/cogar_sim_500_final/rgb/000422.png,3687,3,metal_part,354.0,140.0,39.0,28.0,713.0,partial_occlusion,1,0,1,1,0
423,000422.png,data/cogar_sim_500_final/rgb/000422.png,3688,2,robot_gripper,243.0,151.0,221.0,98.0,12544.0,partial_occlusion,1,0,1,1,0
423,000422.png,data/cogar_sim_500_final/rgb/000422.png,3689,2,robot_gripper,285.0,147.0,39.0,147.0,3780.0,partial_occlusion,1,0,1,1,0
423,000422.png,data/cogar_sim_500_final/rgb/000422.png,3690,2,robot_gripper,367.0,161.0,37.0,117.0,833.0,partial_occlusion,1,0,1,1,0
424,000423.png,data/cogar_sim_500_final/rgb/000423.png,3691,1,table,0.0,46.0,640.0,434.0,212337.0,small_parts,1,0,1,1,0
424,000423.png,data/cogar_sim_500_final/rgb/000423.png,3692,6,screw,199.0,383.0,23.0,21.0,247.0,small_parts,1,0,1,1,0
424,000423.png,data/cogar_sim_500_final/rgb/000423.png,3693,6,screw,285.0,320.0,17.0,21.0,265.0,small_parts,1,0,1,1,0
424,000423.png,data/cogar_sim_500_final/rgb/000423.png,3694,8,cable,180.0,189.0,181.0,68.0,2190.0,small_parts,1,0,1,1,0
424,000423.png,data/cogar_sim_500_final/rgb/000423.png,3695,7,connector,486.0,262.0,41.0,51.0,1457.0,small_parts,1,0,1,1,0
424,000423.png,data/cogar_sim_500_final/rgb/000423.png,3696,7,connector,374.0,182.0,56.0,33.0,491.0,small_parts,1,0,1,1,0
424,000423.png,data/cogar_sim_500_final/rgb/000423.png,3697,6,screw,194.0,395.0,22.0,33.0,433.0,small_parts,1,0,1,1,0
424,000423.png,data/cogar_sim_500_final/rgb/000423.png,3698,3,metal_part,389.0,289.0,80.0,91.0,6542.0,small_parts,1,0,1,1,0
424,000423.png,data/cogar_sim_500_final/rgb/000423.png,3699,3,metal_part,312.0,252.0,85.0,72.0,3619.0,small_parts,1,0,1,1,0
424,000423.png,data/cogar_sim_500_final/rgb/000423.png,3700,2,robot_gripper,299.0,107.0,161.0,96.0,9222.0,small_parts,1,0,1,1,0
424,000423.png,data/cogar_sim_500_final/rgb/000423.png,3701,2,robot_gripper,320.0,191.0,38.0,51.0,1484.0,small_parts,1,0,1,1,0
424,000423.png,data/cogar_sim_500_final/rgb/000423.png,3702,2,robot_gripper,377.0,106.0,42.0,129.0,2346.0,small_parts,1,0,1,1,0
425,000424.png,data/cogar_sim_500_final/rgb/000424.png,3703,1,table,0.0,118.0,640.0,362.0,136021.0,dynamic_scene,1,0,1,0,1
425,000424.png,data/cogar_sim_500_final/rgb/000424.png,3704,1,table,0.0,0.0,640.0,195.0,85652.0,dynamic_scene,1,0,1,0,1
425,000424.png,data/cogar_sim_500_final/rgb/000424.png,3705,10,box,6.0,147.0,88.0,86.0,2607.0,dynamic_scene,1,0,1,0,1
425,000424.png,data/cogar_sim_500_final/rgb/000424.png,3706,5,plastic_object,431.0,268.0,99.0,156.0,12743.0,dynamic_scene,1,0,1,0,1
425,000424.png,data/cogar_sim_500_final/rgb/000424.png,3707,5,plastic_object,430.0,204.0,133.0,160.0,10635.0,dynamic_scene,1,0,1,0,1
425,000424.png,data/cogar_sim_500_final/rgb/000424.png,3708,10,box,0.0,160.0,119.0,130.0,11716.0,dynamic_scene,1,0,1,0,1
425,000424.png,data/cogar_sim_500_final/rgb/000424.png,3709,5,plastic_object,122.0,229.0,94.0,92.0,6569.0,dynamic_scene,1,0,1,0,1
425,000424.png,data/cogar_sim_500_final/rgb/000424.png,3710,3,metal_part,236.0,163.0,108.0,115.0,573.0,dynamic_scene,1,0,1,0,1
425,000424.png,data/cogar_sim_500_final/rgb/000424.png,3711,3,metal_part,243.0,187.0,167.0,127.0,15808.0,dynamic_scene,1,0,1,0,1
425,000424.png,data/cogar_sim_500_final/rgb/000424.png,3712,2,robot_gripper,104.0,58.0,239.0,152.0,19110.0,dynamic_scene,1,0,1,0,1
425,000424.png,data/cogar_sim_500_final/rgb/000424.png,3713,2,robot_gripper,154.0,140.0,56.0,94.0,3841.0,dynamic_scene,1,0,1,0,1
425,000424.png,data/cogar_sim_500_final/rgb/000424.png,3714,2,robot_gripper,240.0,71.0,54.0,169.0,1925.0,dynamic_scene,1,0,1,0,1
426,000425.png,data/cogar_sim_500_final/rgb/000425.png,3715,1,table,0.0,289.0,184.0,191.0,17608.0,reflective_metal,1,0,0,0,0
426,000425.png,data/cogar_sim_500_final/rgb/000425.png,3716,1,table,0.0,0.0,640.0,480.0,279661.0,reflective_metal,1,0,0,0,0
427,000426.png,data/cogar_sim_500_final/rgb/000426.png,3717,1,table,0.0,0.0,640.0,480.0,177201.0,transparent_glass,0,1,1,0,0
427,000426.png,data/cogar_sim_500_final/rgb/000426.png,3718,1,table,0.0,0.0,317.0,328.0,50917.0,transparent_glass,0,1,1,0,0
427,000426.png,data/cogar_sim_500_final/rgb/000426.png,3719,10,box,124.0,155.0,102.0,135.0,4958.0,transparent_glass,0,1,1,0,0
427,000426.png,data/cogar_sim_500_final/rgb/000426.png,3720,4,glass_object,277.0,141.0,44.0,123.0,4693.0,transparent_glass,0,1,1,0,0
427,000426.png,data/cogar_sim_500_final/rgb/000426.png,3721,4,glass_object,61.0,194.0,164.0,172.0,16360.0,transparent_glass,0,1,1,0,0
427,000426.png,data/cogar_sim_500_final/rgb/000426.png,3722,4,glass_object,469.0,130.0,91.0,139.0,9464.0,transparent_glass,0,1,1,0,0
427,000426.png,data/cogar_sim_500_final/rgb/000426.png,3723,4,glass_object,249.0,85.0,80.0,126.0,5619.0,transparent_glass,0,1,1,0,0
427,000426.png,data/cogar_sim_500_final/rgb/000426.png,3724,4,glass_object,58.0,306.0,145.0,174.0,18012.0,transparent_glass,0,1,1,0,0
427,000426.png,data/cogar_sim_500_final/rgb/000426.png,3725,2,robot_gripper,351.0,15.0,63.0,263.0,14062.0,transparent_glass,0,1,1,0,0
427,000426.png,data/cogar_sim_500_final/rgb/000426.png,3726,2,robot_gripper,321.0,102.0,44.0,169.0,5914.0,transparent_glass,0,1,1,0,0
428,000427.png,data/cogar_sim_500_final/rgb/000427.png,3727,1,table,0.0,83.0,640.0,397.0,154334.0,partial_occlusion,1,1,1,1,0
428,000427.png,data/cogar_sim_500_final/rgb/000427.png,3728,1,table,0.0,0.0,640.0,229.0,88168.0,partial_occlusion,1,1,1,1,0
428,000427.png,data/cogar_sim_500_final/rgb/000427.png,3729,4,glass_object,409.0,144.0,132.0,224.0,23892.0,partial_occlusion,1,1,1,1,0
428,000427.png,data/cogar_sim_500_final/rgb/000427.png,3730,9,tool,525.0,203.0,56.0,95.0,2206.0,partial_occlusion,1,1,1,1,0
428,000427.png,data/cogar_sim_500_final/rgb/000427.png,3731,6,screw,118.0,276.0,25.0,16.0,279.0,partial_occlusion,1,1,1,1,0
428,000427.png,data/cogar_sim_500_final/rgb/000427.png,3732,5,plastic_object,310.0,192.0,14.0,10.0,75.0,partial_occlusion,1,1,1,1,0
428,000427.png,data/cogar_sim_500_final/rgb/000427.png,3733,8,cable,424.0,347.0,29.0,25.0,426.0,partial_occlusion,1,1,1,1,0
428,000427.png,data/cogar_sim_500_final/rgb/000427.png,3734,4,glass_object,148.0,186.0,86.0,174.0,11711.0,partial_occlusion,1,1,1,1,0
428,000427.png,data/cogar_sim_500_final/rgb/000427.png,3735,2,robot_gripper,174.0,91.0,271.0,137.0,19921.0,partial_occlusion,1,1,1,1,0
428,000427.png,data/cogar_sim_500_final/rgb/000427.png,3736,2,robot_gripper,235.0,115.0,53.0,170.0,3852.0,partial_occlusion,1,1,1,1,0
428,000427.png,data/cogar_sim_500_final/rgb/000427.png,3737,2,robot_gripper,324.0,179.0,47.0,63.0,2336.0,partial_occlusion,1,1,1,1,0
429,000428.png,data/cogar_sim_500_final/rgb/000428.png,3738,1,table,0.0,213.0,145.0,267.0,19463.0,small_parts,1,0,1,1,0
429,000428.png,data/cogar_sim_500_final/rgb/000428.png,3739,1,table,0.0,0.0,640.0,480.0,277320.0,small_parts,1,0,1,1,0
430,000429.png,data/cogar_sim_500_final/rgb/000429.png,3740,1,table,0.0,0.0,628.0,480.0,198918.0,dynamic_scene,1,0,1,0,1
430,000429.png,data/cogar_sim_500_final/rgb/000429.png,3741,1,table,461.0,0.0,179.0,480.0,45880.0,dynamic_scene,1,0,1,0,1
430,000429.png,data/cogar_sim_500_final/rgb/000429.png,3742,5,plastic_object,358.0,48.0,60.0,87.0,4538.0,dynamic_scene,1,0,1,0,1
430,000429.png,data/cogar_sim_500_final/rgb/000429.png,3743,3,metal_part,160.0,53.0,108.0,99.0,3853.0,dynamic_scene,1,0,1,0,1
430,000429.png,data/cogar_sim_500_final/rgb/000429.png,3744,5,plastic_object,84.0,280.0,20.0,48.0,450.0,dynamic_scene,1,0,1,0,1
430,000429.png,data/cogar_sim_500_final/rgb/000429.png,3745,10,box,88.0,194.0,150.0,158.0,18990.0,dynamic_scene,1,0,1,0,1
430,000429.png,data/cogar_sim_500_final/rgb/000429.png,3746,10,box,239.0,174.0,125.0,164.0,14495.0,dynamic_scene,1,0,1,0,1
430,000429.png,data/cogar_sim_500_final/rgb/000429.png,3747,8,cable,162.0,219.0,362.0,192.0,5245.0,dynamic_scene,1,0,1,0,1
430,000429.png,data/cogar_sim_500_final/rgb/000429.png,3748,2,robot_gripper,146.0,63.0,161.0,159.0,10187.0,dynamic_scene,1,0,1,0,1
430,000429.png,data/cogar_sim_500_final/rgb/000429.png,3749,2,robot_gripper,228.0,66.0,52.0,86.0,1488.0,dynamic_scene,1,0,1,0,1
430,000429.png,data/cogar_sim_500_final/rgb/000429.png,3750,2,robot_gripper,230.0,141.0,52.0,128.0,3156.0,dynamic_scene,1,0,1,0,1
431,000430.png,data/cogar_sim_500_final/rgb/000430.png,3751,1,table,21.0,31.0,619.0,449.0,207426.0,reflective_metal,1,0,0,0,0
431,000430.png,data/cogar_sim_500_final/rgb/000430.png,3752,1,table,0.0,0.0,160.0,480.0,45905.0,reflective_metal,1,0,0,0,0
431,000430.png,data/cogar_sim_500_final/rgb/000430.png,3753,3,metal_part,432.0,279.0,104.0,98.0,6669.0,reflective_metal,1,0,0,0,0
431,000430.png,data/cogar_sim_500_final/rgb/000430.png,3754,3,metal_part,142.0,179.0,81.0,75.0,4762.0,reflective_metal,1,0,0,0,0
431,000430.png,data/cogar_sim_500_final/rgb/000430.png,3755,3,metal_part,336.0,112.0,60.0,75.0,2839.0,reflective_metal,1,0,0,0,0
431,000430.png,data/cogar_sim_500_final/rgb/000430.png,3756,3,metal_part,295.0,222.0,86.0,71.0,4511.0,reflective_metal,1,0,0,0,0
431,000430.png,data/cogar_sim_500_final/rgb/000430.png,3757,9,tool,128.0,283.0,79.0,183.0,5882.0,reflective_metal,1,0,0,0,0
431,000430.png,data/cogar_sim_500_final/rgb/000430.png,3758,3,metal_part,266.0,378.0,119.0,102.0,9469.0,reflective_metal,1,0,0,0,0
431,000430.png,data/cogar_sim_500_final/rgb/000430.png,3759,8,cable,269.0,170.0,210.0,57.0,1953.0,reflective_metal,1,0,0,0,0
432,000431.png,data/cogar_sim_500_final/rgb/000431.png,3760,1,table,39.0,38.0,601.0,442.0,212357.0,transparent_glass,0,1,1,1,0
432,000431.png,data/cogar_sim_500_final/rgb/000431.png,3761,1,table,0.0,0.0,83.0,480.0,30247.0,transparent_glass,0,1,1,1,0
432,000431.png,data/cogar_sim_500_final/rgb/000431.png,3762,7,connector,314.0,350.0,132.0,77.0,5962.0,transparent_glass,0,1,1,1,0
432,000431.png,data/cogar_sim_500_final/rgb/000431.png,3763,4,glass_object,384.0,118.0,80.0,200.0,12760.0,transparent_glass,0,1,1,1,0
432,000431.png,data/cogar_sim_500_final/rgb/000431.png,3764,2,robot_gripper,342.0,31.0,82.0,143.0,6794.0,transparent_glass,0,1,1,1,0
432,000431.png,data/cogar_sim_500_final/rgb/000431.png,3765,2,robot_gripper,342.0,64.0,49.0,191.0,5579.0,transparent_glass,0,1,1,1,0
432,000431.png,data/cogar_sim_500_final/rgb/000431.png,3766,2,robot_gripper,321.0,37.0,42.0,180.0,4316.0,transparent_glass,0,1,1,1,0
433,000432.png,data/cogar_sim_500_final/rgb/000432.png,3767,1,table,0.0,20.0,640.0,460.0,195531.0,partial_occlusion,0,1,1,1,0
433,000432.png,data/cogar_sim_500_final/rgb/000432.png,3768,7,connector,178.0,177.0,67.0,50.0,1926.0,partial_occlusion,0,1,1,1,0
433,000432.png,data/cogar_sim_500_final/rgb/000432.png,3769,5,plastic_object,439.0,336.0,77.0,94.0,5366.0,partial_occlusion,0,1,1,1,0
433,000432.png,data/cogar_sim_500_final/rgb/000432.png,3770,6,screw,299.0,313.0,17.0,25.0,300.0,partial_occlusion,0,1,1,1,0
433,000432.png,data/cogar_sim_500_final/rgb/000432.png,3771,4,glass_object,244.0,95.0,93.0,201.0,15659.0,partial_occlusion,0,1,1,1,0
433,000432.png,data/cogar_sim_500_final/rgb/000432.png,3772,6,screw,226.0,140.0,18.0,18.0,171.0,partial_occlusion,0,1,1,1,0
433,000432.png,data/cogar_sim_500_final/rgb/000432.png,3773,6,screw,361.0,204.0,15.0,22.0,235.0,partial_occlusion,0,1,1,1,0
433,000432.png,data/cogar_sim_500_final/rgb/000432.png,3774,5,plastic_object,109.0,128.0,63.0,95.0,4787.0,partial_occlusion,0,1,1,1,0
433,000432.png,data/cogar_sim_500_final/rgb/000432.png,3775,8,cable,346.0,215.0,85.0,99.0,1371.0,partial_occlusion,0,1,1,1,0
433,000432.png,data/cogar_sim_500_final/rgb/000432.png,3776,4,glass_object,418.0,203.0,142.0,220.0,20753.0,partial_occlusion,0,1,1,1,0
433,000432.png,data/cogar_sim_500_final/rgb/000432.png,3777,2,robot_gripper,229.0,74.0,272.0,141.0,14549.0,partial_occlusion,0,1,1,1,0
433,000432.png,data/cogar_sim_500_final/rgb/000432.png,3778,2,robot_gripper,336.0,176.0,14.0,53.0,606.0,partial_occlusion,0,1,1,1,0
433,000432.png,data/cogar_sim_500_final/rgb/000432.png,3779,2,robot_gripper,375.0,192.0,47.0,61.0,2071.0,partial_occlusion,0,1,1,1,0
434,000433.png,data/cogar_sim_500_final/rgb/000433.png,3780,1,table,461.0,294.0,179.0,186.0,16768.0,small_parts,1,0,0,1,0
434,000433.png,data/cogar_sim_500_final/rgb/000433.png,3781,1,table,0.0,0.0,640.0,480.0,290432.0,small_parts,1,0,0,1,0
435,000434.png,data/cogar_sim_500_final/rgb/000434.png,3782,1,table,0.0,29.0,640.0,451.0,213205.0,dynamic_scene,1,0,0,1,1
435,000434.png,data/cogar_sim_500_final/rgb/000434.png,3783,5,plastic_object,286.0,220.0,54.0,74.0,2744.0,dynamic_scene,1,0,0,1,1
435,000434.png,data/cogar_sim_500_final/rgb/000434.png,3784,10,box,175.0,101.0,171.0,165.0,17595.0,dynamic_scene,1,0,0,1,1
435,000434.png,data/cogar_sim_500_final/rgb/000434.png,3785,10,box,317.0,165.0,106.0,125.0,9945.0,dynamic_scene,1,0,0,1,1
435,000434.png,data/cogar_sim_500_final/rgb/000434.png,3786,5,plastic_object,425.0,275.0,70.0,107.0,6476.0,dynamic_scene,1,0,0,1,1
435,000434.png,data/cogar_sim_500_final/rgb/000434.png,3787,8,cable,94.0,230.0,349.0,91.0,2623.0,dynamic_scene,1,0,0,1,1
435,000434.png,data/cogar_sim_500_final/rgb/000434.png,3788,9,tool,288.0,276.0,179.0,57.0,5198.0,dynamic_scene,1,0,0,1,1
435,000434.png,data/cogar_sim_500_final/rgb/000434.png,3789,6,screw,129.0,297.0,16.0,16.0,33.0,dynamic_scene,1,0,0,1,1
435,000434.png,data/cogar_sim_500_final/rgb/000434.png,3790,5,plastic_object,295.0,183.0,44.0,43.0,809.0,dynamic_scene,1,0,0,1,1
435,000434.png,data/cogar_sim_500_final/rgb/000434.png,3791,9,tool,20.0,151.0,158.0,106.0,5108.0,dynamic_scene,1,0,0,1,1
436,000435.png,data/cogar_sim_500_final/rgb/000435.png,3792,1,table,0.0,0.0,640.0,480.0,215530.0,reflective_metal,1,0,0,0,0
436,000435.png,data/cogar_sim_500_final/rgb/000435.png,3793,1,table,207.0,0.0,433.0,212.0,46092.0,reflective_metal,1,0,0,0,0
436,000435.png,data/cogar_sim_500_final/rgb/000435.png,3794,3,metal_part,420.0,319.0,110.0,99.0,8671.0,reflective_metal,1,0,0,0,0
436,000435.png,data/cogar_sim_500_final/rgb/000435.png,3795,3,metal_part,548.0,264.0,62.0,117.0,5213.0,reflective_metal,1,0,0,0,0
436,000435.png,data/cogar_sim_500_final/rgb/000435.png,3796,5,plastic_object,224.0,71.0,72.0,41.0,1216.0,reflective_metal,1,0,0,0,0
436,000435.png,data/cogar_sim_500_final/rgb/000435.png,3797,3,metal_part,210.0,269.0,114.0,111.0,8713.0,reflective_metal,1,0,0,0,0
436,000435.png,data/cogar_sim_500_final/rgb/000435.png,3798,9,tool,471.0,158.0,169.0,203.0,4806.0,reflective_metal,1,0,0,0,0
436,000435.png,data/cogar_sim_500_final/rgb/000435.png,3799,5,plastic_object,301.0,77.0,37.0,21.0,73.0,reflective_metal,1,0,0,0,0
436,000435.png,data/cogar_sim_500_final/rgb/000435.png,3800,3,metal_part,266.0,227.0,66.0,72.0,2982.0,reflective_metal,1,0,0,0,0
436,000435.png,data/cogar_sim_500_final/rgb/000435.png,3801,10,box,290.0,82.0,98.0,142.0,12234.0,reflective_metal,1,0,0,0,0
436,000435.png,data/cogar_sim_500_final/rgb/000435.png,3802,3,metal_part,224.0,80.0,47.0,46.0,1670.0,reflective_metal,1,0,0,0,0
437,000436.png,data/cogar_sim_500_final/rgb/000436.png,3803,1,table,0.0,150.0,640.0,330.0,151120.0,transparent_glass,0,1,1,0,0
437,000436.png,data/cogar_sim_500_final/rgb/000436.png,3804,1,table,0.0,0.0,640.0,244.0,104214.0,transparent_glass,0,1,1,0,0
437,000436.png,data/cogar_sim_500_final/rgb/000436.png,3805,4,glass_object,114.0,148.0,116.0,148.0,14203.0,transparent_glass,0,1,1,0,0
437,000436.png,data/cogar_sim_500_final/rgb/000436.png,3806,4,glass_object,291.0,195.0,91.0,149.0,11982.0,transparent_glass,0,1,1,0,0
437,000436.png,data/cogar_sim_500_final/rgb/000436.png,3807,5,plastic_object,66.0,190.0,61.0,81.0,3989.0,transparent_glass,0,1,1,0,0
437,000436.png,data/cogar_sim_500_final/rgb/000436.png,3808,2,robot_gripper,243.0,129.0,291.0,75.0,18228.0,transparent_glass,0,1,1,0,0
437,000436.png,data/cogar_sim_500_final/rgb/000436.png,3809,2,robot_gripper,337.0,116.0,32.0,89.0,598.0,transparent_glass,0,1,1,0,0
437,000436.png,data/cogar_sim_500_final/rgb/000436.png,3810,2,robot_gripper,416.0,132.0,37.0,155.0,2866.0,transparent_glass,0,1,1,0,0
438,000437.png,data/cogar_sim_500_final/rgb/000437.png,3811,1,table,0.0,456.0,48.0,24.0,585.0,partial_occlusion,1,1,1,1,0
438,000437.png,data/cogar_sim_500_final/rgb/000437.png,3812,1,table,0.0,0.0,640.0,480.0,306615.0,partial_occlusion,1,1,1,1,0
439,000438.png,data/cogar_sim_500_final/rgb/000438.png,3813,1,table,0.0,0.0,640.0,480.0,224522.0,small_parts,1,0,1,1,0
439,000438.png,data/cogar_sim_500_final/rgb/000438.png,3814,1,table,0.0,0.0,103.0,431.0,22361.0,small_parts,1,0,1,1,0
439,000438.png,data/cogar_sim_500_final/rgb/000438.png,3815,3,metal_part,159.0,418.0,91.0,44.0,556.0,small_parts,1,0,1,1,0
439,000438.png,data/cogar_sim_500_final/rgb/000438.png,3816,7,connector,426.0,166.0,98.0,67.0,4237.0,small_parts,1,0,1,1,0
439,000438.png,data/cogar_sim_500_final/rgb/000438.png,3817,10,box,148.0,255.0,223.0,222.0,20749.0,small_parts,1,0,1,1,0
439,000438.png,data/cogar_sim_500_final/rgb/000438.png,3818,6,screw,129.0,330.0,24.0,19.0,389.0,small_parts,1,0,1,1,0
439,000438.png,data/cogar_sim_500_final/rgb/000438.png,3819,9,tool,238.0,288.0,264.0,49.0,2529.0,small_parts,1,0,1,1,0
439,000438.png,data/cogar_sim_500_final/rgb/000438.png,3820,7,connector,318.0,249.0,46.0,27.0,173.0,small_parts,1,0,1,1,0
439,000438.png,data/cogar_sim_500_final/rgb/000438.png,3821,6,screw,300.0,15.0,18.0,14.0,212.0,small_parts,1,0,1,1,0
439,000438.png,data/cogar_sim_500_final/rgb/000438.png,3822,2,robot_gripper,327.0,28.0,146.0,402.0,26129.0,small_parts,1,0,1,1,0
439,000438.png,data/cogar_sim_500_final/rgb/000438.png,3823,2,robot_gripper,325.0,253.0,63.0,59.0,2801.0,small_parts,1,0,1,1,0
439,000438.png,data/cogar_sim_500_final/rgb/000438.png,3824,2,robot_gripper,345.0,128.0,67.0,84.0,2542.0,small_parts,1,0,1,1,0
440,000439.png,data/cogar_sim_500_final/rgb/000439.png,3825,1,table,0.0,0.0,640.0,480.0,286489.0,dynamic_scene,1,0,1,0,1
440,000439.png,data/cogar_sim_500_final/rgb/000439.png,3826,8,cable,324.0,0.0,118.0,194.0,2026.0,dynamic_scene,1,0,1,0,1
440,000439.png,data/cogar_sim_500_final/rgb/000439.png,3827,5,plastic_object,217.0,373.0,68.0,55.0,2880.0,dynamic_scene,1,0,1,0,1
440,000439.png,data/cogar_sim_500_final/rgb/000439.png,3828,5,plastic_object,297.0,32.0,73.0,82.0,3270.0,dynamic_scene,1,0,1,0,1
440,000439.png,data/cogar_sim_500_final/rgb/000439.png,3829,3,metal_part,48.0,320.0,65.0,30.0,1463.0,dynamic_scene,1,0,1,0,1
440,000439.png,data/cogar_sim_500_final/rgb/000439.png,3830,2,robot_gripper,200.0,119.0,186.0,164.0,9952.0,dynamic_scene,1,0,1,0,1
440,000439.png,data/cogar_sim_500_final/rgb/000439.png,3831,2,robot_gripper,330.0,180.0,28.0,30.0,281.0,dynamic_scene,1,0,1,0,1
440,000439.png,data/cogar_sim_500_final/rgb/000439.png,3832,2,robot_gripper,269.0,234.0,40.0,39.0,839.0,dynamic_scene,1,0,1,0,1
441,000440.png,data/cogar_sim_500_final/rgb/000440.png,3833,1,table,0.0,14.0,640.0,466.0,241413.0,reflective_metal,1,0,1,1,0
441,000440.png,data/cogar_sim_500_final/rgb/000440.png,3834,3,metal_part,404.0,167.0,66.0,61.0,2435.0,reflective_metal,1,0,1,1,0
441,000440.png,data/cogar_sim_500_final/rgb/000440.png,3835,9,tool,147.0,184.0,78.0,111.0,3998.0,reflective_metal,1,0,1,1,0
441,000440.png,data/cogar_sim_500_final/rgb/000440.png,3836,8,cable,322.0,209.0,184.0,190.0,3193.0,reflective_metal,1,0,1,1,0
441,000440.png,data/cogar_sim_500_final/rgb/000440.png,3837,3,metal_part,339.0,161.0,17.0,43.0,391.0,reflective_metal,1,0,1,1,0
441,000440.png,data/cogar_sim_500_final/rgb/000440.png,3838,9,tool,174.0,166.0,113.0,172.0,7080.0,reflective_metal,1,0,1,1,0
441,000440.png,data/cogar_sim_500_final/rgb/000440.png,3839,3,metal_part,148.0,95.0,63.0,77.0,3141.0,reflective_metal,1,0,1,1,0
441,000440.png,data/cogar_sim_500_final/rgb/000440.png,3840,2,robot_gripper,281.0,47.0,59.0,163.0,8519.0,reflective_metal,1,0,1,1,0
441,000440.png,data/cogar_sim_500_final/rgb/000440.png,3841,2,robot_gripper,280.0,113.0,42.0,142.0,1827.0,reflective_metal,1,0,1,1,0
441,000440.png,data/cogar_sim_500_final/rgb/000440.png,3842,2,robot_gripper,252.0,57.0,39.0,178.0,4915.0,reflective_metal,1,0,1,1,0
442,000441.png,data/cogar_sim_500_final/rgb/000441.png,3843,1,table,40.0,373.0,600.0,107.0,32216.0,transparent_glass,1,1,0,1,0
442,000441.png,data/cogar_sim_500_final/rgb/000441.png,3844,1,table,0.0,0.0,640.0,480.0,274984.0,transparent_glass,1,1,0,1,0
443,000442.png,data/cogar_sim_500_final/rgb/000442.png,3845,1,table,0.0,0.0,640.0,480.0,212543.0,partial_occlusion,1,1,1,1,0
443,000442.png,data/cogar_sim_500_final/rgb/000442.png,3846,1,table,503.0,0.0,137.0,236.0,13314.0,partial_occlusion,1,1,1,1,0
443,000442.png,data/cogar_sim_500_final/rgb/000442.png,3847,7,connector,467.0,367.0,153.0,75.0,7130.0,partial_occlusion,1,1,1,1,0
443,000442.png,data/cogar_sim_500_final/rgb/000442.png,3848,3,metal_part,326.0,46.0,111.0,139.0,7521.0,partial_occlusion,1,1,1,1,0
443,000442.png,data/cogar_sim_500_final/rgb/000442.png,3849,8,cable,0.0,176.0,392.0,125.0,4740.0,partial_occlusion,1,1,1,1,0
443,000442.png,data/cogar_sim_500_final/rgb/000442.png,3850,4,glass_object,480.0,91.0,144.0,195.0,22580.0,partial_occlusion,1,1,1,1,0
443,000442.png,data/cogar_sim_500_final/rgb/000442.png,3851,8,cable,385.0,84.0,166.0,103.0,1637.0,partial_occlusion,1,1,1,1,0
443,000442.png,data/cogar_sim_500_final/rgb/000442.png,3852,8,cable,318.0,182.0,147.0,103.0,2205.0,partial_occlusion,1,1,1,1,0
443,000442.png,data/cogar_sim_500_final/rgb/000442.png,3853,2,robot_gripper,150.0,31.0,175.0,284.0,24837.0,partial_occlusion,1,1,1,1,0
443,000442.png,data/cogar_sim_500_final/rgb/000442.png,3854,2,robot_gripper,259.0,65.0,59.0,89.0,2551.0,partial_occlusion,1,1,1,1,0
443,000442.png,data/cogar_sim_500_final/rgb/000442.png,3855,2,robot_gripper,258.0,151.0,61.0,170.0,8142.0,partial_occlusion,1,1,1,1,0
444,000443.png,data/cogar_sim_500_final/rgb/000443.png,3856,1,table,0.0,0.0,640.0,480.0,236891.0,small_parts,1,0,1,1,0
444,000443.png,data/cogar_sim_500_final/rgb/000443.png,3857,1,table,429.0,240.0,211.0,240.0,25465.0,small_parts,1,0,1,1,0
444,000443.png,data/cogar_sim_500_final/rgb/000443.png,3858,5,plastic_object,520.0,142.0,57.0,56.0,2121.0,small_parts,1,0,1,1,0
444,000443.png,data/cogar_sim_500_final/rgb/000443.png,3859,7,connector,330.0,143.0,40.0,45.0,503.0,small_parts,1,0,1,1,0
444,000443.png,data/cogar_sim_500_final/rgb/000443.png,3860,9,tool,304.0,211.0,38.0,171.0,3843.0,small_parts,1,0,1,1,0
444,000443.png,data/cogar_sim_500_final/rgb/000443.png,3861,6,screw,373.0,325.0,15.0,18.0,153.0,small_parts,1,0,1,1,0
444,000443.png,data/cogar_sim_500_final/rgb/000443.png,3862,7,connector,277.0,241.0,83.0,71.0,1458.0,small_parts,1,0,1,1,0
444,000443.png,data/cogar_sim_500_final/rgb/000443.png,3863,7,connector,325.0,165.0,61.0,75.0,2248.0,small_parts,1,0,1,1,0
444,000443.png,data/cogar_sim_500_final/rgb/000443.png,3864,5,plastic_object,318.0,85.0,40.0,28.0,576.0,small_parts,1,0,1,1,0
444,000443.png,data/cogar_sim_500_final/rgb/000443.png,3865,10,box,59.0,344.0,168.0,115.0,18107.0,small_parts,1,0,1,1,0
444,000443.png,data/cogar_sim_500_final/rgb/000443.png,3866,2,robot_gripper,186.0,92.0,173.0,271.0,12925.0,small_parts,1,0,1,1,0
444,000443.png,data/cogar_sim_500_final/rgb/000443.png,3867,2,robot_gripper,296.0,184.0,48.0,54.0,1515.0,small_parts,1,0,1,1,0
444,000443.png,data/cogar_sim_500_final/rgb/000443.png,3868,2,robot_gripper,233.0,252.0,55.0,46.0,1395.0,small_parts,1,0,1,1,0
445,000444.png,data/cogar_sim_500_final/rgb/000444.png,3869,1,table,0.0,0.0,640.0,480.0,168341.0,dynamic_scene,1,1,0,1,1
445,000444.png,data/cogar_sim_500_final/rgb/000444.png,3870,1,table,313.0,0.0,327.0,480.0,83812.0,dynamic_scene,1,1,0,1,1
445,000444.png,data/cogar_sim_500_final/rgb/000444.png,3871,7,connector,409.0,138.0,52.0,36.0,1628.0,dynamic_scene,1,1,0,1,1
445,000444.png,data/cogar_sim_500_final/rgb/000444.png,3872,9,tool,265.0,129.0,102.0,157.0,3812.0,dynamic_scene,1,1,0,1,1
445,000444.png,data/cogar_sim_500_final/rgb/000444.png,3873,4,glass_object,58.0,183.0,93.0,192.0,12494.0,dynamic_scene,1,1,0,1,1
445,000444.png,data/cogar_sim_500_final/rgb/000444.png,3874,7,connector,471.0,150.0,25.0,33.0,435.0,dynamic_scene,1,1,0,1,1
445,000444.png,data/cogar_sim_500_final/rgb/000444.png,3875,5,plastic_object,411.0,267.0,21.0,37.0,253.0,dynamic_scene,1,1,0,1,1
445,000444.png,data/cogar_sim_500_final/rgb/000444.png,3876,5,plastic_object,288.0,169.0,83.0,93.0,5439.0,dynamic_scene,1,1,0,1,1
445,000444.png,data/cogar_sim_500_final/rgb/000444.png,3877,4,glass_object,203.0,277.0,129.0,203.0,23104.0,dynamic_scene,1,1,0,1,1
446,000445.png,data/cogar_sim_500_final/rgb/000445.png,3878,1,table,0.0,74.0,640.0,406.0,152361.0,reflective_metal,1,0,0,0,0
446,000445.png,data/cogar_sim_500_final/rgb/000445.png,3879,1,table,90.0,0.0,550.0,251.0,88329.0,reflective_metal,1,0,0,0,0
446,000445.png,data/cogar_sim_500_final/rgb/000445.png,3880,9,tool,276.0,307.0,216.0,173.0,12362.0,reflective_metal,1,0,0,0,0
446,000445.png,data/cogar_sim_500_final/rgb/000445.png,3881,3,metal_part,191.0,302.0,86.0,92.0,5932.0,reflective_metal,1,0,0,0,0
446,000445.png,data/cogar_sim_500_final/rgb/000445.png,3882,10,box,341.0,182.0,134.0,144.0,15257.0,reflective_metal,1,0,0,0,0
446,000445.png,data/cogar_sim_500_final/rgb/000445.png,3883,10,box,0.0,168.0,186.0,126.0,17585.0,reflective_metal,1,0,0,0,0
446,000445.png,data/cogar_sim_500_final/rgb/000445.png,3884,3,metal_part,138.0,206.0,121.0,98.0,7123.0,reflective_metal,1,0,0,0,0
446,000445.png,data/cogar_sim_500_final/rgb/000445.png,3885,8,cable,149.0,267.0,120.0,29.0,464.0,reflective_metal,1,0,0,0,0
447,000446.png,data/cogar_sim_500_final/rgb/000446.png,3886,1,table,0.0,0.0,640.0,480.0,204074.0,transparent_glass,0,1,1,0,0
447,000446.png,data/cogar_sim_500_final/rgb/000446.png,3887,5,plastic_object,392.0,192.0,96.0,125.0,9675.0,transparent_glass,0,1,1,0,0
447,000446.png,data/cogar_sim_500_final/rgb/000446.png,3888,4,glass_object,74.0,203.0,178.0,209.0,24827.0,transparent_glass,0,1,1,0,0
447,000446.png,data/cogar_sim_500_final/rgb/000446.png,3889,10,box,485.0,260.0,155.0,210.0,22509.0,transparent_glass,0,1,1,0,0
447,000446.png,data/cogar_sim_500_final/rgb/000446.png,3890,10,box,268.0,0.0,143.0,131.0,13183.0,transparent_glass,0,1,1,0,0
447,000446.png,data/cogar_sim_500_final/rgb/000446.png,3891,4,glass_object,106.0,169.0,117.0,72.0,4934.0,transparent_glass,0,1,1,0,0
447,000446.png,data/cogar_sim_500_final/rgb/000446.png,3892,8,cable,35.0,219.0,253.0,23.0,2048.0,transparent_glass,0,1,1,0,0
447,000446.png,data/cogar_sim_500_final/rgb/000446.png,3893,2,robot_gripper,276.0,88.0,102.0,229.0,12907.0,transparent_glass,0,1,1,0,0
447,000446.png,data/cogar_sim_500_final/rgb/000446.png,3894,2,robot_gripper,310.0,113.0,46.0,154.0,1226.0,transparent_glass,0,1,1,0,0
447,000446.png,data/cogar_sim_500_final/rgb/000446.png,3895,2,robot_gripper,350.0,165.0,54.0,163.0,7036.0,transparent_glass,0,1,1,0,0
448,000447.png,data/cogar_sim_500_final/rgb/000447.png,3896,1,table,0.0,73.0,640.0,407.0,165658.0,partial_occlusion,1,1,1,1,0
448,000447.png,data/cogar_sim_500_final/rgb/000447.png,3897,1,table,0.0,0.0,640.0,191.0,64692.0,partial_occlusion,1,1,1,1,0
448,000447.png,data/cogar_sim_500_final/rgb/000447.png,3898,5,plastic_object,316.0,240.0,128.0,138.0,13398.0,partial_occlusion,1,1,1,1,0
448,000447.png,data/cogar_sim_500_final/rgb/000447.png,3899,10,box,458.0,166.0,182.0,132.0,17265.0,partial_occlusion,1,1,1,1,0
448,000447.png,data/cogar_sim_500_final/rgb/000447.png,3900,5,plastic_object,211.0,176.0,101.0,92.0,7149.0,partial_occlusion,1,1,1,1,0
448,000447.png,data/cogar_sim_500_final/rgb/000447.png,3901,9,tool,0.0,214.0,148.0,57.0,6143.0,partial_occlusion,1,1,1,1,0
448,000447.png,data/cogar_sim_500_final/rgb/000447.png,3902,6,screw,322.0,208.0,17.0,20.0,232.0,partial_occlusion,1,1,1,1,0
448,000447.png,data/cogar_sim_500_final/rgb/000447.png,3903,4,glass_object,160.0,80.0,77.0,108.0,6583.0,partial_occlusion,1,1,1,1,0
448,000447.png,data/cogar_sim_500_final/rgb/000447.png,3904,2,robot_gripper,135.0,9.0,261.0,82.0,18241.0,partial_occlusion,1,1,1,1,0
448,000447.png,data/cogar_sim_500_final/rgb/000447.png,3905,2,robot_gripper,224.0,83.0,42.0,71.0,2681.0,partial_occlusion,1,1,1,1,0
448,000447.png,data/cogar_sim_500_final/rgb/000447.png,3906,2,robot_gripper,302.0,2.0,41.0,200.0,5158.0,partial_occlusion,1,1,1,1,0
449,000448.png,data/cogar_sim_500_final/rgb/000448.png,3907,1,table,0.0,144.0,640.0,336.0,151682.0,small_parts,1,0,1,1,0
449,000448.png,data/cogar_sim_500_final/rgb/000448.png,3908,1,table,0.0,0.0,640.0,200.0,85057.0,small_parts,1,0,1,1,0
449,000448.png,data/cogar_sim_500_final/rgb/000448.png,3909,3,metal_part,305.0,123.0,89.0,83.0,4224.0,small_parts,1,0,1,1,0
449,000448.png,data/cogar_sim_500_final/rgb/000448.png,3910,7,connector,518.0,251.0,50.0,49.0,1818.0,small_parts,1,0,1,1,0
449,000448.png,data/cogar_sim_500_final/rgb/000448.png,3911,6,screw,202.0,203.0,11.0,20.0,199.0,small_parts,1,0,1,1,0
449,000448.png,data/cogar_sim_500_final/rgb/000448.png,3912,6,screw,289.0,205.0,15.0,19.0,176.0,small_parts,1,0,1,1,0
449,000448.png,data/cogar_sim_500_final/rgb/000448.png,3913,6,screw,128.0,265.0,19.0,20.0,301.0,small_parts,1,0,1,1,0
449,000448.png,data/cogar_sim_500_final/rgb/000448.png,3914,7,connector,387.0,285.0,40.0,35.0,1095.0,small_parts,1,0,1,1,0
449,000448.png,data/cogar_sim_500_final/rgb/000448.png,3915,10,box,189.0,218.0,177.0,166.0,23314.0,small_parts,1,0,1,1,0
449,000448.png,data/cogar_sim_500_final/rgb/000448.png,3916,6,screw,123.0,212.0,15.0,18.0,177.0,small_parts,1,0,1,1,0
449,000448.png,data/cogar_sim_500_final/rgb/000448.png,3917,10,box,317.0,185.0,157.0,121.0,14075.0,small_parts,1,0,1,1,0
449,000448.png,data/cogar_sim_500_final/rgb/000448.png,3918,2,robot_gripper,69.0,76.0,313.0,79.0,20095.0,small_parts,1,0,1,1,0
449,000448.png,data/cogar_sim_500_final/rgb/000448.png,3919,2,robot_gripper,169.0,149.0,34.0,77.0,2191.0,small_parts,1,0,1,1,0
449,000448.png,data/cogar_sim_500_final/rgb/000448.png,3920,2,robot_gripper,253.0,70.0,34.0,155.0,2796.0,small_parts,1,0,1,1,0
450,000449.png,data/cogar_sim_500_final/rgb/000449.png,3921,1,table,0.0,5.0,640.0,475.0,203549.0,dynamic_scene,1,0,0,1,1
450,000449.png,data/cogar_sim_500_final/rgb/000449.png,3922,1,table,0.0,0.0,367.0,270.0,49430.0,dynamic_scene,1,0,0,1,1
450,000449.png,data/cogar_sim_500_final/rgb/000449.png,3923,5,plastic_object,327.0,153.0,77.0,94.0,4092.0,dynamic_scene,1,0,0,1,1
450,000449.png,data/cogar_sim_500_final/rgb/000449.png,3924,5,plastic_object,16.0,209.0,113.0,98.0,8224.0,dynamic_scene,1,0,0,1,1
450,000449.png,data/cogar_sim_500_final/rgb/000449.png,3925,3,metal_part,501.0,171.0,86.0,46.0,3129.0,dynamic_scene,1,0,0,1,1
450,000449.png,data/cogar_sim_500_final/rgb/000449.png,3926,3,metal_part,341.0,126.0,70.0,41.0,1753.0,dynamic_scene,1,0,0,1,1
450,000449.png,data/cogar_sim_500_final/rgb/000449.png,3927,5,plastic_object,411.0,119.0,66.0,90.0,4093.0,dynamic_scene,1,0,0,1,1
450,000449.png,data/cogar_sim_500_final/rgb/000449.png,3928,5,plastic_object,319.0,253.0,87.0,94.0,6546.0,dynamic_scene,1,0,0,1,1
450,000449.png,data/cogar_sim_500_final/rgb/000449.png,3929,3,metal_part,361.0,163.0,83.0,153.0,7604.0,dynamic_scene,1,0,0,1,1
450,000449.png,data/cogar_sim_500_final/rgb/000449.png,3930,5,plastic_object,212.0,293.0,122.0,125.0,13191.0,dynamic_scene,1,0,0,1,1
451,000450.png,data/cogar_sim_500_final/rgb/000450.png,3931,1,table,0.0,0.0,640.0,480.0,258217.0,reflective_metal,1,0,1,1,0
451,000450.png,data/cogar_sim_500_final/rgb/000450.png,3932,1,table,502.0,339.0,138.0,141.0,9853.0,reflective_metal,1,0,1,1,0
451,000450.png,data/cogar_sim_500_final/rgb/000450.png,3933,3,metal_part,201.0,312.0,93.0,92.0,4205.0,reflective_metal,1,0,1,1,0
451,000450.png,data/cogar_sim_500_final/rgb/000450.png,3934,9,tool,65.0,116.0,244.0,219.0,9377.0,reflective_metal,1,0,1,1,0
451,000450.png,data/cogar_sim_500_final/rgb/000450.png,3935,7,connector,424.0,154.0,60.0,57.0,2099.0,reflective_metal,1,0,1,1,0
451,000450.png,data/cogar_sim_500_final/rgb/000450.png,3936,2,robot_gripper,164.0,211.0,294.0,269.0,19087.0,reflective_metal,1,0,1,1,0
451,000450.png,data/cogar_sim_500_final/rgb/000450.png,3937,2,robot_gripper,334.0,323.0,62.0,62.0,1943.0,reflective_metal,1,0,1,1,0
451,000450.png,data/cogar_sim_500_final/rgb/000450.png,3938,2,robot_gripper,245.0,408.0,67.0,67.0,2419.0,reflective_metal,1,0,1,1,0
452,000451.png,data/cogar_sim_500_final/rgb/000451.png,3939,1,table,0.0,0.0,640.0,480.0,307200.0,transparent_glass,0,1,1,1,0
453,000452.png,data/cogar_sim_500_final/rgb/000452.png,3940,1,table,0.0,0.0,640.0,480.0,224480.0,partial_occlusion,0,0,1,0,0
453,000452.png,data/cogar_sim_500_final/rgb/000452.png,3941,5,plastic_object,434.0,289.0,46.0,64.0,2317.0,partial_occlusion,0,0,1,0,0
453,000452.png,data/cogar_sim_500_final/rgb/000452.png,3942,5,plastic_object,107.0,261.0,90.0,127.0,7781.0,partial_occlusion,0,0,1,0,0
453,000452.png,data/cogar_sim_500_final/rgb/000452.png,3943,5,plastic_object,151.0,388.0,106.0,92.0,7696.0,partial_occlusion,0,0,1,0,0
453,000452.png,data/cogar_sim_500_final/rgb/000452.png,3944,10,box,220.0,106.0,116.0,132.0,2811.0,partial_occlusion,0,0,1,0,0
453,000452.png,data/cogar_sim_500_final/rgb/000452.png,3945,8,cable,71.0,272.0,382.0,115.0,5160.0,partial_occlusion,0,0,1,0,0
453,000452.png,data/cogar_sim_500_final/rgb/000452.png,3946,2,robot_gripper,221.0,63.0,166.0,156.0,11082.0,partial_occlusion,0,0,1,0,0
453,000452.png,data/cogar_sim_500_final/rgb/000452.png,3947,2,robot_gripper,335.0,116.0,46.0,107.0,4082.0,partial_occlusion,0,0,1,0,0
453,000452.png,data/cogar_sim_500_final/rgb/000452.png,3948,2,robot_gripper,260.0,105.0,50.0,172.0,4370.0,partial_occlusion,0,0,1,0,0
454,000453.png,data/cogar_sim_500_final/rgb/000453.png,3949,1,table,0.0,0.0,622.0,480.0,239641.0,small_parts,1,0,1,1,0
454,000453.png,data/cogar_sim_500_final/rgb/000453.png,3950,1,table,551.0,0.0,89.0,480.0,25680.0,small_parts,1,0,1,1,0
454,000453.png,data/cogar_sim_500_final/rgb/000453.png,3951,7,connector,300.0,5.0,38.0,84.0,1971.0,small_parts,1,0,1,1,0
454,000453.png,data/cogar_sim_500_final/rgb/000453.png,3952,7,connector,143.0,367.0,58.0,82.0,3132.0,small_parts,1,0,1,1,0
454,000453.png,data/cogar_sim_500_final/rgb/000453.png,3953,6,screw,410.0,65.0,21.0,22.0,348.0,small_parts,1,0,1,1,0
454,000453.png,data/cogar_sim_500_final/rgb/000453.png,3954,6,screw,205.0,190.0,23.0,23.0,294.0,small_parts,1,0,1,1,0
454,000453.png,data/cogar_sim_500_final/rgb/000453.png,3955,8,cable,106.0,84.0,154.0,111.0,3286.0,small_parts,1,0,1,1,0
454,000453.png,data/cogar_sim_500_final/rgb/000453.png,3956,8,cable,283.0,194.0,114.0,249.0,2782.0,small_parts,1,0,1,1,0
454,000453.png,data/cogar_sim_500_final/rgb/000453.png,3957,9,tool,224.0,321.0,228.0,100.0,5604.0,small_parts,1,0,1,1,0
454,000453.png,data/cogar_sim_500_final/rgb/000453.png,3958,2,robot_gripper,237.0,0.0,105.0,367.0,21548.0,small_parts,1,0,1,1,0
454,000453.png,data/cogar_sim_500_final/rgb/000453.png,3959,2,robot_gripper,310.0,88.0,23.0,56.0,963.0,small_parts,1,0,1,1,0
454,000453.png,data/cogar_sim_500_final/rgb/000453.png,3960,2,robot_gripper,297.0,197.0,53.0,45.0,1951.0,small_parts,1,0,1,1,0
455,000454.png,data/cogar_sim_500_final/rgb/000454.png,3961,1,table,0.0,4.0,640.0,476.0,242861.0,dynamic_scene,1,0,1,0,1
455,000454.png,data/cogar_sim_500_final/rgb/000454.png,3962,5,plastic_object,348.0,166.0,93.0,78.0,1367.0,dynamic_scene,1,0,1,0,1
455,000454.png,data/cogar_sim_500_final/rgb/000454.png,3963,5,plastic_object,275.0,214.0,69.0,49.0,2150.0,dynamic_scene,1,0,1,0,1
455,000454.png,data/cogar_sim_500_final/rgb/000454.png,3964,5,plastic_object,382.0,158.0,56.0,69.0,1201.0,dynamic_scene,1,0,1,0,1
455,000454.png,data/cogar_sim_500_final/rgb/000454.png,3965,5,plastic_object,348.0,198.0,58.0,84.0,3513.0,dynamic_scene,1,0,1,0,1
455,000454.png,data/cogar_sim_500_final/rgb/000454.png,3966,3,metal_part,238.0,195.0,45.0,61.0,2130.0,dynamic_scene,1,0,1,0,1
455,000454.png,data/cogar_sim_500_final/rgb/000454.png,3967,5,plastic_object,447.0,227.0,53.0,74.0,3162.0,dynamic_scene,1,0,1,0,1
455,000454.png,data/cogar_sim_500_final/rgb/000454.png,3968,2,robot_gripper,268.0,91.0,209.0,70.0,10030.0,dynamic_scene,1,0,1,0,1
455,000454.png,data/cogar_sim_500_final/rgb/000454.png,3969,2,robot_gripper,386.0,117.0,34.0,125.0,3407.0,dynamic_scene,1,0,1,0,1
455,000454.png,data/cogar_sim_500_final/rgb/000454.png,3970,2,robot_gripper,313.0,84.0,28.0,153.0,4058.0,dynamic_scene,1,0,1,0,1
456,000455.png,data/cogar_sim_500_final/rgb/000455.png,3971,1,table,627.0,454.0,13.0,26.0,179.0,reflective_metal,1,0,0,0,0
456,000455.png,data/cogar_sim_500_final/rgb/000455.png,3972,1,table,0.0,0.0,640.0,480.0,307021.0,reflective_metal,1,0,0,0,0
457,000456.png,data/cogar_sim_500_final/rgb/000456.png,3973,1,table,0.0,0.0,640.0,480.0,247790.0,transparent_glass,1,1,0,1,0
457,000456.png,data/cogar_sim_500_final/rgb/000456.png,3974,1,table,541.0,126.0,99.0,354.0,17556.0,transparent_glass,1,1,0,1,0
457,000456.png,data/cogar_sim_500_final/rgb/000456.png,3975,4,glass_object,473.0,72.0,104.0,116.0,8753.0,transparent_glass,1,1,0,1,0
457,000456.png,data/cogar_sim_500_final/rgb/000456.png,3976,8,cable,196.0,195.0,221.0,220.0,5334.0,transparent_glass,1,1,0,1,0
457,000456.png,data/cogar_sim_500_final/rgb/000456.png,3977,5,plastic_object,186.0,260.0,83.0,43.0,2728.0,transparent_glass,1,1,0,1,0
457,000456.png,data/cogar_sim_500_final/rgb/000456.png,3978,4,glass_object,340.0,0.0,90.0,50.0,2677.0,transparent_glass,1,1,0,1,0
457,000456.png,data/cogar_sim_500_final/rgb/000456.png,3979,7,connector,356.0,478.0,7.0,2.0,10.0,transparent_glass,1,1,0,1,0
457,000456.png,data/cogar_sim_500_final/rgb/000456.png,3980,10,box,191.0,0.0,46.0,59.0,936.0,transparent_glass,1,1,0,1,0
457,000456.png,data/cogar_sim_500_final/rgb/000456.png,3981,5,plastic_object,406.0,375.0,77.0,99.0,5305.0,transparent_glass,1,1,0,1,0
457,000456.png,data/cogar_sim_500_final/rgb/000456.png,3982,5,plastic_object,175.0,67.0,66.0,80.0,5045.0,transparent_glass,1,1,0,1,0
457,000456.png,data/cogar_sim_500_final/rgb/000456.png,3983,3,metal_part,374.0,381.0,53.0,60.0,2157.0,transparent_glass,1,1,0,1,0
457,000456.png,data/cogar_sim_500_final/rgb/000456.png,3984,4,glass_object,221.0,0.0,111.0,100.0,8909.0,transparent_glass,1,1,0,1,0
458,000457.png,data/cogar_sim_500_final/rgb/000457.png,3985,1,table,0.0,0.0,640.0,480.0,245759.0,partial_occlusion,1,0,1,0,0
458,000457.png,data/cogar_sim_500_final/rgb/000457.png,3986,5,plastic_object,86.0,274.0,46.0,55.0,2001.0,partial_occlusion,1,0,1,0,0
458,000457.png,data/cogar_sim_500_final/rgb/000457.png,3987,8,cable,156.0,154.0,30.0,205.0,2061.0,partial_occlusion,1,0,1,0,0
458,000457.png,data/cogar_sim_500_final/rgb/000457.png,3988,9,tool,393.0,222.0,117.0,223.0,10520.0,partial_occlusion,1,0,1,0,0
458,000457.png,data/cogar_sim_500_final/rgb/000457.png,3989,3,metal_part,425.0,104.0,77.0,74.0,4332.0,partial_occlusion,1,0,1,0,0
458,000457.png,data/cogar_sim_500_final/rgb/000457.png,3990,3,metal_part,458.0,198.0,59.0,74.0,3461.0,partial_occlusion,1,0,1,0,0
458,000457.png,data/cogar_sim_500_final/rgb/000457.png,3991,2,robot_gripper,222.0,40.0,257.0,113.0,15568.0,partial_occlusion,1,0,1,0,0
458,000457.png,data/cogar_sim_500_final/rgb/000457.png,3992,2,robot_gripper,370.0,117.0,42.0,62.0,2067.0,partial_occlusion,1,0,1,0,0
458,000457.png,data/cogar_sim_500_final/rgb/000457.png,3993,2,robot_gripper,325.0,88.0,43.0,137.0,5154.0,partial_occlusion,1,0,1,0,0
459,000458.png,data/cogar_sim_500_final/rgb/000458.png,3994,1,table,0.0,0.0,640.0,480.0,291758.0,small_parts,0,0,0,1,0
459,000458.png,data/cogar_sim_500_final/rgb/000458.png,3995,6,screw,354.0,291.0,33.0,32.0,626.0,small_parts,0,0,0,1,0
459,000458.png,data/cogar_sim_500_final/rgb/000458.png,3996,6,screw,410.0,306.0,28.0,31.0,516.0,small_parts,0,0,0,1,0
459,000458.png,data/cogar_sim_500_final/rgb/000458.png,3997,6,screw,160.0,227.0,31.0,15.0,358.0,small_parts,0,0,0,1,0
459,000458.png,data/cogar_sim_500_final/rgb/000458.png,3998,7,connector,239.0,348.0,48.0,64.0,1775.0,small_parts,0,0,0,1,0
459,000458.png,data/cogar_sim_500_final/rgb/000458.png,3999,7,connector,310.0,363.0,64.0,46.0,1731.0,small_parts,0,0,0,1,0
459,000458.png,data/cogar_sim_500_final/rgb/000458.png,4000,7,connector,252.0,0.0,67.0,81.0,2999.0,small_parts,0,0,0,1,0
459,000458.png,data/cogar_sim_500_final/rgb/000458.png,4001,7,connector,307.0,218.0,75.0,48.0,1665.0,small_parts,0,0,0,1,0
459,000458.png,data/cogar_sim_500_final/rgb/000458.png,4002,6,screw,404.0,165.0,20.0,17.0,269.0,small_parts,0,0,0,1,0
459,000458.png,data/cogar_sim_500_final/rgb/000458.png,4003,6,screw,230.0,124.0,17.0,15.0,188.0,small_parts,0,0,0,1,0
459,000458.png,data/cogar_sim_500_final/rgb/000458.png,4004,6,screw,238.0,395.0,11.0,18.0,158.0,small_parts,0,0,0,1,0
459,000458.png,data/cogar_sim_500_final/rgb/000458.png,4005,7,connector,396.0,11.0,60.0,60.0,1905.0,small_parts,0,0,0,1,0
459,000458.png,data/cogar_sim_500_final/rgb/000458.png,4006,8,cable,66.0,0.0,261.0,148.0,3037.0,small_parts,0,0,0,1,0
459,000458.png,data/cogar_sim_500_final/rgb/000458.png,4007,6,screw,238.0,303.0,17.0,20.0,215.0,small_parts,0,0,0,1,0
460,000459.png,data/cogar_sim_500_final/rgb/000459.png,4008,1,table,0.0,103.0,640.0,377.0,176225.0,dynamic_scene,1,1,0,1,1
460,000459.png,data/cogar_sim_500_final/rgb/000459.png,4009,4,glass_object,416.0,155.0,108.0,203.0,18823.0,dynamic_scene,1,1,0,1,1
460,000459.png,data/cogar_sim_500_final/rgb/000459.png,4010,10,box,85.0,189.0,138.0,102.0,8910.0,dynamic_scene,1,1,0,1,1
460,000459.png,data/cogar_sim_500_final/rgb/000459.png,4011,5,plastic_object,110.0,237.0,57.0,70.0,3290.0,dynamic_scene,1,1,0,1,1
460,000459.png,data/cogar_sim_500_final/rgb/000459.png,4012,7,connector,530.0,241.0,48.0,50.0,1761.0,dynamic_scene,1,1,0,1,1
460,000459.png,data/cogar_sim_500_final/rgb/000459.png,4013,5,plastic_object,350.0,152.0,50.0,64.0,2861.0,dynamic_scene,1,1,0,1,1
460,000459.png,data/cogar_sim_500_final/rgb/000459.png,4014,8,cable,0.0,296.0,310.0,41.0,6117.0,dynamic_scene,1,1,0,1,1
461,000460.png,data/cogar_sim_500_final/rgb/000460.png,4015,1,table,181.0,284.0,459.0,196.0,45125.0,reflective_metal,1,0,0,1,0
461,000460.png,data/cogar_sim_500_final/rgb/000460.png,4016,1,table,0.0,0.0,640.0,480.0,262075.0,reflective_metal,1,0,0,1,0
462,000461.png,data/cogar_sim_500_final/rgb/000461.png,4017,1,table,0.0,3.0,640.0,477.0,194100.0,transparent_glass,0,1,1,1,0
462,000461.png,data/cogar_sim_500_final/rgb/000461.png,4018,1,table,0.0,0.0,640.0,177.0,35107.0,transparent_glass,0,1,1,1,0
462,000461.png,data/cogar_sim_500_final/rgb/000461.png,4019,4,glass_object,332.0,95.0,62.0,122.0,5247.0,transparent_glass,0,1,1,1,0
462,000461.png,data/cogar_sim_500_final/rgb/000461.png,4020,7,connector,305.0,191.0,47.0,87.0,2491.0,transparent_glass,0,1,1,1,0
462,000461.png,data/cogar_sim_500_final/rgb/000461.png,4021,5,plastic_object,200.0,317.0,95.0,134.0,9966.0,transparent_glass,0,1,1,1,0
462,000461.png,data/cogar_sim_500_final/rgb/000461.png,4022,10,box,126.0,109.0,206.0,195.0,28837.0,transparent_glass,0,1,1,1,0
462,000461.png,data/cogar_sim_500_final/rgb/000461.png,4023,2,robot_gripper,208.0,0.0,297.0,135.0,24964.0,transparent_glass,0,1,1,1,0
462,000461.png,data/cogar_sim_500_final/rgb/000461.png,4024,2,robot_gripper,270.0,0.0,63.0,161.0,3367.0,transparent_glass,0,1,1,1,0
462,000461.png,data/cogar_sim_500_final/rgb/000461.png,4025,2,robot_gripper,371.0,78.0,52.0,78.0,3121.0,transparent_glass,0,1,1,1,0
463,000462.png,data/cogar_sim_500_final/rgb/000462.png,4026,1,table,0.0,0.0,640.0,480.0,235715.0,partial_occlusion,1,1,1,0,0
463,000462.png,data/cogar_sim_500_final/rgb/000462.png,4027,1,table,0.0,0.0,44.0,409.0,9105.0,partial_occlusion,1,1,1,0,0
463,000462.png,data/cogar_sim_500_final/rgb/000462.png,4028,8,cable,259.0,0.0,184.0,100.0,2762.0,partial_occlusion,1,1,1,0,0
463,000462.png,data/cogar_sim_500_final/rgb/000462.png,4029,10,box,391.0,209.0,171.0,213.0,23687.0,partial_occlusion,1,1,1,0,0
463,000462.png,data/cogar_sim_500_final/rgb/000462.png,4030,5,plastic_object,70.0,157.0,99.0,83.0,5452.0,partial_occlusion,1,1,1,0,0
463,000462.png,data/cogar_sim_500_final/rgb/000462.png,4031,8,cable,198.0,348.0,224.0,132.0,2821.0,partial_occlusion,1,1,1,0,0
463,000462.png,data/cogar_sim_500_final/rgb/000462.png,4032,9,tool,5.0,437.0,143.0,43.0,3239.0,partial_occlusion,1,1,1,0,0
463,000462.png,data/cogar_sim_500_final/rgb/000462.png,4033,4,glass_object,405.0,0.0,139.0,74.0,5640.0,partial_occlusion,1,1,1,0,0
463,000462.png,data/cogar_sim_500_final/rgb/000462.png,4034,2,robot_gripper,224.0,231.0,165.0,249.0,16549.0,partial_occlusion,1,1,1,0,0
463,000462.png,data/cogar_sim_500_final/rgb/000462.png,4035,2,robot_gripper,246.0,279.0,65.0,59.0,2230.0,partial_occlusion,1,1,1,0,0
464,000463.png,data/cogar_sim_500_final/rgb/000463.png,4036,1,table,0.0,127.0,640.0,353.0,167844.0,small_parts,1,0,1,1,0
464,000463.png,data/cogar_sim_500_final/rgb/000463.png,4037,1,table,0.0,0.0,640.0,222.0,105073.0,small_parts,1,0,1,1,0
464,000463.png,data/cogar_sim_500_final/rgb/000463.png,4038,6,screw,318.0,252.0,15.0,15.0,152.0,small_parts,1,0,1,1,0
464,000463.png,data/cogar_sim_500_final/rgb/000463.png,4039,9,tool,70.0,220.0,124.0,80.0,3275.0,small_parts,1,0,1,1,0
464,000463.png,data/cogar_sim_500_final/rgb/000463.png,4040,7,connector,227.0,244.0,52.0,44.0,1499.0,small_parts,1,0,1,1,0
464,000463.png,data/cogar_sim_500_final/rgb/000463.png,4041,7,connector,220.0,206.0,49.0,40.0,1006.0,small_parts,1,0,1,1,0
464,000463.png,data/cogar_sim_500_final/rgb/000463.png,4042,7,connector,492.0,326.0,83.0,47.0,3084.0,small_parts,1,0,1,1,0
464,000463.png,data/cogar_sim_500_final/rgb/000463.png,4043,7,connector,495.0,292.0,24.0,43.0,883.0,small_parts,1,0,1,1,0
464,000463.png,data/cogar_sim_500_final/rgb/000463.png,4044,6,screw,186.0,271.0,6.0,16.0,44.0,small_parts,1,0,1,1,0
464,000463.png,data/cogar_sim_500_final/rgb/000463.png,4045,10,box,307.0,164.0,92.0,102.0,5821.0,small_parts,1,0,1,1,0
464,000463.png,data/cogar_sim_500_final/rgb/000463.png,4046,7,connector,127.0,265.0,63.0,37.0,1723.0,small_parts,1,0,1,1,0
464,000463.png,data/cogar_sim_500_final/rgb/000463.png,4047,3,metal_part,482.0,228.0,74.0,63.0,3508.0,small_parts,1,0,1,1,0
464,000463.png,data/cogar_sim_500_final/rgb/000463.png,4048,3,metal_part,281.0,194.0,6.0,15.0,65.0,small_parts,1,0,1,1,0
464,000463.png,data/cogar_sim_500_final/rgb/000463.png,4049,7,connector,397.0,212.0,30.0,32.0,675.0,small_parts,1,0,1,1,0
464,000463.png,data/cogar_sim_500_final/rgb/000463.png,4050,2,robot_gripper,195.0,129.0,195.0,80.0,10179.0,small_parts,1,0,1,1,0
464,000463.png,data/cogar_sim_500_final/rgb/000463.png,4051,2,robot_gripper,247.0,127.0,35.0,118.0,1692.0,small_parts,1,0,1,1,0
464,000463.png,data/cogar_sim_500_final/rgb/000463.png,4052,2,robot_gripper,315.0,127.0,32.0,26.0,677.0,small_parts,1,0,1,1,0
465,000464.png,data/cogar_sim_500_final/rgb/000464.png,4053,1,table,0.0,90.0,640.0,390.0,169483.0,dynamic_scene,1,1,1,0,1
465,000464.png,data/cogar_sim_500_final/rgb/000464.png,4054,1,table,155.0,0.0,485.0,307.0,87970.0,dynamic_scene,1,1,1,0,1
465,000464.png,data/cogar_sim_500_final/rgb/000464.png,4055,8,cable,380.0,229.0,20.0,127.0,1056.0,dynamic_scene,1,1,1,0,1
465,000464.png,data/cogar_sim_500_final/rgb/000464.png,4056,3,metal_part,136.0,169.0,53.0,85.0,3153.0,dynamic_scene,1,1,1,0,1
465,000464.png,data/cogar_sim_500_final/rgb/000464.png,4057,5,plastic_object,198.0,252.0,40.0,50.0,1728.0,dynamic_scene,1,1,1,0,1
465,000464.png,data/cogar_sim_500_final/rgb/000464.png,4058,4,glass_object,391.0,191.0,119.0,177.0,16655.0,dynamic_scene,1,1,1,0,1
465,000464.png,data/cogar_sim_500_final/rgb/000464.png,4059,2,robot_gripper,312.0,130.0,117.0,106.0,6160.0,dynamic_scene,1,1,1,0,1
465,000464.png,data/cogar_sim_500_final/rgb/000464.png,4060,2,robot_gripper,335.0,133.0,39.0,132.0,2401.0,dynamic_scene,1,1,1,0,1
465,000464.png,data/cogar_sim_500_final/rgb/000464.png,4061,2,robot_gripper,382.0,146.0,45.0,137.0,1484.0,dynamic_scene,1,1,1,0,1
466,000465.png,data/cogar_sim_500_final/rgb/000465.png,4062,1,table,0.0,0.0,640.0,480.0,234021.0,reflective_metal,1,0,1,0,0
466,000465.png,data/cogar_sim_500_final/rgb/000465.png,4063,1,table,426.0,0.0,214.0,15.0,1635.0,reflective_metal,1,0,1,0,0
466,000465.png,data/cogar_sim_500_final/rgb/000465.png,4064,9,tool,41.0,237.0,281.0,103.0,11094.0,reflective_metal,1,0,1,0,0
466,000465.png,data/cogar_sim_500_final/rgb/000465.png,4065,10,box,32.0,0.0,208.0,197.0,26435.0,reflective_metal,1,0,1,0,0
466,000465.png,data/cogar_sim_500_final/rgb/000465.png,4066,3,metal_part,542.0,47.0,93.0,130.0,5372.0,reflective_metal,1,0,1,0,0
466,000465.png,data/cogar_sim_500_final/rgb/000465.png,4067,2,robot_gripper,126.0,51.0,385.0,221.0,26939.0,reflective_metal,1,0,1,0,0
466,000465.png,data/cogar_sim_500_final/rgb/000465.png,4068,2,robot_gripper,239.0,104.0,49.0,51.0,1466.0,reflective_metal,1,0,1,0,0
466,000465.png,data/cogar_sim_500_final/rgb/000465.png,4069,2,robot_gripper,361.0,165.0,37.0,23.0,238.0,reflective_metal,1,0,1,0,0
467,000466.png,data/cogar_sim_500_final/rgb/000466.png,4070,1,table,0.0,0.0,640.0,480.0,240472.0,transparent_glass,1,1,1,1,0
467,000466.png,data/cogar_sim_500_final/rgb/000466.png,4071,5,plastic_object,484.0,200.0,63.0,99.0,5299.0,transparent_glass,1,1,1,1,0
467,000466.png,data/cogar_sim_500_final/rgb/000466.png,4072,3,metal_part,372.0,135.0,71.0,95.0,5206.0,transparent_glass,1,1,1,1,0
467,000466.png,data/cogar_sim_500_final/rgb/000466.png,4073,7,connector,213.0,306.0,87.0,50.0,2818.0,transparent_glass,1,1,1,1,0
467,000466.png,data/cogar_sim_500_final/rgb/000466.png,4074,4,glass_object,345.0,230.0,116.0,157.0,12405.0,transparent_glass,1,1,1,1,0
467,000466.png,data/cogar_sim_500_final/rgb/000466.png,4075,2,robot_gripper,114.0,76.0,278.0,104.0,16420.0,transparent_glass,1,1,1,1,0
467,000466.png,data/cogar_sim_500_final/rgb/000466.png,4076,2,robot_gripper,184.0,80.0,49.0,153.0,4814.0,transparent_glass,1,1,1,1,0
467,000466.png,data/cogar_sim_500_final/rgb/000466.png,4077,2,robot_gripper,273.0,85.0,34.0,117.0,1384.0,transparent_glass,1,1,1,1,0
468,000467.png,data/cogar_sim_500_final/rgb/000467.png,4078,1,table,0.0,0.0,640.0,480.0,232021.0,partial_occlusion,1,1,1,1,0
468,000467.png,data/cogar_sim_500_final/rgb/000467.png,4079,7,connector,254.0,252.0,8.0,4.0,22.0,partial_occlusion,1,1,1,1,0
468,000467.png,data/cogar_sim_500_final/rgb/000467.png,4080,5,plastic_object,439.0,218.0,65.0,53.0,2762.0,partial_occlusion,1,1,1,1,0
468,000467.png,data/cogar_sim_500_final/rgb/000467.png,4081,9,tool,161.0,172.0,49.0,189.0,6700.0,partial_occlusion,1,1,1,1,0
468,000467.png,data/cogar_sim_500_final/rgb/000467.png,4082,10,box,198.0,42.0,89.0,92.0,3333.0,partial_occlusion,1,1,1,1,0
468,000467.png,data/cogar_sim_500_final/rgb/000467.png,4083,3,metal_part,370.0,360.0,43.0,60.0,1988.0,partial_occlusion,1,1,1,1,0
468,000467.png,data/cogar_sim_500_final/rgb/000467.png,4084,10,box,281.0,147.0,99.0,152.0,11455.0,partial_occlusion,1,1,1,1,0
468,000467.png,data/cogar_sim_500_final/rgb/000467.png,4085,4,glass_object,263.0,41.0,112.0,128.0,10309.0,partial_occlusion,1,1,1,1,0
468,000467.png,data/cogar_sim_500_final/rgb/000467.png,4086,2,robot_gripper,184.0,77.0,107.0,178.0,9778.0,partial_occlusion,1,1,1,1,0
468,000467.png,data/cogar_sim_500_final/rgb/000467.png,4087,2,robot_gripper,197.0,98.0,41.0,145.0,1752.0,partial_occlusion,1,1,1,1,0
468,000467.png,data/cogar_sim_500_final/rgb/000467.png,4088,2,robot_gripper,256.0,125.0,44.0,153.0,2446.0,partial_occlusion,1,1,1,1,0
469,000468.png,data/cogar_sim_500_final/rgb/000468.png,4089,1,table,0.0,0.0,640.0,480.0,243037.0,small_parts,1,0,0,1,0
469,000468.png,data/cogar_sim_500_final/rgb/000468.png,4090,6,screw,554.0,345.0,33.0,41.0,692.0,small_parts,1,0,0,1,0
469,000468.png,data/cogar_sim_500_final/rgb/000468.png,4091,8,cable,113.0,138.0,175.0,36.0,1431.0,small_parts,1,0,0,1,0
469,000468.png,data/cogar_sim_500_final/rgb/000468.png,4092,7,connector,214.0,155.0,59.0,35.0,1278.0,small_parts,1,0,0,1,0
469,000468.png,data/cogar_sim_500_final/rgb/000468.png,4093,7,connector,192.0,176.0,33.0,44.0,916.0,small_parts,1,0,0,1,0
469,000468.png,data/cogar_sim_500_final/rgb/000468.png,4094,6,screw,225.0,241.0,1.0,2.0,2.0,small_parts,1,0,0,1,0
469,000468.png,data/cogar_sim_500_final/rgb/000468.png,4095,8,cable,303.0,197.0,192.0,201.0,1222.0,small_parts,1,0,0,1,0
469,000468.png,data/cogar_sim_500_final/rgb/000468.png,4096,10,box,222.0,143.0,252.0,225.0,37855.0,small_parts,1,0,0,1,0
469,000468.png,data/cogar_sim_500_final/rgb/000468.png,4097,3,metal_part,213.0,309.0,97.0,147.0,10585.0,small_parts,1,0,0,1,0
469,000468.png,data/cogar_sim_500_final/rgb/000468.png,4098,7,connector,199.0,281.0,83.0,63.0,2846.0,small_parts,1,0,0,1,0
470,000469.png,data/cogar_sim_500_final/rgb/000469.png,4099,1,table,0.0,367.0,564.0,113.0,32149.0,dynamic_scene,1,0,1,1,1
470,000469.png,data/cogar_sim_500_final/rgb/000469.png,4100,1,table,0.0,0.0,640.0,480.0,275051.0,dynamic_scene,1,0,1,1,1
471,000470.png,data/cogar_sim_500_final/rgb/000470.png,4101,1,table,0.0,0.0,640.0,480.0,245933.0,reflective_metal,1,0,1,0,0
471,000470.png,data/cogar_sim_500_final/rgb/000470.png,4102,3,metal_part,430.0,65.0,80.0,123.0,8090.0,reflective_metal,1,0,1,0,0
471,000470.png,data/cogar_sim_500_final/rgb/000470.png,4103,10,box,398.0,220.0,143.0,127.0,12828.0,reflective_metal,1,0,1,0,0
471,000470.png,data/cogar_sim_500_final/rgb/000470.png,4104,9,tool,397.0,195.0,243.0,49.0,8831.0,reflective_metal,1,0,1,0,0
471,000470.png,data/cogar_sim_500_final/rgb/000470.png,4105,2,robot_gripper,175.0,65.0,241.0,88.0,17442.0,reflective_metal,1,0,1,0,0
471,000470.png,data/cogar_sim_500_final/rgb/000470.png,4106,2,robot_gripper,227.0,58.0,40.0,159.0,2817.0,reflective_metal,1,0,1,0,0
471,000470.png,data/cogar_sim_500_final/rgb/000470.png,4107,2,robot_gripper,324.0,44.0,36.0,175.0,3512.0,reflective_metal,1,0,1,0,0
472,000471.png,data/cogar_sim_500_final/rgb/000471.png,4108,1,table,39.0,0.0,601.0,480.0,238794.0,transparent_glass,1,1,1,1,0
472,000471.png,data/cogar_sim_500_final/rgb/000471.png,4109,1,table,0.0,0.0,77.0,480.0,27889.0,transparent_glass,1,1,1,1,0
472,000471.png,data/cogar_sim_500_final/rgb/000471.png,4110,10,box,198.0,145.0,179.0,169.0,16220.0,transparent_glass,1,1,1,1,0
472,000471.png,data/cogar_sim_500_final/rgb/000471.png,4111,9,tool,256.0,0.0,157.0,161.0,6617.0,transparent_glass,1,1,1,1,0
472,000471.png,data/cogar_sim_500_final/rgb/000471.png,4112,7,connector,388.0,25.0,76.0,72.0,2449.0,transparent_glass,1,1,1,1,0
472,000471.png,data/cogar_sim_500_final/rgb/000471.png,4113,2,robot_gripper,309.0,217.0,93.0,247.0,11766.0,transparent_glass,1,1,1,1,0
472,000471.png,data/cogar_sim_500_final/rgb/000471.png,4114,2,robot_gripper,311.0,367.0,49.0,51.0,1898.0,transparent_glass,1,1,1,1,0
472,000471.png,data/cogar_sim_500_final/rgb/000471.png,4115,2,robot_gripper,300.0,268.0,49.0,42.0,1567.0,transparent_glass,1,1,1,1,0
473,000472.png,data/cogar_sim_500_final/rgb/000472.png,4116,1,table,0.0,257.0,128.0,223.0,14361.0,partial_occlusion,1,1,1,0,0
473,000472.png,data/cogar_sim_500_final/rgb/000472.png,4117,1,table,0.0,0.0,640.0,480.0,292839.0,partial_occlusion,1,1,1,0,0
474,000473.png,data/cogar_sim_500_final/rgb/000473.png,4118,1,table,0.0,0.0,640.0,480.0,239788.0,small_parts,1,0,1,1,0
474,000473.png,data/cogar_sim_500_final/rgb/000473.png,4119,3,metal_part,333.0,180.0,77.0,52.0,1153.0,small_parts,1,0,1,1,0
474,000473.png,data/cogar_sim_500_final/rgb/000473.png,4120,10,box,372.0,83.0,140.0,91.0,3600.0,small_parts,1,0,1,1,0
474,000473.png,data/cogar_sim_500_final/rgb/000473.png,4121,10,box,310.0,187.0,221.0,206.0,29750.0,small_parts,1,0,1,1,0
474,000473.png,data/cogar_sim_500_final/rgb/000473.png,4122,6,screw,213.0,284.0,26.0,27.0,429.0,small_parts,1,0,1,1,0
474,000473.png,data/cogar_sim_500_final/rgb/000473.png,4123,7,connector,489.0,160.0,74.0,69.0,3089.0,small_parts,1,0,1,1,0
474,000473.png,data/cogar_sim_500_final/rgb/000473.png,4124,6,screw,193.0,252.0,14.0,19.0,215.0,small_parts,1,0,1,1,0
474,000473.png,data/cogar_sim_500_final/rgb/000473.png,4125,7,connector,323.0,359.0,87.0,64.0,4084.0,small_parts,1,0,1,1,0
474,000473.png,data/cogar_sim_500_final/rgb/000473.png,4126,6,screw,165.0,365.0,22.0,33.0,518.0,small_parts,1,0,1,1,0
474,000473.png,data/cogar_sim_500_final/rgb/000473.png,4127,7,connector,381.0,166.0,85.0,43.0,767.0,small_parts,1,0,1,1,0
474,000473.png,data/cogar_sim_500_final/rgb/000473.png,4128,8,cable,127.0,238.0,188.0,109.0,2565.0,small_parts,1,0,1,1,0
474,000473.png,data/cogar_sim_500_final/rgb/000473.png,4129,2,robot_gripper,345.0,17.0,128.0,152.0,10177.0,small_parts,1,0,1,1,0
474,000473.png,data/cogar_sim_500_final/rgb/000473.png,4130,2,robot_gripper,414.0,38.0,44.0,144.0,1252.0,small_parts,1,0,1,1,0
474,000473.png,data/cogar_sim_500_final/rgb/000473.png,4131,2,robot_gripper,386.0,65.0,57.0,130.0,3114.0,small_parts,1,0,1,1,0
475,000474.png,data/cogar_sim_500_final/rgb/000474.png,4132,1,table,0.0,113.0,640.0,367.0,165077.0,dynamic_scene,0,0,1,0,1
475,000474.png,data/cogar_sim_500_final/rgb/000474.png,4133,1,table,301.0,0.0,339.0,310.0,66603.0,dynamic_scene,0,0,1,0,1
475,000474.png,data/cogar_sim_500_final/rgb/000474.png,4134,5,plastic_object,478.0,251.0,16.0,45.0,561.0,dynamic_scene,0,0,1,0,1
475,000474.png,data/cogar_sim_500_final/rgb/000474.png,4135,5,plastic_object,252.0,189.0,44.0,48.0,1660.0,dynamic_scene,0,0,1,0,1
475,000474.png,data/cogar_sim_500_final/rgb/000474.png,4136,10,box,357.0,215.0,142.0,116.0,10630.0,dynamic_scene,0,0,1,0,1
475,000474.png,data/cogar_sim_500_final/rgb/000474.png,4137,5,plastic_object,242.0,297.0,71.0,53.0,2883.0,dynamic_scene,0,0,1,0,1
475,000474.png,data/cogar_sim_500_final/rgb/000474.png,4138,2,robot_gripper,238.0,116.0,237.0,110.0,14346.0,dynamic_scene,0,0,1,0,1
475,000474.png,data/cogar_sim_500_final/rgb/000474.png,4139,2,robot_gripper,327.0,106.0,43.0,172.0,3508.0,dynamic_scene,0,0,1,0,1
475,000474.png,data/cogar_sim_500_final/rgb/000474.png,4140,2,robot_gripper,361.0,134.0,48.0,167.0,3333.0,dynamic_scene,0,0,1,0,1
476,000475.png,data/cogar_sim_500_final/rgb/000475.png,4141,1,table,0.0,99.0,640.0,381.0,167979.0,reflective_metal,1,0,0,1,0
476,000475.png,data/cogar_sim_500_final/rgb/000475.png,4142,1,table,326.0,0.0,314.0,281.0,58158.0,reflective_metal,1,0,0,1,0
476,000475.png,data/cogar_sim_500_final/rgb/000475.png,4143,3,metal_part,465.0,184.0,92.0,122.0,8024.0,reflective_metal,1,0,0,1,0
476,000475.png,data/cogar_sim_500_final/rgb/000475.png,4144,6,screw,361.0,207.0,10.0,21.0,108.0,reflective_metal,1,0,0,1,0
476,000475.png,data/cogar_sim_500_final/rgb/000475.png,4145,3,metal_part,330.0,153.0,32.0,106.0,2700.0,reflective_metal,1,0,0,1,0
476,000475.png,data/cogar_sim_500_final/rgb/000475.png,4146,3,metal_part,401.0,175.0,72.0,55.0,2750.0,reflective_metal,1,0,0,1,0
476,000475.png,data/cogar_sim_500_final/rgb/000475.png,4147,3,metal_part,360.0,133.0,36.0,68.0,1781.0,reflective_metal,1,0,0,1,0
476,000475.png,data/cogar_sim_500_final/rgb/000475.png,4148,3,metal_part,364.0,239.0,74.0,47.0,2644.0,reflective_metal,1,0,0,1,0
476,000475.png,data/cogar_sim_500_final/rgb/000475.png,4149,10,box,115.0,144.0,150.0,97.0,11559.0,reflective_metal,1,0,0,1,0
476,000475.png,data/cogar_sim_500_final/rgb/000475.png,4150,9,tool,293.0,233.0,47.0,91.0,3257.0,reflective_metal,1,0,0,1,0
476,000475.png,data/cogar_sim_500_final/rgb/000475.png,4151,9,tool,102.0,247.0,196.0,128.0,9092.0,reflective_metal,1,0,0,1,0
476,000475.png,data/cogar_sim_500_final/rgb/000475.png,4152,9,tool,226.0,170.0,138.0,73.0,3025.0,reflective_metal,1,0,0,1,0
477,000476.png,data/cogar_sim_500_final/rgb/000476.png,4153,1,table,0.0,248.0,253.0,232.0,29405.0,transparent_glass,1,1,1,1,0
477,000476.png,data/cogar_sim_500_final/rgb/000476.png,4154,1,table,0.0,0.0,640.0,480.0,275953.0,transparent_glass,1,1,1,1,0
478,000477.png,data/cogar_sim_500_final/rgb/000477.png,4155,1,table,0.0,0.0,640.0,480.0,241568.0,partial_occlusion,1,1,1,0,0
478,000477.png,data/cogar_sim_500_final/rgb/000477.png,4156,1,table,513.0,0.0,127.0,213.0,13613.0,partial_occlusion,1,1,1,0,0
478,000477.png,data/cogar_sim_500_final/rgb/000477.png,4157,3,metal_part,111.0,56.0,57.0,58.0,2583.0,partial_occlusion,1,1,1,0,0
478,000477.png,data/cogar_sim_500_final/rgb/000477.png,4158,5,plastic_object,303.0,197.0,64.0,54.0,1862.0,partial_occlusion,1,1,1,0,0
478,000477.png,data/cogar_sim_500_final/rgb/000477.png,4159,4,glass_object,215.0,410.0,131.0,70.0,8763.0,partial_occlusion,1,1,1,0,0
478,000477.png,data/cogar_sim_500_final/rgb/000477.png,4160,5,plastic_object,373.0,347.0,79.0,63.0,2749.0,partial_occlusion,1,1,1,0,0
478,000477.png,data/cogar_sim_500_final/rgb/000477.png,4161,8,cable,172.0,195.0,363.0,25.0,5549.0,partial_occlusion,1,1,1,0,0
478,000477.png,data/cogar_sim_500_final/rgb/000477.png,4162,10,box,189.0,0.0,164.0,85.0,7461.0,partial_occlusion,1,1,1,0,0
478,000477.png,data/cogar_sim_500_final/rgb/000477.png,4163,8,cable,92.0,62.0,100.0,334.0,4185.0,partial_occlusion,1,1,1,0,0
478,000477.png,data/cogar_sim_500_final/rgb/000477.png,4164,2,robot_gripper,276.0,216.0,263.0,217.0,15438.0,partial_occlusion,1,1,1,0,0
478,000477.png,data/cogar_sim_500_final/rgb/000477.png,4165,2,robot_gripper,375.0,234.0,53.0,51.0,1387.0,partial_occlusion,1,1,1,0,0
478,000477.png,data/cogar_sim_500_final/rgb/000477.png,4166,2,robot_gripper,430.0,330.0,62.0,62.0,2042.0,partial_occlusion,1,1,1,0,0
479,000478.png,data/cogar_sim_500_final/rgb/000478.png,4167,1,table,0.0,134.0,640.0,346.0,150027.0,small_parts,1,0,0,1,0
479,000478.png,data/cogar_sim_500_final/rgb/000478.png,4168,1,table,0.0,0.0,617.0,259.0,115663.0,small_parts,1,0,0,1,0
479,000478.png,data/cogar_sim_500_final/rgb/000478.png,4169,10,box,252.0,162.0,99.0,88.0,6567.0,small_parts,1,0,0,1,0
479,000478.png,data/cogar_sim_500_final/rgb/000478.png,4170,7,connector,364.0,271.0,45.0,40.0,1112.0,small_parts,1,0,0,1,0
479,000478.png,data/cogar_sim_500_final/rgb/000478.png,4171,7,connector,181.0,277.0,35.0,48.0,1412.0,small_parts,1,0,0,1,0
479,000478.png,data/cogar_sim_500_final/rgb/000478.png,4172,6,screw,409.0,240.0,19.0,18.0,190.0,small_parts,1,0,0,1,0
479,000478.png,data/cogar_sim_500_final/rgb/000478.png,4173,5,plastic_object,203.0,221.0,54.0,34.0,1371.0,small_parts,1,0,0,1,0
479,000478.png,data/cogar_sim_500_final/rgb/000478.png,4174,7,connector,224.0,321.0,84.0,44.0,2478.0,small_parts,1,0,0,1,0
479,000478.png,data/cogar_sim_500_final/rgb/000478.png,4175,8,cable,164.0,209.0,51.0,28.0,518.0,small_parts,1,0,0,1,0
479,000478.png,data/cogar_sim_500_final/rgb/000478.png,4176,6,screw,423.0,223.0,19.0,17.0,216.0,small_parts,1,0,0,1,0
479,000478.png,data/cogar_sim_500_final/rgb/000478.png,4177,10,box,319.0,157.0,106.0,105.0,6387.0,small_parts,1,0,0,1,0
479,000478.png,data/cogar_sim_500_final/rgb/000478.png,4178,6,screw,85.0,270.0,10.0,20.0,170.0,small_parts,1,0,0,1,0
479,000478.png,data/cogar_sim_500_final/rgb/000478.png,4179,10,box,192.0,235.0,176.0,87.0,10407.0,small_parts,1,0,0,1,0
479,000478.png,data/cogar_sim_500_final/rgb/000478.png,4180,9,tool,128.0,278.0,48.0,155.0,6244.0,small_parts,1,0,0,1,0
480,000479.png,data/cogar_sim_500_final/rgb/000479.png,4181,1,table,309.0,330.0,331.0,150.0,24885.0,dynamic_scene,1,1,0,1,1
480,000479.png,data/cogar_sim_500_final/rgb/000479.png,4182,1,table,0.0,0.0,640.0,480.0,282315.0,dynamic_scene,1,1,0,1,1
481,000480.png,data/cogar_sim_500_final/rgb/000480.png,4183,1,table,0.0,50.0,640.0,430.0,177171.0,reflective_metal,1,0,1,0,0
481,000480.png,data/cogar_sim_500_final/rgb/000480.png,4184,1,table,0.0,0.0,640.0,182.0,66979.0,reflective_metal,1,0,1,0,0
481,000480.png,data/cogar_sim_500_final/rgb/000480.png,4185,10,box,329.0,229.0,221.0,196.0,24192.0,reflective_metal,1,0,1,0,0
481,000480.png,data/cogar_sim_500_final/rgb/000480.png,4186,3,metal_part,231.0,168.0,41.0,85.0,3031.0,reflective_metal,1,0,1,0,0
481,000480.png,data/cogar_sim_500_final/rgb/000480.png,4187,9,tool,335.0,259.0,239.0,171.0,3091.0,reflective_metal,1,0,1,0,0
481,000480.png,data/cogar_sim_500_final/rgb/000480.png,4188,3,metal_part,264.0,288.0,86.0,92.0,4836.0,reflective_metal,1,0,1,0,0
481,000480.png,data/cogar_sim_500_final/rgb/000480.png,4189,5,plastic_object,254.0,243.0,74.0,61.0,3329.0,reflective_metal,1,0,1,0,0
481,000480.png,data/cogar_sim_500_final/rgb/000480.png,4190,3,metal_part,201.0,144.0,73.0,87.0,2271.0,reflective_metal,1,0,1,0,0
481,000480.png,data/cogar_sim_500_final/rgb/000480.png,4191,3,metal_part,441.0,165.0,39.0,77.0,2022.0,reflective_metal,1,0,1,0,0
481,000480.png,data/cogar_sim_500_final/rgb/000480.png,4192,2,robot_gripper,260.0,74.0,249.0,73.0,15627.0,reflective_metal,1,0,1,0,0
481,000480.png,data/cogar_sim_500_final/rgb/000480.png,4193,2,robot_gripper,321.0,64.0,30.0,150.0,2813.0,reflective_metal,1,0,1,0,0
481,000480.png,data/cogar_sim_500_final/rgb/000480.png,4194,2,robot_gripper,391.0,61.0,39.0,126.0,1838.0,reflective_metal,1,0,1,0,0
482,000481.png,data/cogar_sim_500_final/rgb/000481.png,4195,1,table,0.0,91.0,640.0,389.0,145329.0,transparent_glass,1,1,1,1,0
482,000481.png,data/cogar_sim_500_final/rgb/000481.png,4196,1,table,0.0,0.0,640.0,213.0,72404.0,transparent_glass,1,1,1,1,0
482,000481.png,data/cogar_sim_500_final/rgb/000481.png,4197,4,glass_object,379.0,86.0,65.0,96.0,2823.0,transparent_glass,1,1,1,1,0
482,000481.png,data/cogar_sim_500_final/rgb/000481.png,4198,10,box,235.0,182.0,186.0,169.0,26479.0,transparent_glass,1,1,1,1,0
482,000481.png,data/cogar_sim_500_final/rgb/000481.png,4199,3,metal_part,0.0,369.0,52.0,111.0,4255.0,transparent_glass,1,1,1,1,0
482,000481.png,data/cogar_sim_500_final/rgb/000481.png,4200,7,connector,466.0,251.0,12.0,39.0,293.0,transparent_glass,1,1,1,1,0
482,000481.png,data/cogar_sim_500_final/rgb/000481.png,4201,4,glass_object,204.0,79.0,83.0,75.0,3773.0,transparent_glass,1,1,1,1,0
482,000481.png,data/cogar_sim_500_final/rgb/000481.png,4202,4,glass_object,391.0,127.0,89.0,200.0,12378.0,transparent_glass,1,1,1,1,0
482,000481.png,data/cogar_sim_500_final/rgb/000481.png,4203,4,glass_object,36.0,110.0,148.0,181.0,20237.0,transparent_glass,1,1,1,1,0
482,000481.png,data/cogar_sim_500_final/rgb/000481.png,4204,2,robot_gripper,179.0,74.0,248.0,177.0,17192.0,transparent_glass,1,1,1,1,0
482,000481.png,data/cogar_sim_500_final/rgb/000481.png,4205,2,robot_gripper,225.0,117.0,46.0,154.0,745.0,transparent_glass,1,1,1,1,0
482,000481.png,data/cogar_sim_500_final/rgb/000481.png,4206,2,robot_gripper,326.0,87.0,56.0,96.0,1292.0,transparent_glass,1,1,1,1,0
483,000482.png,data/cogar_sim_500_final/rgb/000482.png,4207,1,table,0.0,0.0,640.0,480.0,193063.0,partial_occlusion,1,0,1,0,0
483,000482.png,data/cogar_sim_500_final/rgb/000482.png,4208,1,table,0.0,0.0,361.0,336.0,60862.0,partial_occlusion,1,0,1,0,0
483,000482.png,data/cogar_sim_500_final/rgb/000482.png,4209,8,cable,379.0,245.0,114.0,74.0,803.0,partial_occlusion,1,0,1,0,0
483,000482.png,data/cogar_sim_500_final/rgb/000482.png,4210,9,tool,158.0,209.0,282.0,98.0,11340.0,partial_occlusion,1,0,1,0,0
483,000482.png,data/cogar_sim_500_final/rgb/000482.png,4211,9,tool,328.0,236.0,191.0,173.0,3501.0,partial_occlusion,1,0,1,0,0
483,000482.png,data/cogar_sim_500_final/rgb/000482.png,4212,10,box,388.0,276.0,100.0,113.0,9732.0,partial_occlusion,1,0,1,0,0
483,000482.png,data/cogar_sim_500_final/rgb/000482.png,4213,10,box,461.0,110.0,129.0,136.0,12234.0,partial_occlusion,1,0,1,0,0
483,000482.png,data/cogar_sim_500_final/rgb/000482.png,4214,2,robot_gripper,361.0,21.0,72.0,185.0,8407.0,partial_occlusion,1,0,1,0,0
483,000482.png,data/cogar_sim_500_final/rgb/000482.png,4215,2,robot_gripper,337.0,80.0,40.0,147.0,5134.0,partial_occlusion,1,0,1,0,0
483,000482.png,data/cogar_sim_500_final/rgb/000482.png,4216,2,robot_gripper,373.0,43.0,36.0,143.0,835.0,partial_occlusion,1,0,1,0,0
484,000483.png,data/cogar_sim_500_final/rgb/000483.png,4217,1,table,0.0,0.0,640.0,480.0,184894.0,small_parts,1,0,1,1,0
484,000483.png,data/cogar_sim_500_final/rgb/000483.png,4218,1,table,372.0,0.0,268.0,357.0,47913.0,small_parts,1,0,1,1,0
484,000483.png,data/cogar_sim_500_final/rgb/000483.png,4219,9,tool,318.0,315.0,201.0,108.0,8951.0,small_parts,1,0,1,1,0
484,000483.png,data/cogar_sim_500_final/rgb/000483.png,4220,10,box,360.0,223.0,146.0,129.0,16145.0,small_parts,1,0,1,1,0
484,000483.png,data/cogar_sim_500_final/rgb/000483.png,4221,10,box,138.0,365.0,139.0,115.0,14682.0,small_parts,1,0,1,1,0
484,000483.png,data/cogar_sim_500_final/rgb/000483.png,4222,5,plastic_object,371.0,171.0,54.0,55.0,2334.0,small_parts,1,0,1,1,0
484,000483.png,data/cogar_sim_500_final/rgb/000483.png,4223,7,connector,356.0,367.0,40.0,101.0,3046.0,small_parts,1,0,1,1,0
484,000483.png,data/cogar_sim_500_final/rgb/000483.png,4224,3,metal_part,242.0,80.0,49.0,64.0,2091.0,small_parts,1,0,1,1,0
484,000483.png,data/cogar_sim_500_final/rgb/000483.png,4225,7,connector,153.0,109.0,67.0,39.0,1729.0,small_parts,1,0,1,1,0
484,000483.png,data/cogar_sim_500_final/rgb/000483.png,4226,6,screw,114.0,178.0,22.0,20.0,324.0,small_parts,1,0,1,1,0
484,000483.png,data/cogar_sim_500_final/rgb/000483.png,4227,2,robot_gripper,227.0,52.0,145.0,235.0,14736.0,small_parts,1,0,1,1,0
484,000483.png,data/cogar_sim_500_final/rgb/000483.png,4228,2,robot_gripper,294.0,70.0,50.0,186.0,1976.0,small_parts,1,0,1,1,0
484,000483.png,data/cogar_sim_500_final/rgb/000483.png,4229,2,robot_gripper,321.0,128.0,53.0,185.0,8379.0,small_parts,1,0,1,1,0
485,000484.png,data/cogar_sim_500_final/rgb/000484.png,4230,1,table,0.0,0.0,640.0,480.0,247308.0,dynamic_scene,1,1,1,1,1
485,000484.png,data/cogar_sim_500_final/rgb/000484.png,4231,6,screw,202.0,248.0,18.0,21.0,215.0,dynamic_scene,1,1,1,1,1
485,000484.png,data/cogar_sim_500_final/rgb/000484.png,4232,3,metal_part,502.0,203.0,60.0,40.0,1011.0,dynamic_scene,1,1,1,1,1
485,000484.png,data/cogar_sim_500_final/rgb/000484.png,4233,3,metal_part,465.0,129.0,81.0,65.0,3751.0,dynamic_scene,1,1,1,1,1
485,000484.png,data/cogar_sim_500_final/rgb/000484.png,4234,5,plastic_object,96.0,275.0,66.0,83.0,4288.0,dynamic_scene,1,1,1,1,1
485,000484.png,data/cogar_sim_500_final/rgb/000484.png,4235,4,glass_object,449.0,215.0,121.0,171.0,14343.0,dynamic_scene,1,1,1,1,1
485,000484.png,data/cogar_sim_500_final/rgb/000484.png,4236,2,robot_gripper,175.0,38.0,282.0,149.0,19082.0,dynamic_scene,1,1,1,1,1
485,000484.png,data/cogar_sim_500_final/rgb/000484.png,4237,2,robot_gripper,249.0,50.0,47.0,153.0,3459.0,dynamic_scene,1,1,1,1,1
485,000484.png,data/cogar_sim_500_final/rgb/000484.png,4238,2,robot_gripper,335.0,55.0,46.0,162.0,3146.0,dynamic_scene,1,1,1,1,1
486,000485.png,data/cogar_sim_500_final/rgb/000485.png,4239,1,table,0.0,407.0,640.0,73.0,33709.0,reflective_metal,1,0,1,1,0
486,000485.png,data/cogar_sim_500_final/rgb/000485.png,4240,1,table,0.0,0.0,640.0,448.0,273491.0,reflective_metal,1,0,1,1,0
487,000486.png,data/cogar_sim_500_final/rgb/000486.png,4241,1,table,0.0,0.0,630.0,480.0,243789.0,transparent_glass,0,1,0,0,0
487,000486.png,data/cogar_sim_500_final/rgb/000486.png,4242,1,table,564.0,0.0,76.0,480.0,20738.0,transparent_glass,0,1,0,0,0
487,000486.png,data/cogar_sim_500_final/rgb/000486.png,4243,4,glass_object,308.0,123.0,90.0,112.0,7833.0,transparent_glass,0,1,0,0,0
487,000486.png,data/cogar_sim_500_final/rgb/000486.png,4244,10,box,190.0,49.0,164.0,166.0,14770.0,transparent_glass,0,1,0,0,0
487,000486.png,data/cogar_sim_500_final/rgb/000486.png,4245,4,glass_object,192.0,0.0,113.0,68.0,5353.0,transparent_glass,0,1,0,0,0
487,000486.png,data/cogar_sim_500_final/rgb/000486.png,4246,5,plastic_object,396.0,172.0,97.0,95.0,7199.0,transparent_glass,0,1,0,0,0
487,000486.png,data/cogar_sim_500_final/rgb/000486.png,4247,4,glass_object,250.0,0.0,65.0,51.0,1671.0,transparent_glass,0,1,0,0,0
487,000486.png,data/cogar_sim_500_final/rgb/000486.png,4248,4,glass_object,205.0,343.0,83.0,76.0,5847.0,transparent_glass,0,1,0,0,0
488,000487.png,data/cogar_sim_500_final/rgb/000487.png,4249,1,table,0.0,0.0,602.0,480.0,200027.0,partial_occlusion,1,0,1,0,0
488,000487.png,data/cogar_sim_500_final/rgb/000487.png,4250,1,table,469.0,0.0,171.0,480.0,50214.0,partial_occlusion,1,0,1,0,0
488,000487.png,data/cogar_sim_500_final/rgb/000487.png,4251,3,metal_part,346.0,100.0,42.0,72.0,2505.0,partial_occlusion,1,0,1,0,0
488,000487.png,data/cogar_sim_500_final/rgb/000487.png,4252,10,box,207.0,234.0,161.0,171.0,21847.0,partial_occlusion,1,0,1,0,0
488,000487.png,data/cogar_sim_500_final/rgb/000487.png,4253,3,metal_part,396.0,296.0,66.0,65.0,3097.0,partial_occlusion,1,0,1,0,0
488,000487.png,data/cogar_sim_500_final/rgb/000487.png,4254,5,plastic_object,207.0,143.0,70.0,99.0,5077.0,partial_occlusion,1,0,1,0,0
488,000487.png,data/cogar_sim_500_final/rgb/000487.png,4255,9,tool,151.0,293.0,67.0,187.0,5888.0,partial_occlusion,1,0,1,0,0
488,000487.png,data/cogar_sim_500_final/rgb/000487.png,4256,9,tool,303.0,267.0,88.0,213.0,5622.0,partial_occlusion,1,0,1,0,0
488,000487.png,data/cogar_sim_500_final/rgb/000487.png,4257,2,robot_gripper,270.0,65.0,71.0,185.0,9467.0,partial_occlusion,1,0,1,0,0
488,000487.png,data/cogar_sim_500_final/rgb/000487.png,4258,2,robot_gripper,323.0,91.0,24.0,45.0,872.0,partial_occlusion,1,0,1,0,0
488,000487.png,data/cogar_sim_500_final/rgb/000487.png,4259,2,robot_gripper,303.0,135.0,46.0,131.0,2584.0,partial_occlusion,1,0,1,0,0
489,000488.png,data/cogar_sim_500_final/rgb/000488.png,4260,1,table,50.0,0.0,590.0,480.0,242138.0,small_parts,0,0,1,1,0
489,000488.png,data/cogar_sim_500_final/rgb/000488.png,4261,1,table,0.0,0.0,82.0,480.0,31771.0,small_parts,0,0,1,1,0
489,000488.png,data/cogar_sim_500_final/rgb/000488.png,4262,6,screw,277.0,340.0,23.0,20.0,386.0,small_parts,0,0,1,1,0
489,000488.png,data/cogar_sim_500_final/rgb/000488.png,4263,8,cable,235.0,310.0,34.0,170.0,3203.0,small_parts,0,0,1,1,0
489,000488.png,data/cogar_sim_500_final/rgb/000488.png,4264,7,connector,322.0,272.0,61.0,64.0,2469.0,small_parts,0,0,1,1,0
489,000488.png,data/cogar_sim_500_final/rgb/000488.png,4265,6,screw,455.0,378.0,32.0,26.0,430.0,small_parts,0,0,1,1,0
489,000488.png,data/cogar_sim_500_final/rgb/000488.png,4266,7,connector,371.0,187.0,69.0,71.0,2891.0,small_parts,0,0,1,1,0
489,000488.png,data/cogar_sim_500_final/rgb/000488.png,4267,5,plastic_object,279.0,142.0,21.0,31.0,221.0,small_parts,0,0,1,1,0
489,000488.png,data/cogar_sim_500_final/rgb/000488.png,4268,7,connector,201.0,99.0,19.0,30.0,470.0,small_parts,0,0,1,1,0
489,000488.png,data/cogar_sim_500_final/rgb/000488.png,4269,7,connector,131.0,134.0,64.0,28.0,1626.0,small_parts,0,0,1,1,0
489,000488.png,data/cogar_sim_500_final/rgb/000488.png,4270,2,robot_gripper,166.0,21.0,182.0,235.0,17994.0,small_parts,0,0,1,1,0
489,000488.png,data/cogar_sim_500_final/rgb/000488.png,4271,2,robot_gripper,233.0,153.0,46.0,106.0,2072.0,small_parts,0,0,1,1,0
489,000488.png,data/cogar_sim_500_final/rgb/000488.png,4272,2,robot_gripper,216.0,72.0,43.0,56.0,1162.0,small_parts,0,0,1,1,0
490,000489.png,data/cogar_sim_500_final/rgb/000489.png,4273,1,table,508.0,208.0,132.0,272.0,18067.0,dynamic_scene,1,0,1,1,1
490,000489.png,data/cogar_sim_500_final/rgb/000489.png,4274,1,table,0.0,0.0,640.0,480.0,289133.0,dynamic_scene,1,0,1,1,1
491,000490.png,data/cogar_sim_500_final/rgb/000490.png,4275,1,table,0.0,0.0,640.0,480.0,282053.0,reflective_metal,1,0,0,1,0
491,000490.png,data/cogar_sim_500_final/rgb/000490.png,4276,5,plastic_object,169.0,204.0,68.0,69.0,3104.0,reflective_metal,1,0,0,1,0
491,000490.png,data/cogar_sim_500_final/rgb/000490.png,4277,7,connector,295.0,93.0,41.0,45.0,844.0,reflective_metal,1,0,0,1,0
491,000490.png,data/cogar_sim_500_final/rgb/000490.png,4278,3,metal_part,298.0,21.0,64.0,51.0,2315.0,reflective_metal,1,0,0,1,0
491,000490.png,data/cogar_sim_500_final/rgb/000490.png,4279,9,tool,361.0,165.0,203.0,42.0,5626.0,reflective_metal,1,0,0,1,0
491,000490.png,data/cogar_sim_500_final/rgb/000490.png,4280,3,metal_part,284.0,45.0,53.0,48.0,1408.0,reflective_metal,1,0,0,1,0
491,000490.png,data/cogar_sim_500_final/rgb/000490.png,4281,9,tool,122.0,187.0,167.0,172.0,4785.0,reflective_metal,1,0,0,1,0
491,000490.png,data/cogar_sim_500_final/rgb/000490.png,4282,7,connector,262.0,384.0,65.0,75.0,1757.0,reflective_metal,1,0,0,1,0
491,000490.png,data/cogar_sim_500_final/rgb/000490.png,4283,3,metal_part,357.0,104.0,67.0,65.0,3006.0,reflective_metal,1,0,0,1,0
491,000490.png,data/cogar_sim_500_final/rgb/000490.png,4284,3,metal_part,193.0,432.0,64.0,48.0,2302.0,reflective_metal,1,0,0,1,0
492,000491.png,data/cogar_sim_500_final/rgb/000491.png,4285,1,table,0.0,98.0,640.0,382.0,175394.0,transparent_glass,1,1,0,1,0
492,000491.png,data/cogar_sim_500_final/rgb/000491.png,4286,1,table,0.0,0.0,614.0,231.0,89673.0,transparent_glass,1,1,0,1,0
492,000491.png,data/cogar_sim_500_final/rgb/000491.png,4287,4,glass_object,230.0,98.0,80.0,117.0,7055.0,transparent_glass,1,1,0,1,0
492,000491.png,data/cogar_sim_500_final/rgb/000491.png,4288,3,metal_part,310.0,178.0,36.0,33.0,498.0,transparent_glass,1,1,0,1,0
492,000491.png,data/cogar_sim_500_final/rgb/000491.png,4289,7,connector,416.0,264.0,17.0,35.0,418.0,transparent_glass,1,1,0,1,0
492,000491.png,data/cogar_sim_500_final/rgb/000491.png,4290,5,plastic_object,356.0,216.0,63.0,112.0,5575.0,transparent_glass,1,1,0,1,0
492,000491.png,data/cogar_sim_500_final/rgb/000491.png,4291,10,box,239.0,188.0,130.0,132.0,12392.0,transparent_glass,1,1,0,1,0
492,000491.png,data/cogar_sim_500_final/rgb/000491.png,4292,4,glass_object,370.0,81.0,97.0,156.0,12679.0,transparent_glass,1,1,0,1,0
493,000492.png,data/cogar_sim_500_final/rgb/000492.png,4293,1,table,0.0,0.0,640.0,480.0,226855.0,partial_occlusion,1,0,1,1,0
493,000492.png,data/cogar_sim_500_final/rgb/000492.png,4294,1,table,467.0,337.0,173.0,143.0,12496.0,partial_occlusion,1,0,1,1,0
493,000492.png,data/cogar_sim_500_final/rgb/000492.png,4295,10,box,424.0,0.0,185.0,132.0,13733.0,partial_occlusion,1,0,1,1,0
493,000492.png,data/cogar_sim_500_final/rgb/000492.png,4296,6,screw,162.0,143.0,29.0,26.0,315.0,partial_occlusion,1,0,1,1,0
493,000492.png,data/cogar_sim_500_final/rgb/000492.png,4297,3,metal_part,330.0,0.0,83.0,74.0,5464.0,partial_occlusion,1,0,1,1,0
493,000492.png,data/cogar_sim_500_final/rgb/000492.png,4298,10,box,123.0,202.0,158.0,181.0,11519.0,partial_occlusion,1,0,1,1,0
493,000492.png,data/cogar_sim_500_final/rgb/000492.png,4299,9,tool,0.0,209.0,164.0,271.0,12447.0,partial_occlusion,1,0,1,1,0
493,000492.png,data/cogar_sim_500_final/rgb/000492.png,4300,3,metal_part,280.0,37.0,77.0,98.0,3511.0,partial_occlusion,1,0,1,1,0
493,000492.png,data/cogar_sim_500_final/rgb/000492.png,4301,5,plastic_object,145.0,74.0,76.0,91.0,3593.0,partial_occlusion,1,0,1,1,0
493,000492.png,data/cogar_sim_500_final/rgb/000492.png,4302,2,robot_gripper,172.0,182.0,257.0,152.0,15017.0,partial_occlusion,1,0,1,1,0
493,000492.png,data/cogar_sim_500_final/rgb/000492.png,4303,2,robot_gripper,346.0,255.0,41.0,22.0,250.0,partial_occlusion,1,0,1,1,0
493,000492.png,data/cogar_sim_500_final/rgb/000492.png,4304,2,robot_gripper,246.0,285.0,57.0,58.0,2000.0,partial_occlusion,1,0,1,1,0
494,000493.png,data/cogar_sim_500_final/rgb/000493.png,4305,1,table,540.0,337.0,100.0,143.0,7217.0,small_parts,0,0,1,1,0
494,000493.png,data/cogar_sim_500_final/rgb/000493.png,4306,1,table,0.0,0.0,640.0,480.0,299983.0,small_parts,0,0,1,1,0
495,000494.png,data/cogar_sim_500_final/rgb/000494.png,4307,1,table,0.0,0.0,640.0,480.0,241389.0,dynamic_scene,0,0,1,0,1
495,000494.png,data/cogar_sim_500_final/rgb/000494.png,4308,1,table,433.0,0.0,207.0,342.0,35640.0,dynamic_scene,0,0,1,0,1
495,000494.png,data/cogar_sim_500_final/rgb/000494.png,4309,5,plastic_object,326.0,441.0,40.0,39.0,998.0,dynamic_scene,0,0,1,0,1
495,000494.png,data/cogar_sim_500_final/rgb/000494.png,4310,5,plastic_object,219.0,182.0,70.0,48.0,992.0,dynamic_scene,0,0,1,0,1
495,000494.png,data/cogar_sim_500_final/rgb/000494.png,4311,5,plastic_object,381.0,269.0,70.0,51.0,2701.0,dynamic_scene,0,0,1,0,1
495,000494.png,data/cogar_sim_500_final/rgb/000494.png,4312,5,plastic_object,227.0,133.0,70.0,74.0,4087.0,dynamic_scene,0,0,1,0,1
495,000494.png,data/cogar_sim_500_final/rgb/000494.png,4313,10,box,206.0,394.0,137.0,86.0,6874.0,dynamic_scene,0,0,1,0,1
495,000494.png,data/cogar_sim_500_final/rgb/000494.png,4314,2,robot_gripper,283.0,35.0,76.0,264.0,12862.0,dynamic_scene,0,0,1,0,1
495,000494.png,data/cogar_sim_500_final/rgb/000494.png,4315,2,robot_gripper,343.0,176.0,43.0,48.0,1657.0,dynamic_scene,0,0,1,0,1
496,000495.png,data/cogar_sim_500_final/rgb/000495.png,4316,1,table,0.0,336.0,640.0,144.0,73537.0,reflective_metal,1,0,0,1,0
496,000495.png,data/cogar_sim_500_final/rgb/000495.png,4317,1,table,0.0,0.0,640.0,394.0,233663.0,reflective_metal,1,0,0,1,0
497,000496.png,data/cogar_sim_500_final/rgb/000496.png,4318,1,table,0.0,0.0,640.0,480.0,202312.0,transparent_glass,0,1,1,0,0
497,000496.png,data/cogar_sim_500_final/rgb/000496.png,4319,4,glass_object,435.0,143.0,110.0,138.0,4039.0,transparent_glass,0,1,1,0,0
497,000496.png,data/cogar_sim_500_final/rgb/000496.png,4320,10,box,142.0,237.0,161.0,153.0,20790.0,transparent_glass,0,1,1,0,0
497,000496.png,data/cogar_sim_500_final/rgb/000496.png,4321,4,glass_object,138.0,46.0,103.0,129.0,9290.0,transparent_glass,0,1,1,0,0
497,000496.png,data/cogar_sim_500_final/rgb/000496.png,4322,4,glass_object,456.0,180.0,128.0,174.0,17339.0,transparent_glass,0,1,1,0,0
497,000496.png,data/cogar_sim_500_final/rgb/000496.png,4323,2,robot_gripper,164.0,144.0,309.0,117.0,19847.0,transparent_glass,0,1,1,0,0
497,000496.png,data/cogar_sim_500_final/rgb/000496.png,4324,2,robot_gripper,335.0,169.0,45.0,188.0,6935.0,transparent_glass,0,1,1,0,0
497,000496.png,data/cogar_sim_500_final/rgb/000496.png,4325,2,robot_gripper,239.0,194.0,45.0,77.0,2656.0,transparent_glass,0,1,1,0,0
498,000497.png,data/cogar_sim_500_final/rgb/000497.png,4326,1,table,0.0,0.0,640.0,480.0,307200.0,partial_occlusion,1,1,1,1,0
499,000498.png,data/cogar_sim_500_final/rgb/000498.png,4327,1,table,0.0,105.0,640.0,375.0,167234.0,small_parts,1,0,1,1,0
499,000498.png,data/cogar_sim_500_final/rgb/000498.png,4328,1,table,0.0,0.0,640.0,159.0,84450.0,small_parts,1,0,1,1,0
499,000498.png,data/cogar_sim_500_final/rgb/000498.png,4329,3,metal_part,478.0,319.0,90.0,67.0,4685.0,small_parts,1,0,1,1,0
499,000498.png,data/cogar_sim_500_final/rgb/000498.png,4330,10,box,195.0,243.0,149.0,148.0,14774.0,small_parts,1,0,1,1,0
499,000498.png,data/cogar_sim_500_final/rgb/000498.png,4331,8,cable,233.0,302.0,199.0,103.0,2711.0,small_parts,1,0,1,1,0
499,000498.png,data/cogar_sim_500_final/rgb/000498.png,4332,6,screw,346.0,220.0,3.0,6.0,12.0,small_parts,1,0,1,1,0
499,000498.png,data/cogar_sim_500_final/rgb/000498.png,4333,6,screw,450.0,193.0,21.0,26.0,422.0,small_parts,1,0,1,1,0
499,000498.png,data/cogar_sim_500_final/rgb/000498.png,4334,5,plastic_object,470.0,159.0,85.0,77.0,4614.0,small_parts,1,0,1,1,0
499,000498.png,data/cogar_sim_500_final/rgb/000498.png,4335,6,screw,433.0,269.0,27.0,25.0,321.0,small_parts,1,0,1,1,0
499,000498.png,data/cogar_sim_500_final/rgb/000498.png,4336,6,screw,101.0,336.0,24.0,29.0,423.0,small_parts,1,0,1,1,0
499,000498.png,data/cogar_sim_500_final/rgb/000498.png,4337,8,cable,422.0,196.0,140.0,251.0,3228.0,small_parts,1,0,1,1,0
499,000498.png,data/cogar_sim_500_final/rgb/000498.png,4338,7,connector,334.0,256.0,60.0,79.0,2870.0,small_parts,1,0,1,1,0
499,000498.png,data/cogar_sim_500_final/rgb/000498.png,4339,2,robot_gripper,153.0,133.0,258.0,92.0,17527.0,small_parts,1,0,1,1,0
499,000498.png,data/cogar_sim_500_final/rgb/000498.png,4340,2,robot_gripper,229.0,138.0,37.0,118.0,1426.0,small_parts,1,0,1,1,0
499,000498.png,data/cogar_sim_500_final/rgb/000498.png,4341,2,robot_gripper,314.0,127.0,34.0,152.0,2503.0,small_parts,1,0,1,1,0
500,000499.png,data/cogar_sim_500_final/rgb/000499.png,4342,1,table,0.0,36.0,640.0,444.0,173686.0,dynamic_scene,1,0,0,1,1
500,000499.png,data/cogar_sim_500_final/rgb/000499.png,4343,1,table,0.0,0.0,470.0,237.0,68578.0,dynamic_scene,1,0,0,1,1
500,000499.png,data/cogar_sim_500_final/rgb/000499.png,4344,3,metal_part,452.0,191.0,100.0,114.0,7029.0,dynamic_scene,1,0,0,1,1
500,000499.png,data/cogar_sim_500_final/rgb/000499.png,4345,8,cable,344.0,218.0,296.0,54.0,2730.0,dynamic_scene,1,0,0,1,1
500,000499.png,data/cogar_sim_500_final/rgb/000499.png,4346,7,connector,417.0,186.0,77.0,11.0,323.0,dynamic_scene,1,0,0,1,1
500,000499.png,data/cogar_sim_500_final/rgb/000499.png,4347,5,plastic_object,283.0,251.0,17.0,6.0,27.0,dynamic_scene,1,0,0,1,1
500,000499.png,data/cogar_sim_500_final/rgb/000499.png,4348,7,connector,318.0,302.0,35.0,76.0,1459.0,dynamic_scene,1,0,0,1,1
500,000499.png,data/cogar_sim_500_final/rgb/000499.png,4349,5,plastic_object,184.0,242.0,166.0,167.0,19422.0,dynamic_scene,1,0,0,1,1
500,000499.png,data/cogar_sim_500_final/rgb/000499.png,4350,7,connector,398.0,185.0,75.0,45.0,2024.0,dynamic_scene,1,0,0,1,1
500,000499.png,data/cogar_sim_500_final/rgb/000499.png,4351,5,plastic_object,394.0,337.0,76.0,110.0,6601.0,dynamic_scene,1,0,0,1,1
500,000499.png,data/cogar_sim_500_final/rgb/000499.png,4352,10,box,0.0,211.0,101.0,182.0,12759.0,dynamic_scene,1,0,0,1,1
500,000499.png,data/cogar_sim_500_final/rgb/000499.png,4353,8,cable,96.0,297.0,459.0,99.0,3933.0,dynamic_scene,1,0,0,1,1
501,000500.png,data/cogar_sim_500_final/rgb/000500.png,4354,1,table,0.0,0.0,640.0,480.0,242461.0,reflective_metal,1,0,1,0,0
501,000500.png,data/cogar_sim_500_final/rgb/000500.png,4355,1,table,0.0,0.0,208.0,349.0,36487.0,reflective_metal,1,0,1,0,0
501,000500.png,data/cogar_sim_500_final/rgb/000500.png,4356,9,tool,389.0,142.0,154.0,77.0,3562.0,reflective_metal,1,0,1,0,0
501,000500.png,data/cogar_sim_500_final/rgb/000500.png,4357,9,tool,388.0,140.0,175.0,74.0,4530.0,reflective_metal,1,0,1,0,0
501,000500.png,data/cogar_sim_500_final/rgb/000500.png,4358,3,metal_part,311.0,395.0,95.0,57.0,4159.0,reflective_metal,1,0,1,0,0
501,000500.png,data/cogar_sim_500_final/rgb/000500.png,4359,2,robot_gripper,285.0,43.0,136.0,193.0,12468.0,reflective_metal,1,0,1,0,0
501,000500.png,data/cogar_sim_500_final/rgb/000500.png,4360,2,robot_gripper,296.0,118.0,53.0,156.0,3053.0,reflective_metal,1,0,1,0,0
501,000500.png,data/cogar_sim_500_final/rgb/000500.png,4361,2,robot_gripper,321.0,80.0,26.0,41.0,480.0,reflective_metal,1,0,1,0,0
502,000501.png,data/cogar_sim_500_final/rgb/000501.png,4362,1,table,0.0,0.0,640.0,480.0,211924.0,transparent_glass,0,1,1,0,0
502,000501.png,data/cogar_sim_500_final/rgb/000501.png,4363,1,table,422.0,0.0,218.0,298.0,32548.0,transparent_glass,0,1,1,0,0
502,000501.png,data/cogar_sim_500_final/rgb/000501.png,4364,4,glass_object,408.0,351.0,62.0,91.0,4372.0,transparent_glass,0,1,1,0,0
502,000501.png,data/cogar_sim_500_final/rgb/000501.png,4365,4,glass_object,355.0,322.0,123.0,120.0,6209.0,transparent_glass,0,1,1,0,0
502,000501.png,data/cogar_sim_500_final/rgb/000501.png,4366,4,glass_object,525.0,320.0,115.0,103.0,9456.0,transparent_glass,0,1,1,0,0
502,000501.png,data/cogar_sim_500_final/rgb/000501.png,4367,5,plastic_object,509.0,251.0,76.0,75.0,4456.0,transparent_glass,0,1,1,0,0
502,000501.png,data/cogar_sim_500_final/rgb/000501.png,4368,10,box,149.0,256.0,121.0,129.0,7926.0,transparent_glass,0,1,1,0,0
502,000501.png,data/cogar_sim_500_final/rgb/000501.png,4369,4,glass_object,274.0,340.0,98.0,72.0,5421.0,transparent_glass,0,1,1,0,0
502,000501.png,data/cogar_sim_500_final/rgb/000501.png,4370,10,box,291.0,0.0,120.0,108.0,8881.0,transparent_glass,0,1,1,0,0
502,000501.png,data/cogar_sim_500_final/rgb/000501.png,4371,2,robot_gripper,167.0,62.0,252.0,231.0,13788.0,transparent_glass,0,1,1,0,0
502,000501.png,data/cogar_sim_500_final/rgb/000501.png,4372,2,robot_gripper,269.0,105.0,40.0,47.0,1011.0,transparent_glass,0,1,1,0,0
502,000501.png,data/cogar_sim_500_final/rgb/000501.png,4373,2,robot_gripper,313.0,176.0,49.0,49.0,1208.0,transparent_glass,0,1,1,0,0
503,000502.png,data/cogar_sim_500_final/rgb/000502.png,4374,1,table,0.0,0.0,640.0,480.0,206770.0,partial_occlusion,1,0,1,1,0
503,000502.png,data/cogar_sim_500_final/rgb/000502.png,4375,1,table,438.0,0.0,202.0,264.0,23854.0,partial_occlusion,1,0,1,1,0
503,000502.png,data/cogar_sim_500_final/rgb/000502.png,4376,7,connector,67.0,227.0,57.0,94.0,4798.0,partial_occlusion,1,0,1,1,0
503,000502.png,data/cogar_sim_500_final/rgb/000502.png,4377,6,screw,414.0,242.0,26.0,26.0,559.0,partial_occlusion,1,0,1,1,0
503,000502.png,data/cogar_sim_500_final/rgb/000502.png,4378,10,box,281.0,42.0,178.0,108.0,1565.0,partial_occlusion,1,0,1,1,0
503,000502.png,data/cogar_sim_500_final/rgb/000502.png,4379,10,box,420.0,56.0,148.0,159.0,13577.0,partial_occlusion,1,0,1,1,0
503,000502.png,data/cogar_sim_500_final/rgb/000502.png,4380,5,plastic_object,115.0,125.0,144.0,148.0,16956.0,partial_occlusion,1,0,1,1,0
503,000502.png,data/cogar_sim_500_final/rgb/000502.png,4381,5,plastic_object,296.0,104.0,20.0,41.0,574.0,partial_occlusion,1,0,1,1,0
503,000502.png,data/cogar_sim_500_final/rgb/000502.png,4382,3,metal_part,370.0,141.0,103.0,123.0,8190.0,partial_occlusion,1,0,1,1,0
503,000502.png,data/cogar_sim_500_final/rgb/000502.png,4383,2,robot_gripper,224.0,0.0,236.0,179.0,21345.0,partial_occlusion,1,0,1,1,0
503,000502.png,data/cogar_sim_500_final/rgb/000502.png,4384,2,robot_gripper,316.0,0.0,58.0,193.0,1918.0,partial_occlusion,1,0,1,1,0
503,000502.png,data/cogar_sim_500_final/rgb/000502.png,4385,2,robot_gripper,330.0,19.0,68.0,243.0,7094.0,partial_occlusion,1,0,1,1,0
504,000503.png,data/cogar_sim_500_final/rgb/000503.png,4386,1,table,0.0,116.0,640.0,364.0,191209.0,small_parts,1,0,1,1,0
504,000503.png,data/cogar_sim_500_final/rgb/000503.png,4387,3,metal_part,215.0,166.0,39.0,56.0,1810.0,small_parts,1,0,1,1,0
504,000503.png,data/cogar_sim_500_final/rgb/000503.png,4388,3,metal_part,396.0,195.0,79.0,89.0,4521.0,small_parts,1,0,1,1,0
504,000503.png,data/cogar_sim_500_final/rgb/000503.png,4389,6,screw,583.0,282.0,33.0,15.0,367.0,small_parts,1,0,1,1,0
504,000503.png,data/cogar_sim_500_final/rgb/000503.png,4390,7,connector,231.0,286.0,79.0,56.0,2552.0,small_parts,1,0,1,1,0
504,000503.png,data/cogar_sim_500_final/rgb/000503.png,4391,8,cable,465.0,225.0,32.0,88.0,1413.0,small_parts,1,0,1,1,0
504,000503.png,data/cogar_sim_500_final/rgb/000503.png,4392,6,screw,249.0,208.0,5.0,9.0,23.0,small_parts,1,0,1,1,0
504,000503.png,data/cogar_sim_500_final/rgb/000503.png,4393,9,tool,417.0,257.0,24.0,29.0,612.0,small_parts,1,0,1,1,0
504,000503.png,data/cogar_sim_500_final/rgb/000503.png,4394,8,cable,130.0,289.0,274.0,86.0,3827.0,small_parts,1,0,1,1,0
504,000503.png,data/cogar_sim_500_final/rgb/000503.png,4395,10,box,298.0,136.0,152.0,129.0,10875.0,small_parts,1,0,1,1,0
504,000503.png,data/cogar_sim_500_final/rgb/000503.png,4396,2,robot_gripper,206.0,92.0,200.0,65.0,9569.0,small_parts,1,0,1,1,0
504,000503.png,data/cogar_sim_500_final/rgb/000503.png,4397,2,robot_gripper,333.0,124.0,29.0,97.0,2592.0,small_parts,1,0,1,1,0
504,000503.png,data/cogar_sim_500_final/rgb/000503.png,4398,2,robot_gripper,251.0,116.0,34.0,113.0,3409.0,small_parts,1,0,1,1,0
505,000504.png,data/cogar_sim_500_final/rgb/000504.png,4399,1,table,435.0,420.0,205.0,60.0,6171.0,dynamic_scene,1,1,1,1,1
505,000504.png,data/cogar_sim_500_final/rgb/000504.png,4400,1,table,0.0,0.0,640.0,480.0,301029.0,dynamic_scene,1,1,1,1,1
506,000505.png,data/cogar_sim_500_final/rgb/000505.png,4401,1,table,0.0,0.0,640.0,480.0,307200.0,reflective_metal,1,0,0,1,0
507,000506.png,data/cogar_sim_500_final/rgb/000506.png,4402,1,table,0.0,0.0,640.0,480.0,227601.0,transparent_glass,0,1,0,1,0
507,000506.png,data/cogar_sim_500_final/rgb/000506.png,4403,1,table,456.0,192.0,184.0,288.0,26614.0,transparent_glass,0,1,0,1,0
507,000506.png,data/cogar_sim_500_final/rgb/000506.png,4404,4,glass_object,366.0,25.0,109.0,99.0,5954.0,transparent_glass,0,1,0,1,0
507,000506.png,data/cogar_sim_500_final/rgb/000506.png,4405,4,glass_object,246.0,154.0,86.0,115.0,7796.0,transparent_glass,0,1,0,1,0
507,000506.png,data/cogar_sim_500_final/rgb/000506.png,4406,10,box,305.0,17.0,198.0,162.0,8170.0,transparent_glass,0,1,0,1,0
507,000506.png,data/cogar_sim_500_final/rgb/000506.png,4407,4,glass_object,358.0,99.0,139.0,144.0,10558.0,transparent_glass,0,1,0,1,0
507,000506.png,data/cogar_sim_500_final/rgb/000506.png,4408,4,glass_object,442.0,155.0,121.0,100.0,7468.0,transparent_glass,0,1,0,1,0
507,000506.png,data/cogar_sim_500_final/rgb/000506.png,4409,4,glass_object,70.0,290.0,151.0,132.0,11528.0,transparent_glass,0,1,0,1,0
507,000506.png,data/cogar_sim_500_final/rgb/000506.png,4410,7,connector,301.0,10.0,38.0,63.0,1511.0,transparent_glass,0,1,0,1,0
508,000507.png,data/cogar_sim_500_final/rgb/000507.png,4411,1,table,0.0,0.0,640.0,480.0,264836.0,partial_occlusion,1,0,1,1,0
508,000507.png,data/cogar_sim_500_final/rgb/000507.png,4412,10,box,301.0,416.0,107.0,64.0,5709.0,partial_occlusion,1,0,1,1,0
508,000507.png,data/cogar_sim_500_final/rgb/000507.png,4413,7,connector,411.0,189.0,65.0,63.0,2045.0,partial_occlusion,1,0,1,1,0
508,000507.png,data/cogar_sim_500_final/rgb/000507.png,4414,9,tool,126.0,204.0,348.0,67.0,7838.0,partial_occlusion,1,0,1,1,0
508,000507.png,data/cogar_sim_500_final/rgb/000507.png,4415,5,plastic_object,390.0,0.0,75.0,61.0,4335.0,partial_occlusion,1,0,1,1,0
508,000507.png,data/cogar_sim_500_final/rgb/000507.png,4416,6,screw,445.0,55.0,7.0,2.0,10.0,partial_occlusion,1,0,1,1,0
508,000507.png,data/cogar_sim_500_final/rgb/000507.png,4417,2,robot_gripper,238.0,138.0,140.0,342.0,19887.0,partial_occlusion,1,0,1,1,0
508,000507.png,data/cogar_sim_500_final/rgb/000507.png,4418,2,robot_gripper,322.0,247.0,54.0,47.0,1744.0,partial_occlusion,1,0,1,1,0
508,000507.png,data/cogar_sim_500_final/rgb/000507.png,4419,2,robot_gripper,320.0,352.0,25.0,50.0,796.0,partial_occlusion,1,0,1,1,0
509,000508.png,data/cogar_sim_500_final/rgb/000508.png,4420,1,table,0.0,0.0,640.0,480.0,32498.0,small_parts,1,0,1,1,0
509,000508.png,data/cogar_sim_500_final/rgb/000508.png,4421,1,table,0.0,0.0,640.0,480.0,268185.0,small_parts,1,0,1,1,0
510,000509.png,data/cogar_sim_500_final/rgb/000509.png,4422,1,table,46.0,0.0,594.0,480.0,215233.0,dynamic_scene,0,1,1,0,1
510,000509.png,data/cogar_sim_500_final/rgb/000509.png,4423,1,table,0.0,0.0,121.0,480.0,40209.0,dynamic_scene,0,1,1,0,1
510,000509.png,data/cogar_sim_500_final/rgb/000509.png,4424,4,glass_object,473.0,367.0,111.0,113.0,9709.0,dynamic_scene,0,1,1,0,1
510,000509.png,data/cogar_sim_500_final/rgb/000509.png,4425,5,plastic_object,146.0,91.0,67.0,66.0,3657.0,dynamic_scene,0,1,1,0,1
510,000509.png,data/cogar_sim_500_final/rgb/000509.png,4426,10,box,191.0,290.0,129.0,165.0,14907.0,dynamic_scene,0,1,1,0,1
510,000509.png,data/cogar_sim_500_final/rgb/000509.png,4427,2,robot_gripper,351.0,65.0,131.0,252.0,16470.0,dynamic_scene,0,1,1,0,1
510,000509.png,data/cogar_sim_500_final/rgb/000509.png,4428,2,robot_gripper,360.0,183.0,48.0,140.0,4843.0,dynamic_scene,0,1,1,0,1
510,000509.png,data/cogar_sim_500_final/rgb/000509.png,4429,2,robot_gripper,350.0,115.0,24.0,139.0,2172.0,dynamic_scene,0,1,1,0,1
511,000510.png,data/cogar_sim_500_final/rgb/000510.png,4430,1,table,0.0,39.0,640.0,441.0,209978.0,reflective_metal,1,0,1,1,0
511,000510.png,data/cogar_sim_500_final/rgb/000510.png,4431,1,table,436.0,0.0,204.0,335.0,38171.0,reflective_metal,1,0,1,1,0
511,000510.png,data/cogar_sim_500_final/rgb/000510.png,4432,6,screw,380.0,151.0,6.0,20.0,77.0,reflective_metal,1,0,1,1,0
511,000510.png,data/cogar_sim_500_final/rgb/000510.png,4433,9,tool,95.0,157.0,203.0,51.0,5490.0,reflective_metal,1,0,1,1,0
511,000510.png,data/cogar_sim_500_final/rgb/000510.png,4434,3,metal_part,172.0,99.0,82.0,78.0,4431.0,reflective_metal,1,0,1,1,0
511,000510.png,data/cogar_sim_500_final/rgb/000510.png,4435,3,metal_part,292.0,282.0,154.0,158.0,15293.0,reflective_metal,1,0,1,1,0
511,000510.png,data/cogar_sim_500_final/rgb/000510.png,4436,2,robot_gripper,241.0,57.0,140.0,149.0,11100.0,reflective_metal,1,0,1,1,0
511,000510.png,data/cogar_sim_500_final/rgb/000510.png,4437,2,robot_gripper,298.0,69.0,42.0,145.0,1198.0,reflective_metal,1,0,1,1,0
511,000510.png,data/cogar_sim_500_final/rgb/000510.png,4438,2,robot_gripper,305.0,176.0,43.0,64.0,1721.0,reflective_metal,1,0,1,1,0
512,000511.png,data/cogar_sim_500_final/rgb/000511.png,4439,1,table,0.0,24.0,640.0,456.0,209187.0,transparent_glass,0,1,0,1,0
512,000511.png,data/cogar_sim_500_final/rgb/000511.png,4440,1,table,306.0,0.0,334.0,341.0,60995.0,transparent_glass,0,1,0,1,0
512,000511.png,data/cogar_sim_500_final/rgb/000511.png,4441,7,connector,371.0,158.0,44.0,41.0,1159.0,transparent_glass,0,1,0,1,0
512,000511.png,data/cogar_sim_500_final/rgb/000511.png,4442,5,plastic_object,338.0,109.0,60.0,57.0,2192.0,transparent_glass,0,1,0,1,0
512,000511.png,data/cogar_sim_500_final/rgb/000511.png,4443,7,connector,322.0,203.0,58.0,28.0,1563.0,transparent_glass,0,1,0,1,0
512,000511.png,data/cogar_sim_500_final/rgb/000511.png,4444,5,plastic_object,357.0,217.0,48.0,35.0,752.0,transparent_glass,0,1,0,1,0
512,000511.png,data/cogar_sim_500_final/rgb/000511.png,4445,8,cable,296.0,130.0,179.0,53.0,1136.0,transparent_glass,0,1,0,1,0
512,000511.png,data/cogar_sim_500_final/rgb/000511.png,4446,5,plastic_object,341.0,233.0,72.0,95.0,4575.0,transparent_glass,0,1,0,1,0
512,000511.png,data/cogar_sim_500_final/rgb/000511.png,4447,4,glass_object,403.0,179.0,74.0,155.0,9320.0,transparent_glass,0,1,0,1,0
512,000511.png,data/cogar_sim_500_final/rgb/000511.png,4448,5,plastic_object,318.0,142.0,60.0,55.0,2910.0,transparent_glass,0,1,0,1,0
513,000512.png,data/cogar_sim_500_final/rgb/000512.png,4449,1,table,0.0,45.0,610.0,435.0,194993.0,partial_occlusion,1,0,1,1,0
513,000512.png,data/cogar_sim_500_final/rgb/000512.png,4450,1,table,480.0,0.0,160.0,480.0,48745.0,partial_occlusion,1,0,1,1,0
513,000512.png,data/cogar_sim_500_final/rgb/000512.png,4451,5,plastic_object,262.0,236.0,39.0,54.0,1064.0,partial_occlusion,1,0,1,1,0
513,000512.png,data/cogar_sim_500_final/rgb/000512.png,4452,7,connector,350.0,224.0,27.0,37.0,630.0,partial_occlusion,1,0,1,1,0
513,000512.png,data/cogar_sim_500_final/rgb/000512.png,4453,3,metal_part,156.0,132.0,70.0,77.0,3448.0,partial_occlusion,1,0,1,1,0
513,000512.png,data/cogar_sim_500_final/rgb/000512.png,4454,3,metal_part,343.0,201.0,118.0,121.0,9488.0,partial_occlusion,1,0,1,1,0
513,000512.png,data/cogar_sim_500_final/rgb/000512.png,4455,6,screw,461.0,336.0,19.0,20.0,305.0,partial_occlusion,1,0,1,1,0
513,000512.png,data/cogar_sim_500_final/rgb/000512.png,4456,5,plastic_object,406.0,155.0,75.0,84.0,4138.0,partial_occlusion,1,0,1,1,0
513,000512.png,data/cogar_sim_500_final/rgb/000512.png,4457,6,screw,310.0,348.0,22.0,23.0,275.0,partial_occlusion,1,0,1,1,0
513,000512.png,data/cogar_sim_500_final/rgb/000512.png,4458,5,plastic_object,288.0,145.0,72.0,90.0,4244.0,partial_occlusion,1,0,1,1,0
513,000512.png,data/cogar_sim_500_final/rgb/000512.png,4459,2,robot_gripper,185.0,82.0,128.0,160.0,10699.0,partial_occlusion,1,0,1,1,0
513,000512.png,data/cogar_sim_500_final/rgb/000512.png,4460,2,robot_gripper,255.0,112.0,34.0,41.0,653.0,partial_occlusion,1,0,1,1,0
513,000512.png,data/cogar_sim_500_final/rgb/000512.png,4461,2,robot_gripper,233.0,135.0,49.0,154.0,2916.0,partial_occlusion,1,0,1,1,0
514,000513.png,data/cogar_sim_500_final/rgb/000513.png,4462,1,table,0.0,57.0,640.0,423.0,176373.0,small_parts,1,0,1,1,0
514,000513.png,data/cogar_sim_500_final/rgb/000513.png,4463,1,table,23.0,0.0,617.0,234.0,85431.0,small_parts,1,0,1,1,0
514,000513.png,data/cogar_sim_500_final/rgb/000513.png,4464,6,screw,191.0,286.0,25.0,25.0,408.0,small_parts,1,0,1,1,0
514,000513.png,data/cogar_sim_500_final/rgb/000513.png,4465,7,connector,389.0,185.0,60.0,30.0,1221.0,small_parts,1,0,1,1,0
514,000513.png,data/cogar_sim_500_final/rgb/000513.png,4466,8,cable,354.0,187.0,106.0,33.0,763.0,small_parts,1,0,1,1,0
514,000513.png,data/cogar_sim_500_final/rgb/000513.png,4467,5,plastic_object,230.0,237.0,98.0,83.0,5604.0,small_parts,1,0,1,1,0
514,000513.png,data/cogar_sim_500_final/rgb/000513.png,4468,6,screw,347.0,291.0,20.0,24.0,384.0,small_parts,1,0,1,1,0
514,000513.png,data/cogar_sim_500_final/rgb/000513.png,4469,3,metal_part,412.0,218.0,76.0,42.0,2435.0,small_parts,1,0,1,1,0
514,000513.png,data/cogar_sim_500_final/rgb/000513.png,4470,8,cable,308.0,274.0,311.0,101.0,5603.0,small_parts,1,0,1,1,0
514,000513.png,data/cogar_sim_500_final/rgb/000513.png,4471,3,metal_part,208.0,181.0,70.0,85.0,3590.0,small_parts,1,0,1,1,0
514,000513.png,data/cogar_sim_500_final/rgb/000513.png,4472,7,connector,345.0,279.0,84.0,41.0,1141.0,small_parts,1,0,1,1,0
514,000513.png,data/cogar_sim_500_final/rgb/000513.png,4473,5,plastic_object,313.0,197.0,23.0,25.0,475.0,small_parts,1,0,1,1,0
514,000513.png,data/cogar_sim_500_final/rgb/000513.png,4474,6,screw,534.0,247.0,21.0,18.0,326.0,small_parts,1,0,1,1,0
514,000513.png,data/cogar_sim_500_final/rgb/000513.png,4475,2,robot_gripper,118.0,95.0,249.0,108.0,16787.0,small_parts,1,0,1,1,0
514,000513.png,data/cogar_sim_500_final/rgb/000513.png,4476,2,robot_gripper,196.0,88.0,46.0,161.0,1939.0,small_parts,1,0,1,1,0
514,000513.png,data/cogar_sim_500_final/rgb/000513.png,4477,2,robot_gripper,267.0,105.0,46.0,139.0,2977.0,small_parts,1,0,1,1,0
515,000514.png,data/cogar_sim_500_final/rgb/000514.png,4478,1,table,0.0,0.0,640.0,480.0,37671.0,dynamic_scene,0,0,1,0,1
515,000514.png,data/cogar_sim_500_final/rgb/000514.png,4479,1,table,0.0,0.0,640.0,480.0,253563.0,dynamic_scene,0,0,1,0,1
516,000515.png,data/cogar_sim_500_final/rgb/000515.png,4480,1,table,0.0,0.0,640.0,480.0,248173.0,reflective_metal,1,0,1,0,0
516,000515.png,data/cogar_sim_500_final/rgb/000515.png,4481,1,table,0.0,0.0,181.0,296.0,26893.0,reflective_metal,1,0,1,0,0
516,000515.png,data/cogar_sim_500_final/rgb/000515.png,4482,8,cable,148.0,151.0,202.0,125.0,2661.0,reflective_metal,1,0,1,0,0
516,000515.png,data/cogar_sim_500_final/rgb/000515.png,4483,3,metal_part,214.0,138.0,76.0,71.0,1022.0,reflective_metal,1,0,1,0,0
516,000515.png,data/cogar_sim_500_final/rgb/000515.png,4484,5,plastic_object,368.0,99.0,98.0,102.0,5264.0,reflective_metal,1,0,1,0,0
516,000515.png,data/cogar_sim_500_final/rgb/000515.png,4485,5,plastic_object,201.0,222.0,72.0,68.0,2503.0,reflective_metal,1,0,1,0,0
516,000515.png,data/cogar_sim_500_final/rgb/000515.png,4486,9,tool,172.0,325.0,158.0,67.0,4231.0,reflective_metal,1,0,1,0,0
516,000515.png,data/cogar_sim_500_final/rgb/000515.png,4487,2,robot_gripper,181.0,0.0,216.0,230.0,14816.0,reflective_metal,1,0,1,0,0
516,000515.png,data/cogar_sim_500_final/rgb/000515.png,4488,2,robot_gripper,222.0,115.0,24.0,28.0,182.0,reflective_metal,1,0,1,0,0
516,000515.png,data/cogar_sim_500_final/rgb/000515.png,4489,2,robot_gripper,270.0,31.0,49.0,53.0,1455.0,reflective_metal,1,0,1,0,0
517,000516.png,data/cogar_sim_500_final/rgb/000516.png,4490,1,table,0.0,0.0,640.0,480.0,185026.0,transparent_glass,1,1,1,1,0
517,000516.png,data/cogar_sim_500_final/rgb/000516.png,4491,1,table,0.0,0.0,394.0,225.0,36439.0,transparent_glass,1,1,1,1,0
517,000516.png,data/cogar_sim_500_final/rgb/000516.png,4492,5,plastic_object,363.0,51.0,3.0,60.0,80.0,transparent_glass,1,1,1,1,0
517,000516.png,data/cogar_sim_500_final/rgb/000516.png,4493,4,glass_object,444.0,0.0,96.0,178.0,12013.0,transparent_glass,1,1,1,1,0
517,000516.png,data/cogar_sim_500_final/rgb/000516.png,4494,4,glass_object,0.0,226.0,69.0,210.0,10990.0,transparent_glass,1,1,1,1,0
517,000516.png,data/cogar_sim_500_final/rgb/000516.png,4495,4,glass_object,363.0,29.0,113.0,158.0,13911.0,transparent_glass,1,1,1,1,0
517,000516.png,data/cogar_sim_500_final/rgb/000516.png,4496,9,tool,390.0,178.0,250.0,205.0,14134.0,transparent_glass,1,1,1,1,0
517,000516.png,data/cogar_sim_500_final/rgb/000516.png,4497,2,robot_gripper,112.0,37.0,212.0,181.0,22062.0,transparent_glass,1,1,1,1,0
517,000516.png,data/cogar_sim_500_final/rgb/000516.png,4498,2,robot_gripper,138.0,201.0,73.0,84.0,4452.0,transparent_glass,1,1,1,1,0
517,000516.png,data/cogar_sim_500_final/rgb/000516.png,4499,2,robot_gripper,206.0,25.0,72.0,238.0,7313.0,transparent_glass,1,1,1,1,0
518,000517.png,data/cogar_sim_500_final/rgb/000517.png,4500,1,table,479.0,286.0,161.0,194.0,15712.0,partial_occlusion,1,0,1,1,0
518,000517.png,data/cogar_sim_500_final/rgb/000517.png,4501,1,table,0.0,0.0,640.0,480.0,291488.0,partial_occlusion,1,0,1,1,0
519,000518.png,data/cogar_sim_500_final/rgb/000518.png,4502,1,table,0.0,71.0,640.0,409.0,182945.0,small_parts,1,0,0,1,0
519,000518.png,data/cogar_sim_500_final/rgb/000518.png,4503,1,table,0.0,0.0,602.0,246.0,91178.0,small_parts,1,0,0,1,0
519,000518.png,data/cogar_sim_500_final/rgb/000518.png,4504,10,box,234.0,137.0,76.0,94.0,4623.0,small_parts,1,0,0,1,0
519,000518.png,data/cogar_sim_500_final/rgb/000518.png,4505,7,connector,205.0,253.0,34.0,43.0,1122.0,small_parts,1,0,0,1,0
519,000518.png,data/cogar_sim_500_final/rgb/000518.png,4506,6,screw,181.0,260.0,11.0,12.0,33.0,small_parts,1,0,0,1,0
519,000518.png,data/cogar_sim_500_final/rgb/000518.png,4507,5,plastic_object,305.0,147.0,31.0,22.0,442.0,small_parts,1,0,0,1,0
519,000518.png,data/cogar_sim_500_final/rgb/000518.png,4508,5,plastic_object,384.0,161.0,53.0,54.0,2379.0,small_parts,1,0,0,1,0
519,000518.png,data/cogar_sim_500_final/rgb/000518.png,4509,10,box,170.0,173.0,116.0,94.0,8546.0,small_parts,1,0,0,1,0
519,000518.png,data/cogar_sim_500_final/rgb/000518.png,4510,5,plastic_object,297.0,223.0,73.0,74.0,3668.0,small_parts,1,0,0,1,0
519,000518.png,data/cogar_sim_500_final/rgb/000518.png,4511,7,connector,270.0,234.0,41.0,32.0,665.0,small_parts,1,0,0,1,0
519,000518.png,data/cogar_sim_500_final/rgb/000518.png,4512,6,screw,238.0,259.0,3.0,2.0,2.0,small_parts,1,0,0,1,0
519,000518.png,data/cogar_sim_500_final/rgb/000518.png,4513,8,cable,275.0,174.0,181.0,160.0,1404.0,small_parts,1,0,0,1,0
519,000518.png,data/cogar_sim_500_final/rgb/000518.png,4514,10,box,307.0,146.0,84.0,83.0,5096.0,small_parts,1,0,0,1,0
519,000518.png,data/cogar_sim_500_final/rgb/000518.png,4515,7,connector,163.0,261.0,41.0,47.0,1168.0,small_parts,1,0,0,1,0
520,000519.png,data/cogar_sim_500_final/rgb/000519.png,4516,1,table,47.0,109.0,593.0,371.0,163195.0,dynamic_scene,0,0,1,0,1
520,000519.png,data/cogar_sim_500_final/rgb/000519.png,4517,1,table,0.0,0.0,152.0,480.0,53509.0,dynamic_scene,0,0,1,0,1
520,000519.png,data/cogar_sim_500_final/rgb/000519.png,4518,5,plastic_object,409.0,302.0,97.0,87.0,5983.0,dynamic_scene,0,0,1,0,1
520,000519.png,data/cogar_sim_500_final/rgb/000519.png,4519,8,cable,123.0,247.0,86.0,133.0,2036.0,dynamic_scene,0,0,1,0,1
520,000519.png,data/cogar_sim_500_final/rgb/000519.png,4520,5,plastic_object,329.0,170.0,40.0,57.0,1793.0,dynamic_scene,0,0,1,0,1
520,000519.png,data/cogar_sim_500_final/rgb/000519.png,4521,10,box,145.0,148.0,108.0,119.0,10972.0,dynamic_scene,0,0,1,0,1
520,000519.png,data/cogar_sim_500_final/rgb/000519.png,4522,2,robot_gripper,256.0,95.0,145.0,91.0,7200.0,dynamic_scene,0,0,1,0,1
520,000519.png,data/cogar_sim_500_final/rgb/000519.png,4523,2,robot_gripper,290.0,136.0,39.0,97.0,3504.0,dynamic_scene,0,0,1,0,1
520,000519.png,data/cogar_sim_500_final/rgb/000519.png,4524,2,robot_gripper,285.0,151.0,6.0,53.0,227.0,dynamic_scene,0,0,1,0,1
521,000520.png,data/cogar_sim_500_final/rgb/000520.png,4525,1,table,0.0,0.0,640.0,480.0,239910.0,reflective_metal,1,0,0,1,0
521,000520.png,data/cogar_sim_500_final/rgb/000520.png,4526,9,tool,105.0,134.0,74.0,216.0,6766.0,reflective_metal,1,0,0,1,0
521,000520.png,data/cogar_sim_500_final/rgb/000520.png,4527,5,plastic_object,234.0,306.0,90.0,100.0,5675.0,reflective_metal,1,0,0,1,0
521,000520.png,data/cogar_sim_500_final/rgb/000520.png,4528,3,metal_part,28.0,374.0,67.0,64.0,3321.0,reflective_metal,1,0,0,1,0
521,000520.png,data/cogar_sim_500_final/rgb/000520.png,4529,9,tool,327.0,174.0,313.0,77.0,12047.0,reflective_metal,1,0,0,1,0
521,000520.png,data/cogar_sim_500_final/rgb/000520.png,4530,9,tool,566.0,225.0,63.0,151.0,3883.0,reflective_metal,1,0,0,1,0
521,000520.png,data/cogar_sim_500_final/rgb/000520.png,4531,7,connector,169.0,357.0,122.0,53.0,3637.0,reflective_metal,1,0,0,1,0
521,000520.png,data/cogar_sim_500_final/rgb/000520.png,4532,3,metal_part,305.0,264.0,57.0,135.0,6016.0,reflective_metal,1,0,0,1,0
521,000520.png,data/cogar_sim_500_final/rgb/000520.png,4533,7,connector,109.0,235.0,88.0,71.0,3436.0,reflective_metal,1,0,0,1,0
521,000520.png,data/cogar_sim_500_final/rgb/000520.png,4534,5,plastic_object,438.0,55.0,82.0,97.0,5758.0,reflective_metal,1,0,0,1,0
521,000520.png,data/cogar_sim_500_final/rgb/000520.png,4535,9,tool,102.0,395.0,165.0,85.0,7089.0,reflective_metal,1,0,0,1,0
522,000521.png,data/cogar_sim_500_final/rgb/000521.png,4536,1,table,0.0,0.0,640.0,480.0,259846.0,transparent_glass,1,1,1,1,0
522,000521.png,data/cogar_sim_500_final/rgb/000521.png,4537,4,glass_object,417.0,128.0,97.0,156.0,8470.0,transparent_glass,1,1,1,1,0
522,000521.png,data/cogar_sim_500_final/rgb/000521.png,4538,3,metal_part,97.0,123.0,107.0,99.0,7555.0,transparent_glass,1,1,1,1,0
522,000521.png,data/cogar_sim_500_final/rgb/000521.png,4539,7,connector,313.0,279.0,71.0,41.0,2115.0,transparent_glass,1,1,1,1,0
522,000521.png,data/cogar_sim_500_final/rgb/000521.png,4540,2,robot_gripper,256.0,58.0,214.0,203.0,14602.0,transparent_glass,1,1,1,1,0
522,000521.png,data/cogar_sim_500_final/rgb/000521.png,4541,2,robot_gripper,336.0,133.0,57.0,157.0,6523.0,transparent_glass,1,1,1,1,0
522,000521.png,data/cogar_sim_500_final/rgb/000521.png,4542,2,robot_gripper,285.0,120.0,48.0,109.0,3545.0,transparent_glass,1,1,1,1,0
523,000522.png,data/cogar_sim_500_final/rgb/000522.png,4543,1,table,0.0,0.0,611.0,480.0,220557.0,partial_occlusion,1,1,1,1,0
523,000522.png,data/cogar_sim_500_final/rgb/000522.png,4544,1,table,529.0,0.0,111.0,480.0,32476.0,partial_occlusion,1,1,1,1,0
523,000522.png,data/cogar_sim_500_final/rgb/000522.png,4545,5,plastic_object,169.0,298.0,87.0,64.0,4037.0,partial_occlusion,1,1,1,1,0
523,000522.png,data/cogar_sim_500_final/rgb/000522.png,4546,3,metal_part,143.0,150.0,79.0,100.0,5149.0,partial_occlusion,1,1,1,1,0
523,000522.png,data/cogar_sim_500_final/rgb/000522.png,4547,5,plastic_object,246.0,370.0,70.0,79.0,4365.0,partial_occlusion,1,1,1,1,0
523,000522.png,data/cogar_sim_500_final/rgb/000522.png,4548,5,plastic_object,307.0,235.0,47.0,79.0,3048.0,partial_occlusion,1,1,1,1,0
523,000522.png,data/cogar_sim_500_final/rgb/000522.png,4549,4,glass_object,412.0,128.0,72.0,147.0,8417.0,partial_occlusion,1,1,1,1,0
523,000522.png,data/cogar_sim_500_final/rgb/000522.png,4550,5,plastic_object,285.0,196.0,70.0,105.0,2144.0,partial_occlusion,1,1,1,1,0
523,000522.png,data/cogar_sim_500_final/rgb/000522.png,4551,2,robot_gripper,234.0,55.0,80.0,212.0,11239.0,partial_occlusion,1,1,1,1,0
523,000522.png,data/cogar_sim_500_final/rgb/000522.png,4552,2,robot_gripper,287.0,100.0,37.0,102.0,2437.0,partial_occlusion,1,1,1,1,0
523,000522.png,data/cogar_sim_500_final/rgb/000522.png,4553,2,robot_gripper,256.0,236.0,40.0,42.0,438.0,partial_occlusion,1,1,1,1,0
524,000523.png,data/cogar_sim_500_final/rgb/000523.png,4554,1,table,53.0,0.0,587.0,480.0,222092.0,small_parts,0,0,1,1,0
524,000523.png,data/cogar_sim_500_final/rgb/000523.png,4555,1,table,0.0,0.0,108.0,480.0,38605.0,small_parts,0,0,1,1,0
524,000523.png,data/cogar_sim_500_final/rgb/000523.png,4556,8,cable,321.0,272.0,38.0,173.0,2724.0,small_parts,0,0,1,1,0
524,000523.png,data/cogar_sim_500_final/rgb/000523.png,4557,6,screw,430.0,439.0,21.0,25.0,465.0,small_parts,0,0,1,1,0
524,000523.png,data/cogar_sim_500_final/rgb/000523.png,4558,8,cable,173.0,65.0,33.0,216.0,3500.0,small_parts,0,0,1,1,0
524,000523.png,data/cogar_sim_500_final/rgb/000523.png,4559,6,screw,513.0,470.0,29.0,10.0,196.0,small_parts,0,0,1,1,0
524,000523.png,data/cogar_sim_500_final/rgb/000523.png,4560,7,connector,463.0,311.0,54.0,60.0,2069.0,small_parts,0,0,1,1,0
524,000523.png,data/cogar_sim_500_final/rgb/000523.png,4561,5,plastic_object,413.0,107.0,77.0,54.0,3258.0,small_parts,0,0,1,1,0
524,000523.png,data/cogar_sim_500_final/rgb/000523.png,4562,8,cable,346.0,366.0,35.0,114.0,1433.0,small_parts,0,0,1,1,0
524,000523.png,data/cogar_sim_500_final/rgb/000523.png,4563,8,cable,268.0,54.0,226.0,186.0,2416.0,small_parts,0,0,1,1,0
524,000523.png,data/cogar_sim_500_final/rgb/000523.png,4564,8,cable,428.0,173.0,177.0,261.0,3466.0,small_parts,0,0,1,1,0
524,000523.png,data/cogar_sim_500_final/rgb/000523.png,4565,7,connector,408.0,204.0,26.0,67.0,1253.0,small_parts,0,0,1,1,0
524,000523.png,data/cogar_sim_500_final/rgb/000523.png,4566,6,screw,415.0,445.0,15.0,35.0,452.0,small_parts,0,0,1,1,0
524,000523.png,data/cogar_sim_500_final/rgb/000523.png,4567,7,connector,295.0,256.0,43.0,47.0,947.0,small_parts,0,0,1,1,0
524,000523.png,data/cogar_sim_500_final/rgb/000523.png,4568,2,robot_gripper,214.0,50.0,159.0,223.0,13734.0,small_parts,0,0,1,1,0
524,000523.png,data/cogar_sim_500_final/rgb/000523.png,4569,2,robot_gripper,233.0,131.0,64.0,192.0,8979.0,small_parts,0,0,1,1,0
524,000523.png,data/cogar_sim_500_final/rgb/000523.png,4570,2,robot_gripper,229.0,77.0,54.0,65.0,1611.0,small_parts,0,0,1,1,0
525,000524.png,data/cogar_sim_500_final/rgb/000524.png,4571,1,table,0.0,87.0,640.0,393.0,163949.0,dynamic_scene,1,1,0,1,1
525,000524.png,data/cogar_sim_500_final/rgb/000524.png,4572,1,table,87.0,0.0,553.0,268.0,92289.0,dynamic_scene,1,1,0,1,1
525,000524.png,data/cogar_sim_500_final/rgb/000524.png,4573,4,glass_object,365.0,112.0,65.0,140.0,7581.0,dynamic_scene,1,1,0,1,1
525,000524.png,data/cogar_sim_500_final/rgb/000524.png,4574,10,box,372.0,245.0,137.0,123.0,6772.0,dynamic_scene,1,1,0,1,1
525,000524.png,data/cogar_sim_500_final/rgb/000524.png,4575,5,plastic_object,268.0,177.0,22.0,39.0,111.0,dynamic_scene,1,1,0,1,1
525,000524.png,data/cogar_sim_500_final/rgb/000524.png,4576,6,screw,261.0,216.0,9.0,15.0,106.0,dynamic_scene,1,1,0,1,1
525,000524.png,data/cogar_sim_500_final/rgb/000524.png,4577,4,glass_object,363.0,260.0,86.0,156.0,11392.0,dynamic_scene,1,1,0,1,1
525,000524.png,data/cogar_sim_500_final/rgb/000524.png,4578,3,metal_part,266.0,167.0,57.0,52.0,1845.0,dynamic_scene,1,1,0,1,1
525,000524.png,data/cogar_sim_500_final/rgb/000524.png,4579,5,plastic_object,185.0,173.0,71.0,77.0,4152.0,dynamic_scene,1,1,0,1,1
525,000524.png,data/cogar_sim_500_final/rgb/000524.png,4580,3,metal_part,245.0,137.0,42.0,70.0,1759.0,dynamic_scene,1,1,0,1,1
525,000524.png,data/cogar_sim_500_final/rgb/000524.png,4581,5,plastic_object,201.0,246.0,98.0,105.0,7598.0,dynamic_scene,1,1,0,1,1
526,000525.png,data/cogar_sim_500_final/rgb/000525.png,4582,1,table,0.0,0.0,640.0,480.0,173579.0,reflective_metal,1,0,0,1,0
526,000525.png,data/cogar_sim_500_final/rgb/000525.png,4583,1,table,208.0,0.0,432.0,480.0,113708.0,reflective_metal,1,0,0,1,0
526,000525.png,data/cogar_sim_500_final/rgb/000525.png,4584,3,metal_part,300.0,109.0,65.0,70.0,2834.0,reflective_metal,1,0,0,1,0
526,000525.png,data/cogar_sim_500_final/rgb/000525.png,4585,3,metal_part,334.0,171.0,44.0,50.0,1330.0,reflective_metal,1,0,0,1,0
526,000525.png,data/cogar_sim_500_final/rgb/000525.png,4586,3,metal_part,233.0,281.0,90.0,99.0,6406.0,reflective_metal,1,0,0,1,0
526,000525.png,data/cogar_sim_500_final/rgb/000525.png,4587,7,connector,240.0,223.0,70.0,49.0,1966.0,reflective_metal,1,0,0,1,0
526,000525.png,data/cogar_sim_500_final/rgb/000525.png,4588,6,screw,263.0,391.0,5.0,7.0,13.0,reflective_metal,1,0,0,1,0
527,000526.png,data/cogar_sim_500_final/rgb/000526.png,4589,1,table,0.0,452.0,246.0,28.0,3491.0,transparent_glass,0,1,1,1,0
527,000526.png,data/cogar_sim_500_final/rgb/000526.png,4590,1,table,0.0,0.0,640.0,480.0,303709.0,transparent_glass,0,1,1,1,0
528,000527.png,data/cogar_sim_500_final/rgb/000527.png,4591,1,table,0.0,35.0,640.0,445.0,185416.0,partial_occlusion,1,0,1,1,0
528,000527.png,data/cogar_sim_500_final/rgb/000527.png,4592,1,table,0.0,0.0,626.0,239.0,84111.0,partial_occlusion,1,0,1,1,0
528,000527.png,data/cogar_sim_500_final/rgb/000527.png,4593,3,metal_part,153.0,252.0,66.0,138.0,5087.0,partial_occlusion,1,0,1,1,0
528,000527.png,data/cogar_sim_500_final/rgb/000527.png,4594,3,metal_part,412.0,154.0,71.0,74.0,2291.0,partial_occlusion,1,0,1,1,0
528,000527.png,data/cogar_sim_500_final/rgb/000527.png,4595,5,plastic_object,427.0,200.0,63.0,89.0,4732.0,partial_occlusion,1,0,1,1,0
528,000527.png,data/cogar_sim_500_final/rgb/000527.png,4596,3,metal_part,485.0,187.0,39.0,63.0,1891.0,partial_occlusion,1,0,1,1,0
528,000527.png,data/cogar_sim_500_final/rgb/000527.png,4597,9,tool,184.0,154.0,174.0,104.0,2593.0,partial_occlusion,1,0,1,1,0
528,000527.png,data/cogar_sim_500_final/rgb/000527.png,4598,2,robot_gripper,241.0,115.0,224.0,128.0,15127.0,partial_occlusion,1,0,1,1,0
528,000527.png,data/cogar_sim_500_final/rgb/000527.png,4599,2,robot_gripper,289.0,221.0,42.0,60.0,1954.0,partial_occlusion,1,0,1,1,0
528,000527.png,data/cogar_sim_500_final/rgb/000527.png,4600,2,robot_gripper,356.0,107.0,47.0,157.0,3290.0,partial_occlusion,1,0,1,1,0
529,000528.png,data/cogar_sim_500_final/rgb/000528.png,4601,1,table,0.0,49.0,582.0,431.0,196696.0,small_parts,0,0,1,1,0
529,000528.png,data/cogar_sim_500_final/rgb/000528.png,4602,1,table,544.0,0.0,96.0,480.0,37848.0,small_parts,0,0,1,1,0
529,000528.png,data/cogar_sim_500_final/rgb/000528.png,4603,10,box,182.0,152.0,83.0,107.0,7149.0,small_parts,0,0,1,1,0
529,000528.png,data/cogar_sim_500_final/rgb/000528.png,4604,7,connector,329.0,231.0,34.0,45.0,913.0,small_parts,0,0,1,1,0
529,000528.png,data/cogar_sim_500_final/rgb/000528.png,4605,7,connector,371.0,179.0,18.0,35.0,588.0,small_parts,0,0,1,1,0
529,000528.png,data/cogar_sim_500_final/rgb/000528.png,4606,10,box,264.0,168.0,109.0,61.0,2693.0,small_parts,0,0,1,1,0
529,000528.png,data/cogar_sim_500_final/rgb/000528.png,4607,8,cable,178.0,212.0,94.0,48.0,380.0,small_parts,0,0,1,1,0
529,000528.png,data/cogar_sim_500_final/rgb/000528.png,4608,6,screw,272.0,283.0,11.0,14.0,88.0,small_parts,0,0,1,1,0
529,000528.png,data/cogar_sim_500_final/rgb/000528.png,4609,7,connector,245.0,291.0,58.0,62.0,2483.0,small_parts,0,0,1,1,0
529,000528.png,data/cogar_sim_500_final/rgb/000528.png,4610,6,screw,196.0,327.0,4.0,12.0,28.0,small_parts,0,0,1,1,0
529,000528.png,data/cogar_sim_500_final/rgb/000528.png,4611,7,connector,315.0,252.0,37.0,32.0,838.0,small_parts,0,0,1,1,0
529,000528.png,data/cogar_sim_500_final/rgb/000528.png,4612,7,connector,343.0,218.0,40.0,29.0,607.0,small_parts,0,0,1,1,0
529,000528.png,data/cogar_sim_500_final/rgb/000528.png,4613,6,screw,335.0,377.0,24.0,25.0,407.0,small_parts,0,0,1,1,0
529,000528.png,data/cogar_sim_500_final/rgb/000528.png,4614,7,connector,194.0,296.0,36.0,52.0,1431.0,small_parts,0,0,1,1,0
529,000528.png,data/cogar_sim_500_final/rgb/000528.png,4615,7,connector,217.0,257.0,63.0,48.0,1987.0,small_parts,0,0,1,1,0
529,000528.png,data/cogar_sim_500_final/rgb/000528.png,4616,2,robot_gripper,254.0,74.0,110.0,123.0,4970.0,small_parts,0,0,1,1,0
529,000528.png,data/cogar_sim_500_final/rgb/000528.png,4617,2,robot_gripper,320.0,79.0,36.0,109.0,1678.0,small_parts,0,0,1,1,0
529,000528.png,data/cogar_sim_500_final/rgb/000528.png,4618,2,robot_gripper,305.0,101.0,39.0,158.0,5028.0,small_parts,0,0,1,1,0
530,000529.png,data/cogar_sim_500_final/rgb/000529.png,4619,1,table,0.0,0.0,640.0,480.0,194772.0,dynamic_scene,1,0,0,0,1
530,000529.png,data/cogar_sim_500_final/rgb/000529.png,4620,1,table,0.0,0.0,406.0,326.0,64793.0,dynamic_scene,1,0,0,0,1
530,000529.png,data/cogar_sim_500_final/rgb/000529.png,4621,3,metal_part,280.0,307.0,108.0,91.0,5905.0,dynamic_scene,1,0,0,0,1
530,000529.png,data/cogar_sim_500_final/rgb/000529.png,4622,5,plastic_object,279.0,102.0,78.0,75.0,1645.0,dynamic_scene,1,0,0,0,1
530,000529.png,data/cogar_sim_500_final/rgb/000529.png,4623,10,box,238.0,77.0,121.0,111.0,7576.0,dynamic_scene,1,0,0,0,1
530,000529.png,data/cogar_sim_500_final/rgb/000529.png,4624,8,cable,127.0,202.0,226.0,111.0,2547.0,dynamic_scene,1,0,0,0,1
530,000529.png,data/cogar_sim_500_final/rgb/000529.png,4625,5,plastic_object,329.0,212.0,80.0,80.0,5538.0,dynamic_scene,1,0,0,0,1
530,000529.png,data/cogar_sim_500_final/rgb/000529.png,4626,8,cable,223.0,161.0,37.0,208.0,1647.0,dynamic_scene,1,0,0,0,1
530,000529.png,data/cogar_sim_500_final/rgb/000529.png,4627,10,box,446.0,142.0,117.0,129.0,10720.0,dynamic_scene,1,0,0,0,1
530,000529.png,data/cogar_sim_500_final/rgb/000529.png,4628,3,metal_part,469.0,149.0,20.0,17.0,247.0,dynamic_scene,1,0,0,0,1
530,000529.png,data/cogar_sim_500_final/rgb/000529.png,4629,5,plastic_object,327.0,73.0,42.0,62.0,1426.0,dynamic_scene,1,0,0,0,1
530,000529.png,data/cogar_sim_500_final/rgb/000529.png,4630,5,plastic_object,429.0,244.0,65.0,97.0,5108.0,dynamic_scene,1,0,0,0,1
531,000530.png,data/cogar_sim_500_final/rgb/000530.png,4631,1,table,0.0,0.0,640.0,480.0,274282.0,reflective_metal,1,0,0,1,0
531,000530.png,data/cogar_sim_500_final/rgb/000530.png,4632,10,box,208.0,329.0,172.0,145.0,17450.0,reflective_metal,1,0,0,1,0
531,000530.png,data/cogar_sim_500_final/rgb/000530.png,4633,9,tool,69.0,100.0,134.0,277.0,9155.0,reflective_metal,1,0,0,1,0
531,000530.png,data/cogar_sim_500_final/rgb/000530.png,4634,3,metal_part,190.0,272.0,53.0,49.0,1747.0,reflective_metal,1,0,0,1,0
531,000530.png,data/cogar_sim_500_final/rgb/000530.png,4635,6,screw,565.0,305.0,26.0,30.0,506.0,reflective_metal,1,0,0,1,0
531,000530.png,data/cogar_sim_500_final/rgb/000530.png,4636,3,metal_part,168.0,23.0,67.0,58.0,2633.0,reflective_metal,1,0,0,1,0
531,000530.png,data/cogar_sim_500_final/rgb/000530.png,4637,3,metal_part,339.0,293.0,47.0,43.0,1427.0,reflective_metal,1,0,0,1,0
532,000531.png,data/cogar_sim_500_final/rgb/000531.png,4638,1,table,0.0,438.0,640.0,42.0,17242.0,transparent_glass,0,1,0,1,0
532,000531.png,data/cogar_sim_500_final/rgb/000531.png,4639,1,table,0.0,0.0,640.0,468.0,289958.0,transparent_glass,0,1,0,1,0
533,000532.png,data/cogar_sim_500_final/rgb/000532.png,4640,1,table,0.0,415.0,552.0,65.0,18223.0,partial_occlusion,1,1,1,1,0
533,000532.png,data/cogar_sim_500_final/rgb/000532.png,4641,1,table,0.0,0.0,640.0,480.0,288977.0,partial_occlusion,1,1,1,1,0
534,000533.png,data/cogar_sim_500_final/rgb/000533.png,4642,1,table,0.0,0.0,640.0,480.0,246168.0,small_parts,1,0,1,1,0
534,000533.png,data/cogar_sim_500_final/rgb/000533.png,4643,1,table,475.0,0.0,165.0,265.0,22017.0,small_parts,1,0,1,1,0
534,000533.png,data/cogar_sim_500_final/rgb/000533.png,4644,7,connector,333.0,151.0,64.0,62.0,2106.0,small_parts,1,0,1,1,0
534,000533.png,data/cogar_sim_500_final/rgb/000533.png,4645,6,screw,233.0,384.0,23.0,26.0,340.0,small_parts,1,0,1,1,0
534,000533.png,data/cogar_sim_500_final/rgb/000533.png,4646,10,box,180.0,76.0,146.0,139.0,10363.0,small_parts,1,0,1,1,0
534,000533.png,data/cogar_sim_500_final/rgb/000533.png,4647,3,metal_part,449.0,340.0,113.0,140.0,5585.0,small_parts,1,0,1,1,0
534,000533.png,data/cogar_sim_500_final/rgb/000533.png,4648,7,connector,403.0,473.0,19.0,7.0,70.0,small_parts,1,0,1,1,0
534,000533.png,data/cogar_sim_500_final/rgb/000533.png,4649,7,connector,378.0,374.0,41.0,60.0,1288.0,small_parts,1,0,1,1,0
534,000533.png,data/cogar_sim_500_final/rgb/000533.png,4650,2,robot_gripper,248.0,203.0,278.0,248.0,18148.0,small_parts,1,0,1,1,0
534,000533.png,data/cogar_sim_500_final/rgb/000533.png,4651,2,robot_gripper,359.0,241.0,47.0,46.0,1115.0,small_parts,1,0,1,1,0
535,000534.png,data/cogar_sim_500_final/rgb/000534.png,4652,1,table,0.0,37.0,640.0,443.0,215785.0,dynamic_scene,0,0,1,1,1
535,000534.png,data/cogar_sim_500_final/rgb/000534.png,4653,5,plastic_object,298.0,225.0,95.0,129.0,10872.0,dynamic_scene,0,0,1,1,1
535,000534.png,data/cogar_sim_500_final/rgb/000534.png,4654,6,screw,392.0,249.0,17.0,16.0,228.0,dynamic_scene,0,0,1,1,1
535,000534.png,data/cogar_sim_500_final/rgb/000534.png,4655,5,plastic_object,401.0,156.0,68.0,66.0,3532.0,dynamic_scene,0,0,1,1,1
535,000534.png,data/cogar_sim_500_final/rgb/000534.png,4656,8,cable,380.0,211.0,196.0,216.0,4793.0,dynamic_scene,0,0,1,1,1
535,000534.png,data/cogar_sim_500_final/rgb/000534.png,4657,2,robot_gripper,121.0,13.0,188.0,161.0,12382.0,dynamic_scene,0,0,1,1,1
535,000534.png,data/cogar_sim_500_final/rgb/000534.png,4658,2,robot_gripper,254.0,30.0,53.0,183.0,8049.0,dynamic_scene,0,0,1,1,1
535,000534.png,data/cogar_sim_500_final/rgb/000534.png,4659,2,robot_gripper,188.0,37.0,67.0,229.0,9528.0,dynamic_scene,0,0,1,1,1
536,000535.png,data/cogar_sim_500_final/rgb/000535.png,4660,1,table,0.0,302.0,282.0,178.0,25242.0,reflective_metal,1,0,1,1,0
536,000535.png,data/cogar_sim_500_final/rgb/000535.png,4661,1,table,0.0,0.0,640.0,480.0,281958.0,reflective_metal,1,0,1,1,0
537,000536.png,data/cogar_sim_500_final/rgb/000536.png,4662,1,table,0.0,44.0,640.0,436.0,206792.0,transparent_glass,1,1,1,1,0
537,000536.png,data/cogar_sim_500_final/rgb/000536.png,4663,4,glass_object,232.0,202.0,67.0,184.0,10879.0,transparent_glass,1,1,1,1,0
537,000536.png,data/cogar_sim_500_final/rgb/000536.png,4664,10,box,68.0,165.0,164.0,122.0,6687.0,transparent_glass,1,1,1,1,0
537,000536.png,data/cogar_sim_500_final/rgb/000536.png,4665,4,glass_object,100.0,218.0,91.0,136.0,10045.0,transparent_glass,1,1,1,1,0
537,000536.png,data/cogar_sim_500_final/rgb/000536.png,4666,3,metal_part,295.0,303.0,15.0,40.0,433.0,transparent_glass,1,1,1,1,0
537,000536.png,data/cogar_sim_500_final/rgb/000536.png,4667,5,plastic_object,341.0,296.0,69.0,58.0,3165.0,transparent_glass,1,1,1,1,0
537,000536.png,data/cogar_sim_500_final/rgb/000536.png,4668,2,robot_gripper,167.0,121.0,240.0,145.0,12020.0,transparent_glass,1,1,1,1,0
537,000536.png,data/cogar_sim_500_final/rgb/000536.png,4669,2,robot_gripper,323.0,198.0,28.0,72.0,1682.0,transparent_glass,1,1,1,1,0
537,000536.png,data/cogar_sim_500_final/rgb/000536.png,4670,2,robot_gripper,277.0,162.0,46.0,164.0,4490.0,transparent_glass,1,1,1,1,0
538,000537.png,data/cogar_sim_500_final/rgb/000537.png,4671,1,table,0.0,57.0,640.0,423.0,170998.0,partial_occlusion,1,1,1,1,0
538,000537.png,data/cogar_sim_500_final/rgb/000537.png,4672,4,glass_object,42.0,170.0,111.0,200.0,17573.0,partial_occlusion,1,1,1,1,0
538,000537.png,data/cogar_sim_500_final/rgb/000537.png,4673,5,plastic_object,144.0,242.0,80.0,85.0,5419.0,partial_occlusion,1,1,1,1,0
538,000537.png,data/cogar_sim_500_final/rgb/000537.png,4674,10,box,138.0,168.0,160.0,106.0,5801.0,partial_occlusion,1,1,1,1,0
538,000537.png,data/cogar_sim_500_final/rgb/000537.png,4675,3,metal_part,184.0,238.0,69.0,66.0,1279.0,partial_occlusion,1,1,1,1,0
538,000537.png,data/cogar_sim_500_final/rgb/000537.png,4676,4,glass_object,301.0,153.0,142.0,217.0,25464.0,partial_occlusion,1,1,1,1,0
538,000537.png,data/cogar_sim_500_final/rgb/000537.png,4677,2,robot_gripper,199.0,105.0,136.0,157.0,10375.0,partial_occlusion,1,1,1,1,0
538,000537.png,data/cogar_sim_500_final/rgb/000537.png,4678,2,robot_gripper,209.0,132.0,48.0,148.0,1764.0,partial_occlusion,1,1,1,1,0
538,000537.png,data/cogar_sim_500_final/rgb/000537.png,4679,2,robot_gripper,271.0,117.0,40.0,140.0,1032.0,partial_occlusion,1,1,1,1,0
539,000538.png,data/cogar_sim_500_final/rgb/000538.png,4680,1,table,0.0,0.0,640.0,480.0,251027.0,small_parts,1,0,0,1,0
539,000538.png,data/cogar_sim_500_final/rgb/000538.png,4681,9,tool,375.0,199.0,206.0,50.0,5266.0,small_parts,1,0,0,1,0
539,000538.png,data/cogar_sim_500_final/rgb/000538.png,4682,5,plastic_object,273.0,124.0,37.0,52.0,1102.0,small_parts,1,0,0,1,0
539,000538.png,data/cogar_sim_500_final/rgb/000538.png,4683,3,metal_part,248.0,163.0,63.0,70.0,3307.0,small_parts,1,0,0,1,0
539,000538.png,data/cogar_sim_500_final/rgb/000538.png,4684,7,connector,344.0,195.0,34.0,55.0,1533.0,small_parts,1,0,0,1,0
539,000538.png,data/cogar_sim_500_final/rgb/000538.png,4685,6,screw,235.0,238.0,17.0,24.0,331.0,small_parts,1,0,0,1,0
539,000538.png,data/cogar_sim_500_final/rgb/000538.png,4686,5,plastic_object,207.0,272.0,67.0,126.0,5575.0,small_parts,1,0,0,1,0
539,000538.png,data/cogar_sim_500_final/rgb/000538.png,4687,6,screw,348.0,388.0,27.0,25.0,389.0,small_parts,1,0,0,1,0
539,000538.png,data/cogar_sim_500_final/rgb/000538.png,4688,8,cable,93.0,210.0,246.0,172.0,2029.0,small_parts,1,0,0,1,0
539,000538.png,data/cogar_sim_500_final/rgb/000538.png,4689,3,metal_part,241.0,124.0,43.0,77.0,1615.0,small_parts,1,0,0,1,0
539,000538.png,data/cogar_sim_500_final/rgb/000538.png,4690,6,screw,240.0,176.0,4.0,13.0,25.0,small_parts,1,0,0,1,0
539,000538.png,data/cogar_sim_500_final/rgb/000538.png,4691,8,cable,258.0,378.0,84.0,102.0,2022.0,small_parts,1,0,0,1,0
539,000538.png,data/cogar_sim_500_final/rgb/000538.png,4692,6,screw,302.0,218.0,24.0,22.0,336.0,small_parts,1,0,0,1,0
539,000538.png,data/cogar_sim_500_final/rgb/000538.png,4693,5,plastic_object,60.0,275.0,78.0,94.0,5023.0,small_parts,1,0,0,1,0
539,000538.png,data/cogar_sim_500_final/rgb/000538.png,4694,6,screw,400.0,354.0,20.0,17.0,291.0,small_parts,1,0,0,1,0
539,000538.png,data/cogar_sim_500_final/rgb/000538.png,4695,6,screw,286.0,359.0,24.0,32.0,533.0,small_parts,1,0,0,1,0
539,000538.png,data/cogar_sim_500_final/rgb/000538.png,4696,5,plastic_object,195.0,296.0,82.0,91.0,2214.0,small_parts,1,0,0,1,0
540,000539.png,data/cogar_sim_500_final/rgb/000539.png,4697,1,table,0.0,113.0,640.0,367.0,193057.0,dynamic_scene,1,0,0,0,1
540,000539.png,data/cogar_sim_500_final/rgb/000539.png,4698,3,metal_part,334.0,230.0,62.0,106.0,5399.0,dynamic_scene,1,0,0,0,1
540,000539.png,data/cogar_sim_500_final/rgb/000539.png,4699,8,cable,175.0,173.0,124.0,108.0,1625.0,dynamic_scene,1,0,0,0,1
540,000539.png,data/cogar_sim_500_final/rgb/000539.png,4700,5,plastic_object,139.0,290.0,102.0,131.0,11306.0,dynamic_scene,1,0,0,0,1
540,000539.png,data/cogar_sim_500_final/rgb/000539.png,4701,8,cable,125.0,184.0,348.0,90.0,4550.0,dynamic_scene,1,0,0,0,1
540,000539.png,data/cogar_sim_500_final/rgb/000539.png,4702,5,plastic_object,61.0,191.0,89.0,94.0,6499.0,dynamic_scene,1,0,0,0,1
540,000539.png,data/cogar_sim_500_final/rgb/000539.png,4703,5,plastic_object,309.0,186.0,66.0,45.0,2299.0,dynamic_scene,1,0,0,0,1
541,000540.png,data/cogar_sim_500_final/rgb/000540.png,4704,1,table,0.0,0.0,640.0,480.0,307200.0,reflective_metal,1,0,0,1,0
542,000541.png,data/cogar_sim_500_final/rgb/000541.png,4705,1,table,0.0,152.0,640.0,328.0,156931.0,transparent_glass,0,1,1,1,0
542,000541.png,data/cogar_sim_500_final/rgb/000541.png,4706,1,table,0.0,0.0,640.0,239.0,109171.0,transparent_glass,0,1,1,1,0
542,000541.png,data/cogar_sim_500_final/rgb/000541.png,4707,7,connector,439.0,289.0,42.0,44.0,1435.0,transparent_glass,0,1,1,1,0
542,000541.png,data/cogar_sim_500_final/rgb/000541.png,4708,10,box,320.0,151.0,102.0,101.0,5276.0,transparent_glass,0,1,1,1,0
542,000541.png,data/cogar_sim_500_final/rgb/000541.png,4709,10,box,398.0,143.0,96.0,80.0,5536.0,transparent_glass,0,1,1,1,0
542,000541.png,data/cogar_sim_500_final/rgb/000541.png,4710,4,glass_object,150.0,195.0,104.0,145.0,13346.0,transparent_glass,0,1,1,1,0
542,000541.png,data/cogar_sim_500_final/rgb/000541.png,4711,2,robot_gripper,129.0,136.0,269.0,101.0,12760.0,transparent_glass,0,1,1,1,0
542,000541.png,data/cogar_sim_500_final/rgb/000541.png,4712,2,robot_gripper,208.0,158.0,25.0,5.0,32.0,transparent_glass,0,1,1,1,0
542,000541.png,data/cogar_sim_500_final/rgb/000541.png,4713,2,robot_gripper,283.0,137.0,37.0,135.0,2713.0,transparent_glass,0,1,1,1,0
543,000542.png,data/cogar_sim_500_final/rgb/000542.png,4714,1,table,0.0,108.0,640.0,372.0,170303.0,partial_occlusion,1,1,1,1,0
543,000542.png,data/cogar_sim_500_final/rgb/000542.png,4715,1,table,0.0,0.0,640.0,235.0,99660.0,partial_occlusion,1,1,1,1,0
543,000542.png,data/cogar_sim_500_final/rgb/000542.png,4716,6,screw,418.0,221.0,15.0,16.0,192.0,partial_occlusion,1,1,1,1,0
543,000542.png,data/cogar_sim_500_final/rgb/000542.png,4717,7,connector,333.0,225.0,60.0,35.0,1396.0,partial_occlusion,1,1,1,1,0
543,000542.png,data/cogar_sim_500_final/rgb/000542.png,4718,3,metal_part,283.0,182.0,41.0,20.0,688.0,partial_occlusion,1,1,1,1,0
543,000542.png,data/cogar_sim_500_final/rgb/000542.png,4719,5,plastic_object,156.0,140.0,33.0,58.0,1116.0,partial_occlusion,1,1,1,1,0
543,000542.png,data/cogar_sim_500_final/rgb/000542.png,4720,7,connector,389.0,295.0,65.0,55.0,2384.0,partial_occlusion,1,1,1,1,0
543,000542.png,data/cogar_sim_500_final/rgb/000542.png,4721,4,glass_object,219.0,225.0,110.0,156.0,14594.0,partial_occlusion,1,1,1,1,0
543,000542.png,data/cogar_sim_500_final/rgb/000542.png,4722,2,robot_gripper,175.0,121.0,239.0,66.0,13842.0,partial_occlusion,1,1,1,1,0
543,000542.png,data/cogar_sim_500_final/rgb/000542.png,4723,2,robot_gripper,256.0,107.0,28.0,122.0,1509.0,partial_occlusion,1,1,1,1,0
543,000542.png,data/cogar_sim_500_final/rgb/000542.png,4724,2,robot_gripper,324.0,181.0,28.0,66.0,1516.0,partial_occlusion,1,1,1,1,0
544,000543.png,data/cogar_sim_500_final/rgb/000543.png,4725,1,table,0.0,80.0,640.0,400.0,196106.0,small_parts,1,0,1,1,0
544,000543.png,data/cogar_sim_500_final/rgb/000543.png,4726,3,metal_part,308.0,181.0,10.0,39.0,292.0,small_parts,1,0,1,1,0
544,000543.png,data/cogar_sim_500_final/rgb/000543.png,4727,5,plastic_object,512.0,254.0,57.0,59.0,2885.0,small_parts,1,0,1,1,0
544,000543.png,data/cogar_sim_500_final/rgb/000543.png,4728,6,screw,15.0,248.0,33.0,19.0,414.0,small_parts,1,0,1,1,0
544,000543.png,data/cogar_sim_500_final/rgb/000543.png,4729,3,metal_part,118.0,124.0,68.0,98.0,3465.0,small_parts,1,0,1,1,0
544,000543.png,data/cogar_sim_500_final/rgb/000543.png,4730,7,connector,201.0,287.0,60.0,80.0,3339.0,small_parts,1,0,1,1,0
544,000543.png,data/cogar_sim_500_final/rgb/000543.png,4731,10,box,302.0,150.0,66.0,78.0,3753.0,small_parts,1,0,1,1,0
544,000543.png,data/cogar_sim_500_final/rgb/000543.png,4732,6,screw,125.0,186.0,18.0,19.0,223.0,small_parts,1,0,1,1,0
544,000543.png,data/cogar_sim_500_final/rgb/000543.png,4733,3,metal_part,398.0,253.0,76.0,92.0,4543.0,small_parts,1,0,1,1,0
544,000543.png,data/cogar_sim_500_final/rgb/000543.png,4734,6,screw,459.0,378.0,34.0,34.0,747.0,small_parts,1,0,1,1,0
544,000543.png,data/cogar_sim_500_final/rgb/000543.png,4735,2,robot_gripper,149.0,61.0,220.0,102.0,12655.0,small_parts,1,0,1,1,0
544,000543.png,data/cogar_sim_500_final/rgb/000543.png,4736,2,robot_gripper,256.0,110.0,52.0,126.0,5261.0,small_parts,1,0,1,1,0
544,000543.png,data/cogar_sim_500_final/rgb/000543.png,4737,2,robot_gripper,176.0,96.0,55.0,122.0,5150.0,small_parts,1,0,1,1,0
545,000544.png,data/cogar_sim_500_final/rgb/000544.png,4738,1,table,0.0,73.0,640.0,407.0,175979.0,dynamic_scene,1,1,1,0,1
545,000544.png,data/cogar_sim_500_final/rgb/000544.png,4739,1,table,0.0,0.0,640.0,225.0,90790.0,dynamic_scene,1,1,1,0,1
545,000544.png,data/cogar_sim_500_final/rgb/000544.png,4740,5,plastic_object,216.0,163.0,60.0,72.0,3121.0,dynamic_scene,1,1,1,0,1
545,000544.png,data/cogar_sim_500_final/rgb/000544.png,4741,10,box,420.0,238.0,159.0,140.0,14145.0,dynamic_scene,1,1,1,0,1
545,000544.png,data/cogar_sim_500_final/rgb/000544.png,4742,5,plastic_object,166.0,138.0,59.0,70.0,3346.0,dynamic_scene,1,1,1,0,1
545,000544.png,data/cogar_sim_500_final/rgb/000544.png,4743,9,tool,248.0,219.0,83.0,112.0,3547.0,dynamic_scene,1,1,1,0,1
545,000544.png,data/cogar_sim_500_final/rgb/000544.png,4744,4,glass_object,338.0,165.0,67.0,107.0,4776.0,dynamic_scene,1,1,1,0,1
545,000544.png,data/cogar_sim_500_final/rgb/000544.png,4745,2,robot_gripper,232.0,106.0,168.0,92.0,9546.0,dynamic_scene,1,1,1,0,1
545,000544.png,data/cogar_sim_500_final/rgb/000544.png,4746,2,robot_gripper,273.0,107.0,34.0,118.0,1673.0,dynamic_scene,1,1,1,0,1
545,000544.png,data/cogar_sim_500_final/rgb/000544.png,4747,2,robot_gripper,337.0,128.0,36.0,105.0,277.0,dynamic_scene,1,1,1,0,1
546,000545.png,data/cogar_sim_500_final/rgb/000545.png,4748,1,table,0.0,50.0,640.0,430.0,184140.0,reflective_metal,1,0,1,1,0
546,000545.png,data/cogar_sim_500_final/rgb/000545.png,4749,9,tool,409.0,160.0,231.0,91.0,2814.0,reflective_metal,1,0,1,1,0
546,000545.png,data/cogar_sim_500_final/rgb/000545.png,4750,3,metal_part,468.0,317.0,136.0,113.0,10192.0,reflective_metal,1,0,1,1,0
546,000545.png,data/cogar_sim_500_final/rgb/000545.png,4751,10,box,439.0,105.0,181.0,184.0,23271.0,reflective_metal,1,0,1,1,0
546,000545.png,data/cogar_sim_500_final/rgb/000545.png,4752,6,screw,606.0,216.0,13.0,17.0,150.0,reflective_metal,1,0,1,1,0
546,000545.png,data/cogar_sim_500_final/rgb/000545.png,4753,3,metal_part,264.0,288.0,68.0,64.0,3432.0,reflective_metal,1,0,1,1,0
546,000545.png,data/cogar_sim_500_final/rgb/000545.png,4754,9,tool,542.0,249.0,32.0,89.0,2394.0,reflective_metal,1,0,1,1,0
546,000545.png,data/cogar_sim_500_final/rgb/000545.png,4755,2,robot_gripper,0.0,26.0,452.0,107.0,35871.0,reflective_metal,1,0,1,1,0
546,000545.png,data/cogar_sim_500_final/rgb/000545.png,4756,2,robot_gripper,257.0,27.0,50.0,249.0,11076.0,reflective_metal,1,0,1,1,0
546,000545.png,data/cogar_sim_500_final/rgb/000545.png,4757,2,robot_gripper,112.0,38.0,72.0,227.0,11210.0,reflective_metal,1,0,1,1,0
547,000546.png,data/cogar_sim_500_final/rgb/000546.png,4758,1,table,0.0,0.0,640.0,480.0,222082.0,transparent_glass,1,1,1,1,0
547,000546.png,data/cogar_sim_500_final/rgb/000546.png,4759,1,table,0.0,0.0,187.0,136.0,12777.0,transparent_glass,1,1,1,1,0
547,000546.png,data/cogar_sim_500_final/rgb/000546.png,4760,7,connector,175.0,359.0,26.0,55.0,1283.0,transparent_glass,1,1,1,1,0
547,000546.png,data/cogar_sim_500_final/rgb/000546.png,4761,10,box,434.0,10.0,206.0,221.0,26369.0,transparent_glass,1,1,1,1,0
547,000546.png,data/cogar_sim_500_final/rgb/000546.png,4762,4,glass_object,211.0,38.0,133.0,134.0,8986.0,transparent_glass,1,1,1,1,0
547,000546.png,data/cogar_sim_500_final/rgb/000546.png,4763,4,glass_object,241.0,23.0,111.0,70.0,1758.0,transparent_glass,1,1,1,1,0
547,000546.png,data/cogar_sim_500_final/rgb/000546.png,4764,3,metal_part,341.0,0.0,67.0,90.0,3234.0,transparent_glass,1,1,1,1,0
547,000546.png,data/cogar_sim_500_final/rgb/000546.png,4765,4,glass_object,385.0,0.0,92.0,81.0,4272.0,transparent_glass,1,1,1,1,0
547,000546.png,data/cogar_sim_500_final/rgb/000546.png,4766,4,glass_object,170.0,61.0,83.0,100.0,4746.0,transparent_glass,1,1,1,1,0
547,000546.png,data/cogar_sim_500_final/rgb/000546.png,4767,2,robot_gripper,59.0,76.0,350.0,203.0,19966.0,transparent_glass,1,1,1,1,0
547,000546.png,data/cogar_sim_500_final/rgb/000546.png,4768,2,robot_gripper,148.0,158.0,52.0,57.0,1727.0,transparent_glass,1,1,1,1,0
548,000547.png,data/cogar_sim_500_final/rgb/000547.png,4769,1,table,0.0,349.0,316.0,131.0,20862.0,partial_occlusion,0,1,1,1,0
548,000547.png,data/cogar_sim_500_final/rgb/000547.png,4770,1,table,0.0,0.0,640.0,480.0,286338.0,partial_occlusion,0,1,1,1,0
549,000548.png,data/cogar_sim_500_final/rgb/000548.png,4771,1,table,0.0,0.0,640.0,480.0,255388.0,small_parts,1,0,1,1,0
549,000548.png,data/cogar_sim_500_final/rgb/000548.png,4772,3,metal_part,244.0,231.0,95.0,89.0,3645.0,small_parts,1,0,1,1,0
549,000548.png,data/cogar_sim_500_final/rgb/000548.png,4773,6,screw,273.0,306.0,28.0,19.0,334.0,small_parts,1,0,1,1,0
549,000548.png,data/cogar_sim_500_final/rgb/000548.png,4774,7,connector,179.0,184.0,63.0,64.0,2073.0,small_parts,1,0,1,1,0
549,000548.png,data/cogar_sim_500_final/rgb/000548.png,4775,7,connector,282.0,228.0,76.0,29.0,728.0,small_parts,1,0,1,1,0
549,000548.png,data/cogar_sim_500_final/rgb/000548.png,4776,6,screw,58.0,257.0,31.0,23.0,391.0,small_parts,1,0,1,1,0
549,000548.png,data/cogar_sim_500_final/rgb/000548.png,4777,6,screw,497.0,217.0,26.0,15.0,264.0,small_parts,1,0,1,1,0
549,000548.png,data/cogar_sim_500_final/rgb/000548.png,4778,5,plastic_object,236.0,245.0,59.0,59.0,2452.0,small_parts,1,0,1,1,0
549,000548.png,data/cogar_sim_500_final/rgb/000548.png,4779,8,cable,177.0,178.0,87.0,288.0,2465.0,small_parts,1,0,1,1,0
549,000548.png,data/cogar_sim_500_final/rgb/000548.png,4780,10,box,192.0,4.0,170.0,177.0,18378.0,small_parts,1,0,1,1,0
549,000548.png,data/cogar_sim_500_final/rgb/000548.png,4781,8,cable,197.0,198.0,46.0,230.0,581.0,small_parts,1,0,1,1,0
549,000548.png,data/cogar_sim_500_final/rgb/000548.png,4782,6,screw,117.0,98.0,13.0,17.0,177.0,small_parts,1,0,1,1,0
549,000548.png,data/cogar_sim_500_final/rgb/000548.png,4783,6,screw,186.0,228.0,16.0,18.0,155.0,small_parts,1,0,1,1,0
549,000548.png,data/cogar_sim_500_final/rgb/000548.png,4784,2,robot_gripper,240.0,153.0,338.0,84.0,17435.0,small_parts,1,0,1,1,0
549,000548.png,data/cogar_sim_500_final/rgb/000548.png,4785,2,robot_gripper,348.0,134.0,39.0,38.0,1261.0,small_parts,1,0,1,1,0
549,000548.png,data/cogar_sim_500_final/rgb/000548.png,4786,2,robot_gripper,429.0,166.0,55.0,57.0,1473.0,small_parts,1,0,1,1,0
550,000549.png,data/cogar_sim_500_final/rgb/000549.png,4787,1,table,0.0,0.0,640.0,480.0,286306.0,dynamic_scene,0,0,0,1,1
550,000549.png,data/cogar_sim_500_final/rgb/000549.png,4788,1,table,551.0,460.0,89.0,20.0,930.0,dynamic_scene,0,0,0,1,1
550,000549.png,data/cogar_sim_500_final/rgb/000549.png,4789,5,plastic_object,0.0,270.0,94.0,71.0,5010.0,dynamic_scene,0,0,0,1,1
550,000549.png,data/cogar_sim_500_final/rgb/000549.png,4790,6,screw,427.0,246.0,31.0,35.0,584.0,dynamic_scene,0,0,0,1,1
550,000549.png,data/cogar_sim_500_final/rgb/000549.png,4791,5,plastic_object,0.0,108.0,56.0,102.0,3286.0,dynamic_scene,0,0,0,1,1
550,000549.png,data/cogar_sim_500_final/rgb/000549.png,4792,5,plastic_object,47.0,240.0,71.0,57.0,2597.0,dynamic_scene,0,0,0,1,1
550,000549.png,data/cogar_sim_500_final/rgb/000549.png,4793,5,plastic_object,489.0,11.0,67.0,77.0,4450.0,dynamic_scene,0,0,0,1,1
550,000549.png,data/cogar_sim_500_final/rgb/000549.png,4794,5,plastic_object,76.0,182.0,87.0,76.0,4037.0,dynamic_scene,0,0,0,1,1
551,000550.png,data/cogar_sim_500_final/rgb/000550.png,4795,1,table,0.0,0.0,640.0,480.0,202453.0,reflective_metal,1,0,0,0,0
551,000550.png,data/cogar_sim_500_final/rgb/000550.png,4796,1,table,505.0,340.0,135.0,140.0,9441.0,reflective_metal,1,0,0,0,0
551,000550.png,data/cogar_sim_500_final/rgb/000550.png,4797,10,box,387.0,224.0,237.0,197.0,27942.0,reflective_metal,1,0,0,0,0
551,000550.png,data/cogar_sim_500_final/rgb/000550.png,4798,10,box,294.0,0.0,132.0,118.0,9688.0,reflective_metal,1,0,0,0,0
551,000550.png,data/cogar_sim_500_final/rgb/000550.png,4799,3,metal_part,190.0,396.0,112.0,84.0,8476.0,reflective_metal,1,0,0,0,0
551,000550.png,data/cogar_sim_500_final/rgb/000550.png,4800,5,plastic_object,429.0,221.0,80.0,87.0,5214.0,reflective_metal,1,0,0,0,0
551,000550.png,data/cogar_sim_500_final/rgb/000550.png,4801,10,box,248.0,102.0,202.0,213.0,22963.0,reflective_metal,1,0,0,0,0
551,000550.png,data/cogar_sim_500_final/rgb/000550.png,4802,3,metal_part,171.0,129.0,81.0,91.0,5275.0,reflective_metal,1,0,0,0,0
551,000550.png,data/cogar_sim_500_final/rgb/000550.png,4803,3,metal_part,160.0,217.0,94.0,67.0,4966.0,reflective_metal,1,0,0,0,0
551,000550.png,data/cogar_sim_500_final/rgb/000550.png,4804,3,metal_part,118.0,458.0,58.0,22.0,664.0,reflective_metal,1,0,0,0,0
551,000550.png,data/cogar_sim_500_final/rgb/000550.png,4805,9,tool,506.0,27.0,134.0,302.0,10118.0,reflective_metal,1,0,0,0,0
552,000551.png,data/cogar_sim_500_final/rgb/000551.png,4806,1,table,0.0,0.0,606.0,480.0,211903.0,transparent_glass,1,1,1,1,0
552,000551.png,data/cogar_sim_500_final/rgb/000551.png,4807,1,table,532.0,0.0,108.0,480.0,33865.0,transparent_glass,1,1,1,1,0
552,000551.png,data/cogar_sim_500_final/rgb/000551.png,4808,4,glass_object,270.0,143.0,81.0,79.0,3669.0,transparent_glass,1,1,1,1,0
552,000551.png,data/cogar_sim_500_final/rgb/000551.png,4809,7,connector,385.0,98.0,74.0,64.0,1973.0,transparent_glass,1,1,1,1,0
552,000551.png,data/cogar_sim_500_final/rgb/000551.png,4810,3,metal_part,363.0,153.0,52.0,39.0,1391.0,transparent_glass,1,1,1,1,0
552,000551.png,data/cogar_sim_500_final/rgb/000551.png,4811,5,plastic_object,132.0,352.0,118.0,96.0,7074.0,transparent_glass,1,1,1,1,0
552,000551.png,data/cogar_sim_500_final/rgb/000551.png,4812,4,glass_object,299.0,0.0,74.0,116.0,2944.0,transparent_glass,1,1,1,1,0
552,000551.png,data/cogar_sim_500_final/rgb/000551.png,4813,4,glass_object,359.0,142.0,138.0,149.0,10993.0,transparent_glass,1,1,1,1,0
552,000551.png,data/cogar_sim_500_final/rgb/000551.png,4814,4,glass_object,236.0,381.0,123.0,99.0,7841.0,transparent_glass,1,1,1,1,0
552,000551.png,data/cogar_sim_500_final/rgb/000551.png,4815,2,robot_gripper,124.0,14.0,254.0,320.0,21687.0,transparent_glass,1,1,1,1,0
552,000551.png,data/cogar_sim_500_final/rgb/000551.png,4816,2,robot_gripper,258.0,90.0,61.0,59.0,1876.0,transparent_glass,1,1,1,1,0
552,000551.png,data/cogar_sim_500_final/rgb/000551.png,4817,2,robot_gripper,243.0,208.0,60.0,62.0,1984.0,transparent_glass,1,1,1,1,0
553,000552.png,data/cogar_sim_500_final/rgb/000552.png,4818,1,table,219.0,371.0,421.0,109.0,23050.0,partial_occlusion,0,1,1,1,0
553,000552.png,data/cogar_sim_500_final/rgb/000552.png,4819,1,table,0.0,0.0,640.0,480.0,284150.0,partial_occlusion,0,1,1,1,0
554,000553.png,data/cogar_sim_500_final/rgb/000553.png,4820,1,table,0.0,15.0,640.0,465.0,233362.0,small_parts,1,0,1,1,0
554,000553.png,data/cogar_sim_500_final/rgb/000553.png,4821,7,connector,364.0,299.0,72.0,45.0,1956.0,small_parts,1,0,1,1,0
554,000553.png,data/cogar_sim_500_final/rgb/000553.png,4822,6,screw,292.0,384.0,20.0,24.0,294.0,small_parts,1,0,1,1,0
554,000553.png,data/cogar_sim_500_final/rgb/000553.png,4823,8,cable,278.0,149.0,120.0,66.0,143.0,small_parts,1,0,1,1,0
554,000553.png,data/cogar_sim_500_final/rgb/000553.png,4824,7,connector,354.0,272.0,65.0,43.0,1725.0,small_parts,1,0,1,1,0
554,000553.png,data/cogar_sim_500_final/rgb/000553.png,4825,7,connector,143.0,179.0,44.0,36.0,1072.0,small_parts,1,0,1,1,0
554,000553.png,data/cogar_sim_500_final/rgb/000553.png,4826,3,metal_part,199.0,134.0,66.0,61.0,2940.0,small_parts,1,0,1,1,0
554,000553.png,data/cogar_sim_500_final/rgb/000553.png,4827,6,screw,421.0,317.0,19.0,21.0,248.0,small_parts,1,0,1,1,0
554,000553.png,data/cogar_sim_500_final/rgb/000553.png,4828,6,screw,464.0,284.0,19.0,19.0,241.0,small_parts,1,0,1,1,0
554,000553.png,data/cogar_sim_500_final/rgb/000553.png,4829,2,robot_gripper,281.0,123.0,204.0,100.0,10900.0,small_parts,1,0,1,1,0
554,000553.png,data/cogar_sim_500_final/rgb/000553.png,4830,2,robot_gripper,352.0,130.0,35.0,105.0,1243.0,small_parts,1,0,1,1,0
554,000553.png,data/cogar_sim_500_final/rgb/000553.png,4831,2,robot_gripper,394.0,141.0,42.0,142.0,2945.0,small_parts,1,0,1,1,0
555,000554.png,data/cogar_sim_500_final/rgb/000554.png,4832,1,table,0.0,52.0,640.0,428.0,173681.0,dynamic_scene,1,1,0,0,1
555,000554.png,data/cogar_sim_500_final/rgb/000554.png,4833,1,table,0.0,0.0,538.0,287.0,90208.0,dynamic_scene,1,1,0,0,1
555,000554.png,data/cogar_sim_500_final/rgb/000554.png,4834,4,glass_object,131.0,257.0,99.0,145.0,11737.0,dynamic_scene,1,1,0,0,1
555,000554.png,data/cogar_sim_500_final/rgb/000554.png,4835,9,tool,513.0,210.0,34.0,28.0,839.0,dynamic_scene,1,1,0,0,1
555,000554.png,data/cogar_sim_500_final/rgb/000554.png,4836,3,metal_part,216.0,213.0,35.0,84.0,2141.0,dynamic_scene,1,1,0,0,1
555,000554.png,data/cogar_sim_500_final/rgb/000554.png,4837,10,box,372.0,153.0,144.0,122.0,13706.0,dynamic_scene,1,1,0,0,1
555,000554.png,data/cogar_sim_500_final/rgb/000554.png,4838,8,cable,512.0,238.0,128.0,50.0,1353.0,dynamic_scene,1,1,0,0,1
555,000554.png,data/cogar_sim_500_final/rgb/000554.png,4839,8,cable,214.0,145.0,203.0,117.0,2106.0,dynamic_scene,1,1,0,0,1
555,000554.png,data/cogar_sim_500_final/rgb/000554.png,4840,5,plastic_object,86.0,326.0,63.0,86.0,4093.0,dynamic_scene,1,1,0,0,1
556,000555.png,data/cogar_sim_500_final/rgb/000555.png,4841,1,table,0.0,122.0,640.0,358.0,183296.0,reflective_metal,1,0,1,0,0
556,000555.png,data/cogar_sim_500_final/rgb/000555.png,4842,1,table,0.0,0.0,640.0,193.0,85221.0,reflective_metal,1,0,1,0,0
556,000555.png,data/cogar_sim_500_final/rgb/000555.png,4843,3,metal_part,436.0,194.0,32.0,54.0,1679.0,reflective_metal,1,0,1,0,0
556,000555.png,data/cogar_sim_500_final/rgb/000555.png,4844,3,metal_part,350.0,250.0,61.0,108.0,5118.0,reflective_metal,1,0,1,0,0
556,000555.png,data/cogar_sim_500_final/rgb/000555.png,4845,3,metal_part,140.0,272.0,78.0,60.0,3337.0,reflective_metal,1,0,1,0,0
556,000555.png,data/cogar_sim_500_final/rgb/000555.png,4846,9,tool,123.0,173.0,63.0,67.0,2236.0,reflective_metal,1,0,1,0,0
556,000555.png,data/cogar_sim_500_final/rgb/000555.png,4847,3,metal_part,274.0,154.0,74.0,83.0,2756.0,reflective_metal,1,0,1,0,0
556,000555.png,data/cogar_sim_500_final/rgb/000555.png,4848,2,robot_gripper,127.0,84.0,289.0,95.0,16087.0,reflective_metal,1,0,1,0,0
556,000555.png,data/cogar_sim_500_final/rgb/000555.png,4849,2,robot_gripper,223.0,71.0,40.0,161.0,2968.0,reflective_metal,1,0,1,0,0
556,000555.png,data/cogar_sim_500_final/rgb/000555.png,4850,2,robot_gripper,302.0,82.0,37.0,160.0,4502.0,reflective_metal,1,0,1,0,0
557,000556.png,data/cogar_sim_500_final/rgb/000556.png,4851,1,table,0.0,0.0,640.0,480.0,237051.0,transparent_glass,0,1,0,0,0
557,000556.png,data/cogar_sim_500_final/rgb/000556.png,4852,1,table,0.0,0.0,235.0,151.0,17927.0,transparent_glass,0,1,0,0,0
557,000556.png,data/cogar_sim_500_final/rgb/000556.png,4853,4,glass_object,102.0,346.0,91.0,70.0,4283.0,transparent_glass,0,1,0,0,0
557,000556.png,data/cogar_sim_500_final/rgb/000556.png,4854,5,plastic_object,358.0,44.0,80.0,76.0,4692.0,transparent_glass,0,1,0,0,0
557,000556.png,data/cogar_sim_500_final/rgb/000556.png,4855,4,glass_object,147.0,285.0,136.0,124.0,8398.0,transparent_glass,0,1,0,0,0
557,000556.png,data/cogar_sim_500_final/rgb/000556.png,4856,5,plastic_object,275.0,271.0,87.0,78.0,5134.0,transparent_glass,0,1,0,0,0
557,000556.png,data/cogar_sim_500_final/rgb/000556.png,4857,4,glass_object,440.0,136.0,152.0,142.0,14073.0,transparent_glass,0,1,0,0,0
557,000556.png,data/cogar_sim_500_final/rgb/000556.png,4858,4,glass_object,163.0,368.0,110.0,112.0,8595.0,transparent_glass,0,1,0,0,0
557,000556.png,data/cogar_sim_500_final/rgb/000556.png,4859,5,plastic_object,288.0,157.0,102.0,106.0,7047.0,transparent_glass,0,1,0,0,0
558,000557.png,data/cogar_sim_500_final/rgb/000557.png,4860,1,table,0.0,251.0,186.0,229.0,21773.0,partial_occlusion,1,0,1,1,0
558,000557.png,data/cogar_sim_500_final/rgb/000557.png,4861,1,table,0.0,0.0,640.0,480.0,285336.0,partial_occlusion,1,0,1,1,0
558,000557.png,data/cogar_sim_500_final/rgb/000557.png,4862,8,cable,0.0,236.0,7.0,16.0,91.0,partial_occlusion,1,0,1,1,0
559,000558.png,data/cogar_sim_500_final/rgb/000558.png,4863,1,table,0.0,36.0,640.0,444.0,190375.0,small_parts,1,0,0,1,0
559,000558.png,data/cogar_sim_500_final/rgb/000558.png,4864,1,table,160.0,0.0,480.0,256.0,69857.0,small_parts,1,0,0,1,0
559,000558.png,data/cogar_sim_500_final/rgb/000558.png,4865,6,screw,418.0,323.0,24.0,31.0,648.0,small_parts,1,0,0,1,0
559,000558.png,data/cogar_sim_500_final/rgb/000558.png,4866,7,connector,47.0,168.0,79.0,45.0,3003.0,small_parts,1,0,0,1,0
559,000558.png,data/cogar_sim_500_final/rgb/000558.png,4867,6,screw,200.0,165.0,30.0,24.0,418.0,small_parts,1,0,0,1,0
559,000558.png,data/cogar_sim_500_final/rgb/000558.png,4868,7,connector,290.0,129.0,46.0,39.0,1299.0,small_parts,1,0,0,1,0
559,000558.png,data/cogar_sim_500_final/rgb/000558.png,4869,9,tool,118.0,285.0,177.0,195.0,11130.0,small_parts,1,0,0,1,0
559,000558.png,data/cogar_sim_500_final/rgb/000558.png,4870,3,metal_part,194.0,86.0,66.0,77.0,3472.0,small_parts,1,0,0,1,0
559,000558.png,data/cogar_sim_500_final/rgb/000558.png,4871,6,screw,322.0,151.0,24.0,25.0,379.0,small_parts,1,0,0,1,0
559,000558.png,data/cogar_sim_500_final/rgb/000558.png,4872,6,screw,366.0,441.0,56.0,39.0,1434.0,small_parts,1,0,0,1,0
559,000558.png,data/cogar_sim_500_final/rgb/000558.png,4873,7,connector,439.0,465.0,81.0,15.0,1179.0,small_parts,1,0,0,1,0
559,000558.png,data/cogar_sim_500_final/rgb/000558.png,4874,7,connector,378.0,182.0,69.0,43.0,2456.0,small_parts,1,0,0,1,0
559,000558.png,data/cogar_sim_500_final/rgb/000558.png,4875,7,connector,452.0,387.0,131.0,93.0,7695.0,small_parts,1,0,0,1,0
559,000558.png,data/cogar_sim_500_final/rgb/000558.png,4876,6,screw,430.0,353.0,18.0,32.0,451.0,small_parts,1,0,0,1,0
559,000558.png,data/cogar_sim_500_final/rgb/000558.png,4877,7,connector,14.0,217.0,43.0,68.0,2454.0,small_parts,1,0,0,1,0
559,000558.png,data/cogar_sim_500_final/rgb/000558.png,4878,6,screw,305.0,318.0,31.0,32.0,209.0,small_parts,1,0,0,1,0
559,000558.png,data/cogar_sim_500_final/rgb/000558.png,4879,6,screw,146.0,180.0,21.0,20.0,357.0,small_parts,1,0,0,1,0
559,000558.png,data/cogar_sim_500_final/rgb/000558.png,4880,8,cable,313.0,180.0,62.0,163.0,2425.0,small_parts,1,0,0,1,0
560,000559.png,data/cogar_sim_500_final/rgb/000559.png,4881,1,table,0.0,59.0,640.0,421.0,217556.0,dynamic_scene,0,0,0,1,1
560,000559.png,data/cogar_sim_500_final/rgb/000559.png,4882,8,cable,174.0,276.0,110.0,140.0,1708.0,dynamic_scene,0,0,0,1,1
560,000559.png,data/cogar_sim_500_final/rgb/000559.png,4883,7,connector,250.0,270.0,32.0,33.0,732.0,dynamic_scene,0,0,0,1,1
560,000559.png,data/cogar_sim_500_final/rgb/000559.png,4884,5,plastic_object,266.0,250.0,42.0,38.0,1210.0,dynamic_scene,0,0,0,1,1
560,000559.png,data/cogar_sim_500_final/rgb/000559.png,4885,5,plastic_object,239.0,297.0,54.0,95.0,4174.0,dynamic_scene,0,0,0,1,1
560,000559.png,data/cogar_sim_500_final/rgb/000559.png,4886,5,plastic_object,254.0,209.0,68.0,78.0,2510.0,dynamic_scene,0,0,0,1,1
560,000559.png,data/cogar_sim_500_final/rgb/000559.png,4887,5,plastic_object,332.0,186.0,51.0,73.0,3105.0,dynamic_scene,0,0,0,1,1
560,000559.png,data/cogar_sim_500_final/rgb/000559.png,4888,5,plastic_object,308.0,173.0,52.0,58.0,1460.0,dynamic_scene,0,0,0,1,1
560,000559.png,data/cogar_sim_500_final/rgb/000559.png,4889,5,plastic_object,303.0,227.0,36.0,56.0,1482.0,dynamic_scene,0,0,0,1,1
560,000559.png,data/cogar_sim_500_final/rgb/000559.png,4890,5,plastic_object,340.0,273.0,76.0,74.0,4917.0,dynamic_scene,0,0,0,1,1
561,000560.png,data/cogar_sim_500_final/rgb/000560.png,4891,1,table,0.0,0.0,640.0,480.0,207102.0,reflective_metal,1,0,1,0,0
561,000560.png,data/cogar_sim_500_final/rgb/000560.png,4892,1,table,0.0,0.0,140.0,234.0,19063.0,reflective_metal,1,0,1,0,0
561,000560.png,data/cogar_sim_500_final/rgb/000560.png,4893,3,metal_part,191.0,214.0,96.0,45.0,3357.0,reflective_metal,1,0,1,0,0
561,000560.png,data/cogar_sim_500_final/rgb/000560.png,4894,10,box,362.0,249.0,142.0,191.0,14340.0,reflective_metal,1,0,1,0,0
561,000560.png,data/cogar_sim_500_final/rgb/000560.png,4895,3,metal_part,190.0,371.0,108.0,103.0,4695.0,reflective_metal,1,0,1,0,0
561,000560.png,data/cogar_sim_500_final/rgb/000560.png,4896,9,tool,183.0,261.0,56.0,219.0,6156.0,reflective_metal,1,0,1,0,0
561,000560.png,data/cogar_sim_500_final/rgb/000560.png,4897,3,metal_part,306.0,289.0,73.0,76.0,3283.0,reflective_metal,1,0,1,0,0
561,000560.png,data/cogar_sim_500_final/rgb/000560.png,4898,10,box,134.0,0.0,217.0,129.0,23484.0,reflective_metal,1,0,1,0,0
561,000560.png,data/cogar_sim_500_final/rgb/000560.png,4899,3,metal_part,393.0,26.0,126.0,94.0,5245.0,reflective_metal,1,0,1,0,0
561,000560.png,data/cogar_sim_500_final/rgb/000560.png,4900,2,robot_gripper,375.0,45.0,169.0,261.0,14736.0,reflective_metal,1,0,1,0,0
561,000560.png,data/cogar_sim_500_final/rgb/000560.png,4901,2,robot_gripper,364.0,177.0,74.0,69.0,2860.0,reflective_metal,1,0,1,0,0
561,000560.png,data/cogar_sim_500_final/rgb/000560.png,4902,2,robot_gripper,419.0,77.0,87.0,81.0,2879.0,reflective_metal,1,0,1,0,0
562,000561.png,data/cogar_sim_500_final/rgb/000561.png,4903,1,table,0.0,61.0,640.0,419.0,203028.0,transparent_glass,1,1,0,0,0
562,000561.png,data/cogar_sim_500_final/rgb/000561.png,4904,4,glass_object,186.0,80.0,126.0,168.0,16568.0,transparent_glass,1,1,0,0,0
562,000561.png,data/cogar_sim_500_final/rgb/000561.png,4905,4,glass_object,446.0,180.0,103.0,117.0,9069.0,transparent_glass,1,1,0,0,0
562,000561.png,data/cogar_sim_500_final/rgb/000561.png,4906,5,plastic_object,426.0,173.0,48.0,78.0,1713.0,transparent_glass,1,1,0,0,0
562,000561.png,data/cogar_sim_500_final/rgb/000561.png,4907,9,tool,350.0,250.0,248.0,49.0,6347.0,transparent_glass,1,1,0,0,0
562,000561.png,data/cogar_sim_500_final/rgb/000561.png,4908,10,box,110.0,202.0,174.0,158.0,17612.0,transparent_glass,1,1,0,0,0
562,000561.png,data/cogar_sim_500_final/rgb/000561.png,4909,3,metal_part,145.0,199.0,34.0,21.0,351.0,transparent_glass,1,1,0,0,0
562,000561.png,data/cogar_sim_500_final/rgb/000561.png,4910,5,plastic_object,311.0,152.0,67.0,67.0,3655.0,transparent_glass,1,1,0,0,0
563,000562.png,data/cogar_sim_500_final/rgb/000562.png,4911,1,table,0.0,395.0,440.0,85.0,18843.0,partial_occlusion,1,1,1,1,0
563,000562.png,data/cogar_sim_500_final/rgb/000562.png,4912,1,table,0.0,0.0,640.0,480.0,288357.0,partial_occlusion,1,1,1,1,0
564,000563.png,data/cogar_sim_500_final/rgb/000563.png,4913,1,table,0.0,0.0,640.0,480.0,127010.0,small_parts,1,0,1,1,0
564,000563.png,data/cogar_sim_500_final/rgb/000563.png,4914,1,table,0.0,0.0,570.0,480.0,150152.0,small_parts,1,0,1,1,0
564,000563.png,data/cogar_sim_500_final/rgb/000563.png,4915,7,connector,351.0,186.0,27.0,36.0,597.0,small_parts,1,0,1,1,0
564,000563.png,data/cogar_sim_500_final/rgb/000563.png,4916,5,plastic_object,419.0,206.0,89.0,73.0,4789.0,small_parts,1,0,1,1,0
564,000563.png,data/cogar_sim_500_final/rgb/000563.png,4917,7,connector,353.0,105.0,43.0,33.0,898.0,small_parts,1,0,1,1,0
564,000563.png,data/cogar_sim_500_final/rgb/000563.png,4918,3,metal_part,371.0,134.0,42.0,51.0,1640.0,small_parts,1,0,1,1,0
564,000563.png,data/cogar_sim_500_final/rgb/000563.png,4919,8,cable,468.0,336.0,121.0,24.0,1608.0,small_parts,1,0,1,1,0
564,000563.png,data/cogar_sim_500_final/rgb/000563.png,4920,5,plastic_object,376.0,180.0,51.0,73.0,3030.0,small_parts,1,0,1,1,0
564,000563.png,data/cogar_sim_500_final/rgb/000563.png,4921,7,connector,425.0,194.0,36.0,27.0,670.0,small_parts,1,0,1,1,0
564,000563.png,data/cogar_sim_500_final/rgb/000563.png,4922,2,robot_gripper,311.0,85.0,43.0,112.0,3050.0,small_parts,1,0,1,1,0
564,000563.png,data/cogar_sim_500_final/rgb/000563.png,4923,2,robot_gripper,315.0,148.0,33.0,16.0,451.0,small_parts,1,0,1,1,0
564,000563.png,data/cogar_sim_500_final/rgb/000563.png,4924,2,robot_gripper,290.0,118.0,23.0,27.0,322.0,small_parts,1,0,1,1,0
565,000564.png,data/cogar_sim_500_final/rgb/000564.png,4925,1,table,0.0,120.0,640.0,360.0,188210.0,dynamic_scene,1,0,1,0,1
565,000564.png,data/cogar_sim_500_final/rgb/000564.png,4926,5,plastic_object,213.0,164.0,32.0,63.0,851.0,dynamic_scene,1,0,1,0,1
565,000564.png,data/cogar_sim_500_final/rgb/000564.png,4927,3,metal_part,307.0,145.0,26.0,42.0,841.0,dynamic_scene,1,0,1,0,1
565,000564.png,data/cogar_sim_500_final/rgb/000564.png,4928,5,plastic_object,301.0,166.0,61.0,19.0,434.0,dynamic_scene,1,0,1,0,1
565,000564.png,data/cogar_sim_500_final/rgb/000564.png,4929,10,box,293.0,174.0,150.0,90.0,8106.0,dynamic_scene,1,0,1,0,1
565,000564.png,data/cogar_sim_500_final/rgb/000564.png,4930,5,plastic_object,379.0,212.0,60.0,40.0,1844.0,dynamic_scene,1,0,1,0,1
565,000564.png,data/cogar_sim_500_final/rgb/000564.png,4931,5,plastic_object,420.0,241.0,60.0,60.0,3315.0,dynamic_scene,1,0,1,0,1
565,000564.png,data/cogar_sim_500_final/rgb/000564.png,4932,9,tool,308.0,179.0,138.0,86.0,983.0,dynamic_scene,1,0,1,0,1
565,000564.png,data/cogar_sim_500_final/rgb/000564.png,4933,2,robot_gripper,235.0,136.0,69.0,105.0,4944.0,dynamic_scene,1,0,1,0,1
565,000564.png,data/cogar_sim_500_final/rgb/000564.png,4934,2,robot_gripper,249.0,164.0,37.0,126.0,2149.0,dynamic_scene,1,0,1,0,1
565,000564.png,data/cogar_sim_500_final/rgb/000564.png,4935,2,robot_gripper,230.0,167.0,22.0,88.0,762.0,dynamic_scene,1,0,1,0,1
566,000565.png,data/cogar_sim_500_final/rgb/000565.png,4936,1,table,0.0,0.0,640.0,480.0,262370.0,reflective_metal,1,0,0,0,0
566,000565.png,data/cogar_sim_500_final/rgb/000565.png,4937,1,table,0.0,392.0,315.0,88.0,13956.0,reflective_metal,1,0,0,0,0
566,000565.png,data/cogar_sim_500_final/rgb/000565.png,4938,8,cable,270.0,210.0,228.0,238.0,2900.0,reflective_metal,1,0,0,0,0
566,000565.png,data/cogar_sim_500_final/rgb/000565.png,4939,9,tool,300.0,81.0,176.0,141.0,6651.0,reflective_metal,1,0,0,0,0
566,000565.png,data/cogar_sim_500_final/rgb/000565.png,4940,9,tool,100.0,226.0,92.0,176.0,4960.0,reflective_metal,1,0,0,0,0
566,000565.png,data/cogar_sim_500_final/rgb/000565.png,4941,9,tool,105.0,0.0,64.0,237.0,5201.0,reflective_metal,1,0,0,0,0
566,000565.png,data/cogar_sim_500_final/rgb/000565.png,4942,3,metal_part,392.0,373.0,81.0,36.0,1961.0,reflective_metal,1,0,0,0,0
566,000565.png,data/cogar_sim_500_final/rgb/000565.png,4943,3,metal_part,147.0,64.0,78.0,66.0,3050.0,reflective_metal,1,0,0,0,0
566,000565.png,data/cogar_sim_500_final/rgb/000565.png,4944,5,plastic_object,116.0,84.0,79.0,68.0,3399.0,reflective_metal,1,0,0,0,0
566,000565.png,data/cogar_sim_500_final/rgb/000565.png,4945,3,metal_part,199.0,175.0,68.0,51.0,2752.0,reflective_metal,1,0,0,0,0
567,000566.png,data/cogar_sim_500_final/rgb/000566.png,4946,1,table,0.0,335.0,90.0,145.0,6574.0,transparent_glass,0,1,1,0,0
567,000566.png,data/cogar_sim_500_final/rgb/000566.png,4947,1,table,0.0,0.0,640.0,480.0,300626.0,transparent_glass,0,1,1,0,0
568,000567.png,data/cogar_sim_500_final/rgb/000567.png,4948,1,table,0.0,6.0,640.0,474.0,241448.0,partial_occlusion,1,0,1,1,0
568,000567.png,data/cogar_sim_500_final/rgb/000567.png,4949,3,metal_part,204.0,130.0,37.0,65.0,1795.0,partial_occlusion,1,0,1,1,0
568,000567.png,data/cogar_sim_500_final/rgb/000567.png,4950,8,cable,287.0,197.0,253.0,83.0,1370.0,partial_occlusion,1,0,1,1,0
568,000567.png,data/cogar_sim_500_final/rgb/000567.png,4951,10,box,295.0,158.0,132.0,131.0,14402.0,partial_occlusion,1,0,1,1,0
568,000567.png,data/cogar_sim_500_final/rgb/000567.png,4952,8,cable,210.0,221.0,64.0,126.0,1958.0,partial_occlusion,1,0,1,1,0
568,000567.png,data/cogar_sim_500_final/rgb/000567.png,4953,5,plastic_object,97.0,211.0,89.0,107.0,7958.0,partial_occlusion,1,0,1,1,0
568,000567.png,data/cogar_sim_500_final/rgb/000567.png,4954,2,robot_gripper,229.0,93.0,74.0,167.0,7814.0,partial_occlusion,1,0,1,1,0
568,000567.png,data/cogar_sim_500_final/rgb/000567.png,4955,2,robot_gripper,280.0,130.0,33.0,55.0,1331.0,partial_occlusion,1,0,1,1,0
568,000567.png,data/cogar_sim_500_final/rgb/000567.png,4956,2,robot_gripper,245.0,158.0,42.0,135.0,1757.0,partial_occlusion,1,0,1,1,0
569,000568.png,data/cogar_sim_500_final/rgb/000568.png,4957,1,table,0.0,54.0,640.0,426.0,207725.0,small_parts,1,0,1,1,0
569,000568.png,data/cogar_sim_500_final/rgb/000568.png,4958,5,plastic_object,143.0,198.0,37.0,70.0,1907.0,small_parts,1,0,1,1,0
569,000568.png,data/cogar_sim_500_final/rgb/000568.png,4959,5,plastic_object,188.0,174.0,62.0,65.0,3565.0,small_parts,1,0,1,1,0
569,000568.png,data/cogar_sim_500_final/rgb/000568.png,4960,6,screw,480.0,325.0,23.0,22.0,349.0,small_parts,1,0,1,1,0
569,000568.png,data/cogar_sim_500_final/rgb/000568.png,4961,10,box,300.0,149.0,61.0,99.0,4867.0,small_parts,1,0,1,1,0
569,000568.png,data/cogar_sim_500_final/rgb/000568.png,4962,7,connector,366.0,304.0,26.0,68.0,1354.0,small_parts,1,0,1,1,0
569,000568.png,data/cogar_sim_500_final/rgb/000568.png,4963,7,connector,246.0,334.0,52.0,81.0,2807.0,small_parts,1,0,1,1,0
569,000568.png,data/cogar_sim_500_final/rgb/000568.png,4964,7,connector,363.0,222.0,75.0,42.0,2383.0,small_parts,1,0,1,1,0
569,000568.png,data/cogar_sim_500_final/rgb/000568.png,4965,9,tool,124.0,173.0,37.0,108.0,2211.0,small_parts,1,0,1,1,0
569,000568.png,data/cogar_sim_500_final/rgb/000568.png,4966,2,robot_gripper,202.0,52.0,183.0,113.0,9207.0,small_parts,1,0,1,1,0
569,000568.png,data/cogar_sim_500_final/rgb/000568.png,4967,2,robot_gripper,266.0,97.0,41.0,118.0,4081.0,small_parts,1,0,1,1,0
569,000568.png,data/cogar_sim_500_final/rgb/000568.png,4968,2,robot_gripper,235.0,83.0,33.0,101.0,2314.0,small_parts,1,0,1,1,0
570,000569.png,data/cogar_sim_500_final/rgb/000569.png,4969,1,table,401.0,357.0,239.0,123.0,14805.0,dynamic_scene,0,0,1,0,1
570,000569.png,data/cogar_sim_500_final/rgb/000569.png,4970,1,table,0.0,0.0,640.0,480.0,292395.0,dynamic_scene,0,0,1,0,1
571,000570.png,data/cogar_sim_500_final/rgb/000570.png,4971,1,table,0.0,365.0,173.0,115.0,10023.0,reflective_metal,1,0,1,1,0
571,000570.png,data/cogar_sim_500_final/rgb/000570.png,4972,1,table,0.0,0.0,640.0,480.0,297177.0,reflective_metal,1,0,1,1,0
572,000571.png,data/cogar_sim_500_final/rgb/000571.png,4973,1,table,0.0,0.0,640.0,480.0,281051.0,transparent_glass,0,1,0,1,0
572,000571.png,data/cogar_sim_500_final/rgb/000571.png,4974,5,plastic_object,346.0,0.0,7.0,22.0,95.0,transparent_glass,0,1,0,1,0
572,000571.png,data/cogar_sim_500_final/rgb/000571.png,4975,4,glass_object,187.0,239.0,85.0,77.0,4940.0,transparent_glass,0,1,0,1,0
572,000571.png,data/cogar_sim_500_final/rgb/000571.png,4976,4,glass_object,295.0,264.0,65.0,70.0,3549.0,transparent_glass,0,1,0,1,0
572,000571.png,data/cogar_sim_500_final/rgb/000571.png,4977,10,box,347.0,0.0,128.0,92.0,10753.0,transparent_glass,0,1,0,1,0
572,000571.png,data/cogar_sim_500_final/rgb/000571.png,4978,7,connector,261.0,85.0,42.0,82.0,2264.0,transparent_glass,0,1,0,1,0
572,000571.png,data/cogar_sim_500_final/rgb/000571.png,4979,8,cable,156.0,154.0,108.0,292.0,1917.0,transparent_glass,0,1,0,1,0
572,000571.png,data/cogar_sim_500_final/rgb/000571.png,4980,5,plastic_object,423.0,82.0,39.0,55.0,1745.0,transparent_glass,0,1,0,1,0
572,000571.png,data/cogar_sim_500_final/rgb/000571.png,4981,7,connector,317.0,383.0,27.0,55.0,886.0,transparent_glass,0,1,0,1,0
573,000572.png,data/cogar_sim_500_final/rgb/000572.png,4982,1,table,0.0,47.0,640.0,433.0,84362.0,partial_occlusion,1,0,1,1,0
573,000572.png,data/cogar_sim_500_final/rgb/000572.png,4983,1,table,207.0,0.0,433.0,480.0,183620.0,partial_occlusion,1,0,1,1,0
573,000572.png,data/cogar_sim_500_final/rgb/000572.png,4984,8,cable,121.0,218.0,131.0,33.0,1696.0,partial_occlusion,1,0,1,1,0
573,000572.png,data/cogar_sim_500_final/rgb/000572.png,4985,10,box,232.0,200.0,27.0,34.0,547.0,partial_occlusion,1,0,1,1,0
573,000572.png,data/cogar_sim_500_final/rgb/000572.png,4986,6,screw,152.0,393.0,28.0,44.0,938.0,partial_occlusion,1,0,1,1,0
573,000572.png,data/cogar_sim_500_final/rgb/000572.png,4987,2,robot_gripper,162.0,105.0,111.0,116.0,9097.0,partial_occlusion,1,0,1,1,0
573,000572.png,data/cogar_sim_500_final/rgb/000572.png,4988,2,robot_gripper,267.0,97.0,12.0,30.0,248.0,partial_occlusion,1,0,1,1,0
574,000573.png,data/cogar_sim_500_final/rgb/000573.png,4989,1,table,0.0,28.0,640.0,452.0,241252.0,small_parts,1,0,1,1,0
574,000573.png,data/cogar_sim_500_final/rgb/000573.png,4990,3,metal_part,424.0,222.0,69.0,76.0,4250.0,small_parts,1,0,1,1,0
574,000573.png,data/cogar_sim_500_final/rgb/000573.png,4991,3,metal_part,93.0,248.0,104.0,89.0,6908.0,small_parts,1,0,1,1,0
574,000573.png,data/cogar_sim_500_final/rgb/000573.png,4992,6,screw,284.0,383.0,30.0,23.0,578.0,small_parts,1,0,1,1,0
574,000573.png,data/cogar_sim_500_final/rgb/000573.png,4993,6,screw,390.0,275.0,15.0,25.0,268.0,small_parts,1,0,1,1,0
574,000573.png,data/cogar_sim_500_final/rgb/000573.png,4994,7,connector,372.0,178.0,79.0,31.0,1758.0,small_parts,1,0,1,1,0
574,000573.png,data/cogar_sim_500_final/rgb/000573.png,4995,7,connector,248.0,236.0,44.0,52.0,1699.0,small_parts,1,0,1,1,0
574,000573.png,data/cogar_sim_500_final/rgb/000573.png,4996,6,screw,289.0,279.0,32.0,25.0,447.0,small_parts,1,0,1,1,0
574,000573.png,data/cogar_sim_500_final/rgb/000573.png,4997,6,screw,340.0,213.0,13.0,15.0,180.0,small_parts,1,0,1,1,0
574,000573.png,data/cogar_sim_500_final/rgb/000573.png,4998,6,screw,324.0,223.0,18.0,14.0,236.0,small_parts,1,0,1,1,0
574,000573.png,data/cogar_sim_500_final/rgb/000573.png,4999,2,robot_gripper,237.0,28.0,158.0,109.0,9617.0,small_parts,1,0,1,1,0
574,000573.png,data/cogar_sim_500_final/rgb/000573.png,5000,2,robot_gripper,267.0,42.0,47.0,179.0,4913.0,small_parts,1,0,1,1,0
574,000573.png,data/cogar_sim_500_final/rgb/000573.png,5001,2,robot_gripper,291.0,29.0,42.0,147.0,1678.0,small_parts,1,0,1,1,0
575,000574.png,data/cogar_sim_500_final/rgb/000574.png,5002,1,table,294.0,337.0,346.0,143.0,24745.0,dynamic_scene,1,0,1,0,1
575,000574.png,data/cogar_sim_500_final/rgb/000574.png,5003,1,table,0.0,0.0,640.0,480.0,282455.0,dynamic_scene,1,0,1,0,1
576,000575.png,data/cogar_sim_500_final/rgb/000575.png,5004,1,table,0.0,0.0,640.0,480.0,266881.0,reflective_metal,1,0,1,0,0
576,000575.png,data/cogar_sim_500_final/rgb/000575.png,5005,8,cable,198.0,267.0,265.0,84.0,2291.0,reflective_metal,1,0,1,0,0
576,000575.png,data/cogar_sim_500_final/rgb/000575.png,5006,9,tool,376.0,197.0,95.0,165.0,3957.0,reflective_metal,1,0,1,0,0
576,000575.png,data/cogar_sim_500_final/rgb/000575.png,5007,3,metal_part,397.0,8.0,95.0,43.0,3221.0,reflective_metal,1,0,1,0,0
576,000575.png,data/cogar_sim_500_final/rgb/000575.png,5008,5,plastic_object,176.0,81.0,80.0,70.0,4797.0,reflective_metal,1,0,1,0,0
576,000575.png,data/cogar_sim_500_final/rgb/000575.png,5009,3,metal_part,204.0,349.0,46.0,32.0,1049.0,reflective_metal,1,0,1,0,0
576,000575.png,data/cogar_sim_500_final/rgb/000575.png,5010,8,cable,374.0,144.0,266.0,165.0,2817.0,reflective_metal,1,0,1,0,0
576,000575.png,data/cogar_sim_500_final/rgb/000575.png,5011,3,metal_part,521.0,110.0,92.0,87.0,6282.0,reflective_metal,1,0,1,0,0
576,000575.png,data/cogar_sim_500_final/rgb/000575.png,5012,2,robot_gripper,320.0,72.0,55.0,265.0,12779.0,reflective_metal,1,0,1,0,0
576,000575.png,data/cogar_sim_500_final/rgb/000575.png,5013,2,robot_gripper,375.0,158.0,42.0,45.0,1778.0,reflective_metal,1,0,1,0,0
576,000575.png,data/cogar_sim_500_final/rgb/000575.png,5014,2,robot_gripper,318.0,242.0,43.0,34.0,1348.0,reflective_metal,1,0,1,0,0
577,000576.png,data/cogar_sim_500_final/rgb/000576.png,5015,1,table,0.0,0.0,640.0,480.0,266016.0,transparent_glass,1,1,1,1,0
577,000576.png,data/cogar_sim_500_final/rgb/000576.png,5016,3,metal_part,164.0,0.0,82.0,61.0,3756.0,transparent_glass,1,1,1,1,0
577,000576.png,data/cogar_sim_500_final/rgb/000576.png,5017,10,box,183.0,178.0,196.0,164.0,8080.0,transparent_glass,1,1,1,1,0
577,000576.png,data/cogar_sim_500_final/rgb/000576.png,5018,4,glass_object,65.0,137.0,154.0,127.0,10294.0,transparent_glass,1,1,1,1,0
577,000576.png,data/cogar_sim_500_final/rgb/000576.png,5019,3,metal_part,329.0,233.0,54.0,74.0,2450.0,transparent_glass,1,1,1,1,0
577,000576.png,data/cogar_sim_500_final/rgb/000576.png,5020,2,robot_gripper,244.0,33.0,130.0,300.0,15526.0,transparent_glass,1,1,1,1,0
577,000576.png,data/cogar_sim_500_final/rgb/000576.png,5021,2,robot_gripper,340.0,124.0,14.0,44.0,78.0,transparent_glass,1,1,1,1,0
577,000576.png,data/cogar_sim_500_final/rgb/000576.png,5022,2,robot_gripper,319.0,213.0,38.0,39.0,1000.0,transparent_glass,1,1,1,1,0
578,000577.png,data/cogar_sim_500_final/rgb/000577.png,5023,1,table,0.0,0.0,640.0,480.0,228515.0,partial_occlusion,1,0,1,1,0
578,000577.png,data/cogar_sim_500_final/rgb/000577.png,5024,1,table,383.0,0.0,257.0,199.0,25743.0,partial_occlusion,1,0,1,1,0
578,000577.png,data/cogar_sim_500_final/rgb/000577.png,5025,9,tool,157.0,206.0,172.0,227.0,3655.0,partial_occlusion,1,0,1,1,0
578,000577.png,data/cogar_sim_500_final/rgb/000577.png,5026,10,box,116.0,278.0,123.0,123.0,7892.0,partial_occlusion,1,0,1,1,0
578,000577.png,data/cogar_sim_500_final/rgb/000577.png,5027,7,connector,235.0,76.0,19.0,18.0,108.0,partial_occlusion,1,0,1,1,0
578,000577.png,data/cogar_sim_500_final/rgb/000577.png,5028,3,metal_part,119.0,131.0,109.0,101.0,5473.0,partial_occlusion,1,0,1,1,0
578,000577.png,data/cogar_sim_500_final/rgb/000577.png,5029,10,box,195.0,62.0,170.0,145.0,12257.0,partial_occlusion,1,0,1,1,0
578,000577.png,data/cogar_sim_500_final/rgb/000577.png,5030,10,box,191.0,164.0,131.0,154.0,9216.0,partial_occlusion,1,0,1,1,0
578,000577.png,data/cogar_sim_500_final/rgb/000577.png,5031,2,robot_gripper,257.0,184.0,216.0,186.0,11258.0,partial_occlusion,1,0,1,1,0
578,000577.png,data/cogar_sim_500_final/rgb/000577.png,5032,2,robot_gripper,313.0,197.0,53.0,56.0,1527.0,partial_occlusion,1,0,1,1,0
578,000577.png,data/cogar_sim_500_final/rgb/000577.png,5033,2,robot_gripper,395.0,263.0,52.0,54.0,1556.0,partial_occlusion,1,0,1,1,0
579,000578.png,data/cogar_sim_500_final/rgb/000578.png,5034,1,table,0.0,54.0,640.0,426.0,222143.0,small_parts,0,0,1,1,0
579,000578.png,data/cogar_sim_500_final/rgb/000578.png,5035,6,screw,159.0,259.0,23.0,15.0,246.0,small_parts,0,0,1,1,0
579,000578.png,data/cogar_sim_500_final/rgb/000578.png,5036,7,connector,383.0,233.0,55.0,46.0,1100.0,small_parts,0,0,1,1,0
579,000578.png,data/cogar_sim_500_final/rgb/000578.png,5037,7,connector,103.0,202.0,32.0,35.0,764.0,small_parts,0,0,1,1,0
579,000578.png,data/cogar_sim_500_final/rgb/000578.png,5038,6,screw,374.0,263.0,23.0,18.0,310.0,small_parts,0,0,1,1,0
579,000578.png,data/cogar_sim_500_final/rgb/000578.png,5039,10,box,336.0,160.0,132.0,101.0,8801.0,small_parts,0,0,1,1,0
579,000578.png,data/cogar_sim_500_final/rgb/000578.png,5040,6,screw,155.0,249.0,13.0,16.0,120.0,small_parts,0,0,1,1,0
579,000578.png,data/cogar_sim_500_final/rgb/000578.png,5041,6,screw,328.0,319.0,15.0,20.0,249.0,small_parts,0,0,1,1,0
579,000578.png,data/cogar_sim_500_final/rgb/000578.png,5042,7,connector,412.0,337.0,78.0,73.0,2968.0,small_parts,0,0,1,1,0
579,000578.png,data/cogar_sim_500_final/rgb/000578.png,5043,6,screw,185.0,289.0,16.0,19.0,204.0,small_parts,0,0,1,1,0
579,000578.png,data/cogar_sim_500_final/rgb/000578.png,5044,7,connector,449.0,291.0,36.0,44.0,1072.0,small_parts,0,0,1,1,0
579,000578.png,data/cogar_sim_500_final/rgb/000578.png,5045,2,robot_gripper,126.0,148.0,197.0,91.0,10257.0,small_parts,0,0,1,1,0
579,000578.png,data/cogar_sim_500_final/rgb/000578.png,5046,2,robot_gripper,181.0,144.0,38.0,119.0,1533.0,small_parts,0,0,1,1,0
579,000578.png,data/cogar_sim_500_final/rgb/000578.png,5047,2,robot_gripper,253.0,178.0,31.0,94.0,2359.0,small_parts,0,0,1,1,0
580,000579.png,data/cogar_sim_500_final/rgb/000579.png,5048,1,table,546.0,247.0,94.0,233.0,11019.0,dynamic_scene,1,0,1,0,1
580,000579.png,data/cogar_sim_500_final/rgb/000579.png,5049,1,table,0.0,0.0,640.0,480.0,296181.0,dynamic_scene,1,0,1,0,1
581,000580.png,data/cogar_sim_500_final/rgb/000580.png,5050,1,table,0.0,333.0,392.0,147.0,28894.0,reflective_metal,1,0,1,0,0
581,000580.png,data/cogar_sim_500_final/rgb/000580.png,5051,1,table,0.0,0.0,640.0,480.0,278306.0,reflective_metal,1,0,1,0,0
582,000581.png,data/cogar_sim_500_final/rgb/000581.png,5052,1,table,0.0,74.0,640.0,406.0,162389.0,transparent_glass,0,1,0,1,0
582,000581.png,data/cogar_sim_500_final/rgb/000581.png,5053,1,table,0.0,0.0,528.0,257.0,80928.0,transparent_glass,0,1,0,1,0
582,000581.png,data/cogar_sim_500_final/rgb/000581.png,5054,5,plastic_object,353.0,236.0,44.0,71.0,2568.0,transparent_glass,0,1,0,1,0
582,000581.png,data/cogar_sim_500_final/rgb/000581.png,5055,4,glass_object,508.0,88.0,80.0,157.0,9696.0,transparent_glass,0,1,0,1,0
582,000581.png,data/cogar_sim_500_final/rgb/000581.png,5056,5,plastic_object,425.0,194.0,50.0,59.0,2487.0,transparent_glass,0,1,0,1,0
582,000581.png,data/cogar_sim_500_final/rgb/000581.png,5057,4,glass_object,130.0,120.0,83.0,150.0,10433.0,transparent_glass,0,1,0,1,0
582,000581.png,data/cogar_sim_500_final/rgb/000581.png,5058,10,box,227.0,171.0,135.0,147.0,11683.0,transparent_glass,0,1,0,1,0
582,000581.png,data/cogar_sim_500_final/rgb/000581.png,5059,7,connector,334.0,155.0,55.0,35.0,1147.0,transparent_glass,0,1,0,1,0
582,000581.png,data/cogar_sim_500_final/rgb/000581.png,5060,4,glass_object,221.0,251.0,94.0,188.0,15668.0,transparent_glass,0,1,0,1,0
583,000582.png,data/cogar_sim_500_final/rgb/000582.png,5061,1,table,52.0,114.0,588.0,366.0,120360.0,partial_occlusion,1,0,1,1,0
583,000582.png,data/cogar_sim_500_final/rgb/000582.png,5062,1,table,0.0,0.0,103.0,480.0,39700.0,partial_occlusion,1,0,1,1,0
583,000582.png,data/cogar_sim_500_final/rgb/000582.png,5063,10,box,387.0,184.0,124.0,95.0,6819.0,partial_occlusion,1,0,1,1,0
583,000582.png,data/cogar_sim_500_final/rgb/000582.png,5064,5,plastic_object,483.0,270.0,63.0,52.0,2460.0,partial_occlusion,1,0,1,1,0
583,000582.png,data/cogar_sim_500_final/rgb/000582.png,5065,9,tool,453.0,356.0,144.0,124.0,7965.0,partial_occlusion,1,0,1,1,0
583,000582.png,data/cogar_sim_500_final/rgb/000582.png,5066,10,box,340.0,227.0,146.0,181.0,20032.0,partial_occlusion,1,0,1,1,0
583,000582.png,data/cogar_sim_500_final/rgb/000582.png,5067,3,metal_part,362.0,188.0,57.0,45.0,1449.0,partial_occlusion,1,0,1,1,0
583,000582.png,data/cogar_sim_500_final/rgb/000582.png,5068,6,screw,337.0,221.0,3.0,13.0,30.0,partial_occlusion,1,0,1,1,0
583,000582.png,data/cogar_sim_500_final/rgb/000582.png,5069,3,metal_part,509.0,294.0,108.0,115.0,9775.0,partial_occlusion,1,0,1,1,0
583,000582.png,data/cogar_sim_500_final/rgb/000582.png,5070,10,box,184.0,232.0,159.0,153.0,19539.0,partial_occlusion,1,0,1,1,0
583,000582.png,data/cogar_sim_500_final/rgb/000582.png,5071,2,robot_gripper,267.0,71.0,107.0,118.0,8387.0,partial_occlusion,1,0,1,1,0
583,000582.png,data/cogar_sim_500_final/rgb/000582.png,5072,2,robot_gripper,291.0,99.0,47.0,151.0,3120.0,partial_occlusion,1,0,1,1,0
583,000582.png,data/cogar_sim_500_final/rgb/000582.png,5073,2,robot_gripper,277.0,76.0,42.0,161.0,1651.0,partial_occlusion,1,0,1,1,0
584,000583.png,data/cogar_sim_500_final/rgb/000583.png,5074,1,table,0.0,0.0,640.0,480.0,217253.0,small_parts,1,0,1,1,0
584,000583.png,data/cogar_sim_500_final/rgb/000583.png,5075,1,table,0.0,0.0,311.0,292.0,41911.0,small_parts,1,0,1,1,0
584,000583.png,data/cogar_sim_500_final/rgb/000583.png,5076,5,plastic_object,374.0,162.0,102.0,67.0,2436.0,small_parts,1,0,1,1,0
584,000583.png,data/cogar_sim_500_final/rgb/000583.png,5077,7,connector,254.0,120.0,11.0,26.0,244.0,small_parts,1,0,1,1,0
584,000583.png,data/cogar_sim_500_final/rgb/000583.png,5078,7,connector,101.0,237.0,56.0,61.0,2246.0,small_parts,1,0,1,1,0
584,000583.png,data/cogar_sim_500_final/rgb/000583.png,5079,5,plastic_object,393.0,181.0,91.0,105.0,6698.0,small_parts,1,0,1,1,0
584,000583.png,data/cogar_sim_500_final/rgb/000583.png,5080,6,screw,397.0,294.0,25.0,29.0,540.0,small_parts,1,0,1,1,0
584,000583.png,data/cogar_sim_500_final/rgb/000583.png,5081,9,tool,244.0,98.0,222.0,101.0,3879.0,small_parts,1,0,1,1,0
584,000583.png,data/cogar_sim_500_final/rgb/000583.png,5082,7,connector,144.0,202.0,60.0,52.0,1949.0,small_parts,1,0,1,1,0
584,000583.png,data/cogar_sim_500_final/rgb/000583.png,5083,5,plastic_object,372.0,85.0,46.0,71.0,2582.0,small_parts,1,0,1,1,0
584,000583.png,data/cogar_sim_500_final/rgb/000583.png,5084,2,robot_gripper,173.0,0.0,292.0,141.0,21949.0,small_parts,1,0,1,1,0
584,000583.png,data/cogar_sim_500_final/rgb/000583.png,5085,2,robot_gripper,264.0,100.0,51.0,93.0,3725.0,small_parts,1,0,1,1,0
584,000583.png,data/cogar_sim_500_final/rgb/000583.png,5086,2,robot_gripper,303.0,2.0,48.0,138.0,1788.0,small_parts,1,0,1,1,0
585,000584.png,data/cogar_sim_500_final/rgb/000584.png,5087,1,table,0.0,0.0,640.0,480.0,255360.0,dynamic_scene,1,0,1,0,1
585,000584.png,data/cogar_sim_500_final/rgb/000584.png,5088,1,table,308.0,0.0,332.0,152.0,25392.0,dynamic_scene,1,0,1,0,1
585,000584.png,data/cogar_sim_500_final/rgb/000584.png,5089,10,box,148.0,295.0,110.0,56.0,6053.0,dynamic_scene,1,0,1,0,1
585,000584.png,data/cogar_sim_500_final/rgb/000584.png,5090,8,cable,420.0,250.0,185.0,105.0,1735.0,dynamic_scene,1,0,1,0,1
585,000584.png,data/cogar_sim_500_final/rgb/000584.png,5091,5,plastic_object,151.0,200.0,43.0,42.0,1368.0,dynamic_scene,1,0,1,0,1
585,000584.png,data/cogar_sim_500_final/rgb/000584.png,5092,5,plastic_object,330.0,103.0,57.0,64.0,2704.0,dynamic_scene,1,0,1,0,1
585,000584.png,data/cogar_sim_500_final/rgb/000584.png,5093,3,metal_part,520.0,164.0,53.0,46.0,1781.0,dynamic_scene,1,0,1,0,1
585,000584.png,data/cogar_sim_500_final/rgb/000584.png,5094,5,plastic_object,107.0,194.0,52.0,49.0,1905.0,dynamic_scene,1,0,1,0,1
585,000584.png,data/cogar_sim_500_final/rgb/000584.png,5095,5,plastic_object,197.0,259.0,61.0,48.0,1679.0,dynamic_scene,1,0,1,0,1
585,000584.png,data/cogar_sim_500_final/rgb/000584.png,5096,2,robot_gripper,312.0,261.0,186.0,50.0,7306.0,dynamic_scene,1,0,1,0,1
585,000584.png,data/cogar_sim_500_final/rgb/000584.png,5097,2,robot_gripper,356.0,233.0,33.0,31.0,952.0,dynamic_scene,1,0,1,0,1
585,000584.png,data/cogar_sim_500_final/rgb/000584.png,5098,2,robot_gripper,438.0,268.0,28.0,36.0,965.0,dynamic_scene,1,0,1,0,1
586,000585.png,data/cogar_sim_500_final/rgb/000585.png,5099,1,table,0.0,0.0,640.0,480.0,248286.0,reflective_metal,1,0,1,1,0
586,000585.png,data/cogar_sim_500_final/rgb/000585.png,5100,1,table,426.0,101.0,214.0,379.0,40674.0,reflective_metal,1,0,1,1,0
586,000585.png,data/cogar_sim_500_final/rgb/000585.png,5101,7,connector,255.0,454.0,38.0,26.0,630.0,reflective_metal,1,0,1,1,0
586,000585.png,data/cogar_sim_500_final/rgb/000585.png,5102,9,tool,343.0,0.0,139.0,167.0,3979.0,reflective_metal,1,0,1,1,0
586,000585.png,data/cogar_sim_500_final/rgb/000585.png,5103,3,metal_part,156.0,251.0,98.0,64.0,1940.0,reflective_metal,1,0,1,1,0
586,000585.png,data/cogar_sim_500_final/rgb/000585.png,5104,2,robot_gripper,131.0,202.0,159.0,190.0,8791.0,reflective_metal,1,0,1,1,0
586,000585.png,data/cogar_sim_500_final/rgb/000585.png,5105,2,robot_gripper,227.0,245.0,54.0,49.0,1339.0,reflective_metal,1,0,1,1,0
586,000585.png,data/cogar_sim_500_final/rgb/000585.png,5106,2,robot_gripper,181.0,323.0,60.0,46.0,1561.0,reflective_metal,1,0,1,1,0
587,000586.png,data/cogar_sim_500_final/rgb/000586.png,5107,1,table,0.0,153.0,640.0,327.0,163321.0,transparent_glass,1,1,1,0,0
587,000586.png,data/cogar_sim_500_final/rgb/000586.png,5108,1,table,0.0,0.0,640.0,201.0,92955.0,transparent_glass,1,1,1,0,0
587,000586.png,data/cogar_sim_500_final/rgb/000586.png,5109,4,glass_object,154.0,206.0,104.0,142.0,12026.0,transparent_glass,1,1,1,0,0
587,000586.png,data/cogar_sim_500_final/rgb/000586.png,5110,3,metal_part,206.0,172.0,80.0,49.0,1242.0,transparent_glass,1,1,1,0,0
587,000586.png,data/cogar_sim_500_final/rgb/000586.png,5111,4,glass_object,352.0,113.0,66.0,135.0,5450.0,transparent_glass,1,1,1,0,0
587,000586.png,data/cogar_sim_500_final/rgb/000586.png,5112,5,plastic_object,278.0,223.0,75.0,48.0,2511.0,transparent_glass,1,1,1,0,0
587,000586.png,data/cogar_sim_500_final/rgb/000586.png,5113,4,glass_object,483.0,133.0,109.0,154.0,12404.0,transparent_glass,1,1,1,0,0
587,000586.png,data/cogar_sim_500_final/rgb/000586.png,5114,2,robot_gripper,168.0,108.0,232.0,75.0,14192.0,transparent_glass,1,1,1,0,0
587,000586.png,data/cogar_sim_500_final/rgb/000586.png,5115,2,robot_gripper,235.0,111.0,33.0,122.0,1477.0,transparent_glass,1,1,1,0,0
587,000586.png,data/cogar_sim_500_final/rgb/000586.png,5116,2,robot_gripper,314.0,178.0,29.0,59.0,1622.0,transparent_glass,1,1,1,0,0
588,000587.png,data/cogar_sim_500_final/rgb/000587.png,5117,1,table,0.0,472.0,640.0,8.0,2824.0,partial_occlusion,0,1,1,1,0
588,000587.png,data/cogar_sim_500_final/rgb/000587.png,5118,1,table,0.0,0.0,640.0,479.0,304376.0,partial_occlusion,0,1,1,1,0
589,000588.png,data/cogar_sim_500_final/rgb/000588.png,5119,1,table,0.0,0.0,640.0,480.0,280343.0,small_parts,1,0,0,1,0
589,000588.png,data/cogar_sim_500_final/rgb/000588.png,5120,5,plastic_object,225.0,160.0,44.0,50.0,1694.0,small_parts,1,0,0,1,0
589,000588.png,data/cogar_sim_500_final/rgb/000588.png,5121,5,plastic_object,428.0,102.0,56.0,51.0,2012.0,small_parts,1,0,0,1,0
589,000588.png,data/cogar_sim_500_final/rgb/000588.png,5122,6,screw,387.0,356.0,15.0,22.0,264.0,small_parts,1,0,0,1,0
589,000588.png,data/cogar_sim_500_final/rgb/000588.png,5123,6,screw,116.0,336.0,18.0,18.0,247.0,small_parts,1,0,0,1,0
589,000588.png,data/cogar_sim_500_final/rgb/000588.png,5124,7,connector,310.0,242.0,48.0,58.0,1473.0,small_parts,1,0,0,1,0
589,000588.png,data/cogar_sim_500_final/rgb/000588.png,5125,5,plastic_object,213.0,413.0,48.0,60.0,2025.0,small_parts,1,0,0,1,0
589,000588.png,data/cogar_sim_500_final/rgb/000588.png,5126,6,screw,315.0,188.0,13.0,14.0,124.0,small_parts,1,0,0,1,0
589,000588.png,data/cogar_sim_500_final/rgb/000588.png,5127,6,screw,373.0,42.0,16.0,25.0,271.0,small_parts,1,0,0,1,0
589,000588.png,data/cogar_sim_500_final/rgb/000588.png,5128,6,screw,190.0,324.0,17.0,13.0,181.0,small_parts,1,0,0,1,0
589,000588.png,data/cogar_sim_500_final/rgb/000588.png,5129,10,box,422.0,131.0,140.0,173.0,12784.0,small_parts,1,0,0,1,0
589,000588.png,data/cogar_sim_500_final/rgb/000588.png,5130,3,metal_part,322.0,257.0,110.0,99.0,5782.0,small_parts,1,0,0,1,0
590,000589.png,data/cogar_sim_500_final/rgb/000589.png,5131,1,table,0.0,0.0,640.0,480.0,220138.0,dynamic_scene,1,1,1,1,1
590,000589.png,data/cogar_sim_500_final/rgb/000589.png,5132,9,tool,0.0,366.0,257.0,88.0,14375.0,dynamic_scene,1,1,1,1,1
590,000589.png,data/cogar_sim_500_final/rgb/000589.png,5133,6,screw,259.0,159.0,18.0,19.0,272.0,dynamic_scene,1,1,1,1,1
590,000589.png,data/cogar_sim_500_final/rgb/000589.png,5134,9,tool,29.0,234.0,231.0,55.0,9330.0,dynamic_scene,1,1,1,1,1
590,000589.png,data/cogar_sim_500_final/rgb/000589.png,5135,5,plastic_object,344.0,350.0,13.0,76.0,667.0,dynamic_scene,1,1,1,1,1
590,000589.png,data/cogar_sim_500_final/rgb/000589.png,5136,4,glass_object,250.0,201.0,105.0,271.0,24691.0,dynamic_scene,1,1,1,1,1
590,000589.png,data/cogar_sim_500_final/rgb/000589.png,5137,2,robot_gripper,337.0,57.0,62.0,197.0,9410.0,dynamic_scene,1,1,1,1,1
590,000589.png,data/cogar_sim_500_final/rgb/000589.png,5138,2,robot_gripper,298.0,110.0,43.0,94.0,3648.0,dynamic_scene,1,1,1,1,1
590,000589.png,data/cogar_sim_500_final/rgb/000589.png,5139,2,robot_gripper,344.0,85.0,39.0,15.0,583.0,dynamic_scene,1,1,1,1,1
591,000590.png,data/cogar_sim_500_final/rgb/000590.png,5140,1,table,0.0,28.0,640.0,452.0,176615.0,reflective_metal,1,0,1,0,0
591,000590.png,data/cogar_sim_500_final/rgb/000590.png,5141,1,table,0.0,0.0,640.0,199.0,59050.0,reflective_metal,1,0,1,0,0
591,000590.png,data/cogar_sim_500_final/rgb/000590.png,5142,10,box,85.0,251.0,250.0,228.0,42683.0,reflective_metal,1,0,1,0,0
591,000590.png,data/cogar_sim_500_final/rgb/000590.png,5143,9,tool,406.0,231.0,84.0,156.0,8992.0,reflective_metal,1,0,1,0,0
591,000590.png,data/cogar_sim_500_final/rgb/000590.png,5144,8,cable,140.0,199.0,63.0,281.0,1588.0,reflective_metal,1,0,1,0,0
591,000590.png,data/cogar_sim_500_final/rgb/000590.png,5145,2,robot_gripper,306.0,0.0,123.0,100.0,8945.0,reflective_metal,1,0,1,0,0
591,000590.png,data/cogar_sim_500_final/rgb/000590.png,5146,2,robot_gripper,290.0,0.0,53.0,186.0,6254.0,reflective_metal,1,0,1,0,0
591,000590.png,data/cogar_sim_500_final/rgb/000590.png,5147,2,robot_gripper,369.0,9.0,52.0,120.0,3027.0,reflective_metal,1,0,1,0,0
592,000591.png,data/cogar_sim_500_final/rgb/000591.png,5148,1,table,0.0,0.0,640.0,480.0,272731.0,transparent_glass,1,1,0,1,0
592,000591.png,data/cogar_sim_500_final/rgb/000591.png,5149,4,glass_object,505.0,264.0,102.0,82.0,6226.0,transparent_glass,1,1,0,1,0
592,000591.png,data/cogar_sim_500_final/rgb/000591.png,5150,3,metal_part,462.0,297.0,49.0,47.0,1631.0,transparent_glass,1,1,0,1,0
592,000591.png,data/cogar_sim_500_final/rgb/000591.png,5151,8,cable,317.0,47.0,144.0,305.0,1880.0,transparent_glass,1,1,0,1,0
592,000591.png,data/cogar_sim_500_final/rgb/000591.png,5152,4,glass_object,424.0,230.0,70.0,71.0,3398.0,transparent_glass,1,1,0,1,0
592,000591.png,data/cogar_sim_500_final/rgb/000591.png,5153,7,connector,418.0,170.0,34.0,57.0,855.0,transparent_glass,1,1,0,1,0
592,000591.png,data/cogar_sim_500_final/rgb/000591.png,5154,4,glass_object,327.0,229.0,114.0,88.0,6880.0,transparent_glass,1,1,0,1,0
592,000591.png,data/cogar_sim_500_final/rgb/000591.png,5155,9,tool,137.0,126.0,60.0,183.0,3853.0,transparent_glass,1,1,0,1,0
592,000591.png,data/cogar_sim_500_final/rgb/000591.png,5156,9,tool,360.0,138.0,214.0,71.0,4549.0,transparent_glass,1,1,0,1,0
592,000591.png,data/cogar_sim_500_final/rgb/000591.png,5157,7,connector,263.0,295.0,52.0,31.0,1056.0,transparent_glass,1,1,0,1,0
592,000591.png,data/cogar_sim_500_final/rgb/000591.png,5158,4,glass_object,310.0,324.0,64.0,88.0,4141.0,transparent_glass,1,1,0,1,0
593,000592.png,data/cogar_sim_500_final/rgb/000592.png,5159,1,table,0.0,80.0,640.0,400.0,164020.0,partial_occlusion,1,1,1,1,0
593,000592.png,data/cogar_sim_500_final/rgb/000592.png,5160,1,table,0.0,0.0,640.0,160.0,63005.0,partial_occlusion,1,1,1,1,0
593,000592.png,data/cogar_sim_500_final/rgb/000592.png,5161,9,tool,302.0,192.0,80.0,104.0,2113.0,partial_occlusion,1,1,1,1,0
593,000592.png,data/cogar_sim_500_final/rgb/000592.png,5162,3,metal_part,213.0,252.0,65.0,49.0,2304.0,partial_occlusion,1,1,1,1,0
593,000592.png,data/cogar_sim_500_final/rgb/000592.png,5163,9,tool,330.0,134.0,216.0,138.0,5376.0,partial_occlusion,1,1,1,1,0
593,000592.png,data/cogar_sim_500_final/rgb/000592.png,5164,7,connector,241.0,199.0,89.0,59.0,3442.0,partial_occlusion,1,1,1,1,0
593,000592.png,data/cogar_sim_500_final/rgb/000592.png,5165,5,plastic_object,262.0,174.0,42.0,19.0,528.0,partial_occlusion,1,1,1,1,0
593,000592.png,data/cogar_sim_500_final/rgb/000592.png,5166,4,glass_object,395.0,59.0,77.0,179.0,5088.0,partial_occlusion,1,1,1,1,0
593,000592.png,data/cogar_sim_500_final/rgb/000592.png,5167,10,box,187.0,294.0,170.0,178.0,27405.0,partial_occlusion,1,1,1,1,0
593,000592.png,data/cogar_sim_500_final/rgb/000592.png,5168,2,robot_gripper,116.0,72.0,357.0,137.0,27501.0,partial_occlusion,1,1,1,1,0
593,000592.png,data/cogar_sim_500_final/rgb/000592.png,5169,2,robot_gripper,210.0,89.0,54.0,164.0,3937.0,partial_occlusion,1,1,1,1,0
593,000592.png,data/cogar_sim_500_final/rgb/000592.png,5170,2,robot_gripper,314.0,75.0,44.0,165.0,2481.0,partial_occlusion,1,1,1,1,0
594,000593.png,data/cogar_sim_500_final/rgb/000593.png,5171,1,table,0.0,0.0,640.0,480.0,228326.0,small_parts,1,0,0,1,0
594,000593.png,data/cogar_sim_500_final/rgb/000593.png,5172,1,table,0.0,0.0,416.0,257.0,53422.0,small_parts,1,0,0,1,0
594,000593.png,data/cogar_sim_500_final/rgb/000593.png,5173,10,box,288.0,54.0,125.0,98.0,8492.0,small_parts,1,0,0,1,0
594,000593.png,data/cogar_sim_500_final/rgb/000593.png,5174,6,screw,158.0,219.0,12.0,16.0,110.0,small_parts,1,0,0,1,0
594,000593.png,data/cogar_sim_500_final/rgb/000593.png,5175,7,connector,385.0,259.0,53.0,62.0,1772.0,small_parts,1,0,0,1,0
594,000593.png,data/cogar_sim_500_final/rgb/000593.png,5176,3,metal_part,177.0,344.0,40.0,41.0,937.0,small_parts,1,0,0,1,0
594,000593.png,data/cogar_sim_500_final/rgb/000593.png,5177,7,connector,261.0,371.0,101.0,77.0,4394.0,small_parts,1,0,0,1,0
594,000593.png,data/cogar_sim_500_final/rgb/000593.png,5178,6,screw,394.0,361.0,14.0,24.0,244.0,small_parts,1,0,0,1,0
594,000593.png,data/cogar_sim_500_final/rgb/000593.png,5179,6,screw,470.0,269.0,27.0,24.0,319.0,small_parts,1,0,0,1,0
594,000593.png,data/cogar_sim_500_final/rgb/000593.png,5180,7,connector,273.0,308.0,40.0,73.0,1962.0,small_parts,1,0,0,1,0
594,000593.png,data/cogar_sim_500_final/rgb/000593.png,5181,7,connector,167.0,215.0,63.0,68.0,2353.0,small_parts,1,0,0,1,0
594,000593.png,data/cogar_sim_500_final/rgb/000593.png,5182,3,metal_part,152.0,271.0,69.0,127.0,4439.0,small_parts,1,0,0,1,0
594,000593.png,data/cogar_sim_500_final/rgb/000593.png,5183,6,screw,108.0,335.0,19.0,27.0,430.0,small_parts,1,0,0,1,0
595,000594.png,data/cogar_sim_500_final/rgb/000594.png,5184,1,table,0.0,38.0,640.0,442.0,191604.0,dynamic_scene,1,0,1,1,1
595,000594.png,data/cogar_sim_500_final/rgb/000594.png,5185,1,table,0.0,0.0,640.0,213.0,71098.0,dynamic_scene,1,0,1,1,1
595,000594.png,data/cogar_sim_500_final/rgb/000594.png,5186,7,connector,258.0,228.0,41.0,72.0,1863.0,dynamic_scene,1,0,1,1,1
595,000594.png,data/cogar_sim_500_final/rgb/000594.png,5187,5,plastic_object,381.0,190.0,68.0,112.0,6092.0,dynamic_scene,1,0,1,1,1
595,000594.png,data/cogar_sim_500_final/rgb/000594.png,5188,9,tool,220.0,248.0,61.0,232.0,6010.0,dynamic_scene,1,0,1,1,1
595,000594.png,data/cogar_sim_500_final/rgb/000594.png,5189,5,plastic_object,187.0,187.0,68.0,75.0,3836.0,dynamic_scene,1,0,1,1,1
595,000594.png,data/cogar_sim_500_final/rgb/000594.png,5190,5,plastic_object,371.0,374.0,97.0,76.0,5562.0,dynamic_scene,1,0,1,1,1
595,000594.png,data/cogar_sim_500_final/rgb/000594.png,5191,2,robot_gripper,211.0,40.0,210.0,174.0,17340.0,dynamic_scene,1,0,1,1,1
595,000594.png,data/cogar_sim_500_final/rgb/000594.png,5192,2,robot_gripper,255.0,129.0,48.0,74.0,2336.0,dynamic_scene,1,0,1,1,1
595,000594.png,data/cogar_sim_500_final/rgb/000594.png,5193,2,robot_gripper,335.0,94.0,53.0,136.0,1459.0,dynamic_scene,1,0,1,1,1
596,000595.png,data/cogar_sim_500_final/rgb/000595.png,5194,1,table,0.0,0.0,640.0,480.0,226088.0,reflective_metal,1,0,1,0,0
596,000595.png,data/cogar_sim_500_final/rgb/000595.png,5195,9,tool,209.0,349.0,177.0,69.0,3264.0,reflective_metal,1,0,1,0,0
596,000595.png,data/cogar_sim_500_final/rgb/000595.png,5196,9,tool,118.0,42.0,345.0,153.0,7600.0,reflective_metal,1,0,1,0,0
596,000595.png,data/cogar_sim_500_final/rgb/000595.png,5197,10,box,66.0,354.0,225.0,126.0,19292.0,reflective_metal,1,0,1,0,0
596,000595.png,data/cogar_sim_500_final/rgb/000595.png,5198,3,metal_part,302.0,0.0,110.0,46.0,3400.0,reflective_metal,1,0,1,0,0
596,000595.png,data/cogar_sim_500_final/rgb/000595.png,5199,10,box,146.0,457.0,138.0,23.0,281.0,reflective_metal,1,0,1,0,0
596,000595.png,data/cogar_sim_500_final/rgb/000595.png,5200,10,box,0.0,115.0,188.0,220.0,21754.0,reflective_metal,1,0,1,0,0
596,000595.png,data/cogar_sim_500_final/rgb/000595.png,5201,2,robot_gripper,279.0,116.0,137.0,364.0,21160.0,reflective_metal,1,0,1,0,0
596,000595.png,data/cogar_sim_500_final/rgb/000595.png,5202,2,robot_gripper,256.0,306.0,57.0,54.0,2272.0,reflective_metal,1,0,1,0,0
596,000595.png,data/cogar_sim_500_final/rgb/000595.png,5203,2,robot_gripper,339.0,222.0,58.0,50.0,2089.0,reflective_metal,1,0,1,0,0
597,000596.png,data/cogar_sim_500_final/rgb/000596.png,5204,1,table,0.0,30.0,640.0,450.0,187178.0,transparent_glass,0,1,1,0,0
597,000596.png,data/cogar_sim_500_final/rgb/000596.png,5205,1,table,270.0,0.0,370.0,293.0,53108.0,transparent_glass,0,1,1,0,0
597,000596.png,data/cogar_sim_500_final/rgb/000596.png,5206,8,cable,220.0,309.0,383.0,90.0,5518.0,transparent_glass,0,1,1,0,0
597,000596.png,data/cogar_sim_500_final/rgb/000596.png,5207,8,cable,311.0,117.0,128.0,103.0,267.0,transparent_glass,0,1,1,0,0
597,000596.png,data/cogar_sim_500_final/rgb/000596.png,5208,5,plastic_object,202.0,164.0,96.0,70.0,4101.0,transparent_glass,0,1,1,0,0
597,000596.png,data/cogar_sim_500_final/rgb/000596.png,5209,10,box,190.0,194.0,117.0,137.0,10666.0,transparent_glass,0,1,1,0,0
597,000596.png,data/cogar_sim_500_final/rgb/000596.png,5210,4,glass_object,460.0,218.0,100.0,143.0,10776.0,transparent_glass,0,1,1,0,0
597,000596.png,data/cogar_sim_500_final/rgb/000596.png,5211,2,robot_gripper,318.0,95.0,243.0,143.0,16657.0,transparent_glass,0,1,1,0,0
597,000596.png,data/cogar_sim_500_final/rgb/000596.png,5212,2,robot_gripper,397.0,100.0,50.0,154.0,3068.0,transparent_glass,0,1,1,0,0
597,000596.png,data/cogar_sim_500_final/rgb/000596.png,5213,2,robot_gripper,441.0,204.0,42.0,77.0,1887.0,transparent_glass,0,1,1,0,0
598,000597.png,data/cogar_sim_500_final/rgb/000597.png,5214,1,table,0.0,0.0,640.0,480.0,205130.0,partial_occlusion,1,1,1,1,0
598,000597.png,data/cogar_sim_500_final/rgb/000597.png,5215,1,table,0.0,155.0,56.0,325.0,9283.0,partial_occlusion,1,1,1,1,0
598,000597.png,data/cogar_sim_500_final/rgb/000597.png,5216,5,plastic_object,258.0,222.0,117.0,121.0,9488.0,partial_occlusion,1,1,1,1,0
598,000597.png,data/cogar_sim_500_final/rgb/000597.png,5217,9,tool,357.0,288.0,76.0,64.0,2385.0,partial_occlusion,1,1,1,1,0
598,000597.png,data/cogar_sim_500_final/rgb/000597.png,5218,4,glass_object,196.0,25.0,107.0,108.0,7883.0,partial_occlusion,1,1,1,1,0
598,000597.png,data/cogar_sim_500_final/rgb/000597.png,5219,4,glass_object,476.0,185.0,115.0,189.0,17170.0,partial_occlusion,1,1,1,1,0
598,000597.png,data/cogar_sim_500_final/rgb/000597.png,5220,10,box,403.0,124.0,127.0,147.0,14252.0,partial_occlusion,1,1,1,1,0
598,000597.png,data/cogar_sim_500_final/rgb/000597.png,5221,7,connector,60.0,167.0,96.0,55.0,3155.0,partial_occlusion,1,1,1,1,0
598,000597.png,data/cogar_sim_500_final/rgb/000597.png,5222,6,screw,164.0,162.0,20.0,14.0,218.0,partial_occlusion,1,1,1,1,0
598,000597.png,data/cogar_sim_500_final/rgb/000597.png,5223,2,robot_gripper,130.0,63.0,253.0,200.0,20300.0,partial_occlusion,1,1,1,1,0
598,000597.png,data/cogar_sim_500_final/rgb/000597.png,5224,2,robot_gripper,204.0,137.0,63.0,181.0,8365.0,partial_occlusion,1,1,1,1,0
598,000597.png,data/cogar_sim_500_final/rgb/000597.png,5225,2,robot_gripper,183.0,160.0,29.0,95.0,1741.0,partial_occlusion,1,1,1,1,0
599,000598.png,data/cogar_sim_500_final/rgb/000598.png,5226,1,table,0.0,52.0,640.0,428.0,186608.0,small_parts,1,0,0,1,0
599,000598.png,data/cogar_sim_500_final/rgb/000598.png,5227,1,table,163.0,0.0,477.0,298.0,82779.0,small_parts,1,0,0,1,0
599,000598.png,data/cogar_sim_500_final/rgb/000598.png,5228,6,screw,330.0,289.0,4.0,5.0,5.0,small_parts,1,0,0,1,0
599,000598.png,data/cogar_sim_500_final/rgb/000598.png,5229,3,metal_part,238.0,142.0,42.0,57.0,1868.0,small_parts,1,0,0,1,0
599,000598.png,data/cogar_sim_500_final/rgb/000598.png,5230,5,plastic_object,289.0,142.0,40.0,25.0,767.0,small_parts,1,0,0,1,0
599,000598.png,data/cogar_sim_500_final/rgb/000598.png,5231,8,cable,435.0,362.0,65.0,46.0,888.0,small_parts,1,0,0,1,0
599,000598.png,data/cogar_sim_500_final/rgb/000598.png,5232,10,box,256.0,285.0,123.0,153.0,13482.0,small_parts,1,0,0,1,0
599,000598.png,data/cogar_sim_500_final/rgb/000598.png,5233,8,cable,329.0,148.0,33.0,84.0,922.0,small_parts,1,0,0,1,0
599,000598.png,data/cogar_sim_500_final/rgb/000598.png,5234,7,connector,169.0,197.0,51.0,49.0,1382.0,small_parts,1,0,0,1,0
599,000598.png,data/cogar_sim_500_final/rgb/000598.png,5235,5,plastic_object,360.0,304.0,86.0,82.0,4851.0,small_parts,1,0,0,1,0
599,000598.png,data/cogar_sim_500_final/rgb/000598.png,5236,7,connector,435.0,334.0,38.0,54.0,1047.0,small_parts,1,0,0,1,0
600,000599.png,data/cogar_sim_500_final/rgb/000599.png,5237,1,table,0.0,81.0,640.0,399.0,221790.0,dynamic_scene,0,1,1,1,1
600,000599.png,data/cogar_sim_500_final/rgb/000599.png,5238,1,table,0.0,0.0,640.0,141.0,45409.0,dynamic_scene,0,1,1,1,1
600,000599.png,data/cogar_sim_500_final/rgb/000599.png,5239,4,glass_object,189.0,21.0,104.0,185.0,13227.0,dynamic_scene,0,1,1,1,1
600,000599.png,data/cogar_sim_500_final/rgb/000599.png,5240,5,plastic_object,147.0,82.0,55.0,101.0,4408.0,dynamic_scene,0,1,1,1,1
600,000599.png,data/cogar_sim_500_final/rgb/000599.png,5241,7,connector,462.0,134.0,62.0,54.0,2349.0,dynamic_scene,0,1,1,1,1
600,000599.png,data/cogar_sim_500_final/rgb/000599.png,5242,2,robot_gripper,227.0,0.0,249.0,60.0,13065.0,dynamic_scene,0,1,1,1,1
600,000599.png,data/cogar_sim_500_final/rgb/000599.png,5243,2,robot_gripper,270.0,49.0,43.0,112.0,4490.0,dynamic_scene,0,1,1,1,1
600,000599.png,data/cogar_sim_500_final/rgb/000599.png,5244,2,robot_gripper,376.0,55.0,39.0,71.0,2462.0,dynamic_scene,0,1,1,1,1
601,000600.png,data/cogar_sim_500_final/rgb/000600.png,5245,1,table,0.0,113.0,640.0,367.0,152221.0,reflective_metal,1,0,0,0,0
601,000600.png,data/cogar_sim_500_final/rgb/000600.png,5246,1,table,0.0,0.0,640.0,229.0,106646.0,reflective_metal,1,0,0,0,0
601,000600.png,data/cogar_sim_500_final/rgb/000600.png,5247,9,tool,155.0,256.0,300.0,69.0,7672.0,reflective_metal,1,0,0,0,0
601,000600.png,data/cogar_sim_500_final/rgb/000600.png,5248,3,metal_part,185.0,149.0,54.0,25.0,568.0,reflective_metal,1,0,0,0,0
601,000600.png,data/cogar_sim_500_final/rgb/000600.png,5249,10,box,176.0,149.0,134.0,44.0,3305.0,reflective_metal,1,0,0,0,0
601,000600.png,data/cogar_sim_500_final/rgb/000600.png,5250,10,box,46.0,166.0,134.0,111.0,10102.0,reflective_metal,1,0,0,0,0
601,000600.png,data/cogar_sim_500_final/rgb/000600.png,5251,3,metal_part,482.0,231.0,53.0,70.0,2971.0,reflective_metal,1,0,0,0,0
601,000600.png,data/cogar_sim_500_final/rgb/000600.png,5252,3,metal_part,519.0,164.0,54.0,92.0,3604.0,reflective_metal,1,0,0,0,0
601,000600.png,data/cogar_sim_500_final/rgb/000600.png,5253,10,box,159.0,172.0,177.0,147.0,14206.0,reflective_metal,1,0,0,0,0
601,000600.png,data/cogar_sim_500_final/rgb/000600.png,5254,3,metal_part,235.0,240.0,85.0,90.0,5903.0,reflective_metal,1,0,0,0,0
602,000601.png,data/cogar_sim_500_final/rgb/000601.png,5255,1,table,0.0,0.0,640.0,480.0,242779.0,transparent_glass,1,1,1,0,0
602,000601.png,data/cogar_sim_500_final/rgb/000601.png,5256,1,table,0.0,379.0,190.0,101.0,9615.0,transparent_glass,1,1,1,0,0
602,000601.png,data/cogar_sim_500_final/rgb/000601.png,5257,5,plastic_object,508.0,221.0,89.0,67.0,4299.0,transparent_glass,1,1,1,0,0
602,000601.png,data/cogar_sim_500_final/rgb/000601.png,5258,5,plastic_object,618.0,165.0,22.0,74.0,1132.0,transparent_glass,1,1,1,0,0
602,000601.png,data/cogar_sim_500_final/rgb/000601.png,5259,4,glass_object,280.0,139.0,97.0,100.0,2980.0,transparent_glass,1,1,1,0,0
602,000601.png,data/cogar_sim_500_final/rgb/000601.png,5260,10,box,372.0,87.0,102.0,103.0,5075.0,transparent_glass,1,1,1,0,0
602,000601.png,data/cogar_sim_500_final/rgb/000601.png,5261,4,glass_object,450.0,306.0,127.0,102.0,9243.0,transparent_glass,1,1,1,0,0
602,000601.png,data/cogar_sim_500_final/rgb/000601.png,5262,5,plastic_object,348.0,16.0,68.0,82.0,3248.0,transparent_glass,1,1,1,0,0
602,000601.png,data/cogar_sim_500_final/rgb/000601.png,5263,2,robot_gripper,209.0,10.0,325.0,318.0,26551.0,transparent_glass,1,1,1,0,0
602,000601.png,data/cogar_sim_500_final/rgb/000601.png,5264,2,robot_gripper,370.0,224.0,36.0,34.0,526.0,transparent_glass,1,1,1,0,0
602,000601.png,data/cogar_sim_500_final/rgb/000601.png,5265,2,robot_gripper,275.0,146.0,52.0,67.0,1752.0,transparent_glass,1,1,1,0,0
603,000602.png,data/cogar_sim_500_final/rgb/000602.png,5266,1,table,0.0,0.0,573.0,480.0,233524.0,partial_occlusion,1,0,1,1,0
603,000602.png,data/cogar_sim_500_final/rgb/000602.png,5267,1,table,548.0,0.0,92.0,480.0,38133.0,partial_occlusion,1,0,1,1,0
603,000602.png,data/cogar_sim_500_final/rgb/000602.png,5268,5,plastic_object,456.0,290.0,62.0,54.0,2624.0,partial_occlusion,1,0,1,1,0
603,000602.png,data/cogar_sim_500_final/rgb/000602.png,5269,10,box,399.0,196.0,75.0,137.0,5644.0,partial_occlusion,1,0,1,1,0
603,000602.png,data/cogar_sim_500_final/rgb/000602.png,5270,5,plastic_object,308.0,156.0,56.0,68.0,2687.0,partial_occlusion,1,0,1,1,0
603,000602.png,data/cogar_sim_500_final/rgb/000602.png,5271,10,box,155.0,447.0,102.0,33.0,2560.0,partial_occlusion,1,0,1,1,0
603,000602.png,data/cogar_sim_500_final/rgb/000602.png,5272,7,connector,238.0,293.0,50.0,46.0,1243.0,partial_occlusion,1,0,1,1,0
603,000602.png,data/cogar_sim_500_final/rgb/000602.png,5273,9,tool,197.0,343.0,77.0,137.0,3892.0,partial_occlusion,1,0,1,1,0
603,000602.png,data/cogar_sim_500_final/rgb/000602.png,5274,6,screw,442.0,115.0,20.0,20.0,232.0,partial_occlusion,1,0,1,1,0
603,000602.png,data/cogar_sim_500_final/rgb/000602.png,5275,2,robot_gripper,315.0,197.0,99.0,283.0,13662.0,partial_occlusion,1,0,1,1,0
603,000602.png,data/cogar_sim_500_final/rgb/000602.png,5276,2,robot_gripper,361.0,295.0,46.0,39.0,1362.0,partial_occlusion,1,0,1,1,0
603,000602.png,data/cogar_sim_500_final/rgb/000602.png,5277,2,robot_gripper,365.0,380.0,45.0,52.0,1637.0,partial_occlusion,1,0,1,1,0
604,000603.png,data/cogar_sim_500_final/rgb/000603.png,5278,1,table,0.0,0.0,640.0,480.0,272056.0,small_parts,1,0,0,1,0
604,000603.png,data/cogar_sim_500_final/rgb/000603.png,5279,1,table,469.0,409.0,171.0,71.0,6156.0,small_parts,1,0,0,1,0
604,000603.png,data/cogar_sim_500_final/rgb/000603.png,5280,6,screw,259.0,254.0,30.0,36.0,557.0,small_parts,1,0,0,1,0
604,000603.png,data/cogar_sim_500_final/rgb/000603.png,5281,9,tool,169.0,75.0,312.0,126.0,10659.0,small_parts,1,0,0,1,0
604,000603.png,data/cogar_sim_500_final/rgb/000603.png,5282,3,metal_part,33.0,199.0,36.0,31.0,884.0,small_parts,1,0,0,1,0
604,000603.png,data/cogar_sim_500_final/rgb/000603.png,5283,6,screw,359.0,77.0,18.0,25.0,284.0,small_parts,1,0,0,1,0
604,000603.png,data/cogar_sim_500_final/rgb/000603.png,5284,7,connector,117.0,383.0,44.0,77.0,3133.0,small_parts,1,0,0,1,0
604,000603.png,data/cogar_sim_500_final/rgb/000603.png,5285,6,screw,51.0,306.0,25.0,17.0,303.0,small_parts,1,0,0,1,0
604,000603.png,data/cogar_sim_500_final/rgb/000603.png,5286,7,connector,316.0,41.0,58.0,81.0,1968.0,small_parts,1,0,0,1,0
604,000603.png,data/cogar_sim_500_final/rgb/000603.png,5287,8,cable,383.0,57.0,257.0,221.0,5334.0,small_parts,1,0,0,1,0
604,000603.png,data/cogar_sim_500_final/rgb/000603.png,5288,7,connector,411.0,229.0,45.0,80.0,2649.0,small_parts,1,0,0,1,0
604,000603.png,data/cogar_sim_500_final/rgb/000603.png,5289,3,metal_part,259.0,126.0,75.0,59.0,3217.0,small_parts,1,0,0,1,0
605,000604.png,data/cogar_sim_500_final/rgb/000604.png,5290,1,table,0.0,183.0,640.0,297.0,161744.0,dynamic_scene,0,1,1,1,1
605,000604.png,data/cogar_sim_500_final/rgb/000604.png,5291,1,table,0.0,0.0,640.0,184.0,104815.0,dynamic_scene,0,1,1,1,1
605,000604.png,data/cogar_sim_500_final/rgb/000604.png,5292,4,glass_object,86.0,139.0,56.0,124.0,5219.0,dynamic_scene,0,1,1,1,1
605,000604.png,data/cogar_sim_500_final/rgb/000604.png,5293,5,plastic_object,186.0,234.0,62.0,59.0,3197.0,dynamic_scene,0,1,1,1,1
605,000604.png,data/cogar_sim_500_final/rgb/000604.png,5294,5,plastic_object,344.0,254.0,87.0,85.0,5446.0,dynamic_scene,0,1,1,1,1
605,000604.png,data/cogar_sim_500_final/rgb/000604.png,5295,7,connector,132.0,234.0,6.0,21.0,81.0,dynamic_scene,0,1,1,1,1
605,000604.png,data/cogar_sim_500_final/rgb/000604.png,5296,4,glass_object,428.0,178.0,98.0,130.0,11001.0,dynamic_scene,0,1,1,1,1
605,000604.png,data/cogar_sim_500_final/rgb/000604.png,5297,2,robot_gripper,144.0,117.0,189.0,86.0,10564.0,dynamic_scene,0,1,1,1,1
605,000604.png,data/cogar_sim_500_final/rgb/000604.png,5298,2,robot_gripper,185.0,122.0,40.0,116.0,1680.0,dynamic_scene,0,1,1,1,1
605,000604.png,data/cogar_sim_500_final/rgb/000604.png,5299,2,robot_gripper,263.0,110.0,38.0,155.0,3453.0,dynamic_scene,0,1,1,1,1
606,000605.png,data/cogar_sim_500_final/rgb/000605.png,5300,1,table,0.0,48.0,640.0,432.0,227832.0,reflective_metal,1,0,0,0,0
606,000605.png,data/cogar_sim_500_final/rgb/000605.png,5301,3,metal_part,381.0,208.0,53.0,98.0,2940.0,reflective_metal,1,0,0,0,0
606,000605.png,data/cogar_sim_500_final/rgb/000605.png,5302,3,metal_part,345.0,133.0,53.0,82.0,3191.0,reflective_metal,1,0,0,0,0
606,000605.png,data/cogar_sim_500_final/rgb/000605.png,5303,3,metal_part,307.0,250.0,117.0,115.0,9953.0,reflective_metal,1,0,0,0,0
606,000605.png,data/cogar_sim_500_final/rgb/000605.png,5304,9,tool,391.0,166.0,133.0,39.0,3394.0,reflective_metal,1,0,0,0,0
606,000605.png,data/cogar_sim_500_final/rgb/000605.png,5305,9,tool,118.0,141.0,64.0,80.0,1855.0,reflective_metal,1,0,0,0,0
606,000605.png,data/cogar_sim_500_final/rgb/000605.png,5306,5,plastic_object,163.0,187.0,105.0,110.0,7676.0,reflective_metal,1,0,0,0,0
606,000605.png,data/cogar_sim_500_final/rgb/000605.png,5307,3,metal_part,278.0,250.0,72.0,55.0,1378.0,reflective_metal,1,0,0,0,0
606,000605.png,data/cogar_sim_500_final/rgb/000605.png,5308,9,tool,228.0,268.0,297.0,92.0,5121.0,reflective_metal,1,0,0,0,0
606,000605.png,data/cogar_sim_500_final/rgb/000605.png,5309,8,cable,133.0,177.0,149.0,146.0,1302.0,reflective_metal,1,0,0,0,0
606,000605.png,data/cogar_sim_500_final/rgb/000605.png,5310,3,metal_part,426.0,342.0,97.0,69.0,5087.0,reflective_metal,1,0,0,0,0
607,000606.png,data/cogar_sim_500_final/rgb/000606.png,5311,1,table,0.0,0.0,640.0,480.0,247199.0,transparent_glass,1,1,0,0,0
607,000606.png,data/cogar_sim_500_final/rgb/000606.png,5312,3,metal_part,201.0,87.0,89.0,101.0,5557.0,transparent_glass,1,1,0,0,0
607,000606.png,data/cogar_sim_500_final/rgb/000606.png,5313,8,cable,232.0,250.0,392.0,157.0,6813.0,transparent_glass,1,1,0,0,0
607,000606.png,data/cogar_sim_500_final/rgb/000606.png,5314,4,glass_object,596.0,194.0,44.0,211.0,5405.0,transparent_glass,1,1,0,0,0
607,000606.png,data/cogar_sim_500_final/rgb/000606.png,5315,5,plastic_object,211.0,277.0,67.0,71.0,4155.0,transparent_glass,1,1,0,0,0
607,000606.png,data/cogar_sim_500_final/rgb/000606.png,5316,4,glass_object,117.0,130.0,99.0,174.0,14648.0,transparent_glass,1,1,0,0,0
607,000606.png,data/cogar_sim_500_final/rgb/000606.png,5317,10,box,209.0,156.0,53.0,129.0,5041.0,transparent_glass,1,1,0,0,0
608,000607.png,data/cogar_sim_500_final/rgb/000607.png,5318,1,table,0.0,381.0,109.0,99.0,5444.0,partial_occlusion,1,0,1,1,0
608,000607.png,data/cogar_sim_500_final/rgb/000607.png,5319,1,table,0.0,0.0,640.0,480.0,301756.0,partial_occlusion,1,0,1,1,0
609,000608.png,data/cogar_sim_500_final/rgb/000608.png,5320,1,table,0.0,96.0,640.0,384.0,57047.0,small_parts,1,0,0,1,0
609,000608.png,data/cogar_sim_500_final/rgb/000608.png,5321,1,table,72.0,0.0,568.0,480.0,236851.0,small_parts,1,0,0,1,0
610,000609.png,data/cogar_sim_500_final/rgb/000609.png,5322,1,table,0.0,73.0,640.0,407.0,179857.0,dynamic_scene,1,0,0,0,1
610,000609.png,data/cogar_sim_500_final/rgb/000609.png,5323,1,table,76.0,0.0,564.0,270.0,89296.0,dynamic_scene,1,0,0,0,1
610,000609.png,data/cogar_sim_500_final/rgb/000609.png,5324,8,cable,77.0,212.0,236.0,23.0,1748.0,dynamic_scene,1,0,0,0,1
610,000609.png,data/cogar_sim_500_final/rgb/000609.png,5325,10,box,454.0,180.0,171.0,147.0,17358.0,dynamic_scene,1,0,0,0,1
610,000609.png,data/cogar_sim_500_final/rgb/000609.png,5326,5,plastic_object,179.0,169.0,23.0,32.0,548.0,dynamic_scene,1,0,0,0,1
610,000609.png,data/cogar_sim_500_final/rgb/000609.png,5327,9,tool,156.0,167.0,86.0,75.0,2614.0,dynamic_scene,1,0,0,0,1
610,000609.png,data/cogar_sim_500_final/rgb/000609.png,5328,5,plastic_object,351.0,352.0,90.0,71.0,4965.0,dynamic_scene,1,0,0,0,1
610,000609.png,data/cogar_sim_500_final/rgb/000609.png,5329,3,metal_part,237.0,187.0,40.0,67.0,2065.0,dynamic_scene,1,0,0,0,1
610,000609.png,data/cogar_sim_500_final/rgb/000609.png,5330,5,plastic_object,144.0,166.0,41.0,50.0,1543.0,dynamic_scene,1,0,0,0,1
611,000610.png,data/cogar_sim_500_final/rgb/000610.png,5331,1,table,598.0,367.0,42.0,113.0,2381.0,reflective_metal,1,0,1,0,0
611,000610.png,data/cogar_sim_500_final/rgb/000610.png,5332,1,table,0.0,0.0,640.0,480.0,304819.0,reflective_metal,1,0,1,0,0
612,000611.png,data/cogar_sim_500_final/rgb/000611.png,5333,1,table,0.0,0.0,640.0,480.0,257159.0,transparent_glass,1,1,1,0,0
612,000611.png,data/cogar_sim_500_final/rgb/000611.png,5334,4,glass_object,367.0,142.0,93.0,89.0,3258.0,transparent_glass,1,1,1,0,0
612,000611.png,data/cogar_sim_500_final/rgb/000611.png,5335,4,glass_object,290.0,163.0,61.0,88.0,4205.0,transparent_glass,1,1,1,0,0
612,000611.png,data/cogar_sim_500_final/rgb/000611.png,5336,9,tool,260.0,373.0,331.0,58.0,10633.0,transparent_glass,1,1,1,0,0
612,000611.png,data/cogar_sim_500_final/rgb/000611.png,5337,4,glass_object,270.0,178.0,120.0,89.0,4446.0,transparent_glass,1,1,1,0,0
612,000611.png,data/cogar_sim_500_final/rgb/000611.png,5338,4,glass_object,394.0,159.0,104.0,98.0,7528.0,transparent_glass,1,1,1,0,0
612,000611.png,data/cogar_sim_500_final/rgb/000611.png,5339,4,glass_object,251.0,429.0,79.0,51.0,3173.0,transparent_glass,1,1,1,0,0
612,000611.png,data/cogar_sim_500_final/rgb/000611.png,5340,2,robot_gripper,199.0,213.0,247.0,195.0,15221.0,transparent_glass,1,1,1,0,0
612,000611.png,data/cogar_sim_500_final/rgb/000611.png,5341,2,robot_gripper,302.0,344.0,52.0,56.0,1577.0,transparent_glass,1,1,1,0,0
613,000612.png,data/cogar_sim_500_final/rgb/000612.png,5342,1,table,0.0,423.0,640.0,57.0,22595.0,partial_occlusion,1,1,1,1,0
613,000612.png,data/cogar_sim_500_final/rgb/000612.png,5343,1,table,0.0,0.0,640.0,466.0,284605.0,partial_occlusion,1,1,1,1,0
614,000613.png,data/cogar_sim_500_final/rgb/000613.png,5344,1,table,0.0,36.0,640.0,444.0,220266.0,small_parts,1,0,1,1,0
614,000613.png,data/cogar_sim_500_final/rgb/000613.png,5345,9,tool,0.0,250.0,169.0,229.0,11446.0,small_parts,1,0,1,1,0
614,000613.png,data/cogar_sim_500_final/rgb/000613.png,5346,8,cable,323.0,165.0,37.0,85.0,741.0,small_parts,1,0,1,1,0
614,000613.png,data/cogar_sim_500_final/rgb/000613.png,5347,8,cable,0.0,282.0,176.0,98.0,1217.0,small_parts,1,0,1,1,0
614,000613.png,data/cogar_sim_500_final/rgb/000613.png,5348,7,connector,324.0,235.0,76.0,49.0,2169.0,small_parts,1,0,1,1,0
614,000613.png,data/cogar_sim_500_final/rgb/000613.png,5349,7,connector,314.0,214.0,54.0,39.0,1320.0,small_parts,1,0,1,1,0
614,000613.png,data/cogar_sim_500_final/rgb/000613.png,5350,10,box,167.0,233.0,129.0,181.0,21077.0,small_parts,1,0,1,1,0
614,000613.png,data/cogar_sim_500_final/rgb/000613.png,5351,6,screw,291.0,346.0,20.0,31.0,387.0,small_parts,1,0,1,1,0
614,000613.png,data/cogar_sim_500_final/rgb/000613.png,5352,7,connector,425.0,162.0,44.0,50.0,1717.0,small_parts,1,0,1,1,0
614,000613.png,data/cogar_sim_500_final/rgb/000613.png,5353,2,robot_gripper,216.0,34.0,106.0,158.0,9264.0,small_parts,1,0,1,1,0
614,000613.png,data/cogar_sim_500_final/rgb/000613.png,5354,2,robot_gripper,307.0,64.0,19.0,135.0,1556.0,small_parts,1,0,1,1,0
614,000613.png,data/cogar_sim_500_final/rgb/000613.png,5355,2,robot_gripper,268.0,77.0,47.0,177.0,5508.0,small_parts,1,0,1,1,0
615,000614.png,data/cogar_sim_500_final/rgb/000614.png,5356,1,table,0.0,0.0,640.0,480.0,256563.0,dynamic_scene,0,1,0,1,1
615,000614.png,data/cogar_sim_500_final/rgb/000614.png,5357,4,glass_object,424.0,268.0,135.0,120.0,9985.0,dynamic_scene,0,1,0,1,1
615,000614.png,data/cogar_sim_500_final/rgb/000614.png,5358,5,plastic_object,19.0,296.0,76.0,42.0,2448.0,dynamic_scene,0,1,0,1,1
615,000614.png,data/cogar_sim_500_final/rgb/000614.png,5359,8,cable,428.0,0.0,66.0,347.0,4261.0,dynamic_scene,0,1,0,1,1
615,000614.png,data/cogar_sim_500_final/rgb/000614.png,5360,7,connector,370.0,418.0,59.0,62.0,2044.0,dynamic_scene,0,1,0,1,1
615,000614.png,data/cogar_sim_500_final/rgb/000614.png,5361,5,plastic_object,222.0,352.0,44.0,38.0,1207.0,dynamic_scene,0,1,0,1,1
615,000614.png,data/cogar_sim_500_final/rgb/000614.png,5362,10,box,118.0,241.0,188.0,175.0,15785.0,dynamic_scene,0,1,0,1,1
615,000614.png,data/cogar_sim_500_final/rgb/000614.png,5363,5,plastic_object,222.0,5.0,84.0,94.0,5693.0,dynamic_scene,0,1,0,1,1
615,000614.png,data/cogar_sim_500_final/rgb/000614.png,5364,8,cable,0.0,268.0,360.0,15.0,3276.0,dynamic_scene,0,1,0,1,1
615,000614.png,data/cogar_sim_500_final/rgb/000614.png,5365,5,plastic_object,300.0,69.0,81.0,94.0,5938.0,dynamic_scene,0,1,0,1,1
616,000615.png,data/cogar_sim_500_final/rgb/000615.png,5366,1,table,0.0,79.0,640.0,401.0,200163.0,reflective_metal,1,0,0,0,0
616,000615.png,data/cogar_sim_500_final/rgb/000615.png,5367,3,metal_part,121.0,230.0,100.0,84.0,4963.0,reflective_metal,1,0,0,0,0
616,000615.png,data/cogar_sim_500_final/rgb/000615.png,5368,10,box,350.0,211.0,147.0,179.0,22065.0,reflective_metal,1,0,0,0,0
616,000615.png,data/cogar_sim_500_final/rgb/000615.png,5369,3,metal_part,113.0,146.0,8.0,32.0,62.0,reflective_metal,1,0,0,0,0
616,000615.png,data/cogar_sim_500_final/rgb/000615.png,5370,9,tool,53.0,251.0,273.0,156.0,10905.0,reflective_metal,1,0,0,0,0
616,000615.png,data/cogar_sim_500_final/rgb/000615.png,5371,9,tool,469.0,178.0,135.0,42.0,3651.0,reflective_metal,1,0,0,0,0
616,000615.png,data/cogar_sim_500_final/rgb/000615.png,5372,5,plastic_object,116.0,134.0,70.0,77.0,4612.0,reflective_metal,1,0,0,0,0
616,000615.png,data/cogar_sim_500_final/rgb/000615.png,5373,9,tool,14.0,292.0,159.0,94.0,5867.0,reflective_metal,1,0,0,0,0
616,000615.png,data/cogar_sim_500_final/rgb/000615.png,5374,3,metal_part,521.0,271.0,62.0,62.0,3196.0,reflective_metal,1,0,0,0,0
617,000616.png,data/cogar_sim_500_final/rgb/000616.png,5375,1,table,0.0,0.0,640.0,480.0,227952.0,transparent_glass,0,1,1,1,0
617,000616.png,data/cogar_sim_500_final/rgb/000616.png,5376,1,table,157.0,0.0,483.0,32.0,7837.0,transparent_glass,0,1,1,1,0
617,000616.png,data/cogar_sim_500_final/rgb/000616.png,5377,7,connector,478.0,114.0,34.0,49.0,1336.0,transparent_glass,0,1,1,1,0
617,000616.png,data/cogar_sim_500_final/rgb/000616.png,5378,5,plastic_object,490.0,68.0,66.0,69.0,3541.0,transparent_glass,0,1,1,1,0
617,000616.png,data/cogar_sim_500_final/rgb/000616.png,5379,4,glass_object,471.0,147.0,129.0,117.0,9884.0,transparent_glass,0,1,1,1,0
617,000616.png,data/cogar_sim_500_final/rgb/000616.png,5380,10,box,114.0,124.0,146.0,161.0,6452.0,transparent_glass,0,1,1,1,0
617,000616.png,data/cogar_sim_500_final/rgb/000616.png,5381,10,box,430.0,297.0,148.0,166.0,13667.0,transparent_glass,0,1,1,1,0
617,000616.png,data/cogar_sim_500_final/rgb/000616.png,5382,10,box,281.0,278.0,185.0,190.0,19809.0,transparent_glass,0,1,1,1,0
617,000616.png,data/cogar_sim_500_final/rgb/000616.png,5383,7,connector,316.0,263.0,54.0,39.0,995.0,transparent_glass,0,1,1,1,0
617,000616.png,data/cogar_sim_500_final/rgb/000616.png,5384,2,robot_gripper,117.0,205.0,299.0,62.0,13983.0,transparent_glass,0,1,1,1,0
617,000616.png,data/cogar_sim_500_final/rgb/000616.png,5385,2,robot_gripper,205.0,191.0,45.0,40.0,1338.0,transparent_glass,0,1,1,1,0
617,000616.png,data/cogar_sim_500_final/rgb/000616.png,5386,2,robot_gripper,300.0,199.0,30.0,15.0,406.0,transparent_glass,0,1,1,1,0
618,000617.png,data/cogar_sim_500_final/rgb/000617.png,5387,1,table,0.0,93.0,615.0,387.0,150521.0,partial_occlusion,1,0,1,1,0
618,000617.png,data/cogar_sim_500_final/rgb/000617.png,5388,1,table,558.0,0.0,82.0,480.0,28333.0,partial_occlusion,1,0,1,1,0
618,000617.png,data/cogar_sim_500_final/rgb/000617.png,5389,9,tool,418.0,175.0,130.0,82.0,4492.0,partial_occlusion,1,0,1,1,0
618,000617.png,data/cogar_sim_500_final/rgb/000617.png,5390,3,metal_part,325.0,125.0,107.0,93.0,3017.0,partial_occlusion,1,0,1,1,0
618,000617.png,data/cogar_sim_500_final/rgb/000617.png,5391,10,box,172.0,131.0,151.0,116.0,13798.0,partial_occlusion,1,0,1,1,0
618,000617.png,data/cogar_sim_500_final/rgb/000617.png,5392,8,cable,364.0,209.0,12.0,15.0,144.0,partial_occlusion,1,0,1,1,0
618,000617.png,data/cogar_sim_500_final/rgb/000617.png,5393,7,connector,188.0,303.0,95.0,41.0,2697.0,partial_occlusion,1,0,1,1,0
618,000617.png,data/cogar_sim_500_final/rgb/000617.png,5394,10,box,351.0,272.0,209.0,170.0,24251.0,partial_occlusion,1,0,1,1,0
618,000617.png,data/cogar_sim_500_final/rgb/000617.png,5395,3,metal_part,323.0,159.0,10.0,53.0,386.0,partial_occlusion,1,0,1,1,0
618,000617.png,data/cogar_sim_500_final/rgb/000617.png,5396,10,box,62.0,232.0,101.0,132.0,11525.0,partial_occlusion,1,0,1,1,0
618,000617.png,data/cogar_sim_500_final/rgb/000617.png,5397,2,robot_gripper,332.0,54.0,75.0,107.0,6204.0,partial_occlusion,1,0,1,1,0
618,000617.png,data/cogar_sim_500_final/rgb/000617.png,5398,2,robot_gripper,382.0,68.0,26.0,130.0,887.0,partial_occlusion,1,0,1,1,0
618,000617.png,data/cogar_sim_500_final/rgb/000617.png,5399,2,robot_gripper,357.0,160.0,38.0,49.0,1825.0,partial_occlusion,1,0,1,1,0
619,000618.png,data/cogar_sim_500_final/rgb/000618.png,5400,1,table,0.0,77.0,640.0,403.0,210668.0,small_parts,0,0,1,1,0
619,000618.png,data/cogar_sim_500_final/rgb/000618.png,5401,1,table,0.0,0.0,640.0,147.0,57392.0,small_parts,0,0,1,1,0
619,000618.png,data/cogar_sim_500_final/rgb/000618.png,5402,7,connector,354.0,316.0,99.0,43.0,3015.0,small_parts,0,0,1,1,0
619,000618.png,data/cogar_sim_500_final/rgb/000618.png,5403,6,screw,374.0,229.0,27.0,18.0,293.0,small_parts,0,0,1,1,0
619,000618.png,data/cogar_sim_500_final/rgb/000618.png,5404,6,screw,105.0,244.0,24.0,25.0,344.0,small_parts,0,0,1,1,0
619,000618.png,data/cogar_sim_500_final/rgb/000618.png,5405,5,plastic_object,241.0,148.0,35.0,79.0,2144.0,small_parts,0,0,1,1,0
619,000618.png,data/cogar_sim_500_final/rgb/000618.png,5406,7,connector,270.0,159.0,62.0,34.0,919.0,small_parts,0,0,1,1,0
619,000618.png,data/cogar_sim_500_final/rgb/000618.png,5407,6,screw,205.0,350.0,31.0,19.0,498.0,small_parts,0,0,1,1,0
619,000618.png,data/cogar_sim_500_final/rgb/000618.png,5408,8,cable,319.0,237.0,321.0,58.0,5059.0,small_parts,0,0,1,1,0
619,000618.png,data/cogar_sim_500_final/rgb/000618.png,5409,2,robot_gripper,209.0,44.0,304.0,134.0,21884.0,small_parts,0,0,1,1,0
619,000618.png,data/cogar_sim_500_final/rgb/000618.png,5410,2,robot_gripper,294.0,131.0,40.0,58.0,1856.0,small_parts,0,0,1,1,0
619,000618.png,data/cogar_sim_500_final/rgb/000618.png,5411,2,robot_gripper,379.0,55.0,49.0,163.0,3128.0,small_parts,0,0,1,1,0
620,000619.png,data/cogar_sim_500_final/rgb/000619.png,5412,1,table,0.0,0.0,640.0,480.0,255598.0,dynamic_scene,0,0,1,0,1
620,000619.png,data/cogar_sim_500_final/rgb/000619.png,5413,1,table,0.0,123.0,108.0,357.0,19324.0,dynamic_scene,0,0,1,0,1
620,000619.png,data/cogar_sim_500_final/rgb/000619.png,5414,8,cable,368.0,279.0,272.0,143.0,5920.0,dynamic_scene,0,0,1,0,1
620,000619.png,data/cogar_sim_500_final/rgb/000619.png,5415,5,plastic_object,295.0,213.0,58.0,87.0,4332.0,dynamic_scene,0,0,1,0,1
620,000619.png,data/cogar_sim_500_final/rgb/000619.png,5416,5,plastic_object,184.0,391.0,102.0,89.0,6792.0,dynamic_scene,0,0,1,0,1
620,000619.png,data/cogar_sim_500_final/rgb/000619.png,5417,5,plastic_object,362.0,94.0,2.0,12.0,21.0,dynamic_scene,0,0,1,0,1
620,000619.png,data/cogar_sim_500_final/rgb/000619.png,5418,2,robot_gripper,304.0,0.0,63.0,167.0,8896.0,dynamic_scene,0,0,1,0,1
620,000619.png,data/cogar_sim_500_final/rgb/000619.png,5419,2,robot_gripper,318.0,165.0,38.0,13.0,444.0,dynamic_scene,0,0,1,0,1
620,000619.png,data/cogar_sim_500_final/rgb/000619.png,5420,2,robot_gripper,280.0,0.0,41.0,149.0,4042.0,dynamic_scene,0,0,1,0,1
621,000620.png,data/cogar_sim_500_final/rgb/000620.png,5421,1,table,0.0,450.0,640.0,30.0,14815.0,reflective_metal,1,0,0,1,0
621,000620.png,data/cogar_sim_500_final/rgb/000620.png,5422,1,table,0.0,0.0,640.0,463.0,292385.0,reflective_metal,1,0,0,1,0
622,000621.png,data/cogar_sim_500_final/rgb/000621.png,5423,1,table,0.0,133.0,640.0,347.0,162427.0,transparent_glass,1,1,1,1,0
622,000621.png,data/cogar_sim_500_final/rgb/000621.png,5424,1,table,153.0,0.0,487.0,284.0,86102.0,transparent_glass,1,1,1,1,0
622,000621.png,data/cogar_sim_500_final/rgb/000621.png,5425,9,tool,386.0,326.0,201.0,63.0,7229.0,transparent_glass,1,1,1,1,0
622,000621.png,data/cogar_sim_500_final/rgb/000621.png,5426,7,connector,111.0,240.0,67.0,36.0,1940.0,transparent_glass,1,1,1,1,0
622,000621.png,data/cogar_sim_500_final/rgb/000621.png,5427,3,metal_part,300.0,175.0,33.0,95.0,2485.0,transparent_glass,1,1,1,1,0
622,000621.png,data/cogar_sim_500_final/rgb/000621.png,5428,4,glass_object,421.0,155.0,91.0,172.0,13727.0,transparent_glass,1,1,1,1,0
622,000621.png,data/cogar_sim_500_final/rgb/000621.png,5429,2,robot_gripper,256.0,83.0,112.0,101.0,6970.0,transparent_glass,1,1,1,1,0
622,000621.png,data/cogar_sim_500_final/rgb/000621.png,5430,2,robot_gripper,277.0,92.0,35.0,126.0,1828.0,transparent_glass,1,1,1,1,0
622,000621.png,data/cogar_sim_500_final/rgb/000621.png,5431,2,robot_gripper,325.0,120.0,38.0,100.0,1278.0,transparent_glass,1,1,1,1,0
623,000622.png,data/cogar_sim_500_final/rgb/000622.png,5432,1,table,73.0,51.0,567.0,429.0,189729.0,partial_occlusion,1,0,1,1,0
623,000622.png,data/cogar_sim_500_final/rgb/000622.png,5433,1,table,0.0,0.0,115.0,480.0,42965.0,partial_occlusion,1,0,1,1,0
623,000622.png,data/cogar_sim_500_final/rgb/000622.png,5434,7,connector,168.0,197.0,28.0,36.0,826.0,partial_occlusion,1,0,1,1,0
623,000622.png,data/cogar_sim_500_final/rgb/000622.png,5435,6,screw,343.0,217.0,25.0,16.0,307.0,partial_occlusion,1,0,1,1,0
623,000622.png,data/cogar_sim_500_final/rgb/000622.png,5436,5,plastic_object,464.0,205.0,66.0,97.0,5302.0,partial_occlusion,1,0,1,1,0
623,000622.png,data/cogar_sim_500_final/rgb/000622.png,5437,10,box,148.0,118.0,85.0,92.0,5547.0,partial_occlusion,1,0,1,1,0
623,000622.png,data/cogar_sim_500_final/rgb/000622.png,5438,3,metal_part,389.0,293.0,73.0,68.0,3932.0,partial_occlusion,1,0,1,1,0
623,000622.png,data/cogar_sim_500_final/rgb/000622.png,5439,3,metal_part,367.0,247.0,73.0,83.0,3560.0,partial_occlusion,1,0,1,1,0
623,000622.png,data/cogar_sim_500_final/rgb/000622.png,5440,2,robot_gripper,234.0,93.0,77.0,112.0,5848.0,partial_occlusion,1,0,1,1,0
623,000622.png,data/cogar_sim_500_final/rgb/000622.png,5441,2,robot_gripper,245.0,128.0,43.0,146.0,3149.0,partial_occlusion,1,0,1,1,0
623,000622.png,data/cogar_sim_500_final/rgb/000622.png,5442,2,robot_gripper,229.0,96.0,38.0,146.0,1963.0,partial_occlusion,1,0,1,1,0
624,000623.png,data/cogar_sim_500_final/rgb/000623.png,5443,1,table,0.0,74.0,640.0,406.0,194078.0,small_parts,1,0,0,1,0
624,000623.png,data/cogar_sim_500_final/rgb/000623.png,5444,1,table,0.0,0.0,168.0,421.0,41628.0,small_parts,1,0,0,1,0
624,000623.png,data/cogar_sim_500_final/rgb/000623.png,5445,6,screw,502.0,304.0,36.0,23.0,588.0,small_parts,1,0,0,1,0
624,000623.png,data/cogar_sim_500_final/rgb/000623.png,5446,7,connector,362.0,248.0,30.0,46.0,609.0,small_parts,1,0,0,1,0
624,000623.png,data/cogar_sim_500_final/rgb/000623.png,5447,5,plastic_object,353.0,366.0,96.0,90.0,7455.0,small_parts,1,0,0,1,0
624,000623.png,data/cogar_sim_500_final/rgb/000623.png,5448,7,connector,205.0,177.0,55.0,26.0,664.0,small_parts,1,0,0,1,0
624,000623.png,data/cogar_sim_500_final/rgb/000623.png,5449,9,tool,381.0,209.0,165.0,69.0,4937.0,small_parts,1,0,0,1,0
624,000623.png,data/cogar_sim_500_final/rgb/000623.png,5450,8,cable,143.0,267.0,161.0,19.0,2011.0,small_parts,1,0,0,1,0
624,000623.png,data/cogar_sim_500_final/rgb/000623.png,5451,5,plastic_object,367.0,265.0,87.0,77.0,5228.0,small_parts,1,0,0,1,0
624,000623.png,data/cogar_sim_500_final/rgb/000623.png,5452,6,screw,289.0,225.0,19.0,15.0,171.0,small_parts,1,0,0,1,0
624,000623.png,data/cogar_sim_500_final/rgb/000623.png,5453,7,connector,216.0,185.0,70.0,43.0,1992.0,small_parts,1,0,0,1,0
624,000623.png,data/cogar_sim_500_final/rgb/000623.png,5454,6,screw,236.0,181.0,18.0,12.0,129.0,small_parts,1,0,0,1,0
624,000623.png,data/cogar_sim_500_final/rgb/000623.png,5455,3,metal_part,298.0,204.0,76.0,179.0,9469.0,small_parts,1,0,0,1,0
624,000623.png,data/cogar_sim_500_final/rgb/000623.png,5456,6,screw,179.0,217.0,23.0,23.0,278.0,small_parts,1,0,0,1,0
624,000623.png,data/cogar_sim_500_final/rgb/000623.png,5457,7,connector,351.0,355.0,93.0,47.0,1389.0,small_parts,1,0,0,1,0
625,000624.png,data/cogar_sim_500_final/rgb/000624.png,5458,1,table,526.0,189.0,114.0,291.0,16693.0,dynamic_scene,0,0,1,0,1
625,000624.png,data/cogar_sim_500_final/rgb/000624.png,5459,1,table,0.0,0.0,640.0,480.0,285741.0,dynamic_scene,0,0,1,0,1
626,000625.png,data/cogar_sim_500_final/rgb/000625.png,5460,1,table,0.0,412.0,213.0,68.0,7350.0,reflective_metal,1,0,1,1,0
626,000625.png,data/cogar_sim_500_final/rgb/000625.png,5461,1,table,0.0,0.0,640.0,480.0,299850.0,reflective_metal,1,0,1,1,0
627,000626.png,data/cogar_sim_500_final/rgb/000626.png,5462,1,table,0.0,0.0,640.0,480.0,253430.0,transparent_glass,1,1,1,0,0
627,000626.png,data/cogar_sim_500_final/rgb/000626.png,5463,4,glass_object,175.0,183.0,88.0,117.0,5456.0,transparent_glass,1,1,1,0,0
627,000626.png,data/cogar_sim_500_final/rgb/000626.png,5464,8,cable,98.0,112.0,123.0,131.0,1846.0,transparent_glass,1,1,1,0,0
627,000626.png,data/cogar_sim_500_final/rgb/000626.png,5465,3,metal_part,379.0,64.0,48.0,33.0,899.0,transparent_glass,1,1,1,0,0
627,000626.png,data/cogar_sim_500_final/rgb/000626.png,5466,4,glass_object,450.0,7.0,109.0,164.0,9349.0,transparent_glass,1,1,1,0,0
627,000626.png,data/cogar_sim_500_final/rgb/000626.png,5467,2,robot_gripper,178.0,70.0,334.0,168.0,26663.0,transparent_glass,1,1,1,0,0
627,000626.png,data/cogar_sim_500_final/rgb/000626.png,5468,2,robot_gripper,375.0,135.0,61.0,144.0,6558.0,transparent_glass,1,1,1,0,0
627,000626.png,data/cogar_sim_500_final/rgb/000626.png,5469,2,robot_gripper,274.0,204.0,47.0,79.0,2999.0,transparent_glass,1,1,1,0,0
628,000627.png,data/cogar_sim_500_final/rgb/000627.png,5470,1,table,0.0,0.0,640.0,480.0,203462.0,partial_occlusion,0,1,1,1,0
628,000627.png,data/cogar_sim_500_final/rgb/000627.png,5471,6,screw,358.0,241.0,24.0,26.0,353.0,partial_occlusion,0,1,1,1,0
628,000627.png,data/cogar_sim_500_final/rgb/000627.png,5472,6,screw,345.0,389.0,15.0,21.0,233.0,partial_occlusion,0,1,1,1,0
628,000627.png,data/cogar_sim_500_final/rgb/000627.png,5473,10,box,143.0,53.0,147.0,124.0,9232.0,partial_occlusion,0,1,1,1,0
628,000627.png,data/cogar_sim_500_final/rgb/000627.png,5474,10,box,121.0,211.0,203.0,193.0,24961.0,partial_occlusion,0,1,1,1,0
628,000627.png,data/cogar_sim_500_final/rgb/000627.png,5475,4,glass_object,472.0,126.0,135.0,158.0,15807.0,partial_occlusion,0,1,1,1,0
628,000627.png,data/cogar_sim_500_final/rgb/000627.png,5476,7,connector,489.0,291.0,97.0,54.0,3815.0,partial_occlusion,0,1,1,1,0
628,000627.png,data/cogar_sim_500_final/rgb/000627.png,5477,5,plastic_object,17.0,198.0,90.0,106.0,6854.0,partial_occlusion,0,1,1,1,0
628,000627.png,data/cogar_sim_500_final/rgb/000627.png,5478,2,robot_gripper,70.0,82.0,265.0,194.0,20491.0,partial_occlusion,0,1,1,1,0
628,000627.png,data/cogar_sim_500_final/rgb/000627.png,5479,2,robot_gripper,138.0,102.0,52.0,143.0,2190.0,partial_occlusion,0,1,1,1,0
628,000627.png,data/cogar_sim_500_final/rgb/000627.png,5480,2,robot_gripper,232.0,137.0,40.0,31.0,603.0,partial_occlusion,0,1,1,1,0
629,000628.png,data/cogar_sim_500_final/rgb/000628.png,5481,1,table,0.0,0.0,640.0,480.0,243795.0,small_parts,0,0,1,1,0
629,000628.png,data/cogar_sim_500_final/rgb/000628.png,5482,1,table,375.0,254.0,265.0,226.0,30036.0,small_parts,0,0,1,1,0
629,000628.png,data/cogar_sim_500_final/rgb/000628.png,5483,7,connector,272.0,350.0,19.0,32.0,179.0,small_parts,0,0,1,1,0
629,000628.png,data/cogar_sim_500_final/rgb/000628.png,5484,7,connector,199.0,197.0,54.0,54.0,1636.0,small_parts,0,0,1,1,0
629,000628.png,data/cogar_sim_500_final/rgb/000628.png,5485,7,connector,481.0,215.0,76.0,27.0,1192.0,small_parts,0,0,1,1,0
629,000628.png,data/cogar_sim_500_final/rgb/000628.png,5486,8,cable,330.0,0.0,173.0,124.0,2932.0,small_parts,0,0,1,1,0
629,000628.png,data/cogar_sim_500_final/rgb/000628.png,5487,6,screw,351.0,165.0,22.0,13.0,195.0,small_parts,0,0,1,1,0
629,000628.png,data/cogar_sim_500_final/rgb/000628.png,5488,6,screw,302.0,138.0,21.0,25.0,225.0,small_parts,0,0,1,1,0
629,000628.png,data/cogar_sim_500_final/rgb/000628.png,5489,7,connector,420.0,210.0,32.0,23.0,557.0,small_parts,0,0,1,1,0
629,000628.png,data/cogar_sim_500_final/rgb/000628.png,5490,10,box,123.0,245.0,158.0,121.0,10824.0,small_parts,0,0,1,1,0
629,000628.png,data/cogar_sim_500_final/rgb/000628.png,5491,7,connector,200.0,240.0,70.0,37.0,360.0,small_parts,0,0,1,1,0
629,000628.png,data/cogar_sim_500_final/rgb/000628.png,5492,6,screw,485.0,127.0,19.0,16.0,202.0,small_parts,0,0,1,1,0
629,000628.png,data/cogar_sim_500_final/rgb/000628.png,5493,6,screw,130.0,233.0,18.0,16.0,213.0,small_parts,0,0,1,1,0
629,000628.png,data/cogar_sim_500_final/rgb/000628.png,5494,2,robot_gripper,275.0,128.0,195.0,274.0,12917.0,small_parts,0,0,1,1,0
629,000628.png,data/cogar_sim_500_final/rgb/000628.png,5495,2,robot_gripper,400.0,235.0,41.0,38.0,918.0,small_parts,0,0,1,1,0
629,000628.png,data/cogar_sim_500_final/rgb/000628.png,5496,2,robot_gripper,331.0,287.0,45.0,42.0,1019.0,small_parts,0,0,1,1,0
630,000629.png,data/cogar_sim_500_final/rgb/000629.png,5497,1,table,0.0,47.0,640.0,433.0,213471.0,dynamic_scene,0,0,0,1,1
630,000629.png,data/cogar_sim_500_final/rgb/000629.png,5498,1,table,601.0,177.0,39.0,303.0,5989.0,dynamic_scene,0,0,0,1,1
630,000629.png,data/cogar_sim_500_final/rgb/000629.png,5499,7,connector,358.0,245.0,60.0,41.0,1991.0,dynamic_scene,0,0,0,1,1
630,000629.png,data/cogar_sim_500_final/rgb/000629.png,5500,5,plastic_object,225.0,144.0,70.0,75.0,4188.0,dynamic_scene,0,0,0,1,1
630,000629.png,data/cogar_sim_500_final/rgb/000629.png,5501,6,screw,530.0,227.0,25.0,16.0,320.0,dynamic_scene,0,0,0,1,1
630,000629.png,data/cogar_sim_500_final/rgb/000629.png,5502,7,connector,346.0,155.0,45.0,30.0,314.0,dynamic_scene,0,0,0,1,1
630,000629.png,data/cogar_sim_500_final/rgb/000629.png,5503,5,plastic_object,31.0,274.0,151.0,147.0,17718.0,dynamic_scene,0,0,0,1,1
630,000629.png,data/cogar_sim_500_final/rgb/000629.png,5504,7,connector,351.0,158.0,33.0,35.0,990.0,dynamic_scene,0,0,0,1,1
630,000629.png,data/cogar_sim_500_final/rgb/000629.png,5505,5,plastic_object,278.0,278.0,91.0,69.0,4928.0,dynamic_scene,0,0,0,1,1
630,000629.png,data/cogar_sim_500_final/rgb/000629.png,5506,5,plastic_object,414.0,210.0,57.0,78.0,3538.0,dynamic_scene,0,0,0,1,1
630,000629.png,data/cogar_sim_500_final/rgb/000629.png,5507,8,cable,246.0,138.0,176.0,111.0,2138.0,dynamic_scene,0,0,0,1,1
631,000630.png,data/cogar_sim_500_final/rgb/000630.png,5508,1,table,0.0,0.0,640.0,480.0,241397.0,reflective_metal,1,0,1,0,0
631,000630.png,data/cogar_sim_500_final/rgb/000630.png,5509,1,table,419.0,359.0,221.0,121.0,13426.0,reflective_metal,1,0,1,0,0
631,000630.png,data/cogar_sim_500_final/rgb/000630.png,5510,3,metal_part,567.0,233.0,73.0,55.0,2951.0,reflective_metal,1,0,1,0,0
631,000630.png,data/cogar_sim_500_final/rgb/000630.png,5511,3,metal_part,385.0,74.0,50.0,97.0,3676.0,reflective_metal,1,0,1,0,0
631,000630.png,data/cogar_sim_500_final/rgb/000630.png,5512,9,tool,174.0,49.0,196.0,213.0,8087.0,reflective_metal,1,0,1,0,0
631,000630.png,data/cogar_sim_500_final/rgb/000630.png,5513,10,box,165.0,323.0,138.0,120.0,9954.0,reflective_metal,1,0,1,0,0
631,000630.png,data/cogar_sim_500_final/rgb/000630.png,5514,3,metal_part,221.0,87.0,58.0,91.0,4182.0,reflective_metal,1,0,1,0,0
631,000630.png,data/cogar_sim_500_final/rgb/000630.png,5515,9,tool,139.0,254.0,185.0,35.0,3959.0,reflective_metal,1,0,1,0,0
631,000630.png,data/cogar_sim_500_final/rgb/000630.png,5516,2,robot_gripper,246.0,131.0,306.0,235.0,17132.0,reflective_metal,1,0,1,0,0
631,000630.png,data/cogar_sim_500_final/rgb/000630.png,5517,2,robot_gripper,428.0,235.0,49.0,37.0,945.0,reflective_metal,1,0,1,0,0
631,000630.png,data/cogar_sim_500_final/rgb/000630.png,5518,2,robot_gripper,341.0,266.0,52.0,55.0,1491.0,reflective_metal,1,0,1,0,0
632,000631.png,data/cogar_sim_500_final/rgb/000631.png,5519,1,table,0.0,68.0,640.0,412.0,179357.0,transparent_glass,1,1,1,0,0
632,000631.png,data/cogar_sim_500_final/rgb/000631.png,5520,4,glass_object,121.0,85.0,116.0,178.0,15659.0,transparent_glass,1,1,1,0,0
632,000631.png,data/cogar_sim_500_final/rgb/000631.png,5521,3,metal_part,330.0,256.0,77.0,81.0,5318.0,transparent_glass,1,1,1,0,0
632,000631.png,data/cogar_sim_500_final/rgb/000631.png,5522,5,plastic_object,351.0,190.0,99.0,119.0,7918.0,transparent_glass,1,1,1,0,0
632,000631.png,data/cogar_sim_500_final/rgb/000631.png,5523,4,glass_object,214.0,93.0,45.0,36.0,786.0,transparent_glass,1,1,1,0,0
632,000631.png,data/cogar_sim_500_final/rgb/000631.png,5524,4,glass_object,403.0,92.0,122.0,197.0,17706.0,transparent_glass,1,1,1,0,0
632,000631.png,data/cogar_sim_500_final/rgb/000631.png,5525,2,robot_gripper,252.0,105.0,56.0,121.0,6354.0,transparent_glass,1,1,1,0,0
632,000631.png,data/cogar_sim_500_final/rgb/000631.png,5526,2,robot_gripper,268.0,157.0,41.0,135.0,2648.0,transparent_glass,1,1,1,0,0
632,000631.png,data/cogar_sim_500_final/rgb/000631.png,5527,2,robot_gripper,218.0,129.0,43.0,132.0,4479.0,transparent_glass,1,1,1,0,0
633,000632.png,data/cogar_sim_500_final/rgb/000632.png,5528,1,table,0.0,386.0,640.0,94.0,39227.0,partial_occlusion,1,1,1,1,0
633,000632.png,data/cogar_sim_500_final/rgb/000632.png,5529,1,table,0.0,0.0,640.0,452.0,267973.0,partial_occlusion,1,1,1,1,0
634,000633.png,data/cogar_sim_500_final/rgb/000633.png,5530,1,table,0.0,108.0,640.0,372.0,173779.0,small_parts,1,0,1,1,0
634,000633.png,data/cogar_sim_500_final/rgb/000633.png,5531,1,table,324.0,0.0,316.0,366.0,73668.0,small_parts,1,0,1,1,0
634,000633.png,data/cogar_sim_500_final/rgb/000633.png,5532,6,screw,176.0,269.0,16.0,24.0,307.0,small_parts,1,0,1,1,0
634,000633.png,data/cogar_sim_500_final/rgb/000633.png,5533,8,cable,186.0,292.0,84.0,110.0,1994.0,small_parts,1,0,1,1,0
634,000633.png,data/cogar_sim_500_final/rgb/000633.png,5534,8,cable,149.0,181.0,101.0,46.0,762.0,small_parts,1,0,1,1,0
634,000633.png,data/cogar_sim_500_final/rgb/000633.png,5535,7,connector,378.0,220.0,32.0,45.0,1049.0,small_parts,1,0,1,1,0
634,000633.png,data/cogar_sim_500_final/rgb/000633.png,5536,5,plastic_object,193.0,197.0,36.0,77.0,2438.0,small_parts,1,0,1,1,0
634,000633.png,data/cogar_sim_500_final/rgb/000633.png,5537,7,connector,249.0,262.0,30.0,44.0,959.0,small_parts,1,0,1,1,0
634,000633.png,data/cogar_sim_500_final/rgb/000633.png,5538,6,screw,183.0,219.0,12.0,17.0,155.0,small_parts,1,0,1,1,0
634,000633.png,data/cogar_sim_500_final/rgb/000633.png,5539,3,metal_part,373.0,265.0,67.0,78.0,4197.0,small_parts,1,0,1,1,0
634,000633.png,data/cogar_sim_500_final/rgb/000633.png,5540,7,connector,267.0,225.0,18.0,25.0,430.0,small_parts,1,0,1,1,0
634,000633.png,data/cogar_sim_500_final/rgb/000633.png,5541,2,robot_gripper,264.0,92.0,84.0,85.0,3511.0,small_parts,1,0,1,1,0
634,000633.png,data/cogar_sim_500_final/rgb/000633.png,5542,2,robot_gripper,299.0,84.0,35.0,142.0,1539.0,small_parts,1,0,1,1,0
634,000633.png,data/cogar_sim_500_final/rgb/000633.png,5543,2,robot_gripper,318.0,99.0,37.0,153.0,5359.0,small_parts,1,0,1,1,0
635,000634.png,data/cogar_sim_500_final/rgb/000634.png,5544,1,table,0.0,0.0,640.0,480.0,307200.0,dynamic_scene,1,1,0,1,1
636,000635.png,data/cogar_sim_500_final/rgb/000635.png,5545,1,table,0.0,451.0,35.0,29.0,534.0,reflective_metal,1,0,1,1,0
636,000635.png,data/cogar_sim_500_final/rgb/000635.png,5546,1,table,0.0,0.0,640.0,480.0,306666.0,reflective_metal,1,0,1,1,0
637,000636.png,data/cogar_sim_500_final/rgb/000636.png,5547,1,table,0.0,40.0,640.0,440.0,237578.0,transparent_glass,1,1,1,0,0
637,000636.png,data/cogar_sim_500_final/rgb/000636.png,5548,4,glass_object,244.0,114.0,54.0,111.0,1763.0,transparent_glass,1,1,1,0,0
637,000636.png,data/cogar_sim_500_final/rgb/000636.png,5549,3,metal_part,502.0,315.0,72.0,51.0,1966.0,transparent_glass,1,1,1,0,0
637,000636.png,data/cogar_sim_500_final/rgb/000636.png,5550,10,box,450.0,140.0,124.0,117.0,9505.0,transparent_glass,1,1,1,0,0
637,000636.png,data/cogar_sim_500_final/rgb/000636.png,5551,4,glass_object,353.0,71.0,66.0,115.0,5498.0,transparent_glass,1,1,1,0,0
637,000636.png,data/cogar_sim_500_final/rgb/000636.png,5552,4,glass_object,271.0,178.0,119.0,113.0,8663.0,transparent_glass,1,1,1,0,0
637,000636.png,data/cogar_sim_500_final/rgb/000636.png,5553,8,cable,393.0,178.0,57.0,21.0,700.0,transparent_glass,1,1,1,0,0
637,000636.png,data/cogar_sim_500_final/rgb/000636.png,5554,5,plastic_object,452.0,138.0,53.0,54.0,334.0,transparent_glass,1,1,1,0,0
637,000636.png,data/cogar_sim_500_final/rgb/000636.png,5555,2,robot_gripper,170.0,85.0,225.0,136.0,12422.0,transparent_glass,1,1,1,0,0
637,000636.png,data/cogar_sim_500_final/rgb/000636.png,5556,2,robot_gripper,220.0,126.0,33.0,100.0,1876.0,transparent_glass,1,1,1,0,0
637,000636.png,data/cogar_sim_500_final/rgb/000636.png,5557,2,robot_gripper,298.0,97.0,39.0,41.0,1119.0,transparent_glass,1,1,1,0,0
638,000637.png,data/cogar_sim_500_final/rgb/000637.png,5558,1,table,575.0,444.0,65.0,36.0,1192.0,partial_occlusion,1,0,1,1,0
638,000637.png,data/cogar_sim_500_final/rgb/000637.png,5559,1,table,0.0,0.0,640.0,480.0,306008.0,partial_occlusion,1,0,1,1,0
639,000638.png,data/cogar_sim_500_final/rgb/000638.png,5560,1,table,0.0,45.0,640.0,435.0,194850.0,small_parts,1,0,1,1,0
639,000638.png,data/cogar_sim_500_final/rgb/000638.png,5561,1,table,373.0,0.0,267.0,361.0,54222.0,small_parts,1,0,1,1,0
639,000638.png,data/cogar_sim_500_final/rgb/000638.png,5562,6,screw,417.0,181.0,20.0,12.0,182.0,small_parts,1,0,1,1,0
639,000638.png,data/cogar_sim_500_final/rgb/000638.png,5563,6,screw,271.0,241.0,12.0,9.0,45.0,small_parts,1,0,1,1,0
639,000638.png,data/cogar_sim_500_final/rgb/000638.png,5564,7,connector,349.0,345.0,80.0,56.0,2349.0,small_parts,1,0,1,1,0
639,000638.png,data/cogar_sim_500_final/rgb/000638.png,5565,9,tool,277.0,166.0,148.0,87.0,1687.0,small_parts,1,0,1,1,0
639,000638.png,data/cogar_sim_500_final/rgb/000638.png,5566,6,screw,366.0,194.0,14.0,21.0,102.0,small_parts,1,0,1,1,0
639,000638.png,data/cogar_sim_500_final/rgb/000638.png,5567,7,connector,361.0,207.0,65.0,55.0,2212.0,small_parts,1,0,1,1,0
639,000638.png,data/cogar_sim_500_final/rgb/000638.png,5568,3,metal_part,349.0,103.0,77.0,104.0,4798.0,small_parts,1,0,1,1,0
639,000638.png,data/cogar_sim_500_final/rgb/000638.png,5569,3,metal_part,430.0,251.0,120.0,118.0,9155.0,small_parts,1,0,1,1,0
639,000638.png,data/cogar_sim_500_final/rgb/000638.png,5570,2,robot_gripper,221.0,92.0,144.0,161.0,9827.0,small_parts,1,0,1,1,0
639,000638.png,data/cogar_sim_500_final/rgb/000638.png,5571,2,robot_gripper,293.0,204.0,15.0,28.0,265.0,small_parts,1,0,1,1,0
639,000638.png,data/cogar_sim_500_final/rgb/000638.png,5572,2,robot_gripper,308.0,141.0,42.0,150.0,5792.0,small_parts,1,0,1,1,0
640,000639.png,data/cogar_sim_500_final/rgb/000639.png,5573,1,table,11.0,0.0,629.0,480.0,228071.0,dynamic_scene,1,0,1,0,1
640,000639.png,data/cogar_sim_500_final/rgb/000639.png,5574,1,table,0.0,0.0,14.0,480.0,5980.0,dynamic_scene,1,0,1,0,1
640,000639.png,data/cogar_sim_500_final/rgb/000639.png,5575,5,plastic_object,116.0,479.0,13.0,1.0,13.0,dynamic_scene,1,0,1,0,1
640,000639.png,data/cogar_sim_500_final/rgb/000639.png,5576,3,metal_part,46.0,338.0,136.0,131.0,10315.0,dynamic_scene,1,0,1,0,1
640,000639.png,data/cogar_sim_500_final/rgb/000639.png,5577,5,plastic_object,157.0,139.0,117.0,90.0,1660.0,dynamic_scene,1,0,1,0,1
640,000639.png,data/cogar_sim_500_final/rgb/000639.png,5578,10,box,139.0,311.0,253.0,169.0,25213.0,dynamic_scene,1,0,1,0,1
640,000639.png,data/cogar_sim_500_final/rgb/000639.png,5579,5,plastic_object,395.0,0.0,107.0,68.0,4322.0,dynamic_scene,1,0,1,0,1
640,000639.png,data/cogar_sim_500_final/rgb/000639.png,5580,9,tool,300.0,149.0,202.0,108.0,5705.0,dynamic_scene,1,0,1,0,1
640,000639.png,data/cogar_sim_500_final/rgb/000639.png,5581,2,robot_gripper,164.0,0.0,138.0,349.0,22147.0,dynamic_scene,1,0,1,0,1
640,000639.png,data/cogar_sim_500_final/rgb/000639.png,5582,2,robot_gripper,181.0,174.0,57.0,48.0,2006.0,dynamic_scene,1,0,1,0,1
640,000639.png,data/cogar_sim_500_final/rgb/000639.png,5583,2,robot_gripper,181.0,62.0,39.0,75.0,1768.0,dynamic_scene,1,0,1,0,1
641,000640.png,data/cogar_sim_500_final/rgb/000640.png,5584,1,table,0.0,0.0,640.0,480.0,256230.0,reflective_metal,1,0,0,0,0
641,000640.png,data/cogar_sim_500_final/rgb/000640.png,5585,1,table,462.0,0.0,178.0,232.0,20751.0,reflective_metal,1,0,0,0,0
641,000640.png,data/cogar_sim_500_final/rgb/000640.png,5586,3,metal_part,174.0,163.0,94.0,88.0,6645.0,reflective_metal,1,0,0,0,0
641,000640.png,data/cogar_sim_500_final/rgb/000640.png,5587,3,metal_part,59.0,118.0,93.0,75.0,4308.0,reflective_metal,1,0,0,0,0
641,000640.png,data/cogar_sim_500_final/rgb/000640.png,5588,5,plastic_object,301.0,0.0,9.0,1.0,9.0,reflective_metal,1,0,0,0,0
641,000640.png,data/cogar_sim_500_final/rgb/000640.png,5589,5,plastic_object,502.0,297.0,127.0,118.0,9139.0,reflective_metal,1,0,0,0,0
641,000640.png,data/cogar_sim_500_final/rgb/000640.png,5590,9,tool,241.0,326.0,62.0,154.0,6740.0,reflective_metal,1,0,0,0,0
641,000640.png,data/cogar_sim_500_final/rgb/000640.png,5591,3,metal_part,126.0,154.0,57.0,88.0,3378.0,reflective_metal,1,0,0,0,0
642,000641.png,data/cogar_sim_500_final/rgb/000641.png,5592,1,table,0.0,344.0,330.0,136.0,22544.0,transparent_glass,1,1,1,0,0
642,000641.png,data/cogar_sim_500_final/rgb/000641.png,5593,1,table,0.0,0.0,640.0,480.0,284656.0,transparent_glass,1,1,1,0,0
643,000642.png,data/cogar_sim_500_final/rgb/000642.png,5594,1,table,0.0,28.0,640.0,452.0,194287.0,partial_occlusion,0,0,1,1,0
643,000642.png,data/cogar_sim_500_final/rgb/000642.png,5595,1,table,0.0,0.0,640.0,214.0,77075.0,partial_occlusion,0,0,1,1,0
643,000642.png,data/cogar_sim_500_final/rgb/000642.png,5596,5,plastic_object,273.0,113.0,57.0,75.0,2720.0,partial_occlusion,0,0,1,1,0
643,000642.png,data/cogar_sim_500_final/rgb/000642.png,5597,5,plastic_object,347.0,233.0,15.0,22.0,191.0,partial_occlusion,0,0,1,1,0
643,000642.png,data/cogar_sim_500_final/rgb/000642.png,5598,7,connector,239.0,316.0,60.0,87.0,2612.0,partial_occlusion,0,0,1,1,0
643,000642.png,data/cogar_sim_500_final/rgb/000642.png,5599,7,connector,123.0,381.0,72.0,63.0,2293.0,partial_occlusion,0,0,1,1,0
643,000642.png,data/cogar_sim_500_final/rgb/000642.png,5600,7,connector,169.0,292.0,10.0,14.0,62.0,partial_occlusion,0,0,1,1,0
643,000642.png,data/cogar_sim_500_final/rgb/000642.png,5601,5,plastic_object,357.0,113.0,79.0,81.0,2555.0,partial_occlusion,0,0,1,1,0
643,000642.png,data/cogar_sim_500_final/rgb/000642.png,5602,2,robot_gripper,153.0,141.0,266.0,172.0,19384.0,partial_occlusion,0,0,1,1,0
643,000642.png,data/cogar_sim_500_final/rgb/000642.png,5603,2,robot_gripper,211.0,167.0,57.0,163.0,3228.0,partial_occlusion,0,0,1,1,0
643,000642.png,data/cogar_sim_500_final/rgb/000642.png,5604,2,robot_gripper,302.0,155.0,48.0,144.0,2793.0,partial_occlusion,0,0,1,1,0
644,000643.png,data/cogar_sim_500_final/rgb/000643.png,5605,1,table,0.0,184.0,640.0,296.0,158530.0,small_parts,1,0,1,1,0
644,000643.png,data/cogar_sim_500_final/rgb/000643.png,5606,1,table,0.0,0.0,640.0,212.0,112255.0,small_parts,1,0,1,1,0
644,000643.png,data/cogar_sim_500_final/rgb/000643.png,5607,6,screw,381.0,268.0,17.0,13.0,204.0,small_parts,1,0,1,1,0
644,000643.png,data/cogar_sim_500_final/rgb/000643.png,5608,8,cable,418.0,218.0,138.0,114.0,2421.0,small_parts,1,0,1,1,0
644,000643.png,data/cogar_sim_500_final/rgb/000643.png,5609,5,plastic_object,308.0,186.0,38.0,64.0,2398.0,small_parts,1,0,1,1,0
644,000643.png,data/cogar_sim_500_final/rgb/000643.png,5610,8,cable,444.0,234.0,175.0,22.0,1653.0,small_parts,1,0,1,1,0
644,000643.png,data/cogar_sim_500_final/rgb/000643.png,5611,6,screw,454.0,256.0,15.0,26.0,291.0,small_parts,1,0,1,1,0
644,000643.png,data/cogar_sim_500_final/rgb/000643.png,5612,9,tool,250.0,254.0,239.0,162.0,9674.0,small_parts,1,0,1,1,0
644,000643.png,data/cogar_sim_500_final/rgb/000643.png,5613,6,screw,396.0,293.0,22.0,23.0,275.0,small_parts,1,0,1,1,0
644,000643.png,data/cogar_sim_500_final/rgb/000643.png,5614,6,screw,396.0,247.0,19.0,19.0,230.0,small_parts,1,0,1,1,0
644,000643.png,data/cogar_sim_500_final/rgb/000643.png,5615,7,connector,69.0,272.0,78.0,48.0,2645.0,small_parts,1,0,1,1,0
644,000643.png,data/cogar_sim_500_final/rgb/000643.png,5616,2,robot_gripper,208.0,123.0,218.0,62.0,13057.0,small_parts,1,0,1,1,0
644,000643.png,data/cogar_sim_500_final/rgb/000643.png,5617,2,robot_gripper,266.0,184.0,27.0,56.0,1478.0,small_parts,1,0,1,1,0
644,000643.png,data/cogar_sim_500_final/rgb/000643.png,5618,2,robot_gripper,345.0,121.0,29.0,136.0,2089.0,small_parts,1,0,1,1,0
645,000644.png,data/cogar_sim_500_final/rgb/000644.png,5619,1,table,0.0,0.0,640.0,480.0,287366.0,dynamic_scene,0,1,1,1,1
645,000644.png,data/cogar_sim_500_final/rgb/000644.png,5620,5,plastic_object,188.0,63.0,77.0,70.0,3793.0,dynamic_scene,0,1,1,1,1
645,000644.png,data/cogar_sim_500_final/rgb/000644.png,5621,4,glass_object,238.0,234.0,78.0,92.0,1696.0,dynamic_scene,0,1,1,1,1
645,000644.png,data/cogar_sim_500_final/rgb/000644.png,5622,7,connector,363.0,313.0,40.0,37.0,1352.0,dynamic_scene,0,1,1,1,1
645,000644.png,data/cogar_sim_500_final/rgb/000644.png,5623,8,cable,168.0,109.0,124.0,218.0,1193.0,dynamic_scene,0,1,1,1,1
645,000644.png,data/cogar_sim_500_final/rgb/000644.png,5624,2,robot_gripper,179.0,203.0,199.0,145.0,10233.0,dynamic_scene,0,1,1,1,1
645,000644.png,data/cogar_sim_500_final/rgb/000644.png,5625,2,robot_gripper,201.0,268.0,52.0,52.0,1567.0,dynamic_scene,0,1,1,1,1
646,000645.png,data/cogar_sim_500_final/rgb/000645.png,5626,1,table,0.0,0.0,640.0,480.0,264335.0,reflective_metal,1,0,1,0,0
646,000645.png,data/cogar_sim_500_final/rgb/000645.png,5627,1,table,558.0,321.0,82.0,159.0,6570.0,reflective_metal,1,0,1,0,0
646,000645.png,data/cogar_sim_500_final/rgb/000645.png,5628,9,tool,312.0,248.0,165.0,39.0,6178.0,reflective_metal,1,0,1,0,0
646,000645.png,data/cogar_sim_500_final/rgb/000645.png,5629,3,metal_part,204.0,336.0,37.0,68.0,1995.0,reflective_metal,1,0,1,0,0
646,000645.png,data/cogar_sim_500_final/rgb/000645.png,5630,5,plastic_object,179.0,22.0,81.0,115.0,9223.0,reflective_metal,1,0,1,0,0
646,000645.png,data/cogar_sim_500_final/rgb/000645.png,5631,2,robot_gripper,233.0,224.0,83.0,256.0,17089.0,reflective_metal,1,0,1,0,0
646,000645.png,data/cogar_sim_500_final/rgb/000645.png,5632,2,robot_gripper,309.0,295.0,47.0,43.0,1810.0,reflective_metal,1,0,1,0,0
647,000646.png,data/cogar_sim_500_final/rgb/000646.png,5633,1,table,188.0,322.0,452.0,158.0,35910.0,transparent_glass,1,1,0,1,0
647,000646.png,data/cogar_sim_500_final/rgb/000646.png,5634,1,table,0.0,0.0,640.0,480.0,271290.0,transparent_glass,1,1,0,1,0
648,000647.png,data/cogar_sim_500_final/rgb/000647.png,5635,1,table,0.0,0.0,640.0,480.0,218933.0,partial_occlusion,1,0,1,0,0
648,000647.png,data/cogar_sim_500_final/rgb/000647.png,5636,1,table,561.0,179.0,79.0,301.0,11960.0,partial_occlusion,1,0,1,0,0
648,000647.png,data/cogar_sim_500_final/rgb/000647.png,5637,3,metal_part,264.0,350.0,83.0,78.0,4981.0,partial_occlusion,1,0,1,0,0
648,000647.png,data/cogar_sim_500_final/rgb/000647.png,5638,10,box,22.0,330.0,132.0,150.0,16655.0,partial_occlusion,1,0,1,0,0
648,000647.png,data/cogar_sim_500_final/rgb/000647.png,5639,5,plastic_object,437.0,247.0,92.0,57.0,4029.0,partial_occlusion,1,0,1,0,0
648,000647.png,data/cogar_sim_500_final/rgb/000647.png,5640,8,cable,184.0,55.0,79.0,152.0,2174.0,partial_occlusion,1,0,1,0,0
648,000647.png,data/cogar_sim_500_final/rgb/000647.png,5641,10,box,127.0,199.0,176.0,216.0,28370.0,partial_occlusion,1,0,1,0,0
648,000647.png,data/cogar_sim_500_final/rgb/000647.png,5642,2,robot_gripper,277.0,56.0,246.0,233.0,15080.0,partial_occlusion,1,0,1,0,0
648,000647.png,data/cogar_sim_500_final/rgb/000647.png,5643,2,robot_gripper,412.0,87.0,66.0,67.0,2241.0,partial_occlusion,1,0,1,0,0
648,000647.png,data/cogar_sim_500_final/rgb/000647.png,5644,2,robot_gripper,371.0,204.0,75.0,67.0,2777.0,partial_occlusion,1,0,1,0,0
649,000648.png,data/cogar_sim_500_final/rgb/000648.png,5645,1,table,0.0,0.0,640.0,480.0,232743.0,small_parts,1,0,1,1,0
649,000648.png,data/cogar_sim_500_final/rgb/000648.png,5646,7,connector,452.0,219.0,31.0,45.0,951.0,small_parts,1,0,1,1,0
649,000648.png,data/cogar_sim_500_final/rgb/000648.png,5647,3,metal_part,332.0,126.0,71.0,83.0,4967.0,small_parts,1,0,1,1,0
649,000648.png,data/cogar_sim_500_final/rgb/000648.png,5648,5,plastic_object,4.0,151.0,105.0,85.0,7231.0,small_parts,1,0,1,1,0
649,000648.png,data/cogar_sim_500_final/rgb/000648.png,5649,7,connector,516.0,221.0,82.0,85.0,3836.0,small_parts,1,0,1,1,0
649,000648.png,data/cogar_sim_500_final/rgb/000648.png,5650,6,screw,225.0,385.0,25.0,35.0,717.0,small_parts,1,0,1,1,0
649,000648.png,data/cogar_sim_500_final/rgb/000648.png,5651,6,screw,178.0,303.0,26.0,39.0,844.0,small_parts,1,0,1,1,0
649,000648.png,data/cogar_sim_500_final/rgb/000648.png,5652,6,screw,388.0,280.0,26.0,35.0,524.0,small_parts,1,0,1,1,0
649,000648.png,data/cogar_sim_500_final/rgb/000648.png,5653,7,connector,582.0,257.0,43.0,61.0,1621.0,small_parts,1,0,1,1,0
649,000648.png,data/cogar_sim_500_final/rgb/000648.png,5654,8,cable,0.0,218.0,278.0,117.0,4268.0,small_parts,1,0,1,1,0
649,000648.png,data/cogar_sim_500_final/rgb/000648.png,5655,5,plastic_object,398.0,181.0,61.0,118.0,5930.0,small_parts,1,0,1,1,0
649,000648.png,data/cogar_sim_500_final/rgb/000648.png,5656,2,robot_gripper,177.0,0.0,226.0,132.0,13225.0,small_parts,1,0,1,1,0
649,000648.png,data/cogar_sim_500_final/rgb/000648.png,5657,2,robot_gripper,268.0,29.0,58.0,169.0,6678.0,small_parts,1,0,1,1,0
649,000648.png,data/cogar_sim_500_final/rgb/000648.png,5658,2,robot_gripper,196.0,0.0,62.0,166.0,7432.0,small_parts,1,0,1,1,0
650,000649.png,data/cogar_sim_500_final/rgb/000649.png,5659,1,table,0.0,124.0,640.0,356.0,156320.0,dynamic_scene,0,1,1,0,1
650,000649.png,data/cogar_sim_500_final/rgb/000649.png,5660,1,table,0.0,0.0,640.0,233.0,98812.0,dynamic_scene,0,1,1,0,1
650,000649.png,data/cogar_sim_500_final/rgb/000649.png,5661,8,cable,240.0,191.0,348.0,65.0,2203.0,dynamic_scene,0,1,1,0,1
650,000649.png,data/cogar_sim_500_final/rgb/000649.png,5662,4,glass_object,461.0,174.0,90.0,182.0,13100.0,dynamic_scene,0,1,1,0,1
650,000649.png,data/cogar_sim_500_final/rgb/000649.png,5663,5,plastic_object,117.0,194.0,62.0,40.0,1651.0,dynamic_scene,0,1,1,0,1
650,000649.png,data/cogar_sim_500_final/rgb/000649.png,5664,5,plastic_object,100.0,220.0,84.0,106.0,6609.0,dynamic_scene,0,1,1,0,1
650,000649.png,data/cogar_sim_500_final/rgb/000649.png,5665,5,plastic_object,334.0,267.0,44.0,64.0,2525.0,dynamic_scene,0,1,1,0,1
650,000649.png,data/cogar_sim_500_final/rgb/000649.png,5666,2,robot_gripper,196.0,100.0,289.0,130.0,19473.0,dynamic_scene,0,1,1,0,1
650,000649.png,data/cogar_sim_500_final/rgb/000649.png,5667,2,robot_gripper,278.0,106.0,45.0,167.0,3775.0,dynamic_scene,0,1,1,0,1
650,000649.png,data/cogar_sim_500_final/rgb/000649.png,5668,2,robot_gripper,356.0,115.0,44.0,141.0,2732.0,dynamic_scene,0,1,1,0,1
