row_index,file_name,object_id,image_path,gt_mask_path,bbox_xmin,bbox_ymin,bbox_xmax,bbox_ymax,sam_mask_path,sam_visualization_path,sam_score,iou,boundary_f1,latency_sec,fps,device,model_type
0,000000.png,3,data/cogar_sim_500/rgb/000000.png,/home/amir/Desktop/COGAR/COGAR_Foundation-Model-Segmentation-for-Robotic-Scenes/data/cogar_sim_500/instance_masks/all/ann_00000003_img_000000_cat_box.png,238.0,92.0,413.0,280.0,/home/amir/Desktop/COGAR/COGAR_Foundation-Model-Segmentation-for-Robotic-Scenes/outputs/sim_sam_vit_b_box_25/masks/row_0000_object_3_sam_mask.png,,0.9931638240814209,0.9840962594820821,1.0,0.05558338900027593,17.99098647970234,cuda,vit_b
1,000000.png,4,data/cogar_sim_500/rgb/000000.png,/home/amir/Desktop/COGAR/COGAR_Foundation-Model-Segmentation-for-Robotic-Scenes/data/cogar_sim_500/instance_masks/all/ann_00000004_img_000000_cat_plastic_object.png,59.0,215.0,138.0,289.0,/home/amir/Desktop/COGAR/COGAR_Foundation-Model-Segmentation-for-Robotic-Scenes/outputs/sim_sam_vit_b_box_25/masks/row_0001_object_4_sam_mask.png,,0.9892067909240723,0.9823085221143474,1.0,0.012298475999614311,81.31088762797607,cuda,vit_b
2,000000.png,5,data/cogar_sim_500/rgb/000000.png,/home/amir/Desktop/COGAR/COGAR_Foundation-Model-Segmentation-for-Robotic-Scenes/data/cogar_sim_500/instance_masks/all/ann_00000005_img_000000_cat_plastic_object.png,302.0,393.0,397.0,466.0,/home/amir/Desktop/COGAR/COGAR_Foundation-Model-Segmentation-for-Robotic-Scenes/outputs/sim_sam_vit_b_box_25/masks/row_0002_object_5_sam_mask.png,,0.9816722869873047,0.9792134831460674,1.0,0.012233499999638298,81.74275555070638,cuda,vit_b
3,000000.png,6,data/cogar_sim_500/rgb/000000.png,/home/amir/Desktop/COGAR/COGAR_Foundation-Model-Segmentation-for-Robotic-Scenes/data/cogar_sim_500/instance_masks/all/ann_00000006_img_000000_cat_metal_part.png,374.0,123.0,415.0,148.0,/home/amir/Desktop/COGAR/COGAR_Foundation-Model-Segmentation-for-Robotic-Scenes/outputs/sim_sam_vit_b_box_25/masks/row_0003_object_6_sam_mask.png,,0.9685904383659363,0.9300998573466477,1.0,0.012389228999836632,80.71527292079162,cuda,vit_b
4,000000.png,7,data/cogar_sim_500/rgb/000000.png,/home/amir/Desktop/COGAR/COGAR_Foundation-Model-Segmentation-for-Robotic-Scenes/data/cogar_sim_500/instance_masks/all/ann_00000007_img_000000_cat_box.png,56.0,265.0,276.0,480.0,/home/amir/Desktop/COGAR/COGAR_Foundation-Model-Segmentation-for-Robotic-Scenes/outputs/sim_sam_vit_b_box_25/masks/row_0004_object_7_sam_mask.png,,1.00574791431427,0.9833686330335752,0.9212350346565847,0.012054702000114048,82.95518213478351,cuda,vit_b
5,000000.png,8,data/cogar_sim_500/rgb/000000.png,/home/amir/Desktop/COGAR/COGAR_Foundation-Model-Segmentation-for-Robotic-Scenes/data/cogar_sim_500/instance_masks/all/ann_00000008_img_000000_cat_tool.png,0.0,306.0,130.0,345.0,/home/amir/Desktop/COGAR/COGAR_Foundation-Model-Segmentation-for-Robotic-Scenes/outputs/sim_sam_vit_b_box_25/masks/row_0005_object_8_sam_mask.png,,0.974955141544342,0.9676565715965892,0.99836867862969,0.012452554999981658,80.30480491766332,cuda,vit_b
6,000000.png,9,data/cogar_sim_500/rgb/000000.png,/home/amir/Desktop/COGAR/COGAR_Foundation-Model-Segmentation-for-Robotic-Scenes/data/cogar_sim_500/instance_masks/all/ann_00000009_img_000000_cat_metal_part.png,382.0,33.0,400.0,70.0,/home/amir/Desktop/COGAR/COGAR_Foundation-Model-Segmentation-for-Robotic-Scenes/outputs/sim_sam_vit_b_box_25/masks/row_0006_object_9_sam_mask.png,,0.9470438361167908,0.91,1.0,0.012064868999914324,82.8852762518268,cuda,vit_b
7,000000.png,10,data/cogar_sim_500/rgb/000000.png,/home/amir/Desktop/COGAR/COGAR_Foundation-Model-Segmentation-for-Robotic-Scenes/data/cogar_sim_500/instance_masks/all/ann_00000010_img_000000_cat_metal_part.png,400.0,142.0,464.0,261.0,/home/amir/Desktop/COGAR/COGAR_Foundation-Model-Segmentation-for-Robotic-Scenes/outputs/sim_sam_vit_b_box_25/masks/row_0007_object_10_sam_mask.png,,0.9743698239326477,0.953428964433091,0.9527039589677833,0.012161863000073936,82.2242447554228,cuda,vit_b
8,000000.png,11,data/cogar_sim_500/rgb/000000.png,/home/amir/Desktop/COGAR/COGAR_Foundation-Model-Segmentation-for-Robotic-Scenes/data/cogar_sim_500/instance_masks/all/ann_00000011_img_000000_cat_connector.png,151.0,124.0,201.0,185.0,/home/amir/Desktop/COGAR/COGAR_Foundation-Model-Segmentation-for-Robotic-Scenes/outputs/sim_sam_vit_b_box_25/masks/row_0008_object_11_sam_mask.png,,0.9693091511726379,0.9380245319561007,0.9838337182448037,0.013039481999840064,76.69016299974689,cuda,vit_b
9,000000.png,12,data/cogar_sim_500/rgb/000000.png,/home/amir/Desktop/COGAR/COGAR_Foundation-Model-Segmentation-for-Robotic-Scenes/data/cogar_sim_500/instance_masks/all/ann_00000012_img_000000_cat_box.png,368.0,0.0,508.0,153.0,/home/amir/Desktop/COGAR/COGAR_Foundation-Model-Segmentation-for-Robotic-Scenes/outputs/sim_sam_vit_b_box_25/masks/row_0009_object_12_sam_mask.png,,0.9947730302810669,0.9927461956950249,0.9989909182643794,0.013170121000257495,75.92944666039503,cuda,vit_b
10,000000.png,13,data/cogar_sim_500/rgb/000000.png,/home/amir/Desktop/COGAR/COGAR_Foundation-Model-Segmentation-for-Robotic-Scenes/data/cogar_sim_500/instance_masks/all/ann_00000013_img_000000_cat_plastic_object.png,131.0,157.0,280.0,289.0,/home/amir/Desktop/COGAR/COGAR_Foundation-Model-Segmentation-for-Robotic-Scenes/outputs/sim_sam_vit_b_box_25/masks/row_0010_object_13_sam_mask.png,,0.9885500073432922,0.9781612294418981,1.0,0.012926898000387155,77.35807925227309,cuda,vit_b
11,000000.png,14,data/cogar_sim_500/rgb/000000.png,/home/amir/Desktop/COGAR/COGAR_Foundation-Model-Segmentation-for-Robotic-Scenes/data/cogar_sim_500/instance_masks/all/ann_00000014_img_000000_cat_box.png,342.0,158.0,476.0,333.0,/home/amir/Desktop/COGAR/COGAR_Foundation-Model-Segmentation-for-Robotic-Scenes/outputs/sim_sam_vit_b_box_25/masks/row_0011_object_14_sam_mask.png,,0.8995466232299805,0.930635838150289,0.848020784419911,0.0121821689999706,82.08718825050066,cuda,vit_b
12,000000.png,15,data/cogar_sim_500/rgb/000000.png,/home/amir/Desktop/COGAR/COGAR_Foundation-Model-Segmentation-for-Robotic-Scenes/data/cogar_sim_500/instance_masks/all/ann_00000015_img_000000_cat_cable.png,442.0,128.0,457.0,154.0,/home/amir/Desktop/COGAR/COGAR_Foundation-Model-Segmentation-for-Robotic-Scenes/outputs/sim_sam_vit_b_box_25/masks/row_0012_object_15_sam_mask.png,,0.843997061252594,0.7435897435897436,0.9574468085106383,0.012040576999879704,83.05249823243444,cuda,vit_b
13,000000.png,16,data/cogar_sim_500/rgb/000000.png,/home/amir/Desktop/COGAR/COGAR_Foundation-Model-Segmentation-for-Robotic-Scenes/data/cogar_sim_500/instance_masks/all/ann_00000016_img_000000_cat_metal_part.png,386.0,147.0,412.0,192.0,/home/amir/Desktop/COGAR/COGAR_Foundation-Model-Segmentation-for-Robotic-Scenes/outputs/sim_sam_vit_b_box_25/masks/row_0013_object_16_sam_mask.png,,0.880829930305481,0.8089053803339518,0.9966101694915254,0.012490601999616047,80.06019245755644,cuda,vit_b
14,000002.png,21,data/cogar_sim_500/rgb/000002.png,/home/amir/Desktop/COGAR/COGAR_Foundation-Model-Segmentation-for-Robotic-Scenes/data/cogar_sim_500/instance_masks/all/ann_00000021_img_000002_cat_plastic_object.png,344.0,0.0,379.0,68.0,/home/amir/Desktop/COGAR/COGAR_Foundation-Model-Segmentation-for-Robotic-Scenes/outputs/sim_sam_vit_b_box_25/masks/row_0014_object_21_sam_mask.png,,0.979738175868988,0.9571122230164403,1.0,0.15587528900005054,6.415385058241501,cuda,vit_b
15,000002.png,22,data/cogar_sim_500/rgb/000002.png,/home/amir/Desktop/COGAR/COGAR_Foundation-Model-Segmentation-for-Robotic-Scenes/data/cogar_sim_500/instance_masks/all/ann_00000022_img_000002_cat_plastic_object.png,401.0,303.0,451.0,380.0,/home/amir/Desktop/COGAR/COGAR_Foundation-Model-Segmentation-for-Robotic-Scenes/outputs/sim_sam_vit_b_box_25/masks/row_0015_object_22_sam_mask.png,,0.9873380064964294,0.9743238616912017,1.0,0.012006433999886212,83.28867672195402,cuda,vit_b
16,000002.png,23,data/cogar_sim_500/rgb/000002.png,/home/amir/Desktop/COGAR/COGAR_Foundation-Model-Segmentation-for-Robotic-Scenes/data/cogar_sim_500/instance_masks/all/ann_00000023_img_000002_cat_metal_part.png,301.0,453.0,360.0,480.0,/home/amir/Desktop/COGAR/COGAR_Foundation-Model-Segmentation-for-Robotic-Scenes/outputs/sim_sam_vit_b_box_25/masks/row_0016_object_23_sam_mask.png,,0.9379991292953491,0.9203747072599532,0.905511811023622,0.011954372000218427,83.65140385306131,cuda,vit_b
17,000002.png,24,data/cogar_sim_500/rgb/000002.png,/home/amir/Desktop/COGAR/COGAR_Foundation-Model-Segmentation-for-Robotic-Scenes/data/cogar_sim_500/instance_masks/all/ann_00000024_img_000002_cat_plastic_object.png,173.0,192.0,285.0,281.0,/home/amir/Desktop/COGAR/COGAR_Foundation-Model-Segmentation-for-Robotic-Scenes/outputs/sim_sam_vit_b_box_25/masks/row_0017_object_24_sam_mask.png,,0.9803935289382935,0.9859849980260561,1.0,0.012100150000151189,82.6436035906584,cuda,vit_b
18,000002.png,25,data/cogar_sim_500/rgb/000002.png,/home/amir/Desktop/COGAR/COGAR_Foundation-Model-Segmentation-for-Robotic-Scenes/data/cogar_sim_500/instance_masks/all/ann_00000025_img_000002_cat_tool.png,202.0,152.0,366.0,279.0,/home/amir/Desktop/COGAR/COGAR_Foundation-Model-Segmentation-for-Robotic-Scenes/outputs/sim_sam_vit_b_box_25/masks/row_0018_object_25_sam_mask.png,,0.8280044794082642,0.9420244437480414,0.9590690592159123,0.011942633000217029,83.73362892268626,cuda,vit_b
19,000002.png,26,data/cogar_sim_500/rgb/000002.png,/home/amir/Desktop/COGAR/COGAR_Foundation-Model-Segmentation-for-Robotic-Scenes/data/cogar_sim_500/instance_masks/all/ann_00000026_img_000002_cat_cable.png,166.0,216.0,361.0,301.0,/home/amir/Desktop/COGAR/COGAR_Foundation-Model-Segmentation-for-Robotic-Scenes/outputs/sim_sam_vit_b_box_25/masks/row_0019_object_26_sam_mask.png,,0.9693794250488281,0.94,0.9741322898999747,0.011932607000289863,83.803983486233,cuda,vit_b
20,000002.png,27,data/cogar_sim_500/rgb/000002.png,/home/amir/Desktop/COGAR/COGAR_Foundation-Model-Segmentation-for-Robotic-Scenes/data/cogar_sim_500/instance_masks/all/ann_00000027_img_000002_cat_metal_part.png,330.0,405.0,399.0,480.0,/home/amir/Desktop/COGAR/COGAR_Foundation-Model-Segmentation-for-Robotic-Scenes/outputs/sim_sam_vit_b_box_25/masks/row_0020_object_27_sam_mask.png,,0.9415907263755798,0.9531823745410036,0.9795158286778398,0.011920597000425914,83.88841598824881,cuda,vit_b
21,000002.png,28,data/cogar_sim_500/rgb/000002.png,/home/amir/Desktop/COGAR/COGAR_Foundation-Model-Segmentation-for-Robotic-Scenes/data/cogar_sim_500/instance_masks/all/ann_00000028_img_000002_cat_box.png,207.0,61.0,314.0,185.0,/home/amir/Desktop/COGAR/COGAR_Foundation-Model-Segmentation-for-Robotic-Scenes/outputs/sim_sam_vit_b_box_25/masks/row_0021_object_28_sam_mask.png,,0.9917521476745605,0.9808702680856797,0.9988998899889989,0.01187465999964843,84.21293746765018,cuda,vit_b
22,000002.png,29,data/cogar_sim_500/rgb/000002.png,/home/amir/Desktop/COGAR/COGAR_Foundation-Model-Segmentation-for-Robotic-Scenes/data/cogar_sim_500/instance_masks/all/ann_00000029_img_000002_cat_connector.png,228.0,19.0,297.0,81.0,/home/amir/Desktop/COGAR/COGAR_Foundation-Model-Segmentation-for-Robotic-Scenes/outputs/sim_sam_vit_b_box_25/masks/row_0022_object_29_sam_mask.png,,0.975161075592041,0.9622839182818229,1.0,0.012376116000268667,80.80079404380918,cuda,vit_b
23,000002.png,30,data/cogar_sim_500/rgb/000002.png,/home/amir/Desktop/COGAR/COGAR_Foundation-Model-Segmentation-for-Robotic-Scenes/data/cogar_sim_500/instance_masks/all/ann_00000030_img_000002_cat_glass_object.png,367.0,0.0,458.0,67.0,/home/amir/Desktop/COGAR/COGAR_Foundation-Model-Segmentation-for-Robotic-Scenes/outputs/sim_sam_vit_b_box_25/masks/row_0023_object_30_sam_mask.png,,0.9124353528022766,0.5870980091883614,0.6009660842754369,0.011859085000196501,84.32353760711138,cuda,vit_b
24,000002.png,31,data/cogar_sim_500/rgb/000002.png,/home/amir/Desktop/COGAR/COGAR_Foundation-Model-Segmentation-for-Robotic-Scenes/data/cogar_sim_500/instance_masks/all/ann_00000031_img_000002_cat_cable.png,286.0,206.0,447.0,480.0,/home/amir/Desktop/COGAR/COGAR_Foundation-Model-Segmentation-for-Robotic-Scenes/outputs/sim_sam_vit_b_box_25/masks/row_0024_object_31_sam_mask.png,,0.6771073341369629,0.8779700115340254,0.9321834287419153,0.011950063999847771,83.6815602002415,cuda,vit_b
25,000002.png,32,data/cogar_sim_500/rgb/000002.png,/home/amir/Desktop/COGAR/COGAR_Foundation-Model-Segmentation-for-Robotic-Scenes/data/cogar_sim_500/instance_masks/all/ann_00000032_img_000002_cat_cable.png,369.0,59.0,445.0,197.0,/home/amir/Desktop/COGAR/COGAR_Foundation-Model-Segmentation-for-Robotic-Scenes/outputs/sim_sam_vit_b_box_25/masks/row_0025_object_32_sam_mask.png,,0.936759889125824,0.8054538054538054,0.8556313092741991,0.012251381000169204,81.62345126530543,cuda,vit_b
26,000002.png,33,data/cogar_sim_500/rgb/000002.png,/home/amir/Desktop/COGAR/COGAR_Foundation-Model-Segmentation-for-Robotic-Scenes/data/cogar_sim_500/instance_masks/all/ann_00000033_img_000002_cat_metal_part.png,380.0,40.0,470.0,102.0,/home/amir/Desktop/COGAR/COGAR_Foundation-Model-Segmentation-for-Robotic-Scenes/outputs/sim_sam_vit_b_box_25/masks/row_0026_object_33_sam_mask.png,,0.9634701013565063,0.9235494880546075,0.9616201069881972,0.012215916000059224,81.86041881715231,cuda,vit_b
27,000002.png,34,data/cogar_sim_500/rgb/000002.png,/home/amir/Desktop/COGAR/COGAR_Foundation-Model-Segmentation-for-Robotic-Scenes/data/cogar_sim_500/instance_masks/all/ann_00000034_img_000002_cat_metal_part.png,392.0,463.0,452.0,480.0,/home/amir/Desktop/COGAR/COGAR_Foundation-Model-Segmentation-for-Robotic-Scenes/outputs/sim_sam_vit_b_box_25/masks/row_0027_object_34_sam_mask.png,,0.9649926424026489,0.9493844049247606,1.0,0.012007875999643147,83.27867476560536,cuda,vit_b
28,000002.png,35,data/cogar_sim_500/rgb/000002.png,/home/amir/Desktop/COGAR/COGAR_Foundation-Model-Segmentation-for-Robotic-Scenes/data/cogar_sim_500/instance_masks/all/ann_00000035_img_000002_cat_box.png,131.0,255.0,325.0,459.0,/home/amir/Desktop/COGAR/COGAR_Foundation-Model-Segmentation-for-Robotic-Scenes/outputs/sim_sam_vit_b_box_25/masks/row_0028_object_35_sam_mask.png,,0.9528982639312744,0.9633054030626986,0.977614638756119,0.011901787000169861,84.02099617357696,cuda,vit_b
29,000002.png,36,data/cogar_sim_500/rgb/000002.png,/home/amir/Desktop/COGAR/COGAR_Foundation-Model-Segmentation-for-Robotic-Scenes/data/cogar_sim_500/instance_masks/all/ann_00000036_img_000002_cat_robot_gripper.png,169.0,219.0,434.0,454.0,/home/amir/Desktop/COGAR/COGAR_Foundation-Model-Segmentation-for-Robotic-Scenes/outputs/sim_sam_vit_b_box_25/masks/row_0029_object_36_sam_mask.png,,0.9752909541130066,0.8606571988828807,0.7964159665390409,0.011835473000246566,84.49176471267073,cuda,vit_b
30,000002.png,37,data/cogar_sim_500/rgb/000002.png,/home/amir/Desktop/COGAR/COGAR_Foundation-Model-Segmentation-for-Robotic-Scenes/data/cogar_sim_500/instance_masks/all/ann_00000037_img_000002_cat_robot_gripper.png,272.0,255.0,322.0,305.0,/home/amir/Desktop/COGAR/COGAR_Foundation-Model-Segmentation-for-Robotic-Scenes/outputs/sim_sam_vit_b_box_25/masks/row_0030_object_37_sam_mask.png,,0.9567762613296509,0.9648711943793911,1.0,0.011915874999886,83.92165913200391,cuda,vit_b
31,000003.png,40,data/cogar_sim_500/rgb/000003.png,/home/amir/Desktop/COGAR/COGAR_Foundation-Model-Segmentation-for-Robotic-Scenes/data/cogar_sim_500/instance_masks/all/ann_00000040_img_000003_cat_plastic_object.png,344.0,385.0,427.0,465.0,/home/amir/Desktop/COGAR/COGAR_Foundation-Model-Segmentation-for-Robotic-Scenes/outputs/sim_sam_vit_b_box_25/masks/row_0031_object_40_sam_mask.png,,0.9804512858390808,0.9751687560270009,0.992548435171386,0.15778409599988663,6.337774372397574,cuda,vit_b
32,000003.png,41,data/cogar_sim_500/rgb/000003.png,/home/amir/Desktop/COGAR/COGAR_Foundation-Model-Segmentation-for-Robotic-Scenes/data/cogar_sim_500/instance_masks/all/ann_00000041_img_000003_cat_connector.png,241.0,186.0,275.0,221.0,/home/amir/Desktop/COGAR/COGAR_Foundation-Model-Segmentation-for-Robotic-Scenes/outputs/sim_sam_vit_b_box_25/masks/row_0032_object_41_sam_mask.png,,0.9536573886871338,0.946376811594203,1.0,0.012463612999908946,80.2335566747223,cuda,vit_b
33,000003.png,42,data/cogar_sim_500/rgb/000003.png,/home/amir/Desktop/COGAR/COGAR_Foundation-Model-Segmentation-for-Robotic-Scenes/data/cogar_sim_500/instance_masks/all/ann_00000042_img_000003_cat_metal_part.png,164.0,196.0,202.0,242.0,/home/amir/Desktop/COGAR/COGAR_Foundation-Model-Segmentation-for-Robotic-Scenes/outputs/sim_sam_vit_b_box_25/masks/row_0033_object_42_sam_mask.png,,0.9742443561553955,0.9408682634730539,1.0,0.011932916000205296,83.80181340275888,cuda,vit_b
34,000003.png,43,data/cogar_sim_500/rgb/000003.png,/home/amir/Desktop/COGAR/COGAR_Foundation-Model-Segmentation-for-Robotic-Scenes/data/cogar_sim_500/instance_masks/all/ann_00000043_img_000003_cat_connector.png,322.0,355.0,327.0,376.0,/home/amir/Desktop/COGAR/COGAR_Foundation-Model-Segmentation-for-Robotic-Scenes/outputs/sim_sam_vit_b_box_25/masks/row_0034_object_43_sam_mask.png,,0.9169406294822693,0.7415730337078652,1.0,0.0119686550001461,83.55157701410836,cuda,vit_b
35,000003.png,44,data/cogar_sim_500/rgb/000003.png,/home/amir/Desktop/COGAR/COGAR_Foundation-Model-Segmentation-for-Robotic-Scenes/data/cogar_sim_500/instance_masks/all/ann_00000044_img_000003_cat_connector.png,158.0,189.0,183.0,231.0,/home/amir/Desktop/COGAR/COGAR_Foundation-Model-Segmentation-for-Robotic-Scenes/outputs/sim_sam_vit_b_box_25/masks/row_0035_object_44_sam_mask.png,,0.9550502300262451,0.8796498905908097,1.0,0.012088169999969978,82.72550766596463,cuda,vit_b
36,000003.png,45,data/cogar_sim_500/rgb/000003.png,/home/amir/Desktop/COGAR/COGAR_Foundation-Model-Segmentation-for-Robotic-Scenes/data/cogar_sim_500/instance_masks/all/ann_00000045_img_000003_cat_screw.png,437.0,347.0,457.0,361.0,/home/amir/Desktop/COGAR/COGAR_Foundation-Model-Segmentation-for-Robotic-Scenes/outputs/sim_sam_vit_b_box_25/masks/row_0036_object_45_sam_mask.png,,0.9624677300453186,0.9282296650717703,1.0,0.012082324000402878,82.76553417758501,cuda,vit_b
37,000003.png,46,data/cogar_sim_500/rgb/000003.png,/home/amir/Desktop/COGAR/COGAR_Foundation-Model-Segmentation-for-Robotic-Scenes/data/cogar_sim_500/instance_masks/all/ann_00000046_img_000003_cat_screw.png,272.0,131.0,286.0,146.0,/home/amir/Desktop/COGAR/COGAR_Foundation-Model-Segmentation-for-Robotic-Scenes/outputs/sim_sam_vit_b_box_25/masks/row_0037_object_46_sam_mask.png,,0.7812210917472839,0.5121951219512195,1.0,0.012071931000264158,82.83678890958853,cuda,vit_b
38,000003.png,47,data/cogar_sim_500/rgb/000003.png,/home/amir/Desktop/COGAR/COGAR_Foundation-Model-Segmentation-for-Robotic-Scenes/data/cogar_sim_500/instance_masks/all/ann_00000047_img_000003_cat_screw.png,224.0,142.0,244.0,161.0,/home/amir/Desktop/COGAR/COGAR_Foundation-Model-Segmentation-for-Robotic-Scenes/outputs/sim_sam_vit_b_box_25/masks/row_0038_object_47_sam_mask.png,,0.9542336463928223,0.927038626609442,1.0,0.012005999999928463,83.29168749008483,cuda,vit_b
39,000003.png,48,data/cogar_sim_500/rgb/000003.png,/home/amir/Desktop/COGAR/COGAR_Foundation-Model-Segmentation-for-Robotic-Scenes/data/cogar_sim_500/instance_masks/all/ann_00000048_img_000003_cat_cable.png,231.0,156.0,425.0,182.0,/home/amir/Desktop/COGAR/COGAR_Foundation-Model-Segmentation-for-Robotic-Scenes/outputs/sim_sam_vit_b_box_25/masks/row_0039_object_48_sam_mask.png,,0.9309556484222412,0.9225531914893617,1.0,0.012034782999762683,83.09248284906502,cuda,vit_b
40,000003.png,49,data/cogar_sim_500/rgb/000003.png,/home/amir/Desktop/COGAR/COGAR_Foundation-Model-Segmentation-for-Robotic-Scenes/data/cogar_sim_500/instance_masks/all/ann_00000049_img_000003_cat_screw.png,394.0,282.0,419.0,301.0,/home/amir/Desktop/COGAR/COGAR_Foundation-Model-Segmentation-for-Robotic-Scenes/outputs/sim_sam_vit_b_box_25/masks/row_0040_object_49_sam_mask.png,,0.9668329358100891,0.9408284023668639,1.0,0.011989253000137978,83.40803217585712,cuda,vit_b
41,000003.png,50,data/cogar_sim_500/rgb/000003.png,/home/amir/Desktop/COGAR/COGAR_Foundation-Model-Segmentation-for-Robotic-Scenes/data/cogar_sim_500/instance_masks/all/ann_00000050_img_000003_cat_connector.png,274.0,126.0,310.0,153.0,/home/amir/Desktop/COGAR/COGAR_Foundation-Model-Segmentation-for-Robotic-Scenes/outputs/sim_sam_vit_b_box_25/masks/row_0041_object_50_sam_mask.png,,0.9667412042617798,0.9319526627218935,1.0,0.012002473999928043,83.31615631960504,cuda,vit_b
42,000003.png,51,data/cogar_sim_500/rgb/000003.png,/home/amir/Desktop/COGAR/COGAR_Foundation-Model-Segmentation-for-Robotic-Scenes/data/cogar_sim_500/instance_masks/all/ann_00000051_img_000003_cat_connector.png,266.0,146.0,322.0,168.0,/home/amir/Desktop/COGAR/COGAR_Foundation-Model-Segmentation-for-Robotic-Scenes/outputs/sim_sam_vit_b_box_25/masks/row_0042_object_51_sam_mask.png,,0.9653597474098206,0.9422776911076443,1.0,0.011921221000193327,83.88402496554531,cuda,vit_b
43,000003.png,52,data/cogar_sim_500/rgb/000003.png,/home/amir/Desktop/COGAR/COGAR_Foundation-Model-Segmentation-for-Robotic-Scenes/data/cogar_sim_500/instance_masks/all/ann_00000052_img_000003_cat_screw.png,245.0,271.0,254.0,280.0,/home/amir/Desktop/COGAR/COGAR_Foundation-Model-Segmentation-for-Robotic-Scenes/outputs/sim_sam_vit_b_box_25/masks/row_0043_object_52_sam_mask.png,,0.8900890350341797,0.7894736842105263,1.0,0.012112371000057465,82.56021880400259,cuda,vit_b
44,000003.png,53,data/cogar_sim_500/rgb/000003.png,/home/amir/Desktop/COGAR/COGAR_Foundation-Model-Segmentation-for-Robotic-Scenes/data/cogar_sim_500/instance_masks/all/ann_00000053_img_000003_cat_screw.png,364.0,207.0,392.0,223.0,/home/amir/Desktop/COGAR/COGAR_Foundation-Model-Segmentation-for-Robotic-Scenes/outputs/sim_sam_vit_b_box_25/masks/row_0044_object_53_sam_mask.png,,0.9478381872177124,0.9254658385093167,1.0,0.012291957999877923,81.35400397641543,cuda,vit_b
45,000003.png,54,data/cogar_sim_500/rgb/000003.png,/home/amir/Desktop/COGAR/COGAR_Foundation-Model-Segmentation-for-Robotic-Scenes/data/cogar_sim_500/instance_masks/all/ann_00000054_img_000003_cat_cable.png,166.0,164.0,388.0,279.0,/home/amir/Desktop/COGAR/COGAR_Foundation-Model-Segmentation-for-Robotic-Scenes/outputs/sim_sam_vit_b_box_25/masks/row_0045_object_54_sam_mask.png,,0.6178724765777588,0.6974656810982048,0.7699432703860887,0.012202530000195111,81.95021851894735,cuda,vit_b
46,000003.png,55,data/cogar_sim_500/rgb/000003.png,/home/amir/Desktop/COGAR/COGAR_Foundation-Model-Segmentation-for-Robotic-Scenes/data/cogar_sim_500/instance_masks/all/ann_00000055_img_000003_cat_connector.png,253.0,155.0,296.0,186.0,/home/amir/Desktop/COGAR/COGAR_Foundation-Model-Segmentation-for-Robotic-Scenes/outputs/sim_sam_vit_b_box_25/masks/row_0046_object_55_sam_mask.png,,0.9505606293678284,0.8971061093247589,0.9966555183946488,0.012079775000074733,82.78299885501289,cuda,vit_b
47,000003.png,56,data/cogar_sim_500/rgb/000003.png,/home/amir/Desktop/COGAR/COGAR_Foundation-Model-Segmentation-for-Robotic-Scenes/data/cogar_sim_500/instance_masks/all/ann_00000056_img_000003_cat_connector.png,150.0,275.0,234.0,342.0,/home/amir/Desktop/COGAR/COGAR_Foundation-Model-Segmentation-for-Robotic-Scenes/outputs/sim_sam_vit_b_box_25/masks/row_0047_object_56_sam_mask.png,,0.9771496653556824,0.9693047337278107,1.0,0.01203580699984741,83.08541338463453,cuda,vit_b
48,000003.png,57,data/cogar_sim_500/rgb/000003.png,/home/amir/Desktop/COGAR/COGAR_Foundation-Model-Segmentation-for-Robotic-Scenes/data/cogar_sim_500/instance_masks/all/ann_00000057_img_000003_cat_screw.png,93.0,196.0,110.0,210.0,/home/amir/Desktop/COGAR/COGAR_Foundation-Model-Segmentation-for-Robotic-Scenes/outputs/sim_sam_vit_b_box_25/masks/row_0048_object_57_sam_mask.png,,0.9459879398345947,0.9396984924623115,1.0,0.01197093800010407,83.53564273671006,cuda,vit_b
49,000003.png,58,data/cogar_sim_500/rgb/000003.png,/home/amir/Desktop/COGAR/COGAR_Foundation-Model-Segmentation-for-Robotic-Scenes/data/cogar_sim_500/instance_masks/all/ann_00000058_img_000003_cat_cable.png,161.0,192.0,192.0,394.0,/home/amir/Desktop/COGAR/COGAR_Foundation-Model-Segmentation-for-Robotic-Scenes/outputs/sim_sam_vit_b_box_25/masks/row_0049_object_58_sam_mask.png,,0.9411941766738892,0.41597915762049503,0.8141877802106141,0.011967847000050824,83.55721793533567,cuda,vit_b
50,000003.png,59,data/cogar_sim_500/rgb/000003.png,/home/amir/Desktop/COGAR/COGAR_Foundation-Model-Segmentation-for-Robotic-Scenes/data/cogar_sim_500/instance_masks/all/ann_00000059_img_000003_cat_metal_part.png,261.0,165.0,355.0,267.0,/home/amir/Desktop/COGAR/COGAR_Foundation-Model-Segmentation-for-Robotic-Scenes/outputs/sim_sam_vit_b_box_25/masks/row_0050_object_59_sam_mask.png,,0.9848340153694153,0.9676491732566499,0.9987819732034106,0.012198751000141783,81.9756055344008,cuda,vit_b
51,000003.png,60,data/cogar_sim_500/rgb/000003.png,/home/amir/Desktop/COGAR/COGAR_Foundation-Model-Segmentation-for-Robotic-Scenes/data/cogar_sim_500/instance_masks/all/ann_00000060_img_000003_cat_screw.png,403.0,230.0,427.0,241.0,/home/amir/Desktop/COGAR/COGAR_Foundation-Model-Segmentation-for-Robotic-Scenes/outputs/sim_sam_vit_b_box_25/masks/row_0051_object_60_sam_mask.png,,0.9293193221092224,0.8663366336633663,1.0,0.012154175999967265,82.27624809799474,cuda,vit_b
52,000003.png,61,data/cogar_sim_500/rgb/000003.png,/home/amir/Desktop/COGAR/COGAR_Foundation-Model-Segmentation-for-Robotic-Scenes/data/cogar_sim_500/instance_masks/all/ann_00000061_img_000003_cat_connector.png,153.0,242.0,219.0,294.0,/home/amir/Desktop/COGAR/COGAR_Foundation-Model-Segmentation-for-Robotic-Scenes/outputs/sim_sam_vit_b_box_25/masks/row_0052_object_61_sam_mask.png,,0.9333544969558716,0.9296987087517934,0.9737966920646719,0.012111349999941012,82.56717872118884,cuda,vit_b
53,000003.png,62,data/cogar_sim_500/rgb/000003.png,/home/amir/Desktop/COGAR/COGAR_Foundation-Model-Segmentation-for-Robotic-Scenes/data/cogar_sim_500/instance_masks/all/ann_00000062_img_000003_cat_screw.png,464.0,259.0,488.0,277.0,/home/amir/Desktop/COGAR/COGAR_Foundation-Model-Segmentation-for-Robotic-Scenes/outputs/sim_sam_vit_b_box_25/masks/row_0053_object_62_sam_mask.png,,0.9516238570213318,0.91015625,1.0,0.012019776000215643,83.19622595147025,cuda,vit_b
54,000003.png,63,data/cogar_sim_500/rgb/000003.png,/home/amir/Desktop/COGAR/COGAR_Foundation-Model-Segmentation-for-Robotic-Scenes/data/cogar_sim_500/instance_masks/all/ann_00000063_img_000003_cat_connector.png,211.0,243.0,242.0,289.0,/home/amir/Desktop/COGAR/COGAR_Foundation-Model-Segmentation-for-Robotic-Scenes/outputs/sim_sam_vit_b_box_25/masks/row_0054_object_63_sam_mask.png,,0.9597381949424744,0.9501039501039501,0.9968652037617556,0.012020458999813854,83.19149876185973,cuda,vit_b
55,000003.png,64,data/cogar_sim_500/rgb/000003.png,/home/amir/Desktop/COGAR/COGAR_Foundation-Model-Segmentation-for-Robotic-Scenes/data/cogar_sim_500/instance_masks/all/ann_00000064_img_000003_cat_screw.png,411.0,201.0,426.0,221.0,/home/amir/Desktop/COGAR/COGAR_Foundation-Model-Segmentation-for-Robotic-Scenes/outputs/sim_sam_vit_b_box_25/masks/row_0055_object_64_sam_mask.png,,0.9666379690170288,0.9534883720930233,1.0,0.012027778999708971,83.14086915166935,cuda,vit_b
56,000003.png,65,data/cogar_sim_500/rgb/000003.png,/home/amir/Desktop/COGAR/COGAR_Foundation-Model-Segmentation-for-Robotic-Scenes/data/cogar_sim_500/instance_masks/all/ann_00000065_img_000003_cat_box.png,183.0,249.0,349.0,449.0,/home/amir/Desktop/COGAR/COGAR_Foundation-Model-Segmentation-for-Robotic-Scenes/outputs/sim_sam_vit_b_box_25/masks/row_0056_object_65_sam_mask.png,,0.9988501667976379,0.9873574144486692,1.0,0.012054234000061115,82.95840283131471,cuda,vit_b
57,000003.png,66,data/cogar_sim_500/rgb/000003.png,/home/amir/Desktop/COGAR/COGAR_Foundation-Model-Segmentation-for-Robotic-Scenes/data/cogar_sim_500/instance_masks/all/ann_00000066_img_000003_cat_screw.png,412.0,222.0,428.0,241.0,/home/amir/Desktop/COGAR/COGAR_Foundation-Model-Segmentation-for-Robotic-Scenes/outputs/sim_sam_vit_b_box_25/masks/row_0057_object_66_sam_mask.png,,0.9446878433227539,0.43190661478599224,0.7960975609756098,0.011993225999958668,83.38040157030696,cuda,vit_b
58,000003.png,67,data/cogar_sim_500/rgb/000003.png,/home/amir/Desktop/COGAR/COGAR_Foundation-Model-Segmentation-for-Robotic-Scenes/data/cogar_sim_500/instance_masks/all/ann_00000067_img_000003_cat_plastic_object.png,326.0,328.0,427.0,455.0,/home/amir/Desktop/COGAR/COGAR_Foundation-Model-Segmentation-for-Robotic-Scenes/outputs/sim_sam_vit_b_box_25/masks/row_0058_object_67_sam_mask.png,,0.8828227519989014,0.9590328238536707,0.9210487880769891,0.012089827000181685,82.71416952326713,cuda,vit_b
59,000003.png,69,data/cogar_sim_500/rgb/000003.png,/home/amir/Desktop/COGAR/COGAR_Foundation-Model-Segmentation-for-Robotic-Scenes/data/cogar_sim_500/instance_masks/all/ann_00000069_img_000003_cat_screw.png,367.0,258.0,380.0,274.0,/home/amir/Desktop/COGAR/COGAR_Foundation-Model-Segmentation-for-Robotic-Scenes/outputs/sim_sam_vit_b_box_25/masks/row_0059_object_69_sam_mask.png,,0.8044207692146301,0.44029850746268656,0.7932203389830509,0.011959196000134398,83.6176612532115,cuda,vit_b
60,000004.png,71,data/cogar_sim_500/rgb/000004.png,/home/amir/Desktop/COGAR/COGAR_Foundation-Model-Segmentation-for-Robotic-Scenes/data/cogar_sim_500/instance_masks/all/ann_00000071_img_000004_cat_connector.png,595.0,236.0,640.0,320.0,/home/amir/Desktop/COGAR/COGAR_Foundation-Model-Segmentation-for-Robotic-Scenes/outputs/sim_sam_vit_b_box_25/masks/row_0060_object_71_sam_mask.png,,0.9858297109603882,0.989522700814901,1.0,0.1574855399999251,6.34978932034316,cuda,vit_b
61,000004.png,72,data/cogar_sim_500/rgb/000004.png,/home/amir/Desktop/COGAR/COGAR_Foundation-Model-Segmentation-for-Robotic-Scenes/data/cogar_sim_500/instance_masks/all/ann_00000072_img_000004_cat_cable.png,233.0,78.0,434.0,220.0,/home/amir/Desktop/COGAR/COGAR_Foundation-Model-Segmentation-for-Robotic-Scenes/outputs/sim_sam_vit_b_box_25/masks/row_0061_object_72_sam_mask.png,,0.9776787161827087,0.9258630447085455,0.9917218543046358,0.011988892000317719,83.41054369106827,cuda,vit_b
62,000004.png,73,data/cogar_sim_500/rgb/000004.png,/home/amir/Desktop/COGAR/COGAR_Foundation-Model-Segmentation-for-Robotic-Scenes/data/cogar_sim_500/instance_masks/all/ann_00000073_img_000004_cat_metal_part.png,625.0,349.0,640.0,417.0,/home/amir/Desktop/COGAR/COGAR_Foundation-Model-Segmentation-for-Robotic-Scenes/outputs/sim_sam_vit_b_box_25/masks/row_0062_object_73_sam_mask.png,,0.9668807983398438,0.9542124542124543,1.0,0.011955899999975372,83.64071295360951,cuda,vit_b
63,000004.png,74,data/cogar_sim_500/rgb/000004.png,/home/amir/Desktop/COGAR/COGAR_Foundation-Model-Segmentation-for-Robotic-Scenes/data/cogar_sim_500/instance_masks/all/ann_00000074_img_000004_cat_cable.png,432.0,53.0,640.0,223.0,/home/amir/Desktop/COGAR/COGAR_Foundation-Model-Segmentation-for-Robotic-Scenes/outputs/sim_sam_vit_b_box_25/masks/row_0063_object_74_sam_mask.png,,0.986855685710907,0.8806764797995615,0.9968652037617556,0.012104206000003614,82.61591053553627,cuda,vit_b
64,000004.png,75,data/cogar_sim_500/rgb/000004.png,/home/amir/Desktop/COGAR/COGAR_Foundation-Model-Segmentation-for-Robotic-Scenes/data/cogar_sim_500/instance_masks/all/ann_00000075_img_000004_cat_plastic_object.png,208.0,61.0,302.0,162.0,/home/amir/Desktop/COGAR/COGAR_Foundation-Model-Segmentation-for-Robotic-Scenes/outputs/sim_sam_vit_b_box_25/masks/row_0064_object_75_sam_mask.png,,0.9881551265716553,0.9889891217829663,1.0,0.011982821999936277,83.45279601126661,cuda,vit_b
65,000004.png,76,data/cogar_sim_500/rgb/000004.png,/home/amir/Desktop/COGAR/COGAR_Foundation-Model-Segmentation-for-Robotic-Scenes/data/cogar_sim_500/instance_masks/all/ann_00000076_img_000004_cat_connector.png,75.0,244.0,171.0,298.0,/home/amir/Desktop/COGAR/COGAR_Foundation-Model-Segmentation-for-Robotic-Scenes/outputs/sim_sam_vit_b_box_25/masks/row_0065_object_76_sam_mask.png,,0.9749580025672913,0.9834648628335212,1.0,0.012042010999721242,83.04260808457563,cuda,vit_b
66,000004.png,77,data/cogar_sim_500/rgb/000004.png,/home/amir/Desktop/COGAR/COGAR_Foundation-Model-Segmentation-for-Robotic-Scenes/data/cogar_sim_500/instance_masks/all/ann_00000077_img_000004_cat_plastic_object.png,370.0,70.0,416.0,141.0,/home/amir/Desktop/COGAR/COGAR_Foundation-Model-Segmentation-for-Robotic-Scenes/outputs/sim_sam_vit_b_box_25/masks/row_0066_object_77_sam_mask.png,,0.9798656105995178,0.9835745013687915,1.0,0.012032806999741297,83.10612810639279,cuda,vit_b
67,000004.png,78,data/cogar_sim_500/rgb/000004.png,/home/amir/Desktop/COGAR/COGAR_Foundation-Model-Segmentation-for-Robotic-Scenes/data/cogar_sim_500/instance_masks/all/ann_00000078_img_000004_cat_cable.png,39.0,233.0,314.0,396.0,/home/amir/Desktop/COGAR/COGAR_Foundation-Model-Segmentation-for-Robotic-Scenes/outputs/sim_sam_vit_b_box_25/masks/row_0067_object_78_sam_mask.png,,0.6854797601699829,0.5604066985645934,0.5298785425101216,0.011962457000208815,83.59486683902347,cuda,vit_b
68,000004.png,79,data/cogar_sim_500/rgb/000004.png,/home/amir/Desktop/COGAR/COGAR_Foundation-Model-Segmentation-for-Robotic-Scenes/data/cogar_sim_500/instance_masks/all/ann_00000079_img_000004_cat_plastic_object.png,184.0,371.0,292.0,480.0,/home/amir/Desktop/COGAR/COGAR_Foundation-Model-Segmentation-for-Robotic-Scenes/outputs/sim_sam_vit_b_box_25/masks/row_0068_object_79_sam_mask.png,,0.9855526089668274,0.813312118801379,0.7416798732171157,0.011919736999971065,83.89446847715075,cuda,vit_b
69,000004.png,80,data/cogar_sim_500/rgb/000004.png,/home/amir/Desktop/COGAR/COGAR_Foundation-Model-Segmentation-for-Robotic-Scenes/data/cogar_sim_500/instance_masks/all/ann_00000080_img_000004_cat_tool.png,310.0,12.0,640.0,130.0,/home/amir/Desktop/COGAR/COGAR_Foundation-Model-Segmentation-for-Robotic-Scenes/outputs/sim_sam_vit_b_box_25/masks/row_0069_object_80_sam_mask.png,,0.9928209185600281,0.9672092100039699,0.998965873836608,0.012176988000192068,82.12211426867029,cuda,vit_b
70,000004.png,81,data/cogar_sim_500/rgb/000004.png,/home/amir/Desktop/COGAR/COGAR_Foundation-Model-Segmentation-for-Robotic-Scenes/data/cogar_sim_500/instance_masks/all/ann_00000081_img_000004_cat_cable.png,186.0,300.0,265.0,480.0,/home/amir/Desktop/COGAR/COGAR_Foundation-Model-Segmentation-for-Robotic-Scenes/outputs/sim_sam_vit_b_box_25/masks/row_0070_object_81_sam_mask.png,,0.9702101945877075,0.9390708301599391,0.9979959919839679,0.01199151900027573,83.39227081881839,cuda,vit_b
71,000004.png,82,data/cogar_sim_500/rgb/000004.png,/home/amir/Desktop/COGAR/COGAR_Foundation-Model-Segmentation-for-Robotic-Scenes/data/cogar_sim_500/instance_masks/all/ann_00000082_img_000004_cat_metal_part.png,423.0,57.0,498.0,130.0,/home/amir/Desktop/COGAR/COGAR_Foundation-Model-Segmentation-for-Robotic-Scenes/outputs/sim_sam_vit_b_box_25/masks/row_0071_object_82_sam_mask.png,,0.9785038828849792,0.9738330975954739,1.0,0.012066246999893337,82.87581051579996,cuda,vit_b
72,000004.png,83,data/cogar_sim_500/rgb/000004.png,/home/amir/Desktop/COGAR/COGAR_Foundation-Model-Segmentation-for-Robotic-Scenes/data/cogar_sim_500/instance_masks/all/ann_00000083_img_000004_cat_plastic_object.png,217.0,432.0,291.0,480.0,/home/amir/Desktop/COGAR/COGAR_Foundation-Model-Segmentation-for-Robotic-Scenes/outputs/sim_sam_vit_b_box_25/masks/row_0072_object_83_sam_mask.png,,0.9828168153762817,0.8823124569855472,0.8823990312700334,0.012037514999974519,83.07362441518177,cuda,vit_b
73,000004.png,84,data/cogar_sim_500/rgb/000004.png,/home/amir/Desktop/COGAR/COGAR_Foundation-Model-Segmentation-for-Robotic-Scenes/data/cogar_sim_500/instance_masks/all/ann_00000084_img_000004_cat_plastic_object.png,158.0,284.0,241.0,342.0,/home/amir/Desktop/COGAR/COGAR_Foundation-Model-Segmentation-for-Robotic-Scenes/outputs/sim_sam_vit_b_box_25/masks/row_0073_object_84_sam_mask.png,,0.9809213876724243,0.9809136420525657,1.0,0.01210114200011958,82.6368288207938,cuda,vit_b
74,000004.png,85,data/cogar_sim_500/rgb/000004.png,/home/amir/Desktop/COGAR/COGAR_Foundation-Model-Segmentation-for-Robotic-Scenes/data/cogar_sim_500/instance_masks/all/ann_00000085_img_000004_cat_cable.png,93.0,249.0,425.0,285.0,/home/amir/Desktop/COGAR/COGAR_Foundation-Model-Segmentation-for-Robotic-Scenes/outputs/sim_sam_vit_b_box_25/masks/row_0074_object_85_sam_mask.png,,0.9089142084121704,0.6588602654176424,0.8055686908214899,0.011998011000287079,83.34714812114048,cuda,vit_b
75,000004.png,86,data/cogar_sim_500/rgb/000004.png,/home/amir/Desktop/COGAR/COGAR_Foundation-Model-Segmentation-for-Robotic-Scenes/data/cogar_sim_500/instance_masks/all/ann_00000086_img_000004_cat_plastic_object.png,235.0,286.0,288.0,310.0,/home/amir/Desktop/COGAR/COGAR_Foundation-Model-Segmentation-for-Robotic-Scenes/outputs/sim_sam_vit_b_box_25/masks/row_0075_object_86_sam_mask.png,,0.9733393788337708,0.8921933085501859,1.0,0.012155303999861644,82.26861294554068,cuda,vit_b
76,000004.png,87,data/cogar_sim_500/rgb/000004.png,/home/amir/Desktop/COGAR/COGAR_Foundation-Model-Segmentation-for-Robotic-Scenes/data/cogar_sim_500/instance_masks/all/ann_00000087_img_000004_cat_connector.png,192.0,344.0,254.0,419.0,/home/amir/Desktop/COGAR/COGAR_Foundation-Model-Segmentation-for-Robotic-Scenes/outputs/sim_sam_vit_b_box_25/masks/row_0076_object_87_sam_mask.png,,0.979276716709137,0.9569120287253142,1.0,0.012093178000213811,82.69124956089455,cuda,vit_b
77,000004.png,88,data/cogar_sim_500/rgb/000004.png,/home/amir/Desktop/COGAR/COGAR_Foundation-Model-Segmentation-for-Robotic-Scenes/data/cogar_sim_500/instance_masks/all/ann_00000088_img_000004_cat_robot_gripper.png,160.0,198.0,597.0,384.0,/home/amir/Desktop/COGAR/COGAR_Foundation-Model-Segmentation-for-Robotic-Scenes/outputs/sim_sam_vit_b_box_25/masks/row_0077_object_88_sam_mask.png,,0.994306206703186,0.9772935779816514,0.9908403026682596,0.011999314000149752,83.33809749353337,cuda,vit_b
78,000004.png,89,data/cogar_sim_500/rgb/000004.png,/home/amir/Desktop/COGAR/COGAR_Foundation-Model-Segmentation-for-Robotic-Scenes/data/cogar_sim_500/instance_masks/all/ann_00000089_img_000004_cat_robot_gripper.png,295.0,307.0,348.0,366.0,/home/amir/Desktop/COGAR/COGAR_Foundation-Model-Segmentation-for-Robotic-Scenes/outputs/sim_sam_vit_b_box_25/masks/row_0078_object_89_sam_mask.png,,0.9805589914321899,0.9728419010669254,1.0,0.012248958999862225,81.6395907612433,cuda,vit_b
79,000005.png,92,data/cogar_sim_500/rgb/000005.png,/home/amir/Desktop/COGAR/COGAR_Foundation-Model-Segmentation-for-Robotic-Scenes/data/cogar_sim_500/instance_masks/all/ann_00000092_img_000005_cat_box.png,314.0,179.0,486.0,328.0,/home/amir/Desktop/COGAR/COGAR_Foundation-Model-Segmentation-for-Robotic-Scenes/outputs/sim_sam_vit_b_box_25/masks/row_0079_object_92_sam_mask.png,,0.9707282781600952,0.9716759055357278,0.987045033929673,0.1585986340001,6.305224545624835,cuda,vit_b
80,000005.png,93,data/cogar_sim_500/rgb/000005.png,/home/amir/Desktop/COGAR/COGAR_Foundation-Model-Segmentation-for-Robotic-Scenes/data/cogar_sim_500/instance_masks/all/ann_00000093_img_000005_cat_tool.png,36.0,219.0,253.0,252.0,/home/amir/Desktop/COGAR/COGAR_Foundation-Model-Segmentation-for-Robotic-Scenes/outputs/sim_sam_vit_b_box_25/masks/row_0080_object_93_sam_mask.png,,0.9828305244445801,0.9344782527534068,0.9964271491153212,0.012000979999811534,83.32652833482801,cuda,vit_b
81,000005.png,95,data/cogar_sim_500/rgb/000005.png,/home/amir/Desktop/COGAR/COGAR_Foundation-Model-Segmentation-for-Robotic-Scenes/data/cogar_sim_500/instance_masks/all/ann_00000095_img_000005_cat_metal_part.png,214.0,205.0,321.0,315.0,/home/amir/Desktop/COGAR/COGAR_Foundation-Model-Segmentation-for-Robotic-Scenes/outputs/sim_sam_vit_b_box_25/masks/row_0081_object_95_sam_mask.png,,0.9826846718788147,0.953307392996109,0.9281495136709127,0.012002484999811713,83.31607996308159,cuda,vit_b
82,000005.png,96,data/cogar_sim_500/rgb/000005.png,/home/amir/Desktop/COGAR/COGAR_Foundation-Model-Segmentation-for-Robotic-Scenes/data/cogar_sim_500/instance_masks/all/ann_00000096_img_000005_cat_metal_part.png,342.0,244.0,414.0,359.0,/home/amir/Desktop/COGAR/COGAR_Foundation-Model-Segmentation-for-Robotic-Scenes/outputs/sim_sam_vit_b_box_25/masks/row_0082_object_96_sam_mask.png,,0.9870511889457703,0.9765650080256821,1.0,0.011972885000432143,83.52205838140988,cuda,vit_b
83,000005.png,97,data/cogar_sim_500/rgb/000005.png,/home/amir/Desktop/COGAR/COGAR_Foundation-Model-Segmentation-for-Robotic-Scenes/data/cogar_sim_500/instance_masks/all/ann_00000097_img_000005_cat_box.png,419.0,155.0,577.0,289.0,/home/amir/Desktop/COGAR/COGAR_Foundation-Model-Segmentation-for-Robotic-Scenes/outputs/sim_sam_vit_b_box_25/masks/row_0083_object_97_sam_mask.png,,0.9837594032287598,0.9707746478873239,1.0,0.011960987999827921,83.60513362394366,cuda,vit_b
84,000005.png,98,data/cogar_sim_500/rgb/000005.png,/home/amir/Desktop/COGAR/COGAR_Foundation-Model-Segmentation-for-Robotic-Scenes/data/cogar_sim_500/instance_masks/all/ann_00000098_img_000005_cat_tool.png,178.0,284.0,476.0,351.0,/home/amir/Desktop/COGAR/COGAR_Foundation-Model-Segmentation-for-Robotic-Scenes/outputs/sim_sam_vit_b_box_25/masks/row_0084_object_98_sam_mask.png,,0.9757034182548523,0.9578449905482042,0.9371442560744232,0.012125281999942672,82.47230868566422,cuda,vit_b
85,000005.png,99,data/cogar_sim_500/rgb/000005.png,/home/amir/Desktop/COGAR/COGAR_Foundation-Model-Segmentation-for-Robotic-Scenes/data/cogar_sim_500/instance_masks/all/ann_00000099_img_000005_cat_tool.png,574.0,226.0,635.0,250.0,/home/amir/Desktop/COGAR/COGAR_Foundation-Model-Segmentation-for-Robotic-Scenes/outputs/sim_sam_vit_b_box_25/masks/row_0085_object_99_sam_mask.png,,0.9693728685379028,0.9459002535925612,0.9969418960244648,0.011948915999710152,83.68959996239468,cuda,vit_b
86,000005.png,101,data/cogar_sim_500/rgb/000005.png,/home/amir/Desktop/COGAR/COGAR_Foundation-Model-Segmentation-for-Robotic-Scenes/data/cogar_sim_500/instance_masks/all/ann_00000101_img_000005_cat_plastic_object.png,401.0,264.0,460.0,346.0,/home/amir/Desktop/COGAR/COGAR_Foundation-Model-Segmentation-for-Robotic-Scenes/outputs/sim_sam_vit_b_box_25/masks/row_0086_object_101_sam_mask.png,,0.975261390209198,0.9856850715746421,1.0,0.012003939999885915,83.30598120363014,cuda,vit_b
87,000005.png,102,data/cogar_sim_500/rgb/000005.png,/home/amir/Desktop/COGAR/COGAR_Foundation-Model-Segmentation-for-Robotic-Scenes/data/cogar_sim_500/instance_masks/all/ann_00000102_img_000005_cat_plastic_object.png,520.0,267.0,587.0,355.0,/home/amir/Desktop/COGAR/COGAR_Foundation-Model-Segmentation-for-Robotic-Scenes/outputs/sim_sam_vit_b_box_25/masks/row_0087_object_102_sam_mask.png,,0.986284613609314,0.9867075664621677,1.0,0.011993444999916392,83.37887904659347,cuda,vit_b
88,000005.png,103,data/cogar_sim_500/rgb/000005.png,/home/amir/Desktop/COGAR/COGAR_Foundation-Model-Segmentation-for-Robotic-Scenes/data/cogar_sim_500/instance_masks/all/ann_00000103_img_000005_cat_plastic_object.png,570.0,199.0,591.0,250.0,/home/amir/Desktop/COGAR/COGAR_Foundation-Model-Segmentation-for-Robotic-Scenes/outputs/sim_sam_vit_b_box_25/masks/row_0088_object_103_sam_mask.png,,0.968079149723053,0.9675036927621861,1.0,0.012039249000281416,83.06165940887385,cuda,vit_b
89,000005.png,104,data/cogar_sim_500/rgb/000005.png,/home/amir/Desktop/COGAR/COGAR_Foundation-Model-Segmentation-for-Robotic-Scenes/data/cogar_sim_500/instance_masks/all/ann_00000104_img_000005_cat_cable.png,464.0,298.0,513.0,365.0,/home/amir/Desktop/COGAR/COGAR_Foundation-Model-Segmentation-for-Robotic-Scenes/outputs/sim_sam_vit_b_box_25/masks/row_0089_object_104_sam_mask.png,,0.9483270645141602,0.818686401480111,0.9338842975206612,0.01202413400005753,83.1660725001248,cuda,vit_b
90,000005.png,105,data/cogar_sim_500/rgb/000005.png,/home/amir/Desktop/COGAR/COGAR_Foundation-Model-Segmentation-for-Robotic-Scenes/data/cogar_sim_500/instance_masks/all/ann_00000105_img_000005_cat_box.png,128.0,143.0,276.0,226.0,/home/amir/Desktop/COGAR/COGAR_Foundation-Model-Segmentation-for-Robotic-Scenes/outputs/sim_sam_vit_b_box_25/masks/row_0090_object_105_sam_mask.png,,0.9677634239196777,0.9693991097922848,0.9334719334719335,0.01197366399992461,83.51662448572937,cuda,vit_b
91,000005.png,106,data/cogar_sim_500/rgb/000005.png,/home/amir/Desktop/COGAR/COGAR_Foundation-Model-Segmentation-for-Robotic-Scenes/data/cogar_sim_500/instance_masks/all/ann_00000106_img_000005_cat_tool.png,186.0,269.0,314.0,304.0,/home/amir/Desktop/COGAR/COGAR_Foundation-Model-Segmentation-for-Robotic-Scenes/outputs/sim_sam_vit_b_box_25/masks/row_0091_object_106_sam_mask.png,,0.9440688490867615,0.8894331700489853,0.956717963239914,0.011989469000127428,83.4065295126391,cuda,vit_b
92,000005.png,108,data/cogar_sim_500/rgb/000005.png,/home/amir/Desktop/COGAR/COGAR_Foundation-Model-Segmentation-for-Robotic-Scenes/data/cogar_sim_500/instance_masks/all/ann_00000108_img_000005_cat_tool.png,50.0,249.0,240.0,346.0,/home/amir/Desktop/COGAR/COGAR_Foundation-Model-Segmentation-for-Robotic-Scenes/outputs/sim_sam_vit_b_box_25/masks/row_0092_object_108_sam_mask.png,,0.9662860631942749,0.9236382148311556,0.9097421550167718,0.012011133000214613,83.25609249203485,cuda,vit_b
93,000005.png,109,data/cogar_sim_500/rgb/000005.png,/home/amir/Desktop/COGAR/COGAR_Foundation-Model-Segmentation-for-Robotic-Scenes/data/cogar_sim_500/instance_masks/all/ann_00000109_img_000005_cat_robot_gripper.png,149.0,104.0,390.0,211.0,/home/amir/Desktop/COGAR/COGAR_Foundation-Model-Segmentation-for-Robotic-Scenes/outputs/sim_sam_vit_b_box_25/masks/row_0093_object_109_sam_mask.png,,0.9992039799690247,0.9516559307697313,0.9005820196475531,0.011951168999985384,83.67382303783194,cuda,vit_b
94,000005.png,110,data/cogar_sim_500/rgb/000005.png,/home/amir/Desktop/COGAR/COGAR_Foundation-Model-Segmentation-for-Robotic-Scenes/data/cogar_sim_500/instance_masks/all/ann_00000110_img_000005_cat_robot_gripper.png,206.0,113.0,252.0,254.0,/home/amir/Desktop/COGAR/COGAR_Foundation-Model-Segmentation-for-Robotic-Scenes/outputs/sim_sam_vit_b_box_25/masks/row_0094_object_110_sam_mask.png,,0.9588539600372314,0.8699936427209154,0.8168067226890755,0.011901535999641055,84.02276815615728,cuda,vit_b
95,000005.png,111,data/cogar_sim_500/rgb/000005.png,/home/amir/Desktop/COGAR/COGAR_Foundation-Model-Segmentation-for-Robotic-Scenes/data/cogar_sim_500/instance_masks/all/ann_00000111_img_000005_cat_robot_gripper.png,290.0,124.0,330.0,232.0,/home/amir/Desktop/COGAR/COGAR_Foundation-Model-Segmentation-for-Robotic-Scenes/outputs/sim_sam_vit_b_box_25/masks/row_0095_object_111_sam_mask.png,,0.9065677523612976,0.8469483568075117,0.9302850691504375,0.01199460799989538,83.37079461110545,cuda,vit_b
96,000006.png,114,data/cogar_sim_500/rgb/000006.png,/home/amir/Desktop/COGAR/COGAR_Foundation-Model-Segmentation-for-Robotic-Scenes/data/cogar_sim_500/instance_masks/all/ann_00000114_img_000006_cat_plastic_object.png,207.0,115.0,263.0,167.0,/home/amir/Desktop/COGAR/COGAR_Foundation-Model-Segmentation-for-Robotic-Scenes/outputs/sim_sam_vit_b_box_25/masks/row_0096_object_114_sam_mask.png,,0.9616909027099609,0.9372599231754162,1.0,0.15628115799972875,6.398724022775258,cuda,vit_b
97,000006.png,115,data/cogar_sim_500/rgb/000006.png,/home/amir/Desktop/COGAR/COGAR_Foundation-Model-Segmentation-for-Robotic-Scenes/data/cogar_sim_500/instance_masks/all/ann_00000115_img_000006_cat_connector.png,88.0,91.0,173.0,142.0,/home/amir/Desktop/COGAR/COGAR_Foundation-Model-Segmentation-for-Robotic-Scenes/outputs/sim_sam_vit_b_box_25/masks/row_0097_object_115_sam_mask.png,,0.948928713798523,0.9477871705619095,0.9488372093023255,0.012068316999830131,82.86159536694932,cuda,vit_b
98,000006.png,116,data/cogar_sim_500/rgb/000006.png,/home/amir/Desktop/COGAR/COGAR_Foundation-Model-Segmentation-for-Robotic-Scenes/data/cogar_sim_500/instance_masks/all/ann_00000116_img_000006_cat_glass_object.png,561.0,269.0,640.0,327.0,/home/amir/Desktop/COGAR/COGAR_Foundation-Model-Segmentation-for-Robotic-Scenes/outputs/sim_sam_vit_b_box_25/masks/row_0098_object_116_sam_mask.png,,0.9400139451026917,0.8664951400800457,0.7174571140262361,0.012044273000356043,83.02701208868636,cuda,vit_b
99,000006.png,117,data/cogar_sim_500/rgb/000006.png,/home/amir/Desktop/COGAR/COGAR_Foundation-Model-Segmentation-for-Robotic-Scenes/data/cogar_sim_500/instance_masks/all/ann_00000117_img_000006_cat_metal_part.png,218.0,211.0,275.0,268.0,/home/amir/Desktop/COGAR/COGAR_Foundation-Model-Segmentation-for-Robotic-Scenes/outputs/sim_sam_vit_b_box_25/masks/row_0099_object_117_sam_mask.png,,0.9711297750473022,0.9548387096774194,0.9829059829059829,0.01198540099994716,83.43483876796519,cuda,vit_b
100,000006.png,118,data/cogar_sim_500/rgb/000006.png,/home/amir/Desktop/COGAR/COGAR_Foundation-Model-Segmentation-for-Robotic-Scenes/data/cogar_sim_500/instance_masks/all/ann_00000118_img_000006_cat_plastic_object.png,212.0,324.0,289.0,395.0,/home/amir/Desktop/COGAR/COGAR_Foundation-Model-Segmentation-for-Robotic-Scenes/outputs/sim_sam_vit_b_box_25/masks/row_0100_object_118_sam_mask.png,,0.9827210903167725,0.9796786389413988,1.0,0.012330788999861397,81.0978113412889,cuda,vit_b
101,000006.png,119,data/cogar_sim_500/rgb/000006.png,/home/amir/Desktop/COGAR/COGAR_Foundation-Model-Segmentation-for-Robotic-Scenes/data/cogar_sim_500/instance_masks/all/ann_00000119_img_000006_cat_glass_object.png,422.0,0.0,534.0,93.0,/home/amir/Desktop/COGAR/COGAR_Foundation-Model-Segmentation-for-Robotic-Scenes/outputs/sim_sam_vit_b_box_25/masks/row_0101_object_119_sam_mask.png,,0.9611289501190186,0.9634486149811506,0.9148299191438203,0.012057181999807653,82.9381193728313,cuda,vit_b
102,000006.png,120,data/cogar_sim_500/rgb/000006.png,/home/amir/Desktop/COGAR/COGAR_Foundation-Model-Segmentation-for-Robotic-Scenes/data/cogar_sim_500/instance_masks/all/ann_00000120_img_000006_cat_cable.png,105.0,264.0,250.0,480.0,/home/amir/Desktop/COGAR/COGAR_Foundation-Model-Segmentation-for-Robotic-Scenes/outputs/sim_sam_vit_b_box_25/masks/row_0102_object_120_sam_mask.png,,0.9779890179634094,0.9520208604954368,0.9992006394884093,0.012023777000194968,83.16854179712288,cuda,vit_b
103,000006.png,121,data/cogar_sim_500/rgb/000006.png,/home/amir/Desktop/COGAR/COGAR_Foundation-Model-Segmentation-for-Robotic-Scenes/data/cogar_sim_500/instance_masks/all/ann_00000121_img_000006_cat_glass_object.png,382.0,66.0,542.0,182.0,/home/amir/Desktop/COGAR/COGAR_Foundation-Model-Segmentation-for-Robotic-Scenes/outputs/sim_sam_vit_b_box_25/masks/row_0103_object_121_sam_mask.png,,0.9494975209236145,0.9389569554374932,0.8905013192612137,0.012012354000034975,83.2476298981106,cuda,vit_b
104,000006.png,122,data/cogar_sim_500/rgb/000006.png,/home/amir/Desktop/COGAR/COGAR_Foundation-Model-Segmentation-for-Robotic-Scenes/data/cogar_sim_500/instance_masks/all/ann_00000122_img_000006_cat_glass_object.png,521.0,110.0,564.0,186.0,/home/amir/Desktop/COGAR/COGAR_Foundation-Model-Segmentation-for-Robotic-Scenes/outputs/sim_sam_vit_b_box_25/masks/row_0104_object_122_sam_mask.png,,0.9760870933532715,0.9588713534194165,1.0,0.012015725999845017,83.22426793128425,cuda,vit_b
105,000006.png,123,data/cogar_sim_500/rgb/000006.png,/home/amir/Desktop/COGAR/COGAR_Foundation-Model-Segmentation-for-Robotic-Scenes/data/cogar_sim_500/instance_masks/all/ann_00000123_img_000006_cat_box.png,264.0,217.0,418.0,300.0,/home/amir/Desktop/COGAR/COGAR_Foundation-Model-Segmentation-for-Robotic-Scenes/outputs/sim_sam_vit_b_box_25/masks/row_0105_object_123_sam_mask.png,,0.9720346927642822,0.9776496034607065,1.0,0.012196064999898226,81.99365943100048,cuda,vit_b
106,000006.png,124,data/cogar_sim_500/rgb/000006.png,/home/amir/Desktop/COGAR/COGAR_Foundation-Model-Segmentation-for-Robotic-Scenes/data/cogar_sim_500/instance_masks/all/ann_00000124_img_000006_cat_box.png,410.0,242.0,510.0,277.0,/home/amir/Desktop/COGAR/COGAR_Foundation-Model-Segmentation-for-Robotic-Scenes/outputs/sim_sam_vit_b_box_25/masks/row_0106_object_124_sam_mask.png,,0.9688820838928223,0.9608114338404795,1.0,0.012935261999700742,77.30805916595544,cuda,vit_b
107,000006.png,125,data/cogar_sim_500/rgb/000006.png,/home/amir/Desktop/COGAR/COGAR_Foundation-Model-Segmentation-for-Robotic-Scenes/data/cogar_sim_500/instance_masks/all/ann_00000125_img_000006_cat_box.png,0.0,228.0,189.0,466.0,/home/amir/Desktop/COGAR/COGAR_Foundation-Model-Segmentation-for-Robotic-Scenes/outputs/sim_sam_vit_b_box_25/masks/row_0107_object_125_sam_mask.png,,1.0006052255630493,0.9919958599275487,1.0,0.01280544600012945,78.09177438957542,cuda,vit_b
108,000006.png,126,data/cogar_sim_500/rgb/000006.png,/home/amir/Desktop/COGAR/COGAR_Foundation-Model-Segmentation-for-Robotic-Scenes/data/cogar_sim_500/instance_masks/all/ann_00000126_img_000006_cat_plastic_object.png,500.0,274.0,567.0,351.0,/home/amir/Desktop/COGAR/COGAR_Foundation-Model-Segmentation-for-Robotic-Scenes/outputs/sim_sam_vit_b_box_25/masks/row_0108_object_126_sam_mask.png,,0.9855473041534424,0.9747057350363135,1.0,0.012917296000068745,77.41558295131412,cuda,vit_b
109,000006.png,127,data/cogar_sim_500/rgb/000006.png,/home/amir/Desktop/COGAR/COGAR_Foundation-Model-Segmentation-for-Robotic-Scenes/data/cogar_sim_500/instance_masks/all/ann_00000127_img_000006_cat_connector.png,145.0,92.0,212.0,136.0,/home/amir/Desktop/COGAR/COGAR_Foundation-Model-Segmentation-for-Robotic-Scenes/outputs/sim_sam_vit_b_box_25/masks/row_0109_object_127_sam_mask.png,,0.9751458168029785,0.9678966789667897,1.0,0.012107737999940582,82.59181029560662,cuda,vit_b
110,000006.png,128,data/cogar_sim_500/rgb/000006.png,/home/amir/Desktop/COGAR/COGAR_Foundation-Model-Segmentation-for-Robotic-Scenes/data/cogar_sim_500/instance_masks/all/ann_00000128_img_000006_cat_glass_object.png,338.0,94.0,399.0,157.0,/home/amir/Desktop/COGAR/COGAR_Foundation-Model-Segmentation-for-Robotic-Scenes/outputs/sim_sam_vit_b_box_25/masks/row_0110_object_128_sam_mask.png,,0.9877892732620239,0.9256605463502016,0.9833286239050579,0.012179899999864574,82.10248031684323,cuda,vit_b
111,000006.png,129,data/cogar_sim_500/rgb/000006.png,/home/amir/Desktop/COGAR/COGAR_Foundation-Model-Segmentation-for-Robotic-Scenes/data/cogar_sim_500/instance_masks/all/ann_00000129_img_000006_cat_robot_gripper.png,215.0,131.0,640.0,279.0,/home/amir/Desktop/COGAR/COGAR_Foundation-Model-Segmentation-for-Robotic-Scenes/outputs/sim_sam_vit_b_box_25/masks/row_0111_object_129_sam_mask.png,,0.9818915128707886,0.9723628820694283,0.9738941469133331,0.01208398099970509,82.75418506735528,cuda,vit_b
112,000006.png,130,data/cogar_sim_500/rgb/000006.png,/home/amir/Desktop/COGAR/COGAR_Foundation-Model-Segmentation-for-Robotic-Scenes/data/cogar_sim_500/instance_masks/all/ann_00000130_img_000006_cat_robot_gripper.png,337.0,224.0,382.0,243.0,/home/amir/Desktop/COGAR/COGAR_Foundation-Model-Segmentation-for-Robotic-Scenes/outputs/sim_sam_vit_b_box_25/masks/row_0112_object_130_sam_mask.png,,0.9485582709312439,0.8679245283018868,0.9875518672199171,0.012021437000385049,83.18473074125579,cuda,vit_b
113,000006.png,131,data/cogar_sim_500/rgb/000006.png,/home/amir/Desktop/COGAR/COGAR_Foundation-Model-Segmentation-for-Robotic-Scenes/data/cogar_sim_500/instance_masks/all/ann_00000131_img_000006_cat_robot_gripper.png,457.0,114.0,523.0,180.0,/home/amir/Desktop/COGAR/COGAR_Foundation-Model-Segmentation-for-Robotic-Scenes/outputs/sim_sam_vit_b_box_25/masks/row_0113_object_131_sam_mask.png,,0.9767347574234009,0.9544364508393285,1.0,0.012502623999807838,79.98320992580196,cuda,vit_b
114,000008.png,136,data/cogar_sim_500/rgb/000008.png,/home/amir/Desktop/COGAR/COGAR_Foundation-Model-Segmentation-for-Robotic-Scenes/data/cogar_sim_500/instance_masks/all/ann_00000136_img_000008_cat_screw.png,281.0,165.0,294.0,189.0,/home/amir/Desktop/COGAR/COGAR_Foundation-Model-Segmentation-for-Robotic-Scenes/outputs/sim_sam_vit_b_box_25/masks/row_0114_object_136_sam_mask.png,,0.9512133598327637,0.932,1.0,0.15724866399978055,6.35935450619406,cuda,vit_b
115,000008.png,138,data/cogar_sim_500/rgb/000008.png,/home/amir/Desktop/COGAR/COGAR_Foundation-Model-Segmentation-for-Robotic-Scenes/data/cogar_sim_500/instance_masks/all/ann_00000138_img_000008_cat_connector.png,417.0,297.0,462.0,351.0,/home/amir/Desktop/COGAR/COGAR_Foundation-Model-Segmentation-for-Robotic-Scenes/outputs/sim_sam_vit_b_box_25/masks/row_0115_object_138_sam_mask.png,,0.9843733310699463,0.9600785340314136,1.0,0.012201492999793118,81.95718343787564,cuda,vit_b
116,000008.png,139,data/cogar_sim_500/rgb/000008.png,/home/amir/Desktop/COGAR/COGAR_Foundation-Model-Segmentation-for-Robotic-Scenes/data/cogar_sim_500/instance_masks/all/ann_00000139_img_000008_cat_plastic_object.png,234.0,89.0,313.0,165.0,/home/amir/Desktop/COGAR/COGAR_Foundation-Model-Segmentation-for-Robotic-Scenes/outputs/sim_sam_vit_b_box_25/masks/row_0116_object_139_sam_mask.png,,0.9815124869346619,0.9808347529812607,1.0,0.012000725999769202,83.32829197327162,cuda,vit_b
117,000008.png,140,data/cogar_sim_500/rgb/000008.png,/home/amir/Desktop/COGAR/COGAR_Foundation-Model-Segmentation-for-Robotic-Scenes/data/cogar_sim_500/instance_masks/all/ann_00000140_img_000008_cat_connector.png,419.0,444.0,497.0,480.0,/home/amir/Desktop/COGAR/COGAR_Foundation-Model-Segmentation-for-Robotic-Scenes/outputs/sim_sam_vit_b_box_25/masks/row_0117_object_140_sam_mask.png,,0.9713617563247681,0.9100071994240461,0.9110218652387327,0.012130653999975038,82.43578623230518,cuda,vit_b
118,000008.png,141,data/cogar_sim_500/rgb/000008.png,/home/amir/Desktop/COGAR/COGAR_Foundation-Model-Segmentation-for-Robotic-Scenes/data/cogar_sim_500/instance_masks/all/ann_00000141_img_000008_cat_screw.png,141.0,55.0,160.0,78.0,/home/amir/Desktop/COGAR/COGAR_Foundation-Model-Segmentation-for-Robotic-Scenes/outputs/sim_sam_vit_b_box_25/masks/row_0118_object_141_sam_mask.png,,0.9555213451385498,0.9308176100628931,1.0,0.012049478999870189,82.99114011574883,cuda,vit_b
119,000008.png,142,data/cogar_sim_500/rgb/000008.png,/home/amir/Desktop/COGAR/COGAR_Foundation-Model-Segmentation-for-Robotic-Scenes/data/cogar_sim_500/instance_masks/all/ann_00000142_img_000008_cat_screw.png,462.0,134.0,484.0,154.0,/home/amir/Desktop/COGAR/COGAR_Foundation-Model-Segmentation-for-Robotic-Scenes/outputs/sim_sam_vit_b_box_25/masks/row_0119_object_142_sam_mask.png,,0.9019728302955627,0.9477611940298507,1.0,0.01205312199999753,82.96605642921436,cuda,vit_b
120,000008.png,143,data/cogar_sim_500/rgb/000008.png,/home/amir/Desktop/COGAR/COGAR_Foundation-Model-Segmentation-for-Robotic-Scenes/data/cogar_sim_500/instance_masks/all/ann_00000143_img_000008_cat_connector.png,64.0,263.0,84.0,270.0,/home/amir/Desktop/COGAR/COGAR_Foundation-Model-Segmentation-for-Robotic-Scenes/outputs/sim_sam_vit_b_box_25/masks/row_0120_object_143_sam_mask.png,,0.8771918416023254,0.7126436781609196,1.0,0.012330271999871911,81.10121171782652,cuda,vit_b
121,000008.png,144,data/cogar_sim_500/rgb/000008.png,/home/amir/Desktop/COGAR/COGAR_Foundation-Model-Segmentation-for-Robotic-Scenes/data/cogar_sim_500/instance_masks/all/ann_00000144_img_000008_cat_box.png,12.0,267.0,182.0,431.0,/home/amir/Desktop/COGAR/COGAR_Foundation-Model-Segmentation-for-Robotic-Scenes/outputs/sim_sam_vit_b_box_25/masks/row_0121_object_144_sam_mask.png,,0.9450805187225342,0.9178674351585014,0.7618069270337784,0.012004284999875381,83.30358701166969,cuda,vit_b
122,000008.png,145,data/cogar_sim_500/rgb/000008.png,/home/amir/Desktop/COGAR/COGAR_Foundation-Model-Segmentation-for-Robotic-Scenes/data/cogar_sim_500/instance_masks/all/ann_00000145_img_000008_cat_connector.png,28.0,143.0,79.0,232.0,/home/amir/Desktop/COGAR/COGAR_Foundation-Model-Segmentation-for-Robotic-Scenes/outputs/sim_sam_vit_b_box_25/masks/row_0122_object_145_sam_mask.png,,0.9799006581306458,0.9703153988868275,1.0,0.011998234000202501,83.34559902591685,cuda,vit_b
123,000008.png,146,data/cogar_sim_500/rgb/000008.png,/home/amir/Desktop/COGAR/COGAR_Foundation-Model-Segmentation-for-Robotic-Scenes/data/cogar_sim_500/instance_masks/all/ann_00000146_img_000008_cat_screw.png,463.0,225.0,486.0,245.0,/home/amir/Desktop/COGAR/COGAR_Foundation-Model-Segmentation-for-Robotic-Scenes/outputs/sim_sam_vit_b_box_25/masks/row_0123_object_146_sam_mask.png,,0.9550102353096008,0.9506172839506173,1.0,0.01205109500006074,82.98001135954532,cuda,vit_b
124,000008.png,147,data/cogar_sim_500/rgb/000008.png,/home/amir/Desktop/COGAR/COGAR_Foundation-Model-Segmentation-for-Robotic-Scenes/data/cogar_sim_500/instance_masks/all/ann_00000147_img_000008_cat_cable.png,315.0,356.0,420.0,480.0,/home/amir/Desktop/COGAR/COGAR_Foundation-Model-Segmentation-for-Robotic-Scenes/outputs/sim_sam_vit_b_box_25/masks/row_0124_object_147_sam_mask.png,,0.965437650680542,0.9353796445880452,0.99295489102889,0.012006635000034294,83.28728240653138,cuda,vit_b
125,000008.png,148,data/cogar_sim_500/rgb/000008.png,/home/amir/Desktop/COGAR/COGAR_Foundation-Model-Segmentation-for-Robotic-Scenes/data/cogar_sim_500/instance_masks/all/ann_00000148_img_000008_cat_connector.png,477.0,286.0,536.0,330.0,/home/amir/Desktop/COGAR/COGAR_Foundation-Model-Segmentation-for-Robotic-Scenes/outputs/sim_sam_vit_b_box_25/masks/row_0125_object_148_sam_mask.png,,0.9781551361083984,0.9582132564841499,1.0,0.012139403000219318,82.37637386137799,cuda,vit_b
126,000008.png,149,data/cogar_sim_500/rgb/000008.png,/home/amir/Desktop/COGAR/COGAR_Foundation-Model-Segmentation-for-Robotic-Scenes/data/cogar_sim_500/instance_masks/all/ann_00000149_img_000008_cat_screw.png,534.0,207.0,546.0,230.0,/home/amir/Desktop/COGAR/COGAR_Foundation-Model-Segmentation-for-Robotic-Scenes/outputs/sim_sam_vit_b_box_25/masks/row_0126_object_149_sam_mask.png,,0.9184677004814148,0.7526315789473684,1.0,0.01205123999989155,82.97901294879192,cuda,vit_b
127,000008.png,150,data/cogar_sim_500/rgb/000008.png,/home/amir/Desktop/COGAR/COGAR_Foundation-Model-Segmentation-for-Robotic-Scenes/data/cogar_sim_500/instance_masks/all/ann_00000150_img_000008_cat_connector.png,410.0,382.0,474.0,467.0,/home/amir/Desktop/COGAR/COGAR_Foundation-Model-Segmentation-for-Robotic-Scenes/outputs/sim_sam_vit_b_box_25/masks/row_0127_object_150_sam_mask.png,,0.9552775025367737,0.9561720948934459,1.0,0.01202806600031181,83.1388853348557,cuda,vit_b
128,000008.png,151,data/cogar_sim_500/rgb/000008.png,/home/amir/Desktop/COGAR/COGAR_Foundation-Model-Segmentation-for-Robotic-Scenes/data/cogar_sim_500/instance_masks/all/ann_00000151_img_000008_cat_connector.png,195.0,53.0,285.0,115.0,/home/amir/Desktop/COGAR/COGAR_Foundation-Model-Segmentation-for-Robotic-Scenes/outputs/sim_sam_vit_b_box_25/masks/row_0128_object_151_sam_mask.png,,0.9815311431884766,0.971592722630067,1.0,0.0119972110001072,83.35270589064947,cuda,vit_b
129,000008.png,152,data/cogar_sim_500/rgb/000008.png,/home/amir/Desktop/COGAR/COGAR_Foundation-Model-Segmentation-for-Robotic-Scenes/data/cogar_sim_500/instance_masks/all/ann_00000152_img_000008_cat_plastic_object.png,378.0,182.0,450.0,258.0,/home/amir/Desktop/COGAR/COGAR_Foundation-Model-Segmentation-for-Robotic-Scenes/outputs/sim_sam_vit_b_box_25/masks/row_0129_object_152_sam_mask.png,,0.9850642681121826,0.9834322453016815,1.0,0.01188314299997728,84.15282051237723,cuda,vit_b
130,000008.png,153,data/cogar_sim_500/rgb/000008.png,/home/amir/Desktop/COGAR/COGAR_Foundation-Model-Segmentation-for-Robotic-Scenes/data/cogar_sim_500/instance_masks/all/ann_00000153_img_000008_cat_connector.png,131.0,221.0,221.0,304.0,/home/amir/Desktop/COGAR/COGAR_Foundation-Model-Segmentation-for-Robotic-Scenes/outputs/sim_sam_vit_b_box_25/masks/row_0130_object_153_sam_mask.png,,0.9816029071807861,0.9631843926998112,1.0,0.011918471000171849,83.9033798870326,cuda,vit_b
131,000008.png,154,data/cogar_sim_500/rgb/000008.png,/home/amir/Desktop/COGAR/COGAR_Foundation-Model-Segmentation-for-Robotic-Scenes/data/cogar_sim_500/instance_masks/all/ann_00000154_img_000008_cat_connector.png,457.0,341.0,510.0,401.0,/home/amir/Desktop/COGAR/COGAR_Foundation-Model-Segmentation-for-Robotic-Scenes/outputs/sim_sam_vit_b_box_25/masks/row_0131_object_154_sam_mask.png,,0.9792271256446838,0.9632152588555858,1.0,0.012314828999933525,81.20291398324719,cuda,vit_b
132,000008.png,155,data/cogar_sim_500/rgb/000008.png,/home/amir/Desktop/COGAR/COGAR_Foundation-Model-Segmentation-for-Robotic-Scenes/data/cogar_sim_500/instance_masks/all/ann_00000155_img_000008_cat_screw.png,408.0,295.0,432.0,313.0,/home/amir/Desktop/COGAR/COGAR_Foundation-Model-Segmentation-for-Robotic-Scenes/outputs/sim_sam_vit_b_box_25/masks/row_0132_object_155_sam_mask.png,,0.955936074256897,0.937125748502994,1.0,0.012198562999856222,81.976868915772,cuda,vit_b
133,000008.png,156,data/cogar_sim_500/rgb/000008.png,/home/amir/Desktop/COGAR/COGAR_Foundation-Model-Segmentation-for-Robotic-Scenes/data/cogar_sim_500/instance_masks/all/ann_00000156_img_000008_cat_screw.png,265.0,353.0,286.0,374.0,/home/amir/Desktop/COGAR/COGAR_Foundation-Model-Segmentation-for-Robotic-Scenes/outputs/sim_sam_vit_b_box_25/masks/row_0133_object_156_sam_mask.png,,0.9588649868965149,0.9376770538243626,1.0,0.012143093999839039,82.35133484211318,cuda,vit_b
134,000008.png,157,data/cogar_sim_500/rgb/000008.png,/home/amir/Desktop/COGAR/COGAR_Foundation-Model-Segmentation-for-Robotic-Scenes/data/cogar_sim_500/instance_masks/all/ann_00000157_img_000008_cat_box.png,99.0,325.0,256.0,480.0,/home/amir/Desktop/COGAR/COGAR_Foundation-Model-Segmentation-for-Robotic-Scenes/outputs/sim_sam_vit_b_box_25/masks/row_0134_object_157_sam_mask.png,,0.9776918888092041,0.9266692647440894,0.807068978893512,0.011990267999863136,83.40097152218905,cuda,vit_b
135,000008.png,158,data/cogar_sim_500/rgb/000008.png,/home/amir/Desktop/COGAR/COGAR_Foundation-Model-Segmentation-for-Robotic-Scenes/data/cogar_sim_500/instance_masks/all/ann_00000158_img_000008_cat_screw.png,298.0,86.0,317.0,109.0,/home/amir/Desktop/COGAR/COGAR_Foundation-Model-Segmentation-for-Robotic-Scenes/outputs/sim_sam_vit_b_box_25/masks/row_0135_object_158_sam_mask.png,,0.9673683643341064,0.9832635983263598,1.0,0.012076757000158977,82.80368645215235,cuda,vit_b
136,000008.png,159,data/cogar_sim_500/rgb/000008.png,/home/amir/Desktop/COGAR/COGAR_Foundation-Model-Segmentation-for-Robotic-Scenes/data/cogar_sim_500/instance_masks/all/ann_00000159_img_000008_cat_screw.png,400.0,438.0,413.0,460.0,/home/amir/Desktop/COGAR/COGAR_Foundation-Model-Segmentation-for-Robotic-Scenes/outputs/sim_sam_vit_b_box_25/masks/row_0136_object_159_sam_mask.png,,0.9372666478157043,0.9154228855721394,1.0,0.012512872000115749,79.91770394444613,cuda,vit_b
137,000008.png,160,data/cogar_sim_500/rgb/000008.png,/home/amir/Desktop/COGAR/COGAR_Foundation-Model-Segmentation-for-Robotic-Scenes/data/cogar_sim_500/instance_masks/all/ann_00000160_img_000008_cat_connector.png,343.0,193.0,393.0,224.0,/home/amir/Desktop/COGAR/COGAR_Foundation-Model-Segmentation-for-Robotic-Scenes/outputs/sim_sam_vit_b_box_25/masks/row_0137_object_160_sam_mask.png,,0.9738907217979431,0.9700598802395209,1.0,0.012084831000265694,82.7483644560701,cuda,vit_b
138,000008.png,161,data/cogar_sim_500/rgb/000008.png,/home/amir/Desktop/COGAR/COGAR_Foundation-Model-Segmentation-for-Robotic-Scenes/data/cogar_sim_500/instance_masks/all/ann_00000161_img_000008_cat_cable.png,482.0,65.0,594.0,311.0,/home/amir/Desktop/COGAR/COGAR_Foundation-Model-Segmentation-for-Robotic-Scenes/outputs/sim_sam_vit_b_box_25/masks/row_0138_object_161_sam_mask.png,,0.9883702993392944,0.9622551361681796,1.0,0.012254140000095504,81.60507387643739,cuda,vit_b
139,000008.png,162,data/cogar_sim_500/rgb/000008.png,/home/amir/Desktop/COGAR/COGAR_Foundation-Model-Segmentation-for-Robotic-Scenes/data/cogar_sim_500/instance_masks/all/ann_00000162_img_000008_cat_cable.png,261.0,332.0,452.0,384.0,/home/amir/Desktop/COGAR/COGAR_Foundation-Model-Segmentation-for-Robotic-Scenes/outputs/sim_sam_vit_b_box_25/masks/row_0139_object_162_sam_mask.png,,0.938886284828186,0.9453340695748206,1.0,0.01203642399968885,83.08115433835255,cuda,vit_b
140,000008.png,163,data/cogar_sim_500/rgb/000008.png,/home/amir/Desktop/COGAR/COGAR_Foundation-Model-Segmentation-for-Robotic-Scenes/data/cogar_sim_500/instance_masks/all/ann_00000163_img_000008_cat_screw.png,139.0,77.0,164.0,93.0,/home/amir/Desktop/COGAR/COGAR_Foundation-Model-Segmentation-for-Robotic-Scenes/outputs/sim_sam_vit_b_box_25/masks/row_0140_object_163_sam_mask.png,,0.9548207521438599,0.8888888888888888,1.0,0.012164474000201153,82.20659602572736,cuda,vit_b
141,000008.png,164,data/cogar_sim_500/rgb/000008.png,/home/amir/Desktop/COGAR/COGAR_Foundation-Model-Segmentation-for-Robotic-Scenes/data/cogar_sim_500/instance_masks/all/ann_00000164_img_000008_cat_screw.png,371.0,259.0,395.0,283.0,/home/amir/Desktop/COGAR/COGAR_Foundation-Model-Segmentation-for-Robotic-Scenes/outputs/sim_sam_vit_b_box_25/masks/row_0141_object_164_sam_mask.png,,0.995456337928772,0.9335038363171355,1.0,0.012922782999794435,77.38271237827851,cuda,vit_b
142,000008.png,165,data/cogar_sim_500/rgb/000008.png,/home/amir/Desktop/COGAR/COGAR_Foundation-Model-Segmentation-for-Robotic-Scenes/data/cogar_sim_500/instance_masks/all/ann_00000165_img_000008_cat_connector.png,213.0,144.0,232.0,168.0,/home/amir/Desktop/COGAR/COGAR_Foundation-Model-Segmentation-for-Robotic-Scenes/outputs/sim_sam_vit_b_box_25/masks/row_0142_object_165_sam_mask.png,,0.9082915782928467,0.6666666666666666,0.9917355371900827,0.012982247999843821,77.02826197835923,cuda,vit_b
143,000008.png,166,data/cogar_sim_500/rgb/000008.png,/home/amir/Desktop/COGAR/COGAR_Foundation-Model-Segmentation-for-Robotic-Scenes/data/cogar_sim_500/instance_masks/all/ann_00000166_img_000008_cat_metal_part.png,376.0,223.0,379.0,237.0,/home/amir/Desktop/COGAR/COGAR_Foundation-Model-Segmentation-for-Robotic-Scenes/outputs/sim_sam_vit_b_box_25/masks/row_0143_object_166_sam_mask.png,,0.8516244292259216,0.8333333333333334,1.0,0.01241178200007198,80.56860811720675,cuda,vit_b
144,000008.png,167,data/cogar_sim_500/rgb/000008.png,/home/amir/Desktop/COGAR/COGAR_Foundation-Model-Segmentation-for-Robotic-Scenes/data/cogar_sim_500/instance_masks/all/ann_00000167_img_000008_cat_connector.png,58.0,181.0,149.0,268.0,/home/amir/Desktop/COGAR/COGAR_Foundation-Model-Segmentation-for-Robotic-Scenes/outputs/sim_sam_vit_b_box_25/masks/row_0144_object_167_sam_mask.png,,0.9706289768218994,0.9521752545510644,0.9775910364145658,0.012166805000106251,82.19084632253637,cuda,vit_b
145,000008.png,168,data/cogar_sim_500/rgb/000008.png,/home/amir/Desktop/COGAR/COGAR_Foundation-Model-Segmentation-for-Robotic-Scenes/data/cogar_sim_500/instance_masks/all/ann_00000168_img_000008_cat_screw.png,531.0,308.0,546.0,325.0,/home/amir/Desktop/COGAR/COGAR_Foundation-Model-Segmentation-for-Robotic-Scenes/outputs/sim_sam_vit_b_box_25/masks/row_0145_object_168_sam_mask.png,,0.9618154764175415,0.9216867469879518,1.0,0.012091414999758854,82.7033064384891,cuda,vit_b
146,000008.png,169,data/cogar_sim_500/rgb/000008.png,/home/amir/Desktop/COGAR/COGAR_Foundation-Model-Segmentation-for-Robotic-Scenes/data/cogar_sim_500/instance_masks/all/ann_00000169_img_000008_cat_robot_gripper.png,155.0,130.0,375.0,373.0,/home/amir/Desktop/COGAR/COGAR_Foundation-Model-Segmentation-for-Robotic-Scenes/outputs/sim_sam_vit_b_box_25/masks/row_0146_object_169_sam_mask.png,,0.980457067489624,0.9037433155080213,0.8698770791906817,0.012186204000045109,82.06000818600266,cuda,vit_b
147,000008.png,170,data/cogar_sim_500/rgb/000008.png,/home/amir/Desktop/COGAR/COGAR_Foundation-Model-Segmentation-for-Robotic-Scenes/data/cogar_sim_500/instance_masks/all/ann_00000170_img_000008_cat_robot_gripper.png,296.0,216.0,355.0,273.0,/home/amir/Desktop/COGAR/COGAR_Foundation-Model-Segmentation-for-Robotic-Scenes/outputs/sim_sam_vit_b_box_25/masks/row_0147_object_170_sam_mask.png,,0.9649962186813354,0.9401368301026226,0.9977728285077951,0.012058594999871275,82.92840086350648,cuda,vit_b
148,000009.png,172,data/cogar_sim_500/rgb/000009.png,/home/amir/Desktop/COGAR/COGAR_Foundation-Model-Segmentation-for-Robotic-Scenes/data/cogar_sim_500/instance_masks/all/ann_00000172_img_000009_cat_screw.png,404.0,175.0,433.0,197.0,/home/amir/Desktop/COGAR/COGAR_Foundation-Model-Segmentation-for-Robotic-Scenes/outputs/sim_sam_vit_b_box_25/masks/row_0148_object_172_sam_mask.png,,0.94271320104599,0.9289099526066351,1.0,0.15589672999976756,6.4145027288352425,cuda,vit_b
149,000009.png,173,data/cogar_sim_500/rgb/000009.png,/home/amir/Desktop/COGAR/COGAR_Foundation-Model-Segmentation-for-Robotic-Scenes/data/cogar_sim_500/instance_masks/all/ann_00000173_img_000009_cat_connector.png,260.0,367.0,288.0,422.0,/home/amir/Desktop/COGAR/COGAR_Foundation-Model-Segmentation-for-Robotic-Scenes/outputs/sim_sam_vit_b_box_25/masks/row_0149_object_173_sam_mask.png,,0.9761028289794922,0.9514200298953662,1.0,0.011974626999744942,83.50990807657725,cuda,vit_b
150,000009.png,174,data/cogar_sim_500/rgb/000009.png,/home/amir/Desktop/COGAR/COGAR_Foundation-Model-Segmentation-for-Robotic-Scenes/data/cogar_sim_500/instance_masks/all/ann_00000174_img_000009_cat_cable.png,263.0,440.0,598.0,479.0,/home/amir/Desktop/COGAR/COGAR_Foundation-Model-Segmentation-for-Robotic-Scenes/outputs/sim_sam_vit_b_box_25/masks/row_0150_object_174_sam_mask.png,,0.9145426154136658,0.8162762022194822,0.8735284221163049,0.011996084000202245,83.36053665372306,cuda,vit_b
151,000009.png,175,data/cogar_sim_500/rgb/000009.png,/home/amir/Desktop/COGAR/COGAR_Foundation-Model-Segmentation-for-Robotic-Scenes/data/cogar_sim_500/instance_masks/all/ann_00000175_img_000009_cat_plastic_object.png,279.0,347.0,361.0,428.0,/home/amir/Desktop/COGAR/COGAR_Foundation-Model-Segmentation-for-Robotic-Scenes/outputs/sim_sam_vit_b_box_25/masks/row_0151_object_175_sam_mask.png,,0.9869508147239685,0.9738671781347399,1.0,0.011887818999639421,84.11971952385309,cuda,vit_b
152,000009.png,176,data/cogar_sim_500/rgb/000009.png,/home/amir/Desktop/COGAR/COGAR_Foundation-Model-Segmentation-for-Robotic-Scenes/data/cogar_sim_500/instance_masks/all/ann_00000176_img_000009_cat_plastic_object.png,249.0,262.0,299.0,335.0,/home/amir/Desktop/COGAR/COGAR_Foundation-Model-Segmentation-for-Robotic-Scenes/outputs/sim_sam_vit_b_box_25/masks/row_0152_object_176_sam_mask.png,,0.9848029017448425,0.9796251018744906,1.0,0.01192216500021459,83.87738300736491,cuda,vit_b
153,000009.png,177,data/cogar_sim_500/rgb/000009.png,/home/amir/Desktop/COGAR/COGAR_Foundation-Model-Segmentation-for-Robotic-Scenes/data/cogar_sim_500/instance_masks/all/ann_00000177_img_000009_cat_plastic_object.png,384.0,333.0,433.0,384.0,/home/amir/Desktop/COGAR/COGAR_Foundation-Model-Segmentation-for-Robotic-Scenes/outputs/sim_sam_vit_b_box_25/masks/row_0153_object_177_sam_mask.png,,0.97737717628479,0.9649298597194389,1.0,0.012570753999625595,79.54972311364806,cuda,vit_b
154,000009.png,179,data/cogar_sim_500/rgb/000009.png,/home/amir/Desktop/COGAR/COGAR_Foundation-Model-Segmentation-for-Robotic-Scenes/data/cogar_sim_500/instance_masks/all/ann_00000179_img_000009_cat_cable.png,167.0,94.0,351.0,351.0,/home/amir/Desktop/COGAR/COGAR_Foundation-Model-Segmentation-for-Robotic-Scenes/outputs/sim_sam_vit_b_box_25/masks/row_0154_object_179_sam_mask.png,,0.8590177893638611,0.7145790554414785,0.7353005950535505,0.011984007000137353,83.4445440484588,cuda,vit_b
155,000009.png,180,data/cogar_sim_500/rgb/000009.png,/home/amir/Desktop/COGAR/COGAR_Foundation-Model-Segmentation-for-Robotic-Scenes/data/cogar_sim_500/instance_masks/all/ann_00000180_img_000009_cat_glass_object.png,433.0,211.0,561.0,314.0,/home/amir/Desktop/COGAR/COGAR_Foundation-Model-Segmentation-for-Robotic-Scenes/outputs/sim_sam_vit_b_box_25/masks/row_0155_object_180_sam_mask.png,,0.9878419637680054,0.9513014273719563,0.966958860394286,0.011974779999945895,83.50884108138256,cuda,vit_b
156,000009.png,181,data/cogar_sim_500/rgb/000009.png,/home/amir/Desktop/COGAR/COGAR_Foundation-Model-Segmentation-for-Robotic-Scenes/data/cogar_sim_500/instance_masks/all/ann_00000181_img_000009_cat_tool.png,242.0,405.0,380.0,480.0,/home/amir/Desktop/COGAR/COGAR_Foundation-Model-Segmentation-for-Robotic-Scenes/outputs/sim_sam_vit_b_box_25/masks/row_0156_object_181_sam_mask.png,,0.9659330248832703,0.9218999043672298,0.9837394711949913,0.012138792999849102,82.38051345075503,cuda,vit_b
157,000009.png,182,data/cogar_sim_500/rgb/000009.png,/home/amir/Desktop/COGAR/COGAR_Foundation-Model-Segmentation-for-Robotic-Scenes/data/cogar_sim_500/instance_masks/all/ann_00000182_img_000009_cat_plastic_object.png,308.0,83.0,360.0,142.0,/home/amir/Desktop/COGAR/COGAR_Foundation-Model-Segmentation-for-Robotic-Scenes/outputs/sim_sam_vit_b_box_25/masks/row_0157_object_182_sam_mask.png,,0.9831576347351074,0.9764188649080735,1.0,0.011942150999857404,83.73700851814222,cuda,vit_b
158,000009.png,183,data/cogar_sim_500/rgb/000009.png,/home/amir/Desktop/COGAR/COGAR_Foundation-Model-Segmentation-for-Robotic-Scenes/data/cogar_sim_500/instance_masks/all/ann_00000183_img_000009_cat_plastic_object.png,430.0,320.0,500.0,405.0,/home/amir/Desktop/COGAR/COGAR_Foundation-Model-Segmentation-for-Robotic-Scenes/outputs/sim_sam_vit_b_box_25/masks/row_0158_object_183_sam_mask.png,,0.9824774265289307,0.9746097814776274,0.9984152139461173,0.011933581000448612,83.79714353658031,cuda,vit_b
159,000009.png,184,data/cogar_sim_500/rgb/000009.png,/home/amir/Desktop/COGAR/COGAR_Foundation-Model-Segmentation-for-Robotic-Scenes/data/cogar_sim_500/instance_masks/all/ann_00000184_img_000009_cat_plastic_object.png,136.0,136.0,196.0,205.0,/home/amir/Desktop/COGAR/COGAR_Foundation-Model-Segmentation-for-Robotic-Scenes/outputs/sim_sam_vit_b_box_25/masks/row_0159_object_184_sam_mask.png,,0.9814413785934448,0.9677174325864033,1.0,0.012082650999673206,82.76329424950258,cuda,vit_b
160,000009.png,185,data/cogar_sim_500/rgb/000009.png,/home/amir/Desktop/COGAR/COGAR_Foundation-Model-Segmentation-for-Robotic-Scenes/data/cogar_sim_500/instance_masks/all/ann_00000185_img_000009_cat_plastic_object.png,239.0,101.0,281.0,147.0,/home/amir/Desktop/COGAR/COGAR_Foundation-Model-Segmentation-for-Robotic-Scenes/outputs/sim_sam_vit_b_box_25/masks/row_0160_object_185_sam_mask.png,,0.9688180685043335,0.9792207792207792,1.0,0.012114658999962558,82.5446263079374,cuda,vit_b
161,000009.png,186,data/cogar_sim_500/rgb/000009.png,/home/amir/Desktop/COGAR/COGAR_Foundation-Model-Segmentation-for-Robotic-Scenes/data/cogar_sim_500/instance_masks/all/ann_00000186_img_000009_cat_plastic_object.png,218.0,183.0,279.0,244.0,/home/amir/Desktop/COGAR/COGAR_Foundation-Model-Segmentation-for-Robotic-Scenes/outputs/sim_sam_vit_b_box_25/masks/row_0161_object_186_sam_mask.png,,0.9760841131210327,0.9386304909560723,1.0,0.012021812000057253,83.18213593718131,cuda,vit_b
162,000009.png,188,data/cogar_sim_500/rgb/000009.png,/home/amir/Desktop/COGAR/COGAR_Foundation-Model-Segmentation-for-Robotic-Scenes/data/cogar_sim_500/instance_masks/all/ann_00000188_img_000009_cat_plastic_object.png,77.0,120.0,161.0,192.0,/home/amir/Desktop/COGAR/COGAR_Foundation-Model-Segmentation-for-Robotic-Scenes/outputs/sim_sam_vit_b_box_25/masks/row_0162_object_188_sam_mask.png,,0.9823373556137085,0.969176052163604,0.9727377447843338,0.012019374999908905,83.19900161261123,cuda,vit_b
163,000009.png,189,data/cogar_sim_500/rgb/000009.png,/home/amir/Desktop/COGAR/COGAR_Foundation-Model-Segmentation-for-Robotic-Scenes/data/cogar_sim_500/instance_masks/all/ann_00000189_img_000009_cat_robot_gripper.png,178.0,88.0,426.0,338.0,/home/amir/Desktop/COGAR/COGAR_Foundation-Model-Segmentation-for-Robotic-Scenes/outputs/sim_sam_vit_b_box_25/masks/row_0163_object_189_sam_mask.png,,0.985153079032898,0.8852962001416096,0.8777828259881871,0.012003951000224333,83.30590486259996,cuda,vit_b
164,000009.png,190,data/cogar_sim_500/rgb/000009.png,/home/amir/Desktop/COGAR/COGAR_Foundation-Model-Segmentation-for-Robotic-Scenes/data/cogar_sim_500/instance_masks/all/ann_00000190_img_000009_cat_robot_gripper.png,260.0,134.0,312.0,186.0,/home/amir/Desktop/COGAR/COGAR_Foundation-Model-Segmentation-for-Robotic-Scenes/outputs/sim_sam_vit_b_box_25/masks/row_0164_object_190_sam_mask.png,,0.9665809869766235,0.9282051282051282,1.0,0.012118106000343687,82.52114645404477,cuda,vit_b
165,000009.png,191,data/cogar_sim_500/rgb/000009.png,/home/amir/Desktop/COGAR/COGAR_Foundation-Model-Segmentation-for-Robotic-Scenes/data/cogar_sim_500/instance_masks/all/ann_00000191_img_000009_cat_robot_gripper.png,342.0,208.0,374.0,242.0,/home/amir/Desktop/COGAR/COGAR_Foundation-Model-Segmentation-for-Robotic-Scenes/outputs/sim_sam_vit_b_box_25/masks/row_0165_object_191_sam_mask.png,,0.9641924500465393,0.9744136460554371,1.0,0.012041944999964471,83.04306322632685,cuda,vit_b
166,000010.png,193,data/cogar_sim_500/rgb/000010.png,/home/amir/Desktop/COGAR/COGAR_Foundation-Model-Segmentation-for-Robotic-Scenes/data/cogar_sim_500/instance_masks/all/ann_00000193_img_000010_cat_tool.png,105.0,117.0,200.0,370.0,/home/amir/Desktop/COGAR/COGAR_Foundation-Model-Segmentation-for-Robotic-Scenes/outputs/sim_sam_vit_b_box_25/masks/row_0166_object_193_sam_mask.png,,0.9864495992660522,0.9165264656399638,0.9964493662619935,0.15427673800013508,6.481858593608094,cuda,vit_b
167,000010.png,194,data/cogar_sim_500/rgb/000010.png,/home/amir/Desktop/COGAR/COGAR_Foundation-Model-Segmentation-for-Robotic-Scenes/data/cogar_sim_500/instance_masks/all/ann_00000194_img_000010_cat_screw.png,465.0,268.0,496.0,293.0,/home/amir/Desktop/COGAR/COGAR_Foundation-Model-Segmentation-for-Robotic-Scenes/outputs/sim_sam_vit_b_box_25/masks/row_0167_object_194_sam_mask.png,,0.9586868286132812,0.8505494505494505,0.9032077843475022,0.01203083600012178,83.119743298793,cuda,vit_b
168,000010.png,195,data/cogar_sim_500/rgb/000010.png,/home/amir/Desktop/COGAR/COGAR_Foundation-Model-Segmentation-for-Robotic-Scenes/data/cogar_sim_500/instance_masks/all/ann_00000195_img_000010_cat_connector.png,4.0,282.0,48.0,334.0,/home/amir/Desktop/COGAR/COGAR_Foundation-Model-Segmentation-for-Robotic-Scenes/outputs/sim_sam_vit_b_box_25/masks/row_0168_object_195_sam_mask.png,,0.965454638004303,0.9602612955906369,1.0,0.01198045999990427,83.46924909460827,cuda,vit_b
169,000010.png,196,data/cogar_sim_500/rgb/000010.png,/home/amir/Desktop/COGAR/COGAR_Foundation-Model-Segmentation-for-Robotic-Scenes/data/cogar_sim_500/instance_masks/all/ann_00000196_img_000010_cat_plastic_object.png,159.0,391.0,223.0,452.0,/home/amir/Desktop/COGAR/COGAR_Foundation-Model-Segmentation-for-Robotic-Scenes/outputs/sim_sam_vit_b_box_25/masks/row_0169_object_196_sam_mask.png,,0.9823761582374573,0.9808660624370594,1.0,0.012163836000127048,82.21090780815815,cuda,vit_b
170,000010.png,197,data/cogar_sim_500/rgb/000010.png,/home/amir/Desktop/COGAR/COGAR_Foundation-Model-Segmentation-for-Robotic-Scenes/data/cogar_sim_500/instance_masks/all/ann_00000197_img_000010_cat_metal_part.png,354.0,333.0,415.0,386.0,/home/amir/Desktop/COGAR/COGAR_Foundation-Model-Segmentation-for-Robotic-Scenes/outputs/sim_sam_vit_b_box_25/masks/row_0170_object_197_sam_mask.png,,0.979454517364502,0.9640933572710951,1.0,0.012011760999939725,83.25173969120914,cuda,vit_b
171,000010.png,198,data/cogar_sim_500/rgb/000010.png,/home/amir/Desktop/COGAR/COGAR_Foundation-Model-Segmentation-for-Robotic-Scenes/data/cogar_sim_500/instance_masks/all/ann_00000198_img_000010_cat_tool.png,290.0,0.0,367.0,87.0,/home/amir/Desktop/COGAR/COGAR_Foundation-Model-Segmentation-for-Robotic-Scenes/outputs/sim_sam_vit_b_box_25/masks/row_0171_object_198_sam_mask.png,,0.9662551879882812,0.9555800293685757,1.0,0.012085085999842704,82.74661843639471,cuda,vit_b
172,000010.png,199,data/cogar_sim_500/rgb/000010.png,/home/amir/Desktop/COGAR/COGAR_Foundation-Model-Segmentation-for-Robotic-Scenes/data/cogar_sim_500/instance_masks/all/ann_00000199_img_000010_cat_tool.png,70.0,359.0,350.0,480.0,/home/amir/Desktop/COGAR/COGAR_Foundation-Model-Segmentation-for-Robotic-Scenes/outputs/sim_sam_vit_b_box_25/masks/row_0172_object_199_sam_mask.png,,0.9766234755516052,0.8388911209321013,0.7914507921267403,0.012070600000242848,82.84592315045491,cuda,vit_b
173,000010.png,200,data/cogar_sim_500/rgb/000010.png,/home/amir/Desktop/COGAR/COGAR_Foundation-Model-Segmentation-for-Robotic-Scenes/data/cogar_sim_500/instance_masks/all/ann_00000200_img_000010_cat_metal_part.png,403.0,11.0,471.0,64.0,/home/amir/Desktop/COGAR/COGAR_Foundation-Model-Segmentation-for-Robotic-Scenes/outputs/sim_sam_vit_b_box_25/masks/row_0173_object_200_sam_mask.png,,0.9726919531822205,0.9540575354229283,0.9878260869565216,0.012002688999928068,83.31466390622909,cuda,vit_b
174,000010.png,201,data/cogar_sim_500/rgb/000010.png,/home/amir/Desktop/COGAR/COGAR_Foundation-Model-Segmentation-for-Robotic-Scenes/data/cogar_sim_500/instance_masks/all/ann_00000201_img_000010_cat_tool.png,307.0,277.0,349.0,480.0,/home/amir/Desktop/COGAR/COGAR_Foundation-Model-Segmentation-for-Robotic-Scenes/outputs/sim_sam_vit_b_box_25/masks/row_0174_object_201_sam_mask.png,,0.9525855183601379,0.8876375735858715,0.8887920523432536,0.012075200000253972,82.81436332143298,cuda,vit_b
175,000010.png,202,data/cogar_sim_500/rgb/000010.png,/home/amir/Desktop/COGAR/COGAR_Foundation-Model-Segmentation-for-Robotic-Scenes/data/cogar_sim_500/instance_masks/all/ann_00000202_img_000010_cat_tool.png,266.0,52.0,472.0,140.0,/home/amir/Desktop/COGAR/COGAR_Foundation-Model-Segmentation-for-Robotic-Scenes/outputs/sim_sam_vit_b_box_25/masks/row_0175_object_202_sam_mask.png,,0.9521667957305908,0.8352233279333487,0.8427927165569902,0.011914226000044437,83.93327438947946,cuda,vit_b
176,000010.png,203,data/cogar_sim_500/rgb/000010.png,/home/amir/Desktop/COGAR/COGAR_Foundation-Model-Segmentation-for-Robotic-Scenes/data/cogar_sim_500/instance_masks/all/ann_00000203_img_000010_cat_cable.png,403.0,162.0,537.0,267.0,/home/amir/Desktop/COGAR/COGAR_Foundation-Model-Segmentation-for-Robotic-Scenes/outputs/sim_sam_vit_b_box_25/masks/row_0176_object_203_sam_mask.png,,0.9689557552337646,0.9526411657559198,1.0,0.012071300000116025,82.84111901703945,cuda,vit_b
177,000010.png,204,data/cogar_sim_500/rgb/000010.png,/home/amir/Desktop/COGAR/COGAR_Foundation-Model-Segmentation-for-Robotic-Scenes/data/cogar_sim_500/instance_masks/all/ann_00000204_img_000010_cat_connector.png,299.0,206.0,318.0,228.0,/home/amir/Desktop/COGAR/COGAR_Foundation-Model-Segmentation-for-Robotic-Scenes/outputs/sim_sam_vit_b_box_25/masks/row_0177_object_204_sam_mask.png,,0.9495553374290466,0.861904761904762,1.0,0.012084716000117623,82.74915190313672,cuda,vit_b
178,000010.png,205,data/cogar_sim_500/rgb/000010.png,/home/amir/Desktop/COGAR/COGAR_Foundation-Model-Segmentation-for-Robotic-Scenes/data/cogar_sim_500/instance_masks/all/ann_00000205_img_000010_cat_tool.png,74.0,232.0,366.0,256.0,/home/amir/Desktop/COGAR/COGAR_Foundation-Model-Segmentation-for-Robotic-Scenes/outputs/sim_sam_vit_b_box_25/masks/row_0178_object_205_sam_mask.png,,0.964116096496582,0.8964523281596453,0.9530558832911227,0.0119830999997248,83.4508599630284,cuda,vit_b
179,000010.png,206,data/cogar_sim_500/rgb/000010.png,/home/amir/Desktop/COGAR/COGAR_Foundation-Model-Segmentation-for-Robotic-Scenes/data/cogar_sim_500/instance_masks/all/ann_00000206_img_000010_cat_connector.png,300.0,397.0,363.0,470.0,/home/amir/Desktop/COGAR/COGAR_Foundation-Model-Segmentation-for-Robotic-Scenes/outputs/sim_sam_vit_b_box_25/masks/row_0179_object_206_sam_mask.png,,0.9908771514892578,0.9671916010498688,1.0,0.012125535999985004,82.47058109441403,cuda,vit_b
180,000010.png,207,data/cogar_sim_500/rgb/000010.png,/home/amir/Desktop/COGAR/COGAR_Foundation-Model-Segmentation-for-Robotic-Scenes/data/cogar_sim_500/instance_masks/all/ann_00000207_img_000010_cat_plastic_object.png,279.0,263.0,333.0,319.0,/home/amir/Desktop/COGAR/COGAR_Foundation-Model-Segmentation-for-Robotic-Scenes/outputs/sim_sam_vit_b_box_25/masks/row_0180_object_207_sam_mask.png,,0.9845859408378601,0.9733050847457627,1.0,0.012063321000368887,82.89591232542189,cuda,vit_b
181,000010.png,208,data/cogar_sim_500/rgb/000010.png,/home/amir/Desktop/COGAR/COGAR_Foundation-Model-Segmentation-for-Robotic-Scenes/data/cogar_sim_500/instance_masks/all/ann_00000208_img_000010_cat_box.png,487.0,52.0,640.0,238.0,/home/amir/Desktop/COGAR/COGAR_Foundation-Model-Segmentation-for-Robotic-Scenes/outputs/sim_sam_vit_b_box_25/masks/row_0181_object_208_sam_mask.png,,0.9879773855209351,0.9861432919903684,0.9288025889967637,0.01196364999987054,83.58653086732068,cuda,vit_b
182,000010.png,209,data/cogar_sim_500/rgb/000010.png,/home/amir/Desktop/COGAR/COGAR_Foundation-Model-Segmentation-for-Robotic-Scenes/data/cogar_sim_500/instance_masks/all/ann_00000209_img_000010_cat_cable.png,201.0,234.0,313.0,406.0,/home/amir/Desktop/COGAR/COGAR_Foundation-Model-Segmentation-for-Robotic-Scenes/outputs/sim_sam_vit_b_box_25/masks/row_0182_object_209_sam_mask.png,,0.9372866153717041,0.8679540709812108,0.9901185770750988,0.0120385250002073,83.06665475901576,cuda,vit_b
183,000010.png,210,data/cogar_sim_500/rgb/000010.png,/home/amir/Desktop/COGAR/COGAR_Foundation-Model-Segmentation-for-Robotic-Scenes/data/cogar_sim_500/instance_masks/all/ann_00000210_img_000010_cat_connector.png,89.0,340.0,137.0,373.0,/home/amir/Desktop/COGAR/COGAR_Foundation-Model-Segmentation-for-Robotic-Scenes/outputs/sim_sam_vit_b_box_25/masks/row_0183_object_210_sam_mask.png,,0.9722075462341309,0.9522417153996101,1.0,0.011925893999887194,83.85115614891923,cuda,vit_b
184,000010.png,211,data/cogar_sim_500/rgb/000010.png,/home/amir/Desktop/COGAR/COGAR_Foundation-Model-Segmentation-for-Robotic-Scenes/data/cogar_sim_500/instance_masks/all/ann_00000211_img_000010_cat_robot_gripper.png,292.0,42.0,465.0,283.0,/home/amir/Desktop/COGAR/COGAR_Foundation-Model-Segmentation-for-Robotic-Scenes/outputs/sim_sam_vit_b_box_25/masks/row_0184_object_211_sam_mask.png,,0.9892082214355469,0.8727688133657004,0.898585916667638,0.012073158000021067,82.82837017441958,cuda,vit_b
185,000010.png,212,data/cogar_sim_500/rgb/000010.png,/home/amir/Desktop/COGAR/COGAR_Foundation-Model-Segmentation-for-Robotic-Scenes/data/cogar_sim_500/instance_masks/all/ann_00000212_img_000010_cat_robot_gripper.png,296.0,158.0,339.0,208.0,/home/amir/Desktop/COGAR/COGAR_Foundation-Model-Segmentation-for-Robotic-Scenes/outputs/sim_sam_vit_b_box_25/masks/row_0185_object_212_sam_mask.png,,0.9671570062637329,0.9493464052287581,1.0,0.012157369000306062,82.25463913901314,cuda,vit_b
186,000010.png,213,data/cogar_sim_500/rgb/000010.png,/home/amir/Desktop/COGAR/COGAR_Foundation-Model-Segmentation-for-Robotic-Scenes/data/cogar_sim_500/instance_masks/all/ann_00000213_img_000010_cat_robot_gripper.png,365.0,78.0,428.0,133.0,/home/amir/Desktop/COGAR/COGAR_Foundation-Model-Segmentation-for-Robotic-Scenes/outputs/sim_sam_vit_b_box_25/masks/row_0186_object_213_sam_mask.png,,0.7612237334251404,0.09153318077803203,0.5422740524781342,0.011987043999852176,83.42340280158578,cuda,vit_b
187,000012.png,218,data/cogar_sim_500/rgb/000012.png,/home/amir/Desktop/COGAR/COGAR_Foundation-Model-Segmentation-for-Robotic-Scenes/data/cogar_sim_500/instance_masks/all/ann_00000218_img_000012_cat_metal_part.png,476.0,319.0,638.0,460.0,/home/amir/Desktop/COGAR/COGAR_Foundation-Model-Segmentation-for-Robotic-Scenes/outputs/sim_sam_vit_b_box_25/masks/row_0187_object_218_sam_mask.png,,0.9900190234184265,0.9151955938426776,0.8948562654610595,0.1569106560000364,6.373053465532437,cuda,vit_b
188,000012.png,219,data/cogar_sim_500/rgb/000012.png,/home/amir/Desktop/COGAR/COGAR_Foundation-Model-Segmentation-for-Robotic-Scenes/data/cogar_sim_500/instance_masks/all/ann_00000219_img_000012_cat_tool.png,479.0,274.0,640.0,372.0,/home/amir/Desktop/COGAR/COGAR_Foundation-Model-Segmentation-for-Robotic-Scenes/outputs/sim_sam_vit_b_box_25/masks/row_0188_object_219_sam_mask.png,,0.6634426116943359,0.6429906542056075,0.6754491017964072,0.012005629999748635,83.29425444736655,cuda,vit_b
189,000012.png,220,data/cogar_sim_500/rgb/000012.png,/home/amir/Desktop/COGAR/COGAR_Foundation-Model-Segmentation-for-Robotic-Scenes/data/cogar_sim_500/instance_masks/all/ann_00000220_img_000012_cat_connector.png,426.0,273.0,459.0,329.0,/home/amir/Desktop/COGAR/COGAR_Foundation-Model-Segmentation-for-Robotic-Scenes/outputs/sim_sam_vit_b_box_25/masks/row_0189_object_220_sam_mask.png,,0.9740349054336548,0.9589201877934272,1.0,0.011998894000043947,83.3410145965401,cuda,vit_b
190,000012.png,221,data/cogar_sim_500/rgb/000012.png,/home/amir/Desktop/COGAR/COGAR_Foundation-Model-Segmentation-for-Robotic-Scenes/data/cogar_sim_500/instance_masks/all/ann_00000221_img_000012_cat_box.png,559.0,179.0,584.0,234.0,/home/amir/Desktop/COGAR/COGAR_Foundation-Model-Segmentation-for-Robotic-Scenes/outputs/sim_sam_vit_b_box_25/masks/row_0190_object_221_sam_mask.png,,0.9668647050857544,0.9715025906735751,1.0,0.01198992299987367,83.40337131527336,cuda,vit_b
191,000012.png,222,data/cogar_sim_500/rgb/000012.png,/home/amir/Desktop/COGAR/COGAR_Foundation-Model-Segmentation-for-Robotic-Scenes/data/cogar_sim_500/instance_masks/all/ann_00000222_img_000012_cat_plastic_object.png,301.0,279.0,369.0,385.0,/home/amir/Desktop/COGAR/COGAR_Foundation-Model-Segmentation-for-Robotic-Scenes/outputs/sim_sam_vit_b_box_25/masks/row_0191_object_222_sam_mask.png,,0.9876177906990051,0.9873417721518988,1.0,0.011969648000103916,83.54464558952095,cuda,vit_b
192,000012.png,223,data/cogar_sim_500/rgb/000012.png,/home/amir/Desktop/COGAR/COGAR_Foundation-Model-Segmentation-for-Robotic-Scenes/data/cogar_sim_500/instance_masks/all/ann_00000223_img_000012_cat_plastic_object.png,432.0,179.0,482.0,262.0,/home/amir/Desktop/COGAR/COGAR_Foundation-Model-Segmentation-for-Robotic-Scenes/outputs/sim_sam_vit_b_box_25/masks/row_0192_object_223_sam_mask.png,,0.9754962921142578,0.9585933068633012,0.9558142517205511,0.012075603000084811,82.81159955266637,cuda,vit_b
193,000012.png,224,data/cogar_sim_500/rgb/000012.png,/home/amir/Desktop/COGAR/COGAR_Foundation-Model-Segmentation-for-Robotic-Scenes/data/cogar_sim_500/instance_masks/all/ann_00000224_img_000012_cat_cable.png,310.0,252.0,435.0,421.0,/home/amir/Desktop/COGAR/COGAR_Foundation-Model-Segmentation-for-Robotic-Scenes/outputs/sim_sam_vit_b_box_25/masks/row_0193_object_224_sam_mask.png,,0.9777781963348389,0.9668978562421185,1.0,0.012309665999964636,81.23697263620905,cuda,vit_b
194,000012.png,225,data/cogar_sim_500/rgb/000012.png,/home/amir/Desktop/COGAR/COGAR_Foundation-Model-Segmentation-for-Robotic-Scenes/data/cogar_sim_500/instance_masks/all/ann_00000225_img_000012_cat_glass_object.png,133.0,135.0,217.0,193.0,/home/amir/Desktop/COGAR/COGAR_Foundation-Model-Segmentation-for-Robotic-Scenes/outputs/sim_sam_vit_b_box_25/masks/row_0194_object_225_sam_mask.png,,0.9898821115493774,0.8331450094161958,0.8146775832187892,0.012008732999674976,83.27273160516314,cuda,vit_b
195,000012.png,226,data/cogar_sim_500/rgb/000012.png,/home/amir/Desktop/COGAR/COGAR_Foundation-Model-Segmentation-for-Robotic-Scenes/data/cogar_sim_500/instance_masks/all/ann_00000226_img_000012_cat_glass_object.png,481.0,232.0,605.0,397.0,/home/amir/Desktop/COGAR/COGAR_Foundation-Model-Segmentation-for-Robotic-Scenes/outputs/sim_sam_vit_b_box_25/masks/row_0195_object_226_sam_mask.png,,0.9664602279663086,0.9823946466980005,0.9476268412438625,0.011988884999937,83.41059239497709,cuda,vit_b
196,000012.png,227,data/cogar_sim_500/rgb/000012.png,/home/amir/Desktop/COGAR/COGAR_Foundation-Model-Segmentation-for-Robotic-Scenes/data/cogar_sim_500/instance_masks/all/ann_00000227_img_000012_cat_glass_object.png,475.0,154.0,568.0,277.0,/home/amir/Desktop/COGAR/COGAR_Foundation-Model-Segmentation-for-Robotic-Scenes/outputs/sim_sam_vit_b_box_25/masks/row_0196_object_227_sam_mask.png,,0.9698604941368103,0.8721423682409308,0.7910267373581894,0.012020884999856207,83.18855059439983,cuda,vit_b
197,000012.png,228,data/cogar_sim_500/rgb/000012.png,/home/amir/Desktop/COGAR/COGAR_Foundation-Model-Segmentation-for-Robotic-Scenes/data/cogar_sim_500/instance_masks/all/ann_00000228_img_000012_cat_box.png,68.0,184.0,277.0,365.0,/home/amir/Desktop/COGAR/COGAR_Foundation-Model-Segmentation-for-Robotic-Scenes/outputs/sim_sam_vit_b_box_25/masks/row_0197_object_228_sam_mask.png,,0.9628957509994507,0.9582094575643687,0.9276901433000087,0.011990569999852596,83.39887094711038,cuda,vit_b
198,000012.png,229,data/cogar_sim_500/rgb/000012.png,/home/amir/Desktop/COGAR/COGAR_Foundation-Model-Segmentation-for-Robotic-Scenes/data/cogar_sim_500/instance_masks/all/ann_00000229_img_000012_cat_connector.png,311.0,236.0,353.0,294.0,/home/amir/Desktop/COGAR/COGAR_Foundation-Model-Segmentation-for-Robotic-Scenes/outputs/sim_sam_vit_b_box_25/masks/row_0198_object_229_sam_mask.png,,0.9496944546699524,0.9585798816568047,1.0,0.012011224000161747,83.25546172367893,cuda,vit_b
199,000012.png,230,data/cogar_sim_500/rgb/000012.png,/home/amir/Desktop/COGAR/COGAR_Foundation-Model-Segmentation-for-Robotic-Scenes/data/cogar_sim_500/instance_masks/all/ann_00000230_img_000012_cat_box.png,42.0,232.0,130.0,351.0,/home/amir/Desktop/COGAR/COGAR_Foundation-Model-Segmentation-for-Robotic-Scenes/outputs/sim_sam_vit_b_box_25/masks/row_0199_object_230_sam_mask.png,,0.970719039440155,0.9410187667560321,0.9453568985299583,0.012008536999928765,83.27409075776109,cuda,vit_b
200,000012.png,231,data/cogar_sim_500/rgb/000012.png,/home/amir/Desktop/COGAR/COGAR_Foundation-Model-Segmentation-for-Robotic-Scenes/data/cogar_sim_500/instance_masks/all/ann_00000231_img_000012_cat_cable.png,33.0,202.0,333.0,264.0,/home/amir/Desktop/COGAR/COGAR_Foundation-Model-Segmentation-for-Robotic-Scenes/outputs/sim_sam_vit_b_box_25/masks/row_0200_object_231_sam_mask.png,,0.6913702487945557,0.32040816326530613,0.505050505050505,0.011914624999917578,83.93046361147898,cuda,vit_b
201,000012.png,232,data/cogar_sim_500/rgb/000012.png,/home/amir/Desktop/COGAR/COGAR_Foundation-Model-Segmentation-for-Robotic-Scenes/data/cogar_sim_500/instance_masks/all/ann_00000232_img_000012_cat_glass_object.png,234.0,219.0,312.0,370.0,/home/amir/Desktop/COGAR/COGAR_Foundation-Model-Segmentation-for-Robotic-Scenes/outputs/sim_sam_vit_b_box_25/masks/row_0201_object_232_sam_mask.png,,0.9799249172210693,0.9153417303324386,0.783928423408488,0.011957690999679471,83.6281854102774,cuda,vit_b
202,000012.png,233,data/cogar_sim_500/rgb/000012.png,/home/amir/Desktop/COGAR/COGAR_Foundation-Model-Segmentation-for-Robotic-Scenes/data/cogar_sim_500/instance_masks/all/ann_00000233_img_000012_cat_cable.png,458.0,297.0,640.0,336.0,/home/amir/Desktop/COGAR/COGAR_Foundation-Model-Segmentation-for-Robotic-Scenes/outputs/sim_sam_vit_b_box_25/masks/row_0202_object_233_sam_mask.png,,0.9404109716415405,0.8580729166666666,0.9590361445783132,0.012027284999930998,83.14428401802544,cuda,vit_b
203,000012.png,234,data/cogar_sim_500/rgb/000012.png,/home/amir/Desktop/COGAR/COGAR_Foundation-Model-Segmentation-for-Robotic-Scenes/data/cogar_sim_500/instance_masks/all/ann_00000234_img_000012_cat_plastic_object.png,281.0,179.0,330.0,242.0,/home/amir/Desktop/COGAR/COGAR_Foundation-Model-Segmentation-for-Robotic-Scenes/outputs/sim_sam_vit_b_box_25/masks/row_0203_object_234_sam_mask.png,,0.9654068350791931,0.9829596412556054,1.0,0.01195116600001711,83.67384404154107,cuda,vit_b
204,000012.png,235,data/cogar_sim_500/rgb/000012.png,/home/amir/Desktop/COGAR/COGAR_Foundation-Model-Segmentation-for-Robotic-Scenes/data/cogar_sim_500/instance_masks/all/ann_00000235_img_000012_cat_glass_object.png,75.0,143.0,174.0,286.0,/home/amir/Desktop/COGAR/COGAR_Foundation-Model-Segmentation-for-Robotic-Scenes/outputs/sim_sam_vit_b_box_25/masks/row_0204_object_235_sam_mask.png,,0.9646821618080139,0.9642929395104187,1.0,0.012131842000144388,82.42771377900391,cuda,vit_b
205,000012.png,236,data/cogar_sim_500/rgb/000012.png,/home/amir/Desktop/COGAR/COGAR_Foundation-Model-Segmentation-for-Robotic-Scenes/data/cogar_sim_500/instance_masks/all/ann_00000236_img_000012_cat_robot_gripper.png,248.0,80.0,478.0,173.0,/home/amir/Desktop/COGAR/COGAR_Foundation-Model-Segmentation-for-Robotic-Scenes/outputs/sim_sam_vit_b_box_25/masks/row_0205_object_236_sam_mask.png,,0.9951275587081909,0.9702124842788111,0.9535536914309227,0.01205495600015638,82.9534342545114,cuda,vit_b
206,000012.png,237,data/cogar_sim_500/rgb/000012.png,/home/amir/Desktop/COGAR/COGAR_Foundation-Model-Segmentation-for-Robotic-Scenes/data/cogar_sim_500/instance_masks/all/ann_00000237_img_000012_cat_robot_gripper.png,314.0,81.0,347.0,203.0,/home/amir/Desktop/COGAR/COGAR_Foundation-Model-Segmentation-for-Robotic-Scenes/outputs/sim_sam_vit_b_box_25/masks/row_0206_object_237_sam_mask.png,,0.9674434065818787,0.9408866995073891,1.0,0.012109757999951398,82.57803335161722,cuda,vit_b
207,000012.png,238,data/cogar_sim_500/rgb/000012.png,/home/amir/Desktop/COGAR/COGAR_Foundation-Model-Segmentation-for-Robotic-Scenes/data/cogar_sim_500/instance_masks/all/ann_00000238_img_000012_cat_robot_gripper.png,387.0,163.0,420.0,222.0,/home/amir/Desktop/COGAR/COGAR_Foundation-Model-Segmentation-for-Robotic-Scenes/outputs/sim_sam_vit_b_box_25/masks/row_0207_object_238_sam_mask.png,,0.9783153533935547,0.9662162162162162,1.0,0.01208753999981127,82.72981930282039,cuda,vit_b
208,000013.png,240,data/cogar_sim_500/rgb/000013.png,/home/amir/Desktop/COGAR/COGAR_Foundation-Model-Segmentation-for-Robotic-Scenes/data/cogar_sim_500/instance_masks/all/ann_00000240_img_000013_cat_connector.png,283.0,127.0,321.0,176.0,/home/amir/Desktop/COGAR/COGAR_Foundation-Model-Segmentation-for-Robotic-Scenes/outputs/sim_sam_vit_b_box_25/masks/row_0208_object_240_sam_mask.png,,0.9748580455780029,0.9283854166666666,1.0,0.15722310299997844,6.36038839660948,cuda,vit_b
209,000013.png,241,data/cogar_sim_500/rgb/000013.png,/home/amir/Desktop/COGAR/COGAR_Foundation-Model-Segmentation-for-Robotic-Scenes/data/cogar_sim_500/instance_masks/all/ann_00000241_img_000013_cat_connector.png,410.0,261.0,465.0,312.0,/home/amir/Desktop/COGAR/COGAR_Foundation-Model-Segmentation-for-Robotic-Scenes/outputs/sim_sam_vit_b_box_25/masks/row_0209_object_241_sam_mask.png,,0.787322461605072,0.6575797872340425,0.7131417110327842,0.012033680000058666,83.10009905491295,cuda,vit_b
210,000013.png,242,data/cogar_sim_500/rgb/000013.png,/home/amir/Desktop/COGAR/COGAR_Foundation-Model-Segmentation-for-Robotic-Scenes/data/cogar_sim_500/instance_masks/all/ann_00000242_img_000013_cat_plastic_object.png,397.0,140.0,466.0,218.0,/home/amir/Desktop/COGAR/COGAR_Foundation-Model-Segmentation-for-Robotic-Scenes/outputs/sim_sam_vit_b_box_25/masks/row_0210_object_242_sam_mask.png,,0.9700417518615723,0.9772172497965825,1.0,0.012099062999823218,82.65102843208695,cuda,vit_b
211,000013.png,243,data/cogar_sim_500/rgb/000013.png,/home/amir/Desktop/COGAR/COGAR_Foundation-Model-Segmentation-for-Robotic-Scenes/data/cogar_sim_500/instance_masks/all/ann_00000243_img_000013_cat_connector.png,131.0,231.0,152.0,245.0,/home/amir/Desktop/COGAR/COGAR_Foundation-Model-Segmentation-for-Robotic-Scenes/outputs/sim_sam_vit_b_box_25/masks/row_0211_object_243_sam_mask.png,,0.9355418682098389,0.865979381443299,1.0,0.012009787000351935,83.26542343929131,cuda,vit_b
212,000013.png,244,data/cogar_sim_500/rgb/000013.png,/home/amir/Desktop/COGAR/COGAR_Foundation-Model-Segmentation-for-Robotic-Scenes/data/cogar_sim_500/instance_masks/all/ann_00000244_img_000013_cat_cable.png,137.0,209.0,393.0,431.0,/home/amir/Desktop/COGAR/COGAR_Foundation-Model-Segmentation-for-Robotic-Scenes/outputs/sim_sam_vit_b_box_25/masks/row_0212_object_244_sam_mask.png,,0.8834773302078247,0.44434348023625625,0.6196639105492491,0.012237787999765715,81.71411369596731,cuda,vit_b
213,000013.png,245,data/cogar_sim_500/rgb/000013.png,/home/amir/Desktop/COGAR/COGAR_Foundation-Model-Segmentation-for-Robotic-Scenes/data/cogar_sim_500/instance_masks/all/ann_00000245_img_000013_cat_connector.png,434.0,278.0,473.0,335.0,/home/amir/Desktop/COGAR/COGAR_Foundation-Model-Segmentation-for-Robotic-Scenes/outputs/sim_sam_vit_b_box_25/masks/row_0213_object_245_sam_mask.png,,0.918609082698822,0.7845100105374078,0.7635608907836428,0.012165184999958,82.20179142392429,cuda,vit_b
214,000013.png,246,data/cogar_sim_500/rgb/000013.png,/home/amir/Desktop/COGAR/COGAR_Foundation-Model-Segmentation-for-Robotic-Scenes/data/cogar_sim_500/instance_masks/all/ann_00000246_img_000013_cat_screw.png,45.0,255.0,61.0,270.0,/home/amir/Desktop/COGAR/COGAR_Foundation-Model-Segmentation-for-Robotic-Scenes/outputs/sim_sam_vit_b_box_25/masks/row_0214_object_246_sam_mask.png,,0.9549005031585693,0.8595505617977528,1.0,0.0120649720001893,82.88456864916968,cuda,vit_b
215,000013.png,247,data/cogar_sim_500/rgb/000013.png,/home/amir/Desktop/COGAR/COGAR_Foundation-Model-Segmentation-for-Robotic-Scenes/data/cogar_sim_500/instance_masks/all/ann_00000247_img_000013_cat_screw.png,328.0,270.0,359.0,289.0,/home/amir/Desktop/COGAR/COGAR_Foundation-Model-Segmentation-for-Robotic-Scenes/outputs/sim_sam_vit_b_box_25/masks/row_0215_object_247_sam_mask.png,,0.9673607349395752,0.885286783042394,1.0,0.01263213700030974,79.16316930187506,cuda,vit_b
216,000013.png,248,data/cogar_sim_500/rgb/000013.png,/home/amir/Desktop/COGAR/COGAR_Foundation-Model-Segmentation-for-Robotic-Scenes/data/cogar_sim_500/instance_masks/all/ann_00000248_img_000013_cat_box.png,173.0,292.0,366.0,480.0,/home/amir/Desktop/COGAR/COGAR_Foundation-Model-Segmentation-for-Robotic-Scenes/outputs/sim_sam_vit_b_box_25/masks/row_0216_object_248_sam_mask.png,,0.9660061597824097,0.9685172171468728,0.8753691555811096,0.012081047999799921,82.77427587545066,cuda,vit_b
217,000013.png,249,data/cogar_sim_500/rgb/000013.png,/home/amir/Desktop/COGAR/COGAR_Foundation-Model-Segmentation-for-Robotic-Scenes/data/cogar_sim_500/instance_masks/all/ann_00000249_img_000013_cat_screw.png,260.0,156.0,274.0,177.0,/home/amir/Desktop/COGAR/COGAR_Foundation-Model-Segmentation-for-Robotic-Scenes/outputs/sim_sam_vit_b_box_25/masks/row_0217_object_249_sam_mask.png,,0.9603282809257507,0.9846743295019157,1.0,0.012092937999568676,82.69289068013641,cuda,vit_b
218,000013.png,250,data/cogar_sim_500/rgb/000013.png,/home/amir/Desktop/COGAR/COGAR_Foundation-Model-Segmentation-for-Robotic-Scenes/data/cogar_sim_500/instance_masks/all/ann_00000250_img_000013_cat_connector.png,470.0,167.0,506.0,218.0,/home/amir/Desktop/COGAR/COGAR_Foundation-Model-Segmentation-for-Robotic-Scenes/outputs/sim_sam_vit_b_box_25/masks/row_0218_object_250_sam_mask.png,,0.9636451601982117,0.9409020217729394,0.9782608695652174,0.012153814999692258,82.27869191898351,cuda,vit_b
219,000013.png,251,data/cogar_sim_500/rgb/000013.png,/home/amir/Desktop/COGAR/COGAR_Foundation-Model-Segmentation-for-Robotic-Scenes/data/cogar_sim_500/instance_masks/all/ann_00000251_img_000013_cat_box.png,157.0,357.0,342.0,472.0,/home/amir/Desktop/COGAR/COGAR_Foundation-Model-Segmentation-for-Robotic-Scenes/outputs/sim_sam_vit_b_box_25/masks/row_0219_object_251_sam_mask.png,,0.9051266312599182,0.9598415271024672,0.8827390157002042,0.012058140000135609,82.93153006921082,cuda,vit_b
220,000013.png,252,data/cogar_sim_500/rgb/000013.png,/home/amir/Desktop/COGAR/COGAR_Foundation-Model-Segmentation-for-Robotic-Scenes/data/cogar_sim_500/instance_masks/all/ann_00000252_img_000013_cat_screw.png,457.0,173.0,469.0,195.0,/home/amir/Desktop/COGAR/COGAR_Foundation-Model-Segmentation-for-Robotic-Scenes/outputs/sim_sam_vit_b_box_25/masks/row_0220_object_252_sam_mask.png,,0.9380483627319336,0.8633093525179856,1.0,0.012084406000212766,82.75127465780224,cuda,vit_b
221,000013.png,253,data/cogar_sim_500/rgb/000013.png,/home/amir/Desktop/COGAR/COGAR_Foundation-Model-Segmentation-for-Robotic-Scenes/data/cogar_sim_500/instance_masks/all/ann_00000253_img_000013_cat_screw.png,472.0,300.0,477.0,311.0,/home/amir/Desktop/COGAR/COGAR_Foundation-Model-Segmentation-for-Robotic-Scenes/outputs/sim_sam_vit_b_box_25/masks/row_0221_object_253_sam_mask.png,,0.8726837635040283,0.6444444444444445,1.0,0.01203965100012283,83.05888600838993,cuda,vit_b
222,000013.png,254,data/cogar_sim_500/rgb/000013.png,/home/amir/Desktop/COGAR/COGAR_Foundation-Model-Segmentation-for-Robotic-Scenes/data/cogar_sim_500/instance_masks/all/ann_00000254_img_000013_cat_box.png,41.0,227.0,233.0,369.0,/home/amir/Desktop/COGAR/COGAR_Foundation-Model-Segmentation-for-Robotic-Scenes/outputs/sim_sam_vit_b_box_25/masks/row_0222_object_254_sam_mask.png,,0.9892226457595825,0.9865932642487046,0.9977528089887641,0.01203446299996358,83.0946923018523,cuda,vit_b
223,000013.png,255,data/cogar_sim_500/rgb/000013.png,/home/amir/Desktop/COGAR/COGAR_Foundation-Model-Segmentation-for-Robotic-Scenes/data/cogar_sim_500/instance_masks/all/ann_00000255_img_000013_cat_connector.png,146.0,217.0,170.0,254.0,/home/amir/Desktop/COGAR/COGAR_Foundation-Model-Segmentation-for-Robotic-Scenes/outputs/sim_sam_vit_b_box_25/masks/row_0223_object_255_sam_mask.png,,0.718360185623169,0.8203991130820399,0.8915959050868979,0.012073660000169184,82.82492632606744,cuda,vit_b
224,000013.png,256,data/cogar_sim_500/rgb/000013.png,/home/amir/Desktop/COGAR/COGAR_Foundation-Model-Segmentation-for-Robotic-Scenes/data/cogar_sim_500/instance_masks/all/ann_00000256_img_000013_cat_connector.png,263.0,296.0,314.0,342.0,/home/amir/Desktop/COGAR/COGAR_Foundation-Model-Segmentation-for-Robotic-Scenes/outputs/sim_sam_vit_b_box_25/masks/row_0224_object_256_sam_mask.png,,0.9614397287368774,0.9170383586083853,0.9946236559139785,0.012024263000057545,83.16518026886257,cuda,vit_b
225,000013.png,257,data/cogar_sim_500/rgb/000013.png,/home/amir/Desktop/COGAR/COGAR_Foundation-Model-Segmentation-for-Robotic-Scenes/data/cogar_sim_500/instance_masks/all/ann_00000257_img_000013_cat_connector.png,462.0,152.0,514.0,182.0,/home/amir/Desktop/COGAR/COGAR_Foundation-Model-Segmentation-for-Robotic-Scenes/outputs/sim_sam_vit_b_box_25/masks/row_0225_object_257_sam_mask.png,,0.9737743735313416,0.951195219123506,1.0,0.01205100900006073,82.98060353244783,cuda,vit_b
226,000013.png,258,data/cogar_sim_500/rgb/000013.png,/home/amir/Desktop/COGAR/COGAR_Foundation-Model-Segmentation-for-Robotic-Scenes/data/cogar_sim_500/instance_masks/all/ann_00000258_img_000013_cat_screw.png,462.0,252.0,474.0,274.0,/home/amir/Desktop/COGAR/COGAR_Foundation-Model-Segmentation-for-Robotic-Scenes/outputs/sim_sam_vit_b_box_25/masks/row_0226_object_258_sam_mask.png,,0.9565653204917908,0.944954128440367,1.0,0.012116476999835868,82.53224101473937,cuda,vit_b
227,000013.png,259,data/cogar_sim_500/rgb/000013.png,/home/amir/Desktop/COGAR/COGAR_Foundation-Model-Segmentation-for-Robotic-Scenes/data/cogar_sim_500/instance_masks/all/ann_00000259_img_000013_cat_screw.png,480.0,208.0,498.0,229.0,/home/amir/Desktop/COGAR/COGAR_Foundation-Model-Segmentation-for-Robotic-Scenes/outputs/sim_sam_vit_b_box_25/masks/row_0227_object_259_sam_mask.png,,0.9625582695007324,0.9044585987261147,1.0,0.012052844000209006,82.96797004778782,cuda,vit_b
228,000013.png,260,data/cogar_sim_500/rgb/000013.png,/home/amir/Desktop/COGAR/COGAR_Foundation-Model-Segmentation-for-Robotic-Scenes/data/cogar_sim_500/instance_masks/all/ann_00000260_img_000013_cat_screw.png,389.0,222.0,411.0,234.0,/home/amir/Desktop/COGAR/COGAR_Foundation-Model-Segmentation-for-Robotic-Scenes/outputs/sim_sam_vit_b_box_25/masks/row_0228_object_260_sam_mask.png,,0.9649555683135986,0.9203539823008849,1.0,0.01203282799997396,83.10598306583988,cuda,vit_b
229,000013.png,261,data/cogar_sim_500/rgb/000013.png,/home/amir/Desktop/COGAR/COGAR_Foundation-Model-Segmentation-for-Robotic-Scenes/data/cogar_sim_500/instance_masks/all/ann_00000261_img_000013_cat_plastic_object.png,171.0,187.0,262.0,289.0,/home/amir/Desktop/COGAR/COGAR_Foundation-Model-Segmentation-for-Robotic-Scenes/outputs/sim_sam_vit_b_box_25/masks/row_0229_object_261_sam_mask.png,,0.980465829372406,0.9691107644305772,0.9973578765025983,0.012014489000193862,83.23283661784237,cuda,vit_b
230,000013.png,262,data/cogar_sim_500/rgb/000013.png,/home/amir/Desktop/COGAR/COGAR_Foundation-Model-Segmentation-for-Robotic-Scenes/data/cogar_sim_500/instance_masks/all/ann_00000262_img_000013_cat_connector.png,161.0,213.0,176.0,250.0,/home/amir/Desktop/COGAR/COGAR_Foundation-Model-Segmentation-for-Robotic-Scenes/outputs/sim_sam_vit_b_box_25/masks/row_0230_object_262_sam_mask.png,,0.850601077079773,0.18731117824773413,0.7154018615395068,0.012108452000120451,82.58694009688871,cuda,vit_b
231,000013.png,263,data/cogar_sim_500/rgb/000013.png,/home/amir/Desktop/COGAR/COGAR_Foundation-Model-Segmentation-for-Robotic-Scenes/data/cogar_sim_500/instance_masks/all/ann_00000263_img_000013_cat_robot_gripper.png,270.0,114.0,449.0,245.0,/home/amir/Desktop/COGAR/COGAR_Foundation-Model-Segmentation-for-Robotic-Scenes/outputs/sim_sam_vit_b_box_25/masks/row_0231_object_263_sam_mask.png,,0.9834184646606445,0.8857371794871794,0.8386086361422949,0.012356317000012496,80.9302642526077,cuda,vit_b
232,000013.png,264,data/cogar_sim_500/rgb/000013.png,/home/amir/Desktop/COGAR/COGAR_Foundation-Model-Segmentation-for-Robotic-Scenes/data/cogar_sim_500/instance_masks/all/ann_00000264_img_000013_cat_robot_gripper.png,297.0,137.0,340.0,273.0,/home/amir/Desktop/COGAR/COGAR_Foundation-Model-Segmentation-for-Robotic-Scenes/outputs/sim_sam_vit_b_box_25/masks/row_0232_object_264_sam_mask.png,,0.8934041857719421,0.7796216395618984,0.8117856235712471,0.012026052999772219,83.15280167307932,cuda,vit_b
233,000013.png,265,data/cogar_sim_500/rgb/000013.png,/home/amir/Desktop/COGAR/COGAR_Foundation-Model-Segmentation-for-Robotic-Scenes/data/cogar_sim_500/instance_masks/all/ann_00000265_img_000013_cat_robot_gripper.png,357.0,127.0,397.0,240.0,/home/amir/Desktop/COGAR/COGAR_Foundation-Model-Segmentation-for-Robotic-Scenes/outputs/sim_sam_vit_b_box_25/masks/row_0233_object_265_sam_mask.png,,0.956646203994751,0.8665568369028006,0.8537735849056605,0.012051398000039626,82.97792505041423,cuda,vit_b
234,000014.png,268,data/cogar_sim_500/rgb/000014.png,/home/amir/Desktop/COGAR/COGAR_Foundation-Model-Segmentation-for-Robotic-Scenes/data/cogar_sim_500/instance_masks/all/ann_00000268_img_000014_cat_plastic_object.png,251.0,286.0,301.0,376.0,/home/amir/Desktop/COGAR/COGAR_Foundation-Model-Segmentation-for-Robotic-Scenes/outputs/sim_sam_vit_b_box_25/masks/row_0234_object_268_sam_mask.png,,0.9764109253883362,0.9669609797778411,1.0,0.1547535390000121,6.4618877633546195,cuda,vit_b
235,000014.png,269,data/cogar_sim_500/rgb/000014.png,/home/amir/Desktop/COGAR/COGAR_Foundation-Model-Segmentation-for-Robotic-Scenes/data/cogar_sim_500/instance_masks/all/ann_00000269_img_000014_cat_metal_part.png,364.0,235.0,425.0,284.0,/home/amir/Desktop/COGAR/COGAR_Foundation-Model-Segmentation-for-Robotic-Scenes/outputs/sim_sam_vit_b_box_25/masks/row_0235_object_269_sam_mask.png,,0.9701586961746216,0.9562154001006542,1.0,0.011999558000297839,83.33640288877133,cuda,vit_b
236,000014.png,270,data/cogar_sim_500/rgb/000014.png,/home/amir/Desktop/COGAR/COGAR_Foundation-Model-Segmentation-for-Robotic-Scenes/data/cogar_sim_500/instance_masks/all/ann_00000270_img_000014_cat_screw.png,195.0,175.0,212.0,182.0,/home/amir/Desktop/COGAR/COGAR_Foundation-Model-Segmentation-for-Robotic-Scenes/outputs/sim_sam_vit_b_box_25/masks/row_0236_object_270_sam_mask.png,,0.9542967677116394,0.84375,1.0,0.011962706000304024,83.5931268372378,cuda,vit_b
237,000014.png,271,data/cogar_sim_500/rgb/000014.png,/home/amir/Desktop/COGAR/COGAR_Foundation-Model-Segmentation-for-Robotic-Scenes/data/cogar_sim_500/instance_masks/all/ann_00000271_img_000014_cat_plastic_object.png,28.0,213.0,85.0,290.0,/home/amir/Desktop/COGAR/COGAR_Foundation-Model-Segmentation-for-Robotic-Scenes/outputs/sim_sam_vit_b_box_25/masks/row_0237_object_271_sam_mask.png,,0.9830103516578674,0.9770992366412213,1.0,0.011995115999980044,83.36726380984258,cuda,vit_b
238,000014.png,272,data/cogar_sim_500/rgb/000014.png,/home/amir/Desktop/COGAR/COGAR_Foundation-Model-Segmentation-for-Robotic-Scenes/data/cogar_sim_500/instance_masks/all/ann_00000272_img_000014_cat_plastic_object.png,446.0,79.0,507.0,125.0,/home/amir/Desktop/COGAR/COGAR_Foundation-Model-Segmentation-for-Robotic-Scenes/outputs/sim_sam_vit_b_box_25/masks/row_0238_object_272_sam_mask.png,,0.9840297102928162,0.9742895805142084,1.0,0.011993099999926926,83.38127756844294,cuda,vit_b
239,000014.png,273,data/cogar_sim_500/rgb/000014.png,/home/amir/Desktop/COGAR/COGAR_Foundation-Model-Segmentation-for-Robotic-Scenes/data/cogar_sim_500/instance_masks/all/ann_00000273_img_000014_cat_plastic_object.png,221.0,366.0,283.0,423.0,/home/amir/Desktop/COGAR/COGAR_Foundation-Model-Segmentation-for-Robotic-Scenes/outputs/sim_sam_vit_b_box_25/masks/row_0239_object_273_sam_mask.png,,0.9806423783302307,0.9680291380008094,1.0,0.012058920000072249,82.92616585846898,cuda,vit_b
240,000014.png,274,data/cogar_sim_500/rgb/000014.png,/home/amir/Desktop/COGAR/COGAR_Foundation-Model-Segmentation-for-Robotic-Scenes/data/cogar_sim_500/instance_masks/all/ann_00000274_img_000014_cat_screw.png,276.0,73.0,300.0,89.0,/home/amir/Desktop/COGAR/COGAR_Foundation-Model-Segmentation-for-Robotic-Scenes/outputs/sim_sam_vit_b_box_25/masks/row_0240_object_274_sam_mask.png,,0.9731569290161133,0.9357798165137615,1.0,0.012046028999975533,83.01490889670207,cuda,vit_b
241,000014.png,275,data/cogar_sim_500/rgb/000014.png,/home/amir/Desktop/COGAR/COGAR_Foundation-Model-Segmentation-for-Robotic-Scenes/data/cogar_sim_500/instance_masks/all/ann_00000275_img_000014_cat_tool.png,66.0,168.0,269.0,221.0,/home/amir/Desktop/COGAR/COGAR_Foundation-Model-Segmentation-for-Robotic-Scenes/outputs/sim_sam_vit_b_box_25/masks/row_0241_object_275_sam_mask.png,,0.9797103404998779,0.9633576642335766,0.9805068226120859,0.012032887999794184,83.10556867288255,cuda,vit_b
242,000014.png,276,data/cogar_sim_500/rgb/000014.png,/home/amir/Desktop/COGAR/COGAR_Foundation-Model-Segmentation-for-Robotic-Scenes/data/cogar_sim_500/instance_masks/all/ann_00000276_img_000014_cat_plastic_object.png,374.0,129.0,435.0,196.0,/home/amir/Desktop/COGAR/COGAR_Foundation-Model-Segmentation-for-Robotic-Scenes/outputs/sim_sam_vit_b_box_25/masks/row_0242_object_276_sam_mask.png,,0.9796994924545288,0.979552715654952,1.0,0.012024655999994138,83.16246219438523,cuda,vit_b
243,000014.png,277,data/cogar_sim_500/rgb/000014.png,/home/amir/Desktop/COGAR/COGAR_Foundation-Model-Segmentation-for-Robotic-Scenes/data/cogar_sim_500/instance_masks/all/ann_00000277_img_000014_cat_plastic_object.png,453.0,116.0,510.0,182.0,/home/amir/Desktop/COGAR/COGAR_Foundation-Model-Segmentation-for-Robotic-Scenes/outputs/sim_sam_vit_b_box_25/masks/row_0243_object_277_sam_mask.png,,0.9778895378112793,0.9732034104750305,1.0,0.01215592199969251,82.26443045828161,cuda,vit_b
244,000014.png,278,data/cogar_sim_500/rgb/000014.png,/home/amir/Desktop/COGAR/COGAR_Foundation-Model-Segmentation-for-Robotic-Scenes/data/cogar_sim_500/instance_masks/all/ann_00000278_img_000014_cat_metal_part.png,495.0,86.0,575.0,154.0,/home/amir/Desktop/COGAR/COGAR_Foundation-Model-Segmentation-for-Robotic-Scenes/outputs/sim_sam_vit_b_box_25/masks/row_0244_object_278_sam_mask.png,,0.985413670539856,0.9770318021201413,1.0,0.01207615600014833,82.80780738404813,cuda,vit_b
245,000014.png,279,data/cogar_sim_500/rgb/000014.png,/home/amir/Desktop/COGAR/COGAR_Foundation-Model-Segmentation-for-Robotic-Scenes/data/cogar_sim_500/instance_masks/all/ann_00000279_img_000014_cat_cable.png,157.0,0.0,313.0,299.0,/home/amir/Desktop/COGAR/COGAR_Foundation-Model-Segmentation-for-Robotic-Scenes/outputs/sim_sam_vit_b_box_25/masks/row_0245_object_279_sam_mask.png,,0.9610034227371216,0.7441237726867004,0.9280397972362463,0.012046303999795782,83.01301378555222,cuda,vit_b
246,000014.png,280,data/cogar_sim_500/rgb/000014.png,/home/amir/Desktop/COGAR/COGAR_Foundation-Model-Segmentation-for-Robotic-Scenes/data/cogar_sim_500/instance_masks/all/ann_00000280_img_000014_cat_plastic_object.png,299.0,262.0,376.0,348.0,/home/amir/Desktop/COGAR/COGAR_Foundation-Model-Segmentation-for-Robotic-Scenes/outputs/sim_sam_vit_b_box_25/masks/row_0246_object_280_sam_mask.png,,0.9804717898368835,0.9819962933545142,1.0,0.012029013999836025,83.13233320816084,cuda,vit_b
247,000014.png,281,data/cogar_sim_500/rgb/000014.png,/home/amir/Desktop/COGAR/COGAR_Foundation-Model-Segmentation-for-Robotic-Scenes/data/cogar_sim_500/instance_masks/all/ann_00000281_img_000014_cat_tool.png,64.0,435.0,373.0,480.0,/home/amir/Desktop/COGAR/COGAR_Foundation-Model-Segmentation-for-Robotic-Scenes/outputs/sim_sam_vit_b_box_25/masks/row_0247_object_281_sam_mask.png,,0.9831123352050781,0.9611846760335591,0.8477292965271594,0.01216537900018011,82.20048055923246,cuda,vit_b
248,000014.png,282,data/cogar_sim_500/rgb/000014.png,/home/amir/Desktop/COGAR/COGAR_Foundation-Model-Segmentation-for-Robotic-Scenes/data/cogar_sim_500/instance_masks/all/ann_00000282_img_000014_cat_tool.png,344.0,55.0,469.0,125.0,/home/amir/Desktop/COGAR/COGAR_Foundation-Model-Segmentation-for-Robotic-Scenes/outputs/sim_sam_vit_b_box_25/masks/row_0248_object_282_sam_mask.png,,0.9755248427391052,0.9602179836512261,0.9897510980966325,0.01204560299993318,83.01784476921141,cuda,vit_b
249,000014.png,283,data/cogar_sim_500/rgb/000014.png,/home/amir/Desktop/COGAR/COGAR_Foundation-Model-Segmentation-for-Robotic-Scenes/data/cogar_sim_500/instance_masks/all/ann_00000283_img_000014_cat_plastic_object.png,289.0,359.0,360.0,430.0,/home/amir/Desktop/COGAR/COGAR_Foundation-Model-Segmentation-for-Robotic-Scenes/outputs/sim_sam_vit_b_box_25/masks/row_0249_object_283_sam_mask.png,,0.9847815036773682,0.9812468322351748,1.0,0.01210291999996116,82.62468891831138,cuda,vit_b
250,000014.png,284,data/cogar_sim_500/rgb/000014.png,/home/amir/Desktop/COGAR/COGAR_Foundation-Model-Segmentation-for-Robotic-Scenes/data/cogar_sim_500/instance_masks/all/ann_00000284_img_000014_cat_cable.png,115.0,315.0,204.0,448.0,/home/amir/Desktop/COGAR/COGAR_Foundation-Model-Segmentation-for-Robotic-Scenes/outputs/sim_sam_vit_b_box_25/masks/row_0250_object_284_sam_mask.png,,0.9605081081390381,0.2951984321411073,0.7239265309127196,0.012094760999843857,82.68042667506286,cuda,vit_b
251,000014.png,285,data/cogar_sim_500/rgb/000014.png,/home/amir/Desktop/COGAR/COGAR_Foundation-Model-Segmentation-for-Robotic-Scenes/data/cogar_sim_500/instance_masks/all/ann_00000285_img_000014_cat_box.png,252.0,148.0,433.0,319.0,/home/amir/Desktop/COGAR/COGAR_Foundation-Model-Segmentation-for-Robotic-Scenes/outputs/sim_sam_vit_b_box_25/masks/row_0251_object_285_sam_mask.png,,0.9693217873573303,0.9807107940282732,0.9886244963448743,0.012195298000278854,81.99881626321344,cuda,vit_b
252,000014.png,286,data/cogar_sim_500/rgb/000014.png,/home/amir/Desktop/COGAR/COGAR_Foundation-Model-Segmentation-for-Robotic-Scenes/data/cogar_sim_500/instance_masks/all/ann_00000286_img_000014_cat_plastic_object.png,136.0,386.0,206.0,442.0,/home/amir/Desktop/COGAR/COGAR_Foundation-Model-Segmentation-for-Robotic-Scenes/outputs/sim_sam_vit_b_box_25/masks/row_0252_object_286_sam_mask.png,,0.9825223088264465,0.9830795262267343,1.0,0.01201307600013024,83.24262661695958,cuda,vit_b
253,000014.png,287,data/cogar_sim_500/rgb/000014.png,/home/amir/Desktop/COGAR/COGAR_Foundation-Model-Segmentation-for-Robotic-Scenes/data/cogar_sim_500/instance_masks/all/ann_00000287_img_000014_cat_plastic_object.png,510.0,173.0,576.0,220.0,/home/amir/Desktop/COGAR/COGAR_Foundation-Model-Segmentation-for-Robotic-Scenes/outputs/sim_sam_vit_b_box_25/masks/row_0253_object_287_sam_mask.png,,0.9793708324432373,0.9714867617107943,1.0,0.01215343399962876,82.28127128764974,cuda,vit_b
254,000015.png,289,data/cogar_sim_500/rgb/000015.png,/home/amir/Desktop/COGAR/COGAR_Foundation-Model-Segmentation-for-Robotic-Scenes/data/cogar_sim_500/instance_masks/all/ann_00000289_img_000015_cat_metal_part.png,480.0,294.0,588.0,388.0,/home/amir/Desktop/COGAR/COGAR_Foundation-Model-Segmentation-for-Robotic-Scenes/outputs/sim_sam_vit_b_box_25/masks/row_0254_object_289_sam_mask.png,,0.985568106174469,0.9746418574016137,1.0,0.15672296100001404,6.380685980019931,cuda,vit_b
255,000015.png,290,data/cogar_sim_500/rgb/000015.png,/home/amir/Desktop/COGAR/COGAR_Foundation-Model-Segmentation-for-Robotic-Scenes/data/cogar_sim_500/instance_masks/all/ann_00000290_img_000015_cat_plastic_object.png,421.0,221.0,437.0,273.0,/home/amir/Desktop/COGAR/COGAR_Foundation-Model-Segmentation-for-Robotic-Scenes/outputs/sim_sam_vit_b_box_25/masks/row_0255_object_290_sam_mask.png,,0.9503837823867798,0.9205426356589147,1.0,0.011986480999894411,83.42732116363501,cuda,vit_b
256,000015.png,291,data/cogar_sim_500/rgb/000015.png,/home/amir/Desktop/COGAR/COGAR_Foundation-Model-Segmentation-for-Robotic-Scenes/data/cogar_sim_500/instance_masks/all/ann_00000291_img_000015_cat_plastic_object.png,226.0,228.0,317.0,329.0,/home/amir/Desktop/COGAR/COGAR_Foundation-Model-Segmentation-for-Robotic-Scenes/outputs/sim_sam_vit_b_box_25/masks/row_0256_object_291_sam_mask.png,,0.9881101250648499,0.9863679097461611,0.988621997471555,0.012087759000223741,82.72832044231609,cuda,vit_b
257,000015.png,292,data/cogar_sim_500/rgb/000015.png,/home/amir/Desktop/COGAR/COGAR_Foundation-Model-Segmentation-for-Robotic-Scenes/data/cogar_sim_500/instance_masks/all/ann_00000292_img_000015_cat_tool.png,35.0,185.0,267.0,329.0,/home/amir/Desktop/COGAR/COGAR_Foundation-Model-Segmentation-for-Robotic-Scenes/outputs/sim_sam_vit_b_box_25/masks/row_0257_object_292_sam_mask.png,,0.9523352384567261,0.7905318954487297,0.8333631763590182,0.012195740000152,81.9958444495813,cuda,vit_b
258,000015.png,293,data/cogar_sim_500/rgb/000015.png,/home/amir/Desktop/COGAR/COGAR_Foundation-Model-Segmentation-for-Robotic-Scenes/data/cogar_sim_500/instance_masks/all/ann_00000293_img_000015_cat_metal_part.png,256.0,130.0,295.0,178.0,/home/amir/Desktop/COGAR/COGAR_Foundation-Model-Segmentation-for-Robotic-Scenes/outputs/sim_sam_vit_b_box_25/masks/row_0258_object_293_sam_mask.png,,0.9758349061012268,0.9615076182838813,0.9940828402366864,0.012062052999681327,82.90462660265375,cuda,vit_b
259,000015.png,294,data/cogar_sim_500/rgb/000015.png,/home/amir/Desktop/COGAR/COGAR_Foundation-Model-Segmentation-for-Robotic-Scenes/data/cogar_sim_500/instance_masks/all/ann_00000294_img_000015_cat_box.png,438.0,167.0,542.0,290.0,/home/amir/Desktop/COGAR/COGAR_Foundation-Model-Segmentation-for-Robotic-Scenes/outputs/sim_sam_vit_b_box_25/masks/row_0259_object_294_sam_mask.png,,0.949367880821228,0.9606966988874703,0.9141675284384695,0.01221953599997505,81.8361679201274,cuda,vit_b
260,000015.png,295,data/cogar_sim_500/rgb/000015.png,/home/amir/Desktop/COGAR/COGAR_Foundation-Model-Segmentation-for-Robotic-Scenes/data/cogar_sim_500/instance_masks/all/ann_00000295_img_000015_cat_plastic_object.png,243.0,73.0,308.0,153.0,/home/amir/Desktop/COGAR/COGAR_Foundation-Model-Segmentation-for-Robotic-Scenes/outputs/sim_sam_vit_b_box_25/masks/row_0260_object_295_sam_mask.png,,0.9855942726135254,0.9888835186080231,0.9984,0.012018630000056874,83.20415887628356,cuda,vit_b
261,000015.png,296,data/cogar_sim_500/rgb/000015.png,/home/amir/Desktop/COGAR/COGAR_Foundation-Model-Segmentation-for-Robotic-Scenes/data/cogar_sim_500/instance_masks/all/ann_00000296_img_000015_cat_tool.png,46.0,204.0,240.0,410.0,/home/amir/Desktop/COGAR/COGAR_Foundation-Model-Segmentation-for-Robotic-Scenes/outputs/sim_sam_vit_b_box_25/masks/row_0261_object_296_sam_mask.png,,0.847414493560791,0.6594629993451212,0.5910994167615881,0.0120008339999913,83.32754206921993,cuda,vit_b
262,000015.png,297,data/cogar_sim_500/rgb/000015.png,/home/amir/Desktop/COGAR/COGAR_Foundation-Model-Segmentation-for-Robotic-Scenes/data/cogar_sim_500/instance_masks/all/ann_00000297_img_000015_cat_metal_part.png,354.0,127.0,397.0,168.0,/home/amir/Desktop/COGAR/COGAR_Foundation-Model-Segmentation-for-Robotic-Scenes/outputs/sim_sam_vit_b_box_25/masks/row_0262_object_297_sam_mask.png,,0.9725664258003235,0.9639084507042254,1.0,0.012009585999749106,83.26681702607327,cuda,vit_b
263,000015.png,298,data/cogar_sim_500/rgb/000015.png,/home/amir/Desktop/COGAR/COGAR_Foundation-Model-Segmentation-for-Robotic-Scenes/data/cogar_sim_500/instance_masks/all/ann_00000298_img_000015_cat_connector.png,255.0,170.0,300.0,208.0,/home/amir/Desktop/COGAR/COGAR_Foundation-Model-Segmentation-for-Robotic-Scenes/outputs/sim_sam_vit_b_box_25/masks/row_0263_object_298_sam_mask.png,,0.960476279258728,0.9265536723163842,1.0,0.012004742000044644,83.30041578538557,cuda,vit_b
264,000015.png,299,data/cogar_sim_500/rgb/000015.png,/home/amir/Desktop/COGAR/COGAR_Foundation-Model-Segmentation-for-Robotic-Scenes/data/cogar_sim_500/instance_masks/all/ann_00000299_img_000015_cat_box.png,264.0,150.0,449.0,325.0,/home/amir/Desktop/COGAR/COGAR_Foundation-Model-Segmentation-for-Robotic-Scenes/outputs/sim_sam_vit_b_box_25/masks/row_0264_object_299_sam_mask.png,,0.9877319931983948,0.9708051016341172,0.9593199757134183,0.011993652999990445,83.37743304736236,cuda,vit_b
265,000015.png,300,data/cogar_sim_500/rgb/000015.png,/home/amir/Desktop/COGAR/COGAR_Foundation-Model-Segmentation-for-Robotic-Scenes/data/cogar_sim_500/instance_masks/all/ann_00000300_img_000015_cat_connector.png,289.0,137.0,361.0,170.0,/home/amir/Desktop/COGAR/COGAR_Foundation-Model-Segmentation-for-Robotic-Scenes/outputs/sim_sam_vit_b_box_25/masks/row_0265_object_300_sam_mask.png,,0.9596112966537476,0.937888198757764,1.0,0.012040212999636424,83.05500907917467,cuda,vit_b
266,000017.png,304,data/cogar_sim_500/rgb/000017.png,/home/amir/Desktop/COGAR/COGAR_Foundation-Model-Segmentation-for-Robotic-Scenes/data/cogar_sim_500/instance_masks/all/ann_00000304_img_000017_cat_connector.png,286.0,266.0,313.0,302.0,/home/amir/Desktop/COGAR/COGAR_Foundation-Model-Segmentation-for-Robotic-Scenes/outputs/sim_sam_vit_b_box_25/masks/row_0266_object_304_sam_mask.png,,0.9651867151260376,0.9817578772802653,1.0,0.15749692200006393,6.349330433261382,cuda,vit_b
267,000017.png,305,data/cogar_sim_500/rgb/000017.png,/home/amir/Desktop/COGAR/COGAR_Foundation-Model-Segmentation-for-Robotic-Scenes/data/cogar_sim_500/instance_masks/all/ann_00000305_img_000017_cat_glass_object.png,284.0,105.0,316.0,192.0,/home/amir/Desktop/COGAR/COGAR_Foundation-Model-Segmentation-for-Robotic-Scenes/outputs/sim_sam_vit_b_box_25/masks/row_0267_object_305_sam_mask.png,,0.9702288508415222,0.8986754966887417,0.9065315315315315,0.011999930999991193,83.33381250281639,cuda,vit_b
268,000017.png,306,data/cogar_sim_500/rgb/000017.png,/home/amir/Desktop/COGAR/COGAR_Foundation-Model-Segmentation-for-Robotic-Scenes/data/cogar_sim_500/instance_masks/all/ann_00000306_img_000017_cat_box.png,204.0,149.0,316.0,240.0,/home/amir/Desktop/COGAR/COGAR_Foundation-Model-Segmentation-for-Robotic-Scenes/outputs/sim_sam_vit_b_box_25/masks/row_0268_object_306_sam_mask.png,,0.9801603555679321,0.9541917486419028,0.9511821366024519,0.012291593000099965,81.35641978967797,cuda,vit_b
269,000017.png,307,data/cogar_sim_500/rgb/000017.png,/home/amir/Desktop/COGAR/COGAR_Foundation-Model-Segmentation-for-Robotic-Scenes/data/cogar_sim_500/instance_masks/all/ann_00000307_img_000017_cat_box.png,211.0,208.0,321.0,309.0,/home/amir/Desktop/COGAR/COGAR_Foundation-Model-Segmentation-for-Robotic-Scenes/outputs/sim_sam_vit_b_box_25/masks/row_0269_object_307_sam_mask.png,,0.9794684052467346,0.968434707408475,0.9823633852830932,0.011989244000233157,83.40809478734046,cuda,vit_b
270,000017.png,308,data/cogar_sim_500/rgb/000017.png,/home/amir/Desktop/COGAR/COGAR_Foundation-Model-Segmentation-for-Robotic-Scenes/data/cogar_sim_500/instance_masks/all/ann_00000308_img_000017_cat_connector.png,415.0,219.0,447.0,266.0,/home/amir/Desktop/COGAR/COGAR_Foundation-Model-Segmentation-for-Robotic-Scenes/outputs/sim_sam_vit_b_box_25/masks/row_0270_object_308_sam_mask.png,,0.9455896615982056,0.9331275720164609,1.0,0.01213378099964757,82.4145416856498,cuda,vit_b
271,000017.png,309,data/cogar_sim_500/rgb/000017.png,/home/amir/Desktop/COGAR/COGAR_Foundation-Model-Segmentation-for-Robotic-Scenes/data/cogar_sim_500/instance_masks/all/ann_00000309_img_000017_cat_plastic_object.png,309.0,243.0,372.0,311.0,/home/amir/Desktop/COGAR/COGAR_Foundation-Model-Segmentation-for-Robotic-Scenes/outputs/sim_sam_vit_b_box_25/masks/row_0271_object_309_sam_mask.png,,0.9768941402435303,0.9723983588213353,1.0,0.011912917000245216,83.9424970374104,cuda,vit_b
272,000017.png,310,data/cogar_sim_500/rgb/000017.png,/home/amir/Desktop/COGAR/COGAR_Foundation-Model-Segmentation-for-Robotic-Scenes/data/cogar_sim_500/instance_masks/all/ann_00000310_img_000017_cat_metal_part.png,211.0,254.0,243.0,301.0,/home/amir/Desktop/COGAR/COGAR_Foundation-Model-Segmentation-for-Robotic-Scenes/outputs/sim_sam_vit_b_box_25/masks/row_0272_object_310_sam_mask.png,,0.9701743125915527,0.9130966952264382,0.9128919860627177,0.011942051999994874,83.73770269970599,cuda,vit_b
273,000017.png,311,data/cogar_sim_500/rgb/000017.png,/home/amir/Desktop/COGAR/COGAR_Foundation-Model-Segmentation-for-Robotic-Scenes/data/cogar_sim_500/instance_masks/all/ann_00000311_img_000017_cat_cable.png,210.0,209.0,472.0,286.0,/home/amir/Desktop/COGAR/COGAR_Foundation-Model-Segmentation-for-Robotic-Scenes/outputs/sim_sam_vit_b_box_25/masks/row_0273_object_311_sam_mask.png,,0.5401599407196045,0.21820303383897316,0.45360397680198833,0.012076714000158972,82.80398128057321,cuda,vit_b
274,000017.png,312,data/cogar_sim_500/rgb/000017.png,/home/amir/Desktop/COGAR/COGAR_Foundation-Model-Segmentation-for-Robotic-Scenes/data/cogar_sim_500/instance_masks/all/ann_00000312_img_000017_cat_plastic_object.png,314.0,228.0,321.0,244.0,/home/amir/Desktop/COGAR/COGAR_Foundation-Model-Segmentation-for-Robotic-Scenes/outputs/sim_sam_vit_b_box_25/masks/row_0274_object_312_sam_mask.png,,0.874681830406189,0.7764705882352941,1.0,0.012009046000002854,83.27056120858911,cuda,vit_b
275,000017.png,313,data/cogar_sim_500/rgb/000017.png,/home/amir/Desktop/COGAR/COGAR_Foundation-Model-Segmentation-for-Robotic-Scenes/data/cogar_sim_500/instance_masks/all/ann_00000313_img_000017_cat_box.png,357.0,219.0,407.0,290.0,/home/amir/Desktop/COGAR/COGAR_Foundation-Model-Segmentation-for-Robotic-Scenes/outputs/sim_sam_vit_b_box_25/masks/row_0275_object_313_sam_mask.png,,0.9690606594085693,0.9652128764278297,1.0,0.012012852000225394,83.24417881625756,cuda,vit_b
276,000017.png,315,data/cogar_sim_500/rgb/000017.png,/home/amir/Desktop/COGAR/COGAR_Foundation-Model-Segmentation-for-Robotic-Scenes/data/cogar_sim_500/instance_masks/all/ann_00000315_img_000017_cat_connector.png,149.0,348.0,232.0,381.0,/home/amir/Desktop/COGAR/COGAR_Foundation-Model-Segmentation-for-Robotic-Scenes/outputs/sim_sam_vit_b_box_25/masks/row_0276_object_315_sam_mask.png,,0.9801400303840637,0.9378531073446328,1.0,0.012028387999635015,83.13665971120516,cuda,vit_b
277,000017.png,316,data/cogar_sim_500/rgb/000017.png,/home/amir/Desktop/COGAR/COGAR_Foundation-Model-Segmentation-for-Robotic-Scenes/data/cogar_sim_500/instance_masks/all/ann_00000316_img_000017_cat_glass_object.png,383.0,149.0,423.0,260.0,/home/amir/Desktop/COGAR/COGAR_Foundation-Model-Segmentation-for-Robotic-Scenes/outputs/sim_sam_vit_b_box_25/masks/row_0277_object_316_sam_mask.png,,0.8980138301849365,0.7403414195867026,0.8763636363636363,0.012024427000142168,83.16404598640557,cuda,vit_b
278,000017.png,317,data/cogar_sim_500/rgb/000017.png,/home/amir/Desktop/COGAR/COGAR_Foundation-Model-Segmentation-for-Robotic-Scenes/data/cogar_sim_500/instance_masks/all/ann_00000317_img_000017_cat_robot_gripper.png,304.0,90.0,415.0,241.0,/home/amir/Desktop/COGAR/COGAR_Foundation-Model-Segmentation-for-Robotic-Scenes/outputs/sim_sam_vit_b_box_25/masks/row_0278_object_317_sam_mask.png,,0.9531382322311401,0.8105518496058217,0.7985754696581215,0.012029903999973612,83.1261828857648,cuda,vit_b
279,000017.png,318,data/cogar_sim_500/rgb/000017.png,/home/amir/Desktop/COGAR/COGAR_Foundation-Model-Segmentation-for-Robotic-Scenes/data/cogar_sim_500/instance_masks/all/ann_00000318_img_000017_cat_robot_gripper.png,321.0,146.0,360.0,275.0,/home/amir/Desktop/COGAR/COGAR_Foundation-Model-Segmentation-for-Robotic-Scenes/outputs/sim_sam_vit_b_box_25/masks/row_0279_object_318_sam_mask.png,,0.9724676609039307,0.8364269141531323,0.8014173470959791,0.01196866800000862,83.55148626390839,cuda,vit_b
280,000017.png,319,data/cogar_sim_500/rgb/000017.png,/home/amir/Desktop/COGAR/COGAR_Foundation-Model-Segmentation-for-Robotic-Scenes/data/cogar_sim_500/instance_masks/all/ann_00000319_img_000017_cat_robot_gripper.png,315.0,107.0,351.0,219.0,/home/amir/Desktop/COGAR/COGAR_Foundation-Model-Segmentation-for-Robotic-Scenes/outputs/sim_sam_vit_b_box_25/masks/row_0280_object_319_sam_mask.png,,0.7381958961486816,0.37263910158244,0.43301560699696245,0.011917187000108243,83.91241993525125,cuda,vit_b
281,000018.png,321,data/cogar_sim_500/rgb/000018.png,/home/amir/Desktop/COGAR/COGAR_Foundation-Model-Segmentation-for-Robotic-Scenes/data/cogar_sim_500/instance_masks/all/ann_00000321_img_000018_cat_connector.png,270.0,136.0,294.0,164.0,/home/amir/Desktop/COGAR/COGAR_Foundation-Model-Segmentation-for-Robotic-Scenes/outputs/sim_sam_vit_b_box_25/masks/row_0281_object_321_sam_mask.png,,0.9683169722557068,0.9340909090909091,1.0,0.15685786999983975,6.375198133195495,cuda,vit_b
282,000018.png,322,data/cogar_sim_500/rgb/000018.png,/home/amir/Desktop/COGAR/COGAR_Foundation-Model-Segmentation-for-Robotic-Scenes/data/cogar_sim_500/instance_masks/all/ann_00000322_img_000018_cat_screw.png,303.0,190.0,325.0,204.0,/home/amir/Desktop/COGAR/COGAR_Foundation-Model-Segmentation-for-Robotic-Scenes/outputs/sim_sam_vit_b_box_25/masks/row_0282_object_322_sam_mask.png,,0.9223203659057617,0.8,0.9705882352941176,0.012012840000352298,83.24426197058091,cuda,vit_b
283,000018.png,323,data/cogar_sim_500/rgb/000018.png,/home/amir/Desktop/COGAR/COGAR_Foundation-Model-Segmentation-for-Robotic-Scenes/data/cogar_sim_500/instance_masks/all/ann_00000323_img_000018_cat_plastic_object.png,102.0,139.0,166.0,232.0,/home/amir/Desktop/COGAR/COGAR_Foundation-Model-Segmentation-for-Robotic-Scenes/outputs/sim_sam_vit_b_box_25/masks/row_0283_object_323_sam_mask.png,,0.9840136766433716,0.9735367973729959,0.9984251968503937,0.012022812000395788,83.17521724261181,cuda,vit_b
284,000018.png,324,data/cogar_sim_500/rgb/000018.png,/home/amir/Desktop/COGAR/COGAR_Foundation-Model-Segmentation-for-Robotic-Scenes/data/cogar_sim_500/instance_masks/all/ann_00000324_img_000018_cat_connector.png,164.0,187.0,184.0,217.0,/home/amir/Desktop/COGAR/COGAR_Foundation-Model-Segmentation-for-Robotic-Scenes/outputs/sim_sam_vit_b_box_25/masks/row_0284_object_324_sam_mask.png,,0.9769079089164734,0.9654510556621881,1.0,0.012255087000085041,81.59876792331713,cuda,vit_b
285,000018.png,325,data/cogar_sim_500/rgb/000018.png,/home/amir/Desktop/COGAR/COGAR_Foundation-Model-Segmentation-for-Robotic-Scenes/data/cogar_sim_500/instance_masks/all/ann_00000325_img_000018_cat_box.png,473.0,140.0,573.0,278.0,/home/amir/Desktop/COGAR/COGAR_Foundation-Model-Segmentation-for-Robotic-Scenes/outputs/sim_sam_vit_b_box_25/masks/row_0285_object_325_sam_mask.png,,0.9907739162445068,0.9801829268292683,1.0,0.012021284999718773,83.1857825534786,cuda,vit_b
286,000018.png,326,data/cogar_sim_500/rgb/000018.png,/home/amir/Desktop/COGAR/COGAR_Foundation-Model-Segmentation-for-Robotic-Scenes/data/cogar_sim_500/instance_masks/all/ann_00000326_img_000018_cat_screw.png,469.0,318.0,492.0,344.0,/home/amir/Desktop/COGAR/COGAR_Foundation-Model-Segmentation-for-Robotic-Scenes/outputs/sim_sam_vit_b_box_25/masks/row_0286_object_326_sam_mask.png,,0.9030613303184509,0.7861635220125787,0.9315130317048403,0.011932110999623546,83.80746709710877,cuda,vit_b
287,000018.png,327,data/cogar_sim_500/rgb/000018.png,/home/amir/Desktop/COGAR/COGAR_Foundation-Model-Segmentation-for-Robotic-Scenes/data/cogar_sim_500/instance_masks/all/ann_00000327_img_000018_cat_connector.png,267.0,136.0,273.0,151.0,/home/amir/Desktop/COGAR/COGAR_Foundation-Model-Segmentation-for-Robotic-Scenes/outputs/sim_sam_vit_b_box_25/masks/row_0287_object_327_sam_mask.png,,0.9510447978973389,0.8137254901960784,1.0,0.011956174999795621,83.63878916267903,cuda,vit_b
288,000018.png,328,data/cogar_sim_500/rgb/000018.png,/home/amir/Desktop/COGAR/COGAR_Foundation-Model-Segmentation-for-Robotic-Scenes/data/cogar_sim_500/instance_masks/all/ann_00000328_img_000018_cat_box.png,389.0,148.0,477.0,233.0,/home/amir/Desktop/COGAR/COGAR_Foundation-Model-Segmentation-for-Robotic-Scenes/outputs/sim_sam_vit_b_box_25/masks/row_0288_object_328_sam_mask.png,,0.9776895642280579,0.9720982142857143,1.0,0.012097788999653858,82.65973228898372,cuda,vit_b
289,000018.png,329,data/cogar_sim_500/rgb/000018.png,/home/amir/Desktop/COGAR/COGAR_Foundation-Model-Segmentation-for-Robotic-Scenes/data/cogar_sim_500/instance_masks/all/ann_00000329_img_000018_cat_screw.png,90.0,213.0,107.0,236.0,/home/amir/Desktop/COGAR/COGAR_Foundation-Model-Segmentation-for-Robotic-Scenes/outputs/sim_sam_vit_b_box_25/masks/row_0289_object_329_sam_mask.png,,0.9132962822914124,0.8818181818181818,1.0,0.012027690000195435,83.1414843568259,cuda,vit_b
290,000018.png,330,data/cogar_sim_500/rgb/000018.png,/home/amir/Desktop/COGAR/COGAR_Foundation-Model-Segmentation-for-Robotic-Scenes/data/cogar_sim_500/instance_masks/all/ann_00000330_img_000018_cat_connector.png,207.0,157.0,221.0,174.0,/home/amir/Desktop/COGAR/COGAR_Foundation-Model-Segmentation-for-Robotic-Scenes/outputs/sim_sam_vit_b_box_25/masks/row_0290_object_330_sam_mask.png,,0.9487757682800293,0.902542372881356,1.0,0.012095672000214108,82.6741994973325,cuda,vit_b
291,000018.png,331,data/cogar_sim_500/rgb/000018.png,/home/amir/Desktop/COGAR/COGAR_Foundation-Model-Segmentation-for-Robotic-Scenes/data/cogar_sim_500/instance_masks/all/ann_00000331_img_000018_cat_connector.png,336.0,169.0,355.0,195.0,/home/amir/Desktop/COGAR/COGAR_Foundation-Model-Segmentation-for-Robotic-Scenes/outputs/sim_sam_vit_b_box_25/masks/row_0291_object_331_sam_mask.png,,0.9685195684432983,0.9404255319148936,1.0,0.012063443999977608,82.8950671136581,cuda,vit_b
292,000018.png,332,data/cogar_sim_500/rgb/000018.png,/home/amir/Desktop/COGAR/COGAR_Foundation-Model-Segmentation-for-Robotic-Scenes/data/cogar_sim_500/instance_masks/all/ann_00000332_img_000018_cat_screw.png,102.0,221.0,119.0,240.0,/home/amir/Desktop/COGAR/COGAR_Foundation-Model-Segmentation-for-Robotic-Scenes/outputs/sim_sam_vit_b_box_25/masks/row_0292_object_332_sam_mask.png,,0.9402816295623779,0.8704663212435233,1.0,0.011996599000212882,83.35695808305795,cuda,vit_b
293,000018.png,333,data/cogar_sim_500/rgb/000018.png,/home/amir/Desktop/COGAR/COGAR_Foundation-Model-Segmentation-for-Robotic-Scenes/data/cogar_sim_500/instance_masks/all/ann_00000333_img_000018_cat_screw.png,327.0,300.0,341.0,327.0,/home/amir/Desktop/COGAR/COGAR_Foundation-Model-Segmentation-for-Robotic-Scenes/outputs/sim_sam_vit_b_box_25/masks/row_0293_object_333_sam_mask.png,,0.9369711875915527,0.9129213483146067,1.0,0.012039306000133365,83.06126615511911,cuda,vit_b
294,000018.png,334,data/cogar_sim_500/rgb/000018.png,/home/amir/Desktop/COGAR/COGAR_Foundation-Model-Segmentation-for-Robotic-Scenes/data/cogar_sim_500/instance_masks/all/ann_00000334_img_000018_cat_screw.png,222.0,249.0,248.0,277.0,/home/amir/Desktop/COGAR/COGAR_Foundation-Model-Segmentation-for-Robotic-Scenes/outputs/sim_sam_vit_b_box_25/masks/row_0294_object_334_sam_mask.png,,0.962723433971405,0.8719211822660099,1.0,0.012012869000045612,83.24406101458386,cuda,vit_b
295,000018.png,335,data/cogar_sim_500/rgb/000018.png,/home/amir/Desktop/COGAR/COGAR_Foundation-Model-Segmentation-for-Robotic-Scenes/data/cogar_sim_500/instance_masks/all/ann_00000335_img_000018_cat_connector.png,385.0,267.0,423.0,325.0,/home/amir/Desktop/COGAR/COGAR_Foundation-Model-Segmentation-for-Robotic-Scenes/outputs/sim_sam_vit_b_box_25/masks/row_0295_object_335_sam_mask.png,,0.9722716808319092,0.9527220630372493,1.0,0.011953596000239486,83.65683430994032,cuda,vit_b
296,000018.png,336,data/cogar_sim_500/rgb/000018.png,/home/amir/Desktop/COGAR/COGAR_Foundation-Model-Segmentation-for-Robotic-Scenes/data/cogar_sim_500/instance_masks/all/ann_00000336_img_000018_cat_connector.png,319.0,194.0,355.0,208.0,/home/amir/Desktop/COGAR/COGAR_Foundation-Model-Segmentation-for-Robotic-Scenes/outputs/sim_sam_vit_b_box_25/masks/row_0296_object_336_sam_mask.png,,0.9520613551139832,0.9788732394366197,1.0,0.01203014600014285,83.1245107073618,cuda,vit_b
297,000018.png,337,data/cogar_sim_500/rgb/000018.png,/home/amir/Desktop/COGAR/COGAR_Foundation-Model-Segmentation-for-Robotic-Scenes/data/cogar_sim_500/instance_masks/all/ann_00000337_img_000018_cat_screw.png,269.0,173.0,287.0,189.0,/home/amir/Desktop/COGAR/COGAR_Foundation-Model-Segmentation-for-Robotic-Scenes/outputs/sim_sam_vit_b_box_25/masks/row_0297_object_337_sam_mask.png,,0.9590457081794739,0.8775510204081632,1.0,0.01200801799996043,83.2776899571016,cuda,vit_b
298,000018.png,338,data/cogar_sim_500/rgb/000018.png,/home/amir/Desktop/COGAR/COGAR_Foundation-Model-Segmentation-for-Robotic-Scenes/data/cogar_sim_500/instance_masks/all/ann_00000338_img_000018_cat_screw.png,177.0,235.0,195.0,249.0,/home/amir/Desktop/COGAR/COGAR_Foundation-Model-Segmentation-for-Robotic-Scenes/outputs/sim_sam_vit_b_box_25/masks/row_0298_object_338_sam_mask.png,,0.9624908566474915,0.9444444444444444,1.0,0.012131332999615552,82.43117224065077,cuda,vit_b
299,000018.png,339,data/cogar_sim_500/rgb/000018.png,/home/amir/Desktop/COGAR/COGAR_Foundation-Model-Segmentation-for-Robotic-Scenes/data/cogar_sim_500/instance_masks/all/ann_00000339_img_000018_cat_connector.png,310.0,206.0,359.0,236.0,/home/amir/Desktop/COGAR/COGAR_Foundation-Model-Segmentation-for-Robotic-Scenes/outputs/sim_sam_vit_b_box_25/masks/row_0299_object_339_sam_mask.png,,0.9602625370025635,0.9419410745233969,1.0,0.012698311999884027,78.75062449317146,cuda,vit_b
300,000018.png,340,data/cogar_sim_500/rgb/000018.png,/home/amir/Desktop/COGAR/COGAR_Foundation-Model-Segmentation-for-Robotic-Scenes/data/cogar_sim_500/instance_masks/all/ann_00000340_img_000018_cat_box.png,181.0,80.0,268.0,180.0,/home/amir/Desktop/COGAR/COGAR_Foundation-Model-Segmentation-for-Robotic-Scenes/outputs/sim_sam_vit_b_box_25/masks/row_0300_object_340_sam_mask.png,,0.9734269380569458,0.9615480649188515,0.9813519813519813,0.01300983000010092,76.86495519097812,cuda,vit_b
301,000018.png,341,data/cogar_sim_500/rgb/000018.png,/home/amir/Desktop/COGAR/COGAR_Foundation-Model-Segmentation-for-Robotic-Scenes/data/cogar_sim_500/instance_masks/all/ann_00000341_img_000018_cat_screw.png,469.0,251.0,485.0,272.0,/home/amir/Desktop/COGAR/COGAR_Foundation-Model-Segmentation-for-Robotic-Scenes/outputs/sim_sam_vit_b_box_25/masks/row_0301_object_341_sam_mask.png,,0.957777738571167,0.9321266968325792,1.0,0.012788790999820776,78.19347427086846,cuda,vit_b
302,000018.png,342,data/cogar_sim_500/rgb/000018.png,/home/amir/Desktop/COGAR/COGAR_Foundation-Model-Segmentation-for-Robotic-Scenes/data/cogar_sim_500/instance_masks/all/ann_00000342_img_000018_cat_cable.png,389.0,257.0,562.0,394.0,/home/amir/Desktop/COGAR/COGAR_Foundation-Model-Segmentation-for-Robotic-Scenes/outputs/sim_sam_vit_b_box_25/masks/row_0302_object_342_sam_mask.png,,0.9170408248901367,0.8526461432030439,0.9565536616889461,0.012144068999987212,82.34472317318462,cuda,vit_b
303,000018.png,343,data/cogar_sim_500/rgb/000018.png,/home/amir/Desktop/COGAR/COGAR_Foundation-Model-Segmentation-for-Robotic-Scenes/data/cogar_sim_500/instance_masks/all/ann_00000343_img_000018_cat_robot_gripper.png,192.0,58.0,470.0,163.0,/home/amir/Desktop/COGAR/COGAR_Foundation-Model-Segmentation-for-Robotic-Scenes/outputs/sim_sam_vit_b_box_25/masks/row_0303_object_343_sam_mask.png,,1.001286268234253,0.9771525388920265,1.0,0.012014049999834242,83.23587799399844,cuda,vit_b
304,000018.png,344,data/cogar_sim_500/rgb/000018.png,/home/amir/Desktop/COGAR/COGAR_Foundation-Model-Segmentation-for-Robotic-Scenes/data/cogar_sim_500/instance_masks/all/ann_00000344_img_000018_cat_robot_gripper.png,293.0,139.0,332.0,192.0,/home/amir/Desktop/COGAR/COGAR_Foundation-Model-Segmentation-for-Robotic-Scenes/outputs/sim_sam_vit_b_box_25/masks/row_0304_object_344_sam_mask.png,,0.9711803197860718,0.9474279253815715,1.0,0.012361110000256303,80.89888367462675,cuda,vit_b
305,000018.png,345,data/cogar_sim_500/rgb/000018.png,/home/amir/Desktop/COGAR/COGAR_Foundation-Model-Segmentation-for-Robotic-Scenes/data/cogar_sim_500/instance_masks/all/ann_00000345_img_000018_cat_robot_gripper.png,354.0,148.0,395.0,227.0,/home/amir/Desktop/COGAR/COGAR_Foundation-Model-Segmentation-for-Robotic-Scenes/outputs/sim_sam_vit_b_box_25/masks/row_0305_object_345_sam_mask.png,,0.977611780166626,0.9466382070437567,1.0,0.011976819000210526,83.49462407191945,cuda,vit_b
306,000021.png,352,data/cogar_sim_500/rgb/000021.png,/home/amir/Desktop/COGAR/COGAR_Foundation-Model-Segmentation-for-Robotic-Scenes/data/cogar_sim_500/instance_masks/all/ann_00000352_img_000021_cat_glass_object.png,424.0,172.0,551.0,459.0,/home/amir/Desktop/COGAR/COGAR_Foundation-Model-Segmentation-for-Robotic-Scenes/outputs/sim_sam_vit_b_box_25/masks/row_0306_object_352_sam_mask.png,,0.966133713722229,0.7718561710398445,0.681091171485317,0.15827820399999837,6.317989304452875,cuda,vit_b
307,000021.png,353,data/cogar_sim_500/rgb/000021.png,/home/amir/Desktop/COGAR/COGAR_Foundation-Model-Segmentation-for-Robotic-Scenes/data/cogar_sim_500/instance_masks/all/ann_00000353_img_000021_cat_glass_object.png,266.0,87.0,390.0,192.0,/home/amir/Desktop/COGAR/COGAR_Foundation-Model-Segmentation-for-Robotic-Scenes/outputs/sim_sam_vit_b_box_25/masks/row_0307_object_353_sam_mask.png,,0.9024380445480347,0.6918902920284136,0.472992355463326,0.01207623300024352,82.8072793875238,cuda,vit_b
308,000021.png,354,data/cogar_sim_500/rgb/000021.png,/home/amir/Desktop/COGAR/COGAR_Foundation-Model-Segmentation-for-Robotic-Scenes/data/cogar_sim_500/instance_masks/all/ann_00000354_img_000021_cat_metal_part.png,190.0,262.0,268.0,373.0,/home/amir/Desktop/COGAR/COGAR_Foundation-Model-Segmentation-for-Robotic-Scenes/outputs/sim_sam_vit_b_box_25/masks/row_0308_object_354_sam_mask.png,,0.9883075952529907,0.9767476524072142,1.0,0.011971821999850363,83.52947446199076,cuda,vit_b
309,000021.png,355,data/cogar_sim_500/rgb/000021.png,/home/amir/Desktop/COGAR/COGAR_Foundation-Model-Segmentation-for-Robotic-Scenes/data/cogar_sim_500/instance_masks/all/ann_00000355_img_000021_cat_glass_object.png,306.0,85.0,386.0,96.0,/home/amir/Desktop/COGAR/COGAR_Foundation-Model-Segmentation-for-Robotic-Scenes/outputs/sim_sam_vit_b_box_25/masks/row_0309_object_355_sam_mask.png,,0.6712243556976318,0.24251497005988024,0.660473100906314,0.012133350000112841,82.41746920600657,cuda,vit_b
310,000021.png,356,data/cogar_sim_500/rgb/000021.png,/home/amir/Desktop/COGAR/COGAR_Foundation-Model-Segmentation-for-Robotic-Scenes/data/cogar_sim_500/instance_masks/all/ann_00000356_img_000021_cat_glass_object.png,252.0,167.0,393.0,347.0,/home/amir/Desktop/COGAR/COGAR_Foundation-Model-Segmentation-for-Robotic-Scenes/outputs/sim_sam_vit_b_box_25/masks/row_0310_object_356_sam_mask.png,,0.827177107334137,0.5703559936666837,0.29647360610873735,0.011968958999659662,83.5494548881348,cuda,vit_b
311,000021.png,357,data/cogar_sim_500/rgb/000021.png,/home/amir/Desktop/COGAR/COGAR_Foundation-Model-Segmentation-for-Robotic-Scenes/data/cogar_sim_500/instance_masks/all/ann_00000357_img_000021_cat_cable.png,69.0,39.0,285.0,264.0,/home/amir/Desktop/COGAR/COGAR_Foundation-Model-Segmentation-for-Robotic-Scenes/outputs/sim_sam_vit_b_box_25/masks/row_0311_object_357_sam_mask.png,,0.7451877593994141,0.26541456710948236,0.45054945054945056,0.0123261310000089,81.12845790777966,cuda,vit_b
312,000021.png,358,data/cogar_sim_500/rgb/000021.png,/home/amir/Desktop/COGAR/COGAR_Foundation-Model-Segmentation-for-Robotic-Scenes/data/cogar_sim_500/instance_masks/all/ann_00000358_img_000021_cat_glass_object.png,375.0,77.0,495.0,186.0,/home/amir/Desktop/COGAR/COGAR_Foundation-Model-Segmentation-for-Robotic-Scenes/outputs/sim_sam_vit_b_box_25/masks/row_0312_object_358_sam_mask.png,,0.8475583791732788,0.5984318911770262,0.6441597306649209,0.01204768800016609,83.00347751254962,cuda,vit_b
313,000021.png,359,data/cogar_sim_500/rgb/000021.png,/home/amir/Desktop/COGAR/COGAR_Foundation-Model-Segmentation-for-Robotic-Scenes/data/cogar_sim_500/instance_masks/all/ann_00000359_img_000021_cat_glass_object.png,367.0,0.0,447.0,86.0,/home/amir/Desktop/COGAR/COGAR_Foundation-Model-Segmentation-for-Robotic-Scenes/outputs/sim_sam_vit_b_box_25/masks/row_0313_object_359_sam_mask.png,,0.9636460542678833,0.974036850921273,0.9725490196078431,0.012069467999936023,82.8536933032426,cuda,vit_b
314,000021.png,360,data/cogar_sim_500/rgb/000021.png,/home/amir/Desktop/COGAR/COGAR_Foundation-Model-Segmentation-for-Robotic-Scenes/data/cogar_sim_500/instance_masks/all/ann_00000360_img_000021_cat_cable.png,212.0,311.0,640.0,480.0,/home/amir/Desktop/COGAR/COGAR_Foundation-Model-Segmentation-for-Robotic-Scenes/outputs/sim_sam_vit_b_box_25/masks/row_0314_object_360_sam_mask.png,,0.8571056127548218,0.5639629831246598,0.5334188976955225,0.012012122999749408,83.24923079965644,cuda,vit_b
315,000021.png,361,data/cogar_sim_500/rgb/000021.png,/home/amir/Desktop/COGAR/COGAR_Foundation-Model-Segmentation-for-Robotic-Scenes/data/cogar_sim_500/instance_masks/all/ann_00000361_img_000021_cat_glass_object.png,134.0,30.0,225.0,127.0,/home/amir/Desktop/COGAR/COGAR_Foundation-Model-Segmentation-for-Robotic-Scenes/outputs/sim_sam_vit_b_box_25/masks/row_0315_object_361_sam_mask.png,,0.9840515851974487,0.9190389995063354,0.8309730932632005,0.012017822999951022,83.2097460583398,cuda,vit_b
316,000021.png,362,data/cogar_sim_500/rgb/000021.png,/home/amir/Desktop/COGAR/COGAR_Foundation-Model-Segmentation-for-Robotic-Scenes/data/cogar_sim_500/instance_masks/all/ann_00000362_img_000021_cat_glass_object.png,139.0,100.0,255.0,284.0,/home/amir/Desktop/COGAR/COGAR_Foundation-Model-Segmentation-for-Robotic-Scenes/outputs/sim_sam_vit_b_box_25/masks/row_0316_object_362_sam_mask.png,,0.9746978878974915,0.9505397328779654,0.8593596692052516,0.012280856999950629,81.42754206844198,cuda,vit_b
317,000021.png,363,data/cogar_sim_500/rgb/000021.png,/home/amir/Desktop/COGAR/COGAR_Foundation-Model-Segmentation-for-Robotic-Scenes/data/cogar_sim_500/instance_masks/all/ann_00000363_img_000021_cat_plastic_object.png,389.0,178.0,458.0,253.0,/home/amir/Desktop/COGAR/COGAR_Foundation-Model-Segmentation-for-Robotic-Scenes/outputs/sim_sam_vit_b_box_25/masks/row_0317_object_363_sam_mask.png,,0.9615838527679443,0.8104343075662387,0.7902246286675934,0.011980582999967737,83.46839214775216,cuda,vit_b
318,000021.png,364,data/cogar_sim_500/rgb/000021.png,/home/amir/Desktop/COGAR/COGAR_Foundation-Model-Segmentation-for-Robotic-Scenes/data/cogar_sim_500/instance_masks/all/ann_00000364_img_000021_cat_metal_part.png,323.0,385.0,386.0,480.0,/home/amir/Desktop/COGAR/COGAR_Foundation-Model-Segmentation-for-Robotic-Scenes/outputs/sim_sam_vit_b_box_25/masks/row_0318_object_364_sam_mask.png,,0.9783017039299011,0.9680801491146319,0.9225352112676055,0.012001086000054784,83.32579234874537,cuda,vit_b
319,000021.png,365,data/cogar_sim_500/rgb/000021.png,/home/amir/Desktop/COGAR/COGAR_Foundation-Model-Segmentation-for-Robotic-Scenes/data/cogar_sim_500/instance_masks/all/ann_00000365_img_000021_cat_cable.png,84.0,281.0,422.0,308.0,/home/amir/Desktop/COGAR/COGAR_Foundation-Model-Segmentation-for-Robotic-Scenes/outputs/sim_sam_vit_b_box_25/masks/row_0319_object_365_sam_mask.png,,0.9750624895095825,0.6318027210884354,0.7884245000843176,0.011993286000233638,83.3799844330002,cuda,vit_b
320,000021.png,366,data/cogar_sim_500/rgb/000021.png,/home/amir/Desktop/COGAR/COGAR_Foundation-Model-Segmentation-for-Robotic-Scenes/data/cogar_sim_500/instance_masks/all/ann_00000366_img_000021_cat_connector.png,217.0,338.0,304.0,460.0,/home/amir/Desktop/COGAR/COGAR_Foundation-Model-Segmentation-for-Robotic-Scenes/outputs/sim_sam_vit_b_box_25/masks/row_0320_object_366_sam_mask.png,,0.9748235940933228,0.9415902140672783,0.8708633469046874,0.012041620000218245,83.04530453393113,cuda,vit_b
321,000021.png,367,data/cogar_sim_500/rgb/000021.png,/home/amir/Desktop/COGAR/COGAR_Foundation-Model-Segmentation-for-Robotic-Scenes/data/cogar_sim_500/instance_masks/all/ann_00000367_img_000021_cat_metal_part.png,73.0,96.0,152.0,205.0,/home/amir/Desktop/COGAR/COGAR_Foundation-Model-Segmentation-for-Robotic-Scenes/outputs/sim_sam_vit_b_box_25/masks/row_0321_object_367_sam_mask.png,,0.9785349369049072,0.946540375662225,0.9258657696728844,0.012088001000392978,82.72666423236483,cuda,vit_b
322,000022.png,369,data/cogar_sim_500/rgb/000022.png,/home/amir/Desktop/COGAR/COGAR_Foundation-Model-Segmentation-for-Robotic-Scenes/data/cogar_sim_500/instance_masks/all/ann_00000369_img_000022_cat_plastic_object.png,371.0,215.0,414.0,266.0,/home/amir/Desktop/COGAR/COGAR_Foundation-Model-Segmentation-for-Robotic-Scenes/outputs/sim_sam_vit_b_box_25/masks/row_0322_object_369_sam_mask.png,,0.9555585384368896,0.9704030226700252,1.0,0.1562272739997752,6.400930992378699,cuda,vit_b
323,000022.png,370,data/cogar_sim_500/rgb/000022.png,/home/amir/Desktop/COGAR/COGAR_Foundation-Model-Segmentation-for-Robotic-Scenes/data/cogar_sim_500/instance_masks/all/ann_00000370_img_000022_cat_tool.png,267.0,242.0,313.0,366.0,/home/amir/Desktop/COGAR/COGAR_Foundation-Model-Segmentation-for-Robotic-Scenes/outputs/sim_sam_vit_b_box_25/masks/row_0323_object_370_sam_mask.png,,0.9278714656829834,0.7860326894502229,0.8298712532437413,0.011985299999651033,83.43554187455601,cuda,vit_b
324,000022.png,371,data/cogar_sim_500/rgb/000022.png,/home/amir/Desktop/COGAR/COGAR_Foundation-Model-Segmentation-for-Robotic-Scenes/data/cogar_sim_500/instance_masks/all/ann_00000371_img_000022_cat_connector.png,420.0,215.0,508.0,256.0,/home/amir/Desktop/COGAR/COGAR_Foundation-Model-Segmentation-for-Robotic-Scenes/outputs/sim_sam_vit_b_box_25/masks/row_0324_object_371_sam_mask.png,,0.9751414656639099,0.9525577557755776,1.0,0.012241429000368953,81.68980925101638,cuda,vit_b
325,000022.png,372,data/cogar_sim_500/rgb/000022.png,/home/amir/Desktop/COGAR/COGAR_Foundation-Model-Segmentation-for-Robotic-Scenes/data/cogar_sim_500/instance_masks/all/ann_00000372_img_000022_cat_glass_object.png,298.0,101.0,378.0,318.0,/home/amir/Desktop/COGAR/COGAR_Foundation-Model-Segmentation-for-Robotic-Scenes/outputs/sim_sam_vit_b_box_25/masks/row_0325_object_372_sam_mask.png,,0.9639285206794739,0.8554733479065075,0.7218304331170993,0.012006991999896854,83.28480605372191,cuda,vit_b
326,000022.png,374,data/cogar_sim_500/rgb/000022.png,/home/amir/Desktop/COGAR/COGAR_Foundation-Model-Segmentation-for-Robotic-Scenes/data/cogar_sim_500/instance_masks/all/ann_00000374_img_000022_cat_metal_part.png,312.0,232.0,405.0,335.0,/home/amir/Desktop/COGAR/COGAR_Foundation-Model-Segmentation-for-Robotic-Scenes/outputs/sim_sam_vit_b_box_25/masks/row_0326_object_374_sam_mask.png,,0.9780060052871704,0.9268122270742358,0.8469665324122037,0.01198262199977762,83.45418890945224,cuda,vit_b
327,000022.png,375,data/cogar_sim_500/rgb/000022.png,/home/amir/Desktop/COGAR/COGAR_Foundation-Model-Segmentation-for-Robotic-Scenes/data/cogar_sim_500/instance_masks/all/ann_00000375_img_000022_cat_screw.png,118.0,286.0,130.0,296.0,/home/amir/Desktop/COGAR/COGAR_Foundation-Model-Segmentation-for-Robotic-Scenes/outputs/sim_sam_vit_b_box_25/masks/row_0327_object_375_sam_mask.png,,0.9254367351531982,0.8769230769230769,1.0,0.012059498999860807,82.9221844134273,cuda,vit_b
328,000022.png,377,data/cogar_sim_500/rgb/000022.png,/home/amir/Desktop/COGAR/COGAR_Foundation-Model-Segmentation-for-Robotic-Scenes/data/cogar_sim_500/instance_masks/all/ann_00000377_img_000022_cat_cable.png,267.0,218.0,392.0,361.0,/home/amir/Desktop/COGAR/COGAR_Foundation-Model-Segmentation-for-Robotic-Scenes/outputs/sim_sam_vit_b_box_25/masks/row_0328_object_377_sam_mask.png,,0.6120986342430115,0.7645569620253164,0.7862988809859716,0.01199421599994821,83.37351937002951,cuda,vit_b
329,000022.png,378,data/cogar_sim_500/rgb/000022.png,/home/amir/Desktop/COGAR/COGAR_Foundation-Model-Segmentation-for-Robotic-Scenes/data/cogar_sim_500/instance_masks/all/ann_00000378_img_000022_cat_box.png,84.0,300.0,256.0,448.0,/home/amir/Desktop/COGAR/COGAR_Foundation-Model-Segmentation-for-Robotic-Scenes/outputs/sim_sam_vit_b_box_25/masks/row_0329_object_378_sam_mask.png,,0.9539014101028442,0.9373546402580839,0.9080428851400684,0.012026510999930906,83.14963500268242,cuda,vit_b
330,000022.png,379,data/cogar_sim_500/rgb/000022.png,/home/amir/Desktop/COGAR/COGAR_Foundation-Model-Segmentation-for-Robotic-Scenes/data/cogar_sim_500/instance_masks/all/ann_00000379_img_000022_cat_connector.png,373.0,329.0,438.0,403.0,/home/amir/Desktop/COGAR/COGAR_Foundation-Model-Segmentation-for-Robotic-Scenes/outputs/sim_sam_vit_b_box_25/masks/row_0330_object_379_sam_mask.png,,0.9797808527946472,0.9767605633802817,1.0,0.011965515000156302,83.57350268558748,cuda,vit_b
331,000022.png,380,data/cogar_sim_500/rgb/000022.png,/home/amir/Desktop/COGAR/COGAR_Foundation-Model-Segmentation-for-Robotic-Scenes/data/cogar_sim_500/instance_masks/all/ann_00000380_img_000022_cat_glass_object.png,395.0,80.0,479.0,241.0,/home/amir/Desktop/COGAR/COGAR_Foundation-Model-Segmentation-for-Robotic-Scenes/outputs/sim_sam_vit_b_box_25/masks/row_0331_object_380_sam_mask.png,,0.9631164073944092,0.8822062350119904,0.8007338900775302,0.012150895000104356,82.29846443339456,cuda,vit_b
332,000022.png,381,data/cogar_sim_500/rgb/000022.png,/home/amir/Desktop/COGAR/COGAR_Foundation-Model-Segmentation-for-Robotic-Scenes/data/cogar_sim_500/instance_masks/all/ann_00000381_img_000022_cat_box.png,75.0,238.0,309.0,449.0,/home/amir/Desktop/COGAR/COGAR_Foundation-Model-Segmentation-for-Robotic-Scenes/outputs/sim_sam_vit_b_box_25/masks/row_0332_object_381_sam_mask.png,,1.0034892559051514,0.6192458940550544,0.639634077776609,0.011995971000033023,83.36132189693082,cuda,vit_b
333,000022.png,382,data/cogar_sim_500/rgb/000022.png,/home/amir/Desktop/COGAR/COGAR_Foundation-Model-Segmentation-for-Robotic-Scenes/data/cogar_sim_500/instance_masks/all/ann_00000382_img_000022_cat_plastic_object.png,465.0,222.0,548.0,302.0,/home/amir/Desktop/COGAR/COGAR_Foundation-Model-Segmentation-for-Robotic-Scenes/outputs/sim_sam_vit_b_box_25/masks/row_0333_object_382_sam_mask.png,,0.9776375889778137,0.9788425637834475,1.0,0.01210222600002453,82.62942701598641,cuda,vit_b
334,000022.png,383,data/cogar_sim_500/rgb/000022.png,/home/amir/Desktop/COGAR/COGAR_Foundation-Model-Segmentation-for-Robotic-Scenes/data/cogar_sim_500/instance_masks/all/ann_00000383_img_000022_cat_glass_object.png,395.0,82.0,475.0,176.0,/home/amir/Desktop/COGAR/COGAR_Foundation-Model-Segmentation-for-Robotic-Scenes/outputs/sim_sam_vit_b_box_25/masks/row_0334_object_383_sam_mask.png,,0.9732640385627747,0.019313304721030045,0.44780629305829744,0.0119935349998741,83.37825336821024,cuda,vit_b
335,000022.png,384,data/cogar_sim_500/rgb/000022.png,/home/amir/Desktop/COGAR/COGAR_Foundation-Model-Segmentation-for-Robotic-Scenes/data/cogar_sim_500/instance_masks/all/ann_00000384_img_000022_cat_plastic_object.png,204.0,174.0,277.0,237.0,/home/amir/Desktop/COGAR/COGAR_Foundation-Model-Segmentation-for-Robotic-Scenes/outputs/sim_sam_vit_b_box_25/masks/row_0335_object_384_sam_mask.png,,0.936737060546875,0.8961802154750245,0.9938650306748467,0.012032935000206635,83.10524406413128,cuda,vit_b
336,000022.png,385,data/cogar_sim_500/rgb/000022.png,/home/amir/Desktop/COGAR/COGAR_Foundation-Model-Segmentation-for-Robotic-Scenes/data/cogar_sim_500/instance_masks/all/ann_00000385_img_000022_cat_connector.png,385.0,298.0,457.0,342.0,/home/amir/Desktop/COGAR/COGAR_Foundation-Model-Segmentation-for-Robotic-Scenes/outputs/sim_sam_vit_b_box_25/masks/row_0336_object_385_sam_mask.png,,0.9761351943016052,0.9536633663366336,0.9631887456037515,0.012081845000011526,82.76881552437115,cuda,vit_b
337,000022.png,386,data/cogar_sim_500/rgb/000022.png,/home/amir/Desktop/COGAR/COGAR_Foundation-Model-Segmentation-for-Robotic-Scenes/data/cogar_sim_500/instance_masks/all/ann_00000386_img_000022_cat_screw.png,411.0,272.0,428.0,292.0,/home/amir/Desktop/COGAR/COGAR_Foundation-Model-Segmentation-for-Robotic-Scenes/outputs/sim_sam_vit_b_box_25/masks/row_0337_object_386_sam_mask.png,,0.9388697147369385,0.9102564102564102,1.0,0.011974696999914158,83.50941990491856,cuda,vit_b
338,000022.png,387,data/cogar_sim_500/rgb/000022.png,/home/amir/Desktop/COGAR/COGAR_Foundation-Model-Segmentation-for-Robotic-Scenes/data/cogar_sim_500/instance_masks/all/ann_00000387_img_000022_cat_connector.png,438.0,284.0,515.0,326.0,/home/amir/Desktop/COGAR/COGAR_Foundation-Model-Segmentation-for-Robotic-Scenes/outputs/sim_sam_vit_b_box_25/masks/row_0338_object_387_sam_mask.png,,0.9764586091041565,0.9770326136885622,1.0,0.011988544999894657,83.41295795351203,cuda,vit_b
339,000022.png,388,data/cogar_sim_500/rgb/000022.png,/home/amir/Desktop/COGAR/COGAR_Foundation-Model-Segmentation-for-Robotic-Scenes/data/cogar_sim_500/instance_masks/all/ann_00000388_img_000022_cat_cable.png,376.0,145.0,397.0,178.0,/home/amir/Desktop/COGAR/COGAR_Foundation-Model-Segmentation-for-Robotic-Scenes/outputs/sim_sam_vit_b_box_25/masks/row_0339_object_388_sam_mask.png,,0.9607200622558594,0.896774193548387,1.0,0.012076331999651302,82.80660054964326,cuda,vit_b
340,000022.png,389,data/cogar_sim_500/rgb/000022.png,/home/amir/Desktop/COGAR/COGAR_Foundation-Model-Segmentation-for-Robotic-Scenes/data/cogar_sim_500/instance_masks/all/ann_00000389_img_000022_cat_robot_gripper.png,137.0,70.0,350.0,206.0,/home/amir/Desktop/COGAR/COGAR_Foundation-Model-Segmentation-for-Robotic-Scenes/outputs/sim_sam_vit_b_box_25/masks/row_0340_object_389_sam_mask.png,,0.9212421178817749,0.7523314351737229,0.7275104730987334,0.012201185000321857,81.95925231636278,cuda,vit_b
341,000022.png,390,data/cogar_sim_500/rgb/000022.png,/home/amir/Desktop/COGAR/COGAR_Foundation-Model-Segmentation-for-Robotic-Scenes/data/cogar_sim_500/instance_masks/all/ann_00000390_img_000022_cat_robot_gripper.png,274.0,86.0,324.0,243.0,/home/amir/Desktop/COGAR/COGAR_Foundation-Model-Segmentation-for-Robotic-Scenes/outputs/sim_sam_vit_b_box_25/masks/row_0341_object_390_sam_mask.png,,0.6348758935928345,0.5302603800140746,0.6894894894894895,0.01199828200014963,83.34526559615195,cuda,vit_b
342,000022.png,391,data/cogar_sim_500/rgb/000022.png,/home/amir/Desktop/COGAR/COGAR_Foundation-Model-Segmentation-for-Robotic-Scenes/data/cogar_sim_500/instance_masks/all/ann_00000391_img_000022_cat_robot_gripper.png,214.0,124.0,268.0,259.0,/home/amir/Desktop/COGAR/COGAR_Foundation-Model-Segmentation-for-Robotic-Scenes/outputs/sim_sam_vit_b_box_25/masks/row_0342_object_391_sam_mask.png,,0.9186421632766724,0.7500860585197935,0.5477812301576865,0.012016264000067167,83.22054175860403,cuda,vit_b
343,000024.png,396,data/cogar_sim_500/rgb/000024.png,/home/amir/Desktop/COGAR/COGAR_Foundation-Model-Segmentation-for-Robotic-Scenes/data/cogar_sim_500/instance_masks/all/ann_00000396_img_000024_cat_plastic_object.png,501.0,212.0,575.0,267.0,/home/amir/Desktop/COGAR/COGAR_Foundation-Model-Segmentation-for-Robotic-Scenes/outputs/sim_sam_vit_b_box_25/masks/row_0343_object_396_sam_mask.png,,0.9849376082420349,0.977212192956496,1.0,0.15759978500000216,6.345186321161456,cuda,vit_b
344,000024.png,397,data/cogar_sim_500/rgb/000024.png,/home/amir/Desktop/COGAR/COGAR_Foundation-Model-Segmentation-for-Robotic-Scenes/data/cogar_sim_500/instance_masks/all/ann_00000397_img_000024_cat_plastic_object.png,276.0,206.0,327.0,264.0,/home/amir/Desktop/COGAR/COGAR_Foundation-Model-Segmentation-for-Robotic-Scenes/outputs/sim_sam_vit_b_box_25/masks/row_0344_object_397_sam_mask.png,,0.979891836643219,0.9740187949143173,1.0,0.011975077999977657,83.50676296236783,cuda,vit_b
345,000024.png,398,data/cogar_sim_500/rgb/000024.png,/home/amir/Desktop/COGAR/COGAR_Foundation-Model-Segmentation-for-Robotic-Scenes/data/cogar_sim_500/instance_masks/all/ann_00000398_img_000024_cat_plastic_object.png,324.0,150.0,374.0,197.0,/home/amir/Desktop/COGAR/COGAR_Foundation-Model-Segmentation-for-Robotic-Scenes/outputs/sim_sam_vit_b_box_25/masks/row_0345_object_398_sam_mask.png,,0.9424550533294678,0.9452991452991453,1.0,0.01208960699977979,82.7156747128517,cuda,vit_b
346,000024.png,399,data/cogar_sim_500/rgb/000024.png,/home/amir/Desktop/COGAR/COGAR_Foundation-Model-Segmentation-for-Robotic-Scenes/data/cogar_sim_500/instance_masks/all/ann_00000399_img_000024_cat_plastic_object.png,204.0,196.0,265.0,237.0,/home/amir/Desktop/COGAR/COGAR_Foundation-Model-Segmentation-for-Robotic-Scenes/outputs/sim_sam_vit_b_box_25/masks/row_0346_object_399_sam_mask.png,,0.9728313088417053,0.9782991202346041,1.0,0.01198485199984134,83.43866073717376,cuda,vit_b
347,000024.png,400,data/cogar_sim_500/rgb/000024.png,/home/amir/Desktop/COGAR/COGAR_Foundation-Model-Segmentation-for-Robotic-Scenes/data/cogar_sim_500/instance_masks/all/ann_00000400_img_000024_cat_plastic_object.png,293.0,195.0,327.0,231.0,/home/amir/Desktop/COGAR/COGAR_Foundation-Model-Segmentation-for-Robotic-Scenes/outputs/sim_sam_vit_b_box_25/masks/row_0347_object_400_sam_mask.png,,0.9737812280654907,0.9837728194726166,1.0,0.01197740999987218,83.49050420839495,cuda,vit_b
348,000024.png,402,data/cogar_sim_500/rgb/000024.png,/home/amir/Desktop/COGAR/COGAR_Foundation-Model-Segmentation-for-Robotic-Scenes/data/cogar_sim_500/instance_masks/all/ann_00000402_img_000024_cat_connector.png,260.0,257.0,320.0,323.0,/home/amir/Desktop/COGAR/COGAR_Foundation-Model-Segmentation-for-Robotic-Scenes/outputs/sim_sam_vit_b_box_25/masks/row_0348_object_402_sam_mask.png,,0.976089358329773,0.9569245020842982,0.959349593495935,0.011981390000073588,83.46277017890729,cuda,vit_b
349,000024.png,403,data/cogar_sim_500/rgb/000024.png,/home/amir/Desktop/COGAR/COGAR_Foundation-Model-Segmentation-for-Robotic-Scenes/data/cogar_sim_500/instance_masks/all/ann_00000403_img_000024_cat_metal_part.png,282.0,131.0,353.0,191.0,/home/amir/Desktop/COGAR/COGAR_Foundation-Model-Segmentation-for-Robotic-Scenes/outputs/sim_sam_vit_b_box_25/masks/row_0349_object_403_sam_mask.png,,0.9875649809837341,0.9553702795487984,1.0,0.012152262000199698,82.28920673234062,cuda,vit_b
350,000024.png,404,data/cogar_sim_500/rgb/000024.png,/home/amir/Desktop/COGAR/COGAR_Foundation-Model-Segmentation-for-Robotic-Scenes/data/cogar_sim_500/instance_masks/all/ann_00000404_img_000024_cat_plastic_object.png,139.0,410.0,224.0,480.0,/home/amir/Desktop/COGAR/COGAR_Foundation-Model-Segmentation-for-Robotic-Scenes/outputs/sim_sam_vit_b_box_25/masks/row_0350_object_404_sam_mask.png,,0.9834777116775513,0.982466870540265,0.9060150375939849,0.011876156999733212,84.20232235246336,cuda,vit_b
351,000024.png,405,data/cogar_sim_500/rgb/000024.png,/home/amir/Desktop/COGAR/COGAR_Foundation-Model-Segmentation-for-Robotic-Scenes/data/cogar_sim_500/instance_masks/all/ann_00000405_img_000024_cat_plastic_object.png,195.0,223.0,275.0,318.0,/home/amir/Desktop/COGAR/COGAR_Foundation-Model-Segmentation-for-Robotic-Scenes/outputs/sim_sam_vit_b_box_25/masks/row_0351_object_405_sam_mask.png,,0.9875473976135254,0.9815774323546345,1.0,0.011923983000087901,83.86459457319154,cuda,vit_b
352,000024.png,406,data/cogar_sim_500/rgb/000024.png,/home/amir/Desktop/COGAR/COGAR_Foundation-Model-Segmentation-for-Robotic-Scenes/data/cogar_sim_500/instance_masks/all/ann_00000406_img_000024_cat_box.png,0.0,247.0,105.0,400.0,/home/amir/Desktop/COGAR/COGAR_Foundation-Model-Segmentation-for-Robotic-Scenes/outputs/sim_sam_vit_b_box_25/masks/row_0352_object_406_sam_mask.png,,0.9971750974655151,0.9829394490281079,1.0,0.012255249999725493,81.59768262764115,cuda,vit_b
353,000024.png,407,data/cogar_sim_500/rgb/000024.png,/home/amir/Desktop/COGAR/COGAR_Foundation-Model-Segmentation-for-Robotic-Scenes/data/cogar_sim_500/instance_masks/all/ann_00000407_img_000024_cat_metal_part.png,425.0,209.0,431.0,231.0,/home/amir/Desktop/COGAR/COGAR_Foundation-Model-Segmentation-for-Robotic-Scenes/outputs/sim_sam_vit_b_box_25/masks/row_0353_object_407_sam_mask.png,,0.8686325550079346,0.8260869565217391,1.0,0.011933327999940957,83.7989201340102,cuda,vit_b
354,000024.png,408,data/cogar_sim_500/rgb/000024.png,/home/amir/Desktop/COGAR/COGAR_Foundation-Model-Segmentation-for-Robotic-Scenes/data/cogar_sim_500/instance_masks/all/ann_00000408_img_000024_cat_cable.png,140.0,260.0,290.0,455.0,/home/amir/Desktop/COGAR/COGAR_Foundation-Model-Segmentation-for-Robotic-Scenes/outputs/sim_sam_vit_b_box_25/masks/row_0354_object_408_sam_mask.png,,0.9796181321144104,0.9782439782439782,1.0,0.011954068999784795,83.65352416972017,cuda,vit_b
355,000024.png,409,data/cogar_sim_500/rgb/000024.png,/home/amir/Desktop/COGAR/COGAR_Foundation-Model-Segmentation-for-Robotic-Scenes/data/cogar_sim_500/instance_masks/all/ann_00000409_img_000024_cat_plastic_object.png,431.0,161.0,437.0,181.0,/home/amir/Desktop/COGAR/COGAR_Foundation-Model-Segmentation-for-Robotic-Scenes/outputs/sim_sam_vit_b_box_25/masks/row_0355_object_409_sam_mask.png,,0.9350389838218689,0.6551724137931034,1.0,0.011956446999647596,83.63688644540255,cuda,vit_b
356,000024.png,410,data/cogar_sim_500/rgb/000024.png,/home/amir/Desktop/COGAR/COGAR_Foundation-Model-Segmentation-for-Robotic-Scenes/data/cogar_sim_500/instance_masks/all/ann_00000410_img_000024_cat_plastic_object.png,57.0,243.0,103.0,288.0,/home/amir/Desktop/COGAR/COGAR_Foundation-Model-Segmentation-for-Robotic-Scenes/outputs/sim_sam_vit_b_box_25/masks/row_0356_object_410_sam_mask.png,,0.8422577381134033,0.8648648648648649,1.0,0.011915266999949381,83.92594139973936,cuda,vit_b
357,000024.png,411,data/cogar_sim_500/rgb/000024.png,/home/amir/Desktop/COGAR/COGAR_Foundation-Model-Segmentation-for-Robotic-Scenes/data/cogar_sim_500/instance_masks/all/ann_00000411_img_000024_cat_robot_gripper.png,335.0,95.0,448.0,290.0,/home/amir/Desktop/COGAR/COGAR_Foundation-Model-Segmentation-for-Robotic-Scenes/outputs/sim_sam_vit_b_box_25/masks/row_0357_object_411_sam_mask.png,,0.9384225606918335,0.8764497041420118,0.724825546467027,0.011999293999906513,83.33823640022413,cuda,vit_b
358,000024.png,412,data/cogar_sim_500/rgb/000024.png,/home/amir/Desktop/COGAR/COGAR_Foundation-Model-Segmentation-for-Robotic-Scenes/data/cogar_sim_500/instance_masks/all/ann_00000412_img_000024_cat_robot_gripper.png,326.0,171.0,365.0,274.0,/home/amir/Desktop/COGAR/COGAR_Foundation-Model-Segmentation-for-Robotic-Scenes/outputs/sim_sam_vit_b_box_25/masks/row_0358_object_412_sam_mask.png,,0.907006025314331,0.9270833333333334,0.975609756097561,0.012031867000132479,83.11262084171885,cuda,vit_b
359,000024.png,413,data/cogar_sim_500/rgb/000024.png,/home/amir/Desktop/COGAR/COGAR_Foundation-Model-Segmentation-for-Robotic-Scenes/data/cogar_sim_500/instance_masks/all/ann_00000413_img_000024_cat_robot_gripper.png,405.0,149.0,435.0,243.0,/home/amir/Desktop/COGAR/COGAR_Foundation-Model-Segmentation-for-Robotic-Scenes/outputs/sim_sam_vit_b_box_25/masks/row_0359_object_413_sam_mask.png,,0.6894814968109131,0.43524904214559385,0.6087874136607827,0.012101106000045547,82.6370746604679,cuda,vit_b
