row_index,file_name,object_id,image_path,gt_mask_path,sam_mask_path,sam_score,stability_score,generated_mask_count,iou,boundary_f1,image_gen_latency_sec,image_gen_fps,device,model_type
0,000000.png,3,data/cogar_sim_500/rgb/000000.png,/home/amir/Desktop/COGAR/COGAR_Foundation-Model-Segmentation-for-Robotic-Scenes/data/cogar_sim_500/instance_masks/all/ann_00000003_img_000000_cat_box.png,/home/amir/Desktop/COGAR/COGAR_Foundation-Model-Segmentation-for-Robotic-Scenes/outputs/sim_sam_vit_b_auto_v1/masks/row_0000_object_3_sam_auto_mask.png,1.002148985862732,0.9855870008468628,29,0.9840614548494984,1.0,13.32436800000005,0.07505046393194756,cuda,vit_b
1,000000.png,4,data/cogar_sim_500/rgb/000000.png,/home/amir/Desktop/COGAR/COGAR_Foundation-Model-Segmentation-for-Robotic-Scenes/data/cogar_sim_500/instance_masks/all/ann_00000004_img_000000_cat_plastic_object.png,/home/amir/Desktop/COGAR/COGAR_Foundation-Model-Segmentation-for-Robotic-Scenes/outputs/sim_sam_vit_b_auto_v1/masks/row_0001_object_4_sam_auto_mask.png,0.9908460378646851,0.9871319532394409,29,0.9823161526849256,1.0,13.32436800000005,0.07505046393194756,cuda,vit_b
2,000000.png,5,data/cogar_sim_500/rgb/000000.png,/home/amir/Desktop/COGAR/COGAR_Foundation-Model-Segmentation-for-Robotic-Scenes/data/cogar_sim_500/instance_masks/all/ann_00000005_img_000000_cat_plastic_object.png,/home/amir/Desktop/COGAR/COGAR_Foundation-Model-Segmentation-for-Robotic-Scenes/outputs/sim_sam_vit_b_auto_v1/masks/row_0002_object_5_sam_auto_mask.png,1.02748441696167,0.9917781949043274,29,0.9758426966292135,1.0,13.32436800000005,0.07505046393194756,cuda,vit_b
3,000000.png,6,data/cogar_sim_500/rgb/000000.png,/home/amir/Desktop/COGAR/COGAR_Foundation-Model-Segmentation-for-Robotic-Scenes/data/cogar_sim_500/instance_masks/all/ann_00000006_img_000000_cat_metal_part.png,/home/amir/Desktop/COGAR/COGAR_Foundation-Model-Segmentation-for-Robotic-Scenes/outputs/sim_sam_vit_b_auto_v1/masks/row_0003_object_6_sam_auto_mask.png,0.9613401889801025,0.987860381603241,29,0.9315263908701854,1.0,13.32436800000005,0.07505046393194756,cuda,vit_b
4,000000.png,7,data/cogar_sim_500/rgb/000000.png,/home/amir/Desktop/COGAR/COGAR_Foundation-Model-Segmentation-for-Robotic-Scenes/data/cogar_sim_500/instance_masks/all/ann_00000007_img_000000_cat_box.png,/home/amir/Desktop/COGAR/COGAR_Foundation-Model-Segmentation-for-Robotic-Scenes/outputs/sim_sam_vit_b_auto_v1/masks/row_0004_object_7_sam_auto_mask.png,1.0302467346191406,0.9923436045646667,29,0.9843424524371615,0.9212350346565847,13.32436800000005,0.07505046393194756,cuda,vit_b
5,000000.png,8,data/cogar_sim_500/rgb/000000.png,/home/amir/Desktop/COGAR/COGAR_Foundation-Model-Segmentation-for-Robotic-Scenes/data/cogar_sim_500/instance_masks/all/ann_00000008_img_000000_cat_tool.png,/home/amir/Desktop/COGAR/COGAR_Foundation-Model-Segmentation-for-Robotic-Scenes/outputs/sim_sam_vit_b_auto_v1/masks/row_0005_object_8_sam_auto_mask.png,0.9649660587310791,0.9760765433311462,29,0.9647577092511013,0.99836867862969,13.32436800000005,0.07505046393194756,cuda,vit_b
6,000000.png,9,data/cogar_sim_500/rgb/000000.png,/home/amir/Desktop/COGAR/COGAR_Foundation-Model-Segmentation-for-Robotic-Scenes/data/cogar_sim_500/instance_masks/all/ann_00000009_img_000000_cat_metal_part.png,/home/amir/Desktop/COGAR/COGAR_Foundation-Model-Segmentation-for-Robotic-Scenes/outputs/sim_sam_vit_b_auto_v1/masks/row_0006_object_9_sam_auto_mask.png,0.9433363676071167,0.96875,29,0.9278350515463918,1.0,13.32436800000005,0.07505046393194756,cuda,vit_b
7,000000.png,10,data/cogar_sim_500/rgb/000000.png,/home/amir/Desktop/COGAR/COGAR_Foundation-Model-Segmentation-for-Robotic-Scenes/data/cogar_sim_500/instance_masks/all/ann_00000010_img_000000_cat_metal_part.png,/home/amir/Desktop/COGAR/COGAR_Foundation-Model-Segmentation-for-Robotic-Scenes/outputs/sim_sam_vit_b_auto_v1/masks/row_0007_object_10_sam_auto_mask.png,0.9336979389190674,0.9592961668968201,29,0.9035812672176309,0.8830265584058486,13.32436800000005,0.07505046393194756,cuda,vit_b
8,000000.png,11,data/cogar_sim_500/rgb/000000.png,/home/amir/Desktop/COGAR/COGAR_Foundation-Model-Segmentation-for-Robotic-Scenes/data/cogar_sim_500/instance_masks/all/ann_00000011_img_000000_cat_connector.png,/home/amir/Desktop/COGAR/COGAR_Foundation-Model-Segmentation-for-Robotic-Scenes/outputs/sim_sam_vit_b_auto_v1/masks/row_0008_object_11_sam_auto_mask.png,0.9814157485961914,0.9799599051475525,29,0.9615384615384616,1.0,13.32436800000005,0.07505046393194756,cuda,vit_b
9,000000.png,12,data/cogar_sim_500/rgb/000000.png,/home/amir/Desktop/COGAR/COGAR_Foundation-Model-Segmentation-for-Robotic-Scenes/data/cogar_sim_500/instance_masks/all/ann_00000012_img_000000_cat_box.png,/home/amir/Desktop/COGAR/COGAR_Foundation-Model-Segmentation-for-Robotic-Scenes/outputs/sim_sam_vit_b_auto_v1/masks/row_0009_object_12_sam_auto_mask.png,1.0052058696746826,0.9872918128967285,29,0.9905437352245863,0.9989909182643794,13.32436800000005,0.07505046393194756,cuda,vit_b
10,000000.png,13,data/cogar_sim_500/rgb/000000.png,/home/amir/Desktop/COGAR/COGAR_Foundation-Model-Segmentation-for-Robotic-Scenes/data/cogar_sim_500/instance_masks/all/ann_00000013_img_000000_cat_plastic_object.png,/home/amir/Desktop/COGAR/COGAR_Foundation-Model-Segmentation-for-Robotic-Scenes/outputs/sim_sam_vit_b_auto_v1/masks/row_0010_object_13_sam_auto_mask.png,0.9888012409210205,0.9871678352355957,29,0.9794231287626921,1.0,13.32436800000005,0.07505046393194756,cuda,vit_b
11,000000.png,14,data/cogar_sim_500/rgb/000000.png,/home/amir/Desktop/COGAR/COGAR_Foundation-Model-Segmentation-for-Robotic-Scenes/data/cogar_sim_500/instance_masks/all/ann_00000014_img_000000_cat_box.png,/home/amir/Desktop/COGAR/COGAR_Foundation-Model-Segmentation-for-Robotic-Scenes/outputs/sim_sam_vit_b_auto_v1/masks/row_0011_object_14_sam_auto_mask.png,0.9884442090988159,0.9768930673599243,29,0.9503022162525184,0.9135802469135803,13.32436800000005,0.07505046393194756,cuda,vit_b
12,000000.png,15,data/cogar_sim_500/rgb/000000.png,/home/amir/Desktop/COGAR/COGAR_Foundation-Model-Segmentation-for-Robotic-Scenes/data/cogar_sim_500/instance_masks/all/ann_00000015_img_000000_cat_cable.png,/home/amir/Desktop/COGAR/COGAR_Foundation-Model-Segmentation-for-Robotic-Scenes/outputs/sim_sam_vit_b_auto_v1/masks/row_0012_object_15_sam_auto_mask.png,1.0052058696746826,0.9872918128967285,29,0.00039522567385977394,0.1534726086296727,13.32436800000005,0.07505046393194756,cuda,vit_b
13,000000.png,16,data/cogar_sim_500/rgb/000000.png,/home/amir/Desktop/COGAR/COGAR_Foundation-Model-Segmentation-for-Robotic-Scenes/data/cogar_sim_500/instance_masks/all/ann_00000016_img_000000_cat_metal_part.png,/home/amir/Desktop/COGAR/COGAR_Foundation-Model-Segmentation-for-Robotic-Scenes/outputs/sim_sam_vit_b_auto_v1/masks/row_0013_object_16_sam_auto_mask.png,0.9336979389190674,0.9592961668968201,29,0.002740262282247015,0.11678832116788322,13.32436800000005,0.07505046393194756,cuda,vit_b
14,000002.png,21,data/cogar_sim_500/rgb/000002.png,/home/amir/Desktop/COGAR/COGAR_Foundation-Model-Segmentation-for-Robotic-Scenes/data/cogar_sim_500/instance_masks/all/ann_00000021_img_000002_cat_plastic_object.png,/home/amir/Desktop/COGAR/COGAR_Foundation-Model-Segmentation-for-Robotic-Scenes/outputs/sim_sam_vit_b_auto_v1/masks/row_0014_object_21_sam_auto_mask.png,0.9464951753616333,0.9689081907272339,32,0.9597411933860532,1.0,12.803700724999999,0.07810241909571032,cuda,vit_b
15,000002.png,22,data/cogar_sim_500/rgb/000002.png,/home/amir/Desktop/COGAR/COGAR_Foundation-Model-Segmentation-for-Robotic-Scenes/data/cogar_sim_500/instance_masks/all/ann_00000022_img_000002_cat_plastic_object.png,/home/amir/Desktop/COGAR/COGAR_Foundation-Model-Segmentation-for-Robotic-Scenes/outputs/sim_sam_vit_b_auto_v1/masks/row_0015_object_22_sam_auto_mask.png,0.9777154922485352,0.9830859303474426,32,0.9798152582962709,1.0,12.803700724999999,0.07810241909571032,cuda,vit_b
16,000002.png,23,data/cogar_sim_500/rgb/000002.png,/home/amir/Desktop/COGAR/COGAR_Foundation-Model-Segmentation-for-Robotic-Scenes/data/cogar_sim_500/instance_masks/all/ann_00000023_img_000002_cat_metal_part.png,/home/amir/Desktop/COGAR/COGAR_Foundation-Model-Segmentation-for-Robotic-Scenes/outputs/sim_sam_vit_b_auto_v1/masks/row_0016_object_23_sam_auto_mask.png,0.9538650512695312,0.9656786322593689,32,0.6931155192532089,0.772093023255814,12.803700724999999,0.07810241909571032,cuda,vit_b
17,000002.png,24,data/cogar_sim_500/rgb/000002.png,/home/amir/Desktop/COGAR/COGAR_Foundation-Model-Segmentation-for-Robotic-Scenes/data/cogar_sim_500/instance_masks/all/ann_00000024_img_000002_cat_plastic_object.png,/home/amir/Desktop/COGAR/COGAR_Foundation-Model-Segmentation-for-Robotic-Scenes/outputs/sim_sam_vit_b_auto_v1/masks/row_0017_object_24_sam_auto_mask.png,0.9976203441619873,0.9874950647354126,32,0.9859849980260561,1.0,12.803700724999999,0.07810241909571032,cuda,vit_b
18,000002.png,25,data/cogar_sim_500/rgb/000002.png,/home/amir/Desktop/COGAR/COGAR_Foundation-Model-Segmentation-for-Robotic-Scenes/data/cogar_sim_500/instance_masks/all/ann_00000025_img_000002_cat_tool.png,/home/amir/Desktop/COGAR/COGAR_Foundation-Model-Segmentation-for-Robotic-Scenes/outputs/sim_sam_vit_b_auto_v1/masks/row_0018_object_25_sam_auto_mask.png,0.9894890785217285,0.9882429838180542,32,0.9533417402269861,0.988621997471555,12.803700724999999,0.07810241909571032,cuda,vit_b
19,000002.png,26,data/cogar_sim_500/rgb/000002.png,/home/amir/Desktop/COGAR/COGAR_Foundation-Model-Segmentation-for-Robotic-Scenes/data/cogar_sim_500/instance_masks/all/ann_00000026_img_000002_cat_cable.png,/home/amir/Desktop/COGAR/COGAR_Foundation-Model-Segmentation-for-Robotic-Scenes/outputs/sim_sam_vit_b_auto_v1/masks/row_0019_object_26_sam_auto_mask.png,0.9477089643478394,0.9692884087562561,32,0.8066126013724267,0.8194233687405159,12.803700724999999,0.07810241909571032,cuda,vit_b
20,000002.png,27,data/cogar_sim_500/rgb/000002.png,/home/amir/Desktop/COGAR/COGAR_Foundation-Model-Segmentation-for-Robotic-Scenes/data/cogar_sim_500/instance_masks/all/ann_00000027_img_000002_cat_metal_part.png,/home/amir/Desktop/COGAR/COGAR_Foundation-Model-Segmentation-for-Robotic-Scenes/outputs/sim_sam_vit_b_auto_v1/masks/row_0020_object_27_sam_auto_mask.png,0.961757481098175,0.9677926301956177,32,0.8207057602490918,0.7910874241499984,12.803700724999999,0.07810241909571032,cuda,vit_b
21,000002.png,28,data/cogar_sim_500/rgb/000002.png,/home/amir/Desktop/COGAR/COGAR_Foundation-Model-Segmentation-for-Robotic-Scenes/data/cogar_sim_500/instance_masks/all/ann_00000028_img_000002_cat_box.png,/home/amir/Desktop/COGAR/COGAR_Foundation-Model-Segmentation-for-Robotic-Scenes/outputs/sim_sam_vit_b_auto_v1/masks/row_0021_object_28_sam_auto_mask.png,0.9885621070861816,0.9886844158172607,32,0.979938063821193,0.9977973568281938,12.803700724999999,0.07810241909571032,cuda,vit_b
22,000002.png,29,data/cogar_sim_500/rgb/000002.png,/home/amir/Desktop/COGAR/COGAR_Foundation-Model-Segmentation-for-Robotic-Scenes/data/cogar_sim_500/instance_masks/all/ann_00000029_img_000002_cat_connector.png,/home/amir/Desktop/COGAR/COGAR_Foundation-Model-Segmentation-for-Robotic-Scenes/outputs/sim_sam_vit_b_auto_v1/masks/row_0022_object_29_sam_auto_mask.png,0.9839621782302856,0.9839743375778198,32,0.9639309984317825,1.0,12.803700724999999,0.07810241909571032,cuda,vit_b
23,000002.png,30,data/cogar_sim_500/rgb/000002.png,/home/amir/Desktop/COGAR/COGAR_Foundation-Model-Segmentation-for-Robotic-Scenes/data/cogar_sim_500/instance_masks/all/ann_00000030_img_000002_cat_glass_object.png,/home/amir/Desktop/COGAR/COGAR_Foundation-Model-Segmentation-for-Robotic-Scenes/outputs/sim_sam_vit_b_auto_v1/masks/row_0023_object_30_sam_auto_mask.png,0.8995828032493591,0.9631074070930481,32,0.6187476135929744,0.6775326844439326,12.803700724999999,0.07810241909571032,cuda,vit_b
24,000002.png,31,data/cogar_sim_500/rgb/000002.png,/home/amir/Desktop/COGAR/COGAR_Foundation-Model-Segmentation-for-Robotic-Scenes/data/cogar_sim_500/instance_masks/all/ann_00000031_img_000002_cat_cable.png,/home/amir/Desktop/COGAR/COGAR_Foundation-Model-Segmentation-for-Robotic-Scenes/outputs/sim_sam_vit_b_auto_v1/masks/row_0024_object_31_sam_auto_mask.png,0.9229485988616943,0.9651162624359131,32,0.14349355216881593,0.23401885516528104,12.803700724999999,0.07810241909571032,cuda,vit_b
25,000002.png,32,data/cogar_sim_500/rgb/000002.png,/home/amir/Desktop/COGAR/COGAR_Foundation-Model-Segmentation-for-Robotic-Scenes/data/cogar_sim_500/instance_masks/all/ann_00000032_img_000002_cat_cable.png,/home/amir/Desktop/COGAR/COGAR_Foundation-Model-Segmentation-for-Robotic-Scenes/outputs/sim_sam_vit_b_auto_v1/masks/row_0025_object_32_sam_auto_mask.png,0.9175137281417847,0.9524362087249756,32,0.0001840942562592047,0.04923076923076923,12.803700724999999,0.07810241909571032,cuda,vit_b
26,000002.png,33,data/cogar_sim_500/rgb/000002.png,/home/amir/Desktop/COGAR/COGAR_Foundation-Model-Segmentation-for-Robotic-Scenes/data/cogar_sim_500/instance_masks/all/ann_00000033_img_000002_cat_metal_part.png,/home/amir/Desktop/COGAR/COGAR_Foundation-Model-Segmentation-for-Robotic-Scenes/outputs/sim_sam_vit_b_auto_v1/masks/row_0026_object_33_sam_auto_mask.png,0.8995828032493591,0.9631074070930481,32,0.0042833607907743,0.39838942490313756,12.803700724999999,0.07810241909571032,cuda,vit_b
27,000002.png,34,data/cogar_sim_500/rgb/000002.png,/home/amir/Desktop/COGAR/COGAR_Foundation-Model-Segmentation-for-Robotic-Scenes/data/cogar_sim_500/instance_masks/all/ann_00000034_img_000002_cat_metal_part.png,/home/amir/Desktop/COGAR/COGAR_Foundation-Model-Segmentation-for-Robotic-Scenes/outputs/sim_sam_vit_b_auto_v1/masks/row_0027_object_34_sam_auto_mask.png,0.9653760194778442,0.9801136255264282,32,0.9439124487004104,1.0,12.803700724999999,0.07810241909571032,cuda,vit_b
28,000002.png,35,data/cogar_sim_500/rgb/000002.png,/home/amir/Desktop/COGAR/COGAR_Foundation-Model-Segmentation-for-Robotic-Scenes/data/cogar_sim_500/instance_masks/all/ann_00000035_img_000002_cat_box.png,/home/amir/Desktop/COGAR/COGAR_Foundation-Model-Segmentation-for-Robotic-Scenes/outputs/sim_sam_vit_b_auto_v1/masks/row_0028_object_35_sam_auto_mask.png,0.9893844127655029,0.9826253056526184,32,0.7860344079803383,0.7085360302059251,12.803700724999999,0.07810241909571032,cuda,vit_b
29,000002.png,36,data/cogar_sim_500/rgb/000002.png,/home/amir/Desktop/COGAR/COGAR_Foundation-Model-Segmentation-for-Robotic-Scenes/data/cogar_sim_500/instance_masks/all/ann_00000036_img_000002_cat_robot_gripper.png,/home/amir/Desktop/COGAR/COGAR_Foundation-Model-Segmentation-for-Robotic-Scenes/outputs/sim_sam_vit_b_auto_v1/masks/row_0029_object_36_sam_auto_mask.png,0.958736777305603,0.9506254196166992,32,0.8906345894194182,0.8402688675632848,12.803700724999999,0.07810241909571032,cuda,vit_b
30,000002.png,37,data/cogar_sim_500/rgb/000002.png,/home/amir/Desktop/COGAR/COGAR_Foundation-Model-Segmentation-for-Robotic-Scenes/data/cogar_sim_500/instance_masks/all/ann_00000037_img_000002_cat_robot_gripper.png,/home/amir/Desktop/COGAR/COGAR_Foundation-Model-Segmentation-for-Robotic-Scenes/outputs/sim_sam_vit_b_auto_v1/masks/row_0030_object_37_sam_auto_mask.png,0.9211282730102539,0.9665907621383667,32,0.9435975609756098,1.0,12.803700724999999,0.07810241909571032,cuda,vit_b
31,000004.png,71,data/cogar_sim_500/rgb/000004.png,/home/amir/Desktop/COGAR/COGAR_Foundation-Model-Segmentation-for-Robotic-Scenes/data/cogar_sim_500/instance_masks/all/ann_00000071_img_000004_cat_connector.png,/home/amir/Desktop/COGAR/COGAR_Foundation-Model-Segmentation-for-Robotic-Scenes/outputs/sim_sam_vit_b_auto_v1/masks/row_0031_object_71_sam_auto_mask.png,0.9866056442260742,0.989835798740387,35,0.9868114817688131,1.0,13.94635379500005,0.07170332939341557,cuda,vit_b
32,000004.png,72,data/cogar_sim_500/rgb/000004.png,/home/amir/Desktop/COGAR/COGAR_Foundation-Model-Segmentation-for-Robotic-Scenes/data/cogar_sim_500/instance_masks/all/ann_00000072_img_000004_cat_cable.png,/home/amir/Desktop/COGAR/COGAR_Foundation-Model-Segmentation-for-Robotic-Scenes/outputs/sim_sam_vit_b_auto_v1/masks/row_0032_object_72_sam_auto_mask.png,0.9246227741241455,0.9576244950294495,35,0.867865296803653,0.9154051647373107,13.94635379500005,0.07170332939341557,cuda,vit_b
33,000004.png,73,data/cogar_sim_500/rgb/000004.png,/home/amir/Desktop/COGAR/COGAR_Foundation-Model-Segmentation-for-Robotic-Scenes/data/cogar_sim_500/instance_masks/all/ann_00000073_img_000004_cat_metal_part.png,/home/amir/Desktop/COGAR/COGAR_Foundation-Model-Segmentation-for-Robotic-Scenes/outputs/sim_sam_vit_b_auto_v1/masks/row_0033_object_73_sam_auto_mask.png,0.9831267595291138,0.9866412281990051,35,0.9542124542124543,1.0,13.94635379500005,0.07170332939341557,cuda,vit_b
34,000004.png,74,data/cogar_sim_500/rgb/000004.png,/home/amir/Desktop/COGAR/COGAR_Foundation-Model-Segmentation-for-Robotic-Scenes/data/cogar_sim_500/instance_masks/all/ann_00000074_img_000004_cat_cable.png,/home/amir/Desktop/COGAR/COGAR_Foundation-Model-Segmentation-for-Robotic-Scenes/outputs/sim_sam_vit_b_auto_v1/masks/row_0034_object_74_sam_auto_mask.png,0.9391985535621643,0.9656050801277161,35,0.8897314375987362,1.0,13.94635379500005,0.07170332939341557,cuda,vit_b
35,000004.png,75,data/cogar_sim_500/rgb/000004.png,/home/amir/Desktop/COGAR/COGAR_Foundation-Model-Segmentation-for-Robotic-Scenes/data/cogar_sim_500/instance_masks/all/ann_00000075_img_000004_cat_plastic_object.png,/home/amir/Desktop/COGAR/COGAR_Foundation-Model-Segmentation-for-Robotic-Scenes/outputs/sim_sam_vit_b_auto_v1/masks/row_0035_object_75_sam_auto_mask.png,0.9905723333358765,0.9901608824729919,35,0.9894025698768049,1.0,13.94635379500005,0.07170332939341557,cuda,vit_b
36,000004.png,76,data/cogar_sim_500/rgb/000004.png,/home/amir/Desktop/COGAR/COGAR_Foundation-Model-Segmentation-for-Robotic-Scenes/data/cogar_sim_500/instance_masks/all/ann_00000076_img_000004_cat_connector.png,/home/amir/Desktop/COGAR/COGAR_Foundation-Model-Segmentation-for-Robotic-Scenes/outputs/sim_sam_vit_b_auto_v1/masks/row_0036_object_76_sam_auto_mask.png,0.973980188369751,0.9782528281211853,35,0.974006683995544,1.0,13.94635379500005,0.07170332939341557,cuda,vit_b
37,000004.png,77,data/cogar_sim_500/rgb/000004.png,/home/amir/Desktop/COGAR/COGAR_Foundation-Model-Segmentation-for-Robotic-Scenes/data/cogar_sim_500/instance_masks/all/ann_00000077_img_000004_cat_plastic_object.png,/home/amir/Desktop/COGAR/COGAR_Foundation-Model-Segmentation-for-Robotic-Scenes/outputs/sim_sam_vit_b_auto_v1/masks/row_0037_object_77_sam_auto_mask.png,1.0123927593231201,0.9906066656112671,35,0.9820872274143302,1.0,13.94635379500005,0.07170332939341557,cuda,vit_b
38,000004.png,78,data/cogar_sim_500/rgb/000004.png,/home/amir/Desktop/COGAR/COGAR_Foundation-Model-Segmentation-for-Robotic-Scenes/data/cogar_sim_500/instance_masks/all/ann_00000078_img_000004_cat_cable.png,/home/amir/Desktop/COGAR/COGAR_Foundation-Model-Segmentation-for-Robotic-Scenes/outputs/sim_sam_vit_b_auto_v1/masks/row_0038_object_78_sam_auto_mask.png,0.9536995887756348,0.9757356643676758,35,0.9340436326737697,0.9805352798053527,13.94635379500005,0.07170332939341557,cuda,vit_b
39,000004.png,79,data/cogar_sim_500/rgb/000004.png,/home/amir/Desktop/COGAR/COGAR_Foundation-Model-Segmentation-for-Robotic-Scenes/data/cogar_sim_500/instance_masks/all/ann_00000079_img_000004_cat_plastic_object.png,/home/amir/Desktop/COGAR/COGAR_Foundation-Model-Segmentation-for-Robotic-Scenes/outputs/sim_sam_vit_b_auto_v1/masks/row_0039_object_79_sam_auto_mask.png,0.9731528759002686,0.9818411469459534,35,0.9701633165829145,0.9593908629441624,13.94635379500005,0.07170332939341557,cuda,vit_b
40,000004.png,80,data/cogar_sim_500/rgb/000004.png,/home/amir/Desktop/COGAR/COGAR_Foundation-Model-Segmentation-for-Robotic-Scenes/data/cogar_sim_500/instance_masks/all/ann_00000080_img_000004_cat_tool.png,/home/amir/Desktop/COGAR/COGAR_Foundation-Model-Segmentation-for-Robotic-Scenes/outputs/sim_sam_vit_b_auto_v1/masks/row_0040_object_80_sam_auto_mask.png,0.9749281406402588,0.9681400060653687,35,0.9641408921046355,0.9973691786873691,13.94635379500005,0.07170332939341557,cuda,vit_b
41,000004.png,81,data/cogar_sim_500/rgb/000004.png,/home/amir/Desktop/COGAR/COGAR_Foundation-Model-Segmentation-for-Robotic-Scenes/data/cogar_sim_500/instance_masks/all/ann_00000081_img_000004_cat_cable.png,/home/amir/Desktop/COGAR/COGAR_Foundation-Model-Segmentation-for-Robotic-Scenes/outputs/sim_sam_vit_b_auto_v1/masks/row_0041_object_81_sam_auto_mask.png,0.9102296829223633,0.9628742337226868,35,0.6411258795934324,0.799043062200957,13.94635379500005,0.07170332939341557,cuda,vit_b
42,000004.png,82,data/cogar_sim_500/rgb/000004.png,/home/amir/Desktop/COGAR/COGAR_Foundation-Model-Segmentation-for-Robotic-Scenes/data/cogar_sim_500/instance_masks/all/ann_00000082_img_000004_cat_metal_part.png,/home/amir/Desktop/COGAR/COGAR_Foundation-Model-Segmentation-for-Robotic-Scenes/outputs/sim_sam_vit_b_auto_v1/masks/row_0042_object_82_sam_auto_mask.png,0.9927313327789307,0.9903502464294434,35,0.9759717314487633,1.0,13.94635379500005,0.07170332939341557,cuda,vit_b
43,000004.png,83,data/cogar_sim_500/rgb/000004.png,/home/amir/Desktop/COGAR/COGAR_Foundation-Model-Segmentation-for-Robotic-Scenes/data/cogar_sim_500/instance_masks/all/ann_00000083_img_000004_cat_plastic_object.png,/home/amir/Desktop/COGAR/COGAR_Foundation-Model-Segmentation-for-Robotic-Scenes/outputs/sim_sam_vit_b_auto_v1/masks/row_0043_object_83_sam_auto_mask.png,0.9699881076812744,0.9697204828262329,35,0.8781830695113558,0.888888888888889,13.94635379500005,0.07170332939341557,cuda,vit_b
44,000004.png,84,data/cogar_sim_500/rgb/000004.png,/home/amir/Desktop/COGAR/COGAR_Foundation-Model-Segmentation-for-Robotic-Scenes/data/cogar_sim_500/instance_masks/all/ann_00000084_img_000004_cat_plastic_object.png,/home/amir/Desktop/COGAR/COGAR_Foundation-Model-Segmentation-for-Robotic-Scenes/outputs/sim_sam_vit_b_auto_v1/masks/row_0044_object_84_sam_auto_mask.png,0.9912612438201904,0.9831775426864624,35,0.9819089207735496,1.0,13.94635379500005,0.07170332939341557,cuda,vit_b
45,000004.png,85,data/cogar_sim_500/rgb/000004.png,/home/amir/Desktop/COGAR/COGAR_Foundation-Model-Segmentation-for-Robotic-Scenes/data/cogar_sim_500/instance_masks/all/ann_00000085_img_000004_cat_cable.png,/home/amir/Desktop/COGAR/COGAR_Foundation-Model-Segmentation-for-Robotic-Scenes/outputs/sim_sam_vit_b_auto_v1/masks/row_0045_object_85_sam_auto_mask.png,0.9614512920379639,0.9772727489471436,35,0.5230263157894737,0.5677966101694916,13.94635379500005,0.07170332939341557,cuda,vit_b
46,000004.png,86,data/cogar_sim_500/rgb/000004.png,/home/amir/Desktop/COGAR/COGAR_Foundation-Model-Segmentation-for-Robotic-Scenes/data/cogar_sim_500/instance_masks/all/ann_00000086_img_000004_cat_plastic_object.png,/home/amir/Desktop/COGAR/COGAR_Foundation-Model-Segmentation-for-Robotic-Scenes/outputs/sim_sam_vit_b_auto_v1/masks/row_0046_object_86_sam_auto_mask.png,0.9563071727752686,0.9850187301635742,35,0.8905380333951762,1.0,13.94635379500005,0.07170332939341557,cuda,vit_b
47,000004.png,87,data/cogar_sim_500/rgb/000004.png,/home/amir/Desktop/COGAR/COGAR_Foundation-Model-Segmentation-for-Robotic-Scenes/data/cogar_sim_500/instance_masks/all/ann_00000087_img_000004_cat_connector.png,/home/amir/Desktop/COGAR/COGAR_Foundation-Model-Segmentation-for-Robotic-Scenes/outputs/sim_sam_vit_b_auto_v1/masks/row_0047_object_87_sam_auto_mask.png,0.9881435632705688,0.9802513718605042,35,0.9575104727707959,1.0,13.94635379500005,0.07170332939341557,cuda,vit_b
48,000004.png,88,data/cogar_sim_500/rgb/000004.png,/home/amir/Desktop/COGAR/COGAR_Foundation-Model-Segmentation-for-Robotic-Scenes/data/cogar_sim_500/instance_masks/all/ann_00000088_img_000004_cat_robot_gripper.png,/home/amir/Desktop/COGAR/COGAR_Foundation-Model-Segmentation-for-Robotic-Scenes/outputs/sim_sam_vit_b_auto_v1/masks/row_0048_object_88_sam_auto_mask.png,1.0126556158065796,0.9834354519844055,35,0.9819887798956727,1.0,13.94635379500005,0.07170332939341557,cuda,vit_b
49,000004.png,89,data/cogar_sim_500/rgb/000004.png,/home/amir/Desktop/COGAR/COGAR_Foundation-Model-Segmentation-for-Robotic-Scenes/data/cogar_sim_500/instance_masks/all/ann_00000089_img_000004_cat_robot_gripper.png,/home/amir/Desktop/COGAR/COGAR_Foundation-Model-Segmentation-for-Robotic-Scenes/outputs/sim_sam_vit_b_auto_v1/masks/row_0049_object_89_sam_auto_mask.png,0.983780026435852,0.9857283234596252,35,0.9738498789346247,1.0,13.94635379500005,0.07170332939341557,cuda,vit_b
50,000005.png,92,data/cogar_sim_500/rgb/000005.png,/home/amir/Desktop/COGAR/COGAR_Foundation-Model-Segmentation-for-Robotic-Scenes/data/cogar_sim_500/instance_masks/all/ann_00000092_img_000005_cat_box.png,/home/amir/Desktop/COGAR/COGAR_Foundation-Model-Segmentation-for-Robotic-Scenes/outputs/sim_sam_vit_b_auto_v1/masks/row_0050_object_92_sam_auto_mask.png,0.8871591091156006,0.9505512714385986,36,0.44478340451494813,0.4219510148090052,13.799942103000149,0.07246407213422996,cuda,vit_b
51,000005.png,93,data/cogar_sim_500/rgb/000005.png,/home/amir/Desktop/COGAR/COGAR_Foundation-Model-Segmentation-for-Robotic-Scenes/data/cogar_sim_500/instance_masks/all/ann_00000093_img_000005_cat_tool.png,/home/amir/Desktop/COGAR/COGAR_Foundation-Model-Segmentation-for-Robotic-Scenes/outputs/sim_sam_vit_b_auto_v1/masks/row_0051_object_93_sam_auto_mask.png,0.9934024810791016,0.9854662418365479,36,0.9362735937207999,0.99880810488677,13.799942103000149,0.07246407213422996,cuda,vit_b
52,000005.png,95,data/cogar_sim_500/rgb/000005.png,/home/amir/Desktop/COGAR/COGAR_Foundation-Model-Segmentation-for-Robotic-Scenes/data/cogar_sim_500/instance_masks/all/ann_00000095_img_000005_cat_metal_part.png,/home/amir/Desktop/COGAR/COGAR_Foundation-Model-Segmentation-for-Robotic-Scenes/outputs/sim_sam_vit_b_auto_v1/masks/row_0052_object_95_sam_auto_mask.png,0.9683982133865356,0.955084502696991,36,0.9510086455331412,0.9260541067511577,13.799942103000149,0.07246407213422996,cuda,vit_b
53,000005.png,96,data/cogar_sim_500/rgb/000005.png,/home/amir/Desktop/COGAR/COGAR_Foundation-Model-Segmentation-for-Robotic-Scenes/data/cogar_sim_500/instance_masks/all/ann_00000096_img_000005_cat_metal_part.png,/home/amir/Desktop/COGAR/COGAR_Foundation-Model-Segmentation-for-Robotic-Scenes/outputs/sim_sam_vit_b_auto_v1/masks/row_0053_object_96_sam_auto_mask.png,0.8938570022583008,0.9731391668319702,36,0.9760988129611806,0.9986320109439125,13.799942103000149,0.07246407213422996,cuda,vit_b
54,000005.png,97,data/cogar_sim_500/rgb/000005.png,/home/amir/Desktop/COGAR/COGAR_Foundation-Model-Segmentation-for-Robotic-Scenes/data/cogar_sim_500/instance_masks/all/ann_00000097_img_000005_cat_box.png,/home/amir/Desktop/COGAR/COGAR_Foundation-Model-Segmentation-for-Robotic-Scenes/outputs/sim_sam_vit_b_auto_v1/masks/row_0054_object_97_sam_auto_mask.png,0.956052839756012,0.9727756381034851,36,0.9614809603377011,0.9540218190040134,13.799942103000149,0.07246407213422996,cuda,vit_b
55,000005.png,98,data/cogar_sim_500/rgb/000005.png,/home/amir/Desktop/COGAR/COGAR_Foundation-Model-Segmentation-for-Robotic-Scenes/data/cogar_sim_500/instance_masks/all/ann_00000098_img_000005_cat_tool.png,/home/amir/Desktop/COGAR/COGAR_Foundation-Model-Segmentation-for-Robotic-Scenes/outputs/sim_sam_vit_b_auto_v1/masks/row_0055_object_98_sam_auto_mask.png,0.9882415533065796,0.9851207733154297,36,0.9560791705937794,0.9391675560298827,13.799942103000149,0.07246407213422996,cuda,vit_b
56,000005.png,99,data/cogar_sim_500/rgb/000005.png,/home/amir/Desktop/COGAR/COGAR_Foundation-Model-Segmentation-for-Robotic-Scenes/data/cogar_sim_500/instance_masks/all/ann_00000099_img_000005_cat_tool.png,/home/amir/Desktop/COGAR/COGAR_Foundation-Model-Segmentation-for-Robotic-Scenes/outputs/sim_sam_vit_b_auto_v1/masks/row_0056_object_99_sam_auto_mask.png,0.9721056222915649,0.964102566242218,36,0.9466553767993227,1.0,13.799942103000149,0.07246407213422996,cuda,vit_b
57,000005.png,101,data/cogar_sim_500/rgb/000005.png,/home/amir/Desktop/COGAR/COGAR_Foundation-Model-Segmentation-for-Robotic-Scenes/data/cogar_sim_500/instance_masks/all/ann_00000101_img_000005_cat_plastic_object.png,/home/amir/Desktop/COGAR/COGAR_Foundation-Model-Segmentation-for-Robotic-Scenes/outputs/sim_sam_vit_b_auto_v1/masks/row_0057_object_101_sam_auto_mask.png,0.9757354259490967,0.984795331954956,36,0.9807411730376423,1.0,13.799942103000149,0.07246407213422996,cuda,vit_b
58,000005.png,102,data/cogar_sim_500/rgb/000005.png,/home/amir/Desktop/COGAR/COGAR_Foundation-Model-Segmentation-for-Robotic-Scenes/data/cogar_sim_500/instance_masks/all/ann_00000102_img_000005_cat_plastic_object.png,/home/amir/Desktop/COGAR/COGAR_Foundation-Model-Segmentation-for-Robotic-Scenes/outputs/sim_sam_vit_b_auto_v1/masks/row_0058_object_102_sam_auto_mask.png,1.0138514041900635,0.9903510808944702,36,0.9842921256629947,1.0,13.799942103000149,0.07246407213422996,cuda,vit_b
59,000005.png,103,data/cogar_sim_500/rgb/000005.png,/home/amir/Desktop/COGAR/COGAR_Foundation-Model-Segmentation-for-Robotic-Scenes/data/cogar_sim_500/instance_masks/all/ann_00000103_img_000005_cat_plastic_object.png,/home/amir/Desktop/COGAR/COGAR_Foundation-Model-Segmentation-for-Robotic-Scenes/outputs/sim_sam_vit_b_auto_v1/masks/row_0059_object_103_sam_auto_mask.png,0.955794095993042,0.96875,36,0.961764705882353,1.0,13.799942103000149,0.07246407213422996,cuda,vit_b
60,000005.png,104,data/cogar_sim_500/rgb/000005.png,/home/amir/Desktop/COGAR/COGAR_Foundation-Model-Segmentation-for-Robotic-Scenes/data/cogar_sim_500/instance_masks/all/ann_00000104_img_000005_cat_cable.png,/home/amir/Desktop/COGAR/COGAR_Foundation-Model-Segmentation-for-Robotic-Scenes/outputs/sim_sam_vit_b_auto_v1/masks/row_0060_object_104_sam_auto_mask.png,0.9520775675773621,0.9653024673461914,36,0.7949865711727843,0.9218106995884774,13.799942103000149,0.07246407213422996,cuda,vit_b
61,000005.png,105,data/cogar_sim_500/rgb/000005.png,/home/amir/Desktop/COGAR/COGAR_Foundation-Model-Segmentation-for-Robotic-Scenes/data/cogar_sim_500/instance_masks/all/ann_00000105_img_000005_cat_box.png,/home/amir/Desktop/COGAR/COGAR_Foundation-Model-Segmentation-for-Robotic-Scenes/outputs/sim_sam_vit_b_auto_v1/masks/row_0061_object_105_sam_auto_mask.png,0.8937809467315674,0.9525055885314941,36,0.968075117370892,0.9855342127749941,13.799942103000149,0.07246407213422996,cuda,vit_b
62,000005.png,106,data/cogar_sim_500/rgb/000005.png,/home/amir/Desktop/COGAR/COGAR_Foundation-Model-Segmentation-for-Robotic-Scenes/data/cogar_sim_500/instance_masks/all/ann_00000106_img_000005_cat_tool.png,/home/amir/Desktop/COGAR/COGAR_Foundation-Model-Segmentation-for-Robotic-Scenes/outputs/sim_sam_vit_b_auto_v1/masks/row_0062_object_106_sam_auto_mask.png,0.9241223335266113,0.9634146094322205,36,0.18935729094678647,0.5039877076168875,13.799942103000149,0.07246407213422996,cuda,vit_b
63,000005.png,108,data/cogar_sim_500/rgb/000005.png,/home/amir/Desktop/COGAR/COGAR_Foundation-Model-Segmentation-for-Robotic-Scenes/data/cogar_sim_500/instance_masks/all/ann_00000108_img_000005_cat_tool.png,/home/amir/Desktop/COGAR/COGAR_Foundation-Model-Segmentation-for-Robotic-Scenes/outputs/sim_sam_vit_b_auto_v1/masks/row_0063_object_108_sam_auto_mask.png,0.9627889394760132,0.9536693692207336,36,0.893015332197615,0.8999329075864125,13.799942103000149,0.07246407213422996,cuda,vit_b
64,000005.png,109,data/cogar_sim_500/rgb/000005.png,/home/amir/Desktop/COGAR/COGAR_Foundation-Model-Segmentation-for-Robotic-Scenes/data/cogar_sim_500/instance_masks/all/ann_00000109_img_000005_cat_robot_gripper.png,/home/amir/Desktop/COGAR/COGAR_Foundation-Model-Segmentation-for-Robotic-Scenes/outputs/sim_sam_vit_b_auto_v1/masks/row_0064_object_109_sam_auto_mask.png,0.9763587713241577,0.9607094526290894,36,0.7767210862788609,0.6808631714825784,13.799942103000149,0.07246407213422996,cuda,vit_b
65,000005.png,110,data/cogar_sim_500/rgb/000005.png,/home/amir/Desktop/COGAR/COGAR_Foundation-Model-Segmentation-for-Robotic-Scenes/data/cogar_sim_500/instance_masks/all/ann_00000110_img_000005_cat_robot_gripper.png,/home/amir/Desktop/COGAR/COGAR_Foundation-Model-Segmentation-for-Robotic-Scenes/outputs/sim_sam_vit_b_auto_v1/masks/row_0065_object_110_sam_auto_mask.png,0.9473536014556885,0.9731786847114563,36,0.8657718120805369,0.8168067226890755,13.799942103000149,0.07246407213422996,cuda,vit_b
66,000005.png,111,data/cogar_sim_500/rgb/000005.png,/home/amir/Desktop/COGAR/COGAR_Foundation-Model-Segmentation-for-Robotic-Scenes/data/cogar_sim_500/instance_masks/all/ann_00000111_img_000005_cat_robot_gripper.png,/home/amir/Desktop/COGAR/COGAR_Foundation-Model-Segmentation-for-Robotic-Scenes/outputs/sim_sam_vit_b_auto_v1/masks/row_0066_object_111_sam_auto_mask.png,0.8868942260742188,0.9523809552192688,36,0.1442400774443369,0.5016949152542373,13.799942103000149,0.07246407213422996,cuda,vit_b
67,000006.png,114,data/cogar_sim_500/rgb/000006.png,/home/amir/Desktop/COGAR/COGAR_Foundation-Model-Segmentation-for-Robotic-Scenes/data/cogar_sim_500/instance_masks/all/ann_00000114_img_000006_cat_plastic_object.png,/home/amir/Desktop/COGAR/COGAR_Foundation-Model-Segmentation-for-Robotic-Scenes/outputs/sim_sam_vit_b_auto_v1/masks/row_0067_object_114_sam_auto_mask.png,0.9397501945495605,0.9734176993370056,41,0.9290240811153359,1.0,12.910632785999951,0.07745553735246667,cuda,vit_b
68,000006.png,115,data/cogar_sim_500/rgb/000006.png,/home/amir/Desktop/COGAR/COGAR_Foundation-Model-Segmentation-for-Robotic-Scenes/data/cogar_sim_500/instance_masks/all/ann_00000115_img_000006_cat_connector.png,/home/amir/Desktop/COGAR/COGAR_Foundation-Model-Segmentation-for-Robotic-Scenes/outputs/sim_sam_vit_b_auto_v1/masks/row_0068_object_115_sam_auto_mask.png,0.9658486843109131,0.9704112410545349,41,0.9497262319561971,0.9488372093023255,12.910632785999951,0.07745553735246667,cuda,vit_b
69,000006.png,116,data/cogar_sim_500/rgb/000006.png,/home/amir/Desktop/COGAR/COGAR_Foundation-Model-Segmentation-for-Robotic-Scenes/data/cogar_sim_500/instance_masks/all/ann_00000116_img_000006_cat_glass_object.png,/home/amir/Desktop/COGAR/COGAR_Foundation-Model-Segmentation-for-Robotic-Scenes/outputs/sim_sam_vit_b_auto_v1/masks/row_0069_object_116_sam_auto_mask.png,0.9253919720649719,0.9667598009109497,41,0.8559369724254361,0.7052839785250071,12.910632785999951,0.07745553735246667,cuda,vit_b
70,000006.png,117,data/cogar_sim_500/rgb/000006.png,/home/amir/Desktop/COGAR/COGAR_Foundation-Model-Segmentation-for-Robotic-Scenes/data/cogar_sim_500/instance_masks/all/ann_00000117_img_000006_cat_metal_part.png,/home/amir/Desktop/COGAR/COGAR_Foundation-Model-Segmentation-for-Robotic-Scenes/outputs/sim_sam_vit_b_auto_v1/masks/row_0070_object_117_sam_auto_mask.png,0.9617117643356323,0.9824414849281311,41,0.954013715207745,0.9785407725321889,12.910632785999951,0.07745553735246667,cuda,vit_b
71,000006.png,118,data/cogar_sim_500/rgb/000006.png,/home/amir/Desktop/COGAR/COGAR_Foundation-Model-Segmentation-for-Robotic-Scenes/data/cogar_sim_500/instance_masks/all/ann_00000118_img_000006_cat_plastic_object.png,/home/amir/Desktop/COGAR/COGAR_Foundation-Model-Segmentation-for-Robotic-Scenes/outputs/sim_sam_vit_b_auto_v1/masks/row_0071_object_118_sam_auto_mask.png,1.00149667263031,0.9902217984199524,41,0.9836995038979447,1.0,12.910632785999951,0.07745553735246667,cuda,vit_b
72,000006.png,119,data/cogar_sim_500/rgb/000006.png,/home/amir/Desktop/COGAR/COGAR_Foundation-Model-Segmentation-for-Robotic-Scenes/data/cogar_sim_500/instance_masks/all/ann_00000119_img_000006_cat_glass_object.png,/home/amir/Desktop/COGAR/COGAR_Foundation-Model-Segmentation-for-Robotic-Scenes/outputs/sim_sam_vit_b_auto_v1/masks/row_0072_object_119_sam_auto_mask.png,0.9218522906303406,0.9827046394348145,41,0.984600262123198,1.0,12.910632785999951,0.07745553735246667,cuda,vit_b
73,000006.png,120,data/cogar_sim_500/rgb/000006.png,/home/amir/Desktop/COGAR/COGAR_Foundation-Model-Segmentation-for-Robotic-Scenes/data/cogar_sim_500/instance_masks/all/ann_00000120_img_000006_cat_cable.png,/home/amir/Desktop/COGAR/COGAR_Foundation-Model-Segmentation-for-Robotic-Scenes/outputs/sim_sam_vit_b_auto_v1/masks/row_0073_object_120_sam_auto_mask.png,0.9367753267288208,0.9588929414749146,41,0.6234276729559748,0.7868217054263565,12.910632785999951,0.07745553735246667,cuda,vit_b
74,000006.png,121,data/cogar_sim_500/rgb/000006.png,/home/amir/Desktop/COGAR/COGAR_Foundation-Model-Segmentation-for-Robotic-Scenes/data/cogar_sim_500/instance_masks/all/ann_00000121_img_000006_cat_glass_object.png,/home/amir/Desktop/COGAR/COGAR_Foundation-Model-Segmentation-for-Robotic-Scenes/outputs/sim_sam_vit_b_auto_v1/masks/row_0074_object_121_sam_auto_mask.png,0.9234625697135925,0.9564862847328186,41,0.46559644866566874,0.503849847796715,12.910632785999951,0.07745553735246667,cuda,vit_b
75,000006.png,122,data/cogar_sim_500/rgb/000006.png,/home/amir/Desktop/COGAR/COGAR_Foundation-Model-Segmentation-for-Robotic-Scenes/data/cogar_sim_500/instance_masks/all/ann_00000122_img_000006_cat_glass_object.png,/home/amir/Desktop/COGAR/COGAR_Foundation-Model-Segmentation-for-Robotic-Scenes/outputs/sim_sam_vit_b_auto_v1/masks/row_0075_object_122_sam_auto_mask.png,0.9732798337936401,0.9788697957992554,41,0.9640804597701149,1.0,12.910632785999951,0.07745553735246667,cuda,vit_b
76,000006.png,123,data/cogar_sim_500/rgb/000006.png,/home/amir/Desktop/COGAR/COGAR_Foundation-Model-Segmentation-for-Robotic-Scenes/data/cogar_sim_500/instance_masks/all/ann_00000123_img_000006_cat_box.png,/home/amir/Desktop/COGAR/COGAR_Foundation-Model-Segmentation-for-Robotic-Scenes/outputs/sim_sam_vit_b_auto_v1/masks/row_0076_object_123_sam_auto_mask.png,0.964613676071167,0.9728260636329651,41,0.9763373010182131,1.0,12.910632785999951,0.07745553735246667,cuda,vit_b
77,000006.png,124,data/cogar_sim_500/rgb/000006.png,/home/amir/Desktop/COGAR/COGAR_Foundation-Model-Segmentation-for-Robotic-Scenes/data/cogar_sim_500/instance_masks/all/ann_00000124_img_000006_cat_box.png,/home/amir/Desktop/COGAR/COGAR_Foundation-Model-Segmentation-for-Robotic-Scenes/outputs/sim_sam_vit_b_auto_v1/masks/row_0077_object_124_sam_auto_mask.png,0.9802969694137573,0.9773049354553223,41,0.9570240295748613,1.0,12.910632785999951,0.07745553735246667,cuda,vit_b
78,000006.png,125,data/cogar_sim_500/rgb/000006.png,/home/amir/Desktop/COGAR/COGAR_Foundation-Model-Segmentation-for-Robotic-Scenes/data/cogar_sim_500/instance_masks/all/ann_00000125_img_000006_cat_box.png,/home/amir/Desktop/COGAR/COGAR_Foundation-Model-Segmentation-for-Robotic-Scenes/outputs/sim_sam_vit_b_auto_v1/masks/row_0078_object_125_sam_auto_mask.png,0.9948025941848755,0.9791028499603271,41,0.9904087455739283,0.998719590268886,12.910632785999951,0.07745553735246667,cuda,vit_b
79,000006.png,126,data/cogar_sim_500/rgb/000006.png,/home/amir/Desktop/COGAR/COGAR_Foundation-Model-Segmentation-for-Robotic-Scenes/data/cogar_sim_500/instance_masks/all/ann_00000126_img_000006_cat_plastic_object.png,/home/amir/Desktop/COGAR/COGAR_Foundation-Model-Segmentation-for-Robotic-Scenes/outputs/sim_sam_vit_b_auto_v1/masks/row_0079_object_126_sam_auto_mask.png,0.9961594343185425,0.9884910583496094,41,0.9737039819684448,1.0,12.910632785999951,0.07745553735246667,cuda,vit_b
80,000006.png,127,data/cogar_sim_500/rgb/000006.png,/home/amir/Desktop/COGAR/COGAR_Foundation-Model-Segmentation-for-Robotic-Scenes/data/cogar_sim_500/instance_masks/all/ann_00000127_img_000006_cat_connector.png,/home/amir/Desktop/COGAR/COGAR_Foundation-Model-Segmentation-for-Robotic-Scenes/outputs/sim_sam_vit_b_auto_v1/masks/row_0080_object_127_sam_auto_mask.png,0.9847284555435181,0.9687267541885376,41,0.9707732149463559,1.0,12.910632785999951,0.07745553735246667,cuda,vit_b
81,000006.png,128,data/cogar_sim_500/rgb/000006.png,/home/amir/Desktop/COGAR/COGAR_Foundation-Model-Segmentation-for-Robotic-Scenes/data/cogar_sim_500/instance_masks/all/ann_00000128_img_000006_cat_glass_object.png,/home/amir/Desktop/COGAR/COGAR_Foundation-Model-Segmentation-for-Robotic-Scenes/outputs/sim_sam_vit_b_auto_v1/masks/row_0081_object_128_sam_auto_mask.png,0.9727624654769897,0.9837398529052734,41,0.9291797400268937,0.9958321707589286,12.910632785999951,0.07745553735246667,cuda,vit_b
82,000006.png,129,data/cogar_sim_500/rgb/000006.png,/home/amir/Desktop/COGAR/COGAR_Foundation-Model-Segmentation-for-Robotic-Scenes/data/cogar_sim_500/instance_masks/all/ann_00000129_img_000006_cat_robot_gripper.png,/home/amir/Desktop/COGAR/COGAR_Foundation-Model-Segmentation-for-Robotic-Scenes/outputs/sim_sam_vit_b_auto_v1/masks/row_0082_object_129_sam_auto_mask.png,0.9915750622749329,0.975517988204956,41,0.9739910861468954,0.9869556025369979,12.910632785999951,0.07745553735246667,cuda,vit_b
83,000006.png,130,data/cogar_sim_500/rgb/000006.png,/home/amir/Desktop/COGAR/COGAR_Foundation-Model-Segmentation-for-Robotic-Scenes/data/cogar_sim_500/instance_masks/all/ann_00000130_img_000006_cat_robot_gripper.png,/home/amir/Desktop/COGAR/COGAR_Foundation-Model-Segmentation-for-Robotic-Scenes/outputs/sim_sam_vit_b_auto_v1/masks/row_0083_object_130_sam_auto_mask.png,0.9496778249740601,0.9762418866157532,41,0.8603773584905661,0.9875518672199171,12.910632785999951,0.07745553735246667,cuda,vit_b
84,000006.png,131,data/cogar_sim_500/rgb/000006.png,/home/amir/Desktop/COGAR/COGAR_Foundation-Model-Segmentation-for-Robotic-Scenes/data/cogar_sim_500/instance_masks/all/ann_00000131_img_000006_cat_robot_gripper.png,/home/amir/Desktop/COGAR/COGAR_Foundation-Model-Segmentation-for-Robotic-Scenes/outputs/sim_sam_vit_b_auto_v1/masks/row_0084_object_131_sam_auto_mask.png,0.9576436877250671,0.9811145663261414,41,0.959832134292566,1.0,12.910632785999951,0.07745553735246667,cuda,vit_b
85,000009.png,172,data/cogar_sim_500/rgb/000009.png,/home/amir/Desktop/COGAR/COGAR_Foundation-Model-Segmentation-for-Robotic-Scenes/data/cogar_sim_500/instance_masks/all/ann_00000172_img_000009_cat_screw.png,/home/amir/Desktop/COGAR/COGAR_Foundation-Model-Segmentation-for-Robotic-Scenes/outputs/sim_sam_vit_b_auto_v1/masks/row_0085_object_172_sam_auto_mask.png,0.9192153215408325,0.9636363387107849,38,0.8957345971563981,1.0,12.684797899999921,0.078834523646609,cuda,vit_b
86,000009.png,173,data/cogar_sim_500/rgb/000009.png,/home/amir/Desktop/COGAR/COGAR_Foundation-Model-Segmentation-for-Robotic-Scenes/data/cogar_sim_500/instance_masks/all/ann_00000173_img_000009_cat_connector.png,/home/amir/Desktop/COGAR/COGAR_Foundation-Model-Segmentation-for-Robotic-Scenes/outputs/sim_sam_vit_b_auto_v1/masks/row_0086_object_173_sam_auto_mask.png,0.9778662919998169,0.9858208894729614,38,0.9493670886075949,1.0,12.684797899999921,0.078834523646609,cuda,vit_b
87,000009.png,174,data/cogar_sim_500/rgb/000009.png,/home/amir/Desktop/COGAR/COGAR_Foundation-Model-Segmentation-for-Robotic-Scenes/data/cogar_sim_500/instance_masks/all/ann_00000174_img_000009_cat_cable.png,/home/amir/Desktop/COGAR/COGAR_Foundation-Model-Segmentation-for-Robotic-Scenes/outputs/sim_sam_vit_b_auto_v1/masks/row_0087_object_174_sam_auto_mask.png,0.9197413921356201,0.963718831539154,38,0.1569197239375227,0.3239263803680981,12.684797899999921,0.078834523646609,cuda,vit_b
88,000009.png,175,data/cogar_sim_500/rgb/000009.png,/home/amir/Desktop/COGAR/COGAR_Foundation-Model-Segmentation-for-Robotic-Scenes/data/cogar_sim_500/instance_masks/all/ann_00000175_img_000009_cat_plastic_object.png,/home/amir/Desktop/COGAR/COGAR_Foundation-Model-Segmentation-for-Robotic-Scenes/outputs/sim_sam_vit_b_auto_v1/masks/row_0088_object_175_sam_auto_mask.png,0.9760265350341797,0.9850965142250061,38,0.9729016786570743,1.0,12.684797899999921,0.078834523646609,cuda,vit_b
89,000009.png,176,data/cogar_sim_500/rgb/000009.png,/home/amir/Desktop/COGAR/COGAR_Foundation-Model-Segmentation-for-Robotic-Scenes/data/cogar_sim_500/instance_masks/all/ann_00000176_img_000009_cat_plastic_object.png,/home/amir/Desktop/COGAR/COGAR_Foundation-Model-Segmentation-for-Robotic-Scenes/outputs/sim_sam_vit_b_auto_v1/masks/row_0089_object_176_sam_auto_mask.png,0.9895710945129395,0.984062135219574,38,0.9816998779991867,1.0,12.684797899999921,0.078834523646609,cuda,vit_b
90,000009.png,177,data/cogar_sim_500/rgb/000009.png,/home/amir/Desktop/COGAR/COGAR_Foundation-Model-Segmentation-for-Robotic-Scenes/data/cogar_sim_500/instance_masks/all/ann_00000177_img_000009_cat_plastic_object.png,/home/amir/Desktop/COGAR/COGAR_Foundation-Model-Segmentation-for-Robotic-Scenes/outputs/sim_sam_vit_b_auto_v1/masks/row_0090_object_177_sam_auto_mask.png,0.9766923189163208,0.984748363494873,38,0.965965965965966,1.0,12.684797899999921,0.078834523646609,cuda,vit_b
91,000009.png,179,data/cogar_sim_500/rgb/000009.png,/home/amir/Desktop/COGAR/COGAR_Foundation-Model-Segmentation-for-Robotic-Scenes/data/cogar_sim_500/instance_masks/all/ann_00000179_img_000009_cat_cable.png,/home/amir/Desktop/COGAR/COGAR_Foundation-Model-Segmentation-for-Robotic-Scenes/outputs/sim_sam_vit_b_auto_v1/masks/row_0091_object_179_sam_auto_mask.png,0.9595879316329956,0.9714794754981995,38,0.7420367877972185,0.7877591312931884,12.684797899999921,0.078834523646609,cuda,vit_b
92,000009.png,180,data/cogar_sim_500/rgb/000009.png,/home/amir/Desktop/COGAR/COGAR_Foundation-Model-Segmentation-for-Robotic-Scenes/data/cogar_sim_500/instance_masks/all/ann_00000180_img_000009_cat_glass_object.png,/home/amir/Desktop/COGAR/COGAR_Foundation-Model-Segmentation-for-Robotic-Scenes/outputs/sim_sam_vit_b_auto_v1/masks/row_0092_object_180_sam_auto_mask.png,0.9940884113311768,0.9784601926803589,38,0.9514753181373234,0.9448697330331296,12.684797899999921,0.078834523646609,cuda,vit_b
93,000009.png,181,data/cogar_sim_500/rgb/000009.png,/home/amir/Desktop/COGAR/COGAR_Foundation-Model-Segmentation-for-Robotic-Scenes/data/cogar_sim_500/instance_masks/all/ann_00000181_img_000009_cat_tool.png,/home/amir/Desktop/COGAR/COGAR_Foundation-Model-Segmentation-for-Robotic-Scenes/outputs/sim_sam_vit_b_auto_v1/masks/row_0093_object_181_sam_auto_mask.png,0.9728635549545288,0.9741759896278381,38,0.9260911118190507,0.9823822822969563,12.684797899999921,0.078834523646609,cuda,vit_b
94,000009.png,182,data/cogar_sim_500/rgb/000009.png,/home/amir/Desktop/COGAR/COGAR_Foundation-Model-Segmentation-for-Robotic-Scenes/data/cogar_sim_500/instance_masks/all/ann_00000182_img_000009_cat_plastic_object.png,/home/amir/Desktop/COGAR/COGAR_Foundation-Model-Segmentation-for-Robotic-Scenes/outputs/sim_sam_vit_b_auto_v1/masks/row_0094_object_182_sam_auto_mask.png,0.9953310489654541,0.9834943413734436,38,0.9744408945686901,1.0,12.684797899999921,0.078834523646609,cuda,vit_b
95,000009.png,183,data/cogar_sim_500/rgb/000009.png,/home/amir/Desktop/COGAR/COGAR_Foundation-Model-Segmentation-for-Robotic-Scenes/data/cogar_sim_500/instance_masks/all/ann_00000183_img_000009_cat_plastic_object.png,/home/amir/Desktop/COGAR/COGAR_Foundation-Model-Segmentation-for-Robotic-Scenes/outputs/sim_sam_vit_b_auto_v1/masks/row_0095_object_183_sam_auto_mask.png,0.998481035232544,0.9840425252914429,38,0.9683728672492717,0.9935781053854693,12.684797899999921,0.078834523646609,cuda,vit_b
96,000009.png,184,data/cogar_sim_500/rgb/000009.png,/home/amir/Desktop/COGAR/COGAR_Foundation-Model-Segmentation-for-Robotic-Scenes/data/cogar_sim_500/instance_masks/all/ann_00000184_img_000009_cat_plastic_object.png,/home/amir/Desktop/COGAR/COGAR_Foundation-Model-Segmentation-for-Robotic-Scenes/outputs/sim_sam_vit_b_auto_v1/masks/row_0096_object_184_sam_auto_mask.png,0.9820178747177124,0.9858019948005676,38,0.966262319939348,1.0,12.684797899999921,0.078834523646609,cuda,vit_b
97,000009.png,185,data/cogar_sim_500/rgb/000009.png,/home/amir/Desktop/COGAR/COGAR_Foundation-Model-Segmentation-for-Robotic-Scenes/data/cogar_sim_500/instance_masks/all/ann_00000185_img_000009_cat_plastic_object.png,/home/amir/Desktop/COGAR/COGAR_Foundation-Model-Segmentation-for-Robotic-Scenes/outputs/sim_sam_vit_b_auto_v1/masks/row_0097_object_185_sam_auto_mask.png,0.9513034820556641,0.9816111922264099,38,0.9833916083916084,1.0,12.684797899999921,0.078834523646609,cuda,vit_b
98,000009.png,186,data/cogar_sim_500/rgb/000009.png,/home/amir/Desktop/COGAR/COGAR_Foundation-Model-Segmentation-for-Robotic-Scenes/data/cogar_sim_500/instance_masks/all/ann_00000186_img_000009_cat_plastic_object.png,/home/amir/Desktop/COGAR/COGAR_Foundation-Model-Segmentation-for-Robotic-Scenes/outputs/sim_sam_vit_b_auto_v1/masks/row_0098_object_186_sam_auto_mask.png,0.9844660758972168,0.9816152453422546,38,0.9386304909560723,1.0,12.684797899999921,0.078834523646609,cuda,vit_b
99,000009.png,188,data/cogar_sim_500/rgb/000009.png,/home/amir/Desktop/COGAR/COGAR_Foundation-Model-Segmentation-for-Robotic-Scenes/data/cogar_sim_500/instance_masks/all/ann_00000188_img_000009_cat_plastic_object.png,/home/amir/Desktop/COGAR/COGAR_Foundation-Model-Segmentation-for-Robotic-Scenes/outputs/sim_sam_vit_b_auto_v1/masks/row_0099_object_188_sam_auto_mask.png,1.001721978187561,0.9871175289154053,38,0.9695892575039494,0.9695169911873767,12.684797899999921,0.078834523646609,cuda,vit_b
100,000009.png,189,data/cogar_sim_500/rgb/000009.png,/home/amir/Desktop/COGAR/COGAR_Foundation-Model-Segmentation-for-Robotic-Scenes/data/cogar_sim_500/instance_masks/all/ann_00000189_img_000009_cat_robot_gripper.png,/home/amir/Desktop/COGAR/COGAR_Foundation-Model-Segmentation-for-Robotic-Scenes/outputs/sim_sam_vit_b_auto_v1/masks/row_0100_object_189_sam_auto_mask.png,0.9844660758972168,0.9816152453422546,38,0.0021985857745558265,0.1527154137180404,12.684797899999921,0.078834523646609,cuda,vit_b
101,000009.png,190,data/cogar_sim_500/rgb/000009.png,/home/amir/Desktop/COGAR/COGAR_Foundation-Model-Segmentation-for-Robotic-Scenes/data/cogar_sim_500/instance_masks/all/ann_00000190_img_000009_cat_robot_gripper.png,/home/amir/Desktop/COGAR/COGAR_Foundation-Model-Segmentation-for-Robotic-Scenes/outputs/sim_sam_vit_b_auto_v1/masks/row_0101_object_190_sam_auto_mask.png,0.9586806297302246,0.9711736440658569,38,0.9066496163682864,0.9956140350877193,12.684797899999921,0.078834523646609,cuda,vit_b
102,000009.png,191,data/cogar_sim_500/rgb/000009.png,/home/amir/Desktop/COGAR/COGAR_Foundation-Model-Segmentation-for-Robotic-Scenes/data/cogar_sim_500/instance_masks/all/ann_00000191_img_000009_cat_robot_gripper.png,/home/amir/Desktop/COGAR/COGAR_Foundation-Model-Segmentation-for-Robotic-Scenes/outputs/sim_sam_vit_b_auto_v1/masks/row_0102_object_191_sam_auto_mask.png,0.9749147891998291,0.9869281053543091,38,0.976545842217484,1.0,12.684797899999921,0.078834523646609,cuda,vit_b
103,000010.png,193,data/cogar_sim_500/rgb/000010.png,/home/amir/Desktop/COGAR/COGAR_Foundation-Model-Segmentation-for-Robotic-Scenes/data/cogar_sim_500/instance_masks/all/ann_00000193_img_000010_cat_tool.png,/home/amir/Desktop/COGAR/COGAR_Foundation-Model-Segmentation-for-Robotic-Scenes/outputs/sim_sam_vit_b_auto_v1/masks/row_0103_object_193_sam_auto_mask.png,0.9179928302764893,0.9623135328292847,31,0.4778725673153826,0.66728785785432,12.734242147000032,0.07852842661984269,cuda,vit_b
104,000010.png,194,data/cogar_sim_500/rgb/000010.png,/home/amir/Desktop/COGAR/COGAR_Foundation-Model-Segmentation-for-Robotic-Scenes/data/cogar_sim_500/instance_masks/all/ann_00000194_img_000010_cat_screw.png,/home/amir/Desktop/COGAR/COGAR_Foundation-Model-Segmentation-for-Robotic-Scenes/outputs/sim_sam_vit_b_auto_v1/masks/row_0104_object_194_sam_auto_mask.png,0.9673031568527222,0.9759825468063354,31,0.834051724137931,0.8809479205695017,12.734242147000032,0.07852842661984269,cuda,vit_b
105,000010.png,195,data/cogar_sim_500/rgb/000010.png,/home/amir/Desktop/COGAR/COGAR_Foundation-Model-Segmentation-for-Robotic-Scenes/data/cogar_sim_500/instance_masks/all/ann_00000195_img_000010_cat_connector.png,/home/amir/Desktop/COGAR/COGAR_Foundation-Model-Segmentation-for-Robotic-Scenes/outputs/sim_sam_vit_b_auto_v1/masks/row_0105_object_195_sam_auto_mask.png,0.9730855226516724,0.982957661151886,31,0.9600656455142232,1.0,12.734242147000032,0.07852842661984269,cuda,vit_b
106,000010.png,196,data/cogar_sim_500/rgb/000010.png,/home/amir/Desktop/COGAR/COGAR_Foundation-Model-Segmentation-for-Robotic-Scenes/data/cogar_sim_500/instance_masks/all/ann_00000196_img_000010_cat_plastic_object.png,/home/amir/Desktop/COGAR/COGAR_Foundation-Model-Segmentation-for-Robotic-Scenes/outputs/sim_sam_vit_b_auto_v1/masks/row_0106_object_196_sam_auto_mask.png,0.9795751571655273,0.9883138537406921,31,0.9789438502673797,1.0,12.734242147000032,0.07852842661984269,cuda,vit_b
107,000010.png,197,data/cogar_sim_500/rgb/000010.png,/home/amir/Desktop/COGAR/COGAR_Foundation-Model-Segmentation-for-Robotic-Scenes/data/cogar_sim_500/instance_masks/all/ann_00000197_img_000010_cat_metal_part.png,/home/amir/Desktop/COGAR/COGAR_Foundation-Model-Segmentation-for-Robotic-Scenes/outputs/sim_sam_vit_b_auto_v1/masks/row_0107_object_197_sam_auto_mask.png,0.9762120842933655,0.9889298677444458,31,0.9685816876122083,1.0,12.734242147000032,0.07852842661984269,cuda,vit_b
108,000010.png,198,data/cogar_sim_500/rgb/000010.png,/home/amir/Desktop/COGAR/COGAR_Foundation-Model-Segmentation-for-Robotic-Scenes/data/cogar_sim_500/instance_masks/all/ann_00000198_img_000010_cat_tool.png,/home/amir/Desktop/COGAR/COGAR_Foundation-Model-Segmentation-for-Robotic-Scenes/outputs/sim_sam_vit_b_auto_v1/masks/row_0108_object_198_sam_auto_mask.png,0.9794015884399414,0.9777106046676636,31,0.9600146735143067,1.0,12.734242147000032,0.07852842661984269,cuda,vit_b
109,000010.png,199,data/cogar_sim_500/rgb/000010.png,/home/amir/Desktop/COGAR/COGAR_Foundation-Model-Segmentation-for-Robotic-Scenes/data/cogar_sim_500/instance_masks/all/ann_00000199_img_000010_cat_tool.png,/home/amir/Desktop/COGAR/COGAR_Foundation-Model-Segmentation-for-Robotic-Scenes/outputs/sim_sam_vit_b_auto_v1/masks/row_0109_object_199_sam_auto_mask.png,0.9353020787239075,0.9502843022346497,31,0.8751048951048951,0.896705921838445,12.734242147000032,0.07852842661984269,cuda,vit_b
110,000010.png,200,data/cogar_sim_500/rgb/000010.png,/home/amir/Desktop/COGAR/COGAR_Foundation-Model-Segmentation-for-Robotic-Scenes/data/cogar_sim_500/instance_masks/all/ann_00000200_img_000010_cat_metal_part.png,/home/amir/Desktop/COGAR/COGAR_Foundation-Model-Segmentation-for-Robotic-Scenes/outputs/sim_sam_vit_b_auto_v1/masks/row_0110_object_200_sam_auto_mask.png,0.9803014993667603,0.9778918027877808,31,0.8682170542635659,0.8570479459639021,12.734242147000032,0.07852842661984269,cuda,vit_b
111,000010.png,201,data/cogar_sim_500/rgb/000010.png,/home/amir/Desktop/COGAR/COGAR_Foundation-Model-Segmentation-for-Robotic-Scenes/data/cogar_sim_500/instance_masks/all/ann_00000201_img_000010_cat_tool.png,/home/amir/Desktop/COGAR/COGAR_Foundation-Model-Segmentation-for-Robotic-Scenes/outputs/sim_sam_vit_b_auto_v1/masks/row_0111_object_201_sam_auto_mask.png,0.975082278251648,0.9594849348068237,31,0.7515306122448979,0.7771015849662276,12.734242147000032,0.07852842661984269,cuda,vit_b
112,000010.png,202,data/cogar_sim_500/rgb/000010.png,/home/amir/Desktop/COGAR/COGAR_Foundation-Model-Segmentation-for-Robotic-Scenes/data/cogar_sim_500/instance_masks/all/ann_00000202_img_000010_cat_tool.png,/home/amir/Desktop/COGAR/COGAR_Foundation-Model-Segmentation-for-Robotic-Scenes/outputs/sim_sam_vit_b_auto_v1/masks/row_0112_object_202_sam_auto_mask.png,0.9803014993667603,0.9778918027877808,31,0.03857234314980794,0.2170727822901736,12.734242147000032,0.07852842661984269,cuda,vit_b
113,000010.png,203,data/cogar_sim_500/rgb/000010.png,/home/amir/Desktop/COGAR/COGAR_Foundation-Model-Segmentation-for-Robotic-Scenes/data/cogar_sim_500/instance_masks/all/ann_00000203_img_000010_cat_cable.png,/home/amir/Desktop/COGAR/COGAR_Foundation-Model-Segmentation-for-Robotic-Scenes/outputs/sim_sam_vit_b_auto_v1/masks/row_0113_object_203_sam_auto_mask.png,0.9671274423599243,0.9668850302696228,31,0.9410914347668956,1.0,12.734242147000032,0.07852842661984269,cuda,vit_b
114,000010.png,204,data/cogar_sim_500/rgb/000010.png,/home/amir/Desktop/COGAR/COGAR_Foundation-Model-Segmentation-for-Robotic-Scenes/data/cogar_sim_500/instance_masks/all/ann_00000204_img_000010_cat_connector.png,/home/amir/Desktop/COGAR/COGAR_Foundation-Model-Segmentation-for-Robotic-Scenes/outputs/sim_sam_vit_b_auto_v1/masks/row_0114_object_204_sam_auto_mask.png,0.9535200595855713,0.9708737730979919,31,0.8530805687203792,1.0,12.734242147000032,0.07852842661984269,cuda,vit_b
115,000010.png,205,data/cogar_sim_500/rgb/000010.png,/home/amir/Desktop/COGAR/COGAR_Foundation-Model-Segmentation-for-Robotic-Scenes/data/cogar_sim_500/instance_masks/all/ann_00000205_img_000010_cat_tool.png,/home/amir/Desktop/COGAR/COGAR_Foundation-Model-Segmentation-for-Robotic-Scenes/outputs/sim_sam_vit_b_auto_v1/masks/row_0115_object_205_sam_auto_mask.png,0.9096430540084839,0.9533241987228394,31,0.911864406779661,0.9731016424660796,12.734242147000032,0.07852842661984269,cuda,vit_b
116,000010.png,206,data/cogar_sim_500/rgb/000010.png,/home/amir/Desktop/COGAR/COGAR_Foundation-Model-Segmentation-for-Robotic-Scenes/data/cogar_sim_500/instance_masks/all/ann_00000206_img_000010_cat_connector.png,/home/amir/Desktop/COGAR/COGAR_Foundation-Model-Segmentation-for-Robotic-Scenes/outputs/sim_sam_vit_b_auto_v1/masks/row_0116_object_206_sam_auto_mask.png,0.9961265325546265,0.9817391037940979,31,0.9651567944250871,1.0,12.734242147000032,0.07852842661984269,cuda,vit_b
117,000010.png,207,data/cogar_sim_500/rgb/000010.png,/home/amir/Desktop/COGAR/COGAR_Foundation-Model-Segmentation-for-Robotic-Scenes/data/cogar_sim_500/instance_masks/all/ann_00000207_img_000010_cat_plastic_object.png,/home/amir/Desktop/COGAR/COGAR_Foundation-Model-Segmentation-for-Robotic-Scenes/outputs/sim_sam_vit_b_auto_v1/masks/row_0117_object_207_sam_auto_mask.png,1.0136383771896362,0.9869747757911682,31,0.9712473572938689,1.0,12.734242147000032,0.07852842661984269,cuda,vit_b
118,000010.png,208,data/cogar_sim_500/rgb/000010.png,/home/amir/Desktop/COGAR/COGAR_Foundation-Model-Segmentation-for-Robotic-Scenes/data/cogar_sim_500/instance_masks/all/ann_00000208_img_000010_cat_box.png,/home/amir/Desktop/COGAR/COGAR_Foundation-Model-Segmentation-for-Robotic-Scenes/outputs/sim_sam_vit_b_auto_v1/masks/row_0118_object_208_sam_auto_mask.png,0.9787507653236389,0.982903242111206,31,0.9928051001821494,1.0,12.734242147000032,0.07852842661984269,cuda,vit_b
119,000010.png,209,data/cogar_sim_500/rgb/000010.png,/home/amir/Desktop/COGAR/COGAR_Foundation-Model-Segmentation-for-Robotic-Scenes/data/cogar_sim_500/instance_masks/all/ann_00000209_img_000010_cat_cable.png,/home/amir/Desktop/COGAR/COGAR_Foundation-Model-Segmentation-for-Robotic-Scenes/outputs/sim_sam_vit_b_auto_v1/masks/row_0119_object_209_sam_auto_mask.png,0.975082278251648,0.9594849348068237,31,0.0018533772652388797,0.04829831311038769,12.734242147000032,0.07852842661984269,cuda,vit_b
120,000010.png,210,data/cogar_sim_500/rgb/000010.png,/home/amir/Desktop/COGAR/COGAR_Foundation-Model-Segmentation-for-Robotic-Scenes/data/cogar_sim_500/instance_masks/all/ann_00000210_img_000010_cat_connector.png,/home/amir/Desktop/COGAR/COGAR_Foundation-Model-Segmentation-for-Robotic-Scenes/outputs/sim_sam_vit_b_auto_v1/masks/row_0120_object_210_sam_auto_mask.png,0.966727077960968,0.9769033193588257,31,0.8625756266205704,0.8418142321111184,12.734242147000032,0.07852842661984269,cuda,vit_b
121,000010.png,211,data/cogar_sim_500/rgb/000010.png,/home/amir/Desktop/COGAR/COGAR_Foundation-Model-Segmentation-for-Robotic-Scenes/data/cogar_sim_500/instance_masks/all/ann_00000211_img_000010_cat_robot_gripper.png,/home/amir/Desktop/COGAR/COGAR_Foundation-Model-Segmentation-for-Robotic-Scenes/outputs/sim_sam_vit_b_auto_v1/masks/row_0121_object_211_sam_auto_mask.png,0.9681100845336914,0.96214759349823,31,0.870731360273193,0.8937327451259427,12.734242147000032,0.07852842661984269,cuda,vit_b
122,000010.png,212,data/cogar_sim_500/rgb/000010.png,/home/amir/Desktop/COGAR/COGAR_Foundation-Model-Segmentation-for-Robotic-Scenes/data/cogar_sim_500/instance_masks/all/ann_00000212_img_000010_cat_robot_gripper.png,/home/amir/Desktop/COGAR/COGAR_Foundation-Model-Segmentation-for-Robotic-Scenes/outputs/sim_sam_vit_b_auto_v1/masks/row_0122_object_212_sam_auto_mask.png,0.9443472623825073,0.979363739490509,31,0.9347471451876019,1.0,12.734242147000032,0.07852842661984269,cuda,vit_b
123,000010.png,213,data/cogar_sim_500/rgb/000010.png,/home/amir/Desktop/COGAR/COGAR_Foundation-Model-Segmentation-for-Robotic-Scenes/data/cogar_sim_500/instance_masks/all/ann_00000213_img_000010_cat_robot_gripper.png,/home/amir/Desktop/COGAR/COGAR_Foundation-Model-Segmentation-for-Robotic-Scenes/outputs/sim_sam_vit_b_auto_v1/masks/row_0123_object_213_sam_auto_mask.png,0.9681100845336914,0.96214759349823,31,0.11080134391307456,0.19218018558315425,12.734242147000032,0.07852842661984269,cuda,vit_b
124,000012.png,218,data/cogar_sim_500/rgb/000012.png,/home/amir/Desktop/COGAR/COGAR_Foundation-Model-Segmentation-for-Robotic-Scenes/data/cogar_sim_500/instance_masks/all/ann_00000218_img_000012_cat_metal_part.png,/home/amir/Desktop/COGAR/COGAR_Foundation-Model-Segmentation-for-Robotic-Scenes/outputs/sim_sam_vit_b_auto_v1/masks/row_0124_object_218_sam_auto_mask.png,0.9326951503753662,0.9631384611129761,39,0.9146726545505579,0.8999406904306884,13.033438839999917,0.07672572160548892,cuda,vit_b
125,000012.png,219,data/cogar_sim_500/rgb/000012.png,/home/amir/Desktop/COGAR/COGAR_Foundation-Model-Segmentation-for-Robotic-Scenes/data/cogar_sim_500/instance_masks/all/ann_00000219_img_000012_cat_tool.png,/home/amir/Desktop/COGAR/COGAR_Foundation-Model-Segmentation-for-Robotic-Scenes/outputs/sim_sam_vit_b_auto_v1/masks/row_0125_object_219_sam_auto_mask.png,0.8911746740341187,0.968539297580719,39,0.5149525893508388,0.5578564400613231,13.033438839999917,0.07672572160548892,cuda,vit_b
126,000012.png,220,data/cogar_sim_500/rgb/000012.png,/home/amir/Desktop/COGAR/COGAR_Foundation-Model-Segmentation-for-Robotic-Scenes/data/cogar_sim_500/instance_masks/all/ann_00000220_img_000012_cat_connector.png,/home/amir/Desktop/COGAR/COGAR_Foundation-Model-Segmentation-for-Robotic-Scenes/outputs/sim_sam_vit_b_auto_v1/masks/row_0126_object_220_sam_auto_mask.png,0.9723520278930664,0.9765258431434631,39,0.9533799533799534,1.0,13.033438839999917,0.07672572160548892,cuda,vit_b
127,000012.png,221,data/cogar_sim_500/rgb/000012.png,/home/amir/Desktop/COGAR/COGAR_Foundation-Model-Segmentation-for-Robotic-Scenes/data/cogar_sim_500/instance_masks/all/ann_00000221_img_000012_cat_box.png,/home/amir/Desktop/COGAR/COGAR_Foundation-Model-Segmentation-for-Robotic-Scenes/outputs/sim_sam_vit_b_auto_v1/masks/row_0127_object_221_sam_auto_mask.png,0.9534510374069214,0.9749670624732971,39,0.962532299741602,1.0,13.033438839999917,0.07672572160548892,cuda,vit_b
128,000012.png,222,data/cogar_sim_500/rgb/000012.png,/home/amir/Desktop/COGAR/COGAR_Foundation-Model-Segmentation-for-Robotic-Scenes/data/cogar_sim_500/instance_masks/all/ann_00000222_img_000012_cat_plastic_object.png,/home/amir/Desktop/COGAR/COGAR_Foundation-Model-Segmentation-for-Robotic-Scenes/outputs/sim_sam_vit_b_auto_v1/masks/row_0128_object_222_sam_auto_mask.png,0.9659807682037354,0.9861389994621277,39,0.9835472789730609,1.0,13.033438839999917,0.07672572160548892,cuda,vit_b
129,000012.png,223,data/cogar_sim_500/rgb/000012.png,/home/amir/Desktop/COGAR/COGAR_Foundation-Model-Segmentation-for-Robotic-Scenes/data/cogar_sim_500/instance_masks/all/ann_00000223_img_000012_cat_plastic_object.png,/home/amir/Desktop/COGAR/COGAR_Foundation-Model-Segmentation-for-Robotic-Scenes/outputs/sim_sam_vit_b_auto_v1/masks/row_0129_object_223_sam_auto_mask.png,0.9797545075416565,0.9835414290428162,39,0.9524880517289851,0.9407329680152344,13.033438839999917,0.07672572160548892,cuda,vit_b
130,000012.png,224,data/cogar_sim_500/rgb/000012.png,/home/amir/Desktop/COGAR/COGAR_Foundation-Model-Segmentation-for-Robotic-Scenes/data/cogar_sim_500/instance_masks/all/ann_00000224_img_000012_cat_cable.png,/home/amir/Desktop/COGAR/COGAR_Foundation-Model-Segmentation-for-Robotic-Scenes/outputs/sim_sam_vit_b_auto_v1/masks/row_0130_object_224_sam_auto_mask.png,0.9499237537384033,0.9649292230606079,39,0.9618657421998109,1.0,13.033438839999917,0.07672572160548892,cuda,vit_b
131,000012.png,225,data/cogar_sim_500/rgb/000012.png,/home/amir/Desktop/COGAR/COGAR_Foundation-Model-Segmentation-for-Robotic-Scenes/data/cogar_sim_500/instance_masks/all/ann_00000225_img_000012_cat_glass_object.png,/home/amir/Desktop/COGAR/COGAR_Foundation-Model-Segmentation-for-Robotic-Scenes/outputs/sim_sam_vit_b_auto_v1/masks/row_0131_object_225_sam_auto_mask.png,0.914709210395813,0.9608557224273682,39,0.8104945262363156,0.771394134190438,13.033438839999917,0.07672572160548892,cuda,vit_b
132,000012.png,226,data/cogar_sim_500/rgb/000012.png,/home/amir/Desktop/COGAR/COGAR_Foundation-Model-Segmentation-for-Robotic-Scenes/data/cogar_sim_500/instance_masks/all/ann_00000226_img_000012_cat_glass_object.png,/home/amir/Desktop/COGAR/COGAR_Foundation-Model-Segmentation-for-Robotic-Scenes/outputs/sim_sam_vit_b_auto_v1/masks/row_0132_object_226_sam_auto_mask.png,0.9240610599517822,0.9553980827331543,39,0.37189292543021035,0.467322709231948,13.033438839999917,0.07672572160548892,cuda,vit_b
133,000012.png,227,data/cogar_sim_500/rgb/000012.png,/home/amir/Desktop/COGAR/COGAR_Foundation-Model-Segmentation-for-Robotic-Scenes/data/cogar_sim_500/instance_masks/all/ann_00000227_img_000012_cat_glass_object.png,/home/amir/Desktop/COGAR/COGAR_Foundation-Model-Segmentation-for-Robotic-Scenes/outputs/sim_sam_vit_b_auto_v1/masks/row_0133_object_227_sam_auto_mask.png,0.8881025910377502,0.9607015252113342,39,0.8210095497953616,0.7162006429307941,13.033438839999917,0.07672572160548892,cuda,vit_b
134,000012.png,228,data/cogar_sim_500/rgb/000012.png,/home/amir/Desktop/COGAR/COGAR_Foundation-Model-Segmentation-for-Robotic-Scenes/data/cogar_sim_500/instance_masks/all/ann_00000228_img_000012_cat_box.png,/home/amir/Desktop/COGAR/COGAR_Foundation-Model-Segmentation-for-Robotic-Scenes/outputs/sim_sam_vit_b_auto_v1/masks/row_0134_object_228_sam_auto_mask.png,0.9611680507659912,0.9629546999931335,39,0.008315913841679541,0.2868995007378545,13.033438839999917,0.07672572160548892,cuda,vit_b
135,000012.png,229,data/cogar_sim_500/rgb/000012.png,/home/amir/Desktop/COGAR/COGAR_Foundation-Model-Segmentation-for-Robotic-Scenes/data/cogar_sim_500/instance_masks/all/ann_00000229_img_000012_cat_connector.png,/home/amir/Desktop/COGAR/COGAR_Foundation-Model-Segmentation-for-Robotic-Scenes/outputs/sim_sam_vit_b_auto_v1/masks/row_0135_object_229_sam_auto_mask.png,0.9313477277755737,0.9711538553237915,39,0.8729222520107238,0.8625612614532282,13.033438839999917,0.07672572160548892,cuda,vit_b
136,000012.png,230,data/cogar_sim_500/rgb/000012.png,/home/amir/Desktop/COGAR/COGAR_Foundation-Model-Segmentation-for-Robotic-Scenes/data/cogar_sim_500/instance_masks/all/ann_00000230_img_000012_cat_box.png,/home/amir/Desktop/COGAR/COGAR_Foundation-Model-Segmentation-for-Robotic-Scenes/outputs/sim_sam_vit_b_auto_v1/masks/row_0136_object_230_sam_auto_mask.png,0.9611680507659912,0.9629546999931335,39,0.9380984190603429,0.9497857248411409,13.033438839999917,0.07672572160548892,cuda,vit_b
137,000012.png,231,data/cogar_sim_500/rgb/000012.png,/home/amir/Desktop/COGAR/COGAR_Foundation-Model-Segmentation-for-Robotic-Scenes/data/cogar_sim_500/instance_masks/all/ann_00000231_img_000012_cat_cable.png,/home/amir/Desktop/COGAR/COGAR_Foundation-Model-Segmentation-for-Robotic-Scenes/outputs/sim_sam_vit_b_auto_v1/masks/row_0137_object_231_sam_auto_mask.png,0.9864585399627686,0.9891030788421631,39,0.002214022140221402,0.04984423676012461,13.033438839999917,0.07672572160548892,cuda,vit_b
138,000012.png,232,data/cogar_sim_500/rgb/000012.png,/home/amir/Desktop/COGAR/COGAR_Foundation-Model-Segmentation-for-Robotic-Scenes/data/cogar_sim_500/instance_masks/all/ann_00000232_img_000012_cat_glass_object.png,/home/amir/Desktop/COGAR/COGAR_Foundation-Model-Segmentation-for-Robotic-Scenes/outputs/sim_sam_vit_b_auto_v1/masks/row_0138_object_232_sam_auto_mask.png,0.961814284324646,0.9822888374328613,39,0.22562616435520597,0.415019238423776,13.033438839999917,0.07672572160548892,cuda,vit_b
139,000012.png,233,data/cogar_sim_500/rgb/000012.png,/home/amir/Desktop/COGAR/COGAR_Foundation-Model-Segmentation-for-Robotic-Scenes/data/cogar_sim_500/instance_masks/all/ann_00000233_img_000012_cat_cable.png,/home/amir/Desktop/COGAR/COGAR_Foundation-Model-Segmentation-for-Robotic-Scenes/outputs/sim_sam_vit_b_auto_v1/masks/row_0139_object_233_sam_auto_mask.png,0.947242021560669,0.9668616056442261,39,0.6980609418282548,0.7207792207792209,13.033438839999917,0.07672572160548892,cuda,vit_b
140,000012.png,234,data/cogar_sim_500/rgb/000012.png,/home/amir/Desktop/COGAR/COGAR_Foundation-Model-Segmentation-for-Robotic-Scenes/data/cogar_sim_500/instance_masks/all/ann_00000234_img_000012_cat_plastic_object.png,/home/amir/Desktop/COGAR/COGAR_Foundation-Model-Segmentation-for-Robotic-Scenes/outputs/sim_sam_vit_b_auto_v1/masks/row_0140_object_234_sam_auto_mask.png,0.9750396013259888,0.972000002861023,39,0.9847874720357942,1.0,13.033438839999917,0.07672572160548892,cuda,vit_b
141,000012.png,235,data/cogar_sim_500/rgb/000012.png,/home/amir/Desktop/COGAR/COGAR_Foundation-Model-Segmentation-for-Robotic-Scenes/data/cogar_sim_500/instance_masks/all/ann_00000235_img_000012_cat_glass_object.png,/home/amir/Desktop/COGAR/COGAR_Foundation-Model-Segmentation-for-Robotic-Scenes/outputs/sim_sam_vit_b_auto_v1/masks/row_0141_object_235_sam_auto_mask.png,0.8821831941604614,0.9666666388511658,39,0.0012727628744859997,0.08880994671403197,13.033438839999917,0.07672572160548892,cuda,vit_b
142,000012.png,236,data/cogar_sim_500/rgb/000012.png,/home/amir/Desktop/COGAR/COGAR_Foundation-Model-Segmentation-for-Robotic-Scenes/data/cogar_sim_500/instance_masks/all/ann_00000236_img_000012_cat_robot_gripper.png,/home/amir/Desktop/COGAR/COGAR_Foundation-Model-Segmentation-for-Robotic-Scenes/outputs/sim_sam_vit_b_auto_v1/masks/row_0142_object_236_sam_auto_mask.png,0.9481889009475708,0.9839034080505371,39,0.9703816591571693,0.9580374175168741,13.033438839999917,0.07672572160548892,cuda,vit_b
143,000012.png,237,data/cogar_sim_500/rgb/000012.png,/home/amir/Desktop/COGAR/COGAR_Foundation-Model-Segmentation-for-Robotic-Scenes/data/cogar_sim_500/instance_masks/all/ann_00000237_img_000012_cat_robot_gripper.png,/home/amir/Desktop/COGAR/COGAR_Foundation-Model-Segmentation-for-Robotic-Scenes/outputs/sim_sam_vit_b_auto_v1/masks/row_0143_object_237_sam_auto_mask.png,0.9864585399627686,0.9891030788421631,39,0.8473118279569892,0.8205128205128205,13.033438839999917,0.07672572160548892,cuda,vit_b
144,000012.png,238,data/cogar_sim_500/rgb/000012.png,/home/amir/Desktop/COGAR/COGAR_Foundation-Model-Segmentation-for-Robotic-Scenes/data/cogar_sim_500/instance_masks/all/ann_00000238_img_000012_cat_robot_gripper.png,/home/amir/Desktop/COGAR/COGAR_Foundation-Model-Segmentation-for-Robotic-Scenes/outputs/sim_sam_vit_b_auto_v1/masks/row_0144_object_238_sam_auto_mask.png,0.9993752241134644,0.9855072498321533,39,0.9674447174447175,1.0,13.033438839999917,0.07672572160548892,cuda,vit_b
145,000014.png,268,data/cogar_sim_500/rgb/000014.png,/home/amir/Desktop/COGAR/COGAR_Foundation-Model-Segmentation-for-Robotic-Scenes/data/cogar_sim_500/instance_masks/all/ann_00000268_img_000014_cat_plastic_object.png,/home/amir/Desktop/COGAR/COGAR_Foundation-Model-Segmentation-for-Robotic-Scenes/outputs/sim_sam_vit_b_auto_v1/masks/row_0145_object_268_sam_auto_mask.png,0.9968686103820801,0.9858094453811646,38,0.9712086659064995,1.0,12.942132321000145,0.07726702024034952,cuda,vit_b
146,000014.png,269,data/cogar_sim_500/rgb/000014.png,/home/amir/Desktop/COGAR/COGAR_Foundation-Model-Segmentation-for-Robotic-Scenes/data/cogar_sim_500/instance_masks/all/ann_00000269_img_000014_cat_metal_part.png,/home/amir/Desktop/COGAR/COGAR_Foundation-Model-Segmentation-for-Robotic-Scenes/outputs/sim_sam_vit_b_auto_v1/masks/row_0146_object_269_sam_auto_mask.png,0.9837678670883179,0.9841855764389038,38,0.9486663311524912,0.993963782696177,12.942132321000145,0.07726702024034952,cuda,vit_b
147,000014.png,270,data/cogar_sim_500/rgb/000014.png,/home/amir/Desktop/COGAR/COGAR_Foundation-Model-Segmentation-for-Robotic-Scenes/data/cogar_sim_500/instance_masks/all/ann_00000270_img_000014_cat_screw.png,/home/amir/Desktop/COGAR/COGAR_Foundation-Model-Segmentation-for-Robotic-Scenes/outputs/sim_sam_vit_b_auto_v1/masks/row_0147_object_270_sam_auto_mask.png,1.011000633239746,0.977458119392395,38,0.00014854426619132502,0.08365019011406845,12.942132321000145,0.07726702024034952,cuda,vit_b
148,000014.png,271,data/cogar_sim_500/rgb/000014.png,/home/amir/Desktop/COGAR/COGAR_Foundation-Model-Segmentation-for-Robotic-Scenes/data/cogar_sim_500/instance_masks/all/ann_00000271_img_000014_cat_plastic_object.png,/home/amir/Desktop/COGAR/COGAR_Foundation-Model-Segmentation-for-Robotic-Scenes/outputs/sim_sam_vit_b_auto_v1/masks/row_0148_object_271_sam_auto_mask.png,1.0026016235351562,0.9899396300315857,38,0.9782362916902204,1.0,12.942132321000145,0.07726702024034952,cuda,vit_b
149,000014.png,272,data/cogar_sim_500/rgb/000014.png,/home/amir/Desktop/COGAR/COGAR_Foundation-Model-Segmentation-for-Robotic-Scenes/data/cogar_sim_500/instance_masks/all/ann_00000272_img_000014_cat_plastic_object.png,/home/amir/Desktop/COGAR/COGAR_Foundation-Model-Segmentation-for-Robotic-Scenes/outputs/sim_sam_vit_b_auto_v1/masks/row_0149_object_272_sam_auto_mask.png,0.9944350719451904,0.9851149916648865,38,0.9764705882352941,1.0,12.942132321000145,0.07726702024034952,cuda,vit_b
150,000014.png,273,data/cogar_sim_500/rgb/000014.png,/home/amir/Desktop/COGAR/COGAR_Foundation-Model-Segmentation-for-Robotic-Scenes/data/cogar_sim_500/instance_masks/all/ann_00000273_img_000014_cat_plastic_object.png,/home/amir/Desktop/COGAR/COGAR_Foundation-Model-Segmentation-for-Robotic-Scenes/outputs/sim_sam_vit_b_auto_v1/masks/row_0150_object_273_sam_auto_mask.png,1.015326976776123,0.9896265268325806,38,0.9684466019417476,1.0,12.942132321000145,0.07726702024034952,cuda,vit_b
151,000014.png,274,data/cogar_sim_500/rgb/000014.png,/home/amir/Desktop/COGAR/COGAR_Foundation-Model-Segmentation-for-Robotic-Scenes/data/cogar_sim_500/instance_masks/all/ann_00000274_img_000014_cat_screw.png,/home/amir/Desktop/COGAR/COGAR_Foundation-Model-Segmentation-for-Robotic-Scenes/outputs/sim_sam_vit_b_auto_v1/masks/row_0151_object_274_sam_auto_mask.png,0.9803667664527893,0.9905362725257874,38,0.9272727272727272,1.0,12.942132321000145,0.07726702024034952,cuda,vit_b
152,000014.png,275,data/cogar_sim_500/rgb/000014.png,/home/amir/Desktop/COGAR/COGAR_Foundation-Model-Segmentation-for-Robotic-Scenes/data/cogar_sim_500/instance_masks/all/ann_00000275_img_000014_cat_tool.png,/home/amir/Desktop/COGAR/COGAR_Foundation-Model-Segmentation-for-Robotic-Scenes/outputs/sim_sam_vit_b_auto_v1/masks/row_0152_object_275_sam_auto_mask.png,1.011000633239746,0.977458119392395,38,0.9696969696969697,0.998019801980198,12.942132321000145,0.07726702024034952,cuda,vit_b
153,000014.png,276,data/cogar_sim_500/rgb/000014.png,/home/amir/Desktop/COGAR/COGAR_Foundation-Model-Segmentation-for-Robotic-Scenes/data/cogar_sim_500/instance_masks/all/ann_00000276_img_000014_cat_plastic_object.png,/home/amir/Desktop/COGAR/COGAR_Foundation-Model-Segmentation-for-Robotic-Scenes/outputs/sim_sam_vit_b_auto_v1/masks/row_0153_object_276_sam_auto_mask.png,1.00385320186615,0.9915721416473389,38,0.9805111821086262,1.0,12.942132321000145,0.07726702024034952,cuda,vit_b
154,000014.png,277,data/cogar_sim_500/rgb/000014.png,/home/amir/Desktop/COGAR/COGAR_Foundation-Model-Segmentation-for-Robotic-Scenes/data/cogar_sim_500/instance_masks/all/ann_00000277_img_000014_cat_plastic_object.png,/home/amir/Desktop/COGAR/COGAR_Foundation-Model-Segmentation-for-Robotic-Scenes/outputs/sim_sam_vit_b_auto_v1/masks/row_0154_object_277_sam_auto_mask.png,0.9822021722793579,0.9872898459434509,38,0.9720421393841167,1.0,12.942132321000145,0.07726702024034952,cuda,vit_b
155,000014.png,278,data/cogar_sim_500/rgb/000014.png,/home/amir/Desktop/COGAR/COGAR_Foundation-Model-Segmentation-for-Robotic-Scenes/data/cogar_sim_500/instance_masks/all/ann_00000278_img_000014_cat_metal_part.png,/home/amir/Desktop/COGAR/COGAR_Foundation-Model-Segmentation-for-Robotic-Scenes/outputs/sim_sam_vit_b_auto_v1/masks/row_0155_object_278_sam_auto_mask.png,0.9893907308578491,0.9847738742828369,38,0.9790194346289752,1.0,12.942132321000145,0.07726702024034952,cuda,vit_b
156,000014.png,279,data/cogar_sim_500/rgb/000014.png,/home/amir/Desktop/COGAR/COGAR_Foundation-Model-Segmentation-for-Robotic-Scenes/data/cogar_sim_500/instance_masks/all/ann_00000279_img_000014_cat_cable.png,/home/amir/Desktop/COGAR/COGAR_Foundation-Model-Segmentation-for-Robotic-Scenes/outputs/sim_sam_vit_b_auto_v1/masks/row_0156_object_279_sam_auto_mask.png,0.9671967029571533,0.9591354131698608,38,0.7467889908256881,0.8996815286624203,12.942132321000145,0.07726702024034952,cuda,vit_b
157,000014.png,280,data/cogar_sim_500/rgb/000014.png,/home/amir/Desktop/COGAR/COGAR_Foundation-Model-Segmentation-for-Robotic-Scenes/data/cogar_sim_500/instance_masks/all/ann_00000280_img_000014_cat_plastic_object.png,/home/amir/Desktop/COGAR/COGAR_Foundation-Model-Segmentation-for-Robotic-Scenes/outputs/sim_sam_vit_b_auto_v1/masks/row_0157_object_280_sam_auto_mask.png,0.9920538663864136,0.9860563278198242,38,0.9778772715301554,1.0,12.942132321000145,0.07726702024034952,cuda,vit_b
158,000014.png,281,data/cogar_sim_500/rgb/000014.png,/home/amir/Desktop/COGAR/COGAR_Foundation-Model-Segmentation-for-Robotic-Scenes/data/cogar_sim_500/instance_masks/all/ann_00000281_img_000014_cat_tool.png,/home/amir/Desktop/COGAR/COGAR_Foundation-Model-Segmentation-for-Robotic-Scenes/outputs/sim_sam_vit_b_auto_v1/masks/row_0158_object_281_sam_auto_mask.png,0.9951456189155579,0.9641072750091553,38,0.9587856855649377,0.8434099840237448,12.942132321000145,0.07726702024034952,cuda,vit_b
159,000014.png,282,data/cogar_sim_500/rgb/000014.png,/home/amir/Desktop/COGAR/COGAR_Foundation-Model-Segmentation-for-Robotic-Scenes/data/cogar_sim_500/instance_masks/all/ann_00000282_img_000014_cat_tool.png,/home/amir/Desktop/COGAR/COGAR_Foundation-Model-Segmentation-for-Robotic-Scenes/outputs/sim_sam_vit_b_auto_v1/masks/row_0159_object_282_sam_auto_mask.png,0.9767783880233765,0.9798545241355896,38,0.9616117615028587,0.9897510980966325,12.942132321000145,0.07726702024034952,cuda,vit_b
160,000014.png,283,data/cogar_sim_500/rgb/000014.png,/home/amir/Desktop/COGAR/COGAR_Foundation-Model-Segmentation-for-Robotic-Scenes/data/cogar_sim_500/instance_masks/all/ann_00000283_img_000014_cat_plastic_object.png,/home/amir/Desktop/COGAR/COGAR_Foundation-Model-Segmentation-for-Robotic-Scenes/outputs/sim_sam_vit_b_auto_v1/masks/row_0160_object_283_sam_auto_mask.png,1.0035027265548706,0.9884822368621826,38,0.9800202326757713,1.0,12.942132321000145,0.07726702024034952,cuda,vit_b
161,000014.png,284,data/cogar_sim_500/rgb/000014.png,/home/amir/Desktop/COGAR/COGAR_Foundation-Model-Segmentation-for-Robotic-Scenes/data/cogar_sim_500/instance_masks/all/ann_00000284_img_000014_cat_cable.png,/home/amir/Desktop/COGAR/COGAR_Foundation-Model-Segmentation-for-Robotic-Scenes/outputs/sim_sam_vit_b_auto_v1/masks/row_0161_object_284_sam_auto_mask.png,0.9470306634902954,0.9719457030296326,38,0.8630573248407644,0.9014598540145986,12.942132321000145,0.07726702024034952,cuda,vit_b
162,000014.png,285,data/cogar_sim_500/rgb/000014.png,/home/amir/Desktop/COGAR/COGAR_Foundation-Model-Segmentation-for-Robotic-Scenes/data/cogar_sim_500/instance_masks/all/ann_00000285_img_000014_cat_box.png,/home/amir/Desktop/COGAR/COGAR_Foundation-Model-Segmentation-for-Robotic-Scenes/outputs/sim_sam_vit_b_auto_v1/masks/row_0162_object_285_sam_auto_mask.png,0.9831534624099731,0.97224360704422,38,0.9267808717507772,0.8621596763508429,12.942132321000145,0.07726702024034952,cuda,vit_b
163,000014.png,286,data/cogar_sim_500/rgb/000014.png,/home/amir/Desktop/COGAR/COGAR_Foundation-Model-Segmentation-for-Robotic-Scenes/data/cogar_sim_500/instance_masks/all/ann_00000286_img_000014_cat_plastic_object.png,/home/amir/Desktop/COGAR/COGAR_Foundation-Model-Segmentation-for-Robotic-Scenes/outputs/sim_sam_vit_b_auto_v1/masks/row_0163_object_286_sam_auto_mask.png,0.9983166456222534,0.9901326894760132,38,0.9874830852503383,1.0,12.942132321000145,0.07726702024034952,cuda,vit_b
164,000014.png,287,data/cogar_sim_500/rgb/000014.png,/home/amir/Desktop/COGAR/COGAR_Foundation-Model-Segmentation-for-Robotic-Scenes/data/cogar_sim_500/instance_masks/all/ann_00000287_img_000014_cat_plastic_object.png,/home/amir/Desktop/COGAR/COGAR_Foundation-Model-Segmentation-for-Robotic-Scenes/outputs/sim_sam_vit_b_auto_v1/masks/row_0164_object_287_sam_auto_mask.png,1.0192979574203491,0.9879717826843262,38,0.9755600814663951,1.0,12.942132321000145,0.07726702024034952,cuda,vit_b
165,000015.png,289,data/cogar_sim_500/rgb/000015.png,/home/amir/Desktop/COGAR/COGAR_Foundation-Model-Segmentation-for-Robotic-Scenes/data/cogar_sim_500/instance_masks/all/ann_00000289_img_000015_cat_metal_part.png,/home/amir/Desktop/COGAR/COGAR_Foundation-Model-Segmentation-for-Robotic-Scenes/outputs/sim_sam_vit_b_auto_v1/masks/row_0165_object_289_sam_auto_mask.png,1.0222917795181274,0.9903959631919861,30,0.9736538778198583,1.0,12.981087543000058,0.07703514799414796,cuda,vit_b
166,000015.png,290,data/cogar_sim_500/rgb/000015.png,/home/amir/Desktop/COGAR/COGAR_Foundation-Model-Segmentation-for-Robotic-Scenes/data/cogar_sim_500/instance_masks/all/ann_00000290_img_000015_cat_plastic_object.png,/home/amir/Desktop/COGAR/COGAR_Foundation-Model-Segmentation-for-Robotic-Scenes/outputs/sim_sam_vit_b_auto_v1/masks/row_0166_object_290_sam_auto_mask.png,0.9687377214431763,0.986328125,30,0.9259259259259259,1.0,12.981087543000058,0.07703514799414796,cuda,vit_b
167,000015.png,291,data/cogar_sim_500/rgb/000015.png,/home/amir/Desktop/COGAR/COGAR_Foundation-Model-Segmentation-for-Robotic-Scenes/data/cogar_sim_500/instance_masks/all/ann_00000291_img_000015_cat_plastic_object.png,/home/amir/Desktop/COGAR/COGAR_Foundation-Model-Segmentation-for-Robotic-Scenes/outputs/sim_sam_vit_b_auto_v1/masks/row_0167_object_291_sam_auto_mask.png,0.991264283657074,0.978359043598175,30,0.98234375,0.988621997471555,12.981087543000058,0.07703514799414796,cuda,vit_b
168,000015.png,292,data/cogar_sim_500/rgb/000015.png,/home/amir/Desktop/COGAR/COGAR_Foundation-Model-Segmentation-for-Robotic-Scenes/data/cogar_sim_500/instance_masks/all/ann_00000292_img_000015_cat_tool.png,/home/amir/Desktop/COGAR/COGAR_Foundation-Model-Segmentation-for-Robotic-Scenes/outputs/sim_sam_vit_b_auto_v1/masks/row_0168_object_292_sam_auto_mask.png,0.9490423202514648,0.966759979724884,30,0.7730972184956623,0.8449180505219884,12.981087543000058,0.07703514799414796,cuda,vit_b
169,000015.png,293,data/cogar_sim_500/rgb/000015.png,/home/amir/Desktop/COGAR/COGAR_Foundation-Model-Segmentation-for-Robotic-Scenes/data/cogar_sim_500/instance_masks/all/ann_00000293_img_000015_cat_metal_part.png,/home/amir/Desktop/COGAR/COGAR_Foundation-Model-Segmentation-for-Robotic-Scenes/outputs/sim_sam_vit_b_auto_v1/masks/row_0169_object_293_sam_auto_mask.png,0.9912415742874146,0.9867439866065979,30,0.963884430176565,0.9940828402366864,12.981087543000058,0.07703514799414796,cuda,vit_b
170,000015.png,294,data/cogar_sim_500/rgb/000015.png,/home/amir/Desktop/COGAR/COGAR_Foundation-Model-Segmentation-for-Robotic-Scenes/data/cogar_sim_500/instance_masks/all/ann_00000294_img_000015_cat_box.png,/home/amir/Desktop/COGAR/COGAR_Foundation-Model-Segmentation-for-Robotic-Scenes/outputs/sim_sam_vit_b_auto_v1/masks/row_0170_object_294_sam_auto_mask.png,0.9804381132125854,0.9837576150894165,30,0.9892522087621823,1.0,12.981087543000058,0.07703514799414796,cuda,vit_b
171,000015.png,295,data/cogar_sim_500/rgb/000015.png,/home/amir/Desktop/COGAR/COGAR_Foundation-Model-Segmentation-for-Robotic-Scenes/data/cogar_sim_500/instance_masks/all/ann_00000295_img_000015_cat_plastic_object.png,/home/amir/Desktop/COGAR/COGAR_Foundation-Model-Segmentation-for-Robotic-Scenes/outputs/sim_sam_vit_b_auto_v1/masks/row_0171_object_295_sam_auto_mask.png,0.9911162853240967,0.9879778623580933,30,0.98676293622142,0.9984,12.981087543000058,0.07703514799414796,cuda,vit_b
172,000015.png,296,data/cogar_sim_500/rgb/000015.png,/home/amir/Desktop/COGAR/COGAR_Foundation-Model-Segmentation-for-Robotic-Scenes/data/cogar_sim_500/instance_masks/all/ann_00000296_img_000015_cat_tool.png,/home/amir/Desktop/COGAR/COGAR_Foundation-Model-Segmentation-for-Robotic-Scenes/outputs/sim_sam_vit_b_auto_v1/masks/row_0172_object_296_sam_auto_mask.png,0.9635684490203857,0.9789420962333679,30,0.7673781084785588,0.8140153678417527,12.981087543000058,0.07703514799414796,cuda,vit_b
173,000015.png,297,data/cogar_sim_500/rgb/000015.png,/home/amir/Desktop/COGAR/COGAR_Foundation-Model-Segmentation-for-Robotic-Scenes/data/cogar_sim_500/instance_masks/all/ann_00000297_img_000015_cat_metal_part.png,/home/amir/Desktop/COGAR/COGAR_Foundation-Model-Segmentation-for-Robotic-Scenes/outputs/sim_sam_vit_b_auto_v1/masks/row_0173_object_297_sam_auto_mask.png,0.9894499778747559,0.982600748538971,30,0.9507042253521126,1.0,12.981087543000058,0.07703514799414796,cuda,vit_b
174,000015.png,298,data/cogar_sim_500/rgb/000015.png,/home/amir/Desktop/COGAR/COGAR_Foundation-Model-Segmentation-for-Robotic-Scenes/data/cogar_sim_500/instance_masks/all/ann_00000298_img_000015_cat_connector.png,/home/amir/Desktop/COGAR/COGAR_Foundation-Model-Segmentation-for-Robotic-Scenes/outputs/sim_sam_vit_b_auto_v1/masks/row_0174_object_298_sam_auto_mask.png,0.8942335247993469,0.9529914259910583,30,0.9366197183098591,1.0,12.981087543000058,0.07703514799414796,cuda,vit_b
175,000015.png,299,data/cogar_sim_500/rgb/000015.png,/home/amir/Desktop/COGAR/COGAR_Foundation-Model-Segmentation-for-Robotic-Scenes/data/cogar_sim_500/instance_masks/all/ann_00000299_img_000015_cat_box.png,/home/amir/Desktop/COGAR/COGAR_Foundation-Model-Segmentation-for-Robotic-Scenes/outputs/sim_sam_vit_b_auto_v1/masks/row_0175_object_299_sam_auto_mask.png,0.9713832139968872,0.9724928140640259,30,0.9681560354264106,0.947277817131427,12.981087543000058,0.07703514799414796,cuda,vit_b
176,000015.png,300,data/cogar_sim_500/rgb/000015.png,/home/amir/Desktop/COGAR/COGAR_Foundation-Model-Segmentation-for-Robotic-Scenes/data/cogar_sim_500/instance_masks/all/ann_00000300_img_000015_cat_connector.png,/home/amir/Desktop/COGAR/COGAR_Foundation-Model-Segmentation-for-Robotic-Scenes/outputs/sim_sam_vit_b_auto_v1/masks/row_0176_object_300_sam_auto_mask.png,0.8942335247993469,0.9529914259910583,30,0.0005640157924421884,0.07190549563430919,12.981087543000058,0.07703514799414796,cuda,vit_b
177,000017.png,304,data/cogar_sim_500/rgb/000017.png,/home/amir/Desktop/COGAR/COGAR_Foundation-Model-Segmentation-for-Robotic-Scenes/data/cogar_sim_500/instance_masks/all/ann_00000304_img_000017_cat_connector.png,/home/amir/Desktop/COGAR/COGAR_Foundation-Model-Segmentation-for-Robotic-Scenes/outputs/sim_sam_vit_b_auto_v1/masks/row_0177_object_304_sam_auto_mask.png,0.9645512700080872,0.9800000190734863,19,0.978441127694859,1.0,13.200381726999922,0.07575538500940548,cuda,vit_b
178,000017.png,305,data/cogar_sim_500/rgb/000017.png,/home/amir/Desktop/COGAR/COGAR_Foundation-Model-Segmentation-for-Robotic-Scenes/data/cogar_sim_500/instance_masks/all/ann_00000305_img_000017_cat_glass_object.png,/home/amir/Desktop/COGAR/COGAR_Foundation-Model-Segmentation-for-Robotic-Scenes/outputs/sim_sam_vit_b_auto_v1/masks/row_0178_object_305_sam_auto_mask.png,0.9115194082260132,0.9736467003822327,19,0.901062416998672,0.9061250263102505,13.200381726999922,0.07575538500940548,cuda,vit_b
179,000017.png,306,data/cogar_sim_500/rgb/000017.png,/home/amir/Desktop/COGAR/COGAR_Foundation-Model-Segmentation-for-Robotic-Scenes/data/cogar_sim_500/instance_masks/all/ann_00000306_img_000017_cat_box.png,/home/amir/Desktop/COGAR/COGAR_Foundation-Model-Segmentation-for-Robotic-Scenes/outputs/sim_sam_vit_b_auto_v1/masks/row_0179_object_306_sam_auto_mask.png,0.9705751538276672,0.9793952107429504,19,0.9566109645265318,0.9488763273811752,13.200381726999922,0.07575538500940548,cuda,vit_b
180,000017.png,307,data/cogar_sim_500/rgb/000017.png,/home/amir/Desktop/COGAR/COGAR_Foundation-Model-Segmentation-for-Robotic-Scenes/data/cogar_sim_500/instance_masks/all/ann_00000307_img_000017_cat_box.png,/home/amir/Desktop/COGAR/COGAR_Foundation-Model-Segmentation-for-Robotic-Scenes/outputs/sim_sam_vit_b_auto_v1/masks/row_0180_object_307_sam_auto_mask.png,0.9722268581390381,0.9789288640022278,19,0.9679136690647482,0.9917332956632292,13.200381726999922,0.07575538500940548,cuda,vit_b
181,000017.png,308,data/cogar_sim_500/rgb/000017.png,/home/amir/Desktop/COGAR/COGAR_Foundation-Model-Segmentation-for-Robotic-Scenes/data/cogar_sim_500/instance_masks/all/ann_00000308_img_000017_cat_connector.png,/home/amir/Desktop/COGAR/COGAR_Foundation-Model-Segmentation-for-Robotic-Scenes/outputs/sim_sam_vit_b_auto_v1/masks/row_0181_object_308_sam_auto_mask.png,0.9352656602859497,0.9771241545677185,19,0.9288659793814433,1.0,13.200381726999922,0.07575538500940548,cuda,vit_b
182,000017.png,309,data/cogar_sim_500/rgb/000017.png,/home/amir/Desktop/COGAR/COGAR_Foundation-Model-Segmentation-for-Robotic-Scenes/data/cogar_sim_500/instance_masks/all/ann_00000309_img_000017_cat_plastic_object.png,/home/amir/Desktop/COGAR/COGAR_Foundation-Model-Segmentation-for-Robotic-Scenes/outputs/sim_sam_vit_b_auto_v1/masks/row_0182_object_309_sam_auto_mask.png,0.9791008234024048,0.9693993330001831,19,0.969787392763894,1.0,13.200381726999922,0.07575538500940548,cuda,vit_b
183,000017.png,310,data/cogar_sim_500/rgb/000017.png,/home/amir/Desktop/COGAR/COGAR_Foundation-Model-Segmentation-for-Robotic-Scenes/data/cogar_sim_500/instance_masks/all/ann_00000310_img_000017_cat_metal_part.png,/home/amir/Desktop/COGAR/COGAR_Foundation-Model-Segmentation-for-Robotic-Scenes/outputs/sim_sam_vit_b_auto_v1/masks/row_0183_object_310_sam_auto_mask.png,0.9650464057922363,0.9840425252914429,19,0.9069767441860465,0.9128919860627177,13.200381726999922,0.07575538500940548,cuda,vit_b
184,000017.png,311,data/cogar_sim_500/rgb/000017.png,/home/amir/Desktop/COGAR/COGAR_Foundation-Model-Segmentation-for-Robotic-Scenes/data/cogar_sim_500/instance_masks/all/ann_00000311_img_000017_cat_cable.png,/home/amir/Desktop/COGAR/COGAR_Foundation-Model-Segmentation-for-Robotic-Scenes/outputs/sim_sam_vit_b_auto_v1/masks/row_0184_object_311_sam_auto_mask.png,0.8992958068847656,0.9516616463661194,19,0.7994987468671679,0.9542483660130718,13.200381726999922,0.07575538500940548,cuda,vit_b
185,000017.png,312,data/cogar_sim_500/rgb/000017.png,/home/amir/Desktop/COGAR/COGAR_Foundation-Model-Segmentation-for-Robotic-Scenes/data/cogar_sim_500/instance_masks/all/ann_00000312_img_000017_cat_plastic_object.png,/home/amir/Desktop/COGAR/COGAR_Foundation-Model-Segmentation-for-Robotic-Scenes/outputs/sim_sam_vit_b_auto_v1/masks/row_0185_object_312_sam_auto_mask.png,0.9340606927871704,0.9637799263000488,19,0.0012352795849460594,0.07144492786810168,13.200381726999922,0.07575538500940548,cuda,vit_b
186,000017.png,313,data/cogar_sim_500/rgb/000017.png,/home/amir/Desktop/COGAR/COGAR_Foundation-Model-Segmentation-for-Robotic-Scenes/data/cogar_sim_500/instance_masks/all/ann_00000313_img_000017_cat_box.png,/home/amir/Desktop/COGAR/COGAR_Foundation-Model-Segmentation-for-Robotic-Scenes/outputs/sim_sam_vit_b_auto_v1/masks/row_0186_object_313_sam_auto_mask.png,0.9273877143859863,0.9741833806037903,19,0.9662688116242865,0.9979959919839679,13.200381726999922,0.07575538500940548,cuda,vit_b
187,000017.png,315,data/cogar_sim_500/rgb/000017.png,/home/amir/Desktop/COGAR/COGAR_Foundation-Model-Segmentation-for-Robotic-Scenes/data/cogar_sim_500/instance_masks/all/ann_00000315_img_000017_cat_connector.png,/home/amir/Desktop/COGAR/COGAR_Foundation-Model-Segmentation-for-Robotic-Scenes/outputs/sim_sam_vit_b_auto_v1/masks/row_0187_object_315_sam_auto_mask.png,0.9456144571304321,0.9895246028900146,19,0.927683615819209,1.0,13.200381726999922,0.07575538500940548,cuda,vit_b
188,000017.png,316,data/cogar_sim_500/rgb/000017.png,/home/amir/Desktop/COGAR/COGAR_Foundation-Model-Segmentation-for-Robotic-Scenes/data/cogar_sim_500/instance_masks/all/ann_00000316_img_000017_cat_glass_object.png,/home/amir/Desktop/COGAR/COGAR_Foundation-Model-Segmentation-for-Robotic-Scenes/outputs/sim_sam_vit_b_auto_v1/masks/row_0188_object_316_sam_auto_mask.png,0.9340606927871704,0.9637799263000488,19,0.0021262054825727087,0.27784032502814626,13.200381726999922,0.07575538500940548,cuda,vit_b
189,000017.png,317,data/cogar_sim_500/rgb/000017.png,/home/amir/Desktop/COGAR/COGAR_Foundation-Model-Segmentation-for-Robotic-Scenes/data/cogar_sim_500/instance_masks/all/ann_00000317_img_000017_cat_robot_gripper.png,/home/amir/Desktop/COGAR/COGAR_Foundation-Model-Segmentation-for-Robotic-Scenes/outputs/sim_sam_vit_b_auto_v1/masks/row_0189_object_317_sam_auto_mask.png,0.9340606927871704,0.9637799263000488,19,0.5563669182802757,0.6311850924357368,13.200381726999922,0.07575538500940548,cuda,vit_b
190,000017.png,318,data/cogar_sim_500/rgb/000017.png,/home/amir/Desktop/COGAR/COGAR_Foundation-Model-Segmentation-for-Robotic-Scenes/data/cogar_sim_500/instance_masks/all/ann_00000318_img_000017_cat_robot_gripper.png,/home/amir/Desktop/COGAR/COGAR_Foundation-Model-Segmentation-for-Robotic-Scenes/outputs/sim_sam_vit_b_auto_v1/masks/row_0190_object_318_sam_auto_mask.png,0.9340606927871704,0.9637799263000488,19,0.33165953243332236,0.32584497065371376,13.200381726999922,0.07575538500940548,cuda,vit_b
191,000017.png,319,data/cogar_sim_500/rgb/000017.png,/home/amir/Desktop/COGAR/COGAR_Foundation-Model-Segmentation-for-Robotic-Scenes/data/cogar_sim_500/instance_masks/all/ann_00000319_img_000017_cat_robot_gripper.png,/home/amir/Desktop/COGAR/COGAR_Foundation-Model-Segmentation-for-Robotic-Scenes/outputs/sim_sam_vit_b_auto_v1/masks/row_0191_object_319_sam_auto_mask.png,0.9340606927871704,0.9637799263000488,19,0.10114030738720872,0.1939787315577697,13.200381726999922,0.07575538500940548,cuda,vit_b
192,000018.png,321,data/cogar_sim_500/rgb/000018.png,/home/amir/Desktop/COGAR/COGAR_Foundation-Model-Segmentation-for-Robotic-Scenes/data/cogar_sim_500/instance_masks/all/ann_00000321_img_000018_cat_connector.png,/home/amir/Desktop/COGAR/COGAR_Foundation-Model-Segmentation-for-Robotic-Scenes/outputs/sim_sam_vit_b_auto_v1/masks/row_0192_object_321_sam_auto_mask.png,0.9185853004455566,0.9680365324020386,43,0.9311926605504587,0.9947643979057591,14.174545036000154,0.07054900157008391,cuda,vit_b
193,000018.png,322,data/cogar_sim_500/rgb/000018.png,/home/amir/Desktop/COGAR/COGAR_Foundation-Model-Segmentation-for-Robotic-Scenes/data/cogar_sim_500/instance_masks/all/ann_00000322_img_000018_cat_screw.png,/home/amir/Desktop/COGAR/COGAR_Foundation-Model-Segmentation-for-Robotic-Scenes/outputs/sim_sam_vit_b_auto_v1/masks/row_0193_object_322_sam_auto_mask.png,0.8861503601074219,0.9665071964263916,43,0.730593607305936,0.9288641378585689,14.174545036000154,0.07054900157008391,cuda,vit_b
194,000018.png,323,data/cogar_sim_500/rgb/000018.png,/home/amir/Desktop/COGAR/COGAR_Foundation-Model-Segmentation-for-Robotic-Scenes/data/cogar_sim_500/instance_masks/all/ann_00000323_img_000018_cat_plastic_object.png,/home/amir/Desktop/COGAR/COGAR_Foundation-Model-Segmentation-for-Robotic-Scenes/outputs/sim_sam_vit_b_auto_v1/masks/row_0194_object_323_sam_auto_mask.png,0.9940125346183777,0.9802618622779846,43,0.9753134040501447,0.9984251968503937,14.174545036000154,0.07054900157008391,cuda,vit_b
195,000018.png,324,data/cogar_sim_500/rgb/000018.png,/home/amir/Desktop/COGAR/COGAR_Foundation-Model-Segmentation-for-Robotic-Scenes/data/cogar_sim_500/instance_masks/all/ann_00000324_img_000018_cat_connector.png,/home/amir/Desktop/COGAR/COGAR_Foundation-Model-Segmentation-for-Robotic-Scenes/outputs/sim_sam_vit_b_auto_v1/masks/row_0195_object_324_sam_auto_mask.png,0.9597501158714294,0.9863013625144958,43,0.9636015325670498,1.0,14.174545036000154,0.07054900157008391,cuda,vit_b
196,000018.png,325,data/cogar_sim_500/rgb/000018.png,/home/amir/Desktop/COGAR/COGAR_Foundation-Model-Segmentation-for-Robotic-Scenes/data/cogar_sim_500/instance_masks/all/ann_00000325_img_000018_cat_box.png,/home/amir/Desktop/COGAR/COGAR_Foundation-Model-Segmentation-for-Robotic-Scenes/outputs/sim_sam_vit_b_auto_v1/masks/row_0196_object_325_sam_auto_mask.png,1.0026954412460327,0.9871487617492676,43,0.9817935472944365,1.0,14.174545036000154,0.07054900157008391,cuda,vit_b
197,000018.png,326,data/cogar_sim_500/rgb/000018.png,/home/amir/Desktop/COGAR/COGAR_Foundation-Model-Segmentation-for-Robotic-Scenes/data/cogar_sim_500/instance_masks/all/ann_00000326_img_000018_cat_screw.png,/home/amir/Desktop/COGAR/COGAR_Foundation-Model-Segmentation-for-Robotic-Scenes/outputs/sim_sam_vit_b_auto_v1/masks/row_0197_object_326_sam_auto_mask.png,0.9298508167266846,0.9504067897796631,43,0.07912003087610961,0.20668663638998938,14.174545036000154,0.07054900157008391,cuda,vit_b
198,000018.png,327,data/cogar_sim_500/rgb/000018.png,/home/amir/Desktop/COGAR/COGAR_Foundation-Model-Segmentation-for-Robotic-Scenes/data/cogar_sim_500/instance_masks/all/ann_00000327_img_000018_cat_connector.png,/home/amir/Desktop/COGAR/COGAR_Foundation-Model-Segmentation-for-Robotic-Scenes/outputs/sim_sam_vit_b_auto_v1/masks/row_0198_object_327_sam_auto_mask.png,0.935356855392456,0.9907407164573669,43,0.7757009345794392,1.0,14.174545036000154,0.07054900157008391,cuda,vit_b
199,000018.png,328,data/cogar_sim_500/rgb/000018.png,/home/amir/Desktop/COGAR/COGAR_Foundation-Model-Segmentation-for-Robotic-Scenes/data/cogar_sim_500/instance_masks/all/ann_00000328_img_000018_cat_box.png,/home/amir/Desktop/COGAR/COGAR_Foundation-Model-Segmentation-for-Robotic-Scenes/outputs/sim_sam_vit_b_auto_v1/masks/row_0199_object_328_sam_auto_mask.png,0.9765059947967529,0.9879586100578308,43,0.9734496843668771,1.0,14.174545036000154,0.07054900157008391,cuda,vit_b
200,000018.png,329,data/cogar_sim_500/rgb/000018.png,/home/amir/Desktop/COGAR/COGAR_Foundation-Model-Segmentation-for-Robotic-Scenes/data/cogar_sim_500/instance_masks/all/ann_00000329_img_000018_cat_screw.png,/home/amir/Desktop/COGAR/COGAR_Foundation-Model-Segmentation-for-Robotic-Scenes/outputs/sim_sam_vit_b_auto_v1/masks/row_0200_object_329_sam_auto_mask.png,0.9193969368934631,0.9536211490631104,43,0.031017594775984036,0.28282584422247037,14.174545036000154,0.07054900157008391,cuda,vit_b
201,000018.png,330,data/cogar_sim_500/rgb/000018.png,/home/amir/Desktop/COGAR/COGAR_Foundation-Model-Segmentation-for-Robotic-Scenes/data/cogar_sim_500/instance_masks/all/ann_00000330_img_000018_cat_connector.png,/home/amir/Desktop/COGAR/COGAR_Foundation-Model-Segmentation-for-Robotic-Scenes/outputs/sim_sam_vit_b_auto_v1/masks/row_0201_object_330_sam_auto_mask.png,0.9699773192405701,0.9651162624359131,43,0.841897233201581,0.9364548494983278,14.174545036000154,0.07054900157008391,cuda,vit_b
202,000018.png,331,data/cogar_sim_500/rgb/000018.png,/home/amir/Desktop/COGAR/COGAR_Foundation-Model-Segmentation-for-Robotic-Scenes/data/cogar_sim_500/instance_masks/all/ann_00000331_img_000018_cat_connector.png,/home/amir/Desktop/COGAR/COGAR_Foundation-Model-Segmentation-for-Robotic-Scenes/outputs/sim_sam_vit_b_auto_v1/masks/row_0202_object_331_sam_auto_mask.png,0.9534980654716492,0.9809321761131287,43,0.930672268907563,1.0,14.174545036000154,0.07054900157008391,cuda,vit_b
203,000018.png,332,data/cogar_sim_500/rgb/000018.png,/home/amir/Desktop/COGAR/COGAR_Foundation-Model-Segmentation-for-Robotic-Scenes/data/cogar_sim_500/instance_masks/all/ann_00000332_img_000018_cat_screw.png,/home/amir/Desktop/COGAR/COGAR_Foundation-Model-Segmentation-for-Robotic-Scenes/outputs/sim_sam_vit_b_auto_v1/masks/row_0203_object_332_sam_auto_mask.png,0.9431222677230835,0.9842105507850647,43,0.8469387755102041,1.0,14.174545036000154,0.07054900157008391,cuda,vit_b
204,000018.png,333,data/cogar_sim_500/rgb/000018.png,/home/amir/Desktop/COGAR/COGAR_Foundation-Model-Segmentation-for-Robotic-Scenes/data/cogar_sim_500/instance_masks/all/ann_00000333_img_000018_cat_screw.png,/home/amir/Desktop/COGAR/COGAR_Foundation-Model-Segmentation-for-Robotic-Scenes/outputs/sim_sam_vit_b_auto_v1/masks/row_0204_object_333_sam_auto_mask.png,0.9436604976654053,0.9845201373100281,43,0.9014084507042254,1.0,14.174545036000154,0.07054900157008391,cuda,vit_b
205,000018.png,334,data/cogar_sim_500/rgb/000018.png,/home/amir/Desktop/COGAR/COGAR_Foundation-Model-Segmentation-for-Robotic-Scenes/data/cogar_sim_500/instance_masks/all/ann_00000334_img_000018_cat_screw.png,/home/amir/Desktop/COGAR/COGAR_Foundation-Model-Segmentation-for-Robotic-Scenes/outputs/sim_sam_vit_b_auto_v1/masks/row_0205_object_334_sam_auto_mask.png,0.9689404964447021,0.9798488616943359,43,0.8784119106699751,1.0,14.174545036000154,0.07054900157008391,cuda,vit_b
206,000018.png,335,data/cogar_sim_500/rgb/000018.png,/home/amir/Desktop/COGAR/COGAR_Foundation-Model-Segmentation-for-Robotic-Scenes/data/cogar_sim_500/instance_masks/all/ann_00000335_img_000018_cat_connector.png,/home/amir/Desktop/COGAR/COGAR_Foundation-Model-Segmentation-for-Robotic-Scenes/outputs/sim_sam_vit_b_auto_v1/masks/row_0206_object_335_sam_auto_mask.png,0.9779366850852966,0.9654043912887573,43,0.942090395480226,0.9974025974025974,14.174545036000154,0.07054900157008391,cuda,vit_b
207,000018.png,336,data/cogar_sim_500/rgb/000018.png,/home/amir/Desktop/COGAR/COGAR_Foundation-Model-Segmentation-for-Robotic-Scenes/data/cogar_sim_500/instance_masks/all/ann_00000336_img_000018_cat_connector.png,/home/amir/Desktop/COGAR/COGAR_Foundation-Model-Segmentation-for-Robotic-Scenes/outputs/sim_sam_vit_b_auto_v1/masks/row_0207_object_336_sam_auto_mask.png,0.9317693114280701,0.981776773929596,43,0.9610091743119266,1.0,14.174545036000154,0.07054900157008391,cuda,vit_b
208,000018.png,337,data/cogar_sim_500/rgb/000018.png,/home/amir/Desktop/COGAR/COGAR_Foundation-Model-Segmentation-for-Robotic-Scenes/data/cogar_sim_500/instance_masks/all/ann_00000337_img_000018_cat_screw.png,/home/amir/Desktop/COGAR/COGAR_Foundation-Model-Segmentation-for-Robotic-Scenes/outputs/sim_sam_vit_b_auto_v1/masks/row_0208_object_337_sam_auto_mask.png,0.9544088244438171,0.9637096524238586,43,0.8443579766536965,0.9925925925925926,14.174545036000154,0.07054900157008391,cuda,vit_b
209,000018.png,338,data/cogar_sim_500/rgb/000018.png,/home/amir/Desktop/COGAR/COGAR_Foundation-Model-Segmentation-for-Robotic-Scenes/data/cogar_sim_500/instance_masks/all/ann_00000338_img_000018_cat_screw.png,/home/amir/Desktop/COGAR/COGAR_Foundation-Model-Segmentation-for-Robotic-Scenes/outputs/sim_sam_vit_b_auto_v1/masks/row_0209_object_338_sam_auto_mask.png,0.9817942380905151,0.9959839582443237,43,0.9367588932806324,1.0,14.174545036000154,0.07054900157008391,cuda,vit_b
210,000018.png,339,data/cogar_sim_500/rgb/000018.png,/home/amir/Desktop/COGAR/COGAR_Foundation-Model-Segmentation-for-Robotic-Scenes/data/cogar_sim_500/instance_masks/all/ann_00000339_img_000018_cat_connector.png,/home/amir/Desktop/COGAR/COGAR_Foundation-Model-Segmentation-for-Robotic-Scenes/outputs/sim_sam_vit_b_auto_v1/masks/row_0210_object_339_sam_auto_mask.png,0.9215433597564697,0.9532710313796997,43,0.9043478260869565,0.9036144578313253,14.174545036000154,0.07054900157008391,cuda,vit_b
211,000018.png,340,data/cogar_sim_500/rgb/000018.png,/home/amir/Desktop/COGAR/COGAR_Foundation-Model-Segmentation-for-Robotic-Scenes/data/cogar_sim_500/instance_masks/all/ann_00000340_img_000018_cat_box.png,/home/amir/Desktop/COGAR/COGAR_Foundation-Model-Segmentation-for-Robotic-Scenes/outputs/sim_sam_vit_b_auto_v1/masks/row_0211_object_340_sam_auto_mask.png,0.9381459951400757,0.9786856174468994,43,0.9598603839441536,0.9849012775842044,14.174545036000154,0.07054900157008391,cuda,vit_b
212,000018.png,341,data/cogar_sim_500/rgb/000018.png,/home/amir/Desktop/COGAR/COGAR_Foundation-Model-Segmentation-for-Robotic-Scenes/data/cogar_sim_500/instance_masks/all/ann_00000341_img_000018_cat_screw.png,/home/amir/Desktop/COGAR/COGAR_Foundation-Model-Segmentation-for-Robotic-Scenes/outputs/sim_sam_vit_b_auto_v1/masks/row_0212_object_341_sam_auto_mask.png,1.0026954412460327,0.9871487617492676,43,0.00016931933626820184,0.11567164179104476,14.174545036000154,0.07054900157008391,cuda,vit_b
213,000018.png,342,data/cogar_sim_500/rgb/000018.png,/home/amir/Desktop/COGAR/COGAR_Foundation-Model-Segmentation-for-Robotic-Scenes/data/cogar_sim_500/instance_masks/all/ann_00000342_img_000018_cat_cable.png,/home/amir/Desktop/COGAR/COGAR_Foundation-Model-Segmentation-for-Robotic-Scenes/outputs/sim_sam_vit_b_auto_v1/masks/row_0213_object_342_sam_auto_mask.png,0.9298508167266846,0.9504067897796631,43,0.8010434782608695,0.904147590157649,14.174545036000154,0.07054900157008391,cuda,vit_b
214,000018.png,343,data/cogar_sim_500/rgb/000018.png,/home/amir/Desktop/COGAR/COGAR_Foundation-Model-Segmentation-for-Robotic-Scenes/data/cogar_sim_500/instance_masks/all/ann_00000343_img_000018_cat_robot_gripper.png,/home/amir/Desktop/COGAR/COGAR_Foundation-Model-Segmentation-for-Robotic-Scenes/outputs/sim_sam_vit_b_auto_v1/masks/row_0214_object_343_sam_auto_mask.png,0.9604916572570801,0.9842392802238464,43,0.9791944929620877,1.0,14.174545036000154,0.07054900157008391,cuda,vit_b
215,000018.png,344,data/cogar_sim_500/rgb/000018.png,/home/amir/Desktop/COGAR/COGAR_Foundation-Model-Segmentation-for-Robotic-Scenes/data/cogar_sim_500/instance_masks/all/ann_00000344_img_000018_cat_robot_gripper.png,/home/amir/Desktop/COGAR/COGAR_Foundation-Model-Segmentation-for-Robotic-Scenes/outputs/sim_sam_vit_b_auto_v1/masks/row_0215_object_344_sam_auto_mask.png,0.9511069059371948,0.9864546656608582,43,0.9519230769230769,1.0,14.174545036000154,0.07054900157008391,cuda,vit_b
216,000018.png,345,data/cogar_sim_500/rgb/000018.png,/home/amir/Desktop/COGAR/COGAR_Foundation-Model-Segmentation-for-Robotic-Scenes/data/cogar_sim_500/instance_masks/all/ann_00000345_img_000018_cat_robot_gripper.png,/home/amir/Desktop/COGAR/COGAR_Foundation-Model-Segmentation-for-Robotic-Scenes/outputs/sim_sam_vit_b_auto_v1/masks/row_0216_object_345_sam_auto_mask.png,0.9716945886611938,0.9854151010513306,43,0.9459267164710068,1.0,14.174545036000154,0.07054900157008391,cuda,vit_b
217,000021.png,352,data/cogar_sim_500/rgb/000021.png,/home/amir/Desktop/COGAR/COGAR_Foundation-Model-Segmentation-for-Robotic-Scenes/data/cogar_sim_500/instance_masks/all/ann_00000352_img_000021_cat_glass_object.png,/home/amir/Desktop/COGAR/COGAR_Foundation-Model-Segmentation-for-Robotic-Scenes/outputs/sim_sam_vit_b_auto_v1/masks/row_0217_object_352_sam_auto_mask.png,0.9379726648330688,0.9678149819374084,37,0.3205442176870748,0.4336088854974776,12.811824001000105,0.07805289862879314,cuda,vit_b
218,000021.png,353,data/cogar_sim_500/rgb/000021.png,/home/amir/Desktop/COGAR/COGAR_Foundation-Model-Segmentation-for-Robotic-Scenes/data/cogar_sim_500/instance_masks/all/ann_00000353_img_000021_cat_glass_object.png,/home/amir/Desktop/COGAR/COGAR_Foundation-Model-Segmentation-for-Robotic-Scenes/outputs/sim_sam_vit_b_auto_v1/masks/row_0218_object_353_sam_auto_mask.png,1.0022374391555786,0.988774299621582,37,0.0,0.0,12.811824001000105,0.07805289862879314,cuda,vit_b
219,000021.png,354,data/cogar_sim_500/rgb/000021.png,/home/amir/Desktop/COGAR/COGAR_Foundation-Model-Segmentation-for-Robotic-Scenes/data/cogar_sim_500/instance_masks/all/ann_00000354_img_000021_cat_metal_part.png,/home/amir/Desktop/COGAR/COGAR_Foundation-Model-Segmentation-for-Robotic-Scenes/outputs/sim_sam_vit_b_auto_v1/masks/row_0219_object_354_sam_auto_mask.png,1.0022374391555786,0.988774299621582,37,0.9770491803278688,1.0,12.811824001000105,0.07805289862879314,cuda,vit_b
220,000021.png,355,data/cogar_sim_500/rgb/000021.png,/home/amir/Desktop/COGAR/COGAR_Foundation-Model-Segmentation-for-Robotic-Scenes/data/cogar_sim_500/instance_masks/all/ann_00000355_img_000021_cat_glass_object.png,/home/amir/Desktop/COGAR/COGAR_Foundation-Model-Segmentation-for-Robotic-Scenes/outputs/sim_sam_vit_b_auto_v1/masks/row_0220_object_355_sam_auto_mask.png,1.0022374391555786,0.988774299621582,37,0.0,0.0,12.811824001000105,0.07805289862879314,cuda,vit_b
221,000021.png,356,data/cogar_sim_500/rgb/000021.png,/home/amir/Desktop/COGAR/COGAR_Foundation-Model-Segmentation-for-Robotic-Scenes/data/cogar_sim_500/instance_masks/all/ann_00000356_img_000021_cat_glass_object.png,/home/amir/Desktop/COGAR/COGAR_Foundation-Model-Segmentation-for-Robotic-Scenes/outputs/sim_sam_vit_b_auto_v1/masks/row_0221_object_356_sam_auto_mask.png,0.8951282501220703,0.9595037698745728,37,0.22545532923806444,0.0,12.811824001000105,0.07805289862879314,cuda,vit_b
222,000021.png,357,data/cogar_sim_500/rgb/000021.png,/home/amir/Desktop/COGAR/COGAR_Foundation-Model-Segmentation-for-Robotic-Scenes/data/cogar_sim_500/instance_masks/all/ann_00000357_img_000021_cat_cable.png,/home/amir/Desktop/COGAR/COGAR_Foundation-Model-Segmentation-for-Robotic-Scenes/outputs/sim_sam_vit_b_auto_v1/masks/row_0222_object_357_sam_auto_mask.png,0.9380652904510498,0.9588815569877625,37,0.5750903713440684,0.7048260381593715,12.811824001000105,0.07805289862879314,cuda,vit_b
223,000021.png,358,data/cogar_sim_500/rgb/000021.png,/home/amir/Desktop/COGAR/COGAR_Foundation-Model-Segmentation-for-Robotic-Scenes/data/cogar_sim_500/instance_masks/all/ann_00000358_img_000021_cat_glass_object.png,/home/amir/Desktop/COGAR/COGAR_Foundation-Model-Segmentation-for-Robotic-Scenes/outputs/sim_sam_vit_b_auto_v1/masks/row_0223_object_358_sam_auto_mask.png,0.9728970527648926,0.9822188019752502,37,6.461200491051237e-05,0.16746779465487407,12.811824001000105,0.07805289862879314,cuda,vit_b
224,000021.png,359,data/cogar_sim_500/rgb/000021.png,/home/amir/Desktop/COGAR/COGAR_Foundation-Model-Segmentation-for-Robotic-Scenes/data/cogar_sim_500/instance_masks/all/ann_00000359_img_000021_cat_glass_object.png,/home/amir/Desktop/COGAR/COGAR_Foundation-Model-Segmentation-for-Robotic-Scenes/outputs/sim_sam_vit_b_auto_v1/masks/row_0224_object_359_sam_auto_mask.png,0.9728970527648926,0.9822188019752502,37,0.8594875230279685,0.8484151749055674,12.811824001000105,0.07805289862879314,cuda,vit_b
225,000021.png,360,data/cogar_sim_500/rgb/000021.png,/home/amir/Desktop/COGAR/COGAR_Foundation-Model-Segmentation-for-Robotic-Scenes/data/cogar_sim_500/instance_masks/all/ann_00000360_img_000021_cat_cable.png,/home/amir/Desktop/COGAR/COGAR_Foundation-Model-Segmentation-for-Robotic-Scenes/outputs/sim_sam_vit_b_auto_v1/masks/row_0225_object_360_sam_auto_mask.png,0.8927868604660034,0.9537845849990845,37,0.4130569306930693,0.6170568561872909,12.811824001000105,0.07805289862879314,cuda,vit_b
226,000021.png,361,data/cogar_sim_500/rgb/000021.png,/home/amir/Desktop/COGAR/COGAR_Foundation-Model-Segmentation-for-Robotic-Scenes/data/cogar_sim_500/instance_masks/all/ann_00000361_img_000021_cat_glass_object.png,/home/amir/Desktop/COGAR/COGAR_Foundation-Model-Segmentation-for-Robotic-Scenes/outputs/sim_sam_vit_b_auto_v1/masks/row_0226_object_361_sam_auto_mask.png,0.9543159604072571,0.9799538850784302,37,0.9182162251110746,0.8279006464783939,12.811824001000105,0.07805289862879314,cuda,vit_b
227,000021.png,362,data/cogar_sim_500/rgb/000021.png,/home/amir/Desktop/COGAR/COGAR_Foundation-Model-Segmentation-for-Robotic-Scenes/data/cogar_sim_500/instance_masks/all/ann_00000362_img_000021_cat_glass_object.png,/home/amir/Desktop/COGAR/COGAR_Foundation-Model-Segmentation-for-Robotic-Scenes/outputs/sim_sam_vit_b_auto_v1/masks/row_0227_object_362_sam_auto_mask.png,0.9229857325553894,0.9535747170448303,37,0.7059591910274312,0.61454515373651,12.811824001000105,0.07805289862879314,cuda,vit_b
228,000021.png,363,data/cogar_sim_500/rgb/000021.png,/home/amir/Desktop/COGAR/COGAR_Foundation-Model-Segmentation-for-Robotic-Scenes/data/cogar_sim_500/instance_masks/all/ann_00000363_img_000021_cat_plastic_object.png,/home/amir/Desktop/COGAR/COGAR_Foundation-Model-Segmentation-for-Robotic-Scenes/outputs/sim_sam_vit_b_auto_v1/masks/row_0228_object_363_sam_auto_mask.png,0.9887958765029907,0.9860116243362427,37,0.795137940453428,0.6955087155664575,12.811824001000105,0.07805289862879314,cuda,vit_b
229,000021.png,364,data/cogar_sim_500/rgb/000021.png,/home/amir/Desktop/COGAR/COGAR_Foundation-Model-Segmentation-for-Robotic-Scenes/data/cogar_sim_500/instance_masks/all/ann_00000364_img_000021_cat_metal_part.png,/home/amir/Desktop/COGAR/COGAR_Foundation-Model-Segmentation-for-Robotic-Scenes/outputs/sim_sam_vit_b_auto_v1/masks/row_0229_object_364_sam_auto_mask.png,0.9883177280426025,0.9812929034233093,37,0.9646347138203816,0.9228070175438597,12.811824001000105,0.07805289862879314,cuda,vit_b
230,000021.png,365,data/cogar_sim_500/rgb/000021.png,/home/amir/Desktop/COGAR/COGAR_Foundation-Model-Segmentation-for-Robotic-Scenes/data/cogar_sim_500/instance_masks/all/ann_00000365_img_000021_cat_cable.png,/home/amir/Desktop/COGAR/COGAR_Foundation-Model-Segmentation-for-Robotic-Scenes/outputs/sim_sam_vit_b_auto_v1/masks/row_0230_object_365_sam_auto_mask.png,0.9594786167144775,0.9761258959770203,37,0.5835748792270531,0.7478753541076487,12.811824001000105,0.07805289862879314,cuda,vit_b
231,000021.png,366,data/cogar_sim_500/rgb/000021.png,/home/amir/Desktop/COGAR/COGAR_Foundation-Model-Segmentation-for-Robotic-Scenes/data/cogar_sim_500/instance_masks/all/ann_00000366_img_000021_cat_connector.png,/home/amir/Desktop/COGAR/COGAR_Foundation-Model-Segmentation-for-Robotic-Scenes/outputs/sim_sam_vit_b_auto_v1/masks/row_0231_object_366_sam_auto_mask.png,0.974666953086853,0.9841533303260803,37,0.9232035928143713,0.7271347186627708,12.811824001000105,0.07805289862879314,cuda,vit_b
232,000021.png,367,data/cogar_sim_500/rgb/000021.png,/home/amir/Desktop/COGAR/COGAR_Foundation-Model-Segmentation-for-Robotic-Scenes/data/cogar_sim_500/instance_masks/all/ann_00000367_img_000021_cat_metal_part.png,/home/amir/Desktop/COGAR/COGAR_Foundation-Model-Segmentation-for-Robotic-Scenes/outputs/sim_sam_vit_b_auto_v1/masks/row_0232_object_367_sam_auto_mask.png,0.9779645204544067,0.9825637936592102,37,0.9503432859651924,0.9096974773214465,12.811824001000105,0.07805289862879314,cuda,vit_b
233,000022.png,369,data/cogar_sim_500/rgb/000022.png,/home/amir/Desktop/COGAR/COGAR_Foundation-Model-Segmentation-for-Robotic-Scenes/data/cogar_sim_500/instance_masks/all/ann_00000369_img_000022_cat_plastic_object.png,/home/amir/Desktop/COGAR/COGAR_Foundation-Model-Segmentation-for-Robotic-Scenes/outputs/sim_sam_vit_b_auto_v1/masks/row_0233_object_369_sam_auto_mask.png,0.9597393274307251,0.9779086709022522,38,0.7653162055335968,0.7345450572860479,13.872438843000054,0.07208537816006258,cuda,vit_b
234,000022.png,370,data/cogar_sim_500/rgb/000022.png,/home/amir/Desktop/COGAR/COGAR_Foundation-Model-Segmentation-for-Robotic-Scenes/data/cogar_sim_500/instance_masks/all/ann_00000370_img_000022_cat_tool.png,/home/amir/Desktop/COGAR/COGAR_Foundation-Model-Segmentation-for-Robotic-Scenes/outputs/sim_sam_vit_b_auto_v1/masks/row_0234_object_370_sam_auto_mask.png,0.9256147742271423,0.9687194228172302,38,0.865605658709107,0.8529411764705882,13.872438843000054,0.07208537816006258,cuda,vit_b
235,000022.png,371,data/cogar_sim_500/rgb/000022.png,/home/amir/Desktop/COGAR/COGAR_Foundation-Model-Segmentation-for-Robotic-Scenes/data/cogar_sim_500/instance_masks/all/ann_00000371_img_000022_cat_connector.png,/home/amir/Desktop/COGAR/COGAR_Foundation-Model-Segmentation-for-Robotic-Scenes/outputs/sim_sam_vit_b_auto_v1/masks/row_0235_object_371_sam_auto_mask.png,0.9924982786178589,0.985160768032074,38,0.9529896907216495,1.0,13.872438843000054,0.07208537816006258,cuda,vit_b
236,000022.png,372,data/cogar_sim_500/rgb/000022.png,/home/amir/Desktop/COGAR/COGAR_Foundation-Model-Segmentation-for-Robotic-Scenes/data/cogar_sim_500/instance_masks/all/ann_00000372_img_000022_cat_glass_object.png,/home/amir/Desktop/COGAR/COGAR_Foundation-Model-Segmentation-for-Robotic-Scenes/outputs/sim_sam_vit_b_auto_v1/masks/row_0236_object_372_sam_auto_mask.png,0.9315418004989624,0.951694905757904,38,0.8764186633039092,0.7387267755978388,13.872438843000054,0.07208537816006258,cuda,vit_b
237,000022.png,374,data/cogar_sim_500/rgb/000022.png,/home/amir/Desktop/COGAR/COGAR_Foundation-Model-Segmentation-for-Robotic-Scenes/data/cogar_sim_500/instance_masks/all/ann_00000374_img_000022_cat_metal_part.png,/home/amir/Desktop/COGAR/COGAR_Foundation-Model-Segmentation-for-Robotic-Scenes/outputs/sim_sam_vit_b_auto_v1/masks/row_0237_object_374_sam_auto_mask.png,0.9359172582626343,0.9630523324012756,38,0.9599121361889071,0.9860525462212131,13.872438843000054,0.07208537816006258,cuda,vit_b
238,000022.png,375,data/cogar_sim_500/rgb/000022.png,/home/amir/Desktop/COGAR/COGAR_Foundation-Model-Segmentation-for-Robotic-Scenes/data/cogar_sim_500/instance_masks/all/ann_00000375_img_000022_cat_screw.png,/home/amir/Desktop/COGAR/COGAR_Foundation-Model-Segmentation-for-Robotic-Scenes/outputs/sim_sam_vit_b_auto_v1/masks/row_0238_object_375_sam_auto_mask.png,0.9907894134521484,0.9785903692245483,38,8.699939100426297e-05,0.045343016979095103,13.872438843000054,0.07208537816006258,cuda,vit_b
239,000022.png,377,data/cogar_sim_500/rgb/000022.png,/home/amir/Desktop/COGAR/COGAR_Foundation-Model-Segmentation-for-Robotic-Scenes/data/cogar_sim_500/instance_masks/all/ann_00000377_img_000022_cat_cable.png,/home/amir/Desktop/COGAR/COGAR_Foundation-Model-Segmentation-for-Robotic-Scenes/outputs/sim_sam_vit_b_auto_v1/masks/row_0239_object_377_sam_auto_mask.png,0.9521819353103638,0.9779661297798157,38,0.42581143740340033,0.565617041372215,13.872438843000054,0.07208537816006258,cuda,vit_b
240,000022.png,378,data/cogar_sim_500/rgb/000022.png,/home/amir/Desktop/COGAR/COGAR_Foundation-Model-Segmentation-for-Robotic-Scenes/data/cogar_sim_500/instance_masks/all/ann_00000378_img_000022_cat_box.png,/home/amir/Desktop/COGAR/COGAR_Foundation-Model-Segmentation-for-Robotic-Scenes/outputs/sim_sam_vit_b_auto_v1/masks/row_0240_object_378_sam_auto_mask.png,0.8880170583724976,0.9526506662368774,38,0.9520913118570249,0.9462359423814496,13.872438843000054,0.07208537816006258,cuda,vit_b
241,000022.png,379,data/cogar_sim_500/rgb/000022.png,/home/amir/Desktop/COGAR/COGAR_Foundation-Model-Segmentation-for-Robotic-Scenes/data/cogar_sim_500/instance_masks/all/ann_00000379_img_000022_cat_connector.png,/home/amir/Desktop/COGAR/COGAR_Foundation-Model-Segmentation-for-Robotic-Scenes/outputs/sim_sam_vit_b_auto_v1/masks/row_0241_object_379_sam_auto_mask.png,0.9910659790039062,0.9826302528381348,38,0.9812919166960818,1.0,13.872438843000054,0.07208537816006258,cuda,vit_b
242,000022.png,380,data/cogar_sim_500/rgb/000022.png,/home/amir/Desktop/COGAR/COGAR_Foundation-Model-Segmentation-for-Robotic-Scenes/data/cogar_sim_500/instance_masks/all/ann_00000380_img_000022_cat_glass_object.png,/home/amir/Desktop/COGAR/COGAR_Foundation-Model-Segmentation-for-Robotic-Scenes/outputs/sim_sam_vit_b_auto_v1/masks/row_0242_object_380_sam_auto_mask.png,0.9596209526062012,0.95301753282547,38,0.7027985432240751,0.6020232659953718,13.872438843000054,0.07208537816006258,cuda,vit_b
243,000022.png,381,data/cogar_sim_500/rgb/000022.png,/home/amir/Desktop/COGAR/COGAR_Foundation-Model-Segmentation-for-Robotic-Scenes/data/cogar_sim_500/instance_masks/all/ann_00000381_img_000022_cat_box.png,/home/amir/Desktop/COGAR/COGAR_Foundation-Model-Segmentation-for-Robotic-Scenes/outputs/sim_sam_vit_b_auto_v1/masks/row_0243_object_381_sam_auto_mask.png,0.9399392604827881,0.9560284614562988,38,0.9484687328076288,0.879912801434092,13.872438843000054,0.07208537816006258,cuda,vit_b
244,000022.png,382,data/cogar_sim_500/rgb/000022.png,/home/amir/Desktop/COGAR/COGAR_Foundation-Model-Segmentation-for-Robotic-Scenes/data/cogar_sim_500/instance_masks/all/ann_00000382_img_000022_cat_plastic_object.png,/home/amir/Desktop/COGAR/COGAR_Foundation-Model-Segmentation-for-Robotic-Scenes/outputs/sim_sam_vit_b_auto_v1/masks/row_0244_object_382_sam_auto_mask.png,0.9867972135543823,0.982787549495697,38,0.9778054345571459,1.0,13.872438843000054,0.07208537816006258,cuda,vit_b
245,000022.png,383,data/cogar_sim_500/rgb/000022.png,/home/amir/Desktop/COGAR/COGAR_Foundation-Model-Segmentation-for-Robotic-Scenes/data/cogar_sim_500/instance_masks/all/ann_00000383_img_000022_cat_glass_object.png,/home/amir/Desktop/COGAR/COGAR_Foundation-Model-Segmentation-for-Robotic-Scenes/outputs/sim_sam_vit_b_auto_v1/masks/row_0245_object_383_sam_auto_mask.png,0.9720087051391602,0.9667195081710815,38,0.027900146842878122,0.2735150464786513,13.872438843000054,0.07208537816006258,cuda,vit_b
246,000022.png,384,data/cogar_sim_500/rgb/000022.png,/home/amir/Desktop/COGAR/COGAR_Foundation-Model-Segmentation-for-Robotic-Scenes/data/cogar_sim_500/instance_masks/all/ann_00000384_img_000022_cat_plastic_object.png,/home/amir/Desktop/COGAR/COGAR_Foundation-Model-Segmentation-for-Robotic-Scenes/outputs/sim_sam_vit_b_auto_v1/masks/row_0246_object_384_sam_auto_mask.png,0.9358301162719727,0.9798164963722229,38,0.5041237113402062,0.6666666666666666,13.872438843000054,0.07208537816006258,cuda,vit_b
247,000022.png,385,data/cogar_sim_500/rgb/000022.png,/home/amir/Desktop/COGAR/COGAR_Foundation-Model-Segmentation-for-Robotic-Scenes/data/cogar_sim_500/instance_masks/all/ann_00000385_img_000022_cat_connector.png,/home/amir/Desktop/COGAR/COGAR_Foundation-Model-Segmentation-for-Robotic-Scenes/outputs/sim_sam_vit_b_auto_v1/masks/row_0247_object_385_sam_auto_mask.png,0.989296555519104,0.985353946685791,38,0.9568999604586793,0.9713094908688433,13.872438843000054,0.07208537816006258,cuda,vit_b
248,000022.png,386,data/cogar_sim_500/rgb/000022.png,/home/amir/Desktop/COGAR/COGAR_Foundation-Model-Segmentation-for-Robotic-Scenes/data/cogar_sim_500/instance_masks/all/ann_00000386_img_000022_cat_screw.png,/home/amir/Desktop/COGAR/COGAR_Foundation-Model-Segmentation-for-Robotic-Scenes/outputs/sim_sam_vit_b_auto_v1/masks/row_0248_object_386_sam_auto_mask.png,0.9339406490325928,0.9745222926139832,38,0.00508130081300813,0.35002361832782236,13.872438843000054,0.07208537816006258,cuda,vit_b
249,000022.png,387,data/cogar_sim_500/rgb/000022.png,/home/amir/Desktop/COGAR/COGAR_Foundation-Model-Segmentation-for-Robotic-Scenes/data/cogar_sim_500/instance_masks/all/ann_00000387_img_000022_cat_connector.png,/home/amir/Desktop/COGAR/COGAR_Foundation-Model-Segmentation-for-Robotic-Scenes/outputs/sim_sam_vit_b_auto_v1/masks/row_0249_object_387_sam_auto_mask.png,0.9827888011932373,0.9829493165016174,38,0.9766269477543538,1.0,13.872438843000054,0.07208537816006258,cuda,vit_b
250,000022.png,388,data/cogar_sim_500/rgb/000022.png,/home/amir/Desktop/COGAR/COGAR_Foundation-Model-Segmentation-for-Robotic-Scenes/data/cogar_sim_500/instance_masks/all/ann_00000388_img_000022_cat_cable.png,/home/amir/Desktop/COGAR/COGAR_Foundation-Model-Segmentation-for-Robotic-Scenes/outputs/sim_sam_vit_b_auto_v1/masks/row_0250_object_388_sam_auto_mask.png,1.020632266998291,0.9882913827896118,38,0.0,0.0,13.872438843000054,0.07208537816006258,cuda,vit_b
251,000022.png,389,data/cogar_sim_500/rgb/000022.png,/home/amir/Desktop/COGAR/COGAR_Foundation-Model-Segmentation-for-Robotic-Scenes/data/cogar_sim_500/instance_masks/all/ann_00000389_img_000022_cat_robot_gripper.png,/home/amir/Desktop/COGAR/COGAR_Foundation-Model-Segmentation-for-Robotic-Scenes/outputs/sim_sam_vit_b_auto_v1/masks/row_0251_object_389_sam_auto_mask.png,0.935235321521759,0.9520431160926819,38,0.5770051527611513,0.60469844031449,13.872438843000054,0.07208537816006258,cuda,vit_b
252,000022.png,390,data/cogar_sim_500/rgb/000022.png,/home/amir/Desktop/COGAR/COGAR_Foundation-Model-Segmentation-for-Robotic-Scenes/data/cogar_sim_500/instance_masks/all/ann_00000390_img_000022_cat_robot_gripper.png,/home/amir/Desktop/COGAR/COGAR_Foundation-Model-Segmentation-for-Robotic-Scenes/outputs/sim_sam_vit_b_auto_v1/masks/row_0252_object_390_sam_auto_mask.png,0.935235321521759,0.9520431160926819,38,0.11954498448810755,0.3526398708982226,13.872438843000054,0.07208537816006258,cuda,vit_b
253,000022.png,391,data/cogar_sim_500/rgb/000022.png,/home/amir/Desktop/COGAR/COGAR_Foundation-Model-Segmentation-for-Robotic-Scenes/data/cogar_sim_500/instance_masks/all/ann_00000391_img_000022_cat_robot_gripper.png,/home/amir/Desktop/COGAR/COGAR_Foundation-Model-Segmentation-for-Robotic-Scenes/outputs/sim_sam_vit_b_auto_v1/masks/row_0253_object_391_sam_auto_mask.png,0.935235321521759,0.9520431160926819,38,0.28825122383085094,0.32561505065123014,13.872438843000054,0.07208537816006258,cuda,vit_b
254,000024.png,396,data/cogar_sim_500/rgb/000024.png,/home/amir/Desktop/COGAR/COGAR_Foundation-Model-Segmentation-for-Robotic-Scenes/data/cogar_sim_500/instance_masks/all/ann_00000396_img_000024_cat_plastic_object.png,/home/amir/Desktop/COGAR/COGAR_Foundation-Model-Segmentation-for-Robotic-Scenes/outputs/sim_sam_vit_b_auto_v1/masks/row_0254_object_396_sam_auto_mask.png,1.0005971193313599,0.9900781512260437,33,0.977212192956496,1.0,13.658019890999867,0.07321705547221843,cuda,vit_b
255,000024.png,397,data/cogar_sim_500/rgb/000024.png,/home/amir/Desktop/COGAR/COGAR_Foundation-Model-Segmentation-for-Robotic-Scenes/data/cogar_sim_500/instance_masks/all/ann_00000397_img_000024_cat_plastic_object.png,/home/amir/Desktop/COGAR/COGAR_Foundation-Model-Segmentation-for-Robotic-Scenes/outputs/sim_sam_vit_b_auto_v1/masks/row_0255_object_397_sam_auto_mask.png,0.960971474647522,0.9766147136688232,33,0.9724366041896362,1.0,13.658019890999867,0.07321705547221843,cuda,vit_b
256,000024.png,398,data/cogar_sim_500/rgb/000024.png,/home/amir/Desktop/COGAR/COGAR_Foundation-Model-Segmentation-for-Robotic-Scenes/data/cogar_sim_500/instance_masks/all/ann_00000398_img_000024_cat_plastic_object.png,/home/amir/Desktop/COGAR/COGAR_Foundation-Model-Segmentation-for-Robotic-Scenes/outputs/sim_sam_vit_b_auto_v1/masks/row_0256_object_398_sam_auto_mask.png,0.9203268885612488,0.9554030895233154,33,0.9295415959252971,0.98989898989899,13.658019890999867,0.07321705547221843,cuda,vit_b
257,000024.png,399,data/cogar_sim_500/rgb/000024.png,/home/amir/Desktop/COGAR/COGAR_Foundation-Model-Segmentation-for-Robotic-Scenes/data/cogar_sim_500/instance_masks/all/ann_00000399_img_000024_cat_plastic_object.png,/home/amir/Desktop/COGAR/COGAR_Foundation-Model-Segmentation-for-Robotic-Scenes/outputs/sim_sam_vit_b_auto_v1/masks/row_0257_object_399_sam_auto_mask.png,0.9954847097396851,0.9911137223243713,33,0.9806904622586308,1.0,13.658019890999867,0.07321705547221843,cuda,vit_b
258,000024.png,400,data/cogar_sim_500/rgb/000024.png,/home/amir/Desktop/COGAR/COGAR_Foundation-Model-Segmentation-for-Robotic-Scenes/data/cogar_sim_500/instance_masks/all/ann_00000400_img_000024_cat_plastic_object.png,/home/amir/Desktop/COGAR/COGAR_Foundation-Model-Segmentation-for-Robotic-Scenes/outputs/sim_sam_vit_b_auto_v1/masks/row_0258_object_400_sam_auto_mask.png,0.9673322439193726,0.9827935099601746,33,0.9858299595141701,1.0,13.658019890999867,0.07321705547221843,cuda,vit_b
259,000024.png,402,data/cogar_sim_500/rgb/000024.png,/home/amir/Desktop/COGAR/COGAR_Foundation-Model-Segmentation-for-Robotic-Scenes/data/cogar_sim_500/instance_masks/all/ann_00000402_img_000024_cat_connector.png,/home/amir/Desktop/COGAR/COGAR_Foundation-Model-Segmentation-for-Robotic-Scenes/outputs/sim_sam_vit_b_auto_v1/masks/row_0259_object_402_sam_auto_mask.png,0.9782151579856873,0.9815253615379333,33,0.9587389893370422,0.959349593495935,13.658019890999867,0.07321705547221843,cuda,vit_b
260,000024.png,403,data/cogar_sim_500/rgb/000024.png,/home/amir/Desktop/COGAR/COGAR_Foundation-Model-Segmentation-for-Robotic-Scenes/data/cogar_sim_500/instance_masks/all/ann_00000403_img_000024_cat_metal_part.png,/home/amir/Desktop/COGAR/COGAR_Foundation-Model-Segmentation-for-Robotic-Scenes/outputs/sim_sam_vit_b_auto_v1/masks/row_0260_object_403_sam_auto_mask.png,0.9645693302154541,0.9812753200531006,33,0.9588033349681216,1.0,13.658019890999867,0.07321705547221843,cuda,vit_b
261,000024.png,404,data/cogar_sim_500/rgb/000024.png,/home/amir/Desktop/COGAR/COGAR_Foundation-Model-Segmentation-for-Robotic-Scenes/data/cogar_sim_500/instance_masks/all/ann_00000404_img_000024_cat_plastic_object.png,/home/amir/Desktop/COGAR/COGAR_Foundation-Model-Segmentation-for-Robotic-Scenes/outputs/sim_sam_vit_b_auto_v1/masks/row_0261_object_404_sam_auto_mask.png,1.0025287866592407,0.9821282029151917,33,0.9840816326530613,0.9045801526717556,13.658019890999867,0.07321705547221843,cuda,vit_b
262,000024.png,405,data/cogar_sim_500/rgb/000024.png,/home/amir/Desktop/COGAR/COGAR_Foundation-Model-Segmentation-for-Robotic-Scenes/data/cogar_sim_500/instance_masks/all/ann_00000405_img_000024_cat_plastic_object.png,/home/amir/Desktop/COGAR/COGAR_Foundation-Model-Segmentation-for-Robotic-Scenes/outputs/sim_sam_vit_b_auto_v1/masks/row_0262_object_405_sam_auto_mask.png,0.9657266736030579,0.9828516244888306,33,0.9815915627996165,1.0,13.658019890999867,0.07321705547221843,cuda,vit_b
263,000024.png,406,data/cogar_sim_500/rgb/000024.png,/home/amir/Desktop/COGAR/COGAR_Foundation-Model-Segmentation-for-Robotic-Scenes/data/cogar_sim_500/instance_masks/all/ann_00000406_img_000024_cat_box.png,/home/amir/Desktop/COGAR/COGAR_Foundation-Model-Segmentation-for-Robotic-Scenes/outputs/sim_sam_vit_b_auto_v1/masks/row_0263_object_406_sam_auto_mask.png,0.9871454238891602,0.9862589240074158,33,0.9860858621171864,1.0,13.658019890999867,0.07321705547221843,cuda,vit_b
264,000024.png,407,data/cogar_sim_500/rgb/000024.png,/home/amir/Desktop/COGAR/COGAR_Foundation-Model-Segmentation-for-Robotic-Scenes/data/cogar_sim_500/instance_masks/all/ann_00000407_img_000024_cat_metal_part.png,/home/amir/Desktop/COGAR/COGAR_Foundation-Model-Segmentation-for-Robotic-Scenes/outputs/sim_sam_vit_b_auto_v1/masks/row_0264_object_407_sam_auto_mask.png,0.978825032711029,0.9701696634292603,33,0.002330493044934819,0.09663250366032211,13.658019890999867,0.07321705547221843,cuda,vit_b
265,000024.png,408,data/cogar_sim_500/rgb/000024.png,/home/amir/Desktop/COGAR/COGAR_Foundation-Model-Segmentation-for-Robotic-Scenes/data/cogar_sim_500/instance_masks/all/ann_00000408_img_000024_cat_cable.png,/home/amir/Desktop/COGAR/COGAR_Foundation-Model-Segmentation-for-Robotic-Scenes/outputs/sim_sam_vit_b_auto_v1/masks/row_0265_object_408_sam_auto_mask.png,0.9544878005981445,0.9686116576194763,33,0.9561643835616438,1.0,13.658019890999867,0.07321705547221843,cuda,vit_b
266,000024.png,409,data/cogar_sim_500/rgb/000024.png,/home/amir/Desktop/COGAR/COGAR_Foundation-Model-Segmentation-for-Robotic-Scenes/data/cogar_sim_500/instance_masks/all/ann_00000409_img_000024_cat_plastic_object.png,/home/amir/Desktop/COGAR/COGAR_Foundation-Model-Segmentation-for-Robotic-Scenes/outputs/sim_sam_vit_b_auto_v1/masks/row_0266_object_409_sam_auto_mask.png,1.020616054534912,0.9918419718742371,33,0.0,0.0,13.658019890999867,0.07321705547221843,cuda,vit_b
267,000024.png,410,data/cogar_sim_500/rgb/000024.png,/home/amir/Desktop/COGAR/COGAR_Foundation-Model-Segmentation-for-Robotic-Scenes/data/cogar_sim_500/instance_masks/all/ann_00000410_img_000024_cat_plastic_object.png,/home/amir/Desktop/COGAR/COGAR_Foundation-Model-Segmentation-for-Robotic-Scenes/outputs/sim_sam_vit_b_auto_v1/masks/row_0267_object_410_sam_auto_mask.png,1.020616054534912,0.9918419718742371,33,0.0,0.0,13.658019890999867,0.07321705547221843,cuda,vit_b
268,000024.png,411,data/cogar_sim_500/rgb/000024.png,/home/amir/Desktop/COGAR/COGAR_Foundation-Model-Segmentation-for-Robotic-Scenes/data/cogar_sim_500/instance_masks/all/ann_00000411_img_000024_cat_robot_gripper.png,/home/amir/Desktop/COGAR/COGAR_Foundation-Model-Segmentation-for-Robotic-Scenes/outputs/sim_sam_vit_b_auto_v1/masks/row_0268_object_411_sam_auto_mask.png,0.978825032711029,0.9701696634292603,33,0.8055354820060703,0.628990031972917,13.658019890999867,0.07321705547221843,cuda,vit_b
269,000024.png,412,data/cogar_sim_500/rgb/000024.png,/home/amir/Desktop/COGAR/COGAR_Foundation-Model-Segmentation-for-Robotic-Scenes/data/cogar_sim_500/instance_masks/all/ann_00000412_img_000024_cat_robot_gripper.png,/home/amir/Desktop/COGAR/COGAR_Foundation-Model-Segmentation-for-Robotic-Scenes/outputs/sim_sam_vit_b_auto_v1/masks/row_0269_object_412_sam_auto_mask.png,0.903968095779419,0.9734513163566589,33,0.3095104108047271,0.44521981856245635,13.658019890999867,0.07321705547221843,cuda,vit_b
270,000024.png,413,data/cogar_sim_500/rgb/000024.png,/home/amir/Desktop/COGAR/COGAR_Foundation-Model-Segmentation-for-Robotic-Scenes/data/cogar_sim_500/instance_masks/all/ann_00000413_img_000024_cat_robot_gripper.png,/home/amir/Desktop/COGAR/COGAR_Foundation-Model-Segmentation-for-Robotic-Scenes/outputs/sim_sam_vit_b_auto_v1/masks/row_0270_object_413_sam_auto_mask.png,0.978825032711029,0.9701696634292603,33,0.06170414028960198,0.2705599704306043,13.658019890999867,0.07321705547221843,cuda,vit_b
