row_index,file_name,object_id,image_path,gt_mask_path,sam_mask_path,sam_score,stability_score,generated_mask_count,iou,boundary_f1,image_gen_latency_sec,image_gen_fps,device,model_type
0,000000.png,3,data/cogar_sim_500_v2/rgb/000000.png,/home/amir/Desktop/COGAR/COGAR_Foundation-Model-Segmentation-for-Robotic-Scenes/data/cogar_sim_500_v2/instance_masks/v2/ann_00000003_img_000000_cat_metal_part.png,/home/amir/Desktop/COGAR/COGAR_Foundation-Model-Segmentation-for-Robotic-Scenes/outputs/sim_sam_vit_b_auto_v2/masks/row_0000_object_3_sam_auto_mask.png,0.9495411515235901,0.9757053256034851,26,0.9717928902627512,0.994487849302593,13.989688380000189,0.07148122051307525,cuda,vit_b
1,000000.png,4,data/cogar_sim_500_v2/rgb/000000.png,/home/amir/Desktop/COGAR/COGAR_Foundation-Model-Segmentation-for-Robotic-Scenes/data/cogar_sim_500_v2/instance_masks/v2/ann_00000004_img_000000_cat_tool.png,/home/amir/Desktop/COGAR/COGAR_Foundation-Model-Segmentation-for-Robotic-Scenes/outputs/sim_sam_vit_b_auto_v2/masks/row_0001_object_4_sam_auto_mask.png,0.9306156635284424,0.9704681038856506,26,0.6909861668897813,0.7122156244654594,13.989688380000189,0.07148122051307525,cuda,vit_b
2,000000.png,5,data/cogar_sim_500_v2/rgb/000000.png,/home/amir/Desktop/COGAR/COGAR_Foundation-Model-Segmentation-for-Robotic-Scenes/data/cogar_sim_500_v2/instance_masks/v2/ann_00000005_img_000000_cat_box.png,/home/amir/Desktop/COGAR/COGAR_Foundation-Model-Segmentation-for-Robotic-Scenes/outputs/sim_sam_vit_b_auto_v2/masks/row_0002_object_5_sam_auto_mask.png,0.9857230186462402,0.982813835144043,26,0.9791855203619909,0.999129677980853,13.989688380000189,0.07148122051307525,cuda,vit_b
3,000000.png,6,data/cogar_sim_500_v2/rgb/000000.png,/home/amir/Desktop/COGAR/COGAR_Foundation-Model-Segmentation-for-Robotic-Scenes/data/cogar_sim_500_v2/instance_masks/v2/ann_00000006_img_000000_cat_metal_part.png,/home/amir/Desktop/COGAR/COGAR_Foundation-Model-Segmentation-for-Robotic-Scenes/outputs/sim_sam_vit_b_auto_v2/masks/row_0003_object_6_sam_auto_mask.png,1.0122138261795044,0.9918946027755737,26,0.9911200807265389,1.0,13.989688380000189,0.07148122051307525,cuda,vit_b
4,000000.png,7,data/cogar_sim_500_v2/rgb/000000.png,/home/amir/Desktop/COGAR/COGAR_Foundation-Model-Segmentation-for-Robotic-Scenes/data/cogar_sim_500_v2/instance_masks/v2/ann_00000007_img_000000_cat_metal_part.png,/home/amir/Desktop/COGAR/COGAR_Foundation-Model-Segmentation-for-Robotic-Scenes/outputs/sim_sam_vit_b_auto_v2/masks/row_0004_object_7_sam_auto_mask.png,1.0018004179000854,0.9835893511772156,26,0.9794805194805195,0.9936305732484078,13.989688380000189,0.07148122051307525,cuda,vit_b
5,000000.png,8,data/cogar_sim_500_v2/rgb/000000.png,/home/amir/Desktop/COGAR/COGAR_Foundation-Model-Segmentation-for-Robotic-Scenes/data/cogar_sim_500_v2/instance_masks/v2/ann_00000008_img_000000_cat_screw.png,/home/amir/Desktop/COGAR/COGAR_Foundation-Model-Segmentation-for-Robotic-Scenes/outputs/sim_sam_vit_b_auto_v2/masks/row_0005_object_8_sam_auto_mask.png,0.9688224196434021,0.9816513657569885,26,0.9302325581395349,1.0,13.989688380000189,0.07148122051307525,cuda,vit_b
6,000000.png,9,data/cogar_sim_500_v2/rgb/000000.png,/home/amir/Desktop/COGAR/COGAR_Foundation-Model-Segmentation-for-Robotic-Scenes/data/cogar_sim_500_v2/instance_masks/v2/ann_00000009_img_000000_cat_metal_part.png,/home/amir/Desktop/COGAR/COGAR_Foundation-Model-Segmentation-for-Robotic-Scenes/outputs/sim_sam_vit_b_auto_v2/masks/row_0006_object_9_sam_auto_mask.png,1.0104167461395264,0.9853789806365967,26,0.9743153918791313,1.0,13.989688380000189,0.07148122051307525,cuda,vit_b
7,000001.png,11,data/cogar_sim_500_v2/rgb/000001.png,/home/amir/Desktop/COGAR/COGAR_Foundation-Model-Segmentation-for-Robotic-Scenes/data/cogar_sim_500_v2/instance_masks/v2/ann_00000011_img_000001_cat_connector.png,/home/amir/Desktop/COGAR/COGAR_Foundation-Model-Segmentation-for-Robotic-Scenes/outputs/sim_sam_vit_b_auto_v2/masks/row_0007_object_11_sam_auto_mask.png,0.9923795461654663,0.957507848739624,20,0.9244881680404148,0.8143877748048437,14.00477817599949,0.07140420129707854,cuda,vit_b
8,000001.png,12,data/cogar_sim_500_v2/rgb/000001.png,/home/amir/Desktop/COGAR/COGAR_Foundation-Model-Segmentation-for-Robotic-Scenes/data/cogar_sim_500_v2/instance_masks/v2/ann_00000012_img_000001_cat_glass_object.png,/home/amir/Desktop/COGAR/COGAR_Foundation-Model-Segmentation-for-Robotic-Scenes/outputs/sim_sam_vit_b_auto_v2/masks/row_0008_object_12_sam_auto_mask.png,0.9382578134536743,0.960634708404541,20,0.9393360752056404,0.8594540566088904,14.00477817599949,0.07140420129707854,cuda,vit_b
9,000001.png,13,data/cogar_sim_500_v2/rgb/000001.png,/home/amir/Desktop/COGAR/COGAR_Foundation-Model-Segmentation-for-Robotic-Scenes/data/cogar_sim_500_v2/instance_masks/v2/ann_00000013_img_000001_cat_glass_object.png,/home/amir/Desktop/COGAR/COGAR_Foundation-Model-Segmentation-for-Robotic-Scenes/outputs/sim_sam_vit_b_auto_v2/masks/row_0009_object_13_sam_auto_mask.png,0.9708672165870667,0.9791944026947021,20,0.9865526687142027,1.0,14.00477817599949,0.07140420129707854,cuda,vit_b
10,000001.png,14,data/cogar_sim_500_v2/rgb/000001.png,/home/amir/Desktop/COGAR/COGAR_Foundation-Model-Segmentation-for-Robotic-Scenes/data/cogar_sim_500_v2/instance_masks/v2/ann_00000014_img_000001_cat_cable.png,/home/amir/Desktop/COGAR/COGAR_Foundation-Model-Segmentation-for-Robotic-Scenes/outputs/sim_sam_vit_b_auto_v2/masks/row_0010_object_14_sam_auto_mask.png,0.9780499935150146,0.9750143885612488,20,0.7494768879589119,0.6215475668566418,14.00477817599949,0.07140420129707854,cuda,vit_b
11,000001.png,15,data/cogar_sim_500_v2/rgb/000001.png,/home/amir/Desktop/COGAR/COGAR_Foundation-Model-Segmentation-for-Robotic-Scenes/data/cogar_sim_500_v2/instance_masks/v2/ann_00000015_img_000001_cat_robot_gripper.png,/home/amir/Desktop/COGAR/COGAR_Foundation-Model-Segmentation-for-Robotic-Scenes/outputs/sim_sam_vit_b_auto_v2/masks/row_0011_object_15_sam_auto_mask.png,0.9698687195777893,0.9661701917648315,20,0.6692030045849185,0.5512638273043488,14.00477817599949,0.07140420129707854,cuda,vit_b
12,000001.png,16,data/cogar_sim_500_v2/rgb/000001.png,/home/amir/Desktop/COGAR/COGAR_Foundation-Model-Segmentation-for-Robotic-Scenes/data/cogar_sim_500_v2/instance_masks/v2/ann_00000016_img_000001_cat_robot_gripper.png,/home/amir/Desktop/COGAR/COGAR_Foundation-Model-Segmentation-for-Robotic-Scenes/outputs/sim_sam_vit_b_auto_v2/masks/row_0012_object_16_sam_auto_mask.png,0.9533097743988037,0.9731088876724243,20,0.7312560856864654,0.7453416149068323,14.00477817599949,0.07140420129707854,cuda,vit_b
13,000001.png,17,data/cogar_sim_500_v2/rgb/000001.png,/home/amir/Desktop/COGAR/COGAR_Foundation-Model-Segmentation-for-Robotic-Scenes/data/cogar_sim_500_v2/instance_masks/v2/ann_00000017_img_000001_cat_robot_gripper.png,/home/amir/Desktop/COGAR/COGAR_Foundation-Model-Segmentation-for-Robotic-Scenes/outputs/sim_sam_vit_b_auto_v2/masks/row_0013_object_17_sam_auto_mask.png,0.9329468011856079,0.9680851101875305,20,0.21739130434782608,0.3680555555555556,14.00477817599949,0.07140420129707854,cuda,vit_b
14,000002.png,20,data/cogar_sim_500_v2/rgb/000002.png,/home/amir/Desktop/COGAR/COGAR_Foundation-Model-Segmentation-for-Robotic-Scenes/data/cogar_sim_500_v2/instance_masks/v2/ann_00000020_img_000002_cat_glass_object.png,/home/amir/Desktop/COGAR/COGAR_Foundation-Model-Segmentation-for-Robotic-Scenes/outputs/sim_sam_vit_b_auto_v2/masks/row_0014_object_20_sam_auto_mask.png,0.9531916975975037,0.9733293652534485,27,0.9863609112709832,0.9920634920634921,14.437461063999763,0.06926425606047379,cuda,vit_b
15,000002.png,21,data/cogar_sim_500_v2/rgb/000002.png,/home/amir/Desktop/COGAR/COGAR_Foundation-Model-Segmentation-for-Robotic-Scenes/data/cogar_sim_500_v2/instance_masks/v2/ann_00000021_img_000002_cat_box.png,/home/amir/Desktop/COGAR/COGAR_Foundation-Model-Segmentation-for-Robotic-Scenes/outputs/sim_sam_vit_b_auto_v2/masks/row_0015_object_21_sam_auto_mask.png,1.0064491033554077,0.9833568334579468,27,0.9893024489435063,1.0,14.437461063999763,0.06926425606047379,cuda,vit_b
16,000002.png,22,data/cogar_sim_500_v2/rgb/000002.png,/home/amir/Desktop/COGAR/COGAR_Foundation-Model-Segmentation-for-Robotic-Scenes/data/cogar_sim_500_v2/instance_masks/v2/ann_00000022_img_000002_cat_screw.png,/home/amir/Desktop/COGAR/COGAR_Foundation-Model-Segmentation-for-Robotic-Scenes/outputs/sim_sam_vit_b_auto_v2/masks/row_0016_object_22_sam_auto_mask.png,0.9686949253082275,0.9864864945411682,27,0.9484304932735426,0.9887640449438202,14.437461063999763,0.06926425606047379,cuda,vit_b
17,000002.png,23,data/cogar_sim_500_v2/rgb/000002.png,/home/amir/Desktop/COGAR/COGAR_Foundation-Model-Segmentation-for-Robotic-Scenes/data/cogar_sim_500_v2/instance_masks/v2/ann_00000023_img_000002_cat_metal_part.png,/home/amir/Desktop/COGAR/COGAR_Foundation-Model-Segmentation-for-Robotic-Scenes/outputs/sim_sam_vit_b_auto_v2/masks/row_0017_object_23_sam_auto_mask.png,1.001801609992981,0.9884659647941589,27,0.9761958739514849,1.0,14.437461063999763,0.06926425606047379,cuda,vit_b
18,000002.png,24,data/cogar_sim_500_v2/rgb/000002.png,/home/amir/Desktop/COGAR/COGAR_Foundation-Model-Segmentation-for-Robotic-Scenes/data/cogar_sim_500_v2/instance_masks/v2/ann_00000024_img_000002_cat_box.png,/home/amir/Desktop/COGAR/COGAR_Foundation-Model-Segmentation-for-Robotic-Scenes/outputs/sim_sam_vit_b_auto_v2/masks/row_0018_object_24_sam_auto_mask.png,1.0166369676589966,0.9878756999969482,27,0.9873691808011548,1.0,14.437461063999763,0.06926425606047379,cuda,vit_b
19,000002.png,25,data/cogar_sim_500_v2/rgb/000002.png,/home/amir/Desktop/COGAR/COGAR_Foundation-Model-Segmentation-for-Robotic-Scenes/data/cogar_sim_500_v2/instance_masks/v2/ann_00000025_img_000002_cat_metal_part.png,/home/amir/Desktop/COGAR/COGAR_Foundation-Model-Segmentation-for-Robotic-Scenes/outputs/sim_sam_vit_b_auto_v2/masks/row_0019_object_25_sam_auto_mask.png,0.9632187485694885,0.9754342436790466,27,0.9666993143976493,0.9708460111767059,14.437461063999763,0.06926425606047379,cuda,vit_b
20,000002.png,26,data/cogar_sim_500_v2/rgb/000002.png,/home/amir/Desktop/COGAR/COGAR_Foundation-Model-Segmentation-for-Robotic-Scenes/data/cogar_sim_500_v2/instance_masks/v2/ann_00000026_img_000002_cat_robot_gripper.png,/home/amir/Desktop/COGAR/COGAR_Foundation-Model-Segmentation-for-Robotic-Scenes/outputs/sim_sam_vit_b_auto_v2/masks/row_0020_object_26_sam_auto_mask.png,0.940502405166626,0.9662722945213318,27,0.9311216224972462,0.9017083055455806,14.437461063999763,0.06926425606047379,cuda,vit_b
21,000002.png,27,data/cogar_sim_500_v2/rgb/000002.png,/home/amir/Desktop/COGAR/COGAR_Foundation-Model-Segmentation-for-Robotic-Scenes/data/cogar_sim_500_v2/instance_masks/v2/ann_00000027_img_000002_cat_robot_gripper.png,/home/amir/Desktop/COGAR/COGAR_Foundation-Model-Segmentation-for-Robotic-Scenes/outputs/sim_sam_vit_b_auto_v2/masks/row_0021_object_27_sam_auto_mask.png,0.9704952239990234,0.9798951148986816,27,0.7082539682539682,0.7873457227975599,14.437461063999763,0.06926425606047379,cuda,vit_b
22,000002.png,28,data/cogar_sim_500_v2/rgb/000002.png,/home/amir/Desktop/COGAR/COGAR_Foundation-Model-Segmentation-for-Robotic-Scenes/data/cogar_sim_500_v2/instance_masks/v2/ann_00000028_img_000002_cat_robot_gripper.png,/home/amir/Desktop/COGAR/COGAR_Foundation-Model-Segmentation-for-Robotic-Scenes/outputs/sim_sam_vit_b_auto_v2/masks/row_0022_object_28_sam_auto_mask.png,0.9640668630599976,0.968359112739563,27,0.9252995066948555,1.0,14.437461063999763,0.06926425606047379,cuda,vit_b
23,000003.png,31,data/cogar_sim_500_v2/rgb/000003.png,/home/amir/Desktop/COGAR/COGAR_Foundation-Model-Segmentation-for-Robotic-Scenes/data/cogar_sim_500_v2/instance_masks/v2/ann_00000031_img_000003_cat_box.png,/home/amir/Desktop/COGAR/COGAR_Foundation-Model-Segmentation-for-Robotic-Scenes/outputs/sim_sam_vit_b_auto_v2/masks/row_0023_object_31_sam_auto_mask.png,0.9840176105499268,0.9747890830039978,23,0.9928096527948781,0.994798121203776,13.36502675599968,0.07482214725466907,cuda,vit_b
24,000003.png,32,data/cogar_sim_500_v2/rgb/000003.png,/home/amir/Desktop/COGAR/COGAR_Foundation-Model-Segmentation-for-Robotic-Scenes/data/cogar_sim_500_v2/instance_masks/v2/ann_00000032_img_000003_cat_cable.png,/home/amir/Desktop/COGAR/COGAR_Foundation-Model-Segmentation-for-Robotic-Scenes/outputs/sim_sam_vit_b_auto_v2/masks/row_0024_object_32_sam_auto_mask.png,1.014254093170166,0.9849340915679932,23,0.9598230740877257,1.0,13.36502675599968,0.07482214725466907,cuda,vit_b
25,000003.png,33,data/cogar_sim_500_v2/rgb/000003.png,/home/amir/Desktop/COGAR/COGAR_Foundation-Model-Segmentation-for-Robotic-Scenes/data/cogar_sim_500_v2/instance_masks/v2/ann_00000033_img_000003_cat_metal_part.png,/home/amir/Desktop/COGAR/COGAR_Foundation-Model-Segmentation-for-Robotic-Scenes/outputs/sim_sam_vit_b_auto_v2/masks/row_0025_object_33_sam_auto_mask.png,0.9692065715789795,0.9625394344329834,23,0.9379905808477237,0.955489865580241,13.36502675599968,0.07482214725466907,cuda,vit_b
26,000003.png,34,data/cogar_sim_500_v2/rgb/000003.png,/home/amir/Desktop/COGAR/COGAR_Foundation-Model-Segmentation-for-Robotic-Scenes/data/cogar_sim_500_v2/instance_masks/v2/ann_00000034_img_000003_cat_screw.png,/home/amir/Desktop/COGAR/COGAR_Foundation-Model-Segmentation-for-Robotic-Scenes/outputs/sim_sam_vit_b_auto_v2/masks/row_0026_object_34_sam_auto_mask.png,1.0291001796722412,0.9675185084342957,23,0.0,0.030934599881261134,13.36502675599968,0.07482214725466907,cuda,vit_b
27,000003.png,35,data/cogar_sim_500_v2/rgb/000003.png,/home/amir/Desktop/COGAR/COGAR_Foundation-Model-Segmentation-for-Robotic-Scenes/data/cogar_sim_500_v2/instance_masks/v2/ann_00000035_img_000003_cat_connector.png,/home/amir/Desktop/COGAR/COGAR_Foundation-Model-Segmentation-for-Robotic-Scenes/outputs/sim_sam_vit_b_auto_v2/masks/row_0027_object_35_sam_auto_mask.png,0.9876545667648315,0.9848484992980957,23,0.9695977549111319,1.0,13.36502675599968,0.07482214725466907,cuda,vit_b
28,000003.png,36,data/cogar_sim_500_v2/rgb/000003.png,/home/amir/Desktop/COGAR/COGAR_Foundation-Model-Segmentation-for-Robotic-Scenes/data/cogar_sim_500_v2/instance_masks/v2/ann_00000036_img_000003_cat_screw.png,/home/amir/Desktop/COGAR/COGAR_Foundation-Model-Segmentation-for-Robotic-Scenes/outputs/sim_sam_vit_b_auto_v2/masks/row_0028_object_36_sam_auto_mask.png,0.9831438064575195,0.9888888597488403,23,0.8344086021505376,0.9523525908278737,13.36502675599968,0.07482214725466907,cuda,vit_b
29,000003.png,37,data/cogar_sim_500_v2/rgb/000003.png,/home/amir/Desktop/COGAR/COGAR_Foundation-Model-Segmentation-for-Robotic-Scenes/data/cogar_sim_500_v2/instance_masks/v2/ann_00000037_img_000003_cat_plastic_object.png,/home/amir/Desktop/COGAR/COGAR_Foundation-Model-Segmentation-for-Robotic-Scenes/outputs/sim_sam_vit_b_auto_v2/masks/row_0029_object_37_sam_auto_mask.png,0.9743764400482178,0.9813182950019836,23,0.8078147612156296,0.6877470355731224,13.36502675599968,0.07482214725466907,cuda,vit_b
30,000003.png,38,data/cogar_sim_500_v2/rgb/000003.png,/home/amir/Desktop/COGAR/COGAR_Foundation-Model-Segmentation-for-Robotic-Scenes/data/cogar_sim_500_v2/instance_masks/v2/ann_00000038_img_000003_cat_tool.png,/home/amir/Desktop/COGAR/COGAR_Foundation-Model-Segmentation-for-Robotic-Scenes/outputs/sim_sam_vit_b_auto_v2/masks/row_0030_object_38_sam_auto_mask.png,0.969971776008606,0.9847215414047241,23,0.9785992217898832,0.9956896551724138,13.36502675599968,0.07482214725466907,cuda,vit_b
31,000003.png,39,data/cogar_sim_500_v2/rgb/000003.png,/home/amir/Desktop/COGAR/COGAR_Foundation-Model-Segmentation-for-Robotic-Scenes/data/cogar_sim_500_v2/instance_masks/v2/ann_00000039_img_000003_cat_metal_part.png,/home/amir/Desktop/COGAR/COGAR_Foundation-Model-Segmentation-for-Robotic-Scenes/outputs/sim_sam_vit_b_auto_v2/masks/row_0031_object_39_sam_auto_mask.png,0.9760833382606506,0.9782718420028687,23,0.6759443339960238,0.4903125988958824,13.36502675599968,0.07482214725466907,cuda,vit_b
32,000003.png,40,data/cogar_sim_500_v2/rgb/000003.png,/home/amir/Desktop/COGAR/COGAR_Foundation-Model-Segmentation-for-Robotic-Scenes/data/cogar_sim_500_v2/instance_masks/v2/ann_00000040_img_000003_cat_plastic_object.png,/home/amir/Desktop/COGAR/COGAR_Foundation-Model-Segmentation-for-Robotic-Scenes/outputs/sim_sam_vit_b_auto_v2/masks/row_0032_object_40_sam_auto_mask.png,1.0044381618499756,0.9840378165245056,23,0.7904174015285126,0.638154808444097,13.36502675599968,0.07482214725466907,cuda,vit_b
33,000003.png,41,data/cogar_sim_500_v2/rgb/000003.png,/home/amir/Desktop/COGAR/COGAR_Foundation-Model-Segmentation-for-Robotic-Scenes/data/cogar_sim_500_v2/instance_masks/v2/ann_00000041_img_000003_cat_plastic_object.png,/home/amir/Desktop/COGAR/COGAR_Foundation-Model-Segmentation-for-Robotic-Scenes/outputs/sim_sam_vit_b_auto_v2/masks/row_0033_object_41_sam_auto_mask.png,0.9398190975189209,0.9728033542633057,23,0.7075757575757575,0.7245508982035928,13.36502675599968,0.07482214725466907,cuda,vit_b
34,000004.png,44,data/cogar_sim_500_v2/rgb/000004.png,/home/amir/Desktop/COGAR/COGAR_Foundation-Model-Segmentation-for-Robotic-Scenes/data/cogar_sim_500_v2/instance_masks/v2/ann_00000044_img_000004_cat_glass_object.png,/home/amir/Desktop/COGAR/COGAR_Foundation-Model-Segmentation-for-Robotic-Scenes/outputs/sim_sam_vit_b_auto_v2/masks/row_0034_object_44_sam_auto_mask.png,0.9565925002098083,0.9797540903091431,38,0.2939811267050555,0.3767314424882033,13.164407041000231,0.07596240353899146,cuda,vit_b
35,000004.png,45,data/cogar_sim_500_v2/rgb/000004.png,/home/amir/Desktop/COGAR/COGAR_Foundation-Model-Segmentation-for-Robotic-Scenes/data/cogar_sim_500_v2/instance_masks/v2/ann_00000045_img_000004_cat_plastic_object.png,/home/amir/Desktop/COGAR/COGAR_Foundation-Model-Segmentation-for-Robotic-Scenes/outputs/sim_sam_vit_b_auto_v2/masks/row_0035_object_45_sam_auto_mask.png,0.9854081869125366,0.9868044853210449,38,0.9853974527887571,1.0,13.164407041000231,0.07596240353899146,cuda,vit_b
36,000004.png,46,data/cogar_sim_500_v2/rgb/000004.png,/home/amir/Desktop/COGAR/COGAR_Foundation-Model-Segmentation-for-Robotic-Scenes/data/cogar_sim_500_v2/instance_masks/v2/ann_00000046_img_000004_cat_plastic_object.png,/home/amir/Desktop/COGAR/COGAR_Foundation-Model-Segmentation-for-Robotic-Scenes/outputs/sim_sam_vit_b_auto_v2/masks/row_0036_object_46_sam_auto_mask.png,1.0114994049072266,0.9955112934112549,38,0.9859955629506378,0.9297520661157025,13.164407041000231,0.07596240353899146,cuda,vit_b
37,000004.png,47,data/cogar_sim_500_v2/rgb/000004.png,/home/amir/Desktop/COGAR/COGAR_Foundation-Model-Segmentation-for-Robotic-Scenes/data/cogar_sim_500_v2/instance_masks/v2/ann_00000047_img_000004_cat_plastic_object.png,/home/amir/Desktop/COGAR/COGAR_Foundation-Model-Segmentation-for-Robotic-Scenes/outputs/sim_sam_vit_b_auto_v2/masks/row_0037_object_47_sam_auto_mask.png,0.9906015396118164,0.9875853657722473,38,0.9756345177664975,1.0,13.164407041000231,0.07596240353899146,cuda,vit_b
38,000004.png,48,data/cogar_sim_500_v2/rgb/000004.png,/home/amir/Desktop/COGAR/COGAR_Foundation-Model-Segmentation-for-Robotic-Scenes/data/cogar_sim_500_v2/instance_masks/v2/ann_00000048_img_000004_cat_box.png,/home/amir/Desktop/COGAR/COGAR_Foundation-Model-Segmentation-for-Robotic-Scenes/outputs/sim_sam_vit_b_auto_v2/masks/row_0038_object_48_sam_auto_mask.png,0.9931039810180664,0.9835063815116882,38,0.9814319349315068,0.9992181391712275,13.164407041000231,0.07596240353899146,cuda,vit_b
39,000004.png,49,data/cogar_sim_500_v2/rgb/000004.png,/home/amir/Desktop/COGAR/COGAR_Foundation-Model-Segmentation-for-Robotic-Scenes/data/cogar_sim_500_v2/instance_masks/v2/ann_00000049_img_000004_cat_robot_gripper.png,/home/amir/Desktop/COGAR/COGAR_Foundation-Model-Segmentation-for-Robotic-Scenes/outputs/sim_sam_vit_b_auto_v2/masks/row_0039_object_49_sam_auto_mask.png,0.9500723481178284,0.9790172576904297,38,0.9810451395392396,1.0,13.164407041000231,0.07596240353899146,cuda,vit_b
40,000004.png,50,data/cogar_sim_500_v2/rgb/000004.png,/home/amir/Desktop/COGAR/COGAR_Foundation-Model-Segmentation-for-Robotic-Scenes/data/cogar_sim_500_v2/instance_masks/v2/ann_00000050_img_000004_cat_robot_gripper.png,/home/amir/Desktop/COGAR/COGAR_Foundation-Model-Segmentation-for-Robotic-Scenes/outputs/sim_sam_vit_b_auto_v2/masks/row_0040_object_50_sam_auto_mask.png,0.9981287717819214,0.9924650192260742,38,0.9541000515729757,1.0,13.164407041000231,0.07596240353899146,cuda,vit_b
41,000004.png,51,data/cogar_sim_500_v2/rgb/000004.png,/home/amir/Desktop/COGAR/COGAR_Foundation-Model-Segmentation-for-Robotic-Scenes/data/cogar_sim_500_v2/instance_masks/v2/ann_00000051_img_000004_cat_robot_gripper.png,/home/amir/Desktop/COGAR/COGAR_Foundation-Model-Segmentation-for-Robotic-Scenes/outputs/sim_sam_vit_b_auto_v2/masks/row_0041_object_51_sam_auto_mask.png,0.9470773339271545,0.9665488004684448,38,0.9678650036683786,0.9883870967741936,13.164407041000231,0.07596240353899146,cuda,vit_b
42,000005.png,54,data/cogar_sim_500_v2/rgb/000005.png,/home/amir/Desktop/COGAR/COGAR_Foundation-Model-Segmentation-for-Robotic-Scenes/data/cogar_sim_500_v2/instance_masks/v2/ann_00000054_img_000005_cat_box.png,/home/amir/Desktop/COGAR/COGAR_Foundation-Model-Segmentation-for-Robotic-Scenes/outputs/sim_sam_vit_b_auto_v2/masks/row_0042_object_54_sam_auto_mask.png,0.9998376369476318,0.9884171485900879,28,0.9861937935402153,1.0,13.350634491000164,0.07490280710434497,cuda,vit_b
43,000005.png,55,data/cogar_sim_500_v2/rgb/000005.png,/home/amir/Desktop/COGAR/COGAR_Foundation-Model-Segmentation-for-Robotic-Scenes/data/cogar_sim_500_v2/instance_masks/v2/ann_00000055_img_000005_cat_metal_part.png,/home/amir/Desktop/COGAR/COGAR_Foundation-Model-Segmentation-for-Robotic-Scenes/outputs/sim_sam_vit_b_auto_v2/masks/row_0043_object_55_sam_auto_mask.png,1.0040489435195923,0.9818570017814636,28,0.9431877958968964,1.0,13.350634491000164,0.07490280710434497,cuda,vit_b
44,000005.png,56,data/cogar_sim_500_v2/rgb/000005.png,/home/amir/Desktop/COGAR/COGAR_Foundation-Model-Segmentation-for-Robotic-Scenes/data/cogar_sim_500_v2/instance_masks/v2/ann_00000056_img_000005_cat_screw.png,/home/amir/Desktop/COGAR/COGAR_Foundation-Model-Segmentation-for-Robotic-Scenes/outputs/sim_sam_vit_b_auto_v2/masks/row_0044_object_56_sam_auto_mask.png,0.968113899230957,0.9814323782920837,28,0.9074074074074074,0.967741935483871,13.350634491000164,0.07490280710434497,cuda,vit_b
45,000005.png,57,data/cogar_sim_500_v2/rgb/000005.png,/home/amir/Desktop/COGAR/COGAR_Foundation-Model-Segmentation-for-Robotic-Scenes/data/cogar_sim_500_v2/instance_masks/v2/ann_00000057_img_000005_cat_plastic_object.png,/home/amir/Desktop/COGAR/COGAR_Foundation-Model-Segmentation-for-Robotic-Scenes/outputs/sim_sam_vit_b_auto_v2/masks/row_0045_object_57_sam_auto_mask.png,1.0151708126068115,0.9891284704208374,28,0.9877616175948918,1.0,13.350634491000164,0.07490280710434497,cuda,vit_b
46,000005.png,58,data/cogar_sim_500_v2/rgb/000005.png,/home/amir/Desktop/COGAR/COGAR_Foundation-Model-Segmentation-for-Robotic-Scenes/data/cogar_sim_500_v2/instance_masks/v2/ann_00000058_img_000005_cat_tool.png,/home/amir/Desktop/COGAR/COGAR_Foundation-Model-Segmentation-for-Robotic-Scenes/outputs/sim_sam_vit_b_auto_v2/masks/row_0046_object_58_sam_auto_mask.png,0.9515352249145508,0.9707851409912109,28,0.9595410628019324,1.0,13.350634491000164,0.07490280710434497,cuda,vit_b
47,000005.png,59,data/cogar_sim_500_v2/rgb/000005.png,/home/amir/Desktop/COGAR/COGAR_Foundation-Model-Segmentation-for-Robotic-Scenes/data/cogar_sim_500_v2/instance_masks/v2/ann_00000059_img_000005_cat_tool.png,/home/amir/Desktop/COGAR/COGAR_Foundation-Model-Segmentation-for-Robotic-Scenes/outputs/sim_sam_vit_b_auto_v2/masks/row_0047_object_59_sam_auto_mask.png,0.9809733629226685,0.9717167019844055,28,0.9689804772234273,1.0,13.350634491000164,0.07490280710434497,cuda,vit_b
48,000005.png,60,data/cogar_sim_500_v2/rgb/000005.png,/home/amir/Desktop/COGAR/COGAR_Foundation-Model-Segmentation-for-Robotic-Scenes/data/cogar_sim_500_v2/instance_masks/v2/ann_00000060_img_000005_cat_robot_gripper.png,/home/amir/Desktop/COGAR/COGAR_Foundation-Model-Segmentation-for-Robotic-Scenes/outputs/sim_sam_vit_b_auto_v2/masks/row_0048_object_60_sam_auto_mask.png,0.9057775735855103,0.9524704217910767,28,0.9312724014336917,0.8409128819470771,13.350634491000164,0.07490280710434497,cuda,vit_b
49,000005.png,61,data/cogar_sim_500_v2/rgb/000005.png,/home/amir/Desktop/COGAR/COGAR_Foundation-Model-Segmentation-for-Robotic-Scenes/data/cogar_sim_500_v2/instance_masks/v2/ann_00000061_img_000005_cat_robot_gripper.png,/home/amir/Desktop/COGAR/COGAR_Foundation-Model-Segmentation-for-Robotic-Scenes/outputs/sim_sam_vit_b_auto_v2/masks/row_0049_object_61_sam_auto_mask.png,0.9436135292053223,0.9752321839332581,28,0.9477351916376306,1.0,13.350634491000164,0.07490280710434497,cuda,vit_b
50,000005.png,62,data/cogar_sim_500_v2/rgb/000005.png,/home/amir/Desktop/COGAR/COGAR_Foundation-Model-Segmentation-for-Robotic-Scenes/data/cogar_sim_500_v2/instance_masks/v2/ann_00000062_img_000005_cat_robot_gripper.png,/home/amir/Desktop/COGAR/COGAR_Foundation-Model-Segmentation-for-Robotic-Scenes/outputs/sim_sam_vit_b_auto_v2/masks/row_0050_object_62_sam_auto_mask.png,0.9270919561386108,0.9708872437477112,28,0.7713310580204779,0.6595524086483753,13.350634491000164,0.07490280710434497,cuda,vit_b
51,000006.png,65,data/cogar_sim_500_v2/rgb/000006.png,/home/amir/Desktop/COGAR/COGAR_Foundation-Model-Segmentation-for-Robotic-Scenes/data/cogar_sim_500_v2/instance_masks/v2/ann_00000065_img_000006_cat_plastic_object.png,/home/amir/Desktop/COGAR/COGAR_Foundation-Model-Segmentation-for-Robotic-Scenes/outputs/sim_sam_vit_b_auto_v2/masks/row_0051_object_65_sam_auto_mask.png,0.9803793430328369,0.9851651787757874,24,0.9732798931195725,1.0,13.281723125000099,0.07529143550039126,cuda,vit_b
52,000006.png,66,data/cogar_sim_500_v2/rgb/000006.png,/home/amir/Desktop/COGAR/COGAR_Foundation-Model-Segmentation-for-Robotic-Scenes/data/cogar_sim_500_v2/instance_masks/v2/ann_00000066_img_000006_cat_metal_part.png,/home/amir/Desktop/COGAR/COGAR_Foundation-Model-Segmentation-for-Robotic-Scenes/outputs/sim_sam_vit_b_auto_v2/masks/row_0052_object_66_sam_auto_mask.png,0.9764622449874878,0.9702789187431335,24,0.05756052992233897,0.34030571198712795,13.281723125000099,0.07529143550039126,cuda,vit_b
53,000006.png,67,data/cogar_sim_500_v2/rgb/000006.png,/home/amir/Desktop/COGAR/COGAR_Foundation-Model-Segmentation-for-Robotic-Scenes/data/cogar_sim_500_v2/instance_masks/v2/ann_00000067_img_000006_cat_glass_object.png,/home/amir/Desktop/COGAR/COGAR_Foundation-Model-Segmentation-for-Robotic-Scenes/outputs/sim_sam_vit_b_auto_v2/masks/row_0053_object_67_sam_auto_mask.png,0.880962610244751,0.9541915059089661,24,0.7263464337700145,0.7148835958642704,13.281723125000099,0.07529143550039126,cuda,vit_b
54,000006.png,68,data/cogar_sim_500_v2/rgb/000006.png,/home/amir/Desktop/COGAR/COGAR_Foundation-Model-Segmentation-for-Robotic-Scenes/data/cogar_sim_500_v2/instance_masks/v2/ann_00000068_img_000006_cat_glass_object.png,/home/amir/Desktop/COGAR/COGAR_Foundation-Model-Segmentation-for-Robotic-Scenes/outputs/sim_sam_vit_b_auto_v2/masks/row_0054_object_68_sam_auto_mask.png,0.9875668287277222,0.9864472150802612,24,0.3798958849776896,0.4405797101449276,13.281723125000099,0.07529143550039126,cuda,vit_b
55,000006.png,69,data/cogar_sim_500_v2/rgb/000006.png,/home/amir/Desktop/COGAR/COGAR_Foundation-Model-Segmentation-for-Robotic-Scenes/data/cogar_sim_500_v2/instance_masks/v2/ann_00000069_img_000006_cat_plastic_object.png,/home/amir/Desktop/COGAR/COGAR_Foundation-Model-Segmentation-for-Robotic-Scenes/outputs/sim_sam_vit_b_auto_v2/masks/row_0055_object_69_sam_auto_mask.png,0.9391629695892334,0.9833948612213135,24,0.981640146878825,1.0,13.281723125000099,0.07529143550039126,cuda,vit_b
56,000006.png,70,data/cogar_sim_500_v2/rgb/000006.png,/home/amir/Desktop/COGAR/COGAR_Foundation-Model-Segmentation-for-Robotic-Scenes/data/cogar_sim_500_v2/instance_masks/v2/ann_00000070_img_000006_cat_cable.png,/home/amir/Desktop/COGAR/COGAR_Foundation-Model-Segmentation-for-Robotic-Scenes/outputs/sim_sam_vit_b_auto_v2/masks/row_0056_object_70_sam_auto_mask.png,0.9548063278198242,0.9540016055107117,24,0.9609354238639384,1.0,13.281723125000099,0.07529143550039126,cuda,vit_b
57,000006.png,71,data/cogar_sim_500_v2/rgb/000006.png,/home/amir/Desktop/COGAR/COGAR_Foundation-Model-Segmentation-for-Robotic-Scenes/data/cogar_sim_500_v2/instance_masks/v2/ann_00000071_img_000006_cat_robot_gripper.png,/home/amir/Desktop/COGAR/COGAR_Foundation-Model-Segmentation-for-Robotic-Scenes/outputs/sim_sam_vit_b_auto_v2/masks/row_0057_object_71_sam_auto_mask.png,0.9591865539550781,0.9713683724403381,24,0.9704068087764504,0.9508993507645369,13.281723125000099,0.07529143550039126,cuda,vit_b
58,000006.png,72,data/cogar_sim_500_v2/rgb/000006.png,/home/amir/Desktop/COGAR/COGAR_Foundation-Model-Segmentation-for-Robotic-Scenes/data/cogar_sim_500_v2/instance_masks/v2/ann_00000072_img_000006_cat_robot_gripper.png,/home/amir/Desktop/COGAR/COGAR_Foundation-Model-Segmentation-for-Robotic-Scenes/outputs/sim_sam_vit_b_auto_v2/masks/row_0058_object_72_sam_auto_mask.png,0.9641485214233398,0.9803829789161682,24,0.9604005461993628,1.0,13.281723125000099,0.07529143550039126,cuda,vit_b
59,000006.png,73,data/cogar_sim_500_v2/rgb/000006.png,/home/amir/Desktop/COGAR/COGAR_Foundation-Model-Segmentation-for-Robotic-Scenes/data/cogar_sim_500_v2/instance_masks/v2/ann_00000073_img_000006_cat_robot_gripper.png,/home/amir/Desktop/COGAR/COGAR_Foundation-Model-Segmentation-for-Robotic-Scenes/outputs/sim_sam_vit_b_auto_v2/masks/row_0059_object_73_sam_auto_mask.png,0.9764622449874878,0.9702789187431335,24,0.844361215147732,0.769476170512991,13.281723125000099,0.07529143550039126,cuda,vit_b
60,000007.png,76,data/cogar_sim_500_v2/rgb/000007.png,/home/amir/Desktop/COGAR/COGAR_Foundation-Model-Segmentation-for-Robotic-Scenes/data/cogar_sim_500_v2/instance_masks/v2/ann_00000076_img_000007_cat_cable.png,/home/amir/Desktop/COGAR/COGAR_Foundation-Model-Segmentation-for-Robotic-Scenes/outputs/sim_sam_vit_b_auto_v2/masks/row_0060_object_76_sam_auto_mask.png,0.9147838354110718,0.951646089553833,16,0.0010065425264217413,0.16372534480201692,13.554866655999831,0.07377424104407306,cuda,vit_b
61,000007.png,77,data/cogar_sim_500_v2/rgb/000007.png,/home/amir/Desktop/COGAR/COGAR_Foundation-Model-Segmentation-for-Robotic-Scenes/data/cogar_sim_500_v2/instance_masks/v2/ann_00000077_img_000007_cat_tool.png,/home/amir/Desktop/COGAR/COGAR_Foundation-Model-Segmentation-for-Robotic-Scenes/outputs/sim_sam_vit_b_auto_v2/masks/row_0061_object_77_sam_auto_mask.png,0.9503194093704224,0.9583057761192322,16,0.9428387925497752,0.9922178988326849,13.554866655999831,0.07377424104407306,cuda,vit_b
62,000007.png,78,data/cogar_sim_500_v2/rgb/000007.png,/home/amir/Desktop/COGAR/COGAR_Foundation-Model-Segmentation-for-Robotic-Scenes/data/cogar_sim_500_v2/instance_masks/v2/ann_00000078_img_000007_cat_plastic_object.png,/home/amir/Desktop/COGAR/COGAR_Foundation-Model-Segmentation-for-Robotic-Scenes/outputs/sim_sam_vit_b_auto_v2/masks/row_0062_object_78_sam_auto_mask.png,0.9657912850379944,0.9781626462936401,16,0.96362286562732,1.0,13.554866655999831,0.07377424104407306,cuda,vit_b
63,000007.png,79,data/cogar_sim_500_v2/rgb/000007.png,/home/amir/Desktop/COGAR/COGAR_Foundation-Model-Segmentation-for-Robotic-Scenes/data/cogar_sim_500_v2/instance_masks/v2/ann_00000079_img_000007_cat_plastic_object.png,/home/amir/Desktop/COGAR/COGAR_Foundation-Model-Segmentation-for-Robotic-Scenes/outputs/sim_sam_vit_b_auto_v2/masks/row_0063_object_79_sam_auto_mask.png,0.9767517447471619,0.9849094748497009,16,0.9831536388140162,1.0,13.554866655999831,0.07377424104407306,cuda,vit_b
64,000007.png,80,data/cogar_sim_500_v2/rgb/000007.png,/home/amir/Desktop/COGAR/COGAR_Foundation-Model-Segmentation-for-Robotic-Scenes/data/cogar_sim_500_v2/instance_masks/v2/ann_00000080_img_000007_cat_connector.png,/home/amir/Desktop/COGAR/COGAR_Foundation-Model-Segmentation-for-Robotic-Scenes/outputs/sim_sam_vit_b_auto_v2/masks/row_0064_object_80_sam_auto_mask.png,1.021708607673645,0.9951058626174927,16,0.0,0.0,13.554866655999831,0.07377424104407306,cuda,vit_b
65,000007.png,81,data/cogar_sim_500_v2/rgb/000007.png,/home/amir/Desktop/COGAR/COGAR_Foundation-Model-Segmentation-for-Robotic-Scenes/data/cogar_sim_500_v2/instance_masks/v2/ann_00000081_img_000007_cat_robot_gripper.png,/home/amir/Desktop/COGAR/COGAR_Foundation-Model-Segmentation-for-Robotic-Scenes/outputs/sim_sam_vit_b_auto_v2/masks/row_0065_object_81_sam_auto_mask.png,0.9641619920730591,0.9738762974739075,16,0.6139994795732501,0.72397426431811,13.554866655999831,0.07377424104407306,cuda,vit_b
66,000007.png,82,data/cogar_sim_500_v2/rgb/000007.png,/home/amir/Desktop/COGAR/COGAR_Foundation-Model-Segmentation-for-Robotic-Scenes/data/cogar_sim_500_v2/instance_masks/v2/ann_00000082_img_000007_cat_robot_gripper.png,/home/amir/Desktop/COGAR/COGAR_Foundation-Model-Segmentation-for-Robotic-Scenes/outputs/sim_sam_vit_b_auto_v2/masks/row_0066_object_82_sam_auto_mask.png,0.9641619920730591,0.9738762974739075,16,0.3053719441821425,0.2980124145714465,13.554866655999831,0.07377424104407306,cuda,vit_b
67,000007.png,83,data/cogar_sim_500_v2/rgb/000007.png,/home/amir/Desktop/COGAR/COGAR_Foundation-Model-Segmentation-for-Robotic-Scenes/data/cogar_sim_500_v2/instance_masks/v2/ann_00000083_img_000007_cat_robot_gripper.png,/home/amir/Desktop/COGAR/COGAR_Foundation-Model-Segmentation-for-Robotic-Scenes/outputs/sim_sam_vit_b_auto_v2/masks/row_0067_object_83_sam_auto_mask.png,0.9641619920730591,0.9738762974739075,16,0.06599788806758183,0.18044525452415053,13.554866655999831,0.07377424104407306,cuda,vit_b
68,000008.png,86,data/cogar_sim_500_v2/rgb/000008.png,/home/amir/Desktop/COGAR/COGAR_Foundation-Model-Segmentation-for-Robotic-Scenes/data/cogar_sim_500_v2/instance_masks/v2/ann_00000086_img_000008_cat_cable.png,/home/amir/Desktop/COGAR/COGAR_Foundation-Model-Segmentation-for-Robotic-Scenes/outputs/sim_sam_vit_b_auto_v2/masks/row_0068_object_86_sam_auto_mask.png,0.963699460029602,0.9846938848495483,28,0.5508474576271186,0.7037037037037037,13.3602306949997,0.074849006939249,cuda,vit_b
69,000008.png,87,data/cogar_sim_500_v2/rgb/000008.png,/home/amir/Desktop/COGAR/COGAR_Foundation-Model-Segmentation-for-Robotic-Scenes/data/cogar_sim_500_v2/instance_masks/v2/ann_00000087_img_000008_cat_screw.png,/home/amir/Desktop/COGAR/COGAR_Foundation-Model-Segmentation-for-Robotic-Scenes/outputs/sim_sam_vit_b_auto_v2/masks/row_0069_object_87_sam_auto_mask.png,0.9322994351387024,0.9620253443717957,28,0.8974358974358975,1.0,13.3602306949997,0.074849006939249,cuda,vit_b
70,000008.png,88,data/cogar_sim_500_v2/rgb/000008.png,/home/amir/Desktop/COGAR/COGAR_Foundation-Model-Segmentation-for-Robotic-Scenes/data/cogar_sim_500_v2/instance_masks/v2/ann_00000088_img_000008_cat_screw.png,/home/amir/Desktop/COGAR/COGAR_Foundation-Model-Segmentation-for-Robotic-Scenes/outputs/sim_sam_vit_b_auto_v2/masks/row_0070_object_88_sam_auto_mask.png,0.9779092073440552,0.9908257126808167,28,0.9386363636363636,1.0,13.3602306949997,0.074849006939249,cuda,vit_b
71,000008.png,89,data/cogar_sim_500_v2/rgb/000008.png,/home/amir/Desktop/COGAR/COGAR_Foundation-Model-Segmentation-for-Robotic-Scenes/data/cogar_sim_500_v2/instance_masks/v2/ann_00000089_img_000008_cat_tool.png,/home/amir/Desktop/COGAR/COGAR_Foundation-Model-Segmentation-for-Robotic-Scenes/outputs/sim_sam_vit_b_auto_v2/masks/row_0071_object_89_sam_auto_mask.png,0.9534409046173096,0.9923356175422668,28,0.979009900990099,1.0,13.3602306949997,0.074849006939249,cuda,vit_b
72,000008.png,90,data/cogar_sim_500_v2/rgb/000008.png,/home/amir/Desktop/COGAR/COGAR_Foundation-Model-Segmentation-for-Robotic-Scenes/data/cogar_sim_500_v2/instance_masks/v2/ann_00000090_img_000008_cat_connector.png,/home/amir/Desktop/COGAR/COGAR_Foundation-Model-Segmentation-for-Robotic-Scenes/outputs/sim_sam_vit_b_auto_v2/masks/row_0072_object_90_sam_auto_mask.png,0.9633617997169495,0.9854709506034851,28,0.98173630222667,1.0,13.3602306949997,0.074849006939249,cuda,vit_b
73,000008.png,91,data/cogar_sim_500_v2/rgb/000008.png,/home/amir/Desktop/COGAR/COGAR_Foundation-Model-Segmentation-for-Robotic-Scenes/data/cogar_sim_500_v2/instance_masks/v2/ann_00000091_img_000008_cat_plastic_object.png,/home/amir/Desktop/COGAR/COGAR_Foundation-Model-Segmentation-for-Robotic-Scenes/outputs/sim_sam_vit_b_auto_v2/masks/row_0073_object_91_sam_auto_mask.png,0.991632878780365,0.9836745858192444,28,0.971746807932627,0.975560847223963,13.3602306949997,0.074849006939249,cuda,vit_b
74,000008.png,92,data/cogar_sim_500_v2/rgb/000008.png,/home/amir/Desktop/COGAR/COGAR_Foundation-Model-Segmentation-for-Robotic-Scenes/data/cogar_sim_500_v2/instance_masks/v2/ann_00000092_img_000008_cat_box.png,/home/amir/Desktop/COGAR/COGAR_Foundation-Model-Segmentation-for-Robotic-Scenes/outputs/sim_sam_vit_b_auto_v2/masks/row_0074_object_92_sam_auto_mask.png,0.9358105659484863,0.9524096250534058,28,0.67759178506119,0.7782994307516615,13.3602306949997,0.074849006939249,cuda,vit_b
75,000008.png,93,data/cogar_sim_500_v2/rgb/000008.png,/home/amir/Desktop/COGAR/COGAR_Foundation-Model-Segmentation-for-Robotic-Scenes/data/cogar_sim_500_v2/instance_masks/v2/ann_00000093_img_000008_cat_tool.png,/home/amir/Desktop/COGAR/COGAR_Foundation-Model-Segmentation-for-Robotic-Scenes/outputs/sim_sam_vit_b_auto_v2/masks/row_0075_object_93_sam_auto_mask.png,0.9555845856666565,0.9710479378700256,28,0.8104941416199695,0.7986526880108631,13.3602306949997,0.074849006939249,cuda,vit_b
76,000008.png,94,data/cogar_sim_500_v2/rgb/000008.png,/home/amir/Desktop/COGAR/COGAR_Foundation-Model-Segmentation-for-Robotic-Scenes/data/cogar_sim_500_v2/instance_masks/v2/ann_00000094_img_000008_cat_box.png,/home/amir/Desktop/COGAR/COGAR_Foundation-Model-Segmentation-for-Robotic-Scenes/outputs/sim_sam_vit_b_auto_v2/masks/row_0076_object_94_sam_auto_mask.png,1.0060691833496094,0.9876614212989807,28,0.9901538019261176,1.0,13.3602306949997,0.074849006939249,cuda,vit_b
77,000008.png,95,data/cogar_sim_500_v2/rgb/000008.png,/home/amir/Desktop/COGAR/COGAR_Foundation-Model-Segmentation-for-Robotic-Scenes/data/cogar_sim_500_v2/instance_masks/v2/ann_00000095_img_000008_cat_robot_gripper.png,/home/amir/Desktop/COGAR/COGAR_Foundation-Model-Segmentation-for-Robotic-Scenes/outputs/sim_sam_vit_b_auto_v2/masks/row_0077_object_95_sam_auto_mask.png,0.9422596096992493,0.9588640928268433,28,0.8270245317858085,0.753102084260685,13.3602306949997,0.074849006939249,cuda,vit_b
78,000008.png,96,data/cogar_sim_500_v2/rgb/000008.png,/home/amir/Desktop/COGAR/COGAR_Foundation-Model-Segmentation-for-Robotic-Scenes/data/cogar_sim_500_v2/instance_masks/v2/ann_00000096_img_000008_cat_robot_gripper.png,/home/amir/Desktop/COGAR/COGAR_Foundation-Model-Segmentation-for-Robotic-Scenes/outputs/sim_sam_vit_b_auto_v2/masks/row_0078_object_96_sam_auto_mask.png,0.9613900184631348,0.9762237668037415,28,0.5700522983759978,0.7034482758620689,13.3602306949997,0.074849006939249,cuda,vit_b
79,000008.png,97,data/cogar_sim_500_v2/rgb/000008.png,/home/amir/Desktop/COGAR/COGAR_Foundation-Model-Segmentation-for-Robotic-Scenes/data/cogar_sim_500_v2/instance_masks/v2/ann_00000097_img_000008_cat_robot_gripper.png,/home/amir/Desktop/COGAR/COGAR_Foundation-Model-Segmentation-for-Robotic-Scenes/outputs/sim_sam_vit_b_auto_v2/masks/row_0079_object_97_sam_auto_mask.png,0.9452711343765259,0.9727385640144348,28,0.9226118500604595,0.9779598932141303,13.3602306949997,0.074849006939249,cuda,vit_b
80,000009.png,100,data/cogar_sim_500_v2/rgb/000009.png,/home/amir/Desktop/COGAR/COGAR_Foundation-Model-Segmentation-for-Robotic-Scenes/data/cogar_sim_500_v2/instance_masks/v2/ann_00000100_img_000009_cat_glass_object.png,/home/amir/Desktop/COGAR/COGAR_Foundation-Model-Segmentation-for-Robotic-Scenes/outputs/sim_sam_vit_b_auto_v2/masks/row_0080_object_100_sam_auto_mask.png,0.9803897738456726,0.9818716645240784,23,0.7630026322955432,0.6393645616260456,12.904068015999655,0.07749494180905646,cuda,vit_b
81,000009.png,101,data/cogar_sim_500_v2/rgb/000009.png,/home/amir/Desktop/COGAR/COGAR_Foundation-Model-Segmentation-for-Robotic-Scenes/data/cogar_sim_500_v2/instance_masks/v2/ann_00000101_img_000009_cat_plastic_object.png,/home/amir/Desktop/COGAR/COGAR_Foundation-Model-Segmentation-for-Robotic-Scenes/outputs/sim_sam_vit_b_auto_v2/masks/row_0081_object_101_sam_auto_mask.png,0.9197543263435364,0.9786110520362854,23,0.9754617414248021,0.982791586998088,12.904068015999655,0.07749494180905646,cuda,vit_b
82,000009.png,102,data/cogar_sim_500_v2/rgb/000009.png,/home/amir/Desktop/COGAR/COGAR_Foundation-Model-Segmentation-for-Robotic-Scenes/data/cogar_sim_500_v2/instance_masks/v2/ann_00000102_img_000009_cat_plastic_object.png,/home/amir/Desktop/COGAR/COGAR_Foundation-Model-Segmentation-for-Robotic-Scenes/outputs/sim_sam_vit_b_auto_v2/masks/row_0082_object_102_sam_auto_mask.png,0.9949986338615417,0.9873054623603821,23,0.9795068493150685,1.0,12.904068015999655,0.07749494180905646,cuda,vit_b
83,000009.png,103,data/cogar_sim_500_v2/rgb/000009.png,/home/amir/Desktop/COGAR/COGAR_Foundation-Model-Segmentation-for-Robotic-Scenes/data/cogar_sim_500_v2/instance_masks/v2/ann_00000103_img_000009_cat_plastic_object.png,/home/amir/Desktop/COGAR/COGAR_Foundation-Model-Segmentation-for-Robotic-Scenes/outputs/sim_sam_vit_b_auto_v2/masks/row_0083_object_103_sam_auto_mask.png,0.9402505159378052,0.9774854779243469,23,0.8136224266316251,0.5237039482994481,12.904068015999655,0.07749494180905646,cuda,vit_b
84,000009.png,104,data/cogar_sim_500_v2/rgb/000009.png,/home/amir/Desktop/COGAR/COGAR_Foundation-Model-Segmentation-for-Robotic-Scenes/data/cogar_sim_500_v2/instance_masks/v2/ann_00000104_img_000009_cat_plastic_object.png,/home/amir/Desktop/COGAR/COGAR_Foundation-Model-Segmentation-for-Robotic-Scenes/outputs/sim_sam_vit_b_auto_v2/masks/row_0084_object_104_sam_auto_mask.png,0.9899750351905823,0.9896173477172852,23,0.977465613110916,1.0,12.904068015999655,0.07749494180905646,cuda,vit_b
85,000009.png,105,data/cogar_sim_500_v2/rgb/000009.png,/home/amir/Desktop/COGAR/COGAR_Foundation-Model-Segmentation-for-Robotic-Scenes/data/cogar_sim_500_v2/instance_masks/v2/ann_00000105_img_000009_cat_robot_gripper.png,/home/amir/Desktop/COGAR/COGAR_Foundation-Model-Segmentation-for-Robotic-Scenes/outputs/sim_sam_vit_b_auto_v2/masks/row_0085_object_105_sam_auto_mask.png,0.9909197092056274,0.9848427176475525,23,0.9025991497605338,0.8637326972877993,12.904068015999655,0.07749494180905646,cuda,vit_b
86,000009.png,106,data/cogar_sim_500_v2/rgb/000009.png,/home/amir/Desktop/COGAR/COGAR_Foundation-Model-Segmentation-for-Robotic-Scenes/data/cogar_sim_500_v2/instance_masks/v2/ann_00000106_img_000009_cat_robot_gripper.png,/home/amir/Desktop/COGAR/COGAR_Foundation-Model-Segmentation-for-Robotic-Scenes/outputs/sim_sam_vit_b_auto_v2/masks/row_0086_object_106_sam_auto_mask.png,0.9580565690994263,0.9863813519477844,23,0.24493731918997108,0.4788732394366197,12.904068015999655,0.07749494180905646,cuda,vit_b
87,000011.png,110,data/cogar_sim_500_v2/rgb/000011.png,/home/amir/Desktop/COGAR/COGAR_Foundation-Model-Segmentation-for-Robotic-Scenes/data/cogar_sim_500_v2/instance_masks/v2/ann_00000110_img_000011_cat_glass_object.png,/home/amir/Desktop/COGAR/COGAR_Foundation-Model-Segmentation-for-Robotic-Scenes/outputs/sim_sam_vit_b_auto_v2/masks/row_0087_object_110_sam_auto_mask.png,0.9162715673446655,0.9531861543655396,29,0.9479209270620313,0.7744255841362803,13.091001822999715,0.07638834777664531,cuda,vit_b
88,000011.png,111,data/cogar_sim_500_v2/rgb/000011.png,/home/amir/Desktop/COGAR/COGAR_Foundation-Model-Segmentation-for-Robotic-Scenes/data/cogar_sim_500_v2/instance_masks/v2/ann_00000111_img_000011_cat_plastic_object.png,/home/amir/Desktop/COGAR/COGAR_Foundation-Model-Segmentation-for-Robotic-Scenes/outputs/sim_sam_vit_b_auto_v2/masks/row_0088_object_111_sam_auto_mask.png,0.9736037254333496,0.9839342832565308,29,0.9704415954415955,1.0,13.091001822999715,0.07638834777664531,cuda,vit_b
89,000011.png,112,data/cogar_sim_500_v2/rgb/000011.png,/home/amir/Desktop/COGAR/COGAR_Foundation-Model-Segmentation-for-Robotic-Scenes/data/cogar_sim_500_v2/instance_masks/v2/ann_00000112_img_000011_cat_glass_object.png,/home/amir/Desktop/COGAR/COGAR_Foundation-Model-Segmentation-for-Robotic-Scenes/outputs/sim_sam_vit_b_auto_v2/masks/row_0089_object_112_sam_auto_mask.png,0.9871456027030945,0.9864018559455872,29,0.9828580097087378,1.0,13.091001822999715,0.07638834777664531,cuda,vit_b
90,000011.png,113,data/cogar_sim_500_v2/rgb/000011.png,/home/amir/Desktop/COGAR/COGAR_Foundation-Model-Segmentation-for-Robotic-Scenes/data/cogar_sim_500_v2/instance_masks/v2/ann_00000113_img_000011_cat_box.png,/home/amir/Desktop/COGAR/COGAR_Foundation-Model-Segmentation-for-Robotic-Scenes/outputs/sim_sam_vit_b_auto_v2/masks/row_0090_object_113_sam_auto_mask.png,0.9843775629997253,0.9821770787239075,29,0.9747973798156989,0.9971988795518207,13.091001822999715,0.07638834777664531,cuda,vit_b
91,000011.png,114,data/cogar_sim_500_v2/rgb/000011.png,/home/amir/Desktop/COGAR/COGAR_Foundation-Model-Segmentation-for-Robotic-Scenes/data/cogar_sim_500_v2/instance_masks/v2/ann_00000114_img_000011_cat_glass_object.png,/home/amir/Desktop/COGAR/COGAR_Foundation-Model-Segmentation-for-Robotic-Scenes/outputs/sim_sam_vit_b_auto_v2/masks/row_0091_object_114_sam_auto_mask.png,0.9832791090011597,0.9869511127471924,29,0.9924776233098458,1.0,13.091001822999715,0.07638834777664531,cuda,vit_b
92,000011.png,115,data/cogar_sim_500_v2/rgb/000011.png,/home/amir/Desktop/COGAR/COGAR_Foundation-Model-Segmentation-for-Robotic-Scenes/data/cogar_sim_500_v2/instance_masks/v2/ann_00000115_img_000011_cat_plastic_object.png,/home/amir/Desktop/COGAR/COGAR_Foundation-Model-Segmentation-for-Robotic-Scenes/outputs/sim_sam_vit_b_auto_v2/masks/row_0092_object_115_sam_auto_mask.png,1.0215089321136475,0.9898419976234436,29,0.981418918918919,1.0,13.091001822999715,0.07638834777664531,cuda,vit_b
93,000011.png,116,data/cogar_sim_500_v2/rgb/000011.png,/home/amir/Desktop/COGAR/COGAR_Foundation-Model-Segmentation-for-Robotic-Scenes/data/cogar_sim_500_v2/instance_masks/v2/ann_00000116_img_000011_cat_robot_gripper.png,/home/amir/Desktop/COGAR/COGAR_Foundation-Model-Segmentation-for-Robotic-Scenes/outputs/sim_sam_vit_b_auto_v2/masks/row_0093_object_116_sam_auto_mask.png,0.9967502355575562,0.9851816892623901,29,0.9664683966272305,1.0,13.091001822999715,0.07638834777664531,cuda,vit_b
94,000011.png,118,data/cogar_sim_500_v2/rgb/000011.png,/home/amir/Desktop/COGAR/COGAR_Foundation-Model-Segmentation-for-Robotic-Scenes/data/cogar_sim_500_v2/instance_masks/v2/ann_00000118_img_000011_cat_robot_gripper.png,/home/amir/Desktop/COGAR/COGAR_Foundation-Model-Segmentation-for-Robotic-Scenes/outputs/sim_sam_vit_b_auto_v2/masks/row_0094_object_118_sam_auto_mask.png,0.9888564348220825,0.9851351380348206,29,0.9661091549295775,1.0,13.091001822999715,0.07638834777664531,cuda,vit_b
95,000012.png,121,data/cogar_sim_500_v2/rgb/000012.png,/home/amir/Desktop/COGAR/COGAR_Foundation-Model-Segmentation-for-Robotic-Scenes/data/cogar_sim_500_v2/instance_masks/v2/ann_00000121_img_000012_cat_box.png,/home/amir/Desktop/COGAR/COGAR_Foundation-Model-Segmentation-for-Robotic-Scenes/outputs/sim_sam_vit_b_auto_v2/masks/row_0095_object_121_sam_auto_mask.png,1.0109498500823975,0.9650312066078186,28,0.988479172381363,0.9955099422706863,15.21479689700027,0.06572549122868401,cuda,vit_b
96,000012.png,122,data/cogar_sim_500_v2/rgb/000012.png,/home/amir/Desktop/COGAR/COGAR_Foundation-Model-Segmentation-for-Robotic-Scenes/data/cogar_sim_500_v2/instance_masks/v2/ann_00000122_img_000012_cat_connector.png,/home/amir/Desktop/COGAR/COGAR_Foundation-Model-Segmentation-for-Robotic-Scenes/outputs/sim_sam_vit_b_auto_v2/masks/row_0096_object_122_sam_auto_mask.png,0.9995355010032654,0.9879093170166016,28,0.9810756972111554,1.0,15.21479689700027,0.06572549122868401,cuda,vit_b
97,000012.png,123,data/cogar_sim_500_v2/rgb/000012.png,/home/amir/Desktop/COGAR/COGAR_Foundation-Model-Segmentation-for-Robotic-Scenes/data/cogar_sim_500_v2/instance_masks/v2/ann_00000123_img_000012_cat_box.png,/home/amir/Desktop/COGAR/COGAR_Foundation-Model-Segmentation-for-Robotic-Scenes/outputs/sim_sam_vit_b_auto_v2/masks/row_0097_object_123_sam_auto_mask.png,0.9868550300598145,0.9700769186019897,28,0.9845972561232219,1.0,15.21479689700027,0.06572549122868401,cuda,vit_b
98,000012.png,124,data/cogar_sim_500_v2/rgb/000012.png,/home/amir/Desktop/COGAR/COGAR_Foundation-Model-Segmentation-for-Robotic-Scenes/data/cogar_sim_500_v2/instance_masks/v2/ann_00000124_img_000012_cat_metal_part.png,/home/amir/Desktop/COGAR/COGAR_Foundation-Model-Segmentation-for-Robotic-Scenes/outputs/sim_sam_vit_b_auto_v2/masks/row_0098_object_124_sam_auto_mask.png,0.9726824760437012,0.974611222743988,28,0.8971841155234657,0.7591572860321946,15.21479689700027,0.06572549122868401,cuda,vit_b
99,000012.png,125,data/cogar_sim_500_v2/rgb/000012.png,/home/amir/Desktop/COGAR/COGAR_Foundation-Model-Segmentation-for-Robotic-Scenes/data/cogar_sim_500_v2/instance_masks/v2/ann_00000125_img_000012_cat_metal_part.png,/home/amir/Desktop/COGAR/COGAR_Foundation-Model-Segmentation-for-Robotic-Scenes/outputs/sim_sam_vit_b_auto_v2/masks/row_0099_object_125_sam_auto_mask.png,0.9532572627067566,0.9729403853416443,28,0.9018518518518519,0.7654357233121865,15.21479689700027,0.06572549122868401,cuda,vit_b
100,000012.png,126,data/cogar_sim_500_v2/rgb/000012.png,/home/amir/Desktop/COGAR/COGAR_Foundation-Model-Segmentation-for-Robotic-Scenes/data/cogar_sim_500_v2/instance_masks/v2/ann_00000126_img_000012_cat_cable.png,/home/amir/Desktop/COGAR/COGAR_Foundation-Model-Segmentation-for-Robotic-Scenes/outputs/sim_sam_vit_b_auto_v2/masks/row_0100_object_126_sam_auto_mask.png,0.9246019124984741,0.9618208408355713,28,0.6322001888574127,0.7943661971830985,15.21479689700027,0.06572549122868401,cuda,vit_b
101,000012.png,127,data/cogar_sim_500_v2/rgb/000012.png,/home/amir/Desktop/COGAR/COGAR_Foundation-Model-Segmentation-for-Robotic-Scenes/data/cogar_sim_500_v2/instance_masks/v2/ann_00000127_img_000012_cat_connector.png,/home/amir/Desktop/COGAR/COGAR_Foundation-Model-Segmentation-for-Robotic-Scenes/outputs/sim_sam_vit_b_auto_v2/masks/row_0101_object_127_sam_auto_mask.png,0.9872078895568848,0.9845161437988281,28,0.5987411487018096,0.654054054054054,15.21479689700027,0.06572549122868401,cuda,vit_b
102,000012.png,128,data/cogar_sim_500_v2/rgb/000012.png,/home/amir/Desktop/COGAR/COGAR_Foundation-Model-Segmentation-for-Robotic-Scenes/data/cogar_sim_500_v2/instance_masks/v2/ann_00000128_img_000012_cat_robot_gripper.png,/home/amir/Desktop/COGAR/COGAR_Foundation-Model-Segmentation-for-Robotic-Scenes/outputs/sim_sam_vit_b_auto_v2/masks/row_0102_object_128_sam_auto_mask.png,0.9798635244369507,0.9622681736946106,28,0.653984268125855,0.5471340384715867,15.21479689700027,0.06572549122868401,cuda,vit_b
103,000012.png,129,data/cogar_sim_500_v2/rgb/000012.png,/home/amir/Desktop/COGAR/COGAR_Foundation-Model-Segmentation-for-Robotic-Scenes/data/cogar_sim_500_v2/instance_masks/v2/ann_00000129_img_000012_cat_robot_gripper.png,/home/amir/Desktop/COGAR/COGAR_Foundation-Model-Segmentation-for-Robotic-Scenes/outputs/sim_sam_vit_b_auto_v2/masks/row_0103_object_129_sam_auto_mask.png,0.9337635040283203,0.9778090119361877,28,0.691121218113506,0.7557354925775979,15.21479689700027,0.06572549122868401,cuda,vit_b
104,000012.png,130,data/cogar_sim_500_v2/rgb/000012.png,/home/amir/Desktop/COGAR/COGAR_Foundation-Model-Segmentation-for-Robotic-Scenes/data/cogar_sim_500_v2/instance_masks/v2/ann_00000130_img_000012_cat_robot_gripper.png,/home/amir/Desktop/COGAR/COGAR_Foundation-Model-Segmentation-for-Robotic-Scenes/outputs/sim_sam_vit_b_auto_v2/masks/row_0104_object_130_sam_auto_mask.png,0.9579880237579346,0.9775765538215637,28,0.7095975232198143,0.7679738562091503,15.21479689700027,0.06572549122868401,cuda,vit_b
105,000013.png,132,data/cogar_sim_500_v2/rgb/000013.png,/home/amir/Desktop/COGAR/COGAR_Foundation-Model-Segmentation-for-Robotic-Scenes/data/cogar_sim_500_v2/instance_masks/v2/ann_00000132_img_000013_cat_screw.png,/home/amir/Desktop/COGAR/COGAR_Foundation-Model-Segmentation-for-Robotic-Scenes/outputs/sim_sam_vit_b_auto_v2/masks/row_0105_object_132_sam_auto_mask.png,0.9033931493759155,0.9590643048286438,32,0.3430232558139535,0.5365434221840069,14.292489815000408,0.06996681564540765,cuda,vit_b
106,000013.png,133,data/cogar_sim_500_v2/rgb/000013.png,/home/amir/Desktop/COGAR/COGAR_Foundation-Model-Segmentation-for-Robotic-Scenes/data/cogar_sim_500_v2/instance_masks/v2/ann_00000133_img_000013_cat_screw.png,/home/amir/Desktop/COGAR/COGAR_Foundation-Model-Segmentation-for-Robotic-Scenes/outputs/sim_sam_vit_b_auto_v2/masks/row_0106_object_133_sam_auto_mask.png,0.9195246696472168,0.9608938694000244,32,0.9243243243243243,0.9914529914529915,14.292489815000408,0.06996681564540765,cuda,vit_b
107,000013.png,134,data/cogar_sim_500_v2/rgb/000013.png,/home/amir/Desktop/COGAR/COGAR_Foundation-Model-Segmentation-for-Robotic-Scenes/data/cogar_sim_500_v2/instance_masks/v2/ann_00000134_img_000013_cat_connector.png,/home/amir/Desktop/COGAR/COGAR_Foundation-Model-Segmentation-for-Robotic-Scenes/outputs/sim_sam_vit_b_auto_v2/masks/row_0107_object_134_sam_auto_mask.png,0.9720360040664673,0.9822195172309875,32,0.9728424864212432,1.0,14.292489815000408,0.06996681564540765,cuda,vit_b
108,000013.png,135,data/cogar_sim_500_v2/rgb/000013.png,/home/amir/Desktop/COGAR/COGAR_Foundation-Model-Segmentation-for-Robotic-Scenes/data/cogar_sim_500_v2/instance_masks/v2/ann_00000135_img_000013_cat_screw.png,/home/amir/Desktop/COGAR/COGAR_Foundation-Model-Segmentation-for-Robotic-Scenes/outputs/sim_sam_vit_b_auto_v2/masks/row_0108_object_135_sam_auto_mask.png,0.9279874563217163,0.9834710955619812,32,0.952,1.0,14.292489815000408,0.06996681564540765,cuda,vit_b
109,000013.png,136,data/cogar_sim_500_v2/rgb/000013.png,/home/amir/Desktop/COGAR/COGAR_Foundation-Model-Segmentation-for-Robotic-Scenes/data/cogar_sim_500_v2/instance_masks/v2/ann_00000136_img_000013_cat_screw.png,/home/amir/Desktop/COGAR/COGAR_Foundation-Model-Segmentation-for-Robotic-Scenes/outputs/sim_sam_vit_b_auto_v2/masks/row_0109_object_136_sam_auto_mask.png,0.9033931493759155,0.9590643048286438,32,0.5317919075144508,0.8156297420333839,14.292489815000408,0.06996681564540765,cuda,vit_b
110,000013.png,137,data/cogar_sim_500_v2/rgb/000013.png,/home/amir/Desktop/COGAR/COGAR_Foundation-Model-Segmentation-for-Robotic-Scenes/data/cogar_sim_500_v2/instance_masks/v2/ann_00000137_img_000013_cat_box.png,/home/amir/Desktop/COGAR/COGAR_Foundation-Model-Segmentation-for-Robotic-Scenes/outputs/sim_sam_vit_b_auto_v2/masks/row_0110_object_137_sam_auto_mask.png,0.9889640212059021,0.9754276275634766,32,0.9835994446372788,0.993296977316186,14.292489815000408,0.06996681564540765,cuda,vit_b
111,000013.png,138,data/cogar_sim_500_v2/rgb/000013.png,/home/amir/Desktop/COGAR/COGAR_Foundation-Model-Segmentation-for-Robotic-Scenes/data/cogar_sim_500_v2/instance_masks/v2/ann_00000138_img_000013_cat_connector.png,/home/amir/Desktop/COGAR/COGAR_Foundation-Model-Segmentation-for-Robotic-Scenes/outputs/sim_sam_vit_b_auto_v2/masks/row_0111_object_138_sam_auto_mask.png,1.0014032125473022,0.982692301273346,32,0.9664461247637051,1.0,14.292489815000408,0.06996681564540765,cuda,vit_b
112,000013.png,139,data/cogar_sim_500_v2/rgb/000013.png,/home/amir/Desktop/COGAR/COGAR_Foundation-Model-Segmentation-for-Robotic-Scenes/data/cogar_sim_500_v2/instance_masks/v2/ann_00000139_img_000013_cat_connector.png,/home/amir/Desktop/COGAR/COGAR_Foundation-Model-Segmentation-for-Robotic-Scenes/outputs/sim_sam_vit_b_auto_v2/masks/row_0112_object_139_sam_auto_mask.png,0.9571174383163452,0.9842857122421265,32,0.9743589743589743,1.0,14.292489815000408,0.06996681564540765,cuda,vit_b
113,000013.png,140,data/cogar_sim_500_v2/rgb/000013.png,/home/amir/Desktop/COGAR/COGAR_Foundation-Model-Segmentation-for-Robotic-Scenes/data/cogar_sim_500_v2/instance_masks/v2/ann_00000140_img_000013_cat_connector.png,/home/amir/Desktop/COGAR/COGAR_Foundation-Model-Segmentation-for-Robotic-Scenes/outputs/sim_sam_vit_b_auto_v2/masks/row_0113_object_140_sam_auto_mask.png,0.9832542538642883,0.9798507690429688,32,0.9783904619970194,1.0,14.292489815000408,0.06996681564540765,cuda,vit_b
114,000013.png,141,data/cogar_sim_500_v2/rgb/000013.png,/home/amir/Desktop/COGAR/COGAR_Foundation-Model-Segmentation-for-Robotic-Scenes/data/cogar_sim_500_v2/instance_masks/v2/ann_00000141_img_000013_cat_screw.png,/home/amir/Desktop/COGAR/COGAR_Foundation-Model-Segmentation-for-Robotic-Scenes/outputs/sim_sam_vit_b_auto_v2/masks/row_0114_object_141_sam_auto_mask.png,0.9250530004501343,0.9790940880775452,32,0.956081081081081,1.0,14.292489815000408,0.06996681564540765,cuda,vit_b
115,000013.png,142,data/cogar_sim_500_v2/rgb/000013.png,/home/amir/Desktop/COGAR/COGAR_Foundation-Model-Segmentation-for-Robotic-Scenes/data/cogar_sim_500_v2/instance_masks/v2/ann_00000142_img_000013_cat_box.png,/home/amir/Desktop/COGAR/COGAR_Foundation-Model-Segmentation-for-Robotic-Scenes/outputs/sim_sam_vit_b_auto_v2/masks/row_0115_object_142_sam_auto_mask.png,0.996425211429596,0.9846072196960449,32,0.9852047556142668,1.0,14.292489815000408,0.06996681564540765,cuda,vit_b
116,000013.png,143,data/cogar_sim_500_v2/rgb/000013.png,/home/amir/Desktop/COGAR/COGAR_Foundation-Model-Segmentation-for-Robotic-Scenes/data/cogar_sim_500_v2/instance_masks/v2/ann_00000143_img_000013_cat_screw.png,/home/amir/Desktop/COGAR/COGAR_Foundation-Model-Segmentation-for-Robotic-Scenes/outputs/sim_sam_vit_b_auto_v2/masks/row_0116_object_143_sam_auto_mask.png,0.9221912622451782,0.9823529124259949,32,0.898936170212766,1.0,14.292489815000408,0.06996681564540765,cuda,vit_b
117,000013.png,144,data/cogar_sim_500_v2/rgb/000013.png,/home/amir/Desktop/COGAR/COGAR_Foundation-Model-Segmentation-for-Robotic-Scenes/data/cogar_sim_500_v2/instance_masks/v2/ann_00000144_img_000013_cat_connector.png,/home/amir/Desktop/COGAR/COGAR_Foundation-Model-Segmentation-for-Robotic-Scenes/outputs/sim_sam_vit_b_auto_v2/masks/row_0117_object_144_sam_auto_mask.png,0.9799612760543823,0.9854651093482971,32,0.9746341463414634,1.0,14.292489815000408,0.06996681564540765,cuda,vit_b
118,000014.png,147,data/cogar_sim_500_v2/rgb/000014.png,/home/amir/Desktop/COGAR/COGAR_Foundation-Model-Segmentation-for-Robotic-Scenes/data/cogar_sim_500_v2/instance_masks/v2/ann_00000147_img_000014_cat_metal_part.png,/home/amir/Desktop/COGAR/COGAR_Foundation-Model-Segmentation-for-Robotic-Scenes/outputs/sim_sam_vit_b_auto_v2/masks/row_0118_object_147_sam_auto_mask.png,0.9938104152679443,0.987751305103302,27,0.9772313296903461,1.0,13.994072812000013,0.0714588249921419,cuda,vit_b
119,000014.png,148,data/cogar_sim_500_v2/rgb/000014.png,/home/amir/Desktop/COGAR/COGAR_Foundation-Model-Segmentation-for-Robotic-Scenes/data/cogar_sim_500_v2/instance_masks/v2/ann_00000148_img_000014_cat_glass_object.png,/home/amir/Desktop/COGAR/COGAR_Foundation-Model-Segmentation-for-Robotic-Scenes/outputs/sim_sam_vit_b_auto_v2/masks/row_0119_object_148_sam_auto_mask.png,0.8901010751724243,0.9500959515571594,27,0.4539752813134108,0.5549999999999999,13.994072812000013,0.0714588249921419,cuda,vit_b
120,000014.png,149,data/cogar_sim_500_v2/rgb/000014.png,/home/amir/Desktop/COGAR/COGAR_Foundation-Model-Segmentation-for-Robotic-Scenes/data/cogar_sim_500_v2/instance_masks/v2/ann_00000149_img_000014_cat_plastic_object.png,/home/amir/Desktop/COGAR/COGAR_Foundation-Model-Segmentation-for-Robotic-Scenes/outputs/sim_sam_vit_b_auto_v2/masks/row_0120_object_149_sam_auto_mask.png,0.9859927296638489,0.9823845624923706,27,0.9640468227424749,1.0,13.994072812000013,0.0714588249921419,cuda,vit_b
121,000014.png,150,data/cogar_sim_500_v2/rgb/000014.png,/home/amir/Desktop/COGAR/COGAR_Foundation-Model-Segmentation-for-Robotic-Scenes/data/cogar_sim_500_v2/instance_masks/v2/ann_00000150_img_000014_cat_plastic_object.png,/home/amir/Desktop/COGAR/COGAR_Foundation-Model-Segmentation-for-Robotic-Scenes/outputs/sim_sam_vit_b_auto_v2/masks/row_0121_object_150_sam_auto_mask.png,0.9755732417106628,0.9840921759605408,27,0.8987388046061049,0.8530192552739629,13.994072812000013,0.0714588249921419,cuda,vit_b
122,000014.png,151,data/cogar_sim_500_v2/rgb/000014.png,/home/amir/Desktop/COGAR/COGAR_Foundation-Model-Segmentation-for-Robotic-Scenes/data/cogar_sim_500_v2/instance_masks/v2/ann_00000151_img_000014_cat_connector.png,/home/amir/Desktop/COGAR/COGAR_Foundation-Model-Segmentation-for-Robotic-Scenes/outputs/sim_sam_vit_b_auto_v2/masks/row_0122_object_151_sam_auto_mask.png,0.9621343612670898,0.9811643958091736,27,0.9836909871244636,1.0,13.994072812000013,0.0714588249921419,cuda,vit_b
123,000014.png,152,data/cogar_sim_500_v2/rgb/000014.png,/home/amir/Desktop/COGAR/COGAR_Foundation-Model-Segmentation-for-Robotic-Scenes/data/cogar_sim_500_v2/instance_masks/v2/ann_00000152_img_000014_cat_box.png,/home/amir/Desktop/COGAR/COGAR_Foundation-Model-Segmentation-for-Robotic-Scenes/outputs/sim_sam_vit_b_auto_v2/masks/row_0123_object_152_sam_auto_mask.png,0.9752352237701416,0.9716217517852783,27,0.9822525890593442,1.0,13.994072812000013,0.0714588249921419,cuda,vit_b
124,000014.png,153,data/cogar_sim_500_v2/rgb/000014.png,/home/amir/Desktop/COGAR/COGAR_Foundation-Model-Segmentation-for-Robotic-Scenes/data/cogar_sim_500_v2/instance_masks/v2/ann_00000153_img_000014_cat_robot_gripper.png,/home/amir/Desktop/COGAR/COGAR_Foundation-Model-Segmentation-for-Robotic-Scenes/outputs/sim_sam_vit_b_auto_v2/masks/row_0124_object_153_sam_auto_mask.png,0.9654453992843628,0.958977460861206,27,0.9140922556072789,0.8667717106680117,13.994072812000013,0.0714588249921419,cuda,vit_b
125,000014.png,154,data/cogar_sim_500_v2/rgb/000014.png,/home/amir/Desktop/COGAR/COGAR_Foundation-Model-Segmentation-for-Robotic-Scenes/data/cogar_sim_500_v2/instance_masks/v2/ann_00000154_img_000014_cat_robot_gripper.png,/home/amir/Desktop/COGAR/COGAR_Foundation-Model-Segmentation-for-Robotic-Scenes/outputs/sim_sam_vit_b_auto_v2/masks/row_0125_object_154_sam_auto_mask.png,0.9597079753875732,0.9544687867164612,27,0.6641414141414141,0.7078039927404719,13.994072812000013,0.0714588249921419,cuda,vit_b
126,000014.png,155,data/cogar_sim_500_v2/rgb/000014.png,/home/amir/Desktop/COGAR/COGAR_Foundation-Model-Segmentation-for-Robotic-Scenes/data/cogar_sim_500_v2/instance_masks/v2/ann_00000155_img_000014_cat_robot_gripper.png,/home/amir/Desktop/COGAR/COGAR_Foundation-Model-Segmentation-for-Robotic-Scenes/outputs/sim_sam_vit_b_auto_v2/masks/row_0126_object_155_sam_auto_mask.png,0.9263997077941895,0.9708549380302429,27,0.6209150326797386,0.7285714285714285,13.994072812000013,0.0714588249921419,cuda,vit_b
127,000015.png,158,data/cogar_sim_500_v2/rgb/000015.png,/home/amir/Desktop/COGAR/COGAR_Foundation-Model-Segmentation-for-Robotic-Scenes/data/cogar_sim_500_v2/instance_masks/v2/ann_00000158_img_000015_cat_box.png,/home/amir/Desktop/COGAR/COGAR_Foundation-Model-Segmentation-for-Robotic-Scenes/outputs/sim_sam_vit_b_auto_v2/masks/row_0127_object_158_sam_auto_mask.png,0.9720005989074707,0.9853847622871399,19,0.982388164846777,1.0,14.250671224999678,0.07017213324279907,cuda,vit_b
128,000015.png,159,data/cogar_sim_500_v2/rgb/000015.png,/home/amir/Desktop/COGAR/COGAR_Foundation-Model-Segmentation-for-Robotic-Scenes/data/cogar_sim_500_v2/instance_masks/v2/ann_00000159_img_000015_cat_connector.png,/home/amir/Desktop/COGAR/COGAR_Foundation-Model-Segmentation-for-Robotic-Scenes/outputs/sim_sam_vit_b_auto_v2/masks/row_0128_object_159_sam_auto_mask.png,0.9889472126960754,0.9874077439308167,19,0.9141130772550712,0.983263300334734,14.250671224999678,0.07017213324279907,cuda,vit_b
129,000015.png,160,data/cogar_sim_500_v2/rgb/000015.png,/home/amir/Desktop/COGAR/COGAR_Foundation-Model-Segmentation-for-Robotic-Scenes/data/cogar_sim_500_v2/instance_masks/v2/ann_00000160_img_000015_cat_tool.png,/home/amir/Desktop/COGAR/COGAR_Foundation-Model-Segmentation-for-Robotic-Scenes/outputs/sim_sam_vit_b_auto_v2/masks/row_0129_object_160_sam_auto_mask.png,0.9669593572616577,0.9814271926879883,19,0.5871559633027523,0.7084870848708488,14.250671224999678,0.07017213324279907,cuda,vit_b
130,000015.png,161,data/cogar_sim_500_v2/rgb/000015.png,/home/amir/Desktop/COGAR/COGAR_Foundation-Model-Segmentation-for-Robotic-Scenes/data/cogar_sim_500_v2/instance_masks/v2/ann_00000161_img_000015_cat_tool.png,/home/amir/Desktop/COGAR/COGAR_Foundation-Model-Segmentation-for-Robotic-Scenes/outputs/sim_sam_vit_b_auto_v2/masks/row_0130_object_161_sam_auto_mask.png,0.9714791774749756,0.9768686294555664,19,0.8518179040635503,0.8258155259775071,14.250671224999678,0.07017213324279907,cuda,vit_b
131,000015.png,162,data/cogar_sim_500_v2/rgb/000015.png,/home/amir/Desktop/COGAR/COGAR_Foundation-Model-Segmentation-for-Robotic-Scenes/data/cogar_sim_500_v2/instance_masks/v2/ann_00000162_img_000015_cat_tool.png,/home/amir/Desktop/COGAR/COGAR_Foundation-Model-Segmentation-for-Robotic-Scenes/outputs/sim_sam_vit_b_auto_v2/masks/row_0131_object_162_sam_auto_mask.png,0.9449345469474792,0.9712271094322205,19,0.531967155589866,0.6763253705943981,14.250671224999678,0.07017213324279907,cuda,vit_b
132,000015.png,163,data/cogar_sim_500_v2/rgb/000015.png,/home/amir/Desktop/COGAR/COGAR_Foundation-Model-Segmentation-for-Robotic-Scenes/data/cogar_sim_500_v2/instance_masks/v2/ann_00000163_img_000015_cat_metal_part.png,/home/amir/Desktop/COGAR/COGAR_Foundation-Model-Segmentation-for-Robotic-Scenes/outputs/sim_sam_vit_b_auto_v2/masks/row_0132_object_163_sam_auto_mask.png,1.0361428260803223,0.9783065319061279,19,0.9570523193096009,0.8936368861803851,14.250671224999678,0.07017213324279907,cuda,vit_b
133,000015.png,164,data/cogar_sim_500_v2/rgb/000015.png,/home/amir/Desktop/COGAR/COGAR_Foundation-Model-Segmentation-for-Robotic-Scenes/data/cogar_sim_500_v2/instance_masks/v2/ann_00000164_img_000015_cat_screw.png,/home/amir/Desktop/COGAR/COGAR_Foundation-Model-Segmentation-for-Robotic-Scenes/outputs/sim_sam_vit_b_auto_v2/masks/row_0133_object_164_sam_auto_mask.png,0.9408677816390991,0.9756097793579102,19,0.7804878048780488,1.0,14.250671224999678,0.07017213324279907,cuda,vit_b
134,000015.png,165,data/cogar_sim_500_v2/rgb/000015.png,/home/amir/Desktop/COGAR/COGAR_Foundation-Model-Segmentation-for-Robotic-Scenes/data/cogar_sim_500_v2/instance_masks/v2/ann_00000165_img_000015_cat_metal_part.png,/home/amir/Desktop/COGAR/COGAR_Foundation-Model-Segmentation-for-Robotic-Scenes/outputs/sim_sam_vit_b_auto_v2/masks/row_0134_object_165_sam_auto_mask.png,1.0104719400405884,0.9873193502426147,19,0.9686670207116304,1.0,14.250671224999678,0.07017213324279907,cuda,vit_b
135,000016.png,167,data/cogar_sim_500_v2/rgb/000016.png,/home/amir/Desktop/COGAR/COGAR_Foundation-Model-Segmentation-for-Robotic-Scenes/data/cogar_sim_500_v2/instance_masks/v2/ann_00000167_img_000016_cat_cable.png,/home/amir/Desktop/COGAR/COGAR_Foundation-Model-Segmentation-for-Robotic-Scenes/outputs/sim_sam_vit_b_auto_v2/masks/row_0135_object_167_sam_auto_mask.png,0.9897866249084473,0.9774085283279419,19,0.9589140271493213,0.994322789943228,13.04060504500012,0.07668355851198856,cuda,vit_b
136,000016.png,168,data/cogar_sim_500_v2/rgb/000016.png,/home/amir/Desktop/COGAR/COGAR_Foundation-Model-Segmentation-for-Robotic-Scenes/data/cogar_sim_500_v2/instance_masks/v2/ann_00000168_img_000016_cat_cable.png,/home/amir/Desktop/COGAR/COGAR_Foundation-Model-Segmentation-for-Robotic-Scenes/outputs/sim_sam_vit_b_auto_v2/masks/row_0136_object_168_sam_auto_mask.png,0.9660063982009888,0.9713565707206726,19,0.8489749430523919,0.7042507156200024,13.04060504500012,0.07668355851198856,cuda,vit_b
137,000016.png,169,data/cogar_sim_500_v2/rgb/000016.png,/home/amir/Desktop/COGAR/COGAR_Foundation-Model-Segmentation-for-Robotic-Scenes/data/cogar_sim_500_v2/instance_masks/v2/ann_00000169_img_000016_cat_glass_object.png,/home/amir/Desktop/COGAR/COGAR_Foundation-Model-Segmentation-for-Robotic-Scenes/outputs/sim_sam_vit_b_auto_v2/masks/row_0137_object_169_sam_auto_mask.png,0.9003483653068542,0.9779227375984192,19,0.3823574969021066,0.3717719568567026,13.04060504500012,0.07668355851198856,cuda,vit_b
138,000016.png,170,data/cogar_sim_500_v2/rgb/000016.png,/home/amir/Desktop/COGAR/COGAR_Foundation-Model-Segmentation-for-Robotic-Scenes/data/cogar_sim_500_v2/instance_masks/v2/ann_00000170_img_000016_cat_robot_gripper.png,/home/amir/Desktop/COGAR/COGAR_Foundation-Model-Segmentation-for-Robotic-Scenes/outputs/sim_sam_vit_b_auto_v2/masks/row_0138_object_170_sam_auto_mask.png,0.9333516359329224,0.9536698460578918,19,0.9730387816539756,0.9990147783251232,13.04060504500012,0.07668355851198856,cuda,vit_b
139,000016.png,171,data/cogar_sim_500_v2/rgb/000016.png,/home/amir/Desktop/COGAR/COGAR_Foundation-Model-Segmentation-for-Robotic-Scenes/data/cogar_sim_500_v2/instance_masks/v2/ann_00000171_img_000016_cat_robot_gripper.png,/home/amir/Desktop/COGAR/COGAR_Foundation-Model-Segmentation-for-Robotic-Scenes/outputs/sim_sam_vit_b_auto_v2/masks/row_0139_object_171_sam_auto_mask.png,0.9333516359329224,0.9536698460578918,19,0.0023119815041479667,0.08662900188323919,13.04060504500012,0.07668355851198856,cuda,vit_b
140,000016.png,172,data/cogar_sim_500_v2/rgb/000016.png,/home/amir/Desktop/COGAR/COGAR_Foundation-Model-Segmentation-for-Robotic-Scenes/data/cogar_sim_500_v2/instance_masks/v2/ann_00000172_img_000016_cat_robot_gripper.png,/home/amir/Desktop/COGAR/COGAR_Foundation-Model-Segmentation-for-Robotic-Scenes/outputs/sim_sam_vit_b_auto_v2/masks/row_0140_object_172_sam_auto_mask.png,0.9853760004043579,0.9876605868339539,19,0.9648526077097506,1.0,13.04060504500012,0.07668355851198856,cuda,vit_b
141,000018.png,177,data/cogar_sim_500_v2/rgb/000018.png,/home/amir/Desktop/COGAR/COGAR_Foundation-Model-Segmentation-for-Robotic-Scenes/data/cogar_sim_500_v2/instance_masks/v2/ann_00000177_img_000018_cat_connector.png,/home/amir/Desktop/COGAR/COGAR_Foundation-Model-Segmentation-for-Robotic-Scenes/outputs/sim_sam_vit_b_auto_v2/masks/row_0141_object_177_sam_auto_mask.png,0.9586095213890076,0.9500967264175415,17,0.01108715737603942,0.400891861761427,14.537403786999676,0.06878807348628971,cuda,vit_b
142,000018.png,178,data/cogar_sim_500_v2/rgb/000018.png,/home/amir/Desktop/COGAR/COGAR_Foundation-Model-Segmentation-for-Robotic-Scenes/data/cogar_sim_500_v2/instance_masks/v2/ann_00000178_img_000018_cat_connector.png,/home/amir/Desktop/COGAR/COGAR_Foundation-Model-Segmentation-for-Robotic-Scenes/outputs/sim_sam_vit_b_auto_v2/masks/row_0142_object_178_sam_auto_mask.png,0.9586095213890076,0.9500967264175415,17,0.9710202461294164,0.9876543209876543,14.537403786999676,0.06878807348628971,cuda,vit_b
143,000018.png,179,data/cogar_sim_500_v2/rgb/000018.png,/home/amir/Desktop/COGAR/COGAR_Foundation-Model-Segmentation-for-Robotic-Scenes/data/cogar_sim_500_v2/instance_masks/v2/ann_00000179_img_000018_cat_connector.png,/home/amir/Desktop/COGAR/COGAR_Foundation-Model-Segmentation-for-Robotic-Scenes/outputs/sim_sam_vit_b_auto_v2/masks/row_0143_object_179_sam_auto_mask.png,0.9716275930404663,0.9678143858909607,17,0.9744552967693464,0.9970845481049563,14.537403786999676,0.06878807348628971,cuda,vit_b
144,000018.png,180,data/cogar_sim_500_v2/rgb/000018.png,/home/amir/Desktop/COGAR/COGAR_Foundation-Model-Segmentation-for-Robotic-Scenes/data/cogar_sim_500_v2/instance_masks/v2/ann_00000180_img_000018_cat_cable.png,/home/amir/Desktop/COGAR/COGAR_Foundation-Model-Segmentation-for-Robotic-Scenes/outputs/sim_sam_vit_b_auto_v2/masks/row_0144_object_180_sam_auto_mask.png,0.9047161340713501,0.9573333263397217,17,0.7799573560767591,0.8785046728971964,14.537403786999676,0.06878807348628971,cuda,vit_b
145,000018.png,181,data/cogar_sim_500_v2/rgb/000018.png,/home/amir/Desktop/COGAR/COGAR_Foundation-Model-Segmentation-for-Robotic-Scenes/data/cogar_sim_500_v2/instance_masks/v2/ann_00000181_img_000018_cat_connector.png,/home/amir/Desktop/COGAR/COGAR_Foundation-Model-Segmentation-for-Robotic-Scenes/outputs/sim_sam_vit_b_auto_v2/masks/row_0145_object_181_sam_auto_mask.png,0.9452300071716309,0.9764309525489807,17,0.9310924369747899,1.0,14.537403786999676,0.06878807348628971,cuda,vit_b
146,000018.png,182,data/cogar_sim_500_v2/rgb/000018.png,/home/amir/Desktop/COGAR/COGAR_Foundation-Model-Segmentation-for-Robotic-Scenes/data/cogar_sim_500_v2/instance_masks/v2/ann_00000182_img_000018_cat_connector.png,/home/amir/Desktop/COGAR/COGAR_Foundation-Model-Segmentation-for-Robotic-Scenes/outputs/sim_sam_vit_b_auto_v2/masks/row_0146_object_182_sam_auto_mask.png,0.9826514720916748,0.9706717133522034,17,0.5761245674740484,0.6452115128546553,14.537403786999676,0.06878807348628971,cuda,vit_b
147,000018.png,183,data/cogar_sim_500_v2/rgb/000018.png,/home/amir/Desktop/COGAR/COGAR_Foundation-Model-Segmentation-for-Robotic-Scenes/data/cogar_sim_500_v2/instance_masks/v2/ann_00000183_img_000018_cat_screw.png,/home/amir/Desktop/COGAR/COGAR_Foundation-Model-Segmentation-for-Robotic-Scenes/outputs/sim_sam_vit_b_auto_v2/masks/row_0147_object_183_sam_auto_mask.png,0.9112621545791626,0.9747292399406433,17,0.950530035335689,1.0,14.537403786999676,0.06878807348628971,cuda,vit_b
148,000018.png,184,data/cogar_sim_500_v2/rgb/000018.png,/home/amir/Desktop/COGAR/COGAR_Foundation-Model-Segmentation-for-Robotic-Scenes/data/cogar_sim_500_v2/instance_masks/v2/ann_00000184_img_000018_cat_robot_gripper.png,/home/amir/Desktop/COGAR/COGAR_Foundation-Model-Segmentation-for-Robotic-Scenes/outputs/sim_sam_vit_b_auto_v2/masks/row_0148_object_184_sam_auto_mask.png,0.9677478671073914,0.9678919911384583,17,0.7945782580822419,0.7257618447875144,14.537403786999676,0.06878807348628971,cuda,vit_b
149,000018.png,185,data/cogar_sim_500_v2/rgb/000018.png,/home/amir/Desktop/COGAR/COGAR_Foundation-Model-Segmentation-for-Robotic-Scenes/data/cogar_sim_500_v2/instance_masks/v2/ann_00000185_img_000018_cat_robot_gripper.png,/home/amir/Desktop/COGAR/COGAR_Foundation-Model-Segmentation-for-Robotic-Scenes/outputs/sim_sam_vit_b_auto_v2/masks/row_0149_object_185_sam_auto_mask.png,0.9677478671073914,0.9678919911384583,17,0.10259704505827293,0.3674890398005674,14.537403786999676,0.06878807348628971,cuda,vit_b
150,000018.png,186,data/cogar_sim_500_v2/rgb/000018.png,/home/amir/Desktop/COGAR/COGAR_Foundation-Model-Segmentation-for-Robotic-Scenes/data/cogar_sim_500_v2/instance_masks/v2/ann_00000186_img_000018_cat_robot_gripper.png,/home/amir/Desktop/COGAR/COGAR_Foundation-Model-Segmentation-for-Robotic-Scenes/outputs/sim_sam_vit_b_auto_v2/masks/row_0150_object_186_sam_auto_mask.png,0.9677478671073914,0.9678919911384583,17,0.09308705193855157,0.32344233680820084,14.537403786999676,0.06878807348628971,cuda,vit_b
151,000020.png,191,data/cogar_sim_500_v2/rgb/000020.png,/home/amir/Desktop/COGAR/COGAR_Foundation-Model-Segmentation-for-Robotic-Scenes/data/cogar_sim_500_v2/instance_masks/v2/ann_00000191_img_000020_cat_metal_part.png,/home/amir/Desktop/COGAR/COGAR_Foundation-Model-Segmentation-for-Robotic-Scenes/outputs/sim_sam_vit_b_auto_v2/masks/row_0151_object_191_sam_auto_mask.png,1.0095571279525757,0.9819494485855103,19,0.9665001469291802,1.0,13.111512106999726,0.07626885380109125,cuda,vit_b
152,000020.png,192,data/cogar_sim_500_v2/rgb/000020.png,/home/amir/Desktop/COGAR/COGAR_Foundation-Model-Segmentation-for-Robotic-Scenes/data/cogar_sim_500_v2/instance_masks/v2/ann_00000192_img_000020_cat_metal_part.png,/home/amir/Desktop/COGAR/COGAR_Foundation-Model-Segmentation-for-Robotic-Scenes/outputs/sim_sam_vit_b_auto_v2/masks/row_0152_object_192_sam_auto_mask.png,1.0005311965942383,0.9855907559394836,19,0.9629888268156425,1.0,13.111512106999726,0.07626885380109125,cuda,vit_b
153,000020.png,193,data/cogar_sim_500_v2/rgb/000020.png,/home/amir/Desktop/COGAR/COGAR_Foundation-Model-Segmentation-for-Robotic-Scenes/data/cogar_sim_500_v2/instance_masks/v2/ann_00000193_img_000020_cat_tool.png,/home/amir/Desktop/COGAR/COGAR_Foundation-Model-Segmentation-for-Robotic-Scenes/outputs/sim_sam_vit_b_auto_v2/masks/row_0153_object_193_sam_auto_mask.png,0.9898664951324463,0.9855843782424927,19,0.9581814282650654,1.0,13.111512106999726,0.07626885380109125,cuda,vit_b
154,000020.png,194,data/cogar_sim_500_v2/rgb/000020.png,/home/amir/Desktop/COGAR/COGAR_Foundation-Model-Segmentation-for-Robotic-Scenes/data/cogar_sim_500_v2/instance_masks/v2/ann_00000194_img_000020_cat_tool.png,/home/amir/Desktop/COGAR/COGAR_Foundation-Model-Segmentation-for-Robotic-Scenes/outputs/sim_sam_vit_b_auto_v2/masks/row_0154_object_194_sam_auto_mask.png,0.9969742298126221,0.9759863018989563,19,0.8051326129666012,0.581263171339166,13.111512106999726,0.07626885380109125,cuda,vit_b
155,000020.png,195,data/cogar_sim_500_v2/rgb/000020.png,/home/amir/Desktop/COGAR/COGAR_Foundation-Model-Segmentation-for-Robotic-Scenes/data/cogar_sim_500_v2/instance_masks/v2/ann_00000195_img_000020_cat_robot_gripper.png,/home/amir/Desktop/COGAR/COGAR_Foundation-Model-Segmentation-for-Robotic-Scenes/outputs/sim_sam_vit_b_auto_v2/masks/row_0155_object_195_sam_auto_mask.png,1.0061819553375244,0.9867120981216431,19,0.9799419371865927,1.0,13.111512106999726,0.07626885380109125,cuda,vit_b
156,000020.png,196,data/cogar_sim_500_v2/rgb/000020.png,/home/amir/Desktop/COGAR/COGAR_Foundation-Model-Segmentation-for-Robotic-Scenes/data/cogar_sim_500_v2/instance_masks/v2/ann_00000196_img_000020_cat_robot_gripper.png,/home/amir/Desktop/COGAR/COGAR_Foundation-Model-Segmentation-for-Robotic-Scenes/outputs/sim_sam_vit_b_auto_v2/masks/row_0156_object_196_sam_auto_mask.png,0.9966240525245667,0.9862660765647888,19,0.9545829892650702,1.0,13.111512106999726,0.07626885380109125,cuda,vit_b
157,000022.png,201,data/cogar_sim_500_v2/rgb/000022.png,/home/amir/Desktop/COGAR/COGAR_Foundation-Model-Segmentation-for-Robotic-Scenes/data/cogar_sim_500_v2/instance_masks/v2/ann_00000201_img_000022_cat_box.png,/home/amir/Desktop/COGAR/COGAR_Foundation-Model-Segmentation-for-Robotic-Scenes/outputs/sim_sam_vit_b_auto_v2/masks/row_0157_object_201_sam_auto_mask.png,0.9961769580841064,0.978307843208313,12,0.9055272727272727,0.7898209236569274,13.856207015000109,0.07216982244256634,cuda,vit_b
158,000022.png,202,data/cogar_sim_500_v2/rgb/000022.png,/home/amir/Desktop/COGAR/COGAR_Foundation-Model-Segmentation-for-Robotic-Scenes/data/cogar_sim_500_v2/instance_masks/v2/ann_00000202_img_000022_cat_box.png,/home/amir/Desktop/COGAR/COGAR_Foundation-Model-Segmentation-for-Robotic-Scenes/outputs/sim_sam_vit_b_auto_v2/masks/row_0158_object_202_sam_auto_mask.png,0.9961769580841064,0.978307843208313,12,0.0860368729455481,0.49062667380824854,13.856207015000109,0.07216982244256634,cuda,vit_b
159,000022.png,203,data/cogar_sim_500_v2/rgb/000022.png,/home/amir/Desktop/COGAR/COGAR_Foundation-Model-Segmentation-for-Robotic-Scenes/data/cogar_sim_500_v2/instance_masks/v2/ann_00000203_img_000022_cat_cable.png,/home/amir/Desktop/COGAR/COGAR_Foundation-Model-Segmentation-for-Robotic-Scenes/outputs/sim_sam_vit_b_auto_v2/masks/row_0159_object_203_sam_auto_mask.png,0.9851130843162537,0.9745835065841675,12,0.9635971739911388,1.0,13.856207015000109,0.07216982244256634,cuda,vit_b
160,000022.png,205,data/cogar_sim_500_v2/rgb/000022.png,/home/amir/Desktop/COGAR/COGAR_Foundation-Model-Segmentation-for-Robotic-Scenes/data/cogar_sim_500_v2/instance_masks/v2/ann_00000205_img_000022_cat_cable.png,/home/amir/Desktop/COGAR/COGAR_Foundation-Model-Segmentation-for-Robotic-Scenes/outputs/sim_sam_vit_b_auto_v2/masks/row_0160_object_205_sam_auto_mask.png,0.9568150043487549,0.9752252101898193,12,0.770378263185935,0.8136783868384654,13.856207015000109,0.07216982244256634,cuda,vit_b
161,000022.png,206,data/cogar_sim_500_v2/rgb/000022.png,/home/amir/Desktop/COGAR/COGAR_Foundation-Model-Segmentation-for-Robotic-Scenes/data/cogar_sim_500_v2/instance_masks/v2/ann_00000206_img_000022_cat_cable.png,/home/amir/Desktop/COGAR/COGAR_Foundation-Model-Segmentation-for-Robotic-Scenes/outputs/sim_sam_vit_b_auto_v2/masks/row_0161_object_206_sam_auto_mask.png,0.9622366428375244,0.9669327139854431,12,0.8082329317269076,0.8644501278772379,13.856207015000109,0.07216982244256634,cuda,vit_b
162,000022.png,207,data/cogar_sim_500_v2/rgb/000022.png,/home/amir/Desktop/COGAR/COGAR_Foundation-Model-Segmentation-for-Robotic-Scenes/data/cogar_sim_500_v2/instance_masks/v2/ann_00000207_img_000022_cat_robot_gripper.png,/home/amir/Desktop/COGAR/COGAR_Foundation-Model-Segmentation-for-Robotic-Scenes/outputs/sim_sam_vit_b_auto_v2/masks/row_0162_object_207_sam_auto_mask.png,0.9674292802810669,0.973498523235321,12,0.9651311853687718,0.9361635512549397,13.856207015000109,0.07216982244256634,cuda,vit_b
163,000022.png,208,data/cogar_sim_500_v2/rgb/000022.png,/home/amir/Desktop/COGAR/COGAR_Foundation-Model-Segmentation-for-Robotic-Scenes/data/cogar_sim_500_v2/instance_masks/v2/ann_00000208_img_000022_cat_robot_gripper.png,/home/amir/Desktop/COGAR/COGAR_Foundation-Model-Segmentation-for-Robotic-Scenes/outputs/sim_sam_vit_b_auto_v2/masks/row_0163_object_208_sam_auto_mask.png,0.9674292802810669,0.973498523235321,12,0.013644289450741063,0.14143797017116194,13.856207015000109,0.07216982244256634,cuda,vit_b
164,000022.png,209,data/cogar_sim_500_v2/rgb/000022.png,/home/amir/Desktop/COGAR/COGAR_Foundation-Model-Segmentation-for-Robotic-Scenes/data/cogar_sim_500_v2/instance_masks/v2/ann_00000209_img_000022_cat_robot_gripper.png,/home/amir/Desktop/COGAR/COGAR_Foundation-Model-Segmentation-for-Robotic-Scenes/outputs/sim_sam_vit_b_auto_v2/masks/row_0164_object_209_sam_auto_mask.png,0.9790213704109192,0.973583459854126,12,0.9544106745737584,0.9982847341337907,13.856207015000109,0.07216982244256634,cuda,vit_b
165,000023.png,211,data/cogar_sim_500_v2/rgb/000023.png,/home/amir/Desktop/COGAR/COGAR_Foundation-Model-Segmentation-for-Robotic-Scenes/data/cogar_sim_500_v2/instance_masks/v2/ann_00000211_img_000023_cat_screw.png,/home/amir/Desktop/COGAR/COGAR_Foundation-Model-Segmentation-for-Robotic-Scenes/outputs/sim_sam_vit_b_auto_v2/masks/row_0165_object_211_sam_auto_mask.png,0.938356876373291,0.9934640526771545,28,0.9415584415584416,1.0,15.060090366000622,0.06640066398655756,cuda,vit_b
166,000023.png,212,data/cogar_sim_500_v2/rgb/000023.png,/home/amir/Desktop/COGAR/COGAR_Foundation-Model-Segmentation-for-Robotic-Scenes/data/cogar_sim_500_v2/instance_masks/v2/ann_00000212_img_000023_cat_connector.png,/home/amir/Desktop/COGAR/COGAR_Foundation-Model-Segmentation-for-Robotic-Scenes/outputs/sim_sam_vit_b_auto_v2/masks/row_0166_object_212_sam_auto_mask.png,0.9869394302368164,0.9849774837493896,28,0.9874749498997996,1.0,15.060090366000622,0.06640066398655756,cuda,vit_b
167,000023.png,213,data/cogar_sim_500_v2/rgb/000023.png,/home/amir/Desktop/COGAR/COGAR_Foundation-Model-Segmentation-for-Robotic-Scenes/data/cogar_sim_500_v2/instance_masks/v2/ann_00000213_img_000023_cat_cable.png,/home/amir/Desktop/COGAR/COGAR_Foundation-Model-Segmentation-for-Robotic-Scenes/outputs/sim_sam_vit_b_auto_v2/masks/row_0167_object_213_sam_auto_mask.png,0.939530611038208,0.9581005573272705,28,0.9650099403578529,0.9982817869415808,15.060090366000622,0.06640066398655756,cuda,vit_b
168,000023.png,214,data/cogar_sim_500_v2/rgb/000023.png,/home/amir/Desktop/COGAR/COGAR_Foundation-Model-Segmentation-for-Robotic-Scenes/data/cogar_sim_500_v2/instance_masks/v2/ann_00000214_img_000023_cat_connector.png,/home/amir/Desktop/COGAR/COGAR_Foundation-Model-Segmentation-for-Robotic-Scenes/outputs/sim_sam_vit_b_auto_v2/masks/row_0168_object_214_sam_auto_mask.png,0.9766752123832703,0.9858464598655701,28,0.9825708061002179,1.0,15.060090366000622,0.06640066398655756,cuda,vit_b
169,000023.png,215,data/cogar_sim_500_v2/rgb/000023.png,/home/amir/Desktop/COGAR/COGAR_Foundation-Model-Segmentation-for-Robotic-Scenes/data/cogar_sim_500_v2/instance_masks/v2/ann_00000215_img_000023_cat_screw.png,/home/amir/Desktop/COGAR/COGAR_Foundation-Model-Segmentation-for-Robotic-Scenes/outputs/sim_sam_vit_b_auto_v2/masks/row_0169_object_215_sam_auto_mask.png,0.9156995415687561,0.9788519740104675,28,0.9760479041916168,1.0,15.060090366000622,0.06640066398655756,cuda,vit_b
170,000023.png,216,data/cogar_sim_500_v2/rgb/000023.png,/home/amir/Desktop/COGAR/COGAR_Foundation-Model-Segmentation-for-Robotic-Scenes/data/cogar_sim_500_v2/instance_masks/v2/ann_00000216_img_000023_cat_connector.png,/home/amir/Desktop/COGAR/COGAR_Foundation-Model-Segmentation-for-Robotic-Scenes/outputs/sim_sam_vit_b_auto_v2/masks/row_0170_object_216_sam_auto_mask.png,1.0024957656860352,0.9824451208114624,28,0.9844042420461634,1.0,15.060090366000622,0.06640066398655756,cuda,vit_b
171,000023.png,217,data/cogar_sim_500_v2/rgb/000023.png,/home/amir/Desktop/COGAR/COGAR_Foundation-Model-Segmentation-for-Robotic-Scenes/data/cogar_sim_500_v2/instance_masks/v2/ann_00000217_img_000023_cat_metal_part.png,/home/amir/Desktop/COGAR/COGAR_Foundation-Model-Segmentation-for-Robotic-Scenes/outputs/sim_sam_vit_b_auto_v2/masks/row_0171_object_217_sam_auto_mask.png,0.9630370140075684,0.9784809947013855,28,0.49145569620253166,0.6719566271116458,15.060090366000622,0.06640066398655756,cuda,vit_b
172,000023.png,218,data/cogar_sim_500_v2/rgb/000023.png,/home/amir/Desktop/COGAR/COGAR_Foundation-Model-Segmentation-for-Robotic-Scenes/data/cogar_sim_500_v2/instance_masks/v2/ann_00000218_img_000023_cat_screw.png,/home/amir/Desktop/COGAR/COGAR_Foundation-Model-Segmentation-for-Robotic-Scenes/outputs/sim_sam_vit_b_auto_v2/masks/row_0172_object_218_sam_auto_mask.png,0.939530611038208,0.9581005573272705,28,0.0051813471502590676,0.12933300620377836,15.060090366000622,0.06640066398655756,cuda,vit_b
173,000023.png,219,data/cogar_sim_500_v2/rgb/000023.png,/home/amir/Desktop/COGAR/COGAR_Foundation-Model-Segmentation-for-Robotic-Scenes/data/cogar_sim_500_v2/instance_masks/v2/ann_00000219_img_000023_cat_connector.png,/home/amir/Desktop/COGAR/COGAR_Foundation-Model-Segmentation-for-Robotic-Scenes/outputs/sim_sam_vit_b_auto_v2/masks/row_0173_object_219_sam_auto_mask.png,0.9785542488098145,0.985774040222168,28,0.9811399832355406,1.0,15.060090366000622,0.06640066398655756,cuda,vit_b
174,000023.png,220,data/cogar_sim_500_v2/rgb/000023.png,/home/amir/Desktop/COGAR/COGAR_Foundation-Model-Segmentation-for-Robotic-Scenes/data/cogar_sim_500_v2/instance_masks/v2/ann_00000220_img_000023_cat_screw.png,/home/amir/Desktop/COGAR/COGAR_Foundation-Model-Segmentation-for-Robotic-Scenes/outputs/sim_sam_vit_b_auto_v2/masks/row_0174_object_220_sam_auto_mask.png,0.8860810995101929,0.9585987329483032,28,0.9589905362776026,1.0,15.060090366000622,0.06640066398655756,cuda,vit_b
175,000023.png,221,data/cogar_sim_500_v2/rgb/000023.png,/home/amir/Desktop/COGAR/COGAR_Foundation-Model-Segmentation-for-Robotic-Scenes/data/cogar_sim_500_v2/instance_masks/v2/ann_00000221_img_000023_cat_robot_gripper.png,/home/amir/Desktop/COGAR/COGAR_Foundation-Model-Segmentation-for-Robotic-Scenes/outputs/sim_sam_vit_b_auto_v2/masks/row_0175_object_221_sam_auto_mask.png,0.9608557820320129,0.9756320714950562,28,0.8562623649368437,0.8015807222709603,15.060090366000622,0.06640066398655756,cuda,vit_b
176,000023.png,222,data/cogar_sim_500_v2/rgb/000023.png,/home/amir/Desktop/COGAR/COGAR_Foundation-Model-Segmentation-for-Robotic-Scenes/data/cogar_sim_500_v2/instance_masks/v2/ann_00000222_img_000023_cat_robot_gripper.png,/home/amir/Desktop/COGAR/COGAR_Foundation-Model-Segmentation-for-Robotic-Scenes/outputs/sim_sam_vit_b_auto_v2/masks/row_0176_object_222_sam_auto_mask.png,0.9847288131713867,0.9813863635063171,28,0.6663774403470716,0.7583333333333334,15.060090366000622,0.06640066398655756,cuda,vit_b
177,000023.png,223,data/cogar_sim_500_v2/rgb/000023.png,/home/amir/Desktop/COGAR/COGAR_Foundation-Model-Segmentation-for-Robotic-Scenes/data/cogar_sim_500_v2/instance_masks/v2/ann_00000223_img_000023_cat_robot_gripper.png,/home/amir/Desktop/COGAR/COGAR_Foundation-Model-Segmentation-for-Robotic-Scenes/outputs/sim_sam_vit_b_auto_v2/masks/row_0177_object_223_sam_auto_mask.png,0.9630370140075684,0.9784809947013855,28,0.4106628242074928,0.3191850594227504,15.060090366000622,0.06640066398655756,cuda,vit_b
178,000024.png,226,data/cogar_sim_500_v2/rgb/000024.png,/home/amir/Desktop/COGAR/COGAR_Foundation-Model-Segmentation-for-Robotic-Scenes/data/cogar_sim_500_v2/instance_masks/v2/ann_00000226_img_000024_cat_connector.png,/home/amir/Desktop/COGAR/COGAR_Foundation-Model-Segmentation-for-Robotic-Scenes/outputs/sim_sam_vit_b_auto_v2/masks/row_0178_object_226_sam_auto_mask.png,0.9469412565231323,0.9850606918334961,26,0.983224603914259,1.0,14.97428668900011,0.06678114428880176,cuda,vit_b
179,000024.png,227,data/cogar_sim_500_v2/rgb/000024.png,/home/amir/Desktop/COGAR/COGAR_Foundation-Model-Segmentation-for-Robotic-Scenes/data/cogar_sim_500_v2/instance_masks/v2/ann_00000227_img_000024_cat_plastic_object.png,/home/amir/Desktop/COGAR/COGAR_Foundation-Model-Segmentation-for-Robotic-Scenes/outputs/sim_sam_vit_b_auto_v2/masks/row_0179_object_227_sam_auto_mask.png,1.0272990465164185,0.9894899725914001,26,0.9872503840245775,1.0,14.97428668900011,0.06678114428880176,cuda,vit_b
180,000024.png,228,data/cogar_sim_500_v2/rgb/000024.png,/home/amir/Desktop/COGAR/COGAR_Foundation-Model-Segmentation-for-Robotic-Scenes/data/cogar_sim_500_v2/instance_masks/v2/ann_00000228_img_000024_cat_metal_part.png,/home/amir/Desktop/COGAR/COGAR_Foundation-Model-Segmentation-for-Robotic-Scenes/outputs/sim_sam_vit_b_auto_v2/masks/row_0180_object_228_sam_auto_mask.png,0.9696071743965149,0.9827771782875061,26,0.9734748010610079,1.0,14.97428668900011,0.06678114428880176,cuda,vit_b
181,000024.png,229,data/cogar_sim_500_v2/rgb/000024.png,/home/amir/Desktop/COGAR/COGAR_Foundation-Model-Segmentation-for-Robotic-Scenes/data/cogar_sim_500_v2/instance_masks/v2/ann_00000229_img_000024_cat_plastic_object.png,/home/amir/Desktop/COGAR/COGAR_Foundation-Model-Segmentation-for-Robotic-Scenes/outputs/sim_sam_vit_b_auto_v2/masks/row_0181_object_229_sam_auto_mask.png,0.98893803358078,0.9917883276939392,26,0.9778641938378702,1.0,14.97428668900011,0.06678114428880176,cuda,vit_b
182,000024.png,230,data/cogar_sim_500_v2/rgb/000024.png,/home/amir/Desktop/COGAR/COGAR_Foundation-Model-Segmentation-for-Robotic-Scenes/data/cogar_sim_500_v2/instance_masks/v2/ann_00000230_img_000024_cat_plastic_object.png,/home/amir/Desktop/COGAR/COGAR_Foundation-Model-Segmentation-for-Robotic-Scenes/outputs/sim_sam_vit_b_auto_v2/masks/row_0182_object_230_sam_auto_mask.png,1.0261685848236084,0.9850327372550964,26,0.7146708604807909,0.7211871608812186,14.97428668900011,0.06678114428880176,cuda,vit_b
183,000024.png,231,data/cogar_sim_500_v2/rgb/000024.png,/home/amir/Desktop/COGAR/COGAR_Foundation-Model-Segmentation-for-Robotic-Scenes/data/cogar_sim_500_v2/instance_masks/v2/ann_00000231_img_000024_cat_connector.png,/home/amir/Desktop/COGAR/COGAR_Foundation-Model-Segmentation-for-Robotic-Scenes/outputs/sim_sam_vit_b_auto_v2/masks/row_0183_object_231_sam_auto_mask.png,0.9070943593978882,0.9890710115432739,26,0.907608695652174,1.0,14.97428668900011,0.06678114428880176,cuda,vit_b
184,000024.png,232,data/cogar_sim_500_v2/rgb/000024.png,/home/amir/Desktop/COGAR/COGAR_Foundation-Model-Segmentation-for-Robotic-Scenes/data/cogar_sim_500_v2/instance_masks/v2/ann_00000232_img_000024_cat_plastic_object.png,/home/amir/Desktop/COGAR/COGAR_Foundation-Model-Segmentation-for-Robotic-Scenes/outputs/sim_sam_vit_b_auto_v2/masks/row_0184_object_232_sam_auto_mask.png,1.02173912525177,0.9856224656105042,26,0.9860175202156334,1.0,14.97428668900011,0.06678114428880176,cuda,vit_b
185,000024.png,233,data/cogar_sim_500_v2/rgb/000024.png,/home/amir/Desktop/COGAR/COGAR_Foundation-Model-Segmentation-for-Robotic-Scenes/data/cogar_sim_500_v2/instance_masks/v2/ann_00000233_img_000024_cat_metal_part.png,/home/amir/Desktop/COGAR/COGAR_Foundation-Model-Segmentation-for-Robotic-Scenes/outputs/sim_sam_vit_b_auto_v2/masks/row_0185_object_233_sam_auto_mask.png,0.9934267401695251,0.9799405932426453,26,0.9774146162320969,1.0,14.97428668900011,0.06678114428880176,cuda,vit_b
186,000024.png,234,data/cogar_sim_500_v2/rgb/000024.png,/home/amir/Desktop/COGAR/COGAR_Foundation-Model-Segmentation-for-Robotic-Scenes/data/cogar_sim_500_v2/instance_masks/v2/ann_00000234_img_000024_cat_plastic_object.png,/home/amir/Desktop/COGAR/COGAR_Foundation-Model-Segmentation-for-Robotic-Scenes/outputs/sim_sam_vit_b_auto_v2/masks/row_0186_object_234_sam_auto_mask.png,0.8973422050476074,0.9719811677932739,26,0.5208333333333334,0.763490310759486,14.97428668900011,0.06678114428880176,cuda,vit_b
187,000025.png,237,data/cogar_sim_500_v2/rgb/000025.png,/home/amir/Desktop/COGAR/COGAR_Foundation-Model-Segmentation-for-Robotic-Scenes/data/cogar_sim_500_v2/instance_masks/v2/ann_00000237_img_000025_cat_metal_part.png,/home/amir/Desktop/COGAR/COGAR_Foundation-Model-Segmentation-for-Robotic-Scenes/outputs/sim_sam_vit_b_auto_v2/masks/row_0187_object_237_sam_auto_mask.png,1.0073398351669312,0.9898554682731628,19,0.9688888888888889,1.0,14.149845980999999,0.07067214733946722,cuda,vit_b
188,000025.png,238,data/cogar_sim_500_v2/rgb/000025.png,/home/amir/Desktop/COGAR/COGAR_Foundation-Model-Segmentation-for-Robotic-Scenes/data/cogar_sim_500_v2/instance_masks/v2/ann_00000238_img_000025_cat_metal_part.png,/home/amir/Desktop/COGAR/COGAR_Foundation-Model-Segmentation-for-Robotic-Scenes/outputs/sim_sam_vit_b_auto_v2/masks/row_0188_object_238_sam_auto_mask.png,0.9960570931434631,0.9920603632926941,19,0.9816046966731898,1.0,14.149845980999999,0.07067214733946722,cuda,vit_b
189,000025.png,239,data/cogar_sim_500_v2/rgb/000025.png,/home/amir/Desktop/COGAR/COGAR_Foundation-Model-Segmentation-for-Robotic-Scenes/data/cogar_sim_500_v2/instance_masks/v2/ann_00000239_img_000025_cat_plastic_object.png,/home/amir/Desktop/COGAR/COGAR_Foundation-Model-Segmentation-for-Robotic-Scenes/outputs/sim_sam_vit_b_auto_v2/masks/row_0189_object_239_sam_auto_mask.png,1.0182380676269531,0.991768479347229,19,0.9834341309492506,1.0,14.149845980999999,0.07067214733946722,cuda,vit_b
190,000025.png,240,data/cogar_sim_500_v2/rgb/000025.png,/home/amir/Desktop/COGAR/COGAR_Foundation-Model-Segmentation-for-Robotic-Scenes/data/cogar_sim_500_v2/instance_masks/v2/ann_00000240_img_000025_cat_screw.png,/home/amir/Desktop/COGAR/COGAR_Foundation-Model-Segmentation-for-Robotic-Scenes/outputs/sim_sam_vit_b_auto_v2/masks/row_0190_object_240_sam_auto_mask.png,0.8949671983718872,0.9756097793579102,19,0.19760479041916168,0.6407766990291262,14.149845980999999,0.07067214733946722,cuda,vit_b
191,000025.png,241,data/cogar_sim_500_v2/rgb/000025.png,/home/amir/Desktop/COGAR/COGAR_Foundation-Model-Segmentation-for-Robotic-Scenes/data/cogar_sim_500_v2/instance_masks/v2/ann_00000241_img_000025_cat_screw.png,/home/amir/Desktop/COGAR/COGAR_Foundation-Model-Segmentation-for-Robotic-Scenes/outputs/sim_sam_vit_b_auto_v2/masks/row_0191_object_241_sam_auto_mask.png,0.9377259016036987,0.9867841601371765,19,0.9782608695652174,1.0,14.149845980999999,0.07067214733946722,cuda,vit_b
192,000025.png,242,data/cogar_sim_500_v2/rgb/000025.png,/home/amir/Desktop/COGAR/COGAR_Foundation-Model-Segmentation-for-Robotic-Scenes/data/cogar_sim_500_v2/instance_masks/v2/ann_00000242_img_000025_cat_metal_part.png,/home/amir/Desktop/COGAR/COGAR_Foundation-Model-Segmentation-for-Robotic-Scenes/outputs/sim_sam_vit_b_auto_v2/masks/row_0192_object_242_sam_auto_mask.png,0.977148175239563,0.986914336681366,19,0.9763435920992191,1.0,14.149845980999999,0.07067214733946722,cuda,vit_b
193,000025.png,243,data/cogar_sim_500_v2/rgb/000025.png,/home/amir/Desktop/COGAR/COGAR_Foundation-Model-Segmentation-for-Robotic-Scenes/data/cogar_sim_500_v2/instance_masks/v2/ann_00000243_img_000025_cat_tool.png,/home/amir/Desktop/COGAR/COGAR_Foundation-Model-Segmentation-for-Robotic-Scenes/outputs/sim_sam_vit_b_auto_v2/masks/row_0193_object_243_sam_auto_mask.png,0.9630848169326782,0.9709106087684631,19,0.9640495867768595,0.9806763285024155,14.149845980999999,0.07067214733946722,cuda,vit_b
194,000025.png,244,data/cogar_sim_500_v2/rgb/000025.png,/home/amir/Desktop/COGAR/COGAR_Foundation-Model-Segmentation-for-Robotic-Scenes/data/cogar_sim_500_v2/instance_masks/v2/ann_00000244_img_000025_cat_metal_part.png,/home/amir/Desktop/COGAR/COGAR_Foundation-Model-Segmentation-for-Robotic-Scenes/outputs/sim_sam_vit_b_auto_v2/masks/row_0194_object_244_sam_auto_mask.png,0.9542210102081299,0.9767441749572754,19,0.7192386131883073,0.5442349337136216,14.149845980999999,0.07067214733946722,cuda,vit_b
195,000025.png,245,data/cogar_sim_500_v2/rgb/000025.png,/home/amir/Desktop/COGAR/COGAR_Foundation-Model-Segmentation-for-Robotic-Scenes/data/cogar_sim_500_v2/instance_masks/v2/ann_00000245_img_000025_cat_metal_part.png,/home/amir/Desktop/COGAR/COGAR_Foundation-Model-Segmentation-for-Robotic-Scenes/outputs/sim_sam_vit_b_auto_v2/masks/row_0195_object_245_sam_auto_mask.png,0.9832336902618408,0.9865971803665161,19,0.9593908629441624,1.0,14.149845980999999,0.07067214733946722,cuda,vit_b
196,000025.png,246,data/cogar_sim_500_v2/rgb/000025.png,/home/amir/Desktop/COGAR/COGAR_Foundation-Model-Segmentation-for-Robotic-Scenes/data/cogar_sim_500_v2/instance_masks/v2/ann_00000246_img_000025_cat_metal_part.png,/home/amir/Desktop/COGAR/COGAR_Foundation-Model-Segmentation-for-Robotic-Scenes/outputs/sim_sam_vit_b_auto_v2/masks/row_0196_object_246_sam_auto_mask.png,1.0111862421035767,0.9919999837875366,19,0.9667817083692839,1.0,14.149845980999999,0.07067214733946722,cuda,vit_b
197,000026.png,248,data/cogar_sim_500_v2/rgb/000026.png,/home/amir/Desktop/COGAR/COGAR_Foundation-Model-Segmentation-for-Robotic-Scenes/data/cogar_sim_500_v2/instance_masks/v2/ann_00000248_img_000026_cat_plastic_object.png,/home/amir/Desktop/COGAR/COGAR_Foundation-Model-Segmentation-for-Robotic-Scenes/outputs/sim_sam_vit_b_auto_v2/masks/row_0197_object_248_sam_auto_mask.png,0.9972105026245117,0.985489547252655,25,0.9922743290864733,1.0,13.644852862000334,0.07328770856774194,cuda,vit_b
198,000026.png,249,data/cogar_sim_500_v2/rgb/000026.png,/home/amir/Desktop/COGAR/COGAR_Foundation-Model-Segmentation-for-Robotic-Scenes/data/cogar_sim_500_v2/instance_masks/v2/ann_00000249_img_000026_cat_glass_object.png,/home/amir/Desktop/COGAR/COGAR_Foundation-Model-Segmentation-for-Robotic-Scenes/outputs/sim_sam_vit_b_auto_v2/masks/row_0198_object_249_sam_auto_mask.png,0.8994690179824829,0.9751256108283997,25,0.9902080783353733,0.996551724137931,13.644852862000334,0.07328770856774194,cuda,vit_b
199,000026.png,250,data/cogar_sim_500_v2/rgb/000026.png,/home/amir/Desktop/COGAR/COGAR_Foundation-Model-Segmentation-for-Robotic-Scenes/data/cogar_sim_500_v2/instance_masks/v2/ann_00000250_img_000026_cat_tool.png,/home/amir/Desktop/COGAR/COGAR_Foundation-Model-Segmentation-for-Robotic-Scenes/outputs/sim_sam_vit_b_auto_v2/masks/row_0199_object_250_sam_auto_mask.png,0.9739003777503967,0.9732241034507751,25,0.9751767478397486,1.0,13.644852862000334,0.07328770856774194,cuda,vit_b
200,000026.png,251,data/cogar_sim_500_v2/rgb/000026.png,/home/amir/Desktop/COGAR/COGAR_Foundation-Model-Segmentation-for-Robotic-Scenes/data/cogar_sim_500_v2/instance_masks/v2/ann_00000251_img_000026_cat_tool.png,/home/amir/Desktop/COGAR/COGAR_Foundation-Model-Segmentation-for-Robotic-Scenes/outputs/sim_sam_vit_b_auto_v2/masks/row_0200_object_251_sam_auto_mask.png,0.9530905485153198,0.9822738170623779,25,0.9596678529062871,1.0,13.644852862000334,0.07328770856774194,cuda,vit_b
201,000026.png,252,data/cogar_sim_500_v2/rgb/000026.png,/home/amir/Desktop/COGAR/COGAR_Foundation-Model-Segmentation-for-Robotic-Scenes/data/cogar_sim_500_v2/instance_masks/v2/ann_00000252_img_000026_cat_glass_object.png,/home/amir/Desktop/COGAR/COGAR_Foundation-Model-Segmentation-for-Robotic-Scenes/outputs/sim_sam_vit_b_auto_v2/masks/row_0201_object_252_sam_auto_mask.png,0.8843396902084351,0.9635844826698303,25,0.596326445418493,0.6151932198118343,13.644852862000334,0.07328770856774194,cuda,vit_b
202,000026.png,253,data/cogar_sim_500_v2/rgb/000026.png,/home/amir/Desktop/COGAR/COGAR_Foundation-Model-Segmentation-for-Robotic-Scenes/data/cogar_sim_500_v2/instance_masks/v2/ann_00000253_img_000026_cat_connector.png,/home/amir/Desktop/COGAR/COGAR_Foundation-Model-Segmentation-for-Robotic-Scenes/outputs/sim_sam_vit_b_auto_v2/masks/row_0202_object_253_sam_auto_mask.png,0.9949724078178406,0.9853846430778503,25,0.9738662567255957,1.0,13.644852862000334,0.07328770856774194,cuda,vit_b
203,000027.png,256,data/cogar_sim_500_v2/rgb/000027.png,/home/amir/Desktop/COGAR/COGAR_Foundation-Model-Segmentation-for-Robotic-Scenes/data/cogar_sim_500_v2/instance_masks/v2/ann_00000256_img_000027_cat_cable.png,/home/amir/Desktop/COGAR/COGAR_Foundation-Model-Segmentation-for-Robotic-Scenes/outputs/sim_sam_vit_b_auto_v2/masks/row_0203_object_256_sam_auto_mask.png,0.9593077898025513,0.9549628496170044,37,0.8138528138528138,0.7391844382223532,13.065195746000427,0.07653922830097086,cuda,vit_b
204,000027.png,257,data/cogar_sim_500_v2/rgb/000027.png,/home/amir/Desktop/COGAR/COGAR_Foundation-Model-Segmentation-for-Robotic-Scenes/data/cogar_sim_500_v2/instance_masks/v2/ann_00000257_img_000027_cat_box.png,/home/amir/Desktop/COGAR/COGAR_Foundation-Model-Segmentation-for-Robotic-Scenes/outputs/sim_sam_vit_b_auto_v2/masks/row_0204_object_257_sam_auto_mask.png,0.9913694858551025,0.9851230978965759,37,0.9919821176927937,0.9886048520116096,13.065195746000427,0.07653922830097086,cuda,vit_b
205,000027.png,258,data/cogar_sim_500_v2/rgb/000027.png,/home/amir/Desktop/COGAR/COGAR_Foundation-Model-Segmentation-for-Robotic-Scenes/data/cogar_sim_500_v2/instance_masks/v2/ann_00000258_img_000027_cat_box.png,/home/amir/Desktop/COGAR/COGAR_Foundation-Model-Segmentation-for-Robotic-Scenes/outputs/sim_sam_vit_b_auto_v2/masks/row_0205_object_258_sam_auto_mask.png,0.9914103746414185,0.9811583161354065,37,0.8152304911117807,0.7522565653896602,13.065195746000427,0.07653922830097086,cuda,vit_b
206,000027.png,259,data/cogar_sim_500_v2/rgb/000027.png,/home/amir/Desktop/COGAR/COGAR_Foundation-Model-Segmentation-for-Robotic-Scenes/data/cogar_sim_500_v2/instance_masks/v2/ann_00000259_img_000027_cat_cable.png,/home/amir/Desktop/COGAR/COGAR_Foundation-Model-Segmentation-for-Robotic-Scenes/outputs/sim_sam_vit_b_auto_v2/masks/row_0206_object_259_sam_auto_mask.png,0.9858508110046387,0.9782125353813171,37,0.876577287066246,0.9244444444444445,13.065195746000427,0.07653922830097086,cuda,vit_b
207,000027.png,260,data/cogar_sim_500_v2/rgb/000027.png,/home/amir/Desktop/COGAR/COGAR_Foundation-Model-Segmentation-for-Robotic-Scenes/data/cogar_sim_500_v2/instance_masks/v2/ann_00000260_img_000027_cat_cable.png,/home/amir/Desktop/COGAR/COGAR_Foundation-Model-Segmentation-for-Robotic-Scenes/outputs/sim_sam_vit_b_auto_v2/masks/row_0207_object_260_sam_auto_mask.png,0.9661253690719604,0.9725506901741028,37,0.9494866529774127,1.0,13.065195746000427,0.07653922830097086,cuda,vit_b
208,000027.png,261,data/cogar_sim_500_v2/rgb/000027.png,/home/amir/Desktop/COGAR/COGAR_Foundation-Model-Segmentation-for-Robotic-Scenes/data/cogar_sim_500_v2/instance_masks/v2/ann_00000261_img_000027_cat_glass_object.png,/home/amir/Desktop/COGAR/COGAR_Foundation-Model-Segmentation-for-Robotic-Scenes/outputs/sim_sam_vit_b_auto_v2/masks/row_0208_object_261_sam_auto_mask.png,0.9545361399650574,0.9814582467079163,37,0.9873915765000447,1.0,13.065195746000427,0.07653922830097086,cuda,vit_b
209,000027.png,262,data/cogar_sim_500_v2/rgb/000027.png,/home/amir/Desktop/COGAR/COGAR_Foundation-Model-Segmentation-for-Robotic-Scenes/data/cogar_sim_500_v2/instance_masks/v2/ann_00000262_img_000027_cat_box.png,/home/amir/Desktop/COGAR/COGAR_Foundation-Model-Segmentation-for-Robotic-Scenes/outputs/sim_sam_vit_b_auto_v2/masks/row_0209_object_262_sam_auto_mask.png,0.9916387796401978,0.9805788993835449,37,0.17726912779516574,0.25900250812055425,13.065195746000427,0.07653922830097086,cuda,vit_b
210,000027.png,263,data/cogar_sim_500_v2/rgb/000027.png,/home/amir/Desktop/COGAR/COGAR_Foundation-Model-Segmentation-for-Robotic-Scenes/data/cogar_sim_500_v2/instance_masks/v2/ann_00000263_img_000027_cat_plastic_object.png,/home/amir/Desktop/COGAR/COGAR_Foundation-Model-Segmentation-for-Robotic-Scenes/outputs/sim_sam_vit_b_auto_v2/masks/row_0210_object_263_sam_auto_mask.png,0.9774665236473083,0.9818181991577148,37,0.9765463324902276,1.0,13.065195746000427,0.07653922830097086,cuda,vit_b
211,000027.png,264,data/cogar_sim_500_v2/rgb/000027.png,/home/amir/Desktop/COGAR/COGAR_Foundation-Model-Segmentation-for-Robotic-Scenes/data/cogar_sim_500_v2/instance_masks/v2/ann_00000264_img_000027_cat_metal_part.png,/home/amir/Desktop/COGAR/COGAR_Foundation-Model-Segmentation-for-Robotic-Scenes/outputs/sim_sam_vit_b_auto_v2/masks/row_0211_object_264_sam_auto_mask.png,0.9984050989151001,0.9903181195259094,37,0.9729912221471978,1.0,13.065195746000427,0.07653922830097086,cuda,vit_b
212,000027.png,265,data/cogar_sim_500_v2/rgb/000027.png,/home/amir/Desktop/COGAR/COGAR_Foundation-Model-Segmentation-for-Robotic-Scenes/data/cogar_sim_500_v2/instance_masks/v2/ann_00000265_img_000027_cat_robot_gripper.png,/home/amir/Desktop/COGAR/COGAR_Foundation-Model-Segmentation-for-Robotic-Scenes/outputs/sim_sam_vit_b_auto_v2/masks/row_0212_object_265_sam_auto_mask.png,0.9783338904380798,0.9773366451263428,37,0.8182349747316543,0.7818014490157686,13.065195746000427,0.07653922830097086,cuda,vit_b
213,000027.png,266,data/cogar_sim_500_v2/rgb/000027.png,/home/amir/Desktop/COGAR/COGAR_Foundation-Model-Segmentation-for-Robotic-Scenes/data/cogar_sim_500_v2/instance_masks/v2/ann_00000266_img_000027_cat_robot_gripper.png,/home/amir/Desktop/COGAR/COGAR_Foundation-Model-Segmentation-for-Robotic-Scenes/outputs/sim_sam_vit_b_auto_v2/masks/row_0213_object_266_sam_auto_mask.png,0.9497768878936768,0.978723406791687,37,0.8848396501457726,1.0,13.065195746000427,0.07653922830097086,cuda,vit_b
214,000027.png,267,data/cogar_sim_500_v2/rgb/000027.png,/home/amir/Desktop/COGAR/COGAR_Foundation-Model-Segmentation-for-Robotic-Scenes/data/cogar_sim_500_v2/instance_masks/v2/ann_00000267_img_000027_cat_robot_gripper.png,/home/amir/Desktop/COGAR/COGAR_Foundation-Model-Segmentation-for-Robotic-Scenes/outputs/sim_sam_vit_b_auto_v2/masks/row_0214_object_267_sam_auto_mask.png,0.9562513828277588,0.9762702584266663,37,0.9598238855255916,1.0,13.065195746000427,0.07653922830097086,cuda,vit_b
215,000028.png,269,data/cogar_sim_500_v2/rgb/000028.png,/home/amir/Desktop/COGAR/COGAR_Foundation-Model-Segmentation-for-Robotic-Scenes/data/cogar_sim_500_v2/instance_masks/v2/ann_00000269_img_000028_cat_metal_part.png,/home/amir/Desktop/COGAR/COGAR_Foundation-Model-Segmentation-for-Robotic-Scenes/outputs/sim_sam_vit_b_auto_v2/masks/row_0215_object_269_sam_auto_mask.png,0.9993667602539062,0.9832727313041687,22,0.9578947368421052,1.0,15.663968224999735,0.06384078323167161,cuda,vit_b
216,000028.png,270,data/cogar_sim_500_v2/rgb/000028.png,/home/amir/Desktop/COGAR/COGAR_Foundation-Model-Segmentation-for-Robotic-Scenes/data/cogar_sim_500_v2/instance_masks/v2/ann_00000270_img_000028_cat_connector.png,/home/amir/Desktop/COGAR/COGAR_Foundation-Model-Segmentation-for-Robotic-Scenes/outputs/sim_sam_vit_b_auto_v2/masks/row_0216_object_270_sam_auto_mask.png,1.0107604265213013,0.9857142567634583,22,0.973314606741573,0.9949494949494949,15.663968224999735,0.06384078323167161,cuda,vit_b
217,000028.png,271,data/cogar_sim_500_v2/rgb/000028.png,/home/amir/Desktop/COGAR/COGAR_Foundation-Model-Segmentation-for-Robotic-Scenes/data/cogar_sim_500_v2/instance_masks/v2/ann_00000271_img_000028_cat_connector.png,/home/amir/Desktop/COGAR/COGAR_Foundation-Model-Segmentation-for-Robotic-Scenes/outputs/sim_sam_vit_b_auto_v2/masks/row_0217_object_271_sam_auto_mask.png,0.9609888792037964,0.9709748029708862,22,0.9341383095499451,1.0,15.663968224999735,0.06384078323167161,cuda,vit_b
218,000028.png,272,data/cogar_sim_500_v2/rgb/000028.png,/home/amir/Desktop/COGAR/COGAR_Foundation-Model-Segmentation-for-Robotic-Scenes/data/cogar_sim_500_v2/instance_masks/v2/ann_00000272_img_000028_cat_box.png,/home/amir/Desktop/COGAR/COGAR_Foundation-Model-Segmentation-for-Robotic-Scenes/outputs/sim_sam_vit_b_auto_v2/masks/row_0218_object_272_sam_auto_mask.png,0.9964355230331421,0.9717629551887512,22,0.9468341488351713,0.8826291079812207,15.663968224999735,0.06384078323167161,cuda,vit_b
219,000028.png,273,data/cogar_sim_500_v2/rgb/000028.png,/home/amir/Desktop/COGAR/COGAR_Foundation-Model-Segmentation-for-Robotic-Scenes/data/cogar_sim_500_v2/instance_masks/v2/ann_00000273_img_000028_cat_cable.png,/home/amir/Desktop/COGAR/COGAR_Foundation-Model-Segmentation-for-Robotic-Scenes/outputs/sim_sam_vit_b_auto_v2/masks/row_0219_object_273_sam_auto_mask.png,0.9871478080749512,0.9733431935310364,22,0.9348739495798319,0.9955539611967638,15.663968224999735,0.06384078323167161,cuda,vit_b
220,000028.png,274,data/cogar_sim_500_v2/rgb/000028.png,/home/amir/Desktop/COGAR/COGAR_Foundation-Model-Segmentation-for-Robotic-Scenes/data/cogar_sim_500_v2/instance_masks/v2/ann_00000274_img_000028_cat_screw.png,/home/amir/Desktop/COGAR/COGAR_Foundation-Model-Segmentation-for-Robotic-Scenes/outputs/sim_sam_vit_b_auto_v2/masks/row_0220_object_274_sam_auto_mask.png,0.8903814554214478,0.9657794833183289,22,0.6264150943396226,0.7639304973037748,15.663968224999735,0.06384078323167161,cuda,vit_b
221,000028.png,275,data/cogar_sim_500_v2/rgb/000028.png,/home/amir/Desktop/COGAR/COGAR_Foundation-Model-Segmentation-for-Robotic-Scenes/data/cogar_sim_500_v2/instance_masks/v2/ann_00000275_img_000028_cat_plastic_object.png,/home/amir/Desktop/COGAR/COGAR_Foundation-Model-Segmentation-for-Robotic-Scenes/outputs/sim_sam_vit_b_auto_v2/masks/row_0221_object_275_sam_auto_mask.png,1.0064395666122437,0.9858232140541077,22,0.9877123624318838,1.0,15.663968224999735,0.06384078323167161,cuda,vit_b
222,000028.png,276,data/cogar_sim_500_v2/rgb/000028.png,/home/amir/Desktop/COGAR/COGAR_Foundation-Model-Segmentation-for-Robotic-Scenes/data/cogar_sim_500_v2/instance_masks/v2/ann_00000276_img_000028_cat_connector.png,/home/amir/Desktop/COGAR/COGAR_Foundation-Model-Segmentation-for-Robotic-Scenes/outputs/sim_sam_vit_b_auto_v2/masks/row_0222_object_276_sam_auto_mask.png,1.003056287765503,0.9833776354789734,22,0.9732463295269168,1.0,15.663968224999735,0.06384078323167161,cuda,vit_b
223,000028.png,277,data/cogar_sim_500_v2/rgb/000028.png,/home/amir/Desktop/COGAR/COGAR_Foundation-Model-Segmentation-for-Robotic-Scenes/data/cogar_sim_500_v2/instance_masks/v2/ann_00000277_img_000028_cat_robot_gripper.png,/home/amir/Desktop/COGAR/COGAR_Foundation-Model-Segmentation-for-Robotic-Scenes/outputs/sim_sam_vit_b_auto_v2/masks/row_0223_object_277_sam_auto_mask.png,1.0019464492797852,0.9839091897010803,22,0.9791187480268796,0.9911545184506686,15.663968224999735,0.06384078323167161,cuda,vit_b
224,000028.png,278,data/cogar_sim_500_v2/rgb/000028.png,/home/amir/Desktop/COGAR/COGAR_Foundation-Model-Segmentation-for-Robotic-Scenes/data/cogar_sim_500_v2/instance_masks/v2/ann_00000278_img_000028_cat_robot_gripper.png,/home/amir/Desktop/COGAR/COGAR_Foundation-Model-Segmentation-for-Robotic-Scenes/outputs/sim_sam_vit_b_auto_v2/masks/row_0224_object_278_sam_auto_mask.png,0.9723946452140808,0.9844644069671631,22,0.9491725768321513,0.9899540948706007,15.663968224999735,0.06384078323167161,cuda,vit_b
225,000029.png,281,data/cogar_sim_500_v2/rgb/000029.png,/home/amir/Desktop/COGAR/COGAR_Foundation-Model-Segmentation-for-Robotic-Scenes/data/cogar_sim_500_v2/instance_masks/v2/ann_00000281_img_000029_cat_plastic_object.png,/home/amir/Desktop/COGAR/COGAR_Foundation-Model-Segmentation-for-Robotic-Scenes/outputs/sim_sam_vit_b_auto_v2/masks/row_0225_object_281_sam_auto_mask.png,0.9649539589881897,0.9803240895271301,14,0.9619337647506662,0.9969418960244648,14.345245128999522,0.06970950938847727,cuda,vit_b
226,000029.png,282,data/cogar_sim_500_v2/rgb/000029.png,/home/amir/Desktop/COGAR/COGAR_Foundation-Model-Segmentation-for-Robotic-Scenes/data/cogar_sim_500_v2/instance_masks/v2/ann_00000282_img_000029_cat_connector.png,/home/amir/Desktop/COGAR/COGAR_Foundation-Model-Segmentation-for-Robotic-Scenes/outputs/sim_sam_vit_b_auto_v2/masks/row_0226_object_282_sam_auto_mask.png,0.955561637878418,1.0,14,0.9466666666666667,1.0,14.345245128999522,0.06970950938847727,cuda,vit_b
227,000029.png,283,data/cogar_sim_500_v2/rgb/000029.png,/home/amir/Desktop/COGAR/COGAR_Foundation-Model-Segmentation-for-Robotic-Scenes/data/cogar_sim_500_v2/instance_masks/v2/ann_00000283_img_000029_cat_connector.png,/home/amir/Desktop/COGAR/COGAR_Foundation-Model-Segmentation-for-Robotic-Scenes/outputs/sim_sam_vit_b_auto_v2/masks/row_0227_object_283_sam_auto_mask.png,1.0079365968704224,0.9870533347129822,14,0.970694087403599,1.0,14.345245128999522,0.06970950938847727,cuda,vit_b
228,000029.png,284,data/cogar_sim_500_v2/rgb/000029.png,/home/amir/Desktop/COGAR/COGAR_Foundation-Model-Segmentation-for-Robotic-Scenes/data/cogar_sim_500_v2/instance_masks/v2/ann_00000284_img_000029_cat_robot_gripper.png,/home/amir/Desktop/COGAR/COGAR_Foundation-Model-Segmentation-for-Robotic-Scenes/outputs/sim_sam_vit_b_auto_v2/masks/row_0228_object_284_sam_auto_mask.png,0.9663413763046265,0.9723948240280151,14,0.6987743557510999,0.48426381809008506,14.345245128999522,0.06970950938847727,cuda,vit_b
229,000029.png,285,data/cogar_sim_500_v2/rgb/000029.png,/home/amir/Desktop/COGAR/COGAR_Foundation-Model-Segmentation-for-Robotic-Scenes/data/cogar_sim_500_v2/instance_masks/v2/ann_00000285_img_000029_cat_robot_gripper.png,/home/amir/Desktop/COGAR/COGAR_Foundation-Model-Segmentation-for-Robotic-Scenes/outputs/sim_sam_vit_b_auto_v2/masks/row_0229_object_285_sam_auto_mask.png,0.8954460620880127,0.9575070738792419,14,0.21673640167364017,0.2719455392332497,14.345245128999522,0.06970950938847727,cuda,vit_b
230,000029.png,286,data/cogar_sim_500_v2/rgb/000029.png,/home/amir/Desktop/COGAR/COGAR_Foundation-Model-Segmentation-for-Robotic-Scenes/data/cogar_sim_500_v2/instance_masks/v2/ann_00000286_img_000029_cat_robot_gripper.png,/home/amir/Desktop/COGAR/COGAR_Foundation-Model-Segmentation-for-Robotic-Scenes/outputs/sim_sam_vit_b_auto_v2/masks/row_0230_object_286_sam_auto_mask.png,0.9013940095901489,0.9596502780914307,14,0.38659583163056804,0.6012031772690354,14.345245128999522,0.06970950938847727,cuda,vit_b
231,000030.png,288,data/cogar_sim_500_v2/rgb/000030.png,/home/amir/Desktop/COGAR/COGAR_Foundation-Model-Segmentation-for-Robotic-Scenes/data/cogar_sim_500_v2/instance_masks/v2/ann_00000288_img_000030_cat_plastic_object.png,/home/amir/Desktop/COGAR/COGAR_Foundation-Model-Segmentation-for-Robotic-Scenes/outputs/sim_sam_vit_b_auto_v2/masks/row_0231_object_288_sam_auto_mask.png,1.0037285089492798,0.9757905006408691,23,0.9824950690335306,1.0,13.521741742999438,0.07395496963382889,cuda,vit_b
232,000030.png,289,data/cogar_sim_500_v2/rgb/000030.png,/home/amir/Desktop/COGAR/COGAR_Foundation-Model-Segmentation-for-Robotic-Scenes/data/cogar_sim_500_v2/instance_masks/v2/ann_00000289_img_000030_cat_tool.png,/home/amir/Desktop/COGAR/COGAR_Foundation-Model-Segmentation-for-Robotic-Scenes/outputs/sim_sam_vit_b_auto_v2/masks/row_0232_object_289_sam_auto_mask.png,0.9410710334777832,0.9640375971794128,23,0.5747588424437299,0.759101540090905,13.521741742999438,0.07395496963382889,cuda,vit_b
233,000030.png,290,data/cogar_sim_500_v2/rgb/000030.png,/home/amir/Desktop/COGAR/COGAR_Foundation-Model-Segmentation-for-Robotic-Scenes/data/cogar_sim_500_v2/instance_masks/v2/ann_00000290_img_000030_cat_metal_part.png,/home/amir/Desktop/COGAR/COGAR_Foundation-Model-Segmentation-for-Robotic-Scenes/outputs/sim_sam_vit_b_auto_v2/masks/row_0233_object_290_sam_auto_mask.png,0.9276944398880005,0.9620758295059204,23,0.9345238095238095,1.0,13.521741742999438,0.07395496963382889,cuda,vit_b
234,000030.png,291,data/cogar_sim_500_v2/rgb/000030.png,/home/amir/Desktop/COGAR/COGAR_Foundation-Model-Segmentation-for-Robotic-Scenes/data/cogar_sim_500_v2/instance_masks/v2/ann_00000291_img_000030_cat_box.png,/home/amir/Desktop/COGAR/COGAR_Foundation-Model-Segmentation-for-Robotic-Scenes/outputs/sim_sam_vit_b_auto_v2/masks/row_0234_object_291_sam_auto_mask.png,0.9883603453636169,0.9813177585601807,23,0.9857772720807851,1.0,13.521741742999438,0.07395496963382889,cuda,vit_b
235,000030.png,292,data/cogar_sim_500_v2/rgb/000030.png,/home/amir/Desktop/COGAR/COGAR_Foundation-Model-Segmentation-for-Robotic-Scenes/data/cogar_sim_500_v2/instance_masks/v2/ann_00000292_img_000030_cat_robot_gripper.png,/home/amir/Desktop/COGAR/COGAR_Foundation-Model-Segmentation-for-Robotic-Scenes/outputs/sim_sam_vit_b_auto_v2/masks/row_0235_object_292_sam_auto_mask.png,0.9549938440322876,0.955207884311676,23,0.644731228668942,0.47290079649631656,13.521741742999438,0.07395496963382889,cuda,vit_b
236,000030.png,293,data/cogar_sim_500_v2/rgb/000030.png,/home/amir/Desktop/COGAR/COGAR_Foundation-Model-Segmentation-for-Robotic-Scenes/data/cogar_sim_500_v2/instance_masks/v2/ann_00000293_img_000030_cat_robot_gripper.png,/home/amir/Desktop/COGAR/COGAR_Foundation-Model-Segmentation-for-Robotic-Scenes/outputs/sim_sam_vit_b_auto_v2/masks/row_0236_object_293_sam_auto_mask.png,0.9011088609695435,0.9567018151283264,23,0.7282329431915501,0.8245248939846083,13.521741742999438,0.07395496963382889,cuda,vit_b
237,000030.png,294,data/cogar_sim_500_v2/rgb/000030.png,/home/amir/Desktop/COGAR/COGAR_Foundation-Model-Segmentation-for-Robotic-Scenes/data/cogar_sim_500_v2/instance_masks/v2/ann_00000294_img_000030_cat_robot_gripper.png,/home/amir/Desktop/COGAR/COGAR_Foundation-Model-Segmentation-for-Robotic-Scenes/outputs/sim_sam_vit_b_auto_v2/masks/row_0237_object_294_sam_auto_mask.png,0.9616273641586304,0.9937888383865356,23,0.8565815324165029,0.852017937219731,13.521741742999438,0.07395496963382889,cuda,vit_b
238,000032.png,298,data/cogar_sim_500_v2/rgb/000032.png,/home/amir/Desktop/COGAR/COGAR_Foundation-Model-Segmentation-for-Robotic-Scenes/data/cogar_sim_500_v2/instance_masks/v2/ann_00000298_img_000032_cat_plastic_object.png,/home/amir/Desktop/COGAR/COGAR_Foundation-Model-Segmentation-for-Robotic-Scenes/outputs/sim_sam_vit_b_auto_v2/masks/row_0238_object_298_sam_auto_mask.png,0.9868024587631226,0.9838294982910156,22,0.975,1.0,14.748731957000018,0.06780243907852578,cuda,vit_b
239,000032.png,299,data/cogar_sim_500_v2/rgb/000032.png,/home/amir/Desktop/COGAR/COGAR_Foundation-Model-Segmentation-for-Robotic-Scenes/data/cogar_sim_500_v2/instance_masks/v2/ann_00000299_img_000032_cat_tool.png,/home/amir/Desktop/COGAR/COGAR_Foundation-Model-Segmentation-for-Robotic-Scenes/outputs/sim_sam_vit_b_auto_v2/masks/row_0239_object_299_sam_auto_mask.png,0.963971734046936,0.9826765060424805,22,0.9602903501280956,1.0,14.748731957000018,0.06780243907852578,cuda,vit_b
240,000032.png,300,data/cogar_sim_500_v2/rgb/000032.png,/home/amir/Desktop/COGAR/COGAR_Foundation-Model-Segmentation-for-Robotic-Scenes/data/cogar_sim_500_v2/instance_masks/v2/ann_00000300_img_000032_cat_cable.png,/home/amir/Desktop/COGAR/COGAR_Foundation-Model-Segmentation-for-Robotic-Scenes/outputs/sim_sam_vit_b_auto_v2/masks/row_0240_object_300_sam_auto_mask.png,0.9613447189331055,0.9746299982070923,22,0.788034188034188,0.880672268907563,14.748731957000018,0.06780243907852578,cuda,vit_b
241,000032.png,301,data/cogar_sim_500_v2/rgb/000032.png,/home/amir/Desktop/COGAR/COGAR_Foundation-Model-Segmentation-for-Robotic-Scenes/data/cogar_sim_500_v2/instance_masks/v2/ann_00000301_img_000032_cat_connector.png,/home/amir/Desktop/COGAR/COGAR_Foundation-Model-Segmentation-for-Robotic-Scenes/outputs/sim_sam_vit_b_auto_v2/masks/row_0241_object_301_sam_auto_mask.png,0.9886470437049866,0.9786477088928223,22,0.9661164205039097,1.0,14.748731957000018,0.06780243907852578,cuda,vit_b
242,000032.png,302,data/cogar_sim_500_v2/rgb/000032.png,/home/amir/Desktop/COGAR/COGAR_Foundation-Model-Segmentation-for-Robotic-Scenes/data/cogar_sim_500_v2/instance_masks/v2/ann_00000302_img_000032_cat_box.png,/home/amir/Desktop/COGAR/COGAR_Foundation-Model-Segmentation-for-Robotic-Scenes/outputs/sim_sam_vit_b_auto_v2/masks/row_0242_object_302_sam_auto_mask.png,0.9799270629882812,0.9832358956336975,22,0.9827265770197879,1.0,14.748731957000018,0.06780243907852578,cuda,vit_b
243,000032.png,303,data/cogar_sim_500_v2/rgb/000032.png,/home/amir/Desktop/COGAR/COGAR_Foundation-Model-Segmentation-for-Robotic-Scenes/data/cogar_sim_500_v2/instance_masks/v2/ann_00000303_img_000032_cat_connector.png,/home/amir/Desktop/COGAR/COGAR_Foundation-Model-Segmentation-for-Robotic-Scenes/outputs/sim_sam_vit_b_auto_v2/masks/row_0243_object_303_sam_auto_mask.png,0.9737337231636047,0.9856985807418823,22,0.9320388349514563,1.0,14.748731957000018,0.06780243907852578,cuda,vit_b
244,000032.png,304,data/cogar_sim_500_v2/rgb/000032.png,/home/amir/Desktop/COGAR/COGAR_Foundation-Model-Segmentation-for-Robotic-Scenes/data/cogar_sim_500_v2/instance_masks/v2/ann_00000304_img_000032_cat_connector.png,/home/amir/Desktop/COGAR/COGAR_Foundation-Model-Segmentation-for-Robotic-Scenes/outputs/sim_sam_vit_b_auto_v2/masks/row_0244_object_304_sam_auto_mask.png,0.9737438559532166,0.9796397686004639,22,0.971025841816758,1.0,14.748731957000018,0.06780243907852578,cuda,vit_b
245,000032.png,305,data/cogar_sim_500_v2/rgb/000032.png,/home/amir/Desktop/COGAR/COGAR_Foundation-Model-Segmentation-for-Robotic-Scenes/data/cogar_sim_500_v2/instance_masks/v2/ann_00000305_img_000032_cat_screw.png,/home/amir/Desktop/COGAR/COGAR_Foundation-Model-Segmentation-for-Robotic-Scenes/outputs/sim_sam_vit_b_auto_v2/masks/row_0245_object_305_sam_auto_mask.png,0.9656051397323608,0.9769033193588257,22,0.008203445447087777,0.20350109409190373,14.748731957000018,0.06780243907852578,cuda,vit_b
246,000032.png,306,data/cogar_sim_500_v2/rgb/000032.png,/home/amir/Desktop/COGAR/COGAR_Foundation-Model-Segmentation-for-Robotic-Scenes/data/cogar_sim_500_v2/instance_masks/v2/ann_00000306_img_000032_cat_tool.png,/home/amir/Desktop/COGAR/COGAR_Foundation-Model-Segmentation-for-Robotic-Scenes/outputs/sim_sam_vit_b_auto_v2/masks/row_0246_object_306_sam_auto_mask.png,0.9837135076522827,0.9654576778411865,22,0.932916307161346,0.9950835791543756,14.748731957000018,0.06780243907852578,cuda,vit_b
247,000032.png,307,data/cogar_sim_500_v2/rgb/000032.png,/home/amir/Desktop/COGAR/COGAR_Foundation-Model-Segmentation-for-Robotic-Scenes/data/cogar_sim_500_v2/instance_masks/v2/ann_00000307_img_000032_cat_robot_gripper.png,/home/amir/Desktop/COGAR/COGAR_Foundation-Model-Segmentation-for-Robotic-Scenes/outputs/sim_sam_vit_b_auto_v2/masks/row_0247_object_307_sam_auto_mask.png,0.9615055918693542,0.9509015083312988,22,0.852968129518379,0.817725567587339,14.748731957000018,0.06780243907852578,cuda,vit_b
248,000032.png,308,data/cogar_sim_500_v2/rgb/000032.png,/home/amir/Desktop/COGAR/COGAR_Foundation-Model-Segmentation-for-Robotic-Scenes/data/cogar_sim_500_v2/instance_masks/v2/ann_00000308_img_000032_cat_robot_gripper.png,/home/amir/Desktop/COGAR/COGAR_Foundation-Model-Segmentation-for-Robotic-Scenes/outputs/sim_sam_vit_b_auto_v2/masks/row_0248_object_308_sam_auto_mask.png,0.9508717060089111,0.9899193644523621,22,0.48990435706695007,0.6714285714285714,14.748731957000018,0.06780243907852578,cuda,vit_b
249,000032.png,309,data/cogar_sim_500_v2/rgb/000032.png,/home/amir/Desktop/COGAR/COGAR_Foundation-Model-Segmentation-for-Robotic-Scenes/data/cogar_sim_500_v2/instance_masks/v2/ann_00000309_img_000032_cat_robot_gripper.png,/home/amir/Desktop/COGAR/COGAR_Foundation-Model-Segmentation-for-Robotic-Scenes/outputs/sim_sam_vit_b_auto_v2/masks/row_0249_object_309_sam_auto_mask.png,0.9065951108932495,0.9787499904632568,22,0.5058742225293711,0.6427111915465001,14.748731957000018,0.06780243907852578,cuda,vit_b
250,000033.png,311,data/cogar_sim_500_v2/rgb/000033.png,/home/amir/Desktop/COGAR/COGAR_Foundation-Model-Segmentation-for-Robotic-Scenes/data/cogar_sim_500_v2/instance_masks/v2/ann_00000311_img_000033_cat_screw.png,/home/amir/Desktop/COGAR/COGAR_Foundation-Model-Segmentation-for-Robotic-Scenes/outputs/sim_sam_vit_b_auto_v2/masks/row_0250_object_311_sam_auto_mask.png,0.9375578165054321,0.9799196720123291,31,0.9556451612903226,1.0,14.695667077000508,0.06804726827032252,cuda,vit_b
251,000033.png,312,data/cogar_sim_500_v2/rgb/000033.png,/home/amir/Desktop/COGAR/COGAR_Foundation-Model-Segmentation-for-Robotic-Scenes/data/cogar_sim_500_v2/instance_masks/v2/ann_00000312_img_000033_cat_connector.png,/home/amir/Desktop/COGAR/COGAR_Foundation-Model-Segmentation-for-Robotic-Scenes/outputs/sim_sam_vit_b_auto_v2/masks/row_0251_object_312_sam_auto_mask.png,0.9846430420875549,0.9866582155227661,31,0.9830081812460667,1.0,14.695667077000508,0.06804726827032252,cuda,vit_b
252,000033.png,313,data/cogar_sim_500_v2/rgb/000033.png,/home/amir/Desktop/COGAR/COGAR_Foundation-Model-Segmentation-for-Robotic-Scenes/data/cogar_sim_500_v2/instance_masks/v2/ann_00000313_img_000033_cat_cable.png,/home/amir/Desktop/COGAR/COGAR_Foundation-Model-Segmentation-for-Robotic-Scenes/outputs/sim_sam_vit_b_auto_v2/masks/row_0252_object_313_sam_auto_mask.png,0.9375226497650146,0.9583333134651184,31,0.9323378441437238,1.0,14.695667077000508,0.06804726827032252,cuda,vit_b
253,000033.png,314,data/cogar_sim_500_v2/rgb/000033.png,/home/amir/Desktop/COGAR/COGAR_Foundation-Model-Segmentation-for-Robotic-Scenes/data/cogar_sim_500_v2/instance_masks/v2/ann_00000314_img_000033_cat_cable.png,/home/amir/Desktop/COGAR/COGAR_Foundation-Model-Segmentation-for-Robotic-Scenes/outputs/sim_sam_vit_b_auto_v2/masks/row_0253_object_314_sam_auto_mask.png,0.9133577346801758,0.953494131565094,31,0.9325199203187251,0.9946605644546148,14.695667077000508,0.06804726827032252,cuda,vit_b
254,000033.png,315,data/cogar_sim_500_v2/rgb/000033.png,/home/amir/Desktop/COGAR/COGAR_Foundation-Model-Segmentation-for-Robotic-Scenes/data/cogar_sim_500_v2/instance_masks/v2/ann_00000315_img_000033_cat_plastic_object.png,/home/amir/Desktop/COGAR/COGAR_Foundation-Model-Segmentation-for-Robotic-Scenes/outputs/sim_sam_vit_b_auto_v2/masks/row_0254_object_315_sam_auto_mask.png,0.99850994348526,0.9897032380104065,31,0.9811715481171548,1.0,14.695667077000508,0.06804726827032252,cuda,vit_b
255,000033.png,316,data/cogar_sim_500_v2/rgb/000033.png,/home/amir/Desktop/COGAR/COGAR_Foundation-Model-Segmentation-for-Robotic-Scenes/data/cogar_sim_500_v2/instance_masks/v2/ann_00000316_img_000033_cat_screw.png,/home/amir/Desktop/COGAR/COGAR_Foundation-Model-Segmentation-for-Robotic-Scenes/outputs/sim_sam_vit_b_auto_v2/masks/row_0255_object_316_sam_auto_mask.png,0.9651921987533569,0.9772079586982727,31,0.9502762430939227,1.0,14.695667077000508,0.06804726827032252,cuda,vit_b
256,000033.png,317,data/cogar_sim_500_v2/rgb/000033.png,/home/amir/Desktop/COGAR/COGAR_Foundation-Model-Segmentation-for-Robotic-Scenes/data/cogar_sim_500_v2/instance_masks/v2/ann_00000317_img_000033_cat_screw.png,/home/amir/Desktop/COGAR/COGAR_Foundation-Model-Segmentation-for-Robotic-Scenes/outputs/sim_sam_vit_b_auto_v2/masks/row_0256_object_317_sam_auto_mask.png,0.9722026586532593,0.9805615544319153,31,0.8254310344827587,0.863013698630137,14.695667077000508,0.06804726827032252,cuda,vit_b
257,000033.png,318,data/cogar_sim_500_v2/rgb/000033.png,/home/amir/Desktop/COGAR/COGAR_Foundation-Model-Segmentation-for-Robotic-Scenes/data/cogar_sim_500_v2/instance_masks/v2/ann_00000318_img_000033_cat_screw.png,/home/amir/Desktop/COGAR/COGAR_Foundation-Model-Segmentation-for-Robotic-Scenes/outputs/sim_sam_vit_b_auto_v2/masks/row_0257_object_318_sam_auto_mask.png,0.9311835765838623,0.9750000238418579,31,0.9355608591885441,1.0,14.695667077000508,0.06804726827032252,cuda,vit_b
258,000033.png,319,data/cogar_sim_500_v2/rgb/000033.png,/home/amir/Desktop/COGAR/COGAR_Foundation-Model-Segmentation-for-Robotic-Scenes/data/cogar_sim_500_v2/instance_masks/v2/ann_00000319_img_000033_cat_robot_gripper.png,/home/amir/Desktop/COGAR/COGAR_Foundation-Model-Segmentation-for-Robotic-Scenes/outputs/sim_sam_vit_b_auto_v2/masks/row_0258_object_319_sam_auto_mask.png,0.9453335404396057,0.9709190726280212,31,0.5099601593625498,0.5487456745410133,14.695667077000508,0.06804726827032252,cuda,vit_b
259,000033.png,320,data/cogar_sim_500_v2/rgb/000033.png,/home/amir/Desktop/COGAR/COGAR_Foundation-Model-Segmentation-for-Robotic-Scenes/data/cogar_sim_500_v2/instance_masks/v2/ann_00000320_img_000033_cat_robot_gripper.png,/home/amir/Desktop/COGAR/COGAR_Foundation-Model-Segmentation-for-Robotic-Scenes/outputs/sim_sam_vit_b_auto_v2/masks/row_0259_object_320_sam_auto_mask.png,0.8928474187850952,0.9547569155693054,31,0.8056206088992974,0.7606686154783805,14.695667077000508,0.06804726827032252,cuda,vit_b
260,000033.png,321,data/cogar_sim_500_v2/rgb/000033.png,/home/amir/Desktop/COGAR/COGAR_Foundation-Model-Segmentation-for-Robotic-Scenes/data/cogar_sim_500_v2/instance_masks/v2/ann_00000321_img_000033_cat_robot_gripper.png,/home/amir/Desktop/COGAR/COGAR_Foundation-Model-Segmentation-for-Robotic-Scenes/outputs/sim_sam_vit_b_auto_v2/masks/row_0260_object_321_sam_auto_mask.png,0.9500210285186768,0.968623697757721,31,0.6583147143313118,0.7528604118993135,14.695667077000508,0.06804726827032252,cuda,vit_b
261,000034.png,323,data/cogar_sim_500_v2/rgb/000034.png,/home/amir/Desktop/COGAR/COGAR_Foundation-Model-Segmentation-for-Robotic-Scenes/data/cogar_sim_500_v2/instance_masks/v2/ann_00000323_img_000034_cat_tool.png,/home/amir/Desktop/COGAR/COGAR_Foundation-Model-Segmentation-for-Robotic-Scenes/outputs/sim_sam_vit_b_auto_v2/masks/row_0261_object_323_sam_auto_mask.png,0.9338067770004272,0.9619680047035217,21,0.8458083832335329,0.9406934871257672,16.766550143999666,0.059642561612943096,cuda,vit_b
262,000034.png,324,data/cogar_sim_500_v2/rgb/000034.png,/home/amir/Desktop/COGAR/COGAR_Foundation-Model-Segmentation-for-Robotic-Scenes/data/cogar_sim_500_v2/instance_masks/v2/ann_00000324_img_000034_cat_cable.png,/home/amir/Desktop/COGAR/COGAR_Foundation-Model-Segmentation-for-Robotic-Scenes/outputs/sim_sam_vit_b_auto_v2/masks/row_0262_object_324_sam_auto_mask.png,0.9641718864440918,0.9739319086074829,21,0.5176790571169537,0.4527106525477419,16.766550143999666,0.059642561612943096,cuda,vit_b
263,000034.png,325,data/cogar_sim_500_v2/rgb/000034.png,/home/amir/Desktop/COGAR/COGAR_Foundation-Model-Segmentation-for-Robotic-Scenes/data/cogar_sim_500_v2/instance_masks/v2/ann_00000325_img_000034_cat_connector.png,/home/amir/Desktop/COGAR/COGAR_Foundation-Model-Segmentation-for-Robotic-Scenes/outputs/sim_sam_vit_b_auto_v2/masks/row_0263_object_325_sam_auto_mask.png,0.9834076166152954,0.9806315898895264,21,0.9545454545454546,1.0,16.766550143999666,0.059642561612943096,cuda,vit_b
264,000034.png,326,data/cogar_sim_500_v2/rgb/000034.png,/home/amir/Desktop/COGAR/COGAR_Foundation-Model-Segmentation-for-Robotic-Scenes/data/cogar_sim_500_v2/instance_masks/v2/ann_00000326_img_000034_cat_plastic_object.png,/home/amir/Desktop/COGAR/COGAR_Foundation-Model-Segmentation-for-Robotic-Scenes/outputs/sim_sam_vit_b_auto_v2/masks/row_0264_object_326_sam_auto_mask.png,0.9991726875305176,0.9905185103416443,21,0.9799054373522459,1.0,16.766550143999666,0.059642561612943096,cuda,vit_b
265,000034.png,327,data/cogar_sim_500_v2/rgb/000034.png,/home/amir/Desktop/COGAR/COGAR_Foundation-Model-Segmentation-for-Robotic-Scenes/data/cogar_sim_500_v2/instance_masks/v2/ann_00000327_img_000034_cat_cable.png,/home/amir/Desktop/COGAR/COGAR_Foundation-Model-Segmentation-for-Robotic-Scenes/outputs/sim_sam_vit_b_auto_v2/masks/row_0265_object_327_sam_auto_mask.png,0.9309996366500854,0.953153133392334,21,0.565379403794038,0.5137152473080536,16.766550143999666,0.059642561612943096,cuda,vit_b
266,000034.png,328,data/cogar_sim_500_v2/rgb/000034.png,/home/amir/Desktop/COGAR/COGAR_Foundation-Model-Segmentation-for-Robotic-Scenes/data/cogar_sim_500_v2/instance_masks/v2/ann_00000328_img_000034_cat_glass_object.png,/home/amir/Desktop/COGAR/COGAR_Foundation-Model-Segmentation-for-Robotic-Scenes/outputs/sim_sam_vit_b_auto_v2/masks/row_0266_object_328_sam_auto_mask.png,0.9379488229751587,0.9540456533432007,21,0.9623010332309411,0.9942528735632185,16.766550143999666,0.059642561612943096,cuda,vit_b
267,000034.png,329,data/cogar_sim_500_v2/rgb/000034.png,/home/amir/Desktop/COGAR/COGAR_Foundation-Model-Segmentation-for-Robotic-Scenes/data/cogar_sim_500_v2/instance_masks/v2/ann_00000329_img_000034_cat_metal_part.png,/home/amir/Desktop/COGAR/COGAR_Foundation-Model-Segmentation-for-Robotic-Scenes/outputs/sim_sam_vit_b_auto_v2/masks/row_0267_object_329_sam_auto_mask.png,0.9309996366500854,0.953153133392334,21,0.0029282576866764276,0.0502092050209205,16.766550143999666,0.059642561612943096,cuda,vit_b
268,000034.png,330,data/cogar_sim_500_v2/rgb/000034.png,/home/amir/Desktop/COGAR/COGAR_Foundation-Model-Segmentation-for-Robotic-Scenes/data/cogar_sim_500_v2/instance_masks/v2/ann_00000330_img_000034_cat_robot_gripper.png,/home/amir/Desktop/COGAR/COGAR_Foundation-Model-Segmentation-for-Robotic-Scenes/outputs/sim_sam_vit_b_auto_v2/masks/row_0268_object_330_sam_auto_mask.png,0.9732805490493774,0.9695219397544861,21,0.8751537913617821,0.9107350666064266,16.766550143999666,0.059642561612943096,cuda,vit_b
269,000034.png,331,data/cogar_sim_500_v2/rgb/000034.png,/home/amir/Desktop/COGAR/COGAR_Foundation-Model-Segmentation-for-Robotic-Scenes/data/cogar_sim_500_v2/instance_masks/v2/ann_00000331_img_000034_cat_robot_gripper.png,/home/amir/Desktop/COGAR/COGAR_Foundation-Model-Segmentation-for-Robotic-Scenes/outputs/sim_sam_vit_b_auto_v2/masks/row_0269_object_331_sam_auto_mask.png,0.9417383670806885,0.9559661746025085,21,0.21909722222222222,0.2172463077656027,16.766550143999666,0.059642561612943096,cuda,vit_b
270,000034.png,332,data/cogar_sim_500_v2/rgb/000034.png,/home/amir/Desktop/COGAR/COGAR_Foundation-Model-Segmentation-for-Robotic-Scenes/data/cogar_sim_500_v2/instance_masks/v2/ann_00000332_img_000034_cat_robot_gripper.png,/home/amir/Desktop/COGAR/COGAR_Foundation-Model-Segmentation-for-Robotic-Scenes/outputs/sim_sam_vit_b_auto_v2/masks/row_0270_object_332_sam_auto_mask.png,0.9554201364517212,0.9751924872398376,21,0.9220146222583265,0.9717799550928762,16.766550143999666,0.059642561612943096,cuda,vit_b
271,000035.png,335,data/cogar_sim_500_v2/rgb/000035.png,/home/amir/Desktop/COGAR/COGAR_Foundation-Model-Segmentation-for-Robotic-Scenes/data/cogar_sim_500_v2/instance_masks/v2/ann_00000335_img_000035_cat_box.png,/home/amir/Desktop/COGAR/COGAR_Foundation-Model-Segmentation-for-Robotic-Scenes/outputs/sim_sam_vit_b_auto_v2/masks/row_0271_object_335_sam_auto_mask.png,0.9807727336883545,0.9609877467155457,20,0.9506592939174819,0.9272815620630497,13.42085187000066,0.07451091850847995,cuda,vit_b
272,000035.png,336,data/cogar_sim_500_v2/rgb/000035.png,/home/amir/Desktop/COGAR/COGAR_Foundation-Model-Segmentation-for-Robotic-Scenes/data/cogar_sim_500_v2/instance_masks/v2/ann_00000336_img_000035_cat_screw.png,/home/amir/Desktop/COGAR/COGAR_Foundation-Model-Segmentation-for-Robotic-Scenes/outputs/sim_sam_vit_b_auto_v2/masks/row_0272_object_336_sam_auto_mask.png,1.0144214630126953,0.9851296544075012,20,0.0,0.0,13.42085187000066,0.07451091850847995,cuda,vit_b
273,000035.png,337,data/cogar_sim_500_v2/rgb/000035.png,/home/amir/Desktop/COGAR/COGAR_Foundation-Model-Segmentation-for-Robotic-Scenes/data/cogar_sim_500_v2/instance_masks/v2/ann_00000337_img_000035_cat_metal_part.png,/home/amir/Desktop/COGAR/COGAR_Foundation-Model-Segmentation-for-Robotic-Scenes/outputs/sim_sam_vit_b_auto_v2/masks/row_0273_object_337_sam_auto_mask.png,0.9812287092208862,0.9877447485923767,20,0.6462534962461357,0.7400300543289794,13.42085187000066,0.07451091850847995,cuda,vit_b
274,000035.png,338,data/cogar_sim_500_v2/rgb/000035.png,/home/amir/Desktop/COGAR/COGAR_Foundation-Model-Segmentation-for-Robotic-Scenes/data/cogar_sim_500_v2/instance_masks/v2/ann_00000338_img_000035_cat_tool.png,/home/amir/Desktop/COGAR/COGAR_Foundation-Model-Segmentation-for-Robotic-Scenes/outputs/sim_sam_vit_b_auto_v2/masks/row_0274_object_338_sam_auto_mask.png,0.9639559388160706,0.9732739329338074,20,0.8291852797277175,0.7972811169359677,13.42085187000066,0.07451091850847995,cuda,vit_b
275,000035.png,339,data/cogar_sim_500_v2/rgb/000035.png,/home/amir/Desktop/COGAR/COGAR_Foundation-Model-Segmentation-for-Robotic-Scenes/data/cogar_sim_500_v2/instance_masks/v2/ann_00000339_img_000035_cat_tool.png,/home/amir/Desktop/COGAR/COGAR_Foundation-Model-Segmentation-for-Robotic-Scenes/outputs/sim_sam_vit_b_auto_v2/masks/row_0275_object_339_sam_auto_mask.png,0.9837142825126648,0.9645945429801941,20,0.7130153121319199,0.7211759301791456,13.42085187000066,0.07451091850847995,cuda,vit_b
276,000035.png,340,data/cogar_sim_500_v2/rgb/000035.png,/home/amir/Desktop/COGAR/COGAR_Foundation-Model-Segmentation-for-Robotic-Scenes/data/cogar_sim_500_v2/instance_masks/v2/ann_00000340_img_000035_cat_plastic_object.png,/home/amir/Desktop/COGAR/COGAR_Foundation-Model-Segmentation-for-Robotic-Scenes/outputs/sim_sam_vit_b_auto_v2/masks/row_0276_object_340_sam_auto_mask.png,1.0101745128631592,0.990529477596283,20,0.9675491033304867,1.0,13.42085187000066,0.07451091850847995,cuda,vit_b
277,000035.png,341,data/cogar_sim_500_v2/rgb/000035.png,/home/amir/Desktop/COGAR/COGAR_Foundation-Model-Segmentation-for-Robotic-Scenes/data/cogar_sim_500_v2/instance_masks/v2/ann_00000341_img_000035_cat_robot_gripper.png,/home/amir/Desktop/COGAR/COGAR_Foundation-Model-Segmentation-for-Robotic-Scenes/outputs/sim_sam_vit_b_auto_v2/masks/row_0277_object_341_sam_auto_mask.png,0.9511696100234985,0.9772781133651733,20,0.5371145569247097,0.639982447342026,13.42085187000066,0.07451091850847995,cuda,vit_b
278,000035.png,342,data/cogar_sim_500_v2/rgb/000035.png,/home/amir/Desktop/COGAR/COGAR_Foundation-Model-Segmentation-for-Robotic-Scenes/data/cogar_sim_500_v2/instance_masks/v2/ann_00000342_img_000035_cat_robot_gripper.png,/home/amir/Desktop/COGAR/COGAR_Foundation-Model-Segmentation-for-Robotic-Scenes/outputs/sim_sam_vit_b_auto_v2/masks/row_0278_object_342_sam_auto_mask.png,0.9511696100234985,0.9772781133651733,20,0.34729970326409493,0.30879620853080564,13.42085187000066,0.07451091850847995,cuda,vit_b
279,000035.png,343,data/cogar_sim_500_v2/rgb/000035.png,/home/amir/Desktop/COGAR/COGAR_Foundation-Model-Segmentation-for-Robotic-Scenes/data/cogar_sim_500_v2/instance_masks/v2/ann_00000343_img_000035_cat_robot_gripper.png,/home/amir/Desktop/COGAR/COGAR_Foundation-Model-Segmentation-for-Robotic-Scenes/outputs/sim_sam_vit_b_auto_v2/masks/row_0279_object_343_sam_auto_mask.png,0.9511696100234985,0.9772781133651733,20,0.10592791182603516,0.26245225076773276,13.42085187000066,0.07451091850847995,cuda,vit_b
280,000039.png,351,data/cogar_sim_500_v2/rgb/000039.png,/home/amir/Desktop/COGAR/COGAR_Foundation-Model-Segmentation-for-Robotic-Scenes/data/cogar_sim_500_v2/instance_masks/v2/ann_00000351_img_000039_cat_cable.png,/home/amir/Desktop/COGAR/COGAR_Foundation-Model-Segmentation-for-Robotic-Scenes/outputs/sim_sam_vit_b_auto_v2/masks/row_0280_object_351_sam_auto_mask.png,0.9525554180145264,0.9609022736549377,18,0.9243498817966903,1.0,15.614611441000307,0.06404257984763134,cuda,vit_b
281,000039.png,352,data/cogar_sim_500_v2/rgb/000039.png,/home/amir/Desktop/COGAR/COGAR_Foundation-Model-Segmentation-for-Robotic-Scenes/data/cogar_sim_500_v2/instance_masks/v2/ann_00000352_img_000039_cat_metal_part.png,/home/amir/Desktop/COGAR/COGAR_Foundation-Model-Segmentation-for-Robotic-Scenes/outputs/sim_sam_vit_b_auto_v2/masks/row_0281_object_352_sam_auto_mask.png,0.9516086578369141,0.9843444228172302,18,0.9386617100371747,1.0,15.614611441000307,0.06404257984763134,cuda,vit_b
282,000039.png,353,data/cogar_sim_500_v2/rgb/000039.png,/home/amir/Desktop/COGAR/COGAR_Foundation-Model-Segmentation-for-Robotic-Scenes/data/cogar_sim_500_v2/instance_masks/v2/ann_00000353_img_000039_cat_box.png,/home/amir/Desktop/COGAR/COGAR_Foundation-Model-Segmentation-for-Robotic-Scenes/outputs/sim_sam_vit_b_auto_v2/masks/row_0282_object_353_sam_auto_mask.png,0.9424612522125244,0.9757108092308044,18,0.9855974842767296,0.9991111111111112,15.614611441000307,0.06404257984763134,cuda,vit_b
283,000039.png,354,data/cogar_sim_500_v2/rgb/000039.png,/home/amir/Desktop/COGAR/COGAR_Foundation-Model-Segmentation-for-Robotic-Scenes/data/cogar_sim_500_v2/instance_masks/v2/ann_00000354_img_000039_cat_connector.png,/home/amir/Desktop/COGAR/COGAR_Foundation-Model-Segmentation-for-Robotic-Scenes/outputs/sim_sam_vit_b_auto_v2/masks/row_0283_object_354_sam_auto_mask.png,0.9631742835044861,0.9787697196006775,18,0.0968096809680968,0.4183006535947712,15.614611441000307,0.06404257984763134,cuda,vit_b
284,000039.png,355,data/cogar_sim_500_v2/rgb/000039.png,/home/amir/Desktop/COGAR/COGAR_Foundation-Model-Segmentation-for-Robotic-Scenes/data/cogar_sim_500_v2/instance_masks/v2/ann_00000355_img_000039_cat_plastic_object.png,/home/amir/Desktop/COGAR/COGAR_Foundation-Model-Segmentation-for-Robotic-Scenes/outputs/sim_sam_vit_b_auto_v2/masks/row_0284_object_355_sam_auto_mask.png,0.976905107498169,0.9845678806304932,18,0.9734895191122072,1.0,15.614611441000307,0.06404257984763134,cuda,vit_b
285,000039.png,356,data/cogar_sim_500_v2/rgb/000039.png,/home/amir/Desktop/COGAR/COGAR_Foundation-Model-Segmentation-for-Robotic-Scenes/data/cogar_sim_500_v2/instance_masks/v2/ann_00000356_img_000039_cat_robot_gripper.png,/home/amir/Desktop/COGAR/COGAR_Foundation-Model-Segmentation-for-Robotic-Scenes/outputs/sim_sam_vit_b_auto_v2/masks/row_0285_object_356_sam_auto_mask.png,0.8815798759460449,0.9613050222396851,18,0.359294532627866,0.5440805487327032,15.614611441000307,0.06404257984763134,cuda,vit_b
286,000039.png,357,data/cogar_sim_500_v2/rgb/000039.png,/home/amir/Desktop/COGAR/COGAR_Foundation-Model-Segmentation-for-Robotic-Scenes/data/cogar_sim_500_v2/instance_masks/v2/ann_00000357_img_000039_cat_robot_gripper.png,/home/amir/Desktop/COGAR/COGAR_Foundation-Model-Segmentation-for-Robotic-Scenes/outputs/sim_sam_vit_b_auto_v2/masks/row_0286_object_357_sam_auto_mask.png,0.957050085067749,0.9555555582046509,18,0.9055312678198061,0.9009863429438543,15.614611441000307,0.06404257984763134,cuda,vit_b
287,000039.png,358,data/cogar_sim_500_v2/rgb/000039.png,/home/amir/Desktop/COGAR/COGAR_Foundation-Model-Segmentation-for-Robotic-Scenes/data/cogar_sim_500_v2/instance_masks/v2/ann_00000358_img_000039_cat_robot_gripper.png,/home/amir/Desktop/COGAR/COGAR_Foundation-Model-Segmentation-for-Robotic-Scenes/outputs/sim_sam_vit_b_auto_v2/masks/row_0287_object_358_sam_auto_mask.png,0.9675986766815186,0.9583333134651184,18,0.9499436302142051,0.9572406665805451,15.614611441000307,0.06404257984763134,cuda,vit_b
288,000040.png,360,data/cogar_sim_500_v2/rgb/000040.png,/home/amir/Desktop/COGAR/COGAR_Foundation-Model-Segmentation-for-Robotic-Scenes/data/cogar_sim_500_v2/instance_masks/v2/ann_00000360_img_000040_cat_connector.png,/home/amir/Desktop/COGAR/COGAR_Foundation-Model-Segmentation-for-Robotic-Scenes/outputs/sim_sam_vit_b_auto_v2/masks/row_0288_object_360_sam_auto_mask.png,0.9785932302474976,0.9716423749923706,26,0.9644268774703557,1.0,14.816740876999575,0.0674912255199338,cuda,vit_b
289,000040.png,361,data/cogar_sim_500_v2/rgb/000040.png,/home/amir/Desktop/COGAR/COGAR_Foundation-Model-Segmentation-for-Robotic-Scenes/data/cogar_sim_500_v2/instance_masks/v2/ann_00000361_img_000040_cat_box.png,/home/amir/Desktop/COGAR/COGAR_Foundation-Model-Segmentation-for-Robotic-Scenes/outputs/sim_sam_vit_b_auto_v2/masks/row_0289_object_361_sam_auto_mask.png,0.9982547760009766,0.9716215133666992,26,0.9447152886115444,0.914606840233569,14.816740876999575,0.0674912255199338,cuda,vit_b
290,000040.png,362,data/cogar_sim_500_v2/rgb/000040.png,/home/amir/Desktop/COGAR/COGAR_Foundation-Model-Segmentation-for-Robotic-Scenes/data/cogar_sim_500_v2/instance_masks/v2/ann_00000362_img_000040_cat_metal_part.png,/home/amir/Desktop/COGAR/COGAR_Foundation-Model-Segmentation-for-Robotic-Scenes/outputs/sim_sam_vit_b_auto_v2/masks/row_0290_object_362_sam_auto_mask.png,0.9697948098182678,0.9852078557014465,26,0.9695060483870968,0.9982300884955753,14.816740876999575,0.0674912255199338,cuda,vit_b
291,000040.png,363,data/cogar_sim_500_v2/rgb/000040.png,/home/amir/Desktop/COGAR/COGAR_Foundation-Model-Segmentation-for-Robotic-Scenes/data/cogar_sim_500_v2/instance_masks/v2/ann_00000363_img_000040_cat_metal_part.png,/home/amir/Desktop/COGAR/COGAR_Foundation-Model-Segmentation-for-Robotic-Scenes/outputs/sim_sam_vit_b_auto_v2/masks/row_0291_object_363_sam_auto_mask.png,0.9657958745956421,0.9830508232116699,26,0.964622641509434,1.0,14.816740876999575,0.0674912255199338,cuda,vit_b
292,000040.png,364,data/cogar_sim_500_v2/rgb/000040.png,/home/amir/Desktop/COGAR/COGAR_Foundation-Model-Segmentation-for-Robotic-Scenes/data/cogar_sim_500_v2/instance_masks/v2/ann_00000364_img_000040_cat_metal_part.png,/home/amir/Desktop/COGAR/COGAR_Foundation-Model-Segmentation-for-Robotic-Scenes/outputs/sim_sam_vit_b_auto_v2/masks/row_0292_object_364_sam_auto_mask.png,0.9955940246582031,0.9882509708404541,26,0.9706394084384515,1.0,14.816740876999575,0.0674912255199338,cuda,vit_b
293,000040.png,365,data/cogar_sim_500_v2/rgb/000040.png,/home/amir/Desktop/COGAR/COGAR_Foundation-Model-Segmentation-for-Robotic-Scenes/data/cogar_sim_500_v2/instance_masks/v2/ann_00000365_img_000040_cat_tool.png,/home/amir/Desktop/COGAR/COGAR_Foundation-Model-Segmentation-for-Robotic-Scenes/outputs/sim_sam_vit_b_auto_v2/masks/row_0293_object_365_sam_auto_mask.png,0.9669944047927856,0.9752902388572693,26,0.94185360094451,0.973990360010083,14.816740876999575,0.0674912255199338,cuda,vit_b
294,000040.png,366,data/cogar_sim_500_v2/rgb/000040.png,/home/amir/Desktop/COGAR/COGAR_Foundation-Model-Segmentation-for-Robotic-Scenes/data/cogar_sim_500_v2/instance_masks/v2/ann_00000366_img_000040_cat_tool.png,/home/amir/Desktop/COGAR/COGAR_Foundation-Model-Segmentation-for-Robotic-Scenes/outputs/sim_sam_vit_b_auto_v2/masks/row_0294_object_366_sam_auto_mask.png,0.9898093342781067,0.9855732917785645,26,0.9577836411609498,1.0,14.816740876999575,0.0674912255199338,cuda,vit_b
295,000040.png,367,data/cogar_sim_500_v2/rgb/000040.png,/home/amir/Desktop/COGAR/COGAR_Foundation-Model-Segmentation-for-Robotic-Scenes/data/cogar_sim_500_v2/instance_masks/v2/ann_00000367_img_000040_cat_tool.png,/home/amir/Desktop/COGAR/COGAR_Foundation-Model-Segmentation-for-Robotic-Scenes/outputs/sim_sam_vit_b_auto_v2/masks/row_0295_object_367_sam_auto_mask.png,0.9819619655609131,0.9823793768882751,26,0.95797745131534,0.9683544303797469,14.816740876999575,0.0674912255199338,cuda,vit_b
296,000040.png,368,data/cogar_sim_500_v2/rgb/000040.png,/home/amir/Desktop/COGAR/COGAR_Foundation-Model-Segmentation-for-Robotic-Scenes/data/cogar_sim_500_v2/instance_masks/v2/ann_00000368_img_000040_cat_tool.png,/home/amir/Desktop/COGAR/COGAR_Foundation-Model-Segmentation-for-Robotic-Scenes/outputs/sim_sam_vit_b_auto_v2/masks/row_0296_object_368_sam_auto_mask.png,0.9644601345062256,0.9674880504608154,26,0.9456436931079324,0.9881422924901185,14.816740876999575,0.0674912255199338,cuda,vit_b
297,000040.png,369,data/cogar_sim_500_v2/rgb/000040.png,/home/amir/Desktop/COGAR/COGAR_Foundation-Model-Segmentation-for-Robotic-Scenes/data/cogar_sim_500_v2/instance_masks/v2/ann_00000369_img_000040_cat_metal_part.png,/home/amir/Desktop/COGAR/COGAR_Foundation-Model-Segmentation-for-Robotic-Scenes/outputs/sim_sam_vit_b_auto_v2/masks/row_0297_object_369_sam_auto_mask.png,1.0296533107757568,0.986047625541687,26,0.9784001898884406,1.0,14.816740876999575,0.0674912255199338,cuda,vit_b
298,000042.png,374,data/cogar_sim_500_v2/rgb/000042.png,/home/amir/Desktop/COGAR/COGAR_Foundation-Model-Segmentation-for-Robotic-Scenes/data/cogar_sim_500_v2/instance_masks/v2/ann_00000374_img_000042_cat_cable.png,/home/amir/Desktop/COGAR/COGAR_Foundation-Model-Segmentation-for-Robotic-Scenes/outputs/sim_sam_vit_b_auto_v2/masks/row_0298_object_374_sam_auto_mask.png,1.0028998851776123,0.9821742177009583,21,0.8825116507235713,1.0,13.649976874999993,0.07326019737304504,cuda,vit_b
299,000042.png,375,data/cogar_sim_500_v2/rgb/000042.png,/home/amir/Desktop/COGAR/COGAR_Foundation-Model-Segmentation-for-Robotic-Scenes/data/cogar_sim_500_v2/instance_masks/v2/ann_00000375_img_000042_cat_metal_part.png,/home/amir/Desktop/COGAR/COGAR_Foundation-Model-Segmentation-for-Robotic-Scenes/outputs/sim_sam_vit_b_auto_v2/masks/row_0299_object_375_sam_auto_mask.png,0.9965010285377502,0.9812718033790588,21,0.95099281791297,1.0,13.649976874999993,0.07326019737304504,cuda,vit_b
300,000042.png,376,data/cogar_sim_500_v2/rgb/000042.png,/home/amir/Desktop/COGAR/COGAR_Foundation-Model-Segmentation-for-Robotic-Scenes/data/cogar_sim_500_v2/instance_masks/v2/ann_00000376_img_000042_cat_box.png,/home/amir/Desktop/COGAR/COGAR_Foundation-Model-Segmentation-for-Robotic-Scenes/outputs/sim_sam_vit_b_auto_v2/masks/row_0300_object_376_sam_auto_mask.png,1.0085358619689941,0.9872797131538391,21,0.9866915229661851,1.0,13.649976874999993,0.07326019737304504,cuda,vit_b
301,000042.png,377,data/cogar_sim_500_v2/rgb/000042.png,/home/amir/Desktop/COGAR/COGAR_Foundation-Model-Segmentation-for-Robotic-Scenes/data/cogar_sim_500_v2/instance_masks/v2/ann_00000377_img_000042_cat_connector.png,/home/amir/Desktop/COGAR/COGAR_Foundation-Model-Segmentation-for-Robotic-Scenes/outputs/sim_sam_vit_b_auto_v2/masks/row_0301_object_377_sam_auto_mask.png,0.9913317561149597,0.981369137763977,21,0.9690987124463519,1.0,13.649976874999993,0.07326019737304504,cuda,vit_b
302,000042.png,378,data/cogar_sim_500_v2/rgb/000042.png,/home/amir/Desktop/COGAR/COGAR_Foundation-Model-Segmentation-for-Robotic-Scenes/data/cogar_sim_500_v2/instance_masks/v2/ann_00000378_img_000042_cat_plastic_object.png,/home/amir/Desktop/COGAR/COGAR_Foundation-Model-Segmentation-for-Robotic-Scenes/outputs/sim_sam_vit_b_auto_v2/masks/row_0302_object_378_sam_auto_mask.png,1.0047625303268433,0.9842519760131836,21,0.96875,1.0,13.649976874999993,0.07326019737304504,cuda,vit_b
303,000042.png,379,data/cogar_sim_500_v2/rgb/000042.png,/home/amir/Desktop/COGAR/COGAR_Foundation-Model-Segmentation-for-Robotic-Scenes/data/cogar_sim_500_v2/instance_masks/v2/ann_00000379_img_000042_cat_connector.png,/home/amir/Desktop/COGAR/COGAR_Foundation-Model-Segmentation-for-Robotic-Scenes/outputs/sim_sam_vit_b_auto_v2/masks/row_0303_object_379_sam_auto_mask.png,1.000655174255371,0.9876989722251892,21,0.9484827099505999,1.0,13.649976874999993,0.07326019737304504,cuda,vit_b
304,000042.png,380,data/cogar_sim_500_v2/rgb/000042.png,/home/amir/Desktop/COGAR/COGAR_Foundation-Model-Segmentation-for-Robotic-Scenes/data/cogar_sim_500_v2/instance_masks/v2/ann_00000380_img_000042_cat_robot_gripper.png,/home/amir/Desktop/COGAR/COGAR_Foundation-Model-Segmentation-for-Robotic-Scenes/outputs/sim_sam_vit_b_auto_v2/masks/row_0304_object_380_sam_auto_mask.png,1.0105385780334473,0.9861758947372437,21,0.825316895294322,0.7098958763476041,13.649976874999993,0.07326019737304504,cuda,vit_b
305,000042.png,381,data/cogar_sim_500_v2/rgb/000042.png,/home/amir/Desktop/COGAR/COGAR_Foundation-Model-Segmentation-for-Robotic-Scenes/data/cogar_sim_500_v2/instance_masks/v2/ann_00000381_img_000042_cat_robot_gripper.png,/home/amir/Desktop/COGAR/COGAR_Foundation-Model-Segmentation-for-Robotic-Scenes/outputs/sim_sam_vit_b_auto_v2/masks/row_0305_object_381_sam_auto_mask.png,0.9679502248764038,0.9565377235412598,21,0.9429886685552408,0.9733936342691355,13.649976874999993,0.07326019737304504,cuda,vit_b
306,000042.png,382,data/cogar_sim_500_v2/rgb/000042.png,/home/amir/Desktop/COGAR/COGAR_Foundation-Model-Segmentation-for-Robotic-Scenes/data/cogar_sim_500_v2/instance_masks/v2/ann_00000382_img_000042_cat_robot_gripper.png,/home/amir/Desktop/COGAR/COGAR_Foundation-Model-Segmentation-for-Robotic-Scenes/outputs/sim_sam_vit_b_auto_v2/masks/row_0306_object_382_sam_auto_mask.png,0.9492594003677368,0.9743902683258057,21,0.7284287011807448,0.7748325080104863,13.649976874999993,0.07326019737304504,cuda,vit_b
307,000044.png,386,data/cogar_sim_500_v2/rgb/000044.png,/home/amir/Desktop/COGAR/COGAR_Foundation-Model-Segmentation-for-Robotic-Scenes/data/cogar_sim_500_v2/instance_masks/v2/ann_00000386_img_000044_cat_box.png,/home/amir/Desktop/COGAR/COGAR_Foundation-Model-Segmentation-for-Robotic-Scenes/outputs/sim_sam_vit_b_auto_v2/masks/row_0307_object_386_sam_auto_mask.png,0.9890708923339844,0.9851951599121094,20,0.4125108100317094,0.545201668984701,16.674035319999348,0.05997348457098261,cuda,vit_b
308,000044.png,387,data/cogar_sim_500_v2/rgb/000044.png,/home/amir/Desktop/COGAR/COGAR_Foundation-Model-Segmentation-for-Robotic-Scenes/data/cogar_sim_500_v2/instance_masks/v2/ann_00000387_img_000044_cat_plastic_object.png,/home/amir/Desktop/COGAR/COGAR_Foundation-Model-Segmentation-for-Robotic-Scenes/outputs/sim_sam_vit_b_auto_v2/masks/row_0308_object_387_sam_auto_mask.png,1.0146828889846802,0.9823453426361084,20,0.9749321411464155,1.0,16.674035319999348,0.05997348457098261,cuda,vit_b
309,000044.png,388,data/cogar_sim_500_v2/rgb/000044.png,/home/amir/Desktop/COGAR/COGAR_Foundation-Model-Segmentation-for-Robotic-Scenes/data/cogar_sim_500_v2/instance_masks/v2/ann_00000388_img_000044_cat_screw.png,/home/amir/Desktop/COGAR/COGAR_Foundation-Model-Segmentation-for-Robotic-Scenes/outputs/sim_sam_vit_b_auto_v2/masks/row_0309_object_388_sam_auto_mask.png,0.9843252897262573,0.987364649772644,20,0.8708551483420593,0.9011504047720494,16.674035319999348,0.05997348457098261,cuda,vit_b
310,000044.png,389,data/cogar_sim_500_v2/rgb/000044.png,/home/amir/Desktop/COGAR/COGAR_Foundation-Model-Segmentation-for-Robotic-Scenes/data/cogar_sim_500_v2/instance_masks/v2/ann_00000389_img_000044_cat_cable.png,/home/amir/Desktop/COGAR/COGAR_Foundation-Model-Segmentation-for-Robotic-Scenes/outputs/sim_sam_vit_b_auto_v2/masks/row_0310_object_389_sam_auto_mask.png,0.9776120185852051,0.9649989008903503,20,0.8448057432432432,0.9778203388086693,16.674035319999348,0.05997348457098261,cuda,vit_b
311,000044.png,390,data/cogar_sim_500_v2/rgb/000044.png,/home/amir/Desktop/COGAR/COGAR_Foundation-Model-Segmentation-for-Robotic-Scenes/data/cogar_sim_500_v2/instance_masks/v2/ann_00000390_img_000044_cat_plastic_object.png,/home/amir/Desktop/COGAR/COGAR_Foundation-Model-Segmentation-for-Robotic-Scenes/outputs/sim_sam_vit_b_auto_v2/masks/row_0311_object_390_sam_auto_mask.png,0.8936207294464111,0.9501650929450989,20,0.7639818826309571,0.6371967768848148,16.674035319999348,0.05997348457098261,cuda,vit_b
312,000044.png,391,data/cogar_sim_500_v2/rgb/000044.png,/home/amir/Desktop/COGAR/COGAR_Foundation-Model-Segmentation-for-Robotic-Scenes/data/cogar_sim_500_v2/instance_masks/v2/ann_00000391_img_000044_cat_plastic_object.png,/home/amir/Desktop/COGAR/COGAR_Foundation-Model-Segmentation-for-Robotic-Scenes/outputs/sim_sam_vit_b_auto_v2/masks/row_0312_object_391_sam_auto_mask.png,0.9724763631820679,0.9745042324066162,20,0.9738933030646992,1.0,16.674035319999348,0.05997348457098261,cuda,vit_b
313,000044.png,392,data/cogar_sim_500_v2/rgb/000044.png,/home/amir/Desktop/COGAR/COGAR_Foundation-Model-Segmentation-for-Robotic-Scenes/data/cogar_sim_500_v2/instance_masks/v2/ann_00000392_img_000044_cat_robot_gripper.png,/home/amir/Desktop/COGAR/COGAR_Foundation-Model-Segmentation-for-Robotic-Scenes/outputs/sim_sam_vit_b_auto_v2/masks/row_0313_object_392_sam_auto_mask.png,0.9927796125411987,0.9805469512939453,20,0.9711608595634854,0.9503881990505244,16.674035319999348,0.05997348457098261,cuda,vit_b
314,000044.png,393,data/cogar_sim_500_v2/rgb/000044.png,/home/amir/Desktop/COGAR/COGAR_Foundation-Model-Segmentation-for-Robotic-Scenes/data/cogar_sim_500_v2/instance_masks/v2/ann_00000393_img_000044_cat_robot_gripper.png,/home/amir/Desktop/COGAR/COGAR_Foundation-Model-Segmentation-for-Robotic-Scenes/outputs/sim_sam_vit_b_auto_v2/masks/row_0314_object_393_sam_auto_mask.png,0.9554164409637451,0.9718309640884399,20,0.23404255319148937,0.5670731707317074,16.674035319999348,0.05997348457098261,cuda,vit_b
315,000044.png,394,data/cogar_sim_500_v2/rgb/000044.png,/home/amir/Desktop/COGAR/COGAR_Foundation-Model-Segmentation-for-Robotic-Scenes/data/cogar_sim_500_v2/instance_masks/v2/ann_00000394_img_000044_cat_robot_gripper.png,/home/amir/Desktop/COGAR/COGAR_Foundation-Model-Segmentation-for-Robotic-Scenes/outputs/sim_sam_vit_b_auto_v2/masks/row_0315_object_394_sam_auto_mask.png,0.9584194421768188,0.9578059315681458,20,0.004032258064516129,0.17547460236018472,16.674035319999348,0.05997348457098261,cuda,vit_b
316,000045.png,397,data/cogar_sim_500_v2/rgb/000045.png,/home/amir/Desktop/COGAR/COGAR_Foundation-Model-Segmentation-for-Robotic-Scenes/data/cogar_sim_500_v2/instance_masks/v2/ann_00000397_img_000045_cat_box.png,/home/amir/Desktop/COGAR/COGAR_Foundation-Model-Segmentation-for-Robotic-Scenes/outputs/sim_sam_vit_b_auto_v2/masks/row_0316_object_397_sam_auto_mask.png,1.0001634359359741,0.9884194135665894,22,0.9803715820011111,0.9975708502024292,13.332407247000447,0.07500520959746276,cuda,vit_b
317,000045.png,398,data/cogar_sim_500_v2/rgb/000045.png,/home/amir/Desktop/COGAR/COGAR_Foundation-Model-Segmentation-for-Robotic-Scenes/data/cogar_sim_500_v2/instance_masks/v2/ann_00000398_img_000045_cat_tool.png,/home/amir/Desktop/COGAR/COGAR_Foundation-Model-Segmentation-for-Robotic-Scenes/outputs/sim_sam_vit_b_auto_v2/masks/row_0317_object_398_sam_auto_mask.png,0.9051556587219238,0.9561445713043213,22,0.9422718808193669,0.9965753424657535,13.332407247000447,0.07500520959746276,cuda,vit_b
318,000045.png,399,data/cogar_sim_500_v2/rgb/000045.png,/home/amir/Desktop/COGAR/COGAR_Foundation-Model-Segmentation-for-Robotic-Scenes/data/cogar_sim_500_v2/instance_masks/v2/ann_00000399_img_000045_cat_tool.png,/home/amir/Desktop/COGAR/COGAR_Foundation-Model-Segmentation-for-Robotic-Scenes/outputs/sim_sam_vit_b_auto_v2/masks/row_0318_object_399_sam_auto_mask.png,0.8956184983253479,0.9709326028823853,22,0.6495749202975558,0.7673469387755101,13.332407247000447,0.07500520959746276,cuda,vit_b
319,000045.png,400,data/cogar_sim_500_v2/rgb/000045.png,/home/amir/Desktop/COGAR/COGAR_Foundation-Model-Segmentation-for-Robotic-Scenes/data/cogar_sim_500_v2/instance_masks/v2/ann_00000400_img_000045_cat_metal_part.png,/home/amir/Desktop/COGAR/COGAR_Foundation-Model-Segmentation-for-Robotic-Scenes/outputs/sim_sam_vit_b_auto_v2/masks/row_0319_object_400_sam_auto_mask.png,0.9733529090881348,0.9965277910232544,22,0.9113924050632911,1.0,13.332407247000447,0.07500520959746276,cuda,vit_b
320,000045.png,401,data/cogar_sim_500_v2/rgb/000045.png,/home/amir/Desktop/COGAR/COGAR_Foundation-Model-Segmentation-for-Robotic-Scenes/data/cogar_sim_500_v2/instance_masks/v2/ann_00000401_img_000045_cat_box.png,/home/amir/Desktop/COGAR/COGAR_Foundation-Model-Segmentation-for-Robotic-Scenes/outputs/sim_sam_vit_b_auto_v2/masks/row_0320_object_401_sam_auto_mask.png,0.9740360379219055,0.9801284670829773,22,0.8299204603147741,0.8385832475504214,13.332407247000447,0.07500520959746276,cuda,vit_b
321,000045.png,402,data/cogar_sim_500_v2/rgb/000045.png,/home/amir/Desktop/COGAR/COGAR_Foundation-Model-Segmentation-for-Robotic-Scenes/data/cogar_sim_500_v2/instance_masks/v2/ann_00000402_img_000045_cat_metal_part.png,/home/amir/Desktop/COGAR/COGAR_Foundation-Model-Segmentation-for-Robotic-Scenes/outputs/sim_sam_vit_b_auto_v2/masks/row_0321_object_402_sam_auto_mask.png,0.9635871052742004,0.9822247624397278,22,0.960577456968351,1.0,13.332407247000447,0.07500520959746276,cuda,vit_b
322,000045.png,403,data/cogar_sim_500_v2/rgb/000045.png,/home/amir/Desktop/COGAR/COGAR_Foundation-Model-Segmentation-for-Robotic-Scenes/data/cogar_sim_500_v2/instance_masks/v2/ann_00000403_img_000045_cat_connector.png,/home/amir/Desktop/COGAR/COGAR_Foundation-Model-Segmentation-for-Robotic-Scenes/outputs/sim_sam_vit_b_auto_v2/masks/row_0322_object_403_sam_auto_mask.png,0.9155207872390747,0.9606533050537109,22,0.9461883408071748,1.0,13.332407247000447,0.07500520959746276,cuda,vit_b
323,000045.png,404,data/cogar_sim_500_v2/rgb/000045.png,/home/amir/Desktop/COGAR/COGAR_Foundation-Model-Segmentation-for-Robotic-Scenes/data/cogar_sim_500_v2/instance_masks/v2/ann_00000404_img_000045_cat_robot_gripper.png,/home/amir/Desktop/COGAR/COGAR_Foundation-Model-Segmentation-for-Robotic-Scenes/outputs/sim_sam_vit_b_auto_v2/masks/row_0323_object_404_sam_auto_mask.png,0.9663212299346924,0.9599848985671997,22,0.7858318600256051,0.7865711350525512,13.332407247000447,0.07500520959746276,cuda,vit_b
324,000045.png,405,data/cogar_sim_500_v2/rgb/000045.png,/home/amir/Desktop/COGAR/COGAR_Foundation-Model-Segmentation-for-Robotic-Scenes/data/cogar_sim_500_v2/instance_masks/v2/ann_00000405_img_000045_cat_robot_gripper.png,/home/amir/Desktop/COGAR/COGAR_Foundation-Model-Segmentation-for-Robotic-Scenes/outputs/sim_sam_vit_b_auto_v2/masks/row_0324_object_405_sam_auto_mask.png,0.9131382703781128,0.9548973441123962,22,0.7298541826554106,0.813501229416586,13.332407247000447,0.07500520959746276,cuda,vit_b
325,000046.png,408,data/cogar_sim_500_v2/rgb/000046.png,/home/amir/Desktop/COGAR/COGAR_Foundation-Model-Segmentation-for-Robotic-Scenes/data/cogar_sim_500_v2/instance_masks/v2/ann_00000408_img_000046_cat_connector.png,/home/amir/Desktop/COGAR/COGAR_Foundation-Model-Segmentation-for-Robotic-Scenes/outputs/sim_sam_vit_b_auto_v2/masks/row_0325_object_408_sam_auto_mask.png,0.9161940813064575,0.9882352948188782,27,0.8531468531468531,0.9349220898258477,13.191928595999343,0.07580392758518004,cuda,vit_b
326,000046.png,409,data/cogar_sim_500_v2/rgb/000046.png,/home/amir/Desktop/COGAR/COGAR_Foundation-Model-Segmentation-for-Robotic-Scenes/data/cogar_sim_500_v2/instance_masks/v2/ann_00000409_img_000046_cat_cable.png,/home/amir/Desktop/COGAR/COGAR_Foundation-Model-Segmentation-for-Robotic-Scenes/outputs/sim_sam_vit_b_auto_v2/masks/row_0326_object_409_sam_auto_mask.png,0.9645836353302002,0.9600814580917358,27,0.2983402489626556,0.4579893257815053,13.191928595999343,0.07580392758518004,cuda,vit_b
327,000046.png,410,data/cogar_sim_500_v2/rgb/000046.png,/home/amir/Desktop/COGAR/COGAR_Foundation-Model-Segmentation-for-Robotic-Scenes/data/cogar_sim_500_v2/instance_masks/v2/ann_00000410_img_000046_cat_glass_object.png,/home/amir/Desktop/COGAR/COGAR_Foundation-Model-Segmentation-for-Robotic-Scenes/outputs/sim_sam_vit_b_auto_v2/masks/row_0327_object_410_sam_auto_mask.png,0.9734371900558472,0.9745325446128845,27,0.21721282468681435,0.38519774197264695,13.191928595999343,0.07580392758518004,cuda,vit_b
328,000046.png,411,data/cogar_sim_500_v2/rgb/000046.png,/home/amir/Desktop/COGAR/COGAR_Foundation-Model-Segmentation-for-Robotic-Scenes/data/cogar_sim_500_v2/instance_masks/v2/ann_00000411_img_000046_cat_glass_object.png,/home/amir/Desktop/COGAR/COGAR_Foundation-Model-Segmentation-for-Robotic-Scenes/outputs/sim_sam_vit_b_auto_v2/masks/row_0328_object_411_sam_auto_mask.png,0.9220004081726074,0.9628905057907104,27,0.8904733700851976,0.7118144946388083,13.191928595999343,0.07580392758518004,cuda,vit_b
329,000046.png,412,data/cogar_sim_500_v2/rgb/000046.png,/home/amir/Desktop/COGAR/COGAR_Foundation-Model-Segmentation-for-Robotic-Scenes/data/cogar_sim_500_v2/instance_masks/v2/ann_00000412_img_000046_cat_glass_object.png,/home/amir/Desktop/COGAR/COGAR_Foundation-Model-Segmentation-for-Robotic-Scenes/outputs/sim_sam_vit_b_auto_v2/masks/row_0329_object_412_sam_auto_mask.png,0.9550526142120361,0.9729416370391846,27,0.31894394394394393,0.2027371839480399,13.191928595999343,0.07580392758518004,cuda,vit_b
330,000046.png,413,data/cogar_sim_500_v2/rgb/000046.png,/home/amir/Desktop/COGAR/COGAR_Foundation-Model-Segmentation-for-Robotic-Scenes/data/cogar_sim_500_v2/instance_masks/v2/ann_00000413_img_000046_cat_glass_object.png,/home/amir/Desktop/COGAR/COGAR_Foundation-Model-Segmentation-for-Robotic-Scenes/outputs/sim_sam_vit_b_auto_v2/masks/row_0330_object_413_sam_auto_mask.png,0.8879863023757935,0.9638158082962036,27,0.24306688417618272,0.5035971223021583,13.191928595999343,0.07580392758518004,cuda,vit_b
331,000046.png,414,data/cogar_sim_500_v2/rgb/000046.png,/home/amir/Desktop/COGAR/COGAR_Foundation-Model-Segmentation-for-Robotic-Scenes/data/cogar_sim_500_v2/instance_masks/v2/ann_00000414_img_000046_cat_plastic_object.png,/home/amir/Desktop/COGAR/COGAR_Foundation-Model-Segmentation-for-Robotic-Scenes/outputs/sim_sam_vit_b_auto_v2/masks/row_0331_object_414_sam_auto_mask.png,0.9706652164459229,0.9757845401763916,27,0.9765853658536585,1.0,13.191928595999343,0.07580392758518004,cuda,vit_b
332,000046.png,415,data/cogar_sim_500_v2/rgb/000046.png,/home/amir/Desktop/COGAR/COGAR_Foundation-Model-Segmentation-for-Robotic-Scenes/data/cogar_sim_500_v2/instance_masks/v2/ann_00000415_img_000046_cat_robot_gripper.png,/home/amir/Desktop/COGAR/COGAR_Foundation-Model-Segmentation-for-Robotic-Scenes/outputs/sim_sam_vit_b_auto_v2/masks/row_0332_object_415_sam_auto_mask.png,0.9828680157661438,0.9849583506584167,27,0.8593900481540931,0.8314939565436197,13.191928595999343,0.07580392758518004,cuda,vit_b
333,000046.png,416,data/cogar_sim_500_v2/rgb/000046.png,/home/amir/Desktop/COGAR/COGAR_Foundation-Model-Segmentation-for-Robotic-Scenes/data/cogar_sim_500_v2/instance_masks/v2/ann_00000416_img_000046_cat_robot_gripper.png,/home/amir/Desktop/COGAR/COGAR_Foundation-Model-Segmentation-for-Robotic-Scenes/outputs/sim_sam_vit_b_auto_v2/masks/row_0333_object_416_sam_auto_mask.png,0.9413713216781616,0.9669421315193176,27,0.4548002803083392,0.2615803814713896,13.191928595999343,0.07580392758518004,cuda,vit_b
334,000046.png,417,data/cogar_sim_500_v2/rgb/000046.png,/home/amir/Desktop/COGAR/COGAR_Foundation-Model-Segmentation-for-Robotic-Scenes/data/cogar_sim_500_v2/instance_masks/v2/ann_00000417_img_000046_cat_robot_gripper.png,/home/amir/Desktop/COGAR/COGAR_Foundation-Model-Segmentation-for-Robotic-Scenes/outputs/sim_sam_vit_b_auto_v2/masks/row_0334_object_417_sam_auto_mask.png,0.9828680157661438,0.9849583506584167,27,0.00425207152202355,0.08795411089866156,13.191928595999343,0.07580392758518004,cuda,vit_b
335,000047.png,419,data/cogar_sim_500_v2/rgb/000047.png,/home/amir/Desktop/COGAR/COGAR_Foundation-Model-Segmentation-for-Robotic-Scenes/data/cogar_sim_500_v2/instance_masks/v2/ann_00000419_img_000047_cat_metal_part.png,/home/amir/Desktop/COGAR/COGAR_Foundation-Model-Segmentation-for-Robotic-Scenes/outputs/sim_sam_vit_b_auto_v2/masks/row_0335_object_419_sam_auto_mask.png,0.9621472954750061,0.9587227702140808,16,0.003667033370003667,0.03138075313807531,14.114303481000206,0.07085011324477594,cuda,vit_b
336,000047.png,420,data/cogar_sim_500_v2/rgb/000047.png,/home/amir/Desktop/COGAR/COGAR_Foundation-Model-Segmentation-for-Robotic-Scenes/data/cogar_sim_500_v2/instance_masks/v2/ann_00000420_img_000047_cat_connector.png,/home/amir/Desktop/COGAR/COGAR_Foundation-Model-Segmentation-for-Robotic-Scenes/outputs/sim_sam_vit_b_auto_v2/masks/row_0336_object_420_sam_auto_mask.png,1.0083250999450684,0.9857327938079834,16,0.9691714836223507,1.0,14.114303481000206,0.07085011324477594,cuda,vit_b
337,000047.png,421,data/cogar_sim_500_v2/rgb/000047.png,/home/amir/Desktop/COGAR/COGAR_Foundation-Model-Segmentation-for-Robotic-Scenes/data/cogar_sim_500_v2/instance_masks/v2/ann_00000421_img_000047_cat_glass_object.png,/home/amir/Desktop/COGAR/COGAR_Foundation-Model-Segmentation-for-Robotic-Scenes/outputs/sim_sam_vit_b_auto_v2/masks/row_0337_object_421_sam_auto_mask.png,0.9751784205436707,0.9807328581809998,16,0.9820506804317222,0.9844236760124611,14.114303481000206,0.07085011324477594,cuda,vit_b
338,000047.png,422,data/cogar_sim_500_v2/rgb/000047.png,/home/amir/Desktop/COGAR/COGAR_Foundation-Model-Segmentation-for-Robotic-Scenes/data/cogar_sim_500_v2/instance_masks/v2/ann_00000422_img_000047_cat_box.png,/home/amir/Desktop/COGAR/COGAR_Foundation-Model-Segmentation-for-Robotic-Scenes/outputs/sim_sam_vit_b_auto_v2/masks/row_0338_object_422_sam_auto_mask.png,0.96193528175354,0.9584124684333801,16,0.8155099150141643,0.492915010778174,14.114303481000206,0.07085011324477594,cuda,vit_b
339,000047.png,423,data/cogar_sim_500_v2/rgb/000047.png,/home/amir/Desktop/COGAR/COGAR_Foundation-Model-Segmentation-for-Robotic-Scenes/data/cogar_sim_500_v2/instance_masks/v2/ann_00000423_img_000047_cat_cable.png,/home/amir/Desktop/COGAR/COGAR_Foundation-Model-Segmentation-for-Robotic-Scenes/outputs/sim_sam_vit_b_auto_v2/masks/row_0339_object_423_sam_auto_mask.png,0.9747158288955688,0.9700165390968323,16,0.9464889596180625,1.0,14.114303481000206,0.07085011324477594,cuda,vit_b
340,000047.png,424,data/cogar_sim_500_v2/rgb/000047.png,/home/amir/Desktop/COGAR/COGAR_Foundation-Model-Segmentation-for-Robotic-Scenes/data/cogar_sim_500_v2/instance_masks/v2/ann_00000424_img_000047_cat_robot_gripper.png,/home/amir/Desktop/COGAR/COGAR_Foundation-Model-Segmentation-for-Robotic-Scenes/outputs/sim_sam_vit_b_auto_v2/masks/row_0340_object_424_sam_auto_mask.png,1.0016597509384155,0.9847341179847717,16,0.9767238553163589,1.0,14.114303481000206,0.07085011324477594,cuda,vit_b
341,000047.png,425,data/cogar_sim_500_v2/rgb/000047.png,/home/amir/Desktop/COGAR/COGAR_Foundation-Model-Segmentation-for-Robotic-Scenes/data/cogar_sim_500_v2/instance_masks/v2/ann_00000425_img_000047_cat_robot_gripper.png,/home/amir/Desktop/COGAR/COGAR_Foundation-Model-Segmentation-for-Robotic-Scenes/outputs/sim_sam_vit_b_auto_v2/masks/row_0341_object_425_sam_auto_mask.png,0.9899623394012451,0.9787465929985046,16,0.941544885177453,1.0,14.114303481000206,0.07085011324477594,cuda,vit_b
342,000051.png,434,data/cogar_sim_500_v2/rgb/000051.png,/home/amir/Desktop/COGAR/COGAR_Foundation-Model-Segmentation-for-Robotic-Scenes/data/cogar_sim_500_v2/instance_masks/v2/ann_00000434_img_000051_cat_metal_part.png,/home/amir/Desktop/COGAR/COGAR_Foundation-Model-Segmentation-for-Robotic-Scenes/outputs/sim_sam_vit_b_auto_v2/masks/row_0342_object_434_sam_auto_mask.png,0.9926389455795288,0.9864081740379333,16,0.9752795762213067,1.0,14.545332959000007,0.06875057469078041,cuda,vit_b
343,000051.png,435,data/cogar_sim_500_v2/rgb/000051.png,/home/amir/Desktop/COGAR/COGAR_Foundation-Model-Segmentation-for-Robotic-Scenes/data/cogar_sim_500_v2/instance_masks/v2/ann_00000435_img_000051_cat_glass_object.png,/home/amir/Desktop/COGAR/COGAR_Foundation-Model-Segmentation-for-Robotic-Scenes/outputs/sim_sam_vit_b_auto_v2/masks/row_0343_object_435_sam_auto_mask.png,0.9381918907165527,0.9766536951065063,16,0.18439024390243902,0.384197562053938,14.545332959000007,0.06875057469078041,cuda,vit_b
344,000051.png,436,data/cogar_sim_500_v2/rgb/000051.png,/home/amir/Desktop/COGAR/COGAR_Foundation-Model-Segmentation-for-Robotic-Scenes/data/cogar_sim_500_v2/instance_masks/v2/ann_00000436_img_000051_cat_glass_object.png,/home/amir/Desktop/COGAR/COGAR_Foundation-Model-Segmentation-for-Robotic-Scenes/outputs/sim_sam_vit_b_auto_v2/masks/row_0344_object_436_sam_auto_mask.png,0.9312633872032166,0.9789642095565796,16,0.746823592349873,0.7374459367175051,14.545332959000007,0.06875057469078041,cuda,vit_b
345,000051.png,437,data/cogar_sim_500_v2/rgb/000051.png,/home/amir/Desktop/COGAR/COGAR_Foundation-Model-Segmentation-for-Robotic-Scenes/data/cogar_sim_500_v2/instance_masks/v2/ann_00000437_img_000051_cat_glass_object.png,/home/amir/Desktop/COGAR/COGAR_Foundation-Model-Segmentation-for-Robotic-Scenes/outputs/sim_sam_vit_b_auto_v2/masks/row_0345_object_437_sam_auto_mask.png,0.8988224864006042,0.9555302262306213,16,0.9284348538650642,0.8905126155953875,14.545332959000007,0.06875057469078041,cuda,vit_b
346,000051.png,438,data/cogar_sim_500_v2/rgb/000051.png,/home/amir/Desktop/COGAR/COGAR_Foundation-Model-Segmentation-for-Robotic-Scenes/data/cogar_sim_500_v2/instance_masks/v2/ann_00000438_img_000051_cat_glass_object.png,/home/amir/Desktop/COGAR/COGAR_Foundation-Model-Segmentation-for-Robotic-Scenes/outputs/sim_sam_vit_b_auto_v2/masks/row_0346_object_438_sam_auto_mask.png,0.9180734753608704,0.9713261723518372,16,0.8537344398340249,0.7135848377616506,14.545332959000007,0.06875057469078041,cuda,vit_b
347,000051.png,439,data/cogar_sim_500_v2/rgb/000051.png,/home/amir/Desktop/COGAR/COGAR_Foundation-Model-Segmentation-for-Robotic-Scenes/data/cogar_sim_500_v2/instance_masks/v2/ann_00000439_img_000051_cat_cable.png,/home/amir/Desktop/COGAR/COGAR_Foundation-Model-Segmentation-for-Robotic-Scenes/outputs/sim_sam_vit_b_auto_v2/masks/row_0347_object_439_sam_auto_mask.png,0.9232412576675415,0.9589216709136963,16,0.9593392630241423,1.0,14.545332959000007,0.06875057469078041,cuda,vit_b
348,000053.png,444,data/cogar_sim_500_v2/rgb/000053.png,/home/amir/Desktop/COGAR/COGAR_Foundation-Model-Segmentation-for-Robotic-Scenes/data/cogar_sim_500_v2/instance_masks/v2/ann_00000444_img_000053_cat_connector.png,/home/amir/Desktop/COGAR/COGAR_Foundation-Model-Segmentation-for-Robotic-Scenes/outputs/sim_sam_vit_b_auto_v2/masks/row_0348_object_444_sam_auto_mask.png,0.9826350212097168,0.9815863966941833,22,0.9603960396039604,1.0,12.85552939199988,0.07778753947093844,cuda,vit_b
349,000053.png,445,data/cogar_sim_500_v2/rgb/000053.png,/home/amir/Desktop/COGAR/COGAR_Foundation-Model-Segmentation-for-Robotic-Scenes/data/cogar_sim_500_v2/instance_masks/v2/ann_00000445_img_000053_cat_metal_part.png,/home/amir/Desktop/COGAR/COGAR_Foundation-Model-Segmentation-for-Robotic-Scenes/outputs/sim_sam_vit_b_auto_v2/masks/row_0349_object_445_sam_auto_mask.png,0.9254074096679688,0.9719035625457764,22,0.7772626112759644,0.5288550602069992,12.85552939199988,0.07778753947093844,cuda,vit_b
350,000053.png,446,data/cogar_sim_500_v2/rgb/000053.png,/home/amir/Desktop/COGAR/COGAR_Foundation-Model-Segmentation-for-Robotic-Scenes/data/cogar_sim_500_v2/instance_masks/v2/ann_00000446_img_000053_cat_connector.png,/home/amir/Desktop/COGAR/COGAR_Foundation-Model-Segmentation-for-Robotic-Scenes/outputs/sim_sam_vit_b_auto_v2/masks/row_0350_object_446_sam_auto_mask.png,0.9805525541305542,0.9850746393203735,22,0.9539666993143977,1.0,12.85552939199988,0.07778753947093844,cuda,vit_b
351,000053.png,447,data/cogar_sim_500_v2/rgb/000053.png,/home/amir/Desktop/COGAR/COGAR_Foundation-Model-Segmentation-for-Robotic-Scenes/data/cogar_sim_500_v2/instance_masks/v2/ann_00000447_img_000053_cat_connector.png,/home/amir/Desktop/COGAR/COGAR_Foundation-Model-Segmentation-for-Robotic-Scenes/outputs/sim_sam_vit_b_auto_v2/masks/row_0351_object_447_sam_auto_mask.png,0.9801570177078247,0.9806734919548035,22,0.9616502033701336,1.0,12.85552939199988,0.07778753947093844,cuda,vit_b
352,000053.png,448,data/cogar_sim_500_v2/rgb/000053.png,/home/amir/Desktop/COGAR/COGAR_Foundation-Model-Segmentation-for-Robotic-Scenes/data/cogar_sim_500_v2/instance_masks/v2/ann_00000448_img_000053_cat_tool.png,/home/amir/Desktop/COGAR/COGAR_Foundation-Model-Segmentation-for-Robotic-Scenes/outputs/sim_sam_vit_b_auto_v2/masks/row_0352_object_448_sam_auto_mask.png,0.9511270523071289,0.9562426805496216,22,0.8373343575955444,0.8111828722886946,12.85552939199988,0.07778753947093844,cuda,vit_b
353,000053.png,449,data/cogar_sim_500_v2/rgb/000053.png,/home/amir/Desktop/COGAR/COGAR_Foundation-Model-Segmentation-for-Robotic-Scenes/data/cogar_sim_500_v2/instance_masks/v2/ann_00000449_img_000053_cat_cable.png,/home/amir/Desktop/COGAR/COGAR_Foundation-Model-Segmentation-for-Robotic-Scenes/outputs/sim_sam_vit_b_auto_v2/masks/row_0353_object_449_sam_auto_mask.png,0.9616509675979614,0.9713758230209351,22,0.15039313795568263,0.3402777777777778,12.85552939199988,0.07778753947093844,cuda,vit_b
354,000053.png,450,data/cogar_sim_500_v2/rgb/000053.png,/home/amir/Desktop/COGAR/COGAR_Foundation-Model-Segmentation-for-Robotic-Scenes/data/cogar_sim_500_v2/instance_masks/v2/ann_00000450_img_000053_cat_connector.png,/home/amir/Desktop/COGAR/COGAR_Foundation-Model-Segmentation-for-Robotic-Scenes/outputs/sim_sam_vit_b_auto_v2/masks/row_0354_object_450_sam_auto_mask.png,1.000888705253601,0.9792463183403015,22,0.7961956521739131,0.8097994346480012,12.85552939199988,0.07778753947093844,cuda,vit_b
355,000053.png,451,data/cogar_sim_500_v2/rgb/000053.png,/home/amir/Desktop/COGAR/COGAR_Foundation-Model-Segmentation-for-Robotic-Scenes/data/cogar_sim_500_v2/instance_masks/v2/ann_00000451_img_000053_cat_screw.png,/home/amir/Desktop/COGAR/COGAR_Foundation-Model-Segmentation-for-Robotic-Scenes/outputs/sim_sam_vit_b_auto_v2/masks/row_0355_object_451_sam_auto_mask.png,0.9548690319061279,0.9755244851112366,22,0.6323024054982818,0.7338129496402879,12.85552939199988,0.07778753947093844,cuda,vit_b
356,000053.png,452,data/cogar_sim_500_v2/rgb/000053.png,/home/amir/Desktop/COGAR/COGAR_Foundation-Model-Segmentation-for-Robotic-Scenes/data/cogar_sim_500_v2/instance_masks/v2/ann_00000452_img_000053_cat_cable.png,/home/amir/Desktop/COGAR/COGAR_Foundation-Model-Segmentation-for-Robotic-Scenes/outputs/sim_sam_vit_b_auto_v2/masks/row_0356_object_452_sam_auto_mask.png,0.9475513696670532,0.9652189612388611,22,0.7879979483672422,0.7401395598497048,12.85552939199988,0.07778753947093844,cuda,vit_b
357,000053.png,453,data/cogar_sim_500_v2/rgb/000053.png,/home/amir/Desktop/COGAR/COGAR_Foundation-Model-Segmentation-for-Robotic-Scenes/data/cogar_sim_500_v2/instance_masks/v2/ann_00000453_img_000053_cat_robot_gripper.png,/home/amir/Desktop/COGAR/COGAR_Foundation-Model-Segmentation-for-Robotic-Scenes/outputs/sim_sam_vit_b_auto_v2/masks/row_0357_object_453_sam_auto_mask.png,0.9906334280967712,0.9753273725509644,22,0.8901461377870563,0.8907788118019917,12.85552939199988,0.07778753947093844,cuda,vit_b
358,000053.png,454,data/cogar_sim_500_v2/rgb/000053.png,/home/amir/Desktop/COGAR/COGAR_Foundation-Model-Segmentation-for-Robotic-Scenes/data/cogar_sim_500_v2/instance_masks/v2/ann_00000454_img_000053_cat_robot_gripper.png,/home/amir/Desktop/COGAR/COGAR_Foundation-Model-Segmentation-for-Robotic-Scenes/outputs/sim_sam_vit_b_auto_v2/masks/row_0358_object_454_sam_auto_mask.png,0.9906334280967712,0.9753273725509644,22,0.08941116362242943,0.12453283352599859,12.85552939199988,0.07778753947093844,cuda,vit_b
359,000053.png,455,data/cogar_sim_500_v2/rgb/000053.png,/home/amir/Desktop/COGAR/COGAR_Foundation-Model-Segmentation-for-Robotic-Scenes/data/cogar_sim_500_v2/instance_masks/v2/ann_00000455_img_000053_cat_robot_gripper.png,/home/amir/Desktop/COGAR/COGAR_Foundation-Model-Segmentation-for-Robotic-Scenes/outputs/sim_sam_vit_b_auto_v2/masks/row_0359_object_455_sam_auto_mask.png,0.9399276375770569,0.9789525270462036,22,0.9669223394055608,1.0,12.85552939199988,0.07778753947093844,cuda,vit_b
360,000055.png,460,data/cogar_sim_500_v2/rgb/000055.png,/home/amir/Desktop/COGAR/COGAR_Foundation-Model-Segmentation-for-Robotic-Scenes/data/cogar_sim_500_v2/instance_masks/v2/ann_00000460_img_000055_cat_metal_part.png,/home/amir/Desktop/COGAR/COGAR_Foundation-Model-Segmentation-for-Robotic-Scenes/outputs/sim_sam_vit_b_auto_v2/masks/row_0360_object_460_sam_auto_mask.png,0.9684314727783203,0.981055498123169,14,0.9489528795811518,1.0,13.315630615000373,0.07509971017621023,cuda,vit_b
361,000055.png,461,data/cogar_sim_500_v2/rgb/000055.png,/home/amir/Desktop/COGAR/COGAR_Foundation-Model-Segmentation-for-Robotic-Scenes/data/cogar_sim_500_v2/instance_masks/v2/ann_00000461_img_000055_cat_box.png,/home/amir/Desktop/COGAR/COGAR_Foundation-Model-Segmentation-for-Robotic-Scenes/outputs/sim_sam_vit_b_auto_v2/masks/row_0361_object_461_sam_auto_mask.png,1.0041695833206177,0.9882594347000122,14,0.9905119027327993,1.0,13.315630615000373,0.07509971017621023,cuda,vit_b
362,000055.png,462,data/cogar_sim_500_v2/rgb/000055.png,/home/amir/Desktop/COGAR/COGAR_Foundation-Model-Segmentation-for-Robotic-Scenes/data/cogar_sim_500_v2/instance_masks/v2/ann_00000462_img_000055_cat_tool.png,/home/amir/Desktop/COGAR/COGAR_Foundation-Model-Segmentation-for-Robotic-Scenes/outputs/sim_sam_vit_b_auto_v2/masks/row_0362_object_462_sam_auto_mask.png,0.9767853021621704,0.9776694178581238,14,0.9596412556053812,1.0,13.315630615000373,0.07509971017621023,cuda,vit_b
363,000055.png,463,data/cogar_sim_500_v2/rgb/000055.png,/home/amir/Desktop/COGAR/COGAR_Foundation-Model-Segmentation-for-Robotic-Scenes/data/cogar_sim_500_v2/instance_masks/v2/ann_00000463_img_000055_cat_screw.png,/home/amir/Desktop/COGAR/COGAR_Foundation-Model-Segmentation-for-Robotic-Scenes/outputs/sim_sam_vit_b_auto_v2/masks/row_0363_object_463_sam_auto_mask.png,0.9320567846298218,0.9658536314964294,14,0.5815485996705108,0.6391246405274602,13.315630615000373,0.07509971017621023,cuda,vit_b
364,000055.png,464,data/cogar_sim_500_v2/rgb/000055.png,/home/amir/Desktop/COGAR/COGAR_Foundation-Model-Segmentation-for-Robotic-Scenes/data/cogar_sim_500_v2/instance_masks/v2/ann_00000464_img_000055_cat_robot_gripper.png,/home/amir/Desktop/COGAR/COGAR_Foundation-Model-Segmentation-for-Robotic-Scenes/outputs/sim_sam_vit_b_auto_v2/masks/row_0364_object_464_sam_auto_mask.png,0.9555913805961609,0.9755792021751404,14,0.5532544378698225,0.43084255319148934,13.315630615000373,0.07509971017621023,cuda,vit_b
365,000055.png,465,data/cogar_sim_500_v2/rgb/000055.png,/home/amir/Desktop/COGAR/COGAR_Foundation-Model-Segmentation-for-Robotic-Scenes/data/cogar_sim_500_v2/instance_masks/v2/ann_00000465_img_000055_cat_robot_gripper.png,/home/amir/Desktop/COGAR/COGAR_Foundation-Model-Segmentation-for-Robotic-Scenes/outputs/sim_sam_vit_b_auto_v2/masks/row_0365_object_465_sam_auto_mask.png,0.9555913805961609,0.9755792021751404,14,0.056072234762979685,0.19532733722721898,13.315630615000373,0.07509971017621023,cuda,vit_b
366,000055.png,466,data/cogar_sim_500_v2/rgb/000055.png,/home/amir/Desktop/COGAR/COGAR_Foundation-Model-Segmentation-for-Robotic-Scenes/data/cogar_sim_500_v2/instance_masks/v2/ann_00000466_img_000055_cat_robot_gripper.png,/home/amir/Desktop/COGAR/COGAR_Foundation-Model-Segmentation-for-Robotic-Scenes/outputs/sim_sam_vit_b_auto_v2/masks/row_0366_object_466_sam_auto_mask.png,0.9555913805961609,0.9755792021751404,14,0.3198384201077199,0.44354838709677424,13.315630615000373,0.07509971017621023,cuda,vit_b
367,000056.png,469,data/cogar_sim_500_v2/rgb/000056.png,/home/amir/Desktop/COGAR/COGAR_Foundation-Model-Segmentation-for-Robotic-Scenes/data/cogar_sim_500_v2/instance_masks/v2/ann_00000469_img_000056_cat_glass_object.png,/home/amir/Desktop/COGAR/COGAR_Foundation-Model-Segmentation-for-Robotic-Scenes/outputs/sim_sam_vit_b_auto_v2/masks/row_0367_object_469_sam_auto_mask.png,0.9553049802780151,0.9525765776634216,19,0.9465843023255814,0.9563171809835748,14.391067574999397,0.06948754807719967,cuda,vit_b
368,000056.png,470,data/cogar_sim_500_v2/rgb/000056.png,/home/amir/Desktop/COGAR/COGAR_Foundation-Model-Segmentation-for-Robotic-Scenes/data/cogar_sim_500_v2/instance_masks/v2/ann_00000470_img_000056_cat_plastic_object.png,/home/amir/Desktop/COGAR/COGAR_Foundation-Model-Segmentation-for-Robotic-Scenes/outputs/sim_sam_vit_b_auto_v2/masks/row_0368_object_470_sam_auto_mask.png,0.9777336120605469,0.9799138903617859,19,0.9676284306826178,1.0,14.391067574999397,0.06948754807719967,cuda,vit_b
369,000056.png,471,data/cogar_sim_500_v2/rgb/000056.png,/home/amir/Desktop/COGAR/COGAR_Foundation-Model-Segmentation-for-Robotic-Scenes/data/cogar_sim_500_v2/instance_masks/v2/ann_00000471_img_000056_cat_cable.png,/home/amir/Desktop/COGAR/COGAR_Foundation-Model-Segmentation-for-Robotic-Scenes/outputs/sim_sam_vit_b_auto_v2/masks/row_0369_object_471_sam_auto_mask.png,0.972786545753479,0.9756232500076294,19,0.9570123589468028,1.0,14.391067574999397,0.06948754807719967,cuda,vit_b
370,000056.png,472,data/cogar_sim_500_v2/rgb/000056.png,/home/amir/Desktop/COGAR/COGAR_Foundation-Model-Segmentation-for-Robotic-Scenes/data/cogar_sim_500_v2/instance_masks/v2/ann_00000472_img_000056_cat_glass_object.png,/home/amir/Desktop/COGAR/COGAR_Foundation-Model-Segmentation-for-Robotic-Scenes/outputs/sim_sam_vit_b_auto_v2/masks/row_0370_object_472_sam_auto_mask.png,0.9203059077262878,0.9619498252868652,19,0.9117144484526296,0.910600095293026,14.391067574999397,0.06948754807719967,cuda,vit_b
371,000056.png,473,data/cogar_sim_500_v2/rgb/000056.png,/home/amir/Desktop/COGAR/COGAR_Foundation-Model-Segmentation-for-Robotic-Scenes/data/cogar_sim_500_v2/instance_masks/v2/ann_00000473_img_000056_cat_box.png,/home/amir/Desktop/COGAR/COGAR_Foundation-Model-Segmentation-for-Robotic-Scenes/outputs/sim_sam_vit_b_auto_v2/masks/row_0371_object_473_sam_auto_mask.png,0.9517896175384521,0.9729166626930237,19,0.9744897959183674,0.997760220408389,14.391067574999397,0.06948754807719967,cuda,vit_b
372,000056.png,474,data/cogar_sim_500_v2/rgb/000056.png,/home/amir/Desktop/COGAR/COGAR_Foundation-Model-Segmentation-for-Robotic-Scenes/data/cogar_sim_500_v2/instance_masks/v2/ann_00000474_img_000056_cat_cable.png,/home/amir/Desktop/COGAR/COGAR_Foundation-Model-Segmentation-for-Robotic-Scenes/outputs/sim_sam_vit_b_auto_v2/masks/row_0372_object_474_sam_auto_mask.png,0.9777336120605469,0.9799138903617859,19,0.0006891798759476223,0.08339651250947687,14.391067574999397,0.06948754807719967,cuda,vit_b
373,000056.png,475,data/cogar_sim_500_v2/rgb/000056.png,/home/amir/Desktop/COGAR/COGAR_Foundation-Model-Segmentation-for-Robotic-Scenes/data/cogar_sim_500_v2/instance_masks/v2/ann_00000475_img_000056_cat_box.png,/home/amir/Desktop/COGAR/COGAR_Foundation-Model-Segmentation-for-Robotic-Scenes/outputs/sim_sam_vit_b_auto_v2/masks/row_0373_object_475_sam_auto_mask.png,0.9663933515548706,0.956315279006958,19,0.9678229477319102,0.9961489088575096,14.391067574999397,0.06948754807719967,cuda,vit_b
374,000056.png,476,data/cogar_sim_500_v2/rgb/000056.png,/home/amir/Desktop/COGAR/COGAR_Foundation-Model-Segmentation-for-Robotic-Scenes/data/cogar_sim_500_v2/instance_masks/v2/ann_00000476_img_000056_cat_metal_part.png,/home/amir/Desktop/COGAR/COGAR_Foundation-Model-Segmentation-for-Robotic-Scenes/outputs/sim_sam_vit_b_auto_v2/masks/row_0374_object_476_sam_auto_mask.png,1.0324633121490479,0.9825771450996399,19,0.96671388101983,1.0,14.391067574999397,0.06948754807719967,cuda,vit_b
375,000057.png,479,data/cogar_sim_500_v2/rgb/000057.png,/home/amir/Desktop/COGAR/COGAR_Foundation-Model-Segmentation-for-Robotic-Scenes/data/cogar_sim_500_v2/instance_masks/v2/ann_00000479_img_000057_cat_plastic_object.png,/home/amir/Desktop/COGAR/COGAR_Foundation-Model-Segmentation-for-Robotic-Scenes/outputs/sim_sam_vit_b_auto_v2/masks/row_0375_object_479_sam_auto_mask.png,1.0133832693099976,0.9930158853530884,21,0.9704773869346733,1.0,14.950012889999925,0.0668895744343405,cuda,vit_b
376,000057.png,480,data/cogar_sim_500_v2/rgb/000057.png,/home/amir/Desktop/COGAR/COGAR_Foundation-Model-Segmentation-for-Robotic-Scenes/data/cogar_sim_500_v2/instance_masks/v2/ann_00000480_img_000057_cat_box.png,/home/amir/Desktop/COGAR/COGAR_Foundation-Model-Segmentation-for-Robotic-Scenes/outputs/sim_sam_vit_b_auto_v2/masks/row_0376_object_480_sam_auto_mask.png,0.9447588920593262,0.9762433171272278,21,0.9139080877894992,0.8762490392006149,14.950012889999925,0.0668895744343405,cuda,vit_b
377,000057.png,481,data/cogar_sim_500_v2/rgb/000057.png,/home/amir/Desktop/COGAR/COGAR_Foundation-Model-Segmentation-for-Robotic-Scenes/data/cogar_sim_500_v2/instance_masks/v2/ann_00000481_img_000057_cat_box.png,/home/amir/Desktop/COGAR/COGAR_Foundation-Model-Segmentation-for-Robotic-Scenes/outputs/sim_sam_vit_b_auto_v2/masks/row_0377_object_481_sam_auto_mask.png,0.9880774021148682,0.9738040566444397,21,0.31304617612079216,0.42617996004511915,14.950012889999925,0.0668895744343405,cuda,vit_b
378,000057.png,482,data/cogar_sim_500_v2/rgb/000057.png,/home/amir/Desktop/COGAR/COGAR_Foundation-Model-Segmentation-for-Robotic-Scenes/data/cogar_sim_500_v2/instance_masks/v2/ann_00000482_img_000057_cat_box.png,/home/amir/Desktop/COGAR/COGAR_Foundation-Model-Segmentation-for-Robotic-Scenes/outputs/sim_sam_vit_b_auto_v2/masks/row_0378_object_482_sam_auto_mask.png,0.9784902334213257,0.9656572937965393,21,0.9467308034918939,0.9562242853247014,14.950012889999925,0.0668895744343405,cuda,vit_b
379,000057.png,483,data/cogar_sim_500_v2/rgb/000057.png,/home/amir/Desktop/COGAR/COGAR_Foundation-Model-Segmentation-for-Robotic-Scenes/data/cogar_sim_500_v2/instance_masks/v2/ann_00000483_img_000057_cat_cable.png,/home/amir/Desktop/COGAR/COGAR_Foundation-Model-Segmentation-for-Robotic-Scenes/outputs/sim_sam_vit_b_auto_v2/masks/row_0379_object_483_sam_auto_mask.png,0.9495656490325928,0.9761538505554199,21,0.9237958303378864,0.9530685920577617,14.950012889999925,0.0668895744343405,cuda,vit_b
380,000057.png,484,data/cogar_sim_500_v2/rgb/000057.png,/home/amir/Desktop/COGAR/COGAR_Foundation-Model-Segmentation-for-Robotic-Scenes/data/cogar_sim_500_v2/instance_masks/v2/ann_00000484_img_000057_cat_box.png,/home/amir/Desktop/COGAR/COGAR_Foundation-Model-Segmentation-for-Robotic-Scenes/outputs/sim_sam_vit_b_auto_v2/masks/row_0380_object_484_sam_auto_mask.png,0.9880774021148682,0.9738040566444397,21,0.3883247435832015,0.6570821738246613,14.950012889999925,0.0668895744343405,cuda,vit_b
381,000057.png,485,data/cogar_sim_500_v2/rgb/000057.png,/home/amir/Desktop/COGAR/COGAR_Foundation-Model-Segmentation-for-Robotic-Scenes/data/cogar_sim_500_v2/instance_masks/v2/ann_00000485_img_000057_cat_metal_part.png,/home/amir/Desktop/COGAR/COGAR_Foundation-Model-Segmentation-for-Robotic-Scenes/outputs/sim_sam_vit_b_auto_v2/masks/row_0381_object_485_sam_auto_mask.png,0.9920018911361694,0.9847645163536072,21,0.9669547534316217,1.0,14.950012889999925,0.0668895744343405,cuda,vit_b
382,000057.png,486,data/cogar_sim_500_v2/rgb/000057.png,/home/amir/Desktop/COGAR/COGAR_Foundation-Model-Segmentation-for-Robotic-Scenes/data/cogar_sim_500_v2/instance_masks/v2/ann_00000486_img_000057_cat_robot_gripper.png,/home/amir/Desktop/COGAR/COGAR_Foundation-Model-Segmentation-for-Robotic-Scenes/outputs/sim_sam_vit_b_auto_v2/masks/row_0382_object_486_sam_auto_mask.png,0.9828774929046631,0.9836926460266113,21,0.9708414161008729,1.0,14.950012889999925,0.0668895744343405,cuda,vit_b
383,000057.png,487,data/cogar_sim_500_v2/rgb/000057.png,/home/amir/Desktop/COGAR/COGAR_Foundation-Model-Segmentation-for-Robotic-Scenes/data/cogar_sim_500_v2/instance_masks/v2/ann_00000487_img_000057_cat_robot_gripper.png,/home/amir/Desktop/COGAR/COGAR_Foundation-Model-Segmentation-for-Robotic-Scenes/outputs/sim_sam_vit_b_auto_v2/masks/row_0383_object_487_sam_auto_mask.png,0.9551757574081421,0.9628275632858276,21,0.9646341463414634,0.9635854341736695,14.950012889999925,0.0668895744343405,cuda,vit_b
384,000057.png,488,data/cogar_sim_500_v2/rgb/000057.png,/home/amir/Desktop/COGAR/COGAR_Foundation-Model-Segmentation-for-Robotic-Scenes/data/cogar_sim_500_v2/instance_masks/v2/ann_00000488_img_000057_cat_robot_gripper.png,/home/amir/Desktop/COGAR/COGAR_Foundation-Model-Segmentation-for-Robotic-Scenes/outputs/sim_sam_vit_b_auto_v2/masks/row_0384_object_488_sam_auto_mask.png,0.930813729763031,0.9564706087112427,21,0.01774819744869662,0.21108622620380738,14.950012889999925,0.0668895744343405,cuda,vit_b
385,000058.png,491,data/cogar_sim_500_v2/rgb/000058.png,/home/amir/Desktop/COGAR/COGAR_Foundation-Model-Segmentation-for-Robotic-Scenes/data/cogar_sim_500_v2/instance_masks/v2/ann_00000491_img_000058_cat_screw.png,/home/amir/Desktop/COGAR/COGAR_Foundation-Model-Segmentation-for-Robotic-Scenes/outputs/sim_sam_vit_b_auto_v2/masks/row_0385_object_491_sam_auto_mask.png,0.9475245475769043,1.0,29,0.7751479289940828,0.8,14.454255938000642,0.06918377564983971,cuda,vit_b
386,000058.png,492,data/cogar_sim_500_v2/rgb/000058.png,/home/amir/Desktop/COGAR/COGAR_Foundation-Model-Segmentation-for-Robotic-Scenes/data/cogar_sim_500_v2/instance_masks/v2/ann_00000492_img_000058_cat_connector.png,/home/amir/Desktop/COGAR/COGAR_Foundation-Model-Segmentation-for-Robotic-Scenes/outputs/sim_sam_vit_b_auto_v2/masks/row_0386_object_492_sam_auto_mask.png,0.9601366519927979,0.9781227707862854,29,0.9638135003479471,1.0,14.454255938000642,0.06918377564983971,cuda,vit_b
387,000058.png,493,data/cogar_sim_500_v2/rgb/000058.png,/home/amir/Desktop/COGAR/COGAR_Foundation-Model-Segmentation-for-Robotic-Scenes/data/cogar_sim_500_v2/instance_masks/v2/ann_00000493_img_000058_cat_plastic_object.png,/home/amir/Desktop/COGAR/COGAR_Foundation-Model-Segmentation-for-Robotic-Scenes/outputs/sim_sam_vit_b_auto_v2/masks/row_0387_object_493_sam_auto_mask.png,0.9907180070877075,0.9905008673667908,29,0.9792566983578219,1.0,14.454255938000642,0.06918377564983971,cuda,vit_b
388,000058.png,494,data/cogar_sim_500_v2/rgb/000058.png,/home/amir/Desktop/COGAR/COGAR_Foundation-Model-Segmentation-for-Robotic-Scenes/data/cogar_sim_500_v2/instance_masks/v2/ann_00000494_img_000058_cat_plastic_object.png,/home/amir/Desktop/COGAR/COGAR_Foundation-Model-Segmentation-for-Robotic-Scenes/outputs/sim_sam_vit_b_auto_v2/masks/row_0388_object_494_sam_auto_mask.png,0.9749308824539185,0.9878460764884949,29,0.9831989247311828,1.0,14.454255938000642,0.06918377564983971,cuda,vit_b
389,000058.png,495,data/cogar_sim_500_v2/rgb/000058.png,/home/amir/Desktop/COGAR/COGAR_Foundation-Model-Segmentation-for-Robotic-Scenes/data/cogar_sim_500_v2/instance_masks/v2/ann_00000495_img_000058_cat_screw.png,/home/amir/Desktop/COGAR/COGAR_Foundation-Model-Segmentation-for-Robotic-Scenes/outputs/sim_sam_vit_b_auto_v2/masks/row_0389_object_495_sam_auto_mask.png,0.9986042380332947,0.9637678265571594,29,8.398773779028262e-05,0.00776424916181401,14.454255938000642,0.06918377564983971,cuda,vit_b
390,000058.png,496,data/cogar_sim_500_v2/rgb/000058.png,/home/amir/Desktop/COGAR/COGAR_Foundation-Model-Segmentation-for-Robotic-Scenes/data/cogar_sim_500_v2/instance_masks/v2/ann_00000496_img_000058_cat_screw.png,/home/amir/Desktop/COGAR/COGAR_Foundation-Model-Segmentation-for-Robotic-Scenes/outputs/sim_sam_vit_b_auto_v2/masks/row_0390_object_496_sam_auto_mask.png,0.9639708995819092,0.9788135886192322,29,0.9549180327868853,1.0,14.454255938000642,0.06918377564983971,cuda,vit_b
391,000058.png,497,data/cogar_sim_500_v2/rgb/000058.png,/home/amir/Desktop/COGAR/COGAR_Foundation-Model-Segmentation-for-Robotic-Scenes/data/cogar_sim_500_v2/instance_masks/v2/ann_00000497_img_000058_cat_screw.png,/home/amir/Desktop/COGAR/COGAR_Foundation-Model-Segmentation-for-Robotic-Scenes/outputs/sim_sam_vit_b_auto_v2/masks/row_0391_object_497_sam_auto_mask.png,0.985214114189148,0.9860724210739136,29,0.9565217391304348,1.0,14.454255938000642,0.06918377564983971,cuda,vit_b
392,000058.png,498,data/cogar_sim_500_v2/rgb/000058.png,/home/amir/Desktop/COGAR/COGAR_Foundation-Model-Segmentation-for-Robotic-Scenes/data/cogar_sim_500_v2/instance_masks/v2/ann_00000498_img_000058_cat_screw.png,/home/amir/Desktop/COGAR/COGAR_Foundation-Model-Segmentation-for-Robotic-Scenes/outputs/sim_sam_vit_b_auto_v2/masks/row_0392_object_498_sam_auto_mask.png,0.9524246454238892,0.9641577005386353,29,0.9711191335740073,1.0,14.454255938000642,0.06918377564983971,cuda,vit_b
393,000058.png,499,data/cogar_sim_500_v2/rgb/000058.png,/home/amir/Desktop/COGAR/COGAR_Foundation-Model-Segmentation-for-Robotic-Scenes/data/cogar_sim_500_v2/instance_masks/v2/ann_00000499_img_000058_cat_screw.png,/home/amir/Desktop/COGAR/COGAR_Foundation-Model-Segmentation-for-Robotic-Scenes/outputs/sim_sam_vit_b_auto_v2/masks/row_0393_object_499_sam_auto_mask.png,0.9551233053207397,0.9866666793823242,29,0.954248366013072,1.0,14.454255938000642,0.06918377564983971,cuda,vit_b
394,000058.png,500,data/cogar_sim_500_v2/rgb/000058.png,/home/amir/Desktop/COGAR/COGAR_Foundation-Model-Segmentation-for-Robotic-Scenes/data/cogar_sim_500_v2/instance_masks/v2/ann_00000500_img_000058_cat_screw.png,/home/amir/Desktop/COGAR/COGAR_Foundation-Model-Segmentation-for-Robotic-Scenes/outputs/sim_sam_vit_b_auto_v2/masks/row_0394_object_500_sam_auto_mask.png,0.964519739151001,0.9801443815231323,29,0.9649737302977233,1.0,14.454255938000642,0.06918377564983971,cuda,vit_b
395,000058.png,501,data/cogar_sim_500_v2/rgb/000058.png,/home/amir/Desktop/COGAR/COGAR_Foundation-Model-Segmentation-for-Robotic-Scenes/data/cogar_sim_500_v2/instance_masks/v2/ann_00000501_img_000058_cat_connector.png,/home/amir/Desktop/COGAR/COGAR_Foundation-Model-Segmentation-for-Robotic-Scenes/outputs/sim_sam_vit_b_auto_v2/masks/row_0395_object_501_sam_auto_mask.png,1.0099588632583618,0.9870516061782837,29,0.9846580012784999,1.0,14.454255938000642,0.06918377564983971,cuda,vit_b
396,000058.png,502,data/cogar_sim_500_v2/rgb/000058.png,/home/amir/Desktop/COGAR/COGAR_Foundation-Model-Segmentation-for-Robotic-Scenes/data/cogar_sim_500_v2/instance_masks/v2/ann_00000502_img_000058_cat_cable.png,/home/amir/Desktop/COGAR/COGAR_Foundation-Model-Segmentation-for-Robotic-Scenes/outputs/sim_sam_vit_b_auto_v2/masks/row_0396_object_502_sam_auto_mask.png,0.9641560316085815,0.9517624974250793,29,0.9499439671273814,0.9643564356435643,14.454255938000642,0.06918377564983971,cuda,vit_b
397,000058.png,503,data/cogar_sim_500_v2/rgb/000058.png,/home/amir/Desktop/COGAR/COGAR_Foundation-Model-Segmentation-for-Robotic-Scenes/data/cogar_sim_500_v2/instance_masks/v2/ann_00000503_img_000058_cat_robot_gripper.png,/home/amir/Desktop/COGAR/COGAR_Foundation-Model-Segmentation-for-Robotic-Scenes/outputs/sim_sam_vit_b_auto_v2/masks/row_0397_object_503_sam_auto_mask.png,0.9721092581748962,0.9843701124191284,29,0.6699600094095507,0.5891514445143523,14.454255938000642,0.06918377564983971,cuda,vit_b
398,000058.png,504,data/cogar_sim_500_v2/rgb/000058.png,/home/amir/Desktop/COGAR/COGAR_Foundation-Model-Segmentation-for-Robotic-Scenes/data/cogar_sim_500_v2/instance_masks/v2/ann_00000504_img_000058_cat_robot_gripper.png,/home/amir/Desktop/COGAR/COGAR_Foundation-Model-Segmentation-for-Robotic-Scenes/outputs/sim_sam_vit_b_auto_v2/masks/row_0398_object_504_sam_auto_mask.png,0.8820087909698486,0.9557521939277649,29,0.6032815704658658,0.6272380732355319,14.454255938000642,0.06918377564983971,cuda,vit_b
399,000058.png,505,data/cogar_sim_500_v2/rgb/000058.png,/home/amir/Desktop/COGAR/COGAR_Foundation-Model-Segmentation-for-Robotic-Scenes/data/cogar_sim_500_v2/instance_masks/v2/ann_00000505_img_000058_cat_robot_gripper.png,/home/amir/Desktop/COGAR/COGAR_Foundation-Model-Segmentation-for-Robotic-Scenes/outputs/sim_sam_vit_b_auto_v2/masks/row_0399_object_505_sam_auto_mask.png,0.9279175996780396,0.956685483455658,29,0.5470653377630121,0.677019280875456,14.454255938000642,0.06918377564983971,cuda,vit_b
400,000059.png,508,data/cogar_sim_500_v2/rgb/000059.png,/home/amir/Desktop/COGAR/COGAR_Foundation-Model-Segmentation-for-Robotic-Scenes/data/cogar_sim_500_v2/instance_masks/v2/ann_00000508_img_000059_cat_tool.png,/home/amir/Desktop/COGAR/COGAR_Foundation-Model-Segmentation-for-Robotic-Scenes/outputs/sim_sam_vit_b_auto_v2/masks/row_0400_object_508_sam_auto_mask.png,1.0149238109588623,0.9855175614356995,28,0.9764171543366232,1.0,14.72701559699999,0.06790242010769025,cuda,vit_b
401,000059.png,509,data/cogar_sim_500_v2/rgb/000059.png,/home/amir/Desktop/COGAR/COGAR_Foundation-Model-Segmentation-for-Robotic-Scenes/data/cogar_sim_500_v2/instance_masks/v2/ann_00000509_img_000059_cat_cable.png,/home/amir/Desktop/COGAR/COGAR_Foundation-Model-Segmentation-for-Robotic-Scenes/outputs/sim_sam_vit_b_auto_v2/masks/row_0401_object_509_sam_auto_mask.png,0.9283376336097717,0.9528388381004333,28,0.9398127507802051,1.0,14.72701559699999,0.06790242010769025,cuda,vit_b
402,000059.png,510,data/cogar_sim_500_v2/rgb/000059.png,/home/amir/Desktop/COGAR/COGAR_Foundation-Model-Segmentation-for-Robotic-Scenes/data/cogar_sim_500_v2/instance_masks/v2/ann_00000510_img_000059_cat_plastic_object.png,/home/amir/Desktop/COGAR/COGAR_Foundation-Model-Segmentation-for-Robotic-Scenes/outputs/sim_sam_vit_b_auto_v2/masks/row_0402_object_510_sam_auto_mask.png,0.9503567218780518,0.961077868938446,28,0.9808320950965824,0.9937106918238994,14.72701559699999,0.06790242010769025,cuda,vit_b
403,000059.png,511,data/cogar_sim_500_v2/rgb/000059.png,/home/amir/Desktop/COGAR/COGAR_Foundation-Model-Segmentation-for-Robotic-Scenes/data/cogar_sim_500_v2/instance_masks/v2/ann_00000511_img_000059_cat_cable.png,/home/amir/Desktop/COGAR/COGAR_Foundation-Model-Segmentation-for-Robotic-Scenes/outputs/sim_sam_vit_b_auto_v2/masks/row_0403_object_511_sam_auto_mask.png,0.9698424339294434,0.957904577255249,28,0.8502847843775427,0.9406021155410903,14.72701559699999,0.06790242010769025,cuda,vit_b
404,000059.png,512,data/cogar_sim_500_v2/rgb/000059.png,/home/amir/Desktop/COGAR/COGAR_Foundation-Model-Segmentation-for-Robotic-Scenes/data/cogar_sim_500_v2/instance_masks/v2/ann_00000512_img_000059_cat_metal_part.png,/home/amir/Desktop/COGAR/COGAR_Foundation-Model-Segmentation-for-Robotic-Scenes/outputs/sim_sam_vit_b_auto_v2/masks/row_0404_object_512_sam_auto_mask.png,0.9735212326049805,0.9881337881088257,28,0.9603960396039604,1.0,14.72701559699999,0.06790242010769025,cuda,vit_b
405,000059.png,513,data/cogar_sim_500_v2/rgb/000059.png,/home/amir/Desktop/COGAR/COGAR_Foundation-Model-Segmentation-for-Robotic-Scenes/data/cogar_sim_500_v2/instance_masks/v2/ann_00000513_img_000059_cat_connector.png,/home/amir/Desktop/COGAR/COGAR_Foundation-Model-Segmentation-for-Robotic-Scenes/outputs/sim_sam_vit_b_auto_v2/masks/row_0405_object_513_sam_auto_mask.png,0.9513039588928223,0.9771317839622498,28,0.975346687211094,1.0,14.72701559699999,0.06790242010769025,cuda,vit_b
406,000059.png,514,data/cogar_sim_500_v2/rgb/000059.png,/home/amir/Desktop/COGAR/COGAR_Foundation-Model-Segmentation-for-Robotic-Scenes/data/cogar_sim_500_v2/instance_masks/v2/ann_00000514_img_000059_cat_plastic_object.png,/home/amir/Desktop/COGAR/COGAR_Foundation-Model-Segmentation-for-Robotic-Scenes/outputs/sim_sam_vit_b_auto_v2/masks/row_0406_object_514_sam_auto_mask.png,0.9687278270721436,0.9729381203651428,28,0.9791666666666666,0.9971014492753623,14.72701559699999,0.06790242010769025,cuda,vit_b
407,000059.png,515,data/cogar_sim_500_v2/rgb/000059.png,/home/amir/Desktop/COGAR/COGAR_Foundation-Model-Segmentation-for-Robotic-Scenes/data/cogar_sim_500_v2/instance_masks/v2/ann_00000515_img_000059_cat_plastic_object.png,/home/amir/Desktop/COGAR/COGAR_Foundation-Model-Segmentation-for-Robotic-Scenes/outputs/sim_sam_vit_b_auto_v2/masks/row_0407_object_515_sam_auto_mask.png,0.904766321182251,0.9694498181343079,28,0.9513782542113323,0.9201918382585221,14.72701559699999,0.06790242010769025,cuda,vit_b
408,000059.png,516,data/cogar_sim_500_v2/rgb/000059.png,/home/amir/Desktop/COGAR/COGAR_Foundation-Model-Segmentation-for-Robotic-Scenes/data/cogar_sim_500_v2/instance_masks/v2/ann_00000516_img_000059_cat_connector.png,/home/amir/Desktop/COGAR/COGAR_Foundation-Model-Segmentation-for-Robotic-Scenes/outputs/sim_sam_vit_b_auto_v2/masks/row_0408_object_516_sam_auto_mask.png,0.9859861135482788,0.9825122952461243,28,0.05135802469135802,0.2666486376850788,14.72701559699999,0.06790242010769025,cuda,vit_b
409,000060.png,518,data/cogar_sim_500_v2/rgb/000060.png,/home/amir/Desktop/COGAR/COGAR_Foundation-Model-Segmentation-for-Robotic-Scenes/data/cogar_sim_500_v2/instance_masks/v2/ann_00000518_img_000060_cat_metal_part.png,/home/amir/Desktop/COGAR/COGAR_Foundation-Model-Segmentation-for-Robotic-Scenes/outputs/sim_sam_vit_b_auto_v2/masks/row_0409_object_518_sam_auto_mask.png,0.9472897052764893,0.9707010388374329,26,0.9250889568637243,0.8047908254870061,14.866254575999847,0.06726643855638022,cuda,vit_b
410,000060.png,519,data/cogar_sim_500_v2/rgb/000060.png,/home/amir/Desktop/COGAR/COGAR_Foundation-Model-Segmentation-for-Robotic-Scenes/data/cogar_sim_500_v2/instance_masks/v2/ann_00000519_img_000060_cat_metal_part.png,/home/amir/Desktop/COGAR/COGAR_Foundation-Model-Segmentation-for-Robotic-Scenes/outputs/sim_sam_vit_b_auto_v2/masks/row_0410_object_519_sam_auto_mask.png,1.0022221803665161,0.9883809089660645,26,0.9670518809933611,1.0,14.866254575999847,0.06726643855638022,cuda,vit_b
411,000060.png,520,data/cogar_sim_500_v2/rgb/000060.png,/home/amir/Desktop/COGAR/COGAR_Foundation-Model-Segmentation-for-Robotic-Scenes/data/cogar_sim_500_v2/instance_masks/v2/ann_00000520_img_000060_cat_metal_part.png,/home/amir/Desktop/COGAR/COGAR_Foundation-Model-Segmentation-for-Robotic-Scenes/outputs/sim_sam_vit_b_auto_v2/masks/row_0411_object_520_sam_auto_mask.png,1.0251609086990356,0.9904990196228027,26,0.98592,0.9972502291475711,14.866254575999847,0.06726643855638022,cuda,vit_b
412,000060.png,521,data/cogar_sim_500_v2/rgb/000060.png,/home/amir/Desktop/COGAR/COGAR_Foundation-Model-Segmentation-for-Robotic-Scenes/data/cogar_sim_500_v2/instance_masks/v2/ann_00000521_img_000060_cat_plastic_object.png,/home/amir/Desktop/COGAR/COGAR_Foundation-Model-Segmentation-for-Robotic-Scenes/outputs/sim_sam_vit_b_auto_v2/masks/row_0412_object_521_sam_auto_mask.png,1.0272026062011719,0.987900972366333,26,0.986259180289031,0.9916743755781684,14.866254575999847,0.06726643855638022,cuda,vit_b
413,000060.png,522,data/cogar_sim_500_v2/rgb/000060.png,/home/amir/Desktop/COGAR/COGAR_Foundation-Model-Segmentation-for-Robotic-Scenes/data/cogar_sim_500_v2/instance_masks/v2/ann_00000522_img_000060_cat_tool.png,/home/amir/Desktop/COGAR/COGAR_Foundation-Model-Segmentation-for-Robotic-Scenes/outputs/sim_sam_vit_b_auto_v2/masks/row_0413_object_522_sam_auto_mask.png,0.9497385025024414,0.9740203619003296,26,0.5992684090547633,0.6576533208631906,14.866254575999847,0.06726643855638022,cuda,vit_b
414,000060.png,523,data/cogar_sim_500_v2/rgb/000060.png,/home/amir/Desktop/COGAR/COGAR_Foundation-Model-Segmentation-for-Robotic-Scenes/data/cogar_sim_500_v2/instance_masks/v2/ann_00000523_img_000060_cat_metal_part.png,/home/amir/Desktop/COGAR/COGAR_Foundation-Model-Segmentation-for-Robotic-Scenes/outputs/sim_sam_vit_b_auto_v2/masks/row_0414_object_523_sam_auto_mask.png,0.923161506652832,0.9555310606956482,26,0.6600140056022409,0.5460946000725395,14.866254575999847,0.06726643855638022,cuda,vit_b
415,000060.png,524,data/cogar_sim_500_v2/rgb/000060.png,/home/amir/Desktop/COGAR/COGAR_Foundation-Model-Segmentation-for-Robotic-Scenes/data/cogar_sim_500_v2/instance_masks/v2/ann_00000524_img_000060_cat_metal_part.png,/home/amir/Desktop/COGAR/COGAR_Foundation-Model-Segmentation-for-Robotic-Scenes/outputs/sim_sam_vit_b_auto_v2/masks/row_0415_object_524_sam_auto_mask.png,1.008858323097229,0.9884151220321655,26,0.9842166529717885,1.0,14.866254575999847,0.06726643855638022,cuda,vit_b
416,000061.png,527,data/cogar_sim_500_v2/rgb/000061.png,/home/amir/Desktop/COGAR/COGAR_Foundation-Model-Segmentation-for-Robotic-Scenes/data/cogar_sim_500_v2/instance_masks/v2/ann_00000527_img_000061_cat_glass_object.png,/home/amir/Desktop/COGAR/COGAR_Foundation-Model-Segmentation-for-Robotic-Scenes/outputs/sim_sam_vit_b_auto_v2/masks/row_0416_object_527_sam_auto_mask.png,0.9363758563995361,0.9765343070030212,17,0.9693693693693693,1.0,13.866269391999595,0.0721174507526133,cuda,vit_b
417,000061.png,528,data/cogar_sim_500_v2/rgb/000061.png,/home/amir/Desktop/COGAR/COGAR_Foundation-Model-Segmentation-for-Robotic-Scenes/data/cogar_sim_500_v2/instance_masks/v2/ann_00000528_img_000061_cat_glass_object.png,/home/amir/Desktop/COGAR/COGAR_Foundation-Model-Segmentation-for-Robotic-Scenes/outputs/sim_sam_vit_b_auto_v2/masks/row_0417_object_528_sam_auto_mask.png,0.9661272764205933,0.9783665537834167,17,0.253102506825515,0.4054564533053515,13.866269391999595,0.0721174507526133,cuda,vit_b
418,000061.png,529,data/cogar_sim_500_v2/rgb/000061.png,/home/amir/Desktop/COGAR/COGAR_Foundation-Model-Segmentation-for-Robotic-Scenes/data/cogar_sim_500_v2/instance_masks/v2/ann_00000529_img_000061_cat_glass_object.png,/home/amir/Desktop/COGAR/COGAR_Foundation-Model-Segmentation-for-Robotic-Scenes/outputs/sim_sam_vit_b_auto_v2/masks/row_0418_object_529_sam_auto_mask.png,0.9618585109710693,0.9590959548950195,17,0.9025389025389026,0.761726211531659,13.866269391999595,0.0721174507526133,cuda,vit_b
419,000061.png,530,data/cogar_sim_500_v2/rgb/000061.png,/home/amir/Desktop/COGAR/COGAR_Foundation-Model-Segmentation-for-Robotic-Scenes/data/cogar_sim_500_v2/instance_masks/v2/ann_00000530_img_000061_cat_glass_object.png,/home/amir/Desktop/COGAR/COGAR_Foundation-Model-Segmentation-for-Robotic-Scenes/outputs/sim_sam_vit_b_auto_v2/masks/row_0419_object_530_sam_auto_mask.png,0.9688001871109009,0.9787188768386841,17,0.2936186376297797,0.4469904092349086,13.866269391999595,0.0721174507526133,cuda,vit_b
420,000061.png,531,data/cogar_sim_500_v2/rgb/000061.png,/home/amir/Desktop/COGAR/COGAR_Foundation-Model-Segmentation-for-Robotic-Scenes/data/cogar_sim_500_v2/instance_masks/v2/ann_00000531_img_000061_cat_robot_gripper.png,/home/amir/Desktop/COGAR/COGAR_Foundation-Model-Segmentation-for-Robotic-Scenes/outputs/sim_sam_vit_b_auto_v2/masks/row_0420_object_531_sam_auto_mask.png,0.9762794971466064,0.982410192489624,17,0.7189085424379542,0.628721541155867,13.866269391999595,0.0721174507526133,cuda,vit_b
421,000061.png,532,data/cogar_sim_500_v2/rgb/000061.png,/home/amir/Desktop/COGAR/COGAR_Foundation-Model-Segmentation-for-Robotic-Scenes/data/cogar_sim_500_v2/instance_masks/v2/ann_00000532_img_000061_cat_robot_gripper.png,/home/amir/Desktop/COGAR/COGAR_Foundation-Model-Segmentation-for-Robotic-Scenes/outputs/sim_sam_vit_b_auto_v2/masks/row_0421_object_532_sam_auto_mask.png,0.9157235622406006,0.9575107097625732,17,0.3201987930422435,0.2905405405405405,13.866269391999595,0.0721174507526133,cuda,vit_b
422,000061.png,533,data/cogar_sim_500_v2/rgb/000061.png,/home/amir/Desktop/COGAR/COGAR_Foundation-Model-Segmentation-for-Robotic-Scenes/data/cogar_sim_500_v2/instance_masks/v2/ann_00000533_img_000061_cat_robot_gripper.png,/home/amir/Desktop/COGAR/COGAR_Foundation-Model-Segmentation-for-Robotic-Scenes/outputs/sim_sam_vit_b_auto_v2/masks/row_0422_object_533_sam_auto_mask.png,0.8859034776687622,0.9577978849411011,17,0.5099670156317223,0.44356880813271243,13.866269391999595,0.0721174507526133,cuda,vit_b
423,000063.png,537,data/cogar_sim_500_v2/rgb/000063.png,/home/amir/Desktop/COGAR/COGAR_Foundation-Model-Segmentation-for-Robotic-Scenes/data/cogar_sim_500_v2/instance_masks/v2/ann_00000537_img_000063_cat_connector.png,/home/amir/Desktop/COGAR/COGAR_Foundation-Model-Segmentation-for-Robotic-Scenes/outputs/sim_sam_vit_b_auto_v2/masks/row_0423_object_537_sam_auto_mask.png,1.0012412071228027,0.9817784428596497,13,0.9672072072072072,1.0,16.484482335999928,0.060663112108539335,cuda,vit_b
424,000063.png,538,data/cogar_sim_500_v2/rgb/000063.png,/home/amir/Desktop/COGAR/COGAR_Foundation-Model-Segmentation-for-Robotic-Scenes/data/cogar_sim_500_v2/instance_masks/v2/ann_00000538_img_000063_cat_screw.png,/home/amir/Desktop/COGAR/COGAR_Foundation-Model-Segmentation-for-Robotic-Scenes/outputs/sim_sam_vit_b_auto_v2/masks/row_0424_object_538_sam_auto_mask.png,0.9849585294723511,0.9935275316238403,13,0.9716088328075709,1.0,16.484482335999928,0.060663112108539335,cuda,vit_b
425,000063.png,539,data/cogar_sim_500_v2/rgb/000063.png,/home/amir/Desktop/COGAR/COGAR_Foundation-Model-Segmentation-for-Robotic-Scenes/data/cogar_sim_500_v2/instance_masks/v2/ann_00000539_img_000063_cat_screw.png,/home/amir/Desktop/COGAR/COGAR_Foundation-Model-Segmentation-for-Robotic-Scenes/outputs/sim_sam_vit_b_auto_v2/masks/row_0425_object_539_sam_auto_mask.png,1.0539106130599976,0.9940429925918579,13,0.0,0.02138171215679922,16.484482335999928,0.060663112108539335,cuda,vit_b
426,000063.png,540,data/cogar_sim_500_v2/rgb/000063.png,/home/amir/Desktop/COGAR/COGAR_Foundation-Model-Segmentation-for-Robotic-Scenes/data/cogar_sim_500_v2/instance_masks/v2/ann_00000540_img_000063_cat_screw.png,/home/amir/Desktop/COGAR/COGAR_Foundation-Model-Segmentation-for-Robotic-Scenes/outputs/sim_sam_vit_b_auto_v2/masks/row_0426_object_540_sam_auto_mask.png,0.9761620759963989,0.9789156913757324,13,0.9819819819819819,1.0,16.484482335999928,0.060663112108539335,cuda,vit_b
427,000063.png,541,data/cogar_sim_500_v2/rgb/000063.png,/home/amir/Desktop/COGAR/COGAR_Foundation-Model-Segmentation-for-Robotic-Scenes/data/cogar_sim_500_v2/instance_masks/v2/ann_00000541_img_000063_cat_connector.png,/home/amir/Desktop/COGAR/COGAR_Foundation-Model-Segmentation-for-Robotic-Scenes/outputs/sim_sam_vit_b_auto_v2/masks/row_0427_object_541_sam_auto_mask.png,0.9926035404205322,0.9834801554679871,13,0.95,1.0,16.484482335999928,0.060663112108539335,cuda,vit_b
428,000063.png,542,data/cogar_sim_500_v2/rgb/000063.png,/home/amir/Desktop/COGAR/COGAR_Foundation-Model-Segmentation-for-Robotic-Scenes/data/cogar_sim_500_v2/instance_masks/v2/ann_00000542_img_000063_cat_screw.png,/home/amir/Desktop/COGAR/COGAR_Foundation-Model-Segmentation-for-Robotic-Scenes/outputs/sim_sam_vit_b_auto_v2/masks/row_0428_object_542_sam_auto_mask.png,0.9241659641265869,0.9735449552536011,13,0.9427083333333334,1.0,16.484482335999928,0.060663112108539335,cuda,vit_b
429,000063.png,543,data/cogar_sim_500_v2/rgb/000063.png,/home/amir/Desktop/COGAR/COGAR_Foundation-Model-Segmentation-for-Robotic-Scenes/data/cogar_sim_500_v2/instance_masks/v2/ann_00000543_img_000063_cat_screw.png,/home/amir/Desktop/COGAR/COGAR_Foundation-Model-Segmentation-for-Robotic-Scenes/outputs/sim_sam_vit_b_auto_v2/masks/row_0429_object_543_sam_auto_mask.png,0.9433454275131226,0.9733333587646484,13,0.9182389937106918,1.0,16.484482335999928,0.060663112108539335,cuda,vit_b
430,000063.png,544,data/cogar_sim_500_v2/rgb/000063.png,/home/amir/Desktop/COGAR/COGAR_Foundation-Model-Segmentation-for-Robotic-Scenes/data/cogar_sim_500_v2/instance_masks/v2/ann_00000544_img_000063_cat_screw.png,/home/amir/Desktop/COGAR/COGAR_Foundation-Model-Segmentation-for-Robotic-Scenes/outputs/sim_sam_vit_b_auto_v2/masks/row_0430_object_544_sam_auto_mask.png,0.9694664478302002,0.991525411605835,13,0.9098360655737705,1.0,16.484482335999928,0.060663112108539335,cuda,vit_b
431,000063.png,545,data/cogar_sim_500_v2/rgb/000063.png,/home/amir/Desktop/COGAR/COGAR_Foundation-Model-Segmentation-for-Robotic-Scenes/data/cogar_sim_500_v2/instance_masks/v2/ann_00000545_img_000063_cat_screw.png,/home/amir/Desktop/COGAR/COGAR_Foundation-Model-Segmentation-for-Robotic-Scenes/outputs/sim_sam_vit_b_auto_v2/masks/row_0431_object_545_sam_auto_mask.png,0.9726744294166565,0.9849397540092468,13,0.9583333333333334,1.0,16.484482335999928,0.060663112108539335,cuda,vit_b
432,000063.png,546,data/cogar_sim_500_v2/rgb/000063.png,/home/amir/Desktop/COGAR/COGAR_Foundation-Model-Segmentation-for-Robotic-Scenes/data/cogar_sim_500_v2/instance_masks/v2/ann_00000546_img_000063_cat_tool.png,/home/amir/Desktop/COGAR/COGAR_Foundation-Model-Segmentation-for-Robotic-Scenes/outputs/sim_sam_vit_b_auto_v2/masks/row_0432_object_546_sam_auto_mask.png,0.9801923036575317,0.9748988151550293,13,0.9560379918588874,1.0,16.484482335999928,0.060663112108539335,cuda,vit_b
433,000063.png,547,data/cogar_sim_500_v2/rgb/000063.png,/home/amir/Desktop/COGAR/COGAR_Foundation-Model-Segmentation-for-Robotic-Scenes/data/cogar_sim_500_v2/instance_masks/v2/ann_00000547_img_000063_cat_screw.png,/home/amir/Desktop/COGAR/COGAR_Foundation-Model-Segmentation-for-Robotic-Scenes/outputs/sim_sam_vit_b_auto_v2/masks/row_0433_object_547_sam_auto_mask.png,0.9427509307861328,0.9922480583190918,13,0.9375,1.0,16.484482335999928,0.060663112108539335,cuda,vit_b
434,000063.png,548,data/cogar_sim_500_v2/rgb/000063.png,/home/amir/Desktop/COGAR/COGAR_Foundation-Model-Segmentation-for-Robotic-Scenes/data/cogar_sim_500_v2/instance_masks/v2/ann_00000548_img_000063_cat_screw.png,/home/amir/Desktop/COGAR/COGAR_Foundation-Model-Segmentation-for-Robotic-Scenes/outputs/sim_sam_vit_b_auto_v2/masks/row_0434_object_548_sam_auto_mask.png,0.9526176452636719,0.976331353187561,13,0.9261363636363636,1.0,16.484482335999928,0.060663112108539335,cuda,vit_b
435,000063.png,549,data/cogar_sim_500_v2/rgb/000063.png,/home/amir/Desktop/COGAR/COGAR_Foundation-Model-Segmentation-for-Robotic-Scenes/data/cogar_sim_500_v2/instance_masks/v2/ann_00000549_img_000063_cat_metal_part.png,/home/amir/Desktop/COGAR/COGAR_Foundation-Model-Segmentation-for-Robotic-Scenes/outputs/sim_sam_vit_b_auto_v2/masks/row_0435_object_549_sam_auto_mask.png,0.9690485000610352,0.9897611141204834,13,0.932620320855615,0.9384023497290365,16.484482335999928,0.060663112108539335,cuda,vit_b
436,000064.png,551,data/cogar_sim_500_v2/rgb/000064.png,/home/amir/Desktop/COGAR/COGAR_Foundation-Model-Segmentation-for-Robotic-Scenes/data/cogar_sim_500_v2/instance_masks/v2/ann_00000551_img_000064_cat_plastic_object.png,/home/amir/Desktop/COGAR/COGAR_Foundation-Model-Segmentation-for-Robotic-Scenes/outputs/sim_sam_vit_b_auto_v2/masks/row_0436_object_551_sam_auto_mask.png,1.0051621198654175,0.9592577219009399,18,0.8682343119521359,0.7838709677419355,12.908433656999478,0.07746873296728449,cuda,vit_b
437,000064.png,552,data/cogar_sim_500_v2/rgb/000064.png,/home/amir/Desktop/COGAR/COGAR_Foundation-Model-Segmentation-for-Robotic-Scenes/data/cogar_sim_500_v2/instance_masks/v2/ann_00000552_img_000064_cat_glass_object.png,/home/amir/Desktop/COGAR/COGAR_Foundation-Model-Segmentation-for-Robotic-Scenes/outputs/sim_sam_vit_b_auto_v2/masks/row_0437_object_552_sam_auto_mask.png,0.9376906156539917,0.9526347517967224,18,0.848601063366164,0.7262924667651403,12.908433656999478,0.07746873296728449,cuda,vit_b
438,000064.png,553,data/cogar_sim_500_v2/rgb/000064.png,/home/amir/Desktop/COGAR/COGAR_Foundation-Model-Segmentation-for-Robotic-Scenes/data/cogar_sim_500_v2/instance_masks/v2/ann_00000553_img_000064_cat_tool.png,/home/amir/Desktop/COGAR/COGAR_Foundation-Model-Segmentation-for-Robotic-Scenes/outputs/sim_sam_vit_b_auto_v2/masks/row_0438_object_553_sam_auto_mask.png,0.926296591758728,0.9661903977394104,18,0.9430453312669508,1.0,12.908433656999478,0.07746873296728449,cuda,vit_b
439,000064.png,554,data/cogar_sim_500_v2/rgb/000064.png,/home/amir/Desktop/COGAR/COGAR_Foundation-Model-Segmentation-for-Robotic-Scenes/data/cogar_sim_500_v2/instance_masks/v2/ann_00000554_img_000064_cat_robot_gripper.png,/home/amir/Desktop/COGAR/COGAR_Foundation-Model-Segmentation-for-Robotic-Scenes/outputs/sim_sam_vit_b_auto_v2/masks/row_0439_object_554_sam_auto_mask.png,0.9977612495422363,0.9798145294189453,18,0.812919753513813,0.7789196261856315,12.908433656999478,0.07746873296728449,cuda,vit_b
440,000064.png,555,data/cogar_sim_500_v2/rgb/000064.png,/home/amir/Desktop/COGAR/COGAR_Foundation-Model-Segmentation-for-Robotic-Scenes/data/cogar_sim_500_v2/instance_masks/v2/ann_00000555_img_000064_cat_robot_gripper.png,/home/amir/Desktop/COGAR/COGAR_Foundation-Model-Segmentation-for-Robotic-Scenes/outputs/sim_sam_vit_b_auto_v2/masks/row_0440_object_555_sam_auto_mask.png,0.9886791706085205,0.9817641973495483,18,0.8730579765062524,0.8280254777070064,12.908433656999478,0.07746873296728449,cuda,vit_b
441,000064.png,556,data/cogar_sim_500_v2/rgb/000064.png,/home/amir/Desktop/COGAR/COGAR_Foundation-Model-Segmentation-for-Robotic-Scenes/data/cogar_sim_500_v2/instance_masks/v2/ann_00000556_img_000064_cat_robot_gripper.png,/home/amir/Desktop/COGAR/COGAR_Foundation-Model-Segmentation-for-Robotic-Scenes/outputs/sim_sam_vit_b_auto_v2/masks/row_0441_object_556_sam_auto_mask.png,0.9769419431686401,0.9825628399848938,18,0.9660749506903353,1.0,12.908433656999478,0.07746873296728449,cuda,vit_b
442,000068.png,564,data/cogar_sim_500_v2/rgb/000068.png,/home/amir/Desktop/COGAR/COGAR_Foundation-Model-Segmentation-for-Robotic-Scenes/data/cogar_sim_500_v2/instance_masks/v2/ann_00000564_img_000068_cat_screw.png,/home/amir/Desktop/COGAR/COGAR_Foundation-Model-Segmentation-for-Robotic-Scenes/outputs/sim_sam_vit_b_auto_v2/masks/row_0442_object_564_sam_auto_mask.png,0.9675862193107605,0.9845288395881653,22,0.7664835164835165,0.7579215540576402,14.144180051999683,0.07070045745483998,cuda,vit_b
443,000068.png,565,data/cogar_sim_500_v2/rgb/000068.png,/home/amir/Desktop/COGAR/COGAR_Foundation-Model-Segmentation-for-Robotic-Scenes/data/cogar_sim_500_v2/instance_masks/v2/ann_00000565_img_000068_cat_box.png,/home/amir/Desktop/COGAR/COGAR_Foundation-Model-Segmentation-for-Robotic-Scenes/outputs/sim_sam_vit_b_auto_v2/masks/row_0443_object_565_sam_auto_mask.png,1.0243933200836182,0.9841339588165283,22,0.9776951672862454,1.0,14.144180051999683,0.07070045745483998,cuda,vit_b
444,000068.png,566,data/cogar_sim_500_v2/rgb/000068.png,/home/amir/Desktop/COGAR/COGAR_Foundation-Model-Segmentation-for-Robotic-Scenes/data/cogar_sim_500_v2/instance_masks/v2/ann_00000566_img_000068_cat_metal_part.png,/home/amir/Desktop/COGAR/COGAR_Foundation-Model-Segmentation-for-Robotic-Scenes/outputs/sim_sam_vit_b_auto_v2/masks/row_0444_object_566_sam_auto_mask.png,0.9909024238586426,0.9844251275062561,22,0.9588550983899821,0.9792602621699797,14.144180051999683,0.07070045745483998,cuda,vit_b
445,000068.png,567,data/cogar_sim_500_v2/rgb/000068.png,/home/amir/Desktop/COGAR/COGAR_Foundation-Model-Segmentation-for-Robotic-Scenes/data/cogar_sim_500_v2/instance_masks/v2/ann_00000567_img_000068_cat_metal_part.png,/home/amir/Desktop/COGAR/COGAR_Foundation-Model-Segmentation-for-Robotic-Scenes/outputs/sim_sam_vit_b_auto_v2/masks/row_0445_object_567_sam_auto_mask.png,0.9547628164291382,0.9768240451812744,22,0.7322580645161291,0.650994575045208,14.144180051999683,0.07070045745483998,cuda,vit_b
446,000068.png,568,data/cogar_sim_500_v2/rgb/000068.png,/home/amir/Desktop/COGAR/COGAR_Foundation-Model-Segmentation-for-Robotic-Scenes/data/cogar_sim_500_v2/instance_masks/v2/ann_00000568_img_000068_cat_connector.png,/home/amir/Desktop/COGAR/COGAR_Foundation-Model-Segmentation-for-Robotic-Scenes/outputs/sim_sam_vit_b_auto_v2/masks/row_0446_object_568_sam_auto_mask.png,0.956735372543335,0.9717868566513062,22,0.9365079365079365,1.0,14.144180051999683,0.07070045745483998,cuda,vit_b
447,000068.png,569,data/cogar_sim_500_v2/rgb/000068.png,/home/amir/Desktop/COGAR/COGAR_Foundation-Model-Segmentation-for-Robotic-Scenes/data/cogar_sim_500_v2/instance_masks/v2/ann_00000569_img_000068_cat_tool.png,/home/amir/Desktop/COGAR/COGAR_Foundation-Model-Segmentation-for-Robotic-Scenes/outputs/sim_sam_vit_b_auto_v2/masks/row_0447_object_569_sam_auto_mask.png,0.927700400352478,0.9621886014938354,22,0.49540049360556426,0.6708727655099895,14.144180051999683,0.07070045745483998,cuda,vit_b
448,000068.png,570,data/cogar_sim_500_v2/rgb/000068.png,/home/amir/Desktop/COGAR/COGAR_Foundation-Model-Segmentation-for-Robotic-Scenes/data/cogar_sim_500_v2/instance_masks/v2/ann_00000570_img_000068_cat_screw.png,/home/amir/Desktop/COGAR/COGAR_Foundation-Model-Segmentation-for-Robotic-Scenes/outputs/sim_sam_vit_b_auto_v2/masks/row_0448_object_570_sam_auto_mask.png,1.0243933200836182,0.9841339588165283,22,0.0,0.0,14.144180051999683,0.07070045745483998,cuda,vit_b
449,000068.png,572,data/cogar_sim_500_v2/rgb/000068.png,/home/amir/Desktop/COGAR/COGAR_Foundation-Model-Segmentation-for-Robotic-Scenes/data/cogar_sim_500_v2/instance_masks/v2/ann_00000572_img_000068_cat_cable.png,/home/amir/Desktop/COGAR/COGAR_Foundation-Model-Segmentation-for-Robotic-Scenes/outputs/sim_sam_vit_b_auto_v2/masks/row_0449_object_572_sam_auto_mask.png,0.9909024238586426,0.9844251275062561,22,0.008060801473975126,0.17291066282420747,14.144180051999683,0.07070045745483998,cuda,vit_b
450,000068.png,573,data/cogar_sim_500_v2/rgb/000068.png,/home/amir/Desktop/COGAR/COGAR_Foundation-Model-Segmentation-for-Robotic-Scenes/data/cogar_sim_500_v2/instance_masks/v2/ann_00000573_img_000068_cat_metal_part.png,/home/amir/Desktop/COGAR/COGAR_Foundation-Model-Segmentation-for-Robotic-Scenes/outputs/sim_sam_vit_b_auto_v2/masks/row_0450_object_573_sam_auto_mask.png,0.9933695793151855,0.9892545342445374,22,0.9486521181001284,1.0,14.144180051999683,0.07070045745483998,cuda,vit_b
451,000068.png,574,data/cogar_sim_500_v2/rgb/000068.png,/home/amir/Desktop/COGAR/COGAR_Foundation-Model-Segmentation-for-Robotic-Scenes/data/cogar_sim_500_v2/instance_masks/v2/ann_00000574_img_000068_cat_robot_gripper.png,/home/amir/Desktop/COGAR/COGAR_Foundation-Model-Segmentation-for-Robotic-Scenes/outputs/sim_sam_vit_b_auto_v2/masks/row_0451_object_574_sam_auto_mask.png,0.9631751179695129,0.9823718070983887,22,0.001977375149452773,0.16229923922231615,14.144180051999683,0.07070045745483998,cuda,vit_b
452,000068.png,575,data/cogar_sim_500_v2/rgb/000068.png,/home/amir/Desktop/COGAR/COGAR_Foundation-Model-Segmentation-for-Robotic-Scenes/data/cogar_sim_500_v2/instance_masks/v2/ann_00000575_img_000068_cat_robot_gripper.png,/home/amir/Desktop/COGAR/COGAR_Foundation-Model-Segmentation-for-Robotic-Scenes/outputs/sim_sam_vit_b_auto_v2/masks/row_0452_object_575_sam_auto_mask.png,0.9588800668716431,0.9740903973579407,22,0.574468085106383,0.6978998384491114,14.144180051999683,0.07070045745483998,cuda,vit_b
453,000068.png,576,data/cogar_sim_500_v2/rgb/000068.png,/home/amir/Desktop/COGAR/COGAR_Foundation-Model-Segmentation-for-Robotic-Scenes/data/cogar_sim_500_v2/instance_masks/v2/ann_00000576_img_000068_cat_robot_gripper.png,/home/amir/Desktop/COGAR/COGAR_Foundation-Model-Segmentation-for-Robotic-Scenes/outputs/sim_sam_vit_b_auto_v2/masks/row_0453_object_576_sam_auto_mask.png,0.9510576725006104,0.975691556930542,22,0.6995235259082787,0.7507788161993769,14.144180051999683,0.07070045745483998,cuda,vit_b
454,000069.png,579,data/cogar_sim_500_v2/rgb/000069.png,/home/amir/Desktop/COGAR/COGAR_Foundation-Model-Segmentation-for-Robotic-Scenes/data/cogar_sim_500_v2/instance_masks/v2/ann_00000579_img_000069_cat_metal_part.png,/home/amir/Desktop/COGAR/COGAR_Foundation-Model-Segmentation-for-Robotic-Scenes/outputs/sim_sam_vit_b_auto_v2/masks/row_0454_object_579_sam_auto_mask.png,0.9907145500183105,0.992682933807373,27,0.9760191846522782,1.0,16.12113342900011,0.062030377975850766,cuda,vit_b
455,000069.png,580,data/cogar_sim_500_v2/rgb/000069.png,/home/amir/Desktop/COGAR/COGAR_Foundation-Model-Segmentation-for-Robotic-Scenes/data/cogar_sim_500_v2/instance_masks/v2/ann_00000580_img_000069_cat_plastic_object.png,/home/amir/Desktop/COGAR/COGAR_Foundation-Model-Segmentation-for-Robotic-Scenes/outputs/sim_sam_vit_b_auto_v2/masks/row_0455_object_580_sam_auto_mask.png,1.022283673286438,0.9897321462631226,27,0.9869440141624253,1.0,16.12113342900011,0.062030377975850766,cuda,vit_b
456,000069.png,581,data/cogar_sim_500_v2/rgb/000069.png,/home/amir/Desktop/COGAR/COGAR_Foundation-Model-Segmentation-for-Robotic-Scenes/data/cogar_sim_500_v2/instance_masks/v2/ann_00000581_img_000069_cat_cable.png,/home/amir/Desktop/COGAR/COGAR_Foundation-Model-Segmentation-for-Robotic-Scenes/outputs/sim_sam_vit_b_auto_v2/masks/row_0456_object_581_sam_auto_mask.png,0.9579689502716064,0.9668813347816467,27,0.48351115421920465,0.7229299363057324,16.12113342900011,0.062030377975850766,cuda,vit_b
457,000069.png,582,data/cogar_sim_500_v2/rgb/000069.png,/home/amir/Desktop/COGAR/COGAR_Foundation-Model-Segmentation-for-Robotic-Scenes/data/cogar_sim_500_v2/instance_masks/v2/ann_00000582_img_000069_cat_plastic_object.png,/home/amir/Desktop/COGAR/COGAR_Foundation-Model-Segmentation-for-Robotic-Scenes/outputs/sim_sam_vit_b_auto_v2/masks/row_0457_object_582_sam_auto_mask.png,0.9799126386642456,0.9836559295654297,27,0.9855755498429021,1.0,16.12113342900011,0.062030377975850766,cuda,vit_b
458,000069.png,583,data/cogar_sim_500_v2/rgb/000069.png,/home/amir/Desktop/COGAR/COGAR_Foundation-Model-Segmentation-for-Robotic-Scenes/data/cogar_sim_500_v2/instance_masks/v2/ann_00000583_img_000069_cat_cable.png,/home/amir/Desktop/COGAR/COGAR_Foundation-Model-Segmentation-for-Robotic-Scenes/outputs/sim_sam_vit_b_auto_v2/masks/row_0458_object_583_sam_auto_mask.png,0.9485146999359131,0.9683418869972229,27,0.9556840077071291,1.0,16.12113342900011,0.062030377975850766,cuda,vit_b
459,000069.png,584,data/cogar_sim_500_v2/rgb/000069.png,/home/amir/Desktop/COGAR/COGAR_Foundation-Model-Segmentation-for-Robotic-Scenes/data/cogar_sim_500_v2/instance_masks/v2/ann_00000584_img_000069_cat_box.png,/home/amir/Desktop/COGAR/COGAR_Foundation-Model-Segmentation-for-Robotic-Scenes/outputs/sim_sam_vit_b_auto_v2/masks/row_0459_object_584_sam_auto_mask.png,0.9908718466758728,0.9794846773147583,27,0.9502575660012879,0.9092396507623498,16.12113342900011,0.062030377975850766,cuda,vit_b
460,000069.png,585,data/cogar_sim_500_v2/rgb/000069.png,/home/amir/Desktop/COGAR/COGAR_Foundation-Model-Segmentation-for-Robotic-Scenes/data/cogar_sim_500_v2/instance_masks/v2/ann_00000585_img_000069_cat_robot_gripper.png,/home/amir/Desktop/COGAR/COGAR_Foundation-Model-Segmentation-for-Robotic-Scenes/outputs/sim_sam_vit_b_auto_v2/masks/row_0460_object_585_sam_auto_mask.png,0.9628528356552124,0.9817405939102173,27,0.9766891891891892,0.9972451790633609,16.12113342900011,0.062030377975850766,cuda,vit_b
461,000069.png,586,data/cogar_sim_500_v2/rgb/000069.png,/home/amir/Desktop/COGAR/COGAR_Foundation-Model-Segmentation-for-Robotic-Scenes/data/cogar_sim_500_v2/instance_masks/v2/ann_00000586_img_000069_cat_robot_gripper.png,/home/amir/Desktop/COGAR/COGAR_Foundation-Model-Segmentation-for-Robotic-Scenes/outputs/sim_sam_vit_b_auto_v2/masks/row_0461_object_586_sam_auto_mask.png,1.0112262964248657,0.9896219372749329,27,0.9660649819494584,1.0,16.12113342900011,0.062030377975850766,cuda,vit_b
462,000069.png,587,data/cogar_sim_500_v2/rgb/000069.png,/home/amir/Desktop/COGAR/COGAR_Foundation-Model-Segmentation-for-Robotic-Scenes/data/cogar_sim_500_v2/instance_masks/v2/ann_00000587_img_000069_cat_robot_gripper.png,/home/amir/Desktop/COGAR/COGAR_Foundation-Model-Segmentation-for-Robotic-Scenes/outputs/sim_sam_vit_b_auto_v2/masks/row_0462_object_587_sam_auto_mask.png,1.001801609992981,0.9917853474617004,27,0.725748502994012,0.7868852459016393,16.12113342900011,0.062030377975850766,cuda,vit_b
463,000070.png,590,data/cogar_sim_500_v2/rgb/000070.png,/home/amir/Desktop/COGAR/COGAR_Foundation-Model-Segmentation-for-Robotic-Scenes/data/cogar_sim_500_v2/instance_masks/v2/ann_00000590_img_000070_cat_plastic_object.png,/home/amir/Desktop/COGAR/COGAR_Foundation-Model-Segmentation-for-Robotic-Scenes/outputs/sim_sam_vit_b_auto_v2/masks/row_0463_object_590_sam_auto_mask.png,1.0025303363800049,0.9873170852661133,27,0.9635243960208432,1.0,14.461007773000347,0.06915147379057951,cuda,vit_b
464,000070.png,591,data/cogar_sim_500_v2/rgb/000070.png,/home/amir/Desktop/COGAR/COGAR_Foundation-Model-Segmentation-for-Robotic-Scenes/data/cogar_sim_500_v2/instance_masks/v2/ann_00000591_img_000070_cat_tool.png,/home/amir/Desktop/COGAR/COGAR_Foundation-Model-Segmentation-for-Robotic-Scenes/outputs/sim_sam_vit_b_auto_v2/masks/row_0464_object_591_sam_auto_mask.png,0.949949324131012,0.979619562625885,27,0.9622266401590457,1.0,14.461007773000347,0.06915147379057951,cuda,vit_b
465,000070.png,592,data/cogar_sim_500_v2/rgb/000070.png,/home/amir/Desktop/COGAR/COGAR_Foundation-Model-Segmentation-for-Robotic-Scenes/data/cogar_sim_500_v2/instance_masks/v2/ann_00000592_img_000070_cat_metal_part.png,/home/amir/Desktop/COGAR/COGAR_Foundation-Model-Segmentation-for-Robotic-Scenes/outputs/sim_sam_vit_b_auto_v2/masks/row_0465_object_592_sam_auto_mask.png,1.0064600706100464,0.9876133799552917,27,0.9714100064977258,1.0,14.461007773000347,0.06915147379057951,cuda,vit_b
466,000070.png,593,data/cogar_sim_500_v2/rgb/000070.png,/home/amir/Desktop/COGAR/COGAR_Foundation-Model-Segmentation-for-Robotic-Scenes/data/cogar_sim_500_v2/instance_masks/v2/ann_00000593_img_000070_cat_tool.png,/home/amir/Desktop/COGAR/COGAR_Foundation-Model-Segmentation-for-Robotic-Scenes/outputs/sim_sam_vit_b_auto_v2/masks/row_0466_object_593_sam_auto_mask.png,0.9381699562072754,0.9725868701934814,27,0.9505747126436782,1.0,14.461007773000347,0.06915147379057951,cuda,vit_b
467,000070.png,594,data/cogar_sim_500_v2/rgb/000070.png,/home/amir/Desktop/COGAR/COGAR_Foundation-Model-Segmentation-for-Robotic-Scenes/data/cogar_sim_500_v2/instance_masks/v2/ann_00000594_img_000070_cat_plastic_object.png,/home/amir/Desktop/COGAR/COGAR_Foundation-Model-Segmentation-for-Robotic-Scenes/outputs/sim_sam_vit_b_auto_v2/masks/row_0467_object_594_sam_auto_mask.png,0.9814428091049194,0.9861680269241333,27,0.9541646131099064,1.0,14.461007773000347,0.06915147379057951,cuda,vit_b
468,000070.png,595,data/cogar_sim_500_v2/rgb/000070.png,/home/amir/Desktop/COGAR/COGAR_Foundation-Model-Segmentation-for-Robotic-Scenes/data/cogar_sim_500_v2/instance_masks/v2/ann_00000595_img_000070_cat_metal_part.png,/home/amir/Desktop/COGAR/COGAR_Foundation-Model-Segmentation-for-Robotic-Scenes/outputs/sim_sam_vit_b_auto_v2/masks/row_0468_object_595_sam_auto_mask.png,1.0008639097213745,0.9874551892280579,27,0.9675854037267081,1.0,14.461007773000347,0.06915147379057951,cuda,vit_b
469,000070.png,596,data/cogar_sim_500_v2/rgb/000070.png,/home/amir/Desktop/COGAR/COGAR_Foundation-Model-Segmentation-for-Robotic-Scenes/data/cogar_sim_500_v2/instance_masks/v2/ann_00000596_img_000070_cat_box.png,/home/amir/Desktop/COGAR/COGAR_Foundation-Model-Segmentation-for-Robotic-Scenes/outputs/sim_sam_vit_b_auto_v2/masks/row_0469_object_596_sam_auto_mask.png,0.9729112386703491,0.9775012731552124,27,0.982736974262398,0.9884785321523997,14.461007773000347,0.06915147379057951,cuda,vit_b
470,000070.png,597,data/cogar_sim_500_v2/rgb/000070.png,/home/amir/Desktop/COGAR/COGAR_Foundation-Model-Segmentation-for-Robotic-Scenes/data/cogar_sim_500_v2/instance_masks/v2/ann_00000597_img_000070_cat_cable.png,/home/amir/Desktop/COGAR/COGAR_Foundation-Model-Segmentation-for-Robotic-Scenes/outputs/sim_sam_vit_b_auto_v2/masks/row_0470_object_597_sam_auto_mask.png,0.9792429208755493,0.9771897792816162,27,0.9474605954465849,1.0,14.461007773000347,0.06915147379057951,cuda,vit_b
471,000070.png,598,data/cogar_sim_500_v2/rgb/000070.png,/home/amir/Desktop/COGAR/COGAR_Foundation-Model-Segmentation-for-Robotic-Scenes/data/cogar_sim_500_v2/instance_masks/v2/ann_00000598_img_000070_cat_tool.png,/home/amir/Desktop/COGAR/COGAR_Foundation-Model-Segmentation-for-Robotic-Scenes/outputs/sim_sam_vit_b_auto_v2/masks/row_0471_object_598_sam_auto_mask.png,0.9369509220123291,0.9690706729888916,27,0.9647907647907648,0.99915611814346,14.461007773000347,0.06915147379057951,cuda,vit_b
472,000071.png,601,data/cogar_sim_500_v2/rgb/000071.png,/home/amir/Desktop/COGAR/COGAR_Foundation-Model-Segmentation-for-Robotic-Scenes/data/cogar_sim_500_v2/instance_masks/v2/ann_00000601_img_000071_cat_glass_object.png,/home/amir/Desktop/COGAR/COGAR_Foundation-Model-Segmentation-for-Robotic-Scenes/outputs/sim_sam_vit_b_auto_v2/masks/row_0472_object_601_sam_auto_mask.png,0.9228255152702332,0.9553232192993164,19,0.8071428571428572,0.7235244081092576,15.102400858999317,0.06621463761532416,cuda,vit_b
473,000071.png,602,data/cogar_sim_500_v2/rgb/000071.png,/home/amir/Desktop/COGAR/COGAR_Foundation-Model-Segmentation-for-Robotic-Scenes/data/cogar_sim_500_v2/instance_masks/v2/ann_00000602_img_000071_cat_glass_object.png,/home/amir/Desktop/COGAR/COGAR_Foundation-Model-Segmentation-for-Robotic-Scenes/outputs/sim_sam_vit_b_auto_v2/masks/row_0473_object_602_sam_auto_mask.png,0.9935343861579895,0.9837790727615356,19,0.9829632465543645,1.0,15.102400858999317,0.06621463761532416,cuda,vit_b
474,000071.png,603,data/cogar_sim_500_v2/rgb/000071.png,/home/amir/Desktop/COGAR/COGAR_Foundation-Model-Segmentation-for-Robotic-Scenes/data/cogar_sim_500_v2/instance_masks/v2/ann_00000603_img_000071_cat_box.png,/home/amir/Desktop/COGAR/COGAR_Foundation-Model-Segmentation-for-Robotic-Scenes/outputs/sim_sam_vit_b_auto_v2/masks/row_0474_object_603_sam_auto_mask.png,1.0179133415222168,0.9839110970497131,19,0.37044988777203086,0.5936286167261197,15.102400858999317,0.06621463761532416,cuda,vit_b
475,000071.png,604,data/cogar_sim_500_v2/rgb/000071.png,/home/amir/Desktop/COGAR/COGAR_Foundation-Model-Segmentation-for-Robotic-Scenes/data/cogar_sim_500_v2/instance_masks/v2/ann_00000604_img_000071_cat_box.png,/home/amir/Desktop/COGAR/COGAR_Foundation-Model-Segmentation-for-Robotic-Scenes/outputs/sim_sam_vit_b_auto_v2/masks/row_0475_object_604_sam_auto_mask.png,1.0179133415222168,0.9839110970497131,19,0.6232460013737612,0.5708692077267737,15.102400858999317,0.06621463761532416,cuda,vit_b
476,000071.png,605,data/cogar_sim_500_v2/rgb/000071.png,/home/amir/Desktop/COGAR/COGAR_Foundation-Model-Segmentation-for-Robotic-Scenes/data/cogar_sim_500_v2/instance_masks/v2/ann_00000605_img_000071_cat_metal_part.png,/home/amir/Desktop/COGAR/COGAR_Foundation-Model-Segmentation-for-Robotic-Scenes/outputs/sim_sam_vit_b_auto_v2/masks/row_0476_object_605_sam_auto_mask.png,0.9965415596961975,0.9800460338592529,19,0.9704321455648218,1.0,15.102400858999317,0.06621463761532416,cuda,vit_b
477,000071.png,606,data/cogar_sim_500_v2/rgb/000071.png,/home/amir/Desktop/COGAR/COGAR_Foundation-Model-Segmentation-for-Robotic-Scenes/data/cogar_sim_500_v2/instance_masks/v2/ann_00000606_img_000071_cat_robot_gripper.png,/home/amir/Desktop/COGAR/COGAR_Foundation-Model-Segmentation-for-Robotic-Scenes/outputs/sim_sam_vit_b_auto_v2/masks/row_0477_object_606_sam_auto_mask.png,0.952677309513092,0.9564626812934875,19,0.8958142726440989,0.899319825676744,15.102400858999317,0.06621463761532416,cuda,vit_b
478,000071.png,607,data/cogar_sim_500_v2/rgb/000071.png,/home/amir/Desktop/COGAR/COGAR_Foundation-Model-Segmentation-for-Robotic-Scenes/data/cogar_sim_500_v2/instance_masks/v2/ann_00000607_img_000071_cat_robot_gripper.png,/home/amir/Desktop/COGAR/COGAR_Foundation-Model-Segmentation-for-Robotic-Scenes/outputs/sim_sam_vit_b_auto_v2/masks/row_0478_object_607_sam_auto_mask.png,0.9604203701019287,0.964759111404419,19,0.18073010173548773,0.194509139671113,15.102400858999317,0.06621463761532416,cuda,vit_b
479,000071.png,608,data/cogar_sim_500_v2/rgb/000071.png,/home/amir/Desktop/COGAR/COGAR_Foundation-Model-Segmentation-for-Robotic-Scenes/data/cogar_sim_500_v2/instance_masks/v2/ann_00000608_img_000071_cat_robot_gripper.png,/home/amir/Desktop/COGAR/COGAR_Foundation-Model-Segmentation-for-Robotic-Scenes/outputs/sim_sam_vit_b_auto_v2/masks/row_0479_object_608_sam_auto_mask.png,1.0027042627334595,0.9943954944610596,19,0.95695618754804,1.0,15.102400858999317,0.06621463761532416,cuda,vit_b
480,000072.png,610,data/cogar_sim_500_v2/rgb/000072.png,/home/amir/Desktop/COGAR/COGAR_Foundation-Model-Segmentation-for-Robotic-Scenes/data/cogar_sim_500_v2/instance_masks/v2/ann_00000610_img_000072_cat_metal_part.png,/home/amir/Desktop/COGAR/COGAR_Foundation-Model-Segmentation-for-Robotic-Scenes/outputs/sim_sam_vit_b_auto_v2/masks/row_0480_object_610_sam_auto_mask.png,0.9602020978927612,0.9630826115608215,21,0.956989247311828,1.0,13.390665955999793,0.07467888477584957,cuda,vit_b
481,000072.png,611,data/cogar_sim_500_v2/rgb/000072.png,/home/amir/Desktop/COGAR/COGAR_Foundation-Model-Segmentation-for-Robotic-Scenes/data/cogar_sim_500_v2/instance_masks/v2/ann_00000611_img_000072_cat_cable.png,/home/amir/Desktop/COGAR/COGAR_Foundation-Model-Segmentation-for-Robotic-Scenes/outputs/sim_sam_vit_b_auto_v2/masks/row_0481_object_611_sam_auto_mask.png,0.9227921962738037,0.9525534510612488,21,0.3875138529737717,0.4359474804826118,13.390665955999793,0.07467888477584957,cuda,vit_b
482,000072.png,613,data/cogar_sim_500_v2/rgb/000072.png,/home/amir/Desktop/COGAR/COGAR_Foundation-Model-Segmentation-for-Robotic-Scenes/data/cogar_sim_500_v2/instance_masks/v2/ann_00000613_img_000072_cat_box.png,/home/amir/Desktop/COGAR/COGAR_Foundation-Model-Segmentation-for-Robotic-Scenes/outputs/sim_sam_vit_b_auto_v2/masks/row_0482_object_613_sam_auto_mask.png,1.0098192691802979,0.9924749732017517,21,0.9939038157597652,1.0,13.390665955999793,0.07467888477584957,cuda,vit_b
483,000072.png,614,data/cogar_sim_500_v2/rgb/000072.png,/home/amir/Desktop/COGAR/COGAR_Foundation-Model-Segmentation-for-Robotic-Scenes/data/cogar_sim_500_v2/instance_masks/v2/ann_00000614_img_000072_cat_plastic_object.png,/home/amir/Desktop/COGAR/COGAR_Foundation-Model-Segmentation-for-Robotic-Scenes/outputs/sim_sam_vit_b_auto_v2/masks/row_0483_object_614_sam_auto_mask.png,0.9806363582611084,0.9897634983062744,21,0.9897779344377864,1.0,13.390665955999793,0.07467888477584957,cuda,vit_b
484,000072.png,615,data/cogar_sim_500_v2/rgb/000072.png,/home/amir/Desktop/COGAR/COGAR_Foundation-Model-Segmentation-for-Robotic-Scenes/data/cogar_sim_500_v2/instance_masks/v2/ann_00000615_img_000072_cat_box.png,/home/amir/Desktop/COGAR/COGAR_Foundation-Model-Segmentation-for-Robotic-Scenes/outputs/sim_sam_vit_b_auto_v2/masks/row_0484_object_615_sam_auto_mask.png,0.9916872978210449,0.9818336367607117,21,0.9843118835133866,0.9734513274336283,13.390665955999793,0.07467888477584957,cuda,vit_b
485,000072.png,616,data/cogar_sim_500_v2/rgb/000072.png,/home/amir/Desktop/COGAR/COGAR_Foundation-Model-Segmentation-for-Robotic-Scenes/data/cogar_sim_500_v2/instance_masks/v2/ann_00000616_img_000072_cat_glass_object.png,/home/amir/Desktop/COGAR/COGAR_Foundation-Model-Segmentation-for-Robotic-Scenes/outputs/sim_sam_vit_b_auto_v2/masks/row_0485_object_616_sam_auto_mask.png,0.9834626913070679,0.986778736114502,21,0.9880872106091256,0.9989528795811519,13.390665955999793,0.07467888477584957,cuda,vit_b
486,000072.png,617,data/cogar_sim_500_v2/rgb/000072.png,/home/amir/Desktop/COGAR/COGAR_Foundation-Model-Segmentation-for-Robotic-Scenes/data/cogar_sim_500_v2/instance_masks/v2/ann_00000617_img_000072_cat_glass_object.png,/home/amir/Desktop/COGAR/COGAR_Foundation-Model-Segmentation-for-Robotic-Scenes/outputs/sim_sam_vit_b_auto_v2/masks/row_0486_object_617_sam_auto_mask.png,0.9820880889892578,0.977231502532959,21,0.7781095819267723,0.6304288140246692,13.390665955999793,0.07467888477584957,cuda,vit_b
487,000072.png,618,data/cogar_sim_500_v2/rgb/000072.png,/home/amir/Desktop/COGAR/COGAR_Foundation-Model-Segmentation-for-Robotic-Scenes/data/cogar_sim_500_v2/instance_masks/v2/ann_00000618_img_000072_cat_robot_gripper.png,/home/amir/Desktop/COGAR/COGAR_Foundation-Model-Segmentation-for-Robotic-Scenes/outputs/sim_sam_vit_b_auto_v2/masks/row_0487_object_618_sam_auto_mask.png,0.9650787115097046,0.9588793516159058,21,0.862826761187417,0.8876355748373101,13.390665955999793,0.07467888477584957,cuda,vit_b
488,000072.png,619,data/cogar_sim_500_v2/rgb/000072.png,/home/amir/Desktop/COGAR/COGAR_Foundation-Model-Segmentation-for-Robotic-Scenes/data/cogar_sim_500_v2/instance_masks/v2/ann_00000619_img_000072_cat_robot_gripper.png,/home/amir/Desktop/COGAR/COGAR_Foundation-Model-Segmentation-for-Robotic-Scenes/outputs/sim_sam_vit_b_auto_v2/masks/row_0488_object_619_sam_auto_mask.png,0.9572452902793884,0.9702643156051636,21,0.9684439608269858,1.0,13.390665955999793,0.07467888477584957,cuda,vit_b
489,000072.png,620,data/cogar_sim_500_v2/rgb/000072.png,/home/amir/Desktop/COGAR/COGAR_Foundation-Model-Segmentation-for-Robotic-Scenes/data/cogar_sim_500_v2/instance_masks/v2/ann_00000620_img_000072_cat_robot_gripper.png,/home/amir/Desktop/COGAR/COGAR_Foundation-Model-Segmentation-for-Robotic-Scenes/outputs/sim_sam_vit_b_auto_v2/masks/row_0489_object_620_sam_auto_mask.png,0.9469205141067505,0.9664413928985596,21,0.12807318467695827,0.19576932837714783,13.390665955999793,0.07467888477584957,cuda,vit_b
490,000073.png,623,data/cogar_sim_500_v2/rgb/000073.png,/home/amir/Desktop/COGAR/COGAR_Foundation-Model-Segmentation-for-Robotic-Scenes/data/cogar_sim_500_v2/instance_masks/v2/ann_00000623_img_000073_cat_screw.png,/home/amir/Desktop/COGAR/COGAR_Foundation-Model-Segmentation-for-Robotic-Scenes/outputs/sim_sam_vit_b_auto_v2/masks/row_0490_object_623_sam_auto_mask.png,0.9401931762695312,0.9829351305961609,29,0.959866220735786,1.0,16.28494347099968,0.061406415182269795,cuda,vit_b
491,000073.png,624,data/cogar_sim_500_v2/rgb/000073.png,/home/amir/Desktop/COGAR/COGAR_Foundation-Model-Segmentation-for-Robotic-Scenes/data/cogar_sim_500_v2/instance_masks/v2/ann_00000624_img_000073_cat_cable.png,/home/amir/Desktop/COGAR/COGAR_Foundation-Model-Segmentation-for-Robotic-Scenes/outputs/sim_sam_vit_b_auto_v2/masks/row_0491_object_624_sam_auto_mask.png,0.9563862085342407,0.9720970392227173,29,0.9562215861256104,0.9951456310679612,16.28494347099968,0.061406415182269795,cuda,vit_b
492,000073.png,626,data/cogar_sim_500_v2/rgb/000073.png,/home/amir/Desktop/COGAR/COGAR_Foundation-Model-Segmentation-for-Robotic-Scenes/data/cogar_sim_500_v2/instance_masks/v2/ann_00000626_img_000073_cat_screw.png,/home/amir/Desktop/COGAR/COGAR_Foundation-Model-Segmentation-for-Robotic-Scenes/outputs/sim_sam_vit_b_auto_v2/masks/row_0492_object_626_sam_auto_mask.png,0.9848122000694275,0.9818181991577148,29,0.9662027833001988,1.0,16.28494347099968,0.061406415182269795,cuda,vit_b
493,000073.png,627,data/cogar_sim_500_v2/rgb/000073.png,/home/amir/Desktop/COGAR/COGAR_Foundation-Model-Segmentation-for-Robotic-Scenes/data/cogar_sim_500_v2/instance_masks/v2/ann_00000627_img_000073_cat_box.png,/home/amir/Desktop/COGAR/COGAR_Foundation-Model-Segmentation-for-Robotic-Scenes/outputs/sim_sam_vit_b_auto_v2/masks/row_0493_object_627_sam_auto_mask.png,0.9163127541542053,0.9533029794692993,29,0.7946920380570857,0.8061937332899897,16.28494347099968,0.061406415182269795,cuda,vit_b
494,000073.png,628,data/cogar_sim_500_v2/rgb/000073.png,/home/amir/Desktop/COGAR/COGAR_Foundation-Model-Segmentation-for-Robotic-Scenes/data/cogar_sim_500_v2/instance_masks/v2/ann_00000628_img_000073_cat_screw.png,/home/amir/Desktop/COGAR/COGAR_Foundation-Model-Segmentation-for-Robotic-Scenes/outputs/sim_sam_vit_b_auto_v2/masks/row_0494_object_628_sam_auto_mask.png,1.0191497802734375,0.9833928942680359,29,0.0,0.0,16.28494347099968,0.061406415182269795,cuda,vit_b
495,000073.png,629,data/cogar_sim_500_v2/rgb/000073.png,/home/amir/Desktop/COGAR/COGAR_Foundation-Model-Segmentation-for-Robotic-Scenes/data/cogar_sim_500_v2/instance_masks/v2/ann_00000629_img_000073_cat_connector.png,/home/amir/Desktop/COGAR/COGAR_Foundation-Model-Segmentation-for-Robotic-Scenes/outputs/sim_sam_vit_b_auto_v2/masks/row_0495_object_629_sam_auto_mask.png,1.00449538230896,0.9847238659858704,29,0.9861382272549786,0.9455040871934605,16.28494347099968,0.061406415182269795,cuda,vit_b
496,000073.png,630,data/cogar_sim_500_v2/rgb/000073.png,/home/amir/Desktop/COGAR/COGAR_Foundation-Model-Segmentation-for-Robotic-Scenes/data/cogar_sim_500_v2/instance_masks/v2/ann_00000630_img_000073_cat_screw.png,/home/amir/Desktop/COGAR/COGAR_Foundation-Model-Segmentation-for-Robotic-Scenes/outputs/sim_sam_vit_b_auto_v2/masks/row_0496_object_630_sam_auto_mask.png,1.0191497802734375,0.9833928942680359,29,0.0,0.0,16.28494347099968,0.061406415182269795,cuda,vit_b
497,000073.png,631,data/cogar_sim_500_v2/rgb/000073.png,/home/amir/Desktop/COGAR/COGAR_Foundation-Model-Segmentation-for-Robotic-Scenes/data/cogar_sim_500_v2/instance_masks/v2/ann_00000631_img_000073_cat_plastic_object.png,/home/amir/Desktop/COGAR/COGAR_Foundation-Model-Segmentation-for-Robotic-Scenes/outputs/sim_sam_vit_b_auto_v2/masks/row_0497_object_631_sam_auto_mask.png,0.9863046407699585,0.9800483584403992,29,0.9722389861194931,1.0,16.28494347099968,0.061406415182269795,cuda,vit_b
498,000073.png,632,data/cogar_sim_500_v2/rgb/000073.png,/home/amir/Desktop/COGAR/COGAR_Foundation-Model-Segmentation-for-Robotic-Scenes/data/cogar_sim_500_v2/instance_masks/v2/ann_00000632_img_000073_cat_cable.png,/home/amir/Desktop/COGAR/COGAR_Foundation-Model-Segmentation-for-Robotic-Scenes/outputs/sim_sam_vit_b_auto_v2/masks/row_0498_object_632_sam_auto_mask.png,0.9919304847717285,0.9659944772720337,29,0.9499139743834831,1.0,16.28494347099968,0.061406415182269795,cuda,vit_b
499,000073.png,633,data/cogar_sim_500_v2/rgb/000073.png,/home/amir/Desktop/COGAR/COGAR_Foundation-Model-Segmentation-for-Robotic-Scenes/data/cogar_sim_500_v2/instance_masks/v2/ann_00000633_img_000073_cat_screw.png,/home/amir/Desktop/COGAR/COGAR_Foundation-Model-Segmentation-for-Robotic-Scenes/outputs/sim_sam_vit_b_auto_v2/masks/row_0499_object_633_sam_auto_mask.png,0.9694808721542358,0.9854651093482971,29,0.8989071038251366,1.0,16.28494347099968,0.061406415182269795,cuda,vit_b
500,000073.png,634,data/cogar_sim_500_v2/rgb/000073.png,/home/amir/Desktop/COGAR/COGAR_Foundation-Model-Segmentation-for-Robotic-Scenes/data/cogar_sim_500_v2/instance_masks/v2/ann_00000634_img_000073_cat_robot_gripper.png,/home/amir/Desktop/COGAR/COGAR_Foundation-Model-Segmentation-for-Robotic-Scenes/outputs/sim_sam_vit_b_auto_v2/masks/row_0500_object_634_sam_auto_mask.png,0.9030663967132568,0.9503693580627441,29,0.7482685688217974,0.643324045802225,16.28494347099968,0.061406415182269795,cuda,vit_b
501,000073.png,635,data/cogar_sim_500_v2/rgb/000073.png,/home/amir/Desktop/COGAR/COGAR_Foundation-Model-Segmentation-for-Robotic-Scenes/data/cogar_sim_500_v2/instance_masks/v2/ann_00000635_img_000073_cat_robot_gripper.png,/home/amir/Desktop/COGAR/COGAR_Foundation-Model-Segmentation-for-Robotic-Scenes/outputs/sim_sam_vit_b_auto_v2/masks/row_0501_object_635_sam_auto_mask.png,0.9149583578109741,0.973607063293457,29,0.0016391375614676585,0.07121661721068248,16.28494347099968,0.061406415182269795,cuda,vit_b
502,000073.png,636,data/cogar_sim_500_v2/rgb/000073.png,/home/amir/Desktop/COGAR/COGAR_Foundation-Model-Segmentation-for-Robotic-Scenes/data/cogar_sim_500_v2/instance_masks/v2/ann_00000636_img_000073_cat_robot_gripper.png,/home/amir/Desktop/COGAR/COGAR_Foundation-Model-Segmentation-for-Robotic-Scenes/outputs/sim_sam_vit_b_auto_v2/masks/row_0502_object_636_sam_auto_mask.png,0.9895030856132507,0.9877551198005676,29,0.5068279360124853,0.6219486605581591,16.28494347099968,0.061406415182269795,cuda,vit_b
503,000074.png,639,data/cogar_sim_500_v2/rgb/000074.png,/home/amir/Desktop/COGAR/COGAR_Foundation-Model-Segmentation-for-Robotic-Scenes/data/cogar_sim_500_v2/instance_masks/v2/ann_00000639_img_000074_cat_plastic_object.png,/home/amir/Desktop/COGAR/COGAR_Foundation-Model-Segmentation-for-Robotic-Scenes/outputs/sim_sam_vit_b_auto_v2/masks/row_0503_object_639_sam_auto_mask.png,0.9018727540969849,0.9653679728507996,17,0.944746087511977,0.9015351122595346,15.959398031999626,0.06265900493207421,cuda,vit_b
504,000074.png,640,data/cogar_sim_500_v2/rgb/000074.png,/home/amir/Desktop/COGAR/COGAR_Foundation-Model-Segmentation-for-Robotic-Scenes/data/cogar_sim_500_v2/instance_masks/v2/ann_00000640_img_000074_cat_plastic_object.png,/home/amir/Desktop/COGAR/COGAR_Foundation-Model-Segmentation-for-Robotic-Scenes/outputs/sim_sam_vit_b_auto_v2/masks/row_0504_object_640_sam_auto_mask.png,1.034067988395691,0.9824877381324768,17,0.9686586554075999,0.9985315712187959,15.959398031999626,0.06265900493207421,cuda,vit_b
505,000074.png,641,data/cogar_sim_500_v2/rgb/000074.png,/home/amir/Desktop/COGAR/COGAR_Foundation-Model-Segmentation-for-Robotic-Scenes/data/cogar_sim_500_v2/instance_masks/v2/ann_00000641_img_000074_cat_connector.png,/home/amir/Desktop/COGAR/COGAR_Foundation-Model-Segmentation-for-Robotic-Scenes/outputs/sim_sam_vit_b_auto_v2/masks/row_0505_object_641_sam_auto_mask.png,0.9436717629432678,0.9783464670181274,17,0.9379699248120301,1.0,15.959398031999626,0.06265900493207421,cuda,vit_b
506,000074.png,642,data/cogar_sim_500_v2/rgb/000074.png,/home/amir/Desktop/COGAR/COGAR_Foundation-Model-Segmentation-for-Robotic-Scenes/data/cogar_sim_500_v2/instance_masks/v2/ann_00000642_img_000074_cat_plastic_object.png,/home/amir/Desktop/COGAR/COGAR_Foundation-Model-Segmentation-for-Robotic-Scenes/outputs/sim_sam_vit_b_auto_v2/masks/row_0506_object_642_sam_auto_mask.png,0.9506803750991821,0.9612120985984802,17,0.7220475976650202,0.746705710102489,15.959398031999626,0.06265900493207421,cuda,vit_b
507,000074.png,643,data/cogar_sim_500_v2/rgb/000074.png,/home/amir/Desktop/COGAR/COGAR_Foundation-Model-Segmentation-for-Robotic-Scenes/data/cogar_sim_500_v2/instance_masks/v2/ann_00000643_img_000074_cat_plastic_object.png,/home/amir/Desktop/COGAR/COGAR_Foundation-Model-Segmentation-for-Robotic-Scenes/outputs/sim_sam_vit_b_auto_v2/masks/row_0507_object_643_sam_auto_mask.png,0.9969499707221985,0.9879356622695923,17,0.9670795306388527,1.0,15.959398031999626,0.06265900493207421,cuda,vit_b
508,000074.png,644,data/cogar_sim_500_v2/rgb/000074.png,/home/amir/Desktop/COGAR/COGAR_Foundation-Model-Segmentation-for-Robotic-Scenes/data/cogar_sim_500_v2/instance_masks/v2/ann_00000644_img_000074_cat_cable.png,/home/amir/Desktop/COGAR/COGAR_Foundation-Model-Segmentation-for-Robotic-Scenes/outputs/sim_sam_vit_b_auto_v2/masks/row_0508_object_644_sam_auto_mask.png,0.9385793805122375,0.9517795443534851,17,0.6321070234113713,0.7082113251123849,15.959398031999626,0.06265900493207421,cuda,vit_b
509,000075.png,647,data/cogar_sim_500_v2/rgb/000075.png,/home/amir/Desktop/COGAR/COGAR_Foundation-Model-Segmentation-for-Robotic-Scenes/data/cogar_sim_500_v2/instance_masks/v2/ann_00000647_img_000075_cat_metal_part.png,/home/amir/Desktop/COGAR/COGAR_Foundation-Model-Segmentation-for-Robotic-Scenes/outputs/sim_sam_vit_b_auto_v2/masks/row_0509_object_647_sam_auto_mask.png,0.9433874487876892,0.9722668528556824,20,0.8660890114218196,0.8610185078744684,15.41333038599987,0.06487890513969084,cuda,vit_b
510,000075.png,648,data/cogar_sim_500_v2/rgb/000075.png,/home/amir/Desktop/COGAR/COGAR_Foundation-Model-Segmentation-for-Robotic-Scenes/data/cogar_sim_500_v2/instance_masks/v2/ann_00000648_img_000075_cat_plastic_object.png,/home/amir/Desktop/COGAR/COGAR_Foundation-Model-Segmentation-for-Robotic-Scenes/outputs/sim_sam_vit_b_auto_v2/masks/row_0510_object_648_sam_auto_mask.png,1.0038025379180908,0.9630808234214783,20,0.8850231303006939,0.8195454073038391,15.41333038599987,0.06487890513969084,cuda,vit_b
511,000075.png,649,data/cogar_sim_500_v2/rgb/000075.png,/home/amir/Desktop/COGAR/COGAR_Foundation-Model-Segmentation-for-Robotic-Scenes/data/cogar_sim_500_v2/instance_masks/v2/ann_00000649_img_000075_cat_metal_part.png,/home/amir/Desktop/COGAR/COGAR_Foundation-Model-Segmentation-for-Robotic-Scenes/outputs/sim_sam_vit_b_auto_v2/masks/row_0511_object_649_sam_auto_mask.png,0.9601632356643677,0.9811970591545105,20,0.9656685596282911,1.0,15.41333038599987,0.06487890513969084,cuda,vit_b
512,000075.png,650,data/cogar_sim_500_v2/rgb/000075.png,/home/amir/Desktop/COGAR/COGAR_Foundation-Model-Segmentation-for-Robotic-Scenes/data/cogar_sim_500_v2/instance_masks/v2/ann_00000650_img_000075_cat_plastic_object.png,/home/amir/Desktop/COGAR/COGAR_Foundation-Model-Segmentation-for-Robotic-Scenes/outputs/sim_sam_vit_b_auto_v2/masks/row_0512_object_650_sam_auto_mask.png,0.9823125600814819,0.9856414794921875,20,0.9736483416628805,1.0,15.41333038599987,0.06487890513969084,cuda,vit_b
513,000075.png,651,data/cogar_sim_500_v2/rgb/000075.png,/home/amir/Desktop/COGAR/COGAR_Foundation-Model-Segmentation-for-Robotic-Scenes/data/cogar_sim_500_v2/instance_masks/v2/ann_00000651_img_000075_cat_metal_part.png,/home/amir/Desktop/COGAR/COGAR_Foundation-Model-Segmentation-for-Robotic-Scenes/outputs/sim_sam_vit_b_auto_v2/masks/row_0513_object_651_sam_auto_mask.png,0.9982810616493225,0.9885355830192566,20,0.9763779527559056,1.0,15.41333038599987,0.06487890513969084,cuda,vit_b
514,000075.png,652,data/cogar_sim_500_v2/rgb/000075.png,/home/amir/Desktop/COGAR/COGAR_Foundation-Model-Segmentation-for-Robotic-Scenes/data/cogar_sim_500_v2/instance_masks/v2/ann_00000652_img_000075_cat_tool.png,/home/amir/Desktop/COGAR/COGAR_Foundation-Model-Segmentation-for-Robotic-Scenes/outputs/sim_sam_vit_b_auto_v2/masks/row_0514_object_652_sam_auto_mask.png,0.9638808965682983,0.9536337852478027,20,0.9530601659751037,0.9713114754098361,15.41333038599987,0.06487890513969084,cuda,vit_b
515,000075.png,653,data/cogar_sim_500_v2/rgb/000075.png,/home/amir/Desktop/COGAR/COGAR_Foundation-Model-Segmentation-for-Robotic-Scenes/data/cogar_sim_500_v2/instance_masks/v2/ann_00000653_img_000075_cat_tool.png,/home/amir/Desktop/COGAR/COGAR_Foundation-Model-Segmentation-for-Robotic-Scenes/outputs/sim_sam_vit_b_auto_v2/masks/row_0515_object_653_sam_auto_mask.png,0.9574087858200073,0.9619335532188416,20,0.5564322469982848,0.6658664055288216,15.41333038599987,0.06487890513969084,cuda,vit_b
516,000075.png,654,data/cogar_sim_500_v2/rgb/000075.png,/home/amir/Desktop/COGAR/COGAR_Foundation-Model-Segmentation-for-Robotic-Scenes/data/cogar_sim_500_v2/instance_masks/v2/ann_00000654_img_000075_cat_robot_gripper.png,/home/amir/Desktop/COGAR/COGAR_Foundation-Model-Segmentation-for-Robotic-Scenes/outputs/sim_sam_vit_b_auto_v2/masks/row_0516_object_654_sam_auto_mask.png,1.0131937265396118,0.9861939549446106,20,0.9809417040358744,1.0,15.41333038599987,0.06487890513969084,cuda,vit_b
517,000075.png,656,data/cogar_sim_500_v2/rgb/000075.png,/home/amir/Desktop/COGAR/COGAR_Foundation-Model-Segmentation-for-Robotic-Scenes/data/cogar_sim_500_v2/instance_masks/v2/ann_00000656_img_000075_cat_robot_gripper.png,/home/amir/Desktop/COGAR/COGAR_Foundation-Model-Segmentation-for-Robotic-Scenes/outputs/sim_sam_vit_b_auto_v2/masks/row_0517_object_656_sam_auto_mask.png,0.9530014991760254,0.9659574627876282,20,0.9499575911789653,1.0,15.41333038599987,0.06487890513969084,cuda,vit_b
518,000076.png,658,data/cogar_sim_500_v2/rgb/000076.png,/home/amir/Desktop/COGAR/COGAR_Foundation-Model-Segmentation-for-Robotic-Scenes/data/cogar_sim_500_v2/instance_masks/v2/ann_00000658_img_000076_cat_metal_part.png,/home/amir/Desktop/COGAR/COGAR_Foundation-Model-Segmentation-for-Robotic-Scenes/outputs/sim_sam_vit_b_auto_v2/masks/row_0518_object_658_sam_auto_mask.png,1.0154485702514648,0.9922246336936951,19,0.9693234346547136,1.0,14.092157480999958,0.07096145507515585,cuda,vit_b
519,000076.png,659,data/cogar_sim_500_v2/rgb/000076.png,/home/amir/Desktop/COGAR/COGAR_Foundation-Model-Segmentation-for-Robotic-Scenes/data/cogar_sim_500_v2/instance_masks/v2/ann_00000659_img_000076_cat_glass_object.png,/home/amir/Desktop/COGAR/COGAR_Foundation-Model-Segmentation-for-Robotic-Scenes/outputs/sim_sam_vit_b_auto_v2/masks/row_0519_object_659_sam_auto_mask.png,0.9571576118469238,0.982100248336792,19,0.3523070288917637,0.433931484502447,14.092157480999958,0.07096145507515585,cuda,vit_b
520,000076.png,660,data/cogar_sim_500_v2/rgb/000076.png,/home/amir/Desktop/COGAR/COGAR_Foundation-Model-Segmentation-for-Robotic-Scenes/data/cogar_sim_500_v2/instance_masks/v2/ann_00000660_img_000076_cat_box.png,/home/amir/Desktop/COGAR/COGAR_Foundation-Model-Segmentation-for-Robotic-Scenes/outputs/sim_sam_vit_b_auto_v2/masks/row_0520_object_660_sam_auto_mask.png,1.0300414562225342,0.9878290891647339,19,0.9763318422122814,1.0,14.092157480999958,0.07096145507515585,cuda,vit_b
521,000076.png,661,data/cogar_sim_500_v2/rgb/000076.png,/home/amir/Desktop/COGAR/COGAR_Foundation-Model-Segmentation-for-Robotic-Scenes/data/cogar_sim_500_v2/instance_masks/v2/ann_00000661_img_000076_cat_robot_gripper.png,/home/amir/Desktop/COGAR/COGAR_Foundation-Model-Segmentation-for-Robotic-Scenes/outputs/sim_sam_vit_b_auto_v2/masks/row_0521_object_661_sam_auto_mask.png,0.9670654535293579,0.9634765982627869,19,0.9487758172616605,0.8919325582402163,14.092157480999958,0.07096145507515585,cuda,vit_b
522,000076.png,662,data/cogar_sim_500_v2/rgb/000076.png,/home/amir/Desktop/COGAR/COGAR_Foundation-Model-Segmentation-for-Robotic-Scenes/data/cogar_sim_500_v2/instance_masks/v2/ann_00000662_img_000076_cat_robot_gripper.png,/home/amir/Desktop/COGAR/COGAR_Foundation-Model-Segmentation-for-Robotic-Scenes/outputs/sim_sam_vit_b_auto_v2/masks/row_0522_object_662_sam_auto_mask.png,0.9885152578353882,0.9899371266365051,19,0.8180388044048243,0.7814569536423841,14.092157480999958,0.07096145507515585,cuda,vit_b
523,000076.png,663,data/cogar_sim_500_v2/rgb/000076.png,/home/amir/Desktop/COGAR/COGAR_Foundation-Model-Segmentation-for-Robotic-Scenes/data/cogar_sim_500_v2/instance_masks/v2/ann_00000663_img_000076_cat_robot_gripper.png,/home/amir/Desktop/COGAR/COGAR_Foundation-Model-Segmentation-for-Robotic-Scenes/outputs/sim_sam_vit_b_auto_v2/masks/row_0523_object_663_sam_auto_mask.png,0.9736323356628418,0.9872898459434509,19,0.6935622317596567,0.7622259696458684,14.092157480999958,0.07096145507515585,cuda,vit_b
524,000077.png,666,data/cogar_sim_500_v2/rgb/000077.png,/home/amir/Desktop/COGAR/COGAR_Foundation-Model-Segmentation-for-Robotic-Scenes/data/cogar_sim_500_v2/instance_masks/v2/ann_00000666_img_000077_cat_tool.png,/home/amir/Desktop/COGAR/COGAR_Foundation-Model-Segmentation-for-Robotic-Scenes/outputs/sim_sam_vit_b_auto_v2/masks/row_0524_object_666_sam_auto_mask.png,0.9399290084838867,0.9653967022895813,20,0.5115897061507574,0.6227988878591287,14.279141127999537,0.07003222329942031,cuda,vit_b
525,000077.png,667,data/cogar_sim_500_v2/rgb/000077.png,/home/amir/Desktop/COGAR/COGAR_Foundation-Model-Segmentation-for-Robotic-Scenes/data/cogar_sim_500_v2/instance_masks/v2/ann_00000667_img_000077_cat_tool.png,/home/amir/Desktop/COGAR/COGAR_Foundation-Model-Segmentation-for-Robotic-Scenes/outputs/sim_sam_vit_b_auto_v2/masks/row_0525_object_667_sam_auto_mask.png,0.9646320343017578,0.9797889590263367,20,0.9551530073865635,0.9943502824858756,14.279141127999537,0.07003222329942031,cuda,vit_b
526,000077.png,668,data/cogar_sim_500_v2/rgb/000077.png,/home/amir/Desktop/COGAR/COGAR_Foundation-Model-Segmentation-for-Robotic-Scenes/data/cogar_sim_500_v2/instance_masks/v2/ann_00000668_img_000077_cat_tool.png,/home/amir/Desktop/COGAR/COGAR_Foundation-Model-Segmentation-for-Robotic-Scenes/outputs/sim_sam_vit_b_auto_v2/masks/row_0526_object_668_sam_auto_mask.png,0.9413678646087646,0.9619952440261841,20,0.7432598039215687,0.8290766208251473,14.279141127999537,0.07003222329942031,cuda,vit_b
527,000077.png,669,data/cogar_sim_500_v2/rgb/000077.png,/home/amir/Desktop/COGAR/COGAR_Foundation-Model-Segmentation-for-Robotic-Scenes/data/cogar_sim_500_v2/instance_masks/v2/ann_00000669_img_000077_cat_cable.png,/home/amir/Desktop/COGAR/COGAR_Foundation-Model-Segmentation-for-Robotic-Scenes/outputs/sim_sam_vit_b_auto_v2/masks/row_0527_object_669_sam_auto_mask.png,0.9465898275375366,0.9597053527832031,20,0.63729101728535,0.7486033519553073,14.279141127999537,0.07003222329942031,cuda,vit_b
528,000077.png,670,data/cogar_sim_500_v2/rgb/000077.png,/home/amir/Desktop/COGAR/COGAR_Foundation-Model-Segmentation-for-Robotic-Scenes/data/cogar_sim_500_v2/instance_masks/v2/ann_00000670_img_000077_cat_tool.png,/home/amir/Desktop/COGAR/COGAR_Foundation-Model-Segmentation-for-Robotic-Scenes/outputs/sim_sam_vit_b_auto_v2/masks/row_0528_object_670_sam_auto_mask.png,0.9489945769309998,0.9576970338821411,20,0.7058823529411765,0.6783448693426539,14.279141127999537,0.07003222329942031,cuda,vit_b
529,000077.png,671,data/cogar_sim_500_v2/rgb/000077.png,/home/amir/Desktop/COGAR/COGAR_Foundation-Model-Segmentation-for-Robotic-Scenes/data/cogar_sim_500_v2/instance_masks/v2/ann_00000671_img_000077_cat_screw.png,/home/amir/Desktop/COGAR/COGAR_Foundation-Model-Segmentation-for-Robotic-Scenes/outputs/sim_sam_vit_b_auto_v2/masks/row_0529_object_671_sam_auto_mask.png,0.937136709690094,0.9760000109672546,20,0.7686274509803922,0.8822406110757479,14.279141127999537,0.07003222329942031,cuda,vit_b
530,000077.png,672,data/cogar_sim_500_v2/rgb/000077.png,/home/amir/Desktop/COGAR/COGAR_Foundation-Model-Segmentation-for-Robotic-Scenes/data/cogar_sim_500_v2/instance_masks/v2/ann_00000672_img_000077_cat_plastic_object.png,/home/amir/Desktop/COGAR/COGAR_Foundation-Model-Segmentation-for-Robotic-Scenes/outputs/sim_sam_vit_b_auto_v2/masks/row_0530_object_672_sam_auto_mask.png,0.9822548627853394,0.9936507940292358,20,0.9810554803788903,1.0,14.279141127999537,0.07003222329942031,cuda,vit_b
531,000077.png,673,data/cogar_sim_500_v2/rgb/000077.png,/home/amir/Desktop/COGAR/COGAR_Foundation-Model-Segmentation-for-Robotic-Scenes/data/cogar_sim_500_v2/instance_masks/v2/ann_00000673_img_000077_cat_robot_gripper.png,/home/amir/Desktop/COGAR/COGAR_Foundation-Model-Segmentation-for-Robotic-Scenes/outputs/sim_sam_vit_b_auto_v2/masks/row_0531_object_673_sam_auto_mask.png,0.9021309614181519,0.9537892937660217,20,0.001180080245456691,0.133598740857328,14.279141127999537,0.07003222329942031,cuda,vit_b
532,000077.png,675,data/cogar_sim_500_v2/rgb/000077.png,/home/amir/Desktop/COGAR/COGAR_Foundation-Model-Segmentation-for-Robotic-Scenes/data/cogar_sim_500_v2/instance_masks/v2/ann_00000675_img_000077_cat_robot_gripper.png,/home/amir/Desktop/COGAR/COGAR_Foundation-Model-Segmentation-for-Robotic-Scenes/outputs/sim_sam_vit_b_auto_v2/masks/row_0532_object_675_sam_auto_mask.png,0.9436060190200806,0.9583530426025391,20,0.8650643052920093,0.9134287661895024,14.279141127999537,0.07003222329942031,cuda,vit_b
533,000078.png,677,data/cogar_sim_500_v2/rgb/000078.png,/home/amir/Desktop/COGAR/COGAR_Foundation-Model-Segmentation-for-Robotic-Scenes/data/cogar_sim_500_v2/instance_masks/v2/ann_00000677_img_000078_cat_box.png,/home/amir/Desktop/COGAR/COGAR_Foundation-Model-Segmentation-for-Robotic-Scenes/outputs/sim_sam_vit_b_auto_v2/masks/row_0533_object_677_sam_auto_mask.png,0.9777527451515198,0.9654330015182495,32,0.29698539802166746,0.573447019881302,13.688203145999978,0.0730556077619453,cuda,vit_b
534,000078.png,678,data/cogar_sim_500_v2/rgb/000078.png,/home/amir/Desktop/COGAR/COGAR_Foundation-Model-Segmentation-for-Robotic-Scenes/data/cogar_sim_500_v2/instance_masks/v2/ann_00000678_img_000078_cat_plastic_object.png,/home/amir/Desktop/COGAR/COGAR_Foundation-Model-Segmentation-for-Robotic-Scenes/outputs/sim_sam_vit_b_auto_v2/masks/row_0534_object_678_sam_auto_mask.png,1.0168346166610718,0.9897040128707886,32,0.988656334877776,1.0,13.688203145999978,0.0730556077619453,cuda,vit_b
535,000078.png,679,data/cogar_sim_500_v2/rgb/000078.png,/home/amir/Desktop/COGAR/COGAR_Foundation-Model-Segmentation-for-Robotic-Scenes/data/cogar_sim_500_v2/instance_masks/v2/ann_00000679_img_000078_cat_connector.png,/home/amir/Desktop/COGAR/COGAR_Foundation-Model-Segmentation-for-Robotic-Scenes/outputs/sim_sam_vit_b_auto_v2/masks/row_0535_object_679_sam_auto_mask.png,1.0096856355667114,0.9735245704650879,32,0.6001403016485444,0.5882352941176471,13.688203145999978,0.0730556077619453,cuda,vit_b
536,000078.png,680,data/cogar_sim_500_v2/rgb/000078.png,/home/amir/Desktop/COGAR/COGAR_Foundation-Model-Segmentation-for-Robotic-Scenes/data/cogar_sim_500_v2/instance_masks/v2/ann_00000680_img_000078_cat_connector.png,/home/amir/Desktop/COGAR/COGAR_Foundation-Model-Segmentation-for-Robotic-Scenes/outputs/sim_sam_vit_b_auto_v2/masks/row_0536_object_680_sam_auto_mask.png,0.9906800985336304,0.9780645370483398,32,0.9761092150170648,1.0,13.688203145999978,0.0730556077619453,cuda,vit_b
537,000078.png,681,data/cogar_sim_500_v2/rgb/000078.png,/home/amir/Desktop/COGAR/COGAR_Foundation-Model-Segmentation-for-Robotic-Scenes/data/cogar_sim_500_v2/instance_masks/v2/ann_00000681_img_000078_cat_connector.png,/home/amir/Desktop/COGAR/COGAR_Foundation-Model-Segmentation-for-Robotic-Scenes/outputs/sim_sam_vit_b_auto_v2/masks/row_0537_object_681_sam_auto_mask.png,0.9998677372932434,0.9876707196235657,32,0.9914691943127962,1.0,13.688203145999978,0.0730556077619453,cuda,vit_b
538,000078.png,682,data/cogar_sim_500_v2/rgb/000078.png,/home/amir/Desktop/COGAR/COGAR_Foundation-Model-Segmentation-for-Robotic-Scenes/data/cogar_sim_500_v2/instance_masks/v2/ann_00000682_img_000078_cat_connector.png,/home/amir/Desktop/COGAR/COGAR_Foundation-Model-Segmentation-for-Robotic-Scenes/outputs/sim_sam_vit_b_auto_v2/masks/row_0538_object_682_sam_auto_mask.png,0.9698414206504822,0.9791332483291626,32,0.9637826961770624,1.0,13.688203145999978,0.0730556077619453,cuda,vit_b
539,000078.png,683,data/cogar_sim_500_v2/rgb/000078.png,/home/amir/Desktop/COGAR/COGAR_Foundation-Model-Segmentation-for-Robotic-Scenes/data/cogar_sim_500_v2/instance_masks/v2/ann_00000683_img_000078_cat_screw.png,/home/amir/Desktop/COGAR/COGAR_Foundation-Model-Segmentation-for-Robotic-Scenes/outputs/sim_sam_vit_b_auto_v2/masks/row_0539_object_683_sam_auto_mask.png,0.9693536162376404,0.9746299982070923,32,0.9230769230769231,0.9658536585365853,13.688203145999978,0.0730556077619453,cuda,vit_b
540,000078.png,684,data/cogar_sim_500_v2/rgb/000078.png,/home/amir/Desktop/COGAR/COGAR_Foundation-Model-Segmentation-for-Robotic-Scenes/data/cogar_sim_500_v2/instance_masks/v2/ann_00000684_img_000078_cat_box.png,/home/amir/Desktop/COGAR/COGAR_Foundation-Model-Segmentation-for-Robotic-Scenes/outputs/sim_sam_vit_b_auto_v2/masks/row_0540_object_684_sam_auto_mask.png,0.9777527451515198,0.9654330015182495,32,0.6966691793083953,0.6735173573031239,13.688203145999978,0.0730556077619453,cuda,vit_b
541,000078.png,685,data/cogar_sim_500_v2/rgb/000078.png,/home/amir/Desktop/COGAR/COGAR_Foundation-Model-Segmentation-for-Robotic-Scenes/data/cogar_sim_500_v2/instance_masks/v2/ann_00000685_img_000078_cat_screw.png,/home/amir/Desktop/COGAR/COGAR_Foundation-Model-Segmentation-for-Robotic-Scenes/outputs/sim_sam_vit_b_auto_v2/masks/row_0541_object_685_sam_auto_mask.png,0.9456483721733093,0.9715302586555481,32,0.9381443298969072,1.0,13.688203145999978,0.0730556077619453,cuda,vit_b
542,000078.png,687,data/cogar_sim_500_v2/rgb/000078.png,/home/amir/Desktop/COGAR/COGAR_Foundation-Model-Segmentation-for-Robotic-Scenes/data/cogar_sim_500_v2/instance_masks/v2/ann_00000687_img_000078_cat_tool.png,/home/amir/Desktop/COGAR/COGAR_Foundation-Model-Segmentation-for-Robotic-Scenes/outputs/sim_sam_vit_b_auto_v2/masks/row_0542_object_687_sam_auto_mask.png,0.9645537734031677,0.9500045776367188,32,0.8685908038372477,0.8897648743725579,13.688203145999978,0.0730556077619453,cuda,vit_b
543,000078.png,688,data/cogar_sim_500_v2/rgb/000078.png,/home/amir/Desktop/COGAR/COGAR_Foundation-Model-Segmentation-for-Robotic-Scenes/data/cogar_sim_500_v2/instance_masks/v2/ann_00000688_img_000078_cat_screw.png,/home/amir/Desktop/COGAR/COGAR_Foundation-Model-Segmentation-for-Robotic-Scenes/outputs/sim_sam_vit_b_auto_v2/masks/row_0543_object_688_sam_auto_mask.png,0.8889871835708618,0.9626647233963013,32,0.011357289145410537,0.09012980651481754,13.688203145999978,0.0730556077619453,cuda,vit_b
544,000079.png,690,data/cogar_sim_500_v2/rgb/000079.png,/home/amir/Desktop/COGAR/COGAR_Foundation-Model-Segmentation-for-Robotic-Scenes/data/cogar_sim_500_v2/instance_masks/v2/ann_00000690_img_000079_cat_tool.png,/home/amir/Desktop/COGAR/COGAR_Foundation-Model-Segmentation-for-Robotic-Scenes/outputs/sim_sam_vit_b_auto_v2/masks/row_0544_object_690_sam_auto_mask.png,0.9348864555358887,0.9600709676742554,31,0.8650519031141869,0.8080559612575909,13.581794099000035,0.07362797526680406,cuda,vit_b
545,000079.png,691,data/cogar_sim_500_v2/rgb/000079.png,/home/amir/Desktop/COGAR/COGAR_Foundation-Model-Segmentation-for-Robotic-Scenes/data/cogar_sim_500_v2/instance_masks/v2/ann_00000691_img_000079_cat_glass_object.png,/home/amir/Desktop/COGAR/COGAR_Foundation-Model-Segmentation-for-Robotic-Scenes/outputs/sim_sam_vit_b_auto_v2/masks/row_0545_object_691_sam_auto_mask.png,0.9869190454483032,0.9852015376091003,31,0.2981890585000474,0.3355465313844337,13.581794099000035,0.07362797526680406,cuda,vit_b
546,000079.png,692,data/cogar_sim_500_v2/rgb/000079.png,/home/amir/Desktop/COGAR/COGAR_Foundation-Model-Segmentation-for-Robotic-Scenes/data/cogar_sim_500_v2/instance_masks/v2/ann_00000692_img_000079_cat_metal_part.png,/home/amir/Desktop/COGAR/COGAR_Foundation-Model-Segmentation-for-Robotic-Scenes/outputs/sim_sam_vit_b_auto_v2/masks/row_0546_object_692_sam_auto_mask.png,0.9479350447654724,0.9729660749435425,31,0.8118184123763632,0.8340031452035646,13.581794099000035,0.07362797526680406,cuda,vit_b
547,000079.png,693,data/cogar_sim_500_v2/rgb/000079.png,/home/amir/Desktop/COGAR/COGAR_Foundation-Model-Segmentation-for-Robotic-Scenes/data/cogar_sim_500_v2/instance_masks/v2/ann_00000693_img_000079_cat_plastic_object.png,/home/amir/Desktop/COGAR/COGAR_Foundation-Model-Segmentation-for-Robotic-Scenes/outputs/sim_sam_vit_b_auto_v2/masks/row_0547_object_693_sam_auto_mask.png,0.8854958415031433,0.9725514650344849,31,0.9743429286608261,1.0,13.581794099000035,0.07362797526680406,cuda,vit_b
548,000079.png,694,data/cogar_sim_500_v2/rgb/000079.png,/home/amir/Desktop/COGAR/COGAR_Foundation-Model-Segmentation-for-Robotic-Scenes/data/cogar_sim_500_v2/instance_masks/v2/ann_00000694_img_000079_cat_box.png,/home/amir/Desktop/COGAR/COGAR_Foundation-Model-Segmentation-for-Robotic-Scenes/outputs/sim_sam_vit_b_auto_v2/masks/row_0548_object_694_sam_auto_mask.png,0.9791368246078491,0.9507055878639221,31,0.9737448479537857,0.8832430193167315,13.581794099000035,0.07362797526680406,cuda,vit_b
549,000079.png,695,data/cogar_sim_500_v2/rgb/000079.png,/home/amir/Desktop/COGAR/COGAR_Foundation-Model-Segmentation-for-Robotic-Scenes/data/cogar_sim_500_v2/instance_masks/v2/ann_00000695_img_000079_cat_plastic_object.png,/home/amir/Desktop/COGAR/COGAR_Foundation-Model-Segmentation-for-Robotic-Scenes/outputs/sim_sam_vit_b_auto_v2/masks/row_0549_object_695_sam_auto_mask.png,0.9921429753303528,0.9847715497016907,31,0.984445067264574,1.0,13.581794099000035,0.07362797526680406,cuda,vit_b
550,000079.png,696,data/cogar_sim_500_v2/rgb/000079.png,/home/amir/Desktop/COGAR/COGAR_Foundation-Model-Segmentation-for-Robotic-Scenes/data/cogar_sim_500_v2/instance_masks/v2/ann_00000696_img_000079_cat_robot_gripper.png,/home/amir/Desktop/COGAR/COGAR_Foundation-Model-Segmentation-for-Robotic-Scenes/outputs/sim_sam_vit_b_auto_v2/masks/row_0550_object_696_sam_auto_mask.png,0.9817196726799011,0.9737618565559387,31,0.5100422321802766,0.5522212568525322,13.581794099000035,0.07362797526680406,cuda,vit_b
551,000079.png,697,data/cogar_sim_500_v2/rgb/000079.png,/home/amir/Desktop/COGAR/COGAR_Foundation-Model-Segmentation-for-Robotic-Scenes/data/cogar_sim_500_v2/instance_masks/v2/ann_00000697_img_000079_cat_robot_gripper.png,/home/amir/Desktop/COGAR/COGAR_Foundation-Model-Segmentation-for-Robotic-Scenes/outputs/sim_sam_vit_b_auto_v2/masks/row_0551_object_697_sam_auto_mask.png,0.9817196726799011,0.9737618565559387,31,0.14859710369795706,0.29846768820786146,13.581794099000035,0.07362797526680406,cuda,vit_b
552,000079.png,698,data/cogar_sim_500_v2/rgb/000079.png,/home/amir/Desktop/COGAR/COGAR_Foundation-Model-Segmentation-for-Robotic-Scenes/data/cogar_sim_500_v2/instance_masks/v2/ann_00000698_img_000079_cat_robot_gripper.png,/home/amir/Desktop/COGAR/COGAR_Foundation-Model-Segmentation-for-Robotic-Scenes/outputs/sim_sam_vit_b_auto_v2/masks/row_0552_object_698_sam_auto_mask.png,0.897950291633606,0.9553748369216919,31,0.8543160570028139,0.7110467585083501,13.581794099000035,0.07362797526680406,cuda,vit_b
553,000081.png,703,data/cogar_sim_500_v2/rgb/000081.png,/home/amir/Desktop/COGAR/COGAR_Foundation-Model-Segmentation-for-Robotic-Scenes/data/cogar_sim_500_v2/instance_masks/v2/ann_00000703_img_000081_cat_cable.png,/home/amir/Desktop/COGAR/COGAR_Foundation-Model-Segmentation-for-Robotic-Scenes/outputs/sim_sam_vit_b_auto_v2/masks/row_0553_object_703_sam_auto_mask.png,0.9834073185920715,0.9664571285247803,19,0.011267787006631898,0.21981953262669468,13.657116407000103,0.0732218991329267,cuda,vit_b
554,000081.png,704,data/cogar_sim_500_v2/rgb/000081.png,/home/amir/Desktop/COGAR/COGAR_Foundation-Model-Segmentation-for-Robotic-Scenes/data/cogar_sim_500_v2/instance_masks/v2/ann_00000704_img_000081_cat_glass_object.png,/home/amir/Desktop/COGAR/COGAR_Foundation-Model-Segmentation-for-Robotic-Scenes/outputs/sim_sam_vit_b_auto_v2/masks/row_0554_object_704_sam_auto_mask.png,0.9637987613677979,0.9831342697143555,19,0.9885787822729832,1.0,13.657116407000103,0.0732218991329267,cuda,vit_b
555,000081.png,705,data/cogar_sim_500_v2/rgb/000081.png,/home/amir/Desktop/COGAR/COGAR_Foundation-Model-Segmentation-for-Robotic-Scenes/data/cogar_sim_500_v2/instance_masks/v2/ann_00000705_img_000081_cat_glass_object.png,/home/amir/Desktop/COGAR/COGAR_Foundation-Model-Segmentation-for-Robotic-Scenes/outputs/sim_sam_vit_b_auto_v2/masks/row_0555_object_705_sam_auto_mask.png,0.9896030426025391,0.9905070662498474,19,0.9810329067641682,1.0,13.657116407000103,0.0732218991329267,cuda,vit_b
556,000081.png,706,data/cogar_sim_500_v2/rgb/000081.png,/home/amir/Desktop/COGAR/COGAR_Foundation-Model-Segmentation-for-Robotic-Scenes/data/cogar_sim_500_v2/instance_masks/v2/ann_00000706_img_000081_cat_glass_object.png,/home/amir/Desktop/COGAR/COGAR_Foundation-Model-Segmentation-for-Robotic-Scenes/outputs/sim_sam_vit_b_auto_v2/masks/row_0556_object_706_sam_auto_mask.png,0.9851142168045044,0.9854731559753418,19,0.9925187032418953,1.0,13.657116407000103,0.0732218991329267,cuda,vit_b
557,000081.png,707,data/cogar_sim_500_v2/rgb/000081.png,/home/amir/Desktop/COGAR/COGAR_Foundation-Model-Segmentation-for-Robotic-Scenes/data/cogar_sim_500_v2/instance_masks/v2/ann_00000707_img_000081_cat_robot_gripper.png,/home/amir/Desktop/COGAR/COGAR_Foundation-Model-Segmentation-for-Robotic-Scenes/outputs/sim_sam_vit_b_auto_v2/masks/row_0557_object_707_sam_auto_mask.png,0.9834073185920715,0.9664571285247803,19,0.6589796444215409,0.7251207763341491,13.657116407000103,0.0732218991329267,cuda,vit_b
558,000081.png,708,data/cogar_sim_500_v2/rgb/000081.png,/home/amir/Desktop/COGAR/COGAR_Foundation-Model-Segmentation-for-Robotic-Scenes/data/cogar_sim_500_v2/instance_masks/v2/ann_00000708_img_000081_cat_robot_gripper.png,/home/amir/Desktop/COGAR/COGAR_Foundation-Model-Segmentation-for-Robotic-Scenes/outputs/sim_sam_vit_b_auto_v2/masks/row_0558_object_708_sam_auto_mask.png,0.9188919067382812,0.9612619876861572,19,0.8340886699507389,0.8002219000716988,13.657116407000103,0.0732218991329267,cuda,vit_b
559,000081.png,709,data/cogar_sim_500_v2/rgb/000081.png,/home/amir/Desktop/COGAR/COGAR_Foundation-Model-Segmentation-for-Robotic-Scenes/data/cogar_sim_500_v2/instance_masks/v2/ann_00000709_img_000081_cat_robot_gripper.png,/home/amir/Desktop/COGAR/COGAR_Foundation-Model-Segmentation-for-Robotic-Scenes/outputs/sim_sam_vit_b_auto_v2/masks/row_0559_object_709_sam_auto_mask.png,0.9188919067382812,0.9612619876861572,19,0.12323801852597664,0.34950010155950256,13.657116407000103,0.0732218991329267,cuda,vit_b
560,000082.png,712,data/cogar_sim_500_v2/rgb/000082.png,/home/amir/Desktop/COGAR/COGAR_Foundation-Model-Segmentation-for-Robotic-Scenes/data/cogar_sim_500_v2/instance_masks/v2/ann_00000712_img_000082_cat_metal_part.png,/home/amir/Desktop/COGAR/COGAR_Foundation-Model-Segmentation-for-Robotic-Scenes/outputs/sim_sam_vit_b_auto_v2/masks/row_0560_object_712_sam_auto_mask.png,0.9712924957275391,0.9805249571800232,21,0.9126984126984127,0.915,15.697704748999968,0.06370358061828789,cuda,vit_b
561,000082.png,713,data/cogar_sim_500_v2/rgb/000082.png,/home/amir/Desktop/COGAR/COGAR_Foundation-Model-Segmentation-for-Robotic-Scenes/data/cogar_sim_500_v2/instance_masks/v2/ann_00000713_img_000082_cat_box.png,/home/amir/Desktop/COGAR/COGAR_Foundation-Model-Segmentation-for-Robotic-Scenes/outputs/sim_sam_vit_b_auto_v2/masks/row_0561_object_713_sam_auto_mask.png,0.9920841455459595,0.9569365382194519,21,0.9359993090343756,0.789946947216977,15.697704748999968,0.06370358061828789,cuda,vit_b
562,000082.png,714,data/cogar_sim_500_v2/rgb/000082.png,/home/amir/Desktop/COGAR/COGAR_Foundation-Model-Segmentation-for-Robotic-Scenes/data/cogar_sim_500_v2/instance_masks/v2/ann_00000714_img_000082_cat_cable.png,/home/amir/Desktop/COGAR/COGAR_Foundation-Model-Segmentation-for-Robotic-Scenes/outputs/sim_sam_vit_b_auto_v2/masks/row_0562_object_714_sam_auto_mask.png,0.936764121055603,0.9550814032554626,21,0.7253344481605352,0.8477157360406091,15.697704748999968,0.06370358061828789,cuda,vit_b
563,000082.png,715,data/cogar_sim_500_v2/rgb/000082.png,/home/amir/Desktop/COGAR/COGAR_Foundation-Model-Segmentation-for-Robotic-Scenes/data/cogar_sim_500_v2/instance_masks/v2/ann_00000715_img_000082_cat_glass_object.png,/home/amir/Desktop/COGAR/COGAR_Foundation-Model-Segmentation-for-Robotic-Scenes/outputs/sim_sam_vit_b_auto_v2/masks/row_0563_object_715_sam_auto_mask.png,0.9713596105575562,0.9802569150924683,21,0.882901994060246,0.6802317623979196,15.697704748999968,0.06370358061828789,cuda,vit_b
564,000082.png,716,data/cogar_sim_500_v2/rgb/000082.png,/home/amir/Desktop/COGAR/COGAR_Foundation-Model-Segmentation-for-Robotic-Scenes/data/cogar_sim_500_v2/instance_masks/v2/ann_00000716_img_000082_cat_connector.png,/home/amir/Desktop/COGAR/COGAR_Foundation-Model-Segmentation-for-Robotic-Scenes/outputs/sim_sam_vit_b_auto_v2/masks/row_0564_object_716_sam_auto_mask.png,0.9332923889160156,0.9773242473602295,21,0.6573643410852713,0.7314285714285714,15.697704748999968,0.06370358061828789,cuda,vit_b
565,000082.png,717,data/cogar_sim_500_v2/rgb/000082.png,/home/amir/Desktop/COGAR/COGAR_Foundation-Model-Segmentation-for-Robotic-Scenes/data/cogar_sim_500_v2/instance_masks/v2/ann_00000717_img_000082_cat_box.png,/home/amir/Desktop/COGAR/COGAR_Foundation-Model-Segmentation-for-Robotic-Scenes/outputs/sim_sam_vit_b_auto_v2/masks/row_0565_object_717_sam_auto_mask.png,0.969990611076355,0.9728957414627075,21,0.940853715242258,0.8851953119815239,15.697704748999968,0.06370358061828789,cuda,vit_b
566,000082.png,718,data/cogar_sim_500_v2/rgb/000082.png,/home/amir/Desktop/COGAR/COGAR_Foundation-Model-Segmentation-for-Robotic-Scenes/data/cogar_sim_500_v2/instance_masks/v2/ann_00000718_img_000082_cat_metal_part.png,/home/amir/Desktop/COGAR/COGAR_Foundation-Model-Segmentation-for-Robotic-Scenes/outputs/sim_sam_vit_b_auto_v2/masks/row_0566_object_718_sam_auto_mask.png,0.929621160030365,0.957185685634613,21,0.9687071095251166,0.9888,15.697704748999968,0.06370358061828789,cuda,vit_b
567,000082.png,719,data/cogar_sim_500_v2/rgb/000082.png,/home/amir/Desktop/COGAR/COGAR_Foundation-Model-Segmentation-for-Robotic-Scenes/data/cogar_sim_500_v2/instance_masks/v2/ann_00000719_img_000082_cat_robot_gripper.png,/home/amir/Desktop/COGAR/COGAR_Foundation-Model-Segmentation-for-Robotic-Scenes/outputs/sim_sam_vit_b_auto_v2/masks/row_0567_object_719_sam_auto_mask.png,0.9907902479171753,0.9804260730743408,21,0.9807278208440999,1.0,15.697704748999968,0.06370358061828789,cuda,vit_b
568,000082.png,720,data/cogar_sim_500_v2/rgb/000082.png,/home/amir/Desktop/COGAR/COGAR_Foundation-Model-Segmentation-for-Robotic-Scenes/data/cogar_sim_500_v2/instance_masks/v2/ann_00000720_img_000082_cat_robot_gripper.png,/home/amir/Desktop/COGAR/COGAR_Foundation-Model-Segmentation-for-Robotic-Scenes/outputs/sim_sam_vit_b_auto_v2/masks/row_0568_object_720_sam_auto_mask.png,0.9418373107910156,0.9602446556091309,21,0.9296187683284457,1.0,15.697704748999968,0.06370358061828789,cuda,vit_b
569,000082.png,721,data/cogar_sim_500_v2/rgb/000082.png,/home/amir/Desktop/COGAR/COGAR_Foundation-Model-Segmentation-for-Robotic-Scenes/data/cogar_sim_500_v2/instance_masks/v2/ann_00000721_img_000082_cat_robot_gripper.png,/home/amir/Desktop/COGAR/COGAR_Foundation-Model-Segmentation-for-Robotic-Scenes/outputs/sim_sam_vit_b_auto_v2/masks/row_0569_object_721_sam_auto_mask.png,0.9645308256149292,0.9705304503440857,21,0.9386973180076629,1.0,15.697704748999968,0.06370358061828789,cuda,vit_b
570,000083.png,723,data/cogar_sim_500_v2/rgb/000083.png,/home/amir/Desktop/COGAR/COGAR_Foundation-Model-Segmentation-for-Robotic-Scenes/data/cogar_sim_500_v2/instance_masks/v2/ann_00000723_img_000083_cat_connector.png,/home/amir/Desktop/COGAR/COGAR_Foundation-Model-Segmentation-for-Robotic-Scenes/outputs/sim_sam_vit_b_auto_v2/masks/row_0570_object_723_sam_auto_mask.png,0.9893657565116882,0.9886363744735718,16,0.9430336307481125,1.0,16.863569000000098,0.05929942825270227,cuda,vit_b
571,000083.png,724,data/cogar_sim_500_v2/rgb/000083.png,/home/amir/Desktop/COGAR/COGAR_Foundation-Model-Segmentation-for-Robotic-Scenes/data/cogar_sim_500_v2/instance_masks/v2/ann_00000724_img_000083_cat_screw.png,/home/amir/Desktop/COGAR/COGAR_Foundation-Model-Segmentation-for-Robotic-Scenes/outputs/sim_sam_vit_b_auto_v2/masks/row_0571_object_724_sam_auto_mask.png,1.024470329284668,0.980955958366394,16,3.188142942160002e-05,0.03965671520377451,16.863569000000098,0.05929942825270227,cuda,vit_b
572,000083.png,725,data/cogar_sim_500_v2/rgb/000083.png,/home/amir/Desktop/COGAR/COGAR_Foundation-Model-Segmentation-for-Robotic-Scenes/data/cogar_sim_500_v2/instance_masks/v2/ann_00000725_img_000083_cat_metal_part.png,/home/amir/Desktop/COGAR/COGAR_Foundation-Model-Segmentation-for-Robotic-Scenes/outputs/sim_sam_vit_b_auto_v2/masks/row_0572_object_725_sam_auto_mask.png,0.9991673231124878,0.986285388469696,16,0.9576151455213338,1.0,16.863569000000098,0.05929942825270227,cuda,vit_b
573,000083.png,726,data/cogar_sim_500_v2/rgb/000083.png,/home/amir/Desktop/COGAR/COGAR_Foundation-Model-Segmentation-for-Robotic-Scenes/data/cogar_sim_500_v2/instance_masks/v2/ann_00000726_img_000083_cat_screw.png,/home/amir/Desktop/COGAR/COGAR_Foundation-Model-Segmentation-for-Robotic-Scenes/outputs/sim_sam_vit_b_auto_v2/masks/row_0573_object_726_sam_auto_mask.png,0.9875288009643555,0.9737609624862671,16,0.9178082191780822,1.0,16.863569000000098,0.05929942825270227,cuda,vit_b
574,000083.png,727,data/cogar_sim_500_v2/rgb/000083.png,/home/amir/Desktop/COGAR/COGAR_Foundation-Model-Segmentation-for-Robotic-Scenes/data/cogar_sim_500_v2/instance_masks/v2/ann_00000727_img_000083_cat_plastic_object.png,/home/amir/Desktop/COGAR/COGAR_Foundation-Model-Segmentation-for-Robotic-Scenes/outputs/sim_sam_vit_b_auto_v2/masks/row_0574_object_727_sam_auto_mask.png,0.9911669492721558,0.9851418137550354,16,0.9509417433201928,1.0,16.863569000000098,0.05929942825270227,cuda,vit_b
575,000083.png,728,data/cogar_sim_500_v2/rgb/000083.png,/home/amir/Desktop/COGAR/COGAR_Foundation-Model-Segmentation-for-Robotic-Scenes/data/cogar_sim_500_v2/instance_masks/v2/ann_00000728_img_000083_cat_connector.png,/home/amir/Desktop/COGAR/COGAR_Foundation-Model-Segmentation-for-Robotic-Scenes/outputs/sim_sam_vit_b_auto_v2/masks/row_0575_object_728_sam_auto_mask.png,0.9825775027275085,0.9792507290840149,16,0.9186900056465274,1.0,16.863569000000098,0.05929942825270227,cuda,vit_b
576,000083.png,729,data/cogar_sim_500_v2/rgb/000083.png,/home/amir/Desktop/COGAR/COGAR_Foundation-Model-Segmentation-for-Robotic-Scenes/data/cogar_sim_500_v2/instance_masks/v2/ann_00000729_img_000083_cat_tool.png,/home/amir/Desktop/COGAR/COGAR_Foundation-Model-Segmentation-for-Robotic-Scenes/outputs/sim_sam_vit_b_auto_v2/masks/row_0576_object_729_sam_auto_mask.png,0.9863641262054443,0.9722632765769958,16,0.9607874778118445,1.0,16.863569000000098,0.05929942825270227,cuda,vit_b
577,000083.png,730,data/cogar_sim_500_v2/rgb/000083.png,/home/amir/Desktop/COGAR/COGAR_Foundation-Model-Segmentation-for-Robotic-Scenes/data/cogar_sim_500_v2/instance_masks/v2/ann_00000730_img_000083_cat_screw.png,/home/amir/Desktop/COGAR/COGAR_Foundation-Model-Segmentation-for-Robotic-Scenes/outputs/sim_sam_vit_b_auto_v2/masks/row_0577_object_730_sam_auto_mask.png,0.9911669492721558,0.9851418137550354,16,0.005369127516778523,0.16004690019053203,16.863569000000098,0.05929942825270227,cuda,vit_b
578,000083.png,731,data/cogar_sim_500_v2/rgb/000083.png,/home/amir/Desktop/COGAR/COGAR_Foundation-Model-Segmentation-for-Robotic-Scenes/data/cogar_sim_500_v2/instance_masks/v2/ann_00000731_img_000083_cat_cable.png,/home/amir/Desktop/COGAR/COGAR_Foundation-Model-Segmentation-for-Robotic-Scenes/outputs/sim_sam_vit_b_auto_v2/masks/row_0578_object_731_sam_auto_mask.png,0.9651537537574768,0.9739707708358765,16,0.8953280571866225,1.0,16.863569000000098,0.05929942825270227,cuda,vit_b
579,000083.png,732,data/cogar_sim_500_v2/rgb/000083.png,/home/amir/Desktop/COGAR/COGAR_Foundation-Model-Segmentation-for-Robotic-Scenes/data/cogar_sim_500_v2/instance_masks/v2/ann_00000732_img_000083_cat_connector.png,/home/amir/Desktop/COGAR/COGAR_Foundation-Model-Segmentation-for-Robotic-Scenes/outputs/sim_sam_vit_b_auto_v2/masks/row_0579_object_732_sam_auto_mask.png,0.9278265237808228,0.9718221426010132,16,0.9105590062111801,0.9979381443298969,16.863569000000098,0.05929942825270227,cuda,vit_b
580,000084.png,735,data/cogar_sim_500_v2/rgb/000084.png,/home/amir/Desktop/COGAR/COGAR_Foundation-Model-Segmentation-for-Robotic-Scenes/data/cogar_sim_500_v2/instance_masks/v2/ann_00000735_img_000084_cat_plastic_object.png,/home/amir/Desktop/COGAR/COGAR_Foundation-Model-Segmentation-for-Robotic-Scenes/outputs/sim_sam_vit_b_auto_v2/masks/row_0580_object_735_sam_auto_mask.png,0.9946770668029785,0.9823228716850281,20,0.9821502128243855,0.9825,13.087179903000106,0.07641065587940454,cuda,vit_b
581,000084.png,736,data/cogar_sim_500_v2/rgb/000084.png,/home/amir/Desktop/COGAR/COGAR_Foundation-Model-Segmentation-for-Robotic-Scenes/data/cogar_sim_500_v2/instance_masks/v2/ann_00000736_img_000084_cat_box.png,/home/amir/Desktop/COGAR/COGAR_Foundation-Model-Segmentation-for-Robotic-Scenes/outputs/sim_sam_vit_b_auto_v2/masks/row_0581_object_736_sam_auto_mask.png,0.9936708211898804,0.9860001802444458,20,0.9865248226950355,1.0,13.087179903000106,0.07641065587940454,cuda,vit_b
582,000084.png,737,data/cogar_sim_500_v2/rgb/000084.png,/home/amir/Desktop/COGAR/COGAR_Foundation-Model-Segmentation-for-Robotic-Scenes/data/cogar_sim_500_v2/instance_masks/v2/ann_00000737_img_000084_cat_box.png,/home/amir/Desktop/COGAR/COGAR_Foundation-Model-Segmentation-for-Robotic-Scenes/outputs/sim_sam_vit_b_auto_v2/masks/row_0582_object_737_sam_auto_mask.png,0.9611420631408691,0.9769029021263123,20,0.9832498317505421,1.0,13.087179903000106,0.07641065587940454,cuda,vit_b
583,000084.png,738,data/cogar_sim_500_v2/rgb/000084.png,/home/amir/Desktop/COGAR/COGAR_Foundation-Model-Segmentation-for-Robotic-Scenes/data/cogar_sim_500_v2/instance_masks/v2/ann_00000738_img_000084_cat_plastic_object.png,/home/amir/Desktop/COGAR/COGAR_Foundation-Model-Segmentation-for-Robotic-Scenes/outputs/sim_sam_vit_b_auto_v2/masks/row_0583_object_738_sam_auto_mask.png,1.0056531429290771,0.9893544912338257,20,0.9856341189674523,1.0,13.087179903000106,0.07641065587940454,cuda,vit_b
584,000084.png,739,data/cogar_sim_500_v2/rgb/000084.png,/home/amir/Desktop/COGAR/COGAR_Foundation-Model-Segmentation-for-Robotic-Scenes/data/cogar_sim_500_v2/instance_masks/v2/ann_00000739_img_000084_cat_plastic_object.png,/home/amir/Desktop/COGAR/COGAR_Foundation-Model-Segmentation-for-Robotic-Scenes/outputs/sim_sam_vit_b_auto_v2/masks/row_0584_object_739_sam_auto_mask.png,1.0207873582839966,0.9929577708244324,20,0.9848308051341891,1.0,13.087179903000106,0.07641065587940454,cuda,vit_b
585,000084.png,740,data/cogar_sim_500_v2/rgb/000084.png,/home/amir/Desktop/COGAR/COGAR_Foundation-Model-Segmentation-for-Robotic-Scenes/data/cogar_sim_500_v2/instance_masks/v2/ann_00000740_img_000084_cat_connector.png,/home/amir/Desktop/COGAR/COGAR_Foundation-Model-Segmentation-for-Robotic-Scenes/outputs/sim_sam_vit_b_auto_v2/masks/row_0585_object_740_sam_auto_mask.png,0.9950129985809326,0.9822234511375427,20,0.9732888146911519,1.0,13.087179903000106,0.07641065587940454,cuda,vit_b
586,000084.png,741,data/cogar_sim_500_v2/rgb/000084.png,/home/amir/Desktop/COGAR/COGAR_Foundation-Model-Segmentation-for-Robotic-Scenes/data/cogar_sim_500_v2/instance_masks/v2/ann_00000741_img_000084_cat_cable.png,/home/amir/Desktop/COGAR/COGAR_Foundation-Model-Segmentation-for-Robotic-Scenes/outputs/sim_sam_vit_b_auto_v2/masks/row_0586_object_741_sam_auto_mask.png,0.9965717792510986,0.9684775471687317,20,0.9535714285714286,1.0,13.087179903000106,0.07641065587940454,cuda,vit_b
587,000084.png,742,data/cogar_sim_500_v2/rgb/000084.png,/home/amir/Desktop/COGAR/COGAR_Foundation-Model-Segmentation-for-Robotic-Scenes/data/cogar_sim_500_v2/instance_masks/v2/ann_00000742_img_000084_cat_robot_gripper.png,/home/amir/Desktop/COGAR/COGAR_Foundation-Model-Segmentation-for-Robotic-Scenes/outputs/sim_sam_vit_b_auto_v2/masks/row_0587_object_742_sam_auto_mask.png,0.9946770071983337,0.9825344681739807,20,0.8350912200684151,0.7908657611492761,13.087179903000106,0.07641065587940454,cuda,vit_b
588,000084.png,743,data/cogar_sim_500_v2/rgb/000084.png,/home/amir/Desktop/COGAR/COGAR_Foundation-Model-Segmentation-for-Robotic-Scenes/data/cogar_sim_500_v2/instance_masks/v2/ann_00000743_img_000084_cat_robot_gripper.png,/home/amir/Desktop/COGAR/COGAR_Foundation-Model-Segmentation-for-Robotic-Scenes/outputs/sim_sam_vit_b_auto_v2/masks/row_0588_object_743_sam_auto_mask.png,0.962317943572998,0.9719157218933105,20,0.9466278505579816,0.9844770323437739,13.087179903000106,0.07641065587940454,cuda,vit_b
589,000084.png,744,data/cogar_sim_500_v2/rgb/000084.png,/home/amir/Desktop/COGAR/COGAR_Foundation-Model-Segmentation-for-Robotic-Scenes/data/cogar_sim_500_v2/instance_masks/v2/ann_00000744_img_000084_cat_robot_gripper.png,/home/amir/Desktop/COGAR/COGAR_Foundation-Model-Segmentation-for-Robotic-Scenes/outputs/sim_sam_vit_b_auto_v2/masks/row_0589_object_744_sam_auto_mask.png,1.0000370740890503,0.9871428608894348,20,0.9623255813953489,1.0,13.087179903000106,0.07641065587940454,cuda,vit_b
590,000085.png,746,data/cogar_sim_500_v2/rgb/000085.png,/home/amir/Desktop/COGAR/COGAR_Foundation-Model-Segmentation-for-Robotic-Scenes/data/cogar_sim_500_v2/instance_masks/v2/ann_00000746_img_000085_cat_tool.png,/home/amir/Desktop/COGAR/COGAR_Foundation-Model-Segmentation-for-Robotic-Scenes/outputs/sim_sam_vit_b_auto_v2/masks/row_0590_object_746_sam_auto_mask.png,0.8922482132911682,0.9536449909210205,18,0.0012953367875647669,0.30785093533657387,14.792012046999844,0.06760405527135997,cuda,vit_b
591,000085.png,747,data/cogar_sim_500_v2/rgb/000085.png,/home/amir/Desktop/COGAR/COGAR_Foundation-Model-Segmentation-for-Robotic-Scenes/data/cogar_sim_500_v2/instance_masks/v2/ann_00000747_img_000085_cat_tool.png,/home/amir/Desktop/COGAR/COGAR_Foundation-Model-Segmentation-for-Robotic-Scenes/outputs/sim_sam_vit_b_auto_v2/masks/row_0591_object_747_sam_auto_mask.png,0.9973958134651184,0.9728933572769165,18,0.9043452901720618,0.965380147317175,14.792012046999844,0.06760405527135997,cuda,vit_b
592,000085.png,748,data/cogar_sim_500_v2/rgb/000085.png,/home/amir/Desktop/COGAR/COGAR_Foundation-Model-Segmentation-for-Robotic-Scenes/data/cogar_sim_500_v2/instance_masks/v2/ann_00000748_img_000085_cat_connector.png,/home/amir/Desktop/COGAR/COGAR_Foundation-Model-Segmentation-for-Robotic-Scenes/outputs/sim_sam_vit_b_auto_v2/masks/row_0592_object_748_sam_auto_mask.png,0.998987078666687,0.9841821193695068,18,0.9695144900263455,1.0,14.792012046999844,0.06760405527135997,cuda,vit_b
593,000085.png,749,data/cogar_sim_500_v2/rgb/000085.png,/home/amir/Desktop/COGAR/COGAR_Foundation-Model-Segmentation-for-Robotic-Scenes/data/cogar_sim_500_v2/instance_masks/v2/ann_00000749_img_000085_cat_metal_part.png,/home/amir/Desktop/COGAR/COGAR_Foundation-Model-Segmentation-for-Robotic-Scenes/outputs/sim_sam_vit_b_auto_v2/masks/row_0593_object_749_sam_auto_mask.png,0.9726263284683228,0.9889240264892578,18,0.9558375634517766,1.0,14.792012046999844,0.06760405527135997,cuda,vit_b
594,000085.png,750,data/cogar_sim_500_v2/rgb/000085.png,/home/amir/Desktop/COGAR/COGAR_Foundation-Model-Segmentation-for-Robotic-Scenes/data/cogar_sim_500_v2/instance_masks/v2/ann_00000750_img_000085_cat_metal_part.png,/home/amir/Desktop/COGAR/COGAR_Foundation-Model-Segmentation-for-Robotic-Scenes/outputs/sim_sam_vit_b_auto_v2/masks/row_0594_object_750_sam_auto_mask.png,0.9914738535881042,0.9885113835334778,18,0.9643430774172823,1.0,14.792012046999844,0.06760405527135997,cuda,vit_b
595,000085.png,751,data/cogar_sim_500_v2/rgb/000085.png,/home/amir/Desktop/COGAR/COGAR_Foundation-Model-Segmentation-for-Robotic-Scenes/data/cogar_sim_500_v2/instance_masks/v2/ann_00000751_img_000085_cat_cable.png,/home/amir/Desktop/COGAR/COGAR_Foundation-Model-Segmentation-for-Robotic-Scenes/outputs/sim_sam_vit_b_auto_v2/masks/row_0595_object_751_sam_auto_mask.png,0.9401983022689819,0.9707241654396057,18,0.524239934264585,0.7177242888402626,14.792012046999844,0.06760405527135997,cuda,vit_b
596,000086.png,753,data/cogar_sim_500_v2/rgb/000086.png,/home/amir/Desktop/COGAR/COGAR_Foundation-Model-Segmentation-for-Robotic-Scenes/data/cogar_sim_500_v2/instance_masks/v2/ann_00000753_img_000086_cat_box.png,/home/amir/Desktop/COGAR/COGAR_Foundation-Model-Segmentation-for-Robotic-Scenes/outputs/sim_sam_vit_b_auto_v2/masks/row_0596_object_753_sam_auto_mask.png,0.9837578535079956,0.977580189704895,31,0.9903745354045554,0.9992217898832686,14.021838374000254,0.0713173246850593,cuda,vit_b
597,000086.png,754,data/cogar_sim_500_v2/rgb/000086.png,/home/amir/Desktop/COGAR/COGAR_Foundation-Model-Segmentation-for-Robotic-Scenes/data/cogar_sim_500_v2/instance_masks/v2/ann_00000754_img_000086_cat_connector.png,/home/amir/Desktop/COGAR/COGAR_Foundation-Model-Segmentation-for-Robotic-Scenes/outputs/sim_sam_vit_b_auto_v2/masks/row_0597_object_754_sam_auto_mask.png,0.9749821424484253,0.9827538132667542,31,0.7577242701896442,0.7386245786880996,14.021838374000254,0.0713173246850593,cuda,vit_b
598,000086.png,755,data/cogar_sim_500_v2/rgb/000086.png,/home/amir/Desktop/COGAR/COGAR_Foundation-Model-Segmentation-for-Robotic-Scenes/data/cogar_sim_500_v2/instance_masks/v2/ann_00000755_img_000086_cat_box.png,/home/amir/Desktop/COGAR/COGAR_Foundation-Model-Segmentation-for-Robotic-Scenes/outputs/sim_sam_vit_b_auto_v2/masks/row_0598_object_755_sam_auto_mask.png,0.970517098903656,0.9685789346694946,31,0.9604810996563574,0.9859368708833333,14.021838374000254,0.0713173246850593,cuda,vit_b
599,000086.png,756,data/cogar_sim_500_v2/rgb/000086.png,/home/amir/Desktop/COGAR/COGAR_Foundation-Model-Segmentation-for-Robotic-Scenes/data/cogar_sim_500_v2/instance_masks/v2/ann_00000756_img_000086_cat_cable.png,/home/amir/Desktop/COGAR/COGAR_Foundation-Model-Segmentation-for-Robotic-Scenes/outputs/sim_sam_vit_b_auto_v2/masks/row_0599_object_756_sam_auto_mask.png,0.9631312489509583,0.9715719223022461,31,0.8971261974177426,0.9557117464595652,14.021838374000254,0.0713173246850593,cuda,vit_b
600,000086.png,757,data/cogar_sim_500_v2/rgb/000086.png,/home/amir/Desktop/COGAR/COGAR_Foundation-Model-Segmentation-for-Robotic-Scenes/data/cogar_sim_500_v2/instance_masks/v2/ann_00000757_img_000086_cat_glass_object.png,/home/amir/Desktop/COGAR/COGAR_Foundation-Model-Segmentation-for-Robotic-Scenes/outputs/sim_sam_vit_b_auto_v2/masks/row_0600_object_757_sam_auto_mask.png,0.9538457989692688,0.959656834602356,31,0.9819111060066613,0.9991341991341991,14.021838374000254,0.0713173246850593,cuda,vit_b
601,000086.png,758,data/cogar_sim_500_v2/rgb/000086.png,/home/amir/Desktop/COGAR/COGAR_Foundation-Model-Segmentation-for-Robotic-Scenes/data/cogar_sim_500_v2/instance_masks/v2/ann_00000758_img_000086_cat_robot_gripper.png,/home/amir/Desktop/COGAR/COGAR_Foundation-Model-Segmentation-for-Robotic-Scenes/outputs/sim_sam_vit_b_auto_v2/masks/row_0601_object_758_sam_auto_mask.png,0.9887274503707886,0.9652658700942993,31,0.7071068258731882,0.6063418406805878,14.021838374000254,0.0713173246850593,cuda,vit_b
602,000086.png,759,data/cogar_sim_500_v2/rgb/000086.png,/home/amir/Desktop/COGAR/COGAR_Foundation-Model-Segmentation-for-Robotic-Scenes/data/cogar_sim_500_v2/instance_masks/v2/ann_00000759_img_000086_cat_robot_gripper.png,/home/amir/Desktop/COGAR/COGAR_Foundation-Model-Segmentation-for-Robotic-Scenes/outputs/sim_sam_vit_b_auto_v2/masks/row_0602_object_759_sam_auto_mask.png,0.9887274503707886,0.9652658700942993,31,0.24010184595798853,0.4980237154150198,14.021838374000254,0.0713173246850593,cuda,vit_b
603,000086.png,760,data/cogar_sim_500_v2/rgb/000086.png,/home/amir/Desktop/COGAR/COGAR_Foundation-Model-Segmentation-for-Robotic-Scenes/data/cogar_sim_500_v2/instance_masks/v2/ann_00000760_img_000086_cat_robot_gripper.png,/home/amir/Desktop/COGAR/COGAR_Foundation-Model-Segmentation-for-Robotic-Scenes/outputs/sim_sam_vit_b_auto_v2/masks/row_0603_object_760_sam_auto_mask.png,0.9275907278060913,0.9591029286384583,31,0.6890995260663507,0.7108433734939759,14.021838374000254,0.0713173246850593,cuda,vit_b
604,000087.png,763,data/cogar_sim_500_v2/rgb/000087.png,/home/amir/Desktop/COGAR/COGAR_Foundation-Model-Segmentation-for-Robotic-Scenes/data/cogar_sim_500_v2/instance_masks/v2/ann_00000763_img_000087_cat_plastic_object.png,/home/amir/Desktop/COGAR/COGAR_Foundation-Model-Segmentation-for-Robotic-Scenes/outputs/sim_sam_vit_b_auto_v2/masks/row_0604_object_763_sam_auto_mask.png,0.9288815259933472,0.9509248733520508,19,0.9751214771622935,0.9984101748807631,16.882681183000386,0.05923229782997538,cuda,vit_b
605,000087.png,764,data/cogar_sim_500_v2/rgb/000087.png,/home/amir/Desktop/COGAR/COGAR_Foundation-Model-Segmentation-for-Robotic-Scenes/data/cogar_sim_500_v2/instance_masks/v2/ann_00000764_img_000087_cat_connector.png,/home/amir/Desktop/COGAR/COGAR_Foundation-Model-Segmentation-for-Robotic-Scenes/outputs/sim_sam_vit_b_auto_v2/masks/row_0605_object_764_sam_auto_mask.png,1.026192545890808,0.9816587567329407,19,0.0,0.0,16.882681183000386,0.05923229782997538,cuda,vit_b
606,000087.png,765,data/cogar_sim_500_v2/rgb/000087.png,/home/amir/Desktop/COGAR/COGAR_Foundation-Model-Segmentation-for-Robotic-Scenes/data/cogar_sim_500_v2/instance_masks/v2/ann_00000765_img_000087_cat_plastic_object.png,/home/amir/Desktop/COGAR/COGAR_Foundation-Model-Segmentation-for-Robotic-Scenes/outputs/sim_sam_vit_b_auto_v2/masks/row_0606_object_765_sam_auto_mask.png,0.9939020276069641,0.9903069734573364,19,0.9820717131474104,1.0,16.882681183000386,0.05923229782997538,cuda,vit_b
607,000087.png,766,data/cogar_sim_500_v2/rgb/000087.png,/home/amir/Desktop/COGAR/COGAR_Foundation-Model-Segmentation-for-Robotic-Scenes/data/cogar_sim_500_v2/instance_masks/v2/ann_00000766_img_000087_cat_robot_gripper.png,/home/amir/Desktop/COGAR/COGAR_Foundation-Model-Segmentation-for-Robotic-Scenes/outputs/sim_sam_vit_b_auto_v2/masks/row_0607_object_766_sam_auto_mask.png,0.9822288751602173,0.9711098074913025,19,0.9762689945037181,0.9714829567485636,16.882681183000386,0.05923229782997538,cuda,vit_b
608,000087.png,767,data/cogar_sim_500_v2/rgb/000087.png,/home/amir/Desktop/COGAR/COGAR_Foundation-Model-Segmentation-for-Robotic-Scenes/data/cogar_sim_500_v2/instance_masks/v2/ann_00000767_img_000087_cat_robot_gripper.png,/home/amir/Desktop/COGAR/COGAR_Foundation-Model-Segmentation-for-Robotic-Scenes/outputs/sim_sam_vit_b_auto_v2/masks/row_0608_object_767_sam_auto_mask.png,0.9762375354766846,0.9743190407752991,19,0.819773095623987,0.7640067911714771,16.882681183000386,0.05923229782997538,cuda,vit_b
609,000087.png,768,data/cogar_sim_500_v2/rgb/000087.png,/home/amir/Desktop/COGAR/COGAR_Foundation-Model-Segmentation-for-Robotic-Scenes/data/cogar_sim_500_v2/instance_masks/v2/ann_00000768_img_000087_cat_robot_gripper.png,/home/amir/Desktop/COGAR/COGAR_Foundation-Model-Segmentation-for-Robotic-Scenes/outputs/sim_sam_vit_b_auto_v2/masks/row_0609_object_768_sam_auto_mask.png,0.9384465217590332,0.9705544114112854,19,0.8091805766312595,0.815486361342529,16.882681183000386,0.05923229782997538,cuda,vit_b
610,000088.png,770,data/cogar_sim_500_v2/rgb/000088.png,/home/amir/Desktop/COGAR/COGAR_Foundation-Model-Segmentation-for-Robotic-Scenes/data/cogar_sim_500_v2/instance_masks/v2/ann_00000770_img_000088_cat_connector.png,/home/amir/Desktop/COGAR/COGAR_Foundation-Model-Segmentation-for-Robotic-Scenes/outputs/sim_sam_vit_b_auto_v2/masks/row_0610_object_770_sam_auto_mask.png,0.9633084535598755,0.9840595126152039,26,0.9716386554621849,1.0,17.920991319000677,0.05580048459371514,cuda,vit_b
611,000088.png,771,data/cogar_sim_500_v2/rgb/000088.png,/home/amir/Desktop/COGAR/COGAR_Foundation-Model-Segmentation-for-Robotic-Scenes/data/cogar_sim_500_v2/instance_masks/v2/ann_00000771_img_000088_cat_screw.png,/home/amir/Desktop/COGAR/COGAR_Foundation-Model-Segmentation-for-Robotic-Scenes/outputs/sim_sam_vit_b_auto_v2/masks/row_0611_object_771_sam_auto_mask.png,0.9527749419212341,0.956551730632782,26,0.015101246996911108,0.10805377559994973,17.920991319000677,0.05580048459371514,cuda,vit_b
612,000088.png,772,data/cogar_sim_500_v2/rgb/000088.png,/home/amir/Desktop/COGAR/COGAR_Foundation-Model-Segmentation-for-Robotic-Scenes/data/cogar_sim_500_v2/instance_masks/v2/ann_00000772_img_000088_cat_connector.png,/home/amir/Desktop/COGAR/COGAR_Foundation-Model-Segmentation-for-Robotic-Scenes/outputs/sim_sam_vit_b_auto_v2/masks/row_0612_object_772_sam_auto_mask.png,0.9829639196395874,0.983661949634552,26,0.9814293753517164,1.0,17.920991319000677,0.05580048459371514,cuda,vit_b
613,000088.png,773,data/cogar_sim_500_v2/rgb/000088.png,/home/amir/Desktop/COGAR/COGAR_Foundation-Model-Segmentation-for-Robotic-Scenes/data/cogar_sim_500_v2/instance_masks/v2/ann_00000773_img_000088_cat_plastic_object.png,/home/amir/Desktop/COGAR/COGAR_Foundation-Model-Segmentation-for-Robotic-Scenes/outputs/sim_sam_vit_b_auto_v2/masks/row_0613_object_773_sam_auto_mask.png,0.9928988814353943,0.989371657371521,26,0.9856697819314642,1.0,17.920991319000677,0.05580048459371514,cuda,vit_b
614,000088.png,774,data/cogar_sim_500_v2/rgb/000088.png,/home/amir/Desktop/COGAR/COGAR_Foundation-Model-Segmentation-for-Robotic-Scenes/data/cogar_sim_500_v2/instance_masks/v2/ann_00000774_img_000088_cat_screw.png,/home/amir/Desktop/COGAR/COGAR_Foundation-Model-Segmentation-for-Robotic-Scenes/outputs/sim_sam_vit_b_auto_v2/masks/row_0614_object_774_sam_auto_mask.png,0.9645203351974487,0.990227997303009,26,0.9056603773584906,0.9941520467836257,17.920991319000677,0.05580048459371514,cuda,vit_b
615,000088.png,775,data/cogar_sim_500_v2/rgb/000088.png,/home/amir/Desktop/COGAR/COGAR_Foundation-Model-Segmentation-for-Robotic-Scenes/data/cogar_sim_500_v2/instance_masks/v2/ann_00000775_img_000088_cat_connector.png,/home/amir/Desktop/COGAR/COGAR_Foundation-Model-Segmentation-for-Robotic-Scenes/outputs/sim_sam_vit_b_auto_v2/masks/row_0615_object_775_sam_auto_mask.png,0.9509386420249939,0.979734480381012,26,0.9688149688149689,0.983957219251337,17.920991319000677,0.05580048459371514,cuda,vit_b
616,000088.png,776,data/cogar_sim_500_v2/rgb/000088.png,/home/amir/Desktop/COGAR/COGAR_Foundation-Model-Segmentation-for-Robotic-Scenes/data/cogar_sim_500_v2/instance_masks/v2/ann_00000776_img_000088_cat_screw.png,/home/amir/Desktop/COGAR/COGAR_Foundation-Model-Segmentation-for-Robotic-Scenes/outputs/sim_sam_vit_b_auto_v2/masks/row_0616_object_776_sam_auto_mask.png,0.9311702251434326,0.960629940032959,26,0.8257575757575758,1.0,17.920991319000677,0.05580048459371514,cuda,vit_b
617,000088.png,777,data/cogar_sim_500_v2/rgb/000088.png,/home/amir/Desktop/COGAR/COGAR_Foundation-Model-Segmentation-for-Robotic-Scenes/data/cogar_sim_500_v2/instance_masks/v2/ann_00000777_img_000088_cat_cable.png,/home/amir/Desktop/COGAR/COGAR_Foundation-Model-Segmentation-for-Robotic-Scenes/outputs/sim_sam_vit_b_auto_v2/masks/row_0617_object_777_sam_auto_mask.png,0.9628800749778748,0.9750593900680542,26,0.6149265581579992,0.5171709083022613,17.920991319000677,0.05580048459371514,cuda,vit_b
618,000088.png,778,data/cogar_sim_500_v2/rgb/000088.png,/home/amir/Desktop/COGAR/COGAR_Foundation-Model-Segmentation-for-Robotic-Scenes/data/cogar_sim_500_v2/instance_masks/v2/ann_00000778_img_000088_cat_tool.png,/home/amir/Desktop/COGAR/COGAR_Foundation-Model-Segmentation-for-Robotic-Scenes/outputs/sim_sam_vit_b_auto_v2/masks/row_0618_object_778_sam_auto_mask.png,0.9527749419212341,0.956551730632782,26,0.9484908518820651,0.9765385128453323,17.920991319000677,0.05580048459371514,cuda,vit_b
619,000088.png,779,data/cogar_sim_500_v2/rgb/000088.png,/home/amir/Desktop/COGAR/COGAR_Foundation-Model-Segmentation-for-Robotic-Scenes/data/cogar_sim_500_v2/instance_masks/v2/ann_00000779_img_000088_cat_connector.png,/home/amir/Desktop/COGAR/COGAR_Foundation-Model-Segmentation-for-Robotic-Scenes/outputs/sim_sam_vit_b_auto_v2/masks/row_0619_object_779_sam_auto_mask.png,0.9615548849105835,0.9675999879837036,26,0.9698771304003171,0.9928571428571429,17.920991319000677,0.05580048459371514,cuda,vit_b
620,000088.png,780,data/cogar_sim_500_v2/rgb/000088.png,/home/amir/Desktop/COGAR/COGAR_Foundation-Model-Segmentation-for-Robotic-Scenes/data/cogar_sim_500_v2/instance_masks/v2/ann_00000780_img_000088_cat_connector.png,/home/amir/Desktop/COGAR/COGAR_Foundation-Model-Segmentation-for-Robotic-Scenes/outputs/sim_sam_vit_b_auto_v2/masks/row_0620_object_780_sam_auto_mask.png,0.9115027189254761,0.9661784172058105,26,0.00013538211602247342,0.07949576968939867,17.920991319000677,0.05580048459371514,cuda,vit_b
621,000088.png,781,data/cogar_sim_500_v2/rgb/000088.png,/home/amir/Desktop/COGAR/COGAR_Foundation-Model-Segmentation-for-Robotic-Scenes/data/cogar_sim_500_v2/instance_masks/v2/ann_00000781_img_000088_cat_robot_gripper.png,/home/amir/Desktop/COGAR/COGAR_Foundation-Model-Segmentation-for-Robotic-Scenes/outputs/sim_sam_vit_b_auto_v2/masks/row_0621_object_781_sam_auto_mask.png,0.9149900078773499,0.9800604581832886,26,0.746359793330202,0.7624682436628465,17.920991319000677,0.05580048459371514,cuda,vit_b
622,000088.png,782,data/cogar_sim_500_v2/rgb/000088.png,/home/amir/Desktop/COGAR/COGAR_Foundation-Model-Segmentation-for-Robotic-Scenes/data/cogar_sim_500_v2/instance_masks/v2/ann_00000782_img_000088_cat_robot_gripper.png,/home/amir/Desktop/COGAR/COGAR_Foundation-Model-Segmentation-for-Robotic-Scenes/outputs/sim_sam_vit_b_auto_v2/masks/row_0622_object_782_sam_auto_mask.png,0.984943151473999,0.981222927570343,26,0.7396791058229674,0.7791495198902606,17.920991319000677,0.05580048459371514,cuda,vit_b
623,000088.png,783,data/cogar_sim_500_v2/rgb/000088.png,/home/amir/Desktop/COGAR/COGAR_Foundation-Model-Segmentation-for-Robotic-Scenes/data/cogar_sim_500_v2/instance_masks/v2/ann_00000783_img_000088_cat_robot_gripper.png,/home/amir/Desktop/COGAR/COGAR_Foundation-Model-Segmentation-for-Robotic-Scenes/outputs/sim_sam_vit_b_auto_v2/masks/row_0623_object_783_sam_auto_mask.png,0.9710866212844849,0.9851973652839661,26,0.942232630757221,0.9759036144578312,17.920991319000677,0.05580048459371514,cuda,vit_b
624,000089.png,786,data/cogar_sim_500_v2/rgb/000089.png,/home/amir/Desktop/COGAR/COGAR_Foundation-Model-Segmentation-for-Robotic-Scenes/data/cogar_sim_500_v2/instance_masks/v2/ann_00000786_img_000089_cat_box.png,/home/amir/Desktop/COGAR/COGAR_Foundation-Model-Segmentation-for-Robotic-Scenes/outputs/sim_sam_vit_b_auto_v2/masks/row_0624_object_786_sam_auto_mask.png,0.9931895732879639,0.9830071926116943,15,0.9765066394279878,1.0,16.373074617000384,0.06107588363163547,cuda,vit_b
625,000089.png,787,data/cogar_sim_500_v2/rgb/000089.png,/home/amir/Desktop/COGAR/COGAR_Foundation-Model-Segmentation-for-Robotic-Scenes/data/cogar_sim_500_v2/instance_masks/v2/ann_00000787_img_000089_cat_metal_part.png,/home/amir/Desktop/COGAR/COGAR_Foundation-Model-Segmentation-for-Robotic-Scenes/outputs/sim_sam_vit_b_auto_v2/masks/row_0625_object_787_sam_auto_mask.png,0.9723467230796814,0.9870298504829407,15,0.8447537473233405,0.7878002287457111,16.373074617000384,0.06107588363163547,cuda,vit_b
626,000089.png,788,data/cogar_sim_500_v2/rgb/000089.png,/home/amir/Desktop/COGAR/COGAR_Foundation-Model-Segmentation-for-Robotic-Scenes/data/cogar_sim_500_v2/instance_masks/v2/ann_00000788_img_000089_cat_connector.png,/home/amir/Desktop/COGAR/COGAR_Foundation-Model-Segmentation-for-Robotic-Scenes/outputs/sim_sam_vit_b_auto_v2/masks/row_0626_object_788_sam_auto_mask.png,1.0053977966308594,0.9898339509963989,15,0.9608372721134368,1.0,16.373074617000384,0.06107588363163547,cuda,vit_b
627,000089.png,789,data/cogar_sim_500_v2/rgb/000089.png,/home/amir/Desktop/COGAR/COGAR_Foundation-Model-Segmentation-for-Robotic-Scenes/data/cogar_sim_500_v2/instance_masks/v2/ann_00000789_img_000089_cat_plastic_object.png,/home/amir/Desktop/COGAR/COGAR_Foundation-Model-Segmentation-for-Robotic-Scenes/outputs/sim_sam_vit_b_auto_v2/masks/row_0627_object_789_sam_auto_mask.png,1.014540433883667,0.9854133129119873,15,0.9765401146131805,1.0,16.373074617000384,0.06107588363163547,cuda,vit_b
628,000089.png,790,data/cogar_sim_500_v2/rgb/000089.png,/home/amir/Desktop/COGAR/COGAR_Foundation-Model-Segmentation-for-Robotic-Scenes/data/cogar_sim_500_v2/instance_masks/v2/ann_00000790_img_000089_cat_robot_gripper.png,/home/amir/Desktop/COGAR/COGAR_Foundation-Model-Segmentation-for-Robotic-Scenes/outputs/sim_sam_vit_b_auto_v2/masks/row_0628_object_790_sam_auto_mask.png,0.9669994711875916,0.9743710160255432,15,0.8251306450354886,0.7052119353792955,16.373074617000384,0.06107588363163547,cuda,vit_b
629,000089.png,791,data/cogar_sim_500_v2/rgb/000089.png,/home/amir/Desktop/COGAR/COGAR_Foundation-Model-Segmentation-for-Robotic-Scenes/data/cogar_sim_500_v2/instance_masks/v2/ann_00000791_img_000089_cat_robot_gripper.png,/home/amir/Desktop/COGAR/COGAR_Foundation-Model-Segmentation-for-Robotic-Scenes/outputs/sim_sam_vit_b_auto_v2/masks/row_0629_object_791_sam_auto_mask.png,0.9284685254096985,0.9658731818199158,15,0.11778250088558272,0.3811289917022882,16.373074617000384,0.06107588363163547,cuda,vit_b
630,000089.png,792,data/cogar_sim_500_v2/rgb/000089.png,/home/amir/Desktop/COGAR/COGAR_Foundation-Model-Segmentation-for-Robotic-Scenes/data/cogar_sim_500_v2/instance_masks/v2/ann_00000792_img_000089_cat_robot_gripper.png,/home/amir/Desktop/COGAR/COGAR_Foundation-Model-Segmentation-for-Robotic-Scenes/outputs/sim_sam_vit_b_auto_v2/masks/row_0630_object_792_sam_auto_mask.png,0.9669994711875916,0.9743710160255432,15,0.08703138451905768,0.37307586068352466,16.373074617000384,0.06107588363163547,cuda,vit_b
631,000094.png,803,data/cogar_sim_500_v2/rgb/000094.png,/home/amir/Desktop/COGAR/COGAR_Foundation-Model-Segmentation-for-Robotic-Scenes/data/cogar_sim_500_v2/instance_masks/v2/ann_00000803_img_000094_cat_metal_part.png,/home/amir/Desktop/COGAR/COGAR_Foundation-Model-Segmentation-for-Robotic-Scenes/outputs/sim_sam_vit_b_auto_v2/masks/row_0631_object_803_sam_auto_mask.png,1.0179301500320435,0.9844090938568115,11,0.9679975617189881,1.0,14.131176601999869,0.07076551572205801,cuda,vit_b
632,000094.png,804,data/cogar_sim_500_v2/rgb/000094.png,/home/amir/Desktop/COGAR/COGAR_Foundation-Model-Segmentation-for-Robotic-Scenes/data/cogar_sim_500_v2/instance_masks/v2/ann_00000804_img_000094_cat_plastic_object.png,/home/amir/Desktop/COGAR/COGAR_Foundation-Model-Segmentation-for-Robotic-Scenes/outputs/sim_sam_vit_b_auto_v2/masks/row_0632_object_804_sam_auto_mask.png,0.9465736746788025,0.9828357100486755,11,0.983036573628489,0.9974424552429668,14.131176601999869,0.07076551572205801,cuda,vit_b
633,000094.png,805,data/cogar_sim_500_v2/rgb/000094.png,/home/amir/Desktop/COGAR/COGAR_Foundation-Model-Segmentation-for-Robotic-Scenes/data/cogar_sim_500_v2/instance_masks/v2/ann_00000805_img_000094_cat_robot_gripper.png,/home/amir/Desktop/COGAR/COGAR_Foundation-Model-Segmentation-for-Robotic-Scenes/outputs/sim_sam_vit_b_auto_v2/masks/row_0633_object_805_sam_auto_mask.png,1.019243597984314,0.9858782291412354,11,0.983400572818823,0.9805295950155763,14.131176601999869,0.07076551572205801,cuda,vit_b
634,000094.png,806,data/cogar_sim_500_v2/rgb/000094.png,/home/amir/Desktop/COGAR/COGAR_Foundation-Model-Segmentation-for-Robotic-Scenes/data/cogar_sim_500_v2/instance_masks/v2/ann_00000806_img_000094_cat_robot_gripper.png,/home/amir/Desktop/COGAR/COGAR_Foundation-Model-Segmentation-for-Robotic-Scenes/outputs/sim_sam_vit_b_auto_v2/masks/row_0634_object_806_sam_auto_mask.png,0.973279595375061,0.9816303253173828,11,0.9365165491047206,1.0,14.131176601999869,0.07076551572205801,cuda,vit_b
635,000095.png,809,data/cogar_sim_500_v2/rgb/000095.png,/home/amir/Desktop/COGAR/COGAR_Foundation-Model-Segmentation-for-Robotic-Scenes/data/cogar_sim_500_v2/instance_masks/v2/ann_00000809_img_000095_cat_metal_part.png,/home/amir/Desktop/COGAR/COGAR_Foundation-Model-Segmentation-for-Robotic-Scenes/outputs/sim_sam_vit_b_auto_v2/masks/row_0635_object_809_sam_auto_mask.png,1.0077602863311768,0.9885057210922241,17,0.9817470664928292,1.0,14.808892529999866,0.0675269942012341,cuda,vit_b
636,000095.png,810,data/cogar_sim_500_v2/rgb/000095.png,/home/amir/Desktop/COGAR/COGAR_Foundation-Model-Segmentation-for-Robotic-Scenes/data/cogar_sim_500_v2/instance_masks/v2/ann_00000810_img_000095_cat_cable.png,/home/amir/Desktop/COGAR/COGAR_Foundation-Model-Segmentation-for-Robotic-Scenes/outputs/sim_sam_vit_b_auto_v2/masks/row_0636_object_810_sam_auto_mask.png,0.9670665860176086,0.9752161502838135,17,0.0024022712382616293,0.08592251630226314,14.808892529999866,0.0675269942012341,cuda,vit_b
637,000095.png,811,data/cogar_sim_500_v2/rgb/000095.png,/home/amir/Desktop/COGAR/COGAR_Foundation-Model-Segmentation-for-Robotic-Scenes/data/cogar_sim_500_v2/instance_masks/v2/ann_00000811_img_000095_cat_box.png,/home/amir/Desktop/COGAR/COGAR_Foundation-Model-Segmentation-for-Robotic-Scenes/outputs/sim_sam_vit_b_auto_v2/masks/row_0637_object_811_sam_auto_mask.png,1.0093904733657837,0.9849359393119812,17,0.9852096401452625,1.0,14.808892529999866,0.0675269942012341,cuda,vit_b
638,000095.png,812,data/cogar_sim_500_v2/rgb/000095.png,/home/amir/Desktop/COGAR/COGAR_Foundation-Model-Segmentation-for-Robotic-Scenes/data/cogar_sim_500_v2/instance_masks/v2/ann_00000812_img_000095_cat_tool.png,/home/amir/Desktop/COGAR/COGAR_Foundation-Model-Segmentation-for-Robotic-Scenes/outputs/sim_sam_vit_b_auto_v2/masks/row_0638_object_812_sam_auto_mask.png,0.9670665860176086,0.9752161502838135,17,0.9702005730659026,1.0,14.808892529999866,0.0675269942012341,cuda,vit_b
639,000095.png,813,data/cogar_sim_500_v2/rgb/000095.png,/home/amir/Desktop/COGAR/COGAR_Foundation-Model-Segmentation-for-Robotic-Scenes/data/cogar_sim_500_v2/instance_masks/v2/ann_00000813_img_000095_cat_tool.png,/home/amir/Desktop/COGAR/COGAR_Foundation-Model-Segmentation-for-Robotic-Scenes/outputs/sim_sam_vit_b_auto_v2/masks/row_0639_object_813_sam_auto_mask.png,0.9960365295410156,0.9851694703102112,17,0.9846641988365944,1.0,14.808892529999866,0.0675269942012341,cuda,vit_b
640,000095.png,814,data/cogar_sim_500_v2/rgb/000095.png,/home/amir/Desktop/COGAR/COGAR_Foundation-Model-Segmentation-for-Robotic-Scenes/data/cogar_sim_500_v2/instance_masks/v2/ann_00000814_img_000095_cat_metal_part.png,/home/amir/Desktop/COGAR/COGAR_Foundation-Model-Segmentation-for-Robotic-Scenes/outputs/sim_sam_vit_b_auto_v2/masks/row_0640_object_814_sam_auto_mask.png,0.9853299856185913,0.9896373152732849,17,0.9634990560100692,1.0,14.808892529999866,0.0675269942012341,cuda,vit_b
641,000095.png,815,data/cogar_sim_500_v2/rgb/000095.png,/home/amir/Desktop/COGAR/COGAR_Foundation-Model-Segmentation-for-Robotic-Scenes/data/cogar_sim_500_v2/instance_masks/v2/ann_00000815_img_000095_cat_box.png,/home/amir/Desktop/COGAR/COGAR_Foundation-Model-Segmentation-for-Robotic-Scenes/outputs/sim_sam_vit_b_auto_v2/masks/row_0641_object_815_sam_auto_mask.png,0.9902922511100769,0.9878765344619751,17,0.9876387860843819,0.9991489361702128,14.808892529999866,0.0675269942012341,cuda,vit_b
642,000096.png,817,data/cogar_sim_500_v2/rgb/000096.png,/home/amir/Desktop/COGAR/COGAR_Foundation-Model-Segmentation-for-Robotic-Scenes/data/cogar_sim_500_v2/instance_masks/v2/ann_00000817_img_000096_cat_glass_object.png,/home/amir/Desktop/COGAR/COGAR_Foundation-Model-Segmentation-for-Robotic-Scenes/outputs/sim_sam_vit_b_auto_v2/masks/row_0642_object_817_sam_auto_mask.png,0.9430192708969116,0.9536949396133423,20,0.7229815414964069,0.6740024294419908,15.39500632599993,0.06495612790435462,cuda,vit_b
643,000096.png,818,data/cogar_sim_500_v2/rgb/000096.png,/home/amir/Desktop/COGAR/COGAR_Foundation-Model-Segmentation-for-Robotic-Scenes/data/cogar_sim_500_v2/instance_masks/v2/ann_00000818_img_000096_cat_metal_part.png,/home/amir/Desktop/COGAR/COGAR_Foundation-Model-Segmentation-for-Robotic-Scenes/outputs/sim_sam_vit_b_auto_v2/masks/row_0643_object_818_sam_auto_mask.png,0.9865756630897522,0.9888811707496643,20,0.9099201824401368,0.8436392730597781,15.39500632599993,0.06495612790435462,cuda,vit_b
644,000096.png,819,data/cogar_sim_500_v2/rgb/000096.png,/home/amir/Desktop/COGAR/COGAR_Foundation-Model-Segmentation-for-Robotic-Scenes/data/cogar_sim_500_v2/instance_masks/v2/ann_00000819_img_000096_cat_glass_object.png,/home/amir/Desktop/COGAR/COGAR_Foundation-Model-Segmentation-for-Robotic-Scenes/outputs/sim_sam_vit_b_auto_v2/masks/row_0644_object_819_sam_auto_mask.png,0.8935355544090271,0.9608039259910583,20,0.5494857753439295,0.6193353853885294,15.39500632599993,0.06495612790435462,cuda,vit_b
645,000096.png,820,data/cogar_sim_500_v2/rgb/000096.png,/home/amir/Desktop/COGAR/COGAR_Foundation-Model-Segmentation-for-Robotic-Scenes/data/cogar_sim_500_v2/instance_masks/v2/ann_00000820_img_000096_cat_glass_object.png,/home/amir/Desktop/COGAR/COGAR_Foundation-Model-Segmentation-for-Robotic-Scenes/outputs/sim_sam_vit_b_auto_v2/masks/row_0645_object_820_sam_auto_mask.png,0.8935355544090271,0.9608039259910583,20,0.4363441436612168,0.5625145186550667,15.39500632599993,0.06495612790435462,cuda,vit_b
646,000096.png,821,data/cogar_sim_500_v2/rgb/000096.png,/home/amir/Desktop/COGAR/COGAR_Foundation-Model-Segmentation-for-Robotic-Scenes/data/cogar_sim_500_v2/instance_masks/v2/ann_00000821_img_000096_cat_glass_object.png,/home/amir/Desktop/COGAR/COGAR_Foundation-Model-Segmentation-for-Robotic-Scenes/outputs/sim_sam_vit_b_auto_v2/masks/row_0646_object_821_sam_auto_mask.png,0.9330847859382629,0.9745667576789856,20,0.984627512810406,0.9981394945597989,15.39500632599993,0.06495612790435462,cuda,vit_b
647,000096.png,822,data/cogar_sim_500_v2/rgb/000096.png,/home/amir/Desktop/COGAR/COGAR_Foundation-Model-Segmentation-for-Robotic-Scenes/data/cogar_sim_500_v2/instance_masks/v2/ann_00000822_img_000096_cat_connector.png,/home/amir/Desktop/COGAR/COGAR_Foundation-Model-Segmentation-for-Robotic-Scenes/outputs/sim_sam_vit_b_auto_v2/masks/row_0647_object_822_sam_auto_mask.png,0.9488035440444946,0.9673617482185364,20,0.9498175182481752,1.0,15.39500632599993,0.06495612790435462,cuda,vit_b
648,000097.png,824,data/cogar_sim_500_v2/rgb/000097.png,/home/amir/Desktop/COGAR/COGAR_Foundation-Model-Segmentation-for-Robotic-Scenes/data/cogar_sim_500_v2/instance_masks/v2/ann_00000824_img_000097_cat_cable.png,/home/amir/Desktop/COGAR/COGAR_Foundation-Model-Segmentation-for-Robotic-Scenes/outputs/sim_sam_vit_b_auto_v2/masks/row_0648_object_824_sam_auto_mask.png,0.9644849300384521,0.9500753283500671,31,0.9452084228620542,0.9922388059701494,16.111899045999962,0.062065930102030153,cuda,vit_b
649,000097.png,825,data/cogar_sim_500_v2/rgb/000097.png,/home/amir/Desktop/COGAR/COGAR_Foundation-Model-Segmentation-for-Robotic-Scenes/data/cogar_sim_500_v2/instance_masks/v2/ann_00000825_img_000097_cat_box.png,/home/amir/Desktop/COGAR/COGAR_Foundation-Model-Segmentation-for-Robotic-Scenes/outputs/sim_sam_vit_b_auto_v2/masks/row_0649_object_825_sam_auto_mask.png,0.9711898565292358,0.974293053150177,31,0.9613120269133726,0.9974424552429668,16.111899045999962,0.062065930102030153,cuda,vit_b
650,000097.png,826,data/cogar_sim_500_v2/rgb/000097.png,/home/amir/Desktop/COGAR/COGAR_Foundation-Model-Segmentation-for-Robotic-Scenes/data/cogar_sim_500_v2/instance_masks/v2/ann_00000826_img_000097_cat_cable.png,/home/amir/Desktop/COGAR/COGAR_Foundation-Model-Segmentation-for-Robotic-Scenes/outputs/sim_sam_vit_b_auto_v2/masks/row_0650_object_826_sam_auto_mask.png,0.9407007694244385,0.9531147480010986,31,0.8989513822688274,0.9658534336717642,16.111899045999962,0.062065930102030153,cuda,vit_b
651,000097.png,827,data/cogar_sim_500_v2/rgb/000097.png,/home/amir/Desktop/COGAR/COGAR_Foundation-Model-Segmentation-for-Robotic-Scenes/data/cogar_sim_500_v2/instance_masks/v2/ann_00000827_img_000097_cat_glass_object.png,/home/amir/Desktop/COGAR/COGAR_Foundation-Model-Segmentation-for-Robotic-Scenes/outputs/sim_sam_vit_b_auto_v2/masks/row_0651_object_827_sam_auto_mask.png,0.9463427066802979,0.9596299529075623,31,0.9743698548756683,0.9150157703158112,16.111899045999962,0.062065930102030153,cuda,vit_b
652,000097.png,828,data/cogar_sim_500_v2/rgb/000097.png,/home/amir/Desktop/COGAR/COGAR_Foundation-Model-Segmentation-for-Robotic-Scenes/data/cogar_sim_500_v2/instance_masks/v2/ann_00000828_img_000097_cat_connector.png,/home/amir/Desktop/COGAR/COGAR_Foundation-Model-Segmentation-for-Robotic-Scenes/outputs/sim_sam_vit_b_auto_v2/masks/row_0652_object_828_sam_auto_mask.png,0.9509580731391907,0.9639871120452881,31,0.09096732863549008,0.5718479488144524,16.111899045999962,0.062065930102030153,cuda,vit_b
653,000097.png,829,data/cogar_sim_500_v2/rgb/000097.png,/home/amir/Desktop/COGAR/COGAR_Foundation-Model-Segmentation-for-Robotic-Scenes/data/cogar_sim_500_v2/instance_masks/v2/ann_00000829_img_000097_cat_plastic_object.png,/home/amir/Desktop/COGAR/COGAR_Foundation-Model-Segmentation-for-Robotic-Scenes/outputs/sim_sam_vit_b_auto_v2/masks/row_0653_object_829_sam_auto_mask.png,0.9829718470573425,0.9804006814956665,31,0.9579974543911752,1.0,16.111899045999962,0.062065930102030153,cuda,vit_b
654,000097.png,830,data/cogar_sim_500_v2/rgb/000097.png,/home/amir/Desktop/COGAR/COGAR_Foundation-Model-Segmentation-for-Robotic-Scenes/data/cogar_sim_500_v2/instance_masks/v2/ann_00000830_img_000097_cat_screw.png,/home/amir/Desktop/COGAR/COGAR_Foundation-Model-Segmentation-for-Robotic-Scenes/outputs/sim_sam_vit_b_auto_v2/masks/row_0654_object_830_sam_auto_mask.png,0.9034903049468994,0.9710982441902161,31,0.8058823529411765,0.9824561403508771,16.111899045999962,0.062065930102030153,cuda,vit_b
655,000097.png,831,data/cogar_sim_500_v2/rgb/000097.png,/home/amir/Desktop/COGAR/COGAR_Foundation-Model-Segmentation-for-Robotic-Scenes/data/cogar_sim_500_v2/instance_masks/v2/ann_00000831_img_000097_cat_robot_gripper.png,/home/amir/Desktop/COGAR/COGAR_Foundation-Model-Segmentation-for-Robotic-Scenes/outputs/sim_sam_vit_b_auto_v2/masks/row_0655_object_831_sam_auto_mask.png,0.9700838327407837,0.9775925278663635,31,0.9208436286621956,0.8671282347159007,16.111899045999962,0.062065930102030153,cuda,vit_b
656,000097.png,832,data/cogar_sim_500_v2/rgb/000097.png,/home/amir/Desktop/COGAR/COGAR_Foundation-Model-Segmentation-for-Robotic-Scenes/data/cogar_sim_500_v2/instance_masks/v2/ann_00000832_img_000097_cat_robot_gripper.png,/home/amir/Desktop/COGAR/COGAR_Foundation-Model-Segmentation-for-Robotic-Scenes/outputs/sim_sam_vit_b_auto_v2/masks/row_0656_object_832_sam_auto_mask.png,0.979130744934082,0.9681839346885681,31,0.9671558350803634,0.9858116546048177,16.111899045999962,0.062065930102030153,cuda,vit_b
657,000097.png,833,data/cogar_sim_500_v2/rgb/000097.png,/home/amir/Desktop/COGAR/COGAR_Foundation-Model-Segmentation-for-Robotic-Scenes/data/cogar_sim_500_v2/instance_masks/v2/ann_00000833_img_000097_cat_robot_gripper.png,/home/amir/Desktop/COGAR/COGAR_Foundation-Model-Segmentation-for-Robotic-Scenes/outputs/sim_sam_vit_b_auto_v2/masks/row_0657_object_833_sam_auto_mask.png,0.9700838327407837,0.9775925278663635,31,0.05345372460496614,0.16947147257409786,16.111899045999962,0.062065930102030153,cuda,vit_b
658,000098.png,835,data/cogar_sim_500_v2/rgb/000098.png,/home/amir/Desktop/COGAR/COGAR_Foundation-Model-Segmentation-for-Robotic-Scenes/data/cogar_sim_500_v2/instance_masks/v2/ann_00000835_img_000098_cat_screw.png,/home/amir/Desktop/COGAR/COGAR_Foundation-Model-Segmentation-for-Robotic-Scenes/outputs/sim_sam_vit_b_auto_v2/masks/row_0658_object_835_sam_auto_mask.png,0.9315654039382935,0.9615384340286255,36,0.9059233449477352,0.9866666666666666,16.088369539999803,0.0621567025492387,cuda,vit_b
659,000098.png,836,data/cogar_sim_500_v2/rgb/000098.png,/home/amir/Desktop/COGAR/COGAR_Foundation-Model-Segmentation-for-Robotic-Scenes/data/cogar_sim_500_v2/instance_masks/v2/ann_00000836_img_000098_cat_connector.png,/home/amir/Desktop/COGAR/COGAR_Foundation-Model-Segmentation-for-Robotic-Scenes/outputs/sim_sam_vit_b_auto_v2/masks/row_0659_object_836_sam_auto_mask.png,0.9740389585494995,0.9777777791023254,36,0.7682926829268293,0.7857142857142857,16.088369539999803,0.0621567025492387,cuda,vit_b
660,000098.png,837,data/cogar_sim_500_v2/rgb/000098.png,/home/amir/Desktop/COGAR/COGAR_Foundation-Model-Segmentation-for-Robotic-Scenes/data/cogar_sim_500_v2/instance_masks/v2/ann_00000837_img_000098_cat_metal_part.png,/home/amir/Desktop/COGAR/COGAR_Foundation-Model-Segmentation-for-Robotic-Scenes/outputs/sim_sam_vit_b_auto_v2/masks/row_0660_object_837_sam_auto_mask.png,1.003129243850708,0.9902178049087524,36,0.9729095177894167,0.9303079416531606,16.088369539999803,0.0621567025492387,cuda,vit_b
661,000098.png,838,data/cogar_sim_500_v2/rgb/000098.png,/home/amir/Desktop/COGAR/COGAR_Foundation-Model-Segmentation-for-Robotic-Scenes/data/cogar_sim_500_v2/instance_masks/v2/ann_00000838_img_000098_cat_screw.png,/home/amir/Desktop/COGAR/COGAR_Foundation-Model-Segmentation-for-Robotic-Scenes/outputs/sim_sam_vit_b_auto_v2/masks/row_0661_object_838_sam_auto_mask.png,0.933295726776123,0.9808306694030762,36,0.9147058823529411,1.0,16.088369539999803,0.0621567025492387,cuda,vit_b
662,000098.png,839,data/cogar_sim_500_v2/rgb/000098.png,/home/amir/Desktop/COGAR/COGAR_Foundation-Model-Segmentation-for-Robotic-Scenes/data/cogar_sim_500_v2/instance_masks/v2/ann_00000839_img_000098_cat_screw.png,/home/amir/Desktop/COGAR/COGAR_Foundation-Model-Segmentation-for-Robotic-Scenes/outputs/sim_sam_vit_b_auto_v2/masks/row_0662_object_839_sam_auto_mask.png,0.9607107043266296,0.9847908616065979,36,0.7601476014760148,0.8402678669447801,16.088369539999803,0.0621567025492387,cuda,vit_b
663,000098.png,840,data/cogar_sim_500_v2/rgb/000098.png,/home/amir/Desktop/COGAR/COGAR_Foundation-Model-Segmentation-for-Robotic-Scenes/data/cogar_sim_500_v2/instance_masks/v2/ann_00000840_img_000098_cat_screw.png,/home/amir/Desktop/COGAR/COGAR_Foundation-Model-Segmentation-for-Robotic-Scenes/outputs/sim_sam_vit_b_auto_v2/masks/row_0663_object_840_sam_auto_mask.png,0.9607107043266296,0.9847908616065979,36,0.19622641509433963,0.49293198070846495,16.088369539999803,0.0621567025492387,cuda,vit_b
664,000098.png,841,data/cogar_sim_500_v2/rgb/000098.png,/home/amir/Desktop/COGAR/COGAR_Foundation-Model-Segmentation-for-Robotic-Scenes/data/cogar_sim_500_v2/instance_masks/v2/ann_00000841_img_000098_cat_screw.png,/home/amir/Desktop/COGAR/COGAR_Foundation-Model-Segmentation-for-Robotic-Scenes/outputs/sim_sam_vit_b_auto_v2/masks/row_0664_object_841_sam_auto_mask.png,0.9538166522979736,0.9934853315353394,36,0.9714285714285714,1.0,16.088369539999803,0.0621567025492387,cuda,vit_b
665,000098.png,842,data/cogar_sim_500_v2/rgb/000098.png,/home/amir/Desktop/COGAR/COGAR_Foundation-Model-Segmentation-for-Robotic-Scenes/data/cogar_sim_500_v2/instance_masks/v2/ann_00000842_img_000098_cat_screw.png,/home/amir/Desktop/COGAR/COGAR_Foundation-Model-Segmentation-for-Robotic-Scenes/outputs/sim_sam_vit_b_auto_v2/masks/row_0665_object_842_sam_auto_mask.png,0.9696066379547119,0.9792746305465698,36,0.9351620947630923,1.0,16.088369539999803,0.0621567025492387,cuda,vit_b
666,000098.png,843,data/cogar_sim_500_v2/rgb/000098.png,/home/amir/Desktop/COGAR/COGAR_Foundation-Model-Segmentation-for-Robotic-Scenes/data/cogar_sim_500_v2/instance_masks/v2/ann_00000843_img_000098_cat_plastic_object.png,/home/amir/Desktop/COGAR/COGAR_Foundation-Model-Segmentation-for-Robotic-Scenes/outputs/sim_sam_vit_b_auto_v2/masks/row_0666_object_843_sam_auto_mask.png,0.9765365123748779,0.9781314730644226,36,0.85612300933553,0.8246410566349243,16.088369539999803,0.0621567025492387,cuda,vit_b
667,000098.png,844,data/cogar_sim_500_v2/rgb/000098.png,/home/amir/Desktop/COGAR/COGAR_Foundation-Model-Segmentation-for-Robotic-Scenes/data/cogar_sim_500_v2/instance_masks/v2/ann_00000844_img_000098_cat_metal_part.png,/home/amir/Desktop/COGAR/COGAR_Foundation-Model-Segmentation-for-Robotic-Scenes/outputs/sim_sam_vit_b_auto_v2/masks/row_0667_object_844_sam_auto_mask.png,0.9794466495513916,0.9823994040489197,36,0.959332638164755,1.0,16.088369539999803,0.0621567025492387,cuda,vit_b
668,000098.png,845,data/cogar_sim_500_v2/rgb/000098.png,/home/amir/Desktop/COGAR/COGAR_Foundation-Model-Segmentation-for-Robotic-Scenes/data/cogar_sim_500_v2/instance_masks/v2/ann_00000845_img_000098_cat_connector.png,/home/amir/Desktop/COGAR/COGAR_Foundation-Model-Segmentation-for-Robotic-Scenes/outputs/sim_sam_vit_b_auto_v2/masks/row_0668_object_845_sam_auto_mask.png,0.9837326407432556,0.9818291664123535,36,0.97708082026538,1.0,16.088369539999803,0.0621567025492387,cuda,vit_b
669,000098.png,846,data/cogar_sim_500_v2/rgb/000098.png,/home/amir/Desktop/COGAR/COGAR_Foundation-Model-Segmentation-for-Robotic-Scenes/data/cogar_sim_500_v2/instance_masks/v2/ann_00000846_img_000098_cat_connector.png,/home/amir/Desktop/COGAR/COGAR_Foundation-Model-Segmentation-for-Robotic-Scenes/outputs/sim_sam_vit_b_auto_v2/masks/row_0669_object_846_sam_auto_mask.png,0.9652698636054993,0.981951892375946,36,0.9826608869623208,1.0,16.088369539999803,0.0621567025492387,cuda,vit_b
670,000098.png,847,data/cogar_sim_500_v2/rgb/000098.png,/home/amir/Desktop/COGAR/COGAR_Foundation-Model-Segmentation-for-Robotic-Scenes/data/cogar_sim_500_v2/instance_masks/v2/ann_00000847_img_000098_cat_connector.png,/home/amir/Desktop/COGAR/COGAR_Foundation-Model-Segmentation-for-Robotic-Scenes/outputs/sim_sam_vit_b_auto_v2/masks/row_0670_object_847_sam_auto_mask.png,0.9419794082641602,0.9702380895614624,36,0.32219827586206895,0.5371367878006221,16.088369539999803,0.0621567025492387,cuda,vit_b
671,000098.png,848,data/cogar_sim_500_v2/rgb/000098.png,/home/amir/Desktop/COGAR/COGAR_Foundation-Model-Segmentation-for-Robotic-Scenes/data/cogar_sim_500_v2/instance_masks/v2/ann_00000848_img_000098_cat_screw.png,/home/amir/Desktop/COGAR/COGAR_Foundation-Model-Segmentation-for-Robotic-Scenes/outputs/sim_sam_vit_b_auto_v2/masks/row_0671_object_848_sam_auto_mask.png,0.958005428314209,0.9857142567634583,36,0.918552036199095,1.0,16.088369539999803,0.0621567025492387,cuda,vit_b
672,000099.png,851,data/cogar_sim_500_v2/rgb/000099.png,/home/amir/Desktop/COGAR/COGAR_Foundation-Model-Segmentation-for-Robotic-Scenes/data/cogar_sim_500_v2/instance_masks/v2/ann_00000851_img_000099_cat_box.png,/home/amir/Desktop/COGAR/COGAR_Foundation-Model-Segmentation-for-Robotic-Scenes/outputs/sim_sam_vit_b_auto_v2/masks/row_0672_object_851_sam_auto_mask.png,0.981248140335083,0.9828258156776428,15,0.9865574459147238,0.9905362776025236,15.482114855999498,0.06459065891844153,cuda,vit_b
673,000099.png,852,data/cogar_sim_500_v2/rgb/000099.png,/home/amir/Desktop/COGAR/COGAR_Foundation-Model-Segmentation-for-Robotic-Scenes/data/cogar_sim_500_v2/instance_masks/v2/ann_00000852_img_000099_cat_metal_part.png,/home/amir/Desktop/COGAR/COGAR_Foundation-Model-Segmentation-for-Robotic-Scenes/outputs/sim_sam_vit_b_auto_v2/masks/row_0673_object_852_sam_auto_mask.png,1.0063250064849854,0.992068350315094,15,0.9831019915509958,1.0,15.482114855999498,0.06459065891844153,cuda,vit_b
674,000099.png,853,data/cogar_sim_500_v2/rgb/000099.png,/home/amir/Desktop/COGAR/COGAR_Foundation-Model-Segmentation-for-Robotic-Scenes/data/cogar_sim_500_v2/instance_masks/v2/ann_00000853_img_000099_cat_robot_gripper.png,/home/amir/Desktop/COGAR/COGAR_Foundation-Model-Segmentation-for-Robotic-Scenes/outputs/sim_sam_vit_b_auto_v2/masks/row_0674_object_853_sam_auto_mask.png,0.9992727041244507,0.9799157977104187,15,0.9769697657269272,0.9898401537384361,15.482114855999498,0.06459065891844153,cuda,vit_b
675,000099.png,854,data/cogar_sim_500_v2/rgb/000099.png,/home/amir/Desktop/COGAR/COGAR_Foundation-Model-Segmentation-for-Robotic-Scenes/data/cogar_sim_500_v2/instance_masks/v2/ann_00000854_img_000099_cat_robot_gripper.png,/home/amir/Desktop/COGAR/COGAR_Foundation-Model-Segmentation-for-Robotic-Scenes/outputs/sim_sam_vit_b_auto_v2/masks/row_0675_object_854_sam_auto_mask.png,0.9864976406097412,0.9929577708244324,15,0.7963224893917963,0.7519999999999999,15.482114855999498,0.06459065891844153,cuda,vit_b
676,000099.png,855,data/cogar_sim_500_v2/rgb/000099.png,/home/amir/Desktop/COGAR/COGAR_Foundation-Model-Segmentation-for-Robotic-Scenes/data/cogar_sim_500_v2/instance_masks/v2/ann_00000855_img_000099_cat_robot_gripper.png,/home/amir/Desktop/COGAR/COGAR_Foundation-Model-Segmentation-for-Robotic-Scenes/outputs/sim_sam_vit_b_auto_v2/masks/row_0676_object_855_sam_auto_mask.png,0.9785556793212891,0.9973958134651184,15,0.9947780678851175,1.0,15.482114855999498,0.06459065891844153,cuda,vit_b
677,000102.png,863,data/cogar_sim_500_v2/rgb/000102.png,/home/amir/Desktop/COGAR/COGAR_Foundation-Model-Segmentation-for-Robotic-Scenes/data/cogar_sim_500_v2/instance_masks/v2/ann_00000863_img_000102_cat_screw.png,/home/amir/Desktop/COGAR/COGAR_Foundation-Model-Segmentation-for-Robotic-Scenes/outputs/sim_sam_vit_b_auto_v2/masks/row_0677_object_863_sam_auto_mask.png,0.9583570957183838,0.9853479862213135,19,0.8236714975845411,0.7873694679264048,12.953912434999438,0.0771967546498274,cuda,vit_b
678,000102.png,864,data/cogar_sim_500_v2/rgb/000102.png,/home/amir/Desktop/COGAR/COGAR_Foundation-Model-Segmentation-for-Robotic-Scenes/data/cogar_sim_500_v2/instance_masks/v2/ann_00000864_img_000102_cat_box.png,/home/amir/Desktop/COGAR/COGAR_Foundation-Model-Segmentation-for-Robotic-Scenes/outputs/sim_sam_vit_b_auto_v2/masks/row_0678_object_864_sam_auto_mask.png,0.9555919170379639,0.9785391092300415,19,0.5472111247695144,0.6802870702627619,12.953912434999438,0.0771967546498274,cuda,vit_b
679,000102.png,865,data/cogar_sim_500_v2/rgb/000102.png,/home/amir/Desktop/COGAR/COGAR_Foundation-Model-Segmentation-for-Robotic-Scenes/data/cogar_sim_500_v2/instance_masks/v2/ann_00000865_img_000102_cat_glass_object.png,/home/amir/Desktop/COGAR/COGAR_Foundation-Model-Segmentation-for-Robotic-Scenes/outputs/sim_sam_vit_b_auto_v2/masks/row_0679_object_865_sam_auto_mask.png,0.969404935836792,0.9565250873565674,19,0.7826221589149688,0.37091526504720906,12.953912434999438,0.0771967546498274,cuda,vit_b
680,000102.png,866,data/cogar_sim_500_v2/rgb/000102.png,/home/amir/Desktop/COGAR/COGAR_Foundation-Model-Segmentation-for-Robotic-Scenes/data/cogar_sim_500_v2/instance_masks/v2/ann_00000866_img_000102_cat_box.png,/home/amir/Desktop/COGAR/COGAR_Foundation-Model-Segmentation-for-Robotic-Scenes/outputs/sim_sam_vit_b_auto_v2/masks/row_0680_object_866_sam_auto_mask.png,0.969404935836792,0.9565250873565674,19,3.5169163677287755e-05,0.24088230464687743,12.953912434999438,0.0771967546498274,cuda,vit_b
681,000102.png,867,data/cogar_sim_500_v2/rgb/000102.png,/home/amir/Desktop/COGAR/COGAR_Foundation-Model-Segmentation-for-Robotic-Scenes/data/cogar_sim_500_v2/instance_masks/v2/ann_00000867_img_000102_cat_box.png,/home/amir/Desktop/COGAR/COGAR_Foundation-Model-Segmentation-for-Robotic-Scenes/outputs/sim_sam_vit_b_auto_v2/masks/row_0681_object_867_sam_auto_mask.png,0.9555919170379639,0.9785391092300415,19,0.43620621802439985,0.2989513165952235,12.953912434999438,0.0771967546498274,cuda,vit_b
682,000102.png,868,data/cogar_sim_500_v2/rgb/000102.png,/home/amir/Desktop/COGAR/COGAR_Foundation-Model-Segmentation-for-Robotic-Scenes/data/cogar_sim_500_v2/instance_masks/v2/ann_00000868_img_000102_cat_connector.png,/home/amir/Desktop/COGAR/COGAR_Foundation-Model-Segmentation-for-Robotic-Scenes/outputs/sim_sam_vit_b_auto_v2/masks/row_0682_object_868_sam_auto_mask.png,0.934306263923645,0.984308123588562,19,0.9492957746478873,1.0,12.953912434999438,0.0771967546498274,cuda,vit_b
683,000102.png,869,data/cogar_sim_500_v2/rgb/000102.png,/home/amir/Desktop/COGAR/COGAR_Foundation-Model-Segmentation-for-Robotic-Scenes/data/cogar_sim_500_v2/instance_masks/v2/ann_00000869_img_000102_cat_robot_gripper.png,/home/amir/Desktop/COGAR/COGAR_Foundation-Model-Segmentation-for-Robotic-Scenes/outputs/sim_sam_vit_b_auto_v2/masks/row_0683_object_869_sam_auto_mask.png,0.9964380264282227,0.9549421072006226,19,0.8814943976234298,0.8518150078545996,12.953912434999438,0.0771967546498274,cuda,vit_b
684,000102.png,870,data/cogar_sim_500_v2/rgb/000102.png,/home/amir/Desktop/COGAR/COGAR_Foundation-Model-Segmentation-for-Robotic-Scenes/data/cogar_sim_500_v2/instance_masks/v2/ann_00000870_img_000102_cat_robot_gripper.png,/home/amir/Desktop/COGAR/COGAR_Foundation-Model-Segmentation-for-Robotic-Scenes/outputs/sim_sam_vit_b_auto_v2/masks/row_0684_object_870_sam_auto_mask.png,0.962047815322876,0.9772925972938538,19,0.955969517358171,1.0,12.953912434999438,0.0771967546498274,cuda,vit_b
685,000102.png,871,data/cogar_sim_500_v2/rgb/000102.png,/home/amir/Desktop/COGAR/COGAR_Foundation-Model-Segmentation-for-Robotic-Scenes/data/cogar_sim_500_v2/instance_masks/v2/ann_00000871_img_000102_cat_robot_gripper.png,/home/amir/Desktop/COGAR/COGAR_Foundation-Model-Segmentation-for-Robotic-Scenes/outputs/sim_sam_vit_b_auto_v2/masks/row_0685_object_871_sam_auto_mask.png,0.9561114311218262,0.9563567638397217,19,0.9237708615245828,0.9282651449205274,12.953912434999438,0.0771967546498274,cuda,vit_b
686,000104.png,875,data/cogar_sim_500_v2/rgb/000104.png,/home/amir/Desktop/COGAR/COGAR_Foundation-Model-Segmentation-for-Robotic-Scenes/data/cogar_sim_500_v2/instance_masks/v2/ann_00000875_img_000104_cat_plastic_object.png,/home/amir/Desktop/COGAR/COGAR_Foundation-Model-Segmentation-for-Robotic-Scenes/outputs/sim_sam_vit_b_auto_v2/masks/row_0686_object_875_sam_auto_mask.png,0.993783712387085,0.9915194511413574,26,0.9804469273743017,1.0,15.861033761999352,0.06304759292523854,cuda,vit_b
687,000104.png,876,data/cogar_sim_500_v2/rgb/000104.png,/home/amir/Desktop/COGAR/COGAR_Foundation-Model-Segmentation-for-Robotic-Scenes/data/cogar_sim_500_v2/instance_masks/v2/ann_00000876_img_000104_cat_plastic_object.png,/home/amir/Desktop/COGAR/COGAR_Foundation-Model-Segmentation-for-Robotic-Scenes/outputs/sim_sam_vit_b_auto_v2/masks/row_0687_object_876_sam_auto_mask.png,0.9878228902816772,0.9547004699707031,26,0.9858242912145607,0.9327433628318583,15.861033761999352,0.06304759292523854,cuda,vit_b
688,000104.png,877,data/cogar_sim_500_v2/rgb/000104.png,/home/amir/Desktop/COGAR/COGAR_Foundation-Model-Segmentation-for-Robotic-Scenes/data/cogar_sim_500_v2/instance_masks/v2/ann_00000877_img_000104_cat_plastic_object.png,/home/amir/Desktop/COGAR/COGAR_Foundation-Model-Segmentation-for-Robotic-Scenes/outputs/sim_sam_vit_b_auto_v2/masks/row_0688_object_877_sam_auto_mask.png,0.9839996099472046,0.9843447208404541,26,0.9879751209398756,1.0,15.861033761999352,0.06304759292523854,cuda,vit_b
689,000104.png,878,data/cogar_sim_500_v2/rgb/000104.png,/home/amir/Desktop/COGAR/COGAR_Foundation-Model-Segmentation-for-Robotic-Scenes/data/cogar_sim_500_v2/instance_masks/v2/ann_00000878_img_000104_cat_tool.png,/home/amir/Desktop/COGAR/COGAR_Foundation-Model-Segmentation-for-Robotic-Scenes/outputs/sim_sam_vit_b_auto_v2/masks/row_0689_object_878_sam_auto_mask.png,0.9735805988311768,0.9784172773361206,26,0.9321685508735869,0.9483387416362749,15.861033761999352,0.06304759292523854,cuda,vit_b
690,000104.png,879,data/cogar_sim_500_v2/rgb/000104.png,/home/amir/Desktop/COGAR/COGAR_Foundation-Model-Segmentation-for-Robotic-Scenes/data/cogar_sim_500_v2/instance_masks/v2/ann_00000879_img_000104_cat_robot_gripper.png,/home/amir/Desktop/COGAR/COGAR_Foundation-Model-Segmentation-for-Robotic-Scenes/outputs/sim_sam_vit_b_auto_v2/masks/row_0690_object_879_sam_auto_mask.png,0.9348939657211304,0.9783551692962646,26,0.5290371765550025,0.5252730727024995,15.861033761999352,0.06304759292523854,cuda,vit_b
691,000104.png,880,data/cogar_sim_500_v2/rgb/000104.png,/home/amir/Desktop/COGAR/COGAR_Foundation-Model-Segmentation-for-Robotic-Scenes/data/cogar_sim_500_v2/instance_masks/v2/ann_00000880_img_000104_cat_robot_gripper.png,/home/amir/Desktop/COGAR/COGAR_Foundation-Model-Segmentation-for-Robotic-Scenes/outputs/sim_sam_vit_b_auto_v2/masks/row_0691_object_880_sam_auto_mask.png,0.9348939657211304,0.9783551692962646,26,0.3325848751571762,0.31561033778155956,15.861033761999352,0.06304759292523854,cuda,vit_b
692,000104.png,881,data/cogar_sim_500_v2/rgb/000104.png,/home/amir/Desktop/COGAR/COGAR_Foundation-Model-Segmentation-for-Robotic-Scenes/data/cogar_sim_500_v2/instance_masks/v2/ann_00000881_img_000104_cat_robot_gripper.png,/home/amir/Desktop/COGAR/COGAR_Foundation-Model-Segmentation-for-Robotic-Scenes/outputs/sim_sam_vit_b_auto_v2/masks/row_0692_object_881_sam_auto_mask.png,0.942737340927124,0.969072163105011,26,0.9363177805800756,0.9972144846796658,15.861033761999352,0.06304759292523854,cuda,vit_b
693,000105.png,884,data/cogar_sim_500_v2/rgb/000105.png,/home/amir/Desktop/COGAR/COGAR_Foundation-Model-Segmentation-for-Robotic-Scenes/data/cogar_sim_500_v2/instance_masks/v2/ann_00000884_img_000105_cat_plastic_object.png,/home/amir/Desktop/COGAR/COGAR_Foundation-Model-Segmentation-for-Robotic-Scenes/outputs/sim_sam_vit_b_auto_v2/masks/row_0693_object_884_sam_auto_mask.png,1.0077111721038818,0.990111768245697,27,0.9863306279367792,1.0,13.114647040999444,0.07625062244327026,cuda,vit_b
694,000105.png,885,data/cogar_sim_500_v2/rgb/000105.png,/home/amir/Desktop/COGAR/COGAR_Foundation-Model-Segmentation-for-Robotic-Scenes/data/cogar_sim_500_v2/instance_masks/v2/ann_00000885_img_000105_cat_tool.png,/home/amir/Desktop/COGAR/COGAR_Foundation-Model-Segmentation-for-Robotic-Scenes/outputs/sim_sam_vit_b_auto_v2/masks/row_0694_object_885_sam_auto_mask.png,0.9503446817398071,0.9527286291122437,27,0.38793740758994577,0.40573084615698596,13.114647040999444,0.07625062244327026,cuda,vit_b
695,000105.png,886,data/cogar_sim_500_v2/rgb/000105.png,/home/amir/Desktop/COGAR/COGAR_Foundation-Model-Segmentation-for-Robotic-Scenes/data/cogar_sim_500_v2/instance_masks/v2/ann_00000886_img_000105_cat_plastic_object.png,/home/amir/Desktop/COGAR/COGAR_Foundation-Model-Segmentation-for-Robotic-Scenes/outputs/sim_sam_vit_b_auto_v2/masks/row_0695_object_886_sam_auto_mask.png,0.989425778388977,0.9890862703323364,27,0.9790262172284644,1.0,13.114647040999444,0.07625062244327026,cuda,vit_b
696,000105.png,887,data/cogar_sim_500_v2/rgb/000105.png,/home/amir/Desktop/COGAR/COGAR_Foundation-Model-Segmentation-for-Robotic-Scenes/data/cogar_sim_500_v2/instance_masks/v2/ann_00000887_img_000105_cat_metal_part.png,/home/amir/Desktop/COGAR/COGAR_Foundation-Model-Segmentation-for-Robotic-Scenes/outputs/sim_sam_vit_b_auto_v2/masks/row_0696_object_887_sam_auto_mask.png,0.9823603630065918,0.9831130504608154,27,0.9710878207444886,1.0,13.114647040999444,0.07625062244327026,cuda,vit_b
697,000105.png,888,data/cogar_sim_500_v2/rgb/000105.png,/home/amir/Desktop/COGAR/COGAR_Foundation-Model-Segmentation-for-Robotic-Scenes/data/cogar_sim_500_v2/instance_masks/v2/ann_00000888_img_000105_cat_screw.png,/home/amir/Desktop/COGAR/COGAR_Foundation-Model-Segmentation-for-Robotic-Scenes/outputs/sim_sam_vit_b_auto_v2/masks/row_0697_object_888_sam_auto_mask.png,0.9462679624557495,0.9743589758872986,27,0.9337016574585635,1.0,13.114647040999444,0.07625062244327026,cuda,vit_b
698,000105.png,889,data/cogar_sim_500_v2/rgb/000105.png,/home/amir/Desktop/COGAR/COGAR_Foundation-Model-Segmentation-for-Robotic-Scenes/data/cogar_sim_500_v2/instance_masks/v2/ann_00000889_img_000105_cat_tool.png,/home/amir/Desktop/COGAR/COGAR_Foundation-Model-Segmentation-for-Robotic-Scenes/outputs/sim_sam_vit_b_auto_v2/masks/row_0698_object_889_sam_auto_mask.png,0.9573150873184204,0.960369884967804,27,0.46754070628039757,0.6664455133521314,13.114647040999444,0.07625062244327026,cuda,vit_b
699,000105.png,890,data/cogar_sim_500_v2/rgb/000105.png,/home/amir/Desktop/COGAR/COGAR_Foundation-Model-Segmentation-for-Robotic-Scenes/data/cogar_sim_500_v2/instance_masks/v2/ann_00000890_img_000105_cat_metal_part.png,/home/amir/Desktop/COGAR/COGAR_Foundation-Model-Segmentation-for-Robotic-Scenes/outputs/sim_sam_vit_b_auto_v2/masks/row_0699_object_890_sam_auto_mask.png,1.0018128156661987,0.9837967753410339,27,0.9823797267867749,1.0,13.114647040999444,0.07625062244327026,cuda,vit_b
700,000105.png,891,data/cogar_sim_500_v2/rgb/000105.png,/home/amir/Desktop/COGAR/COGAR_Foundation-Model-Segmentation-for-Robotic-Scenes/data/cogar_sim_500_v2/instance_masks/v2/ann_00000891_img_000105_cat_tool.png,/home/amir/Desktop/COGAR/COGAR_Foundation-Model-Segmentation-for-Robotic-Scenes/outputs/sim_sam_vit_b_auto_v2/masks/row_0700_object_891_sam_auto_mask.png,0.9682891368865967,0.9715290069580078,27,0.9753434307854878,1.0,13.114647040999444,0.07625062244327026,cuda,vit_b
701,000105.png,892,data/cogar_sim_500_v2/rgb/000105.png,/home/amir/Desktop/COGAR/COGAR_Foundation-Model-Segmentation-for-Robotic-Scenes/data/cogar_sim_500_v2/instance_masks/v2/ann_00000892_img_000105_cat_plastic_object.png,/home/amir/Desktop/COGAR/COGAR_Foundation-Model-Segmentation-for-Robotic-Scenes/outputs/sim_sam_vit_b_auto_v2/masks/row_0701_object_892_sam_auto_mask.png,1.0040360689163208,0.9886569976806641,27,0.9860108303249098,1.0,13.114647040999444,0.07625062244327026,cuda,vit_b
702,000105.png,893,data/cogar_sim_500_v2/rgb/000105.png,/home/amir/Desktop/COGAR/COGAR_Foundation-Model-Segmentation-for-Robotic-Scenes/data/cogar_sim_500_v2/instance_masks/v2/ann_00000893_img_000105_cat_tool.png,/home/amir/Desktop/COGAR/COGAR_Foundation-Model-Segmentation-for-Robotic-Scenes/outputs/sim_sam_vit_b_auto_v2/masks/row_0702_object_893_sam_auto_mask.png,0.9378026723861694,0.970588207244873,27,0.9733883918329892,1.0,13.114647040999444,0.07625062244327026,cuda,vit_b
703,000106.png,895,data/cogar_sim_500_v2/rgb/000106.png,/home/amir/Desktop/COGAR/COGAR_Foundation-Model-Segmentation-for-Robotic-Scenes/data/cogar_sim_500_v2/instance_masks/v2/ann_00000895_img_000106_cat_glass_object.png,/home/amir/Desktop/COGAR/COGAR_Foundation-Model-Segmentation-for-Robotic-Scenes/outputs/sim_sam_vit_b_auto_v2/masks/row_0703_object_895_sam_auto_mask.png,0.9473259449005127,0.967126190662384,18,0.120997920997921,0.313588850174216,14.485877878999418,0.06903275095600026,cuda,vit_b
704,000106.png,896,data/cogar_sim_500_v2/rgb/000106.png,/home/amir/Desktop/COGAR/COGAR_Foundation-Model-Segmentation-for-Robotic-Scenes/data/cogar_sim_500_v2/instance_masks/v2/ann_00000896_img_000106_cat_glass_object.png,/home/amir/Desktop/COGAR/COGAR_Foundation-Model-Segmentation-for-Robotic-Scenes/outputs/sim_sam_vit_b_auto_v2/masks/row_0704_object_896_sam_auto_mask.png,1.015692114830017,0.9891342520713806,18,0.9838933951332561,1.0,14.485877878999418,0.06903275095600026,cuda,vit_b
705,000106.png,897,data/cogar_sim_500_v2/rgb/000106.png,/home/amir/Desktop/COGAR/COGAR_Foundation-Model-Segmentation-for-Robotic-Scenes/data/cogar_sim_500_v2/instance_masks/v2/ann_00000897_img_000106_cat_cable.png,/home/amir/Desktop/COGAR/COGAR_Foundation-Model-Segmentation-for-Robotic-Scenes/outputs/sim_sam_vit_b_auto_v2/masks/row_0705_object_897_sam_auto_mask.png,0.9643306732177734,0.9713711738586426,18,0.9377490039840638,0.998689384010485,14.485877878999418,0.06903275095600026,cuda,vit_b
706,000106.png,898,data/cogar_sim_500_v2/rgb/000106.png,/home/amir/Desktop/COGAR/COGAR_Foundation-Model-Segmentation-for-Robotic-Scenes/data/cogar_sim_500_v2/instance_masks/v2/ann_00000898_img_000106_cat_robot_gripper.png,/home/amir/Desktop/COGAR/COGAR_Foundation-Model-Segmentation-for-Robotic-Scenes/outputs/sim_sam_vit_b_auto_v2/masks/row_0706_object_898_sam_auto_mask.png,0.9163032174110413,0.9609353542327881,18,0.6219523415217592,0.6462547007312414,14.485877878999418,0.06903275095600026,cuda,vit_b
707,000106.png,899,data/cogar_sim_500_v2/rgb/000106.png,/home/amir/Desktop/COGAR/COGAR_Foundation-Model-Segmentation-for-Robotic-Scenes/data/cogar_sim_500_v2/instance_masks/v2/ann_00000899_img_000106_cat_robot_gripper.png,/home/amir/Desktop/COGAR/COGAR_Foundation-Model-Segmentation-for-Robotic-Scenes/outputs/sim_sam_vit_b_auto_v2/masks/row_0707_object_899_sam_auto_mask.png,0.9907423257827759,0.9849287271499634,18,0.9643564356435643,1.0,14.485877878999418,0.06903275095600026,cuda,vit_b
708,000106.png,900,data/cogar_sim_500_v2/rgb/000106.png,/home/amir/Desktop/COGAR/COGAR_Foundation-Model-Segmentation-for-Robotic-Scenes/data/cogar_sim_500_v2/instance_masks/v2/ann_00000900_img_000106_cat_robot_gripper.png,/home/amir/Desktop/COGAR/COGAR_Foundation-Model-Segmentation-for-Robotic-Scenes/outputs/sim_sam_vit_b_auto_v2/masks/row_0708_object_900_sam_auto_mask.png,0.8963350653648376,0.9609664678573608,18,0.2559443800695249,0.3615119338085956,14.485877878999418,0.06903275095600026,cuda,vit_b
709,000107.png,903,data/cogar_sim_500_v2/rgb/000107.png,/home/amir/Desktop/COGAR/COGAR_Foundation-Model-Segmentation-for-Robotic-Scenes/data/cogar_sim_500_v2/instance_masks/v2/ann_00000903_img_000107_cat_metal_part.png,/home/amir/Desktop/COGAR/COGAR_Foundation-Model-Segmentation-for-Robotic-Scenes/outputs/sim_sam_vit_b_auto_v2/masks/row_0709_object_903_sam_auto_mask.png,0.920997142791748,0.9768666625022888,26,0.9750697674418605,1.0,13.856027441999686,0.07217075775765648,cuda,vit_b
710,000107.png,904,data/cogar_sim_500_v2/rgb/000107.png,/home/amir/Desktop/COGAR/COGAR_Foundation-Model-Segmentation-for-Robotic-Scenes/data/cogar_sim_500_v2/instance_masks/v2/ann_00000904_img_000107_cat_cable.png,/home/amir/Desktop/COGAR/COGAR_Foundation-Model-Segmentation-for-Robotic-Scenes/outputs/sim_sam_vit_b_auto_v2/masks/row_0710_object_904_sam_auto_mask.png,0.9871155023574829,0.987889289855957,26,0.975609756097561,1.0,13.856027441999686,0.07217075775765648,cuda,vit_b
711,000107.png,905,data/cogar_sim_500_v2/rgb/000107.png,/home/amir/Desktop/COGAR/COGAR_Foundation-Model-Segmentation-for-Robotic-Scenes/data/cogar_sim_500_v2/instance_masks/v2/ann_00000905_img_000107_cat_screw.png,/home/amir/Desktop/COGAR/COGAR_Foundation-Model-Segmentation-for-Robotic-Scenes/outputs/sim_sam_vit_b_auto_v2/masks/row_0711_object_905_sam_auto_mask.png,0.9433329105377197,0.9764705896377563,26,0.9665211062590975,1.0,13.856027441999686,0.07217075775765648,cuda,vit_b
712,000107.png,906,data/cogar_sim_500_v2/rgb/000107.png,/home/amir/Desktop/COGAR/COGAR_Foundation-Model-Segmentation-for-Robotic-Scenes/data/cogar_sim_500_v2/instance_masks/v2/ann_00000906_img_000107_cat_box.png,/home/amir/Desktop/COGAR/COGAR_Foundation-Model-Segmentation-for-Robotic-Scenes/outputs/sim_sam_vit_b_auto_v2/masks/row_0712_object_906_sam_auto_mask.png,1.0355063676834106,0.9918983578681946,26,0.9881454058524675,1.0,13.856027441999686,0.07217075775765648,cuda,vit_b
713,000107.png,907,data/cogar_sim_500_v2/rgb/000107.png,/home/amir/Desktop/COGAR/COGAR_Foundation-Model-Segmentation-for-Robotic-Scenes/data/cogar_sim_500_v2/instance_masks/v2/ann_00000907_img_000107_cat_box.png,/home/amir/Desktop/COGAR/COGAR_Foundation-Model-Segmentation-for-Robotic-Scenes/outputs/sim_sam_vit_b_auto_v2/masks/row_0713_object_907_sam_auto_mask.png,1.0049700736999512,0.9551993608474731,26,0.9882409346690555,0.9967567567567568,13.856027441999686,0.07217075775765648,cuda,vit_b
714,000107.png,908,data/cogar_sim_500_v2/rgb/000107.png,/home/amir/Desktop/COGAR/COGAR_Foundation-Model-Segmentation-for-Robotic-Scenes/data/cogar_sim_500_v2/instance_masks/v2/ann_00000908_img_000107_cat_robot_gripper.png,/home/amir/Desktop/COGAR/COGAR_Foundation-Model-Segmentation-for-Robotic-Scenes/outputs/sim_sam_vit_b_auto_v2/masks/row_0714_object_908_sam_auto_mask.png,0.9538569450378418,0.9520964622497559,26,0.9711337281463882,0.9131997945557269,13.856027441999686,0.07217075775765648,cuda,vit_b
715,000107.png,909,data/cogar_sim_500_v2/rgb/000107.png,/home/amir/Desktop/COGAR/COGAR_Foundation-Model-Segmentation-for-Robotic-Scenes/data/cogar_sim_500_v2/instance_masks/v2/ann_00000909_img_000107_cat_robot_gripper.png,/home/amir/Desktop/COGAR/COGAR_Foundation-Model-Segmentation-for-Robotic-Scenes/outputs/sim_sam_vit_b_auto_v2/masks/row_0715_object_909_sam_auto_mask.png,0.9187250733375549,0.9536093473434448,26,0.9780827983174674,0.9952456418383517,13.856027441999686,0.07217075775765648,cuda,vit_b
716,000107.png,910,data/cogar_sim_500_v2/rgb/000107.png,/home/amir/Desktop/COGAR/COGAR_Foundation-Model-Segmentation-for-Robotic-Scenes/data/cogar_sim_500_v2/instance_masks/v2/ann_00000910_img_000107_cat_robot_gripper.png,/home/amir/Desktop/COGAR/COGAR_Foundation-Model-Segmentation-for-Robotic-Scenes/outputs/sim_sam_vit_b_auto_v2/masks/row_0716_object_910_sam_auto_mask.png,0.9913420677185059,0.9894160628318787,26,0.764813254703735,0.7834101382488479,13.856027441999686,0.07217075775765648,cuda,vit_b
717,000109.png,915,data/cogar_sim_500_v2/rgb/000109.png,/home/amir/Desktop/COGAR/COGAR_Foundation-Model-Segmentation-for-Robotic-Scenes/data/cogar_sim_500_v2/instance_masks/v2/ann_00000915_img_000109_cat_cable.png,/home/amir/Desktop/COGAR/COGAR_Foundation-Model-Segmentation-for-Robotic-Scenes/outputs/sim_sam_vit_b_auto_v2/masks/row_0717_object_915_sam_auto_mask.png,0.9842396974563599,0.9876881241798401,26,0.9338896020539152,1.0,13.39023101300063,0.0746813105038364,cuda,vit_b
718,000109.png,916,data/cogar_sim_500_v2/rgb/000109.png,/home/amir/Desktop/COGAR/COGAR_Foundation-Model-Segmentation-for-Robotic-Scenes/data/cogar_sim_500_v2/instance_masks/v2/ann_00000916_img_000109_cat_glass_object.png,/home/amir/Desktop/COGAR/COGAR_Foundation-Model-Segmentation-for-Robotic-Scenes/outputs/sim_sam_vit_b_auto_v2/masks/row_0718_object_916_sam_auto_mask.png,0.9371185898780823,0.9523438215255737,26,0.5901861605047714,0.5775568538529149,13.39023101300063,0.0746813105038364,cuda,vit_b
719,000109.png,917,data/cogar_sim_500_v2/rgb/000109.png,/home/amir/Desktop/COGAR/COGAR_Foundation-Model-Segmentation-for-Robotic-Scenes/data/cogar_sim_500_v2/instance_masks/v2/ann_00000917_img_000109_cat_connector.png,/home/amir/Desktop/COGAR/COGAR_Foundation-Model-Segmentation-for-Robotic-Scenes/outputs/sim_sam_vit_b_auto_v2/masks/row_0719_object_917_sam_auto_mask.png,0.990649938583374,0.970781147480011,26,0.9614243323442137,0.9970326409495549,13.39023101300063,0.0746813105038364,cuda,vit_b
720,000109.png,918,data/cogar_sim_500_v2/rgb/000109.png,/home/amir/Desktop/COGAR/COGAR_Foundation-Model-Segmentation-for-Robotic-Scenes/data/cogar_sim_500_v2/instance_masks/v2/ann_00000918_img_000109_cat_plastic_object.png,/home/amir/Desktop/COGAR/COGAR_Foundation-Model-Segmentation-for-Robotic-Scenes/outputs/sim_sam_vit_b_auto_v2/masks/row_0720_object_918_sam_auto_mask.png,0.9806143045425415,0.9806138873100281,26,0.9655716993051169,0.996309963099631,13.39023101300063,0.0746813105038364,cuda,vit_b
721,000109.png,919,data/cogar_sim_500_v2/rgb/000109.png,/home/amir/Desktop/COGAR/COGAR_Foundation-Model-Segmentation-for-Robotic-Scenes/data/cogar_sim_500_v2/instance_masks/v2/ann_00000919_img_000109_cat_plastic_object.png,/home/amir/Desktop/COGAR/COGAR_Foundation-Model-Segmentation-for-Robotic-Scenes/outputs/sim_sam_vit_b_auto_v2/masks/row_0721_object_919_sam_auto_mask.png,0.9904661774635315,0.9871170520782471,26,0.9879338596752569,1.0,13.39023101300063,0.0746813105038364,cuda,vit_b
722,000109.png,920,data/cogar_sim_500_v2/rgb/000109.png,/home/amir/Desktop/COGAR/COGAR_Foundation-Model-Segmentation-for-Robotic-Scenes/data/cogar_sim_500_v2/instance_masks/v2/ann_00000920_img_000109_cat_plastic_object.png,/home/amir/Desktop/COGAR/COGAR_Foundation-Model-Segmentation-for-Robotic-Scenes/outputs/sim_sam_vit_b_auto_v2/masks/row_0722_object_920_sam_auto_mask.png,0.9478921890258789,0.9763985872268677,26,0.9574468085106383,0.9754733469268861,13.39023101300063,0.0746813105038364,cuda,vit_b
723,000109.png,921,data/cogar_sim_500_v2/rgb/000109.png,/home/amir/Desktop/COGAR/COGAR_Foundation-Model-Segmentation-for-Robotic-Scenes/data/cogar_sim_500_v2/instance_masks/v2/ann_00000921_img_000109_cat_robot_gripper.png,/home/amir/Desktop/COGAR/COGAR_Foundation-Model-Segmentation-for-Robotic-Scenes/outputs/sim_sam_vit_b_auto_v2/masks/row_0723_object_921_sam_auto_mask.png,0.9918699264526367,0.9771016836166382,26,0.8382399244332494,0.6982259232440261,13.39023101300063,0.0746813105038364,cuda,vit_b
724,000109.png,922,data/cogar_sim_500_v2/rgb/000109.png,/home/amir/Desktop/COGAR/COGAR_Foundation-Model-Segmentation-for-Robotic-Scenes/data/cogar_sim_500_v2/instance_masks/v2/ann_00000922_img_000109_cat_robot_gripper.png,/home/amir/Desktop/COGAR/COGAR_Foundation-Model-Segmentation-for-Robotic-Scenes/outputs/sim_sam_vit_b_auto_v2/masks/row_0724_object_922_sam_auto_mask.png,0.9918699264526367,0.9771016836166382,26,0.11926171320397538,0.4952380952380953,13.39023101300063,0.0746813105038364,cuda,vit_b
725,000109.png,923,data/cogar_sim_500_v2/rgb/000109.png,/home/amir/Desktop/COGAR/COGAR_Foundation-Model-Segmentation-for-Robotic-Scenes/data/cogar_sim_500_v2/instance_masks/v2/ann_00000923_img_000109_cat_robot_gripper.png,/home/amir/Desktop/COGAR/COGAR_Foundation-Model-Segmentation-for-Robotic-Scenes/outputs/sim_sam_vit_b_auto_v2/masks/row_0725_object_923_sam_auto_mask.png,0.9918699264526367,0.9771016836166382,26,0.027530235518777847,0.21303258145363407,13.39023101300063,0.0746813105038364,cuda,vit_b
726,000110.png,925,data/cogar_sim_500_v2/rgb/000110.png,/home/amir/Desktop/COGAR/COGAR_Foundation-Model-Segmentation-for-Robotic-Scenes/data/cogar_sim_500_v2/instance_masks/v2/ann_00000925_img_000110_cat_metal_part.png,/home/amir/Desktop/COGAR/COGAR_Foundation-Model-Segmentation-for-Robotic-Scenes/outputs/sim_sam_vit_b_auto_v2/masks/row_0726_object_925_sam_auto_mask.png,0.9906647801399231,0.9657881259918213,20,0.936638421651701,0.8447938093838769,15.483761802999652,0.06458378866344167,cuda,vit_b
727,000110.png,926,data/cogar_sim_500_v2/rgb/000110.png,/home/amir/Desktop/COGAR/COGAR_Foundation-Model-Segmentation-for-Robotic-Scenes/data/cogar_sim_500_v2/instance_masks/v2/ann_00000926_img_000110_cat_connector.png,/home/amir/Desktop/COGAR/COGAR_Foundation-Model-Segmentation-for-Robotic-Scenes/outputs/sim_sam_vit_b_auto_v2/masks/row_0727_object_926_sam_auto_mask.png,0.9819660782814026,0.9854922294616699,20,0.9785276073619632,1.0,15.483761802999652,0.06458378866344167,cuda,vit_b
728,000110.png,927,data/cogar_sim_500_v2/rgb/000110.png,/home/amir/Desktop/COGAR/COGAR_Foundation-Model-Segmentation-for-Robotic-Scenes/data/cogar_sim_500_v2/instance_masks/v2/ann_00000927_img_000110_cat_metal_part.png,/home/amir/Desktop/COGAR/COGAR_Foundation-Model-Segmentation-for-Robotic-Scenes/outputs/sim_sam_vit_b_auto_v2/masks/row_0728_object_927_sam_auto_mask.png,0.9481180906295776,0.9708502292633057,20,0.9525691699604744,1.0,15.483761802999652,0.06458378866344167,cuda,vit_b
729,000110.png,928,data/cogar_sim_500_v2/rgb/000110.png,/home/amir/Desktop/COGAR/COGAR_Foundation-Model-Segmentation-for-Robotic-Scenes/data/cogar_sim_500_v2/instance_masks/v2/ann_00000928_img_000110_cat_metal_part.png,/home/amir/Desktop/COGAR/COGAR_Foundation-Model-Segmentation-for-Robotic-Scenes/outputs/sim_sam_vit_b_auto_v2/masks/row_0729_object_928_sam_auto_mask.png,0.9889240860939026,0.9823598861694336,20,0.9649256576439191,1.0,15.483761802999652,0.06458378866344167,cuda,vit_b
730,000110.png,929,data/cogar_sim_500_v2/rgb/000110.png,/home/amir/Desktop/COGAR/COGAR_Foundation-Model-Segmentation-for-Robotic-Scenes/data/cogar_sim_500_v2/instance_masks/v2/ann_00000929_img_000110_cat_tool.png,/home/amir/Desktop/COGAR/COGAR_Foundation-Model-Segmentation-for-Robotic-Scenes/outputs/sim_sam_vit_b_auto_v2/masks/row_0730_object_929_sam_auto_mask.png,0.9628046751022339,0.9502990245819092,20,0.8600199401794616,0.9021298978717082,15.483761802999652,0.06458378866344167,cuda,vit_b
731,000110.png,930,data/cogar_sim_500_v2/rgb/000110.png,/home/amir/Desktop/COGAR/COGAR_Foundation-Model-Segmentation-for-Robotic-Scenes/data/cogar_sim_500_v2/instance_masks/v2/ann_00000930_img_000110_cat_metal_part.png,/home/amir/Desktop/COGAR/COGAR_Foundation-Model-Segmentation-for-Robotic-Scenes/outputs/sim_sam_vit_b_auto_v2/masks/row_0731_object_930_sam_auto_mask.png,0.9791833758354187,0.9901800155639648,20,0.967515923566879,1.0,15.483761802999652,0.06458378866344167,cuda,vit_b
732,000110.png,931,data/cogar_sim_500_v2/rgb/000110.png,/home/amir/Desktop/COGAR/COGAR_Foundation-Model-Segmentation-for-Robotic-Scenes/data/cogar_sim_500_v2/instance_masks/v2/ann_00000931_img_000110_cat_plastic_object.png,/home/amir/Desktop/COGAR/COGAR_Foundation-Model-Segmentation-for-Robotic-Scenes/outputs/sim_sam_vit_b_auto_v2/masks/row_0732_object_931_sam_auto_mask.png,1.0101537704467773,0.9918670654296875,20,0.9792618629173989,1.0,15.483761802999652,0.06458378866344167,cuda,vit_b
733,000110.png,932,data/cogar_sim_500_v2/rgb/000110.png,/home/amir/Desktop/COGAR/COGAR_Foundation-Model-Segmentation-for-Robotic-Scenes/data/cogar_sim_500_v2/instance_masks/v2/ann_00000932_img_000110_cat_metal_part.png,/home/amir/Desktop/COGAR/COGAR_Foundation-Model-Segmentation-for-Robotic-Scenes/outputs/sim_sam_vit_b_auto_v2/masks/row_0733_object_932_sam_auto_mask.png,1.0019781589508057,0.9912663698196411,20,0.9709952102182011,1.0,15.483761802999652,0.06458378866344167,cuda,vit_b
734,000110.png,933,data/cogar_sim_500_v2/rgb/000110.png,/home/amir/Desktop/COGAR/COGAR_Foundation-Model-Segmentation-for-Robotic-Scenes/data/cogar_sim_500_v2/instance_masks/v2/ann_00000933_img_000110_cat_tool.png,/home/amir/Desktop/COGAR/COGAR_Foundation-Model-Segmentation-for-Robotic-Scenes/outputs/sim_sam_vit_b_auto_v2/masks/row_0734_object_933_sam_auto_mask.png,0.981480598449707,0.9805111289024353,20,0.9631748301751877,0.9934747145187602,15.483761802999652,0.06458378866344167,cuda,vit_b
735,000114.png,941,data/cogar_sim_500_v2/rgb/000114.png,/home/amir/Desktop/COGAR/COGAR_Foundation-Model-Segmentation-for-Robotic-Scenes/data/cogar_sim_500_v2/instance_masks/v2/ann_00000941_img_000114_cat_box.png,/home/amir/Desktop/COGAR/COGAR_Foundation-Model-Segmentation-for-Robotic-Scenes/outputs/sim_sam_vit_b_auto_v2/masks/row_0735_object_941_sam_auto_mask.png,0.9347723722457886,0.9722654819488525,18,0.45454545454545453,0.5341517024011944,15.299960833999648,0.06535964443633052,cuda,vit_b
736,000114.png,942,data/cogar_sim_500_v2/rgb/000114.png,/home/amir/Desktop/COGAR/COGAR_Foundation-Model-Segmentation-for-Robotic-Scenes/data/cogar_sim_500_v2/instance_masks/v2/ann_00000942_img_000114_cat_plastic_object.png,/home/amir/Desktop/COGAR/COGAR_Foundation-Model-Segmentation-for-Robotic-Scenes/outputs/sim_sam_vit_b_auto_v2/masks/row_0736_object_942_sam_auto_mask.png,0.919630765914917,0.9781001210212708,18,0.9672268907563025,0.9964285714285714,15.299960833999648,0.06535964443633052,cuda,vit_b
737,000114.png,943,data/cogar_sim_500_v2/rgb/000114.png,/home/amir/Desktop/COGAR/COGAR_Foundation-Model-Segmentation-for-Robotic-Scenes/data/cogar_sim_500_v2/instance_masks/v2/ann_00000943_img_000114_cat_box.png,/home/amir/Desktop/COGAR/COGAR_Foundation-Model-Segmentation-for-Robotic-Scenes/outputs/sim_sam_vit_b_auto_v2/masks/row_0737_object_943_sam_auto_mask.png,0.9819808006286621,0.9792905449867249,18,0.4126104278538022,0.38505825534120985,15.299960833999648,0.06535964443633052,cuda,vit_b
738,000114.png,944,data/cogar_sim_500_v2/rgb/000114.png,/home/amir/Desktop/COGAR/COGAR_Foundation-Model-Segmentation-for-Robotic-Scenes/data/cogar_sim_500_v2/instance_masks/v2/ann_00000944_img_000114_cat_tool.png,/home/amir/Desktop/COGAR/COGAR_Foundation-Model-Segmentation-for-Robotic-Scenes/outputs/sim_sam_vit_b_auto_v2/masks/row_0738_object_944_sam_auto_mask.png,0.9756416082382202,0.9754977226257324,18,0.924726060028585,1.0,15.299960833999648,0.06535964443633052,cuda,vit_b
739,000114.png,945,data/cogar_sim_500_v2/rgb/000114.png,/home/amir/Desktop/COGAR/COGAR_Foundation-Model-Segmentation-for-Robotic-Scenes/data/cogar_sim_500_v2/instance_masks/v2/ann_00000945_img_000114_cat_robot_gripper.png,/home/amir/Desktop/COGAR/COGAR_Foundation-Model-Segmentation-for-Robotic-Scenes/outputs/sim_sam_vit_b_auto_v2/masks/row_0739_object_945_sam_auto_mask.png,0.9784484505653381,0.9761481881141663,18,0.8284101453758119,0.8175077520484729,15.299960833999648,0.06535964443633052,cuda,vit_b
740,000114.png,946,data/cogar_sim_500_v2/rgb/000114.png,/home/amir/Desktop/COGAR/COGAR_Foundation-Model-Segmentation-for-Robotic-Scenes/data/cogar_sim_500_v2/instance_masks/v2/ann_00000946_img_000114_cat_robot_gripper.png,/home/amir/Desktop/COGAR/COGAR_Foundation-Model-Segmentation-for-Robotic-Scenes/outputs/sim_sam_vit_b_auto_v2/masks/row_0740_object_946_sam_auto_mask.png,0.9784484505653381,0.9761481881141663,18,0.09347181008902077,0.09831851772517938,15.299960833999648,0.06535964443633052,cuda,vit_b
741,000114.png,947,data/cogar_sim_500_v2/rgb/000114.png,/home/amir/Desktop/COGAR/COGAR_Foundation-Model-Segmentation-for-Robotic-Scenes/data/cogar_sim_500_v2/instance_masks/v2/ann_00000947_img_000114_cat_robot_gripper.png,/home/amir/Desktop/COGAR/COGAR_Foundation-Model-Segmentation-for-Robotic-Scenes/outputs/sim_sam_vit_b_auto_v2/masks/row_0741_object_947_sam_auto_mask.png,0.9289023876190186,0.9626696705818176,18,0.8173168411037107,0.7841702693714666,15.299960833999648,0.06535964443633052,cuda,vit_b
742,000117.png,951,data/cogar_sim_500_v2/rgb/000117.png,/home/amir/Desktop/COGAR/COGAR_Foundation-Model-Segmentation-for-Robotic-Scenes/data/cogar_sim_500_v2/instance_masks/v2/ann_00000951_img_000117_cat_metal_part.png,/home/amir/Desktop/COGAR/COGAR_Foundation-Model-Segmentation-for-Robotic-Scenes/outputs/sim_sam_vit_b_auto_v2/masks/row_0742_object_951_sam_auto_mask.png,0.9958412051200867,0.9855371713638306,17,0.9740470397404704,1.0,16.431018256999778,0.060860500813696684,cuda,vit_b
743,000117.png,952,data/cogar_sim_500_v2/rgb/000117.png,/home/amir/Desktop/COGAR/COGAR_Foundation-Model-Segmentation-for-Robotic-Scenes/data/cogar_sim_500_v2/instance_masks/v2/ann_00000952_img_000117_cat_plastic_object.png,/home/amir/Desktop/COGAR/COGAR_Foundation-Model-Segmentation-for-Robotic-Scenes/outputs/sim_sam_vit_b_auto_v2/masks/row_0743_object_952_sam_auto_mask.png,1.018693447113037,0.9903896450996399,17,0.9793708096957194,1.0,16.431018256999778,0.060860500813696684,cuda,vit_b
744,000117.png,953,data/cogar_sim_500_v2/rgb/000117.png,/home/amir/Desktop/COGAR/COGAR_Foundation-Model-Segmentation-for-Robotic-Scenes/data/cogar_sim_500_v2/instance_masks/v2/ann_00000953_img_000117_cat_screw.png,/home/amir/Desktop/COGAR/COGAR_Foundation-Model-Segmentation-for-Robotic-Scenes/outputs/sim_sam_vit_b_auto_v2/masks/row_0744_object_953_sam_auto_mask.png,0.9900212287902832,0.9873684048652649,17,0.9397089397089398,1.0,16.431018256999778,0.060860500813696684,cuda,vit_b
745,000117.png,954,data/cogar_sim_500_v2/rgb/000117.png,/home/amir/Desktop/COGAR/COGAR_Foundation-Model-Segmentation-for-Robotic-Scenes/data/cogar_sim_500_v2/instance_masks/v2/ann_00000954_img_000117_cat_robot_gripper.png,/home/amir/Desktop/COGAR/COGAR_Foundation-Model-Segmentation-for-Robotic-Scenes/outputs/sim_sam_vit_b_auto_v2/masks/row_0745_object_954_sam_auto_mask.png,0.9529742002487183,0.9808454513549805,17,0.6355633802816901,0.6031340143435573,16.431018256999778,0.060860500813696684,cuda,vit_b
746,000117.png,955,data/cogar_sim_500_v2/rgb/000117.png,/home/amir/Desktop/COGAR/COGAR_Foundation-Model-Segmentation-for-Robotic-Scenes/data/cogar_sim_500_v2/instance_masks/v2/ann_00000955_img_000117_cat_robot_gripper.png,/home/amir/Desktop/COGAR/COGAR_Foundation-Model-Segmentation-for-Robotic-Scenes/outputs/sim_sam_vit_b_auto_v2/masks/row_0746_object_955_sam_auto_mask.png,0.9082740545272827,0.9644669890403748,17,0.20986745213549338,0.2848069530335952,16.431018256999778,0.060860500813696684,cuda,vit_b
747,000117.png,956,data/cogar_sim_500_v2/rgb/000117.png,/home/amir/Desktop/COGAR/COGAR_Foundation-Model-Segmentation-for-Robotic-Scenes/data/cogar_sim_500_v2/instance_masks/v2/ann_00000956_img_000117_cat_robot_gripper.png,/home/amir/Desktop/COGAR/COGAR_Foundation-Model-Segmentation-for-Robotic-Scenes/outputs/sim_sam_vit_b_auto_v2/masks/row_0747_object_956_sam_auto_mask.png,0.9529742002487183,0.9808454513549805,17,0.2001995897322171,0.1513953766918194,16.431018256999778,0.060860500813696684,cuda,vit_b
748,000118.png,959,data/cogar_sim_500_v2/rgb/000118.png,/home/amir/Desktop/COGAR/COGAR_Foundation-Model-Segmentation-for-Robotic-Scenes/data/cogar_sim_500_v2/instance_masks/v2/ann_00000959_img_000118_cat_screw.png,/home/amir/Desktop/COGAR/COGAR_Foundation-Model-Segmentation-for-Robotic-Scenes/outputs/sim_sam_vit_b_auto_v2/masks/row_0748_object_959_sam_auto_mask.png,0.9206469058990479,0.9610389471054077,18,0.8588235294117647,0.9696969696969697,15.364785026999925,0.06508389139468855,cuda,vit_b
749,000118.png,960,data/cogar_sim_500_v2/rgb/000118.png,/home/amir/Desktop/COGAR/COGAR_Foundation-Model-Segmentation-for-Robotic-Scenes/data/cogar_sim_500_v2/instance_masks/v2/ann_00000960_img_000118_cat_screw.png,/home/amir/Desktop/COGAR/COGAR_Foundation-Model-Segmentation-for-Robotic-Scenes/outputs/sim_sam_vit_b_auto_v2/masks/row_0749_object_960_sam_auto_mask.png,0.984353244304657,0.9775086641311646,18,0.9313725490196079,1.0,15.364785026999925,0.06508389139468855,cuda,vit_b
750,000118.png,961,data/cogar_sim_500_v2/rgb/000118.png,/home/amir/Desktop/COGAR/COGAR_Foundation-Model-Segmentation-for-Robotic-Scenes/data/cogar_sim_500_v2/instance_masks/v2/ann_00000961_img_000118_cat_metal_part.png,/home/amir/Desktop/COGAR/COGAR_Foundation-Model-Segmentation-for-Robotic-Scenes/outputs/sim_sam_vit_b_auto_v2/masks/row_0750_object_961_sam_auto_mask.png,0.991602897644043,0.9890466332435608,18,0.939116593712694,0.9130689842476915,15.364785026999925,0.06508389139468855,cuda,vit_b
751,000118.png,962,data/cogar_sim_500_v2/rgb/000118.png,/home/amir/Desktop/COGAR/COGAR_Foundation-Model-Segmentation-for-Robotic-Scenes/data/cogar_sim_500_v2/instance_masks/v2/ann_00000962_img_000118_cat_connector.png,/home/amir/Desktop/COGAR/COGAR_Foundation-Model-Segmentation-for-Robotic-Scenes/outputs/sim_sam_vit_b_auto_v2/masks/row_0751_object_962_sam_auto_mask.png,1.0046755075454712,0.9814909100532532,18,0.9803356501101882,1.0,15.364785026999925,0.06508389139468855,cuda,vit_b
752,000118.png,963,data/cogar_sim_500_v2/rgb/000118.png,/home/amir/Desktop/COGAR/COGAR_Foundation-Model-Segmentation-for-Robotic-Scenes/data/cogar_sim_500_v2/instance_masks/v2/ann_00000963_img_000118_cat_metal_part.png,/home/amir/Desktop/COGAR/COGAR_Foundation-Model-Segmentation-for-Robotic-Scenes/outputs/sim_sam_vit_b_auto_v2/masks/row_0752_object_963_sam_auto_mask.png,0.9900387525558472,0.9675834774971008,18,0.9840433653992976,0.996078431372549,15.364785026999925,0.06508389139468855,cuda,vit_b
753,000118.png,964,data/cogar_sim_500_v2/rgb/000118.png,/home/amir/Desktop/COGAR/COGAR_Foundation-Model-Segmentation-for-Robotic-Scenes/data/cogar_sim_500_v2/instance_masks/v2/ann_00000964_img_000118_cat_connector.png,/home/amir/Desktop/COGAR/COGAR_Foundation-Model-Segmentation-for-Robotic-Scenes/outputs/sim_sam_vit_b_auto_v2/masks/row_0753_object_964_sam_auto_mask.png,0.9851760268211365,0.9893238544464111,18,0.9787610619469026,1.0,15.364785026999925,0.06508389139468855,cuda,vit_b
754,000118.png,965,data/cogar_sim_500_v2/rgb/000118.png,/home/amir/Desktop/COGAR/COGAR_Foundation-Model-Segmentation-for-Robotic-Scenes/data/cogar_sim_500_v2/instance_masks/v2/ann_00000965_img_000118_cat_screw.png,/home/amir/Desktop/COGAR/COGAR_Foundation-Model-Segmentation-for-Robotic-Scenes/outputs/sim_sam_vit_b_auto_v2/masks/row_0754_object_965_sam_auto_mask.png,0.8913732767105103,0.9826086759567261,18,0.7413793103448276,0.9606299212598425,15.364785026999925,0.06508389139468855,cuda,vit_b
755,000118.png,966,data/cogar_sim_500_v2/rgb/000118.png,/home/amir/Desktop/COGAR/COGAR_Foundation-Model-Segmentation-for-Robotic-Scenes/data/cogar_sim_500_v2/instance_masks/v2/ann_00000966_img_000118_cat_screw.png,/home/amir/Desktop/COGAR/COGAR_Foundation-Model-Segmentation-for-Robotic-Scenes/outputs/sim_sam_vit_b_auto_v2/masks/row_0755_object_966_sam_auto_mask.png,0.9683500528335571,0.9863945841789246,18,0.9464285714285714,1.0,15.364785026999925,0.06508389139468855,cuda,vit_b
756,000119.png,969,data/cogar_sim_500_v2/rgb/000119.png,/home/amir/Desktop/COGAR/COGAR_Foundation-Model-Segmentation-for-Robotic-Scenes/data/cogar_sim_500_v2/instance_masks/v2/ann_00000969_img_000119_cat_metal_part.png,/home/amir/Desktop/COGAR/COGAR_Foundation-Model-Segmentation-for-Robotic-Scenes/outputs/sim_sam_vit_b_auto_v2/masks/row_0756_object_969_sam_auto_mask.png,0.9901419878005981,0.9862239360809326,15,0.5499021526418787,0.5375965511047242,15.285742580999795,0.06542043964831658,cuda,vit_b
757,000119.png,970,data/cogar_sim_500_v2/rgb/000119.png,/home/amir/Desktop/COGAR/COGAR_Foundation-Model-Segmentation-for-Robotic-Scenes/data/cogar_sim_500_v2/instance_masks/v2/ann_00000970_img_000119_cat_tool.png,/home/amir/Desktop/COGAR/COGAR_Foundation-Model-Segmentation-for-Robotic-Scenes/outputs/sim_sam_vit_b_auto_v2/masks/row_0757_object_970_sam_auto_mask.png,0.9669795036315918,0.9615906476974487,15,0.8771599120326736,0.5778848491135392,15.285742580999795,0.06542043964831658,cuda,vit_b
758,000119.png,971,data/cogar_sim_500_v2/rgb/000119.png,/home/amir/Desktop/COGAR/COGAR_Foundation-Model-Segmentation-for-Robotic-Scenes/data/cogar_sim_500_v2/instance_masks/v2/ann_00000971_img_000119_cat_cable.png,/home/amir/Desktop/COGAR/COGAR_Foundation-Model-Segmentation-for-Robotic-Scenes/outputs/sim_sam_vit_b_auto_v2/masks/row_0758_object_971_sam_auto_mask.png,0.9782650470733643,0.9703065156936646,15,0.8264021365890881,0.835449627207381,15.285742580999795,0.06542043964831658,cuda,vit_b
759,000119.png,972,data/cogar_sim_500_v2/rgb/000119.png,/home/amir/Desktop/COGAR/COGAR_Foundation-Model-Segmentation-for-Robotic-Scenes/data/cogar_sim_500_v2/instance_masks/v2/ann_00000972_img_000119_cat_plastic_object.png,/home/amir/Desktop/COGAR/COGAR_Foundation-Model-Segmentation-for-Robotic-Scenes/outputs/sim_sam_vit_b_auto_v2/masks/row_0759_object_972_sam_auto_mask.png,0.9854494333267212,0.9871441721916199,15,0.9119324181626188,0.8866586647569672,15.285742580999795,0.06542043964831658,cuda,vit_b
760,000119.png,973,data/cogar_sim_500_v2/rgb/000119.png,/home/amir/Desktop/COGAR/COGAR_Foundation-Model-Segmentation-for-Robotic-Scenes/data/cogar_sim_500_v2/instance_masks/v2/ann_00000973_img_000119_cat_plastic_object.png,/home/amir/Desktop/COGAR/COGAR_Foundation-Model-Segmentation-for-Robotic-Scenes/outputs/sim_sam_vit_b_auto_v2/masks/row_0760_object_973_sam_auto_mask.png,0.99281907081604,0.9739682674407959,15,0.9642072213500785,0.9927641099855282,15.285742580999795,0.06542043964831658,cuda,vit_b
761,000119.png,974,data/cogar_sim_500_v2/rgb/000119.png,/home/amir/Desktop/COGAR/COGAR_Foundation-Model-Segmentation-for-Robotic-Scenes/data/cogar_sim_500_v2/instance_masks/v2/ann_00000974_img_000119_cat_robot_gripper.png,/home/amir/Desktop/COGAR/COGAR_Foundation-Model-Segmentation-for-Robotic-Scenes/outputs/sim_sam_vit_b_auto_v2/masks/row_0761_object_974_sam_auto_mask.png,0.9866867661476135,0.970147967338562,15,0.8465581335726189,0.8002247323320171,15.285742580999795,0.06542043964831658,cuda,vit_b
762,000119.png,975,data/cogar_sim_500_v2/rgb/000119.png,/home/amir/Desktop/COGAR/COGAR_Foundation-Model-Segmentation-for-Robotic-Scenes/data/cogar_sim_500_v2/instance_masks/v2/ann_00000975_img_000119_cat_robot_gripper.png,/home/amir/Desktop/COGAR/COGAR_Foundation-Model-Segmentation-for-Robotic-Scenes/outputs/sim_sam_vit_b_auto_v2/masks/row_0762_object_975_sam_auto_mask.png,0.9261822700500488,0.9538461565971375,15,0.1330313014827018,0.6432707492542552,15.285742580999795,0.06542043964831658,cuda,vit_b
763,000119.png,976,data/cogar_sim_500_v2/rgb/000119.png,/home/amir/Desktop/COGAR/COGAR_Foundation-Model-Segmentation-for-Robotic-Scenes/data/cogar_sim_500_v2/instance_masks/v2/ann_00000976_img_000119_cat_robot_gripper.png,/home/amir/Desktop/COGAR/COGAR_Foundation-Model-Segmentation-for-Robotic-Scenes/outputs/sim_sam_vit_b_auto_v2/masks/row_0763_object_976_sam_auto_mask.png,0.9866867661476135,0.970147967338562,15,0.03319774307833618,0.16585891222401722,15.285742580999795,0.06542043964831658,cuda,vit_b
