row_index,file_name,object_id,image_path,gt_mask_path,point_x,point_y,sam_score,iou,boundary_f1,latency_sec,fps,mask_output_path,visualization_output_path,device,model_type
0,000000.png,3,data/cogar_sim_500/rgb/000000.png,/home/amir/Desktop/COGAR/COGAR_Foundation-Model-Segmentation-for-Robotic-Scenes/data/cogar_sim_500/instance_masks/all/ann_00000003_img_000000_cat_box.png,330.0,187.0,0.9828764796257019,0.9833907865872767,0.9950953486183859,0.13107583600003636,7.629171253195155,/home/amir/Desktop/COGAR/COGAR_Foundation-Model-Segmentation-for-Robotic-Scenes/outputs/sim_sam_vit_b_point_25/masks/row_0000_object_3_sam_point_mask.png,,cuda,vit_b
1,000000.png,4,data/cogar_sim_500/rgb/000000.png,/home/amir/Desktop/COGAR/COGAR_Foundation-Model-Segmentation-for-Robotic-Scenes/data/cogar_sim_500/instance_masks/all/ann_00000004_img_000000_cat_plastic_object.png,93.0,252.0,0.831983208656311,0.6918429003021148,0.694779787981139,0.012510367000231781,79.93370617996041,/home/amir/Desktop/COGAR/COGAR_Foundation-Model-Segmentation-for-Robotic-Scenes/outputs/sim_sam_vit_b_point_25/masks/row_0001_object_4_sam_point_mask.png,,cuda,vit_b
2,000000.png,5,data/cogar_sim_500/rgb/000000.png,/home/amir/Desktop/COGAR/COGAR_Foundation-Model-Segmentation-for-Robotic-Scenes/data/cogar_sim_500/instance_masks/all/ann_00000005_img_000000_cat_plastic_object.png,351.0,428.0,0.7605602145195007,0.9569288389513109,1.0,0.012389277999773185,80.7149536896587,/home/amir/Desktop/COGAR/COGAR_Foundation-Model-Segmentation-for-Robotic-Scenes/outputs/sim_sam_vit_b_point_25/masks/row_0002_object_5_sam_point_mask.png,,cuda,vit_b
3,000000.png,6,data/cogar_sim_500/rgb/000000.png,/home/amir/Desktop/COGAR/COGAR_Foundation-Model-Segmentation-for-Robotic-Scenes/data/cogar_sim_500/instance_masks/all/ann_00000006_img_000000_cat_metal_part.png,393.0,136.0,0.9472156763076782,0.9329529243937232,1.0,0.012282772000162367,81.41484674524455,/home/amir/Desktop/COGAR/COGAR_Foundation-Model-Segmentation-for-Robotic-Scenes/outputs/sim_sam_vit_b_point_25/masks/row_0003_object_6_sam_point_mask.png,,cuda,vit_b
4,000000.png,7,data/cogar_sim_500/rgb/000000.png,/home/amir/Desktop/COGAR/COGAR_Foundation-Model-Segmentation-for-Robotic-Scenes/data/cogar_sim_500/instance_masks/all/ann_00000007_img_000000_cat_box.png,141.0,453.0,0.9798895120620728,0.982498784637822,0.920075519194462,0.012368103999961022,80.85313642278166,/home/amir/Desktop/COGAR/COGAR_Foundation-Model-Segmentation-for-Robotic-Scenes/outputs/sim_sam_vit_b_point_25/masks/row_0004_object_7_sam_point_mask.png,,cuda,vit_b
5,000000.png,8,data/cogar_sim_500/rgb/000000.png,/home/amir/Desktop/COGAR/COGAR_Foundation-Model-Segmentation-for-Robotic-Scenes/data/cogar_sim_500/instance_masks/all/ann_00000008_img_000000_cat_tool.png,105.0,321.0,0.8524718880653381,0.9588405797101449,1.0,0.012360415999864927,80.90342590499607,/home/amir/Desktop/COGAR/COGAR_Foundation-Model-Segmentation-for-Robotic-Scenes/outputs/sim_sam_vit_b_point_25/masks/row_0005_object_8_sam_point_mask.png,,cuda,vit_b
6,000000.png,9,data/cogar_sim_500/rgb/000000.png,/home/amir/Desktop/COGAR/COGAR_Foundation-Model-Segmentation-for-Robotic-Scenes/data/cogar_sim_500/instance_masks/all/ann_00000009_img_000000_cat_metal_part.png,389.0,49.0,0.9056718349456787,0.905,1.0,0.012375478000194562,80.80495961321886,/home/amir/Desktop/COGAR/COGAR_Foundation-Model-Segmentation-for-Robotic-Scenes/outputs/sim_sam_vit_b_point_25/masks/row_0006_object_9_sam_point_mask.png,,cuda,vit_b
7,000000.png,10,data/cogar_sim_500/rgb/000000.png,/home/amir/Desktop/COGAR/COGAR_Foundation-Model-Segmentation-for-Robotic-Scenes/data/cogar_sim_500/instance_masks/all/ann_00000010_img_000000_cat_metal_part.png,437.0,199.0,0.8741311430931091,0.9354838709677419,0.931899641577061,0.012327511999956187,81.11936942373725,/home/amir/Desktop/COGAR/COGAR_Foundation-Model-Segmentation-for-Robotic-Scenes/outputs/sim_sam_vit_b_point_25/masks/row_0007_object_10_sam_point_mask.png,,cuda,vit_b
8,000000.png,11,data/cogar_sim_500/rgb/000000.png,/home/amir/Desktop/COGAR/COGAR_Foundation-Model-Segmentation-for-Robotic-Scenes/data/cogar_sim_500/instance_masks/all/ann_00000011_img_000000_cat_connector.png,175.0,153.0,0.9578342437744141,0.9298469387755102,0.9791611942912178,0.012328123999850504,81.11534244886946,/home/amir/Desktop/COGAR/COGAR_Foundation-Model-Segmentation-for-Robotic-Scenes/outputs/sim_sam_vit_b_point_25/masks/row_0008_object_11_sam_point_mask.png,,cuda,vit_b
9,000000.png,12,data/cogar_sim_500/rgb/000000.png,/home/amir/Desktop/COGAR/COGAR_Foundation-Model-Segmentation-for-Robotic-Scenes/data/cogar_sim_500/instance_masks/all/ann_00000012_img_000000_cat_box.png,458.0,0.0,0.9964855909347534,0.9873088443953965,0.9376476796572256,0.012621464000403648,79.23011149641745,/home/amir/Desktop/COGAR/COGAR_Foundation-Model-Segmentation-for-Robotic-Scenes/outputs/sim_sam_vit_b_point_25/masks/row_0009_object_12_sam_point_mask.png,,cuda,vit_b
10,000000.png,13,data/cogar_sim_500/rgb/000000.png,/home/amir/Desktop/COGAR/COGAR_Foundation-Model-Segmentation-for-Robotic-Scenes/data/cogar_sim_500/instance_masks/all/ann_00000013_img_000000_cat_plastic_object.png,205.0,230.0,0.9598404169082642,0.9782901229030232,0.99009900990099,0.012537443999917741,79.76107410781344,/home/amir/Desktop/COGAR/COGAR_Foundation-Model-Segmentation-for-Robotic-Scenes/outputs/sim_sam_vit_b_point_25/masks/row_0010_object_13_sam_point_mask.png,,cuda,vit_b
11,000000.png,14,data/cogar_sim_500/rgb/000000.png,/home/amir/Desktop/COGAR/COGAR_Foundation-Model-Segmentation-for-Robotic-Scenes/data/cogar_sim_500/instance_masks/all/ann_00000014_img_000000_cat_box.png,398.0,290.0,0.9591827392578125,0.9233149468586035,0.8232322093154392,0.0124193610004113,80.51944057080573,/home/amir/Desktop/COGAR/COGAR_Foundation-Model-Segmentation-for-Robotic-Scenes/outputs/sim_sam_vit_b_point_25/masks/row_0011_object_14_sam_point_mask.png,,cuda,vit_b
12,000000.png,15,data/cogar_sim_500/rgb/000000.png,/home/amir/Desktop/COGAR/COGAR_Foundation-Model-Segmentation-for-Robotic-Scenes/data/cogar_sim_500/instance_masks/all/ann_00000015_img_000000_cat_cable.png,447.0,149.0,0.8622164726257324,0.7857142857142857,0.9347826086956522,0.012573433999932604,79.53276726193975,/home/amir/Desktop/COGAR/COGAR_Foundation-Model-Segmentation-for-Robotic-Scenes/outputs/sim_sam_vit_b_point_25/masks/row_0012_object_15_sam_point_mask.png,,cuda,vit_b
13,000000.png,16,data/cogar_sim_500/rgb/000000.png,/home/amir/Desktop/COGAR/COGAR_Foundation-Model-Segmentation-for-Robotic-Scenes/data/cogar_sim_500/instance_masks/all/ann_00000016_img_000000_cat_metal_part.png,402.0,154.0,0.5609952211380005,0.448559670781893,0.6085212074894918,0.012773306999861234,78.28826160765288,/home/amir/Desktop/COGAR/COGAR_Foundation-Model-Segmentation-for-Robotic-Scenes/outputs/sim_sam_vit_b_point_25/masks/row_0013_object_16_sam_point_mask.png,,cuda,vit_b
14,000002.png,21,data/cogar_sim_500/rgb/000002.png,/home/amir/Desktop/COGAR/COGAR_Foundation-Model-Segmentation-for-Robotic-Scenes/data/cogar_sim_500/instance_masks/all/ann_00000021_img_000002_cat_plastic_object.png,356.0,27.0,0.7210772037506104,0.9208534067446662,0.9523809523809523,0.15764780000017709,6.343253759322215,/home/amir/Desktop/COGAR/COGAR_Foundation-Model-Segmentation-for-Robotic-Scenes/outputs/sim_sam_vit_b_point_25/masks/row_0014_object_21_sam_point_mask.png,,cuda,vit_b
15,000002.png,22,data/cogar_sim_500/rgb/000002.png,/home/amir/Desktop/COGAR/COGAR_Foundation-Model-Segmentation-for-Robotic-Scenes/data/cogar_sim_500/instance_masks/all/ann_00000022_img_000002_cat_plastic_object.png,425.0,340.0,0.6953355073928833,0.7465753424657534,0.6279295820282969,0.013431350999780989,74.4526741960884,/home/amir/Desktop/COGAR/COGAR_Foundation-Model-Segmentation-for-Robotic-Scenes/outputs/sim_sam_vit_b_point_25/masks/row_0015_object_22_sam_point_mask.png,,cuda,vit_b
16,000002.png,23,data/cogar_sim_500/rgb/000002.png,/home/amir/Desktop/COGAR/COGAR_Foundation-Model-Segmentation-for-Robotic-Scenes/data/cogar_sim_500/instance_masks/all/ann_00000023_img_000002_cat_metal_part.png,331.0,479.0,0.9294168949127197,0.7314487632508834,0.8664627930682977,0.012899604000267573,77.52175958108926,/home/amir/Desktop/COGAR/COGAR_Foundation-Model-Segmentation-for-Robotic-Scenes/outputs/sim_sam_vit_b_point_25/masks/row_0016_object_23_sam_point_mask.png,,cuda,vit_b
17,000002.png,24,data/cogar_sim_500/rgb/000002.png,/home/amir/Desktop/COGAR/COGAR_Foundation-Model-Segmentation-for-Robotic-Scenes/data/cogar_sim_500/instance_masks/all/ann_00000024_img_000002_cat_plastic_object.png,219.0,232.0,0.9508730173110962,0.989344909234412,1.0,0.012833876000058808,77.91878307032246,/home/amir/Desktop/COGAR/COGAR_Foundation-Model-Segmentation-for-Robotic-Scenes/outputs/sim_sam_vit_b_point_25/masks/row_0017_object_24_sam_point_mask.png,,cuda,vit_b
18,000002.png,25,data/cogar_sim_500/rgb/000002.png,/home/amir/Desktop/COGAR/COGAR_Foundation-Model-Segmentation-for-Robotic-Scenes/data/cogar_sim_500/instance_masks/all/ann_00000025_img_000002_cat_tool.png,290.0,220.0,0.9844891428947449,0.9515418502202643,0.988621997471555,0.013403630000084377,74.60665506237527,/home/amir/Desktop/COGAR/COGAR_Foundation-Model-Segmentation-for-Robotic-Scenes/outputs/sim_sam_vit_b_point_25/masks/row_0018_object_25_sam_point_mask.png,,cuda,vit_b
19,000002.png,26,data/cogar_sim_500/rgb/000002.png,/home/amir/Desktop/COGAR/COGAR_Foundation-Model-Segmentation-for-Robotic-Scenes/data/cogar_sim_500/instance_masks/all/ann_00000026_img_000002_cat_cable.png,348.0,226.0,0.9091715216636658,0.8141702921068987,0.8370702541106129,0.012820938999993814,77.99740721022715,/home/amir/Desktop/COGAR/COGAR_Foundation-Model-Segmentation-for-Robotic-Scenes/outputs/sim_sam_vit_b_point_25/masks/row_0019_object_26_sam_point_mask.png,,cuda,vit_b
20,000002.png,27,data/cogar_sim_500/rgb/000002.png,/home/amir/Desktop/COGAR/COGAR_Foundation-Model-Segmentation-for-Robotic-Scenes/data/cogar_sim_500/instance_masks/all/ann_00000027_img_000002_cat_metal_part.png,366.0,446.0,0.8704712390899658,0.9465208143421452,0.9439421338155516,0.01259961799996745,79.36748558587915,/home/amir/Desktop/COGAR/COGAR_Foundation-Model-Segmentation-for-Robotic-Scenes/outputs/sim_sam_vit_b_point_25/masks/row_0020_object_27_sam_point_mask.png,,cuda,vit_b
21,000002.png,28,data/cogar_sim_500/rgb/000002.png,/home/amir/Desktop/COGAR/COGAR_Foundation-Model-Segmentation-for-Robotic-Scenes/data/cogar_sim_500/instance_masks/all/ann_00000028_img_000002_cat_box.png,256.0,110.0,0.9212400913238525,0.980349932705249,0.9889328449328448,0.012567272999604029,79.57175753494876,/home/amir/Desktop/COGAR/COGAR_Foundation-Model-Segmentation-for-Robotic-Scenes/outputs/sim_sam_vit_b_point_25/masks/row_0021_object_28_sam_point_mask.png,,cuda,vit_b
22,000002.png,29,data/cogar_sim_500/rgb/000002.png,/home/amir/Desktop/COGAR/COGAR_Foundation-Model-Segmentation-for-Robotic-Scenes/data/cogar_sim_500/instance_masks/all/ann_00000029_img_000002_cat_connector.png,249.0,41.0,0.9610628485679626,0.9649214659685864,1.0,0.013350658000035764,74.90267520876658,/home/amir/Desktop/COGAR/COGAR_Foundation-Model-Segmentation-for-Robotic-Scenes/outputs/sim_sam_vit_b_point_25/masks/row_0022_object_29_sam_point_mask.png,,cuda,vit_b
23,000002.png,30,data/cogar_sim_500/rgb/000002.png,/home/amir/Desktop/COGAR/COGAR_Foundation-Model-Segmentation-for-Robotic-Scenes/data/cogar_sim_500/instance_masks/all/ann_00000030_img_000002_cat_glass_object.png,409.0,11.0,0.8132785558700562,0.3177900892582333,0.06999590667212445,0.012734629000078712,78.52604108009892,/home/amir/Desktop/COGAR/COGAR_Foundation-Model-Segmentation-for-Robotic-Scenes/outputs/sim_sam_vit_b_point_25/masks/row_0023_object_30_sam_point_mask.png,,cuda,vit_b
24,000002.png,31,data/cogar_sim_500/rgb/000002.png,/home/amir/Desktop/COGAR/COGAR_Foundation-Model-Segmentation-for-Robotic-Scenes/data/cogar_sim_500/instance_masks/all/ann_00000031_img_000002_cat_cable.png,436.0,216.0,0.8901195526123047,0.14386459802538787,0.24,0.013141199000074266,76.09655709455039,/home/amir/Desktop/COGAR/COGAR_Foundation-Model-Segmentation-for-Robotic-Scenes/outputs/sim_sam_vit_b_point_25/masks/row_0024_object_31_sam_point_mask.png,,cuda,vit_b
25,000002.png,32,data/cogar_sim_500/rgb/000002.png,/home/amir/Desktop/COGAR/COGAR_Foundation-Model-Segmentation-for-Robotic-Scenes/data/cogar_sim_500/instance_masks/all/ann_00000032_img_000002_cat_cable.png,409.0,133.0,0.8179421424865723,0.7694741004349546,0.8172982845215577,0.012503354999807925,79.97853376276703,/home/amir/Desktop/COGAR/COGAR_Foundation-Model-Segmentation-for-Robotic-Scenes/outputs/sim_sam_vit_b_point_25/masks/row_0025_object_32_sam_point_mask.png,,cuda,vit_b
26,000002.png,33,data/cogar_sim_500/rgb/000002.png,/home/amir/Desktop/COGAR/COGAR_Foundation-Model-Segmentation-for-Robotic-Scenes/data/cogar_sim_500/instance_masks/all/ann_00000033_img_000002_cat_metal_part.png,407.0,82.0,0.8379578590393066,0.7140988752288778,0.6738232865400496,0.012620785999843065,79.23436781294245,/home/amir/Desktop/COGAR/COGAR_Foundation-Model-Segmentation-for-Robotic-Scenes/outputs/sim_sam_vit_b_point_25/masks/row_0026_object_33_sam_point_mask.png,,cuda,vit_b
27,000002.png,34,data/cogar_sim_500/rgb/000002.png,/home/amir/Desktop/COGAR/COGAR_Foundation-Model-Segmentation-for-Robotic-Scenes/data/cogar_sim_500/instance_masks/all/ann_00000034_img_000002_cat_metal_part.png,429.0,479.0,0.951801598072052,0.9220246238030095,0.9887640449438202,0.012719364000076894,78.62028321494334,/home/amir/Desktop/COGAR/COGAR_Foundation-Model-Segmentation-for-Robotic-Scenes/outputs/sim_sam_vit_b_point_25/masks/row_0027_object_34_sam_point_mask.png,,cuda,vit_b
28,000002.png,35,data/cogar_sim_500/rgb/000002.png,/home/amir/Desktop/COGAR/COGAR_Foundation-Model-Segmentation-for-Robotic-Scenes/data/cogar_sim_500/instance_masks/all/ann_00000035_img_000002_cat_box.png,190.0,338.0,0.9303410053253174,0.7897817603699957,0.7328846620054621,0.013288199000271561,75.25474294745013,/home/amir/Desktop/COGAR/COGAR_Foundation-Model-Segmentation-for-Robotic-Scenes/outputs/sim_sam_vit_b_point_25/masks/row_0028_object_35_sam_point_mask.png,,cuda,vit_b
29,000002.png,36,data/cogar_sim_500/rgb/000002.png,/home/amir/Desktop/COGAR/COGAR_Foundation-Model-Segmentation-for-Robotic-Scenes/data/cogar_sim_500/instance_masks/all/ann_00000036_img_000002_cat_robot_gripper.png,334.0,308.0,0.9530999064445496,0.8364170845581878,0.6906664584255233,0.012609226000222407,79.3070090093049,/home/amir/Desktop/COGAR/COGAR_Foundation-Model-Segmentation-for-Robotic-Scenes/outputs/sim_sam_vit_b_point_25/masks/row_0029_object_36_sam_point_mask.png,,cuda,vit_b
30,000002.png,37,data/cogar_sim_500/rgb/000002.png,/home/amir/Desktop/COGAR/COGAR_Foundation-Model-Segmentation-for-Robotic-Scenes/data/cogar_sim_500/instance_masks/all/ann_00000037_img_000002_cat_robot_gripper.png,297.0,280.0,0.8879031538963318,0.944104134762634,0.9869451697127937,0.012547675999940111,79.69603295500879,/home/amir/Desktop/COGAR/COGAR_Foundation-Model-Segmentation-for-Robotic-Scenes/outputs/sim_sam_vit_b_point_25/masks/row_0030_object_37_sam_point_mask.png,,cuda,vit_b
31,000003.png,40,data/cogar_sim_500/rgb/000003.png,/home/amir/Desktop/COGAR/COGAR_Foundation-Model-Segmentation-for-Robotic-Scenes/data/cogar_sim_500/instance_masks/all/ann_00000040_img_000003_cat_plastic_object.png,374.0,438.0,0.7799492478370667,0.7707018550392044,0.599002881321324,0.15736717400022826,6.354565406369625,/home/amir/Desktop/COGAR/COGAR_Foundation-Model-Segmentation-for-Robotic-Scenes/outputs/sim_sam_vit_b_point_25/masks/row_0031_object_40_sam_point_mask.png,,cuda,vit_b
32,000003.png,41,data/cogar_sim_500/rgb/000003.png,/home/amir/Desktop/COGAR/COGAR_Foundation-Model-Segmentation-for-Robotic-Scenes/data/cogar_sim_500/instance_masks/all/ann_00000041_img_000003_cat_connector.png,258.0,201.0,0.8668947815895081,0.921015514809591,0.9828644561894152,0.012474010000005364,80.16668256635757,/home/amir/Desktop/COGAR/COGAR_Foundation-Model-Segmentation-for-Robotic-Scenes/outputs/sim_sam_vit_b_point_25/masks/row_0032_object_41_sam_point_mask.png,,cuda,vit_b
33,000003.png,42,data/cogar_sim_500/rgb/000003.png,/home/amir/Desktop/COGAR/COGAR_Foundation-Model-Segmentation-for-Robotic-Scenes/data/cogar_sim_500/instance_masks/all/ann_00000042_img_000003_cat_metal_part.png,183.0,217.0,0.8719502091407776,0.7899002493765586,0.6958333333333334,0.01259732200014696,79.38195117885643,/home/amir/Desktop/COGAR/COGAR_Foundation-Model-Segmentation-for-Robotic-Scenes/outputs/sim_sam_vit_b_point_25/masks/row_0033_object_42_sam_point_mask.png,,cuda,vit_b
34,000003.png,43,data/cogar_sim_500/rgb/000003.png,/home/amir/Desktop/COGAR/COGAR_Foundation-Model-Segmentation-for-Robotic-Scenes/data/cogar_sim_500/instance_masks/all/ann_00000043_img_000003_cat_connector.png,324.0,360.0,0.8901200890541077,0.7096774193548387,0.9896907216494846,0.012522050999905332,79.85912212045456,/home/amir/Desktop/COGAR/COGAR_Foundation-Model-Segmentation-for-Robotic-Scenes/outputs/sim_sam_vit_b_point_25/masks/row_0034_object_43_sam_point_mask.png,,cuda,vit_b
35,000003.png,44,data/cogar_sim_500/rgb/000003.png,/home/amir/Desktop/COGAR/COGAR_Foundation-Model-Segmentation-for-Robotic-Scenes/data/cogar_sim_500/instance_masks/all/ann_00000044_img_000003_cat_connector.png,171.0,195.0,0.9787380695343018,0.8741865509761388,1.0,0.012597715000083554,79.37947476930282,/home/amir/Desktop/COGAR/COGAR_Foundation-Model-Segmentation-for-Robotic-Scenes/outputs/sim_sam_vit_b_point_25/masks/row_0035_object_44_sam_point_mask.png,,cuda,vit_b
36,000003.png,45,data/cogar_sim_500/rgb/000003.png,/home/amir/Desktop/COGAR/COGAR_Foundation-Model-Segmentation-for-Robotic-Scenes/data/cogar_sim_500/instance_masks/all/ann_00000045_img_000003_cat_screw.png,448.0,354.0,0.950332760810852,0.9182692307692307,1.0,0.012574986000345234,79.52295135537693,/home/amir/Desktop/COGAR/COGAR_Foundation-Model-Segmentation-for-Robotic-Scenes/outputs/sim_sam_vit_b_point_25/masks/row_0036_object_45_sam_point_mask.png,,cuda,vit_b
37,000003.png,46,data/cogar_sim_500/rgb/000003.png,/home/amir/Desktop/COGAR/COGAR_Foundation-Model-Segmentation-for-Robotic-Scenes/data/cogar_sim_500/instance_masks/all/ann_00000046_img_000003_cat_screw.png,273.0,143.0,0.9187963604927063,0.026153846153846153,0.4473684210526315,0.012524178000148822,79.84555952399569,/home/amir/Desktop/COGAR/COGAR_Foundation-Model-Segmentation-for-Robotic-Scenes/outputs/sim_sam_vit_b_point_25/masks/row_0037_object_46_sam_point_mask.png,,cuda,vit_b
38,000003.png,47,data/cogar_sim_500/rgb/000003.png,/home/amir/Desktop/COGAR/COGAR_Foundation-Model-Segmentation-for-Robotic-Scenes/data/cogar_sim_500/instance_masks/all/ann_00000047_img_000003_cat_screw.png,232.0,149.0,0.9242655634880066,0.9267241379310345,1.0,0.012521115000254213,79.86509188516337,/home/amir/Desktop/COGAR/COGAR_Foundation-Model-Segmentation-for-Robotic-Scenes/outputs/sim_sam_vit_b_point_25/masks/row_0038_object_47_sam_point_mask.png,,cuda,vit_b
39,000003.png,48,data/cogar_sim_500/rgb/000003.png,/home/amir/Desktop/COGAR/COGAR_Foundation-Model-Segmentation-for-Robotic-Scenes/data/cogar_sim_500/instance_masks/all/ann_00000048_img_000003_cat_cable.png,408.0,161.0,0.8560249209403992,0.6885665529010239,0.8428571428571429,0.012527757000043493,79.82274879665437,/home/amir/Desktop/COGAR/COGAR_Foundation-Model-Segmentation-for-Robotic-Scenes/outputs/sim_sam_vit_b_point_25/masks/row_0039_object_48_sam_point_mask.png,,cuda,vit_b
40,000003.png,49,data/cogar_sim_500/rgb/000003.png,/home/amir/Desktop/COGAR/COGAR_Foundation-Model-Segmentation-for-Robotic-Scenes/data/cogar_sim_500/instance_masks/all/ann_00000049_img_000003_cat_screw.png,404.0,291.0,0.9445481896400452,0.9289940828402367,1.0,0.012806029000330454,78.08821922659986,/home/amir/Desktop/COGAR/COGAR_Foundation-Model-Segmentation-for-Robotic-Scenes/outputs/sim_sam_vit_b_point_25/masks/row_0040_object_49_sam_point_mask.png,,cuda,vit_b
41,000003.png,50,data/cogar_sim_500/rgb/000003.png,/home/amir/Desktop/COGAR/COGAR_Foundation-Model-Segmentation-for-Robotic-Scenes/data/cogar_sim_500/instance_masks/all/ann_00000050_img_000003_cat_connector.png,296.0,139.0,0.9031526446342468,0.9348148148148148,1.0,0.01256026800001564,79.61613557917353,/home/amir/Desktop/COGAR/COGAR_Foundation-Model-Segmentation-for-Robotic-Scenes/outputs/sim_sam_vit_b_point_25/masks/row_0041_object_50_sam_point_mask.png,,cuda,vit_b
42,000003.png,51,data/cogar_sim_500/rgb/000003.png,/home/amir/Desktop/COGAR/COGAR_Foundation-Model-Segmentation-for-Robotic-Scenes/data/cogar_sim_500/instance_masks/all/ann_00000051_img_000003_cat_connector.png,276.0,153.0,0.9193383455276489,0.940809968847352,1.0,0.012640346999887697,79.11175223345407,/home/amir/Desktop/COGAR/COGAR_Foundation-Model-Segmentation-for-Robotic-Scenes/outputs/sim_sam_vit_b_point_25/masks/row_0042_object_51_sam_point_mask.png,,cuda,vit_b
43,000003.png,52,data/cogar_sim_500/rgb/000003.png,/home/amir/Desktop/COGAR/COGAR_Foundation-Model-Segmentation-for-Robotic-Scenes/data/cogar_sim_500/instance_masks/all/ann_00000052_img_000003_cat_screw.png,247.0,275.0,0.6732989549636841,0.7631578947368421,0.9824561403508771,0.012550431999898137,79.6785321818497,/home/amir/Desktop/COGAR/COGAR_Foundation-Model-Segmentation-for-Robotic-Scenes/outputs/sim_sam_vit_b_point_25/masks/row_0043_object_52_sam_point_mask.png,,cuda,vit_b
44,000003.png,53,data/cogar_sim_500/rgb/000003.png,/home/amir/Desktop/COGAR/COGAR_Foundation-Model-Segmentation-for-Robotic-Scenes/data/cogar_sim_500/instance_masks/all/ann_00000053_img_000003_cat_screw.png,380.0,214.0,0.8254547715187073,0.9287925696594427,1.0,0.012538758000118833,79.75271553933194,/home/amir/Desktop/COGAR/COGAR_Foundation-Model-Segmentation-for-Robotic-Scenes/outputs/sim_sam_vit_b_point_25/masks/row_0044_object_53_sam_point_mask.png,,cuda,vit_b
45,000003.png,54,data/cogar_sim_500/rgb/000003.png,/home/amir/Desktop/COGAR/COGAR_Foundation-Model-Segmentation-for-Robotic-Scenes/data/cogar_sim_500/instance_masks/all/ann_00000054_img_000003_cat_cable.png,343.0,253.0,0.880752682685852,0.36504580690627203,0.4974498469908194,0.01245687500022541,80.27695549501017,/home/amir/Desktop/COGAR/COGAR_Foundation-Model-Segmentation-for-Robotic-Scenes/outputs/sim_sam_vit_b_point_25/masks/row_0045_object_54_sam_point_mask.png,,cuda,vit_b
46,000003.png,55,data/cogar_sim_500/rgb/000003.png,/home/amir/Desktop/COGAR/COGAR_Foundation-Model-Segmentation-for-Robotic-Scenes/data/cogar_sim_500/instance_masks/all/ann_00000055_img_000003_cat_connector.png,271.0,168.0,0.8297061324119568,0.8940609951845907,0.9932885906040269,0.012470376000237593,80.1900439875227,/home/amir/Desktop/COGAR/COGAR_Foundation-Model-Segmentation-for-Robotic-Scenes/outputs/sim_sam_vit_b_point_25/masks/row_0046_object_55_sam_point_mask.png,,cuda,vit_b
47,000003.png,56,data/cogar_sim_500/rgb/000003.png,/home/amir/Desktop/COGAR/COGAR_Foundation-Model-Segmentation-for-Robotic-Scenes/data/cogar_sim_500/instance_masks/all/ann_00000056_img_000003_cat_connector.png,198.0,304.0,0.824885368347168,0.9566010211524435,0.9844236760124611,0.012555379999867,79.6471313501139,/home/amir/Desktop/COGAR/COGAR_Foundation-Model-Segmentation-for-Robotic-Scenes/outputs/sim_sam_vit_b_point_25/masks/row_0047_object_56_sam_point_mask.png,,cuda,vit_b
48,000003.png,57,data/cogar_sim_500/rgb/000003.png,/home/amir/Desktop/COGAR/COGAR_Foundation-Model-Segmentation-for-Robotic-Scenes/data/cogar_sim_500/instance_masks/all/ann_00000057_img_000003_cat_screw.png,100.0,202.0,0.9371148347854614,0.9447236180904522,1.0,0.012494577999859757,80.03471585924905,/home/amir/Desktop/COGAR/COGAR_Foundation-Model-Segmentation-for-Robotic-Scenes/outputs/sim_sam_vit_b_point_25/masks/row_0048_object_57_sam_point_mask.png,,cuda,vit_b
49,000003.png,58,data/cogar_sim_500/rgb/000003.png,/home/amir/Desktop/COGAR/COGAR_Foundation-Model-Segmentation-for-Robotic-Scenes/data/cogar_sim_500/instance_masks/all/ann_00000058_img_000003_cat_cable.png,184.0,330.0,0.7044394016265869,0.43482397716460514,0.7499756153070845,0.012718913999833603,78.62306483187815,/home/amir/Desktop/COGAR/COGAR_Foundation-Model-Segmentation-for-Robotic-Scenes/outputs/sim_sam_vit_b_point_25/masks/row_0049_object_58_sam_point_mask.png,,cuda,vit_b
50,000003.png,59,data/cogar_sim_500/rgb/000003.png,/home/amir/Desktop/COGAR/COGAR_Foundation-Model-Segmentation-for-Robotic-Scenes/data/cogar_sim_500/instance_masks/all/ann_00000059_img_000003_cat_metal_part.png,310.0,208.0,0.7574858069419861,0.48849582973828015,0.7269773046297562,0.01248763500007044,80.07921435839205,/home/amir/Desktop/COGAR/COGAR_Foundation-Model-Segmentation-for-Robotic-Scenes/outputs/sim_sam_vit_b_point_25/masks/row_0050_object_59_sam_point_mask.png,,cuda,vit_b
51,000003.png,60,data/cogar_sim_500/rgb/000003.png,/home/amir/Desktop/COGAR/COGAR_Foundation-Model-Segmentation-for-Robotic-Scenes/data/cogar_sim_500/instance_masks/all/ann_00000060_img_000003_cat_screw.png,417.0,235.0,0.7329583168029785,0.37160751565762007,0.47140454163162326,0.012472032000005129,80.17939658907136,/home/amir/Desktop/COGAR/COGAR_Foundation-Model-Segmentation-for-Robotic-Scenes/outputs/sim_sam_vit_b_point_25/masks/row_0051_object_60_sam_point_mask.png,,cuda,vit_b
52,000003.png,61,data/cogar_sim_500/rgb/000003.png,/home/amir/Desktop/COGAR/COGAR_Foundation-Model-Segmentation-for-Robotic-Scenes/data/cogar_sim_500/instance_masks/all/ann_00000061_img_000003_cat_connector.png,198.0,260.0,0.7258141040802002,0.8308776425368354,0.7993874603386368,0.01251202999992529,79.92308202633555,/home/amir/Desktop/COGAR/COGAR_Foundation-Model-Segmentation-for-Robotic-Scenes/outputs/sim_sam_vit_b_point_25/masks/row_0052_object_61_sam_point_mask.png,,cuda,vit_b
53,000003.png,62,data/cogar_sim_500/rgb/000003.png,/home/amir/Desktop/COGAR/COGAR_Foundation-Model-Segmentation-for-Robotic-Scenes/data/cogar_sim_500/instance_masks/all/ann_00000062_img_000003_cat_screw.png,472.0,266.0,0.9404464960098267,0.9098039215686274,1.0,0.012475651999920956,80.15613131933593,/home/amir/Desktop/COGAR/COGAR_Foundation-Model-Segmentation-for-Robotic-Scenes/outputs/sim_sam_vit_b_point_25/masks/row_0053_object_62_sam_point_mask.png,,cuda,vit_b
54,000003.png,63,data/cogar_sim_500/rgb/000003.png,/home/amir/Desktop/COGAR/COGAR_Foundation-Model-Segmentation-for-Robotic-Scenes/data/cogar_sim_500/instance_masks/all/ann_00000063_img_000003_cat_connector.png,224.0,264.0,0.7590378522872925,0.575107296137339,0.4677187948350072,0.012521687000116799,79.86144358908446,/home/amir/Desktop/COGAR/COGAR_Foundation-Model-Segmentation-for-Robotic-Scenes/outputs/sim_sam_vit_b_point_25/masks/row_0054_object_63_sam_point_mask.png,,cuda,vit_b
55,000003.png,64,data/cogar_sim_500/rgb/000003.png,/home/amir/Desktop/COGAR/COGAR_Foundation-Model-Segmentation-for-Robotic-Scenes/data/cogar_sim_500/instance_masks/all/ann_00000064_img_000003_cat_screw.png,418.0,209.0,0.7903711795806885,0.6094527363184079,0.5523012552301255,0.012390728999889689,80.70550167055568,/home/amir/Desktop/COGAR/COGAR_Foundation-Model-Segmentation-for-Robotic-Scenes/outputs/sim_sam_vit_b_point_25/masks/row_0055_object_64_sam_point_mask.png,,cuda,vit_b
56,000003.png,65,data/cogar_sim_500/rgb/000003.png,/home/amir/Desktop/COGAR/COGAR_Foundation-Model-Segmentation-for-Robotic-Scenes/data/cogar_sim_500/instance_masks/all/ann_00000065_img_000003_cat_box.png,248.0,369.0,0.998924195766449,0.9873122980421973,1.0,0.012457931999961147,80.27014435486714,/home/amir/Desktop/COGAR/COGAR_Foundation-Model-Segmentation-for-Robotic-Scenes/outputs/sim_sam_vit_b_point_25/masks/row_0056_object_65_sam_point_mask.png,,cuda,vit_b
57,000003.png,66,data/cogar_sim_500/rgb/000003.png,/home/amir/Desktop/COGAR/COGAR_Foundation-Model-Segmentation-for-Robotic-Scenes/data/cogar_sim_500/instance_masks/all/ann_00000066_img_000003_cat_screw.png,419.0,226.0,0.72933030128479,0.2528473804100228,0.4600047472110136,0.012556365999898844,79.64087698686517,/home/amir/Desktop/COGAR/COGAR_Foundation-Model-Segmentation-for-Robotic-Scenes/outputs/sim_sam_vit_b_point_25/masks/row_0057_object_66_sam_point_mask.png,,cuda,vit_b
58,000003.png,67,data/cogar_sim_500/rgb/000003.png,/home/amir/Desktop/COGAR/COGAR_Foundation-Model-Segmentation-for-Robotic-Scenes/data/cogar_sim_500/instance_masks/all/ann_00000067_img_000003_cat_plastic_object.png,375.0,370.0,0.8428216576576233,0.6814120145094222,0.6319649927068139,0.012515344999883382,79.90191241306715,/home/amir/Desktop/COGAR/COGAR_Foundation-Model-Segmentation-for-Robotic-Scenes/outputs/sim_sam_vit_b_point_25/masks/row_0058_object_67_sam_point_mask.png,,cuda,vit_b
59,000003.png,69,data/cogar_sim_500/rgb/000003.png,/home/amir/Desktop/COGAR/COGAR_Foundation-Model-Segmentation-for-Robotic-Scenes/data/cogar_sim_500/instance_masks/all/ann_00000069_img_000003_cat_screw.png,377.0,261.0,0.7612627744674683,0.10498220640569395,0.3475080018289895,0.012699210999926436,78.74504959448211,/home/amir/Desktop/COGAR/COGAR_Foundation-Model-Segmentation-for-Robotic-Scenes/outputs/sim_sam_vit_b_point_25/masks/row_0059_object_69_sam_point_mask.png,,cuda,vit_b
60,000004.png,71,data/cogar_sim_500/rgb/000004.png,/home/amir/Desktop/COGAR/COGAR_Foundation-Model-Segmentation-for-Robotic-Scenes/data/cogar_sim_500/instance_masks/all/ann_00000071_img_000004_cat_connector.png,639.0,271.0,0.9370884895324707,0.9895308259015122,1.0,0.15899189099991418,6.28962894718033,/home/amir/Desktop/COGAR/COGAR_Foundation-Model-Segmentation-for-Robotic-Scenes/outputs/sim_sam_vit_b_point_25/masks/row_0060_object_71_sam_point_mask.png,,cuda,vit_b
61,000004.png,72,data/cogar_sim_500/rgb/000004.png,/home/amir/Desktop/COGAR/COGAR_Foundation-Model-Segmentation-for-Robotic-Scenes/data/cogar_sim_500/instance_masks/all/ann_00000072_img_000004_cat_cable.png,269.0,199.0,0.8576258420944214,0.679387667097887,0.6058032388115523,0.012502608999966469,79.98330588461032,/home/amir/Desktop/COGAR/COGAR_Foundation-Model-Segmentation-for-Robotic-Scenes/outputs/sim_sam_vit_b_point_25/masks/row_0061_object_72_sam_point_mask.png,,cuda,vit_b
62,000004.png,73,data/cogar_sim_500/rgb/000004.png,/home/amir/Desktop/COGAR/COGAR_Foundation-Model-Segmentation-for-Robotic-Scenes/data/cogar_sim_500/instance_masks/all/ann_00000073_img_000004_cat_metal_part.png,639.0,402.0,0.974271833896637,0.9615384615384616,1.0,0.012467100000321807,80.21111565433722,/home/amir/Desktop/COGAR/COGAR_Foundation-Model-Segmentation-for-Robotic-Scenes/outputs/sim_sam_vit_b_point_25/masks/row_0062_object_73_sam_point_mask.png,,cuda,vit_b
63,000004.png,74,data/cogar_sim_500/rgb/000004.png,/home/amir/Desktop/COGAR/COGAR_Foundation-Model-Segmentation-for-Robotic-Scenes/data/cogar_sim_500/instance_masks/all/ann_00000074_img_000004_cat_cable.png,639.0,62.0,0.9258764386177063,0.17236662106703146,0.3180026281208936,0.012504227999670547,79.97294995151618,/home/amir/Desktop/COGAR/COGAR_Foundation-Model-Segmentation-for-Robotic-Scenes/outputs/sim_sam_vit_b_point_25/masks/row_0063_object_74_sam_point_mask.png,,cuda,vit_b
64,000004.png,75,data/cogar_sim_500/rgb/000004.png,/home/amir/Desktop/COGAR/COGAR_Foundation-Model-Segmentation-for-Robotic-Scenes/data/cogar_sim_500/instance_masks/all/ann_00000075_img_000004_cat_plastic_object.png,255.0,108.0,0.9861617088317871,0.9879342349509413,1.0,0.012854655999944953,77.79282463912548,/home/amir/Desktop/COGAR/COGAR_Foundation-Model-Segmentation-for-Robotic-Scenes/outputs/sim_sam_vit_b_point_25/masks/row_0064_object_75_sam_point_mask.png,,cuda,vit_b
65,000004.png,76,data/cogar_sim_500/rgb/000004.png,/home/amir/Desktop/COGAR/COGAR_Foundation-Model-Segmentation-for-Robotic-Scenes/data/cogar_sim_500/instance_masks/all/ann_00000076_img_000004_cat_connector.png,93.0,261.0,0.9260589480400085,0.9678135405105438,1.0,0.012706663000244589,78.69886845828454,/home/amir/Desktop/COGAR/COGAR_Foundation-Model-Segmentation-for-Robotic-Scenes/outputs/sim_sam_vit_b_point_25/masks/row_0065_object_76_sam_point_mask.png,,cuda,vit_b
66,000004.png,77,data/cogar_sim_500/rgb/000004.png,/home/amir/Desktop/COGAR/COGAR_Foundation-Model-Segmentation-for-Robotic-Scenes/data/cogar_sim_500/instance_masks/all/ann_00000077_img_000004_cat_plastic_object.png,393.0,101.0,0.9539934396743774,0.9843566679702777,1.0,0.012584185000378056,79.46482032566732,/home/amir/Desktop/COGAR/COGAR_Foundation-Model-Segmentation-for-Robotic-Scenes/outputs/sim_sam_vit_b_point_25/masks/row_0066_object_77_sam_point_mask.png,,cuda,vit_b
67,000004.png,78,data/cogar_sim_500/rgb/000004.png,/home/amir/Desktop/COGAR/COGAR_Foundation-Model-Segmentation-for-Robotic-Scenes/data/cogar_sim_500/instance_masks/all/ann_00000078_img_000004_cat_cable.png,149.0,330.0,0.9284930229187012,0.9373104145601617,0.9817739975698664,0.01256762399998479,79.56953518033403,/home/amir/Desktop/COGAR/COGAR_Foundation-Model-Segmentation-for-Robotic-Scenes/outputs/sim_sam_vit_b_point_25/masks/row_0067_object_78_sam_point_mask.png,,cuda,vit_b
68,000004.png,79,data/cogar_sim_500/rgb/000004.png,/home/amir/Desktop/COGAR/COGAR_Foundation-Model-Segmentation-for-Robotic-Scenes/data/cogar_sim_500/instance_masks/all/ann_00000079_img_000004_cat_plastic_object.png,245.0,417.0,0.9086641073226929,0.8188088605915904,0.7980040303233855,0.012468047999846021,80.20501685687687,/home/amir/Desktop/COGAR/COGAR_Foundation-Model-Segmentation-for-Robotic-Scenes/outputs/sim_sam_vit_b_point_25/masks/row_0068_object_79_sam_point_mask.png,,cuda,vit_b
69,000004.png,80,data/cogar_sim_500/rgb/000004.png,/home/amir/Desktop/COGAR/COGAR_Foundation-Model-Segmentation-for-Robotic-Scenes/data/cogar_sim_500/instance_masks/all/ann_00000080_img_000004_cat_tool.png,340.0,38.0,0.94795823097229,0.9602853745541022,0.9984480082772892,0.012521442999968713,79.86299981579589,/home/amir/Desktop/COGAR/COGAR_Foundation-Model-Segmentation-for-Robotic-Scenes/outputs/sim_sam_vit_b_point_25/masks/row_0069_object_80_sam_point_mask.png,,cuda,vit_b
70,000004.png,81,data/cogar_sim_500/rgb/000004.png,/home/amir/Desktop/COGAR/COGAR_Foundation-Model-Segmentation-for-Robotic-Scenes/data/cogar_sim_500/instance_masks/all/ann_00000081_img_000004_cat_cable.png,195.0,479.0,0.8334609270095825,0.32003129890453835,0.5014925373134328,0.012511609000284807,79.92577133582392,/home/amir/Desktop/COGAR/COGAR_Foundation-Model-Segmentation-for-Robotic-Scenes/outputs/sim_sam_vit_b_point_25/masks/row_0070_object_81_sam_point_mask.png,,cuda,vit_b
71,000004.png,82,data/cogar_sim_500/rgb/000004.png,/home/amir/Desktop/COGAR/COGAR_Foundation-Model-Segmentation-for-Robotic-Scenes/data/cogar_sim_500/instance_masks/all/ann_00000082_img_000004_cat_metal_part.png,455.0,89.0,0.9701253175735474,0.9752300070771408,1.0,0.012803822000023501,78.1016793265452,/home/amir/Desktop/COGAR/COGAR_Foundation-Model-Segmentation-for-Robotic-Scenes/outputs/sim_sam_vit_b_point_25/masks/row_0071_object_82_sam_point_mask.png,,cuda,vit_b
72,000004.png,83,data/cogar_sim_500/rgb/000004.png,/home/amir/Desktop/COGAR/COGAR_Foundation-Model-Segmentation-for-Robotic-Scenes/data/cogar_sim_500/instance_masks/all/ann_00000083_img_000004_cat_plastic_object.png,266.0,479.0,0.9542648792266846,0.8616655196145905,0.8855421686746988,0.013101132999963738,76.32927625441005,/home/amir/Desktop/COGAR/COGAR_Foundation-Model-Segmentation-for-Robotic-Scenes/outputs/sim_sam_vit_b_point_25/masks/row_0072_object_83_sam_point_mask.png,,cuda,vit_b
73,000004.png,84,data/cogar_sim_500/rgb/000004.png,/home/amir/Desktop/COGAR/COGAR_Foundation-Model-Segmentation-for-Robotic-Scenes/data/cogar_sim_500/instance_masks/all/ann_00000084_img_000004_cat_plastic_object.png,202.0,311.0,0.9487190842628479,0.9818523153942428,1.0,0.012701879999895027,78.72850318285674,/home/amir/Desktop/COGAR/COGAR_Foundation-Model-Segmentation-for-Robotic-Scenes/outputs/sim_sam_vit_b_point_25/masks/row_0073_object_84_sam_point_mask.png,,cuda,vit_b
74,000004.png,85,data/cogar_sim_500/rgb/000004.png,/home/amir/Desktop/COGAR/COGAR_Foundation-Model-Segmentation-for-Robotic-Scenes/data/cogar_sim_500/instance_masks/all/ann_00000085_img_000004_cat_cable.png,417.0,257.0,0.9196739792823792,0.526258205689278,0.5677966101694916,0.012534475999927963,79.77996048703967,/home/amir/Desktop/COGAR/COGAR_Foundation-Model-Segmentation-for-Robotic-Scenes/outputs/sim_sam_vit_b_point_25/masks/row_0074_object_85_sam_point_mask.png,,cuda,vit_b
75,000004.png,86,data/cogar_sim_500/rgb/000004.png,/home/amir/Desktop/COGAR/COGAR_Foundation-Model-Segmentation-for-Robotic-Scenes/data/cogar_sim_500/instance_masks/all/ann_00000086_img_000004_cat_plastic_object.png,266.0,301.0,0.8385215997695923,0.8876611418047882,1.0,0.012554550999993808,79.65239059529037,/home/amir/Desktop/COGAR/COGAR_Foundation-Model-Segmentation-for-Robotic-Scenes/outputs/sim_sam_vit_b_point_25/masks/row_0075_object_86_sam_point_mask.png,,cuda,vit_b
76,000004.png,87,data/cogar_sim_500/rgb/000004.png,/home/amir/Desktop/COGAR/COGAR_Foundation-Model-Segmentation-for-Robotic-Scenes/data/cogar_sim_500/instance_masks/all/ann_00000087_img_000004_cat_connector.png,230.0,361.0,0.8486440777778625,0.959378733572282,0.998165137614679,0.012516151999989233,79.89676060188948,/home/amir/Desktop/COGAR/COGAR_Foundation-Model-Segmentation-for-Robotic-Scenes/outputs/sim_sam_vit_b_point_25/masks/row_0076_object_87_sam_point_mask.png,,cuda,vit_b
77,000004.png,88,data/cogar_sim_500/rgb/000004.png,/home/amir/Desktop/COGAR/COGAR_Foundation-Model-Segmentation-for-Robotic-Scenes/data/cogar_sim_500/instance_masks/all/ann_00000088_img_000004_cat_robot_gripper.png,293.0,266.0,0.9971798658370972,0.9796313303594857,0.9987859166329423,0.012677281999913248,78.88126177258209,/home/amir/Desktop/COGAR/COGAR_Foundation-Model-Segmentation-for-Robotic-Scenes/outputs/sim_sam_vit_b_point_25/masks/row_0077_object_88_sam_point_mask.png,,cuda,vit_b
78,000004.png,89,data/cogar_sim_500/rgb/000004.png,/home/amir/Desktop/COGAR/COGAR_Foundation-Model-Segmentation-for-Robotic-Scenes/data/cogar_sim_500/instance_masks/all/ann_00000089_img_000004_cat_robot_gripper.png,322.0,332.0,0.9762413501739502,0.9772286821705426,1.0,0.012793768999927124,78.16304952869605,/home/amir/Desktop/COGAR/COGAR_Foundation-Model-Segmentation-for-Robotic-Scenes/outputs/sim_sam_vit_b_point_25/masks/row_0078_object_89_sam_point_mask.png,,cuda,vit_b
79,000005.png,92,data/cogar_sim_500/rgb/000005.png,/home/amir/Desktop/COGAR/COGAR_Foundation-Model-Segmentation-for-Robotic-Scenes/data/cogar_sim_500/instance_masks/all/ann_00000092_img_000005_cat_box.png,437.0,226.0,0.8586989045143127,0.9637418965777175,0.9667292125893404,0.15719685099975322,6.361450586574217,/home/amir/Desktop/COGAR/COGAR_Foundation-Model-Segmentation-for-Robotic-Scenes/outputs/sim_sam_vit_b_point_25/masks/row_0079_object_92_sam_point_mask.png,,cuda,vit_b
80,000005.png,93,data/cogar_sim_500/rgb/000005.png,/home/amir/Desktop/COGAR/COGAR_Foundation-Model-Segmentation-for-Robotic-Scenes/data/cogar_sim_500/instance_masks/all/ann_00000093_img_000005_cat_tool.png,51.0,233.0,0.9383573532104492,0.9352128454070202,0.9964271491153212,0.01250431500011473,79.97239352901977,/home/amir/Desktop/COGAR/COGAR_Foundation-Model-Segmentation-for-Robotic-Scenes/outputs/sim_sam_vit_b_point_25/masks/row_0080_object_93_sam_point_mask.png,,cuda,vit_b
81,000005.png,95,data/cogar_sim_500/rgb/000005.png,/home/amir/Desktop/COGAR/COGAR_Foundation-Model-Segmentation-for-Robotic-Scenes/data/cogar_sim_500/instance_masks/all/ann_00000095_img_000005_cat_metal_part.png,278.0,254.0,0.9314020872116089,0.9622532776257023,0.9447097722263041,0.01253770599987547,79.75940734373037,/home/amir/Desktop/COGAR/COGAR_Foundation-Model-Segmentation-for-Robotic-Scenes/outputs/sim_sam_vit_b_point_25/masks/row_0081_object_95_sam_point_mask.png,,cuda,vit_b
82,000005.png,96,data/cogar_sim_500/rgb/000005.png,/home/amir/Desktop/COGAR/COGAR_Foundation-Model-Segmentation-for-Robotic-Scenes/data/cogar_sim_500/instance_masks/all/ann_00000096_img_000005_cat_metal_part.png,378.0,306.0,0.7796512246131897,0.9325626204238922,0.8158765159867696,0.012669787000049837,78.92792514949672,/home/amir/Desktop/COGAR/COGAR_Foundation-Model-Segmentation-for-Robotic-Scenes/outputs/sim_sam_vit_b_point_25/masks/row_0082_object_96_sam_point_mask.png,,cuda,vit_b
83,000005.png,97,data/cogar_sim_500/rgb/000005.png,/home/amir/Desktop/COGAR/COGAR_Foundation-Model-Segmentation-for-Robotic-Scenes/data/cogar_sim_500/instance_masks/all/ann_00000097_img_000005_cat_box.png,526.0,223.0,0.8729217648506165,0.950611849634651,0.9067381859453051,0.012737112000195339,78.51073304408911,/home/amir/Desktop/COGAR/COGAR_Foundation-Model-Segmentation-for-Robotic-Scenes/outputs/sim_sam_vit_b_point_25/masks/row_0083_object_97_sam_point_mask.png,,cuda,vit_b
84,000005.png,98,data/cogar_sim_500/rgb/000005.png,/home/amir/Desktop/COGAR/COGAR_Foundation-Model-Segmentation-for-Robotic-Scenes/data/cogar_sim_500/instance_masks/all/ann_00000098_img_000005_cat_tool.png,211.0,331.0,0.9718704223632812,0.9568916619398752,0.9391675560298827,0.012444450000202778,80.35710698212499,/home/amir/Desktop/COGAR/COGAR_Foundation-Model-Segmentation-for-Robotic-Scenes/outputs/sim_sam_vit_b_point_25/masks/row_0084_object_98_sam_point_mask.png,,cuda,vit_b
85,000005.png,99,data/cogar_sim_500/rgb/000005.png,/home/amir/Desktop/COGAR/COGAR_Foundation-Model-Segmentation-for-Robotic-Scenes/data/cogar_sim_500/instance_masks/all/ann_00000099_img_000005_cat_tool.png,600.0,237.0,0.8453711867332458,0.943650126156434,1.0,0.012638262000109535,79.12480371045743,/home/amir/Desktop/COGAR/COGAR_Foundation-Model-Segmentation-for-Robotic-Scenes/outputs/sim_sam_vit_b_point_25/masks/row_0085_object_99_sam_point_mask.png,,cuda,vit_b
86,000005.png,101,data/cogar_sim_500/rgb/000005.png,/home/amir/Desktop/COGAR/COGAR_Foundation-Model-Segmentation-for-Robotic-Scenes/data/cogar_sim_500/instance_masks/all/ann_00000101_img_000005_cat_plastic_object.png,434.0,305.0,0.9051721096038818,0.9830557990067192,1.0,0.012819330000183982,78.00719694287051,/home/amir/Desktop/COGAR/COGAR_Foundation-Model-Segmentation-for-Robotic-Scenes/outputs/sim_sam_vit_b_point_25/masks/row_0086_object_101_sam_point_mask.png,,cuda,vit_b
87,000005.png,102,data/cogar_sim_500/rgb/000005.png,/home/amir/Desktop/COGAR/COGAR_Foundation-Model-Segmentation-for-Robotic-Scenes/data/cogar_sim_500/instance_masks/all/ann_00000102_img_000005_cat_plastic_object.png,554.0,300.0,0.9057506322860718,0.9865003068112088,1.0,0.012604464000105509,79.33697140883018,/home/amir/Desktop/COGAR/COGAR_Foundation-Model-Segmentation-for-Robotic-Scenes/outputs/sim_sam_vit_b_point_25/masks/row_0087_object_102_sam_point_mask.png,,cuda,vit_b
88,000005.png,103,data/cogar_sim_500/rgb/000005.png,/home/amir/Desktop/COGAR/COGAR_Foundation-Model-Segmentation-for-Robotic-Scenes/data/cogar_sim_500/instance_masks/all/ann_00000103_img_000005_cat_plastic_object.png,582.0,220.0,0.8929028511047363,0.96759941089838,1.0,0.012625019999632059,79.20779531669207,/home/amir/Desktop/COGAR/COGAR_Foundation-Model-Segmentation-for-Robotic-Scenes/outputs/sim_sam_vit_b_point_25/masks/row_0088_object_103_sam_point_mask.png,,cuda,vit_b
89,000005.png,104,data/cogar_sim_500/rgb/000005.png,/home/amir/Desktop/COGAR/COGAR_Foundation-Model-Segmentation-for-Robotic-Scenes/data/cogar_sim_500/instance_masks/all/ann_00000104_img_000005_cat_cable.png,487.0,332.0,0.899416983127594,0.7983798379837984,0.9183673469387755,0.01311697599976469,76.23708391461106,/home/amir/Desktop/COGAR/COGAR_Foundation-Model-Segmentation-for-Robotic-Scenes/outputs/sim_sam_vit_b_point_25/masks/row_0089_object_104_sam_point_mask.png,,cuda,vit_b
90,000005.png,105,data/cogar_sim_500/rgb/000005.png,/home/amir/Desktop/COGAR/COGAR_Foundation-Model-Segmentation-for-Robotic-Scenes/data/cogar_sim_500/instance_masks/all/ann_00000105_img_000005_cat_box.png,162.0,191.0,0.918758749961853,0.9295270397588091,0.905082043007709,0.012507221999840112,79.9538058901316,/home/amir/Desktop/COGAR/COGAR_Foundation-Model-Segmentation-for-Robotic-Scenes/outputs/sim_sam_vit_b_point_25/masks/row_0090_object_105_sam_point_mask.png,,cuda,vit_b
91,000005.png,106,data/cogar_sim_500/rgb/000005.png,/home/amir/Desktop/COGAR/COGAR_Foundation-Model-Segmentation-for-Robotic-Scenes/data/cogar_sim_500/instance_masks/all/ann_00000106_img_000005_cat_tool.png,201.0,288.0,0.8823317289352417,0.665209244222361,0.5759625775317158,0.012684926000019914,78.83372752812512,/home/amir/Desktop/COGAR/COGAR_Foundation-Model-Segmentation-for-Robotic-Scenes/outputs/sim_sam_vit_b_point_25/masks/row_0091_object_106_sam_point_mask.png,,cuda,vit_b
92,000005.png,108,data/cogar_sim_500/rgb/000005.png,/home/amir/Desktop/COGAR/COGAR_Foundation-Model-Segmentation-for-Robotic-Scenes/data/cogar_sim_500/instance_masks/all/ann_00000108_img_000005_cat_tool.png,81.0,321.0,0.9276201725006104,0.8298627178775259,0.6900824143817402,0.013300993000029848,75.18235668553137,/home/amir/Desktop/COGAR/COGAR_Foundation-Model-Segmentation-for-Robotic-Scenes/outputs/sim_sam_vit_b_point_25/masks/row_0092_object_108_sam_point_mask.png,,cuda,vit_b
93,000005.png,109,data/cogar_sim_500/rgb/000005.png,/home/amir/Desktop/COGAR/COGAR_Foundation-Model-Segmentation-for-Robotic-Scenes/data/cogar_sim_500/instance_masks/all/ann_00000109_img_000005_cat_robot_gripper.png,354.0,173.0,0.9579320549964905,0.8152476349471341,0.7591275618249732,0.013947098999778973,71.69949822653783,/home/amir/Desktop/COGAR/COGAR_Foundation-Model-Segmentation-for-Robotic-Scenes/outputs/sim_sam_vit_b_point_25/masks/row_0093_object_109_sam_point_mask.png,,cuda,vit_b
94,000005.png,110,data/cogar_sim_500/rgb/000005.png,/home/amir/Desktop/COGAR/COGAR_Foundation-Model-Segmentation-for-Robotic-Scenes/data/cogar_sim_500/instance_masks/all/ann_00000110_img_000005_cat_robot_gripper.png,231.0,205.0,0.9215534329414368,0.8703585147247119,0.8168067226890755,0.013411980999990192,74.56020106207512,/home/amir/Desktop/COGAR/COGAR_Foundation-Model-Segmentation-for-Robotic-Scenes/outputs/sim_sam_vit_b_point_25/masks/row_0094_object_110_sam_point_mask.png,,cuda,vit_b
95,000005.png,111,data/cogar_sim_500/rgb/000005.png,/home/amir/Desktop/COGAR/COGAR_Foundation-Model-Segmentation-for-Robotic-Scenes/data/cogar_sim_500/instance_masks/all/ann_00000111_img_000005_cat_robot_gripper.png,303.0,210.0,0.8627908825874329,0.7845719661335842,0.7647471549585009,0.012862016999861225,77.74830339679923,/home/amir/Desktop/COGAR/COGAR_Foundation-Model-Segmentation-for-Robotic-Scenes/outputs/sim_sam_vit_b_point_25/masks/row_0095_object_111_sam_point_mask.png,,cuda,vit_b
96,000006.png,114,data/cogar_sim_500/rgb/000006.png,/home/amir/Desktop/COGAR/COGAR_Foundation-Model-Segmentation-for-Robotic-Scenes/data/cogar_sim_500/instance_masks/all/ann_00000114_img_000006_cat_plastic_object.png,216.0,150.0,0.8812430500984192,0.9352791878172588,1.0,0.1570453870003803,6.367585951426759,/home/amir/Desktop/COGAR/COGAR_Foundation-Model-Segmentation-for-Robotic-Scenes/outputs/sim_sam_vit_b_point_25/masks/row_0096_object_114_sam_point_mask.png,,cuda,vit_b
97,000006.png,115,data/cogar_sim_500/rgb/000006.png,/home/amir/Desktop/COGAR/COGAR_Foundation-Model-Segmentation-for-Robotic-Scenes/data/cogar_sim_500/instance_masks/all/ann_00000115_img_000006_cat_connector.png,127.0,118.0,0.7458654046058655,0.897196261682243,0.8310641798311146,0.012600561999988713,79.36153958854341,/home/amir/Desktop/COGAR/COGAR_Foundation-Model-Segmentation-for-Robotic-Scenes/outputs/sim_sam_vit_b_point_25/masks/row_0097_object_115_sam_point_mask.png,,cuda,vit_b
98,000006.png,116,data/cogar_sim_500/rgb/000006.png,/home/amir/Desktop/COGAR/COGAR_Foundation-Model-Segmentation-for-Robotic-Scenes/data/cogar_sim_500/instance_masks/all/ann_00000116_img_000006_cat_glass_object.png,614.0,301.0,0.8409589529037476,0.850662158354466,0.69882199898822,0.013625030000184779,73.3943338096458,/home/amir/Desktop/COGAR/COGAR_Foundation-Model-Segmentation-for-Robotic-Scenes/outputs/sim_sam_vit_b_point_25/masks/row_0098_object_116_sam_point_mask.png,,cuda,vit_b
99,000006.png,117,data/cogar_sim_500/rgb/000006.png,/home/amir/Desktop/COGAR/COGAR_Foundation-Model-Segmentation-for-Robotic-Scenes/data/cogar_sim_500/instance_masks/all/ann_00000117_img_000006_cat_metal_part.png,243.0,240.0,0.8915413022041321,0.9560483870967742,0.9829059829059829,0.01243859500027611,80.39493206248794,/home/amir/Desktop/COGAR/COGAR_Foundation-Model-Segmentation-for-Robotic-Scenes/outputs/sim_sam_vit_b_point_25/masks/row_0099_object_117_sam_point_mask.png,,cuda,vit_b
100,000006.png,118,data/cogar_sim_500/rgb/000006.png,/home/amir/Desktop/COGAR/COGAR_Foundation-Model-Segmentation-for-Robotic-Scenes/data/cogar_sim_500/instance_masks/all/ann_00000118_img_000006_cat_plastic_object.png,250.0,359.0,0.75813889503479,0.9605107590446914,1.0,0.012647953999930905,79.06417116993491,/home/amir/Desktop/COGAR/COGAR_Foundation-Model-Segmentation-for-Robotic-Scenes/outputs/sim_sam_vit_b_point_25/masks/row_0100_object_118_sam_point_mask.png,,cuda,vit_b
101,000006.png,119,data/cogar_sim_500/rgb/000006.png,/home/amir/Desktop/COGAR/COGAR_Foundation-Model-Segmentation-for-Robotic-Scenes/data/cogar_sim_500/instance_masks/all/ann_00000119_img_000006_cat_glass_object.png,478.0,47.0,0.8683503270149231,0.9374385849983623,0.8312385682882217,0.012948954999956186,77.22630899585207,/home/amir/Desktop/COGAR/COGAR_Foundation-Model-Segmentation-for-Robotic-Scenes/outputs/sim_sam_vit_b_point_25/masks/row_0101_object_119_sam_point_mask.png,,cuda,vit_b
102,000006.png,120,data/cogar_sim_500/rgb/000006.png,/home/amir/Desktop/COGAR/COGAR_Foundation-Model-Segmentation-for-Robotic-Scenes/data/cogar_sim_500/instance_masks/all/ann_00000120_img_000006_cat_cable.png,117.0,478.0,0.9238897562026978,0.33830065359477124,0.5305164319248826,0.012498214000061125,80.01143203301763,/home/amir/Desktop/COGAR/COGAR_Foundation-Model-Segmentation-for-Robotic-Scenes/outputs/sim_sam_vit_b_point_25/masks/row_0102_object_120_sam_point_mask.png,,cuda,vit_b
103,000006.png,121,data/cogar_sim_500/rgb/000006.png,/home/amir/Desktop/COGAR/COGAR_Foundation-Model-Segmentation-for-Robotic-Scenes/data/cogar_sim_500/instance_masks/all/ann_00000121_img_000006_cat_glass_object.png,432.0,112.0,0.7862067818641663,0.38750796685787126,0.38377597433618327,0.012622000000192202,79.22674694856381,/home/amir/Desktop/COGAR/COGAR_Foundation-Model-Segmentation-for-Robotic-Scenes/outputs/sim_sam_vit_b_point_25/masks/row_0103_object_121_sam_point_mask.png,,cuda,vit_b
104,000006.png,122,data/cogar_sim_500/rgb/000006.png,/home/amir/Desktop/COGAR/COGAR_Foundation-Model-Segmentation-for-Robotic-Scenes/data/cogar_sim_500/instance_masks/all/ann_00000122_img_000006_cat_glass_object.png,545.0,159.0,0.9379037618637085,0.9660611854684512,1.0,0.01283417600006942,77.9169617118069,/home/amir/Desktop/COGAR/COGAR_Foundation-Model-Segmentation-for-Robotic-Scenes/outputs/sim_sam_vit_b_point_25/masks/row_0104_object_122_sam_point_mask.png,,cuda,vit_b
105,000006.png,123,data/cogar_sim_500/rgb/000006.png,/home/amir/Desktop/COGAR/COGAR_Foundation-Model-Segmentation-for-Robotic-Scenes/data/cogar_sim_500/instance_masks/all/ann_00000123_img_000006_cat_box.png,311.0,257.0,0.9334829449653625,0.7564628869410851,0.7829331299335833,0.012739647999751469,78.49510441885901,/home/amir/Desktop/COGAR/COGAR_Foundation-Model-Segmentation-for-Robotic-Scenes/outputs/sim_sam_vit_b_point_25/masks/row_0105_object_123_sam_point_mask.png,,cuda,vit_b
106,000006.png,124,data/cogar_sim_500/rgb/000006.png,/home/amir/Desktop/COGAR/COGAR_Foundation-Model-Segmentation-for-Robotic-Scenes/data/cogar_sim_500/instance_masks/all/ann_00000124_img_000006_cat_box.png,432.0,260.0,0.8119433522224426,0.9460806524694155,0.9380530973451328,0.01286855700027445,77.70879050220415,/home/amir/Desktop/COGAR/COGAR_Foundation-Model-Segmentation-for-Robotic-Scenes/outputs/sim_sam_vit_b_point_25/masks/row_0106_object_124_sam_point_mask.png,,cuda,vit_b
107,000006.png,125,data/cogar_sim_500/rgb/000006.png,/home/amir/Desktop/COGAR/COGAR_Foundation-Model-Segmentation-for-Robotic-Scenes/data/cogar_sim_500/instance_masks/all/ann_00000125_img_000006_cat_box.png,79.0,339.0,0.9664492607116699,0.9902688153490459,0.999360204734485,0.012500126999839267,79.99918720928663,/home/amir/Desktop/COGAR/COGAR_Foundation-Model-Segmentation-for-Robotic-Scenes/outputs/sim_sam_vit_b_point_25/masks/row_0107_object_125_sam_point_mask.png,,cuda,vit_b
108,000006.png,126,data/cogar_sim_500/rgb/000006.png,/home/amir/Desktop/COGAR/COGAR_Foundation-Model-Segmentation-for-Robotic-Scenes/data/cogar_sim_500/instance_masks/all/ann_00000126_img_000006_cat_plastic_object.png,532.0,310.0,0.6679803133010864,0.84923616328575,0.7294703197203033,0.012567038999804936,79.57323917078016,/home/amir/Desktop/COGAR/COGAR_Foundation-Model-Segmentation-for-Robotic-Scenes/outputs/sim_sam_vit_b_point_25/masks/row_0108_object_126_sam_point_mask.png,,cuda,vit_b
109,000006.png,127,data/cogar_sim_500/rgb/000006.png,/home/amir/Desktop/COGAR/COGAR_Foundation-Model-Segmentation-for-Robotic-Scenes/data/cogar_sim_500/instance_masks/all/ann_00000127_img_000006_cat_connector.png,186.0,113.0,0.8203060030937195,0.8623973727422003,0.6510948905109489,0.012743939000301907,78.46867440092971,/home/amir/Desktop/COGAR/COGAR_Foundation-Model-Segmentation-for-Robotic-Scenes/outputs/sim_sam_vit_b_point_25/masks/row_0109_object_127_sam_point_mask.png,,cuda,vit_b
110,000006.png,128,data/cogar_sim_500/rgb/000006.png,/home/amir/Desktop/COGAR/COGAR_Foundation-Model-Segmentation-for-Robotic-Scenes/data/cogar_sim_500/instance_masks/all/ann_00000128_img_000006_cat_glass_object.png,366.0,134.0,0.9158059358596802,0.9275491949910555,0.99584111135229,0.012438192999979947,80.39753041310841,/home/amir/Desktop/COGAR/COGAR_Foundation-Model-Segmentation-for-Robotic-Scenes/outputs/sim_sam_vit_b_point_25/masks/row_0110_object_128_sam_point_mask.png,,cuda,vit_b
111,000006.png,129,data/cogar_sim_500/rgb/000006.png,/home/amir/Desktop/COGAR/COGAR_Foundation-Model-Segmentation-for-Robotic-Scenes/data/cogar_sim_500/instance_masks/all/ann_00000129_img_000006_cat_robot_gripper.png,586.0,232.0,0.9813953042030334,0.9704759869324947,0.9888292228723176,0.012659797999731381,78.99020189905228,/home/amir/Desktop/COGAR/COGAR_Foundation-Model-Segmentation-for-Robotic-Scenes/outputs/sim_sam_vit_b_point_25/masks/row_0111_object_129_sam_point_mask.png,,cuda,vit_b
112,000006.png,130,data/cogar_sim_500/rgb/000006.png,/home/amir/Desktop/COGAR/COGAR_Foundation-Model-Segmentation-for-Robotic-Scenes/data/cogar_sim_500/instance_masks/all/ann_00000130_img_000006_cat_robot_gripper.png,347.0,232.0,0.9185521602630615,0.8716981132075472,0.9875518672199171,0.012626705999991827,79.19721897386755,/home/amir/Desktop/COGAR/COGAR_Foundation-Model-Segmentation-for-Robotic-Scenes/outputs/sim_sam_vit_b_point_25/masks/row_0112_object_130_sam_point_mask.png,,cuda,vit_b
113,000006.png,131,data/cogar_sim_500/rgb/000006.png,/home/amir/Desktop/COGAR/COGAR_Foundation-Model-Segmentation-for-Robotic-Scenes/data/cogar_sim_500/instance_masks/all/ann_00000131_img_000006_cat_robot_gripper.png,489.0,147.0,0.9253221750259399,0.9535371702637889,1.0,0.012475360999815166,80.15800104019563,/home/amir/Desktop/COGAR/COGAR_Foundation-Model-Segmentation-for-Robotic-Scenes/outputs/sim_sam_vit_b_point_25/masks/row_0113_object_131_sam_point_mask.png,,cuda,vit_b
114,000008.png,136,data/cogar_sim_500/rgb/000008.png,/home/amir/Desktop/COGAR/COGAR_Foundation-Model-Segmentation-for-Robotic-Scenes/data/cogar_sim_500/instance_masks/all/ann_00000136_img_000008_cat_screw.png,287.0,177.0,0.9188660383224487,0.9209486166007905,1.0,0.15814219300000332,6.323423123391105,/home/amir/Desktop/COGAR/COGAR_Foundation-Model-Segmentation-for-Robotic-Scenes/outputs/sim_sam_vit_b_point_25/masks/row_0114_object_136_sam_point_mask.png,,cuda,vit_b
115,000008.png,138,data/cogar_sim_500/rgb/000008.png,/home/amir/Desktop/COGAR/COGAR_Foundation-Model-Segmentation-for-Robotic-Scenes/data/cogar_sim_500/instance_masks/all/ann_00000138_img_000008_cat_connector.png,440.0,321.0,0.9217886924743652,0.9569190600522193,1.0,0.012442123000255378,80.37213584687072,/home/amir/Desktop/COGAR/COGAR_Foundation-Model-Segmentation-for-Robotic-Scenes/outputs/sim_sam_vit_b_point_25/masks/row_0115_object_138_sam_point_mask.png,,cuda,vit_b
116,000008.png,139,data/cogar_sim_500/rgb/000008.png,/home/amir/Desktop/COGAR/COGAR_Foundation-Model-Segmentation-for-Robotic-Scenes/data/cogar_sim_500/instance_masks/all/ann_00000139_img_000008_cat_plastic_object.png,275.0,126.0,0.8442177772521973,0.9770603228547153,0.9885807504078303,0.012478099999952974,80.14040599159877,/home/amir/Desktop/COGAR/COGAR_Foundation-Model-Segmentation-for-Robotic-Scenes/outputs/sim_sam_vit_b_point_25/masks/row_0116_object_139_sam_point_mask.png,,cuda,vit_b
117,000008.png,140,data/cogar_sim_500/rgb/000008.png,/home/amir/Desktop/COGAR/COGAR_Foundation-Model-Segmentation-for-Robotic-Scenes/data/cogar_sim_500/instance_masks/all/ann_00000140_img_000008_cat_connector.png,464.0,479.0,0.8214256763458252,0.34308858113404755,0.4586688410967282,0.01257629400015503,79.514680555947,/home/amir/Desktop/COGAR/COGAR_Foundation-Model-Segmentation-for-Robotic-Scenes/outputs/sim_sam_vit_b_point_25/masks/row_0117_object_140_sam_point_mask.png,,cuda,vit_b
118,000008.png,141,data/cogar_sim_500/rgb/000008.png,/home/amir/Desktop/COGAR/COGAR_Foundation-Model-Segmentation-for-Robotic-Scenes/data/cogar_sim_500/instance_masks/all/ann_00000141_img_000008_cat_screw.png,149.0,63.0,0.8311629891395569,0.4878444084278768,0.6978121844496803,0.012529205000191723,79.8135236820451,/home/amir/Desktop/COGAR/COGAR_Foundation-Model-Segmentation-for-Robotic-Scenes/outputs/sim_sam_vit_b_point_25/masks/row_0118_object_141_sam_point_mask.png,,cuda,vit_b
119,000008.png,142,data/cogar_sim_500/rgb/000008.png,/home/amir/Desktop/COGAR/COGAR_Foundation-Model-Segmentation-for-Robotic-Scenes/data/cogar_sim_500/instance_masks/all/ann_00000142_img_000008_cat_screw.png,473.0,144.0,0.8010315299034119,0.5906976744186047,0.7684095063985374,0.012700762000349641,78.73543335214619,/home/amir/Desktop/COGAR/COGAR_Foundation-Model-Segmentation-for-Robotic-Scenes/outputs/sim_sam_vit_b_point_25/masks/row_0119_object_142_sam_point_mask.png,,cuda,vit_b
120,000008.png,143,data/cogar_sim_500/rgb/000008.png,/home/amir/Desktop/COGAR/COGAR_Foundation-Model-Segmentation-for-Robotic-Scenes/data/cogar_sim_500/instance_masks/all/ann_00000143_img_000008_cat_connector.png,71.0,266.0,0.8257533311843872,0.6477272727272727,0.9894736842105264,0.01268824599992513,78.8130999356334,/home/amir/Desktop/COGAR/COGAR_Foundation-Model-Segmentation-for-Robotic-Scenes/outputs/sim_sam_vit_b_point_25/masks/row_0120_object_143_sam_point_mask.png,,cuda,vit_b
121,000008.png,144,data/cogar_sim_500/rgb/000008.png,/home/amir/Desktop/COGAR/COGAR_Foundation-Model-Segmentation-for-Robotic-Scenes/data/cogar_sim_500/instance_masks/all/ann_00000144_img_000008_cat_box.png,72.0,322.0,0.9861485362052917,0.5629163582531458,0.6627225538814661,0.012571652000133327,79.54404083006709,/home/amir/Desktop/COGAR/COGAR_Foundation-Model-Segmentation-for-Robotic-Scenes/outputs/sim_sam_vit_b_point_25/masks/row_0121_object_144_sam_point_mask.png,,cuda,vit_b
122,000008.png,145,data/cogar_sim_500/rgb/000008.png,/home/amir/Desktop/COGAR/COGAR_Foundation-Model-Segmentation-for-Robotic-Scenes/data/cogar_sim_500/instance_masks/all/ann_00000145_img_000008_cat_connector.png,53.0,190.0,0.9433164000511169,0.9718205413422321,1.0,0.0126658139997744,78.95268318465845,/home/amir/Desktop/COGAR/COGAR_Foundation-Model-Segmentation-for-Robotic-Scenes/outputs/sim_sam_vit_b_point_25/masks/row_0122_object_145_sam_point_mask.png,,cuda,vit_b
123,000008.png,146,data/cogar_sim_500/rgb/000008.png,/home/amir/Desktop/COGAR/COGAR_Foundation-Model-Segmentation-for-Robotic-Scenes/data/cogar_sim_500/instance_masks/all/ann_00000146_img_000008_cat_screw.png,474.0,234.0,0.8313049674034119,0.9303030303030303,1.0,0.01287854799966226,77.64850509748653,/home/amir/Desktop/COGAR/COGAR_Foundation-Model-Segmentation-for-Robotic-Scenes/outputs/sim_sam_vit_b_point_25/masks/row_0123_object_146_sam_point_mask.png,,cuda,vit_b
124,000008.png,147,data/cogar_sim_500/rgb/000008.png,/home/amir/Desktop/COGAR/COGAR_Foundation-Model-Segmentation-for-Robotic-Scenes/data/cogar_sim_500/instance_masks/all/ann_00000147_img_000008_cat_cable.png,407.0,479.0,0.9133942723274231,0.9266347687400319,0.9739154516763694,0.012738520999846514,78.5020490221784,/home/amir/Desktop/COGAR/COGAR_Foundation-Model-Segmentation-for-Robotic-Scenes/outputs/sim_sam_vit_b_point_25/masks/row_0124_object_147_sam_point_mask.png,,cuda,vit_b
125,000008.png,148,data/cogar_sim_500/rgb/000008.png,/home/amir/Desktop/COGAR/COGAR_Foundation-Model-Segmentation-for-Robotic-Scenes/data/cogar_sim_500/instance_masks/all/ann_00000148_img_000008_cat_connector.png,493.0,301.0,0.9136819839477539,0.9398443029016278,0.9714285714285714,0.012714677000076335,78.64926493956521,/home/amir/Desktop/COGAR/COGAR_Foundation-Model-Segmentation-for-Robotic-Scenes/outputs/sim_sam_vit_b_point_25/masks/row_0125_object_148_sam_point_mask.png,,cuda,vit_b
126,000008.png,149,data/cogar_sim_500/rgb/000008.png,/home/amir/Desktop/COGAR/COGAR_Foundation-Model-Segmentation-for-Robotic-Scenes/data/cogar_sim_500/instance_masks/all/ann_00000149_img_000008_cat_screw.png,538.0,224.0,0.8999125361442566,0.7659574468085106,1.0,0.012574572000175976,79.52556953715843,/home/amir/Desktop/COGAR/COGAR_Foundation-Model-Segmentation-for-Robotic-Scenes/outputs/sim_sam_vit_b_point_25/masks/row_0126_object_149_sam_point_mask.png,,cuda,vit_b
127,000008.png,150,data/cogar_sim_500/rgb/000008.png,/home/amir/Desktop/COGAR/COGAR_Foundation-Model-Segmentation-for-Robotic-Scenes/data/cogar_sim_500/instance_masks/all/ann_00000150_img_000008_cat_connector.png,432.0,405.0,0.9066401720046997,0.6461785141635489,0.6978342597504439,0.0126973960000214,78.75630562347702,/home/amir/Desktop/COGAR/COGAR_Foundation-Model-Segmentation-for-Robotic-Scenes/outputs/sim_sam_vit_b_point_25/masks/row_0127_object_150_sam_point_mask.png,,cuda,vit_b
128,000008.png,151,data/cogar_sim_500/rgb/000008.png,/home/amir/Desktop/COGAR/COGAR_Foundation-Model-Segmentation-for-Robotic-Scenes/data/cogar_sim_500/instance_masks/all/ann_00000151_img_000008_cat_connector.png,221.0,90.0,0.8473694324493408,0.9776643267389917,1.0,0.012667008999869722,78.94523482301818,/home/amir/Desktop/COGAR/COGAR_Foundation-Model-Segmentation-for-Robotic-Scenes/outputs/sim_sam_vit_b_point_25/masks/row_0128_object_151_sam_point_mask.png,,cuda,vit_b
129,000008.png,152,data/cogar_sim_500/rgb/000008.png,/home/amir/Desktop/COGAR/COGAR_Foundation-Model-Segmentation-for-Robotic-Scenes/data/cogar_sim_500/instance_masks/all/ann_00000152_img_000008_cat_plastic_object.png,415.0,217.0,0.9467751979827881,0.9836875926841325,1.0,0.013023428999986209,76.78469318649174,/home/amir/Desktop/COGAR/COGAR_Foundation-Model-Segmentation-for-Robotic-Scenes/outputs/sim_sam_vit_b_point_25/masks/row_0129_object_152_sam_point_mask.png,,cuda,vit_b
130,000008.png,153,data/cogar_sim_500/rgb/000008.png,/home/amir/Desktop/COGAR/COGAR_Foundation-Model-Segmentation-for-Robotic-Scenes/data/cogar_sim_500/instance_masks/all/ann_00000153_img_000008_cat_connector.png,156.0,244.0,0.8743059039115906,0.9675692695214105,1.0,0.012732550999771775,78.53885682593571,/home/amir/Desktop/COGAR/COGAR_Foundation-Model-Segmentation-for-Robotic-Scenes/outputs/sim_sam_vit_b_point_25/masks/row_0130_object_153_sam_point_mask.png,,cuda,vit_b
131,000008.png,154,data/cogar_sim_500/rgb/000008.png,/home/amir/Desktop/COGAR/COGAR_Foundation-Model-Segmentation-for-Robotic-Scenes/data/cogar_sim_500/instance_masks/all/ann_00000154_img_000008_cat_connector.png,490.0,360.0,0.8692222833633423,0.9201298701298701,0.8935281837160752,0.012489158999869687,80.0694426270363,/home/amir/Desktop/COGAR/COGAR_Foundation-Model-Segmentation-for-Robotic-Scenes/outputs/sim_sam_vit_b_point_25/masks/row_0131_object_154_sam_point_mask.png,,cuda,vit_b
132,000008.png,155,data/cogar_sim_500/rgb/000008.png,/home/amir/Desktop/COGAR/COGAR_Foundation-Model-Segmentation-for-Robotic-Scenes/data/cogar_sim_500/instance_masks/all/ann_00000155_img_000008_cat_screw.png,420.0,303.0,0.9372171759605408,0.9287833827893175,1.0,0.012565822999931697,79.58093950594686,/home/amir/Desktop/COGAR/COGAR_Foundation-Model-Segmentation-for-Robotic-Scenes/outputs/sim_sam_vit_b_point_25/masks/row_0132_object_155_sam_point_mask.png,,cuda,vit_b
133,000008.png,156,data/cogar_sim_500/rgb/000008.png,/home/amir/Desktop/COGAR/COGAR_Foundation-Model-Segmentation-for-Robotic-Scenes/data/cogar_sim_500/instance_masks/all/ann_00000156_img_000008_cat_screw.png,275.0,363.0,0.8465213775634766,0.8951612903225806,0.9545454545454545,0.012544572000024345,79.7157527572929,/home/amir/Desktop/COGAR/COGAR_Foundation-Model-Segmentation-for-Robotic-Scenes/outputs/sim_sam_vit_b_point_25/masks/row_0133_object_156_sam_point_mask.png,,cuda,vit_b
134,000008.png,157,data/cogar_sim_500/rgb/000008.png,/home/amir/Desktop/COGAR/COGAR_Foundation-Model-Segmentation-for-Robotic-Scenes/data/cogar_sim_500/instance_masks/all/ann_00000157_img_000008_cat_box.png,185.0,400.0,0.9949667453765869,0.4301124365047657,0.5815357387050251,0.01250038600028347,79.9975296744695,/home/amir/Desktop/COGAR/COGAR_Foundation-Model-Segmentation-for-Robotic-Scenes/outputs/sim_sam_vit_b_point_25/masks/row_0134_object_157_sam_point_mask.png,,cuda,vit_b
135,000008.png,158,data/cogar_sim_500/rgb/000008.png,/home/amir/Desktop/COGAR/COGAR_Foundation-Model-Segmentation-for-Robotic-Scenes/data/cogar_sim_500/instance_masks/all/ann_00000158_img_000008_cat_screw.png,307.0,92.0,0.9514701962471008,0.975,1.0,0.012662618000376824,78.97261055890979,/home/amir/Desktop/COGAR/COGAR_Foundation-Model-Segmentation-for-Robotic-Scenes/outputs/sim_sam_vit_b_point_25/masks/row_0135_object_158_sam_point_mask.png,,cuda,vit_b
136,000008.png,159,data/cogar_sim_500/rgb/000008.png,/home/amir/Desktop/COGAR/COGAR_Foundation-Model-Segmentation-for-Robotic-Scenes/data/cogar_sim_500/instance_masks/all/ann_00000159_img_000008_cat_screw.png,406.0,445.0,0.8663768768310547,0.8043478260869565,0.880503144654088,0.013061734000075376,76.55951346078777,/home/amir/Desktop/COGAR/COGAR_Foundation-Model-Segmentation-for-Robotic-Scenes/outputs/sim_sam_vit_b_point_25/masks/row_0136_object_159_sam_point_mask.png,,cuda,vit_b
137,000008.png,160,data/cogar_sim_500/rgb/000008.png,/home/amir/Desktop/COGAR/COGAR_Foundation-Model-Segmentation-for-Robotic-Scenes/data/cogar_sim_500/instance_masks/all/ann_00000160_img_000008_cat_connector.png,361.0,208.0,1.0007046461105347,0.9794871794871794,1.0,0.01274646899992149,78.45309944316026,/home/amir/Desktop/COGAR/COGAR_Foundation-Model-Segmentation-for-Robotic-Scenes/outputs/sim_sam_vit_b_point_25/masks/row_0137_object_160_sam_point_mask.png,,cuda,vit_b
138,000008.png,161,data/cogar_sim_500/rgb/000008.png,/home/amir/Desktop/COGAR/COGAR_Foundation-Model-Segmentation-for-Robotic-Scenes/data/cogar_sim_500/instance_masks/all/ann_00000161_img_000008_cat_cable.png,540.0,195.0,0.9804521799087524,0.9440281030444965,0.9797576932923329,0.012643691999983275,79.09082252251342,/home/amir/Desktop/COGAR/COGAR_Foundation-Model-Segmentation-for-Robotic-Scenes/outputs/sim_sam_vit_b_point_25/masks/row_0138_object_161_sam_point_mask.png,,cuda,vit_b
139,000008.png,162,data/cogar_sim_500/rgb/000008.png,/home/amir/Desktop/COGAR/COGAR_Foundation-Model-Segmentation-for-Robotic-Scenes/data/cogar_sim_500/instance_masks/all/ann_00000162_img_000008_cat_cable.png,268.0,338.0,0.7165349125862122,0.2969529085872576,0.5511265164644714,0.012522168000032252,79.85837596152874,/home/amir/Desktop/COGAR/COGAR_Foundation-Model-Segmentation-for-Robotic-Scenes/outputs/sim_sam_vit_b_point_25/masks/row_0139_object_162_sam_point_mask.png,,cuda,vit_b
140,000008.png,163,data/cogar_sim_500/rgb/000008.png,/home/amir/Desktop/COGAR/COGAR_Foundation-Model-Segmentation-for-Robotic-Scenes/data/cogar_sim_500/instance_masks/all/ann_00000163_img_000008_cat_screw.png,151.0,84.0,0.6435248255729675,0.49514563106796117,0.6674144699943916,0.012558870999782812,79.62499177014348,/home/amir/Desktop/COGAR/COGAR_Foundation-Model-Segmentation-for-Robotic-Scenes/outputs/sim_sam_vit_b_point_25/masks/row_0140_object_163_sam_point_mask.png,,cuda,vit_b
141,000008.png,164,data/cogar_sim_500/rgb/000008.png,/home/amir/Desktop/COGAR/COGAR_Foundation-Model-Segmentation-for-Robotic-Scenes/data/cogar_sim_500/instance_masks/all/ann_00000164_img_000008_cat_screw.png,382.0,270.0,0.8909465670585632,0.9267676767676768,1.0,0.01264906799997334,79.05720800948399,/home/amir/Desktop/COGAR/COGAR_Foundation-Model-Segmentation-for-Robotic-Scenes/outputs/sim_sam_vit_b_point_25/masks/row_0141_object_164_sam_point_mask.png,,cuda,vit_b
142,000008.png,165,data/cogar_sim_500/rgb/000008.png,/home/amir/Desktop/COGAR/COGAR_Foundation-Model-Segmentation-for-Robotic-Scenes/data/cogar_sim_500/instance_masks/all/ann_00000165_img_000008_cat_connector.png,216.0,146.0,0.8822145462036133,0.6388888888888888,0.9917355371900827,0.012702137999895058,78.72690408561628,/home/amir/Desktop/COGAR/COGAR_Foundation-Model-Segmentation-for-Robotic-Scenes/outputs/sim_sam_vit_b_point_25/masks/row_0142_object_165_sam_point_mask.png,,cuda,vit_b
143,000008.png,166,data/cogar_sim_500/rgb/000008.png,/home/amir/Desktop/COGAR/COGAR_Foundation-Model-Segmentation-for-Robotic-Scenes/data/cogar_sim_500/instance_masks/all/ann_00000166_img_000008_cat_metal_part.png,377.0,226.0,0.8044303059577942,0.7777777777777778,1.0,0.012726105000183452,78.57863816034714,/home/amir/Desktop/COGAR/COGAR_Foundation-Model-Segmentation-for-Robotic-Scenes/outputs/sim_sam_vit_b_point_25/masks/row_0143_object_166_sam_point_mask.png,,cuda,vit_b
144,000008.png,167,data/cogar_sim_500/rgb/000008.png,/home/amir/Desktop/COGAR/COGAR_Foundation-Model-Segmentation-for-Robotic-Scenes/data/cogar_sim_500/instance_masks/all/ann_00000167_img_000008_cat_connector.png,125.0,203.0,0.9477488994598389,0.9537892791127541,0.9761095150379395,0.012572094999995898,79.54123795599114,/home/amir/Desktop/COGAR/COGAR_Foundation-Model-Segmentation-for-Robotic-Scenes/outputs/sim_sam_vit_b_point_25/masks/row_0144_object_167_sam_point_mask.png,,cuda,vit_b
145,000008.png,168,data/cogar_sim_500/rgb/000008.png,/home/amir/Desktop/COGAR/COGAR_Foundation-Model-Segmentation-for-Robotic-Scenes/data/cogar_sim_500/instance_masks/all/ann_00000168_img_000008_cat_screw.png,539.0,317.0,0.9282754063606262,0.8909090909090909,1.0,0.012613844000043173,79.27797426356132,/home/amir/Desktop/COGAR/COGAR_Foundation-Model-Segmentation-for-Robotic-Scenes/outputs/sim_sam_vit_b_point_25/masks/row_0145_object_168_sam_point_mask.png,,cuda,vit_b
146,000008.png,169,data/cogar_sim_500/rgb/000008.png,/home/amir/Desktop/COGAR/COGAR_Foundation-Model-Segmentation-for-Robotic-Scenes/data/cogar_sim_500/instance_masks/all/ann_00000169_img_000008_cat_robot_gripper.png,310.0,304.0,0.961104154586792,0.8932412999712396,0.8841770321087649,0.01258667999991303,79.44906838077314,/home/amir/Desktop/COGAR/COGAR_Foundation-Model-Segmentation-for-Robotic-Scenes/outputs/sim_sam_vit_b_point_25/masks/row_0146_object_169_sam_point_mask.png,,cuda,vit_b
147,000008.png,170,data/cogar_sim_500/rgb/000008.png,/home/amir/Desktop/COGAR/COGAR_Foundation-Model-Segmentation-for-Robotic-Scenes/data/cogar_sim_500/instance_masks/all/ann_00000170_img_000008_cat_robot_gripper.png,328.0,243.0,0.9794320464134216,0.9401368301026226,0.9977728285077951,0.012458903000151622,80.26388840075488,/home/amir/Desktop/COGAR/COGAR_Foundation-Model-Segmentation-for-Robotic-Scenes/outputs/sim_sam_vit_b_point_25/masks/row_0147_object_170_sam_point_mask.png,,cuda,vit_b
148,000009.png,172,data/cogar_sim_500/rgb/000009.png,/home/amir/Desktop/COGAR/COGAR_Foundation-Model-Segmentation-for-Robotic-Scenes/data/cogar_sim_500/instance_masks/all/ann_00000172_img_000009_cat_screw.png,413.0,184.0,0.8392347097396851,0.6483516483516484,0.5637666640980196,0.15937157100006516,6.274644804747461,/home/amir/Desktop/COGAR/COGAR_Foundation-Model-Segmentation-for-Robotic-Scenes/outputs/sim_sam_vit_b_point_25/masks/row_0148_object_172_sam_point_mask.png,,cuda,vit_b
149,000009.png,173,data/cogar_sim_500/rgb/000009.png,/home/amir/Desktop/COGAR/COGAR_Foundation-Model-Segmentation-for-Robotic-Scenes/data/cogar_sim_500/instance_masks/all/ann_00000173_img_000009_cat_connector.png,273.0,397.0,0.9598938822746277,0.9522031366691561,1.0,0.012542191999727947,79.730879580036,/home/amir/Desktop/COGAR/COGAR_Foundation-Model-Segmentation-for-Robotic-Scenes/outputs/sim_sam_vit_b_point_25/masks/row_0149_object_173_sam_point_mask.png,,cuda,vit_b
150,000009.png,174,data/cogar_sim_500/rgb/000009.png,/home/amir/Desktop/COGAR/COGAR_Foundation-Model-Segmentation-for-Robotic-Scenes/data/cogar_sim_500/instance_masks/all/ann_00000174_img_000009_cat_cable.png,586.0,445.0,0.7883861064910889,0.846816976127321,0.9211366077975525,0.012566094000248995,79.57922326382288,/home/amir/Desktop/COGAR/COGAR_Foundation-Model-Segmentation-for-Robotic-Scenes/outputs/sim_sam_vit_b_point_25/masks/row_0150_object_174_sam_point_mask.png,,cuda,vit_b
151,000009.png,175,data/cogar_sim_500/rgb/000009.png,/home/amir/Desktop/COGAR/COGAR_Foundation-Model-Segmentation-for-Robotic-Scenes/data/cogar_sim_500/instance_masks/all/ann_00000175_img_000009_cat_plastic_object.png,320.0,386.0,0.9118574857711792,0.9743466794533685,1.0,0.012669343000197841,78.93069119561956,/home/amir/Desktop/COGAR/COGAR_Foundation-Model-Segmentation-for-Robotic-Scenes/outputs/sim_sam_vit_b_point_25/masks/row_0151_object_175_sam_point_mask.png,,cuda,vit_b
152,000009.png,176,data/cogar_sim_500/rgb/000009.png,/home/amir/Desktop/COGAR/COGAR_Foundation-Model-Segmentation-for-Robotic-Scenes/data/cogar_sim_500/instance_masks/all/ann_00000176_img_000009_cat_plastic_object.png,271.0,293.0,0.9196584224700928,0.9792767167817961,1.0,0.012787868000032176,78.19911810142894,/home/amir/Desktop/COGAR/COGAR_Foundation-Model-Segmentation-for-Robotic-Scenes/outputs/sim_sam_vit_b_point_25/masks/row_0152_object_176_sam_point_mask.png,,cuda,vit_b
153,000009.png,177,data/cogar_sim_500/rgb/000009.png,/home/amir/Desktop/COGAR/COGAR_Foundation-Model-Segmentation-for-Robotic-Scenes/data/cogar_sim_500/instance_masks/all/ann_00000177_img_000009_cat_plastic_object.png,408.0,360.0,0.9370430111885071,0.9659318637274549,1.0,0.0124407829998745,80.38079275316416,/home/amir/Desktop/COGAR/COGAR_Foundation-Model-Segmentation-for-Robotic-Scenes/outputs/sim_sam_vit_b_point_25/masks/row_0153_object_177_sam_point_mask.png,,cuda,vit_b
154,000009.png,179,data/cogar_sim_500/rgb/000009.png,/home/amir/Desktop/COGAR/COGAR_Foundation-Model-Segmentation-for-Robotic-Scenes/data/cogar_sim_500/instance_masks/all/ann_00000179_img_000009_cat_cable.png,274.0,245.0,0.9293069839477539,0.7474249888042992,0.7877591312931884,0.012745037000058801,78.46191423339033,/home/amir/Desktop/COGAR/COGAR_Foundation-Model-Segmentation-for-Robotic-Scenes/outputs/sim_sam_vit_b_point_25/masks/row_0154_object_179_sam_point_mask.png,,cuda,vit_b
155,000009.png,180,data/cogar_sim_500/rgb/000009.png,/home/amir/Desktop/COGAR/COGAR_Foundation-Model-Segmentation-for-Robotic-Scenes/data/cogar_sim_500/instance_masks/all/ann_00000180_img_000009_cat_glass_object.png,509.0,258.0,0.7933313846588135,0.8078645396025749,0.5493466056909556,0.012801404000128969,78.11643160312146,/home/amir/Desktop/COGAR/COGAR_Foundation-Model-Segmentation-for-Robotic-Scenes/outputs/sim_sam_vit_b_point_25/masks/row_0155_object_180_sam_point_mask.png,,cuda,vit_b
156,000009.png,181,data/cogar_sim_500/rgb/000009.png,/home/amir/Desktop/COGAR/COGAR_Foundation-Model-Segmentation-for-Robotic-Scenes/data/cogar_sim_500/instance_masks/all/ann_00000181_img_000009_cat_tool.png,346.0,479.0,0.9418866634368896,0.9182049649904519,0.9809852544887516,0.01251055400007317,79.93251138152246,/home/amir/Desktop/COGAR/COGAR_Foundation-Model-Segmentation-for-Robotic-Scenes/outputs/sim_sam_vit_b_point_25/masks/row_0156_object_181_sam_point_mask.png,,cuda,vit_b
157,000009.png,182,data/cogar_sim_500/rgb/000009.png,/home/amir/Desktop/COGAR/COGAR_Foundation-Model-Segmentation-for-Robotic-Scenes/data/cogar_sim_500/instance_masks/all/ann_00000182_img_000009_cat_plastic_object.png,333.0,109.0,0.9867784976959229,0.9787489975942262,1.0,0.012608588000148302,79.31102197868928,/home/amir/Desktop/COGAR/COGAR_Foundation-Model-Segmentation-for-Robotic-Scenes/outputs/sim_sam_vit_b_point_25/masks/row_0157_object_182_sam_point_mask.png,,cuda,vit_b
158,000009.png,183,data/cogar_sim_500/rgb/000009.png,/home/amir/Desktop/COGAR/COGAR_Foundation-Model-Segmentation-for-Robotic-Scenes/data/cogar_sim_500/instance_masks/all/ann_00000183_img_000009_cat_plastic_object.png,465.0,365.0,0.9354803562164307,0.9729335831771809,0.9984152139461173,0.012831319999804691,77.93430449986604,/home/amir/Desktop/COGAR/COGAR_Foundation-Model-Segmentation-for-Robotic-Scenes/outputs/sim_sam_vit_b_point_25/masks/row_0158_object_183_sam_point_mask.png,,cuda,vit_b
159,000009.png,184,data/cogar_sim_500/rgb/000009.png,/home/amir/Desktop/COGAR/COGAR_Foundation-Model-Segmentation-for-Robotic-Scenes/data/cogar_sim_500/instance_masks/all/ann_00000184_img_000009_cat_plastic_object.png,174.0,170.0,0.9467850923538208,0.9707446808510638,1.0,0.012838140999974712,77.8928974219842,/home/amir/Desktop/COGAR/COGAR_Foundation-Model-Segmentation-for-Robotic-Scenes/outputs/sim_sam_vit_b_point_25/masks/row_0159_object_184_sam_point_mask.png,,cuda,vit_b
160,000009.png,185,data/cogar_sim_500/rgb/000009.png,/home/amir/Desktop/COGAR/COGAR_Foundation-Model-Segmentation-for-Robotic-Scenes/data/cogar_sim_500/instance_masks/all/ann_00000185_img_000009_cat_plastic_object.png,260.0,115.0,0.9324685335159302,0.9817708333333334,1.0,0.012632759000098304,79.15927154093721,/home/amir/Desktop/COGAR/COGAR_Foundation-Model-Segmentation-for-Robotic-Scenes/outputs/sim_sam_vit_b_point_25/masks/row_0160_object_185_sam_point_mask.png,,cuda,vit_b
161,000009.png,186,data/cogar_sim_500/rgb/000009.png,/home/amir/Desktop/COGAR/COGAR_Foundation-Model-Segmentation-for-Robotic-Scenes/data/cogar_sim_500/instance_masks/all/ann_00000186_img_000009_cat_plastic_object.png,234.0,201.0,0.9834291338920593,0.9437621202327084,1.0,0.012764015000357176,78.34525421444718,/home/amir/Desktop/COGAR/COGAR_Foundation-Model-Segmentation-for-Robotic-Scenes/outputs/sim_sam_vit_b_point_25/masks/row_0161_object_186_sam_point_mask.png,,cuda,vit_b
162,000009.png,188,data/cogar_sim_500/rgb/000009.png,/home/amir/Desktop/COGAR/COGAR_Foundation-Model-Segmentation-for-Robotic-Scenes/data/cogar_sim_500/instance_masks/all/ann_00000188_img_000009_cat_plastic_object.png,112.0,156.0,0.9422819018363953,0.9702052091554854,0.9695587695938512,0.012566458000037528,79.57691817352301,/home/amir/Desktop/COGAR/COGAR_Foundation-Model-Segmentation-for-Robotic-Scenes/outputs/sim_sam_vit_b_point_25/masks/row_0162_object_188_sam_point_mask.png,,cuda,vit_b
163,000009.png,189,data/cogar_sim_500/rgb/000009.png,/home/amir/Desktop/COGAR/COGAR_Foundation-Model-Segmentation-for-Robotic-Scenes/data/cogar_sim_500/instance_masks/all/ann_00000189_img_000009_cat_robot_gripper.png,296.0,209.0,0.958311915397644,0.8585374207912314,0.7927378014301756,0.012569318000259955,79.55881138334779,/home/amir/Desktop/COGAR/COGAR_Foundation-Model-Segmentation-for-Robotic-Scenes/outputs/sim_sam_vit_b_point_25/masks/row_0163_object_189_sam_point_mask.png,,cuda,vit_b
164,000009.png,190,data/cogar_sim_500/rgb/000009.png,/home/amir/Desktop/COGAR/COGAR_Foundation-Model-Segmentation-for-Robotic-Scenes/data/cogar_sim_500/instance_masks/all/ann_00000190_img_000009_cat_robot_gripper.png,288.0,157.0,0.9415803551673889,0.9077514413837284,0.9956140350877193,0.012662964999890391,78.97044649563952,/home/amir/Desktop/COGAR/COGAR_Foundation-Model-Segmentation-for-Robotic-Scenes/outputs/sim_sam_vit_b_point_25/masks/row_0164_object_190_sam_point_mask.png,,cuda,vit_b
165,000009.png,191,data/cogar_sim_500/rgb/000009.png,/home/amir/Desktop/COGAR/COGAR_Foundation-Model-Segmentation-for-Robotic-Scenes/data/cogar_sim_500/instance_masks/all/ann_00000191_img_000009_cat_robot_gripper.png,351.0,217.0,0.9637985825538635,0.976545842217484,1.0,0.01253195199979018,79.79602858491181,/home/amir/Desktop/COGAR/COGAR_Foundation-Model-Segmentation-for-Robotic-Scenes/outputs/sim_sam_vit_b_point_25/masks/row_0165_object_191_sam_point_mask.png,,cuda,vit_b
166,000010.png,193,data/cogar_sim_500/rgb/000010.png,/home/amir/Desktop/COGAR/COGAR_Foundation-Model-Segmentation-for-Robotic-Scenes/data/cogar_sim_500/instance_masks/all/ann_00000193_img_000010_cat_tool.png,171.0,314.0,0.8052006959915161,0.7380405264257364,0.7789573583185241,0.15755446799994388,6.347011371333221,/home/amir/Desktop/COGAR/COGAR_Foundation-Model-Segmentation-for-Robotic-Scenes/outputs/sim_sam_vit_b_point_25/masks/row_0166_object_193_sam_point_mask.png,,cuda,vit_b
167,000010.png,194,data/cogar_sim_500/rgb/000010.png,/home/amir/Desktop/COGAR/COGAR_Foundation-Model-Segmentation-for-Robotic-Scenes/data/cogar_sim_500/instance_masks/all/ann_00000194_img_000010_cat_screw.png,474.0,277.0,0.9509503841400146,0.828693790149893,0.8809479205695017,0.012561430000005203,79.6087706574479,/home/amir/Desktop/COGAR/COGAR_Foundation-Model-Segmentation-for-Robotic-Scenes/outputs/sim_sam_vit_b_point_25/masks/row_0167_object_194_sam_point_mask.png,,cuda,vit_b
168,000010.png,195,data/cogar_sim_500/rgb/000010.png,/home/amir/Desktop/COGAR/COGAR_Foundation-Model-Segmentation-for-Robotic-Scenes/data/cogar_sim_500/instance_masks/all/ann_00000195_img_000010_cat_connector.png,26.0,303.0,0.9346010088920593,0.9180072651790347,0.8941373184240776,0.012654202000248915,79.02513330989417,/home/amir/Desktop/COGAR/COGAR_Foundation-Model-Segmentation-for-Robotic-Scenes/outputs/sim_sam_vit_b_point_25/masks/row_0168_object_195_sam_point_mask.png,,cuda,vit_b
169,000010.png,196,data/cogar_sim_500/rgb/000010.png,/home/amir/Desktop/COGAR/COGAR_Foundation-Model-Segmentation-for-Robotic-Scenes/data/cogar_sim_500/instance_masks/all/ann_00000196_img_000010_cat_plastic_object.png,191.0,421.0,0.8890546560287476,0.9815063887020847,1.0,0.012588393999976688,79.43825082070452,/home/amir/Desktop/COGAR/COGAR_Foundation-Model-Segmentation-for-Robotic-Scenes/outputs/sim_sam_vit_b_point_25/masks/row_0169_object_196_sam_point_mask.png,,cuda,vit_b
170,000010.png,197,data/cogar_sim_500/rgb/000010.png,/home/amir/Desktop/COGAR/COGAR_Foundation-Model-Segmentation-for-Robotic-Scenes/data/cogar_sim_500/instance_masks/all/ann_00000197_img_000010_cat_metal_part.png,390.0,354.0,0.8579652905464172,0.9326750448833034,0.8644400785854617,0.012584240999785834,79.4644667101511,/home/amir/Desktop/COGAR/COGAR_Foundation-Model-Segmentation-for-Robotic-Scenes/outputs/sim_sam_vit_b_point_25/masks/row_0170_object_197_sam_point_mask.png,,cuda,vit_b
171,000010.png,198,data/cogar_sim_500/rgb/000010.png,/home/amir/Desktop/COGAR/COGAR_Foundation-Model-Segmentation-for-Robotic-Scenes/data/cogar_sim_500/instance_masks/all/ann_00000198_img_000010_cat_tool.png,307.0,0.0,0.9564874768257141,0.9640366972477065,1.0,0.012576449000334833,79.51370056630263,/home/amir/Desktop/COGAR/COGAR_Foundation-Model-Segmentation-for-Robotic-Scenes/outputs/sim_sam_vit_b_point_25/masks/row_0171_object_198_sam_point_mask.png,,cuda,vit_b
172,000010.png,199,data/cogar_sim_500/rgb/000010.png,/home/amir/Desktop/COGAR/COGAR_Foundation-Model-Segmentation-for-Robotic-Scenes/data/cogar_sim_500/instance_masks/all/ann_00000199_img_000010_cat_tool.png,98.0,478.0,0.8661580085754395,0.8303448275862069,0.7861217086108201,0.012507282000115083,79.95342233354927,/home/amir/Desktop/COGAR/COGAR_Foundation-Model-Segmentation-for-Robotic-Scenes/outputs/sim_sam_vit_b_point_25/masks/row_0172_object_199_sam_point_mask.png,,cuda,vit_b
173,000010.png,200,data/cogar_sim_500/rgb/000010.png,/home/amir/Desktop/COGAR/COGAR_Foundation-Model-Segmentation-for-Robotic-Scenes/data/cogar_sim_500/instance_masks/all/ann_00000200_img_000010_cat_metal_part.png,448.0,35.0,0.9640898108482361,0.8701399688958009,0.8602587049988005,0.013024709000092116,76.77714718946332,/home/amir/Desktop/COGAR/COGAR_Foundation-Model-Segmentation-for-Robotic-Scenes/outputs/sim_sam_vit_b_point_25/masks/row_0173_object_200_sam_point_mask.png,,cuda,vit_b
174,000010.png,201,data/cogar_sim_500/rgb/000010.png,/home/amir/Desktop/COGAR/COGAR_Foundation-Model-Segmentation-for-Robotic-Scenes/data/cogar_sim_500/instance_masks/all/ann_00000201_img_000010_cat_tool.png,325.0,364.0,0.962973952293396,0.7485976542580316,0.7769379530255835,0.013208635999944818,75.70804434342635,/home/amir/Desktop/COGAR/COGAR_Foundation-Model-Segmentation-for-Robotic-Scenes/outputs/sim_sam_vit_b_point_25/masks/row_0174_object_201_sam_point_mask.png,,cuda,vit_b
175,000010.png,202,data/cogar_sim_500/rgb/000010.png,/home/amir/Desktop/COGAR/COGAR_Foundation-Model-Segmentation-for-Robotic-Scenes/data/cogar_sim_500/instance_masks/all/ann_00000202_img_000010_cat_tool.png,349.0,101.0,0.825273871421814,0.8044493882091213,0.7318628578942179,0.012538555999981327,79.75400038102389,/home/amir/Desktop/COGAR/COGAR_Foundation-Model-Segmentation-for-Robotic-Scenes/outputs/sim_sam_vit_b_point_25/masks/row_0175_object_202_sam_point_mask.png,,cuda,vit_b
176,000010.png,203,data/cogar_sim_500/rgb/000010.png,/home/amir/Desktop/COGAR/COGAR_Foundation-Model-Segmentation-for-Robotic-Scenes/data/cogar_sim_500/instance_masks/all/ann_00000203_img_000010_cat_cable.png,420.0,179.0,0.9225345253944397,0.9371859296482412,0.9978494623655914,0.012676395000198681,78.88678129581216,/home/amir/Desktop/COGAR/COGAR_Foundation-Model-Segmentation-for-Robotic-Scenes/outputs/sim_sam_vit_b_point_25/masks/row_0176_object_203_sam_point_mask.png,,cuda,vit_b
177,000010.png,204,data/cogar_sim_500/rgb/000010.png,/home/amir/Desktop/COGAR/COGAR_Foundation-Model-Segmentation-for-Robotic-Scenes/data/cogar_sim_500/instance_masks/all/ann_00000204_img_000010_cat_connector.png,308.0,216.0,0.9744464755058289,0.8537735849056604,1.0,0.01271607699982269,78.64060590494567,/home/amir/Desktop/COGAR/COGAR_Foundation-Model-Segmentation-for-Robotic-Scenes/outputs/sim_sam_vit_b_point_25/masks/row_0177_object_204_sam_point_mask.png,,cuda,vit_b
178,000010.png,205,data/cogar_sim_500/rgb/000010.png,/home/amir/Desktop/COGAR/COGAR_Foundation-Model-Segmentation-for-Robotic-Scenes/data/cogar_sim_500/instance_masks/all/ann_00000205_img_000010_cat_tool.png,279.0,241.0,0.8082857728004456,0.36551414458913334,0.4875615750881847,0.012578562000271631,79.50034351926756,/home/amir/Desktop/COGAR/COGAR_Foundation-Model-Segmentation-for-Robotic-Scenes/outputs/sim_sam_vit_b_point_25/masks/row_0178_object_205_sam_point_mask.png,,cuda,vit_b
179,000010.png,206,data/cogar_sim_500/rgb/000010.png,/home/amir/Desktop/COGAR/COGAR_Foundation-Model-Segmentation-for-Robotic-Scenes/data/cogar_sim_500/instance_masks/all/ann_00000206_img_000010_cat_connector.png,323.0,443.0,0.9786906838417053,0.9659685863874345,1.0,0.013192093999805365,75.80297714788523,/home/amir/Desktop/COGAR/COGAR_Foundation-Model-Segmentation-for-Robotic-Scenes/outputs/sim_sam_vit_b_point_25/masks/row_0179_object_206_sam_point_mask.png,,cuda,vit_b
180,000010.png,207,data/cogar_sim_500/rgb/000010.png,/home/amir/Desktop/COGAR/COGAR_Foundation-Model-Segmentation-for-Robotic-Scenes/data/cogar_sim_500/instance_masks/all/ann_00000207_img_000010_cat_plastic_object.png,304.0,292.0,0.9607313275337219,0.9700295483326298,1.0,0.012819796000258066,78.00436137828322,/home/amir/Desktop/COGAR/COGAR_Foundation-Model-Segmentation-for-Robotic-Scenes/outputs/sim_sam_vit_b_point_25/masks/row_0180_object_207_sam_point_mask.png,,cuda,vit_b
181,000010.png,208,data/cogar_sim_500/rgb/000010.png,/home/amir/Desktop/COGAR/COGAR_Foundation-Model-Segmentation-for-Robotic-Scenes/data/cogar_sim_500/instance_masks/all/ann_00000208_img_000010_cat_box.png,575.0,152.0,0.9239048361778259,0.9877309007981756,0.9991341991341991,0.012637027999971906,79.13253021218463,/home/amir/Desktop/COGAR/COGAR_Foundation-Model-Segmentation-for-Robotic-Scenes/outputs/sim_sam_vit_b_point_25/masks/row_0181_object_208_sam_point_mask.png,,cuda,vit_b
182,000010.png,209,data/cogar_sim_500/rgb/000010.png,/home/amir/Desktop/COGAR/COGAR_Foundation-Model-Segmentation-for-Robotic-Scenes/data/cogar_sim_500/instance_masks/all/ann_00000209_img_000010_cat_cable.png,214.0,260.0,0.9137126207351685,0.8689910195456947,0.9687184661957619,0.012718119000055594,78.62797949882595,/home/amir/Desktop/COGAR/COGAR_Foundation-Model-Segmentation-for-Robotic-Scenes/outputs/sim_sam_vit_b_point_25/masks/row_0182_object_209_sam_point_mask.png,,cuda,vit_b
183,000010.png,210,data/cogar_sim_500/rgb/000010.png,/home/amir/Desktop/COGAR/COGAR_Foundation-Model-Segmentation-for-Robotic-Scenes/data/cogar_sim_500/instance_masks/all/ann_00000210_img_000010_cat_connector.png,103.0,353.0,0.9069222807884216,0.8639930252833479,0.8504873038765787,0.012664777999816579,78.95914164578983,/home/amir/Desktop/COGAR/COGAR_Foundation-Model-Segmentation-for-Robotic-Scenes/outputs/sim_sam_vit_b_point_25/masks/row_0183_object_210_sam_point_mask.png,,cuda,vit_b
184,000010.png,211,data/cogar_sim_500/rgb/000010.png,/home/amir/Desktop/COGAR/COGAR_Foundation-Model-Segmentation-for-Robotic-Scenes/data/cogar_sim_500/instance_masks/all/ann_00000211_img_000010_cat_robot_gripper.png,381.0,157.0,0.9053661227226257,0.8237749057619816,0.74441884441136,0.012575317000028008,79.52085820164794,/home/amir/Desktop/COGAR/COGAR_Foundation-Model-Segmentation-for-Robotic-Scenes/outputs/sim_sam_vit_b_point_25/masks/row_0184_object_211_sam_point_mask.png,,cuda,vit_b
185,000010.png,212,data/cogar_sim_500/rgb/000010.png,/home/amir/Desktop/COGAR/COGAR_Foundation-Model-Segmentation-for-Robotic-Scenes/data/cogar_sim_500/instance_masks/all/ann_00000212_img_000010_cat_robot_gripper.png,317.0,179.0,0.9163397550582886,0.9392220421393841,0.9831460674157304,0.013185506999889185,75.84084555932543,/home/amir/Desktop/COGAR/COGAR_Foundation-Model-Segmentation-for-Robotic-Scenes/outputs/sim_sam_vit_b_point_25/masks/row_0185_object_212_sam_point_mask.png,,cuda,vit_b
186,000010.png,213,data/cogar_sim_500/rgb/000010.png,/home/amir/Desktop/COGAR/COGAR_Foundation-Model-Segmentation-for-Robotic-Scenes/data/cogar_sim_500/instance_masks/all/ann_00000213_img_000010_cat_robot_gripper.png,401.0,106.0,0.864817202091217,0.08812101745842615,0.045319295033188364,0.012576557000102184,79.51301775135079,/home/amir/Desktop/COGAR/COGAR_Foundation-Model-Segmentation-for-Robotic-Scenes/outputs/sim_sam_vit_b_point_25/masks/row_0186_object_213_sam_point_mask.png,,cuda,vit_b
187,000012.png,218,data/cogar_sim_500/rgb/000012.png,/home/amir/Desktop/COGAR/COGAR_Foundation-Model-Segmentation-for-Robotic-Scenes/data/cogar_sim_500/instance_masks/all/ann_00000218_img_000012_cat_metal_part.png,554.0,410.0,0.9273276329040527,0.9158296788796152,0.8860808295283554,0.15752927799985628,6.348026301503854,/home/amir/Desktop/COGAR/COGAR_Foundation-Model-Segmentation-for-Robotic-Scenes/outputs/sim_sam_vit_b_point_25/masks/row_0187_object_218_sam_point_mask.png,,cuda,vit_b
188,000012.png,219,data/cogar_sim_500/rgb/000012.png,/home/amir/Desktop/COGAR/COGAR_Foundation-Model-Segmentation-for-Robotic-Scenes/data/cogar_sim_500/instance_masks/all/ann_00000219_img_000012_cat_tool.png,639.0,349.0,0.7589460611343384,0.5190784737221023,0.6125503742084053,0.012489722999816877,80.06582692143468,/home/amir/Desktop/COGAR/COGAR_Foundation-Model-Segmentation-for-Robotic-Scenes/outputs/sim_sam_vit_b_point_25/masks/row_0188_object_219_sam_point_mask.png,,cuda,vit_b
189,000012.png,220,data/cogar_sim_500/rgb/000012.png,/home/amir/Desktop/COGAR/COGAR_Foundation-Model-Segmentation-for-Robotic-Scenes/data/cogar_sim_500/instance_masks/all/ann_00000220_img_000012_cat_connector.png,442.0,296.0,0.9382280707359314,0.9596255119953189,1.0,0.012566834000153904,79.57453722932547,/home/amir/Desktop/COGAR/COGAR_Foundation-Model-Segmentation-for-Robotic-Scenes/outputs/sim_sam_vit_b_point_25/masks/row_0189_object_220_sam_point_mask.png,,cuda,vit_b
190,000012.png,221,data/cogar_sim_500/rgb/000012.png,/home/amir/Desktop/COGAR/COGAR_Foundation-Model-Segmentation-for-Robotic-Scenes/data/cogar_sim_500/instance_masks/all/ann_00000221_img_000012_cat_box.png,575.0,191.0,0.8881136775016785,0.9663648124191462,1.0,0.012709218000054534,78.68304721783112,/home/amir/Desktop/COGAR/COGAR_Foundation-Model-Segmentation-for-Robotic-Scenes/outputs/sim_sam_vit_b_point_25/masks/row_0190_object_221_sam_point_mask.png,,cuda,vit_b
191,000012.png,222,data/cogar_sim_500/rgb/000012.png,/home/amir/Desktop/COGAR/COGAR_Foundation-Model-Segmentation-for-Robotic-Scenes/data/cogar_sim_500/instance_masks/all/ann_00000222_img_000012_cat_plastic_object.png,334.0,321.0,0.9067643284797668,0.9867968891300416,1.0,0.012646807999772136,79.07133563014617,/home/amir/Desktop/COGAR/COGAR_Foundation-Model-Segmentation-for-Robotic-Scenes/outputs/sim_sam_vit_b_point_25/masks/row_0191_object_222_sam_point_mask.png,,cuda,vit_b
192,000012.png,223,data/cogar_sim_500/rgb/000012.png,/home/amir/Desktop/COGAR/COGAR_Foundation-Model-Segmentation-for-Robotic-Scenes/data/cogar_sim_500/instance_masks/all/ann_00000223_img_000012_cat_plastic_object.png,458.0,211.0,0.8796858787536621,0.9579903491342606,0.965733202111479,0.012650671000301372,79.04719045939756,/home/amir/Desktop/COGAR/COGAR_Foundation-Model-Segmentation-for-Robotic-Scenes/outputs/sim_sam_vit_b_point_25/masks/row_0192_object_223_sam_point_mask.png,,cuda,vit_b
193,000012.png,224,data/cogar_sim_500/rgb/000012.png,/home/amir/Desktop/COGAR/COGAR_Foundation-Model-Segmentation-for-Robotic-Scenes/data/cogar_sim_500/instance_masks/all/ann_00000224_img_000012_cat_cable.png,326.0,402.0,0.7912241816520691,0.9574937027707808,0.9965870307167235,0.012473971999952482,80.16692678192715,/home/amir/Desktop/COGAR/COGAR_Foundation-Model-Segmentation-for-Robotic-Scenes/outputs/sim_sam_vit_b_point_25/masks/row_0193_object_224_sam_point_mask.png,,cuda,vit_b
194,000012.png,225,data/cogar_sim_500/rgb/000012.png,/home/amir/Desktop/COGAR/COGAR_Foundation-Model-Segmentation-for-Robotic-Scenes/data/cogar_sim_500/instance_masks/all/ann_00000225_img_000012_cat_glass_object.png,190.0,159.0,0.7864102125167847,0.7284355526402099,0.5945878443679484,0.012696715000402037,78.76052978808576,/home/amir/Desktop/COGAR/COGAR_Foundation-Model-Segmentation-for-Robotic-Scenes/outputs/sim_sam_vit_b_point_25/masks/row_0194_object_225_sam_point_mask.png,,cuda,vit_b
195,000012.png,226,data/cogar_sim_500/rgb/000012.png,/home/amir/Desktop/COGAR/COGAR_Foundation-Model-Segmentation-for-Robotic-Scenes/data/cogar_sim_500/instance_masks/all/ann_00000226_img_000012_cat_glass_object.png,548.0,285.0,0.7562194466590881,0.48515562649640864,0.4300596246358155,0.01287760699960927,77.6541790746015,/home/amir/Desktop/COGAR/COGAR_Foundation-Model-Segmentation-for-Robotic-Scenes/outputs/sim_sam_vit_b_point_25/masks/row_0195_object_226_sam_point_mask.png,,cuda,vit_b
196,000012.png,227,data/cogar_sim_500/rgb/000012.png,/home/amir/Desktop/COGAR/COGAR_Foundation-Model-Segmentation-for-Robotic-Scenes/data/cogar_sim_500/instance_masks/all/ann_00000227_img_000012_cat_glass_object.png,520.0,196.0,0.8305123448371887,0.8151030998224771,0.690540334468561,0.012571735000165063,79.54351567121566,/home/amir/Desktop/COGAR/COGAR_Foundation-Model-Segmentation-for-Robotic-Scenes/outputs/sim_sam_vit_b_point_25/masks/row_0196_object_227_sam_point_mask.png,,cuda,vit_b
197,000012.png,228,data/cogar_sim_500/rgb/000012.png,/home/amir/Desktop/COGAR/COGAR_Foundation-Model-Segmentation-for-Robotic-Scenes/data/cogar_sim_500/instance_masks/all/ann_00000228_img_000012_cat_box.png,186.0,300.0,0.8838964104652405,0.9529386012914524,0.8520422356844197,0.012657876000048418,79.0021959447363,/home/amir/Desktop/COGAR/COGAR_Foundation-Model-Segmentation-for-Robotic-Scenes/outputs/sim_sam_vit_b_point_25/masks/row_0197_object_228_sam_point_mask.png,,cuda,vit_b
198,000012.png,229,data/cogar_sim_500/rgb/000012.png,/home/amir/Desktop/COGAR/COGAR_Foundation-Model-Segmentation-for-Robotic-Scenes/data/cogar_sim_500/instance_masks/all/ann_00000229_img_000012_cat_connector.png,331.0,257.0,0.8899126052856445,0.8717122920021471,0.8625612614532282,0.012853360000008252,77.80066846329349,/home/amir/Desktop/COGAR/COGAR_Foundation-Model-Segmentation-for-Robotic-Scenes/outputs/sim_sam_vit_b_point_25/masks/row_0198_object_229_sam_point_mask.png,,cuda,vit_b
199,000012.png,230,data/cogar_sim_500/rgb/000012.png,/home/amir/Desktop/COGAR/COGAR_Foundation-Model-Segmentation-for-Robotic-Scenes/data/cogar_sim_500/instance_masks/all/ann_00000230_img_000012_cat_box.png,101.0,312.0,0.8766462802886963,0.9345939933259176,0.9520628915947512,0.012500179999733518,79.998848018294,/home/amir/Desktop/COGAR/COGAR_Foundation-Model-Segmentation-for-Robotic-Scenes/outputs/sim_sam_vit_b_point_25/masks/row_0199_object_230_sam_point_mask.png,,cuda,vit_b
200,000012.png,231,data/cogar_sim_500/rgb/000012.png,/home/amir/Desktop/COGAR/COGAR_Foundation-Model-Segmentation-for-Robotic-Scenes/data/cogar_sim_500/instance_masks/all/ann_00000231_img_000012_cat_cable.png,38.0,256.0,0.8264130353927612,0.4759825327510917,0.622154779969651,0.012666962999901443,78.94552151196625,/home/amir/Desktop/COGAR/COGAR_Foundation-Model-Segmentation-for-Robotic-Scenes/outputs/sim_sam_vit_b_point_25/masks/row_0200_object_231_sam_point_mask.png,,cuda,vit_b
201,000012.png,232,data/cogar_sim_500/rgb/000012.png,/home/amir/Desktop/COGAR/COGAR_Foundation-Model-Segmentation-for-Robotic-Scenes/data/cogar_sim_500/instance_masks/all/ann_00000232_img_000012_cat_glass_object.png,273.0,259.0,0.7336669564247131,0.28093956953642385,0.4425006543931594,0.012667529999816907,78.94198790249195,/home/amir/Desktop/COGAR/COGAR_Foundation-Model-Segmentation-for-Robotic-Scenes/outputs/sim_sam_vit_b_point_25/masks/row_0201_object_232_sam_point_mask.png,,cuda,vit_b
202,000012.png,233,data/cogar_sim_500/rgb/000012.png,/home/amir/Desktop/COGAR/COGAR_Foundation-Model-Segmentation-for-Robotic-Scenes/data/cogar_sim_500/instance_masks/all/ann_00000233_img_000012_cat_cable.png,475.0,307.0,0.7711570262908936,0.47412199630314233,0.52858266544782,0.012579695000113134,79.49318326008752,/home/amir/Desktop/COGAR/COGAR_Foundation-Model-Segmentation-for-Robotic-Scenes/outputs/sim_sam_vit_b_point_25/masks/row_0202_object_233_sam_point_mask.png,,cuda,vit_b
203,000012.png,234,data/cogar_sim_500/rgb/000012.png,/home/amir/Desktop/COGAR/COGAR_Foundation-Model-Segmentation-for-Robotic-Scenes/data/cogar_sim_500/instance_masks/all/ann_00000234_img_000012_cat_plastic_object.png,306.0,206.0,0.9225739240646362,0.9807864164432529,0.9954751131221719,0.012587186000018846,79.44587455834073,/home/amir/Desktop/COGAR/COGAR_Foundation-Model-Segmentation-for-Robotic-Scenes/outputs/sim_sam_vit_b_point_25/masks/row_0203_object_234_sam_point_mask.png,,cuda,vit_b
204,000012.png,235,data/cogar_sim_500/rgb/000012.png,/home/amir/Desktop/COGAR/COGAR_Foundation-Model-Segmentation-for-Robotic-Scenes/data/cogar_sim_500/instance_masks/all/ann_00000235_img_000012_cat_glass_object.png,124.0,192.0,0.7295415997505188,0.49802579626217425,0.30449182213228715,0.012647945000026084,79.06422742966843,/home/amir/Desktop/COGAR/COGAR_Foundation-Model-Segmentation-for-Robotic-Scenes/outputs/sim_sam_vit_b_point_25/masks/row_0204_object_235_sam_point_mask.png,,cuda,vit_b
205,000012.png,236,data/cogar_sim_500/rgb/000012.png,/home/amir/Desktop/COGAR/COGAR_Foundation-Model-Segmentation-for-Robotic-Scenes/data/cogar_sim_500/instance_masks/all/ann_00000236_img_000012_cat_robot_gripper.png,386.0,128.0,0.9416714310646057,0.8544565407230599,0.6705637923184409,0.012559338999835745,79.6220246951753,/home/amir/Desktop/COGAR/COGAR_Foundation-Model-Segmentation-for-Robotic-Scenes/outputs/sim_sam_vit_b_point_25/masks/row_0205_object_236_sam_point_mask.png,,cuda,vit_b
206,000012.png,237,data/cogar_sim_500/rgb/000012.png,/home/amir/Desktop/COGAR/COGAR_Foundation-Model-Segmentation-for-Robotic-Scenes/data/cogar_sim_500/instance_masks/all/ann_00000237_img_000012_cat_robot_gripper.png,329.0,170.0,0.8424414992332458,0.8325123152709359,0.7707923041963339,0.012809157999981835,78.06914396726296,/home/amir/Desktop/COGAR/COGAR_Foundation-Model-Segmentation-for-Robotic-Scenes/outputs/sim_sam_vit_b_point_25/masks/row_0206_object_237_sam_point_mask.png,,cuda,vit_b
207,000012.png,238,data/cogar_sim_500/rgb/000012.png,/home/amir/Desktop/COGAR/COGAR_Foundation-Model-Segmentation-for-Robotic-Scenes/data/cogar_sim_500/instance_masks/all/ann_00000238_img_000012_cat_robot_gripper.png,403.0,179.0,0.8790678977966309,0.9700671960904093,0.978021978021978,0.012717690999579645,78.63062564053905,/home/amir/Desktop/COGAR/COGAR_Foundation-Model-Segmentation-for-Robotic-Scenes/outputs/sim_sam_vit_b_point_25/masks/row_0207_object_238_sam_point_mask.png,,cuda,vit_b
208,000013.png,240,data/cogar_sim_500/rgb/000013.png,/home/amir/Desktop/COGAR/COGAR_Foundation-Model-Segmentation-for-Robotic-Scenes/data/cogar_sim_500/instance_masks/all/ann_00000240_img_000013_cat_connector.png,301.0,135.0,1.0105770826339722,0.9248704663212435,1.0,0.1569398970000293,6.371866039900697,/home/amir/Desktop/COGAR/COGAR_Foundation-Model-Segmentation-for-Robotic-Scenes/outputs/sim_sam_vit_b_point_25/masks/row_0208_object_240_sam_point_mask.png,,cuda,vit_b
209,000013.png,241,data/cogar_sim_500/rgb/000013.png,/home/amir/Desktop/COGAR/COGAR_Foundation-Model-Segmentation-for-Robotic-Scenes/data/cogar_sim_500/instance_masks/all/ann_00000241_img_000013_cat_connector.png,430.0,282.0,0.9290691614151001,0.4867549668874172,0.5594057940993697,0.012522522999915964,79.85611206357623,/home/amir/Desktop/COGAR/COGAR_Foundation-Model-Segmentation-for-Robotic-Scenes/outputs/sim_sam_vit_b_point_25/masks/row_0209_object_241_sam_point_mask.png,,cuda,vit_b
210,000013.png,242,data/cogar_sim_500/rgb/000013.png,/home/amir/Desktop/COGAR/COGAR_Foundation-Model-Segmentation-for-Robotic-Scenes/data/cogar_sim_500/instance_masks/all/ann_00000242_img_000013_cat_plastic_object.png,435.0,195.0,0.8239131569862366,0.9710028191703585,0.9747899159663865,0.012632777999897371,79.1591524847602,/home/amir/Desktop/COGAR/COGAR_Foundation-Model-Segmentation-for-Robotic-Scenes/outputs/sim_sam_vit_b_point_25/masks/row_0210_object_242_sam_point_mask.png,,cuda,vit_b
211,000013.png,243,data/cogar_sim_500/rgb/000013.png,/home/amir/Desktop/COGAR/COGAR_Foundation-Model-Segmentation-for-Robotic-Scenes/data/cogar_sim_500/instance_masks/all/ann_00000243_img_000013_cat_connector.png,141.0,237.0,0.8633553385734558,0.31327433628318585,0.5052631578947369,0.012702345999969111,78.72561493777856,/home/amir/Desktop/COGAR/COGAR_Foundation-Model-Segmentation-for-Robotic-Scenes/outputs/sim_sam_vit_b_point_25/masks/row_0211_object_243_sam_point_mask.png,,cuda,vit_b
212,000013.png,244,data/cogar_sim_500/rgb/000013.png,/home/amir/Desktop/COGAR/COGAR_Foundation-Model-Segmentation-for-Robotic-Scenes/data/cogar_sim_500/instance_masks/all/ann_00000244_img_000013_cat_cable.png,372.0,413.0,0.9118342995643616,0.40926275992438566,0.5031982942430704,0.012545128999590816,79.71221340431151,/home/amir/Desktop/COGAR/COGAR_Foundation-Model-Segmentation-for-Robotic-Scenes/outputs/sim_sam_vit_b_point_25/masks/row_0212_object_244_sam_point_mask.png,,cuda,vit_b
213,000013.png,245,data/cogar_sim_500/rgb/000013.png,/home/amir/Desktop/COGAR/COGAR_Foundation-Model-Segmentation-for-Robotic-Scenes/data/cogar_sim_500/instance_masks/all/ann_00000245_img_000013_cat_connector.png,456.0,317.0,0.689506471157074,0.4126984126984127,0.48454670329670324,0.01265159099966695,79.04144229973326,/home/amir/Desktop/COGAR/COGAR_Foundation-Model-Segmentation-for-Robotic-Scenes/outputs/sim_sam_vit_b_point_25/masks/row_0213_object_245_sam_point_mask.png,,cuda,vit_b
214,000013.png,246,data/cogar_sim_500/rgb/000013.png,/home/amir/Desktop/COGAR/COGAR_Foundation-Model-Segmentation-for-Robotic-Scenes/data/cogar_sim_500/instance_masks/all/ann_00000246_img_000013_cat_screw.png,51.0,261.0,0.9456416368484497,0.8603351955307262,1.0,0.012648541000089608,79.06050191819875,/home/amir/Desktop/COGAR/COGAR_Foundation-Model-Segmentation-for-Robotic-Scenes/outputs/sim_sam_vit_b_point_25/masks/row_0214_object_246_sam_point_mask.png,,cuda,vit_b
215,000013.png,247,data/cogar_sim_500/rgb/000013.png,/home/amir/Desktop/COGAR/COGAR_Foundation-Model-Segmentation-for-Robotic-Scenes/data/cogar_sim_500/instance_masks/all/ann_00000247_img_000013_cat_screw.png,336.0,277.0,0.9376407861709595,0.8877805486284289,1.0,0.012673960000029183,78.90193751579596,/home/amir/Desktop/COGAR/COGAR_Foundation-Model-Segmentation-for-Robotic-Scenes/outputs/sim_sam_vit_b_point_25/masks/row_0215_object_247_sam_point_mask.png,,cuda,vit_b
216,000013.png,248,data/cogar_sim_500/rgb/000013.png,/home/amir/Desktop/COGAR/COGAR_Foundation-Model-Segmentation-for-Robotic-Scenes/data/cogar_sim_500/instance_masks/all/ann_00000248_img_000013_cat_box.png,303.0,423.0,0.949915885925293,0.8128023092526135,0.6979051819184123,0.012721752000288689,78.60552540069226,/home/amir/Desktop/COGAR/COGAR_Foundation-Model-Segmentation-for-Robotic-Scenes/outputs/sim_sam_vit_b_point_25/masks/row_0216_object_248_sam_point_mask.png,,cuda,vit_b
217,000013.png,249,data/cogar_sim_500/rgb/000013.png,/home/amir/Desktop/COGAR/COGAR_Foundation-Model-Segmentation-for-Robotic-Scenes/data/cogar_sim_500/instance_masks/all/ann_00000249_img_000013_cat_screw.png,266.0,163.0,0.9520158767700195,0.9808429118773946,1.0,0.012771643999712978,78.29845554906427,/home/amir/Desktop/COGAR/COGAR_Foundation-Model-Segmentation-for-Robotic-Scenes/outputs/sim_sam_vit_b_point_25/masks/row_0217_object_249_sam_point_mask.png,,cuda,vit_b
218,000013.png,250,data/cogar_sim_500/rgb/000013.png,/home/amir/Desktop/COGAR/COGAR_Foundation-Model-Segmentation-for-Robotic-Scenes/data/cogar_sim_500/instance_masks/all/ann_00000250_img_000013_cat_connector.png,486.0,187.0,0.8507021069526672,0.875,0.8278773147240627,0.012549881999802892,79.6820241031514,/home/amir/Desktop/COGAR/COGAR_Foundation-Model-Segmentation-for-Robotic-Scenes/outputs/sim_sam_vit_b_point_25/masks/row_0218_object_250_sam_point_mask.png,,cuda,vit_b
219,000013.png,251,data/cogar_sim_500/rgb/000013.png,/home/amir/Desktop/COGAR/COGAR_Foundation-Model-Segmentation-for-Robotic-Scenes/data/cogar_sim_500/instance_masks/all/ann_00000251_img_000013_cat_box.png,191.0,412.0,0.9248749017715454,0.9747160131916452,0.9451575262543758,0.012656418000005942,79.01129687716781,/home/amir/Desktop/COGAR/COGAR_Foundation-Model-Segmentation-for-Robotic-Scenes/outputs/sim_sam_vit_b_point_25/masks/row_0219_object_251_sam_point_mask.png,,cuda,vit_b
220,000013.png,252,data/cogar_sim_500/rgb/000013.png,/home/amir/Desktop/COGAR/COGAR_Foundation-Model-Segmentation-for-Robotic-Scenes/data/cogar_sim_500/instance_masks/all/ann_00000252_img_000013_cat_screw.png,464.0,180.0,0.8979169130325317,0.8705035971223022,1.0,0.012659857000016927,78.9898337713185,/home/amir/Desktop/COGAR/COGAR_Foundation-Model-Segmentation-for-Robotic-Scenes/outputs/sim_sam_vit_b_point_25/masks/row_0220_object_252_sam_point_mask.png,,cuda,vit_b
221,000013.png,253,data/cogar_sim_500/rgb/000013.png,/home/amir/Desktop/COGAR/COGAR_Foundation-Model-Segmentation-for-Robotic-Scenes/data/cogar_sim_500/instance_masks/all/ann_00000253_img_000013_cat_screw.png,474.0,305.0,0.8031748533248901,0.4,0.763157894736842,0.012805736999780493,78.08999981938886,/home/amir/Desktop/COGAR/COGAR_Foundation-Model-Segmentation-for-Robotic-Scenes/outputs/sim_sam_vit_b_point_25/masks/row_0221_object_253_sam_point_mask.png,,cuda,vit_b
222,000013.png,254,data/cogar_sim_500/rgb/000013.png,/home/amir/Desktop/COGAR/COGAR_Foundation-Model-Segmentation-for-Robotic-Scenes/data/cogar_sim_500/instance_masks/all/ann_00000254_img_000013_cat_box.png,133.0,295.0,0.9755257368087769,0.9860823407560849,0.9977528089887641,0.012976931000139302,77.05982254118986,/home/amir/Desktop/COGAR/COGAR_Foundation-Model-Segmentation-for-Robotic-Scenes/outputs/sim_sam_vit_b_point_25/masks/row_0222_object_254_sam_point_mask.png,,cuda,vit_b
223,000013.png,255,data/cogar_sim_500/rgb/000013.png,/home/amir/Desktop/COGAR/COGAR_Foundation-Model-Segmentation-for-Robotic-Scenes/data/cogar_sim_500/instance_masks/all/ann_00000255_img_000013_cat_connector.png,158.0,241.0,0.8638498783111572,0.6125827814569537,0.7358759297357178,0.01291696900034367,77.4175427666811,/home/amir/Desktop/COGAR/COGAR_Foundation-Model-Segmentation-for-Robotic-Scenes/outputs/sim_sam_vit_b_point_25/masks/row_0223_object_255_sam_point_mask.png,,cuda,vit_b
224,000013.png,256,data/cogar_sim_500/rgb/000013.png,/home/amir/Desktop/COGAR/COGAR_Foundation-Model-Segmentation-for-Robotic-Scenes/data/cogar_sim_500/instance_masks/all/ann_00000256_img_000013_cat_connector.png,300.0,315.0,0.8598987460136414,0.9244444444444444,0.991869918699187,0.012761313999817503,78.36183640762235,/home/amir/Desktop/COGAR/COGAR_Foundation-Model-Segmentation-for-Robotic-Scenes/outputs/sim_sam_vit_b_point_25/masks/row_0224_object_256_sam_point_mask.png,,cuda,vit_b
225,000013.png,257,data/cogar_sim_500/rgb/000013.png,/home/amir/Desktop/COGAR/COGAR_Foundation-Model-Segmentation-for-Robotic-Scenes/data/cogar_sim_500/instance_masks/all/ann_00000257_img_000013_cat_connector.png,504.0,164.0,0.8755695819854736,0.9200394866732478,0.9836060596860863,0.012784366999767371,78.22053293825157,/home/amir/Desktop/COGAR/COGAR_Foundation-Model-Segmentation-for-Robotic-Scenes/outputs/sim_sam_vit_b_point_25/masks/row_0225_object_257_sam_point_mask.png,,cuda,vit_b
226,000013.png,258,data/cogar_sim_500/rgb/000013.png,/home/amir/Desktop/COGAR/COGAR_Foundation-Model-Segmentation-for-Robotic-Scenes/data/cogar_sim_500/instance_masks/all/ann_00000258_img_000013_cat_screw.png,468.0,261.0,0.8582010865211487,0.9308755760368663,1.0,0.012666042000091693,78.95126196429483,/home/amir/Desktop/COGAR/COGAR_Foundation-Model-Segmentation-for-Robotic-Scenes/outputs/sim_sam_vit_b_point_25/masks/row_0226_object_258_sam_point_mask.png,,cuda,vit_b
227,000013.png,259,data/cogar_sim_500/rgb/000013.png,/home/amir/Desktop/COGAR/COGAR_Foundation-Model-Segmentation-for-Robotic-Scenes/data/cogar_sim_500/instance_masks/all/ann_00000259_img_000013_cat_screw.png,489.0,216.0,0.7783516645431519,0.9041533546325878,1.0,0.012662731000091298,78.97190582290581,/home/amir/Desktop/COGAR/COGAR_Foundation-Model-Segmentation-for-Robotic-Scenes/outputs/sim_sam_vit_b_point_25/masks/row_0227_object_259_sam_point_mask.png,,cuda,vit_b
228,000013.png,260,data/cogar_sim_500/rgb/000013.png,/home/amir/Desktop/COGAR/COGAR_Foundation-Model-Segmentation-for-Robotic-Scenes/data/cogar_sim_500/instance_masks/all/ann_00000260_img_000013_cat_screw.png,398.0,227.0,0.9221554398536682,0.9244444444444444,1.0,0.012989907000246603,76.98284521829261,/home/amir/Desktop/COGAR/COGAR_Foundation-Model-Segmentation-for-Robotic-Scenes/outputs/sim_sam_vit_b_point_25/masks/row_0228_object_260_sam_point_mask.png,,cuda,vit_b
229,000013.png,261,data/cogar_sim_500/rgb/000013.png,/home/amir/Desktop/COGAR/COGAR_Foundation-Model-Segmentation-for-Robotic-Scenes/data/cogar_sim_500/instance_masks/all/ann_00000261_img_000013_cat_plastic_object.png,218.0,232.0,0.887029767036438,0.9016156953260243,0.7702734610709321,0.012753449000229011,78.4101618301091,/home/amir/Desktop/COGAR/COGAR_Foundation-Model-Segmentation-for-Robotic-Scenes/outputs/sim_sam_vit_b_point_25/masks/row_0229_object_261_sam_point_mask.png,,cuda,vit_b
230,000013.png,262,data/cogar_sim_500/rgb/000013.png,/home/amir/Desktop/COGAR/COGAR_Foundation-Model-Segmentation-for-Robotic-Scenes/data/cogar_sim_500/instance_masks/all/ann_00000262_img_000013_cat_connector.png,166.0,222.0,0.5985026955604553,0.022447501810282405,0.26004483531643385,0.012748186999942845,78.44252676906005,/home/amir/Desktop/COGAR/COGAR_Foundation-Model-Segmentation-for-Robotic-Scenes/outputs/sim_sam_vit_b_point_25/masks/row_0230_object_262_sam_point_mask.png,,cuda,vit_b
231,000013.png,263,data/cogar_sim_500/rgb/000013.png,/home/amir/Desktop/COGAR/COGAR_Foundation-Model-Segmentation-for-Robotic-Scenes/data/cogar_sim_500/instance_masks/all/ann_00000263_img_000013_cat_robot_gripper.png,302.0,205.0,0.8975836038589478,0.8814950589735416,0.8229078613694,0.012724992000130442,78.58551109421123,/home/amir/Desktop/COGAR/COGAR_Foundation-Model-Segmentation-for-Robotic-Scenes/outputs/sim_sam_vit_b_point_25/masks/row_0231_object_263_sam_point_mask.png,,cuda,vit_b
232,000013.png,264,data/cogar_sim_500/rgb/000013.png,/home/amir/Desktop/COGAR/COGAR_Foundation-Model-Segmentation-for-Robotic-Scenes/data/cogar_sim_500/instance_masks/all/ann_00000264_img_000013_cat_robot_gripper.png,321.0,252.0,0.9507823586463928,0.4889253486464315,0.6666666666666666,0.013306005999766057,75.15403194749662,/home/amir/Desktop/COGAR/COGAR_Foundation-Model-Segmentation-for-Robotic-Scenes/outputs/sim_sam_vit_b_point_25/masks/row_0232_object_264_sam_point_mask.png,,cuda,vit_b
233,000013.png,265,data/cogar_sim_500/rgb/000013.png,/home/amir/Desktop/COGAR/COGAR_Foundation-Model-Segmentation-for-Robotic-Scenes/data/cogar_sim_500/instance_masks/all/ann_00000265_img_000013_cat_robot_gripper.png,376.0,221.0,0.9217759370803833,0.8544251447477254,0.8232445520581113,0.012656107999646338,79.013232190176,/home/amir/Desktop/COGAR/COGAR_Foundation-Model-Segmentation-for-Robotic-Scenes/outputs/sim_sam_vit_b_point_25/masks/row_0233_object_265_sam_point_mask.png,,cuda,vit_b
234,000014.png,268,data/cogar_sim_500/rgb/000014.png,/home/amir/Desktop/COGAR/COGAR_Foundation-Model-Segmentation-for-Robotic-Scenes/data/cogar_sim_500/instance_masks/all/ann_00000268_img_000014_cat_plastic_object.png,275.0,329.0,0.9455341696739197,0.9697661152310325,1.0,0.15709398100034377,6.3656162612481735,/home/amir/Desktop/COGAR/COGAR_Foundation-Model-Segmentation-for-Robotic-Scenes/outputs/sim_sam_vit_b_point_25/masks/row_0234_object_268_sam_point_mask.png,,cuda,vit_b
235,000014.png,269,data/cogar_sim_500/rgb/000014.png,/home/amir/Desktop/COGAR/COGAR_Foundation-Model-Segmentation-for-Robotic-Scenes/data/cogar_sim_500/instance_masks/all/ann_00000269_img_000014_cat_metal_part.png,394.0,258.0,0.9570035338401794,0.9511826874685455,0.993963782696177,0.012583290999828023,79.47046603417715,/home/amir/Desktop/COGAR/COGAR_Foundation-Model-Segmentation-for-Robotic-Scenes/outputs/sim_sam_vit_b_point_25/masks/row_0235_object_269_sam_point_mask.png,,cuda,vit_b
236,000014.png,270,data/cogar_sim_500/rgb/000014.png,/home/amir/Desktop/COGAR/COGAR_Foundation-Model-Segmentation-for-Robotic-Scenes/data/cogar_sim_500/instance_masks/all/ann_00000270_img_000014_cat_screw.png,203.0,177.0,0.9376426935195923,0.8526315789473684,1.0,0.012505025999871577,79.96784652908916,/home/amir/Desktop/COGAR/COGAR_Foundation-Model-Segmentation-for-Robotic-Scenes/outputs/sim_sam_vit_b_point_25/masks/row_0236_object_270_sam_point_mask.png,,cuda,vit_b
237,000014.png,271,data/cogar_sim_500/rgb/000014.png,/home/amir/Desktop/COGAR/COGAR_Foundation-Model-Segmentation-for-Robotic-Scenes/data/cogar_sim_500/instance_masks/all/ann_00000271_img_000014_cat_plastic_object.png,56.0,251.0,0.9478393793106079,0.9739966082532504,1.0,0.012686337000104686,78.82495948134975,/home/amir/Desktop/COGAR/COGAR_Foundation-Model-Segmentation-for-Robotic-Scenes/outputs/sim_sam_vit_b_point_25/masks/row_0237_object_271_sam_point_mask.png,,cuda,vit_b
238,000014.png,272,data/cogar_sim_500/rgb/000014.png,/home/amir/Desktop/COGAR/COGAR_Foundation-Model-Segmentation-for-Robotic-Scenes/data/cogar_sim_500/instance_masks/all/ann_00000272_img_000014_cat_plastic_object.png,466.0,100.0,0.9618520736694336,0.975609756097561,1.0,0.01308130400002483,76.44497826807648,/home/amir/Desktop/COGAR/COGAR_Foundation-Model-Segmentation-for-Robotic-Scenes/outputs/sim_sam_vit_b_point_25/masks/row_0238_object_272_sam_point_mask.png,,cuda,vit_b
239,000014.png,273,data/cogar_sim_500/rgb/000014.png,/home/amir/Desktop/COGAR/COGAR_Foundation-Model-Segmentation-for-Robotic-Scenes/data/cogar_sim_500/instance_masks/all/ann_00000273_img_000014_cat_plastic_object.png,252.0,394.0,1.013984203338623,0.9656148867313916,1.0,0.012639585000215448,79.11652162495481,/home/amir/Desktop/COGAR/COGAR_Foundation-Model-Segmentation-for-Robotic-Scenes/outputs/sim_sam_vit_b_point_25/masks/row_0239_object_273_sam_point_mask.png,,cuda,vit_b
240,000014.png,274,data/cogar_sim_500/rgb/000014.png,/home/amir/Desktop/COGAR/COGAR_Foundation-Model-Segmentation-for-Robotic-Scenes/data/cogar_sim_500/instance_masks/all/ann_00000274_img_000014_cat_screw.png,290.0,81.0,0.9547178149223328,0.9329268292682927,1.0,0.012580328999774792,79.4891771127688,/home/amir/Desktop/COGAR/COGAR_Foundation-Model-Segmentation-for-Robotic-Scenes/outputs/sim_sam_vit_b_point_25/masks/row_0240_object_274_sam_point_mask.png,,cuda,vit_b
241,000014.png,275,data/cogar_sim_500/rgb/000014.png,/home/amir/Desktop/COGAR/COGAR_Foundation-Model-Segmentation-for-Robotic-Scenes/data/cogar_sim_500/instance_masks/all/ann_00000275_img_000014_cat_tool.png,231.0,200.0,1.0179580450057983,0.9591895803183792,0.9629876126547434,0.012588487999892095,79.43765764471252,/home/amir/Desktop/COGAR/COGAR_Foundation-Model-Segmentation-for-Robotic-Scenes/outputs/sim_sam_vit_b_point_25/masks/row_0241_object_275_sam_point_mask.png,,cuda,vit_b
242,000014.png,276,data/cogar_sim_500/rgb/000014.png,/home/amir/Desktop/COGAR/COGAR_Foundation-Model-Segmentation-for-Robotic-Scenes/data/cogar_sim_500/instance_masks/all/ann_00000276_img_000014_cat_plastic_object.png,406.0,161.0,0.9733176231384277,0.9798722044728434,1.0,0.012658275999910984,78.9996994856987,/home/amir/Desktop/COGAR/COGAR_Foundation-Model-Segmentation-for-Robotic-Scenes/outputs/sim_sam_vit_b_point_25/masks/row_0242_object_276_sam_point_mask.png,,cuda,vit_b
243,000014.png,277,data/cogar_sim_500/rgb/000014.png,/home/amir/Desktop/COGAR/COGAR_Foundation-Model-Segmentation-for-Robotic-Scenes/data/cogar_sim_500/instance_masks/all/ann_00000277_img_000014_cat_plastic_object.png,480.0,155.0,0.9358305335044861,0.9727863525588952,1.0,0.012786044000222319,78.2102736376171,/home/amir/Desktop/COGAR/COGAR_Foundation-Model-Segmentation-for-Robotic-Scenes/outputs/sim_sam_vit_b_point_25/masks/row_0243_object_277_sam_point_mask.png,,cuda,vit_b
244,000014.png,278,data/cogar_sim_500/rgb/000014.png,/home/amir/Desktop/COGAR/COGAR_Foundation-Model-Segmentation-for-Robotic-Scenes/data/cogar_sim_500/instance_masks/all/ann_00000278_img_000014_cat_metal_part.png,539.0,120.0,0.8954251408576965,0.9734982332155477,1.0,0.012535478000245348,79.77358342301966,/home/amir/Desktop/COGAR/COGAR_Foundation-Model-Segmentation-for-Robotic-Scenes/outputs/sim_sam_vit_b_point_25/masks/row_0244_object_278_sam_point_mask.png,,cuda,vit_b
245,000014.png,279,data/cogar_sim_500/rgb/000014.png,/home/amir/Desktop/COGAR/COGAR_Foundation-Model-Segmentation-for-Robotic-Scenes/data/cogar_sim_500/instance_masks/all/ann_00000279_img_000014_cat_cable.png,163.0,0.0,0.9101876020431519,0.7406962785114045,0.9154526728033289,0.012583326999902056,79.47023867438108,/home/amir/Desktop/COGAR/COGAR_Foundation-Model-Segmentation-for-Robotic-Scenes/outputs/sim_sam_vit_b_point_25/masks/row_0245_object_279_sam_point_mask.png,,cuda,vit_b
246,000014.png,280,data/cogar_sim_500/rgb/000014.png,/home/amir/Desktop/COGAR/COGAR_Foundation-Model-Segmentation-for-Robotic-Scenes/data/cogar_sim_500/instance_masks/all/ann_00000280_img_000014_cat_plastic_object.png,339.0,298.0,0.9525210857391357,0.9786448721328763,1.0,0.012646834999941348,79.07116681799342,/home/amir/Desktop/COGAR/COGAR_Foundation-Model-Segmentation-for-Robotic-Scenes/outputs/sim_sam_vit_b_point_25/masks/row_0246_object_280_sam_point_mask.png,,cuda,vit_b
247,000014.png,281,data/cogar_sim_500/rgb/000014.png,/home/amir/Desktop/COGAR/COGAR_Foundation-Model-Segmentation-for-Robotic-Scenes/data/cogar_sim_500/instance_masks/all/ann_00000281_img_000014_cat_tool.png,167.0,479.0,0.9643581509590149,0.9613946437594745,0.8599819331526649,0.012595034000241867,79.39637161605094,/home/amir/Desktop/COGAR/COGAR_Foundation-Model-Segmentation-for-Robotic-Scenes/outputs/sim_sam_vit_b_point_25/masks/row_0247_object_281_sam_point_mask.png,,cuda,vit_b
248,000014.png,282,data/cogar_sim_500/rgb/000014.png,/home/amir/Desktop/COGAR/COGAR_Foundation-Model-Segmentation-for-Robotic-Scenes/data/cogar_sim_500/instance_masks/all/ann_00000282_img_000014_cat_tool.png,387.0,83.0,0.8485477566719055,0.9572857529061909,0.9897510980966325,0.013330861999747867,75.01390382849313,/home/amir/Desktop/COGAR/COGAR_Foundation-Model-Segmentation-for-Robotic-Scenes/outputs/sim_sam_vit_b_point_25/masks/row_0248_object_282_sam_point_mask.png,,cuda,vit_b
249,000014.png,283,data/cogar_sim_500/rgb/000014.png,/home/amir/Desktop/COGAR/COGAR_Foundation-Model-Segmentation-for-Robotic-Scenes/data/cogar_sim_500/instance_masks/all/ann_00000283_img_000014_cat_plastic_object.png,324.0,394.0,0.9464755058288574,0.9804717220390565,1.0,0.012665446000028169,78.95497718736284,/home/amir/Desktop/COGAR/COGAR_Foundation-Model-Segmentation-for-Robotic-Scenes/outputs/sim_sam_vit_b_point_25/masks/row_0249_object_283_sam_point_mask.png,,cuda,vit_b
250,000014.png,284,data/cogar_sim_500/rgb/000014.png,/home/amir/Desktop/COGAR/COGAR_Foundation-Model-Segmentation-for-Robotic-Scenes/data/cogar_sim_500/instance_masks/all/ann_00000284_img_000014_cat_cable.png,124.0,324.0,0.8773124814033508,0.8622327790973872,0.9014598540145986,0.01268151999965994,78.85490067648163,/home/amir/Desktop/COGAR/COGAR_Foundation-Model-Segmentation-for-Robotic-Scenes/outputs/sim_sam_vit_b_point_25/masks/row_0250_object_284_sam_point_mask.png,,cuda,vit_b
251,000014.png,285,data/cogar_sim_500/rgb/000014.png,/home/amir/Desktop/COGAR/COGAR_Foundation-Model-Segmentation-for-Robotic-Scenes/data/cogar_sim_500/instance_masks/all/ann_00000285_img_000014_cat_box.png,327.0,213.0,0.93912273645401,0.9585095137420718,0.8868940754039497,0.012731841000004351,78.54323659867086,/home/amir/Desktop/COGAR/COGAR_Foundation-Model-Segmentation-for-Robotic-Scenes/outputs/sim_sam_vit_b_point_25/masks/row_0251_object_285_sam_point_mask.png,,cuda,vit_b
252,000014.png,286,data/cogar_sim_500/rgb/000014.png,/home/amir/Desktop/COGAR/COGAR_Foundation-Model-Segmentation-for-Robotic-Scenes/data/cogar_sim_500/instance_masks/all/ann_00000286_img_000014_cat_plastic_object.png,167.0,412.0,0.9606186151504517,0.98645903859174,1.0,0.01252373399984208,79.84839026544397,/home/amir/Desktop/COGAR/COGAR_Foundation-Model-Segmentation-for-Robotic-Scenes/outputs/sim_sam_vit_b_point_25/masks/row_0252_object_286_sam_point_mask.png,,cuda,vit_b
253,000014.png,287,data/cogar_sim_500/rgb/000014.png,/home/amir/Desktop/COGAR/COGAR_Foundation-Model-Segmentation-for-Robotic-Scenes/data/cogar_sim_500/instance_masks/all/ann_00000287_img_000014_cat_plastic_object.png,542.0,196.0,1.0022176504135132,0.9784114052953157,1.0,0.012662868999996135,78.97104518733514,/home/amir/Desktop/COGAR/COGAR_Foundation-Model-Segmentation-for-Robotic-Scenes/outputs/sim_sam_vit_b_point_25/masks/row_0253_object_287_sam_point_mask.png,,cuda,vit_b
254,000015.png,289,data/cogar_sim_500/rgb/000015.png,/home/amir/Desktop/COGAR/COGAR_Foundation-Model-Segmentation-for-Robotic-Scenes/data/cogar_sim_500/instance_masks/all/ann_00000289_img_000015_cat_metal_part.png,537.0,338.0,1.000327229499817,0.9754651737197432,1.0,0.1570946710003227,6.3655883018332675,/home/amir/Desktop/COGAR/COGAR_Foundation-Model-Segmentation-for-Robotic-Scenes/outputs/sim_sam_vit_b_point_25/masks/row_0254_object_289_sam_point_mask.png,,cuda,vit_b
255,000015.png,290,data/cogar_sim_500/rgb/000015.png,/home/amir/Desktop/COGAR/COGAR_Foundation-Model-Segmentation-for-Robotic-Scenes/data/cogar_sim_500/instance_masks/all/ann_00000290_img_000015_cat_plastic_object.png,430.0,236.0,0.9425516724586487,0.9152215799614644,1.0,0.012609378999968612,79.30604671352089,/home/amir/Desktop/COGAR/COGAR_Foundation-Model-Segmentation-for-Robotic-Scenes/outputs/sim_sam_vit_b_point_25/masks/row_0255_object_290_sam_point_mask.png,,cuda,vit_b
256,000015.png,291,data/cogar_sim_500/rgb/000015.png,/home/amir/Desktop/COGAR/COGAR_Foundation-Model-Segmentation-for-Robotic-Scenes/data/cogar_sim_500/instance_masks/all/ann_00000291_img_000015_cat_plastic_object.png,270.0,265.0,0.8942316174507141,0.9861852433281004,0.9873417721518987,0.012598980000348092,79.37150467516985,/home/amir/Desktop/COGAR/COGAR_Foundation-Model-Segmentation-for-Robotic-Scenes/outputs/sim_sam_vit_b_point_25/masks/row_0256_object_291_sam_point_mask.png,,cuda,vit_b
257,000015.png,292,data/cogar_sim_500/rgb/000015.png,/home/amir/Desktop/COGAR/COGAR_Foundation-Model-Segmentation-for-Robotic-Scenes/data/cogar_sim_500/instance_masks/all/ann_00000292_img_000015_cat_tool.png,202.0,278.0,0.8805369138717651,0.772767777579754,0.8216013464775187,0.01281284600008803,78.04667284638631,/home/amir/Desktop/COGAR/COGAR_Foundation-Model-Segmentation-for-Robotic-Scenes/outputs/sim_sam_vit_b_point_25/masks/row_0257_object_292_sam_point_mask.png,,cuda,vit_b
258,000015.png,293,data/cogar_sim_500/rgb/000015.png,/home/amir/Desktop/COGAR/COGAR_Foundation-Model-Segmentation-for-Robotic-Scenes/data/cogar_sim_500/instance_masks/all/ann_00000293_img_000015_cat_metal_part.png,277.0,157.0,0.9602301120758057,0.9630818619582665,0.9940828402366864,0.01266693200022928,78.94571471465224,/home/amir/Desktop/COGAR/COGAR_Foundation-Model-Segmentation-for-Robotic-Scenes/outputs/sim_sam_vit_b_point_25/masks/row_0258_object_293_sam_point_mask.png,,cuda,vit_b
259,000015.png,294,data/cogar_sim_500/rgb/000015.png,/home/amir/Desktop/COGAR/COGAR_Foundation-Model-Segmentation-for-Robotic-Scenes/data/cogar_sim_500/instance_masks/all/ann_00000294_img_000015_cat_box.png,492.0,236.0,0.9302799701690674,0.9847064178425126,0.9507831425559851,0.013636046000101487,73.33504155035538,/home/amir/Desktop/COGAR/COGAR_Foundation-Model-Segmentation-for-Robotic-Scenes/outputs/sim_sam_vit_b_point_25/masks/row_0259_object_294_sam_point_mask.png,,cuda,vit_b
260,000015.png,295,data/cogar_sim_500/rgb/000015.png,/home/amir/Desktop/COGAR/COGAR_Foundation-Model-Segmentation-for-Robotic-Scenes/data/cogar_sim_500/instance_masks/all/ann_00000295_img_000015_cat_plastic_object.png,278.0,102.0,0.8017433881759644,0.9069767441860465,0.617152505213288,0.01290631600022607,77.48144396762669,/home/amir/Desktop/COGAR/COGAR_Foundation-Model-Segmentation-for-Robotic-Scenes/outputs/sim_sam_vit_b_point_25/masks/row_0260_object_295_sam_point_mask.png,,cuda,vit_b
261,000015.png,296,data/cogar_sim_500/rgb/000015.png,/home/amir/Desktop/COGAR/COGAR_Foundation-Model-Segmentation-for-Robotic-Scenes/data/cogar_sim_500/instance_masks/all/ann_00000296_img_000015_cat_tool.png,93.0,361.0,0.9591934680938721,0.7672869735553379,0.8148585288033152,0.01285174199983885,77.81046336072878,/home/amir/Desktop/COGAR/COGAR_Foundation-Model-Segmentation-for-Robotic-Scenes/outputs/sim_sam_vit_b_point_25/masks/row_0261_object_296_sam_point_mask.png,,cuda,vit_b
262,000015.png,297,data/cogar_sim_500/rgb/000015.png,/home/amir/Desktop/COGAR/COGAR_Foundation-Model-Segmentation-for-Robotic-Scenes/data/cogar_sim_500/instance_masks/all/ann_00000297_img_000015_cat_metal_part.png,377.0,149.0,0.9349806904792786,0.965669014084507,1.0,0.012640820999877178,79.10878573549267,/home/amir/Desktop/COGAR/COGAR_Foundation-Model-Segmentation-for-Robotic-Scenes/outputs/sim_sam_vit_b_point_25/masks/row_0262_object_297_sam_point_mask.png,,cuda,vit_b
263,000015.png,298,data/cogar_sim_500/rgb/000015.png,/home/amir/Desktop/COGAR/COGAR_Foundation-Model-Segmentation-for-Robotic-Scenes/data/cogar_sim_500/instance_masks/all/ann_00000298_img_000015_cat_connector.png,264.0,186.0,0.8571963310241699,0.9269662921348315,1.0,0.012537635000171576,79.75985901538169,/home/amir/Desktop/COGAR/COGAR_Foundation-Model-Segmentation-for-Robotic-Scenes/outputs/sim_sam_vit_b_point_25/masks/row_0263_object_298_sam_point_mask.png,,cuda,vit_b
264,000015.png,299,data/cogar_sim_500/rgb/000015.png,/home/amir/Desktop/COGAR/COGAR_Foundation-Model-Segmentation-for-Robotic-Scenes/data/cogar_sim_500/instance_masks/all/ann_00000299_img_000015_cat_box.png,365.0,226.0,0.9340750575065613,0.9631419036708672,0.9586877278250303,0.012595200999840017,79.39531890064335,/home/amir/Desktop/COGAR/COGAR_Foundation-Model-Segmentation-for-Robotic-Scenes/outputs/sim_sam_vit_b_point_25/masks/row_0264_object_299_sam_point_mask.png,,cuda,vit_b
265,000015.png,300,data/cogar_sim_500/rgb/000015.png,/home/amir/Desktop/COGAR/COGAR_Foundation-Model-Segmentation-for-Robotic-Scenes/data/cogar_sim_500/instance_masks/all/ann_00000300_img_000015_cat_connector.png,306.0,150.0,0.870442271232605,0.8311229000884174,0.9290529359508091,0.012695028000052844,78.77099601480496,/home/amir/Desktop/COGAR/COGAR_Foundation-Model-Segmentation-for-Robotic-Scenes/outputs/sim_sam_vit_b_point_25/masks/row_0265_object_300_sam_point_mask.png,,cuda,vit_b
266,000017.png,304,data/cogar_sim_500/rgb/000017.png,/home/amir/Desktop/COGAR/COGAR_Foundation-Model-Segmentation-for-Robotic-Scenes/data/cogar_sim_500/instance_masks/all/ann_00000304_img_000017_cat_connector.png,301.0,285.0,0.9062296748161316,0.9801324503311258,1.0,0.15587609700014582,6.41535180342028,/home/amir/Desktop/COGAR/COGAR_Foundation-Model-Segmentation-for-Robotic-Scenes/outputs/sim_sam_vit_b_point_25/masks/row_0266_object_304_sam_point_mask.png,,cuda,vit_b
267,000017.png,305,data/cogar_sim_500/rgb/000017.png,/home/amir/Desktop/COGAR/COGAR_Foundation-Model-Segmentation-for-Robotic-Scenes/data/cogar_sim_500/instance_masks/all/ann_00000305_img_000017_cat_glass_object.png,298.0,145.0,0.8240339756011963,0.8485037406483791,0.7727053528371645,0.012864570000147069,77.73287408662458,/home/amir/Desktop/COGAR/COGAR_Foundation-Model-Segmentation-for-Robotic-Scenes/outputs/sim_sam_vit_b_point_25/masks/row_0267_object_305_sam_point_mask.png,,cuda,vit_b
268,000017.png,306,data/cogar_sim_500/rgb/000017.png,/home/amir/Desktop/COGAR/COGAR_Foundation-Model-Segmentation-for-Robotic-Scenes/data/cogar_sim_500/instance_masks/all/ann_00000306_img_000017_cat_box.png,238.0,185.0,0.9273021221160889,0.9566367778921064,0.948742710227629,0.013410235999799625,74.56990317060355,/home/amir/Desktop/COGAR/COGAR_Foundation-Model-Segmentation-for-Robotic-Scenes/outputs/sim_sam_vit_b_point_25/masks/row_0268_object_306_sam_point_mask.png,,cuda,vit_b
269,000017.png,307,data/cogar_sim_500/rgb/000017.png,/home/amir/Desktop/COGAR/COGAR_Foundation-Model-Segmentation-for-Robotic-Scenes/data/cogar_sim_500/instance_masks/all/ann_00000307_img_000017_cat_box.png,263.0,252.0,0.923588752746582,0.9709017574186114,0.9823235898800994,0.014103543999681278,70.90416423152924,/home/amir/Desktop/COGAR/COGAR_Foundation-Model-Segmentation-for-Robotic-Scenes/outputs/sim_sam_vit_b_point_25/masks/row_0269_object_307_sam_point_mask.png,,cuda,vit_b
270,000017.png,308,data/cogar_sim_500/rgb/000017.png,/home/amir/Desktop/COGAR/COGAR_Foundation-Model-Segmentation-for-Robotic-Scenes/data/cogar_sim_500/instance_masks/all/ann_00000308_img_000017_cat_connector.png,431.0,240.0,0.8861403465270996,0.9276859504132231,1.0,0.014022249999925407,71.31523115087234,/home/amir/Desktop/COGAR/COGAR_Foundation-Model-Segmentation-for-Robotic-Scenes/outputs/sim_sam_vit_b_point_25/masks/row_0270_object_308_sam_point_mask.png,,cuda,vit_b
271,000017.png,309,data/cogar_sim_500/rgb/000017.png,/home/amir/Desktop/COGAR/COGAR_Foundation-Model-Segmentation-for-Robotic-Scenes/data/cogar_sim_500/instance_masks/all/ann_00000309_img_000017_cat_plastic_object.png,346.0,291.0,0.9555039405822754,0.9664179104477612,1.0,0.01336860199990042,74.80213712753576,/home/amir/Desktop/COGAR/COGAR_Foundation-Model-Segmentation-for-Robotic-Scenes/outputs/sim_sam_vit_b_point_25/masks/row_0271_object_309_sam_point_mask.png,,cuda,vit_b
272,000017.png,310,data/cogar_sim_500/rgb/000017.png,/home/amir/Desktop/COGAR/COGAR_Foundation-Model-Segmentation-for-Robotic-Scenes/data/cogar_sim_500/instance_masks/all/ann_00000310_img_000017_cat_metal_part.png,224.0,285.0,0.9315894842147827,0.9108669108669109,0.9128919860627177,0.013110435999806214,76.2751139637752,/home/amir/Desktop/COGAR/COGAR_Foundation-Model-Segmentation-for-Robotic-Scenes/outputs/sim_sam_vit_b_point_25/masks/row_0272_object_310_sam_point_mask.png,,cuda,vit_b
273,000017.png,311,data/cogar_sim_500/rgb/000017.png,/home/amir/Desktop/COGAR/COGAR_Foundation-Model-Segmentation-for-Robotic-Scenes/data/cogar_sim_500/instance_masks/all/ann_00000311_img_000017_cat_cable.png,464.0,214.0,0.8000540137290955,0.765,0.9508196721311475,0.013846496000041952,72.220437574746,/home/amir/Desktop/COGAR/COGAR_Foundation-Model-Segmentation-for-Robotic-Scenes/outputs/sim_sam_vit_b_point_25/masks/row_0273_object_311_sam_point_mask.png,,cuda,vit_b
274,000017.png,312,data/cogar_sim_500/rgb/000017.png,/home/amir/Desktop/COGAR/COGAR_Foundation-Model-Segmentation-for-Robotic-Scenes/data/cogar_sim_500/instance_masks/all/ann_00000312_img_000017_cat_plastic_object.png,318.0,237.0,0.5864686965942383,0.007594605211470473,0.07005818977933975,0.013012562999847432,76.84881141491685,/home/amir/Desktop/COGAR/COGAR_Foundation-Model-Segmentation-for-Robotic-Scenes/outputs/sim_sam_vit_b_point_25/masks/row_0274_object_312_sam_point_mask.png,,cuda,vit_b
275,000017.png,313,data/cogar_sim_500/rgb/000017.png,/home/amir/Desktop/COGAR/COGAR_Foundation-Model-Segmentation-for-Robotic-Scenes/data/cogar_sim_500/instance_masks/all/ann_00000313_img_000017_cat_box.png,388.0,255.0,0.8664799332618713,0.9636741048261547,1.0,0.012944406999849889,77.25344235634715,/home/amir/Desktop/COGAR/COGAR_Foundation-Model-Segmentation-for-Robotic-Scenes/outputs/sim_sam_vit_b_point_25/masks/row_0275_object_313_sam_point_mask.png,,cuda,vit_b
276,000017.png,315,data/cogar_sim_500/rgb/000017.png,/home/amir/Desktop/COGAR/COGAR_Foundation-Model-Segmentation-for-Robotic-Scenes/data/cogar_sim_500/instance_masks/all/ann_00000315_img_000017_cat_connector.png,166.0,364.0,0.8302372694015503,0.9593220338983051,1.0,0.013742033999733394,72.76943136797658,/home/amir/Desktop/COGAR/COGAR_Foundation-Model-Segmentation-for-Robotic-Scenes/outputs/sim_sam_vit_b_point_25/masks/row_0276_object_315_sam_point_mask.png,,cuda,vit_b
277,000017.png,316,data/cogar_sim_500/rgb/000017.png,/home/amir/Desktop/COGAR/COGAR_Foundation-Model-Segmentation-for-Robotic-Scenes/data/cogar_sim_500/instance_masks/all/ann_00000316_img_000017_cat_glass_object.png,412.0,172.0,0.5950548648834229,0.6648697214734951,0.8250950570342205,0.013193627999953605,75.79416366775814,/home/amir/Desktop/COGAR/COGAR_Foundation-Model-Segmentation-for-Robotic-Scenes/outputs/sim_sam_vit_b_point_25/masks/row_0277_object_316_sam_point_mask.png,,cuda,vit_b
278,000017.png,317,data/cogar_sim_500/rgb/000017.png,/home/amir/Desktop/COGAR/COGAR_Foundation-Model-Segmentation-for-Robotic-Scenes/data/cogar_sim_500/instance_masks/all/ann_00000317_img_000017_cat_robot_gripper.png,382.0,199.0,0.6913926601409912,0.4504165240214538,0.49362327257819305,0.012990821000130381,76.97742890845494,/home/amir/Desktop/COGAR/COGAR_Foundation-Model-Segmentation-for-Robotic-Scenes/outputs/sim_sam_vit_b_point_25/masks/row_0278_object_317_sam_point_mask.png,,cuda,vit_b
279,000017.png,318,data/cogar_sim_500/rgb/000017.png,/home/amir/Desktop/COGAR/COGAR_Foundation-Model-Segmentation-for-Robotic-Scenes/data/cogar_sim_500/instance_masks/all/ann_00000318_img_000017_cat_robot_gripper.png,339.0,225.0,0.7448652982711792,0.5208775654635527,0.2921087051300683,0.013579009999830305,73.64307118210363,/home/amir/Desktop/COGAR/COGAR_Foundation-Model-Segmentation-for-Robotic-Scenes/outputs/sim_sam_vit_b_point_25/masks/row_0279_object_318_sam_point_mask.png,,cuda,vit_b
280,000017.png,319,data/cogar_sim_500/rgb/000017.png,/home/amir/Desktop/COGAR/COGAR_Foundation-Model-Segmentation-for-Robotic-Scenes/data/cogar_sim_500/instance_masks/all/ann_00000319_img_000017_cat_robot_gripper.png,334.0,117.0,0.7591291069984436,0.1016920616213486,0.1974566422313606,0.012691439999798604,78.79326538327162,/home/amir/Desktop/COGAR/COGAR_Foundation-Model-Segmentation-for-Robotic-Scenes/outputs/sim_sam_vit_b_point_25/masks/row_0280_object_319_sam_point_mask.png,,cuda,vit_b
281,000018.png,321,data/cogar_sim_500/rgb/000018.png,/home/amir/Desktop/COGAR/COGAR_Foundation-Model-Segmentation-for-Robotic-Scenes/data/cogar_sim_500/instance_masks/all/ann_00000321_img_000018_cat_connector.png,283.0,146.0,0.8617079854011536,0.8670886075949367,0.9537037037037037,0.1583112789999177,6.316669325882459,/home/amir/Desktop/COGAR/COGAR_Foundation-Model-Segmentation-for-Robotic-Scenes/outputs/sim_sam_vit_b_point_25/masks/row_0281_object_321_sam_point_mask.png,,cuda,vit_b
282,000018.png,322,data/cogar_sim_500/rgb/000018.png,/home/amir/Desktop/COGAR/COGAR_Foundation-Model-Segmentation-for-Robotic-Scenes/data/cogar_sim_500/instance_masks/all/ann_00000322_img_000018_cat_screw.png,313.0,196.0,0.8923165798187256,0.8092783505154639,0.9850746268656716,0.012693766000211326,78.7788273380297,/home/amir/Desktop/COGAR/COGAR_Foundation-Model-Segmentation-for-Robotic-Scenes/outputs/sim_sam_vit_b_point_25/masks/row_0282_object_322_sam_point_mask.png,,cuda,vit_b
283,000018.png,323,data/cogar_sim_500/rgb/000018.png,/home/amir/Desktop/COGAR/COGAR_Foundation-Model-Segmentation-for-Robotic-Scenes/data/cogar_sim_500/instance_masks/all/ann_00000323_img_000018_cat_plastic_object.png,133.0,174.0,0.8221196532249451,0.8066074188562596,0.6968421052631579,0.01321036700028344,75.69812405503527,/home/amir/Desktop/COGAR/COGAR_Foundation-Model-Segmentation-for-Robotic-Scenes/outputs/sim_sam_vit_b_point_25/masks/row_0283_object_323_sam_point_mask.png,,cuda,vit_b
284,000018.png,324,data/cogar_sim_500/rgb/000018.png,/home/amir/Desktop/COGAR/COGAR_Foundation-Model-Segmentation-for-Robotic-Scenes/data/cogar_sim_500/instance_masks/all/ann_00000324_img_000018_cat_connector.png,173.0,202.0,0.9237056970596313,0.963531669865643,1.0,0.012863070000094012,77.7419387434486,/home/amir/Desktop/COGAR/COGAR_Foundation-Model-Segmentation-for-Robotic-Scenes/outputs/sim_sam_vit_b_point_25/masks/row_0284_object_324_sam_point_mask.png,,cuda,vit_b
285,000018.png,325,data/cogar_sim_500/rgb/000018.png,/home/amir/Desktop/COGAR/COGAR_Foundation-Model-Segmentation-for-Robotic-Scenes/data/cogar_sim_500/instance_masks/all/ann_00000325_img_000018_cat_box.png,523.0,201.0,0.9501590132713318,0.9794224743839445,1.0,0.012735774999782734,78.51897509315762,/home/amir/Desktop/COGAR/COGAR_Foundation-Model-Segmentation-for-Robotic-Scenes/outputs/sim_sam_vit_b_point_25/masks/row_0285_object_325_sam_point_mask.png,,cuda,vit_b
286,000018.png,326,data/cogar_sim_500/rgb/000018.png,/home/amir/Desktop/COGAR/COGAR_Foundation-Model-Segmentation-for-Robotic-Scenes/data/cogar_sim_500/instance_masks/all/ann_00000326_img_000018_cat_screw.png,481.0,323.0,0.8731832504272461,0.7810457516339869,0.9207920792079208,0.01262538199989649,79.20552423746058,/home/amir/Desktop/COGAR/COGAR_Foundation-Model-Segmentation-for-Robotic-Scenes/outputs/sim_sam_vit_b_point_25/masks/row_0286_object_326_sam_point_mask.png,,cuda,vit_b
287,000018.png,327,data/cogar_sim_500/rgb/000018.png,/home/amir/Desktop/COGAR/COGAR_Foundation-Model-Segmentation-for-Robotic-Scenes/data/cogar_sim_500/instance_masks/all/ann_00000327_img_000018_cat_connector.png,269.0,140.0,0.7568750977516174,0.5845070422535211,0.7272727272727273,0.012602461999904335,79.34957471068677,/home/amir/Desktop/COGAR/COGAR_Foundation-Model-Segmentation-for-Robotic-Scenes/outputs/sim_sam_vit_b_point_25/masks/row_0287_object_327_sam_point_mask.png,,cuda,vit_b
288,000018.png,328,data/cogar_sim_500/rgb/000018.png,/home/amir/Desktop/COGAR/COGAR_Foundation-Model-Segmentation-for-Robotic-Scenes/data/cogar_sim_500/instance_masks/all/ann_00000328_img_000018_cat_box.png,427.0,192.0,0.9400038719177246,0.9706918938972361,1.0,0.012653111999952671,79.0319409172811,/home/amir/Desktop/COGAR/COGAR_Foundation-Model-Segmentation-for-Robotic-Scenes/outputs/sim_sam_vit_b_point_25/masks/row_0288_object_328_sam_point_mask.png,,cuda,vit_b
289,000018.png,329,data/cogar_sim_500/rgb/000018.png,/home/amir/Desktop/COGAR/COGAR_Foundation-Model-Segmentation-for-Robotic-Scenes/data/cogar_sim_500/instance_masks/all/ann_00000329_img_000018_cat_screw.png,97.0,221.0,0.7947472929954529,0.4900497512437811,0.7059092991296381,0.012926521999816032,77.36032940757242,/home/amir/Desktop/COGAR/COGAR_Foundation-Model-Segmentation-for-Robotic-Scenes/outputs/sim_sam_vit_b_point_25/masks/row_0289_object_329_sam_point_mask.png,,cuda,vit_b
290,000018.png,330,data/cogar_sim_500/rgb/000018.png,/home/amir/Desktop/COGAR/COGAR_Foundation-Model-Segmentation-for-Robotic-Scenes/data/cogar_sim_500/instance_masks/all/ann_00000330_img_000018_cat_connector.png,213.0,163.0,0.9347392916679382,0.8623481781376519,0.9605871160641478,0.012751691000175924,78.42097177434772,/home/amir/Desktop/COGAR/COGAR_Foundation-Model-Segmentation-for-Robotic-Scenes/outputs/sim_sam_vit_b_point_25/masks/row_0290_object_330_sam_point_mask.png,,cuda,vit_b
291,000018.png,331,data/cogar_sim_500/rgb/000018.png,/home/amir/Desktop/COGAR/COGAR_Foundation-Model-Segmentation-for-Robotic-Scenes/data/cogar_sim_500/instance_masks/all/ann_00000331_img_000018_cat_connector.png,345.0,183.0,0.897223174571991,0.921161825726141,0.983957219251337,0.012714453000171488,78.65065056172784,/home/amir/Desktop/COGAR/COGAR_Foundation-Model-Segmentation-for-Robotic-Scenes/outputs/sim_sam_vit_b_point_25/masks/row_0291_object_331_sam_point_mask.png,,cuda,vit_b
292,000018.png,332,data/cogar_sim_500/rgb/000018.png,/home/amir/Desktop/COGAR/COGAR_Foundation-Model-Segmentation-for-Robotic-Scenes/data/cogar_sim_500/instance_masks/all/ann_00000332_img_000018_cat_screw.png,111.0,229.0,0.7619276642799377,0.4871060171919771,0.6699461232138675,0.012646343999676901,79.0742367933016,/home/amir/Desktop/COGAR/COGAR_Foundation-Model-Segmentation-for-Robotic-Scenes/outputs/sim_sam_vit_b_point_25/masks/row_0292_object_332_sam_point_mask.png,,cuda,vit_b
293,000018.png,333,data/cogar_sim_500/rgb/000018.png,/home/amir/Desktop/COGAR/COGAR_Foundation-Model-Segmentation-for-Robotic-Scenes/data/cogar_sim_500/instance_masks/all/ann_00000333_img_000018_cat_screw.png,333.0,306.0,0.8713003993034363,0.8202531645569621,0.9156626506024096,0.012848115999986476,77.83242305728346,/home/amir/Desktop/COGAR/COGAR_Foundation-Model-Segmentation-for-Robotic-Scenes/outputs/sim_sam_vit_b_point_25/masks/row_0293_object_333_sam_point_mask.png,,cuda,vit_b
294,000018.png,334,data/cogar_sim_500/rgb/000018.png,/home/amir/Desktop/COGAR/COGAR_Foundation-Model-Segmentation-for-Robotic-Scenes/data/cogar_sim_500/instance_masks/all/ann_00000334_img_000018_cat_screw.png,240.0,256.0,0.9260045886039734,0.8697788697788698,1.0,0.01289293199988606,77.56187653893137,/home/amir/Desktop/COGAR/COGAR_Foundation-Model-Segmentation-for-Robotic-Scenes/outputs/sim_sam_vit_b_point_25/masks/row_0294_object_334_sam_point_mask.png,,cuda,vit_b
295,000018.png,335,data/cogar_sim_500/rgb/000018.png,/home/amir/Desktop/COGAR/COGAR_Foundation-Model-Segmentation-for-Robotic-Scenes/data/cogar_sim_500/instance_masks/all/ann_00000335_img_000018_cat_connector.png,404.0,302.0,0.8326271772384644,0.6777724892908139,0.8048746191703773,0.012815570999919146,78.03007763027563,/home/amir/Desktop/COGAR/COGAR_Foundation-Model-Segmentation-for-Robotic-Scenes/outputs/sim_sam_vit_b_point_25/masks/row_0295_object_335_sam_point_mask.png,,cuda,vit_b
296,000018.png,336,data/cogar_sim_500/rgb/000018.png,/home/amir/Desktop/COGAR/COGAR_Foundation-Model-Segmentation-for-Robotic-Scenes/data/cogar_sim_500/instance_masks/all/ann_00000336_img_000018_cat_connector.png,338.0,200.0,0.8841519355773926,0.9697674418604652,1.0,0.012727619000088453,78.56929092496014,/home/amir/Desktop/COGAR/COGAR_Foundation-Model-Segmentation-for-Robotic-Scenes/outputs/sim_sam_vit_b_point_25/masks/row_0296_object_336_sam_point_mask.png,,cuda,vit_b
297,000018.png,337,data/cogar_sim_500/rgb/000018.png,/home/amir/Desktop/COGAR/COGAR_Foundation-Model-Segmentation-for-Robotic-Scenes/data/cogar_sim_500/instance_masks/all/ann_00000337_img_000018_cat_screw.png,277.0,181.0,0.9234869480133057,0.8709677419354839,1.0,0.012681004000114626,78.85810934141814,/home/amir/Desktop/COGAR/COGAR_Foundation-Model-Segmentation-for-Robotic-Scenes/outputs/sim_sam_vit_b_point_25/masks/row_0297_object_337_sam_point_mask.png,,cuda,vit_b
298,000018.png,338,data/cogar_sim_500/rgb/000018.png,/home/amir/Desktop/COGAR/COGAR_Foundation-Model-Segmentation-for-Robotic-Scenes/data/cogar_sim_500/instance_masks/all/ann_00000338_img_000018_cat_screw.png,186.0,241.0,0.9537227749824524,0.9367588932806324,1.0,0.012738313000227208,78.50333085567637,/home/amir/Desktop/COGAR/COGAR_Foundation-Model-Segmentation-for-Robotic-Scenes/outputs/sim_sam_vit_b_point_25/masks/row_0298_object_338_sam_point_mask.png,,cuda,vit_b
299,000018.png,339,data/cogar_sim_500/rgb/000018.png,/home/amir/Desktop/COGAR/COGAR_Foundation-Model-Segmentation-for-Robotic-Scenes/data/cogar_sim_500/instance_masks/all/ann_00000339_img_000018_cat_connector.png,323.0,221.0,0.8473600745201111,0.9352890422778257,0.9901639344262295,0.012814878999961365,78.03429123310605,/home/amir/Desktop/COGAR/COGAR_Foundation-Model-Segmentation-for-Robotic-Scenes/outputs/sim_sam_vit_b_point_25/masks/row_0299_object_339_sam_point_mask.png,,cuda,vit_b
300,000018.png,340,data/cogar_sim_500/rgb/000018.png,/home/amir/Desktop/COGAR/COGAR_Foundation-Model-Segmentation-for-Robotic-Scenes/data/cogar_sim_500/instance_masks/all/ann_00000340_img_000018_cat_box.png,240.0,153.0,0.8850464820861816,0.9637176938369781,0.9884259259259259,0.012882224000350107,77.62634774653992,/home/amir/Desktop/COGAR/COGAR_Foundation-Model-Segmentation-for-Robotic-Scenes/outputs/sim_sam_vit_b_point_25/masks/row_0300_object_340_sam_point_mask.png,,cuda,vit_b
301,000018.png,341,data/cogar_sim_500/rgb/000018.png,/home/amir/Desktop/COGAR/COGAR_Foundation-Model-Segmentation-for-Robotic-Scenes/data/cogar_sim_500/instance_masks/all/ann_00000341_img_000018_cat_screw.png,477.0,265.0,0.9441477656364441,0.9409090909090909,1.0,0.012748555000143824,78.44026244454516,/home/amir/Desktop/COGAR/COGAR_Foundation-Model-Segmentation-for-Robotic-Scenes/outputs/sim_sam_vit_b_point_25/masks/row_0301_object_341_sam_point_mask.png,,cuda,vit_b
302,000018.png,342,data/cogar_sim_500/rgb/000018.png,/home/amir/Desktop/COGAR/COGAR_Foundation-Model-Segmentation-for-Robotic-Scenes/data/cogar_sim_500/instance_masks/all/ann_00000342_img_000018_cat_cable.png,517.0,358.0,0.8395236134529114,0.7906896551724137,0.9016086441804047,0.012804925000182266,78.09495174597008,/home/amir/Desktop/COGAR/COGAR_Foundation-Model-Segmentation-for-Robotic-Scenes/outputs/sim_sam_vit_b_point_25/masks/row_0302_object_342_sam_point_mask.png,,cuda,vit_b
303,000018.png,343,data/cogar_sim_500/rgb/000018.png,/home/amir/Desktop/COGAR/COGAR_Foundation-Model-Segmentation-for-Robotic-Scenes/data/cogar_sim_500/instance_masks/all/ann_00000343_img_000018_cat_robot_gripper.png,428.0,121.0,0.9295562505722046,0.887469104136548,0.680161943319838,0.012605321999672014,79.33157122253756,/home/amir/Desktop/COGAR/COGAR_Foundation-Model-Segmentation-for-Robotic-Scenes/outputs/sim_sam_vit_b_point_25/masks/row_0303_object_343_sam_point_mask.png,,cuda,vit_b
304,000018.png,344,data/cogar_sim_500/rgb/000018.png,/home/amir/Desktop/COGAR/COGAR_Foundation-Model-Segmentation-for-Robotic-Scenes/data/cogar_sim_500/instance_masks/all/ann_00000344_img_000018_cat_robot_gripper.png,312.0,161.0,0.9308797717094421,0.9416761041902605,1.0,0.012672369000028993,78.91184355488008,/home/amir/Desktop/COGAR/COGAR_Foundation-Model-Segmentation-for-Robotic-Scenes/outputs/sim_sam_vit_b_point_25/masks/row_0304_object_344_sam_point_mask.png,,cuda,vit_b
305,000018.png,345,data/cogar_sim_500/rgb/000018.png,/home/amir/Desktop/COGAR/COGAR_Foundation-Model-Segmentation-for-Robotic-Scenes/data/cogar_sim_500/instance_masks/all/ann_00000345_img_000018_cat_robot_gripper.png,374.0,171.0,0.9713040590286255,0.9455709711846318,1.0,0.012961675000042305,77.15052259810064,/home/amir/Desktop/COGAR/COGAR_Foundation-Model-Segmentation-for-Robotic-Scenes/outputs/sim_sam_vit_b_point_25/masks/row_0305_object_345_sam_point_mask.png,,cuda,vit_b
306,000021.png,352,data/cogar_sim_500/rgb/000021.png,/home/amir/Desktop/COGAR/COGAR_Foundation-Model-Segmentation-for-Robotic-Scenes/data/cogar_sim_500/instance_masks/all/ann_00000352_img_000021_cat_glass_object.png,496.0,239.0,0.9100068211555481,0.31976676384839653,0.4268467492753162,0.15685182200013514,6.375443952440275,/home/amir/Desktop/COGAR/COGAR_Foundation-Model-Segmentation-for-Robotic-Scenes/outputs/sim_sam_vit_b_point_25/masks/row_0306_object_352_sam_point_mask.png,,cuda,vit_b
307,000021.png,353,data/cogar_sim_500/rgb/000021.png,/home/amir/Desktop/COGAR/COGAR_Foundation-Model-Segmentation-for-Robotic-Scenes/data/cogar_sim_500/instance_masks/all/ann_00000353_img_000021_cat_glass_object.png,323.0,133.0,0.6366543173789978,0.3675895275353596,0.18075592401592797,0.012623877999885735,79.21496072831593,/home/amir/Desktop/COGAR/COGAR_Foundation-Model-Segmentation-for-Robotic-Scenes/outputs/sim_sam_vit_b_point_25/masks/row_0307_object_353_sam_point_mask.png,,cuda,vit_b
308,000021.png,354,data/cogar_sim_500/rgb/000021.png,/home/amir/Desktop/COGAR/COGAR_Foundation-Model-Segmentation-for-Robotic-Scenes/data/cogar_sim_500/instance_masks/all/ann_00000354_img_000021_cat_metal_part.png,228.0,316.0,0.9697281122207642,0.9773472429210134,1.0,0.012723120999908133,78.59706749682098,/home/amir/Desktop/COGAR/COGAR_Foundation-Model-Segmentation-for-Robotic-Scenes/outputs/sim_sam_vit_b_point_25/masks/row_0308_object_354_sam_point_mask.png,,cuda,vit_b
309,000021.png,355,data/cogar_sim_500/rgb/000021.png,/home/amir/Desktop/COGAR/COGAR_Foundation-Model-Segmentation-for-Robotic-Scenes/data/cogar_sim_500/instance_masks/all/ann_00000355_img_000021_cat_glass_object.png,373.0,90.0,0.7177408933639526,0.009099789213922163,0.07716436637390213,0.01273553200007882,78.52047327067382,/home/amir/Desktop/COGAR/COGAR_Foundation-Model-Segmentation-for-Robotic-Scenes/outputs/sim_sam_vit_b_point_25/masks/row_0309_object_355_sam_point_mask.png,,cuda,vit_b
310,000021.png,356,data/cogar_sim_500/rgb/000021.png,/home/amir/Desktop/COGAR/COGAR_Foundation-Model-Segmentation-for-Robotic-Scenes/data/cogar_sim_500/instance_masks/all/ann_00000356_img_000021_cat_glass_object.png,318.0,242.0,0.7481579780578613,0.21634874447677552,0.0,0.012659974000143848,78.98910376819396,/home/amir/Desktop/COGAR/COGAR_Foundation-Model-Segmentation-for-Robotic-Scenes/outputs/sim_sam_vit_b_point_25/masks/row_0310_object_356_sam_point_mask.png,,cuda,vit_b
311,000021.png,357,data/cogar_sim_500/rgb/000021.png,/home/amir/Desktop/COGAR/COGAR_Foundation-Model-Segmentation-for-Robotic-Scenes/data/cogar_sim_500/instance_masks/all/ann_00000357_img_000021_cat_cable.png,94.0,239.0,0.8981045484542847,0.5588701999365281,0.655701754385965,0.012744192000354815,78.46711662631563,/home/amir/Desktop/COGAR/COGAR_Foundation-Model-Segmentation-for-Robotic-Scenes/outputs/sim_sam_vit_b_point_25/masks/row_0311_object_357_sam_point_mask.png,,cuda,vit_b
312,000021.png,358,data/cogar_sim_500/rgb/000021.png,/home/amir/Desktop/COGAR/COGAR_Foundation-Model-Segmentation-for-Robotic-Scenes/data/cogar_sim_500/instance_masks/all/ann_00000358_img_000021_cat_glass_object.png,439.0,128.0,0.7170248031616211,0.4945171372569794,0.30629495806676166,0.012674632999733149,78.89774796801248,/home/amir/Desktop/COGAR/COGAR_Foundation-Model-Segmentation-for-Robotic-Scenes/outputs/sim_sam_vit_b_point_25/masks/row_0312_object_358_sam_point_mask.png,,cuda,vit_b
313,000021.png,359,data/cogar_sim_500/rgb/000021.png,/home/amir/Desktop/COGAR/COGAR_Foundation-Model-Segmentation-for-Robotic-Scenes/data/cogar_sim_500/instance_masks/all/ann_00000359_img_000021_cat_glass_object.png,408.0,0.0,0.928577184677124,0.1221105527638191,0.06992665036674815,0.01263370800006669,79.1533253732571,/home/amir/Desktop/COGAR/COGAR_Foundation-Model-Segmentation-for-Robotic-Scenes/outputs/sim_sam_vit_b_point_25/masks/row_0313_object_359_sam_point_mask.png,,cuda,vit_b
314,000021.png,360,data/cogar_sim_500/rgb/000021.png,/home/amir/Desktop/COGAR/COGAR_Foundation-Model-Segmentation-for-Robotic-Scenes/data/cogar_sim_500/instance_masks/all/ann_00000360_img_000021_cat_cable.png,262.0,479.0,0.836048424243927,0.337304657279901,0.4826984346862446,0.012617520000276272,79.25487734341647,/home/amir/Desktop/COGAR/COGAR_Foundation-Model-Segmentation-for-Robotic-Scenes/outputs/sim_sam_vit_b_point_25/masks/row_0314_object_360_sam_point_mask.png,,cuda,vit_b
315,000021.png,361,data/cogar_sim_500/rgb/000021.png,/home/amir/Desktop/COGAR/COGAR_Foundation-Model-Segmentation-for-Robotic-Scenes/data/cogar_sim_500/instance_masks/all/ann_00000361_img_000021_cat_glass_object.png,175.0,71.0,0.9199056625366211,0.9155833470462399,0.8250039582183311,0.012672834000113653,78.90894806884015,/home/amir/Desktop/COGAR/COGAR_Foundation-Model-Segmentation-for-Robotic-Scenes/outputs/sim_sam_vit_b_point_25/masks/row_0315_object_361_sam_point_mask.png,,cuda,vit_b
316,000021.png,362,data/cogar_sim_500/rgb/000021.png,/home/amir/Desktop/COGAR/COGAR_Foundation-Model-Segmentation-for-Robotic-Scenes/data/cogar_sim_500/instance_masks/all/ann_00000362_img_000021_cat_glass_object.png,197.0,166.0,0.8089205622673035,0.7265308025929208,0.648818729667751,0.01275716600002852,78.3873158033504,/home/amir/Desktop/COGAR/COGAR_Foundation-Model-Segmentation-for-Robotic-Scenes/outputs/sim_sam_vit_b_point_25/masks/row_0316_object_362_sam_point_mask.png,,cuda,vit_b
317,000021.png,363,data/cogar_sim_500/rgb/000021.png,/home/amir/Desktop/COGAR/COGAR_Foundation-Model-Segmentation-for-Robotic-Scenes/data/cogar_sim_500/instance_masks/all/ann_00000363_img_000021_cat_plastic_object.png,418.0,213.0,0.9621638059616089,0.7907675498497678,0.6933907858370875,0.01265850399977353,78.99827657501162,/home/amir/Desktop/COGAR/COGAR_Foundation-Model-Segmentation-for-Robotic-Scenes/outputs/sim_sam_vit_b_point_25/masks/row_0317_object_363_sam_point_mask.png,,cuda,vit_b
318,000021.png,364,data/cogar_sim_500/rgb/000021.png,/home/amir/Desktop/COGAR/COGAR_Foundation-Model-Segmentation-for-Robotic-Scenes/data/cogar_sim_500/instance_masks/all/ann_00000364_img_000021_cat_metal_part.png,348.0,473.0,0.953353762626648,0.9666899604006522,0.9185441941074522,0.012632516999929067,79.16078798909317,/home/amir/Desktop/COGAR/COGAR_Foundation-Model-Segmentation-for-Robotic-Scenes/outputs/sim_sam_vit_b_point_25/masks/row_0318_object_364_sam_point_mask.png,,cuda,vit_b
319,000021.png,365,data/cogar_sim_500/rgb/000021.png,/home/amir/Desktop/COGAR/COGAR_Foundation-Model-Segmentation-for-Robotic-Scenes/data/cogar_sim_500/instance_masks/all/ann_00000365_img_000021_cat_cable.png,92.0,290.0,0.8307324051856995,0.752967778405879,0.6505681818181818,0.01322944200001075,75.58897797799692,/home/amir/Desktop/COGAR/COGAR_Foundation-Model-Segmentation-for-Robotic-Scenes/outputs/sim_sam_vit_b_point_25/masks/row_0319_object_365_sam_point_mask.png,,cuda,vit_b
320,000021.png,366,data/cogar_sim_500/rgb/000021.png,/home/amir/Desktop/COGAR/COGAR_Foundation-Model-Segmentation-for-Robotic-Scenes/data/cogar_sim_500/instance_masks/all/ann_00000366_img_000021_cat_connector.png,250.0,423.0,0.9316361546516418,0.922754491017964,0.7292329531548288,0.013354476999666076,74.88125517944317,/home/amir/Desktop/COGAR/COGAR_Foundation-Model-Segmentation-for-Robotic-Scenes/outputs/sim_sam_vit_b_point_25/masks/row_0320_object_366_sam_point_mask.png,,cuda,vit_b
321,000021.png,367,data/cogar_sim_500/rgb/000021.png,/home/amir/Desktop/COGAR/COGAR_Foundation-Model-Segmentation-for-Robotic-Scenes/data/cogar_sim_500/instance_masks/all/ann_00000367_img_000021_cat_metal_part.png,108.0,133.0,0.9615046381950378,0.9476790556707609,0.9072065146208821,0.012799001000075805,78.13109788756773,/home/amir/Desktop/COGAR/COGAR_Foundation-Model-Segmentation-for-Robotic-Scenes/outputs/sim_sam_vit_b_point_25/masks/row_0321_object_367_sam_point_mask.png,,cuda,vit_b
322,000022.png,369,data/cogar_sim_500/rgb/000022.png,/home/amir/Desktop/COGAR/COGAR_Foundation-Model-Segmentation-for-Robotic-Scenes/data/cogar_sim_500/instance_masks/all/ann_00000369_img_000022_cat_plastic_object.png,393.0,238.0,0.9033448696136475,0.764211566979733,0.7423242624202432,0.15851401100007934,6.3085906014926305,/home/amir/Desktop/COGAR/COGAR_Foundation-Model-Segmentation-for-Robotic-Scenes/outputs/sim_sam_vit_b_point_25/masks/row_0322_object_369_sam_point_mask.png,,cuda,vit_b
323,000022.png,370,data/cogar_sim_500/rgb/000022.png,/home/amir/Desktop/COGAR/COGAR_Foundation-Model-Segmentation-for-Robotic-Scenes/data/cogar_sim_500/instance_masks/all/ann_00000370_img_000022_cat_tool.png,299.0,340.0,0.8832241892814636,0.8773333333333333,0.8529411764705882,0.012695960000201012,78.76521349974064,/home/amir/Desktop/COGAR/COGAR_Foundation-Model-Segmentation-for-Robotic-Scenes/outputs/sim_sam_vit_b_point_25/masks/row_0323_object_370_sam_point_mask.png,,cuda,vit_b
324,000022.png,371,data/cogar_sim_500/rgb/000022.png,/home/amir/Desktop/COGAR/COGAR_Foundation-Model-Segmentation-for-Robotic-Scenes/data/cogar_sim_500/instance_masks/all/ann_00000371_img_000022_cat_connector.png,446.0,235.0,0.9153969883918762,0.9529702970297029,1.0,0.01257561500005977,79.51897382316866,/home/amir/Desktop/COGAR/COGAR_Foundation-Model-Segmentation-for-Robotic-Scenes/outputs/sim_sam_vit_b_point_25/masks/row_0324_object_371_sam_point_mask.png,,cuda,vit_b
325,000022.png,372,data/cogar_sim_500/rgb/000022.png,/home/amir/Desktop/COGAR/COGAR_Foundation-Model-Segmentation-for-Robotic-Scenes/data/cogar_sim_500/instance_masks/all/ann_00000372_img_000022_cat_glass_object.png,337.0,144.0,0.8263752460479736,0.38112507379606986,0.18203416920451845,0.012784213000031741,78.2214751895574,/home/amir/Desktop/COGAR/COGAR_Foundation-Model-Segmentation-for-Robotic-Scenes/outputs/sim_sam_vit_b_point_25/masks/row_0325_object_372_sam_point_mask.png,,cuda,vit_b
326,000022.png,374,data/cogar_sim_500/rgb/000022.png,/home/amir/Desktop/COGAR/COGAR_Foundation-Model-Segmentation-for-Robotic-Scenes/data/cogar_sim_500/instance_masks/all/ann_00000374_img_000022_cat_metal_part.png,355.0,286.0,0.8950439691543579,0.9417389764476713,0.8757046039071734,0.012754215000313707,78.40545262686913,/home/amir/Desktop/COGAR/COGAR_Foundation-Model-Segmentation-for-Robotic-Scenes/outputs/sim_sam_vit_b_point_25/masks/row_0326_object_374_sam_point_mask.png,,cuda,vit_b
327,000022.png,375,data/cogar_sim_500/rgb/000022.png,/home/amir/Desktop/COGAR/COGAR_Foundation-Model-Segmentation-for-Robotic-Scenes/data/cogar_sim_500/instance_masks/all/ann_00000375_img_000022_cat_screw.png,125.0,289.0,0.9238810539245605,0.875,1.0,0.012589829999797075,79.42919006977205,/home/amir/Desktop/COGAR/COGAR_Foundation-Model-Segmentation-for-Robotic-Scenes/outputs/sim_sam_vit_b_point_25/masks/row_0327_object_375_sam_point_mask.png,,cuda,vit_b
328,000022.png,377,data/cogar_sim_500/rgb/000022.png,/home/amir/Desktop/COGAR/COGAR_Foundation-Model-Segmentation-for-Robotic-Scenes/data/cogar_sim_500/instance_masks/all/ann_00000377_img_000022_cat_cable.png,361.0,329.0,0.9213240146636963,0.42725173210161665,0.5657042430328898,0.012951916000019992,77.20865391641333,/home/amir/Desktop/COGAR/COGAR_Foundation-Model-Segmentation-for-Robotic-Scenes/outputs/sim_sam_vit_b_point_25/masks/row_0328_object_377_sam_point_mask.png,,cuda,vit_b
329,000022.png,378,data/cogar_sim_500/rgb/000022.png,/home/amir/Desktop/COGAR/COGAR_Foundation-Model-Segmentation-for-Robotic-Scenes/data/cogar_sim_500/instance_masks/all/ann_00000378_img_000022_cat_box.png,126.0,408.0,0.8665621280670166,0.5425703119012951,0.6789151356080491,0.012820777999877464,77.99838668211537,/home/amir/Desktop/COGAR/COGAR_Foundation-Model-Segmentation-for-Robotic-Scenes/outputs/sim_sam_vit_b_point_25/masks/row_0329_object_378_sam_point_mask.png,,cuda,vit_b
330,000022.png,379,data/cogar_sim_500/rgb/000022.png,/home/amir/Desktop/COGAR/COGAR_Foundation-Model-Segmentation-for-Robotic-Scenes/data/cogar_sim_500/instance_masks/all/ann_00000379_img_000022_cat_connector.png,397.0,372.0,0.9433643221855164,0.9802120141342756,1.0,0.012735617000089405,78.51994920960483,/home/amir/Desktop/COGAR/COGAR_Foundation-Model-Segmentation-for-Robotic-Scenes/outputs/sim_sam_vit_b_point_25/masks/row_0330_object_379_sam_point_mask.png,,cuda,vit_b
331,000022.png,380,data/cogar_sim_500/rgb/000022.png,/home/amir/Desktop/COGAR/COGAR_Foundation-Model-Segmentation-for-Robotic-Scenes/data/cogar_sim_500/instance_masks/all/ann_00000380_img_000022_cat_glass_object.png,438.0,118.0,0.8557100892066956,0.7120092157050975,0.5893363097793423,0.012689189999946393,78.80723671126562,/home/amir/Desktop/COGAR/COGAR_Foundation-Model-Segmentation-for-Robotic-Scenes/outputs/sim_sam_vit_b_point_25/masks/row_0331_object_380_sam_point_mask.png,,cuda,vit_b
332,000022.png,381,data/cogar_sim_500/rgb/000022.png,/home/amir/Desktop/COGAR/COGAR_Foundation-Model-Segmentation-for-Robotic-Scenes/data/cogar_sim_500/instance_masks/all/ann_00000381_img_000022_cat_box.png,176.0,325.0,0.8924462795257568,0.8644136477834509,0.6212261560130443,0.01265835500043977,78.99920645022664,/home/amir/Desktop/COGAR/COGAR_Foundation-Model-Segmentation-for-Robotic-Scenes/outputs/sim_sam_vit_b_point_25/masks/row_0332_object_381_sam_point_mask.png,,cuda,vit_b
333,000022.png,382,data/cogar_sim_500/rgb/000022.png,/home/amir/Desktop/COGAR/COGAR_Foundation-Model-Segmentation-for-Robotic-Scenes/data/cogar_sim_500/instance_masks/all/ann_00000382_img_000022_cat_plastic_object.png,507.0,254.0,0.9523674845695496,0.979257415473968,1.0,0.01265962200022841,78.99130005476921,/home/amir/Desktop/COGAR/COGAR_Foundation-Model-Segmentation-for-Robotic-Scenes/outputs/sim_sam_vit_b_point_25/masks/row_0333_object_382_sam_point_mask.png,,cuda,vit_b
334,000022.png,383,data/cogar_sim_500/rgb/000022.png,/home/amir/Desktop/COGAR/COGAR_Foundation-Model-Segmentation-for-Robotic-Scenes/data/cogar_sim_500/instance_masks/all/ann_00000383_img_000022_cat_glass_object.png,400.0,89.0,0.8611925840377808,0.018295940170940172,0.44593608638552457,0.012819337000109954,78.0071543474848,/home/amir/Desktop/COGAR/COGAR_Foundation-Model-Segmentation-for-Robotic-Scenes/outputs/sim_sam_vit_b_point_25/masks/row_0334_object_383_sam_point_mask.png,,cuda,vit_b
335,000022.png,384,data/cogar_sim_500/rgb/000022.png,/home/amir/Desktop/COGAR/COGAR_Foundation-Model-Segmentation-for-Robotic-Scenes/data/cogar_sim_500/instance_masks/all/ann_00000384_img_000022_cat_plastic_object.png,270.0,180.0,0.7899750471115112,0.5051652892561983,0.6666666666666666,0.012704256000233727,78.7137790659762,/home/amir/Desktop/COGAR/COGAR_Foundation-Model-Segmentation-for-Robotic-Scenes/outputs/sim_sam_vit_b_point_25/masks/row_0335_object_384_sam_point_mask.png,,cuda,vit_b
336,000022.png,385,data/cogar_sim_500/rgb/000022.png,/home/amir/Desktop/COGAR/COGAR_Foundation-Model-Segmentation-for-Robotic-Scenes/data/cogar_sim_500/instance_masks/all/ann_00000385_img_000022_cat_connector.png,437.0,317.0,0.936381995677948,0.952098178939034,0.9673463764122348,0.012685303000125714,78.8313846338625,/home/amir/Desktop/COGAR/COGAR_Foundation-Model-Segmentation-for-Robotic-Scenes/outputs/sim_sam_vit_b_point_25/masks/row_0336_object_385_sam_point_mask.png,,cuda,vit_b
337,000022.png,386,data/cogar_sim_500/rgb/000022.png,/home/amir/Desktop/COGAR/COGAR_Foundation-Model-Segmentation-for-Robotic-Scenes/data/cogar_sim_500/instance_masks/all/ann_00000386_img_000022_cat_screw.png,422.0,278.0,0.8309495449066162,0.8393574297188755,0.8974358974358974,0.012767262999659579,78.32532313516715,/home/amir/Desktop/COGAR/COGAR_Foundation-Model-Segmentation-for-Robotic-Scenes/outputs/sim_sam_vit_b_point_25/masks/row_0337_object_386_sam_point_mask.png,,cuda,vit_b
338,000022.png,387,data/cogar_sim_500/rgb/000022.png,/home/amir/Desktop/COGAR/COGAR_Foundation-Model-Segmentation-for-Robotic-Scenes/data/cogar_sim_500/instance_masks/all/ann_00000387_img_000022_cat_connector.png,491.0,303.0,0.9448319673538208,0.9747590637907297,1.0,0.012868728999819723,77.70775186997946,/home/amir/Desktop/COGAR/COGAR_Foundation-Model-Segmentation-for-Robotic-Scenes/outputs/sim_sam_vit_b_point_25/masks/row_0338_object_387_sam_point_mask.png,,cuda,vit_b
339,000022.png,388,data/cogar_sim_500/rgb/000022.png,/home/amir/Desktop/COGAR/COGAR_Foundation-Model-Segmentation-for-Robotic-Scenes/data/cogar_sim_500/instance_masks/all/ann_00000388_img_000022_cat_cable.png,381.0,156.0,0.703147292137146,0.19233401779603013,0.4264150943396226,0.01290060099972834,77.51576845304012,/home/amir/Desktop/COGAR/COGAR_Foundation-Model-Segmentation-for-Robotic-Scenes/outputs/sim_sam_vit_b_point_25/masks/row_0339_object_388_sam_point_mask.png,,cuda,vit_b
340,000022.png,389,data/cogar_sim_500/rgb/000022.png,/home/amir/Desktop/COGAR/COGAR_Foundation-Model-Segmentation-for-Robotic-Scenes/data/cogar_sim_500/instance_masks/all/ann_00000389_img_000022_cat_robot_gripper.png,180.0,160.0,0.739633321762085,0.5133432496281389,0.4962927349624766,0.01267691700013529,78.88353295910416,/home/amir/Desktop/COGAR/COGAR_Foundation-Model-Segmentation-for-Robotic-Scenes/outputs/sim_sam_vit_b_point_25/masks/row_0340_object_389_sam_point_mask.png,,cuda,vit_b
341,000022.png,390,data/cogar_sim_500/rgb/000022.png,/home/amir/Desktop/COGAR/COGAR_Foundation-Model-Segmentation-for-Robotic-Scenes/data/cogar_sim_500/instance_masks/all/ann_00000390_img_000022_cat_robot_gripper.png,306.0,102.0,0.6767799258232117,0.20299625468164795,0.3132869374112907,0.012686240999755682,78.82555597195879,/home/amir/Desktop/COGAR/COGAR_Foundation-Model-Segmentation-for-Robotic-Scenes/outputs/sim_sam_vit_b_point_25/masks/row_0341_object_390_sam_point_mask.png,,cuda,vit_b
342,000022.png,391,data/cogar_sim_500/rgb/000022.png,/home/amir/Desktop/COGAR/COGAR_Foundation-Model-Segmentation-for-Robotic-Scenes/data/cogar_sim_500/instance_masks/all/ann_00000391_img_000022_cat_robot_gripper.png,240.0,206.0,0.8216671943664551,0.7111735769501054,0.4352100167943092,0.012665255999763758,78.95616164558007,/home/amir/Desktop/COGAR/COGAR_Foundation-Model-Segmentation-for-Robotic-Scenes/outputs/sim_sam_vit_b_point_25/masks/row_0342_object_391_sam_point_mask.png,,cuda,vit_b
343,000024.png,396,data/cogar_sim_500/rgb/000024.png,/home/amir/Desktop/COGAR/COGAR_Foundation-Model-Segmentation-for-Robotic-Scenes/data/cogar_sim_500/instance_masks/all/ann_00000396_img_000024_cat_plastic_object.png,536.0,239.0,0.893905758857727,0.977804084048535,1.0,0.15802987699998994,6.327917346920821,/home/amir/Desktop/COGAR/COGAR_Foundation-Model-Segmentation-for-Robotic-Scenes/outputs/sim_sam_vit_b_point_25/masks/row_0343_object_396_sam_point_mask.png,,cuda,vit_b
344,000024.png,397,data/cogar_sim_500/rgb/000024.png,/home/amir/Desktop/COGAR/COGAR_Foundation-Model-Segmentation-for-Robotic-Scenes/data/cogar_sim_500/instance_masks/all/ann_00000397_img_000024_cat_plastic_object.png,292.0,242.0,0.9210612773895264,0.9680792515134837,0.9934354485776805,0.012714580000192655,78.64986495699014,/home/amir/Desktop/COGAR/COGAR_Foundation-Model-Segmentation-for-Robotic-Scenes/outputs/sim_sam_vit_b_point_25/masks/row_0344_object_397_sam_point_mask.png,,cuda,vit_b
345,000024.png,398,data/cogar_sim_500/rgb/000024.png,/home/amir/Desktop/COGAR/COGAR_Foundation-Model-Segmentation-for-Robotic-Scenes/data/cogar_sim_500/instance_masks/all/ann_00000398_img_000024_cat_plastic_object.png,352.0,162.0,0.7857981324195862,0.9143356643356644,0.9253216358627331,0.012608132999957888,79.31388414155688,/home/amir/Desktop/COGAR/COGAR_Foundation-Model-Segmentation-for-Robotic-Scenes/outputs/sim_sam_vit_b_point_25/masks/row_0345_object_398_sam_point_mask.png,,cuda,vit_b
346,000024.png,399,data/cogar_sim_500/rgb/000024.png,/home/amir/Desktop/COGAR/COGAR_Foundation-Model-Segmentation-for-Robotic-Scenes/data/cogar_sim_500/instance_masks/all/ann_00000399_img_000024_cat_plastic_object.png,233.0,211.0,0.9760974645614624,0.9754529514903565,1.0,0.012517076000222005,79.89086268887908,/home/amir/Desktop/COGAR/COGAR_Foundation-Model-Segmentation-for-Robotic-Scenes/outputs/sim_sam_vit_b_point_25/masks/row_0346_object_399_sam_point_mask.png,,cuda,vit_b
347,000024.png,400,data/cogar_sim_500/rgb/000024.png,/home/amir/Desktop/COGAR/COGAR_Foundation-Model-Segmentation-for-Robotic-Scenes/data/cogar_sim_500/instance_masks/all/ann_00000400_img_000024_cat_plastic_object.png,311.0,215.0,0.8931844234466553,0.9867751780264497,1.0,0.012687733999882767,78.81628035465118,/home/amir/Desktop/COGAR/COGAR_Foundation-Model-Segmentation-for-Robotic-Scenes/outputs/sim_sam_vit_b_point_25/masks/row_0347_object_400_sam_point_mask.png,,cuda,vit_b
348,000024.png,402,data/cogar_sim_500/rgb/000024.png,/home/amir/Desktop/COGAR/COGAR_Foundation-Model-Segmentation-for-Robotic-Scenes/data/cogar_sim_500/instance_masks/all/ann_00000402_img_000024_cat_connector.png,279.0,302.0,0.9354615211486816,0.9582366589327146,0.959349593495935,0.012658530999942741,78.99810807466706,/home/amir/Desktop/COGAR/COGAR_Foundation-Model-Segmentation-for-Robotic-Scenes/outputs/sim_sam_vit_b_point_25/masks/row_0348_object_402_sam_point_mask.png,,cuda,vit_b
349,000024.png,403,data/cogar_sim_500/rgb/000024.png,/home/amir/Desktop/COGAR/COGAR_Foundation-Model-Segmentation-for-Robotic-Scenes/data/cogar_sim_500/instance_masks/all/ann_00000403_img_000024_cat_metal_part.png,305.0,164.0,0.9290092587471008,0.9573320255026974,1.0,0.01268093399994541,78.85854464697198,/home/amir/Desktop/COGAR/COGAR_Foundation-Model-Segmentation-for-Robotic-Scenes/outputs/sim_sam_vit_b_point_25/masks/row_0349_object_403_sam_point_mask.png,,cuda,vit_b
350,000024.png,404,data/cogar_sim_500/rgb/000024.png,/home/amir/Desktop/COGAR/COGAR_Foundation-Model-Segmentation-for-Robotic-Scenes/data/cogar_sim_500/instance_masks/all/ann_00000404_img_000024_cat_plastic_object.png,182.0,455.0,0.9197843074798584,0.9726586410936544,0.8761552680221811,0.012723798000024544,78.59288555178816,/home/amir/Desktop/COGAR/COGAR_Foundation-Model-Segmentation-for-Robotic-Scenes/outputs/sim_sam_vit_b_point_25/masks/row_0350_object_404_sam_point_mask.png,,cuda,vit_b
351,000024.png,405,data/cogar_sim_500/rgb/000024.png,/home/amir/Desktop/COGAR/COGAR_Foundation-Model-Segmentation-for-Robotic-Scenes/data/cogar_sim_500/instance_masks/all/ann_00000405_img_000024_cat_plastic_object.png,236.0,270.0,0.7519519329071045,0.5307262569832403,0.6267147407259464,0.01257858999997552,79.50016655300365,/home/amir/Desktop/COGAR/COGAR_Foundation-Model-Segmentation-for-Robotic-Scenes/outputs/sim_sam_vit_b_point_25/masks/row_0351_object_405_sam_point_mask.png,,cuda,vit_b
352,000024.png,406,data/cogar_sim_500/rgb/000024.png,/home/amir/Desktop/COGAR/COGAR_Foundation-Model-Segmentation-for-Robotic-Scenes/data/cogar_sim_500/instance_masks/all/ann_00000406_img_000024_cat_box.png,14.0,326.0,0.7681784629821777,0.16634037197594742,0.0,0.012594225999691844,79.40146540362767,/home/amir/Desktop/COGAR/COGAR_Foundation-Model-Segmentation-for-Robotic-Scenes/outputs/sim_sam_vit_b_point_25/masks/row_0352_object_406_sam_point_mask.png,,cuda,vit_b
353,000024.png,407,data/cogar_sim_500/rgb/000024.png,/home/amir/Desktop/COGAR/COGAR_Foundation-Model-Segmentation-for-Robotic-Scenes/data/cogar_sim_500/instance_masks/all/ann_00000407_img_000024_cat_metal_part.png,429.0,213.0,0.7219871282577515,0.7534246575342466,1.0,0.012826191999920411,77.96546317147016,/home/amir/Desktop/COGAR/COGAR_Foundation-Model-Segmentation-for-Robotic-Scenes/outputs/sim_sam_vit_b_point_25/masks/row_0353_object_407_sam_point_mask.png,,cuda,vit_b
354,000024.png,408,data/cogar_sim_500/rgb/000024.png,/home/amir/Desktop/COGAR/COGAR_Foundation-Model-Segmentation-for-Robotic-Scenes/data/cogar_sim_500/instance_masks/all/ann_00000408_img_000024_cat_cable.png,281.0,445.0,0.9117568731307983,0.9685314685314685,1.0,0.012552885000332026,79.66296193851451,/home/amir/Desktop/COGAR/COGAR_Foundation-Model-Segmentation-for-Robotic-Scenes/outputs/sim_sam_vit_b_point_25/masks/row_0354_object_408_sam_point_mask.png,,cuda,vit_b
355,000024.png,409,data/cogar_sim_500/rgb/000024.png,/home/amir/Desktop/COGAR/COGAR_Foundation-Model-Segmentation-for-Robotic-Scenes/data/cogar_sim_500/instance_masks/all/ann_00000409_img_000024_cat_plastic_object.png,434.0,170.0,0.9081270098686218,0.6477272727272727,1.0,0.012595742000030441,79.39190878930224,/home/amir/Desktop/COGAR/COGAR_Foundation-Model-Segmentation-for-Robotic-Scenes/outputs/sim_sam_vit_b_point_25/masks/row_0355_object_409_sam_point_mask.png,,cuda,vit_b
356,000024.png,410,data/cogar_sim_500/rgb/000024.png,/home/amir/Desktop/COGAR/COGAR_Foundation-Model-Segmentation-for-Robotic-Scenes/data/cogar_sim_500/instance_masks/all/ann_00000410_img_000024_cat_plastic_object.png,68.0,246.0,0.7685006856918335,0.384180790960452,0.5680473372781065,0.01261726099983207,79.25650424551807,/home/amir/Desktop/COGAR/COGAR_Foundation-Model-Segmentation-for-Robotic-Scenes/outputs/sim_sam_vit_b_point_25/masks/row_0356_object_410_sam_point_mask.png,,cuda,vit_b
357,000024.png,411,data/cogar_sim_500/rgb/000024.png,/home/amir/Desktop/COGAR/COGAR_Foundation-Model-Segmentation-for-Robotic-Scenes/data/cogar_sim_500/instance_masks/all/ann_00000411_img_000024_cat_robot_gripper.png,366.0,246.0,0.7514817714691162,0.7593547918331759,0.4211577583006403,0.01270041299994773,78.73759695878516,/home/amir/Desktop/COGAR/COGAR_Foundation-Model-Segmentation-for-Robotic-Scenes/outputs/sim_sam_vit_b_point_25/masks/row_0357_object_411_sam_point_mask.png,,cuda,vit_b
358,000024.png,412,data/cogar_sim_500/rgb/000024.png,/home/amir/Desktop/COGAR/COGAR_Foundation-Model-Segmentation-for-Robotic-Scenes/data/cogar_sim_500/instance_masks/all/ann_00000412_img_000024_cat_robot_gripper.png,343.0,187.0,0.8575474619865417,0.30686936936936937,0.44521981856245635,0.012700770000265038,78.73538375855418,/home/amir/Desktop/COGAR/COGAR_Foundation-Model-Segmentation-for-Robotic-Scenes/outputs/sim_sam_vit_b_point_25/masks/row_0358_object_412_sam_point_mask.png,,cuda,vit_b
359,000024.png,413,data/cogar_sim_500/rgb/000024.png,/home/amir/Desktop/COGAR/COGAR_Foundation-Model-Segmentation-for-Robotic-Scenes/data/cogar_sim_500/instance_masks/all/ann_00000413_img_000024_cat_robot_gripper.png,418.0,225.0,0.730713427066803,0.06673462986198243,0.15284728652710794,0.012631293000140431,79.16845884177354,/home/amir/Desktop/COGAR/COGAR_Foundation-Model-Segmentation-for-Robotic-Scenes/outputs/sim_sam_vit_b_point_25/masks/row_0359_object_413_sam_point_mask.png,,cuda,vit_b
