image_id,frame_index,image_path,label_path,file_name,sequence,object_set,surface,camera_view,scene_type,sequence_id
0,0,/mnt/Info/COGAR_DATASETs/OCID-dataset/ARID10/floor/bottom/box/seq03/rgb/result_2018-08-27-15-54-17.png,/mnt/Info/COGAR_DATASETs/OCID-dataset/ARID10/floor/bottom/box/seq03/label/result_2018-08-27-15-54-17.png,result_2018-08-27-15-54-17.png,ARID10/floor/bottom/box/seq03,ARID10,floor,bottom,box,seq03
1,1,/mnt/Info/COGAR_DATASETs/OCID-dataset/ARID10/floor/bottom/box/seq03/rgb/result_2018-08-27-15-54-36.png,/mnt/Info/COGAR_DATASETs/OCID-dataset/ARID10/floor/bottom/box/seq03/label/result_2018-08-27-15-54-36.png,result_2018-08-27-15-54-36.png,ARID10/floor/bottom/box/seq03,ARID10,floor,bottom,box,seq03
2,2,/mnt/Info/COGAR_DATASETs/OCID-dataset/ARID10/floor/bottom/box/seq03/rgb/result_2018-08-27-15-54-58.png,/mnt/Info/COGAR_DATASETs/OCID-dataset/ARID10/floor/bottom/box/seq03/label/result_2018-08-27-15-54-58.png,result_2018-08-27-15-54-58.png,ARID10/floor/bottom/box/seq03,ARID10,floor,bottom,box,seq03
3,3,/mnt/Info/COGAR_DATASETs/OCID-dataset/ARID10/floor/bottom/box/seq03/rgb/result_2018-08-27-15-55-23.png,/mnt/Info/COGAR_DATASETs/OCID-dataset/ARID10/floor/bottom/box/seq03/label/result_2018-08-27-15-55-23.png,result_2018-08-27-15-55-23.png,ARID10/floor/bottom/box/seq03,ARID10,floor,bottom,box,seq03
4,4,/mnt/Info/COGAR_DATASETs/OCID-dataset/ARID10/floor/bottom/box/seq03/rgb/result_2018-08-27-15-55-46.png,/mnt/Info/COGAR_DATASETs/OCID-dataset/ARID10/floor/bottom/box/seq03/label/result_2018-08-27-15-55-46.png,result_2018-08-27-15-55-46.png,ARID10/floor/bottom/box/seq03,ARID10,floor,bottom,box,seq03
5,5,/mnt/Info/COGAR_DATASETs/OCID-dataset/ARID10/floor/bottom/box/seq03/rgb/result_2018-08-27-15-56-34.png,/mnt/Info/COGAR_DATASETs/OCID-dataset/ARID10/floor/bottom/box/seq03/label/result_2018-08-27-15-56-34.png,result_2018-08-27-15-56-34.png,ARID10/floor/bottom/box/seq03,ARID10,floor,bottom,box,seq03
6,6,/mnt/Info/COGAR_DATASETs/OCID-dataset/ARID10/floor/bottom/box/seq03/rgb/result_2018-08-27-15-56-58.png,/mnt/Info/COGAR_DATASETs/OCID-dataset/ARID10/floor/bottom/box/seq03/label/result_2018-08-27-15-56-58.png,result_2018-08-27-15-56-58.png,ARID10/floor/bottom/box/seq03,ARID10,floor,bottom,box,seq03
7,7,/mnt/Info/COGAR_DATASETs/OCID-dataset/ARID10/floor/bottom/box/seq03/rgb/result_2018-08-27-15-57-26.png,/mnt/Info/COGAR_DATASETs/OCID-dataset/ARID10/floor/bottom/box/seq03/label/result_2018-08-27-15-57-26.png,result_2018-08-27-15-57-26.png,ARID10/floor/bottom/box/seq03,ARID10,floor,bottom,box,seq03
8,8,/mnt/Info/COGAR_DATASETs/OCID-dataset/ARID10/floor/bottom/box/seq03/rgb/result_2018-08-27-15-57-50.png,/mnt/Info/COGAR_DATASETs/OCID-dataset/ARID10/floor/bottom/box/seq03/label/result_2018-08-27-15-57-50.png,result_2018-08-27-15-57-50.png,ARID10/floor/bottom/box/seq03,ARID10,floor,bottom,box,seq03
9,9,/mnt/Info/COGAR_DATASETs/OCID-dataset/ARID10/floor/bottom/box/seq03/rgb/result_2018-08-27-15-58-44.png,/mnt/Info/COGAR_DATASETs/OCID-dataset/ARID10/floor/bottom/box/seq03/label/result_2018-08-27-15-58-44.png,result_2018-08-27-15-58-44.png,ARID10/floor/bottom/box/seq03,ARID10,floor,bottom,box,seq03
10,0,/mnt/Info/COGAR_DATASETs/OCID-dataset/ARID10/floor/bottom/box/seq04/rgb/result_2018-08-27-16-01-55.png,/mnt/Info/COGAR_DATASETs/OCID-dataset/ARID10/floor/bottom/box/seq04/label/result_2018-08-27-16-01-55.png,result_2018-08-27-16-01-55.png,ARID10/floor/bottom/box/seq04,ARID10,floor,bottom,box,seq04
11,1,/mnt/Info/COGAR_DATASETs/OCID-dataset/ARID10/floor/bottom/box/seq04/rgb/result_2018-08-27-16-02-15.png,/mnt/Info/COGAR_DATASETs/OCID-dataset/ARID10/floor/bottom/box/seq04/label/result_2018-08-27-16-02-15.png,result_2018-08-27-16-02-15.png,ARID10/floor/bottom/box/seq04,ARID10,floor,bottom,box,seq04
12,2,/mnt/Info/COGAR_DATASETs/OCID-dataset/ARID10/floor/bottom/box/seq04/rgb/result_2018-08-27-16-02-37.png,/mnt/Info/COGAR_DATASETs/OCID-dataset/ARID10/floor/bottom/box/seq04/label/result_2018-08-27-16-02-37.png,result_2018-08-27-16-02-37.png,ARID10/floor/bottom/box/seq04,ARID10,floor,bottom,box,seq04
13,3,/mnt/Info/COGAR_DATASETs/OCID-dataset/ARID10/floor/bottom/box/seq04/rgb/result_2018-08-27-16-02-58.png,/mnt/Info/COGAR_DATASETs/OCID-dataset/ARID10/floor/bottom/box/seq04/label/result_2018-08-27-16-02-58.png,result_2018-08-27-16-02-58.png,ARID10/floor/bottom/box/seq04,ARID10,floor,bottom,box,seq04
14,4,/mnt/Info/COGAR_DATASETs/OCID-dataset/ARID10/floor/bottom/box/seq04/rgb/result_2018-08-27-16-03-25.png,/mnt/Info/COGAR_DATASETs/OCID-dataset/ARID10/floor/bottom/box/seq04/label/result_2018-08-27-16-03-25.png,result_2018-08-27-16-03-25.png,ARID10/floor/bottom/box/seq04,ARID10,floor,bottom,box,seq04
15,5,/mnt/Info/COGAR_DATASETs/OCID-dataset/ARID10/floor/bottom/box/seq04/rgb/result_2018-08-27-16-03-50.png,/mnt/Info/COGAR_DATASETs/OCID-dataset/ARID10/floor/bottom/box/seq04/label/result_2018-08-27-16-03-50.png,result_2018-08-27-16-03-50.png,ARID10/floor/bottom/box/seq04,ARID10,floor,bottom,box,seq04
16,6,/mnt/Info/COGAR_DATASETs/OCID-dataset/ARID10/floor/bottom/box/seq04/rgb/result_2018-08-27-16-04-15.png,/mnt/Info/COGAR_DATASETs/OCID-dataset/ARID10/floor/bottom/box/seq04/label/result_2018-08-27-16-04-15.png,result_2018-08-27-16-04-15.png,ARID10/floor/bottom/box/seq04,ARID10,floor,bottom,box,seq04
17,7,/mnt/Info/COGAR_DATASETs/OCID-dataset/ARID10/floor/bottom/box/seq04/rgb/result_2018-08-27-16-04-53.png,/mnt/Info/COGAR_DATASETs/OCID-dataset/ARID10/floor/bottom/box/seq04/label/result_2018-08-27-16-04-53.png,result_2018-08-27-16-04-53.png,ARID10/floor/bottom/box/seq04,ARID10,floor,bottom,box,seq04
18,8,/mnt/Info/COGAR_DATASETs/OCID-dataset/ARID10/floor/bottom/box/seq04/rgb/result_2018-08-27-16-05-09.png,/mnt/Info/COGAR_DATASETs/OCID-dataset/ARID10/floor/bottom/box/seq04/label/result_2018-08-27-16-05-09.png,result_2018-08-27-16-05-09.png,ARID10/floor/bottom/box/seq04,ARID10,floor,bottom,box,seq04
19,9,/mnt/Info/COGAR_DATASETs/OCID-dataset/ARID10/floor/bottom/box/seq04/rgb/result_2018-08-27-16-05-49.png,/mnt/Info/COGAR_DATASETs/OCID-dataset/ARID10/floor/bottom/box/seq04/label/result_2018-08-27-16-05-49.png,result_2018-08-27-16-05-49.png,ARID10/floor/bottom/box/seq04,ARID10,floor,bottom,box,seq04
20,0,/mnt/Info/COGAR_DATASETs/OCID-dataset/ARID10/floor/bottom/box/seq33/rgb/result_2018-08-23-15-02-26.png,/mnt/Info/COGAR_DATASETs/OCID-dataset/ARID10/floor/bottom/box/seq33/label/result_2018-08-23-15-02-26.png,result_2018-08-23-15-02-26.png,ARID10/floor/bottom/box/seq33,ARID10,floor,bottom,box,seq33
21,1,/mnt/Info/COGAR_DATASETs/OCID-dataset/ARID10/floor/bottom/box/seq33/rgb/result_2018-08-23-15-02-42.png,/mnt/Info/COGAR_DATASETs/OCID-dataset/ARID10/floor/bottom/box/seq33/label/result_2018-08-23-15-02-42.png,result_2018-08-23-15-02-42.png,ARID10/floor/bottom/box/seq33,ARID10,floor,bottom,box,seq33
22,2,/mnt/Info/COGAR_DATASETs/OCID-dataset/ARID10/floor/bottom/box/seq33/rgb/result_2018-08-23-15-03-05.png,/mnt/Info/COGAR_DATASETs/OCID-dataset/ARID10/floor/bottom/box/seq33/label/result_2018-08-23-15-03-05.png,result_2018-08-23-15-03-05.png,ARID10/floor/bottom/box/seq33,ARID10,floor,bottom,box,seq33
23,3,/mnt/Info/COGAR_DATASETs/OCID-dataset/ARID10/floor/bottom/box/seq33/rgb/result_2018-08-23-15-03-35.png,/mnt/Info/COGAR_DATASETs/OCID-dataset/ARID10/floor/bottom/box/seq33/label/result_2018-08-23-15-03-35.png,result_2018-08-23-15-03-35.png,ARID10/floor/bottom/box/seq33,ARID10,floor,bottom,box,seq33
24,4,/mnt/Info/COGAR_DATASETs/OCID-dataset/ARID10/floor/bottom/box/seq33/rgb/result_2018-08-23-15-03-59.png,/mnt/Info/COGAR_DATASETs/OCID-dataset/ARID10/floor/bottom/box/seq33/label/result_2018-08-23-15-03-59.png,result_2018-08-23-15-03-59.png,ARID10/floor/bottom/box/seq33,ARID10,floor,bottom,box,seq33
25,5,/mnt/Info/COGAR_DATASETs/OCID-dataset/ARID10/floor/bottom/box/seq33/rgb/result_2018-08-23-15-04-29.png,/mnt/Info/COGAR_DATASETs/OCID-dataset/ARID10/floor/bottom/box/seq33/label/result_2018-08-23-15-04-29.png,result_2018-08-23-15-04-29.png,ARID10/floor/bottom/box/seq33,ARID10,floor,bottom,box,seq33
26,6,/mnt/Info/COGAR_DATASETs/OCID-dataset/ARID10/floor/bottom/box/seq33/rgb/result_2018-08-23-15-05-19.png,/mnt/Info/COGAR_DATASETs/OCID-dataset/ARID10/floor/bottom/box/seq33/label/result_2018-08-23-15-05-19.png,result_2018-08-23-15-05-19.png,ARID10/floor/bottom/box/seq33,ARID10,floor,bottom,box,seq33
27,7,/mnt/Info/COGAR_DATASETs/OCID-dataset/ARID10/floor/bottom/box/seq33/rgb/result_2018-08-23-15-05-44.png,/mnt/Info/COGAR_DATASETs/OCID-dataset/ARID10/floor/bottom/box/seq33/label/result_2018-08-23-15-05-44.png,result_2018-08-23-15-05-44.png,ARID10/floor/bottom/box/seq33,ARID10,floor,bottom,box,seq33
28,8,/mnt/Info/COGAR_DATASETs/OCID-dataset/ARID10/floor/bottom/box/seq33/rgb/result_2018-08-23-15-06-55.png,/mnt/Info/COGAR_DATASETs/OCID-dataset/ARID10/floor/bottom/box/seq33/label/result_2018-08-23-15-06-55.png,result_2018-08-23-15-06-55.png,ARID10/floor/bottom/box/seq33,ARID10,floor,bottom,box,seq33
29,9,/mnt/Info/COGAR_DATASETs/OCID-dataset/ARID10/floor/bottom/box/seq33/rgb/result_2018-08-23-15-07-26.png,/mnt/Info/COGAR_DATASETs/OCID-dataset/ARID10/floor/bottom/box/seq33/label/result_2018-08-23-15-07-26.png,result_2018-08-23-15-07-26.png,ARID10/floor/bottom/box/seq33,ARID10,floor,bottom,box,seq33
30,0,/mnt/Info/COGAR_DATASETs/OCID-dataset/ARID10/floor/bottom/box/seq34/rgb/result_2018-08-23-15-10-09.png,/mnt/Info/COGAR_DATASETs/OCID-dataset/ARID10/floor/bottom/box/seq34/label/result_2018-08-23-15-10-09.png,result_2018-08-23-15-10-09.png,ARID10/floor/bottom/box/seq34,ARID10,floor,bottom,box,seq34
31,1,/mnt/Info/COGAR_DATASETs/OCID-dataset/ARID10/floor/bottom/box/seq34/rgb/result_2018-08-23-15-10-45.png,/mnt/Info/COGAR_DATASETs/OCID-dataset/ARID10/floor/bottom/box/seq34/label/result_2018-08-23-15-10-45.png,result_2018-08-23-15-10-45.png,ARID10/floor/bottom/box/seq34,ARID10,floor,bottom,box,seq34
32,2,/mnt/Info/COGAR_DATASETs/OCID-dataset/ARID10/floor/bottom/box/seq34/rgb/result_2018-08-23-15-11-09.png,/mnt/Info/COGAR_DATASETs/OCID-dataset/ARID10/floor/bottom/box/seq34/label/result_2018-08-23-15-11-09.png,result_2018-08-23-15-11-09.png,ARID10/floor/bottom/box/seq34,ARID10,floor,bottom,box,seq34
33,3,/mnt/Info/COGAR_DATASETs/OCID-dataset/ARID10/floor/bottom/box/seq34/rgb/result_2018-08-23-15-11-36.png,/mnt/Info/COGAR_DATASETs/OCID-dataset/ARID10/floor/bottom/box/seq34/label/result_2018-08-23-15-11-36.png,result_2018-08-23-15-11-36.png,ARID10/floor/bottom/box/seq34,ARID10,floor,bottom,box,seq34
34,4,/mnt/Info/COGAR_DATASETs/OCID-dataset/ARID10/floor/bottom/box/seq34/rgb/result_2018-08-23-15-12-03.png,/mnt/Info/COGAR_DATASETs/OCID-dataset/ARID10/floor/bottom/box/seq34/label/result_2018-08-23-15-12-03.png,result_2018-08-23-15-12-03.png,ARID10/floor/bottom/box/seq34,ARID10,floor,bottom,box,seq34
35,5,/mnt/Info/COGAR_DATASETs/OCID-dataset/ARID10/floor/bottom/box/seq34/rgb/result_2018-08-23-15-12-31.png,/mnt/Info/COGAR_DATASETs/OCID-dataset/ARID10/floor/bottom/box/seq34/label/result_2018-08-23-15-12-31.png,result_2018-08-23-15-12-31.png,ARID10/floor/bottom/box/seq34,ARID10,floor,bottom,box,seq34
36,6,/mnt/Info/COGAR_DATASETs/OCID-dataset/ARID10/floor/bottom/box/seq34/rgb/result_2018-08-23-15-13-09.png,/mnt/Info/COGAR_DATASETs/OCID-dataset/ARID10/floor/bottom/box/seq34/label/result_2018-08-23-15-13-09.png,result_2018-08-23-15-13-09.png,ARID10/floor/bottom/box/seq34,ARID10,floor,bottom,box,seq34
37,7,/mnt/Info/COGAR_DATASETs/OCID-dataset/ARID10/floor/bottom/box/seq34/rgb/result_2018-08-23-15-13-57.png,/mnt/Info/COGAR_DATASETs/OCID-dataset/ARID10/floor/bottom/box/seq34/label/result_2018-08-23-15-13-57.png,result_2018-08-23-15-13-57.png,ARID10/floor/bottom/box/seq34,ARID10,floor,bottom,box,seq34
38,8,/mnt/Info/COGAR_DATASETs/OCID-dataset/ARID10/floor/bottom/box/seq34/rgb/result_2018-08-23-15-14-32.png,/mnt/Info/COGAR_DATASETs/OCID-dataset/ARID10/floor/bottom/box/seq34/label/result_2018-08-23-15-14-32.png,result_2018-08-23-15-14-32.png,ARID10/floor/bottom/box/seq34,ARID10,floor,bottom,box,seq34
39,9,/mnt/Info/COGAR_DATASETs/OCID-dataset/ARID10/floor/bottom/box/seq34/rgb/result_2018-08-23-15-14-54.png,/mnt/Info/COGAR_DATASETs/OCID-dataset/ARID10/floor/bottom/box/seq34/label/result_2018-08-23-15-14-54.png,result_2018-08-23-15-14-54.png,ARID10/floor/bottom/box/seq34,ARID10,floor,bottom,box,seq34
40,0,/mnt/Info/COGAR_DATASETs/OCID-dataset/ARID10/floor/bottom/curved/seq05/rgb/result_2018-08-24-17-11-49.png,/mnt/Info/COGAR_DATASETs/OCID-dataset/ARID10/floor/bottom/curved/seq05/label/result_2018-08-24-17-11-49.png,result_2018-08-24-17-11-49.png,ARID10/floor/bottom/curved/seq05,ARID10,floor,bottom,curved,seq05
41,1,/mnt/Info/COGAR_DATASETs/OCID-dataset/ARID10/floor/bottom/curved/seq05/rgb/result_2018-08-24-17-12-33.png,/mnt/Info/COGAR_DATASETs/OCID-dataset/ARID10/floor/bottom/curved/seq05/label/result_2018-08-24-17-12-33.png,result_2018-08-24-17-12-33.png,ARID10/floor/bottom/curved/seq05,ARID10,floor,bottom,curved,seq05
42,2,/mnt/Info/COGAR_DATASETs/OCID-dataset/ARID10/floor/bottom/curved/seq05/rgb/result_2018-08-24-17-12-55.png,/mnt/Info/COGAR_DATASETs/OCID-dataset/ARID10/floor/bottom/curved/seq05/label/result_2018-08-24-17-12-55.png,result_2018-08-24-17-12-55.png,ARID10/floor/bottom/curved/seq05,ARID10,floor,bottom,curved,seq05
43,3,/mnt/Info/COGAR_DATASETs/OCID-dataset/ARID10/floor/bottom/curved/seq05/rgb/result_2018-08-24-17-13-34.png,/mnt/Info/COGAR_DATASETs/OCID-dataset/ARID10/floor/bottom/curved/seq05/label/result_2018-08-24-17-13-34.png,result_2018-08-24-17-13-34.png,ARID10/floor/bottom/curved/seq05,ARID10,floor,bottom,curved,seq05
44,4,/mnt/Info/COGAR_DATASETs/OCID-dataset/ARID10/floor/bottom/curved/seq05/rgb/result_2018-08-24-17-13-56.png,/mnt/Info/COGAR_DATASETs/OCID-dataset/ARID10/floor/bottom/curved/seq05/label/result_2018-08-24-17-13-56.png,result_2018-08-24-17-13-56.png,ARID10/floor/bottom/curved/seq05,ARID10,floor,bottom,curved,seq05
45,5,/mnt/Info/COGAR_DATASETs/OCID-dataset/ARID10/floor/bottom/curved/seq05/rgb/result_2018-08-24-17-14-18.png,/mnt/Info/COGAR_DATASETs/OCID-dataset/ARID10/floor/bottom/curved/seq05/label/result_2018-08-24-17-14-18.png,result_2018-08-24-17-14-18.png,ARID10/floor/bottom/curved/seq05,ARID10,floor,bottom,curved,seq05
46,6,/mnt/Info/COGAR_DATASETs/OCID-dataset/ARID10/floor/bottom/curved/seq05/rgb/result_2018-08-24-17-14-42.png,/mnt/Info/COGAR_DATASETs/OCID-dataset/ARID10/floor/bottom/curved/seq05/label/result_2018-08-24-17-14-42.png,result_2018-08-24-17-14-42.png,ARID10/floor/bottom/curved/seq05,ARID10,floor,bottom,curved,seq05
47,7,/mnt/Info/COGAR_DATASETs/OCID-dataset/ARID10/floor/bottom/curved/seq05/rgb/result_2018-08-24-17-15-36.png,/mnt/Info/COGAR_DATASETs/OCID-dataset/ARID10/floor/bottom/curved/seq05/label/result_2018-08-24-17-15-36.png,result_2018-08-24-17-15-36.png,ARID10/floor/bottom/curved/seq05,ARID10,floor,bottom,curved,seq05
48,8,/mnt/Info/COGAR_DATASETs/OCID-dataset/ARID10/floor/bottom/curved/seq05/rgb/result_2018-08-24-17-15-58.png,/mnt/Info/COGAR_DATASETs/OCID-dataset/ARID10/floor/bottom/curved/seq05/label/result_2018-08-24-17-15-58.png,result_2018-08-24-17-15-58.png,ARID10/floor/bottom/curved/seq05,ARID10,floor,bottom,curved,seq05
49,9,/mnt/Info/COGAR_DATASETs/OCID-dataset/ARID10/floor/bottom/curved/seq05/rgb/result_2018-08-24-17-17-53.png,/mnt/Info/COGAR_DATASETs/OCID-dataset/ARID10/floor/bottom/curved/seq05/label/result_2018-08-24-17-17-53.png,result_2018-08-24-17-17-53.png,ARID10/floor/bottom/curved/seq05,ARID10,floor,bottom,curved,seq05
50,0,/mnt/Info/COGAR_DATASETs/OCID-dataset/ARID10/floor/bottom/curved/seq06/rgb/result_2018-08-24-17-22-06.png,/mnt/Info/COGAR_DATASETs/OCID-dataset/ARID10/floor/bottom/curved/seq06/label/result_2018-08-24-17-22-06.png,result_2018-08-24-17-22-06.png,ARID10/floor/bottom/curved/seq06,ARID10,floor,bottom,curved,seq06
51,1,/mnt/Info/COGAR_DATASETs/OCID-dataset/ARID10/floor/bottom/curved/seq06/rgb/result_2018-08-24-17-22-25.png,/mnt/Info/COGAR_DATASETs/OCID-dataset/ARID10/floor/bottom/curved/seq06/label/result_2018-08-24-17-22-25.png,result_2018-08-24-17-22-25.png,ARID10/floor/bottom/curved/seq06,ARID10,floor,bottom,curved,seq06
52,2,/mnt/Info/COGAR_DATASETs/OCID-dataset/ARID10/floor/bottom/curved/seq06/rgb/result_2018-08-24-17-22-47.png,/mnt/Info/COGAR_DATASETs/OCID-dataset/ARID10/floor/bottom/curved/seq06/label/result_2018-08-24-17-22-47.png,result_2018-08-24-17-22-47.png,ARID10/floor/bottom/curved/seq06,ARID10,floor,bottom,curved,seq06
53,3,/mnt/Info/COGAR_DATASETs/OCID-dataset/ARID10/floor/bottom/curved/seq06/rgb/result_2018-08-24-17-23-08.png,/mnt/Info/COGAR_DATASETs/OCID-dataset/ARID10/floor/bottom/curved/seq06/label/result_2018-08-24-17-23-08.png,result_2018-08-24-17-23-08.png,ARID10/floor/bottom/curved/seq06,ARID10,floor,bottom,curved,seq06
54,4,/mnt/Info/COGAR_DATASETs/OCID-dataset/ARID10/floor/bottom/curved/seq06/rgb/result_2018-08-24-17-23-31.png,/mnt/Info/COGAR_DATASETs/OCID-dataset/ARID10/floor/bottom/curved/seq06/label/result_2018-08-24-17-23-31.png,result_2018-08-24-17-23-31.png,ARID10/floor/bottom/curved/seq06,ARID10,floor,bottom,curved,seq06
55,5,/mnt/Info/COGAR_DATASETs/OCID-dataset/ARID10/floor/bottom/curved/seq06/rgb/result_2018-08-24-17-23-47.png,/mnt/Info/COGAR_DATASETs/OCID-dataset/ARID10/floor/bottom/curved/seq06/label/result_2018-08-24-17-23-47.png,result_2018-08-24-17-23-47.png,ARID10/floor/bottom/curved/seq06,ARID10,floor,bottom,curved,seq06
56,6,/mnt/Info/COGAR_DATASETs/OCID-dataset/ARID10/floor/bottom/curved/seq06/rgb/result_2018-08-24-17-24-07.png,/mnt/Info/COGAR_DATASETs/OCID-dataset/ARID10/floor/bottom/curved/seq06/label/result_2018-08-24-17-24-07.png,result_2018-08-24-17-24-07.png,ARID10/floor/bottom/curved/seq06,ARID10,floor,bottom,curved,seq06
57,7,/mnt/Info/COGAR_DATASETs/OCID-dataset/ARID10/floor/bottom/curved/seq06/rgb/result_2018-08-24-17-24-25.png,/mnt/Info/COGAR_DATASETs/OCID-dataset/ARID10/floor/bottom/curved/seq06/label/result_2018-08-24-17-24-25.png,result_2018-08-24-17-24-25.png,ARID10/floor/bottom/curved/seq06,ARID10,floor,bottom,curved,seq06
58,8,/mnt/Info/COGAR_DATASETs/OCID-dataset/ARID10/floor/bottom/curved/seq06/rgb/result_2018-08-24-17-24-46.png,/mnt/Info/COGAR_DATASETs/OCID-dataset/ARID10/floor/bottom/curved/seq06/label/result_2018-08-24-17-24-46.png,result_2018-08-24-17-24-46.png,ARID10/floor/bottom/curved/seq06,ARID10,floor,bottom,curved,seq06
59,9,/mnt/Info/COGAR_DATASETs/OCID-dataset/ARID10/floor/bottom/curved/seq06/rgb/result_2018-08-24-17-25-16.png,/mnt/Info/COGAR_DATASETs/OCID-dataset/ARID10/floor/bottom/curved/seq06/label/result_2018-08-24-17-25-16.png,result_2018-08-24-17-25-16.png,ARID10/floor/bottom/curved/seq06,ARID10,floor,bottom,curved,seq06
60,0,/mnt/Info/COGAR_DATASETs/OCID-dataset/ARID10/floor/bottom/curved/seq35/rgb/result_2018-08-23-17-18-10.png,/mnt/Info/COGAR_DATASETs/OCID-dataset/ARID10/floor/bottom/curved/seq35/label/result_2018-08-23-17-18-10.png,result_2018-08-23-17-18-10.png,ARID10/floor/bottom/curved/seq35,ARID10,floor,bottom,curved,seq35
61,1,/mnt/Info/COGAR_DATASETs/OCID-dataset/ARID10/floor/bottom/curved/seq35/rgb/result_2018-08-23-17-18-32.png,/mnt/Info/COGAR_DATASETs/OCID-dataset/ARID10/floor/bottom/curved/seq35/label/result_2018-08-23-17-18-32.png,result_2018-08-23-17-18-32.png,ARID10/floor/bottom/curved/seq35,ARID10,floor,bottom,curved,seq35
62,2,/mnt/Info/COGAR_DATASETs/OCID-dataset/ARID10/floor/bottom/curved/seq35/rgb/result_2018-08-23-17-19-05.png,/mnt/Info/COGAR_DATASETs/OCID-dataset/ARID10/floor/bottom/curved/seq35/label/result_2018-08-23-17-19-05.png,result_2018-08-23-17-19-05.png,ARID10/floor/bottom/curved/seq35,ARID10,floor,bottom,curved,seq35
63,3,/mnt/Info/COGAR_DATASETs/OCID-dataset/ARID10/floor/bottom/curved/seq35/rgb/result_2018-08-23-17-19-33.png,/mnt/Info/COGAR_DATASETs/OCID-dataset/ARID10/floor/bottom/curved/seq35/label/result_2018-08-23-17-19-33.png,result_2018-08-23-17-19-33.png,ARID10/floor/bottom/curved/seq35,ARID10,floor,bottom,curved,seq35
64,4,/mnt/Info/COGAR_DATASETs/OCID-dataset/ARID10/floor/bottom/curved/seq35/rgb/result_2018-08-23-17-19-54.png,/mnt/Info/COGAR_DATASETs/OCID-dataset/ARID10/floor/bottom/curved/seq35/label/result_2018-08-23-17-19-54.png,result_2018-08-23-17-19-54.png,ARID10/floor/bottom/curved/seq35,ARID10,floor,bottom,curved,seq35
65,5,/mnt/Info/COGAR_DATASETs/OCID-dataset/ARID10/floor/bottom/curved/seq35/rgb/result_2018-08-23-17-20-15.png,/mnt/Info/COGAR_DATASETs/OCID-dataset/ARID10/floor/bottom/curved/seq35/label/result_2018-08-23-17-20-15.png,result_2018-08-23-17-20-15.png,ARID10/floor/bottom/curved/seq35,ARID10,floor,bottom,curved,seq35
66,6,/mnt/Info/COGAR_DATASETs/OCID-dataset/ARID10/floor/bottom/curved/seq35/rgb/result_2018-08-23-17-20-55.png,/mnt/Info/COGAR_DATASETs/OCID-dataset/ARID10/floor/bottom/curved/seq35/label/result_2018-08-23-17-20-55.png,result_2018-08-23-17-20-55.png,ARID10/floor/bottom/curved/seq35,ARID10,floor,bottom,curved,seq35
67,7,/mnt/Info/COGAR_DATASETs/OCID-dataset/ARID10/floor/bottom/curved/seq35/rgb/result_2018-08-23-17-21-23.png,/mnt/Info/COGAR_DATASETs/OCID-dataset/ARID10/floor/bottom/curved/seq35/label/result_2018-08-23-17-21-23.png,result_2018-08-23-17-21-23.png,ARID10/floor/bottom/curved/seq35,ARID10,floor,bottom,curved,seq35
68,8,/mnt/Info/COGAR_DATASETs/OCID-dataset/ARID10/floor/bottom/curved/seq35/rgb/result_2018-08-23-17-21-55.png,/mnt/Info/COGAR_DATASETs/OCID-dataset/ARID10/floor/bottom/curved/seq35/label/result_2018-08-23-17-21-55.png,result_2018-08-23-17-21-55.png,ARID10/floor/bottom/curved/seq35,ARID10,floor,bottom,curved,seq35
69,9,/mnt/Info/COGAR_DATASETs/OCID-dataset/ARID10/floor/bottom/curved/seq35/rgb/result_2018-08-23-17-22-33.png,/mnt/Info/COGAR_DATASETs/OCID-dataset/ARID10/floor/bottom/curved/seq35/label/result_2018-08-23-17-22-33.png,result_2018-08-23-17-22-33.png,ARID10/floor/bottom/curved/seq35,ARID10,floor,bottom,curved,seq35
70,0,/mnt/Info/COGAR_DATASETs/OCID-dataset/ARID10/floor/bottom/curved/seq36/rgb/result_2018-08-23-17-25-13.png,/mnt/Info/COGAR_DATASETs/OCID-dataset/ARID10/floor/bottom/curved/seq36/label/result_2018-08-23-17-25-13.png,result_2018-08-23-17-25-13.png,ARID10/floor/bottom/curved/seq36,ARID10,floor,bottom,curved,seq36
71,1,/mnt/Info/COGAR_DATASETs/OCID-dataset/ARID10/floor/bottom/curved/seq36/rgb/result_2018-08-23-17-25-36.png,/mnt/Info/COGAR_DATASETs/OCID-dataset/ARID10/floor/bottom/curved/seq36/label/result_2018-08-23-17-25-36.png,result_2018-08-23-17-25-36.png,ARID10/floor/bottom/curved/seq36,ARID10,floor,bottom,curved,seq36
72,2,/mnt/Info/COGAR_DATASETs/OCID-dataset/ARID10/floor/bottom/curved/seq36/rgb/result_2018-08-23-17-25-59.png,/mnt/Info/COGAR_DATASETs/OCID-dataset/ARID10/floor/bottom/curved/seq36/label/result_2018-08-23-17-25-59.png,result_2018-08-23-17-25-59.png,ARID10/floor/bottom/curved/seq36,ARID10,floor,bottom,curved,seq36
73,3,/mnt/Info/COGAR_DATASETs/OCID-dataset/ARID10/floor/bottom/curved/seq36/rgb/result_2018-08-23-17-26-23.png,/mnt/Info/COGAR_DATASETs/OCID-dataset/ARID10/floor/bottom/curved/seq36/label/result_2018-08-23-17-26-23.png,result_2018-08-23-17-26-23.png,ARID10/floor/bottom/curved/seq36,ARID10,floor,bottom,curved,seq36
74,4,/mnt/Info/COGAR_DATASETs/OCID-dataset/ARID10/floor/bottom/curved/seq36/rgb/result_2018-08-23-17-26-50.png,/mnt/Info/COGAR_DATASETs/OCID-dataset/ARID10/floor/bottom/curved/seq36/label/result_2018-08-23-17-26-50.png,result_2018-08-23-17-26-50.png,ARID10/floor/bottom/curved/seq36,ARID10,floor,bottom,curved,seq36
75,5,/mnt/Info/COGAR_DATASETs/OCID-dataset/ARID10/floor/bottom/curved/seq36/rgb/result_2018-08-23-17-27-19.png,/mnt/Info/COGAR_DATASETs/OCID-dataset/ARID10/floor/bottom/curved/seq36/label/result_2018-08-23-17-27-19.png,result_2018-08-23-17-27-19.png,ARID10/floor/bottom/curved/seq36,ARID10,floor,bottom,curved,seq36
76,6,/mnt/Info/COGAR_DATASETs/OCID-dataset/ARID10/floor/bottom/curved/seq36/rgb/result_2018-08-23-17-28-00.png,/mnt/Info/COGAR_DATASETs/OCID-dataset/ARID10/floor/bottom/curved/seq36/label/result_2018-08-23-17-28-00.png,result_2018-08-23-17-28-00.png,ARID10/floor/bottom/curved/seq36,ARID10,floor,bottom,curved,seq36
77,7,/mnt/Info/COGAR_DATASETs/OCID-dataset/ARID10/floor/bottom/curved/seq36/rgb/result_2018-08-23-17-28-29.png,/mnt/Info/COGAR_DATASETs/OCID-dataset/ARID10/floor/bottom/curved/seq36/label/result_2018-08-23-17-28-29.png,result_2018-08-23-17-28-29.png,ARID10/floor/bottom/curved/seq36,ARID10,floor,bottom,curved,seq36
78,8,/mnt/Info/COGAR_DATASETs/OCID-dataset/ARID10/floor/bottom/curved/seq36/rgb/result_2018-08-23-17-28-55.png,/mnt/Info/COGAR_DATASETs/OCID-dataset/ARID10/floor/bottom/curved/seq36/label/result_2018-08-23-17-28-55.png,result_2018-08-23-17-28-55.png,ARID10/floor/bottom/curved/seq36,ARID10,floor,bottom,curved,seq36
79,9,/mnt/Info/COGAR_DATASETs/OCID-dataset/ARID10/floor/bottom/curved/seq36/rgb/result_2018-08-23-17-29-26.png,/mnt/Info/COGAR_DATASETs/OCID-dataset/ARID10/floor/bottom/curved/seq36/label/result_2018-08-23-17-29-26.png,result_2018-08-23-17-29-26.png,ARID10/floor/bottom/curved/seq36,ARID10,floor,bottom,curved,seq36
80,0,/mnt/Info/COGAR_DATASETs/OCID-dataset/ARID10/floor/bottom/fruits/seq07/rgb/result_2018-08-24-17-29-40.png,/mnt/Info/COGAR_DATASETs/OCID-dataset/ARID10/floor/bottom/fruits/seq07/label/result_2018-08-24-17-29-40.png,result_2018-08-24-17-29-40.png,ARID10/floor/bottom/fruits/seq07,ARID10,floor,bottom,fruits,seq07
81,1,/mnt/Info/COGAR_DATASETs/OCID-dataset/ARID10/floor/bottom/fruits/seq07/rgb/result_2018-08-24-17-30-00.png,/mnt/Info/COGAR_DATASETs/OCID-dataset/ARID10/floor/bottom/fruits/seq07/label/result_2018-08-24-17-30-00.png,result_2018-08-24-17-30-00.png,ARID10/floor/bottom/fruits/seq07,ARID10,floor,bottom,fruits,seq07
82,2,/mnt/Info/COGAR_DATASETs/OCID-dataset/ARID10/floor/bottom/fruits/seq07/rgb/result_2018-08-24-17-30-36.png,/mnt/Info/COGAR_DATASETs/OCID-dataset/ARID10/floor/bottom/fruits/seq07/label/result_2018-08-24-17-30-36.png,result_2018-08-24-17-30-36.png,ARID10/floor/bottom/fruits/seq07,ARID10,floor,bottom,fruits,seq07
83,3,/mnt/Info/COGAR_DATASETs/OCID-dataset/ARID10/floor/bottom/fruits/seq07/rgb/result_2018-08-24-17-30-58.png,/mnt/Info/COGAR_DATASETs/OCID-dataset/ARID10/floor/bottom/fruits/seq07/label/result_2018-08-24-17-30-58.png,result_2018-08-24-17-30-58.png,ARID10/floor/bottom/fruits/seq07,ARID10,floor,bottom,fruits,seq07
84,4,/mnt/Info/COGAR_DATASETs/OCID-dataset/ARID10/floor/bottom/fruits/seq07/rgb/result_2018-08-24-17-31-26.png,/mnt/Info/COGAR_DATASETs/OCID-dataset/ARID10/floor/bottom/fruits/seq07/label/result_2018-08-24-17-31-26.png,result_2018-08-24-17-31-26.png,ARID10/floor/bottom/fruits/seq07,ARID10,floor,bottom,fruits,seq07
85,5,/mnt/Info/COGAR_DATASETs/OCID-dataset/ARID10/floor/bottom/fruits/seq07/rgb/result_2018-08-24-17-31-52.png,/mnt/Info/COGAR_DATASETs/OCID-dataset/ARID10/floor/bottom/fruits/seq07/label/result_2018-08-24-17-31-52.png,result_2018-08-24-17-31-52.png,ARID10/floor/bottom/fruits/seq07,ARID10,floor,bottom,fruits,seq07
86,6,/mnt/Info/COGAR_DATASETs/OCID-dataset/ARID10/floor/bottom/fruits/seq07/rgb/result_2018-08-24-17-32-17.png,/mnt/Info/COGAR_DATASETs/OCID-dataset/ARID10/floor/bottom/fruits/seq07/label/result_2018-08-24-17-32-17.png,result_2018-08-24-17-32-17.png,ARID10/floor/bottom/fruits/seq07,ARID10,floor,bottom,fruits,seq07
87,7,/mnt/Info/COGAR_DATASETs/OCID-dataset/ARID10/floor/bottom/fruits/seq07/rgb/result_2018-08-24-17-32-38.png,/mnt/Info/COGAR_DATASETs/OCID-dataset/ARID10/floor/bottom/fruits/seq07/label/result_2018-08-24-17-32-38.png,result_2018-08-24-17-32-38.png,ARID10/floor/bottom/fruits/seq07,ARID10,floor,bottom,fruits,seq07
88,8,/mnt/Info/COGAR_DATASETs/OCID-dataset/ARID10/floor/bottom/fruits/seq07/rgb/result_2018-08-24-17-33-02.png,/mnt/Info/COGAR_DATASETs/OCID-dataset/ARID10/floor/bottom/fruits/seq07/label/result_2018-08-24-17-33-02.png,result_2018-08-24-17-33-02.png,ARID10/floor/bottom/fruits/seq07,ARID10,floor,bottom,fruits,seq07
89,9,/mnt/Info/COGAR_DATASETs/OCID-dataset/ARID10/floor/bottom/fruits/seq07/rgb/result_2018-08-24-17-33-34.png,/mnt/Info/COGAR_DATASETs/OCID-dataset/ARID10/floor/bottom/fruits/seq07/label/result_2018-08-24-17-33-34.png,result_2018-08-24-17-33-34.png,ARID10/floor/bottom/fruits/seq07,ARID10,floor,bottom,fruits,seq07
90,0,/mnt/Info/COGAR_DATASETs/OCID-dataset/ARID10/floor/bottom/fruits/seq37/rgb/result_2018-08-23-17-31-51.png,/mnt/Info/COGAR_DATASETs/OCID-dataset/ARID10/floor/bottom/fruits/seq37/label/result_2018-08-23-17-31-51.png,result_2018-08-23-17-31-51.png,ARID10/floor/bottom/fruits/seq37,ARID10,floor,bottom,fruits,seq37
91,1,/mnt/Info/COGAR_DATASETs/OCID-dataset/ARID10/floor/bottom/fruits/seq37/rgb/result_2018-08-23-17-32-13.png,/mnt/Info/COGAR_DATASETs/OCID-dataset/ARID10/floor/bottom/fruits/seq37/label/result_2018-08-23-17-32-13.png,result_2018-08-23-17-32-13.png,ARID10/floor/bottom/fruits/seq37,ARID10,floor,bottom,fruits,seq37
92,2,/mnt/Info/COGAR_DATASETs/OCID-dataset/ARID10/floor/bottom/fruits/seq37/rgb/result_2018-08-23-17-32-33.png,/mnt/Info/COGAR_DATASETs/OCID-dataset/ARID10/floor/bottom/fruits/seq37/label/result_2018-08-23-17-32-33.png,result_2018-08-23-17-32-33.png,ARID10/floor/bottom/fruits/seq37,ARID10,floor,bottom,fruits,seq37
93,3,/mnt/Info/COGAR_DATASETs/OCID-dataset/ARID10/floor/bottom/fruits/seq37/rgb/result_2018-08-23-17-33-06.png,/mnt/Info/COGAR_DATASETs/OCID-dataset/ARID10/floor/bottom/fruits/seq37/label/result_2018-08-23-17-33-06.png,result_2018-08-23-17-33-06.png,ARID10/floor/bottom/fruits/seq37,ARID10,floor,bottom,fruits,seq37
94,4,/mnt/Info/COGAR_DATASETs/OCID-dataset/ARID10/floor/bottom/fruits/seq37/rgb/result_2018-08-23-17-33-36.png,/mnt/Info/COGAR_DATASETs/OCID-dataset/ARID10/floor/bottom/fruits/seq37/label/result_2018-08-23-17-33-36.png,result_2018-08-23-17-33-36.png,ARID10/floor/bottom/fruits/seq37,ARID10,floor,bottom,fruits,seq37
95,5,/mnt/Info/COGAR_DATASETs/OCID-dataset/ARID10/floor/bottom/fruits/seq37/rgb/result_2018-08-23-17-33-59.png,/mnt/Info/COGAR_DATASETs/OCID-dataset/ARID10/floor/bottom/fruits/seq37/label/result_2018-08-23-17-33-59.png,result_2018-08-23-17-33-59.png,ARID10/floor/bottom/fruits/seq37,ARID10,floor,bottom,fruits,seq37
96,6,/mnt/Info/COGAR_DATASETs/OCID-dataset/ARID10/floor/bottom/fruits/seq37/rgb/result_2018-08-23-17-34-25.png,/mnt/Info/COGAR_DATASETs/OCID-dataset/ARID10/floor/bottom/fruits/seq37/label/result_2018-08-23-17-34-25.png,result_2018-08-23-17-34-25.png,ARID10/floor/bottom/fruits/seq37,ARID10,floor,bottom,fruits,seq37
97,7,/mnt/Info/COGAR_DATASETs/OCID-dataset/ARID10/floor/bottom/fruits/seq37/rgb/result_2018-08-23-17-34-52.png,/mnt/Info/COGAR_DATASETs/OCID-dataset/ARID10/floor/bottom/fruits/seq37/label/result_2018-08-23-17-34-52.png,result_2018-08-23-17-34-52.png,ARID10/floor/bottom/fruits/seq37,ARID10,floor,bottom,fruits,seq37
98,8,/mnt/Info/COGAR_DATASETs/OCID-dataset/ARID10/floor/bottom/fruits/seq37/rgb/result_2018-08-23-17-35-23.png,/mnt/Info/COGAR_DATASETs/OCID-dataset/ARID10/floor/bottom/fruits/seq37/label/result_2018-08-23-17-35-23.png,result_2018-08-23-17-35-23.png,ARID10/floor/bottom/fruits/seq37,ARID10,floor,bottom,fruits,seq37
99,9,/mnt/Info/COGAR_DATASETs/OCID-dataset/ARID10/floor/bottom/fruits/seq37/rgb/result_2018-08-23-17-35-49.png,/mnt/Info/COGAR_DATASETs/OCID-dataset/ARID10/floor/bottom/fruits/seq37/label/result_2018-08-23-17-35-49.png,result_2018-08-23-17-35-49.png,ARID10/floor/bottom/fruits/seq37,ARID10,floor,bottom,fruits,seq37
100,0,/mnt/Info/COGAR_DATASETs/OCID-dataset/ARID10/floor/bottom/fruits/seq38/rgb/result_2018-08-23-17-38-21.png,/mnt/Info/COGAR_DATASETs/OCID-dataset/ARID10/floor/bottom/fruits/seq38/label/result_2018-08-23-17-38-21.png,result_2018-08-23-17-38-21.png,ARID10/floor/bottom/fruits/seq38,ARID10,floor,bottom,fruits,seq38
101,1,/mnt/Info/COGAR_DATASETs/OCID-dataset/ARID10/floor/bottom/fruits/seq38/rgb/result_2018-08-23-17-38-46.png,/mnt/Info/COGAR_DATASETs/OCID-dataset/ARID10/floor/bottom/fruits/seq38/label/result_2018-08-23-17-38-46.png,result_2018-08-23-17-38-46.png,ARID10/floor/bottom/fruits/seq38,ARID10,floor,bottom,fruits,seq38
102,2,/mnt/Info/COGAR_DATASETs/OCID-dataset/ARID10/floor/bottom/fruits/seq38/rgb/result_2018-08-23-17-39-38.png,/mnt/Info/COGAR_DATASETs/OCID-dataset/ARID10/floor/bottom/fruits/seq38/label/result_2018-08-23-17-39-38.png,result_2018-08-23-17-39-38.png,ARID10/floor/bottom/fruits/seq38,ARID10,floor,bottom,fruits,seq38
103,3,/mnt/Info/COGAR_DATASETs/OCID-dataset/ARID10/floor/bottom/fruits/seq38/rgb/result_2018-08-23-17-40-03.png,/mnt/Info/COGAR_DATASETs/OCID-dataset/ARID10/floor/bottom/fruits/seq38/label/result_2018-08-23-17-40-03.png,result_2018-08-23-17-40-03.png,ARID10/floor/bottom/fruits/seq38,ARID10,floor,bottom,fruits,seq38
104,4,/mnt/Info/COGAR_DATASETs/OCID-dataset/ARID10/floor/bottom/fruits/seq38/rgb/result_2018-08-23-17-40-32.png,/mnt/Info/COGAR_DATASETs/OCID-dataset/ARID10/floor/bottom/fruits/seq38/label/result_2018-08-23-17-40-32.png,result_2018-08-23-17-40-32.png,ARID10/floor/bottom/fruits/seq38,ARID10,floor,bottom,fruits,seq38
105,5,/mnt/Info/COGAR_DATASETs/OCID-dataset/ARID10/floor/bottom/fruits/seq38/rgb/result_2018-08-23-17-40-56.png,/mnt/Info/COGAR_DATASETs/OCID-dataset/ARID10/floor/bottom/fruits/seq38/label/result_2018-08-23-17-40-56.png,result_2018-08-23-17-40-56.png,ARID10/floor/bottom/fruits/seq38,ARID10,floor,bottom,fruits,seq38
106,6,/mnt/Info/COGAR_DATASETs/OCID-dataset/ARID10/floor/bottom/fruits/seq38/rgb/result_2018-08-23-17-41-17.png,/mnt/Info/COGAR_DATASETs/OCID-dataset/ARID10/floor/bottom/fruits/seq38/label/result_2018-08-23-17-41-17.png,result_2018-08-23-17-41-17.png,ARID10/floor/bottom/fruits/seq38,ARID10,floor,bottom,fruits,seq38
107,7,/mnt/Info/COGAR_DATASETs/OCID-dataset/ARID10/floor/bottom/fruits/seq38/rgb/result_2018-08-23-17-41-41.png,/mnt/Info/COGAR_DATASETs/OCID-dataset/ARID10/floor/bottom/fruits/seq38/label/result_2018-08-23-17-41-41.png,result_2018-08-23-17-41-41.png,ARID10/floor/bottom/fruits/seq38,ARID10,floor,bottom,fruits,seq38
108,8,/mnt/Info/COGAR_DATASETs/OCID-dataset/ARID10/floor/bottom/fruits/seq38/rgb/result_2018-08-23-17-42-21.png,/mnt/Info/COGAR_DATASETs/OCID-dataset/ARID10/floor/bottom/fruits/seq38/label/result_2018-08-23-17-42-21.png,result_2018-08-23-17-42-21.png,ARID10/floor/bottom/fruits/seq38,ARID10,floor,bottom,fruits,seq38
109,9,/mnt/Info/COGAR_DATASETs/OCID-dataset/ARID10/floor/bottom/fruits/seq38/rgb/result_2018-08-23-17-42-42.png,/mnt/Info/COGAR_DATASETs/OCID-dataset/ARID10/floor/bottom/fruits/seq38/label/result_2018-08-23-17-42-42.png,result_2018-08-23-17-42-42.png,ARID10/floor/bottom/fruits/seq38,ARID10,floor,bottom,fruits,seq38
110,0,/mnt/Info/COGAR_DATASETs/OCID-dataset/ARID10/floor/bottom/mixed/seq01/rgb/result_2018-08-24-16-54-42.png,/mnt/Info/COGAR_DATASETs/OCID-dataset/ARID10/floor/bottom/mixed/seq01/label/result_2018-08-24-16-54-42.png,result_2018-08-24-16-54-42.png,ARID10/floor/bottom/mixed/seq01,ARID10,floor,bottom,mixed,seq01
111,1,/mnt/Info/COGAR_DATASETs/OCID-dataset/ARID10/floor/bottom/mixed/seq01/rgb/result_2018-08-24-16-55-09.png,/mnt/Info/COGAR_DATASETs/OCID-dataset/ARID10/floor/bottom/mixed/seq01/label/result_2018-08-24-16-55-09.png,result_2018-08-24-16-55-09.png,ARID10/floor/bottom/mixed/seq01,ARID10,floor,bottom,mixed,seq01
112,2,/mnt/Info/COGAR_DATASETs/OCID-dataset/ARID10/floor/bottom/mixed/seq01/rgb/result_2018-08-24-16-55-40.png,/mnt/Info/COGAR_DATASETs/OCID-dataset/ARID10/floor/bottom/mixed/seq01/label/result_2018-08-24-16-55-40.png,result_2018-08-24-16-55-40.png,ARID10/floor/bottom/mixed/seq01,ARID10,floor,bottom,mixed,seq01
113,3,/mnt/Info/COGAR_DATASETs/OCID-dataset/ARID10/floor/bottom/mixed/seq01/rgb/result_2018-08-24-16-56-00.png,/mnt/Info/COGAR_DATASETs/OCID-dataset/ARID10/floor/bottom/mixed/seq01/label/result_2018-08-24-16-56-00.png,result_2018-08-24-16-56-00.png,ARID10/floor/bottom/mixed/seq01,ARID10,floor,bottom,mixed,seq01
114,4,/mnt/Info/COGAR_DATASETs/OCID-dataset/ARID10/floor/bottom/mixed/seq01/rgb/result_2018-08-24-16-56-29.png,/mnt/Info/COGAR_DATASETs/OCID-dataset/ARID10/floor/bottom/mixed/seq01/label/result_2018-08-24-16-56-29.png,result_2018-08-24-16-56-29.png,ARID10/floor/bottom/mixed/seq01,ARID10,floor,bottom,mixed,seq01
115,5,/mnt/Info/COGAR_DATASETs/OCID-dataset/ARID10/floor/bottom/mixed/seq01/rgb/result_2018-08-24-16-56-52.png,/mnt/Info/COGAR_DATASETs/OCID-dataset/ARID10/floor/bottom/mixed/seq01/label/result_2018-08-24-16-56-52.png,result_2018-08-24-16-56-52.png,ARID10/floor/bottom/mixed/seq01,ARID10,floor,bottom,mixed,seq01
116,6,/mnt/Info/COGAR_DATASETs/OCID-dataset/ARID10/floor/bottom/mixed/seq01/rgb/result_2018-08-24-16-57-35.png,/mnt/Info/COGAR_DATASETs/OCID-dataset/ARID10/floor/bottom/mixed/seq01/label/result_2018-08-24-16-57-35.png,result_2018-08-24-16-57-35.png,ARID10/floor/bottom/mixed/seq01,ARID10,floor,bottom,mixed,seq01
117,7,/mnt/Info/COGAR_DATASETs/OCID-dataset/ARID10/floor/bottom/mixed/seq01/rgb/result_2018-08-24-16-58-01.png,/mnt/Info/COGAR_DATASETs/OCID-dataset/ARID10/floor/bottom/mixed/seq01/label/result_2018-08-24-16-58-01.png,result_2018-08-24-16-58-01.png,ARID10/floor/bottom/mixed/seq01,ARID10,floor,bottom,mixed,seq01
118,8,/mnt/Info/COGAR_DATASETs/OCID-dataset/ARID10/floor/bottom/mixed/seq01/rgb/result_2018-08-24-16-58-37.png,/mnt/Info/COGAR_DATASETs/OCID-dataset/ARID10/floor/bottom/mixed/seq01/label/result_2018-08-24-16-58-37.png,result_2018-08-24-16-58-37.png,ARID10/floor/bottom/mixed/seq01,ARID10,floor,bottom,mixed,seq01
119,9,/mnt/Info/COGAR_DATASETs/OCID-dataset/ARID10/floor/bottom/mixed/seq01/rgb/result_2018-08-24-16-59-11.png,/mnt/Info/COGAR_DATASETs/OCID-dataset/ARID10/floor/bottom/mixed/seq01/label/result_2018-08-24-16-59-11.png,result_2018-08-24-16-59-11.png,ARID10/floor/bottom/mixed/seq01,ARID10,floor,bottom,mixed,seq01
120,0,/mnt/Info/COGAR_DATASETs/OCID-dataset/ARID10/floor/bottom/mixed/seq02/rgb/result_2018-08-24-17-03-03.png,/mnt/Info/COGAR_DATASETs/OCID-dataset/ARID10/floor/bottom/mixed/seq02/label/result_2018-08-24-17-03-03.png,result_2018-08-24-17-03-03.png,ARID10/floor/bottom/mixed/seq02,ARID10,floor,bottom,mixed,seq02
121,1,/mnt/Info/COGAR_DATASETs/OCID-dataset/ARID10/floor/bottom/mixed/seq02/rgb/result_2018-08-24-17-03-28.png,/mnt/Info/COGAR_DATASETs/OCID-dataset/ARID10/floor/bottom/mixed/seq02/label/result_2018-08-24-17-03-28.png,result_2018-08-24-17-03-28.png,ARID10/floor/bottom/mixed/seq02,ARID10,floor,bottom,mixed,seq02
122,2,/mnt/Info/COGAR_DATASETs/OCID-dataset/ARID10/floor/bottom/mixed/seq02/rgb/result_2018-08-24-17-04-01.png,/mnt/Info/COGAR_DATASETs/OCID-dataset/ARID10/floor/bottom/mixed/seq02/label/result_2018-08-24-17-04-01.png,result_2018-08-24-17-04-01.png,ARID10/floor/bottom/mixed/seq02,ARID10,floor,bottom,mixed,seq02
123,3,/mnt/Info/COGAR_DATASETs/OCID-dataset/ARID10/floor/bottom/mixed/seq02/rgb/result_2018-08-24-17-04-23.png,/mnt/Info/COGAR_DATASETs/OCID-dataset/ARID10/floor/bottom/mixed/seq02/label/result_2018-08-24-17-04-23.png,result_2018-08-24-17-04-23.png,ARID10/floor/bottom/mixed/seq02,ARID10,floor,bottom,mixed,seq02
124,4,/mnt/Info/COGAR_DATASETs/OCID-dataset/ARID10/floor/bottom/mixed/seq02/rgb/result_2018-08-24-17-04-47.png,/mnt/Info/COGAR_DATASETs/OCID-dataset/ARID10/floor/bottom/mixed/seq02/label/result_2018-08-24-17-04-47.png,result_2018-08-24-17-04-47.png,ARID10/floor/bottom/mixed/seq02,ARID10,floor,bottom,mixed,seq02
125,5,/mnt/Info/COGAR_DATASETs/OCID-dataset/ARID10/floor/bottom/mixed/seq02/rgb/result_2018-08-24-17-05-12.png,/mnt/Info/COGAR_DATASETs/OCID-dataset/ARID10/floor/bottom/mixed/seq02/label/result_2018-08-24-17-05-12.png,result_2018-08-24-17-05-12.png,ARID10/floor/bottom/mixed/seq02,ARID10,floor,bottom,mixed,seq02
126,6,/mnt/Info/COGAR_DATASETs/OCID-dataset/ARID10/floor/bottom/mixed/seq02/rgb/result_2018-08-24-17-05-39.png,/mnt/Info/COGAR_DATASETs/OCID-dataset/ARID10/floor/bottom/mixed/seq02/label/result_2018-08-24-17-05-39.png,result_2018-08-24-17-05-39.png,ARID10/floor/bottom/mixed/seq02,ARID10,floor,bottom,mixed,seq02
127,7,/mnt/Info/COGAR_DATASETs/OCID-dataset/ARID10/floor/bottom/mixed/seq02/rgb/result_2018-08-24-17-06-20.png,/mnt/Info/COGAR_DATASETs/OCID-dataset/ARID10/floor/bottom/mixed/seq02/label/result_2018-08-24-17-06-20.png,result_2018-08-24-17-06-20.png,ARID10/floor/bottom/mixed/seq02,ARID10,floor,bottom,mixed,seq02
128,8,/mnt/Info/COGAR_DATASETs/OCID-dataset/ARID10/floor/bottom/mixed/seq02/rgb/result_2018-08-24-17-06-47.png,/mnt/Info/COGAR_DATASETs/OCID-dataset/ARID10/floor/bottom/mixed/seq02/label/result_2018-08-24-17-06-47.png,result_2018-08-24-17-06-47.png,ARID10/floor/bottom/mixed/seq02,ARID10,floor,bottom,mixed,seq02
129,9,/mnt/Info/COGAR_DATASETs/OCID-dataset/ARID10/floor/bottom/mixed/seq02/rgb/result_2018-08-24-17-08-51.png,/mnt/Info/COGAR_DATASETs/OCID-dataset/ARID10/floor/bottom/mixed/seq02/label/result_2018-08-24-17-08-51.png,result_2018-08-24-17-08-51.png,ARID10/floor/bottom/mixed/seq02,ARID10,floor,bottom,mixed,seq02
130,0,/mnt/Info/COGAR_DATASETs/OCID-dataset/ARID10/floor/bottom/mixed/seq31/rgb/result_2018-08-23-14-48-04.png,/mnt/Info/COGAR_DATASETs/OCID-dataset/ARID10/floor/bottom/mixed/seq31/label/result_2018-08-23-14-48-04.png,result_2018-08-23-14-48-04.png,ARID10/floor/bottom/mixed/seq31,ARID10,floor,bottom,mixed,seq31
131,1,/mnt/Info/COGAR_DATASETs/OCID-dataset/ARID10/floor/bottom/mixed/seq31/rgb/result_2018-08-23-14-48-23.png,/mnt/Info/COGAR_DATASETs/OCID-dataset/ARID10/floor/bottom/mixed/seq31/label/result_2018-08-23-14-48-23.png,result_2018-08-23-14-48-23.png,ARID10/floor/bottom/mixed/seq31,ARID10,floor,bottom,mixed,seq31
132,2,/mnt/Info/COGAR_DATASETs/OCID-dataset/ARID10/floor/bottom/mixed/seq31/rgb/result_2018-08-23-14-48-41.png,/mnt/Info/COGAR_DATASETs/OCID-dataset/ARID10/floor/bottom/mixed/seq31/label/result_2018-08-23-14-48-41.png,result_2018-08-23-14-48-41.png,ARID10/floor/bottom/mixed/seq31,ARID10,floor,bottom,mixed,seq31
133,3,/mnt/Info/COGAR_DATASETs/OCID-dataset/ARID10/floor/bottom/mixed/seq31/rgb/result_2018-08-23-14-49-03.png,/mnt/Info/COGAR_DATASETs/OCID-dataset/ARID10/floor/bottom/mixed/seq31/label/result_2018-08-23-14-49-03.png,result_2018-08-23-14-49-03.png,ARID10/floor/bottom/mixed/seq31,ARID10,floor,bottom,mixed,seq31
134,4,/mnt/Info/COGAR_DATASETs/OCID-dataset/ARID10/floor/bottom/mixed/seq31/rgb/result_2018-08-23-14-49-34.png,/mnt/Info/COGAR_DATASETs/OCID-dataset/ARID10/floor/bottom/mixed/seq31/label/result_2018-08-23-14-49-34.png,result_2018-08-23-14-49-34.png,ARID10/floor/bottom/mixed/seq31,ARID10,floor,bottom,mixed,seq31
135,5,/mnt/Info/COGAR_DATASETs/OCID-dataset/ARID10/floor/bottom/mixed/seq31/rgb/result_2018-08-23-14-49-55.png,/mnt/Info/COGAR_DATASETs/OCID-dataset/ARID10/floor/bottom/mixed/seq31/label/result_2018-08-23-14-49-55.png,result_2018-08-23-14-49-55.png,ARID10/floor/bottom/mixed/seq31,ARID10,floor,bottom,mixed,seq31
136,6,/mnt/Info/COGAR_DATASETs/OCID-dataset/ARID10/floor/bottom/mixed/seq31/rgb/result_2018-08-23-14-50-11.png,/mnt/Info/COGAR_DATASETs/OCID-dataset/ARID10/floor/bottom/mixed/seq31/label/result_2018-08-23-14-50-11.png,result_2018-08-23-14-50-11.png,ARID10/floor/bottom/mixed/seq31,ARID10,floor,bottom,mixed,seq31
137,7,/mnt/Info/COGAR_DATASETs/OCID-dataset/ARID10/floor/bottom/mixed/seq31/rgb/result_2018-08-23-14-50-47.png,/mnt/Info/COGAR_DATASETs/OCID-dataset/ARID10/floor/bottom/mixed/seq31/label/result_2018-08-23-14-50-47.png,result_2018-08-23-14-50-47.png,ARID10/floor/bottom/mixed/seq31,ARID10,floor,bottom,mixed,seq31
138,8,/mnt/Info/COGAR_DATASETs/OCID-dataset/ARID10/floor/bottom/mixed/seq31/rgb/result_2018-08-23-14-51-13.png,/mnt/Info/COGAR_DATASETs/OCID-dataset/ARID10/floor/bottom/mixed/seq31/label/result_2018-08-23-14-51-13.png,result_2018-08-23-14-51-13.png,ARID10/floor/bottom/mixed/seq31,ARID10,floor,bottom,mixed,seq31
139,9,/mnt/Info/COGAR_DATASETs/OCID-dataset/ARID10/floor/bottom/mixed/seq31/rgb/result_2018-08-23-14-51-40.png,/mnt/Info/COGAR_DATASETs/OCID-dataset/ARID10/floor/bottom/mixed/seq31/label/result_2018-08-23-14-51-40.png,result_2018-08-23-14-51-40.png,ARID10/floor/bottom/mixed/seq31,ARID10,floor,bottom,mixed,seq31
140,0,/mnt/Info/COGAR_DATASETs/OCID-dataset/ARID10/floor/bottom/mixed/seq32/rgb/result_2018-08-23-14-54-54.png,/mnt/Info/COGAR_DATASETs/OCID-dataset/ARID10/floor/bottom/mixed/seq32/label/result_2018-08-23-14-54-54.png,result_2018-08-23-14-54-54.png,ARID10/floor/bottom/mixed/seq32,ARID10,floor,bottom,mixed,seq32
141,1,/mnt/Info/COGAR_DATASETs/OCID-dataset/ARID10/floor/bottom/mixed/seq32/rgb/result_2018-08-23-14-55-15.png,/mnt/Info/COGAR_DATASETs/OCID-dataset/ARID10/floor/bottom/mixed/seq32/label/result_2018-08-23-14-55-15.png,result_2018-08-23-14-55-15.png,ARID10/floor/bottom/mixed/seq32,ARID10,floor,bottom,mixed,seq32
142,2,/mnt/Info/COGAR_DATASETs/OCID-dataset/ARID10/floor/bottom/mixed/seq32/rgb/result_2018-08-23-14-55-44.png,/mnt/Info/COGAR_DATASETs/OCID-dataset/ARID10/floor/bottom/mixed/seq32/label/result_2018-08-23-14-55-44.png,result_2018-08-23-14-55-44.png,ARID10/floor/bottom/mixed/seq32,ARID10,floor,bottom,mixed,seq32
143,3,/mnt/Info/COGAR_DATASETs/OCID-dataset/ARID10/floor/bottom/mixed/seq32/rgb/result_2018-08-23-14-56-07.png,/mnt/Info/COGAR_DATASETs/OCID-dataset/ARID10/floor/bottom/mixed/seq32/label/result_2018-08-23-14-56-07.png,result_2018-08-23-14-56-07.png,ARID10/floor/bottom/mixed/seq32,ARID10,floor,bottom,mixed,seq32
144,4,/mnt/Info/COGAR_DATASETs/OCID-dataset/ARID10/floor/bottom/mixed/seq32/rgb/result_2018-08-23-14-56-25.png,/mnt/Info/COGAR_DATASETs/OCID-dataset/ARID10/floor/bottom/mixed/seq32/label/result_2018-08-23-14-56-25.png,result_2018-08-23-14-56-25.png,ARID10/floor/bottom/mixed/seq32,ARID10,floor,bottom,mixed,seq32
145,5,/mnt/Info/COGAR_DATASETs/OCID-dataset/ARID10/floor/bottom/mixed/seq32/rgb/result_2018-08-23-14-56-45.png,/mnt/Info/COGAR_DATASETs/OCID-dataset/ARID10/floor/bottom/mixed/seq32/label/result_2018-08-23-14-56-45.png,result_2018-08-23-14-56-45.png,ARID10/floor/bottom/mixed/seq32,ARID10,floor,bottom,mixed,seq32
146,6,/mnt/Info/COGAR_DATASETs/OCID-dataset/ARID10/floor/bottom/mixed/seq32/rgb/result_2018-08-23-14-57-06.png,/mnt/Info/COGAR_DATASETs/OCID-dataset/ARID10/floor/bottom/mixed/seq32/label/result_2018-08-23-14-57-06.png,result_2018-08-23-14-57-06.png,ARID10/floor/bottom/mixed/seq32,ARID10,floor,bottom,mixed,seq32
147,7,/mnt/Info/COGAR_DATASETs/OCID-dataset/ARID10/floor/bottom/mixed/seq32/rgb/result_2018-08-23-14-57-34.png,/mnt/Info/COGAR_DATASETs/OCID-dataset/ARID10/floor/bottom/mixed/seq32/label/result_2018-08-23-14-57-34.png,result_2018-08-23-14-57-34.png,ARID10/floor/bottom/mixed/seq32,ARID10,floor,bottom,mixed,seq32
148,8,/mnt/Info/COGAR_DATASETs/OCID-dataset/ARID10/floor/bottom/mixed/seq32/rgb/result_2018-08-23-14-58-07.png,/mnt/Info/COGAR_DATASETs/OCID-dataset/ARID10/floor/bottom/mixed/seq32/label/result_2018-08-23-14-58-07.png,result_2018-08-23-14-58-07.png,ARID10/floor/bottom/mixed/seq32,ARID10,floor,bottom,mixed,seq32
149,9,/mnt/Info/COGAR_DATASETs/OCID-dataset/ARID10/floor/bottom/mixed/seq32/rgb/result_2018-08-23-14-59-00.png,/mnt/Info/COGAR_DATASETs/OCID-dataset/ARID10/floor/bottom/mixed/seq32/label/result_2018-08-23-14-59-00.png,result_2018-08-23-14-59-00.png,ARID10/floor/bottom/mixed/seq32,ARID10,floor,bottom,mixed,seq32
150,0,/mnt/Info/COGAR_DATASETs/OCID-dataset/ARID10/floor/bottom/non-fruits/seq09/rgb/result_2018-08-27-16-09-45.png,/mnt/Info/COGAR_DATASETs/OCID-dataset/ARID10/floor/bottom/non-fruits/seq09/label/result_2018-08-27-16-09-45.png,result_2018-08-27-16-09-45.png,ARID10/floor/bottom/non-fruits/seq09,ARID10,floor,bottom,non-fruits,seq09
151,1,/mnt/Info/COGAR_DATASETs/OCID-dataset/ARID10/floor/bottom/non-fruits/seq09/rgb/result_2018-08-27-16-10-06.png,/mnt/Info/COGAR_DATASETs/OCID-dataset/ARID10/floor/bottom/non-fruits/seq09/label/result_2018-08-27-16-10-06.png,result_2018-08-27-16-10-06.png,ARID10/floor/bottom/non-fruits/seq09,ARID10,floor,bottom,non-fruits,seq09
152,2,/mnt/Info/COGAR_DATASETs/OCID-dataset/ARID10/floor/bottom/non-fruits/seq09/rgb/result_2018-08-27-16-10-39.png,/mnt/Info/COGAR_DATASETs/OCID-dataset/ARID10/floor/bottom/non-fruits/seq09/label/result_2018-08-27-16-10-39.png,result_2018-08-27-16-10-39.png,ARID10/floor/bottom/non-fruits/seq09,ARID10,floor,bottom,non-fruits,seq09
153,3,/mnt/Info/COGAR_DATASETs/OCID-dataset/ARID10/floor/bottom/non-fruits/seq09/rgb/result_2018-08-27-16-11-00.png,/mnt/Info/COGAR_DATASETs/OCID-dataset/ARID10/floor/bottom/non-fruits/seq09/label/result_2018-08-27-16-11-00.png,result_2018-08-27-16-11-00.png,ARID10/floor/bottom/non-fruits/seq09,ARID10,floor,bottom,non-fruits,seq09
154,4,/mnt/Info/COGAR_DATASETs/OCID-dataset/ARID10/floor/bottom/non-fruits/seq09/rgb/result_2018-08-27-16-11-19.png,/mnt/Info/COGAR_DATASETs/OCID-dataset/ARID10/floor/bottom/non-fruits/seq09/label/result_2018-08-27-16-11-19.png,result_2018-08-27-16-11-19.png,ARID10/floor/bottom/non-fruits/seq09,ARID10,floor,bottom,non-fruits,seq09
155,5,/mnt/Info/COGAR_DATASETs/OCID-dataset/ARID10/floor/bottom/non-fruits/seq09/rgb/result_2018-08-27-16-11-39.png,/mnt/Info/COGAR_DATASETs/OCID-dataset/ARID10/floor/bottom/non-fruits/seq09/label/result_2018-08-27-16-11-39.png,result_2018-08-27-16-11-39.png,ARID10/floor/bottom/non-fruits/seq09,ARID10,floor,bottom,non-fruits,seq09
156,6,/mnt/Info/COGAR_DATASETs/OCID-dataset/ARID10/floor/bottom/non-fruits/seq09/rgb/result_2018-08-27-16-12-40.png,/mnt/Info/COGAR_DATASETs/OCID-dataset/ARID10/floor/bottom/non-fruits/seq09/label/result_2018-08-27-16-12-40.png,result_2018-08-27-16-12-40.png,ARID10/floor/bottom/non-fruits/seq09,ARID10,floor,bottom,non-fruits,seq09
157,7,/mnt/Info/COGAR_DATASETs/OCID-dataset/ARID10/floor/bottom/non-fruits/seq09/rgb/result_2018-08-27-16-13-04.png,/mnt/Info/COGAR_DATASETs/OCID-dataset/ARID10/floor/bottom/non-fruits/seq09/label/result_2018-08-27-16-13-04.png,result_2018-08-27-16-13-04.png,ARID10/floor/bottom/non-fruits/seq09,ARID10,floor,bottom,non-fruits,seq09
158,8,/mnt/Info/COGAR_DATASETs/OCID-dataset/ARID10/floor/bottom/non-fruits/seq09/rgb/result_2018-08-27-16-13-34.png,/mnt/Info/COGAR_DATASETs/OCID-dataset/ARID10/floor/bottom/non-fruits/seq09/label/result_2018-08-27-16-13-34.png,result_2018-08-27-16-13-34.png,ARID10/floor/bottom/non-fruits/seq09,ARID10,floor,bottom,non-fruits,seq09
159,9,/mnt/Info/COGAR_DATASETs/OCID-dataset/ARID10/floor/bottom/non-fruits/seq09/rgb/result_2018-08-27-16-14-33.png,/mnt/Info/COGAR_DATASETs/OCID-dataset/ARID10/floor/bottom/non-fruits/seq09/label/result_2018-08-27-16-14-33.png,result_2018-08-27-16-14-33.png,ARID10/floor/bottom/non-fruits/seq09,ARID10,floor,bottom,non-fruits,seq09
160,0,/mnt/Info/COGAR_DATASETs/OCID-dataset/ARID10/floor/bottom/non-fruits/seq10/rgb/result_2018-08-27-16-18-16.png,/mnt/Info/COGAR_DATASETs/OCID-dataset/ARID10/floor/bottom/non-fruits/seq10/label/result_2018-08-27-16-18-16.png,result_2018-08-27-16-18-16.png,ARID10/floor/bottom/non-fruits/seq10,ARID10,floor,bottom,non-fruits,seq10
161,1,/mnt/Info/COGAR_DATASETs/OCID-dataset/ARID10/floor/bottom/non-fruits/seq10/rgb/result_2018-08-27-16-18-34.png,/mnt/Info/COGAR_DATASETs/OCID-dataset/ARID10/floor/bottom/non-fruits/seq10/label/result_2018-08-27-16-18-34.png,result_2018-08-27-16-18-34.png,ARID10/floor/bottom/non-fruits/seq10,ARID10,floor,bottom,non-fruits,seq10
162,2,/mnt/Info/COGAR_DATASETs/OCID-dataset/ARID10/floor/bottom/non-fruits/seq10/rgb/result_2018-08-27-16-18-53.png,/mnt/Info/COGAR_DATASETs/OCID-dataset/ARID10/floor/bottom/non-fruits/seq10/label/result_2018-08-27-16-18-53.png,result_2018-08-27-16-18-53.png,ARID10/floor/bottom/non-fruits/seq10,ARID10,floor,bottom,non-fruits,seq10
163,3,/mnt/Info/COGAR_DATASETs/OCID-dataset/ARID10/floor/bottom/non-fruits/seq10/rgb/result_2018-08-27-16-19-19.png,/mnt/Info/COGAR_DATASETs/OCID-dataset/ARID10/floor/bottom/non-fruits/seq10/label/result_2018-08-27-16-19-19.png,result_2018-08-27-16-19-19.png,ARID10/floor/bottom/non-fruits/seq10,ARID10,floor,bottom,non-fruits,seq10
164,4,/mnt/Info/COGAR_DATASETs/OCID-dataset/ARID10/floor/bottom/non-fruits/seq10/rgb/result_2018-08-27-16-19-46.png,/mnt/Info/COGAR_DATASETs/OCID-dataset/ARID10/floor/bottom/non-fruits/seq10/label/result_2018-08-27-16-19-46.png,result_2018-08-27-16-19-46.png,ARID10/floor/bottom/non-fruits/seq10,ARID10,floor,bottom,non-fruits,seq10
165,5,/mnt/Info/COGAR_DATASETs/OCID-dataset/ARID10/floor/bottom/non-fruits/seq10/rgb/result_2018-08-27-16-20-02.png,/mnt/Info/COGAR_DATASETs/OCID-dataset/ARID10/floor/bottom/non-fruits/seq10/label/result_2018-08-27-16-20-02.png,result_2018-08-27-16-20-02.png,ARID10/floor/bottom/non-fruits/seq10,ARID10,floor,bottom,non-fruits,seq10
166,6,/mnt/Info/COGAR_DATASETs/OCID-dataset/ARID10/floor/bottom/non-fruits/seq10/rgb/result_2018-08-27-16-20-21.png,/mnt/Info/COGAR_DATASETs/OCID-dataset/ARID10/floor/bottom/non-fruits/seq10/label/result_2018-08-27-16-20-21.png,result_2018-08-27-16-20-21.png,ARID10/floor/bottom/non-fruits/seq10,ARID10,floor,bottom,non-fruits,seq10
167,7,/mnt/Info/COGAR_DATASETs/OCID-dataset/ARID10/floor/bottom/non-fruits/seq10/rgb/result_2018-08-27-16-20-38.png,/mnt/Info/COGAR_DATASETs/OCID-dataset/ARID10/floor/bottom/non-fruits/seq10/label/result_2018-08-27-16-20-38.png,result_2018-08-27-16-20-38.png,ARID10/floor/bottom/non-fruits/seq10,ARID10,floor,bottom,non-fruits,seq10
168,8,/mnt/Info/COGAR_DATASETs/OCID-dataset/ARID10/floor/bottom/non-fruits/seq10/rgb/result_2018-08-27-16-20-59.png,/mnt/Info/COGAR_DATASETs/OCID-dataset/ARID10/floor/bottom/non-fruits/seq10/label/result_2018-08-27-16-20-59.png,result_2018-08-27-16-20-59.png,ARID10/floor/bottom/non-fruits/seq10,ARID10,floor,bottom,non-fruits,seq10
169,9,/mnt/Info/COGAR_DATASETs/OCID-dataset/ARID10/floor/bottom/non-fruits/seq10/rgb/result_2018-08-27-16-21-16.png,/mnt/Info/COGAR_DATASETs/OCID-dataset/ARID10/floor/bottom/non-fruits/seq10/label/result_2018-08-27-16-21-16.png,result_2018-08-27-16-21-16.png,ARID10/floor/bottom/non-fruits/seq10,ARID10,floor,bottom,non-fruits,seq10
170,0,/mnt/Info/COGAR_DATASETs/OCID-dataset/ARID10/floor/bottom/non-fruits/seq39/rgb/result_2018-08-23-17-49-24.png,/mnt/Info/COGAR_DATASETs/OCID-dataset/ARID10/floor/bottom/non-fruits/seq39/label/result_2018-08-23-17-49-24.png,result_2018-08-23-17-49-24.png,ARID10/floor/bottom/non-fruits/seq39,ARID10,floor,bottom,non-fruits,seq39
171,1,/mnt/Info/COGAR_DATASETs/OCID-dataset/ARID10/floor/bottom/non-fruits/seq39/rgb/result_2018-08-23-17-50-56.png,/mnt/Info/COGAR_DATASETs/OCID-dataset/ARID10/floor/bottom/non-fruits/seq39/label/result_2018-08-23-17-50-56.png,result_2018-08-23-17-50-56.png,ARID10/floor/bottom/non-fruits/seq39,ARID10,floor,bottom,non-fruits,seq39
172,2,/mnt/Info/COGAR_DATASETs/OCID-dataset/ARID10/floor/bottom/non-fruits/seq39/rgb/result_2018-08-23-17-51-45.png,/mnt/Info/COGAR_DATASETs/OCID-dataset/ARID10/floor/bottom/non-fruits/seq39/label/result_2018-08-23-17-51-45.png,result_2018-08-23-17-51-45.png,ARID10/floor/bottom/non-fruits/seq39,ARID10,floor,bottom,non-fruits,seq39
173,3,/mnt/Info/COGAR_DATASETs/OCID-dataset/ARID10/floor/bottom/non-fruits/seq39/rgb/result_2018-08-23-17-52-52.png,/mnt/Info/COGAR_DATASETs/OCID-dataset/ARID10/floor/bottom/non-fruits/seq39/label/result_2018-08-23-17-52-52.png,result_2018-08-23-17-52-52.png,ARID10/floor/bottom/non-fruits/seq39,ARID10,floor,bottom,non-fruits,seq39
174,4,/mnt/Info/COGAR_DATASETs/OCID-dataset/ARID10/floor/bottom/non-fruits/seq39/rgb/result_2018-08-23-17-53-23.png,/mnt/Info/COGAR_DATASETs/OCID-dataset/ARID10/floor/bottom/non-fruits/seq39/label/result_2018-08-23-17-53-23.png,result_2018-08-23-17-53-23.png,ARID10/floor/bottom/non-fruits/seq39,ARID10,floor,bottom,non-fruits,seq39
175,5,/mnt/Info/COGAR_DATASETs/OCID-dataset/ARID10/floor/bottom/non-fruits/seq39/rgb/result_2018-08-23-17-53-55.png,/mnt/Info/COGAR_DATASETs/OCID-dataset/ARID10/floor/bottom/non-fruits/seq39/label/result_2018-08-23-17-53-55.png,result_2018-08-23-17-53-55.png,ARID10/floor/bottom/non-fruits/seq39,ARID10,floor,bottom,non-fruits,seq39
176,6,/mnt/Info/COGAR_DATASETs/OCID-dataset/ARID10/floor/bottom/non-fruits/seq39/rgb/result_2018-08-23-17-54-26.png,/mnt/Info/COGAR_DATASETs/OCID-dataset/ARID10/floor/bottom/non-fruits/seq39/label/result_2018-08-23-17-54-26.png,result_2018-08-23-17-54-26.png,ARID10/floor/bottom/non-fruits/seq39,ARID10,floor,bottom,non-fruits,seq39
177,7,/mnt/Info/COGAR_DATASETs/OCID-dataset/ARID10/floor/bottom/non-fruits/seq39/rgb/result_2018-08-23-17-54-48.png,/mnt/Info/COGAR_DATASETs/OCID-dataset/ARID10/floor/bottom/non-fruits/seq39/label/result_2018-08-23-17-54-48.png,result_2018-08-23-17-54-48.png,ARID10/floor/bottom/non-fruits/seq39,ARID10,floor,bottom,non-fruits,seq39
178,8,/mnt/Info/COGAR_DATASETs/OCID-dataset/ARID10/floor/bottom/non-fruits/seq39/rgb/result_2018-08-23-17-55-26.png,/mnt/Info/COGAR_DATASETs/OCID-dataset/ARID10/floor/bottom/non-fruits/seq39/label/result_2018-08-23-17-55-26.png,result_2018-08-23-17-55-26.png,ARID10/floor/bottom/non-fruits/seq39,ARID10,floor,bottom,non-fruits,seq39
179,9,/mnt/Info/COGAR_DATASETs/OCID-dataset/ARID10/floor/bottom/non-fruits/seq39/rgb/result_2018-08-23-17-56-07.png,/mnt/Info/COGAR_DATASETs/OCID-dataset/ARID10/floor/bottom/non-fruits/seq39/label/result_2018-08-23-17-56-07.png,result_2018-08-23-17-56-07.png,ARID10/floor/bottom/non-fruits/seq39,ARID10,floor,bottom,non-fruits,seq39
180,0,/mnt/Info/COGAR_DATASETs/OCID-dataset/ARID10/floor/bottom/non-fruits/seq40/rgb/result_2018-08-23-17-59-03.png,/mnt/Info/COGAR_DATASETs/OCID-dataset/ARID10/floor/bottom/non-fruits/seq40/label/result_2018-08-23-17-59-03.png,result_2018-08-23-17-59-03.png,ARID10/floor/bottom/non-fruits/seq40,ARID10,floor,bottom,non-fruits,seq40
181,1,/mnt/Info/COGAR_DATASETs/OCID-dataset/ARID10/floor/bottom/non-fruits/seq40/rgb/result_2018-08-23-17-59-25.png,/mnt/Info/COGAR_DATASETs/OCID-dataset/ARID10/floor/bottom/non-fruits/seq40/label/result_2018-08-23-17-59-25.png,result_2018-08-23-17-59-25.png,ARID10/floor/bottom/non-fruits/seq40,ARID10,floor,bottom,non-fruits,seq40
182,2,/mnt/Info/COGAR_DATASETs/OCID-dataset/ARID10/floor/bottom/non-fruits/seq40/rgb/result_2018-08-23-17-59-51.png,/mnt/Info/COGAR_DATASETs/OCID-dataset/ARID10/floor/bottom/non-fruits/seq40/label/result_2018-08-23-17-59-51.png,result_2018-08-23-17-59-51.png,ARID10/floor/bottom/non-fruits/seq40,ARID10,floor,bottom,non-fruits,seq40
183,3,/mnt/Info/COGAR_DATASETs/OCID-dataset/ARID10/floor/bottom/non-fruits/seq40/rgb/result_2018-08-23-18-00-14.png,/mnt/Info/COGAR_DATASETs/OCID-dataset/ARID10/floor/bottom/non-fruits/seq40/label/result_2018-08-23-18-00-14.png,result_2018-08-23-18-00-14.png,ARID10/floor/bottom/non-fruits/seq40,ARID10,floor,bottom,non-fruits,seq40
184,4,/mnt/Info/COGAR_DATASETs/OCID-dataset/ARID10/floor/bottom/non-fruits/seq40/rgb/result_2018-08-23-18-00-37.png,/mnt/Info/COGAR_DATASETs/OCID-dataset/ARID10/floor/bottom/non-fruits/seq40/label/result_2018-08-23-18-00-37.png,result_2018-08-23-18-00-37.png,ARID10/floor/bottom/non-fruits/seq40,ARID10,floor,bottom,non-fruits,seq40
185,5,/mnt/Info/COGAR_DATASETs/OCID-dataset/ARID10/floor/bottom/non-fruits/seq40/rgb/result_2018-08-23-18-01-17.png,/mnt/Info/COGAR_DATASETs/OCID-dataset/ARID10/floor/bottom/non-fruits/seq40/label/result_2018-08-23-18-01-17.png,result_2018-08-23-18-01-17.png,ARID10/floor/bottom/non-fruits/seq40,ARID10,floor,bottom,non-fruits,seq40
186,6,/mnt/Info/COGAR_DATASETs/OCID-dataset/ARID10/floor/bottom/non-fruits/seq40/rgb/result_2018-08-23-18-04-03.png,/mnt/Info/COGAR_DATASETs/OCID-dataset/ARID10/floor/bottom/non-fruits/seq40/label/result_2018-08-23-18-04-03.png,result_2018-08-23-18-04-03.png,ARID10/floor/bottom/non-fruits/seq40,ARID10,floor,bottom,non-fruits,seq40
187,7,/mnt/Info/COGAR_DATASETs/OCID-dataset/ARID10/floor/bottom/non-fruits/seq40/rgb/result_2018-08-23-18-04-46.png,/mnt/Info/COGAR_DATASETs/OCID-dataset/ARID10/floor/bottom/non-fruits/seq40/label/result_2018-08-23-18-04-46.png,result_2018-08-23-18-04-46.png,ARID10/floor/bottom/non-fruits/seq40,ARID10,floor,bottom,non-fruits,seq40
188,8,/mnt/Info/COGAR_DATASETs/OCID-dataset/ARID10/floor/bottom/non-fruits/seq40/rgb/result_2018-08-23-18-05-52.png,/mnt/Info/COGAR_DATASETs/OCID-dataset/ARID10/floor/bottom/non-fruits/seq40/label/result_2018-08-23-18-05-52.png,result_2018-08-23-18-05-52.png,ARID10/floor/bottom/non-fruits/seq40,ARID10,floor,bottom,non-fruits,seq40
189,9,/mnt/Info/COGAR_DATASETs/OCID-dataset/ARID10/floor/bottom/non-fruits/seq40/rgb/result_2018-08-23-18-06-10.png,/mnt/Info/COGAR_DATASETs/OCID-dataset/ARID10/floor/bottom/non-fruits/seq40/label/result_2018-08-23-18-06-10.png,result_2018-08-23-18-06-10.png,ARID10/floor/bottom/non-fruits/seq40,ARID10,floor,bottom,non-fruits,seq40
190,0,/mnt/Info/COGAR_DATASETs/OCID-dataset/ARID10/floor/top/box/seq03/rgb/result_2018-08-27-15-54-11.png,/mnt/Info/COGAR_DATASETs/OCID-dataset/ARID10/floor/top/box/seq03/label/result_2018-08-27-15-54-11.png,result_2018-08-27-15-54-11.png,ARID10/floor/top/box/seq03,ARID10,floor,top,box,seq03
191,1,/mnt/Info/COGAR_DATASETs/OCID-dataset/ARID10/floor/top/box/seq03/rgb/result_2018-08-27-15-54-31.png,/mnt/Info/COGAR_DATASETs/OCID-dataset/ARID10/floor/top/box/seq03/label/result_2018-08-27-15-54-31.png,result_2018-08-27-15-54-31.png,ARID10/floor/top/box/seq03,ARID10,floor,top,box,seq03
192,2,/mnt/Info/COGAR_DATASETs/OCID-dataset/ARID10/floor/top/box/seq03/rgb/result_2018-08-27-15-54-52.png,/mnt/Info/COGAR_DATASETs/OCID-dataset/ARID10/floor/top/box/seq03/label/result_2018-08-27-15-54-52.png,result_2018-08-27-15-54-52.png,ARID10/floor/top/box/seq03,ARID10,floor,top,box,seq03
193,3,/mnt/Info/COGAR_DATASETs/OCID-dataset/ARID10/floor/top/box/seq03/rgb/result_2018-08-27-15-55-18.png,/mnt/Info/COGAR_DATASETs/OCID-dataset/ARID10/floor/top/box/seq03/label/result_2018-08-27-15-55-18.png,result_2018-08-27-15-55-18.png,ARID10/floor/top/box/seq03,ARID10,floor,top,box,seq03
194,4,/mnt/Info/COGAR_DATASETs/OCID-dataset/ARID10/floor/top/box/seq03/rgb/result_2018-08-27-15-55-41.png,/mnt/Info/COGAR_DATASETs/OCID-dataset/ARID10/floor/top/box/seq03/label/result_2018-08-27-15-55-41.png,result_2018-08-27-15-55-41.png,ARID10/floor/top/box/seq03,ARID10,floor,top,box,seq03
195,5,/mnt/Info/COGAR_DATASETs/OCID-dataset/ARID10/floor/top/box/seq03/rgb/result_2018-08-27-15-56-29.png,/mnt/Info/COGAR_DATASETs/OCID-dataset/ARID10/floor/top/box/seq03/label/result_2018-08-27-15-56-29.png,result_2018-08-27-15-56-29.png,ARID10/floor/top/box/seq03,ARID10,floor,top,box,seq03
196,6,/mnt/Info/COGAR_DATASETs/OCID-dataset/ARID10/floor/top/box/seq03/rgb/result_2018-08-27-15-56-53.png,/mnt/Info/COGAR_DATASETs/OCID-dataset/ARID10/floor/top/box/seq03/label/result_2018-08-27-15-56-53.png,result_2018-08-27-15-56-53.png,ARID10/floor/top/box/seq03,ARID10,floor,top,box,seq03
197,7,/mnt/Info/COGAR_DATASETs/OCID-dataset/ARID10/floor/top/box/seq03/rgb/result_2018-08-27-15-57-20.png,/mnt/Info/COGAR_DATASETs/OCID-dataset/ARID10/floor/top/box/seq03/label/result_2018-08-27-15-57-20.png,result_2018-08-27-15-57-20.png,ARID10/floor/top/box/seq03,ARID10,floor,top,box,seq03
198,8,/mnt/Info/COGAR_DATASETs/OCID-dataset/ARID10/floor/top/box/seq03/rgb/result_2018-08-27-15-57-45.png,/mnt/Info/COGAR_DATASETs/OCID-dataset/ARID10/floor/top/box/seq03/label/result_2018-08-27-15-57-45.png,result_2018-08-27-15-57-45.png,ARID10/floor/top/box/seq03,ARID10,floor,top,box,seq03
199,9,/mnt/Info/COGAR_DATASETs/OCID-dataset/ARID10/floor/top/box/seq03/rgb/result_2018-08-27-15-58-39.png,/mnt/Info/COGAR_DATASETs/OCID-dataset/ARID10/floor/top/box/seq03/label/result_2018-08-27-15-58-39.png,result_2018-08-27-15-58-39.png,ARID10/floor/top/box/seq03,ARID10,floor,top,box,seq03
200,0,/mnt/Info/COGAR_DATASETs/OCID-dataset/ARID10/floor/top/box/seq04/rgb/result_2018-08-27-16-01-50.png,/mnt/Info/COGAR_DATASETs/OCID-dataset/ARID10/floor/top/box/seq04/label/result_2018-08-27-16-01-50.png,result_2018-08-27-16-01-50.png,ARID10/floor/top/box/seq04,ARID10,floor,top,box,seq04
201,1,/mnt/Info/COGAR_DATASETs/OCID-dataset/ARID10/floor/top/box/seq04/rgb/result_2018-08-27-16-02-10.png,/mnt/Info/COGAR_DATASETs/OCID-dataset/ARID10/floor/top/box/seq04/label/result_2018-08-27-16-02-10.png,result_2018-08-27-16-02-10.png,ARID10/floor/top/box/seq04,ARID10,floor,top,box,seq04
202,2,/mnt/Info/COGAR_DATASETs/OCID-dataset/ARID10/floor/top/box/seq04/rgb/result_2018-08-27-16-02-32.png,/mnt/Info/COGAR_DATASETs/OCID-dataset/ARID10/floor/top/box/seq04/label/result_2018-08-27-16-02-32.png,result_2018-08-27-16-02-32.png,ARID10/floor/top/box/seq04,ARID10,floor,top,box,seq04
203,3,/mnt/Info/COGAR_DATASETs/OCID-dataset/ARID10/floor/top/box/seq04/rgb/result_2018-08-27-16-02-54.png,/mnt/Info/COGAR_DATASETs/OCID-dataset/ARID10/floor/top/box/seq04/label/result_2018-08-27-16-02-54.png,result_2018-08-27-16-02-54.png,ARID10/floor/top/box/seq04,ARID10,floor,top,box,seq04
204,4,/mnt/Info/COGAR_DATASETs/OCID-dataset/ARID10/floor/top/box/seq04/rgb/result_2018-08-27-16-03-19.png,/mnt/Info/COGAR_DATASETs/OCID-dataset/ARID10/floor/top/box/seq04/label/result_2018-08-27-16-03-19.png,result_2018-08-27-16-03-19.png,ARID10/floor/top/box/seq04,ARID10,floor,top,box,seq04
205,5,/mnt/Info/COGAR_DATASETs/OCID-dataset/ARID10/floor/top/box/seq04/rgb/result_2018-08-27-16-03-45.png,/mnt/Info/COGAR_DATASETs/OCID-dataset/ARID10/floor/top/box/seq04/label/result_2018-08-27-16-03-45.png,result_2018-08-27-16-03-45.png,ARID10/floor/top/box/seq04,ARID10,floor,top,box,seq04
206,6,/mnt/Info/COGAR_DATASETs/OCID-dataset/ARID10/floor/top/box/seq04/rgb/result_2018-08-27-16-04-09.png,/mnt/Info/COGAR_DATASETs/OCID-dataset/ARID10/floor/top/box/seq04/label/result_2018-08-27-16-04-09.png,result_2018-08-27-16-04-09.png,ARID10/floor/top/box/seq04,ARID10,floor,top,box,seq04
207,7,/mnt/Info/COGAR_DATASETs/OCID-dataset/ARID10/floor/top/box/seq04/rgb/result_2018-08-27-16-04-48.png,/mnt/Info/COGAR_DATASETs/OCID-dataset/ARID10/floor/top/box/seq04/label/result_2018-08-27-16-04-48.png,result_2018-08-27-16-04-48.png,ARID10/floor/top/box/seq04,ARID10,floor,top,box,seq04
208,8,/mnt/Info/COGAR_DATASETs/OCID-dataset/ARID10/floor/top/box/seq04/rgb/result_2018-08-27-16-05-04.png,/mnt/Info/COGAR_DATASETs/OCID-dataset/ARID10/floor/top/box/seq04/label/result_2018-08-27-16-05-04.png,result_2018-08-27-16-05-04.png,ARID10/floor/top/box/seq04,ARID10,floor,top,box,seq04
209,9,/mnt/Info/COGAR_DATASETs/OCID-dataset/ARID10/floor/top/box/seq04/rgb/result_2018-08-27-16-05-43.png,/mnt/Info/COGAR_DATASETs/OCID-dataset/ARID10/floor/top/box/seq04/label/result_2018-08-27-16-05-43.png,result_2018-08-27-16-05-43.png,ARID10/floor/top/box/seq04,ARID10,floor,top,box,seq04
210,0,/mnt/Info/COGAR_DATASETs/OCID-dataset/ARID10/floor/top/box/seq33/rgb/result_2018-08-23-15-02-20.png,/mnt/Info/COGAR_DATASETs/OCID-dataset/ARID10/floor/top/box/seq33/label/result_2018-08-23-15-02-20.png,result_2018-08-23-15-02-20.png,ARID10/floor/top/box/seq33,ARID10,floor,top,box,seq33
211,1,/mnt/Info/COGAR_DATASETs/OCID-dataset/ARID10/floor/top/box/seq33/rgb/result_2018-08-23-15-02-37.png,/mnt/Info/COGAR_DATASETs/OCID-dataset/ARID10/floor/top/box/seq33/label/result_2018-08-23-15-02-37.png,result_2018-08-23-15-02-37.png,ARID10/floor/top/box/seq33,ARID10,floor,top,box,seq33
212,2,/mnt/Info/COGAR_DATASETs/OCID-dataset/ARID10/floor/top/box/seq33/rgb/result_2018-08-23-15-02-59.png,/mnt/Info/COGAR_DATASETs/OCID-dataset/ARID10/floor/top/box/seq33/label/result_2018-08-23-15-02-59.png,result_2018-08-23-15-02-59.png,ARID10/floor/top/box/seq33,ARID10,floor,top,box,seq33
213,3,/mnt/Info/COGAR_DATASETs/OCID-dataset/ARID10/floor/top/box/seq33/rgb/result_2018-08-23-15-03-28.png,/mnt/Info/COGAR_DATASETs/OCID-dataset/ARID10/floor/top/box/seq33/label/result_2018-08-23-15-03-28.png,result_2018-08-23-15-03-28.png,ARID10/floor/top/box/seq33,ARID10,floor,top,box,seq33
214,4,/mnt/Info/COGAR_DATASETs/OCID-dataset/ARID10/floor/top/box/seq33/rgb/result_2018-08-23-15-03-53.png,/mnt/Info/COGAR_DATASETs/OCID-dataset/ARID10/floor/top/box/seq33/label/result_2018-08-23-15-03-53.png,result_2018-08-23-15-03-53.png,ARID10/floor/top/box/seq33,ARID10,floor,top,box,seq33
215,5,/mnt/Info/COGAR_DATASETs/OCID-dataset/ARID10/floor/top/box/seq33/rgb/result_2018-08-23-15-04-23.png,/mnt/Info/COGAR_DATASETs/OCID-dataset/ARID10/floor/top/box/seq33/label/result_2018-08-23-15-04-23.png,result_2018-08-23-15-04-23.png,ARID10/floor/top/box/seq33,ARID10,floor,top,box,seq33
216,6,/mnt/Info/COGAR_DATASETs/OCID-dataset/ARID10/floor/top/box/seq33/rgb/result_2018-08-23-15-05-13.png,/mnt/Info/COGAR_DATASETs/OCID-dataset/ARID10/floor/top/box/seq33/label/result_2018-08-23-15-05-13.png,result_2018-08-23-15-05-13.png,ARID10/floor/top/box/seq33,ARID10,floor,top,box,seq33
217,7,/mnt/Info/COGAR_DATASETs/OCID-dataset/ARID10/floor/top/box/seq33/rgb/result_2018-08-23-15-05-39.png,/mnt/Info/COGAR_DATASETs/OCID-dataset/ARID10/floor/top/box/seq33/label/result_2018-08-23-15-05-39.png,result_2018-08-23-15-05-39.png,ARID10/floor/top/box/seq33,ARID10,floor,top,box,seq33
218,8,/mnt/Info/COGAR_DATASETs/OCID-dataset/ARID10/floor/top/box/seq33/rgb/result_2018-08-23-15-06-50.png,/mnt/Info/COGAR_DATASETs/OCID-dataset/ARID10/floor/top/box/seq33/label/result_2018-08-23-15-06-50.png,result_2018-08-23-15-06-50.png,ARID10/floor/top/box/seq33,ARID10,floor,top,box,seq33
219,9,/mnt/Info/COGAR_DATASETs/OCID-dataset/ARID10/floor/top/box/seq33/rgb/result_2018-08-23-15-07-20.png,/mnt/Info/COGAR_DATASETs/OCID-dataset/ARID10/floor/top/box/seq33/label/result_2018-08-23-15-07-20.png,result_2018-08-23-15-07-20.png,ARID10/floor/top/box/seq33,ARID10,floor,top,box,seq33
220,0,/mnt/Info/COGAR_DATASETs/OCID-dataset/ARID10/floor/top/box/seq34/rgb/result_2018-08-23-15-10-03.png,/mnt/Info/COGAR_DATASETs/OCID-dataset/ARID10/floor/top/box/seq34/label/result_2018-08-23-15-10-03.png,result_2018-08-23-15-10-03.png,ARID10/floor/top/box/seq34,ARID10,floor,top,box,seq34
221,1,/mnt/Info/COGAR_DATASETs/OCID-dataset/ARID10/floor/top/box/seq34/rgb/result_2018-08-23-15-10-35.png,/mnt/Info/COGAR_DATASETs/OCID-dataset/ARID10/floor/top/box/seq34/label/result_2018-08-23-15-10-35.png,result_2018-08-23-15-10-35.png,ARID10/floor/top/box/seq34,ARID10,floor,top,box,seq34
222,2,/mnt/Info/COGAR_DATASETs/OCID-dataset/ARID10/floor/top/box/seq34/rgb/result_2018-08-23-15-11-03.png,/mnt/Info/COGAR_DATASETs/OCID-dataset/ARID10/floor/top/box/seq34/label/result_2018-08-23-15-11-03.png,result_2018-08-23-15-11-03.png,ARID10/floor/top/box/seq34,ARID10,floor,top,box,seq34
223,3,/mnt/Info/COGAR_DATASETs/OCID-dataset/ARID10/floor/top/box/seq34/rgb/result_2018-08-23-15-11-30.png,/mnt/Info/COGAR_DATASETs/OCID-dataset/ARID10/floor/top/box/seq34/label/result_2018-08-23-15-11-30.png,result_2018-08-23-15-11-30.png,ARID10/floor/top/box/seq34,ARID10,floor,top,box,seq34
224,4,/mnt/Info/COGAR_DATASETs/OCID-dataset/ARID10/floor/top/box/seq34/rgb/result_2018-08-23-15-11-58.png,/mnt/Info/COGAR_DATASETs/OCID-dataset/ARID10/floor/top/box/seq34/label/result_2018-08-23-15-11-58.png,result_2018-08-23-15-11-58.png,ARID10/floor/top/box/seq34,ARID10,floor,top,box,seq34
225,5,/mnt/Info/COGAR_DATASETs/OCID-dataset/ARID10/floor/top/box/seq34/rgb/result_2018-08-23-15-12-26.png,/mnt/Info/COGAR_DATASETs/OCID-dataset/ARID10/floor/top/box/seq34/label/result_2018-08-23-15-12-26.png,result_2018-08-23-15-12-26.png,ARID10/floor/top/box/seq34,ARID10,floor,top,box,seq34
226,6,/mnt/Info/COGAR_DATASETs/OCID-dataset/ARID10/floor/top/box/seq34/rgb/result_2018-08-23-15-13-04.png,/mnt/Info/COGAR_DATASETs/OCID-dataset/ARID10/floor/top/box/seq34/label/result_2018-08-23-15-13-04.png,result_2018-08-23-15-13-04.png,ARID10/floor/top/box/seq34,ARID10,floor,top,box,seq34
227,7,/mnt/Info/COGAR_DATASETs/OCID-dataset/ARID10/floor/top/box/seq34/rgb/result_2018-08-23-15-13-51.png,/mnt/Info/COGAR_DATASETs/OCID-dataset/ARID10/floor/top/box/seq34/label/result_2018-08-23-15-13-51.png,result_2018-08-23-15-13-51.png,ARID10/floor/top/box/seq34,ARID10,floor,top,box,seq34
228,8,/mnt/Info/COGAR_DATASETs/OCID-dataset/ARID10/floor/top/box/seq34/rgb/result_2018-08-23-15-14-17.png,/mnt/Info/COGAR_DATASETs/OCID-dataset/ARID10/floor/top/box/seq34/label/result_2018-08-23-15-14-17.png,result_2018-08-23-15-14-17.png,ARID10/floor/top/box/seq34,ARID10,floor,top,box,seq34
229,9,/mnt/Info/COGAR_DATASETs/OCID-dataset/ARID10/floor/top/box/seq34/rgb/result_2018-08-23-15-14-48.png,/mnt/Info/COGAR_DATASETs/OCID-dataset/ARID10/floor/top/box/seq34/label/result_2018-08-23-15-14-48.png,result_2018-08-23-15-14-48.png,ARID10/floor/top/box/seq34,ARID10,floor,top,box,seq34
230,0,/mnt/Info/COGAR_DATASETs/OCID-dataset/ARID10/floor/top/curved/seq05/rgb/result_2018-08-24-17-11-44.png,/mnt/Info/COGAR_DATASETs/OCID-dataset/ARID10/floor/top/curved/seq05/label/result_2018-08-24-17-11-44.png,result_2018-08-24-17-11-44.png,ARID10/floor/top/curved/seq05,ARID10,floor,top,curved,seq05
231,1,/mnt/Info/COGAR_DATASETs/OCID-dataset/ARID10/floor/top/curved/seq05/rgb/result_2018-08-24-17-12-26.png,/mnt/Info/COGAR_DATASETs/OCID-dataset/ARID10/floor/top/curved/seq05/label/result_2018-08-24-17-12-26.png,result_2018-08-24-17-12-26.png,ARID10/floor/top/curved/seq05,ARID10,floor,top,curved,seq05
232,2,/mnt/Info/COGAR_DATASETs/OCID-dataset/ARID10/floor/top/curved/seq05/rgb/result_2018-08-24-17-12-49.png,/mnt/Info/COGAR_DATASETs/OCID-dataset/ARID10/floor/top/curved/seq05/label/result_2018-08-24-17-12-49.png,result_2018-08-24-17-12-49.png,ARID10/floor/top/curved/seq05,ARID10,floor,top,curved,seq05
233,3,/mnt/Info/COGAR_DATASETs/OCID-dataset/ARID10/floor/top/curved/seq05/rgb/result_2018-08-24-17-13-29.png,/mnt/Info/COGAR_DATASETs/OCID-dataset/ARID10/floor/top/curved/seq05/label/result_2018-08-24-17-13-29.png,result_2018-08-24-17-13-29.png,ARID10/floor/top/curved/seq05,ARID10,floor,top,curved,seq05
234,4,/mnt/Info/COGAR_DATASETs/OCID-dataset/ARID10/floor/top/curved/seq05/rgb/result_2018-08-24-17-13-50.png,/mnt/Info/COGAR_DATASETs/OCID-dataset/ARID10/floor/top/curved/seq05/label/result_2018-08-24-17-13-50.png,result_2018-08-24-17-13-50.png,ARID10/floor/top/curved/seq05,ARID10,floor,top,curved,seq05
235,5,/mnt/Info/COGAR_DATASETs/OCID-dataset/ARID10/floor/top/curved/seq05/rgb/result_2018-08-24-17-14-13.png,/mnt/Info/COGAR_DATASETs/OCID-dataset/ARID10/floor/top/curved/seq05/label/result_2018-08-24-17-14-13.png,result_2018-08-24-17-14-13.png,ARID10/floor/top/curved/seq05,ARID10,floor,top,curved,seq05
236,6,/mnt/Info/COGAR_DATASETs/OCID-dataset/ARID10/floor/top/curved/seq05/rgb/result_2018-08-24-17-14-36.png,/mnt/Info/COGAR_DATASETs/OCID-dataset/ARID10/floor/top/curved/seq05/label/result_2018-08-24-17-14-36.png,result_2018-08-24-17-14-36.png,ARID10/floor/top/curved/seq05,ARID10,floor,top,curved,seq05
237,7,/mnt/Info/COGAR_DATASETs/OCID-dataset/ARID10/floor/top/curved/seq05/rgb/result_2018-08-24-17-15-30.png,/mnt/Info/COGAR_DATASETs/OCID-dataset/ARID10/floor/top/curved/seq05/label/result_2018-08-24-17-15-30.png,result_2018-08-24-17-15-30.png,ARID10/floor/top/curved/seq05,ARID10,floor,top,curved,seq05
238,8,/mnt/Info/COGAR_DATASETs/OCID-dataset/ARID10/floor/top/curved/seq05/rgb/result_2018-08-24-17-15-53.png,/mnt/Info/COGAR_DATASETs/OCID-dataset/ARID10/floor/top/curved/seq05/label/result_2018-08-24-17-15-53.png,result_2018-08-24-17-15-53.png,ARID10/floor/top/curved/seq05,ARID10,floor,top,curved,seq05
239,9,/mnt/Info/COGAR_DATASETs/OCID-dataset/ARID10/floor/top/curved/seq05/rgb/result_2018-08-24-17-18-11.png,/mnt/Info/COGAR_DATASETs/OCID-dataset/ARID10/floor/top/curved/seq05/label/result_2018-08-24-17-18-11.png,result_2018-08-24-17-18-11.png,ARID10/floor/top/curved/seq05,ARID10,floor,top,curved,seq05
240,0,/mnt/Info/COGAR_DATASETs/OCID-dataset/ARID10/floor/top/curved/seq06/rgb/result_2018-08-24-17-22-01.png,/mnt/Info/COGAR_DATASETs/OCID-dataset/ARID10/floor/top/curved/seq06/label/result_2018-08-24-17-22-01.png,result_2018-08-24-17-22-01.png,ARID10/floor/top/curved/seq06,ARID10,floor,top,curved,seq06
241,1,/mnt/Info/COGAR_DATASETs/OCID-dataset/ARID10/floor/top/curved/seq06/rgb/result_2018-08-24-17-22-20.png,/mnt/Info/COGAR_DATASETs/OCID-dataset/ARID10/floor/top/curved/seq06/label/result_2018-08-24-17-22-20.png,result_2018-08-24-17-22-20.png,ARID10/floor/top/curved/seq06,ARID10,floor,top,curved,seq06
242,2,/mnt/Info/COGAR_DATASETs/OCID-dataset/ARID10/floor/top/curved/seq06/rgb/result_2018-08-24-17-22-41.png,/mnt/Info/COGAR_DATASETs/OCID-dataset/ARID10/floor/top/curved/seq06/label/result_2018-08-24-17-22-41.png,result_2018-08-24-17-22-41.png,ARID10/floor/top/curved/seq06,ARID10,floor,top,curved,seq06
243,3,/mnt/Info/COGAR_DATASETs/OCID-dataset/ARID10/floor/top/curved/seq06/rgb/result_2018-08-24-17-23-02.png,/mnt/Info/COGAR_DATASETs/OCID-dataset/ARID10/floor/top/curved/seq06/label/result_2018-08-24-17-23-02.png,result_2018-08-24-17-23-02.png,ARID10/floor/top/curved/seq06,ARID10,floor,top,curved,seq06
244,4,/mnt/Info/COGAR_DATASETs/OCID-dataset/ARID10/floor/top/curved/seq06/rgb/result_2018-08-24-17-23-25.png,/mnt/Info/COGAR_DATASETs/OCID-dataset/ARID10/floor/top/curved/seq06/label/result_2018-08-24-17-23-25.png,result_2018-08-24-17-23-25.png,ARID10/floor/top/curved/seq06,ARID10,floor,top,curved,seq06
245,5,/mnt/Info/COGAR_DATASETs/OCID-dataset/ARID10/floor/top/curved/seq06/rgb/result_2018-08-24-17-23-42.png,/mnt/Info/COGAR_DATASETs/OCID-dataset/ARID10/floor/top/curved/seq06/label/result_2018-08-24-17-23-42.png,result_2018-08-24-17-23-42.png,ARID10/floor/top/curved/seq06,ARID10,floor,top,curved,seq06
246,6,/mnt/Info/COGAR_DATASETs/OCID-dataset/ARID10/floor/top/curved/seq06/rgb/result_2018-08-24-17-24-01.png,/mnt/Info/COGAR_DATASETs/OCID-dataset/ARID10/floor/top/curved/seq06/label/result_2018-08-24-17-24-01.png,result_2018-08-24-17-24-01.png,ARID10/floor/top/curved/seq06,ARID10,floor,top,curved,seq06
247,7,/mnt/Info/COGAR_DATASETs/OCID-dataset/ARID10/floor/top/curved/seq06/rgb/result_2018-08-24-17-24-20.png,/mnt/Info/COGAR_DATASETs/OCID-dataset/ARID10/floor/top/curved/seq06/label/result_2018-08-24-17-24-20.png,result_2018-08-24-17-24-20.png,ARID10/floor/top/curved/seq06,ARID10,floor,top,curved,seq06
248,8,/mnt/Info/COGAR_DATASETs/OCID-dataset/ARID10/floor/top/curved/seq06/rgb/result_2018-08-24-17-24-41.png,/mnt/Info/COGAR_DATASETs/OCID-dataset/ARID10/floor/top/curved/seq06/label/result_2018-08-24-17-24-41.png,result_2018-08-24-17-24-41.png,ARID10/floor/top/curved/seq06,ARID10,floor,top,curved,seq06
249,9,/mnt/Info/COGAR_DATASETs/OCID-dataset/ARID10/floor/top/curved/seq06/rgb/result_2018-08-24-17-25-11.png,/mnt/Info/COGAR_DATASETs/OCID-dataset/ARID10/floor/top/curved/seq06/label/result_2018-08-24-17-25-11.png,result_2018-08-24-17-25-11.png,ARID10/floor/top/curved/seq06,ARID10,floor,top,curved,seq06
250,0,/mnt/Info/COGAR_DATASETs/OCID-dataset/ARID10/floor/top/curved/seq35/rgb/result_2018-08-23-17-18-04.png,/mnt/Info/COGAR_DATASETs/OCID-dataset/ARID10/floor/top/curved/seq35/label/result_2018-08-23-17-18-04.png,result_2018-08-23-17-18-04.png,ARID10/floor/top/curved/seq35,ARID10,floor,top,curved,seq35
251,1,/mnt/Info/COGAR_DATASETs/OCID-dataset/ARID10/floor/top/curved/seq35/rgb/result_2018-08-23-17-18-26.png,/mnt/Info/COGAR_DATASETs/OCID-dataset/ARID10/floor/top/curved/seq35/label/result_2018-08-23-17-18-26.png,result_2018-08-23-17-18-26.png,ARID10/floor/top/curved/seq35,ARID10,floor,top,curved,seq35
252,2,/mnt/Info/COGAR_DATASETs/OCID-dataset/ARID10/floor/top/curved/seq35/rgb/result_2018-08-23-17-18-59.png,/mnt/Info/COGAR_DATASETs/OCID-dataset/ARID10/floor/top/curved/seq35/label/result_2018-08-23-17-18-59.png,result_2018-08-23-17-18-59.png,ARID10/floor/top/curved/seq35,ARID10,floor,top,curved,seq35
253,3,/mnt/Info/COGAR_DATASETs/OCID-dataset/ARID10/floor/top/curved/seq35/rgb/result_2018-08-23-17-19-26.png,/mnt/Info/COGAR_DATASETs/OCID-dataset/ARID10/floor/top/curved/seq35/label/result_2018-08-23-17-19-26.png,result_2018-08-23-17-19-26.png,ARID10/floor/top/curved/seq35,ARID10,floor,top,curved,seq35
254,4,/mnt/Info/COGAR_DATASETs/OCID-dataset/ARID10/floor/top/curved/seq35/rgb/result_2018-08-23-17-19-48.png,/mnt/Info/COGAR_DATASETs/OCID-dataset/ARID10/floor/top/curved/seq35/label/result_2018-08-23-17-19-48.png,result_2018-08-23-17-19-48.png,ARID10/floor/top/curved/seq35,ARID10,floor,top,curved,seq35
255,5,/mnt/Info/COGAR_DATASETs/OCID-dataset/ARID10/floor/top/curved/seq35/rgb/result_2018-08-23-17-20-09.png,/mnt/Info/COGAR_DATASETs/OCID-dataset/ARID10/floor/top/curved/seq35/label/result_2018-08-23-17-20-09.png,result_2018-08-23-17-20-09.png,ARID10/floor/top/curved/seq35,ARID10,floor,top,curved,seq35
256,6,/mnt/Info/COGAR_DATASETs/OCID-dataset/ARID10/floor/top/curved/seq35/rgb/result_2018-08-23-17-20-48.png,/mnt/Info/COGAR_DATASETs/OCID-dataset/ARID10/floor/top/curved/seq35/label/result_2018-08-23-17-20-48.png,result_2018-08-23-17-20-48.png,ARID10/floor/top/curved/seq35,ARID10,floor,top,curved,seq35
257,7,/mnt/Info/COGAR_DATASETs/OCID-dataset/ARID10/floor/top/curved/seq35/rgb/result_2018-08-23-17-21-16.png,/mnt/Info/COGAR_DATASETs/OCID-dataset/ARID10/floor/top/curved/seq35/label/result_2018-08-23-17-21-16.png,result_2018-08-23-17-21-16.png,ARID10/floor/top/curved/seq35,ARID10,floor,top,curved,seq35
258,8,/mnt/Info/COGAR_DATASETs/OCID-dataset/ARID10/floor/top/curved/seq35/rgb/result_2018-08-23-17-21-48.png,/mnt/Info/COGAR_DATASETs/OCID-dataset/ARID10/floor/top/curved/seq35/label/result_2018-08-23-17-21-48.png,result_2018-08-23-17-21-48.png,ARID10/floor/top/curved/seq35,ARID10,floor,top,curved,seq35
259,9,/mnt/Info/COGAR_DATASETs/OCID-dataset/ARID10/floor/top/curved/seq35/rgb/result_2018-08-23-17-22-25.png,/mnt/Info/COGAR_DATASETs/OCID-dataset/ARID10/floor/top/curved/seq35/label/result_2018-08-23-17-22-25.png,result_2018-08-23-17-22-25.png,ARID10/floor/top/curved/seq35,ARID10,floor,top,curved,seq35
260,0,/mnt/Info/COGAR_DATASETs/OCID-dataset/ARID10/floor/top/curved/seq36/rgb/result_2018-08-23-17-25-06.png,/mnt/Info/COGAR_DATASETs/OCID-dataset/ARID10/floor/top/curved/seq36/label/result_2018-08-23-17-25-06.png,result_2018-08-23-17-25-06.png,ARID10/floor/top/curved/seq36,ARID10,floor,top,curved,seq36
261,1,/mnt/Info/COGAR_DATASETs/OCID-dataset/ARID10/floor/top/curved/seq36/rgb/result_2018-08-23-17-25-31.png,/mnt/Info/COGAR_DATASETs/OCID-dataset/ARID10/floor/top/curved/seq36/label/result_2018-08-23-17-25-31.png,result_2018-08-23-17-25-31.png,ARID10/floor/top/curved/seq36,ARID10,floor,top,curved,seq36
262,2,/mnt/Info/COGAR_DATASETs/OCID-dataset/ARID10/floor/top/curved/seq36/rgb/result_2018-08-23-17-25-53.png,/mnt/Info/COGAR_DATASETs/OCID-dataset/ARID10/floor/top/curved/seq36/label/result_2018-08-23-17-25-53.png,result_2018-08-23-17-25-53.png,ARID10/floor/top/curved/seq36,ARID10,floor,top,curved,seq36
263,3,/mnt/Info/COGAR_DATASETs/OCID-dataset/ARID10/floor/top/curved/seq36/rgb/result_2018-08-23-17-26-17.png,/mnt/Info/COGAR_DATASETs/OCID-dataset/ARID10/floor/top/curved/seq36/label/result_2018-08-23-17-26-17.png,result_2018-08-23-17-26-17.png,ARID10/floor/top/curved/seq36,ARID10,floor,top,curved,seq36
264,4,/mnt/Info/COGAR_DATASETs/OCID-dataset/ARID10/floor/top/curved/seq36/rgb/result_2018-08-23-17-26-44.png,/mnt/Info/COGAR_DATASETs/OCID-dataset/ARID10/floor/top/curved/seq36/label/result_2018-08-23-17-26-44.png,result_2018-08-23-17-26-44.png,ARID10/floor/top/curved/seq36,ARID10,floor,top,curved,seq36
265,5,/mnt/Info/COGAR_DATASETs/OCID-dataset/ARID10/floor/top/curved/seq36/rgb/result_2018-08-23-17-27-12.png,/mnt/Info/COGAR_DATASETs/OCID-dataset/ARID10/floor/top/curved/seq36/label/result_2018-08-23-17-27-12.png,result_2018-08-23-17-27-12.png,ARID10/floor/top/curved/seq36,ARID10,floor,top,curved,seq36
266,6,/mnt/Info/COGAR_DATASETs/OCID-dataset/ARID10/floor/top/curved/seq36/rgb/result_2018-08-23-17-27-41.png,/mnt/Info/COGAR_DATASETs/OCID-dataset/ARID10/floor/top/curved/seq36/label/result_2018-08-23-17-27-41.png,result_2018-08-23-17-27-41.png,ARID10/floor/top/curved/seq36,ARID10,floor,top,curved,seq36
267,7,/mnt/Info/COGAR_DATASETs/OCID-dataset/ARID10/floor/top/curved/seq36/rgb/result_2018-08-23-17-28-22.png,/mnt/Info/COGAR_DATASETs/OCID-dataset/ARID10/floor/top/curved/seq36/label/result_2018-08-23-17-28-22.png,result_2018-08-23-17-28-22.png,ARID10/floor/top/curved/seq36,ARID10,floor,top,curved,seq36
268,8,/mnt/Info/COGAR_DATASETs/OCID-dataset/ARID10/floor/top/curved/seq36/rgb/result_2018-08-23-17-28-49.png,/mnt/Info/COGAR_DATASETs/OCID-dataset/ARID10/floor/top/curved/seq36/label/result_2018-08-23-17-28-49.png,result_2018-08-23-17-28-49.png,ARID10/floor/top/curved/seq36,ARID10,floor,top,curved,seq36
269,9,/mnt/Info/COGAR_DATASETs/OCID-dataset/ARID10/floor/top/curved/seq36/rgb/result_2018-08-23-17-29-20.png,/mnt/Info/COGAR_DATASETs/OCID-dataset/ARID10/floor/top/curved/seq36/label/result_2018-08-23-17-29-20.png,result_2018-08-23-17-29-20.png,ARID10/floor/top/curved/seq36,ARID10,floor,top,curved,seq36
270,0,/mnt/Info/COGAR_DATASETs/OCID-dataset/ARID10/floor/top/fruits/seq07/rgb/result_2018-08-24-17-29-35.png,/mnt/Info/COGAR_DATASETs/OCID-dataset/ARID10/floor/top/fruits/seq07/label/result_2018-08-24-17-29-35.png,result_2018-08-24-17-29-35.png,ARID10/floor/top/fruits/seq07,ARID10,floor,top,fruits,seq07
271,1,/mnt/Info/COGAR_DATASETs/OCID-dataset/ARID10/floor/top/fruits/seq07/rgb/result_2018-08-24-17-29-55.png,/mnt/Info/COGAR_DATASETs/OCID-dataset/ARID10/floor/top/fruits/seq07/label/result_2018-08-24-17-29-55.png,result_2018-08-24-17-29-55.png,ARID10/floor/top/fruits/seq07,ARID10,floor,top,fruits,seq07
272,2,/mnt/Info/COGAR_DATASETs/OCID-dataset/ARID10/floor/top/fruits/seq07/rgb/result_2018-08-24-17-30-31.png,/mnt/Info/COGAR_DATASETs/OCID-dataset/ARID10/floor/top/fruits/seq07/label/result_2018-08-24-17-30-31.png,result_2018-08-24-17-30-31.png,ARID10/floor/top/fruits/seq07,ARID10,floor,top,fruits,seq07
273,3,/mnt/Info/COGAR_DATASETs/OCID-dataset/ARID10/floor/top/fruits/seq07/rgb/result_2018-08-24-17-30-53.png,/mnt/Info/COGAR_DATASETs/OCID-dataset/ARID10/floor/top/fruits/seq07/label/result_2018-08-24-17-30-53.png,result_2018-08-24-17-30-53.png,ARID10/floor/top/fruits/seq07,ARID10,floor,top,fruits,seq07
274,4,/mnt/Info/COGAR_DATASETs/OCID-dataset/ARID10/floor/top/fruits/seq07/rgb/result_2018-08-24-17-31-21.png,/mnt/Info/COGAR_DATASETs/OCID-dataset/ARID10/floor/top/fruits/seq07/label/result_2018-08-24-17-31-21.png,result_2018-08-24-17-31-21.png,ARID10/floor/top/fruits/seq07,ARID10,floor,top,fruits,seq07
275,5,/mnt/Info/COGAR_DATASETs/OCID-dataset/ARID10/floor/top/fruits/seq07/rgb/result_2018-08-24-17-31-47.png,/mnt/Info/COGAR_DATASETs/OCID-dataset/ARID10/floor/top/fruits/seq07/label/result_2018-08-24-17-31-47.png,result_2018-08-24-17-31-47.png,ARID10/floor/top/fruits/seq07,ARID10,floor,top,fruits,seq07
276,6,/mnt/Info/COGAR_DATASETs/OCID-dataset/ARID10/floor/top/fruits/seq07/rgb/result_2018-08-24-17-32-11.png,/mnt/Info/COGAR_DATASETs/OCID-dataset/ARID10/floor/top/fruits/seq07/label/result_2018-08-24-17-32-11.png,result_2018-08-24-17-32-11.png,ARID10/floor/top/fruits/seq07,ARID10,floor,top,fruits,seq07
277,7,/mnt/Info/COGAR_DATASETs/OCID-dataset/ARID10/floor/top/fruits/seq07/rgb/result_2018-08-24-17-32-33.png,/mnt/Info/COGAR_DATASETs/OCID-dataset/ARID10/floor/top/fruits/seq07/label/result_2018-08-24-17-32-33.png,result_2018-08-24-17-32-33.png,ARID10/floor/top/fruits/seq07,ARID10,floor,top,fruits,seq07
278,8,/mnt/Info/COGAR_DATASETs/OCID-dataset/ARID10/floor/top/fruits/seq07/rgb/result_2018-08-24-17-32-56.png,/mnt/Info/COGAR_DATASETs/OCID-dataset/ARID10/floor/top/fruits/seq07/label/result_2018-08-24-17-32-56.png,result_2018-08-24-17-32-56.png,ARID10/floor/top/fruits/seq07,ARID10,floor,top,fruits,seq07
279,9,/mnt/Info/COGAR_DATASETs/OCID-dataset/ARID10/floor/top/fruits/seq07/rgb/result_2018-08-24-17-33-29.png,/mnt/Info/COGAR_DATASETs/OCID-dataset/ARID10/floor/top/fruits/seq07/label/result_2018-08-24-17-33-29.png,result_2018-08-24-17-33-29.png,ARID10/floor/top/fruits/seq07,ARID10,floor,top,fruits,seq07
280,0,/mnt/Info/COGAR_DATASETs/OCID-dataset/ARID10/floor/top/fruits/seq37/rgb/result_2018-08-23-17-31-45.png,/mnt/Info/COGAR_DATASETs/OCID-dataset/ARID10/floor/top/fruits/seq37/label/result_2018-08-23-17-31-45.png,result_2018-08-23-17-31-45.png,ARID10/floor/top/fruits/seq37,ARID10,floor,top,fruits,seq37
281,1,/mnt/Info/COGAR_DATASETs/OCID-dataset/ARID10/floor/top/fruits/seq37/rgb/result_2018-08-23-17-32-07.png,/mnt/Info/COGAR_DATASETs/OCID-dataset/ARID10/floor/top/fruits/seq37/label/result_2018-08-23-17-32-07.png,result_2018-08-23-17-32-07.png,ARID10/floor/top/fruits/seq37,ARID10,floor,top,fruits,seq37
282,2,/mnt/Info/COGAR_DATASETs/OCID-dataset/ARID10/floor/top/fruits/seq37/rgb/result_2018-08-23-17-32-27.png,/mnt/Info/COGAR_DATASETs/OCID-dataset/ARID10/floor/top/fruits/seq37/label/result_2018-08-23-17-32-27.png,result_2018-08-23-17-32-27.png,ARID10/floor/top/fruits/seq37,ARID10,floor,top,fruits,seq37
283,3,/mnt/Info/COGAR_DATASETs/OCID-dataset/ARID10/floor/top/fruits/seq37/rgb/result_2018-08-23-17-33-00.png,/mnt/Info/COGAR_DATASETs/OCID-dataset/ARID10/floor/top/fruits/seq37/label/result_2018-08-23-17-33-00.png,result_2018-08-23-17-33-00.png,ARID10/floor/top/fruits/seq37,ARID10,floor,top,fruits,seq37
284,4,/mnt/Info/COGAR_DATASETs/OCID-dataset/ARID10/floor/top/fruits/seq37/rgb/result_2018-08-23-17-33-29.png,/mnt/Info/COGAR_DATASETs/OCID-dataset/ARID10/floor/top/fruits/seq37/label/result_2018-08-23-17-33-29.png,result_2018-08-23-17-33-29.png,ARID10/floor/top/fruits/seq37,ARID10,floor,top,fruits,seq37
285,5,/mnt/Info/COGAR_DATASETs/OCID-dataset/ARID10/floor/top/fruits/seq37/rgb/result_2018-08-23-17-33-53.png,/mnt/Info/COGAR_DATASETs/OCID-dataset/ARID10/floor/top/fruits/seq37/label/result_2018-08-23-17-33-53.png,result_2018-08-23-17-33-53.png,ARID10/floor/top/fruits/seq37,ARID10,floor,top,fruits,seq37
286,6,/mnt/Info/COGAR_DATASETs/OCID-dataset/ARID10/floor/top/fruits/seq37/rgb/result_2018-08-23-17-34-18.png,/mnt/Info/COGAR_DATASETs/OCID-dataset/ARID10/floor/top/fruits/seq37/label/result_2018-08-23-17-34-18.png,result_2018-08-23-17-34-18.png,ARID10/floor/top/fruits/seq37,ARID10,floor,top,fruits,seq37
287,7,/mnt/Info/COGAR_DATASETs/OCID-dataset/ARID10/floor/top/fruits/seq37/rgb/result_2018-08-23-17-34-46.png,/mnt/Info/COGAR_DATASETs/OCID-dataset/ARID10/floor/top/fruits/seq37/label/result_2018-08-23-17-34-46.png,result_2018-08-23-17-34-46.png,ARID10/floor/top/fruits/seq37,ARID10,floor,top,fruits,seq37
288,8,/mnt/Info/COGAR_DATASETs/OCID-dataset/ARID10/floor/top/fruits/seq37/rgb/result_2018-08-23-17-35-15.png,/mnt/Info/COGAR_DATASETs/OCID-dataset/ARID10/floor/top/fruits/seq37/label/result_2018-08-23-17-35-15.png,result_2018-08-23-17-35-15.png,ARID10/floor/top/fruits/seq37,ARID10,floor,top,fruits,seq37
289,9,/mnt/Info/COGAR_DATASETs/OCID-dataset/ARID10/floor/top/fruits/seq37/rgb/result_2018-08-23-17-35-41.png,/mnt/Info/COGAR_DATASETs/OCID-dataset/ARID10/floor/top/fruits/seq37/label/result_2018-08-23-17-35-41.png,result_2018-08-23-17-35-41.png,ARID10/floor/top/fruits/seq37,ARID10,floor,top,fruits,seq37
290,0,/mnt/Info/COGAR_DATASETs/OCID-dataset/ARID10/floor/top/fruits/seq38/rgb/result_2018-08-23-17-38-14.png,/mnt/Info/COGAR_DATASETs/OCID-dataset/ARID10/floor/top/fruits/seq38/label/result_2018-08-23-17-38-14.png,result_2018-08-23-17-38-14.png,ARID10/floor/top/fruits/seq38,ARID10,floor,top,fruits,seq38
291,1,/mnt/Info/COGAR_DATASETs/OCID-dataset/ARID10/floor/top/fruits/seq38/rgb/result_2018-08-23-17-38-39.png,/mnt/Info/COGAR_DATASETs/OCID-dataset/ARID10/floor/top/fruits/seq38/label/result_2018-08-23-17-38-39.png,result_2018-08-23-17-38-39.png,ARID10/floor/top/fruits/seq38,ARID10,floor,top,fruits,seq38
292,2,/mnt/Info/COGAR_DATASETs/OCID-dataset/ARID10/floor/top/fruits/seq38/rgb/result_2018-08-23-17-39-31.png,/mnt/Info/COGAR_DATASETs/OCID-dataset/ARID10/floor/top/fruits/seq38/label/result_2018-08-23-17-39-31.png,result_2018-08-23-17-39-31.png,ARID10/floor/top/fruits/seq38,ARID10,floor,top,fruits,seq38
293,3,/mnt/Info/COGAR_DATASETs/OCID-dataset/ARID10/floor/top/fruits/seq38/rgb/result_2018-08-23-17-39-56.png,/mnt/Info/COGAR_DATASETs/OCID-dataset/ARID10/floor/top/fruits/seq38/label/result_2018-08-23-17-39-56.png,result_2018-08-23-17-39-56.png,ARID10/floor/top/fruits/seq38,ARID10,floor,top,fruits,seq38
294,4,/mnt/Info/COGAR_DATASETs/OCID-dataset/ARID10/floor/top/fruits/seq38/rgb/result_2018-08-23-17-40-25.png,/mnt/Info/COGAR_DATASETs/OCID-dataset/ARID10/floor/top/fruits/seq38/label/result_2018-08-23-17-40-25.png,result_2018-08-23-17-40-25.png,ARID10/floor/top/fruits/seq38,ARID10,floor,top,fruits,seq38
295,5,/mnt/Info/COGAR_DATASETs/OCID-dataset/ARID10/floor/top/fruits/seq38/rgb/result_2018-08-23-17-40-49.png,/mnt/Info/COGAR_DATASETs/OCID-dataset/ARID10/floor/top/fruits/seq38/label/result_2018-08-23-17-40-49.png,result_2018-08-23-17-40-49.png,ARID10/floor/top/fruits/seq38,ARID10,floor,top,fruits,seq38
296,6,/mnt/Info/COGAR_DATASETs/OCID-dataset/ARID10/floor/top/fruits/seq38/rgb/result_2018-08-23-17-41-11.png,/mnt/Info/COGAR_DATASETs/OCID-dataset/ARID10/floor/top/fruits/seq38/label/result_2018-08-23-17-41-11.png,result_2018-08-23-17-41-11.png,ARID10/floor/top/fruits/seq38,ARID10,floor,top,fruits,seq38
297,7,/mnt/Info/COGAR_DATASETs/OCID-dataset/ARID10/floor/top/fruits/seq38/rgb/result_2018-08-23-17-41-35.png,/mnt/Info/COGAR_DATASETs/OCID-dataset/ARID10/floor/top/fruits/seq38/label/result_2018-08-23-17-41-35.png,result_2018-08-23-17-41-35.png,ARID10/floor/top/fruits/seq38,ARID10,floor,top,fruits,seq38
298,8,/mnt/Info/COGAR_DATASETs/OCID-dataset/ARID10/floor/top/fruits/seq38/rgb/result_2018-08-23-17-42-14.png,/mnt/Info/COGAR_DATASETs/OCID-dataset/ARID10/floor/top/fruits/seq38/label/result_2018-08-23-17-42-14.png,result_2018-08-23-17-42-14.png,ARID10/floor/top/fruits/seq38,ARID10,floor,top,fruits,seq38
299,9,/mnt/Info/COGAR_DATASETs/OCID-dataset/ARID10/floor/top/fruits/seq38/rgb/result_2018-08-23-17-42-35.png,/mnt/Info/COGAR_DATASETs/OCID-dataset/ARID10/floor/top/fruits/seq38/label/result_2018-08-23-17-42-35.png,result_2018-08-23-17-42-35.png,ARID10/floor/top/fruits/seq38,ARID10,floor,top,fruits,seq38
300,0,/mnt/Info/COGAR_DATASETs/OCID-dataset/ARID10/floor/top/mixed/seq01/rgb/result_2018-08-24-16-54-37.png,/mnt/Info/COGAR_DATASETs/OCID-dataset/ARID10/floor/top/mixed/seq01/label/result_2018-08-24-16-54-37.png,result_2018-08-24-16-54-37.png,ARID10/floor/top/mixed/seq01,ARID10,floor,top,mixed,seq01
301,1,/mnt/Info/COGAR_DATASETs/OCID-dataset/ARID10/floor/top/mixed/seq01/rgb/result_2018-08-24-16-55-04.png,/mnt/Info/COGAR_DATASETs/OCID-dataset/ARID10/floor/top/mixed/seq01/label/result_2018-08-24-16-55-04.png,result_2018-08-24-16-55-04.png,ARID10/floor/top/mixed/seq01,ARID10,floor,top,mixed,seq01
302,2,/mnt/Info/COGAR_DATASETs/OCID-dataset/ARID10/floor/top/mixed/seq01/rgb/result_2018-08-24-16-55-26.png,/mnt/Info/COGAR_DATASETs/OCID-dataset/ARID10/floor/top/mixed/seq01/label/result_2018-08-24-16-55-26.png,result_2018-08-24-16-55-26.png,ARID10/floor/top/mixed/seq01,ARID10,floor,top,mixed,seq01
303,3,/mnt/Info/COGAR_DATASETs/OCID-dataset/ARID10/floor/top/mixed/seq01/rgb/result_2018-08-24-16-55-55.png,/mnt/Info/COGAR_DATASETs/OCID-dataset/ARID10/floor/top/mixed/seq01/label/result_2018-08-24-16-55-55.png,result_2018-08-24-16-55-55.png,ARID10/floor/top/mixed/seq01,ARID10,floor,top,mixed,seq01
304,4,/mnt/Info/COGAR_DATASETs/OCID-dataset/ARID10/floor/top/mixed/seq01/rgb/result_2018-08-24-16-56-24.png,/mnt/Info/COGAR_DATASETs/OCID-dataset/ARID10/floor/top/mixed/seq01/label/result_2018-08-24-16-56-24.png,result_2018-08-24-16-56-24.png,ARID10/floor/top/mixed/seq01,ARID10,floor,top,mixed,seq01
305,5,/mnt/Info/COGAR_DATASETs/OCID-dataset/ARID10/floor/top/mixed/seq01/rgb/result_2018-08-24-16-56-47.png,/mnt/Info/COGAR_DATASETs/OCID-dataset/ARID10/floor/top/mixed/seq01/label/result_2018-08-24-16-56-47.png,result_2018-08-24-16-56-47.png,ARID10/floor/top/mixed/seq01,ARID10,floor,top,mixed,seq01
306,6,/mnt/Info/COGAR_DATASETs/OCID-dataset/ARID10/floor/top/mixed/seq01/rgb/result_2018-08-24-16-57-24.png,/mnt/Info/COGAR_DATASETs/OCID-dataset/ARID10/floor/top/mixed/seq01/label/result_2018-08-24-16-57-24.png,result_2018-08-24-16-57-24.png,ARID10/floor/top/mixed/seq01,ARID10,floor,top,mixed,seq01
307,7,/mnt/Info/COGAR_DATASETs/OCID-dataset/ARID10/floor/top/mixed/seq01/rgb/result_2018-08-24-16-57-51.png,/mnt/Info/COGAR_DATASETs/OCID-dataset/ARID10/floor/top/mixed/seq01/label/result_2018-08-24-16-57-51.png,result_2018-08-24-16-57-51.png,ARID10/floor/top/mixed/seq01,ARID10,floor,top,mixed,seq01
308,8,/mnt/Info/COGAR_DATASETs/OCID-dataset/ARID10/floor/top/mixed/seq01/rgb/result_2018-08-24-16-58-31.png,/mnt/Info/COGAR_DATASETs/OCID-dataset/ARID10/floor/top/mixed/seq01/label/result_2018-08-24-16-58-31.png,result_2018-08-24-16-58-31.png,ARID10/floor/top/mixed/seq01,ARID10,floor,top,mixed,seq01
309,9,/mnt/Info/COGAR_DATASETs/OCID-dataset/ARID10/floor/top/mixed/seq01/rgb/result_2018-08-24-16-59-06.png,/mnt/Info/COGAR_DATASETs/OCID-dataset/ARID10/floor/top/mixed/seq01/label/result_2018-08-24-16-59-06.png,result_2018-08-24-16-59-06.png,ARID10/floor/top/mixed/seq01,ARID10,floor,top,mixed,seq01
310,0,/mnt/Info/COGAR_DATASETs/OCID-dataset/ARID10/floor/top/mixed/seq02/rgb/result_2018-08-24-17-02-58.png,/mnt/Info/COGAR_DATASETs/OCID-dataset/ARID10/floor/top/mixed/seq02/label/result_2018-08-24-17-02-58.png,result_2018-08-24-17-02-58.png,ARID10/floor/top/mixed/seq02,ARID10,floor,top,mixed,seq02
311,1,/mnt/Info/COGAR_DATASETs/OCID-dataset/ARID10/floor/top/mixed/seq02/rgb/result_2018-08-24-17-03-18.png,/mnt/Info/COGAR_DATASETs/OCID-dataset/ARID10/floor/top/mixed/seq02/label/result_2018-08-24-17-03-18.png,result_2018-08-24-17-03-18.png,ARID10/floor/top/mixed/seq02,ARID10,floor,top,mixed,seq02
312,2,/mnt/Info/COGAR_DATASETs/OCID-dataset/ARID10/floor/top/mixed/seq02/rgb/result_2018-08-24-17-03-54.png,/mnt/Info/COGAR_DATASETs/OCID-dataset/ARID10/floor/top/mixed/seq02/label/result_2018-08-24-17-03-54.png,result_2018-08-24-17-03-54.png,ARID10/floor/top/mixed/seq02,ARID10,floor,top,mixed,seq02
313,3,/mnt/Info/COGAR_DATASETs/OCID-dataset/ARID10/floor/top/mixed/seq02/rgb/result_2018-08-24-17-04-16.png,/mnt/Info/COGAR_DATASETs/OCID-dataset/ARID10/floor/top/mixed/seq02/label/result_2018-08-24-17-04-16.png,result_2018-08-24-17-04-16.png,ARID10/floor/top/mixed/seq02,ARID10,floor,top,mixed,seq02
314,4,/mnt/Info/COGAR_DATASETs/OCID-dataset/ARID10/floor/top/mixed/seq02/rgb/result_2018-08-24-17-04-42.png,/mnt/Info/COGAR_DATASETs/OCID-dataset/ARID10/floor/top/mixed/seq02/label/result_2018-08-24-17-04-42.png,result_2018-08-24-17-04-42.png,ARID10/floor/top/mixed/seq02,ARID10,floor,top,mixed,seq02
315,5,/mnt/Info/COGAR_DATASETs/OCID-dataset/ARID10/floor/top/mixed/seq02/rgb/result_2018-08-24-17-05-07.png,/mnt/Info/COGAR_DATASETs/OCID-dataset/ARID10/floor/top/mixed/seq02/label/result_2018-08-24-17-05-07.png,result_2018-08-24-17-05-07.png,ARID10/floor/top/mixed/seq02,ARID10,floor,top,mixed,seq02
316,6,/mnt/Info/COGAR_DATASETs/OCID-dataset/ARID10/floor/top/mixed/seq02/rgb/result_2018-08-24-17-05-32.png,/mnt/Info/COGAR_DATASETs/OCID-dataset/ARID10/floor/top/mixed/seq02/label/result_2018-08-24-17-05-32.png,result_2018-08-24-17-05-32.png,ARID10/floor/top/mixed/seq02,ARID10,floor,top,mixed,seq02
317,7,/mnt/Info/COGAR_DATASETs/OCID-dataset/ARID10/floor/top/mixed/seq02/rgb/result_2018-08-24-17-06-14.png,/mnt/Info/COGAR_DATASETs/OCID-dataset/ARID10/floor/top/mixed/seq02/label/result_2018-08-24-17-06-14.png,result_2018-08-24-17-06-14.png,ARID10/floor/top/mixed/seq02,ARID10,floor,top,mixed,seq02
318,8,/mnt/Info/COGAR_DATASETs/OCID-dataset/ARID10/floor/top/mixed/seq02/rgb/result_2018-08-24-17-06-42.png,/mnt/Info/COGAR_DATASETs/OCID-dataset/ARID10/floor/top/mixed/seq02/label/result_2018-08-24-17-06-42.png,result_2018-08-24-17-06-42.png,ARID10/floor/top/mixed/seq02,ARID10,floor,top,mixed,seq02
319,9,/mnt/Info/COGAR_DATASETs/OCID-dataset/ARID10/floor/top/mixed/seq02/rgb/result_2018-08-24-17-08-45.png,/mnt/Info/COGAR_DATASETs/OCID-dataset/ARID10/floor/top/mixed/seq02/label/result_2018-08-24-17-08-45.png,result_2018-08-24-17-08-45.png,ARID10/floor/top/mixed/seq02,ARID10,floor,top,mixed,seq02
320,0,/mnt/Info/COGAR_DATASETs/OCID-dataset/ARID10/floor/top/mixed/seq31/rgb/result_2018-08-23-14-47-59.png,/mnt/Info/COGAR_DATASETs/OCID-dataset/ARID10/floor/top/mixed/seq31/label/result_2018-08-23-14-47-59.png,result_2018-08-23-14-47-59.png,ARID10/floor/top/mixed/seq31,ARID10,floor,top,mixed,seq31
321,1,/mnt/Info/COGAR_DATASETs/OCID-dataset/ARID10/floor/top/mixed/seq31/rgb/result_2018-08-23-14-48-17.png,/mnt/Info/COGAR_DATASETs/OCID-dataset/ARID10/floor/top/mixed/seq31/label/result_2018-08-23-14-48-17.png,result_2018-08-23-14-48-17.png,ARID10/floor/top/mixed/seq31,ARID10,floor,top,mixed,seq31
322,2,/mnt/Info/COGAR_DATASETs/OCID-dataset/ARID10/floor/top/mixed/seq31/rgb/result_2018-08-23-14-48-36.png,/mnt/Info/COGAR_DATASETs/OCID-dataset/ARID10/floor/top/mixed/seq31/label/result_2018-08-23-14-48-36.png,result_2018-08-23-14-48-36.png,ARID10/floor/top/mixed/seq31,ARID10,floor,top,mixed,seq31
323,3,/mnt/Info/COGAR_DATASETs/OCID-dataset/ARID10/floor/top/mixed/seq31/rgb/result_2018-08-23-14-48-58.png,/mnt/Info/COGAR_DATASETs/OCID-dataset/ARID10/floor/top/mixed/seq31/label/result_2018-08-23-14-48-58.png,result_2018-08-23-14-48-58.png,ARID10/floor/top/mixed/seq31,ARID10,floor,top,mixed,seq31
324,4,/mnt/Info/COGAR_DATASETs/OCID-dataset/ARID10/floor/top/mixed/seq31/rgb/result_2018-08-23-14-49-29.png,/mnt/Info/COGAR_DATASETs/OCID-dataset/ARID10/floor/top/mixed/seq31/label/result_2018-08-23-14-49-29.png,result_2018-08-23-14-49-29.png,ARID10/floor/top/mixed/seq31,ARID10,floor,top,mixed,seq31
325,5,/mnt/Info/COGAR_DATASETs/OCID-dataset/ARID10/floor/top/mixed/seq31/rgb/result_2018-08-23-14-49-50.png,/mnt/Info/COGAR_DATASETs/OCID-dataset/ARID10/floor/top/mixed/seq31/label/result_2018-08-23-14-49-50.png,result_2018-08-23-14-49-50.png,ARID10/floor/top/mixed/seq31,ARID10,floor,top,mixed,seq31
326,6,/mnt/Info/COGAR_DATASETs/OCID-dataset/ARID10/floor/top/mixed/seq31/rgb/result_2018-08-23-14-50-06.png,/mnt/Info/COGAR_DATASETs/OCID-dataset/ARID10/floor/top/mixed/seq31/label/result_2018-08-23-14-50-06.png,result_2018-08-23-14-50-06.png,ARID10/floor/top/mixed/seq31,ARID10,floor,top,mixed,seq31
327,7,/mnt/Info/COGAR_DATASETs/OCID-dataset/ARID10/floor/top/mixed/seq31/rgb/result_2018-08-23-14-50-42.png,/mnt/Info/COGAR_DATASETs/OCID-dataset/ARID10/floor/top/mixed/seq31/label/result_2018-08-23-14-50-42.png,result_2018-08-23-14-50-42.png,ARID10/floor/top/mixed/seq31,ARID10,floor,top,mixed,seq31
328,8,/mnt/Info/COGAR_DATASETs/OCID-dataset/ARID10/floor/top/mixed/seq31/rgb/result_2018-08-23-14-51-07.png,/mnt/Info/COGAR_DATASETs/OCID-dataset/ARID10/floor/top/mixed/seq31/label/result_2018-08-23-14-51-07.png,result_2018-08-23-14-51-07.png,ARID10/floor/top/mixed/seq31,ARID10,floor,top,mixed,seq31
329,9,/mnt/Info/COGAR_DATASETs/OCID-dataset/ARID10/floor/top/mixed/seq31/rgb/result_2018-08-23-14-51-34.png,/mnt/Info/COGAR_DATASETs/OCID-dataset/ARID10/floor/top/mixed/seq31/label/result_2018-08-23-14-51-34.png,result_2018-08-23-14-51-34.png,ARID10/floor/top/mixed/seq31,ARID10,floor,top,mixed,seq31
330,0,/mnt/Info/COGAR_DATASETs/OCID-dataset/ARID10/floor/top/mixed/seq32/rgb/result_2018-08-23-14-54-50.png,/mnt/Info/COGAR_DATASETs/OCID-dataset/ARID10/floor/top/mixed/seq32/label/result_2018-08-23-14-54-50.png,result_2018-08-23-14-54-50.png,ARID10/floor/top/mixed/seq32,ARID10,floor,top,mixed,seq32
331,1,/mnt/Info/COGAR_DATASETs/OCID-dataset/ARID10/floor/top/mixed/seq32/rgb/result_2018-08-23-14-55-11.png,/mnt/Info/COGAR_DATASETs/OCID-dataset/ARID10/floor/top/mixed/seq32/label/result_2018-08-23-14-55-11.png,result_2018-08-23-14-55-11.png,ARID10/floor/top/mixed/seq32,ARID10,floor,top,mixed,seq32
332,2,/mnt/Info/COGAR_DATASETs/OCID-dataset/ARID10/floor/top/mixed/seq32/rgb/result_2018-08-23-14-55-39.png,/mnt/Info/COGAR_DATASETs/OCID-dataset/ARID10/floor/top/mixed/seq32/label/result_2018-08-23-14-55-39.png,result_2018-08-23-14-55-39.png,ARID10/floor/top/mixed/seq32,ARID10,floor,top,mixed,seq32
333,3,/mnt/Info/COGAR_DATASETs/OCID-dataset/ARID10/floor/top/mixed/seq32/rgb/result_2018-08-23-14-56-02.png,/mnt/Info/COGAR_DATASETs/OCID-dataset/ARID10/floor/top/mixed/seq32/label/result_2018-08-23-14-56-02.png,result_2018-08-23-14-56-02.png,ARID10/floor/top/mixed/seq32,ARID10,floor,top,mixed,seq32
334,4,/mnt/Info/COGAR_DATASETs/OCID-dataset/ARID10/floor/top/mixed/seq32/rgb/result_2018-08-23-14-56-20.png,/mnt/Info/COGAR_DATASETs/OCID-dataset/ARID10/floor/top/mixed/seq32/label/result_2018-08-23-14-56-20.png,result_2018-08-23-14-56-20.png,ARID10/floor/top/mixed/seq32,ARID10,floor,top,mixed,seq32
335,5,/mnt/Info/COGAR_DATASETs/OCID-dataset/ARID10/floor/top/mixed/seq32/rgb/result_2018-08-23-14-56-39.png,/mnt/Info/COGAR_DATASETs/OCID-dataset/ARID10/floor/top/mixed/seq32/label/result_2018-08-23-14-56-39.png,result_2018-08-23-14-56-39.png,ARID10/floor/top/mixed/seq32,ARID10,floor,top,mixed,seq32
336,6,/mnt/Info/COGAR_DATASETs/OCID-dataset/ARID10/floor/top/mixed/seq32/rgb/result_2018-08-23-14-57-01.png,/mnt/Info/COGAR_DATASETs/OCID-dataset/ARID10/floor/top/mixed/seq32/label/result_2018-08-23-14-57-01.png,result_2018-08-23-14-57-01.png,ARID10/floor/top/mixed/seq32,ARID10,floor,top,mixed,seq32
337,7,/mnt/Info/COGAR_DATASETs/OCID-dataset/ARID10/floor/top/mixed/seq32/rgb/result_2018-08-23-14-57-29.png,/mnt/Info/COGAR_DATASETs/OCID-dataset/ARID10/floor/top/mixed/seq32/label/result_2018-08-23-14-57-29.png,result_2018-08-23-14-57-29.png,ARID10/floor/top/mixed/seq32,ARID10,floor,top,mixed,seq32
338,8,/mnt/Info/COGAR_DATASETs/OCID-dataset/ARID10/floor/top/mixed/seq32/rgb/result_2018-08-23-14-58-02.png,/mnt/Info/COGAR_DATASETs/OCID-dataset/ARID10/floor/top/mixed/seq32/label/result_2018-08-23-14-58-02.png,result_2018-08-23-14-58-02.png,ARID10/floor/top/mixed/seq32,ARID10,floor,top,mixed,seq32
339,9,/mnt/Info/COGAR_DATASETs/OCID-dataset/ARID10/floor/top/mixed/seq32/rgb/result_2018-08-23-14-58-53.png,/mnt/Info/COGAR_DATASETs/OCID-dataset/ARID10/floor/top/mixed/seq32/label/result_2018-08-23-14-58-53.png,result_2018-08-23-14-58-53.png,ARID10/floor/top/mixed/seq32,ARID10,floor,top,mixed,seq32
340,0,/mnt/Info/COGAR_DATASETs/OCID-dataset/ARID10/floor/top/non-fruits/seq09/rgb/result_2018-08-27-16-09-40.png,/mnt/Info/COGAR_DATASETs/OCID-dataset/ARID10/floor/top/non-fruits/seq09/label/result_2018-08-27-16-09-40.png,result_2018-08-27-16-09-40.png,ARID10/floor/top/non-fruits/seq09,ARID10,floor,top,non-fruits,seq09
341,1,/mnt/Info/COGAR_DATASETs/OCID-dataset/ARID10/floor/top/non-fruits/seq09/rgb/result_2018-08-27-16-10-01.png,/mnt/Info/COGAR_DATASETs/OCID-dataset/ARID10/floor/top/non-fruits/seq09/label/result_2018-08-27-16-10-01.png,result_2018-08-27-16-10-01.png,ARID10/floor/top/non-fruits/seq09,ARID10,floor,top,non-fruits,seq09
342,2,/mnt/Info/COGAR_DATASETs/OCID-dataset/ARID10/floor/top/non-fruits/seq09/rgb/result_2018-08-27-16-10-34.png,/mnt/Info/COGAR_DATASETs/OCID-dataset/ARID10/floor/top/non-fruits/seq09/label/result_2018-08-27-16-10-34.png,result_2018-08-27-16-10-34.png,ARID10/floor/top/non-fruits/seq09,ARID10,floor,top,non-fruits,seq09
343,3,/mnt/Info/COGAR_DATASETs/OCID-dataset/ARID10/floor/top/non-fruits/seq09/rgb/result_2018-08-27-16-10-54.png,/mnt/Info/COGAR_DATASETs/OCID-dataset/ARID10/floor/top/non-fruits/seq09/label/result_2018-08-27-16-10-54.png,result_2018-08-27-16-10-54.png,ARID10/floor/top/non-fruits/seq09,ARID10,floor,top,non-fruits,seq09
344,4,/mnt/Info/COGAR_DATASETs/OCID-dataset/ARID10/floor/top/non-fruits/seq09/rgb/result_2018-08-27-16-11-14.png,/mnt/Info/COGAR_DATASETs/OCID-dataset/ARID10/floor/top/non-fruits/seq09/label/result_2018-08-27-16-11-14.png,result_2018-08-27-16-11-14.png,ARID10/floor/top/non-fruits/seq09,ARID10,floor,top,non-fruits,seq09
345,5,/mnt/Info/COGAR_DATASETs/OCID-dataset/ARID10/floor/top/non-fruits/seq09/rgb/result_2018-08-27-16-11-34.png,/mnt/Info/COGAR_DATASETs/OCID-dataset/ARID10/floor/top/non-fruits/seq09/label/result_2018-08-27-16-11-34.png,result_2018-08-27-16-11-34.png,ARID10/floor/top/non-fruits/seq09,ARID10,floor,top,non-fruits,seq09
346,6,/mnt/Info/COGAR_DATASETs/OCID-dataset/ARID10/floor/top/non-fruits/seq09/rgb/result_2018-08-27-16-12-35.png,/mnt/Info/COGAR_DATASETs/OCID-dataset/ARID10/floor/top/non-fruits/seq09/label/result_2018-08-27-16-12-35.png,result_2018-08-27-16-12-35.png,ARID10/floor/top/non-fruits/seq09,ARID10,floor,top,non-fruits,seq09
347,7,/mnt/Info/COGAR_DATASETs/OCID-dataset/ARID10/floor/top/non-fruits/seq09/rgb/result_2018-08-27-16-12-59.png,/mnt/Info/COGAR_DATASETs/OCID-dataset/ARID10/floor/top/non-fruits/seq09/label/result_2018-08-27-16-12-59.png,result_2018-08-27-16-12-59.png,ARID10/floor/top/non-fruits/seq09,ARID10,floor,top,non-fruits,seq09
348,8,/mnt/Info/COGAR_DATASETs/OCID-dataset/ARID10/floor/top/non-fruits/seq09/rgb/result_2018-08-27-16-13-28.png,/mnt/Info/COGAR_DATASETs/OCID-dataset/ARID10/floor/top/non-fruits/seq09/label/result_2018-08-27-16-13-28.png,result_2018-08-27-16-13-28.png,ARID10/floor/top/non-fruits/seq09,ARID10,floor,top,non-fruits,seq09
349,9,/mnt/Info/COGAR_DATASETs/OCID-dataset/ARID10/floor/top/non-fruits/seq09/rgb/result_2018-08-27-16-14-28.png,/mnt/Info/COGAR_DATASETs/OCID-dataset/ARID10/floor/top/non-fruits/seq09/label/result_2018-08-27-16-14-28.png,result_2018-08-27-16-14-28.png,ARID10/floor/top/non-fruits/seq09,ARID10,floor,top,non-fruits,seq09
350,0,/mnt/Info/COGAR_DATASETs/OCID-dataset/ARID10/floor/top/non-fruits/seq10/rgb/result_2018-08-27-16-18-10.png,/mnt/Info/COGAR_DATASETs/OCID-dataset/ARID10/floor/top/non-fruits/seq10/label/result_2018-08-27-16-18-10.png,result_2018-08-27-16-18-10.png,ARID10/floor/top/non-fruits/seq10,ARID10,floor,top,non-fruits,seq10
351,1,/mnt/Info/COGAR_DATASETs/OCID-dataset/ARID10/floor/top/non-fruits/seq10/rgb/result_2018-08-27-16-18-29.png,/mnt/Info/COGAR_DATASETs/OCID-dataset/ARID10/floor/top/non-fruits/seq10/label/result_2018-08-27-16-18-29.png,result_2018-08-27-16-18-29.png,ARID10/floor/top/non-fruits/seq10,ARID10,floor,top,non-fruits,seq10
352,2,/mnt/Info/COGAR_DATASETs/OCID-dataset/ARID10/floor/top/non-fruits/seq10/rgb/result_2018-08-27-16-18-48.png,/mnt/Info/COGAR_DATASETs/OCID-dataset/ARID10/floor/top/non-fruits/seq10/label/result_2018-08-27-16-18-48.png,result_2018-08-27-16-18-48.png,ARID10/floor/top/non-fruits/seq10,ARID10,floor,top,non-fruits,seq10
353,3,/mnt/Info/COGAR_DATASETs/OCID-dataset/ARID10/floor/top/non-fruits/seq10/rgb/result_2018-08-27-16-19-14.png,/mnt/Info/COGAR_DATASETs/OCID-dataset/ARID10/floor/top/non-fruits/seq10/label/result_2018-08-27-16-19-14.png,result_2018-08-27-16-19-14.png,ARID10/floor/top/non-fruits/seq10,ARID10,floor,top,non-fruits,seq10
354,4,/mnt/Info/COGAR_DATASETs/OCID-dataset/ARID10/floor/top/non-fruits/seq10/rgb/result_2018-08-27-16-19-41.png,/mnt/Info/COGAR_DATASETs/OCID-dataset/ARID10/floor/top/non-fruits/seq10/label/result_2018-08-27-16-19-41.png,result_2018-08-27-16-19-41.png,ARID10/floor/top/non-fruits/seq10,ARID10,floor,top,non-fruits,seq10
355,5,/mnt/Info/COGAR_DATASETs/OCID-dataset/ARID10/floor/top/non-fruits/seq10/rgb/result_2018-08-27-16-19-58.png,/mnt/Info/COGAR_DATASETs/OCID-dataset/ARID10/floor/top/non-fruits/seq10/label/result_2018-08-27-16-19-58.png,result_2018-08-27-16-19-58.png,ARID10/floor/top/non-fruits/seq10,ARID10,floor,top,non-fruits,seq10
356,6,/mnt/Info/COGAR_DATASETs/OCID-dataset/ARID10/floor/top/non-fruits/seq10/rgb/result_2018-08-27-16-20-15.png,/mnt/Info/COGAR_DATASETs/OCID-dataset/ARID10/floor/top/non-fruits/seq10/label/result_2018-08-27-16-20-15.png,result_2018-08-27-16-20-15.png,ARID10/floor/top/non-fruits/seq10,ARID10,floor,top,non-fruits,seq10
357,7,/mnt/Info/COGAR_DATASETs/OCID-dataset/ARID10/floor/top/non-fruits/seq10/rgb/result_2018-08-27-16-20-33.png,/mnt/Info/COGAR_DATASETs/OCID-dataset/ARID10/floor/top/non-fruits/seq10/label/result_2018-08-27-16-20-33.png,result_2018-08-27-16-20-33.png,ARID10/floor/top/non-fruits/seq10,ARID10,floor,top,non-fruits,seq10
358,8,/mnt/Info/COGAR_DATASETs/OCID-dataset/ARID10/floor/top/non-fruits/seq10/rgb/result_2018-08-27-16-20-54.png,/mnt/Info/COGAR_DATASETs/OCID-dataset/ARID10/floor/top/non-fruits/seq10/label/result_2018-08-27-16-20-54.png,result_2018-08-27-16-20-54.png,ARID10/floor/top/non-fruits/seq10,ARID10,floor,top,non-fruits,seq10
359,9,/mnt/Info/COGAR_DATASETs/OCID-dataset/ARID10/floor/top/non-fruits/seq10/rgb/result_2018-08-27-16-21-11.png,/mnt/Info/COGAR_DATASETs/OCID-dataset/ARID10/floor/top/non-fruits/seq10/label/result_2018-08-27-16-21-11.png,result_2018-08-27-16-21-11.png,ARID10/floor/top/non-fruits/seq10,ARID10,floor,top,non-fruits,seq10
360,0,/mnt/Info/COGAR_DATASETs/OCID-dataset/ARID10/floor/top/non-fruits/seq39/rgb/result_2018-08-23-17-49-17.png,/mnt/Info/COGAR_DATASETs/OCID-dataset/ARID10/floor/top/non-fruits/seq39/label/result_2018-08-23-17-49-17.png,result_2018-08-23-17-49-17.png,ARID10/floor/top/non-fruits/seq39,ARID10,floor,top,non-fruits,seq39
361,1,/mnt/Info/COGAR_DATASETs/OCID-dataset/ARID10/floor/top/non-fruits/seq39/rgb/result_2018-08-23-17-50-50.png,/mnt/Info/COGAR_DATASETs/OCID-dataset/ARID10/floor/top/non-fruits/seq39/label/result_2018-08-23-17-50-50.png,result_2018-08-23-17-50-50.png,ARID10/floor/top/non-fruits/seq39,ARID10,floor,top,non-fruits,seq39
362,2,/mnt/Info/COGAR_DATASETs/OCID-dataset/ARID10/floor/top/non-fruits/seq39/rgb/result_2018-08-23-17-51-38.png,/mnt/Info/COGAR_DATASETs/OCID-dataset/ARID10/floor/top/non-fruits/seq39/label/result_2018-08-23-17-51-38.png,result_2018-08-23-17-51-38.png,ARID10/floor/top/non-fruits/seq39,ARID10,floor,top,non-fruits,seq39
363,3,/mnt/Info/COGAR_DATASETs/OCID-dataset/ARID10/floor/top/non-fruits/seq39/rgb/result_2018-08-23-17-52-46.png,/mnt/Info/COGAR_DATASETs/OCID-dataset/ARID10/floor/top/non-fruits/seq39/label/result_2018-08-23-17-52-46.png,result_2018-08-23-17-52-46.png,ARID10/floor/top/non-fruits/seq39,ARID10,floor,top,non-fruits,seq39
364,4,/mnt/Info/COGAR_DATASETs/OCID-dataset/ARID10/floor/top/non-fruits/seq39/rgb/result_2018-08-23-17-53-18.png,/mnt/Info/COGAR_DATASETs/OCID-dataset/ARID10/floor/top/non-fruits/seq39/label/result_2018-08-23-17-53-18.png,result_2018-08-23-17-53-18.png,ARID10/floor/top/non-fruits/seq39,ARID10,floor,top,non-fruits,seq39
365,5,/mnt/Info/COGAR_DATASETs/OCID-dataset/ARID10/floor/top/non-fruits/seq39/rgb/result_2018-08-23-17-53-49.png,/mnt/Info/COGAR_DATASETs/OCID-dataset/ARID10/floor/top/non-fruits/seq39/label/result_2018-08-23-17-53-49.png,result_2018-08-23-17-53-49.png,ARID10/floor/top/non-fruits/seq39,ARID10,floor,top,non-fruits,seq39
366,6,/mnt/Info/COGAR_DATASETs/OCID-dataset/ARID10/floor/top/non-fruits/seq39/rgb/result_2018-08-23-17-54-20.png,/mnt/Info/COGAR_DATASETs/OCID-dataset/ARID10/floor/top/non-fruits/seq39/label/result_2018-08-23-17-54-20.png,result_2018-08-23-17-54-20.png,ARID10/floor/top/non-fruits/seq39,ARID10,floor,top,non-fruits,seq39
367,7,/mnt/Info/COGAR_DATASETs/OCID-dataset/ARID10/floor/top/non-fruits/seq39/rgb/result_2018-08-23-17-54-42.png,/mnt/Info/COGAR_DATASETs/OCID-dataset/ARID10/floor/top/non-fruits/seq39/label/result_2018-08-23-17-54-42.png,result_2018-08-23-17-54-42.png,ARID10/floor/top/non-fruits/seq39,ARID10,floor,top,non-fruits,seq39
368,8,/mnt/Info/COGAR_DATASETs/OCID-dataset/ARID10/floor/top/non-fruits/seq39/rgb/result_2018-08-23-17-55-21.png,/mnt/Info/COGAR_DATASETs/OCID-dataset/ARID10/floor/top/non-fruits/seq39/label/result_2018-08-23-17-55-21.png,result_2018-08-23-17-55-21.png,ARID10/floor/top/non-fruits/seq39,ARID10,floor,top,non-fruits,seq39
369,9,/mnt/Info/COGAR_DATASETs/OCID-dataset/ARID10/floor/top/non-fruits/seq39/rgb/result_2018-08-23-17-56-01.png,/mnt/Info/COGAR_DATASETs/OCID-dataset/ARID10/floor/top/non-fruits/seq39/label/result_2018-08-23-17-56-01.png,result_2018-08-23-17-56-01.png,ARID10/floor/top/non-fruits/seq39,ARID10,floor,top,non-fruits,seq39
370,0,/mnt/Info/COGAR_DATASETs/OCID-dataset/ARID10/floor/top/non-fruits/seq40/rgb/result_2018-08-23-17-58-57.png,/mnt/Info/COGAR_DATASETs/OCID-dataset/ARID10/floor/top/non-fruits/seq40/label/result_2018-08-23-17-58-57.png,result_2018-08-23-17-58-57.png,ARID10/floor/top/non-fruits/seq40,ARID10,floor,top,non-fruits,seq40
371,1,/mnt/Info/COGAR_DATASETs/OCID-dataset/ARID10/floor/top/non-fruits/seq40/rgb/result_2018-08-23-17-59-20.png,/mnt/Info/COGAR_DATASETs/OCID-dataset/ARID10/floor/top/non-fruits/seq40/label/result_2018-08-23-17-59-20.png,result_2018-08-23-17-59-20.png,ARID10/floor/top/non-fruits/seq40,ARID10,floor,top,non-fruits,seq40
372,2,/mnt/Info/COGAR_DATASETs/OCID-dataset/ARID10/floor/top/non-fruits/seq40/rgb/result_2018-08-23-17-59-46.png,/mnt/Info/COGAR_DATASETs/OCID-dataset/ARID10/floor/top/non-fruits/seq40/label/result_2018-08-23-17-59-46.png,result_2018-08-23-17-59-46.png,ARID10/floor/top/non-fruits/seq40,ARID10,floor,top,non-fruits,seq40
373,3,/mnt/Info/COGAR_DATASETs/OCID-dataset/ARID10/floor/top/non-fruits/seq40/rgb/result_2018-08-23-18-00-08.png,/mnt/Info/COGAR_DATASETs/OCID-dataset/ARID10/floor/top/non-fruits/seq40/label/result_2018-08-23-18-00-08.png,result_2018-08-23-18-00-08.png,ARID10/floor/top/non-fruits/seq40,ARID10,floor,top,non-fruits,seq40
374,4,/mnt/Info/COGAR_DATASETs/OCID-dataset/ARID10/floor/top/non-fruits/seq40/rgb/result_2018-08-23-18-00-32.png,/mnt/Info/COGAR_DATASETs/OCID-dataset/ARID10/floor/top/non-fruits/seq40/label/result_2018-08-23-18-00-32.png,result_2018-08-23-18-00-32.png,ARID10/floor/top/non-fruits/seq40,ARID10,floor,top,non-fruits,seq40
375,5,/mnt/Info/COGAR_DATASETs/OCID-dataset/ARID10/floor/top/non-fruits/seq40/rgb/result_2018-08-23-18-01-10.png,/mnt/Info/COGAR_DATASETs/OCID-dataset/ARID10/floor/top/non-fruits/seq40/label/result_2018-08-23-18-01-10.png,result_2018-08-23-18-01-10.png,ARID10/floor/top/non-fruits/seq40,ARID10,floor,top,non-fruits,seq40
376,6,/mnt/Info/COGAR_DATASETs/OCID-dataset/ARID10/floor/top/non-fruits/seq40/rgb/result_2018-08-23-18-03-56.png,/mnt/Info/COGAR_DATASETs/OCID-dataset/ARID10/floor/top/non-fruits/seq40/label/result_2018-08-23-18-03-56.png,result_2018-08-23-18-03-56.png,ARID10/floor/top/non-fruits/seq40,ARID10,floor,top,non-fruits,seq40
377,7,/mnt/Info/COGAR_DATASETs/OCID-dataset/ARID10/floor/top/non-fruits/seq40/rgb/result_2018-08-23-18-04-40.png,/mnt/Info/COGAR_DATASETs/OCID-dataset/ARID10/floor/top/non-fruits/seq40/label/result_2018-08-23-18-04-40.png,result_2018-08-23-18-04-40.png,ARID10/floor/top/non-fruits/seq40,ARID10,floor,top,non-fruits,seq40
378,8,/mnt/Info/COGAR_DATASETs/OCID-dataset/ARID10/floor/top/non-fruits/seq40/rgb/result_2018-08-23-18-05-46.png,/mnt/Info/COGAR_DATASETs/OCID-dataset/ARID10/floor/top/non-fruits/seq40/label/result_2018-08-23-18-05-46.png,result_2018-08-23-18-05-46.png,ARID10/floor/top/non-fruits/seq40,ARID10,floor,top,non-fruits,seq40
379,9,/mnt/Info/COGAR_DATASETs/OCID-dataset/ARID10/floor/top/non-fruits/seq40/rgb/result_2018-08-23-18-06-05.png,/mnt/Info/COGAR_DATASETs/OCID-dataset/ARID10/floor/top/non-fruits/seq40/label/result_2018-08-23-18-06-05.png,result_2018-08-23-18-06-05.png,ARID10/floor/top/non-fruits/seq40,ARID10,floor,top,non-fruits,seq40
380,0,/mnt/Info/COGAR_DATASETs/OCID-dataset/ARID10/table/bottom/box/seq05/rgb/result_2018-08-23-10-34-35.png,/mnt/Info/COGAR_DATASETs/OCID-dataset/ARID10/table/bottom/box/seq05/label/result_2018-08-23-10-34-35.png,result_2018-08-23-10-34-35.png,ARID10/table/bottom/box/seq05,ARID10,table,bottom,box,seq05
381,1,/mnt/Info/COGAR_DATASETs/OCID-dataset/ARID10/table/bottom/box/seq05/rgb/result_2018-08-23-10-37-30.png,/mnt/Info/COGAR_DATASETs/OCID-dataset/ARID10/table/bottom/box/seq05/label/result_2018-08-23-10-37-30.png,result_2018-08-23-10-37-30.png,ARID10/table/bottom/box/seq05,ARID10,table,bottom,box,seq05
382,2,/mnt/Info/COGAR_DATASETs/OCID-dataset/ARID10/table/bottom/box/seq05/rgb/result_2018-08-23-10-37-52.png,/mnt/Info/COGAR_DATASETs/OCID-dataset/ARID10/table/bottom/box/seq05/label/result_2018-08-23-10-37-52.png,result_2018-08-23-10-37-52.png,ARID10/table/bottom/box/seq05,ARID10,table,bottom,box,seq05
383,3,/mnt/Info/COGAR_DATASETs/OCID-dataset/ARID10/table/bottom/box/seq05/rgb/result_2018-08-23-10-38-26.png,/mnt/Info/COGAR_DATASETs/OCID-dataset/ARID10/table/bottom/box/seq05/label/result_2018-08-23-10-38-26.png,result_2018-08-23-10-38-26.png,ARID10/table/bottom/box/seq05,ARID10,table,bottom,box,seq05
384,4,/mnt/Info/COGAR_DATASETs/OCID-dataset/ARID10/table/bottom/box/seq05/rgb/result_2018-08-23-10-38-53.png,/mnt/Info/COGAR_DATASETs/OCID-dataset/ARID10/table/bottom/box/seq05/label/result_2018-08-23-10-38-53.png,result_2018-08-23-10-38-53.png,ARID10/table/bottom/box/seq05,ARID10,table,bottom,box,seq05
385,5,/mnt/Info/COGAR_DATASETs/OCID-dataset/ARID10/table/bottom/box/seq05/rgb/result_2018-08-23-10-39-22.png,/mnt/Info/COGAR_DATASETs/OCID-dataset/ARID10/table/bottom/box/seq05/label/result_2018-08-23-10-39-22.png,result_2018-08-23-10-39-22.png,ARID10/table/bottom/box/seq05,ARID10,table,bottom,box,seq05
386,6,/mnt/Info/COGAR_DATASETs/OCID-dataset/ARID10/table/bottom/box/seq05/rgb/result_2018-08-23-10-40-01.png,/mnt/Info/COGAR_DATASETs/OCID-dataset/ARID10/table/bottom/box/seq05/label/result_2018-08-23-10-40-01.png,result_2018-08-23-10-40-01.png,ARID10/table/bottom/box/seq05,ARID10,table,bottom,box,seq05
387,7,/mnt/Info/COGAR_DATASETs/OCID-dataset/ARID10/table/bottom/box/seq05/rgb/result_2018-08-23-10-40-34.png,/mnt/Info/COGAR_DATASETs/OCID-dataset/ARID10/table/bottom/box/seq05/label/result_2018-08-23-10-40-34.png,result_2018-08-23-10-40-34.png,ARID10/table/bottom/box/seq05,ARID10,table,bottom,box,seq05
388,8,/mnt/Info/COGAR_DATASETs/OCID-dataset/ARID10/table/bottom/box/seq05/rgb/result_2018-08-23-10-41-31.png,/mnt/Info/COGAR_DATASETs/OCID-dataset/ARID10/table/bottom/box/seq05/label/result_2018-08-23-10-41-31.png,result_2018-08-23-10-41-31.png,ARID10/table/bottom/box/seq05,ARID10,table,bottom,box,seq05
389,9,/mnt/Info/COGAR_DATASETs/OCID-dataset/ARID10/table/bottom/box/seq05/rgb/result_2018-08-23-10-42-04.png,/mnt/Info/COGAR_DATASETs/OCID-dataset/ARID10/table/bottom/box/seq05/label/result_2018-08-23-10-42-04.png,result_2018-08-23-10-42-04.png,ARID10/table/bottom/box/seq05,ARID10,table,bottom,box,seq05
390,10,/mnt/Info/COGAR_DATASETs/OCID-dataset/ARID10/table/bottom/box/seq05/rgb/result_2018-08-23-10-42-23.png,/mnt/Info/COGAR_DATASETs/OCID-dataset/ARID10/table/bottom/box/seq05/label/result_2018-08-23-10-42-23.png,result_2018-08-23-10-42-23.png,ARID10/table/bottom/box/seq05,ARID10,table,bottom,box,seq05
391,0,/mnt/Info/COGAR_DATASETs/OCID-dataset/ARID10/table/bottom/box/seq06/rgb/result_2018-08-23-10-45-21.png,/mnt/Info/COGAR_DATASETs/OCID-dataset/ARID10/table/bottom/box/seq06/label/result_2018-08-23-10-45-21.png,result_2018-08-23-10-45-21.png,ARID10/table/bottom/box/seq06,ARID10,table,bottom,box,seq06
392,1,/mnt/Info/COGAR_DATASETs/OCID-dataset/ARID10/table/bottom/box/seq06/rgb/result_2018-08-23-10-47-11.png,/mnt/Info/COGAR_DATASETs/OCID-dataset/ARID10/table/bottom/box/seq06/label/result_2018-08-23-10-47-11.png,result_2018-08-23-10-47-11.png,ARID10/table/bottom/box/seq06,ARID10,table,bottom,box,seq06
393,2,/mnt/Info/COGAR_DATASETs/OCID-dataset/ARID10/table/bottom/box/seq06/rgb/result_2018-08-23-10-47-32.png,/mnt/Info/COGAR_DATASETs/OCID-dataset/ARID10/table/bottom/box/seq06/label/result_2018-08-23-10-47-32.png,result_2018-08-23-10-47-32.png,ARID10/table/bottom/box/seq06,ARID10,table,bottom,box,seq06
394,3,/mnt/Info/COGAR_DATASETs/OCID-dataset/ARID10/table/bottom/box/seq06/rgb/result_2018-08-23-10-48-01.png,/mnt/Info/COGAR_DATASETs/OCID-dataset/ARID10/table/bottom/box/seq06/label/result_2018-08-23-10-48-01.png,result_2018-08-23-10-48-01.png,ARID10/table/bottom/box/seq06,ARID10,table,bottom,box,seq06
395,4,/mnt/Info/COGAR_DATASETs/OCID-dataset/ARID10/table/bottom/box/seq06/rgb/result_2018-08-23-10-48-36.png,/mnt/Info/COGAR_DATASETs/OCID-dataset/ARID10/table/bottom/box/seq06/label/result_2018-08-23-10-48-36.png,result_2018-08-23-10-48-36.png,ARID10/table/bottom/box/seq06,ARID10,table,bottom,box,seq06
396,5,/mnt/Info/COGAR_DATASETs/OCID-dataset/ARID10/table/bottom/box/seq06/rgb/result_2018-08-23-10-48-54.png,/mnt/Info/COGAR_DATASETs/OCID-dataset/ARID10/table/bottom/box/seq06/label/result_2018-08-23-10-48-54.png,result_2018-08-23-10-48-54.png,ARID10/table/bottom/box/seq06,ARID10,table,bottom,box,seq06
397,6,/mnt/Info/COGAR_DATASETs/OCID-dataset/ARID10/table/bottom/box/seq06/rgb/result_2018-08-23-10-49-34.png,/mnt/Info/COGAR_DATASETs/OCID-dataset/ARID10/table/bottom/box/seq06/label/result_2018-08-23-10-49-34.png,result_2018-08-23-10-49-34.png,ARID10/table/bottom/box/seq06,ARID10,table,bottom,box,seq06
398,7,/mnt/Info/COGAR_DATASETs/OCID-dataset/ARID10/table/bottom/box/seq06/rgb/result_2018-08-23-10-50-07.png,/mnt/Info/COGAR_DATASETs/OCID-dataset/ARID10/table/bottom/box/seq06/label/result_2018-08-23-10-50-07.png,result_2018-08-23-10-50-07.png,ARID10/table/bottom/box/seq06,ARID10,table,bottom,box,seq06
399,8,/mnt/Info/COGAR_DATASETs/OCID-dataset/ARID10/table/bottom/box/seq06/rgb/result_2018-08-23-10-50-45.png,/mnt/Info/COGAR_DATASETs/OCID-dataset/ARID10/table/bottom/box/seq06/label/result_2018-08-23-10-50-45.png,result_2018-08-23-10-50-45.png,ARID10/table/bottom/box/seq06,ARID10,table,bottom,box,seq06
400,9,/mnt/Info/COGAR_DATASETs/OCID-dataset/ARID10/table/bottom/box/seq06/rgb/result_2018-08-23-10-51-21.png,/mnt/Info/COGAR_DATASETs/OCID-dataset/ARID10/table/bottom/box/seq06/label/result_2018-08-23-10-51-21.png,result_2018-08-23-10-51-21.png,ARID10/table/bottom/box/seq06,ARID10,table,bottom,box,seq06
401,10,/mnt/Info/COGAR_DATASETs/OCID-dataset/ARID10/table/bottom/box/seq06/rgb/result_2018-08-23-10-51-51.png,/mnt/Info/COGAR_DATASETs/OCID-dataset/ARID10/table/bottom/box/seq06/label/result_2018-08-23-10-51-51.png,result_2018-08-23-10-51-51.png,ARID10/table/bottom/box/seq06,ARID10,table,bottom,box,seq06
402,0,/mnt/Info/COGAR_DATASETs/OCID-dataset/ARID10/table/bottom/box/seq15/rgb/result_2018-08-23-13-03-12.png,/mnt/Info/COGAR_DATASETs/OCID-dataset/ARID10/table/bottom/box/seq15/label/result_2018-08-23-13-03-12.png,result_2018-08-23-13-03-12.png,ARID10/table/bottom/box/seq15,ARID10,table,bottom,box,seq15
403,1,/mnt/Info/COGAR_DATASETs/OCID-dataset/ARID10/table/bottom/box/seq15/rgb/result_2018-08-23-13-03-42.png,/mnt/Info/COGAR_DATASETs/OCID-dataset/ARID10/table/bottom/box/seq15/label/result_2018-08-23-13-03-42.png,result_2018-08-23-13-03-42.png,ARID10/table/bottom/box/seq15,ARID10,table,bottom,box,seq15
404,2,/mnt/Info/COGAR_DATASETs/OCID-dataset/ARID10/table/bottom/box/seq15/rgb/result_2018-08-23-13-04-11.png,/mnt/Info/COGAR_DATASETs/OCID-dataset/ARID10/table/bottom/box/seq15/label/result_2018-08-23-13-04-11.png,result_2018-08-23-13-04-11.png,ARID10/table/bottom/box/seq15,ARID10,table,bottom,box,seq15
405,3,/mnt/Info/COGAR_DATASETs/OCID-dataset/ARID10/table/bottom/box/seq15/rgb/result_2018-08-23-13-04-50.png,/mnt/Info/COGAR_DATASETs/OCID-dataset/ARID10/table/bottom/box/seq15/label/result_2018-08-23-13-04-50.png,result_2018-08-23-13-04-50.png,ARID10/table/bottom/box/seq15,ARID10,table,bottom,box,seq15
406,4,/mnt/Info/COGAR_DATASETs/OCID-dataset/ARID10/table/bottom/box/seq15/rgb/result_2018-08-23-13-05-17.png,/mnt/Info/COGAR_DATASETs/OCID-dataset/ARID10/table/bottom/box/seq15/label/result_2018-08-23-13-05-17.png,result_2018-08-23-13-05-17.png,ARID10/table/bottom/box/seq15,ARID10,table,bottom,box,seq15
407,5,/mnt/Info/COGAR_DATASETs/OCID-dataset/ARID10/table/bottom/box/seq15/rgb/result_2018-08-23-13-06-34.png,/mnt/Info/COGAR_DATASETs/OCID-dataset/ARID10/table/bottom/box/seq15/label/result_2018-08-23-13-06-34.png,result_2018-08-23-13-06-34.png,ARID10/table/bottom/box/seq15,ARID10,table,bottom,box,seq15
408,6,/mnt/Info/COGAR_DATASETs/OCID-dataset/ARID10/table/bottom/box/seq15/rgb/result_2018-08-23-13-07-19.png,/mnt/Info/COGAR_DATASETs/OCID-dataset/ARID10/table/bottom/box/seq15/label/result_2018-08-23-13-07-19.png,result_2018-08-23-13-07-19.png,ARID10/table/bottom/box/seq15,ARID10,table,bottom,box,seq15
409,7,/mnt/Info/COGAR_DATASETs/OCID-dataset/ARID10/table/bottom/box/seq15/rgb/result_2018-08-23-13-08-43.png,/mnt/Info/COGAR_DATASETs/OCID-dataset/ARID10/table/bottom/box/seq15/label/result_2018-08-23-13-08-43.png,result_2018-08-23-13-08-43.png,ARID10/table/bottom/box/seq15,ARID10,table,bottom,box,seq15
410,8,/mnt/Info/COGAR_DATASETs/OCID-dataset/ARID10/table/bottom/box/seq15/rgb/result_2018-08-23-13-09-08.png,/mnt/Info/COGAR_DATASETs/OCID-dataset/ARID10/table/bottom/box/seq15/label/result_2018-08-23-13-09-08.png,result_2018-08-23-13-09-08.png,ARID10/table/bottom/box/seq15,ARID10,table,bottom,box,seq15
411,9,/mnt/Info/COGAR_DATASETs/OCID-dataset/ARID10/table/bottom/box/seq15/rgb/result_2018-08-23-13-09-55.png,/mnt/Info/COGAR_DATASETs/OCID-dataset/ARID10/table/bottom/box/seq15/label/result_2018-08-23-13-09-55.png,result_2018-08-23-13-09-55.png,ARID10/table/bottom/box/seq15,ARID10,table,bottom,box,seq15
412,10,/mnt/Info/COGAR_DATASETs/OCID-dataset/ARID10/table/bottom/box/seq15/rgb/result_2018-08-23-13-10-27.png,/mnt/Info/COGAR_DATASETs/OCID-dataset/ARID10/table/bottom/box/seq15/label/result_2018-08-23-13-10-27.png,result_2018-08-23-13-10-27.png,ARID10/table/bottom/box/seq15,ARID10,table,bottom,box,seq15
413,0,/mnt/Info/COGAR_DATASETs/OCID-dataset/ARID10/table/bottom/box/seq16/rgb/result_2018-08-23-13-13-55.png,/mnt/Info/COGAR_DATASETs/OCID-dataset/ARID10/table/bottom/box/seq16/label/result_2018-08-23-13-13-55.png,result_2018-08-23-13-13-55.png,ARID10/table/bottom/box/seq16,ARID10,table,bottom,box,seq16
414,1,/mnt/Info/COGAR_DATASETs/OCID-dataset/ARID10/table/bottom/box/seq16/rgb/result_2018-08-23-13-14-25.png,/mnt/Info/COGAR_DATASETs/OCID-dataset/ARID10/table/bottom/box/seq16/label/result_2018-08-23-13-14-25.png,result_2018-08-23-13-14-25.png,ARID10/table/bottom/box/seq16,ARID10,table,bottom,box,seq16
415,2,/mnt/Info/COGAR_DATASETs/OCID-dataset/ARID10/table/bottom/box/seq16/rgb/result_2018-08-23-13-15-04.png,/mnt/Info/COGAR_DATASETs/OCID-dataset/ARID10/table/bottom/box/seq16/label/result_2018-08-23-13-15-04.png,result_2018-08-23-13-15-04.png,ARID10/table/bottom/box/seq16,ARID10,table,bottom,box,seq16
416,3,/mnt/Info/COGAR_DATASETs/OCID-dataset/ARID10/table/bottom/box/seq16/rgb/result_2018-08-23-13-15-55.png,/mnt/Info/COGAR_DATASETs/OCID-dataset/ARID10/table/bottom/box/seq16/label/result_2018-08-23-13-15-55.png,result_2018-08-23-13-15-55.png,ARID10/table/bottom/box/seq16,ARID10,table,bottom,box,seq16
417,4,/mnt/Info/COGAR_DATASETs/OCID-dataset/ARID10/table/bottom/box/seq16/rgb/result_2018-08-23-13-16-28.png,/mnt/Info/COGAR_DATASETs/OCID-dataset/ARID10/table/bottom/box/seq16/label/result_2018-08-23-13-16-28.png,result_2018-08-23-13-16-28.png,ARID10/table/bottom/box/seq16,ARID10,table,bottom,box,seq16
418,5,/mnt/Info/COGAR_DATASETs/OCID-dataset/ARID10/table/bottom/box/seq16/rgb/result_2018-08-23-13-16-56.png,/mnt/Info/COGAR_DATASETs/OCID-dataset/ARID10/table/bottom/box/seq16/label/result_2018-08-23-13-16-56.png,result_2018-08-23-13-16-56.png,ARID10/table/bottom/box/seq16,ARID10,table,bottom,box,seq16
419,6,/mnt/Info/COGAR_DATASETs/OCID-dataset/ARID10/table/bottom/box/seq16/rgb/result_2018-08-23-13-17-26.png,/mnt/Info/COGAR_DATASETs/OCID-dataset/ARID10/table/bottom/box/seq16/label/result_2018-08-23-13-17-26.png,result_2018-08-23-13-17-26.png,ARID10/table/bottom/box/seq16,ARID10,table,bottom,box,seq16
420,7,/mnt/Info/COGAR_DATASETs/OCID-dataset/ARID10/table/bottom/box/seq16/rgb/result_2018-08-23-13-18-06.png,/mnt/Info/COGAR_DATASETs/OCID-dataset/ARID10/table/bottom/box/seq16/label/result_2018-08-23-13-18-06.png,result_2018-08-23-13-18-06.png,ARID10/table/bottom/box/seq16,ARID10,table,bottom,box,seq16
421,8,/mnt/Info/COGAR_DATASETs/OCID-dataset/ARID10/table/bottom/box/seq16/rgb/result_2018-08-23-13-18-51.png,/mnt/Info/COGAR_DATASETs/OCID-dataset/ARID10/table/bottom/box/seq16/label/result_2018-08-23-13-18-51.png,result_2018-08-23-13-18-51.png,ARID10/table/bottom/box/seq16,ARID10,table,bottom,box,seq16
422,9,/mnt/Info/COGAR_DATASETs/OCID-dataset/ARID10/table/bottom/box/seq16/rgb/result_2018-08-23-13-19-20.png,/mnt/Info/COGAR_DATASETs/OCID-dataset/ARID10/table/bottom/box/seq16/label/result_2018-08-23-13-19-20.png,result_2018-08-23-13-19-20.png,ARID10/table/bottom/box/seq16,ARID10,table,bottom,box,seq16
423,10,/mnt/Info/COGAR_DATASETs/OCID-dataset/ARID10/table/bottom/box/seq16/rgb/result_2018-08-23-13-19-50.png,/mnt/Info/COGAR_DATASETs/OCID-dataset/ARID10/table/bottom/box/seq16/label/result_2018-08-23-13-19-50.png,result_2018-08-23-13-19-50.png,ARID10/table/bottom/box/seq16,ARID10,table,bottom,box,seq16
424,0,/mnt/Info/COGAR_DATASETs/OCID-dataset/ARID10/table/bottom/curved/seq07/rgb/result_2018-08-23-10-55-51.png,/mnt/Info/COGAR_DATASETs/OCID-dataset/ARID10/table/bottom/curved/seq07/label/result_2018-08-23-10-55-51.png,result_2018-08-23-10-55-51.png,ARID10/table/bottom/curved/seq07,ARID10,table,bottom,curved,seq07
425,1,/mnt/Info/COGAR_DATASETs/OCID-dataset/ARID10/table/bottom/curved/seq07/rgb/result_2018-08-23-10-56-13.png,/mnt/Info/COGAR_DATASETs/OCID-dataset/ARID10/table/bottom/curved/seq07/label/result_2018-08-23-10-56-13.png,result_2018-08-23-10-56-13.png,ARID10/table/bottom/curved/seq07,ARID10,table,bottom,curved,seq07
426,2,/mnt/Info/COGAR_DATASETs/OCID-dataset/ARID10/table/bottom/curved/seq07/rgb/result_2018-08-23-10-56-32.png,/mnt/Info/COGAR_DATASETs/OCID-dataset/ARID10/table/bottom/curved/seq07/label/result_2018-08-23-10-56-32.png,result_2018-08-23-10-56-32.png,ARID10/table/bottom/curved/seq07,ARID10,table,bottom,curved,seq07
427,3,/mnt/Info/COGAR_DATASETs/OCID-dataset/ARID10/table/bottom/curved/seq07/rgb/result_2018-08-23-10-56-54.png,/mnt/Info/COGAR_DATASETs/OCID-dataset/ARID10/table/bottom/curved/seq07/label/result_2018-08-23-10-56-54.png,result_2018-08-23-10-56-54.png,ARID10/table/bottom/curved/seq07,ARID10,table,bottom,curved,seq07
428,4,/mnt/Info/COGAR_DATASETs/OCID-dataset/ARID10/table/bottom/curved/seq07/rgb/result_2018-08-23-10-57-18.png,/mnt/Info/COGAR_DATASETs/OCID-dataset/ARID10/table/bottom/curved/seq07/label/result_2018-08-23-10-57-18.png,result_2018-08-23-10-57-18.png,ARID10/table/bottom/curved/seq07,ARID10,table,bottom,curved,seq07
429,5,/mnt/Info/COGAR_DATASETs/OCID-dataset/ARID10/table/bottom/curved/seq07/rgb/result_2018-08-23-10-57-36.png,/mnt/Info/COGAR_DATASETs/OCID-dataset/ARID10/table/bottom/curved/seq07/label/result_2018-08-23-10-57-36.png,result_2018-08-23-10-57-36.png,ARID10/table/bottom/curved/seq07,ARID10,table,bottom,curved,seq07
430,6,/mnt/Info/COGAR_DATASETs/OCID-dataset/ARID10/table/bottom/curved/seq07/rgb/result_2018-08-23-10-58-07.png,/mnt/Info/COGAR_DATASETs/OCID-dataset/ARID10/table/bottom/curved/seq07/label/result_2018-08-23-10-58-07.png,result_2018-08-23-10-58-07.png,ARID10/table/bottom/curved/seq07,ARID10,table,bottom,curved,seq07
431,7,/mnt/Info/COGAR_DATASETs/OCID-dataset/ARID10/table/bottom/curved/seq07/rgb/result_2018-08-23-10-58-35.png,/mnt/Info/COGAR_DATASETs/OCID-dataset/ARID10/table/bottom/curved/seq07/label/result_2018-08-23-10-58-35.png,result_2018-08-23-10-58-35.png,ARID10/table/bottom/curved/seq07,ARID10,table,bottom,curved,seq07
432,8,/mnt/Info/COGAR_DATASETs/OCID-dataset/ARID10/table/bottom/curved/seq07/rgb/result_2018-08-23-10-58-59.png,/mnt/Info/COGAR_DATASETs/OCID-dataset/ARID10/table/bottom/curved/seq07/label/result_2018-08-23-10-58-59.png,result_2018-08-23-10-58-59.png,ARID10/table/bottom/curved/seq07,ARID10,table,bottom,curved,seq07
433,9,/mnt/Info/COGAR_DATASETs/OCID-dataset/ARID10/table/bottom/curved/seq07/rgb/result_2018-08-23-10-59-26.png,/mnt/Info/COGAR_DATASETs/OCID-dataset/ARID10/table/bottom/curved/seq07/label/result_2018-08-23-10-59-26.png,result_2018-08-23-10-59-26.png,ARID10/table/bottom/curved/seq07,ARID10,table,bottom,curved,seq07
434,10,/mnt/Info/COGAR_DATASETs/OCID-dataset/ARID10/table/bottom/curved/seq07/rgb/result_2018-08-23-10-59-49.png,/mnt/Info/COGAR_DATASETs/OCID-dataset/ARID10/table/bottom/curved/seq07/label/result_2018-08-23-10-59-49.png,result_2018-08-23-10-59-49.png,ARID10/table/bottom/curved/seq07,ARID10,table,bottom,curved,seq07
435,0,/mnt/Info/COGAR_DATASETs/OCID-dataset/ARID10/table/bottom/curved/seq08/rgb/result_2018-08-23-11-02-37.png,/mnt/Info/COGAR_DATASETs/OCID-dataset/ARID10/table/bottom/curved/seq08/label/result_2018-08-23-11-02-37.png,result_2018-08-23-11-02-37.png,ARID10/table/bottom/curved/seq08,ARID10,table,bottom,curved,seq08
436,1,/mnt/Info/COGAR_DATASETs/OCID-dataset/ARID10/table/bottom/curved/seq08/rgb/result_2018-08-23-11-03-16.png,/mnt/Info/COGAR_DATASETs/OCID-dataset/ARID10/table/bottom/curved/seq08/label/result_2018-08-23-11-03-16.png,result_2018-08-23-11-03-16.png,ARID10/table/bottom/curved/seq08,ARID10,table,bottom,curved,seq08
437,2,/mnt/Info/COGAR_DATASETs/OCID-dataset/ARID10/table/bottom/curved/seq08/rgb/result_2018-08-23-11-03-40.png,/mnt/Info/COGAR_DATASETs/OCID-dataset/ARID10/table/bottom/curved/seq08/label/result_2018-08-23-11-03-40.png,result_2018-08-23-11-03-40.png,ARID10/table/bottom/curved/seq08,ARID10,table,bottom,curved,seq08
438,3,/mnt/Info/COGAR_DATASETs/OCID-dataset/ARID10/table/bottom/curved/seq08/rgb/result_2018-08-23-11-04-00.png,/mnt/Info/COGAR_DATASETs/OCID-dataset/ARID10/table/bottom/curved/seq08/label/result_2018-08-23-11-04-00.png,result_2018-08-23-11-04-00.png,ARID10/table/bottom/curved/seq08,ARID10,table,bottom,curved,seq08
439,4,/mnt/Info/COGAR_DATASETs/OCID-dataset/ARID10/table/bottom/curved/seq08/rgb/result_2018-08-23-11-04-23.png,/mnt/Info/COGAR_DATASETs/OCID-dataset/ARID10/table/bottom/curved/seq08/label/result_2018-08-23-11-04-23.png,result_2018-08-23-11-04-23.png,ARID10/table/bottom/curved/seq08,ARID10,table,bottom,curved,seq08
440,5,/mnt/Info/COGAR_DATASETs/OCID-dataset/ARID10/table/bottom/curved/seq08/rgb/result_2018-08-23-11-04-58.png,/mnt/Info/COGAR_DATASETs/OCID-dataset/ARID10/table/bottom/curved/seq08/label/result_2018-08-23-11-04-58.png,result_2018-08-23-11-04-58.png,ARID10/table/bottom/curved/seq08,ARID10,table,bottom,curved,seq08
441,6,/mnt/Info/COGAR_DATASETs/OCID-dataset/ARID10/table/bottom/curved/seq08/rgb/result_2018-08-23-11-05-20.png,/mnt/Info/COGAR_DATASETs/OCID-dataset/ARID10/table/bottom/curved/seq08/label/result_2018-08-23-11-05-20.png,result_2018-08-23-11-05-20.png,ARID10/table/bottom/curved/seq08,ARID10,table,bottom,curved,seq08
442,7,/mnt/Info/COGAR_DATASETs/OCID-dataset/ARID10/table/bottom/curved/seq08/rgb/result_2018-08-23-11-05-52.png,/mnt/Info/COGAR_DATASETs/OCID-dataset/ARID10/table/bottom/curved/seq08/label/result_2018-08-23-11-05-52.png,result_2018-08-23-11-05-52.png,ARID10/table/bottom/curved/seq08,ARID10,table,bottom,curved,seq08
443,8,/mnt/Info/COGAR_DATASETs/OCID-dataset/ARID10/table/bottom/curved/seq08/rgb/result_2018-08-23-11-06-21.png,/mnt/Info/COGAR_DATASETs/OCID-dataset/ARID10/table/bottom/curved/seq08/label/result_2018-08-23-11-06-21.png,result_2018-08-23-11-06-21.png,ARID10/table/bottom/curved/seq08,ARID10,table,bottom,curved,seq08
444,9,/mnt/Info/COGAR_DATASETs/OCID-dataset/ARID10/table/bottom/curved/seq08/rgb/result_2018-08-23-11-06-53.png,/mnt/Info/COGAR_DATASETs/OCID-dataset/ARID10/table/bottom/curved/seq08/label/result_2018-08-23-11-06-53.png,result_2018-08-23-11-06-53.png,ARID10/table/bottom/curved/seq08,ARID10,table,bottom,curved,seq08
445,10,/mnt/Info/COGAR_DATASETs/OCID-dataset/ARID10/table/bottom/curved/seq08/rgb/result_2018-08-23-11-07-41.png,/mnt/Info/COGAR_DATASETs/OCID-dataset/ARID10/table/bottom/curved/seq08/label/result_2018-08-23-11-07-41.png,result_2018-08-23-11-07-41.png,ARID10/table/bottom/curved/seq08,ARID10,table,bottom,curved,seq08
446,0,/mnt/Info/COGAR_DATASETs/OCID-dataset/ARID10/table/bottom/curved/seq17/rgb/result_2018-08-23-13-23-03.png,/mnt/Info/COGAR_DATASETs/OCID-dataset/ARID10/table/bottom/curved/seq17/label/result_2018-08-23-13-23-03.png,result_2018-08-23-13-23-03.png,ARID10/table/bottom/curved/seq17,ARID10,table,bottom,curved,seq17
447,1,/mnt/Info/COGAR_DATASETs/OCID-dataset/ARID10/table/bottom/curved/seq17/rgb/result_2018-08-23-13-23-30.png,/mnt/Info/COGAR_DATASETs/OCID-dataset/ARID10/table/bottom/curved/seq17/label/result_2018-08-23-13-23-30.png,result_2018-08-23-13-23-30.png,ARID10/table/bottom/curved/seq17,ARID10,table,bottom,curved,seq17
448,2,/mnt/Info/COGAR_DATASETs/OCID-dataset/ARID10/table/bottom/curved/seq17/rgb/result_2018-08-23-13-23-52.png,/mnt/Info/COGAR_DATASETs/OCID-dataset/ARID10/table/bottom/curved/seq17/label/result_2018-08-23-13-23-52.png,result_2018-08-23-13-23-52.png,ARID10/table/bottom/curved/seq17,ARID10,table,bottom,curved,seq17
449,3,/mnt/Info/COGAR_DATASETs/OCID-dataset/ARID10/table/bottom/curved/seq17/rgb/result_2018-08-23-13-24-12.png,/mnt/Info/COGAR_DATASETs/OCID-dataset/ARID10/table/bottom/curved/seq17/label/result_2018-08-23-13-24-12.png,result_2018-08-23-13-24-12.png,ARID10/table/bottom/curved/seq17,ARID10,table,bottom,curved,seq17
450,4,/mnt/Info/COGAR_DATASETs/OCID-dataset/ARID10/table/bottom/curved/seq17/rgb/result_2018-08-23-13-25-15.png,/mnt/Info/COGAR_DATASETs/OCID-dataset/ARID10/table/bottom/curved/seq17/label/result_2018-08-23-13-25-15.png,result_2018-08-23-13-25-15.png,ARID10/table/bottom/curved/seq17,ARID10,table,bottom,curved,seq17
451,5,/mnt/Info/COGAR_DATASETs/OCID-dataset/ARID10/table/bottom/curved/seq17/rgb/result_2018-08-23-13-25-40.png,/mnt/Info/COGAR_DATASETs/OCID-dataset/ARID10/table/bottom/curved/seq17/label/result_2018-08-23-13-25-40.png,result_2018-08-23-13-25-40.png,ARID10/table/bottom/curved/seq17,ARID10,table,bottom,curved,seq17
452,6,/mnt/Info/COGAR_DATASETs/OCID-dataset/ARID10/table/bottom/curved/seq17/rgb/result_2018-08-23-13-26-03.png,/mnt/Info/COGAR_DATASETs/OCID-dataset/ARID10/table/bottom/curved/seq17/label/result_2018-08-23-13-26-03.png,result_2018-08-23-13-26-03.png,ARID10/table/bottom/curved/seq17,ARID10,table,bottom,curved,seq17
453,7,/mnt/Info/COGAR_DATASETs/OCID-dataset/ARID10/table/bottom/curved/seq17/rgb/result_2018-08-23-13-26-33.png,/mnt/Info/COGAR_DATASETs/OCID-dataset/ARID10/table/bottom/curved/seq17/label/result_2018-08-23-13-26-33.png,result_2018-08-23-13-26-33.png,ARID10/table/bottom/curved/seq17,ARID10,table,bottom,curved,seq17
454,8,/mnt/Info/COGAR_DATASETs/OCID-dataset/ARID10/table/bottom/curved/seq17/rgb/result_2018-08-23-13-26-58.png,/mnt/Info/COGAR_DATASETs/OCID-dataset/ARID10/table/bottom/curved/seq17/label/result_2018-08-23-13-26-58.png,result_2018-08-23-13-26-58.png,ARID10/table/bottom/curved/seq17,ARID10,table,bottom,curved,seq17
455,9,/mnt/Info/COGAR_DATASETs/OCID-dataset/ARID10/table/bottom/curved/seq17/rgb/result_2018-08-23-13-27-26.png,/mnt/Info/COGAR_DATASETs/OCID-dataset/ARID10/table/bottom/curved/seq17/label/result_2018-08-23-13-27-26.png,result_2018-08-23-13-27-26.png,ARID10/table/bottom/curved/seq17,ARID10,table,bottom,curved,seq17
456,10,/mnt/Info/COGAR_DATASETs/OCID-dataset/ARID10/table/bottom/curved/seq17/rgb/result_2018-08-23-13-27-51.png,/mnt/Info/COGAR_DATASETs/OCID-dataset/ARID10/table/bottom/curved/seq17/label/result_2018-08-23-13-27-51.png,result_2018-08-23-13-27-51.png,ARID10/table/bottom/curved/seq17,ARID10,table,bottom,curved,seq17
457,0,/mnt/Info/COGAR_DATASETs/OCID-dataset/ARID10/table/bottom/curved/seq18/rgb/result_2018-08-23-13-30-51.png,/mnt/Info/COGAR_DATASETs/OCID-dataset/ARID10/table/bottom/curved/seq18/label/result_2018-08-23-13-30-51.png,result_2018-08-23-13-30-51.png,ARID10/table/bottom/curved/seq18,ARID10,table,bottom,curved,seq18
458,1,/mnt/Info/COGAR_DATASETs/OCID-dataset/ARID10/table/bottom/curved/seq18/rgb/result_2018-08-23-13-31-09.png,/mnt/Info/COGAR_DATASETs/OCID-dataset/ARID10/table/bottom/curved/seq18/label/result_2018-08-23-13-31-09.png,result_2018-08-23-13-31-09.png,ARID10/table/bottom/curved/seq18,ARID10,table,bottom,curved,seq18
459,2,/mnt/Info/COGAR_DATASETs/OCID-dataset/ARID10/table/bottom/curved/seq18/rgb/result_2018-08-23-13-31-30.png,/mnt/Info/COGAR_DATASETs/OCID-dataset/ARID10/table/bottom/curved/seq18/label/result_2018-08-23-13-31-30.png,result_2018-08-23-13-31-30.png,ARID10/table/bottom/curved/seq18,ARID10,table,bottom,curved,seq18
460,3,/mnt/Info/COGAR_DATASETs/OCID-dataset/ARID10/table/bottom/curved/seq18/rgb/result_2018-08-23-13-32-00.png,/mnt/Info/COGAR_DATASETs/OCID-dataset/ARID10/table/bottom/curved/seq18/label/result_2018-08-23-13-32-00.png,result_2018-08-23-13-32-00.png,ARID10/table/bottom/curved/seq18,ARID10,table,bottom,curved,seq18
461,4,/mnt/Info/COGAR_DATASETs/OCID-dataset/ARID10/table/bottom/curved/seq18/rgb/result_2018-08-23-13-32-28.png,/mnt/Info/COGAR_DATASETs/OCID-dataset/ARID10/table/bottom/curved/seq18/label/result_2018-08-23-13-32-28.png,result_2018-08-23-13-32-28.png,ARID10/table/bottom/curved/seq18,ARID10,table,bottom,curved,seq18
462,5,/mnt/Info/COGAR_DATASETs/OCID-dataset/ARID10/table/bottom/curved/seq18/rgb/result_2018-08-23-13-32-55.png,/mnt/Info/COGAR_DATASETs/OCID-dataset/ARID10/table/bottom/curved/seq18/label/result_2018-08-23-13-32-55.png,result_2018-08-23-13-32-55.png,ARID10/table/bottom/curved/seq18,ARID10,table,bottom,curved,seq18
463,6,/mnt/Info/COGAR_DATASETs/OCID-dataset/ARID10/table/bottom/curved/seq18/rgb/result_2018-08-23-13-33-20.png,/mnt/Info/COGAR_DATASETs/OCID-dataset/ARID10/table/bottom/curved/seq18/label/result_2018-08-23-13-33-20.png,result_2018-08-23-13-33-20.png,ARID10/table/bottom/curved/seq18,ARID10,table,bottom,curved,seq18
464,7,/mnt/Info/COGAR_DATASETs/OCID-dataset/ARID10/table/bottom/curved/seq18/rgb/result_2018-08-23-13-34-12.png,/mnt/Info/COGAR_DATASETs/OCID-dataset/ARID10/table/bottom/curved/seq18/label/result_2018-08-23-13-34-12.png,result_2018-08-23-13-34-12.png,ARID10/table/bottom/curved/seq18,ARID10,table,bottom,curved,seq18
465,8,/mnt/Info/COGAR_DATASETs/OCID-dataset/ARID10/table/bottom/curved/seq18/rgb/result_2018-08-23-13-34-51.png,/mnt/Info/COGAR_DATASETs/OCID-dataset/ARID10/table/bottom/curved/seq18/label/result_2018-08-23-13-34-51.png,result_2018-08-23-13-34-51.png,ARID10/table/bottom/curved/seq18,ARID10,table,bottom,curved,seq18
466,9,/mnt/Info/COGAR_DATASETs/OCID-dataset/ARID10/table/bottom/curved/seq18/rgb/result_2018-08-23-13-35-13.png,/mnt/Info/COGAR_DATASETs/OCID-dataset/ARID10/table/bottom/curved/seq18/label/result_2018-08-23-13-35-13.png,result_2018-08-23-13-35-13.png,ARID10/table/bottom/curved/seq18,ARID10,table,bottom,curved,seq18
467,10,/mnt/Info/COGAR_DATASETs/OCID-dataset/ARID10/table/bottom/curved/seq18/rgb/result_2018-08-23-13-35-49.png,/mnt/Info/COGAR_DATASETs/OCID-dataset/ARID10/table/bottom/curved/seq18/label/result_2018-08-23-13-35-49.png,result_2018-08-23-13-35-49.png,ARID10/table/bottom/curved/seq18,ARID10,table,bottom,curved,seq18
468,0,/mnt/Info/COGAR_DATASETs/OCID-dataset/ARID10/table/bottom/fruits/seq09/rgb/result_2018-08-23-11-13-30.png,/mnt/Info/COGAR_DATASETs/OCID-dataset/ARID10/table/bottom/fruits/seq09/label/result_2018-08-23-11-13-30.png,result_2018-08-23-11-13-30.png,ARID10/table/bottom/fruits/seq09,ARID10,table,bottom,fruits,seq09
469,1,/mnt/Info/COGAR_DATASETs/OCID-dataset/ARID10/table/bottom/fruits/seq09/rgb/result_2018-08-23-11-13-52.png,/mnt/Info/COGAR_DATASETs/OCID-dataset/ARID10/table/bottom/fruits/seq09/label/result_2018-08-23-11-13-52.png,result_2018-08-23-11-13-52.png,ARID10/table/bottom/fruits/seq09,ARID10,table,bottom,fruits,seq09
470,2,/mnt/Info/COGAR_DATASETs/OCID-dataset/ARID10/table/bottom/fruits/seq09/rgb/result_2018-08-23-11-14-41.png,/mnt/Info/COGAR_DATASETs/OCID-dataset/ARID10/table/bottom/fruits/seq09/label/result_2018-08-23-11-14-41.png,result_2018-08-23-11-14-41.png,ARID10/table/bottom/fruits/seq09,ARID10,table,bottom,fruits,seq09
471,3,/mnt/Info/COGAR_DATASETs/OCID-dataset/ARID10/table/bottom/fruits/seq09/rgb/result_2018-08-23-11-15-11.png,/mnt/Info/COGAR_DATASETs/OCID-dataset/ARID10/table/bottom/fruits/seq09/label/result_2018-08-23-11-15-11.png,result_2018-08-23-11-15-11.png,ARID10/table/bottom/fruits/seq09,ARID10,table,bottom,fruits,seq09
472,4,/mnt/Info/COGAR_DATASETs/OCID-dataset/ARID10/table/bottom/fruits/seq09/rgb/result_2018-08-23-11-16-04.png,/mnt/Info/COGAR_DATASETs/OCID-dataset/ARID10/table/bottom/fruits/seq09/label/result_2018-08-23-11-16-04.png,result_2018-08-23-11-16-04.png,ARID10/table/bottom/fruits/seq09,ARID10,table,bottom,fruits,seq09
473,5,/mnt/Info/COGAR_DATASETs/OCID-dataset/ARID10/table/bottom/fruits/seq09/rgb/result_2018-08-23-11-16-37.png,/mnt/Info/COGAR_DATASETs/OCID-dataset/ARID10/table/bottom/fruits/seq09/label/result_2018-08-23-11-16-37.png,result_2018-08-23-11-16-37.png,ARID10/table/bottom/fruits/seq09,ARID10,table,bottom,fruits,seq09
474,6,/mnt/Info/COGAR_DATASETs/OCID-dataset/ARID10/table/bottom/fruits/seq09/rgb/result_2018-08-23-11-17-04.png,/mnt/Info/COGAR_DATASETs/OCID-dataset/ARID10/table/bottom/fruits/seq09/label/result_2018-08-23-11-17-04.png,result_2018-08-23-11-17-04.png,ARID10/table/bottom/fruits/seq09,ARID10,table,bottom,fruits,seq09
475,7,/mnt/Info/COGAR_DATASETs/OCID-dataset/ARID10/table/bottom/fruits/seq09/rgb/result_2018-08-23-11-17-35.png,/mnt/Info/COGAR_DATASETs/OCID-dataset/ARID10/table/bottom/fruits/seq09/label/result_2018-08-23-11-17-35.png,result_2018-08-23-11-17-35.png,ARID10/table/bottom/fruits/seq09,ARID10,table,bottom,fruits,seq09
476,8,/mnt/Info/COGAR_DATASETs/OCID-dataset/ARID10/table/bottom/fruits/seq09/rgb/result_2018-08-23-11-18-02.png,/mnt/Info/COGAR_DATASETs/OCID-dataset/ARID10/table/bottom/fruits/seq09/label/result_2018-08-23-11-18-02.png,result_2018-08-23-11-18-02.png,ARID10/table/bottom/fruits/seq09,ARID10,table,bottom,fruits,seq09
477,9,/mnt/Info/COGAR_DATASETs/OCID-dataset/ARID10/table/bottom/fruits/seq09/rgb/result_2018-08-23-11-18-36.png,/mnt/Info/COGAR_DATASETs/OCID-dataset/ARID10/table/bottom/fruits/seq09/label/result_2018-08-23-11-18-36.png,result_2018-08-23-11-18-36.png,ARID10/table/bottom/fruits/seq09,ARID10,table,bottom,fruits,seq09
478,10,/mnt/Info/COGAR_DATASETs/OCID-dataset/ARID10/table/bottom/fruits/seq09/rgb/result_2018-08-23-11-19-11.png,/mnt/Info/COGAR_DATASETs/OCID-dataset/ARID10/table/bottom/fruits/seq09/label/result_2018-08-23-11-19-11.png,result_2018-08-23-11-19-11.png,ARID10/table/bottom/fruits/seq09,ARID10,table,bottom,fruits,seq09
479,0,/mnt/Info/COGAR_DATASETs/OCID-dataset/ARID10/table/bottom/fruits/seq10/rgb/result_2018-08-23-14-21-22.png,/mnt/Info/COGAR_DATASETs/OCID-dataset/ARID10/table/bottom/fruits/seq10/label/result_2018-08-23-14-21-22.png,result_2018-08-23-14-21-22.png,ARID10/table/bottom/fruits/seq10,ARID10,table,bottom,fruits,seq10
480,1,/mnt/Info/COGAR_DATASETs/OCID-dataset/ARID10/table/bottom/fruits/seq10/rgb/result_2018-08-23-14-21-39.png,/mnt/Info/COGAR_DATASETs/OCID-dataset/ARID10/table/bottom/fruits/seq10/label/result_2018-08-23-14-21-39.png,result_2018-08-23-14-21-39.png,ARID10/table/bottom/fruits/seq10,ARID10,table,bottom,fruits,seq10
481,2,/mnt/Info/COGAR_DATASETs/OCID-dataset/ARID10/table/bottom/fruits/seq10/rgb/result_2018-08-23-14-21-57.png,/mnt/Info/COGAR_DATASETs/OCID-dataset/ARID10/table/bottom/fruits/seq10/label/result_2018-08-23-14-21-57.png,result_2018-08-23-14-21-57.png,ARID10/table/bottom/fruits/seq10,ARID10,table,bottom,fruits,seq10
482,3,/mnt/Info/COGAR_DATASETs/OCID-dataset/ARID10/table/bottom/fruits/seq10/rgb/result_2018-08-23-14-22-16.png,/mnt/Info/COGAR_DATASETs/OCID-dataset/ARID10/table/bottom/fruits/seq10/label/result_2018-08-23-14-22-16.png,result_2018-08-23-14-22-16.png,ARID10/table/bottom/fruits/seq10,ARID10,table,bottom,fruits,seq10
483,4,/mnt/Info/COGAR_DATASETs/OCID-dataset/ARID10/table/bottom/fruits/seq10/rgb/result_2018-08-23-14-22-35.png,/mnt/Info/COGAR_DATASETs/OCID-dataset/ARID10/table/bottom/fruits/seq10/label/result_2018-08-23-14-22-35.png,result_2018-08-23-14-22-35.png,ARID10/table/bottom/fruits/seq10,ARID10,table,bottom,fruits,seq10
484,5,/mnt/Info/COGAR_DATASETs/OCID-dataset/ARID10/table/bottom/fruits/seq10/rgb/result_2018-08-23-14-22-54.png,/mnt/Info/COGAR_DATASETs/OCID-dataset/ARID10/table/bottom/fruits/seq10/label/result_2018-08-23-14-22-54.png,result_2018-08-23-14-22-54.png,ARID10/table/bottom/fruits/seq10,ARID10,table,bottom,fruits,seq10
485,6,/mnt/Info/COGAR_DATASETs/OCID-dataset/ARID10/table/bottom/fruits/seq10/rgb/result_2018-08-23-14-23-24.png,/mnt/Info/COGAR_DATASETs/OCID-dataset/ARID10/table/bottom/fruits/seq10/label/result_2018-08-23-14-23-24.png,result_2018-08-23-14-23-24.png,ARID10/table/bottom/fruits/seq10,ARID10,table,bottom,fruits,seq10
486,7,/mnt/Info/COGAR_DATASETs/OCID-dataset/ARID10/table/bottom/fruits/seq10/rgb/result_2018-08-23-14-23-47.png,/mnt/Info/COGAR_DATASETs/OCID-dataset/ARID10/table/bottom/fruits/seq10/label/result_2018-08-23-14-23-47.png,result_2018-08-23-14-23-47.png,ARID10/table/bottom/fruits/seq10,ARID10,table,bottom,fruits,seq10
487,8,/mnt/Info/COGAR_DATASETs/OCID-dataset/ARID10/table/bottom/fruits/seq10/rgb/result_2018-08-23-14-24-05.png,/mnt/Info/COGAR_DATASETs/OCID-dataset/ARID10/table/bottom/fruits/seq10/label/result_2018-08-23-14-24-05.png,result_2018-08-23-14-24-05.png,ARID10/table/bottom/fruits/seq10,ARID10,table,bottom,fruits,seq10
488,9,/mnt/Info/COGAR_DATASETs/OCID-dataset/ARID10/table/bottom/fruits/seq10/rgb/result_2018-08-23-14-24-45.png,/mnt/Info/COGAR_DATASETs/OCID-dataset/ARID10/table/bottom/fruits/seq10/label/result_2018-08-23-14-24-45.png,result_2018-08-23-14-24-45.png,ARID10/table/bottom/fruits/seq10,ARID10,table,bottom,fruits,seq10
489,10,/mnt/Info/COGAR_DATASETs/OCID-dataset/ARID10/table/bottom/fruits/seq10/rgb/result_2018-08-23-14-25-07.png,/mnt/Info/COGAR_DATASETs/OCID-dataset/ARID10/table/bottom/fruits/seq10/label/result_2018-08-23-14-25-07.png,result_2018-08-23-14-25-07.png,ARID10/table/bottom/fruits/seq10,ARID10,table,bottom,fruits,seq10
490,0,/mnt/Info/COGAR_DATASETs/OCID-dataset/ARID10/table/bottom/fruits/seq19/rgb/result_2018-08-23-13-39-16.png,/mnt/Info/COGAR_DATASETs/OCID-dataset/ARID10/table/bottom/fruits/seq19/label/result_2018-08-23-13-39-16.png,result_2018-08-23-13-39-16.png,ARID10/table/bottom/fruits/seq19,ARID10,table,bottom,fruits,seq19
491,1,/mnt/Info/COGAR_DATASETs/OCID-dataset/ARID10/table/bottom/fruits/seq19/rgb/result_2018-08-23-13-39-40.png,/mnt/Info/COGAR_DATASETs/OCID-dataset/ARID10/table/bottom/fruits/seq19/label/result_2018-08-23-13-39-40.png,result_2018-08-23-13-39-40.png,ARID10/table/bottom/fruits/seq19,ARID10,table,bottom,fruits,seq19
492,2,/mnt/Info/COGAR_DATASETs/OCID-dataset/ARID10/table/bottom/fruits/seq19/rgb/result_2018-08-23-13-39-57.png,/mnt/Info/COGAR_DATASETs/OCID-dataset/ARID10/table/bottom/fruits/seq19/label/result_2018-08-23-13-39-57.png,result_2018-08-23-13-39-57.png,ARID10/table/bottom/fruits/seq19,ARID10,table,bottom,fruits,seq19
493,3,/mnt/Info/COGAR_DATASETs/OCID-dataset/ARID10/table/bottom/fruits/seq19/rgb/result_2018-08-23-13-40-26.png,/mnt/Info/COGAR_DATASETs/OCID-dataset/ARID10/table/bottom/fruits/seq19/label/result_2018-08-23-13-40-26.png,result_2018-08-23-13-40-26.png,ARID10/table/bottom/fruits/seq19,ARID10,table,bottom,fruits,seq19
494,4,/mnt/Info/COGAR_DATASETs/OCID-dataset/ARID10/table/bottom/fruits/seq19/rgb/result_2018-08-23-13-41-00.png,/mnt/Info/COGAR_DATASETs/OCID-dataset/ARID10/table/bottom/fruits/seq19/label/result_2018-08-23-13-41-00.png,result_2018-08-23-13-41-00.png,ARID10/table/bottom/fruits/seq19,ARID10,table,bottom,fruits,seq19
495,5,/mnt/Info/COGAR_DATASETs/OCID-dataset/ARID10/table/bottom/fruits/seq19/rgb/result_2018-08-23-13-41-27.png,/mnt/Info/COGAR_DATASETs/OCID-dataset/ARID10/table/bottom/fruits/seq19/label/result_2018-08-23-13-41-27.png,result_2018-08-23-13-41-27.png,ARID10/table/bottom/fruits/seq19,ARID10,table,bottom,fruits,seq19
496,6,/mnt/Info/COGAR_DATASETs/OCID-dataset/ARID10/table/bottom/fruits/seq19/rgb/result_2018-08-23-13-41-58.png,/mnt/Info/COGAR_DATASETs/OCID-dataset/ARID10/table/bottom/fruits/seq19/label/result_2018-08-23-13-41-58.png,result_2018-08-23-13-41-58.png,ARID10/table/bottom/fruits/seq19,ARID10,table,bottom,fruits,seq19
497,7,/mnt/Info/COGAR_DATASETs/OCID-dataset/ARID10/table/bottom/fruits/seq19/rgb/result_2018-08-23-13-42-26.png,/mnt/Info/COGAR_DATASETs/OCID-dataset/ARID10/table/bottom/fruits/seq19/label/result_2018-08-23-13-42-26.png,result_2018-08-23-13-42-26.png,ARID10/table/bottom/fruits/seq19,ARID10,table,bottom,fruits,seq19
498,8,/mnt/Info/COGAR_DATASETs/OCID-dataset/ARID10/table/bottom/fruits/seq19/rgb/result_2018-08-23-13-42-49.png,/mnt/Info/COGAR_DATASETs/OCID-dataset/ARID10/table/bottom/fruits/seq19/label/result_2018-08-23-13-42-49.png,result_2018-08-23-13-42-49.png,ARID10/table/bottom/fruits/seq19,ARID10,table,bottom,fruits,seq19
499,9,/mnt/Info/COGAR_DATASETs/OCID-dataset/ARID10/table/bottom/fruits/seq19/rgb/result_2018-08-23-13-43-13.png,/mnt/Info/COGAR_DATASETs/OCID-dataset/ARID10/table/bottom/fruits/seq19/label/result_2018-08-23-13-43-13.png,result_2018-08-23-13-43-13.png,ARID10/table/bottom/fruits/seq19,ARID10,table,bottom,fruits,seq19
500,10,/mnt/Info/COGAR_DATASETs/OCID-dataset/ARID10/table/bottom/fruits/seq19/rgb/result_2018-08-23-13-43-44.png,/mnt/Info/COGAR_DATASETs/OCID-dataset/ARID10/table/bottom/fruits/seq19/label/result_2018-08-23-13-43-44.png,result_2018-08-23-13-43-44.png,ARID10/table/bottom/fruits/seq19,ARID10,table,bottom,fruits,seq19
501,0,/mnt/Info/COGAR_DATASETs/OCID-dataset/ARID10/table/bottom/fruits/seq20/rgb/result_2018-08-23-13-47-57.png,/mnt/Info/COGAR_DATASETs/OCID-dataset/ARID10/table/bottom/fruits/seq20/label/result_2018-08-23-13-47-57.png,result_2018-08-23-13-47-57.png,ARID10/table/bottom/fruits/seq20,ARID10,table,bottom,fruits,seq20
502,1,/mnt/Info/COGAR_DATASETs/OCID-dataset/ARID10/table/bottom/fruits/seq20/rgb/result_2018-08-23-13-48-51.png,/mnt/Info/COGAR_DATASETs/OCID-dataset/ARID10/table/bottom/fruits/seq20/label/result_2018-08-23-13-48-51.png,result_2018-08-23-13-48-51.png,ARID10/table/bottom/fruits/seq20,ARID10,table,bottom,fruits,seq20
503,2,/mnt/Info/COGAR_DATASETs/OCID-dataset/ARID10/table/bottom/fruits/seq20/rgb/result_2018-08-23-13-49-13.png,/mnt/Info/COGAR_DATASETs/OCID-dataset/ARID10/table/bottom/fruits/seq20/label/result_2018-08-23-13-49-13.png,result_2018-08-23-13-49-13.png,ARID10/table/bottom/fruits/seq20,ARID10,table,bottom,fruits,seq20
504,3,/mnt/Info/COGAR_DATASETs/OCID-dataset/ARID10/table/bottom/fruits/seq20/rgb/result_2018-08-23-13-49-40.png,/mnt/Info/COGAR_DATASETs/OCID-dataset/ARID10/table/bottom/fruits/seq20/label/result_2018-08-23-13-49-40.png,result_2018-08-23-13-49-40.png,ARID10/table/bottom/fruits/seq20,ARID10,table,bottom,fruits,seq20
505,4,/mnt/Info/COGAR_DATASETs/OCID-dataset/ARID10/table/bottom/fruits/seq20/rgb/result_2018-08-23-13-50-13.png,/mnt/Info/COGAR_DATASETs/OCID-dataset/ARID10/table/bottom/fruits/seq20/label/result_2018-08-23-13-50-13.png,result_2018-08-23-13-50-13.png,ARID10/table/bottom/fruits/seq20,ARID10,table,bottom,fruits,seq20
506,5,/mnt/Info/COGAR_DATASETs/OCID-dataset/ARID10/table/bottom/fruits/seq20/rgb/result_2018-08-23-13-50-54.png,/mnt/Info/COGAR_DATASETs/OCID-dataset/ARID10/table/bottom/fruits/seq20/label/result_2018-08-23-13-50-54.png,result_2018-08-23-13-50-54.png,ARID10/table/bottom/fruits/seq20,ARID10,table,bottom,fruits,seq20
507,6,/mnt/Info/COGAR_DATASETs/OCID-dataset/ARID10/table/bottom/fruits/seq20/rgb/result_2018-08-23-13-52-08.png,/mnt/Info/COGAR_DATASETs/OCID-dataset/ARID10/table/bottom/fruits/seq20/label/result_2018-08-23-13-52-08.png,result_2018-08-23-13-52-08.png,ARID10/table/bottom/fruits/seq20,ARID10,table,bottom,fruits,seq20
508,7,/mnt/Info/COGAR_DATASETs/OCID-dataset/ARID10/table/bottom/fruits/seq20/rgb/result_2018-08-23-13-52-47.png,/mnt/Info/COGAR_DATASETs/OCID-dataset/ARID10/table/bottom/fruits/seq20/label/result_2018-08-23-13-52-47.png,result_2018-08-23-13-52-47.png,ARID10/table/bottom/fruits/seq20,ARID10,table,bottom,fruits,seq20
509,8,/mnt/Info/COGAR_DATASETs/OCID-dataset/ARID10/table/bottom/fruits/seq20/rgb/result_2018-08-23-13-53-18.png,/mnt/Info/COGAR_DATASETs/OCID-dataset/ARID10/table/bottom/fruits/seq20/label/result_2018-08-23-13-53-18.png,result_2018-08-23-13-53-18.png,ARID10/table/bottom/fruits/seq20,ARID10,table,bottom,fruits,seq20
510,9,/mnt/Info/COGAR_DATASETs/OCID-dataset/ARID10/table/bottom/fruits/seq20/rgb/result_2018-08-23-13-53-46.png,/mnt/Info/COGAR_DATASETs/OCID-dataset/ARID10/table/bottom/fruits/seq20/label/result_2018-08-23-13-53-46.png,result_2018-08-23-13-53-46.png,ARID10/table/bottom/fruits/seq20,ARID10,table,bottom,fruits,seq20
511,10,/mnt/Info/COGAR_DATASETs/OCID-dataset/ARID10/table/bottom/fruits/seq20/rgb/result_2018-08-23-13-54-08.png,/mnt/Info/COGAR_DATASETs/OCID-dataset/ARID10/table/bottom/fruits/seq20/label/result_2018-08-23-13-54-08.png,result_2018-08-23-13-54-08.png,ARID10/table/bottom/fruits/seq20,ARID10,table,bottom,fruits,seq20
512,0,/mnt/Info/COGAR_DATASETs/OCID-dataset/ARID10/table/bottom/mixed/seq03/rgb/result_2018-08-23-10-17-23.png,/mnt/Info/COGAR_DATASETs/OCID-dataset/ARID10/table/bottom/mixed/seq03/label/result_2018-08-23-10-17-23.png,result_2018-08-23-10-17-23.png,ARID10/table/bottom/mixed/seq03,ARID10,table,bottom,mixed,seq03
513,1,/mnt/Info/COGAR_DATASETs/OCID-dataset/ARID10/table/bottom/mixed/seq03/rgb/result_2018-08-23-10-17-47.png,/mnt/Info/COGAR_DATASETs/OCID-dataset/ARID10/table/bottom/mixed/seq03/label/result_2018-08-23-10-17-47.png,result_2018-08-23-10-17-47.png,ARID10/table/bottom/mixed/seq03,ARID10,table,bottom,mixed,seq03
514,2,/mnt/Info/COGAR_DATASETs/OCID-dataset/ARID10/table/bottom/mixed/seq03/rgb/result_2018-08-23-10-18-14.png,/mnt/Info/COGAR_DATASETs/OCID-dataset/ARID10/table/bottom/mixed/seq03/label/result_2018-08-23-10-18-14.png,result_2018-08-23-10-18-14.png,ARID10/table/bottom/mixed/seq03,ARID10,table,bottom,mixed,seq03
515,3,/mnt/Info/COGAR_DATASETs/OCID-dataset/ARID10/table/bottom/mixed/seq03/rgb/result_2018-08-23-10-18-42.png,/mnt/Info/COGAR_DATASETs/OCID-dataset/ARID10/table/bottom/mixed/seq03/label/result_2018-08-23-10-18-42.png,result_2018-08-23-10-18-42.png,ARID10/table/bottom/mixed/seq03,ARID10,table,bottom,mixed,seq03
516,4,/mnt/Info/COGAR_DATASETs/OCID-dataset/ARID10/table/bottom/mixed/seq03/rgb/result_2018-08-23-10-19-06.png,/mnt/Info/COGAR_DATASETs/OCID-dataset/ARID10/table/bottom/mixed/seq03/label/result_2018-08-23-10-19-06.png,result_2018-08-23-10-19-06.png,ARID10/table/bottom/mixed/seq03,ARID10,table,bottom,mixed,seq03
517,5,/mnt/Info/COGAR_DATASETs/OCID-dataset/ARID10/table/bottom/mixed/seq03/rgb/result_2018-08-23-10-19-31.png,/mnt/Info/COGAR_DATASETs/OCID-dataset/ARID10/table/bottom/mixed/seq03/label/result_2018-08-23-10-19-31.png,result_2018-08-23-10-19-31.png,ARID10/table/bottom/mixed/seq03,ARID10,table,bottom,mixed,seq03
518,6,/mnt/Info/COGAR_DATASETs/OCID-dataset/ARID10/table/bottom/mixed/seq03/rgb/result_2018-08-23-10-19-49.png,/mnt/Info/COGAR_DATASETs/OCID-dataset/ARID10/table/bottom/mixed/seq03/label/result_2018-08-23-10-19-49.png,result_2018-08-23-10-19-49.png,ARID10/table/bottom/mixed/seq03,ARID10,table,bottom,mixed,seq03
519,7,/mnt/Info/COGAR_DATASETs/OCID-dataset/ARID10/table/bottom/mixed/seq03/rgb/result_2018-08-23-10-20-19.png,/mnt/Info/COGAR_DATASETs/OCID-dataset/ARID10/table/bottom/mixed/seq03/label/result_2018-08-23-10-20-19.png,result_2018-08-23-10-20-19.png,ARID10/table/bottom/mixed/seq03,ARID10,table,bottom,mixed,seq03
520,8,/mnt/Info/COGAR_DATASETs/OCID-dataset/ARID10/table/bottom/mixed/seq03/rgb/result_2018-08-23-10-20-41.png,/mnt/Info/COGAR_DATASETs/OCID-dataset/ARID10/table/bottom/mixed/seq03/label/result_2018-08-23-10-20-41.png,result_2018-08-23-10-20-41.png,ARID10/table/bottom/mixed/seq03,ARID10,table,bottom,mixed,seq03
521,9,/mnt/Info/COGAR_DATASETs/OCID-dataset/ARID10/table/bottom/mixed/seq03/rgb/result_2018-08-23-10-21-15.png,/mnt/Info/COGAR_DATASETs/OCID-dataset/ARID10/table/bottom/mixed/seq03/label/result_2018-08-23-10-21-15.png,result_2018-08-23-10-21-15.png,ARID10/table/bottom/mixed/seq03,ARID10,table,bottom,mixed,seq03
522,10,/mnt/Info/COGAR_DATASETs/OCID-dataset/ARID10/table/bottom/mixed/seq03/rgb/result_2018-08-23-10-21-39.png,/mnt/Info/COGAR_DATASETs/OCID-dataset/ARID10/table/bottom/mixed/seq03/label/result_2018-08-23-10-21-39.png,result_2018-08-23-10-21-39.png,ARID10/table/bottom/mixed/seq03,ARID10,table,bottom,mixed,seq03
523,0,/mnt/Info/COGAR_DATASETs/OCID-dataset/ARID10/table/bottom/mixed/seq04/rgb/result_2018-08-23-10-27-21.png,/mnt/Info/COGAR_DATASETs/OCID-dataset/ARID10/table/bottom/mixed/seq04/label/result_2018-08-23-10-27-21.png,result_2018-08-23-10-27-21.png,ARID10/table/bottom/mixed/seq04,ARID10,table,bottom,mixed,seq04
524,1,/mnt/Info/COGAR_DATASETs/OCID-dataset/ARID10/table/bottom/mixed/seq04/rgb/result_2018-08-23-10-27-42.png,/mnt/Info/COGAR_DATASETs/OCID-dataset/ARID10/table/bottom/mixed/seq04/label/result_2018-08-23-10-27-42.png,result_2018-08-23-10-27-42.png,ARID10/table/bottom/mixed/seq04,ARID10,table,bottom,mixed,seq04
525,2,/mnt/Info/COGAR_DATASETs/OCID-dataset/ARID10/table/bottom/mixed/seq04/rgb/result_2018-08-23-10-28-12.png,/mnt/Info/COGAR_DATASETs/OCID-dataset/ARID10/table/bottom/mixed/seq04/label/result_2018-08-23-10-28-12.png,result_2018-08-23-10-28-12.png,ARID10/table/bottom/mixed/seq04,ARID10,table,bottom,mixed,seq04
526,3,/mnt/Info/COGAR_DATASETs/OCID-dataset/ARID10/table/bottom/mixed/seq04/rgb/result_2018-08-23-10-29-02.png,/mnt/Info/COGAR_DATASETs/OCID-dataset/ARID10/table/bottom/mixed/seq04/label/result_2018-08-23-10-29-02.png,result_2018-08-23-10-29-02.png,ARID10/table/bottom/mixed/seq04,ARID10,table,bottom,mixed,seq04
527,4,/mnt/Info/COGAR_DATASETs/OCID-dataset/ARID10/table/bottom/mixed/seq04/rgb/result_2018-08-23-10-29-21.png,/mnt/Info/COGAR_DATASETs/OCID-dataset/ARID10/table/bottom/mixed/seq04/label/result_2018-08-23-10-29-21.png,result_2018-08-23-10-29-21.png,ARID10/table/bottom/mixed/seq04,ARID10,table,bottom,mixed,seq04
528,5,/mnt/Info/COGAR_DATASETs/OCID-dataset/ARID10/table/bottom/mixed/seq04/rgb/result_2018-08-23-10-29-56.png,/mnt/Info/COGAR_DATASETs/OCID-dataset/ARID10/table/bottom/mixed/seq04/label/result_2018-08-23-10-29-56.png,result_2018-08-23-10-29-56.png,ARID10/table/bottom/mixed/seq04,ARID10,table,bottom,mixed,seq04
529,6,/mnt/Info/COGAR_DATASETs/OCID-dataset/ARID10/table/bottom/mixed/seq04/rgb/result_2018-08-23-10-30-25.png,/mnt/Info/COGAR_DATASETs/OCID-dataset/ARID10/table/bottom/mixed/seq04/label/result_2018-08-23-10-30-25.png,result_2018-08-23-10-30-25.png,ARID10/table/bottom/mixed/seq04,ARID10,table,bottom,mixed,seq04
530,7,/mnt/Info/COGAR_DATASETs/OCID-dataset/ARID10/table/bottom/mixed/seq04/rgb/result_2018-08-23-10-30-49.png,/mnt/Info/COGAR_DATASETs/OCID-dataset/ARID10/table/bottom/mixed/seq04/label/result_2018-08-23-10-30-49.png,result_2018-08-23-10-30-49.png,ARID10/table/bottom/mixed/seq04,ARID10,table,bottom,mixed,seq04
531,8,/mnt/Info/COGAR_DATASETs/OCID-dataset/ARID10/table/bottom/mixed/seq04/rgb/result_2018-08-23-10-31-13.png,/mnt/Info/COGAR_DATASETs/OCID-dataset/ARID10/table/bottom/mixed/seq04/label/result_2018-08-23-10-31-13.png,result_2018-08-23-10-31-13.png,ARID10/table/bottom/mixed/seq04,ARID10,table,bottom,mixed,seq04
532,9,/mnt/Info/COGAR_DATASETs/OCID-dataset/ARID10/table/bottom/mixed/seq04/rgb/result_2018-08-23-10-31-33.png,/mnt/Info/COGAR_DATASETs/OCID-dataset/ARID10/table/bottom/mixed/seq04/label/result_2018-08-23-10-31-33.png,result_2018-08-23-10-31-33.png,ARID10/table/bottom/mixed/seq04,ARID10,table,bottom,mixed,seq04
533,10,/mnt/Info/COGAR_DATASETs/OCID-dataset/ARID10/table/bottom/mixed/seq04/rgb/result_2018-08-23-10-31-55.png,/mnt/Info/COGAR_DATASETs/OCID-dataset/ARID10/table/bottom/mixed/seq04/label/result_2018-08-23-10-31-55.png,result_2018-08-23-10-31-55.png,ARID10/table/bottom/mixed/seq04,ARID10,table,bottom,mixed,seq04
534,0,/mnt/Info/COGAR_DATASETs/OCID-dataset/ARID10/table/bottom/mixed/seq13/rgb/result_2018-08-23-11-55-57.png,/mnt/Info/COGAR_DATASETs/OCID-dataset/ARID10/table/bottom/mixed/seq13/label/result_2018-08-23-11-55-57.png,result_2018-08-23-11-55-57.png,ARID10/table/bottom/mixed/seq13,ARID10,table,bottom,mixed,seq13
535,1,/mnt/Info/COGAR_DATASETs/OCID-dataset/ARID10/table/bottom/mixed/seq13/rgb/result_2018-08-23-11-56-33.png,/mnt/Info/COGAR_DATASETs/OCID-dataset/ARID10/table/bottom/mixed/seq13/label/result_2018-08-23-11-56-33.png,result_2018-08-23-11-56-33.png,ARID10/table/bottom/mixed/seq13,ARID10,table,bottom,mixed,seq13
536,2,/mnt/Info/COGAR_DATASETs/OCID-dataset/ARID10/table/bottom/mixed/seq13/rgb/result_2018-08-23-11-57-06.png,/mnt/Info/COGAR_DATASETs/OCID-dataset/ARID10/table/bottom/mixed/seq13/label/result_2018-08-23-11-57-06.png,result_2018-08-23-11-57-06.png,ARID10/table/bottom/mixed/seq13,ARID10,table,bottom,mixed,seq13
537,3,/mnt/Info/COGAR_DATASETs/OCID-dataset/ARID10/table/bottom/mixed/seq13/rgb/result_2018-08-23-11-57-33.png,/mnt/Info/COGAR_DATASETs/OCID-dataset/ARID10/table/bottom/mixed/seq13/label/result_2018-08-23-11-57-33.png,result_2018-08-23-11-57-33.png,ARID10/table/bottom/mixed/seq13,ARID10,table,bottom,mixed,seq13
538,4,/mnt/Info/COGAR_DATASETs/OCID-dataset/ARID10/table/bottom/mixed/seq13/rgb/result_2018-08-23-11-57-59.png,/mnt/Info/COGAR_DATASETs/OCID-dataset/ARID10/table/bottom/mixed/seq13/label/result_2018-08-23-11-57-59.png,result_2018-08-23-11-57-59.png,ARID10/table/bottom/mixed/seq13,ARID10,table,bottom,mixed,seq13
539,5,/mnt/Info/COGAR_DATASETs/OCID-dataset/ARID10/table/bottom/mixed/seq13/rgb/result_2018-08-23-12-00-47.png,/mnt/Info/COGAR_DATASETs/OCID-dataset/ARID10/table/bottom/mixed/seq13/label/result_2018-08-23-12-00-47.png,result_2018-08-23-12-00-47.png,ARID10/table/bottom/mixed/seq13,ARID10,table,bottom,mixed,seq13
540,6,/mnt/Info/COGAR_DATASETs/OCID-dataset/ARID10/table/bottom/mixed/seq13/rgb/result_2018-08-23-12-02-09.png,/mnt/Info/COGAR_DATASETs/OCID-dataset/ARID10/table/bottom/mixed/seq13/label/result_2018-08-23-12-02-09.png,result_2018-08-23-12-02-09.png,ARID10/table/bottom/mixed/seq13,ARID10,table,bottom,mixed,seq13
541,7,/mnt/Info/COGAR_DATASETs/OCID-dataset/ARID10/table/bottom/mixed/seq13/rgb/result_2018-08-23-12-03-07.png,/mnt/Info/COGAR_DATASETs/OCID-dataset/ARID10/table/bottom/mixed/seq13/label/result_2018-08-23-12-03-07.png,result_2018-08-23-12-03-07.png,ARID10/table/bottom/mixed/seq13,ARID10,table,bottom,mixed,seq13
542,8,/mnt/Info/COGAR_DATASETs/OCID-dataset/ARID10/table/bottom/mixed/seq13/rgb/result_2018-08-23-12-03-29.png,/mnt/Info/COGAR_DATASETs/OCID-dataset/ARID10/table/bottom/mixed/seq13/label/result_2018-08-23-12-03-29.png,result_2018-08-23-12-03-29.png,ARID10/table/bottom/mixed/seq13,ARID10,table,bottom,mixed,seq13
543,9,/mnt/Info/COGAR_DATASETs/OCID-dataset/ARID10/table/bottom/mixed/seq13/rgb/result_2018-08-23-12-04-09.png,/mnt/Info/COGAR_DATASETs/OCID-dataset/ARID10/table/bottom/mixed/seq13/label/result_2018-08-23-12-04-09.png,result_2018-08-23-12-04-09.png,ARID10/table/bottom/mixed/seq13,ARID10,table,bottom,mixed,seq13
544,10,/mnt/Info/COGAR_DATASETs/OCID-dataset/ARID10/table/bottom/mixed/seq13/rgb/result_2018-08-23-12-06-01.png,/mnt/Info/COGAR_DATASETs/OCID-dataset/ARID10/table/bottom/mixed/seq13/label/result_2018-08-23-12-06-01.png,result_2018-08-23-12-06-01.png,ARID10/table/bottom/mixed/seq13,ARID10,table,bottom,mixed,seq13
545,0,/mnt/Info/COGAR_DATASETs/OCID-dataset/ARID10/table/bottom/mixed/seq14/rgb/result_2018-08-23-12-11-31.png,/mnt/Info/COGAR_DATASETs/OCID-dataset/ARID10/table/bottom/mixed/seq14/label/result_2018-08-23-12-11-31.png,result_2018-08-23-12-11-31.png,ARID10/table/bottom/mixed/seq14,ARID10,table,bottom,mixed,seq14
546,1,/mnt/Info/COGAR_DATASETs/OCID-dataset/ARID10/table/bottom/mixed/seq14/rgb/result_2018-08-23-12-12-07.png,/mnt/Info/COGAR_DATASETs/OCID-dataset/ARID10/table/bottom/mixed/seq14/label/result_2018-08-23-12-12-07.png,result_2018-08-23-12-12-07.png,ARID10/table/bottom/mixed/seq14,ARID10,table,bottom,mixed,seq14
547,2,/mnt/Info/COGAR_DATASETs/OCID-dataset/ARID10/table/bottom/mixed/seq14/rgb/result_2018-08-23-12-12-38.png,/mnt/Info/COGAR_DATASETs/OCID-dataset/ARID10/table/bottom/mixed/seq14/label/result_2018-08-23-12-12-38.png,result_2018-08-23-12-12-38.png,ARID10/table/bottom/mixed/seq14,ARID10,table,bottom,mixed,seq14
548,3,/mnt/Info/COGAR_DATASETs/OCID-dataset/ARID10/table/bottom/mixed/seq14/rgb/result_2018-08-23-12-13-10.png,/mnt/Info/COGAR_DATASETs/OCID-dataset/ARID10/table/bottom/mixed/seq14/label/result_2018-08-23-12-13-10.png,result_2018-08-23-12-13-10.png,ARID10/table/bottom/mixed/seq14,ARID10,table,bottom,mixed,seq14
549,4,/mnt/Info/COGAR_DATASETs/OCID-dataset/ARID10/table/bottom/mixed/seq14/rgb/result_2018-08-23-12-13-39.png,/mnt/Info/COGAR_DATASETs/OCID-dataset/ARID10/table/bottom/mixed/seq14/label/result_2018-08-23-12-13-39.png,result_2018-08-23-12-13-39.png,ARID10/table/bottom/mixed/seq14,ARID10,table,bottom,mixed,seq14
550,5,/mnt/Info/COGAR_DATASETs/OCID-dataset/ARID10/table/bottom/mixed/seq14/rgb/result_2018-08-23-12-14-07.png,/mnt/Info/COGAR_DATASETs/OCID-dataset/ARID10/table/bottom/mixed/seq14/label/result_2018-08-23-12-14-07.png,result_2018-08-23-12-14-07.png,ARID10/table/bottom/mixed/seq14,ARID10,table,bottom,mixed,seq14
551,6,/mnt/Info/COGAR_DATASETs/OCID-dataset/ARID10/table/bottom/mixed/seq14/rgb/result_2018-08-23-12-15-22.png,/mnt/Info/COGAR_DATASETs/OCID-dataset/ARID10/table/bottom/mixed/seq14/label/result_2018-08-23-12-15-22.png,result_2018-08-23-12-15-22.png,ARID10/table/bottom/mixed/seq14,ARID10,table,bottom,mixed,seq14
552,7,/mnt/Info/COGAR_DATASETs/OCID-dataset/ARID10/table/bottom/mixed/seq14/rgb/result_2018-08-23-12-15-53.png,/mnt/Info/COGAR_DATASETs/OCID-dataset/ARID10/table/bottom/mixed/seq14/label/result_2018-08-23-12-15-53.png,result_2018-08-23-12-15-53.png,ARID10/table/bottom/mixed/seq14,ARID10,table,bottom,mixed,seq14
553,8,/mnt/Info/COGAR_DATASETs/OCID-dataset/ARID10/table/bottom/mixed/seq14/rgb/result_2018-08-23-12-16-16.png,/mnt/Info/COGAR_DATASETs/OCID-dataset/ARID10/table/bottom/mixed/seq14/label/result_2018-08-23-12-16-16.png,result_2018-08-23-12-16-16.png,ARID10/table/bottom/mixed/seq14,ARID10,table,bottom,mixed,seq14
554,9,/mnt/Info/COGAR_DATASETs/OCID-dataset/ARID10/table/bottom/mixed/seq14/rgb/result_2018-08-23-12-16-55.png,/mnt/Info/COGAR_DATASETs/OCID-dataset/ARID10/table/bottom/mixed/seq14/label/result_2018-08-23-12-16-55.png,result_2018-08-23-12-16-55.png,ARID10/table/bottom/mixed/seq14,ARID10,table,bottom,mixed,seq14
555,10,/mnt/Info/COGAR_DATASETs/OCID-dataset/ARID10/table/bottom/mixed/seq14/rgb/result_2018-08-23-12-17-26.png,/mnt/Info/COGAR_DATASETs/OCID-dataset/ARID10/table/bottom/mixed/seq14/label/result_2018-08-23-12-17-26.png,result_2018-08-23-12-17-26.png,ARID10/table/bottom/mixed/seq14,ARID10,table,bottom,mixed,seq14
556,0,/mnt/Info/COGAR_DATASETs/OCID-dataset/ARID10/table/bottom/non-fruits/seq11/rgb/result_2018-08-23-11-22-21.png,/mnt/Info/COGAR_DATASETs/OCID-dataset/ARID10/table/bottom/non-fruits/seq11/label/result_2018-08-23-11-22-21.png,result_2018-08-23-11-22-21.png,ARID10/table/bottom/non-fruits/seq11,ARID10,table,bottom,non-fruits,seq11
557,1,/mnt/Info/COGAR_DATASETs/OCID-dataset/ARID10/table/bottom/non-fruits/seq11/rgb/result_2018-08-23-11-24-04.png,/mnt/Info/COGAR_DATASETs/OCID-dataset/ARID10/table/bottom/non-fruits/seq11/label/result_2018-08-23-11-24-04.png,result_2018-08-23-11-24-04.png,ARID10/table/bottom/non-fruits/seq11,ARID10,table,bottom,non-fruits,seq11
558,2,/mnt/Info/COGAR_DATASETs/OCID-dataset/ARID10/table/bottom/non-fruits/seq11/rgb/result_2018-08-23-11-24-44.png,/mnt/Info/COGAR_DATASETs/OCID-dataset/ARID10/table/bottom/non-fruits/seq11/label/result_2018-08-23-11-24-44.png,result_2018-08-23-11-24-44.png,ARID10/table/bottom/non-fruits/seq11,ARID10,table,bottom,non-fruits,seq11
559,3,/mnt/Info/COGAR_DATASETs/OCID-dataset/ARID10/table/bottom/non-fruits/seq11/rgb/result_2018-08-23-11-25-27.png,/mnt/Info/COGAR_DATASETs/OCID-dataset/ARID10/table/bottom/non-fruits/seq11/label/result_2018-08-23-11-25-27.png,result_2018-08-23-11-25-27.png,ARID10/table/bottom/non-fruits/seq11,ARID10,table,bottom,non-fruits,seq11
560,4,/mnt/Info/COGAR_DATASETs/OCID-dataset/ARID10/table/bottom/non-fruits/seq11/rgb/result_2018-08-23-11-26-17.png,/mnt/Info/COGAR_DATASETs/OCID-dataset/ARID10/table/bottom/non-fruits/seq11/label/result_2018-08-23-11-26-17.png,result_2018-08-23-11-26-17.png,ARID10/table/bottom/non-fruits/seq11,ARID10,table,bottom,non-fruits,seq11
561,5,/mnt/Info/COGAR_DATASETs/OCID-dataset/ARID10/table/bottom/non-fruits/seq11/rgb/result_2018-08-23-11-26-37.png,/mnt/Info/COGAR_DATASETs/OCID-dataset/ARID10/table/bottom/non-fruits/seq11/label/result_2018-08-23-11-26-37.png,result_2018-08-23-11-26-37.png,ARID10/table/bottom/non-fruits/seq11,ARID10,table,bottom,non-fruits,seq11
562,6,/mnt/Info/COGAR_DATASETs/OCID-dataset/ARID10/table/bottom/non-fruits/seq11/rgb/result_2018-08-23-11-27-10.png,/mnt/Info/COGAR_DATASETs/OCID-dataset/ARID10/table/bottom/non-fruits/seq11/label/result_2018-08-23-11-27-10.png,result_2018-08-23-11-27-10.png,ARID10/table/bottom/non-fruits/seq11,ARID10,table,bottom,non-fruits,seq11
563,7,/mnt/Info/COGAR_DATASETs/OCID-dataset/ARID10/table/bottom/non-fruits/seq11/rgb/result_2018-08-23-11-27-39.png,/mnt/Info/COGAR_DATASETs/OCID-dataset/ARID10/table/bottom/non-fruits/seq11/label/result_2018-08-23-11-27-39.png,result_2018-08-23-11-27-39.png,ARID10/table/bottom/non-fruits/seq11,ARID10,table,bottom,non-fruits,seq11
564,8,/mnt/Info/COGAR_DATASETs/OCID-dataset/ARID10/table/bottom/non-fruits/seq11/rgb/result_2018-08-23-11-28-32.png,/mnt/Info/COGAR_DATASETs/OCID-dataset/ARID10/table/bottom/non-fruits/seq11/label/result_2018-08-23-11-28-32.png,result_2018-08-23-11-28-32.png,ARID10/table/bottom/non-fruits/seq11,ARID10,table,bottom,non-fruits,seq11
565,9,/mnt/Info/COGAR_DATASETs/OCID-dataset/ARID10/table/bottom/non-fruits/seq11/rgb/result_2018-08-23-11-28-53.png,/mnt/Info/COGAR_DATASETs/OCID-dataset/ARID10/table/bottom/non-fruits/seq11/label/result_2018-08-23-11-28-53.png,result_2018-08-23-11-28-53.png,ARID10/table/bottom/non-fruits/seq11,ARID10,table,bottom,non-fruits,seq11
566,10,/mnt/Info/COGAR_DATASETs/OCID-dataset/ARID10/table/bottom/non-fruits/seq11/rgb/result_2018-08-23-11-29-16.png,/mnt/Info/COGAR_DATASETs/OCID-dataset/ARID10/table/bottom/non-fruits/seq11/label/result_2018-08-23-11-29-16.png,result_2018-08-23-11-29-16.png,ARID10/table/bottom/non-fruits/seq11,ARID10,table,bottom,non-fruits,seq11
567,0,/mnt/Info/COGAR_DATASETs/OCID-dataset/ARID10/table/bottom/non-fruits/seq12/rgb/result_2018-08-23-11-33-11.png,/mnt/Info/COGAR_DATASETs/OCID-dataset/ARID10/table/bottom/non-fruits/seq12/label/result_2018-08-23-11-33-11.png,result_2018-08-23-11-33-11.png,ARID10/table/bottom/non-fruits/seq12,ARID10,table,bottom,non-fruits,seq12
568,1,/mnt/Info/COGAR_DATASETs/OCID-dataset/ARID10/table/bottom/non-fruits/seq12/rgb/result_2018-08-23-11-33-36.png,/mnt/Info/COGAR_DATASETs/OCID-dataset/ARID10/table/bottom/non-fruits/seq12/label/result_2018-08-23-11-33-36.png,result_2018-08-23-11-33-36.png,ARID10/table/bottom/non-fruits/seq12,ARID10,table,bottom,non-fruits,seq12
569,2,/mnt/Info/COGAR_DATASETs/OCID-dataset/ARID10/table/bottom/non-fruits/seq12/rgb/result_2018-08-23-11-33-59.png,/mnt/Info/COGAR_DATASETs/OCID-dataset/ARID10/table/bottom/non-fruits/seq12/label/result_2018-08-23-11-33-59.png,result_2018-08-23-11-33-59.png,ARID10/table/bottom/non-fruits/seq12,ARID10,table,bottom,non-fruits,seq12
570,3,/mnt/Info/COGAR_DATASETs/OCID-dataset/ARID10/table/bottom/non-fruits/seq12/rgb/result_2018-08-23-11-34-18.png,/mnt/Info/COGAR_DATASETs/OCID-dataset/ARID10/table/bottom/non-fruits/seq12/label/result_2018-08-23-11-34-18.png,result_2018-08-23-11-34-18.png,ARID10/table/bottom/non-fruits/seq12,ARID10,table,bottom,non-fruits,seq12
571,4,/mnt/Info/COGAR_DATASETs/OCID-dataset/ARID10/table/bottom/non-fruits/seq12/rgb/result_2018-08-23-11-34-44.png,/mnt/Info/COGAR_DATASETs/OCID-dataset/ARID10/table/bottom/non-fruits/seq12/label/result_2018-08-23-11-34-44.png,result_2018-08-23-11-34-44.png,ARID10/table/bottom/non-fruits/seq12,ARID10,table,bottom,non-fruits,seq12
572,5,/mnt/Info/COGAR_DATASETs/OCID-dataset/ARID10/table/bottom/non-fruits/seq12/rgb/result_2018-08-23-11-35-16.png,/mnt/Info/COGAR_DATASETs/OCID-dataset/ARID10/table/bottom/non-fruits/seq12/label/result_2018-08-23-11-35-16.png,result_2018-08-23-11-35-16.png,ARID10/table/bottom/non-fruits/seq12,ARID10,table,bottom,non-fruits,seq12
573,6,/mnt/Info/COGAR_DATASETs/OCID-dataset/ARID10/table/bottom/non-fruits/seq12/rgb/result_2018-08-23-11-35-58.png,/mnt/Info/COGAR_DATASETs/OCID-dataset/ARID10/table/bottom/non-fruits/seq12/label/result_2018-08-23-11-35-58.png,result_2018-08-23-11-35-58.png,ARID10/table/bottom/non-fruits/seq12,ARID10,table,bottom,non-fruits,seq12
574,7,/mnt/Info/COGAR_DATASETs/OCID-dataset/ARID10/table/bottom/non-fruits/seq12/rgb/result_2018-08-23-11-36-54.png,/mnt/Info/COGAR_DATASETs/OCID-dataset/ARID10/table/bottom/non-fruits/seq12/label/result_2018-08-23-11-36-54.png,result_2018-08-23-11-36-54.png,ARID10/table/bottom/non-fruits/seq12,ARID10,table,bottom,non-fruits,seq12
575,8,/mnt/Info/COGAR_DATASETs/OCID-dataset/ARID10/table/bottom/non-fruits/seq12/rgb/result_2018-08-23-11-37-38.png,/mnt/Info/COGAR_DATASETs/OCID-dataset/ARID10/table/bottom/non-fruits/seq12/label/result_2018-08-23-11-37-38.png,result_2018-08-23-11-37-38.png,ARID10/table/bottom/non-fruits/seq12,ARID10,table,bottom,non-fruits,seq12
576,9,/mnt/Info/COGAR_DATASETs/OCID-dataset/ARID10/table/bottom/non-fruits/seq12/rgb/result_2018-08-23-11-38-17.png,/mnt/Info/COGAR_DATASETs/OCID-dataset/ARID10/table/bottom/non-fruits/seq12/label/result_2018-08-23-11-38-17.png,result_2018-08-23-11-38-17.png,ARID10/table/bottom/non-fruits/seq12,ARID10,table,bottom,non-fruits,seq12
577,10,/mnt/Info/COGAR_DATASETs/OCID-dataset/ARID10/table/bottom/non-fruits/seq12/rgb/result_2018-08-23-11-39-36.png,/mnt/Info/COGAR_DATASETs/OCID-dataset/ARID10/table/bottom/non-fruits/seq12/label/result_2018-08-23-11-39-36.png,result_2018-08-23-11-39-36.png,ARID10/table/bottom/non-fruits/seq12,ARID10,table,bottom,non-fruits,seq12
578,0,/mnt/Info/COGAR_DATASETs/OCID-dataset/ARID10/table/bottom/non-fruits/seq21/rgb/result_2018-08-23-14-02-34.png,/mnt/Info/COGAR_DATASETs/OCID-dataset/ARID10/table/bottom/non-fruits/seq21/label/result_2018-08-23-14-02-34.png,result_2018-08-23-14-02-34.png,ARID10/table/bottom/non-fruits/seq21,ARID10,table,bottom,non-fruits,seq21
579,1,/mnt/Info/COGAR_DATASETs/OCID-dataset/ARID10/table/bottom/non-fruits/seq21/rgb/result_2018-08-23-14-03-12.png,/mnt/Info/COGAR_DATASETs/OCID-dataset/ARID10/table/bottom/non-fruits/seq21/label/result_2018-08-23-14-03-12.png,result_2018-08-23-14-03-12.png,ARID10/table/bottom/non-fruits/seq21,ARID10,table,bottom,non-fruits,seq21
580,2,/mnt/Info/COGAR_DATASETs/OCID-dataset/ARID10/table/bottom/non-fruits/seq21/rgb/result_2018-08-23-14-04-59.png,/mnt/Info/COGAR_DATASETs/OCID-dataset/ARID10/table/bottom/non-fruits/seq21/label/result_2018-08-23-14-04-59.png,result_2018-08-23-14-04-59.png,ARID10/table/bottom/non-fruits/seq21,ARID10,table,bottom,non-fruits,seq21
581,3,/mnt/Info/COGAR_DATASETs/OCID-dataset/ARID10/table/bottom/non-fruits/seq21/rgb/result_2018-08-23-14-05-28.png,/mnt/Info/COGAR_DATASETs/OCID-dataset/ARID10/table/bottom/non-fruits/seq21/label/result_2018-08-23-14-05-28.png,result_2018-08-23-14-05-28.png,ARID10/table/bottom/non-fruits/seq21,ARID10,table,bottom,non-fruits,seq21
582,4,/mnt/Info/COGAR_DATASETs/OCID-dataset/ARID10/table/bottom/non-fruits/seq21/rgb/result_2018-08-23-14-06-00.png,/mnt/Info/COGAR_DATASETs/OCID-dataset/ARID10/table/bottom/non-fruits/seq21/label/result_2018-08-23-14-06-00.png,result_2018-08-23-14-06-00.png,ARID10/table/bottom/non-fruits/seq21,ARID10,table,bottom,non-fruits,seq21
583,5,/mnt/Info/COGAR_DATASETs/OCID-dataset/ARID10/table/bottom/non-fruits/seq21/rgb/result_2018-08-23-14-06-25.png,/mnt/Info/COGAR_DATASETs/OCID-dataset/ARID10/table/bottom/non-fruits/seq21/label/result_2018-08-23-14-06-25.png,result_2018-08-23-14-06-25.png,ARID10/table/bottom/non-fruits/seq21,ARID10,table,bottom,non-fruits,seq21
584,6,/mnt/Info/COGAR_DATASETs/OCID-dataset/ARID10/table/bottom/non-fruits/seq21/rgb/result_2018-08-23-14-06-55.png,/mnt/Info/COGAR_DATASETs/OCID-dataset/ARID10/table/bottom/non-fruits/seq21/label/result_2018-08-23-14-06-55.png,result_2018-08-23-14-06-55.png,ARID10/table/bottom/non-fruits/seq21,ARID10,table,bottom,non-fruits,seq21
585,7,/mnt/Info/COGAR_DATASETs/OCID-dataset/ARID10/table/bottom/non-fruits/seq21/rgb/result_2018-08-23-14-07-29.png,/mnt/Info/COGAR_DATASETs/OCID-dataset/ARID10/table/bottom/non-fruits/seq21/label/result_2018-08-23-14-07-29.png,result_2018-08-23-14-07-29.png,ARID10/table/bottom/non-fruits/seq21,ARID10,table,bottom,non-fruits,seq21
586,8,/mnt/Info/COGAR_DATASETs/OCID-dataset/ARID10/table/bottom/non-fruits/seq21/rgb/result_2018-08-23-14-07-54.png,/mnt/Info/COGAR_DATASETs/OCID-dataset/ARID10/table/bottom/non-fruits/seq21/label/result_2018-08-23-14-07-54.png,result_2018-08-23-14-07-54.png,ARID10/table/bottom/non-fruits/seq21,ARID10,table,bottom,non-fruits,seq21
587,9,/mnt/Info/COGAR_DATASETs/OCID-dataset/ARID10/table/bottom/non-fruits/seq21/rgb/result_2018-08-23-14-08-33.png,/mnt/Info/COGAR_DATASETs/OCID-dataset/ARID10/table/bottom/non-fruits/seq21/label/result_2018-08-23-14-08-33.png,result_2018-08-23-14-08-33.png,ARID10/table/bottom/non-fruits/seq21,ARID10,table,bottom,non-fruits,seq21
588,10,/mnt/Info/COGAR_DATASETs/OCID-dataset/ARID10/table/bottom/non-fruits/seq21/rgb/result_2018-08-23-14-09-03.png,/mnt/Info/COGAR_DATASETs/OCID-dataset/ARID10/table/bottom/non-fruits/seq21/label/result_2018-08-23-14-09-03.png,result_2018-08-23-14-09-03.png,ARID10/table/bottom/non-fruits/seq21,ARID10,table,bottom,non-fruits,seq21
589,0,/mnt/Info/COGAR_DATASETs/OCID-dataset/ARID10/table/bottom/non-fruits/seq22/rgb/result_2018-08-23-14-11-41.png,/mnt/Info/COGAR_DATASETs/OCID-dataset/ARID10/table/bottom/non-fruits/seq22/label/result_2018-08-23-14-11-41.png,result_2018-08-23-14-11-41.png,ARID10/table/bottom/non-fruits/seq22,ARID10,table,bottom,non-fruits,seq22
590,1,/mnt/Info/COGAR_DATASETs/OCID-dataset/ARID10/table/bottom/non-fruits/seq22/rgb/result_2018-08-23-14-12-38.png,/mnt/Info/COGAR_DATASETs/OCID-dataset/ARID10/table/bottom/non-fruits/seq22/label/result_2018-08-23-14-12-38.png,result_2018-08-23-14-12-38.png,ARID10/table/bottom/non-fruits/seq22,ARID10,table,bottom,non-fruits,seq22
591,2,/mnt/Info/COGAR_DATASETs/OCID-dataset/ARID10/table/bottom/non-fruits/seq22/rgb/result_2018-08-23-14-13-20.png,/mnt/Info/COGAR_DATASETs/OCID-dataset/ARID10/table/bottom/non-fruits/seq22/label/result_2018-08-23-14-13-20.png,result_2018-08-23-14-13-20.png,ARID10/table/bottom/non-fruits/seq22,ARID10,table,bottom,non-fruits,seq22
592,3,/mnt/Info/COGAR_DATASETs/OCID-dataset/ARID10/table/bottom/non-fruits/seq22/rgb/result_2018-08-23-14-13-50.png,/mnt/Info/COGAR_DATASETs/OCID-dataset/ARID10/table/bottom/non-fruits/seq22/label/result_2018-08-23-14-13-50.png,result_2018-08-23-14-13-50.png,ARID10/table/bottom/non-fruits/seq22,ARID10,table,bottom,non-fruits,seq22
593,4,/mnt/Info/COGAR_DATASETs/OCID-dataset/ARID10/table/bottom/non-fruits/seq22/rgb/result_2018-08-23-14-14-18.png,/mnt/Info/COGAR_DATASETs/OCID-dataset/ARID10/table/bottom/non-fruits/seq22/label/result_2018-08-23-14-14-18.png,result_2018-08-23-14-14-18.png,ARID10/table/bottom/non-fruits/seq22,ARID10,table,bottom,non-fruits,seq22
594,5,/mnt/Info/COGAR_DATASETs/OCID-dataset/ARID10/table/bottom/non-fruits/seq22/rgb/result_2018-08-23-14-14-47.png,/mnt/Info/COGAR_DATASETs/OCID-dataset/ARID10/table/bottom/non-fruits/seq22/label/result_2018-08-23-14-14-47.png,result_2018-08-23-14-14-47.png,ARID10/table/bottom/non-fruits/seq22,ARID10,table,bottom,non-fruits,seq22
595,6,/mnt/Info/COGAR_DATASETs/OCID-dataset/ARID10/table/bottom/non-fruits/seq22/rgb/result_2018-08-23-14-15-12.png,/mnt/Info/COGAR_DATASETs/OCID-dataset/ARID10/table/bottom/non-fruits/seq22/label/result_2018-08-23-14-15-12.png,result_2018-08-23-14-15-12.png,ARID10/table/bottom/non-fruits/seq22,ARID10,table,bottom,non-fruits,seq22
596,7,/mnt/Info/COGAR_DATASETs/OCID-dataset/ARID10/table/bottom/non-fruits/seq22/rgb/result_2018-08-23-14-15-38.png,/mnt/Info/COGAR_DATASETs/OCID-dataset/ARID10/table/bottom/non-fruits/seq22/label/result_2018-08-23-14-15-38.png,result_2018-08-23-14-15-38.png,ARID10/table/bottom/non-fruits/seq22,ARID10,table,bottom,non-fruits,seq22
597,8,/mnt/Info/COGAR_DATASETs/OCID-dataset/ARID10/table/bottom/non-fruits/seq22/rgb/result_2018-08-23-14-16-08.png,/mnt/Info/COGAR_DATASETs/OCID-dataset/ARID10/table/bottom/non-fruits/seq22/label/result_2018-08-23-14-16-08.png,result_2018-08-23-14-16-08.png,ARID10/table/bottom/non-fruits/seq22,ARID10,table,bottom,non-fruits,seq22
598,9,/mnt/Info/COGAR_DATASETs/OCID-dataset/ARID10/table/bottom/non-fruits/seq22/rgb/result_2018-08-23-14-16-44.png,/mnt/Info/COGAR_DATASETs/OCID-dataset/ARID10/table/bottom/non-fruits/seq22/label/result_2018-08-23-14-16-44.png,result_2018-08-23-14-16-44.png,ARID10/table/bottom/non-fruits/seq22,ARID10,table,bottom,non-fruits,seq22
599,10,/mnt/Info/COGAR_DATASETs/OCID-dataset/ARID10/table/bottom/non-fruits/seq22/rgb/result_2018-08-23-14-17-23.png,/mnt/Info/COGAR_DATASETs/OCID-dataset/ARID10/table/bottom/non-fruits/seq22/label/result_2018-08-23-14-17-23.png,result_2018-08-23-14-17-23.png,ARID10/table/bottom/non-fruits/seq22,ARID10,table,bottom,non-fruits,seq22
600,0,/mnt/Info/COGAR_DATASETs/OCID-dataset/ARID10/table/top/box/seq05/rgb/result_2018-08-23-10-34-29.png,/mnt/Info/COGAR_DATASETs/OCID-dataset/ARID10/table/top/box/seq05/label/result_2018-08-23-10-34-29.png,result_2018-08-23-10-34-29.png,ARID10/table/top/box/seq05,ARID10,table,top,box,seq05
601,1,/mnt/Info/COGAR_DATASETs/OCID-dataset/ARID10/table/top/box/seq05/rgb/result_2018-08-23-10-37-23.png,/mnt/Info/COGAR_DATASETs/OCID-dataset/ARID10/table/top/box/seq05/label/result_2018-08-23-10-37-23.png,result_2018-08-23-10-37-23.png,ARID10/table/top/box/seq05,ARID10,table,top,box,seq05
602,2,/mnt/Info/COGAR_DATASETs/OCID-dataset/ARID10/table/top/box/seq05/rgb/result_2018-08-23-10-37-47.png,/mnt/Info/COGAR_DATASETs/OCID-dataset/ARID10/table/top/box/seq05/label/result_2018-08-23-10-37-47.png,result_2018-08-23-10-37-47.png,ARID10/table/top/box/seq05,ARID10,table,top,box,seq05
603,3,/mnt/Info/COGAR_DATASETs/OCID-dataset/ARID10/table/top/box/seq05/rgb/result_2018-08-23-10-38-21.png,/mnt/Info/COGAR_DATASETs/OCID-dataset/ARID10/table/top/box/seq05/label/result_2018-08-23-10-38-21.png,result_2018-08-23-10-38-21.png,ARID10/table/top/box/seq05,ARID10,table,top,box,seq05
604,4,/mnt/Info/COGAR_DATASETs/OCID-dataset/ARID10/table/top/box/seq05/rgb/result_2018-08-23-10-38-47.png,/mnt/Info/COGAR_DATASETs/OCID-dataset/ARID10/table/top/box/seq05/label/result_2018-08-23-10-38-47.png,result_2018-08-23-10-38-47.png,ARID10/table/top/box/seq05,ARID10,table,top,box,seq05
605,5,/mnt/Info/COGAR_DATASETs/OCID-dataset/ARID10/table/top/box/seq05/rgb/result_2018-08-23-10-39-16.png,/mnt/Info/COGAR_DATASETs/OCID-dataset/ARID10/table/top/box/seq05/label/result_2018-08-23-10-39-16.png,result_2018-08-23-10-39-16.png,ARID10/table/top/box/seq05,ARID10,table,top,box,seq05
606,6,/mnt/Info/COGAR_DATASETs/OCID-dataset/ARID10/table/top/box/seq05/rgb/result_2018-08-23-10-39-55.png,/mnt/Info/COGAR_DATASETs/OCID-dataset/ARID10/table/top/box/seq05/label/result_2018-08-23-10-39-55.png,result_2018-08-23-10-39-55.png,ARID10/table/top/box/seq05,ARID10,table,top,box,seq05
607,7,/mnt/Info/COGAR_DATASETs/OCID-dataset/ARID10/table/top/box/seq05/rgb/result_2018-08-23-10-40-28.png,/mnt/Info/COGAR_DATASETs/OCID-dataset/ARID10/table/top/box/seq05/label/result_2018-08-23-10-40-28.png,result_2018-08-23-10-40-28.png,ARID10/table/top/box/seq05,ARID10,table,top,box,seq05
608,8,/mnt/Info/COGAR_DATASETs/OCID-dataset/ARID10/table/top/box/seq05/rgb/result_2018-08-23-10-41-25.png,/mnt/Info/COGAR_DATASETs/OCID-dataset/ARID10/table/top/box/seq05/label/result_2018-08-23-10-41-25.png,result_2018-08-23-10-41-25.png,ARID10/table/top/box/seq05,ARID10,table,top,box,seq05
609,9,/mnt/Info/COGAR_DATASETs/OCID-dataset/ARID10/table/top/box/seq05/rgb/result_2018-08-23-10-41-58.png,/mnt/Info/COGAR_DATASETs/OCID-dataset/ARID10/table/top/box/seq05/label/result_2018-08-23-10-41-58.png,result_2018-08-23-10-41-58.png,ARID10/table/top/box/seq05,ARID10,table,top,box,seq05
610,10,/mnt/Info/COGAR_DATASETs/OCID-dataset/ARID10/table/top/box/seq05/rgb/result_2018-08-23-10-42-17.png,/mnt/Info/COGAR_DATASETs/OCID-dataset/ARID10/table/top/box/seq05/label/result_2018-08-23-10-42-17.png,result_2018-08-23-10-42-17.png,ARID10/table/top/box/seq05,ARID10,table,top,box,seq05
611,0,/mnt/Info/COGAR_DATASETs/OCID-dataset/ARID10/table/top/box/seq06/rgb/result_2018-08-23-10-45-15.png,/mnt/Info/COGAR_DATASETs/OCID-dataset/ARID10/table/top/box/seq06/label/result_2018-08-23-10-45-15.png,result_2018-08-23-10-45-15.png,ARID10/table/top/box/seq06,ARID10,table,top,box,seq06
612,1,/mnt/Info/COGAR_DATASETs/OCID-dataset/ARID10/table/top/box/seq06/rgb/result_2018-08-23-10-47-06.png,/mnt/Info/COGAR_DATASETs/OCID-dataset/ARID10/table/top/box/seq06/label/result_2018-08-23-10-47-06.png,result_2018-08-23-10-47-06.png,ARID10/table/top/box/seq06,ARID10,table,top,box,seq06
613,2,/mnt/Info/COGAR_DATASETs/OCID-dataset/ARID10/table/top/box/seq06/rgb/result_2018-08-23-10-47-27.png,/mnt/Info/COGAR_DATASETs/OCID-dataset/ARID10/table/top/box/seq06/label/result_2018-08-23-10-47-27.png,result_2018-08-23-10-47-27.png,ARID10/table/top/box/seq06,ARID10,table,top,box,seq06
614,3,/mnt/Info/COGAR_DATASETs/OCID-dataset/ARID10/table/top/box/seq06/rgb/result_2018-08-23-10-47-55.png,/mnt/Info/COGAR_DATASETs/OCID-dataset/ARID10/table/top/box/seq06/label/result_2018-08-23-10-47-55.png,result_2018-08-23-10-47-55.png,ARID10/table/top/box/seq06,ARID10,table,top,box,seq06
615,4,/mnt/Info/COGAR_DATASETs/OCID-dataset/ARID10/table/top/box/seq06/rgb/result_2018-08-23-10-48-30.png,/mnt/Info/COGAR_DATASETs/OCID-dataset/ARID10/table/top/box/seq06/label/result_2018-08-23-10-48-30.png,result_2018-08-23-10-48-30.png,ARID10/table/top/box/seq06,ARID10,table,top,box,seq06
616,5,/mnt/Info/COGAR_DATASETs/OCID-dataset/ARID10/table/top/box/seq06/rgb/result_2018-08-23-10-48-49.png,/mnt/Info/COGAR_DATASETs/OCID-dataset/ARID10/table/top/box/seq06/label/result_2018-08-23-10-48-49.png,result_2018-08-23-10-48-49.png,ARID10/table/top/box/seq06,ARID10,table,top,box,seq06
617,6,/mnt/Info/COGAR_DATASETs/OCID-dataset/ARID10/table/top/box/seq06/rgb/result_2018-08-23-10-49-25.png,/mnt/Info/COGAR_DATASETs/OCID-dataset/ARID10/table/top/box/seq06/label/result_2018-08-23-10-49-25.png,result_2018-08-23-10-49-25.png,ARID10/table/top/box/seq06,ARID10,table,top,box,seq06
618,7,/mnt/Info/COGAR_DATASETs/OCID-dataset/ARID10/table/top/box/seq06/rgb/result_2018-08-23-10-50-02.png,/mnt/Info/COGAR_DATASETs/OCID-dataset/ARID10/table/top/box/seq06/label/result_2018-08-23-10-50-02.png,result_2018-08-23-10-50-02.png,ARID10/table/top/box/seq06,ARID10,table,top,box,seq06
619,8,/mnt/Info/COGAR_DATASETs/OCID-dataset/ARID10/table/top/box/seq06/rgb/result_2018-08-23-10-50-40.png,/mnt/Info/COGAR_DATASETs/OCID-dataset/ARID10/table/top/box/seq06/label/result_2018-08-23-10-50-40.png,result_2018-08-23-10-50-40.png,ARID10/table/top/box/seq06,ARID10,table,top,box,seq06
620,9,/mnt/Info/COGAR_DATASETs/OCID-dataset/ARID10/table/top/box/seq06/rgb/result_2018-08-23-10-51-15.png,/mnt/Info/COGAR_DATASETs/OCID-dataset/ARID10/table/top/box/seq06/label/result_2018-08-23-10-51-15.png,result_2018-08-23-10-51-15.png,ARID10/table/top/box/seq06,ARID10,table,top,box,seq06
621,10,/mnt/Info/COGAR_DATASETs/OCID-dataset/ARID10/table/top/box/seq06/rgb/result_2018-08-23-10-51-46.png,/mnt/Info/COGAR_DATASETs/OCID-dataset/ARID10/table/top/box/seq06/label/result_2018-08-23-10-51-46.png,result_2018-08-23-10-51-46.png,ARID10/table/top/box/seq06,ARID10,table,top,box,seq06
622,0,/mnt/Info/COGAR_DATASETs/OCID-dataset/ARID10/table/top/box/seq15/rgb/result_2018-08-23-13-03-01.png,/mnt/Info/COGAR_DATASETs/OCID-dataset/ARID10/table/top/box/seq15/label/result_2018-08-23-13-03-01.png,result_2018-08-23-13-03-01.png,ARID10/table/top/box/seq15,ARID10,table,top,box,seq15
623,1,/mnt/Info/COGAR_DATASETs/OCID-dataset/ARID10/table/top/box/seq15/rgb/result_2018-08-23-13-03-37.png,/mnt/Info/COGAR_DATASETs/OCID-dataset/ARID10/table/top/box/seq15/label/result_2018-08-23-13-03-37.png,result_2018-08-23-13-03-37.png,ARID10/table/top/box/seq15,ARID10,table,top,box,seq15
624,2,/mnt/Info/COGAR_DATASETs/OCID-dataset/ARID10/table/top/box/seq15/rgb/result_2018-08-23-13-04-05.png,/mnt/Info/COGAR_DATASETs/OCID-dataset/ARID10/table/top/box/seq15/label/result_2018-08-23-13-04-05.png,result_2018-08-23-13-04-05.png,ARID10/table/top/box/seq15,ARID10,table,top,box,seq15
625,3,/mnt/Info/COGAR_DATASETs/OCID-dataset/ARID10/table/top/box/seq15/rgb/result_2018-08-23-13-04-43.png,/mnt/Info/COGAR_DATASETs/OCID-dataset/ARID10/table/top/box/seq15/label/result_2018-08-23-13-04-43.png,result_2018-08-23-13-04-43.png,ARID10/table/top/box/seq15,ARID10,table,top,box,seq15
626,4,/mnt/Info/COGAR_DATASETs/OCID-dataset/ARID10/table/top/box/seq15/rgb/result_2018-08-23-13-05-11.png,/mnt/Info/COGAR_DATASETs/OCID-dataset/ARID10/table/top/box/seq15/label/result_2018-08-23-13-05-11.png,result_2018-08-23-13-05-11.png,ARID10/table/top/box/seq15,ARID10,table,top,box,seq15
627,5,/mnt/Info/COGAR_DATASETs/OCID-dataset/ARID10/table/top/box/seq15/rgb/result_2018-08-23-13-06-27.png,/mnt/Info/COGAR_DATASETs/OCID-dataset/ARID10/table/top/box/seq15/label/result_2018-08-23-13-06-27.png,result_2018-08-23-13-06-27.png,ARID10/table/top/box/seq15,ARID10,table,top,box,seq15
628,6,/mnt/Info/COGAR_DATASETs/OCID-dataset/ARID10/table/top/box/seq15/rgb/result_2018-08-23-13-07-13.png,/mnt/Info/COGAR_DATASETs/OCID-dataset/ARID10/table/top/box/seq15/label/result_2018-08-23-13-07-13.png,result_2018-08-23-13-07-13.png,ARID10/table/top/box/seq15,ARID10,table,top,box,seq15
629,7,/mnt/Info/COGAR_DATASETs/OCID-dataset/ARID10/table/top/box/seq15/rgb/result_2018-08-23-13-08-37.png,/mnt/Info/COGAR_DATASETs/OCID-dataset/ARID10/table/top/box/seq15/label/result_2018-08-23-13-08-37.png,result_2018-08-23-13-08-37.png,ARID10/table/top/box/seq15,ARID10,table,top,box,seq15
630,8,/mnt/Info/COGAR_DATASETs/OCID-dataset/ARID10/table/top/box/seq15/rgb/result_2018-08-23-13-09-02.png,/mnt/Info/COGAR_DATASETs/OCID-dataset/ARID10/table/top/box/seq15/label/result_2018-08-23-13-09-02.png,result_2018-08-23-13-09-02.png,ARID10/table/top/box/seq15,ARID10,table,top,box,seq15
631,9,/mnt/Info/COGAR_DATASETs/OCID-dataset/ARID10/table/top/box/seq15/rgb/result_2018-08-23-13-09-50.png,/mnt/Info/COGAR_DATASETs/OCID-dataset/ARID10/table/top/box/seq15/label/result_2018-08-23-13-09-50.png,result_2018-08-23-13-09-50.png,ARID10/table/top/box/seq15,ARID10,table,top,box,seq15
632,10,/mnt/Info/COGAR_DATASETs/OCID-dataset/ARID10/table/top/box/seq15/rgb/result_2018-08-23-13-10-22.png,/mnt/Info/COGAR_DATASETs/OCID-dataset/ARID10/table/top/box/seq15/label/result_2018-08-23-13-10-22.png,result_2018-08-23-13-10-22.png,ARID10/table/top/box/seq15,ARID10,table,top,box,seq15
633,0,/mnt/Info/COGAR_DATASETs/OCID-dataset/ARID10/table/top/box/seq16/rgb/result_2018-08-23-13-13-35.png,/mnt/Info/COGAR_DATASETs/OCID-dataset/ARID10/table/top/box/seq16/label/result_2018-08-23-13-13-35.png,result_2018-08-23-13-13-35.png,ARID10/table/top/box/seq16,ARID10,table,top,box,seq16
634,1,/mnt/Info/COGAR_DATASETs/OCID-dataset/ARID10/table/top/box/seq16/rgb/result_2018-08-23-13-14-18.png,/mnt/Info/COGAR_DATASETs/OCID-dataset/ARID10/table/top/box/seq16/label/result_2018-08-23-13-14-18.png,result_2018-08-23-13-14-18.png,ARID10/table/top/box/seq16,ARID10,table,top,box,seq16
635,2,/mnt/Info/COGAR_DATASETs/OCID-dataset/ARID10/table/top/box/seq16/rgb/result_2018-08-23-13-14-58.png,/mnt/Info/COGAR_DATASETs/OCID-dataset/ARID10/table/top/box/seq16/label/result_2018-08-23-13-14-58.png,result_2018-08-23-13-14-58.png,ARID10/table/top/box/seq16,ARID10,table,top,box,seq16
636,3,/mnt/Info/COGAR_DATASETs/OCID-dataset/ARID10/table/top/box/seq16/rgb/result_2018-08-23-13-15-49.png,/mnt/Info/COGAR_DATASETs/OCID-dataset/ARID10/table/top/box/seq16/label/result_2018-08-23-13-15-49.png,result_2018-08-23-13-15-49.png,ARID10/table/top/box/seq16,ARID10,table,top,box,seq16
637,4,/mnt/Info/COGAR_DATASETs/OCID-dataset/ARID10/table/top/box/seq16/rgb/result_2018-08-23-13-16-21.png,/mnt/Info/COGAR_DATASETs/OCID-dataset/ARID10/table/top/box/seq16/label/result_2018-08-23-13-16-21.png,result_2018-08-23-13-16-21.png,ARID10/table/top/box/seq16,ARID10,table,top,box,seq16
638,5,/mnt/Info/COGAR_DATASETs/OCID-dataset/ARID10/table/top/box/seq16/rgb/result_2018-08-23-13-16-50.png,/mnt/Info/COGAR_DATASETs/OCID-dataset/ARID10/table/top/box/seq16/label/result_2018-08-23-13-16-50.png,result_2018-08-23-13-16-50.png,ARID10/table/top/box/seq16,ARID10,table,top,box,seq16
639,6,/mnt/Info/COGAR_DATASETs/OCID-dataset/ARID10/table/top/box/seq16/rgb/result_2018-08-23-13-17-21.png,/mnt/Info/COGAR_DATASETs/OCID-dataset/ARID10/table/top/box/seq16/label/result_2018-08-23-13-17-21.png,result_2018-08-23-13-17-21.png,ARID10/table/top/box/seq16,ARID10,table,top,box,seq16
640,7,/mnt/Info/COGAR_DATASETs/OCID-dataset/ARID10/table/top/box/seq16/rgb/result_2018-08-23-13-17-58.png,/mnt/Info/COGAR_DATASETs/OCID-dataset/ARID10/table/top/box/seq16/label/result_2018-08-23-13-17-58.png,result_2018-08-23-13-17-58.png,ARID10/table/top/box/seq16,ARID10,table,top,box,seq16
641,8,/mnt/Info/COGAR_DATASETs/OCID-dataset/ARID10/table/top/box/seq16/rgb/result_2018-08-23-13-18-45.png,/mnt/Info/COGAR_DATASETs/OCID-dataset/ARID10/table/top/box/seq16/label/result_2018-08-23-13-18-45.png,result_2018-08-23-13-18-45.png,ARID10/table/top/box/seq16,ARID10,table,top,box,seq16
642,9,/mnt/Info/COGAR_DATASETs/OCID-dataset/ARID10/table/top/box/seq16/rgb/result_2018-08-23-13-19-13.png,/mnt/Info/COGAR_DATASETs/OCID-dataset/ARID10/table/top/box/seq16/label/result_2018-08-23-13-19-13.png,result_2018-08-23-13-19-13.png,ARID10/table/top/box/seq16,ARID10,table,top,box,seq16
643,10,/mnt/Info/COGAR_DATASETs/OCID-dataset/ARID10/table/top/box/seq16/rgb/result_2018-08-23-13-19-44.png,/mnt/Info/COGAR_DATASETs/OCID-dataset/ARID10/table/top/box/seq16/label/result_2018-08-23-13-19-44.png,result_2018-08-23-13-19-44.png,ARID10/table/top/box/seq16,ARID10,table,top,box,seq16
644,0,/mnt/Info/COGAR_DATASETs/OCID-dataset/ARID10/table/top/curved/seq07/rgb/result_2018-08-23-10-55-45.png,/mnt/Info/COGAR_DATASETs/OCID-dataset/ARID10/table/top/curved/seq07/label/result_2018-08-23-10-55-45.png,result_2018-08-23-10-55-45.png,ARID10/table/top/curved/seq07,ARID10,table,top,curved,seq07
645,1,/mnt/Info/COGAR_DATASETs/OCID-dataset/ARID10/table/top/curved/seq07/rgb/result_2018-08-23-10-56-07.png,/mnt/Info/COGAR_DATASETs/OCID-dataset/ARID10/table/top/curved/seq07/label/result_2018-08-23-10-56-07.png,result_2018-08-23-10-56-07.png,ARID10/table/top/curved/seq07,ARID10,table,top,curved,seq07
646,2,/mnt/Info/COGAR_DATASETs/OCID-dataset/ARID10/table/top/curved/seq07/rgb/result_2018-08-23-10-56-26.png,/mnt/Info/COGAR_DATASETs/OCID-dataset/ARID10/table/top/curved/seq07/label/result_2018-08-23-10-56-26.png,result_2018-08-23-10-56-26.png,ARID10/table/top/curved/seq07,ARID10,table,top,curved,seq07
647,3,/mnt/Info/COGAR_DATASETs/OCID-dataset/ARID10/table/top/curved/seq07/rgb/result_2018-08-23-10-56-48.png,/mnt/Info/COGAR_DATASETs/OCID-dataset/ARID10/table/top/curved/seq07/label/result_2018-08-23-10-56-48.png,result_2018-08-23-10-56-48.png,ARID10/table/top/curved/seq07,ARID10,table,top,curved,seq07
648,4,/mnt/Info/COGAR_DATASETs/OCID-dataset/ARID10/table/top/curved/seq07/rgb/result_2018-08-23-10-57-13.png,/mnt/Info/COGAR_DATASETs/OCID-dataset/ARID10/table/top/curved/seq07/label/result_2018-08-23-10-57-13.png,result_2018-08-23-10-57-13.png,ARID10/table/top/curved/seq07,ARID10,table,top,curved,seq07
649,5,/mnt/Info/COGAR_DATASETs/OCID-dataset/ARID10/table/top/curved/seq07/rgb/result_2018-08-23-10-57-30.png,/mnt/Info/COGAR_DATASETs/OCID-dataset/ARID10/table/top/curved/seq07/label/result_2018-08-23-10-57-30.png,result_2018-08-23-10-57-30.png,ARID10/table/top/curved/seq07,ARID10,table,top,curved,seq07
650,6,/mnt/Info/COGAR_DATASETs/OCID-dataset/ARID10/table/top/curved/seq07/rgb/result_2018-08-23-10-57-56.png,/mnt/Info/COGAR_DATASETs/OCID-dataset/ARID10/table/top/curved/seq07/label/result_2018-08-23-10-57-56.png,result_2018-08-23-10-57-56.png,ARID10/table/top/curved/seq07,ARID10,table,top,curved,seq07
651,7,/mnt/Info/COGAR_DATASETs/OCID-dataset/ARID10/table/top/curved/seq07/rgb/result_2018-08-23-10-58-23.png,/mnt/Info/COGAR_DATASETs/OCID-dataset/ARID10/table/top/curved/seq07/label/result_2018-08-23-10-58-23.png,result_2018-08-23-10-58-23.png,ARID10/table/top/curved/seq07,ARID10,table,top,curved,seq07
652,8,/mnt/Info/COGAR_DATASETs/OCID-dataset/ARID10/table/top/curved/seq07/rgb/result_2018-08-23-10-58-53.png,/mnt/Info/COGAR_DATASETs/OCID-dataset/ARID10/table/top/curved/seq07/label/result_2018-08-23-10-58-53.png,result_2018-08-23-10-58-53.png,ARID10/table/top/curved/seq07,ARID10,table,top,curved,seq07
653,9,/mnt/Info/COGAR_DATASETs/OCID-dataset/ARID10/table/top/curved/seq07/rgb/result_2018-08-23-10-59-20.png,/mnt/Info/COGAR_DATASETs/OCID-dataset/ARID10/table/top/curved/seq07/label/result_2018-08-23-10-59-20.png,result_2018-08-23-10-59-20.png,ARID10/table/top/curved/seq07,ARID10,table,top,curved,seq07
654,10,/mnt/Info/COGAR_DATASETs/OCID-dataset/ARID10/table/top/curved/seq07/rgb/result_2018-08-23-10-59-41.png,/mnt/Info/COGAR_DATASETs/OCID-dataset/ARID10/table/top/curved/seq07/label/result_2018-08-23-10-59-41.png,result_2018-08-23-10-59-41.png,ARID10/table/top/curved/seq07,ARID10,table,top,curved,seq07
655,0,/mnt/Info/COGAR_DATASETs/OCID-dataset/ARID10/table/top/curved/seq08/rgb/result_2018-08-23-11-02-32.png,/mnt/Info/COGAR_DATASETs/OCID-dataset/ARID10/table/top/curved/seq08/label/result_2018-08-23-11-02-32.png,result_2018-08-23-11-02-32.png,ARID10/table/top/curved/seq08,ARID10,table,top,curved,seq08
656,1,/mnt/Info/COGAR_DATASETs/OCID-dataset/ARID10/table/top/curved/seq08/rgb/result_2018-08-23-11-03-11.png,/mnt/Info/COGAR_DATASETs/OCID-dataset/ARID10/table/top/curved/seq08/label/result_2018-08-23-11-03-11.png,result_2018-08-23-11-03-11.png,ARID10/table/top/curved/seq08,ARID10,table,top,curved,seq08
657,2,/mnt/Info/COGAR_DATASETs/OCID-dataset/ARID10/table/top/curved/seq08/rgb/result_2018-08-23-11-03-35.png,/mnt/Info/COGAR_DATASETs/OCID-dataset/ARID10/table/top/curved/seq08/label/result_2018-08-23-11-03-35.png,result_2018-08-23-11-03-35.png,ARID10/table/top/curved/seq08,ARID10,table,top,curved,seq08
658,3,/mnt/Info/COGAR_DATASETs/OCID-dataset/ARID10/table/top/curved/seq08/rgb/result_2018-08-23-11-03-54.png,/mnt/Info/COGAR_DATASETs/OCID-dataset/ARID10/table/top/curved/seq08/label/result_2018-08-23-11-03-54.png,result_2018-08-23-11-03-54.png,ARID10/table/top/curved/seq08,ARID10,table,top,curved,seq08
659,4,/mnt/Info/COGAR_DATASETs/OCID-dataset/ARID10/table/top/curved/seq08/rgb/result_2018-08-23-11-04-15.png,/mnt/Info/COGAR_DATASETs/OCID-dataset/ARID10/table/top/curved/seq08/label/result_2018-08-23-11-04-15.png,result_2018-08-23-11-04-15.png,ARID10/table/top/curved/seq08,ARID10,table,top,curved,seq08
660,5,/mnt/Info/COGAR_DATASETs/OCID-dataset/ARID10/table/top/curved/seq08/rgb/result_2018-08-23-11-04-52.png,/mnt/Info/COGAR_DATASETs/OCID-dataset/ARID10/table/top/curved/seq08/label/result_2018-08-23-11-04-52.png,result_2018-08-23-11-04-52.png,ARID10/table/top/curved/seq08,ARID10,table,top,curved,seq08
661,6,/mnt/Info/COGAR_DATASETs/OCID-dataset/ARID10/table/top/curved/seq08/rgb/result_2018-08-23-11-05-14.png,/mnt/Info/COGAR_DATASETs/OCID-dataset/ARID10/table/top/curved/seq08/label/result_2018-08-23-11-05-14.png,result_2018-08-23-11-05-14.png,ARID10/table/top/curved/seq08,ARID10,table,top,curved,seq08
662,7,/mnt/Info/COGAR_DATASETs/OCID-dataset/ARID10/table/top/curved/seq08/rgb/result_2018-08-23-11-05-47.png,/mnt/Info/COGAR_DATASETs/OCID-dataset/ARID10/table/top/curved/seq08/label/result_2018-08-23-11-05-47.png,result_2018-08-23-11-05-47.png,ARID10/table/top/curved/seq08,ARID10,table,top,curved,seq08
663,8,/mnt/Info/COGAR_DATASETs/OCID-dataset/ARID10/table/top/curved/seq08/rgb/result_2018-08-23-11-06-13.png,/mnt/Info/COGAR_DATASETs/OCID-dataset/ARID10/table/top/curved/seq08/label/result_2018-08-23-11-06-13.png,result_2018-08-23-11-06-13.png,ARID10/table/top/curved/seq08,ARID10,table,top,curved,seq08
664,9,/mnt/Info/COGAR_DATASETs/OCID-dataset/ARID10/table/top/curved/seq08/rgb/result_2018-08-23-11-06-48.png,/mnt/Info/COGAR_DATASETs/OCID-dataset/ARID10/table/top/curved/seq08/label/result_2018-08-23-11-06-48.png,result_2018-08-23-11-06-48.png,ARID10/table/top/curved/seq08,ARID10,table,top,curved,seq08
665,10,/mnt/Info/COGAR_DATASETs/OCID-dataset/ARID10/table/top/curved/seq08/rgb/result_2018-08-23-11-07-35.png,/mnt/Info/COGAR_DATASETs/OCID-dataset/ARID10/table/top/curved/seq08/label/result_2018-08-23-11-07-35.png,result_2018-08-23-11-07-35.png,ARID10/table/top/curved/seq08,ARID10,table,top,curved,seq08
666,0,/mnt/Info/COGAR_DATASETs/OCID-dataset/ARID10/table/top/curved/seq17/rgb/result_2018-08-23-13-22-55.png,/mnt/Info/COGAR_DATASETs/OCID-dataset/ARID10/table/top/curved/seq17/label/result_2018-08-23-13-22-55.png,result_2018-08-23-13-22-55.png,ARID10/table/top/curved/seq17,ARID10,table,top,curved,seq17
667,1,/mnt/Info/COGAR_DATASETs/OCID-dataset/ARID10/table/top/curved/seq17/rgb/result_2018-08-23-13-23-21.png,/mnt/Info/COGAR_DATASETs/OCID-dataset/ARID10/table/top/curved/seq17/label/result_2018-08-23-13-23-21.png,result_2018-08-23-13-23-21.png,ARID10/table/top/curved/seq17,ARID10,table,top,curved,seq17
668,2,/mnt/Info/COGAR_DATASETs/OCID-dataset/ARID10/table/top/curved/seq17/rgb/result_2018-08-23-13-23-44.png,/mnt/Info/COGAR_DATASETs/OCID-dataset/ARID10/table/top/curved/seq17/label/result_2018-08-23-13-23-44.png,result_2018-08-23-13-23-44.png,ARID10/table/top/curved/seq17,ARID10,table,top,curved,seq17
669,3,/mnt/Info/COGAR_DATASETs/OCID-dataset/ARID10/table/top/curved/seq17/rgb/result_2018-08-23-13-24-05.png,/mnt/Info/COGAR_DATASETs/OCID-dataset/ARID10/table/top/curved/seq17/label/result_2018-08-23-13-24-05.png,result_2018-08-23-13-24-05.png,ARID10/table/top/curved/seq17,ARID10,table,top,curved,seq17
670,4,/mnt/Info/COGAR_DATASETs/OCID-dataset/ARID10/table/top/curved/seq17/rgb/result_2018-08-23-13-25-05.png,/mnt/Info/COGAR_DATASETs/OCID-dataset/ARID10/table/top/curved/seq17/label/result_2018-08-23-13-25-05.png,result_2018-08-23-13-25-05.png,ARID10/table/top/curved/seq17,ARID10,table,top,curved,seq17
671,5,/mnt/Info/COGAR_DATASETs/OCID-dataset/ARID10/table/top/curved/seq17/rgb/result_2018-08-23-13-25-31.png,/mnt/Info/COGAR_DATASETs/OCID-dataset/ARID10/table/top/curved/seq17/label/result_2018-08-23-13-25-31.png,result_2018-08-23-13-25-31.png,ARID10/table/top/curved/seq17,ARID10,table,top,curved,seq17
672,6,/mnt/Info/COGAR_DATASETs/OCID-dataset/ARID10/table/top/curved/seq17/rgb/result_2018-08-23-13-25-55.png,/mnt/Info/COGAR_DATASETs/OCID-dataset/ARID10/table/top/curved/seq17/label/result_2018-08-23-13-25-55.png,result_2018-08-23-13-25-55.png,ARID10/table/top/curved/seq17,ARID10,table,top,curved,seq17
673,7,/mnt/Info/COGAR_DATASETs/OCID-dataset/ARID10/table/top/curved/seq17/rgb/result_2018-08-23-13-26-25.png,/mnt/Info/COGAR_DATASETs/OCID-dataset/ARID10/table/top/curved/seq17/label/result_2018-08-23-13-26-25.png,result_2018-08-23-13-26-25.png,ARID10/table/top/curved/seq17,ARID10,table,top,curved,seq17
674,8,/mnt/Info/COGAR_DATASETs/OCID-dataset/ARID10/table/top/curved/seq17/rgb/result_2018-08-23-13-26-52.png,/mnt/Info/COGAR_DATASETs/OCID-dataset/ARID10/table/top/curved/seq17/label/result_2018-08-23-13-26-52.png,result_2018-08-23-13-26-52.png,ARID10/table/top/curved/seq17,ARID10,table,top,curved,seq17
675,9,/mnt/Info/COGAR_DATASETs/OCID-dataset/ARID10/table/top/curved/seq17/rgb/result_2018-08-23-13-27-18.png,/mnt/Info/COGAR_DATASETs/OCID-dataset/ARID10/table/top/curved/seq17/label/result_2018-08-23-13-27-18.png,result_2018-08-23-13-27-18.png,ARID10/table/top/curved/seq17,ARID10,table,top,curved,seq17
676,10,/mnt/Info/COGAR_DATASETs/OCID-dataset/ARID10/table/top/curved/seq17/rgb/result_2018-08-23-13-27-45.png,/mnt/Info/COGAR_DATASETs/OCID-dataset/ARID10/table/top/curved/seq17/label/result_2018-08-23-13-27-45.png,result_2018-08-23-13-27-45.png,ARID10/table/top/curved/seq17,ARID10,table,top,curved,seq17
677,0,/mnt/Info/COGAR_DATASETs/OCID-dataset/ARID10/table/top/curved/seq18/rgb/result_2018-08-23-13-30-38.png,/mnt/Info/COGAR_DATASETs/OCID-dataset/ARID10/table/top/curved/seq18/label/result_2018-08-23-13-30-38.png,result_2018-08-23-13-30-38.png,ARID10/table/top/curved/seq18,ARID10,table,top,curved,seq18
678,1,/mnt/Info/COGAR_DATASETs/OCID-dataset/ARID10/table/top/curved/seq18/rgb/result_2018-08-23-13-31-03.png,/mnt/Info/COGAR_DATASETs/OCID-dataset/ARID10/table/top/curved/seq18/label/result_2018-08-23-13-31-03.png,result_2018-08-23-13-31-03.png,ARID10/table/top/curved/seq18,ARID10,table,top,curved,seq18
679,2,/mnt/Info/COGAR_DATASETs/OCID-dataset/ARID10/table/top/curved/seq18/rgb/result_2018-08-23-13-31-22.png,/mnt/Info/COGAR_DATASETs/OCID-dataset/ARID10/table/top/curved/seq18/label/result_2018-08-23-13-31-22.png,result_2018-08-23-13-31-22.png,ARID10/table/top/curved/seq18,ARID10,table,top,curved,seq18
680,3,/mnt/Info/COGAR_DATASETs/OCID-dataset/ARID10/table/top/curved/seq18/rgb/result_2018-08-23-13-31-49.png,/mnt/Info/COGAR_DATASETs/OCID-dataset/ARID10/table/top/curved/seq18/label/result_2018-08-23-13-31-49.png,result_2018-08-23-13-31-49.png,ARID10/table/top/curved/seq18,ARID10,table,top,curved,seq18
681,4,/mnt/Info/COGAR_DATASETs/OCID-dataset/ARID10/table/top/curved/seq18/rgb/result_2018-08-23-13-32-21.png,/mnt/Info/COGAR_DATASETs/OCID-dataset/ARID10/table/top/curved/seq18/label/result_2018-08-23-13-32-21.png,result_2018-08-23-13-32-21.png,ARID10/table/top/curved/seq18,ARID10,table,top,curved,seq18
682,5,/mnt/Info/COGAR_DATASETs/OCID-dataset/ARID10/table/top/curved/seq18/rgb/result_2018-08-23-13-32-48.png,/mnt/Info/COGAR_DATASETs/OCID-dataset/ARID10/table/top/curved/seq18/label/result_2018-08-23-13-32-48.png,result_2018-08-23-13-32-48.png,ARID10/table/top/curved/seq18,ARID10,table,top,curved,seq18
683,6,/mnt/Info/COGAR_DATASETs/OCID-dataset/ARID10/table/top/curved/seq18/rgb/result_2018-08-23-13-33-14.png,/mnt/Info/COGAR_DATASETs/OCID-dataset/ARID10/table/top/curved/seq18/label/result_2018-08-23-13-33-14.png,result_2018-08-23-13-33-14.png,ARID10/table/top/curved/seq18,ARID10,table,top,curved,seq18
684,7,/mnt/Info/COGAR_DATASETs/OCID-dataset/ARID10/table/top/curved/seq18/rgb/result_2018-08-23-13-34-05.png,/mnt/Info/COGAR_DATASETs/OCID-dataset/ARID10/table/top/curved/seq18/label/result_2018-08-23-13-34-05.png,result_2018-08-23-13-34-05.png,ARID10/table/top/curved/seq18,ARID10,table,top,curved,seq18
685,8,/mnt/Info/COGAR_DATASETs/OCID-dataset/ARID10/table/top/curved/seq18/rgb/result_2018-08-23-13-34-41.png,/mnt/Info/COGAR_DATASETs/OCID-dataset/ARID10/table/top/curved/seq18/label/result_2018-08-23-13-34-41.png,result_2018-08-23-13-34-41.png,ARID10/table/top/curved/seq18,ARID10,table,top,curved,seq18
686,9,/mnt/Info/COGAR_DATASETs/OCID-dataset/ARID10/table/top/curved/seq18/rgb/result_2018-08-23-13-35-07.png,/mnt/Info/COGAR_DATASETs/OCID-dataset/ARID10/table/top/curved/seq18/label/result_2018-08-23-13-35-07.png,result_2018-08-23-13-35-07.png,ARID10/table/top/curved/seq18,ARID10,table,top,curved,seq18
687,10,/mnt/Info/COGAR_DATASETs/OCID-dataset/ARID10/table/top/curved/seq18/rgb/result_2018-08-23-13-35-41.png,/mnt/Info/COGAR_DATASETs/OCID-dataset/ARID10/table/top/curved/seq18/label/result_2018-08-23-13-35-41.png,result_2018-08-23-13-35-41.png,ARID10/table/top/curved/seq18,ARID10,table,top,curved,seq18
688,0,/mnt/Info/COGAR_DATASETs/OCID-dataset/ARID10/table/top/fruits/seq09/rgb/result_2018-08-23-11-13-24.png,/mnt/Info/COGAR_DATASETs/OCID-dataset/ARID10/table/top/fruits/seq09/label/result_2018-08-23-11-13-24.png,result_2018-08-23-11-13-24.png,ARID10/table/top/fruits/seq09,ARID10,table,top,fruits,seq09
689,1,/mnt/Info/COGAR_DATASETs/OCID-dataset/ARID10/table/top/fruits/seq09/rgb/result_2018-08-23-11-13-47.png,/mnt/Info/COGAR_DATASETs/OCID-dataset/ARID10/table/top/fruits/seq09/label/result_2018-08-23-11-13-47.png,result_2018-08-23-11-13-47.png,ARID10/table/top/fruits/seq09,ARID10,table,top,fruits,seq09
690,2,/mnt/Info/COGAR_DATASETs/OCID-dataset/ARID10/table/top/fruits/seq09/rgb/result_2018-08-23-11-14-35.png,/mnt/Info/COGAR_DATASETs/OCID-dataset/ARID10/table/top/fruits/seq09/label/result_2018-08-23-11-14-35.png,result_2018-08-23-11-14-35.png,ARID10/table/top/fruits/seq09,ARID10,table,top,fruits,seq09
691,3,/mnt/Info/COGAR_DATASETs/OCID-dataset/ARID10/table/top/fruits/seq09/rgb/result_2018-08-23-11-15-05.png,/mnt/Info/COGAR_DATASETs/OCID-dataset/ARID10/table/top/fruits/seq09/label/result_2018-08-23-11-15-05.png,result_2018-08-23-11-15-05.png,ARID10/table/top/fruits/seq09,ARID10,table,top,fruits,seq09
692,4,/mnt/Info/COGAR_DATASETs/OCID-dataset/ARID10/table/top/fruits/seq09/rgb/result_2018-08-23-11-15-58.png,/mnt/Info/COGAR_DATASETs/OCID-dataset/ARID10/table/top/fruits/seq09/label/result_2018-08-23-11-15-58.png,result_2018-08-23-11-15-58.png,ARID10/table/top/fruits/seq09,ARID10,table,top,fruits,seq09
693,5,/mnt/Info/COGAR_DATASETs/OCID-dataset/ARID10/table/top/fruits/seq09/rgb/result_2018-08-23-11-16-32.png,/mnt/Info/COGAR_DATASETs/OCID-dataset/ARID10/table/top/fruits/seq09/label/result_2018-08-23-11-16-32.png,result_2018-08-23-11-16-32.png,ARID10/table/top/fruits/seq09,ARID10,table,top,fruits,seq09
694,6,/mnt/Info/COGAR_DATASETs/OCID-dataset/ARID10/table/top/fruits/seq09/rgb/result_2018-08-23-11-16-57.png,/mnt/Info/COGAR_DATASETs/OCID-dataset/ARID10/table/top/fruits/seq09/label/result_2018-08-23-11-16-57.png,result_2018-08-23-11-16-57.png,ARID10/table/top/fruits/seq09,ARID10,table,top,fruits,seq09
695,7,/mnt/Info/COGAR_DATASETs/OCID-dataset/ARID10/table/top/fruits/seq09/rgb/result_2018-08-23-11-17-28.png,/mnt/Info/COGAR_DATASETs/OCID-dataset/ARID10/table/top/fruits/seq09/label/result_2018-08-23-11-17-28.png,result_2018-08-23-11-17-28.png,ARID10/table/top/fruits/seq09,ARID10,table,top,fruits,seq09
696,8,/mnt/Info/COGAR_DATASETs/OCID-dataset/ARID10/table/top/fruits/seq09/rgb/result_2018-08-23-11-17-57.png,/mnt/Info/COGAR_DATASETs/OCID-dataset/ARID10/table/top/fruits/seq09/label/result_2018-08-23-11-17-57.png,result_2018-08-23-11-17-57.png,ARID10/table/top/fruits/seq09,ARID10,table,top,fruits,seq09
697,9,/mnt/Info/COGAR_DATASETs/OCID-dataset/ARID10/table/top/fruits/seq09/rgb/result_2018-08-23-11-18-31.png,/mnt/Info/COGAR_DATASETs/OCID-dataset/ARID10/table/top/fruits/seq09/label/result_2018-08-23-11-18-31.png,result_2018-08-23-11-18-31.png,ARID10/table/top/fruits/seq09,ARID10,table,top,fruits,seq09
698,10,/mnt/Info/COGAR_DATASETs/OCID-dataset/ARID10/table/top/fruits/seq09/rgb/result_2018-08-23-11-19-06.png,/mnt/Info/COGAR_DATASETs/OCID-dataset/ARID10/table/top/fruits/seq09/label/result_2018-08-23-11-19-06.png,result_2018-08-23-11-19-06.png,ARID10/table/top/fruits/seq09,ARID10,table,top,fruits,seq09
699,0,/mnt/Info/COGAR_DATASETs/OCID-dataset/ARID10/table/top/fruits/seq10/rgb/result_2018-08-23-14-21-16.png,/mnt/Info/COGAR_DATASETs/OCID-dataset/ARID10/table/top/fruits/seq10/label/result_2018-08-23-14-21-16.png,result_2018-08-23-14-21-16.png,ARID10/table/top/fruits/seq10,ARID10,table,top,fruits,seq10
700,1,/mnt/Info/COGAR_DATASETs/OCID-dataset/ARID10/table/top/fruits/seq10/rgb/result_2018-08-23-14-21-34.png,/mnt/Info/COGAR_DATASETs/OCID-dataset/ARID10/table/top/fruits/seq10/label/result_2018-08-23-14-21-34.png,result_2018-08-23-14-21-34.png,ARID10/table/top/fruits/seq10,ARID10,table,top,fruits,seq10
701,2,/mnt/Info/COGAR_DATASETs/OCID-dataset/ARID10/table/top/fruits/seq10/rgb/result_2018-08-23-14-21-51.png,/mnt/Info/COGAR_DATASETs/OCID-dataset/ARID10/table/top/fruits/seq10/label/result_2018-08-23-14-21-51.png,result_2018-08-23-14-21-51.png,ARID10/table/top/fruits/seq10,ARID10,table,top,fruits,seq10
702,3,/mnt/Info/COGAR_DATASETs/OCID-dataset/ARID10/table/top/fruits/seq10/rgb/result_2018-08-23-14-22-10.png,/mnt/Info/COGAR_DATASETs/OCID-dataset/ARID10/table/top/fruits/seq10/label/result_2018-08-23-14-22-10.png,result_2018-08-23-14-22-10.png,ARID10/table/top/fruits/seq10,ARID10,table,top,fruits,seq10
703,4,/mnt/Info/COGAR_DATASETs/OCID-dataset/ARID10/table/top/fruits/seq10/rgb/result_2018-08-23-14-22-30.png,/mnt/Info/COGAR_DATASETs/OCID-dataset/ARID10/table/top/fruits/seq10/label/result_2018-08-23-14-22-30.png,result_2018-08-23-14-22-30.png,ARID10/table/top/fruits/seq10,ARID10,table,top,fruits,seq10
704,5,/mnt/Info/COGAR_DATASETs/OCID-dataset/ARID10/table/top/fruits/seq10/rgb/result_2018-08-23-14-22-49.png,/mnt/Info/COGAR_DATASETs/OCID-dataset/ARID10/table/top/fruits/seq10/label/result_2018-08-23-14-22-49.png,result_2018-08-23-14-22-49.png,ARID10/table/top/fruits/seq10,ARID10,table,top,fruits,seq10
705,6,/mnt/Info/COGAR_DATASETs/OCID-dataset/ARID10/table/top/fruits/seq10/rgb/result_2018-08-23-14-23-16.png,/mnt/Info/COGAR_DATASETs/OCID-dataset/ARID10/table/top/fruits/seq10/label/result_2018-08-23-14-23-16.png,result_2018-08-23-14-23-16.png,ARID10/table/top/fruits/seq10,ARID10,table,top,fruits,seq10
706,7,/mnt/Info/COGAR_DATASETs/OCID-dataset/ARID10/table/top/fruits/seq10/rgb/result_2018-08-23-14-23-41.png,/mnt/Info/COGAR_DATASETs/OCID-dataset/ARID10/table/top/fruits/seq10/label/result_2018-08-23-14-23-41.png,result_2018-08-23-14-23-41.png,ARID10/table/top/fruits/seq10,ARID10,table,top,fruits,seq10
707,8,/mnt/Info/COGAR_DATASETs/OCID-dataset/ARID10/table/top/fruits/seq10/rgb/result_2018-08-23-14-24-00.png,/mnt/Info/COGAR_DATASETs/OCID-dataset/ARID10/table/top/fruits/seq10/label/result_2018-08-23-14-24-00.png,result_2018-08-23-14-24-00.png,ARID10/table/top/fruits/seq10,ARID10,table,top,fruits,seq10
708,9,/mnt/Info/COGAR_DATASETs/OCID-dataset/ARID10/table/top/fruits/seq10/rgb/result_2018-08-23-14-24-39.png,/mnt/Info/COGAR_DATASETs/OCID-dataset/ARID10/table/top/fruits/seq10/label/result_2018-08-23-14-24-39.png,result_2018-08-23-14-24-39.png,ARID10/table/top/fruits/seq10,ARID10,table,top,fruits,seq10
709,10,/mnt/Info/COGAR_DATASETs/OCID-dataset/ARID10/table/top/fruits/seq10/rgb/result_2018-08-23-14-25-02.png,/mnt/Info/COGAR_DATASETs/OCID-dataset/ARID10/table/top/fruits/seq10/label/result_2018-08-23-14-25-02.png,result_2018-08-23-14-25-02.png,ARID10/table/top/fruits/seq10,ARID10,table,top,fruits,seq10
710,0,/mnt/Info/COGAR_DATASETs/OCID-dataset/ARID10/table/top/fruits/seq19/rgb/result_2018-08-23-13-39-06.png,/mnt/Info/COGAR_DATASETs/OCID-dataset/ARID10/table/top/fruits/seq19/label/result_2018-08-23-13-39-06.png,result_2018-08-23-13-39-06.png,ARID10/table/top/fruits/seq19,ARID10,table,top,fruits,seq19
711,1,/mnt/Info/COGAR_DATASETs/OCID-dataset/ARID10/table/top/fruits/seq19/rgb/result_2018-08-23-13-39-30.png,/mnt/Info/COGAR_DATASETs/OCID-dataset/ARID10/table/top/fruits/seq19/label/result_2018-08-23-13-39-30.png,result_2018-08-23-13-39-30.png,ARID10/table/top/fruits/seq19,ARID10,table,top,fruits,seq19
712,2,/mnt/Info/COGAR_DATASETs/OCID-dataset/ARID10/table/top/fruits/seq19/rgb/result_2018-08-23-13-39-50.png,/mnt/Info/COGAR_DATASETs/OCID-dataset/ARID10/table/top/fruits/seq19/label/result_2018-08-23-13-39-50.png,result_2018-08-23-13-39-50.png,ARID10/table/top/fruits/seq19,ARID10,table,top,fruits,seq19
713,3,/mnt/Info/COGAR_DATASETs/OCID-dataset/ARID10/table/top/fruits/seq19/rgb/result_2018-08-23-13-40-14.png,/mnt/Info/COGAR_DATASETs/OCID-dataset/ARID10/table/top/fruits/seq19/label/result_2018-08-23-13-40-14.png,result_2018-08-23-13-40-14.png,ARID10/table/top/fruits/seq19,ARID10,table,top,fruits,seq19
714,4,/mnt/Info/COGAR_DATASETs/OCID-dataset/ARID10/table/top/fruits/seq19/rgb/result_2018-08-23-13-40-48.png,/mnt/Info/COGAR_DATASETs/OCID-dataset/ARID10/table/top/fruits/seq19/label/result_2018-08-23-13-40-48.png,result_2018-08-23-13-40-48.png,ARID10/table/top/fruits/seq19,ARID10,table,top,fruits,seq19
715,5,/mnt/Info/COGAR_DATASETs/OCID-dataset/ARID10/table/top/fruits/seq19/rgb/result_2018-08-23-13-41-18.png,/mnt/Info/COGAR_DATASETs/OCID-dataset/ARID10/table/top/fruits/seq19/label/result_2018-08-23-13-41-18.png,result_2018-08-23-13-41-18.png,ARID10/table/top/fruits/seq19,ARID10,table,top,fruits,seq19
716,6,/mnt/Info/COGAR_DATASETs/OCID-dataset/ARID10/table/top/fruits/seq19/rgb/result_2018-08-23-13-41-49.png,/mnt/Info/COGAR_DATASETs/OCID-dataset/ARID10/table/top/fruits/seq19/label/result_2018-08-23-13-41-49.png,result_2018-08-23-13-41-49.png,ARID10/table/top/fruits/seq19,ARID10,table,top,fruits,seq19
717,7,/mnt/Info/COGAR_DATASETs/OCID-dataset/ARID10/table/top/fruits/seq19/rgb/result_2018-08-23-13-42-20.png,/mnt/Info/COGAR_DATASETs/OCID-dataset/ARID10/table/top/fruits/seq19/label/result_2018-08-23-13-42-20.png,result_2018-08-23-13-42-20.png,ARID10/table/top/fruits/seq19,ARID10,table,top,fruits,seq19
718,8,/mnt/Info/COGAR_DATASETs/OCID-dataset/ARID10/table/top/fruits/seq19/rgb/result_2018-08-23-13-42-41.png,/mnt/Info/COGAR_DATASETs/OCID-dataset/ARID10/table/top/fruits/seq19/label/result_2018-08-23-13-42-41.png,result_2018-08-23-13-42-41.png,ARID10/table/top/fruits/seq19,ARID10,table,top,fruits,seq19
719,9,/mnt/Info/COGAR_DATASETs/OCID-dataset/ARID10/table/top/fruits/seq19/rgb/result_2018-08-23-13-43-06.png,/mnt/Info/COGAR_DATASETs/OCID-dataset/ARID10/table/top/fruits/seq19/label/result_2018-08-23-13-43-06.png,result_2018-08-23-13-43-06.png,ARID10/table/top/fruits/seq19,ARID10,table,top,fruits,seq19
720,10,/mnt/Info/COGAR_DATASETs/OCID-dataset/ARID10/table/top/fruits/seq19/rgb/result_2018-08-23-13-43-34.png,/mnt/Info/COGAR_DATASETs/OCID-dataset/ARID10/table/top/fruits/seq19/label/result_2018-08-23-13-43-34.png,result_2018-08-23-13-43-34.png,ARID10/table/top/fruits/seq19,ARID10,table,top,fruits,seq19
721,0,/mnt/Info/COGAR_DATASETs/OCID-dataset/ARID10/table/top/fruits/seq20/rgb/result_2018-08-23-13-47-41.png,/mnt/Info/COGAR_DATASETs/OCID-dataset/ARID10/table/top/fruits/seq20/label/result_2018-08-23-13-47-41.png,result_2018-08-23-13-47-41.png,ARID10/table/top/fruits/seq20,ARID10,table,top,fruits,seq20
722,1,/mnt/Info/COGAR_DATASETs/OCID-dataset/ARID10/table/top/fruits/seq20/rgb/result_2018-08-23-13-48-35.png,/mnt/Info/COGAR_DATASETs/OCID-dataset/ARID10/table/top/fruits/seq20/label/result_2018-08-23-13-48-35.png,result_2018-08-23-13-48-35.png,ARID10/table/top/fruits/seq20,ARID10,table,top,fruits,seq20
723,2,/mnt/Info/COGAR_DATASETs/OCID-dataset/ARID10/table/top/fruits/seq20/rgb/result_2018-08-23-13-49-04.png,/mnt/Info/COGAR_DATASETs/OCID-dataset/ARID10/table/top/fruits/seq20/label/result_2018-08-23-13-49-04.png,result_2018-08-23-13-49-04.png,ARID10/table/top/fruits/seq20,ARID10,table,top,fruits,seq20
724,3,/mnt/Info/COGAR_DATASETs/OCID-dataset/ARID10/table/top/fruits/seq20/rgb/result_2018-08-23-13-49-31.png,/mnt/Info/COGAR_DATASETs/OCID-dataset/ARID10/table/top/fruits/seq20/label/result_2018-08-23-13-49-31.png,result_2018-08-23-13-49-31.png,ARID10/table/top/fruits/seq20,ARID10,table,top,fruits,seq20
725,4,/mnt/Info/COGAR_DATASETs/OCID-dataset/ARID10/table/top/fruits/seq20/rgb/result_2018-08-23-13-50-01.png,/mnt/Info/COGAR_DATASETs/OCID-dataset/ARID10/table/top/fruits/seq20/label/result_2018-08-23-13-50-01.png,result_2018-08-23-13-50-01.png,ARID10/table/top/fruits/seq20,ARID10,table,top,fruits,seq20
726,5,/mnt/Info/COGAR_DATASETs/OCID-dataset/ARID10/table/top/fruits/seq20/rgb/result_2018-08-23-13-50-46.png,/mnt/Info/COGAR_DATASETs/OCID-dataset/ARID10/table/top/fruits/seq20/label/result_2018-08-23-13-50-46.png,result_2018-08-23-13-50-46.png,ARID10/table/top/fruits/seq20,ARID10,table,top,fruits,seq20
727,6,/mnt/Info/COGAR_DATASETs/OCID-dataset/ARID10/table/top/fruits/seq20/rgb/result_2018-08-23-13-52-01.png,/mnt/Info/COGAR_DATASETs/OCID-dataset/ARID10/table/top/fruits/seq20/label/result_2018-08-23-13-52-01.png,result_2018-08-23-13-52-01.png,ARID10/table/top/fruits/seq20,ARID10,table,top,fruits,seq20
728,7,/mnt/Info/COGAR_DATASETs/OCID-dataset/ARID10/table/top/fruits/seq20/rgb/result_2018-08-23-13-52-39.png,/mnt/Info/COGAR_DATASETs/OCID-dataset/ARID10/table/top/fruits/seq20/label/result_2018-08-23-13-52-39.png,result_2018-08-23-13-52-39.png,ARID10/table/top/fruits/seq20,ARID10,table,top,fruits,seq20
729,8,/mnt/Info/COGAR_DATASETs/OCID-dataset/ARID10/table/top/fruits/seq20/rgb/result_2018-08-23-13-53-11.png,/mnt/Info/COGAR_DATASETs/OCID-dataset/ARID10/table/top/fruits/seq20/label/result_2018-08-23-13-53-11.png,result_2018-08-23-13-53-11.png,ARID10/table/top/fruits/seq20,ARID10,table,top,fruits,seq20
730,9,/mnt/Info/COGAR_DATASETs/OCID-dataset/ARID10/table/top/fruits/seq20/rgb/result_2018-08-23-13-53-37.png,/mnt/Info/COGAR_DATASETs/OCID-dataset/ARID10/table/top/fruits/seq20/label/result_2018-08-23-13-53-37.png,result_2018-08-23-13-53-37.png,ARID10/table/top/fruits/seq20,ARID10,table,top,fruits,seq20
731,10,/mnt/Info/COGAR_DATASETs/OCID-dataset/ARID10/table/top/fruits/seq20/rgb/result_2018-08-23-13-53-58.png,/mnt/Info/COGAR_DATASETs/OCID-dataset/ARID10/table/top/fruits/seq20/label/result_2018-08-23-13-53-58.png,result_2018-08-23-13-53-58.png,ARID10/table/top/fruits/seq20,ARID10,table,top,fruits,seq20
732,0,/mnt/Info/COGAR_DATASETs/OCID-dataset/ARID10/table/top/mixed/seq03/rgb/result_2018-08-23-10-17-17.png,/mnt/Info/COGAR_DATASETs/OCID-dataset/ARID10/table/top/mixed/seq03/label/result_2018-08-23-10-17-17.png,result_2018-08-23-10-17-17.png,ARID10/table/top/mixed/seq03,ARID10,table,top,mixed,seq03
733,1,/mnt/Info/COGAR_DATASETs/OCID-dataset/ARID10/table/top/mixed/seq03/rgb/result_2018-08-23-10-17-40.png,/mnt/Info/COGAR_DATASETs/OCID-dataset/ARID10/table/top/mixed/seq03/label/result_2018-08-23-10-17-40.png,result_2018-08-23-10-17-40.png,ARID10/table/top/mixed/seq03,ARID10,table,top,mixed,seq03
734,2,/mnt/Info/COGAR_DATASETs/OCID-dataset/ARID10/table/top/mixed/seq03/rgb/result_2018-08-23-10-18-08.png,/mnt/Info/COGAR_DATASETs/OCID-dataset/ARID10/table/top/mixed/seq03/label/result_2018-08-23-10-18-08.png,result_2018-08-23-10-18-08.png,ARID10/table/top/mixed/seq03,ARID10,table,top,mixed,seq03
735,3,/mnt/Info/COGAR_DATASETs/OCID-dataset/ARID10/table/top/mixed/seq03/rgb/result_2018-08-23-10-18-36.png,/mnt/Info/COGAR_DATASETs/OCID-dataset/ARID10/table/top/mixed/seq03/label/result_2018-08-23-10-18-36.png,result_2018-08-23-10-18-36.png,ARID10/table/top/mixed/seq03,ARID10,table,top,mixed,seq03
736,4,/mnt/Info/COGAR_DATASETs/OCID-dataset/ARID10/table/top/mixed/seq03/rgb/result_2018-08-23-10-19-00.png,/mnt/Info/COGAR_DATASETs/OCID-dataset/ARID10/table/top/mixed/seq03/label/result_2018-08-23-10-19-00.png,result_2018-08-23-10-19-00.png,ARID10/table/top/mixed/seq03,ARID10,table,top,mixed,seq03
737,5,/mnt/Info/COGAR_DATASETs/OCID-dataset/ARID10/table/top/mixed/seq03/rgb/result_2018-08-23-10-19-25.png,/mnt/Info/COGAR_DATASETs/OCID-dataset/ARID10/table/top/mixed/seq03/label/result_2018-08-23-10-19-25.png,result_2018-08-23-10-19-25.png,ARID10/table/top/mixed/seq03,ARID10,table,top,mixed,seq03
738,6,/mnt/Info/COGAR_DATASETs/OCID-dataset/ARID10/table/top/mixed/seq03/rgb/result_2018-08-23-10-19-43.png,/mnt/Info/COGAR_DATASETs/OCID-dataset/ARID10/table/top/mixed/seq03/label/result_2018-08-23-10-19-43.png,result_2018-08-23-10-19-43.png,ARID10/table/top/mixed/seq03,ARID10,table,top,mixed,seq03
739,7,/mnt/Info/COGAR_DATASETs/OCID-dataset/ARID10/table/top/mixed/seq03/rgb/result_2018-08-23-10-20-13.png,/mnt/Info/COGAR_DATASETs/OCID-dataset/ARID10/table/top/mixed/seq03/label/result_2018-08-23-10-20-13.png,result_2018-08-23-10-20-13.png,ARID10/table/top/mixed/seq03,ARID10,table,top,mixed,seq03
740,8,/mnt/Info/COGAR_DATASETs/OCID-dataset/ARID10/table/top/mixed/seq03/rgb/result_2018-08-23-10-20-35.png,/mnt/Info/COGAR_DATASETs/OCID-dataset/ARID10/table/top/mixed/seq03/label/result_2018-08-23-10-20-35.png,result_2018-08-23-10-20-35.png,ARID10/table/top/mixed/seq03,ARID10,table,top,mixed,seq03
741,9,/mnt/Info/COGAR_DATASETs/OCID-dataset/ARID10/table/top/mixed/seq03/rgb/result_2018-08-23-10-21-09.png,/mnt/Info/COGAR_DATASETs/OCID-dataset/ARID10/table/top/mixed/seq03/label/result_2018-08-23-10-21-09.png,result_2018-08-23-10-21-09.png,ARID10/table/top/mixed/seq03,ARID10,table,top,mixed,seq03
742,10,/mnt/Info/COGAR_DATASETs/OCID-dataset/ARID10/table/top/mixed/seq03/rgb/result_2018-08-23-10-21-33.png,/mnt/Info/COGAR_DATASETs/OCID-dataset/ARID10/table/top/mixed/seq03/label/result_2018-08-23-10-21-33.png,result_2018-08-23-10-21-33.png,ARID10/table/top/mixed/seq03,ARID10,table,top,mixed,seq03
743,0,/mnt/Info/COGAR_DATASETs/OCID-dataset/ARID10/table/top/mixed/seq04/rgb/result_2018-08-23-10-27-15.png,/mnt/Info/COGAR_DATASETs/OCID-dataset/ARID10/table/top/mixed/seq04/label/result_2018-08-23-10-27-15.png,result_2018-08-23-10-27-15.png,ARID10/table/top/mixed/seq04,ARID10,table,top,mixed,seq04
744,1,/mnt/Info/COGAR_DATASETs/OCID-dataset/ARID10/table/top/mixed/seq04/rgb/result_2018-08-23-10-27-37.png,/mnt/Info/COGAR_DATASETs/OCID-dataset/ARID10/table/top/mixed/seq04/label/result_2018-08-23-10-27-37.png,result_2018-08-23-10-27-37.png,ARID10/table/top/mixed/seq04,ARID10,table,top,mixed,seq04
745,2,/mnt/Info/COGAR_DATASETs/OCID-dataset/ARID10/table/top/mixed/seq04/rgb/result_2018-08-23-10-28-06.png,/mnt/Info/COGAR_DATASETs/OCID-dataset/ARID10/table/top/mixed/seq04/label/result_2018-08-23-10-28-06.png,result_2018-08-23-10-28-06.png,ARID10/table/top/mixed/seq04,ARID10,table,top,mixed,seq04
746,3,/mnt/Info/COGAR_DATASETs/OCID-dataset/ARID10/table/top/mixed/seq04/rgb/result_2018-08-23-10-28-57.png,/mnt/Info/COGAR_DATASETs/OCID-dataset/ARID10/table/top/mixed/seq04/label/result_2018-08-23-10-28-57.png,result_2018-08-23-10-28-57.png,ARID10/table/top/mixed/seq04,ARID10,table,top,mixed,seq04
747,4,/mnt/Info/COGAR_DATASETs/OCID-dataset/ARID10/table/top/mixed/seq04/rgb/result_2018-08-23-10-29-15.png,/mnt/Info/COGAR_DATASETs/OCID-dataset/ARID10/table/top/mixed/seq04/label/result_2018-08-23-10-29-15.png,result_2018-08-23-10-29-15.png,ARID10/table/top/mixed/seq04,ARID10,table,top,mixed,seq04
748,5,/mnt/Info/COGAR_DATASETs/OCID-dataset/ARID10/table/top/mixed/seq04/rgb/result_2018-08-23-10-29-50.png,/mnt/Info/COGAR_DATASETs/OCID-dataset/ARID10/table/top/mixed/seq04/label/result_2018-08-23-10-29-50.png,result_2018-08-23-10-29-50.png,ARID10/table/top/mixed/seq04,ARID10,table,top,mixed,seq04
749,6,/mnt/Info/COGAR_DATASETs/OCID-dataset/ARID10/table/top/mixed/seq04/rgb/result_2018-08-23-10-30-20.png,/mnt/Info/COGAR_DATASETs/OCID-dataset/ARID10/table/top/mixed/seq04/label/result_2018-08-23-10-30-20.png,result_2018-08-23-10-30-20.png,ARID10/table/top/mixed/seq04,ARID10,table,top,mixed,seq04
750,7,/mnt/Info/COGAR_DATASETs/OCID-dataset/ARID10/table/top/mixed/seq04/rgb/result_2018-08-23-10-30-44.png,/mnt/Info/COGAR_DATASETs/OCID-dataset/ARID10/table/top/mixed/seq04/label/result_2018-08-23-10-30-44.png,result_2018-08-23-10-30-44.png,ARID10/table/top/mixed/seq04,ARID10,table,top,mixed,seq04
751,8,/mnt/Info/COGAR_DATASETs/OCID-dataset/ARID10/table/top/mixed/seq04/rgb/result_2018-08-23-10-31-08.png,/mnt/Info/COGAR_DATASETs/OCID-dataset/ARID10/table/top/mixed/seq04/label/result_2018-08-23-10-31-08.png,result_2018-08-23-10-31-08.png,ARID10/table/top/mixed/seq04,ARID10,table,top,mixed,seq04
752,9,/mnt/Info/COGAR_DATASETs/OCID-dataset/ARID10/table/top/mixed/seq04/rgb/result_2018-08-23-10-31-28.png,/mnt/Info/COGAR_DATASETs/OCID-dataset/ARID10/table/top/mixed/seq04/label/result_2018-08-23-10-31-28.png,result_2018-08-23-10-31-28.png,ARID10/table/top/mixed/seq04,ARID10,table,top,mixed,seq04
753,10,/mnt/Info/COGAR_DATASETs/OCID-dataset/ARID10/table/top/mixed/seq04/rgb/result_2018-08-23-10-31-50.png,/mnt/Info/COGAR_DATASETs/OCID-dataset/ARID10/table/top/mixed/seq04/label/result_2018-08-23-10-31-50.png,result_2018-08-23-10-31-50.png,ARID10/table/top/mixed/seq04,ARID10,table,top,mixed,seq04
754,0,/mnt/Info/COGAR_DATASETs/OCID-dataset/ARID10/table/top/mixed/seq13/rgb/result_2018-08-23-11-55-38.png,/mnt/Info/COGAR_DATASETs/OCID-dataset/ARID10/table/top/mixed/seq13/label/result_2018-08-23-11-55-38.png,result_2018-08-23-11-55-38.png,ARID10/table/top/mixed/seq13,ARID10,table,top,mixed,seq13
755,1,/mnt/Info/COGAR_DATASETs/OCID-dataset/ARID10/table/top/mixed/seq13/rgb/result_2018-08-23-11-56-14.png,/mnt/Info/COGAR_DATASETs/OCID-dataset/ARID10/table/top/mixed/seq13/label/result_2018-08-23-11-56-14.png,result_2018-08-23-11-56-14.png,ARID10/table/top/mixed/seq13,ARID10,table,top,mixed,seq13
756,2,/mnt/Info/COGAR_DATASETs/OCID-dataset/ARID10/table/top/mixed/seq13/rgb/result_2018-08-23-11-56-59.png,/mnt/Info/COGAR_DATASETs/OCID-dataset/ARID10/table/top/mixed/seq13/label/result_2018-08-23-11-56-59.png,result_2018-08-23-11-56-59.png,ARID10/table/top/mixed/seq13,ARID10,table,top,mixed,seq13
757,3,/mnt/Info/COGAR_DATASETs/OCID-dataset/ARID10/table/top/mixed/seq13/rgb/result_2018-08-23-11-57-26.png,/mnt/Info/COGAR_DATASETs/OCID-dataset/ARID10/table/top/mixed/seq13/label/result_2018-08-23-11-57-26.png,result_2018-08-23-11-57-26.png,ARID10/table/top/mixed/seq13,ARID10,table,top,mixed,seq13
758,4,/mnt/Info/COGAR_DATASETs/OCID-dataset/ARID10/table/top/mixed/seq13/rgb/result_2018-08-23-11-57-52.png,/mnt/Info/COGAR_DATASETs/OCID-dataset/ARID10/table/top/mixed/seq13/label/result_2018-08-23-11-57-52.png,result_2018-08-23-11-57-52.png,ARID10/table/top/mixed/seq13,ARID10,table,top,mixed,seq13
759,5,/mnt/Info/COGAR_DATASETs/OCID-dataset/ARID10/table/top/mixed/seq13/rgb/result_2018-08-23-12-00-40.png,/mnt/Info/COGAR_DATASETs/OCID-dataset/ARID10/table/top/mixed/seq13/label/result_2018-08-23-12-00-40.png,result_2018-08-23-12-00-40.png,ARID10/table/top/mixed/seq13,ARID10,table,top,mixed,seq13
760,6,/mnt/Info/COGAR_DATASETs/OCID-dataset/ARID10/table/top/mixed/seq13/rgb/result_2018-08-23-12-02-03.png,/mnt/Info/COGAR_DATASETs/OCID-dataset/ARID10/table/top/mixed/seq13/label/result_2018-08-23-12-02-03.png,result_2018-08-23-12-02-03.png,ARID10/table/top/mixed/seq13,ARID10,table,top,mixed,seq13
761,7,/mnt/Info/COGAR_DATASETs/OCID-dataset/ARID10/table/top/mixed/seq13/rgb/result_2018-08-23-12-02-59.png,/mnt/Info/COGAR_DATASETs/OCID-dataset/ARID10/table/top/mixed/seq13/label/result_2018-08-23-12-02-59.png,result_2018-08-23-12-02-59.png,ARID10/table/top/mixed/seq13,ARID10,table,top,mixed,seq13
762,8,/mnt/Info/COGAR_DATASETs/OCID-dataset/ARID10/table/top/mixed/seq13/rgb/result_2018-08-23-12-03-23.png,/mnt/Info/COGAR_DATASETs/OCID-dataset/ARID10/table/top/mixed/seq13/label/result_2018-08-23-12-03-23.png,result_2018-08-23-12-03-23.png,ARID10/table/top/mixed/seq13,ARID10,table,top,mixed,seq13
763,9,/mnt/Info/COGAR_DATASETs/OCID-dataset/ARID10/table/top/mixed/seq13/rgb/result_2018-08-23-12-04-00.png,/mnt/Info/COGAR_DATASETs/OCID-dataset/ARID10/table/top/mixed/seq13/label/result_2018-08-23-12-04-00.png,result_2018-08-23-12-04-00.png,ARID10/table/top/mixed/seq13,ARID10,table,top,mixed,seq13
764,10,/mnt/Info/COGAR_DATASETs/OCID-dataset/ARID10/table/top/mixed/seq13/rgb/result_2018-08-23-12-05-55.png,/mnt/Info/COGAR_DATASETs/OCID-dataset/ARID10/table/top/mixed/seq13/label/result_2018-08-23-12-05-55.png,result_2018-08-23-12-05-55.png,ARID10/table/top/mixed/seq13,ARID10,table,top,mixed,seq13
765,0,/mnt/Info/COGAR_DATASETs/OCID-dataset/ARID10/table/top/mixed/seq14/rgb/result_2018-08-23-12-11-12.png,/mnt/Info/COGAR_DATASETs/OCID-dataset/ARID10/table/top/mixed/seq14/label/result_2018-08-23-12-11-12.png,result_2018-08-23-12-11-12.png,ARID10/table/top/mixed/seq14,ARID10,table,top,mixed,seq14
766,1,/mnt/Info/COGAR_DATASETs/OCID-dataset/ARID10/table/top/mixed/seq14/rgb/result_2018-08-23-12-12-00.png,/mnt/Info/COGAR_DATASETs/OCID-dataset/ARID10/table/top/mixed/seq14/label/result_2018-08-23-12-12-00.png,result_2018-08-23-12-12-00.png,ARID10/table/top/mixed/seq14,ARID10,table,top,mixed,seq14
767,2,/mnt/Info/COGAR_DATASETs/OCID-dataset/ARID10/table/top/mixed/seq14/rgb/result_2018-08-23-12-12-30.png,/mnt/Info/COGAR_DATASETs/OCID-dataset/ARID10/table/top/mixed/seq14/label/result_2018-08-23-12-12-30.png,result_2018-08-23-12-12-30.png,ARID10/table/top/mixed/seq14,ARID10,table,top,mixed,seq14
768,3,/mnt/Info/COGAR_DATASETs/OCID-dataset/ARID10/table/top/mixed/seq14/rgb/result_2018-08-23-12-13-02.png,/mnt/Info/COGAR_DATASETs/OCID-dataset/ARID10/table/top/mixed/seq14/label/result_2018-08-23-12-13-02.png,result_2018-08-23-12-13-02.png,ARID10/table/top/mixed/seq14,ARID10,table,top,mixed,seq14
769,4,/mnt/Info/COGAR_DATASETs/OCID-dataset/ARID10/table/top/mixed/seq14/rgb/result_2018-08-23-12-13-32.png,/mnt/Info/COGAR_DATASETs/OCID-dataset/ARID10/table/top/mixed/seq14/label/result_2018-08-23-12-13-32.png,result_2018-08-23-12-13-32.png,ARID10/table/top/mixed/seq14,ARID10,table,top,mixed,seq14
770,5,/mnt/Info/COGAR_DATASETs/OCID-dataset/ARID10/table/top/mixed/seq14/rgb/result_2018-08-23-12-13-52.png,/mnt/Info/COGAR_DATASETs/OCID-dataset/ARID10/table/top/mixed/seq14/label/result_2018-08-23-12-13-52.png,result_2018-08-23-12-13-52.png,ARID10/table/top/mixed/seq14,ARID10,table,top,mixed,seq14
771,6,/mnt/Info/COGAR_DATASETs/OCID-dataset/ARID10/table/top/mixed/seq14/rgb/result_2018-08-23-12-15-14.png,/mnt/Info/COGAR_DATASETs/OCID-dataset/ARID10/table/top/mixed/seq14/label/result_2018-08-23-12-15-14.png,result_2018-08-23-12-15-14.png,ARID10/table/top/mixed/seq14,ARID10,table,top,mixed,seq14
772,7,/mnt/Info/COGAR_DATASETs/OCID-dataset/ARID10/table/top/mixed/seq14/rgb/result_2018-08-23-12-15-46.png,/mnt/Info/COGAR_DATASETs/OCID-dataset/ARID10/table/top/mixed/seq14/label/result_2018-08-23-12-15-46.png,result_2018-08-23-12-15-46.png,ARID10/table/top/mixed/seq14,ARID10,table,top,mixed,seq14
773,8,/mnt/Info/COGAR_DATASETs/OCID-dataset/ARID10/table/top/mixed/seq14/rgb/result_2018-08-23-12-16-09.png,/mnt/Info/COGAR_DATASETs/OCID-dataset/ARID10/table/top/mixed/seq14/label/result_2018-08-23-12-16-09.png,result_2018-08-23-12-16-09.png,ARID10/table/top/mixed/seq14,ARID10,table,top,mixed,seq14
774,9,/mnt/Info/COGAR_DATASETs/OCID-dataset/ARID10/table/top/mixed/seq14/rgb/result_2018-08-23-12-16-48.png,/mnt/Info/COGAR_DATASETs/OCID-dataset/ARID10/table/top/mixed/seq14/label/result_2018-08-23-12-16-48.png,result_2018-08-23-12-16-48.png,ARID10/table/top/mixed/seq14,ARID10,table,top,mixed,seq14
775,10,/mnt/Info/COGAR_DATASETs/OCID-dataset/ARID10/table/top/mixed/seq14/rgb/result_2018-08-23-12-17-20.png,/mnt/Info/COGAR_DATASETs/OCID-dataset/ARID10/table/top/mixed/seq14/label/result_2018-08-23-12-17-20.png,result_2018-08-23-12-17-20.png,ARID10/table/top/mixed/seq14,ARID10,table,top,mixed,seq14
776,0,/mnt/Info/COGAR_DATASETs/OCID-dataset/ARID10/table/top/non-fruits/seq11/rgb/result_2018-08-23-11-22-16.png,/mnt/Info/COGAR_DATASETs/OCID-dataset/ARID10/table/top/non-fruits/seq11/label/result_2018-08-23-11-22-16.png,result_2018-08-23-11-22-16.png,ARID10/table/top/non-fruits/seq11,ARID10,table,top,non-fruits,seq11
777,1,/mnt/Info/COGAR_DATASETs/OCID-dataset/ARID10/table/top/non-fruits/seq11/rgb/result_2018-08-23-11-23-59.png,/mnt/Info/COGAR_DATASETs/OCID-dataset/ARID10/table/top/non-fruits/seq11/label/result_2018-08-23-11-23-59.png,result_2018-08-23-11-23-59.png,ARID10/table/top/non-fruits/seq11,ARID10,table,top,non-fruits,seq11
778,2,/mnt/Info/COGAR_DATASETs/OCID-dataset/ARID10/table/top/non-fruits/seq11/rgb/result_2018-08-23-11-24-38.png,/mnt/Info/COGAR_DATASETs/OCID-dataset/ARID10/table/top/non-fruits/seq11/label/result_2018-08-23-11-24-38.png,result_2018-08-23-11-24-38.png,ARID10/table/top/non-fruits/seq11,ARID10,table,top,non-fruits,seq11
779,3,/mnt/Info/COGAR_DATASETs/OCID-dataset/ARID10/table/top/non-fruits/seq11/rgb/result_2018-08-23-11-25-22.png,/mnt/Info/COGAR_DATASETs/OCID-dataset/ARID10/table/top/non-fruits/seq11/label/result_2018-08-23-11-25-22.png,result_2018-08-23-11-25-22.png,ARID10/table/top/non-fruits/seq11,ARID10,table,top,non-fruits,seq11
780,4,/mnt/Info/COGAR_DATASETs/OCID-dataset/ARID10/table/top/non-fruits/seq11/rgb/result_2018-08-23-11-26-11.png,/mnt/Info/COGAR_DATASETs/OCID-dataset/ARID10/table/top/non-fruits/seq11/label/result_2018-08-23-11-26-11.png,result_2018-08-23-11-26-11.png,ARID10/table/top/non-fruits/seq11,ARID10,table,top,non-fruits,seq11
781,5,/mnt/Info/COGAR_DATASETs/OCID-dataset/ARID10/table/top/non-fruits/seq11/rgb/result_2018-08-23-11-26-32.png,/mnt/Info/COGAR_DATASETs/OCID-dataset/ARID10/table/top/non-fruits/seq11/label/result_2018-08-23-11-26-32.png,result_2018-08-23-11-26-32.png,ARID10/table/top/non-fruits/seq11,ARID10,table,top,non-fruits,seq11
782,6,/mnt/Info/COGAR_DATASETs/OCID-dataset/ARID10/table/top/non-fruits/seq11/rgb/result_2018-08-23-11-27-04.png,/mnt/Info/COGAR_DATASETs/OCID-dataset/ARID10/table/top/non-fruits/seq11/label/result_2018-08-23-11-27-04.png,result_2018-08-23-11-27-04.png,ARID10/table/top/non-fruits/seq11,ARID10,table,top,non-fruits,seq11
783,7,/mnt/Info/COGAR_DATASETs/OCID-dataset/ARID10/table/top/non-fruits/seq11/rgb/result_2018-08-23-11-27-34.png,/mnt/Info/COGAR_DATASETs/OCID-dataset/ARID10/table/top/non-fruits/seq11/label/result_2018-08-23-11-27-34.png,result_2018-08-23-11-27-34.png,ARID10/table/top/non-fruits/seq11,ARID10,table,top,non-fruits,seq11
784,8,/mnt/Info/COGAR_DATASETs/OCID-dataset/ARID10/table/top/non-fruits/seq11/rgb/result_2018-08-23-11-28-26.png,/mnt/Info/COGAR_DATASETs/OCID-dataset/ARID10/table/top/non-fruits/seq11/label/result_2018-08-23-11-28-26.png,result_2018-08-23-11-28-26.png,ARID10/table/top/non-fruits/seq11,ARID10,table,top,non-fruits,seq11
785,9,/mnt/Info/COGAR_DATASETs/OCID-dataset/ARID10/table/top/non-fruits/seq11/rgb/result_2018-08-23-11-28-47.png,/mnt/Info/COGAR_DATASETs/OCID-dataset/ARID10/table/top/non-fruits/seq11/label/result_2018-08-23-11-28-47.png,result_2018-08-23-11-28-47.png,ARID10/table/top/non-fruits/seq11,ARID10,table,top,non-fruits,seq11
786,10,/mnt/Info/COGAR_DATASETs/OCID-dataset/ARID10/table/top/non-fruits/seq11/rgb/result_2018-08-23-11-29-10.png,/mnt/Info/COGAR_DATASETs/OCID-dataset/ARID10/table/top/non-fruits/seq11/label/result_2018-08-23-11-29-10.png,result_2018-08-23-11-29-10.png,ARID10/table/top/non-fruits/seq11,ARID10,table,top,non-fruits,seq11
787,0,/mnt/Info/COGAR_DATASETs/OCID-dataset/ARID10/table/top/non-fruits/seq12/rgb/result_2018-08-23-11-33-04.png,/mnt/Info/COGAR_DATASETs/OCID-dataset/ARID10/table/top/non-fruits/seq12/label/result_2018-08-23-11-33-04.png,result_2018-08-23-11-33-04.png,ARID10/table/top/non-fruits/seq12,ARID10,table,top,non-fruits,seq12
788,1,/mnt/Info/COGAR_DATASETs/OCID-dataset/ARID10/table/top/non-fruits/seq12/rgb/result_2018-08-23-11-33-30.png,/mnt/Info/COGAR_DATASETs/OCID-dataset/ARID10/table/top/non-fruits/seq12/label/result_2018-08-23-11-33-30.png,result_2018-08-23-11-33-30.png,ARID10/table/top/non-fruits/seq12,ARID10,table,top,non-fruits,seq12
789,2,/mnt/Info/COGAR_DATASETs/OCID-dataset/ARID10/table/top/non-fruits/seq12/rgb/result_2018-08-23-11-33-53.png,/mnt/Info/COGAR_DATASETs/OCID-dataset/ARID10/table/top/non-fruits/seq12/label/result_2018-08-23-11-33-53.png,result_2018-08-23-11-33-53.png,ARID10/table/top/non-fruits/seq12,ARID10,table,top,non-fruits,seq12
790,3,/mnt/Info/COGAR_DATASETs/OCID-dataset/ARID10/table/top/non-fruits/seq12/rgb/result_2018-08-23-11-34-11.png,/mnt/Info/COGAR_DATASETs/OCID-dataset/ARID10/table/top/non-fruits/seq12/label/result_2018-08-23-11-34-11.png,result_2018-08-23-11-34-11.png,ARID10/table/top/non-fruits/seq12,ARID10,table,top,non-fruits,seq12
791,4,/mnt/Info/COGAR_DATASETs/OCID-dataset/ARID10/table/top/non-fruits/seq12/rgb/result_2018-08-23-11-34-38.png,/mnt/Info/COGAR_DATASETs/OCID-dataset/ARID10/table/top/non-fruits/seq12/label/result_2018-08-23-11-34-38.png,result_2018-08-23-11-34-38.png,ARID10/table/top/non-fruits/seq12,ARID10,table,top,non-fruits,seq12
792,5,/mnt/Info/COGAR_DATASETs/OCID-dataset/ARID10/table/top/non-fruits/seq12/rgb/result_2018-08-23-11-35-10.png,/mnt/Info/COGAR_DATASETs/OCID-dataset/ARID10/table/top/non-fruits/seq12/label/result_2018-08-23-11-35-10.png,result_2018-08-23-11-35-10.png,ARID10/table/top/non-fruits/seq12,ARID10,table,top,non-fruits,seq12
793,6,/mnt/Info/COGAR_DATASETs/OCID-dataset/ARID10/table/top/non-fruits/seq12/rgb/result_2018-08-23-11-35-53.png,/mnt/Info/COGAR_DATASETs/OCID-dataset/ARID10/table/top/non-fruits/seq12/label/result_2018-08-23-11-35-53.png,result_2018-08-23-11-35-53.png,ARID10/table/top/non-fruits/seq12,ARID10,table,top,non-fruits,seq12
794,7,/mnt/Info/COGAR_DATASETs/OCID-dataset/ARID10/table/top/non-fruits/seq12/rgb/result_2018-08-23-11-36-48.png,/mnt/Info/COGAR_DATASETs/OCID-dataset/ARID10/table/top/non-fruits/seq12/label/result_2018-08-23-11-36-48.png,result_2018-08-23-11-36-48.png,ARID10/table/top/non-fruits/seq12,ARID10,table,top,non-fruits,seq12
795,8,/mnt/Info/COGAR_DATASETs/OCID-dataset/ARID10/table/top/non-fruits/seq12/rgb/result_2018-08-23-11-37-32.png,/mnt/Info/COGAR_DATASETs/OCID-dataset/ARID10/table/top/non-fruits/seq12/label/result_2018-08-23-11-37-32.png,result_2018-08-23-11-37-32.png,ARID10/table/top/non-fruits/seq12,ARID10,table,top,non-fruits,seq12
796,9,/mnt/Info/COGAR_DATASETs/OCID-dataset/ARID10/table/top/non-fruits/seq12/rgb/result_2018-08-23-11-38-11.png,/mnt/Info/COGAR_DATASETs/OCID-dataset/ARID10/table/top/non-fruits/seq12/label/result_2018-08-23-11-38-11.png,result_2018-08-23-11-38-11.png,ARID10/table/top/non-fruits/seq12,ARID10,table,top,non-fruits,seq12
797,10,/mnt/Info/COGAR_DATASETs/OCID-dataset/ARID10/table/top/non-fruits/seq12/rgb/result_2018-08-23-11-39-31.png,/mnt/Info/COGAR_DATASETs/OCID-dataset/ARID10/table/top/non-fruits/seq12/label/result_2018-08-23-11-39-31.png,result_2018-08-23-11-39-31.png,ARID10/table/top/non-fruits/seq12,ARID10,table,top,non-fruits,seq12
798,0,/mnt/Info/COGAR_DATASETs/OCID-dataset/ARID10/table/top/non-fruits/seq21/rgb/result_2018-08-23-14-02-24.png,/mnt/Info/COGAR_DATASETs/OCID-dataset/ARID10/table/top/non-fruits/seq21/label/result_2018-08-23-14-02-24.png,result_2018-08-23-14-02-24.png,ARID10/table/top/non-fruits/seq21,ARID10,table,top,non-fruits,seq21
799,1,/mnt/Info/COGAR_DATASETs/OCID-dataset/ARID10/table/top/non-fruits/seq21/rgb/result_2018-08-23-14-03-04.png,/mnt/Info/COGAR_DATASETs/OCID-dataset/ARID10/table/top/non-fruits/seq21/label/result_2018-08-23-14-03-04.png,result_2018-08-23-14-03-04.png,ARID10/table/top/non-fruits/seq21,ARID10,table,top,non-fruits,seq21
800,2,/mnt/Info/COGAR_DATASETs/OCID-dataset/ARID10/table/top/non-fruits/seq21/rgb/result_2018-08-23-14-04-53.png,/mnt/Info/COGAR_DATASETs/OCID-dataset/ARID10/table/top/non-fruits/seq21/label/result_2018-08-23-14-04-53.png,result_2018-08-23-14-04-53.png,ARID10/table/top/non-fruits/seq21,ARID10,table,top,non-fruits,seq21
801,3,/mnt/Info/COGAR_DATASETs/OCID-dataset/ARID10/table/top/non-fruits/seq21/rgb/result_2018-08-23-14-05-22.png,/mnt/Info/COGAR_DATASETs/OCID-dataset/ARID10/table/top/non-fruits/seq21/label/result_2018-08-23-14-05-22.png,result_2018-08-23-14-05-22.png,ARID10/table/top/non-fruits/seq21,ARID10,table,top,non-fruits,seq21
802,4,/mnt/Info/COGAR_DATASETs/OCID-dataset/ARID10/table/top/non-fruits/seq21/rgb/result_2018-08-23-14-05-54.png,/mnt/Info/COGAR_DATASETs/OCID-dataset/ARID10/table/top/non-fruits/seq21/label/result_2018-08-23-14-05-54.png,result_2018-08-23-14-05-54.png,ARID10/table/top/non-fruits/seq21,ARID10,table,top,non-fruits,seq21
803,5,/mnt/Info/COGAR_DATASETs/OCID-dataset/ARID10/table/top/non-fruits/seq21/rgb/result_2018-08-23-14-06-19.png,/mnt/Info/COGAR_DATASETs/OCID-dataset/ARID10/table/top/non-fruits/seq21/label/result_2018-08-23-14-06-19.png,result_2018-08-23-14-06-19.png,ARID10/table/top/non-fruits/seq21,ARID10,table,top,non-fruits,seq21
804,6,/mnt/Info/COGAR_DATASETs/OCID-dataset/ARID10/table/top/non-fruits/seq21/rgb/result_2018-08-23-14-06-48.png,/mnt/Info/COGAR_DATASETs/OCID-dataset/ARID10/table/top/non-fruits/seq21/label/result_2018-08-23-14-06-48.png,result_2018-08-23-14-06-48.png,ARID10/table/top/non-fruits/seq21,ARID10,table,top,non-fruits,seq21
805,7,/mnt/Info/COGAR_DATASETs/OCID-dataset/ARID10/table/top/non-fruits/seq21/rgb/result_2018-08-23-14-07-23.png,/mnt/Info/COGAR_DATASETs/OCID-dataset/ARID10/table/top/non-fruits/seq21/label/result_2018-08-23-14-07-23.png,result_2018-08-23-14-07-23.png,ARID10/table/top/non-fruits/seq21,ARID10,table,top,non-fruits,seq21
806,8,/mnt/Info/COGAR_DATASETs/OCID-dataset/ARID10/table/top/non-fruits/seq21/rgb/result_2018-08-23-14-07-48.png,/mnt/Info/COGAR_DATASETs/OCID-dataset/ARID10/table/top/non-fruits/seq21/label/result_2018-08-23-14-07-48.png,result_2018-08-23-14-07-48.png,ARID10/table/top/non-fruits/seq21,ARID10,table,top,non-fruits,seq21
807,9,/mnt/Info/COGAR_DATASETs/OCID-dataset/ARID10/table/top/non-fruits/seq21/rgb/result_2018-08-23-14-08-27.png,/mnt/Info/COGAR_DATASETs/OCID-dataset/ARID10/table/top/non-fruits/seq21/label/result_2018-08-23-14-08-27.png,result_2018-08-23-14-08-27.png,ARID10/table/top/non-fruits/seq21,ARID10,table,top,non-fruits,seq21
808,10,/mnt/Info/COGAR_DATASETs/OCID-dataset/ARID10/table/top/non-fruits/seq21/rgb/result_2018-08-23-14-08-57.png,/mnt/Info/COGAR_DATASETs/OCID-dataset/ARID10/table/top/non-fruits/seq21/label/result_2018-08-23-14-08-57.png,result_2018-08-23-14-08-57.png,ARID10/table/top/non-fruits/seq21,ARID10,table,top,non-fruits,seq21
809,0,/mnt/Info/COGAR_DATASETs/OCID-dataset/ARID10/table/top/non-fruits/seq22/rgb/result_2018-08-23-14-11-34.png,/mnt/Info/COGAR_DATASETs/OCID-dataset/ARID10/table/top/non-fruits/seq22/label/result_2018-08-23-14-11-34.png,result_2018-08-23-14-11-34.png,ARID10/table/top/non-fruits/seq22,ARID10,table,top,non-fruits,seq22
810,1,/mnt/Info/COGAR_DATASETs/OCID-dataset/ARID10/table/top/non-fruits/seq22/rgb/result_2018-08-23-14-12-31.png,/mnt/Info/COGAR_DATASETs/OCID-dataset/ARID10/table/top/non-fruits/seq22/label/result_2018-08-23-14-12-31.png,result_2018-08-23-14-12-31.png,ARID10/table/top/non-fruits/seq22,ARID10,table,top,non-fruits,seq22
811,2,/mnt/Info/COGAR_DATASETs/OCID-dataset/ARID10/table/top/non-fruits/seq22/rgb/result_2018-08-23-14-13-14.png,/mnt/Info/COGAR_DATASETs/OCID-dataset/ARID10/table/top/non-fruits/seq22/label/result_2018-08-23-14-13-14.png,result_2018-08-23-14-13-14.png,ARID10/table/top/non-fruits/seq22,ARID10,table,top,non-fruits,seq22
812,3,/mnt/Info/COGAR_DATASETs/OCID-dataset/ARID10/table/top/non-fruits/seq22/rgb/result_2018-08-23-14-13-44.png,/mnt/Info/COGAR_DATASETs/OCID-dataset/ARID10/table/top/non-fruits/seq22/label/result_2018-08-23-14-13-44.png,result_2018-08-23-14-13-44.png,ARID10/table/top/non-fruits/seq22,ARID10,table,top,non-fruits,seq22
813,4,/mnt/Info/COGAR_DATASETs/OCID-dataset/ARID10/table/top/non-fruits/seq22/rgb/result_2018-08-23-14-14-13.png,/mnt/Info/COGAR_DATASETs/OCID-dataset/ARID10/table/top/non-fruits/seq22/label/result_2018-08-23-14-14-13.png,result_2018-08-23-14-14-13.png,ARID10/table/top/non-fruits/seq22,ARID10,table,top,non-fruits,seq22
814,5,/mnt/Info/COGAR_DATASETs/OCID-dataset/ARID10/table/top/non-fruits/seq22/rgb/result_2018-08-23-14-14-41.png,/mnt/Info/COGAR_DATASETs/OCID-dataset/ARID10/table/top/non-fruits/seq22/label/result_2018-08-23-14-14-41.png,result_2018-08-23-14-14-41.png,ARID10/table/top/non-fruits/seq22,ARID10,table,top,non-fruits,seq22
815,6,/mnt/Info/COGAR_DATASETs/OCID-dataset/ARID10/table/top/non-fruits/seq22/rgb/result_2018-08-23-14-15-07.png,/mnt/Info/COGAR_DATASETs/OCID-dataset/ARID10/table/top/non-fruits/seq22/label/result_2018-08-23-14-15-07.png,result_2018-08-23-14-15-07.png,ARID10/table/top/non-fruits/seq22,ARID10,table,top,non-fruits,seq22
816,7,/mnt/Info/COGAR_DATASETs/OCID-dataset/ARID10/table/top/non-fruits/seq22/rgb/result_2018-08-23-14-15-32.png,/mnt/Info/COGAR_DATASETs/OCID-dataset/ARID10/table/top/non-fruits/seq22/label/result_2018-08-23-14-15-32.png,result_2018-08-23-14-15-32.png,ARID10/table/top/non-fruits/seq22,ARID10,table,top,non-fruits,seq22
817,8,/mnt/Info/COGAR_DATASETs/OCID-dataset/ARID10/table/top/non-fruits/seq22/rgb/result_2018-08-23-14-16-03.png,/mnt/Info/COGAR_DATASETs/OCID-dataset/ARID10/table/top/non-fruits/seq22/label/result_2018-08-23-14-16-03.png,result_2018-08-23-14-16-03.png,ARID10/table/top/non-fruits/seq22,ARID10,table,top,non-fruits,seq22
818,9,/mnt/Info/COGAR_DATASETs/OCID-dataset/ARID10/table/top/non-fruits/seq22/rgb/result_2018-08-23-14-16-39.png,/mnt/Info/COGAR_DATASETs/OCID-dataset/ARID10/table/top/non-fruits/seq22/label/result_2018-08-23-14-16-39.png,result_2018-08-23-14-16-39.png,ARID10/table/top/non-fruits/seq22,ARID10,table,top,non-fruits,seq22
819,10,/mnt/Info/COGAR_DATASETs/OCID-dataset/ARID10/table/top/non-fruits/seq22/rgb/result_2018-08-23-14-17-17.png,/mnt/Info/COGAR_DATASETs/OCID-dataset/ARID10/table/top/non-fruits/seq22/label/result_2018-08-23-14-17-17.png,result_2018-08-23-14-17-17.png,ARID10/table/top/non-fruits/seq22,ARID10,table,top,non-fruits,seq22
820,0,/mnt/Info/COGAR_DATASETs/OCID-dataset/ARID20/floor/bottom/seq01/rgb/result_2018-08-20-09-30-33.png,/mnt/Info/COGAR_DATASETs/OCID-dataset/ARID20/floor/bottom/seq01/label/result_2018-08-20-09-30-33.png,result_2018-08-20-09-30-33.png,ARID20/floor/bottom/seq01,ARID20,floor,bottom,seq01,seq01
821,1,/mnt/Info/COGAR_DATASETs/OCID-dataset/ARID20/floor/bottom/seq01/rgb/result_2018-08-20-09-32-19.png,/mnt/Info/COGAR_DATASETs/OCID-dataset/ARID20/floor/bottom/seq01/label/result_2018-08-20-09-32-19.png,result_2018-08-20-09-32-19.png,ARID20/floor/bottom/seq01,ARID20,floor,bottom,seq01,seq01
822,2,/mnt/Info/COGAR_DATASETs/OCID-dataset/ARID20/floor/bottom/seq01/rgb/result_2018-08-20-09-33-05.png,/mnt/Info/COGAR_DATASETs/OCID-dataset/ARID20/floor/bottom/seq01/label/result_2018-08-20-09-33-05.png,result_2018-08-20-09-33-05.png,ARID20/floor/bottom/seq01,ARID20,floor,bottom,seq01,seq01
823,3,/mnt/Info/COGAR_DATASETs/OCID-dataset/ARID20/floor/bottom/seq01/rgb/result_2018-08-20-09-33-43.png,/mnt/Info/COGAR_DATASETs/OCID-dataset/ARID20/floor/bottom/seq01/label/result_2018-08-20-09-33-43.png,result_2018-08-20-09-33-43.png,ARID20/floor/bottom/seq01,ARID20,floor,bottom,seq01,seq01
824,4,/mnt/Info/COGAR_DATASETs/OCID-dataset/ARID20/floor/bottom/seq01/rgb/result_2018-08-20-09-34-11.png,/mnt/Info/COGAR_DATASETs/OCID-dataset/ARID20/floor/bottom/seq01/label/result_2018-08-20-09-34-11.png,result_2018-08-20-09-34-11.png,ARID20/floor/bottom/seq01,ARID20,floor,bottom,seq01,seq01
825,5,/mnt/Info/COGAR_DATASETs/OCID-dataset/ARID20/floor/bottom/seq01/rgb/result_2018-08-20-09-35-07.png,/mnt/Info/COGAR_DATASETs/OCID-dataset/ARID20/floor/bottom/seq01/label/result_2018-08-20-09-35-07.png,result_2018-08-20-09-35-07.png,ARID20/floor/bottom/seq01,ARID20,floor,bottom,seq01,seq01
826,6,/mnt/Info/COGAR_DATASETs/OCID-dataset/ARID20/floor/bottom/seq01/rgb/result_2018-08-20-09-35-37.png,/mnt/Info/COGAR_DATASETs/OCID-dataset/ARID20/floor/bottom/seq01/label/result_2018-08-20-09-35-37.png,result_2018-08-20-09-35-37.png,ARID20/floor/bottom/seq01,ARID20,floor,bottom,seq01,seq01
827,7,/mnt/Info/COGAR_DATASETs/OCID-dataset/ARID20/floor/bottom/seq01/rgb/result_2018-08-20-09-36-11.png,/mnt/Info/COGAR_DATASETs/OCID-dataset/ARID20/floor/bottom/seq01/label/result_2018-08-20-09-36-11.png,result_2018-08-20-09-36-11.png,ARID20/floor/bottom/seq01,ARID20,floor,bottom,seq01,seq01
828,8,/mnt/Info/COGAR_DATASETs/OCID-dataset/ARID20/floor/bottom/seq01/rgb/result_2018-08-20-09-36-48.png,/mnt/Info/COGAR_DATASETs/OCID-dataset/ARID20/floor/bottom/seq01/label/result_2018-08-20-09-36-48.png,result_2018-08-20-09-36-48.png,ARID20/floor/bottom/seq01,ARID20,floor,bottom,seq01,seq01
829,9,/mnt/Info/COGAR_DATASETs/OCID-dataset/ARID20/floor/bottom/seq01/rgb/result_2018-08-20-09-37-35.png,/mnt/Info/COGAR_DATASETs/OCID-dataset/ARID20/floor/bottom/seq01/label/result_2018-08-20-09-37-35.png,result_2018-08-20-09-37-35.png,ARID20/floor/bottom/seq01,ARID20,floor,bottom,seq01,seq01
830,10,/mnt/Info/COGAR_DATASETs/OCID-dataset/ARID20/floor/bottom/seq01/rgb/result_2018-08-20-09-38-14.png,/mnt/Info/COGAR_DATASETs/OCID-dataset/ARID20/floor/bottom/seq01/label/result_2018-08-20-09-38-14.png,result_2018-08-20-09-38-14.png,ARID20/floor/bottom/seq01,ARID20,floor,bottom,seq01,seq01
831,11,/mnt/Info/COGAR_DATASETs/OCID-dataset/ARID20/floor/bottom/seq01/rgb/result_2018-08-20-09-38-50.png,/mnt/Info/COGAR_DATASETs/OCID-dataset/ARID20/floor/bottom/seq01/label/result_2018-08-20-09-38-50.png,result_2018-08-20-09-38-50.png,ARID20/floor/bottom/seq01,ARID20,floor,bottom,seq01,seq01
832,12,/mnt/Info/COGAR_DATASETs/OCID-dataset/ARID20/floor/bottom/seq01/rgb/result_2018-08-20-09-39-31.png,/mnt/Info/COGAR_DATASETs/OCID-dataset/ARID20/floor/bottom/seq01/label/result_2018-08-20-09-39-31.png,result_2018-08-20-09-39-31.png,ARID20/floor/bottom/seq01,ARID20,floor,bottom,seq01,seq01
833,13,/mnt/Info/COGAR_DATASETs/OCID-dataset/ARID20/floor/bottom/seq01/rgb/result_2018-08-20-09-40-06.png,/mnt/Info/COGAR_DATASETs/OCID-dataset/ARID20/floor/bottom/seq01/label/result_2018-08-20-09-40-06.png,result_2018-08-20-09-40-06.png,ARID20/floor/bottom/seq01,ARID20,floor,bottom,seq01,seq01
834,14,/mnt/Info/COGAR_DATASETs/OCID-dataset/ARID20/floor/bottom/seq01/rgb/result_2018-08-20-09-40-45.png,/mnt/Info/COGAR_DATASETs/OCID-dataset/ARID20/floor/bottom/seq01/label/result_2018-08-20-09-40-45.png,result_2018-08-20-09-40-45.png,ARID20/floor/bottom/seq01,ARID20,floor,bottom,seq01,seq01
835,15,/mnt/Info/COGAR_DATASETs/OCID-dataset/ARID20/floor/bottom/seq01/rgb/result_2018-08-20-09-41-36.png,/mnt/Info/COGAR_DATASETs/OCID-dataset/ARID20/floor/bottom/seq01/label/result_2018-08-20-09-41-36.png,result_2018-08-20-09-41-36.png,ARID20/floor/bottom/seq01,ARID20,floor,bottom,seq01,seq01
836,16,/mnt/Info/COGAR_DATASETs/OCID-dataset/ARID20/floor/bottom/seq01/rgb/result_2018-08-20-09-42-12.png,/mnt/Info/COGAR_DATASETs/OCID-dataset/ARID20/floor/bottom/seq01/label/result_2018-08-20-09-42-12.png,result_2018-08-20-09-42-12.png,ARID20/floor/bottom/seq01,ARID20,floor,bottom,seq01,seq01
837,17,/mnt/Info/COGAR_DATASETs/OCID-dataset/ARID20/floor/bottom/seq01/rgb/result_2018-08-20-09-42-54.png,/mnt/Info/COGAR_DATASETs/OCID-dataset/ARID20/floor/bottom/seq01/label/result_2018-08-20-09-42-54.png,result_2018-08-20-09-42-54.png,ARID20/floor/bottom/seq01,ARID20,floor,bottom,seq01,seq01
838,18,/mnt/Info/COGAR_DATASETs/OCID-dataset/ARID20/floor/bottom/seq01/rgb/result_2018-08-20-09-43-38.png,/mnt/Info/COGAR_DATASETs/OCID-dataset/ARID20/floor/bottom/seq01/label/result_2018-08-20-09-43-38.png,result_2018-08-20-09-43-38.png,ARID20/floor/bottom/seq01,ARID20,floor,bottom,seq01,seq01
839,19,/mnt/Info/COGAR_DATASETs/OCID-dataset/ARID20/floor/bottom/seq01/rgb/result_2018-08-20-09-44-33.png,/mnt/Info/COGAR_DATASETs/OCID-dataset/ARID20/floor/bottom/seq01/label/result_2018-08-20-09-44-33.png,result_2018-08-20-09-44-33.png,ARID20/floor/bottom/seq01,ARID20,floor,bottom,seq01,seq01
840,0,/mnt/Info/COGAR_DATASETs/OCID-dataset/ARID20/floor/bottom/seq02/rgb/result_2018-08-20-09-47-20.png,/mnt/Info/COGAR_DATASETs/OCID-dataset/ARID20/floor/bottom/seq02/label/result_2018-08-20-09-47-20.png,result_2018-08-20-09-47-20.png,ARID20/floor/bottom/seq02,ARID20,floor,bottom,seq02,seq02
841,1,/mnt/Info/COGAR_DATASETs/OCID-dataset/ARID20/floor/bottom/seq02/rgb/result_2018-08-20-09-48-01.png,/mnt/Info/COGAR_DATASETs/OCID-dataset/ARID20/floor/bottom/seq02/label/result_2018-08-20-09-48-01.png,result_2018-08-20-09-48-01.png,ARID20/floor/bottom/seq02,ARID20,floor,bottom,seq02,seq02
842,2,/mnt/Info/COGAR_DATASETs/OCID-dataset/ARID20/floor/bottom/seq02/rgb/result_2018-08-20-09-49-43.png,/mnt/Info/COGAR_DATASETs/OCID-dataset/ARID20/floor/bottom/seq02/label/result_2018-08-20-09-49-43.png,result_2018-08-20-09-49-43.png,ARID20/floor/bottom/seq02,ARID20,floor,bottom,seq02,seq02
843,3,/mnt/Info/COGAR_DATASETs/OCID-dataset/ARID20/floor/bottom/seq02/rgb/result_2018-08-20-09-50-08.png,/mnt/Info/COGAR_DATASETs/OCID-dataset/ARID20/floor/bottom/seq02/label/result_2018-08-20-09-50-08.png,result_2018-08-20-09-50-08.png,ARID20/floor/bottom/seq02,ARID20,floor,bottom,seq02,seq02
844,4,/mnt/Info/COGAR_DATASETs/OCID-dataset/ARID20/floor/bottom/seq02/rgb/result_2018-08-20-09-50-52.png,/mnt/Info/COGAR_DATASETs/OCID-dataset/ARID20/floor/bottom/seq02/label/result_2018-08-20-09-50-52.png,result_2018-08-20-09-50-52.png,ARID20/floor/bottom/seq02,ARID20,floor,bottom,seq02,seq02
845,5,/mnt/Info/COGAR_DATASETs/OCID-dataset/ARID20/floor/bottom/seq02/rgb/result_2018-08-20-09-51-46.png,/mnt/Info/COGAR_DATASETs/OCID-dataset/ARID20/floor/bottom/seq02/label/result_2018-08-20-09-51-46.png,result_2018-08-20-09-51-46.png,ARID20/floor/bottom/seq02,ARID20,floor,bottom,seq02,seq02
846,6,/mnt/Info/COGAR_DATASETs/OCID-dataset/ARID20/floor/bottom/seq02/rgb/result_2018-08-20-09-52-26.png,/mnt/Info/COGAR_DATASETs/OCID-dataset/ARID20/floor/bottom/seq02/label/result_2018-08-20-09-52-26.png,result_2018-08-20-09-52-26.png,ARID20/floor/bottom/seq02,ARID20,floor,bottom,seq02,seq02
847,7,/mnt/Info/COGAR_DATASETs/OCID-dataset/ARID20/floor/bottom/seq02/rgb/result_2018-08-20-09-52-53.png,/mnt/Info/COGAR_DATASETs/OCID-dataset/ARID20/floor/bottom/seq02/label/result_2018-08-20-09-52-53.png,result_2018-08-20-09-52-53.png,ARID20/floor/bottom/seq02,ARID20,floor,bottom,seq02,seq02
848,8,/mnt/Info/COGAR_DATASETs/OCID-dataset/ARID20/floor/bottom/seq02/rgb/result_2018-08-20-09-53-42.png,/mnt/Info/COGAR_DATASETs/OCID-dataset/ARID20/floor/bottom/seq02/label/result_2018-08-20-09-53-42.png,result_2018-08-20-09-53-42.png,ARID20/floor/bottom/seq02,ARID20,floor,bottom,seq02,seq02
849,9,/mnt/Info/COGAR_DATASETs/OCID-dataset/ARID20/floor/bottom/seq02/rgb/result_2018-08-20-09-54-21.png,/mnt/Info/COGAR_DATASETs/OCID-dataset/ARID20/floor/bottom/seq02/label/result_2018-08-20-09-54-21.png,result_2018-08-20-09-54-21.png,ARID20/floor/bottom/seq02,ARID20,floor,bottom,seq02,seq02
850,10,/mnt/Info/COGAR_DATASETs/OCID-dataset/ARID20/floor/bottom/seq02/rgb/result_2018-08-20-09-55-22.png,/mnt/Info/COGAR_DATASETs/OCID-dataset/ARID20/floor/bottom/seq02/label/result_2018-08-20-09-55-22.png,result_2018-08-20-09-55-22.png,ARID20/floor/bottom/seq02,ARID20,floor,bottom,seq02,seq02
851,11,/mnt/Info/COGAR_DATASETs/OCID-dataset/ARID20/floor/bottom/seq02/rgb/result_2018-08-20-09-56-01.png,/mnt/Info/COGAR_DATASETs/OCID-dataset/ARID20/floor/bottom/seq02/label/result_2018-08-20-09-56-01.png,result_2018-08-20-09-56-01.png,ARID20/floor/bottom/seq02,ARID20,floor,bottom,seq02,seq02
852,12,/mnt/Info/COGAR_DATASETs/OCID-dataset/ARID20/floor/bottom/seq02/rgb/result_2018-08-20-09-56-49.png,/mnt/Info/COGAR_DATASETs/OCID-dataset/ARID20/floor/bottom/seq02/label/result_2018-08-20-09-56-49.png,result_2018-08-20-09-56-49.png,ARID20/floor/bottom/seq02,ARID20,floor,bottom,seq02,seq02
853,13,/mnt/Info/COGAR_DATASETs/OCID-dataset/ARID20/floor/bottom/seq02/rgb/result_2018-08-20-09-57-33.png,/mnt/Info/COGAR_DATASETs/OCID-dataset/ARID20/floor/bottom/seq02/label/result_2018-08-20-09-57-33.png,result_2018-08-20-09-57-33.png,ARID20/floor/bottom/seq02,ARID20,floor,bottom,seq02,seq02
854,14,/mnt/Info/COGAR_DATASETs/OCID-dataset/ARID20/floor/bottom/seq02/rgb/result_2018-08-20-09-58-13.png,/mnt/Info/COGAR_DATASETs/OCID-dataset/ARID20/floor/bottom/seq02/label/result_2018-08-20-09-58-13.png,result_2018-08-20-09-58-13.png,ARID20/floor/bottom/seq02,ARID20,floor,bottom,seq02,seq02
855,15,/mnt/Info/COGAR_DATASETs/OCID-dataset/ARID20/floor/bottom/seq02/rgb/result_2018-08-20-09-58-46.png,/mnt/Info/COGAR_DATASETs/OCID-dataset/ARID20/floor/bottom/seq02/label/result_2018-08-20-09-58-46.png,result_2018-08-20-09-58-46.png,ARID20/floor/bottom/seq02,ARID20,floor,bottom,seq02,seq02
856,16,/mnt/Info/COGAR_DATASETs/OCID-dataset/ARID20/floor/bottom/seq02/rgb/result_2018-08-20-09-59-38.png,/mnt/Info/COGAR_DATASETs/OCID-dataset/ARID20/floor/bottom/seq02/label/result_2018-08-20-09-59-38.png,result_2018-08-20-09-59-38.png,ARID20/floor/bottom/seq02,ARID20,floor,bottom,seq02,seq02
857,17,/mnt/Info/COGAR_DATASETs/OCID-dataset/ARID20/floor/bottom/seq02/rgb/result_2018-08-20-10-00-21.png,/mnt/Info/COGAR_DATASETs/OCID-dataset/ARID20/floor/bottom/seq02/label/result_2018-08-20-10-00-21.png,result_2018-08-20-10-00-21.png,ARID20/floor/bottom/seq02,ARID20,floor,bottom,seq02,seq02
858,18,/mnt/Info/COGAR_DATASETs/OCID-dataset/ARID20/floor/bottom/seq02/rgb/result_2018-08-20-10-01-09.png,/mnt/Info/COGAR_DATASETs/OCID-dataset/ARID20/floor/bottom/seq02/label/result_2018-08-20-10-01-09.png,result_2018-08-20-10-01-09.png,ARID20/floor/bottom/seq02,ARID20,floor,bottom,seq02,seq02
859,19,/mnt/Info/COGAR_DATASETs/OCID-dataset/ARID20/floor/bottom/seq02/rgb/result_2018-08-20-10-02-33.png,/mnt/Info/COGAR_DATASETs/OCID-dataset/ARID20/floor/bottom/seq02/label/result_2018-08-20-10-02-33.png,result_2018-08-20-10-02-33.png,ARID20/floor/bottom/seq02,ARID20,floor,bottom,seq02,seq02
860,0,/mnt/Info/COGAR_DATASETs/OCID-dataset/ARID20/floor/bottom/seq03/rgb/result_2018-08-20-10-04-45.png,/mnt/Info/COGAR_DATASETs/OCID-dataset/ARID20/floor/bottom/seq03/label/result_2018-08-20-10-04-45.png,result_2018-08-20-10-04-45.png,ARID20/floor/bottom/seq03,ARID20,floor,bottom,seq03,seq03
861,1,/mnt/Info/COGAR_DATASETs/OCID-dataset/ARID20/floor/bottom/seq03/rgb/result_2018-08-20-10-05-18.png,/mnt/Info/COGAR_DATASETs/OCID-dataset/ARID20/floor/bottom/seq03/label/result_2018-08-20-10-05-18.png,result_2018-08-20-10-05-18.png,ARID20/floor/bottom/seq03,ARID20,floor,bottom,seq03,seq03
862,2,/mnt/Info/COGAR_DATASETs/OCID-dataset/ARID20/floor/bottom/seq03/rgb/result_2018-08-20-10-06-03.png,/mnt/Info/COGAR_DATASETs/OCID-dataset/ARID20/floor/bottom/seq03/label/result_2018-08-20-10-06-03.png,result_2018-08-20-10-06-03.png,ARID20/floor/bottom/seq03,ARID20,floor,bottom,seq03,seq03
863,3,/mnt/Info/COGAR_DATASETs/OCID-dataset/ARID20/floor/bottom/seq03/rgb/result_2018-08-20-10-06-31.png,/mnt/Info/COGAR_DATASETs/OCID-dataset/ARID20/floor/bottom/seq03/label/result_2018-08-20-10-06-31.png,result_2018-08-20-10-06-31.png,ARID20/floor/bottom/seq03,ARID20,floor,bottom,seq03,seq03
864,4,/mnt/Info/COGAR_DATASETs/OCID-dataset/ARID20/floor/bottom/seq03/rgb/result_2018-08-20-10-07-09.png,/mnt/Info/COGAR_DATASETs/OCID-dataset/ARID20/floor/bottom/seq03/label/result_2018-08-20-10-07-09.png,result_2018-08-20-10-07-09.png,ARID20/floor/bottom/seq03,ARID20,floor,bottom,seq03,seq03
865,5,/mnt/Info/COGAR_DATASETs/OCID-dataset/ARID20/floor/bottom/seq03/rgb/result_2018-08-20-10-07-50.png,/mnt/Info/COGAR_DATASETs/OCID-dataset/ARID20/floor/bottom/seq03/label/result_2018-08-20-10-07-50.png,result_2018-08-20-10-07-50.png,ARID20/floor/bottom/seq03,ARID20,floor,bottom,seq03,seq03
866,6,/mnt/Info/COGAR_DATASETs/OCID-dataset/ARID20/floor/bottom/seq03/rgb/result_2018-08-20-10-08-40.png,/mnt/Info/COGAR_DATASETs/OCID-dataset/ARID20/floor/bottom/seq03/label/result_2018-08-20-10-08-40.png,result_2018-08-20-10-08-40.png,ARID20/floor/bottom/seq03,ARID20,floor,bottom,seq03,seq03
867,7,/mnt/Info/COGAR_DATASETs/OCID-dataset/ARID20/floor/bottom/seq03/rgb/result_2018-08-20-10-09-17.png,/mnt/Info/COGAR_DATASETs/OCID-dataset/ARID20/floor/bottom/seq03/label/result_2018-08-20-10-09-17.png,result_2018-08-20-10-09-17.png,ARID20/floor/bottom/seq03,ARID20,floor,bottom,seq03,seq03
868,8,/mnt/Info/COGAR_DATASETs/OCID-dataset/ARID20/floor/bottom/seq03/rgb/result_2018-08-20-10-09-46.png,/mnt/Info/COGAR_DATASETs/OCID-dataset/ARID20/floor/bottom/seq03/label/result_2018-08-20-10-09-46.png,result_2018-08-20-10-09-46.png,ARID20/floor/bottom/seq03,ARID20,floor,bottom,seq03,seq03
869,9,/mnt/Info/COGAR_DATASETs/OCID-dataset/ARID20/floor/bottom/seq03/rgb/result_2018-08-20-10-10-17.png,/mnt/Info/COGAR_DATASETs/OCID-dataset/ARID20/floor/bottom/seq03/label/result_2018-08-20-10-10-17.png,result_2018-08-20-10-10-17.png,ARID20/floor/bottom/seq03,ARID20,floor,bottom,seq03,seq03
870,10,/mnt/Info/COGAR_DATASETs/OCID-dataset/ARID20/floor/bottom/seq03/rgb/result_2018-08-20-10-11-19.png,/mnt/Info/COGAR_DATASETs/OCID-dataset/ARID20/floor/bottom/seq03/label/result_2018-08-20-10-11-19.png,result_2018-08-20-10-11-19.png,ARID20/floor/bottom/seq03,ARID20,floor,bottom,seq03,seq03
871,11,/mnt/Info/COGAR_DATASETs/OCID-dataset/ARID20/floor/bottom/seq03/rgb/result_2018-08-20-10-12-24.png,/mnt/Info/COGAR_DATASETs/OCID-dataset/ARID20/floor/bottom/seq03/label/result_2018-08-20-10-12-24.png,result_2018-08-20-10-12-24.png,ARID20/floor/bottom/seq03,ARID20,floor,bottom,seq03,seq03
872,12,/mnt/Info/COGAR_DATASETs/OCID-dataset/ARID20/floor/bottom/seq03/rgb/result_2018-08-20-10-13-03.png,/mnt/Info/COGAR_DATASETs/OCID-dataset/ARID20/floor/bottom/seq03/label/result_2018-08-20-10-13-03.png,result_2018-08-20-10-13-03.png,ARID20/floor/bottom/seq03,ARID20,floor,bottom,seq03,seq03
873,13,/mnt/Info/COGAR_DATASETs/OCID-dataset/ARID20/floor/bottom/seq03/rgb/result_2018-08-20-10-14-02.png,/mnt/Info/COGAR_DATASETs/OCID-dataset/ARID20/floor/bottom/seq03/label/result_2018-08-20-10-14-02.png,result_2018-08-20-10-14-02.png,ARID20/floor/bottom/seq03,ARID20,floor,bottom,seq03,seq03
874,14,/mnt/Info/COGAR_DATASETs/OCID-dataset/ARID20/floor/bottom/seq03/rgb/result_2018-08-20-10-14-47.png,/mnt/Info/COGAR_DATASETs/OCID-dataset/ARID20/floor/bottom/seq03/label/result_2018-08-20-10-14-47.png,result_2018-08-20-10-14-47.png,ARID20/floor/bottom/seq03,ARID20,floor,bottom,seq03,seq03
875,15,/mnt/Info/COGAR_DATASETs/OCID-dataset/ARID20/floor/bottom/seq03/rgb/result_2018-08-20-10-15-21.png,/mnt/Info/COGAR_DATASETs/OCID-dataset/ARID20/floor/bottom/seq03/label/result_2018-08-20-10-15-21.png,result_2018-08-20-10-15-21.png,ARID20/floor/bottom/seq03,ARID20,floor,bottom,seq03,seq03
876,16,/mnt/Info/COGAR_DATASETs/OCID-dataset/ARID20/floor/bottom/seq03/rgb/result_2018-08-20-10-16-10.png,/mnt/Info/COGAR_DATASETs/OCID-dataset/ARID20/floor/bottom/seq03/label/result_2018-08-20-10-16-10.png,result_2018-08-20-10-16-10.png,ARID20/floor/bottom/seq03,ARID20,floor,bottom,seq03,seq03
877,17,/mnt/Info/COGAR_DATASETs/OCID-dataset/ARID20/floor/bottom/seq03/rgb/result_2018-08-20-10-16-55.png,/mnt/Info/COGAR_DATASETs/OCID-dataset/ARID20/floor/bottom/seq03/label/result_2018-08-20-10-16-55.png,result_2018-08-20-10-16-55.png,ARID20/floor/bottom/seq03,ARID20,floor,bottom,seq03,seq03
878,18,/mnt/Info/COGAR_DATASETs/OCID-dataset/ARID20/floor/bottom/seq03/rgb/result_2018-08-20-10-18-40.png,/mnt/Info/COGAR_DATASETs/OCID-dataset/ARID20/floor/bottom/seq03/label/result_2018-08-20-10-18-40.png,result_2018-08-20-10-18-40.png,ARID20/floor/bottom/seq03,ARID20,floor,bottom,seq03,seq03
879,19,/mnt/Info/COGAR_DATASETs/OCID-dataset/ARID20/floor/bottom/seq03/rgb/result_2018-08-20-10-19-30.png,/mnt/Info/COGAR_DATASETs/OCID-dataset/ARID20/floor/bottom/seq03/label/result_2018-08-20-10-19-30.png,result_2018-08-20-10-19-30.png,ARID20/floor/bottom/seq03,ARID20,floor,bottom,seq03,seq03
880,0,/mnt/Info/COGAR_DATASETs/OCID-dataset/ARID20/floor/bottom/seq04/rgb/result_2018-08-20-10-23-00.png,/mnt/Info/COGAR_DATASETs/OCID-dataset/ARID20/floor/bottom/seq04/label/result_2018-08-20-10-23-00.png,result_2018-08-20-10-23-00.png,ARID20/floor/bottom/seq04,ARID20,floor,bottom,seq04,seq04
881,1,/mnt/Info/COGAR_DATASETs/OCID-dataset/ARID20/floor/bottom/seq04/rgb/result_2018-08-20-10-23-51.png,/mnt/Info/COGAR_DATASETs/OCID-dataset/ARID20/floor/bottom/seq04/label/result_2018-08-20-10-23-51.png,result_2018-08-20-10-23-51.png,ARID20/floor/bottom/seq04,ARID20,floor,bottom,seq04,seq04
882,2,/mnt/Info/COGAR_DATASETs/OCID-dataset/ARID20/floor/bottom/seq04/rgb/result_2018-08-20-10-24-32.png,/mnt/Info/COGAR_DATASETs/OCID-dataset/ARID20/floor/bottom/seq04/label/result_2018-08-20-10-24-32.png,result_2018-08-20-10-24-32.png,ARID20/floor/bottom/seq04,ARID20,floor,bottom,seq04,seq04
883,3,/mnt/Info/COGAR_DATASETs/OCID-dataset/ARID20/floor/bottom/seq04/rgb/result_2018-08-20-10-25-02.png,/mnt/Info/COGAR_DATASETs/OCID-dataset/ARID20/floor/bottom/seq04/label/result_2018-08-20-10-25-02.png,result_2018-08-20-10-25-02.png,ARID20/floor/bottom/seq04,ARID20,floor,bottom,seq04,seq04
884,4,/mnt/Info/COGAR_DATASETs/OCID-dataset/ARID20/floor/bottom/seq04/rgb/result_2018-08-20-10-25-44.png,/mnt/Info/COGAR_DATASETs/OCID-dataset/ARID20/floor/bottom/seq04/label/result_2018-08-20-10-25-44.png,result_2018-08-20-10-25-44.png,ARID20/floor/bottom/seq04,ARID20,floor,bottom,seq04,seq04
885,5,/mnt/Info/COGAR_DATASETs/OCID-dataset/ARID20/floor/bottom/seq04/rgb/result_2018-08-20-10-26-14.png,/mnt/Info/COGAR_DATASETs/OCID-dataset/ARID20/floor/bottom/seq04/label/result_2018-08-20-10-26-14.png,result_2018-08-20-10-26-14.png,ARID20/floor/bottom/seq04,ARID20,floor,bottom,seq04,seq04
886,6,/mnt/Info/COGAR_DATASETs/OCID-dataset/ARID20/floor/bottom/seq04/rgb/result_2018-08-20-10-26-45.png,/mnt/Info/COGAR_DATASETs/OCID-dataset/ARID20/floor/bottom/seq04/label/result_2018-08-20-10-26-45.png,result_2018-08-20-10-26-45.png,ARID20/floor/bottom/seq04,ARID20,floor,bottom,seq04,seq04
887,7,/mnt/Info/COGAR_DATASETs/OCID-dataset/ARID20/floor/bottom/seq04/rgb/result_2018-08-20-10-27-52.png,/mnt/Info/COGAR_DATASETs/OCID-dataset/ARID20/floor/bottom/seq04/label/result_2018-08-20-10-27-52.png,result_2018-08-20-10-27-52.png,ARID20/floor/bottom/seq04,ARID20,floor,bottom,seq04,seq04
888,8,/mnt/Info/COGAR_DATASETs/OCID-dataset/ARID20/floor/bottom/seq04/rgb/result_2018-08-20-10-28-42.png,/mnt/Info/COGAR_DATASETs/OCID-dataset/ARID20/floor/bottom/seq04/label/result_2018-08-20-10-28-42.png,result_2018-08-20-10-28-42.png,ARID20/floor/bottom/seq04,ARID20,floor,bottom,seq04,seq04
889,9,/mnt/Info/COGAR_DATASETs/OCID-dataset/ARID20/floor/bottom/seq04/rgb/result_2018-08-20-10-30-09.png,/mnt/Info/COGAR_DATASETs/OCID-dataset/ARID20/floor/bottom/seq04/label/result_2018-08-20-10-30-09.png,result_2018-08-20-10-30-09.png,ARID20/floor/bottom/seq04,ARID20,floor,bottom,seq04,seq04
890,10,/mnt/Info/COGAR_DATASETs/OCID-dataset/ARID20/floor/bottom/seq04/rgb/result_2018-08-20-10-30-38.png,/mnt/Info/COGAR_DATASETs/OCID-dataset/ARID20/floor/bottom/seq04/label/result_2018-08-20-10-30-38.png,result_2018-08-20-10-30-38.png,ARID20/floor/bottom/seq04,ARID20,floor,bottom,seq04,seq04
891,11,/mnt/Info/COGAR_DATASETs/OCID-dataset/ARID20/floor/bottom/seq04/rgb/result_2018-08-20-10-31-12.png,/mnt/Info/COGAR_DATASETs/OCID-dataset/ARID20/floor/bottom/seq04/label/result_2018-08-20-10-31-12.png,result_2018-08-20-10-31-12.png,ARID20/floor/bottom/seq04,ARID20,floor,bottom,seq04,seq04
892,12,/mnt/Info/COGAR_DATASETs/OCID-dataset/ARID20/floor/bottom/seq04/rgb/result_2018-08-20-10-31-44.png,/mnt/Info/COGAR_DATASETs/OCID-dataset/ARID20/floor/bottom/seq04/label/result_2018-08-20-10-31-44.png,result_2018-08-20-10-31-44.png,ARID20/floor/bottom/seq04,ARID20,floor,bottom,seq04,seq04
893,13,/mnt/Info/COGAR_DATASETs/OCID-dataset/ARID20/floor/bottom/seq04/rgb/result_2018-08-20-10-32-09.png,/mnt/Info/COGAR_DATASETs/OCID-dataset/ARID20/floor/bottom/seq04/label/result_2018-08-20-10-32-09.png,result_2018-08-20-10-32-09.png,ARID20/floor/bottom/seq04,ARID20,floor,bottom,seq04,seq04
894,14,/mnt/Info/COGAR_DATASETs/OCID-dataset/ARID20/floor/bottom/seq04/rgb/result_2018-08-20-10-32-46.png,/mnt/Info/COGAR_DATASETs/OCID-dataset/ARID20/floor/bottom/seq04/label/result_2018-08-20-10-32-46.png,result_2018-08-20-10-32-46.png,ARID20/floor/bottom/seq04,ARID20,floor,bottom,seq04,seq04
895,15,/mnt/Info/COGAR_DATASETs/OCID-dataset/ARID20/floor/bottom/seq04/rgb/result_2018-08-20-10-33-15.png,/mnt/Info/COGAR_DATASETs/OCID-dataset/ARID20/floor/bottom/seq04/label/result_2018-08-20-10-33-15.png,result_2018-08-20-10-33-15.png,ARID20/floor/bottom/seq04,ARID20,floor,bottom,seq04,seq04
896,16,/mnt/Info/COGAR_DATASETs/OCID-dataset/ARID20/floor/bottom/seq04/rgb/result_2018-08-20-10-34-09.png,/mnt/Info/COGAR_DATASETs/OCID-dataset/ARID20/floor/bottom/seq04/label/result_2018-08-20-10-34-09.png,result_2018-08-20-10-34-09.png,ARID20/floor/bottom/seq04,ARID20,floor,bottom,seq04,seq04
897,17,/mnt/Info/COGAR_DATASETs/OCID-dataset/ARID20/floor/bottom/seq04/rgb/result_2018-08-20-10-34-50.png,/mnt/Info/COGAR_DATASETs/OCID-dataset/ARID20/floor/bottom/seq04/label/result_2018-08-20-10-34-50.png,result_2018-08-20-10-34-50.png,ARID20/floor/bottom/seq04,ARID20,floor,bottom,seq04,seq04
898,18,/mnt/Info/COGAR_DATASETs/OCID-dataset/ARID20/floor/bottom/seq04/rgb/result_2018-08-20-10-35-30.png,/mnt/Info/COGAR_DATASETs/OCID-dataset/ARID20/floor/bottom/seq04/label/result_2018-08-20-10-35-30.png,result_2018-08-20-10-35-30.png,ARID20/floor/bottom/seq04,ARID20,floor,bottom,seq04,seq04
899,19,/mnt/Info/COGAR_DATASETs/OCID-dataset/ARID20/floor/bottom/seq04/rgb/result_2018-08-20-10-36-02.png,/mnt/Info/COGAR_DATASETs/OCID-dataset/ARID20/floor/bottom/seq04/label/result_2018-08-20-10-36-02.png,result_2018-08-20-10-36-02.png,ARID20/floor/bottom/seq04,ARID20,floor,bottom,seq04,seq04
900,0,/mnt/Info/COGAR_DATASETs/OCID-dataset/ARID20/floor/bottom/seq05/rgb/result_2018-08-20-11-13-26.png,/mnt/Info/COGAR_DATASETs/OCID-dataset/ARID20/floor/bottom/seq05/label/result_2018-08-20-11-13-26.png,result_2018-08-20-11-13-26.png,ARID20/floor/bottom/seq05,ARID20,floor,bottom,seq05,seq05
901,1,/mnt/Info/COGAR_DATASETs/OCID-dataset/ARID20/floor/bottom/seq05/rgb/result_2018-08-20-11-13-58.png,/mnt/Info/COGAR_DATASETs/OCID-dataset/ARID20/floor/bottom/seq05/label/result_2018-08-20-11-13-58.png,result_2018-08-20-11-13-58.png,ARID20/floor/bottom/seq05,ARID20,floor,bottom,seq05,seq05
902,2,/mnt/Info/COGAR_DATASETs/OCID-dataset/ARID20/floor/bottom/seq05/rgb/result_2018-08-20-11-14-28.png,/mnt/Info/COGAR_DATASETs/OCID-dataset/ARID20/floor/bottom/seq05/label/result_2018-08-20-11-14-28.png,result_2018-08-20-11-14-28.png,ARID20/floor/bottom/seq05,ARID20,floor,bottom,seq05,seq05
903,3,/mnt/Info/COGAR_DATASETs/OCID-dataset/ARID20/floor/bottom/seq05/rgb/result_2018-08-20-11-14-55.png,/mnt/Info/COGAR_DATASETs/OCID-dataset/ARID20/floor/bottom/seq05/label/result_2018-08-20-11-14-55.png,result_2018-08-20-11-14-55.png,ARID20/floor/bottom/seq05,ARID20,floor,bottom,seq05,seq05
904,4,/mnt/Info/COGAR_DATASETs/OCID-dataset/ARID20/floor/bottom/seq05/rgb/result_2018-08-20-11-15-22.png,/mnt/Info/COGAR_DATASETs/OCID-dataset/ARID20/floor/bottom/seq05/label/result_2018-08-20-11-15-22.png,result_2018-08-20-11-15-22.png,ARID20/floor/bottom/seq05,ARID20,floor,bottom,seq05,seq05
905,5,/mnt/Info/COGAR_DATASETs/OCID-dataset/ARID20/floor/bottom/seq05/rgb/result_2018-08-20-11-16-02.png,/mnt/Info/COGAR_DATASETs/OCID-dataset/ARID20/floor/bottom/seq05/label/result_2018-08-20-11-16-02.png,result_2018-08-20-11-16-02.png,ARID20/floor/bottom/seq05,ARID20,floor,bottom,seq05,seq05
906,6,/mnt/Info/COGAR_DATASETs/OCID-dataset/ARID20/floor/bottom/seq05/rgb/result_2018-08-20-11-16-24.png,/mnt/Info/COGAR_DATASETs/OCID-dataset/ARID20/floor/bottom/seq05/label/result_2018-08-20-11-16-24.png,result_2018-08-20-11-16-24.png,ARID20/floor/bottom/seq05,ARID20,floor,bottom,seq05,seq05
907,7,/mnt/Info/COGAR_DATASETs/OCID-dataset/ARID20/floor/bottom/seq05/rgb/result_2018-08-20-11-16-46.png,/mnt/Info/COGAR_DATASETs/OCID-dataset/ARID20/floor/bottom/seq05/label/result_2018-08-20-11-16-46.png,result_2018-08-20-11-16-46.png,ARID20/floor/bottom/seq05,ARID20,floor,bottom,seq05,seq05
908,8,/mnt/Info/COGAR_DATASETs/OCID-dataset/ARID20/floor/bottom/seq05/rgb/result_2018-08-20-11-17-16.png,/mnt/Info/COGAR_DATASETs/OCID-dataset/ARID20/floor/bottom/seq05/label/result_2018-08-20-11-17-16.png,result_2018-08-20-11-17-16.png,ARID20/floor/bottom/seq05,ARID20,floor,bottom,seq05,seq05
909,9,/mnt/Info/COGAR_DATASETs/OCID-dataset/ARID20/floor/bottom/seq05/rgb/result_2018-08-20-11-17-38.png,/mnt/Info/COGAR_DATASETs/OCID-dataset/ARID20/floor/bottom/seq05/label/result_2018-08-20-11-17-38.png,result_2018-08-20-11-17-38.png,ARID20/floor/bottom/seq05,ARID20,floor,bottom,seq05,seq05
910,10,/mnt/Info/COGAR_DATASETs/OCID-dataset/ARID20/floor/bottom/seq05/rgb/result_2018-08-20-11-18-06.png,/mnt/Info/COGAR_DATASETs/OCID-dataset/ARID20/floor/bottom/seq05/label/result_2018-08-20-11-18-06.png,result_2018-08-20-11-18-06.png,ARID20/floor/bottom/seq05,ARID20,floor,bottom,seq05,seq05
911,11,/mnt/Info/COGAR_DATASETs/OCID-dataset/ARID20/floor/bottom/seq05/rgb/result_2018-08-20-11-18-43.png,/mnt/Info/COGAR_DATASETs/OCID-dataset/ARID20/floor/bottom/seq05/label/result_2018-08-20-11-18-43.png,result_2018-08-20-11-18-43.png,ARID20/floor/bottom/seq05,ARID20,floor,bottom,seq05,seq05
912,12,/mnt/Info/COGAR_DATASETs/OCID-dataset/ARID20/floor/bottom/seq05/rgb/result_2018-08-20-11-19-24.png,/mnt/Info/COGAR_DATASETs/OCID-dataset/ARID20/floor/bottom/seq05/label/result_2018-08-20-11-19-24.png,result_2018-08-20-11-19-24.png,ARID20/floor/bottom/seq05,ARID20,floor,bottom,seq05,seq05
913,13,/mnt/Info/COGAR_DATASETs/OCID-dataset/ARID20/floor/bottom/seq05/rgb/result_2018-08-20-11-19-58.png,/mnt/Info/COGAR_DATASETs/OCID-dataset/ARID20/floor/bottom/seq05/label/result_2018-08-20-11-19-58.png,result_2018-08-20-11-19-58.png,ARID20/floor/bottom/seq05,ARID20,floor,bottom,seq05,seq05
914,14,/mnt/Info/COGAR_DATASETs/OCID-dataset/ARID20/floor/bottom/seq05/rgb/result_2018-08-20-11-20-35.png,/mnt/Info/COGAR_DATASETs/OCID-dataset/ARID20/floor/bottom/seq05/label/result_2018-08-20-11-20-35.png,result_2018-08-20-11-20-35.png,ARID20/floor/bottom/seq05,ARID20,floor,bottom,seq05,seq05
915,15,/mnt/Info/COGAR_DATASETs/OCID-dataset/ARID20/floor/bottom/seq05/rgb/result_2018-08-20-11-21-07.png,/mnt/Info/COGAR_DATASETs/OCID-dataset/ARID20/floor/bottom/seq05/label/result_2018-08-20-11-21-07.png,result_2018-08-20-11-21-07.png,ARID20/floor/bottom/seq05,ARID20,floor,bottom,seq05,seq05
916,16,/mnt/Info/COGAR_DATASETs/OCID-dataset/ARID20/floor/bottom/seq05/rgb/result_2018-08-20-11-21-26.png,/mnt/Info/COGAR_DATASETs/OCID-dataset/ARID20/floor/bottom/seq05/label/result_2018-08-20-11-21-26.png,result_2018-08-20-11-21-26.png,ARID20/floor/bottom/seq05,ARID20,floor,bottom,seq05,seq05
917,17,/mnt/Info/COGAR_DATASETs/OCID-dataset/ARID20/floor/bottom/seq05/rgb/result_2018-08-20-11-21-57.png,/mnt/Info/COGAR_DATASETs/OCID-dataset/ARID20/floor/bottom/seq05/label/result_2018-08-20-11-21-57.png,result_2018-08-20-11-21-57.png,ARID20/floor/bottom/seq05,ARID20,floor,bottom,seq05,seq05
918,18,/mnt/Info/COGAR_DATASETs/OCID-dataset/ARID20/floor/bottom/seq05/rgb/result_2018-08-20-11-22-46.png,/mnt/Info/COGAR_DATASETs/OCID-dataset/ARID20/floor/bottom/seq05/label/result_2018-08-20-11-22-46.png,result_2018-08-20-11-22-46.png,ARID20/floor/bottom/seq05,ARID20,floor,bottom,seq05,seq05
919,19,/mnt/Info/COGAR_DATASETs/OCID-dataset/ARID20/floor/bottom/seq05/rgb/result_2018-08-20-11-24-34.png,/mnt/Info/COGAR_DATASETs/OCID-dataset/ARID20/floor/bottom/seq05/label/result_2018-08-20-11-24-34.png,result_2018-08-20-11-24-34.png,ARID20/floor/bottom/seq05,ARID20,floor,bottom,seq05,seq05
920,0,/mnt/Info/COGAR_DATASETs/OCID-dataset/ARID20/floor/bottom/seq06/rgb/result_2018-08-20-11-26-29.png,/mnt/Info/COGAR_DATASETs/OCID-dataset/ARID20/floor/bottom/seq06/label/result_2018-08-20-11-26-29.png,result_2018-08-20-11-26-29.png,ARID20/floor/bottom/seq06,ARID20,floor,bottom,seq06,seq06
921,1,/mnt/Info/COGAR_DATASETs/OCID-dataset/ARID20/floor/bottom/seq06/rgb/result_2018-08-20-11-27-29.png,/mnt/Info/COGAR_DATASETs/OCID-dataset/ARID20/floor/bottom/seq06/label/result_2018-08-20-11-27-29.png,result_2018-08-20-11-27-29.png,ARID20/floor/bottom/seq06,ARID20,floor,bottom,seq06,seq06
922,2,/mnt/Info/COGAR_DATASETs/OCID-dataset/ARID20/floor/bottom/seq06/rgb/result_2018-08-20-11-27-57.png,/mnt/Info/COGAR_DATASETs/OCID-dataset/ARID20/floor/bottom/seq06/label/result_2018-08-20-11-27-57.png,result_2018-08-20-11-27-57.png,ARID20/floor/bottom/seq06,ARID20,floor,bottom,seq06,seq06
923,3,/mnt/Info/COGAR_DATASETs/OCID-dataset/ARID20/floor/bottom/seq06/rgb/result_2018-08-20-11-28-34.png,/mnt/Info/COGAR_DATASETs/OCID-dataset/ARID20/floor/bottom/seq06/label/result_2018-08-20-11-28-34.png,result_2018-08-20-11-28-34.png,ARID20/floor/bottom/seq06,ARID20,floor,bottom,seq06,seq06
924,4,/mnt/Info/COGAR_DATASETs/OCID-dataset/ARID20/floor/bottom/seq06/rgb/result_2018-08-20-11-28-59.png,/mnt/Info/COGAR_DATASETs/OCID-dataset/ARID20/floor/bottom/seq06/label/result_2018-08-20-11-28-59.png,result_2018-08-20-11-28-59.png,ARID20/floor/bottom/seq06,ARID20,floor,bottom,seq06,seq06
925,5,/mnt/Info/COGAR_DATASETs/OCID-dataset/ARID20/floor/bottom/seq06/rgb/result_2018-08-20-11-29-23.png,/mnt/Info/COGAR_DATASETs/OCID-dataset/ARID20/floor/bottom/seq06/label/result_2018-08-20-11-29-23.png,result_2018-08-20-11-29-23.png,ARID20/floor/bottom/seq06,ARID20,floor,bottom,seq06,seq06
926,6,/mnt/Info/COGAR_DATASETs/OCID-dataset/ARID20/floor/bottom/seq06/rgb/result_2018-08-20-11-29-46.png,/mnt/Info/COGAR_DATASETs/OCID-dataset/ARID20/floor/bottom/seq06/label/result_2018-08-20-11-29-46.png,result_2018-08-20-11-29-46.png,ARID20/floor/bottom/seq06,ARID20,floor,bottom,seq06,seq06
927,7,/mnt/Info/COGAR_DATASETs/OCID-dataset/ARID20/floor/bottom/seq06/rgb/result_2018-08-20-11-30-18.png,/mnt/Info/COGAR_DATASETs/OCID-dataset/ARID20/floor/bottom/seq06/label/result_2018-08-20-11-30-18.png,result_2018-08-20-11-30-18.png,ARID20/floor/bottom/seq06,ARID20,floor,bottom,seq06,seq06
928,8,/mnt/Info/COGAR_DATASETs/OCID-dataset/ARID20/floor/bottom/seq06/rgb/result_2018-08-20-11-31-00.png,/mnt/Info/COGAR_DATASETs/OCID-dataset/ARID20/floor/bottom/seq06/label/result_2018-08-20-11-31-00.png,result_2018-08-20-11-31-00.png,ARID20/floor/bottom/seq06,ARID20,floor,bottom,seq06,seq06
929,9,/mnt/Info/COGAR_DATASETs/OCID-dataset/ARID20/floor/bottom/seq06/rgb/result_2018-08-20-11-31-31.png,/mnt/Info/COGAR_DATASETs/OCID-dataset/ARID20/floor/bottom/seq06/label/result_2018-08-20-11-31-31.png,result_2018-08-20-11-31-31.png,ARID20/floor/bottom/seq06,ARID20,floor,bottom,seq06,seq06
930,10,/mnt/Info/COGAR_DATASETs/OCID-dataset/ARID20/floor/bottom/seq06/rgb/result_2018-08-20-11-32-11.png,/mnt/Info/COGAR_DATASETs/OCID-dataset/ARID20/floor/bottom/seq06/label/result_2018-08-20-11-32-11.png,result_2018-08-20-11-32-11.png,ARID20/floor/bottom/seq06,ARID20,floor,bottom,seq06,seq06
931,11,/mnt/Info/COGAR_DATASETs/OCID-dataset/ARID20/floor/bottom/seq06/rgb/result_2018-08-20-11-32-41.png,/mnt/Info/COGAR_DATASETs/OCID-dataset/ARID20/floor/bottom/seq06/label/result_2018-08-20-11-32-41.png,result_2018-08-20-11-32-41.png,ARID20/floor/bottom/seq06,ARID20,floor,bottom,seq06,seq06
932,12,/mnt/Info/COGAR_DATASETs/OCID-dataset/ARID20/floor/bottom/seq06/rgb/result_2018-08-20-11-33-22.png,/mnt/Info/COGAR_DATASETs/OCID-dataset/ARID20/floor/bottom/seq06/label/result_2018-08-20-11-33-22.png,result_2018-08-20-11-33-22.png,ARID20/floor/bottom/seq06,ARID20,floor,bottom,seq06,seq06
933,13,/mnt/Info/COGAR_DATASETs/OCID-dataset/ARID20/floor/bottom/seq06/rgb/result_2018-08-20-11-34-08.png,/mnt/Info/COGAR_DATASETs/OCID-dataset/ARID20/floor/bottom/seq06/label/result_2018-08-20-11-34-08.png,result_2018-08-20-11-34-08.png,ARID20/floor/bottom/seq06,ARID20,floor,bottom,seq06,seq06
934,14,/mnt/Info/COGAR_DATASETs/OCID-dataset/ARID20/floor/bottom/seq06/rgb/result_2018-08-20-11-34-35.png,/mnt/Info/COGAR_DATASETs/OCID-dataset/ARID20/floor/bottom/seq06/label/result_2018-08-20-11-34-35.png,result_2018-08-20-11-34-35.png,ARID20/floor/bottom/seq06,ARID20,floor,bottom,seq06,seq06
935,15,/mnt/Info/COGAR_DATASETs/OCID-dataset/ARID20/floor/bottom/seq06/rgb/result_2018-08-20-11-35-08.png,/mnt/Info/COGAR_DATASETs/OCID-dataset/ARID20/floor/bottom/seq06/label/result_2018-08-20-11-35-08.png,result_2018-08-20-11-35-08.png,ARID20/floor/bottom/seq06,ARID20,floor,bottom,seq06,seq06
936,16,/mnt/Info/COGAR_DATASETs/OCID-dataset/ARID20/floor/bottom/seq06/rgb/result_2018-08-20-11-36-00.png,/mnt/Info/COGAR_DATASETs/OCID-dataset/ARID20/floor/bottom/seq06/label/result_2018-08-20-11-36-00.png,result_2018-08-20-11-36-00.png,ARID20/floor/bottom/seq06,ARID20,floor,bottom,seq06,seq06
937,17,/mnt/Info/COGAR_DATASETs/OCID-dataset/ARID20/floor/bottom/seq06/rgb/result_2018-08-20-11-36-50.png,/mnt/Info/COGAR_DATASETs/OCID-dataset/ARID20/floor/bottom/seq06/label/result_2018-08-20-11-36-50.png,result_2018-08-20-11-36-50.png,ARID20/floor/bottom/seq06,ARID20,floor,bottom,seq06,seq06
938,18,/mnt/Info/COGAR_DATASETs/OCID-dataset/ARID20/floor/bottom/seq06/rgb/result_2018-08-20-11-37-40.png,/mnt/Info/COGAR_DATASETs/OCID-dataset/ARID20/floor/bottom/seq06/label/result_2018-08-20-11-37-40.png,result_2018-08-20-11-37-40.png,ARID20/floor/bottom/seq06,ARID20,floor,bottom,seq06,seq06
939,19,/mnt/Info/COGAR_DATASETs/OCID-dataset/ARID20/floor/bottom/seq06/rgb/result_2018-08-20-11-38-01.png,/mnt/Info/COGAR_DATASETs/OCID-dataset/ARID20/floor/bottom/seq06/label/result_2018-08-20-11-38-01.png,result_2018-08-20-11-38-01.png,ARID20/floor/bottom/seq06,ARID20,floor,bottom,seq06,seq06
940,0,/mnt/Info/COGAR_DATASETs/OCID-dataset/ARID20/floor/bottom/seq07/rgb/result_2018-08-20-11-40-29.png,/mnt/Info/COGAR_DATASETs/OCID-dataset/ARID20/floor/bottom/seq07/label/result_2018-08-20-11-40-29.png,result_2018-08-20-11-40-29.png,ARID20/floor/bottom/seq07,ARID20,floor,bottom,seq07,seq07
941,1,/mnt/Info/COGAR_DATASETs/OCID-dataset/ARID20/floor/bottom/seq07/rgb/result_2018-08-20-11-41-05.png,/mnt/Info/COGAR_DATASETs/OCID-dataset/ARID20/floor/bottom/seq07/label/result_2018-08-20-11-41-05.png,result_2018-08-20-11-41-05.png,ARID20/floor/bottom/seq07,ARID20,floor,bottom,seq07,seq07
942,2,/mnt/Info/COGAR_DATASETs/OCID-dataset/ARID20/floor/bottom/seq07/rgb/result_2018-08-20-11-42-01.png,/mnt/Info/COGAR_DATASETs/OCID-dataset/ARID20/floor/bottom/seq07/label/result_2018-08-20-11-42-01.png,result_2018-08-20-11-42-01.png,ARID20/floor/bottom/seq07,ARID20,floor,bottom,seq07,seq07
943,3,/mnt/Info/COGAR_DATASETs/OCID-dataset/ARID20/floor/bottom/seq07/rgb/result_2018-08-20-11-42-31.png,/mnt/Info/COGAR_DATASETs/OCID-dataset/ARID20/floor/bottom/seq07/label/result_2018-08-20-11-42-31.png,result_2018-08-20-11-42-31.png,ARID20/floor/bottom/seq07,ARID20,floor,bottom,seq07,seq07
944,4,/mnt/Info/COGAR_DATASETs/OCID-dataset/ARID20/floor/bottom/seq07/rgb/result_2018-08-20-11-43-01.png,/mnt/Info/COGAR_DATASETs/OCID-dataset/ARID20/floor/bottom/seq07/label/result_2018-08-20-11-43-01.png,result_2018-08-20-11-43-01.png,ARID20/floor/bottom/seq07,ARID20,floor,bottom,seq07,seq07
945,5,/mnt/Info/COGAR_DATASETs/OCID-dataset/ARID20/floor/bottom/seq07/rgb/result_2018-08-20-11-43-24.png,/mnt/Info/COGAR_DATASETs/OCID-dataset/ARID20/floor/bottom/seq07/label/result_2018-08-20-11-43-24.png,result_2018-08-20-11-43-24.png,ARID20/floor/bottom/seq07,ARID20,floor,bottom,seq07,seq07
946,6,/mnt/Info/COGAR_DATASETs/OCID-dataset/ARID20/floor/bottom/seq07/rgb/result_2018-08-20-11-43-51.png,/mnt/Info/COGAR_DATASETs/OCID-dataset/ARID20/floor/bottom/seq07/label/result_2018-08-20-11-43-51.png,result_2018-08-20-11-43-51.png,ARID20/floor/bottom/seq07,ARID20,floor,bottom,seq07,seq07
947,7,/mnt/Info/COGAR_DATASETs/OCID-dataset/ARID20/floor/bottom/seq07/rgb/result_2018-08-20-11-44-06.png,/mnt/Info/COGAR_DATASETs/OCID-dataset/ARID20/floor/bottom/seq07/label/result_2018-08-20-11-44-06.png,result_2018-08-20-11-44-06.png,ARID20/floor/bottom/seq07,ARID20,floor,bottom,seq07,seq07
948,8,/mnt/Info/COGAR_DATASETs/OCID-dataset/ARID20/floor/bottom/seq07/rgb/result_2018-08-20-11-44-33.png,/mnt/Info/COGAR_DATASETs/OCID-dataset/ARID20/floor/bottom/seq07/label/result_2018-08-20-11-44-33.png,result_2018-08-20-11-44-33.png,ARID20/floor/bottom/seq07,ARID20,floor,bottom,seq07,seq07
949,9,/mnt/Info/COGAR_DATASETs/OCID-dataset/ARID20/floor/bottom/seq07/rgb/result_2018-08-20-11-44-55.png,/mnt/Info/COGAR_DATASETs/OCID-dataset/ARID20/floor/bottom/seq07/label/result_2018-08-20-11-44-55.png,result_2018-08-20-11-44-55.png,ARID20/floor/bottom/seq07,ARID20,floor,bottom,seq07,seq07
950,10,/mnt/Info/COGAR_DATASETs/OCID-dataset/ARID20/floor/bottom/seq07/rgb/result_2018-08-20-11-45-20.png,/mnt/Info/COGAR_DATASETs/OCID-dataset/ARID20/floor/bottom/seq07/label/result_2018-08-20-11-45-20.png,result_2018-08-20-11-45-20.png,ARID20/floor/bottom/seq07,ARID20,floor,bottom,seq07,seq07
951,11,/mnt/Info/COGAR_DATASETs/OCID-dataset/ARID20/floor/bottom/seq07/rgb/result_2018-08-20-11-45-49.png,/mnt/Info/COGAR_DATASETs/OCID-dataset/ARID20/floor/bottom/seq07/label/result_2018-08-20-11-45-49.png,result_2018-08-20-11-45-49.png,ARID20/floor/bottom/seq07,ARID20,floor,bottom,seq07,seq07
952,12,/mnt/Info/COGAR_DATASETs/OCID-dataset/ARID20/floor/bottom/seq07/rgb/result_2018-08-20-11-46-25.png,/mnt/Info/COGAR_DATASETs/OCID-dataset/ARID20/floor/bottom/seq07/label/result_2018-08-20-11-46-25.png,result_2018-08-20-11-46-25.png,ARID20/floor/bottom/seq07,ARID20,floor,bottom,seq07,seq07
953,13,/mnt/Info/COGAR_DATASETs/OCID-dataset/ARID20/floor/bottom/seq07/rgb/result_2018-08-20-11-46-56.png,/mnt/Info/COGAR_DATASETs/OCID-dataset/ARID20/floor/bottom/seq07/label/result_2018-08-20-11-46-56.png,result_2018-08-20-11-46-56.png,ARID20/floor/bottom/seq07,ARID20,floor,bottom,seq07,seq07
954,14,/mnt/Info/COGAR_DATASETs/OCID-dataset/ARID20/floor/bottom/seq07/rgb/result_2018-08-20-11-47-50.png,/mnt/Info/COGAR_DATASETs/OCID-dataset/ARID20/floor/bottom/seq07/label/result_2018-08-20-11-47-50.png,result_2018-08-20-11-47-50.png,ARID20/floor/bottom/seq07,ARID20,floor,bottom,seq07,seq07
955,15,/mnt/Info/COGAR_DATASETs/OCID-dataset/ARID20/floor/bottom/seq07/rgb/result_2018-08-20-11-48-23.png,/mnt/Info/COGAR_DATASETs/OCID-dataset/ARID20/floor/bottom/seq07/label/result_2018-08-20-11-48-23.png,result_2018-08-20-11-48-23.png,ARID20/floor/bottom/seq07,ARID20,floor,bottom,seq07,seq07
956,16,/mnt/Info/COGAR_DATASETs/OCID-dataset/ARID20/floor/bottom/seq07/rgb/result_2018-08-20-11-48-58.png,/mnt/Info/COGAR_DATASETs/OCID-dataset/ARID20/floor/bottom/seq07/label/result_2018-08-20-11-48-58.png,result_2018-08-20-11-48-58.png,ARID20/floor/bottom/seq07,ARID20,floor,bottom,seq07,seq07
957,17,/mnt/Info/COGAR_DATASETs/OCID-dataset/ARID20/floor/bottom/seq07/rgb/result_2018-08-20-11-49-36.png,/mnt/Info/COGAR_DATASETs/OCID-dataset/ARID20/floor/bottom/seq07/label/result_2018-08-20-11-49-36.png,result_2018-08-20-11-49-36.png,ARID20/floor/bottom/seq07,ARID20,floor,bottom,seq07,seq07
958,18,/mnt/Info/COGAR_DATASETs/OCID-dataset/ARID20/floor/bottom/seq07/rgb/result_2018-08-20-11-50-06.png,/mnt/Info/COGAR_DATASETs/OCID-dataset/ARID20/floor/bottom/seq07/label/result_2018-08-20-11-50-06.png,result_2018-08-20-11-50-06.png,ARID20/floor/bottom/seq07,ARID20,floor,bottom,seq07,seq07
959,19,/mnt/Info/COGAR_DATASETs/OCID-dataset/ARID20/floor/bottom/seq07/rgb/result_2018-08-20-11-51-41.png,/mnt/Info/COGAR_DATASETs/OCID-dataset/ARID20/floor/bottom/seq07/label/result_2018-08-20-11-51-41.png,result_2018-08-20-11-51-41.png,ARID20/floor/bottom/seq07,ARID20,floor,bottom,seq07,seq07
960,0,/mnt/Info/COGAR_DATASETs/OCID-dataset/ARID20/floor/bottom/seq08/rgb/result_2018-08-20-11-54-04.png,/mnt/Info/COGAR_DATASETs/OCID-dataset/ARID20/floor/bottom/seq08/label/result_2018-08-20-11-54-04.png,result_2018-08-20-11-54-04.png,ARID20/floor/bottom/seq08,ARID20,floor,bottom,seq08,seq08
961,1,/mnt/Info/COGAR_DATASETs/OCID-dataset/ARID20/floor/bottom/seq08/rgb/result_2018-08-20-11-54-28.png,/mnt/Info/COGAR_DATASETs/OCID-dataset/ARID20/floor/bottom/seq08/label/result_2018-08-20-11-54-28.png,result_2018-08-20-11-54-28.png,ARID20/floor/bottom/seq08,ARID20,floor,bottom,seq08,seq08
962,2,/mnt/Info/COGAR_DATASETs/OCID-dataset/ARID20/floor/bottom/seq08/rgb/result_2018-08-20-11-55-12.png,/mnt/Info/COGAR_DATASETs/OCID-dataset/ARID20/floor/bottom/seq08/label/result_2018-08-20-11-55-12.png,result_2018-08-20-11-55-12.png,ARID20/floor/bottom/seq08,ARID20,floor,bottom,seq08,seq08
963,3,/mnt/Info/COGAR_DATASETs/OCID-dataset/ARID20/floor/bottom/seq08/rgb/result_2018-08-20-11-55-42.png,/mnt/Info/COGAR_DATASETs/OCID-dataset/ARID20/floor/bottom/seq08/label/result_2018-08-20-11-55-42.png,result_2018-08-20-11-55-42.png,ARID20/floor/bottom/seq08,ARID20,floor,bottom,seq08,seq08
964,4,/mnt/Info/COGAR_DATASETs/OCID-dataset/ARID20/floor/bottom/seq08/rgb/result_2018-08-20-11-56-39.png,/mnt/Info/COGAR_DATASETs/OCID-dataset/ARID20/floor/bottom/seq08/label/result_2018-08-20-11-56-39.png,result_2018-08-20-11-56-39.png,ARID20/floor/bottom/seq08,ARID20,floor,bottom,seq08,seq08
965,5,/mnt/Info/COGAR_DATASETs/OCID-dataset/ARID20/floor/bottom/seq08/rgb/result_2018-08-20-11-57-06.png,/mnt/Info/COGAR_DATASETs/OCID-dataset/ARID20/floor/bottom/seq08/label/result_2018-08-20-11-57-06.png,result_2018-08-20-11-57-06.png,ARID20/floor/bottom/seq08,ARID20,floor,bottom,seq08,seq08
966,6,/mnt/Info/COGAR_DATASETs/OCID-dataset/ARID20/floor/bottom/seq08/rgb/result_2018-08-20-11-57-37.png,/mnt/Info/COGAR_DATASETs/OCID-dataset/ARID20/floor/bottom/seq08/label/result_2018-08-20-11-57-37.png,result_2018-08-20-11-57-37.png,ARID20/floor/bottom/seq08,ARID20,floor,bottom,seq08,seq08
967,7,/mnt/Info/COGAR_DATASETs/OCID-dataset/ARID20/floor/bottom/seq08/rgb/result_2018-08-20-11-58-27.png,/mnt/Info/COGAR_DATASETs/OCID-dataset/ARID20/floor/bottom/seq08/label/result_2018-08-20-11-58-27.png,result_2018-08-20-11-58-27.png,ARID20/floor/bottom/seq08,ARID20,floor,bottom,seq08,seq08
968,8,/mnt/Info/COGAR_DATASETs/OCID-dataset/ARID20/floor/bottom/seq08/rgb/result_2018-08-20-11-58-58.png,/mnt/Info/COGAR_DATASETs/OCID-dataset/ARID20/floor/bottom/seq08/label/result_2018-08-20-11-58-58.png,result_2018-08-20-11-58-58.png,ARID20/floor/bottom/seq08,ARID20,floor,bottom,seq08,seq08
969,9,/mnt/Info/COGAR_DATASETs/OCID-dataset/ARID20/floor/bottom/seq08/rgb/result_2018-08-20-11-59-44.png,/mnt/Info/COGAR_DATASETs/OCID-dataset/ARID20/floor/bottom/seq08/label/result_2018-08-20-11-59-44.png,result_2018-08-20-11-59-44.png,ARID20/floor/bottom/seq08,ARID20,floor,bottom,seq08,seq08
970,10,/mnt/Info/COGAR_DATASETs/OCID-dataset/ARID20/floor/bottom/seq08/rgb/result_2018-08-20-12-00-18.png,/mnt/Info/COGAR_DATASETs/OCID-dataset/ARID20/floor/bottom/seq08/label/result_2018-08-20-12-00-18.png,result_2018-08-20-12-00-18.png,ARID20/floor/bottom/seq08,ARID20,floor,bottom,seq08,seq08
971,11,/mnt/Info/COGAR_DATASETs/OCID-dataset/ARID20/floor/bottom/seq08/rgb/result_2018-08-20-12-01-09.png,/mnt/Info/COGAR_DATASETs/OCID-dataset/ARID20/floor/bottom/seq08/label/result_2018-08-20-12-01-09.png,result_2018-08-20-12-01-09.png,ARID20/floor/bottom/seq08,ARID20,floor,bottom,seq08,seq08
972,12,/mnt/Info/COGAR_DATASETs/OCID-dataset/ARID20/floor/bottom/seq08/rgb/result_2018-08-20-12-01-57.png,/mnt/Info/COGAR_DATASETs/OCID-dataset/ARID20/floor/bottom/seq08/label/result_2018-08-20-12-01-57.png,result_2018-08-20-12-01-57.png,ARID20/floor/bottom/seq08,ARID20,floor,bottom,seq08,seq08
973,13,/mnt/Info/COGAR_DATASETs/OCID-dataset/ARID20/floor/bottom/seq08/rgb/result_2018-08-20-12-02-30.png,/mnt/Info/COGAR_DATASETs/OCID-dataset/ARID20/floor/bottom/seq08/label/result_2018-08-20-12-02-30.png,result_2018-08-20-12-02-30.png,ARID20/floor/bottom/seq08,ARID20,floor,bottom,seq08,seq08
974,14,/mnt/Info/COGAR_DATASETs/OCID-dataset/ARID20/floor/bottom/seq08/rgb/result_2018-08-20-12-03-03.png,/mnt/Info/COGAR_DATASETs/OCID-dataset/ARID20/floor/bottom/seq08/label/result_2018-08-20-12-03-03.png,result_2018-08-20-12-03-03.png,ARID20/floor/bottom/seq08,ARID20,floor,bottom,seq08,seq08
975,15,/mnt/Info/COGAR_DATASETs/OCID-dataset/ARID20/floor/bottom/seq08/rgb/result_2018-08-20-12-03-53.png,/mnt/Info/COGAR_DATASETs/OCID-dataset/ARID20/floor/bottom/seq08/label/result_2018-08-20-12-03-53.png,result_2018-08-20-12-03-53.png,ARID20/floor/bottom/seq08,ARID20,floor,bottom,seq08,seq08
976,16,/mnt/Info/COGAR_DATASETs/OCID-dataset/ARID20/floor/bottom/seq08/rgb/result_2018-08-20-12-05-15.png,/mnt/Info/COGAR_DATASETs/OCID-dataset/ARID20/floor/bottom/seq08/label/result_2018-08-20-12-05-15.png,result_2018-08-20-12-05-15.png,ARID20/floor/bottom/seq08,ARID20,floor,bottom,seq08,seq08
977,17,/mnt/Info/COGAR_DATASETs/OCID-dataset/ARID20/floor/bottom/seq08/rgb/result_2018-08-20-12-06-21.png,/mnt/Info/COGAR_DATASETs/OCID-dataset/ARID20/floor/bottom/seq08/label/result_2018-08-20-12-06-21.png,result_2018-08-20-12-06-21.png,ARID20/floor/bottom/seq08,ARID20,floor,bottom,seq08,seq08
978,18,/mnt/Info/COGAR_DATASETs/OCID-dataset/ARID20/floor/bottom/seq08/rgb/result_2018-08-20-12-07-45.png,/mnt/Info/COGAR_DATASETs/OCID-dataset/ARID20/floor/bottom/seq08/label/result_2018-08-20-12-07-45.png,result_2018-08-20-12-07-45.png,ARID20/floor/bottom/seq08,ARID20,floor,bottom,seq08,seq08
979,19,/mnt/Info/COGAR_DATASETs/OCID-dataset/ARID20/floor/bottom/seq08/rgb/result_2018-08-20-12-08-09.png,/mnt/Info/COGAR_DATASETs/OCID-dataset/ARID20/floor/bottom/seq08/label/result_2018-08-20-12-08-09.png,result_2018-08-20-12-08-09.png,ARID20/floor/bottom/seq08,ARID20,floor,bottom,seq08,seq08
980,0,/mnt/Info/COGAR_DATASETs/OCID-dataset/ARID20/floor/bottom/seq09/rgb/result_2018-08-20-14-03-47.png,/mnt/Info/COGAR_DATASETs/OCID-dataset/ARID20/floor/bottom/seq09/label/result_2018-08-20-14-03-47.png,result_2018-08-20-14-03-47.png,ARID20/floor/bottom/seq09,ARID20,floor,bottom,seq09,seq09
981,1,/mnt/Info/COGAR_DATASETs/OCID-dataset/ARID20/floor/bottom/seq09/rgb/result_2018-08-20-14-04-13.png,/mnt/Info/COGAR_DATASETs/OCID-dataset/ARID20/floor/bottom/seq09/label/result_2018-08-20-14-04-13.png,result_2018-08-20-14-04-13.png,ARID20/floor/bottom/seq09,ARID20,floor,bottom,seq09,seq09
982,2,/mnt/Info/COGAR_DATASETs/OCID-dataset/ARID20/floor/bottom/seq09/rgb/result_2018-08-20-14-04-30.png,/mnt/Info/COGAR_DATASETs/OCID-dataset/ARID20/floor/bottom/seq09/label/result_2018-08-20-14-04-30.png,result_2018-08-20-14-04-30.png,ARID20/floor/bottom/seq09,ARID20,floor,bottom,seq09,seq09
983,3,/mnt/Info/COGAR_DATASETs/OCID-dataset/ARID20/floor/bottom/seq09/rgb/result_2018-08-20-14-05-10.png,/mnt/Info/COGAR_DATASETs/OCID-dataset/ARID20/floor/bottom/seq09/label/result_2018-08-20-14-05-10.png,result_2018-08-20-14-05-10.png,ARID20/floor/bottom/seq09,ARID20,floor,bottom,seq09,seq09
984,4,/mnt/Info/COGAR_DATASETs/OCID-dataset/ARID20/floor/bottom/seq09/rgb/result_2018-08-20-14-05-51.png,/mnt/Info/COGAR_DATASETs/OCID-dataset/ARID20/floor/bottom/seq09/label/result_2018-08-20-14-05-51.png,result_2018-08-20-14-05-51.png,ARID20/floor/bottom/seq09,ARID20,floor,bottom,seq09,seq09
985,5,/mnt/Info/COGAR_DATASETs/OCID-dataset/ARID20/floor/bottom/seq09/rgb/result_2018-08-20-14-06-20.png,/mnt/Info/COGAR_DATASETs/OCID-dataset/ARID20/floor/bottom/seq09/label/result_2018-08-20-14-06-20.png,result_2018-08-20-14-06-20.png,ARID20/floor/bottom/seq09,ARID20,floor,bottom,seq09,seq09
986,6,/mnt/Info/COGAR_DATASETs/OCID-dataset/ARID20/floor/bottom/seq09/rgb/result_2018-08-20-14-07-08.png,/mnt/Info/COGAR_DATASETs/OCID-dataset/ARID20/floor/bottom/seq09/label/result_2018-08-20-14-07-08.png,result_2018-08-20-14-07-08.png,ARID20/floor/bottom/seq09,ARID20,floor,bottom,seq09,seq09
987,7,/mnt/Info/COGAR_DATASETs/OCID-dataset/ARID20/floor/bottom/seq09/rgb/result_2018-08-20-14-07-39.png,/mnt/Info/COGAR_DATASETs/OCID-dataset/ARID20/floor/bottom/seq09/label/result_2018-08-20-14-07-39.png,result_2018-08-20-14-07-39.png,ARID20/floor/bottom/seq09,ARID20,floor,bottom,seq09,seq09
988,8,/mnt/Info/COGAR_DATASETs/OCID-dataset/ARID20/floor/bottom/seq09/rgb/result_2018-08-20-14-08-25.png,/mnt/Info/COGAR_DATASETs/OCID-dataset/ARID20/floor/bottom/seq09/label/result_2018-08-20-14-08-25.png,result_2018-08-20-14-08-25.png,ARID20/floor/bottom/seq09,ARID20,floor,bottom,seq09,seq09
989,9,/mnt/Info/COGAR_DATASETs/OCID-dataset/ARID20/floor/bottom/seq09/rgb/result_2018-08-20-14-09-51.png,/mnt/Info/COGAR_DATASETs/OCID-dataset/ARID20/floor/bottom/seq09/label/result_2018-08-20-14-09-51.png,result_2018-08-20-14-09-51.png,ARID20/floor/bottom/seq09,ARID20,floor,bottom,seq09,seq09
990,10,/mnt/Info/COGAR_DATASETs/OCID-dataset/ARID20/floor/bottom/seq09/rgb/result_2018-08-20-14-10-35.png,/mnt/Info/COGAR_DATASETs/OCID-dataset/ARID20/floor/bottom/seq09/label/result_2018-08-20-14-10-35.png,result_2018-08-20-14-10-35.png,ARID20/floor/bottom/seq09,ARID20,floor,bottom,seq09,seq09
991,11,/mnt/Info/COGAR_DATASETs/OCID-dataset/ARID20/floor/bottom/seq09/rgb/result_2018-08-20-14-11-04.png,/mnt/Info/COGAR_DATASETs/OCID-dataset/ARID20/floor/bottom/seq09/label/result_2018-08-20-14-11-04.png,result_2018-08-20-14-11-04.png,ARID20/floor/bottom/seq09,ARID20,floor,bottom,seq09,seq09
992,12,/mnt/Info/COGAR_DATASETs/OCID-dataset/ARID20/floor/bottom/seq09/rgb/result_2018-08-20-14-11-32.png,/mnt/Info/COGAR_DATASETs/OCID-dataset/ARID20/floor/bottom/seq09/label/result_2018-08-20-14-11-32.png,result_2018-08-20-14-11-32.png,ARID20/floor/bottom/seq09,ARID20,floor,bottom,seq09,seq09
993,13,/mnt/Info/COGAR_DATASETs/OCID-dataset/ARID20/floor/bottom/seq09/rgb/result_2018-08-20-14-12-04.png,/mnt/Info/COGAR_DATASETs/OCID-dataset/ARID20/floor/bottom/seq09/label/result_2018-08-20-14-12-04.png,result_2018-08-20-14-12-04.png,ARID20/floor/bottom/seq09,ARID20,floor,bottom,seq09,seq09
994,14,/mnt/Info/COGAR_DATASETs/OCID-dataset/ARID20/floor/bottom/seq09/rgb/result_2018-08-20-14-12-31.png,/mnt/Info/COGAR_DATASETs/OCID-dataset/ARID20/floor/bottom/seq09/label/result_2018-08-20-14-12-31.png,result_2018-08-20-14-12-31.png,ARID20/floor/bottom/seq09,ARID20,floor,bottom,seq09,seq09
995,15,/mnt/Info/COGAR_DATASETs/OCID-dataset/ARID20/floor/bottom/seq09/rgb/result_2018-08-20-14-13-09.png,/mnt/Info/COGAR_DATASETs/OCID-dataset/ARID20/floor/bottom/seq09/label/result_2018-08-20-14-13-09.png,result_2018-08-20-14-13-09.png,ARID20/floor/bottom/seq09,ARID20,floor,bottom,seq09,seq09
996,16,/mnt/Info/COGAR_DATASETs/OCID-dataset/ARID20/floor/bottom/seq09/rgb/result_2018-08-20-14-13-54.png,/mnt/Info/COGAR_DATASETs/OCID-dataset/ARID20/floor/bottom/seq09/label/result_2018-08-20-14-13-54.png,result_2018-08-20-14-13-54.png,ARID20/floor/bottom/seq09,ARID20,floor,bottom,seq09,seq09
997,17,/mnt/Info/COGAR_DATASETs/OCID-dataset/ARID20/floor/bottom/seq09/rgb/result_2018-08-20-14-14-35.png,/mnt/Info/COGAR_DATASETs/OCID-dataset/ARID20/floor/bottom/seq09/label/result_2018-08-20-14-14-35.png,result_2018-08-20-14-14-35.png,ARID20/floor/bottom/seq09,ARID20,floor,bottom,seq09,seq09
998,18,/mnt/Info/COGAR_DATASETs/OCID-dataset/ARID20/floor/bottom/seq09/rgb/result_2018-08-20-14-16-19.png,/mnt/Info/COGAR_DATASETs/OCID-dataset/ARID20/floor/bottom/seq09/label/result_2018-08-20-14-16-19.png,result_2018-08-20-14-16-19.png,ARID20/floor/bottom/seq09,ARID20,floor,bottom,seq09,seq09
999,19,/mnt/Info/COGAR_DATASETs/OCID-dataset/ARID20/floor/bottom/seq09/rgb/result_2018-08-20-14-17-17.png,/mnt/Info/COGAR_DATASETs/OCID-dataset/ARID20/floor/bottom/seq09/label/result_2018-08-20-14-17-17.png,result_2018-08-20-14-17-17.png,ARID20/floor/bottom/seq09,ARID20,floor,bottom,seq09,seq09
1000,0,/mnt/Info/COGAR_DATASETs/OCID-dataset/ARID20/floor/bottom/seq10/rgb/result_2018-08-20-14-20-25.png,/mnt/Info/COGAR_DATASETs/OCID-dataset/ARID20/floor/bottom/seq10/label/result_2018-08-20-14-20-25.png,result_2018-08-20-14-20-25.png,ARID20/floor/bottom/seq10,ARID20,floor,bottom,seq10,seq10
1001,1,/mnt/Info/COGAR_DATASETs/OCID-dataset/ARID20/floor/bottom/seq10/rgb/result_2018-08-20-14-21-04.png,/mnt/Info/COGAR_DATASETs/OCID-dataset/ARID20/floor/bottom/seq10/label/result_2018-08-20-14-21-04.png,result_2018-08-20-14-21-04.png,ARID20/floor/bottom/seq10,ARID20,floor,bottom,seq10,seq10
1002,2,/mnt/Info/COGAR_DATASETs/OCID-dataset/ARID20/floor/bottom/seq10/rgb/result_2018-08-20-14-21-40.png,/mnt/Info/COGAR_DATASETs/OCID-dataset/ARID20/floor/bottom/seq10/label/result_2018-08-20-14-21-40.png,result_2018-08-20-14-21-40.png,ARID20/floor/bottom/seq10,ARID20,floor,bottom,seq10,seq10
1003,3,/mnt/Info/COGAR_DATASETs/OCID-dataset/ARID20/floor/bottom/seq10/rgb/result_2018-08-20-14-22-58.png,/mnt/Info/COGAR_DATASETs/OCID-dataset/ARID20/floor/bottom/seq10/label/result_2018-08-20-14-22-58.png,result_2018-08-20-14-22-58.png,ARID20/floor/bottom/seq10,ARID20,floor,bottom,seq10,seq10
1004,4,/mnt/Info/COGAR_DATASETs/OCID-dataset/ARID20/floor/bottom/seq10/rgb/result_2018-08-20-14-23-39.png,/mnt/Info/COGAR_DATASETs/OCID-dataset/ARID20/floor/bottom/seq10/label/result_2018-08-20-14-23-39.png,result_2018-08-20-14-23-39.png,ARID20/floor/bottom/seq10,ARID20,floor,bottom,seq10,seq10
1005,5,/mnt/Info/COGAR_DATASETs/OCID-dataset/ARID20/floor/bottom/seq10/rgb/result_2018-08-20-14-24-37.png,/mnt/Info/COGAR_DATASETs/OCID-dataset/ARID20/floor/bottom/seq10/label/result_2018-08-20-14-24-37.png,result_2018-08-20-14-24-37.png,ARID20/floor/bottom/seq10,ARID20,floor,bottom,seq10,seq10
1006,6,/mnt/Info/COGAR_DATASETs/OCID-dataset/ARID20/floor/bottom/seq10/rgb/result_2018-08-20-14-25-32.png,/mnt/Info/COGAR_DATASETs/OCID-dataset/ARID20/floor/bottom/seq10/label/result_2018-08-20-14-25-32.png,result_2018-08-20-14-25-32.png,ARID20/floor/bottom/seq10,ARID20,floor,bottom,seq10,seq10
1007,7,/mnt/Info/COGAR_DATASETs/OCID-dataset/ARID20/floor/bottom/seq10/rgb/result_2018-08-20-14-26-25.png,/mnt/Info/COGAR_DATASETs/OCID-dataset/ARID20/floor/bottom/seq10/label/result_2018-08-20-14-26-25.png,result_2018-08-20-14-26-25.png,ARID20/floor/bottom/seq10,ARID20,floor,bottom,seq10,seq10
1008,8,/mnt/Info/COGAR_DATASETs/OCID-dataset/ARID20/floor/bottom/seq10/rgb/result_2018-08-20-14-26-45.png,/mnt/Info/COGAR_DATASETs/OCID-dataset/ARID20/floor/bottom/seq10/label/result_2018-08-20-14-26-45.png,result_2018-08-20-14-26-45.png,ARID20/floor/bottom/seq10,ARID20,floor,bottom,seq10,seq10
1009,9,/mnt/Info/COGAR_DATASETs/OCID-dataset/ARID20/floor/bottom/seq10/rgb/result_2018-08-20-14-28-00.png,/mnt/Info/COGAR_DATASETs/OCID-dataset/ARID20/floor/bottom/seq10/label/result_2018-08-20-14-28-00.png,result_2018-08-20-14-28-00.png,ARID20/floor/bottom/seq10,ARID20,floor,bottom,seq10,seq10
1010,10,/mnt/Info/COGAR_DATASETs/OCID-dataset/ARID20/floor/bottom/seq10/rgb/result_2018-08-20-14-28-40.png,/mnt/Info/COGAR_DATASETs/OCID-dataset/ARID20/floor/bottom/seq10/label/result_2018-08-20-14-28-40.png,result_2018-08-20-14-28-40.png,ARID20/floor/bottom/seq10,ARID20,floor,bottom,seq10,seq10
1011,11,/mnt/Info/COGAR_DATASETs/OCID-dataset/ARID20/floor/bottom/seq10/rgb/result_2018-08-20-14-29-07.png,/mnt/Info/COGAR_DATASETs/OCID-dataset/ARID20/floor/bottom/seq10/label/result_2018-08-20-14-29-07.png,result_2018-08-20-14-29-07.png,ARID20/floor/bottom/seq10,ARID20,floor,bottom,seq10,seq10
1012,12,/mnt/Info/COGAR_DATASETs/OCID-dataset/ARID20/floor/bottom/seq10/rgb/result_2018-08-20-14-29-37.png,/mnt/Info/COGAR_DATASETs/OCID-dataset/ARID20/floor/bottom/seq10/label/result_2018-08-20-14-29-37.png,result_2018-08-20-14-29-37.png,ARID20/floor/bottom/seq10,ARID20,floor,bottom,seq10,seq10
1013,13,/mnt/Info/COGAR_DATASETs/OCID-dataset/ARID20/floor/bottom/seq10/rgb/result_2018-08-20-14-30-12.png,/mnt/Info/COGAR_DATASETs/OCID-dataset/ARID20/floor/bottom/seq10/label/result_2018-08-20-14-30-12.png,result_2018-08-20-14-30-12.png,ARID20/floor/bottom/seq10,ARID20,floor,bottom,seq10,seq10
1014,14,/mnt/Info/COGAR_DATASETs/OCID-dataset/ARID20/floor/bottom/seq10/rgb/result_2018-08-20-14-30-45.png,/mnt/Info/COGAR_DATASETs/OCID-dataset/ARID20/floor/bottom/seq10/label/result_2018-08-20-14-30-45.png,result_2018-08-20-14-30-45.png,ARID20/floor/bottom/seq10,ARID20,floor,bottom,seq10,seq10
1015,15,/mnt/Info/COGAR_DATASETs/OCID-dataset/ARID20/floor/bottom/seq10/rgb/result_2018-08-20-14-31-17.png,/mnt/Info/COGAR_DATASETs/OCID-dataset/ARID20/floor/bottom/seq10/label/result_2018-08-20-14-31-17.png,result_2018-08-20-14-31-17.png,ARID20/floor/bottom/seq10,ARID20,floor,bottom,seq10,seq10
1016,16,/mnt/Info/COGAR_DATASETs/OCID-dataset/ARID20/floor/bottom/seq10/rgb/result_2018-08-20-14-33-40.png,/mnt/Info/COGAR_DATASETs/OCID-dataset/ARID20/floor/bottom/seq10/label/result_2018-08-20-14-33-40.png,result_2018-08-20-14-33-40.png,ARID20/floor/bottom/seq10,ARID20,floor,bottom,seq10,seq10
1017,17,/mnt/Info/COGAR_DATASETs/OCID-dataset/ARID20/floor/bottom/seq10/rgb/result_2018-08-20-14-34-07.png,/mnt/Info/COGAR_DATASETs/OCID-dataset/ARID20/floor/bottom/seq10/label/result_2018-08-20-14-34-07.png,result_2018-08-20-14-34-07.png,ARID20/floor/bottom/seq10,ARID20,floor,bottom,seq10,seq10
1018,18,/mnt/Info/COGAR_DATASETs/OCID-dataset/ARID20/floor/bottom/seq10/rgb/result_2018-08-20-14-34-52.png,/mnt/Info/COGAR_DATASETs/OCID-dataset/ARID20/floor/bottom/seq10/label/result_2018-08-20-14-34-52.png,result_2018-08-20-14-34-52.png,ARID20/floor/bottom/seq10,ARID20,floor,bottom,seq10,seq10
1019,19,/mnt/Info/COGAR_DATASETs/OCID-dataset/ARID20/floor/bottom/seq10/rgb/result_2018-08-20-14-36-13.png,/mnt/Info/COGAR_DATASETs/OCID-dataset/ARID20/floor/bottom/seq10/label/result_2018-08-20-14-36-13.png,result_2018-08-20-14-36-13.png,ARID20/floor/bottom/seq10,ARID20,floor,bottom,seq10,seq10
1020,0,/mnt/Info/COGAR_DATASETs/OCID-dataset/ARID20/floor/bottom/seq11/rgb/result_2018-08-20-14-41-14.png,/mnt/Info/COGAR_DATASETs/OCID-dataset/ARID20/floor/bottom/seq11/label/result_2018-08-20-14-41-14.png,result_2018-08-20-14-41-14.png,ARID20/floor/bottom/seq11,ARID20,floor,bottom,seq11,seq11
1021,1,/mnt/Info/COGAR_DATASETs/OCID-dataset/ARID20/floor/bottom/seq11/rgb/result_2018-08-20-14-41-41.png,/mnt/Info/COGAR_DATASETs/OCID-dataset/ARID20/floor/bottom/seq11/label/result_2018-08-20-14-41-41.png,result_2018-08-20-14-41-41.png,ARID20/floor/bottom/seq11,ARID20,floor,bottom,seq11,seq11
1022,2,/mnt/Info/COGAR_DATASETs/OCID-dataset/ARID20/floor/bottom/seq11/rgb/result_2018-08-20-14-42-24.png,/mnt/Info/COGAR_DATASETs/OCID-dataset/ARID20/floor/bottom/seq11/label/result_2018-08-20-14-42-24.png,result_2018-08-20-14-42-24.png,ARID20/floor/bottom/seq11,ARID20,floor,bottom,seq11,seq11
1023,3,/mnt/Info/COGAR_DATASETs/OCID-dataset/ARID20/floor/bottom/seq11/rgb/result_2018-08-20-14-42-54.png,/mnt/Info/COGAR_DATASETs/OCID-dataset/ARID20/floor/bottom/seq11/label/result_2018-08-20-14-42-54.png,result_2018-08-20-14-42-54.png,ARID20/floor/bottom/seq11,ARID20,floor,bottom,seq11,seq11
1024,4,/mnt/Info/COGAR_DATASETs/OCID-dataset/ARID20/floor/bottom/seq11/rgb/result_2018-08-20-14-43-34.png,/mnt/Info/COGAR_DATASETs/OCID-dataset/ARID20/floor/bottom/seq11/label/result_2018-08-20-14-43-34.png,result_2018-08-20-14-43-34.png,ARID20/floor/bottom/seq11,ARID20,floor,bottom,seq11,seq11
1025,5,/mnt/Info/COGAR_DATASETs/OCID-dataset/ARID20/floor/bottom/seq11/rgb/result_2018-08-20-14-44-07.png,/mnt/Info/COGAR_DATASETs/OCID-dataset/ARID20/floor/bottom/seq11/label/result_2018-08-20-14-44-07.png,result_2018-08-20-14-44-07.png,ARID20/floor/bottom/seq11,ARID20,floor,bottom,seq11,seq11
1026,6,/mnt/Info/COGAR_DATASETs/OCID-dataset/ARID20/floor/bottom/seq11/rgb/result_2018-08-20-14-44-35.png,/mnt/Info/COGAR_DATASETs/OCID-dataset/ARID20/floor/bottom/seq11/label/result_2018-08-20-14-44-35.png,result_2018-08-20-14-44-35.png,ARID20/floor/bottom/seq11,ARID20,floor,bottom,seq11,seq11
1027,7,/mnt/Info/COGAR_DATASETs/OCID-dataset/ARID20/floor/bottom/seq11/rgb/result_2018-08-20-14-45-03.png,/mnt/Info/COGAR_DATASETs/OCID-dataset/ARID20/floor/bottom/seq11/label/result_2018-08-20-14-45-03.png,result_2018-08-20-14-45-03.png,ARID20/floor/bottom/seq11,ARID20,floor,bottom,seq11,seq11
1028,8,/mnt/Info/COGAR_DATASETs/OCID-dataset/ARID20/floor/bottom/seq11/rgb/result_2018-08-20-14-45-33.png,/mnt/Info/COGAR_DATASETs/OCID-dataset/ARID20/floor/bottom/seq11/label/result_2018-08-20-14-45-33.png,result_2018-08-20-14-45-33.png,ARID20/floor/bottom/seq11,ARID20,floor,bottom,seq11,seq11
1029,9,/mnt/Info/COGAR_DATASETs/OCID-dataset/ARID20/floor/bottom/seq11/rgb/result_2018-08-20-14-46-13.png,/mnt/Info/COGAR_DATASETs/OCID-dataset/ARID20/floor/bottom/seq11/label/result_2018-08-20-14-46-13.png,result_2018-08-20-14-46-13.png,ARID20/floor/bottom/seq11,ARID20,floor,bottom,seq11,seq11
1030,10,/mnt/Info/COGAR_DATASETs/OCID-dataset/ARID20/floor/bottom/seq11/rgb/result_2018-08-20-14-46-41.png,/mnt/Info/COGAR_DATASETs/OCID-dataset/ARID20/floor/bottom/seq11/label/result_2018-08-20-14-46-41.png,result_2018-08-20-14-46-41.png,ARID20/floor/bottom/seq11,ARID20,floor,bottom,seq11,seq11
1031,11,/mnt/Info/COGAR_DATASETs/OCID-dataset/ARID20/floor/bottom/seq11/rgb/result_2018-08-20-14-47-29.png,/mnt/Info/COGAR_DATASETs/OCID-dataset/ARID20/floor/bottom/seq11/label/result_2018-08-20-14-47-29.png,result_2018-08-20-14-47-29.png,ARID20/floor/bottom/seq11,ARID20,floor,bottom,seq11,seq11
1032,12,/mnt/Info/COGAR_DATASETs/OCID-dataset/ARID20/floor/bottom/seq11/rgb/result_2018-08-20-14-48-01.png,/mnt/Info/COGAR_DATASETs/OCID-dataset/ARID20/floor/bottom/seq11/label/result_2018-08-20-14-48-01.png,result_2018-08-20-14-48-01.png,ARID20/floor/bottom/seq11,ARID20,floor,bottom,seq11,seq11
1033,13,/mnt/Info/COGAR_DATASETs/OCID-dataset/ARID20/floor/bottom/seq11/rgb/result_2018-08-20-14-48-47.png,/mnt/Info/COGAR_DATASETs/OCID-dataset/ARID20/floor/bottom/seq11/label/result_2018-08-20-14-48-47.png,result_2018-08-20-14-48-47.png,ARID20/floor/bottom/seq11,ARID20,floor,bottom,seq11,seq11
1034,14,/mnt/Info/COGAR_DATASETs/OCID-dataset/ARID20/floor/bottom/seq11/rgb/result_2018-08-20-14-49-16.png,/mnt/Info/COGAR_DATASETs/OCID-dataset/ARID20/floor/bottom/seq11/label/result_2018-08-20-14-49-16.png,result_2018-08-20-14-49-16.png,ARID20/floor/bottom/seq11,ARID20,floor,bottom,seq11,seq11
1035,15,/mnt/Info/COGAR_DATASETs/OCID-dataset/ARID20/floor/bottom/seq11/rgb/result_2018-08-20-14-49-50.png,/mnt/Info/COGAR_DATASETs/OCID-dataset/ARID20/floor/bottom/seq11/label/result_2018-08-20-14-49-50.png,result_2018-08-20-14-49-50.png,ARID20/floor/bottom/seq11,ARID20,floor,bottom,seq11,seq11
1036,16,/mnt/Info/COGAR_DATASETs/OCID-dataset/ARID20/floor/bottom/seq11/rgb/result_2018-08-20-14-50-25.png,/mnt/Info/COGAR_DATASETs/OCID-dataset/ARID20/floor/bottom/seq11/label/result_2018-08-20-14-50-25.png,result_2018-08-20-14-50-25.png,ARID20/floor/bottom/seq11,ARID20,floor,bottom,seq11,seq11
1037,17,/mnt/Info/COGAR_DATASETs/OCID-dataset/ARID20/floor/bottom/seq11/rgb/result_2018-08-20-14-51-28.png,/mnt/Info/COGAR_DATASETs/OCID-dataset/ARID20/floor/bottom/seq11/label/result_2018-08-20-14-51-28.png,result_2018-08-20-14-51-28.png,ARID20/floor/bottom/seq11,ARID20,floor,bottom,seq11,seq11
1038,18,/mnt/Info/COGAR_DATASETs/OCID-dataset/ARID20/floor/bottom/seq11/rgb/result_2018-08-20-14-52-09.png,/mnt/Info/COGAR_DATASETs/OCID-dataset/ARID20/floor/bottom/seq11/label/result_2018-08-20-14-52-09.png,result_2018-08-20-14-52-09.png,ARID20/floor/bottom/seq11,ARID20,floor,bottom,seq11,seq11
1039,19,/mnt/Info/COGAR_DATASETs/OCID-dataset/ARID20/floor/bottom/seq11/rgb/result_2018-08-20-14-52-52.png,/mnt/Info/COGAR_DATASETs/OCID-dataset/ARID20/floor/bottom/seq11/label/result_2018-08-20-14-52-52.png,result_2018-08-20-14-52-52.png,ARID20/floor/bottom/seq11,ARID20,floor,bottom,seq11,seq11
1040,0,/mnt/Info/COGAR_DATASETs/OCID-dataset/ARID20/floor/bottom/seq12/rgb/result_2018-08-20-14-56-16.png,/mnt/Info/COGAR_DATASETs/OCID-dataset/ARID20/floor/bottom/seq12/label/result_2018-08-20-14-56-16.png,result_2018-08-20-14-56-16.png,ARID20/floor/bottom/seq12,ARID20,floor,bottom,seq12,seq12
1041,1,/mnt/Info/COGAR_DATASETs/OCID-dataset/ARID20/floor/bottom/seq12/rgb/result_2018-08-20-14-56-53.png,/mnt/Info/COGAR_DATASETs/OCID-dataset/ARID20/floor/bottom/seq12/label/result_2018-08-20-14-56-53.png,result_2018-08-20-14-56-53.png,ARID20/floor/bottom/seq12,ARID20,floor,bottom,seq12,seq12
1042,2,/mnt/Info/COGAR_DATASETs/OCID-dataset/ARID20/floor/bottom/seq12/rgb/result_2018-08-20-14-57-23.png,/mnt/Info/COGAR_DATASETs/OCID-dataset/ARID20/floor/bottom/seq12/label/result_2018-08-20-14-57-23.png,result_2018-08-20-14-57-23.png,ARID20/floor/bottom/seq12,ARID20,floor,bottom,seq12,seq12
1043,3,/mnt/Info/COGAR_DATASETs/OCID-dataset/ARID20/floor/bottom/seq12/rgb/result_2018-08-20-14-57-57.png,/mnt/Info/COGAR_DATASETs/OCID-dataset/ARID20/floor/bottom/seq12/label/result_2018-08-20-14-57-57.png,result_2018-08-20-14-57-57.png,ARID20/floor/bottom/seq12,ARID20,floor,bottom,seq12,seq12
1044,4,/mnt/Info/COGAR_DATASETs/OCID-dataset/ARID20/floor/bottom/seq12/rgb/result_2018-08-20-14-58-28.png,/mnt/Info/COGAR_DATASETs/OCID-dataset/ARID20/floor/bottom/seq12/label/result_2018-08-20-14-58-28.png,result_2018-08-20-14-58-28.png,ARID20/floor/bottom/seq12,ARID20,floor,bottom,seq12,seq12
1045,5,/mnt/Info/COGAR_DATASETs/OCID-dataset/ARID20/floor/bottom/seq12/rgb/result_2018-08-20-14-59-02.png,/mnt/Info/COGAR_DATASETs/OCID-dataset/ARID20/floor/bottom/seq12/label/result_2018-08-20-14-59-02.png,result_2018-08-20-14-59-02.png,ARID20/floor/bottom/seq12,ARID20,floor,bottom,seq12,seq12
1046,6,/mnt/Info/COGAR_DATASETs/OCID-dataset/ARID20/floor/bottom/seq12/rgb/result_2018-08-20-14-59-31.png,/mnt/Info/COGAR_DATASETs/OCID-dataset/ARID20/floor/bottom/seq12/label/result_2018-08-20-14-59-31.png,result_2018-08-20-14-59-31.png,ARID20/floor/bottom/seq12,ARID20,floor,bottom,seq12,seq12
1047,7,/mnt/Info/COGAR_DATASETs/OCID-dataset/ARID20/floor/bottom/seq12/rgb/result_2018-08-20-15-00-04.png,/mnt/Info/COGAR_DATASETs/OCID-dataset/ARID20/floor/bottom/seq12/label/result_2018-08-20-15-00-04.png,result_2018-08-20-15-00-04.png,ARID20/floor/bottom/seq12,ARID20,floor,bottom,seq12,seq12
1048,8,/mnt/Info/COGAR_DATASETs/OCID-dataset/ARID20/floor/bottom/seq12/rgb/result_2018-08-20-15-00-37.png,/mnt/Info/COGAR_DATASETs/OCID-dataset/ARID20/floor/bottom/seq12/label/result_2018-08-20-15-00-37.png,result_2018-08-20-15-00-37.png,ARID20/floor/bottom/seq12,ARID20,floor,bottom,seq12,seq12
1049,9,/mnt/Info/COGAR_DATASETs/OCID-dataset/ARID20/floor/bottom/seq12/rgb/result_2018-08-20-15-01-15.png,/mnt/Info/COGAR_DATASETs/OCID-dataset/ARID20/floor/bottom/seq12/label/result_2018-08-20-15-01-15.png,result_2018-08-20-15-01-15.png,ARID20/floor/bottom/seq12,ARID20,floor,bottom,seq12,seq12
1050,10,/mnt/Info/COGAR_DATASETs/OCID-dataset/ARID20/floor/bottom/seq12/rgb/result_2018-08-20-15-01-50.png,/mnt/Info/COGAR_DATASETs/OCID-dataset/ARID20/floor/bottom/seq12/label/result_2018-08-20-15-01-50.png,result_2018-08-20-15-01-50.png,ARID20/floor/bottom/seq12,ARID20,floor,bottom,seq12,seq12
1051,11,/mnt/Info/COGAR_DATASETs/OCID-dataset/ARID20/floor/bottom/seq12/rgb/result_2018-08-20-15-03-07.png,/mnt/Info/COGAR_DATASETs/OCID-dataset/ARID20/floor/bottom/seq12/label/result_2018-08-20-15-03-07.png,result_2018-08-20-15-03-07.png,ARID20/floor/bottom/seq12,ARID20,floor,bottom,seq12,seq12
1052,12,/mnt/Info/COGAR_DATASETs/OCID-dataset/ARID20/floor/bottom/seq12/rgb/result_2018-08-20-15-04-33.png,/mnt/Info/COGAR_DATASETs/OCID-dataset/ARID20/floor/bottom/seq12/label/result_2018-08-20-15-04-33.png,result_2018-08-20-15-04-33.png,ARID20/floor/bottom/seq12,ARID20,floor,bottom,seq12,seq12
1053,13,/mnt/Info/COGAR_DATASETs/OCID-dataset/ARID20/floor/bottom/seq12/rgb/result_2018-08-20-15-04-59.png,/mnt/Info/COGAR_DATASETs/OCID-dataset/ARID20/floor/bottom/seq12/label/result_2018-08-20-15-04-59.png,result_2018-08-20-15-04-59.png,ARID20/floor/bottom/seq12,ARID20,floor,bottom,seq12,seq12
1054,14,/mnt/Info/COGAR_DATASETs/OCID-dataset/ARID20/floor/bottom/seq12/rgb/result_2018-08-20-15-05-32.png,/mnt/Info/COGAR_DATASETs/OCID-dataset/ARID20/floor/bottom/seq12/label/result_2018-08-20-15-05-32.png,result_2018-08-20-15-05-32.png,ARID20/floor/bottom/seq12,ARID20,floor,bottom,seq12,seq12
1055,15,/mnt/Info/COGAR_DATASETs/OCID-dataset/ARID20/floor/bottom/seq12/rgb/result_2018-08-20-15-06-25.png,/mnt/Info/COGAR_DATASETs/OCID-dataset/ARID20/floor/bottom/seq12/label/result_2018-08-20-15-06-25.png,result_2018-08-20-15-06-25.png,ARID20/floor/bottom/seq12,ARID20,floor,bottom,seq12,seq12
1056,16,/mnt/Info/COGAR_DATASETs/OCID-dataset/ARID20/floor/bottom/seq12/rgb/result_2018-08-20-15-07-06.png,/mnt/Info/COGAR_DATASETs/OCID-dataset/ARID20/floor/bottom/seq12/label/result_2018-08-20-15-07-06.png,result_2018-08-20-15-07-06.png,ARID20/floor/bottom/seq12,ARID20,floor,bottom,seq12,seq12
1057,17,/mnt/Info/COGAR_DATASETs/OCID-dataset/ARID20/floor/bottom/seq12/rgb/result_2018-08-20-15-08-03.png,/mnt/Info/COGAR_DATASETs/OCID-dataset/ARID20/floor/bottom/seq12/label/result_2018-08-20-15-08-03.png,result_2018-08-20-15-08-03.png,ARID20/floor/bottom/seq12,ARID20,floor,bottom,seq12,seq12
1058,18,/mnt/Info/COGAR_DATASETs/OCID-dataset/ARID20/floor/bottom/seq12/rgb/result_2018-08-20-15-08-47.png,/mnt/Info/COGAR_DATASETs/OCID-dataset/ARID20/floor/bottom/seq12/label/result_2018-08-20-15-08-47.png,result_2018-08-20-15-08-47.png,ARID20/floor/bottom/seq12,ARID20,floor,bottom,seq12,seq12
1059,19,/mnt/Info/COGAR_DATASETs/OCID-dataset/ARID20/floor/bottom/seq12/rgb/result_2018-08-20-15-10-12.png,/mnt/Info/COGAR_DATASETs/OCID-dataset/ARID20/floor/bottom/seq12/label/result_2018-08-20-15-10-12.png,result_2018-08-20-15-10-12.png,ARID20/floor/bottom/seq12,ARID20,floor,bottom,seq12,seq12
1060,0,/mnt/Info/COGAR_DATASETs/OCID-dataset/ARID20/floor/bottom/seq13/rgb/result_2018-08-24-16-29-34.png,/mnt/Info/COGAR_DATASETs/OCID-dataset/ARID20/floor/bottom/seq13/label/result_2018-08-24-16-29-34.png,result_2018-08-24-16-29-34.png,ARID20/floor/bottom/seq13,ARID20,floor,bottom,seq13,seq13
1061,1,/mnt/Info/COGAR_DATASETs/OCID-dataset/ARID20/floor/bottom/seq13/rgb/result_2018-08-24-16-29-56.png,/mnt/Info/COGAR_DATASETs/OCID-dataset/ARID20/floor/bottom/seq13/label/result_2018-08-24-16-29-56.png,result_2018-08-24-16-29-56.png,ARID20/floor/bottom/seq13,ARID20,floor,bottom,seq13,seq13
1062,2,/mnt/Info/COGAR_DATASETs/OCID-dataset/ARID20/floor/bottom/seq13/rgb/result_2018-08-24-16-30-24.png,/mnt/Info/COGAR_DATASETs/OCID-dataset/ARID20/floor/bottom/seq13/label/result_2018-08-24-16-30-24.png,result_2018-08-24-16-30-24.png,ARID20/floor/bottom/seq13,ARID20,floor,bottom,seq13,seq13
1063,3,/mnt/Info/COGAR_DATASETs/OCID-dataset/ARID20/floor/bottom/seq13/rgb/result_2018-08-24-16-30-43.png,/mnt/Info/COGAR_DATASETs/OCID-dataset/ARID20/floor/bottom/seq13/label/result_2018-08-24-16-30-43.png,result_2018-08-24-16-30-43.png,ARID20/floor/bottom/seq13,ARID20,floor,bottom,seq13,seq13
1064,4,/mnt/Info/COGAR_DATASETs/OCID-dataset/ARID20/floor/bottom/seq13/rgb/result_2018-08-24-16-31-13.png,/mnt/Info/COGAR_DATASETs/OCID-dataset/ARID20/floor/bottom/seq13/label/result_2018-08-24-16-31-13.png,result_2018-08-24-16-31-13.png,ARID20/floor/bottom/seq13,ARID20,floor,bottom,seq13,seq13
1065,5,/mnt/Info/COGAR_DATASETs/OCID-dataset/ARID20/floor/bottom/seq13/rgb/result_2018-08-24-16-31-34.png,/mnt/Info/COGAR_DATASETs/OCID-dataset/ARID20/floor/bottom/seq13/label/result_2018-08-24-16-31-34.png,result_2018-08-24-16-31-34.png,ARID20/floor/bottom/seq13,ARID20,floor,bottom,seq13,seq13
1066,6,/mnt/Info/COGAR_DATASETs/OCID-dataset/ARID20/floor/bottom/seq13/rgb/result_2018-08-24-16-31-57.png,/mnt/Info/COGAR_DATASETs/OCID-dataset/ARID20/floor/bottom/seq13/label/result_2018-08-24-16-31-57.png,result_2018-08-24-16-31-57.png,ARID20/floor/bottom/seq13,ARID20,floor,bottom,seq13,seq13
1067,7,/mnt/Info/COGAR_DATASETs/OCID-dataset/ARID20/floor/bottom/seq13/rgb/result_2018-08-24-16-32-19.png,/mnt/Info/COGAR_DATASETs/OCID-dataset/ARID20/floor/bottom/seq13/label/result_2018-08-24-16-32-19.png,result_2018-08-24-16-32-19.png,ARID20/floor/bottom/seq13,ARID20,floor,bottom,seq13,seq13
1068,8,/mnt/Info/COGAR_DATASETs/OCID-dataset/ARID20/floor/bottom/seq13/rgb/result_2018-08-24-16-32-45.png,/mnt/Info/COGAR_DATASETs/OCID-dataset/ARID20/floor/bottom/seq13/label/result_2018-08-24-16-32-45.png,result_2018-08-24-16-32-45.png,ARID20/floor/bottom/seq13,ARID20,floor,bottom,seq13,seq13
1069,9,/mnt/Info/COGAR_DATASETs/OCID-dataset/ARID20/floor/bottom/seq13/rgb/result_2018-08-24-16-33-15.png,/mnt/Info/COGAR_DATASETs/OCID-dataset/ARID20/floor/bottom/seq13/label/result_2018-08-24-16-33-15.png,result_2018-08-24-16-33-15.png,ARID20/floor/bottom/seq13,ARID20,floor,bottom,seq13,seq13
1070,10,/mnt/Info/COGAR_DATASETs/OCID-dataset/ARID20/floor/bottom/seq13/rgb/result_2018-08-24-16-33-41.png,/mnt/Info/COGAR_DATASETs/OCID-dataset/ARID20/floor/bottom/seq13/label/result_2018-08-24-16-33-41.png,result_2018-08-24-16-33-41.png,ARID20/floor/bottom/seq13,ARID20,floor,bottom,seq13,seq13
1071,11,/mnt/Info/COGAR_DATASETs/OCID-dataset/ARID20/floor/bottom/seq13/rgb/result_2018-08-24-16-34-24.png,/mnt/Info/COGAR_DATASETs/OCID-dataset/ARID20/floor/bottom/seq13/label/result_2018-08-24-16-34-24.png,result_2018-08-24-16-34-24.png,ARID20/floor/bottom/seq13,ARID20,floor,bottom,seq13,seq13
1072,12,/mnt/Info/COGAR_DATASETs/OCID-dataset/ARID20/floor/bottom/seq13/rgb/result_2018-08-24-16-35-11.png,/mnt/Info/COGAR_DATASETs/OCID-dataset/ARID20/floor/bottom/seq13/label/result_2018-08-24-16-35-11.png,result_2018-08-24-16-35-11.png,ARID20/floor/bottom/seq13,ARID20,floor,bottom,seq13,seq13
1073,13,/mnt/Info/COGAR_DATASETs/OCID-dataset/ARID20/floor/bottom/seq13/rgb/result_2018-08-24-16-35-55.png,/mnt/Info/COGAR_DATASETs/OCID-dataset/ARID20/floor/bottom/seq13/label/result_2018-08-24-16-35-55.png,result_2018-08-24-16-35-55.png,ARID20/floor/bottom/seq13,ARID20,floor,bottom,seq13,seq13
1074,14,/mnt/Info/COGAR_DATASETs/OCID-dataset/ARID20/floor/bottom/seq13/rgb/result_2018-08-24-16-36-22.png,/mnt/Info/COGAR_DATASETs/OCID-dataset/ARID20/floor/bottom/seq13/label/result_2018-08-24-16-36-22.png,result_2018-08-24-16-36-22.png,ARID20/floor/bottom/seq13,ARID20,floor,bottom,seq13,seq13
1075,15,/mnt/Info/COGAR_DATASETs/OCID-dataset/ARID20/floor/bottom/seq13/rgb/result_2018-08-24-16-36-47.png,/mnt/Info/COGAR_DATASETs/OCID-dataset/ARID20/floor/bottom/seq13/label/result_2018-08-24-16-36-47.png,result_2018-08-24-16-36-47.png,ARID20/floor/bottom/seq13,ARID20,floor,bottom,seq13,seq13
1076,16,/mnt/Info/COGAR_DATASETs/OCID-dataset/ARID20/floor/bottom/seq13/rgb/result_2018-08-24-16-37-25.png,/mnt/Info/COGAR_DATASETs/OCID-dataset/ARID20/floor/bottom/seq13/label/result_2018-08-24-16-37-25.png,result_2018-08-24-16-37-25.png,ARID20/floor/bottom/seq13,ARID20,floor,bottom,seq13,seq13
1077,17,/mnt/Info/COGAR_DATASETs/OCID-dataset/ARID20/floor/bottom/seq13/rgb/result_2018-08-24-16-37-49.png,/mnt/Info/COGAR_DATASETs/OCID-dataset/ARID20/floor/bottom/seq13/label/result_2018-08-24-16-37-49.png,result_2018-08-24-16-37-49.png,ARID20/floor/bottom/seq13,ARID20,floor,bottom,seq13,seq13
1078,18,/mnt/Info/COGAR_DATASETs/OCID-dataset/ARID20/floor/bottom/seq13/rgb/result_2018-08-24-16-38-09.png,/mnt/Info/COGAR_DATASETs/OCID-dataset/ARID20/floor/bottom/seq13/label/result_2018-08-24-16-38-09.png,result_2018-08-24-16-38-09.png,ARID20/floor/bottom/seq13,ARID20,floor,bottom,seq13,seq13
1079,19,/mnt/Info/COGAR_DATASETs/OCID-dataset/ARID20/floor/bottom/seq13/rgb/result_2018-08-24-16-38-44.png,/mnt/Info/COGAR_DATASETs/OCID-dataset/ARID20/floor/bottom/seq13/label/result_2018-08-24-16-38-44.png,result_2018-08-24-16-38-44.png,ARID20/floor/bottom/seq13,ARID20,floor,bottom,seq13,seq13
1080,0,/mnt/Info/COGAR_DATASETs/OCID-dataset/ARID20/floor/top/seq01/rgb/result_2018-08-20-09-30-27.png,/mnt/Info/COGAR_DATASETs/OCID-dataset/ARID20/floor/top/seq01/label/result_2018-08-20-09-30-27.png,result_2018-08-20-09-30-27.png,ARID20/floor/top/seq01,ARID20,floor,top,seq01,seq01
1081,1,/mnt/Info/COGAR_DATASETs/OCID-dataset/ARID20/floor/top/seq01/rgb/result_2018-08-20-09-32-07.png,/mnt/Info/COGAR_DATASETs/OCID-dataset/ARID20/floor/top/seq01/label/result_2018-08-20-09-32-07.png,result_2018-08-20-09-32-07.png,ARID20/floor/top/seq01,ARID20,floor,top,seq01,seq01
1082,2,/mnt/Info/COGAR_DATASETs/OCID-dataset/ARID20/floor/top/seq01/rgb/result_2018-08-20-09-32-57.png,/mnt/Info/COGAR_DATASETs/OCID-dataset/ARID20/floor/top/seq01/label/result_2018-08-20-09-32-57.png,result_2018-08-20-09-32-57.png,ARID20/floor/top/seq01,ARID20,floor,top,seq01,seq01
1083,3,/mnt/Info/COGAR_DATASETs/OCID-dataset/ARID20/floor/top/seq01/rgb/result_2018-08-20-09-33-36.png,/mnt/Info/COGAR_DATASETs/OCID-dataset/ARID20/floor/top/seq01/label/result_2018-08-20-09-33-36.png,result_2018-08-20-09-33-36.png,ARID20/floor/top/seq01,ARID20,floor,top,seq01,seq01
1084,4,/mnt/Info/COGAR_DATASETs/OCID-dataset/ARID20/floor/top/seq01/rgb/result_2018-08-20-09-34-04.png,/mnt/Info/COGAR_DATASETs/OCID-dataset/ARID20/floor/top/seq01/label/result_2018-08-20-09-34-04.png,result_2018-08-20-09-34-04.png,ARID20/floor/top/seq01,ARID20,floor,top,seq01,seq01
1085,5,/mnt/Info/COGAR_DATASETs/OCID-dataset/ARID20/floor/top/seq01/rgb/result_2018-08-20-09-34-28.png,/mnt/Info/COGAR_DATASETs/OCID-dataset/ARID20/floor/top/seq01/label/result_2018-08-20-09-34-28.png,result_2018-08-20-09-34-28.png,ARID20/floor/top/seq01,ARID20,floor,top,seq01,seq01
1086,6,/mnt/Info/COGAR_DATASETs/OCID-dataset/ARID20/floor/top/seq01/rgb/result_2018-08-20-09-35-28.png,/mnt/Info/COGAR_DATASETs/OCID-dataset/ARID20/floor/top/seq01/label/result_2018-08-20-09-35-28.png,result_2018-08-20-09-35-28.png,ARID20/floor/top/seq01,ARID20,floor,top,seq01,seq01
1087,7,/mnt/Info/COGAR_DATASETs/OCID-dataset/ARID20/floor/top/seq01/rgb/result_2018-08-20-09-36-02.png,/mnt/Info/COGAR_DATASETs/OCID-dataset/ARID20/floor/top/seq01/label/result_2018-08-20-09-36-02.png,result_2018-08-20-09-36-02.png,ARID20/floor/top/seq01,ARID20,floor,top,seq01,seq01
1088,8,/mnt/Info/COGAR_DATASETs/OCID-dataset/ARID20/floor/top/seq01/rgb/result_2018-08-20-09-36-39.png,/mnt/Info/COGAR_DATASETs/OCID-dataset/ARID20/floor/top/seq01/label/result_2018-08-20-09-36-39.png,result_2018-08-20-09-36-39.png,ARID20/floor/top/seq01,ARID20,floor,top,seq01,seq01
1089,9,/mnt/Info/COGAR_DATASETs/OCID-dataset/ARID20/floor/top/seq01/rgb/result_2018-08-20-09-37-25.png,/mnt/Info/COGAR_DATASETs/OCID-dataset/ARID20/floor/top/seq01/label/result_2018-08-20-09-37-25.png,result_2018-08-20-09-37-25.png,ARID20/floor/top/seq01,ARID20,floor,top,seq01,seq01
1090,10,/mnt/Info/COGAR_DATASETs/OCID-dataset/ARID20/floor/top/seq01/rgb/result_2018-08-20-09-38-02.png,/mnt/Info/COGAR_DATASETs/OCID-dataset/ARID20/floor/top/seq01/label/result_2018-08-20-09-38-02.png,result_2018-08-20-09-38-02.png,ARID20/floor/top/seq01,ARID20,floor,top,seq01,seq01
1091,11,/mnt/Info/COGAR_DATASETs/OCID-dataset/ARID20/floor/top/seq01/rgb/result_2018-08-20-09-38-41.png,/mnt/Info/COGAR_DATASETs/OCID-dataset/ARID20/floor/top/seq01/label/result_2018-08-20-09-38-41.png,result_2018-08-20-09-38-41.png,ARID20/floor/top/seq01,ARID20,floor,top,seq01,seq01
1092,12,/mnt/Info/COGAR_DATASETs/OCID-dataset/ARID20/floor/top/seq01/rgb/result_2018-08-20-09-39-21.png,/mnt/Info/COGAR_DATASETs/OCID-dataset/ARID20/floor/top/seq01/label/result_2018-08-20-09-39-21.png,result_2018-08-20-09-39-21.png,ARID20/floor/top/seq01,ARID20,floor,top,seq01,seq01
1093,13,/mnt/Info/COGAR_DATASETs/OCID-dataset/ARID20/floor/top/seq01/rgb/result_2018-08-20-09-39-58.png,/mnt/Info/COGAR_DATASETs/OCID-dataset/ARID20/floor/top/seq01/label/result_2018-08-20-09-39-58.png,result_2018-08-20-09-39-58.png,ARID20/floor/top/seq01,ARID20,floor,top,seq01,seq01
1094,14,/mnt/Info/COGAR_DATASETs/OCID-dataset/ARID20/floor/top/seq01/rgb/result_2018-08-20-09-40-37.png,/mnt/Info/COGAR_DATASETs/OCID-dataset/ARID20/floor/top/seq01/label/result_2018-08-20-09-40-37.png,result_2018-08-20-09-40-37.png,ARID20/floor/top/seq01,ARID20,floor,top,seq01,seq01
1095,15,/mnt/Info/COGAR_DATASETs/OCID-dataset/ARID20/floor/top/seq01/rgb/result_2018-08-20-09-41-27.png,/mnt/Info/COGAR_DATASETs/OCID-dataset/ARID20/floor/top/seq01/label/result_2018-08-20-09-41-27.png,result_2018-08-20-09-41-27.png,ARID20/floor/top/seq01,ARID20,floor,top,seq01,seq01
1096,16,/mnt/Info/COGAR_DATASETs/OCID-dataset/ARID20/floor/top/seq01/rgb/result_2018-08-20-09-42-01.png,/mnt/Info/COGAR_DATASETs/OCID-dataset/ARID20/floor/top/seq01/label/result_2018-08-20-09-42-01.png,result_2018-08-20-09-42-01.png,ARID20/floor/top/seq01,ARID20,floor,top,seq01,seq01
1097,17,/mnt/Info/COGAR_DATASETs/OCID-dataset/ARID20/floor/top/seq01/rgb/result_2018-08-20-09-42-46.png,/mnt/Info/COGAR_DATASETs/OCID-dataset/ARID20/floor/top/seq01/label/result_2018-08-20-09-42-46.png,result_2018-08-20-09-42-46.png,ARID20/floor/top/seq01,ARID20,floor,top,seq01,seq01
1098,18,/mnt/Info/COGAR_DATASETs/OCID-dataset/ARID20/floor/top/seq01/rgb/result_2018-08-20-09-43-28.png,/mnt/Info/COGAR_DATASETs/OCID-dataset/ARID20/floor/top/seq01/label/result_2018-08-20-09-43-28.png,result_2018-08-20-09-43-28.png,ARID20/floor/top/seq01,ARID20,floor,top,seq01,seq01
1099,19,/mnt/Info/COGAR_DATASETs/OCID-dataset/ARID20/floor/top/seq01/rgb/result_2018-08-20-09-44-24.png,/mnt/Info/COGAR_DATASETs/OCID-dataset/ARID20/floor/top/seq01/label/result_2018-08-20-09-44-24.png,result_2018-08-20-09-44-24.png,ARID20/floor/top/seq01,ARID20,floor,top,seq01,seq01
1100,0,/mnt/Info/COGAR_DATASETs/OCID-dataset/ARID20/floor/top/seq02/rgb/result_2018-08-20-09-47-08.png,/mnt/Info/COGAR_DATASETs/OCID-dataset/ARID20/floor/top/seq02/label/result_2018-08-20-09-47-08.png,result_2018-08-20-09-47-08.png,ARID20/floor/top/seq02,ARID20,floor,top,seq02,seq02
1101,1,/mnt/Info/COGAR_DATASETs/OCID-dataset/ARID20/floor/top/seq02/rgb/result_2018-08-20-09-47-53.png,/mnt/Info/COGAR_DATASETs/OCID-dataset/ARID20/floor/top/seq02/label/result_2018-08-20-09-47-53.png,result_2018-08-20-09-47-53.png,ARID20/floor/top/seq02,ARID20,floor,top,seq02,seq02
1102,2,/mnt/Info/COGAR_DATASETs/OCID-dataset/ARID20/floor/top/seq02/rgb/result_2018-08-20-09-49-29.png,/mnt/Info/COGAR_DATASETs/OCID-dataset/ARID20/floor/top/seq02/label/result_2018-08-20-09-49-29.png,result_2018-08-20-09-49-29.png,ARID20/floor/top/seq02,ARID20,floor,top,seq02,seq02
1103,3,/mnt/Info/COGAR_DATASETs/OCID-dataset/ARID20/floor/top/seq02/rgb/result_2018-08-20-09-50-01.png,/mnt/Info/COGAR_DATASETs/OCID-dataset/ARID20/floor/top/seq02/label/result_2018-08-20-09-50-01.png,result_2018-08-20-09-50-01.png,ARID20/floor/top/seq02,ARID20,floor,top,seq02,seq02
1104,4,/mnt/Info/COGAR_DATASETs/OCID-dataset/ARID20/floor/top/seq02/rgb/result_2018-08-20-09-50-44.png,/mnt/Info/COGAR_DATASETs/OCID-dataset/ARID20/floor/top/seq02/label/result_2018-08-20-09-50-44.png,result_2018-08-20-09-50-44.png,ARID20/floor/top/seq02,ARID20,floor,top,seq02,seq02
1105,5,/mnt/Info/COGAR_DATASETs/OCID-dataset/ARID20/floor/top/seq02/rgb/result_2018-08-20-09-51-37.png,/mnt/Info/COGAR_DATASETs/OCID-dataset/ARID20/floor/top/seq02/label/result_2018-08-20-09-51-37.png,result_2018-08-20-09-51-37.png,ARID20/floor/top/seq02,ARID20,floor,top,seq02,seq02
1106,6,/mnt/Info/COGAR_DATASETs/OCID-dataset/ARID20/floor/top/seq02/rgb/result_2018-08-20-09-52-18.png,/mnt/Info/COGAR_DATASETs/OCID-dataset/ARID20/floor/top/seq02/label/result_2018-08-20-09-52-18.png,result_2018-08-20-09-52-18.png,ARID20/floor/top/seq02,ARID20,floor,top,seq02,seq02
1107,7,/mnt/Info/COGAR_DATASETs/OCID-dataset/ARID20/floor/top/seq02/rgb/result_2018-08-20-09-52-45.png,/mnt/Info/COGAR_DATASETs/OCID-dataset/ARID20/floor/top/seq02/label/result_2018-08-20-09-52-45.png,result_2018-08-20-09-52-45.png,ARID20/floor/top/seq02,ARID20,floor,top,seq02,seq02
1108,8,/mnt/Info/COGAR_DATASETs/OCID-dataset/ARID20/floor/top/seq02/rgb/result_2018-08-20-09-53-34.png,/mnt/Info/COGAR_DATASETs/OCID-dataset/ARID20/floor/top/seq02/label/result_2018-08-20-09-53-34.png,result_2018-08-20-09-53-34.png,ARID20/floor/top/seq02,ARID20,floor,top,seq02,seq02
1109,9,/mnt/Info/COGAR_DATASETs/OCID-dataset/ARID20/floor/top/seq02/rgb/result_2018-08-20-09-54-12.png,/mnt/Info/COGAR_DATASETs/OCID-dataset/ARID20/floor/top/seq02/label/result_2018-08-20-09-54-12.png,result_2018-08-20-09-54-12.png,ARID20/floor/top/seq02,ARID20,floor,top,seq02,seq02
1110,10,/mnt/Info/COGAR_DATASETs/OCID-dataset/ARID20/floor/top/seq02/rgb/result_2018-08-20-09-55-14.png,/mnt/Info/COGAR_DATASETs/OCID-dataset/ARID20/floor/top/seq02/label/result_2018-08-20-09-55-14.png,result_2018-08-20-09-55-14.png,ARID20/floor/top/seq02,ARID20,floor,top,seq02,seq02
1111,11,/mnt/Info/COGAR_DATASETs/OCID-dataset/ARID20/floor/top/seq02/rgb/result_2018-08-20-09-55-55.png,/mnt/Info/COGAR_DATASETs/OCID-dataset/ARID20/floor/top/seq02/label/result_2018-08-20-09-55-55.png,result_2018-08-20-09-55-55.png,ARID20/floor/top/seq02,ARID20,floor,top,seq02,seq02
1112,12,/mnt/Info/COGAR_DATASETs/OCID-dataset/ARID20/floor/top/seq02/rgb/result_2018-08-20-09-56-42.png,/mnt/Info/COGAR_DATASETs/OCID-dataset/ARID20/floor/top/seq02/label/result_2018-08-20-09-56-42.png,result_2018-08-20-09-56-42.png,ARID20/floor/top/seq02,ARID20,floor,top,seq02,seq02
1113,13,/mnt/Info/COGAR_DATASETs/OCID-dataset/ARID20/floor/top/seq02/rgb/result_2018-08-20-09-57-24.png,/mnt/Info/COGAR_DATASETs/OCID-dataset/ARID20/floor/top/seq02/label/result_2018-08-20-09-57-24.png,result_2018-08-20-09-57-24.png,ARID20/floor/top/seq02,ARID20,floor,top,seq02,seq02
1114,14,/mnt/Info/COGAR_DATASETs/OCID-dataset/ARID20/floor/top/seq02/rgb/result_2018-08-20-09-58-04.png,/mnt/Info/COGAR_DATASETs/OCID-dataset/ARID20/floor/top/seq02/label/result_2018-08-20-09-58-04.png,result_2018-08-20-09-58-04.png,ARID20/floor/top/seq02,ARID20,floor,top,seq02,seq02
1115,15,/mnt/Info/COGAR_DATASETs/OCID-dataset/ARID20/floor/top/seq02/rgb/result_2018-08-20-09-58-35.png,/mnt/Info/COGAR_DATASETs/OCID-dataset/ARID20/floor/top/seq02/label/result_2018-08-20-09-58-35.png,result_2018-08-20-09-58-35.png,ARID20/floor/top/seq02,ARID20,floor,top,seq02,seq02
1116,16,/mnt/Info/COGAR_DATASETs/OCID-dataset/ARID20/floor/top/seq02/rgb/result_2018-08-20-09-59-30.png,/mnt/Info/COGAR_DATASETs/OCID-dataset/ARID20/floor/top/seq02/label/result_2018-08-20-09-59-30.png,result_2018-08-20-09-59-30.png,ARID20/floor/top/seq02,ARID20,floor,top,seq02,seq02
1117,17,/mnt/Info/COGAR_DATASETs/OCID-dataset/ARID20/floor/top/seq02/rgb/result_2018-08-20-10-00-15.png,/mnt/Info/COGAR_DATASETs/OCID-dataset/ARID20/floor/top/seq02/label/result_2018-08-20-10-00-15.png,result_2018-08-20-10-00-15.png,ARID20/floor/top/seq02,ARID20,floor,top,seq02,seq02
1118,18,/mnt/Info/COGAR_DATASETs/OCID-dataset/ARID20/floor/top/seq02/rgb/result_2018-08-20-10-01-01.png,/mnt/Info/COGAR_DATASETs/OCID-dataset/ARID20/floor/top/seq02/label/result_2018-08-20-10-01-01.png,result_2018-08-20-10-01-01.png,ARID20/floor/top/seq02,ARID20,floor,top,seq02,seq02
1119,19,/mnt/Info/COGAR_DATASETs/OCID-dataset/ARID20/floor/top/seq02/rgb/result_2018-08-20-10-02-26.png,/mnt/Info/COGAR_DATASETs/OCID-dataset/ARID20/floor/top/seq02/label/result_2018-08-20-10-02-26.png,result_2018-08-20-10-02-26.png,ARID20/floor/top/seq02,ARID20,floor,top,seq02,seq02
1120,0,/mnt/Info/COGAR_DATASETs/OCID-dataset/ARID20/floor/top/seq03/rgb/result_2018-08-20-10-04-38.png,/mnt/Info/COGAR_DATASETs/OCID-dataset/ARID20/floor/top/seq03/label/result_2018-08-20-10-04-38.png,result_2018-08-20-10-04-38.png,ARID20/floor/top/seq03,ARID20,floor,top,seq03,seq03
1121,1,/mnt/Info/COGAR_DATASETs/OCID-dataset/ARID20/floor/top/seq03/rgb/result_2018-08-20-10-05-10.png,/mnt/Info/COGAR_DATASETs/OCID-dataset/ARID20/floor/top/seq03/label/result_2018-08-20-10-05-10.png,result_2018-08-20-10-05-10.png,ARID20/floor/top/seq03,ARID20,floor,top,seq03,seq03
1122,2,/mnt/Info/COGAR_DATASETs/OCID-dataset/ARID20/floor/top/seq03/rgb/result_2018-08-20-10-05-57.png,/mnt/Info/COGAR_DATASETs/OCID-dataset/ARID20/floor/top/seq03/label/result_2018-08-20-10-05-57.png,result_2018-08-20-10-05-57.png,ARID20/floor/top/seq03,ARID20,floor,top,seq03,seq03
1123,3,/mnt/Info/COGAR_DATASETs/OCID-dataset/ARID20/floor/top/seq03/rgb/result_2018-08-20-10-06-24.png,/mnt/Info/COGAR_DATASETs/OCID-dataset/ARID20/floor/top/seq03/label/result_2018-08-20-10-06-24.png,result_2018-08-20-10-06-24.png,ARID20/floor/top/seq03,ARID20,floor,top,seq03,seq03
1124,4,/mnt/Info/COGAR_DATASETs/OCID-dataset/ARID20/floor/top/seq03/rgb/result_2018-08-20-10-07-02.png,/mnt/Info/COGAR_DATASETs/OCID-dataset/ARID20/floor/top/seq03/label/result_2018-08-20-10-07-02.png,result_2018-08-20-10-07-02.png,ARID20/floor/top/seq03,ARID20,floor,top,seq03,seq03
1125,5,/mnt/Info/COGAR_DATASETs/OCID-dataset/ARID20/floor/top/seq03/rgb/result_2018-08-20-10-07-43.png,/mnt/Info/COGAR_DATASETs/OCID-dataset/ARID20/floor/top/seq03/label/result_2018-08-20-10-07-43.png,result_2018-08-20-10-07-43.png,ARID20/floor/top/seq03,ARID20,floor,top,seq03,seq03
1126,6,/mnt/Info/COGAR_DATASETs/OCID-dataset/ARID20/floor/top/seq03/rgb/result_2018-08-20-10-08-32.png,/mnt/Info/COGAR_DATASETs/OCID-dataset/ARID20/floor/top/seq03/label/result_2018-08-20-10-08-32.png,result_2018-08-20-10-08-32.png,ARID20/floor/top/seq03,ARID20,floor,top,seq03,seq03
1127,7,/mnt/Info/COGAR_DATASETs/OCID-dataset/ARID20/floor/top/seq03/rgb/result_2018-08-20-10-09-10.png,/mnt/Info/COGAR_DATASETs/OCID-dataset/ARID20/floor/top/seq03/label/result_2018-08-20-10-09-10.png,result_2018-08-20-10-09-10.png,ARID20/floor/top/seq03,ARID20,floor,top,seq03,seq03
1128,8,/mnt/Info/COGAR_DATASETs/OCID-dataset/ARID20/floor/top/seq03/rgb/result_2018-08-20-10-09-41.png,/mnt/Info/COGAR_DATASETs/OCID-dataset/ARID20/floor/top/seq03/label/result_2018-08-20-10-09-41.png,result_2018-08-20-10-09-41.png,ARID20/floor/top/seq03,ARID20,floor,top,seq03,seq03
1129,9,/mnt/Info/COGAR_DATASETs/OCID-dataset/ARID20/floor/top/seq03/rgb/result_2018-08-20-10-10-11.png,/mnt/Info/COGAR_DATASETs/OCID-dataset/ARID20/floor/top/seq03/label/result_2018-08-20-10-10-11.png,result_2018-08-20-10-10-11.png,ARID20/floor/top/seq03,ARID20,floor,top,seq03,seq03
1130,10,/mnt/Info/COGAR_DATASETs/OCID-dataset/ARID20/floor/top/seq03/rgb/result_2018-08-20-10-11-13.png,/mnt/Info/COGAR_DATASETs/OCID-dataset/ARID20/floor/top/seq03/label/result_2018-08-20-10-11-13.png,result_2018-08-20-10-11-13.png,ARID20/floor/top/seq03,ARID20,floor,top,seq03,seq03
1131,11,/mnt/Info/COGAR_DATASETs/OCID-dataset/ARID20/floor/top/seq03/rgb/result_2018-08-20-10-12-17.png,/mnt/Info/COGAR_DATASETs/OCID-dataset/ARID20/floor/top/seq03/label/result_2018-08-20-10-12-17.png,result_2018-08-20-10-12-17.png,ARID20/floor/top/seq03,ARID20,floor,top,seq03,seq03
1132,12,/mnt/Info/COGAR_DATASETs/OCID-dataset/ARID20/floor/top/seq03/rgb/result_2018-08-20-10-12-56.png,/mnt/Info/COGAR_DATASETs/OCID-dataset/ARID20/floor/top/seq03/label/result_2018-08-20-10-12-56.png,result_2018-08-20-10-12-56.png,ARID20/floor/top/seq03,ARID20,floor,top,seq03,seq03
1133,13,/mnt/Info/COGAR_DATASETs/OCID-dataset/ARID20/floor/top/seq03/rgb/result_2018-08-20-10-13-57.png,/mnt/Info/COGAR_DATASETs/OCID-dataset/ARID20/floor/top/seq03/label/result_2018-08-20-10-13-57.png,result_2018-08-20-10-13-57.png,ARID20/floor/top/seq03,ARID20,floor,top,seq03,seq03
1134,14,/mnt/Info/COGAR_DATASETs/OCID-dataset/ARID20/floor/top/seq03/rgb/result_2018-08-20-10-14-31.png,/mnt/Info/COGAR_DATASETs/OCID-dataset/ARID20/floor/top/seq03/label/result_2018-08-20-10-14-31.png,result_2018-08-20-10-14-31.png,ARID20/floor/top/seq03,ARID20,floor,top,seq03,seq03
1135,15,/mnt/Info/COGAR_DATASETs/OCID-dataset/ARID20/floor/top/seq03/rgb/result_2018-08-20-10-15-14.png,/mnt/Info/COGAR_DATASETs/OCID-dataset/ARID20/floor/top/seq03/label/result_2018-08-20-10-15-14.png,result_2018-08-20-10-15-14.png,ARID20/floor/top/seq03,ARID20,floor,top,seq03,seq03
1136,16,/mnt/Info/COGAR_DATASETs/OCID-dataset/ARID20/floor/top/seq03/rgb/result_2018-08-20-10-16-04.png,/mnt/Info/COGAR_DATASETs/OCID-dataset/ARID20/floor/top/seq03/label/result_2018-08-20-10-16-04.png,result_2018-08-20-10-16-04.png,ARID20/floor/top/seq03,ARID20,floor,top,seq03,seq03
1137,17,/mnt/Info/COGAR_DATASETs/OCID-dataset/ARID20/floor/top/seq03/rgb/result_2018-08-20-10-16-49.png,/mnt/Info/COGAR_DATASETs/OCID-dataset/ARID20/floor/top/seq03/label/result_2018-08-20-10-16-49.png,result_2018-08-20-10-16-49.png,ARID20/floor/top/seq03,ARID20,floor,top,seq03,seq03
1138,18,/mnt/Info/COGAR_DATASETs/OCID-dataset/ARID20/floor/top/seq03/rgb/result_2018-08-20-10-18-34.png,/mnt/Info/COGAR_DATASETs/OCID-dataset/ARID20/floor/top/seq03/label/result_2018-08-20-10-18-34.png,result_2018-08-20-10-18-34.png,ARID20/floor/top/seq03,ARID20,floor,top,seq03,seq03
1139,19,/mnt/Info/COGAR_DATASETs/OCID-dataset/ARID20/floor/top/seq03/rgb/result_2018-08-20-10-19-23.png,/mnt/Info/COGAR_DATASETs/OCID-dataset/ARID20/floor/top/seq03/label/result_2018-08-20-10-19-23.png,result_2018-08-20-10-19-23.png,ARID20/floor/top/seq03,ARID20,floor,top,seq03,seq03
1140,0,/mnt/Info/COGAR_DATASETs/OCID-dataset/ARID20/floor/top/seq04/rgb/result_2018-08-20-10-22-51.png,/mnt/Info/COGAR_DATASETs/OCID-dataset/ARID20/floor/top/seq04/label/result_2018-08-20-10-22-51.png,result_2018-08-20-10-22-51.png,ARID20/floor/top/seq04,ARID20,floor,top,seq04,seq04
1141,1,/mnt/Info/COGAR_DATASETs/OCID-dataset/ARID20/floor/top/seq04/rgb/result_2018-08-20-10-23-43.png,/mnt/Info/COGAR_DATASETs/OCID-dataset/ARID20/floor/top/seq04/label/result_2018-08-20-10-23-43.png,result_2018-08-20-10-23-43.png,ARID20/floor/top/seq04,ARID20,floor,top,seq04,seq04
1142,2,/mnt/Info/COGAR_DATASETs/OCID-dataset/ARID20/floor/top/seq04/rgb/result_2018-08-20-10-24-26.png,/mnt/Info/COGAR_DATASETs/OCID-dataset/ARID20/floor/top/seq04/label/result_2018-08-20-10-24-26.png,result_2018-08-20-10-24-26.png,ARID20/floor/top/seq04,ARID20,floor,top,seq04,seq04
1143,3,/mnt/Info/COGAR_DATASETs/OCID-dataset/ARID20/floor/top/seq04/rgb/result_2018-08-20-10-24-53.png,/mnt/Info/COGAR_DATASETs/OCID-dataset/ARID20/floor/top/seq04/label/result_2018-08-20-10-24-53.png,result_2018-08-20-10-24-53.png,ARID20/floor/top/seq04,ARID20,floor,top,seq04,seq04
1144,4,/mnt/Info/COGAR_DATASETs/OCID-dataset/ARID20/floor/top/seq04/rgb/result_2018-08-20-10-25-36.png,/mnt/Info/COGAR_DATASETs/OCID-dataset/ARID20/floor/top/seq04/label/result_2018-08-20-10-25-36.png,result_2018-08-20-10-25-36.png,ARID20/floor/top/seq04,ARID20,floor,top,seq04,seq04
1145,5,/mnt/Info/COGAR_DATASETs/OCID-dataset/ARID20/floor/top/seq04/rgb/result_2018-08-20-10-26-08.png,/mnt/Info/COGAR_DATASETs/OCID-dataset/ARID20/floor/top/seq04/label/result_2018-08-20-10-26-08.png,result_2018-08-20-10-26-08.png,ARID20/floor/top/seq04,ARID20,floor,top,seq04,seq04
1146,6,/mnt/Info/COGAR_DATASETs/OCID-dataset/ARID20/floor/top/seq04/rgb/result_2018-08-20-10-26-39.png,/mnt/Info/COGAR_DATASETs/OCID-dataset/ARID20/floor/top/seq04/label/result_2018-08-20-10-26-39.png,result_2018-08-20-10-26-39.png,ARID20/floor/top/seq04,ARID20,floor,top,seq04,seq04
1147,7,/mnt/Info/COGAR_DATASETs/OCID-dataset/ARID20/floor/top/seq04/rgb/result_2018-08-20-10-27-45.png,/mnt/Info/COGAR_DATASETs/OCID-dataset/ARID20/floor/top/seq04/label/result_2018-08-20-10-27-45.png,result_2018-08-20-10-27-45.png,ARID20/floor/top/seq04,ARID20,floor,top,seq04,seq04
1148,8,/mnt/Info/COGAR_DATASETs/OCID-dataset/ARID20/floor/top/seq04/rgb/result_2018-08-20-10-28-36.png,/mnt/Info/COGAR_DATASETs/OCID-dataset/ARID20/floor/top/seq04/label/result_2018-08-20-10-28-36.png,result_2018-08-20-10-28-36.png,ARID20/floor/top/seq04,ARID20,floor,top,seq04,seq04
1149,9,/mnt/Info/COGAR_DATASETs/OCID-dataset/ARID20/floor/top/seq04/rgb/result_2018-08-20-10-30-03.png,/mnt/Info/COGAR_DATASETs/OCID-dataset/ARID20/floor/top/seq04/label/result_2018-08-20-10-30-03.png,result_2018-08-20-10-30-03.png,ARID20/floor/top/seq04,ARID20,floor,top,seq04,seq04
1150,10,/mnt/Info/COGAR_DATASETs/OCID-dataset/ARID20/floor/top/seq04/rgb/result_2018-08-20-10-30-31.png,/mnt/Info/COGAR_DATASETs/OCID-dataset/ARID20/floor/top/seq04/label/result_2018-08-20-10-30-31.png,result_2018-08-20-10-30-31.png,ARID20/floor/top/seq04,ARID20,floor,top,seq04,seq04
1151,11,/mnt/Info/COGAR_DATASETs/OCID-dataset/ARID20/floor/top/seq04/rgb/result_2018-08-20-10-31-05.png,/mnt/Info/COGAR_DATASETs/OCID-dataset/ARID20/floor/top/seq04/label/result_2018-08-20-10-31-05.png,result_2018-08-20-10-31-05.png,ARID20/floor/top/seq04,ARID20,floor,top,seq04,seq04
1152,12,/mnt/Info/COGAR_DATASETs/OCID-dataset/ARID20/floor/top/seq04/rgb/result_2018-08-20-10-31-37.png,/mnt/Info/COGAR_DATASETs/OCID-dataset/ARID20/floor/top/seq04/label/result_2018-08-20-10-31-37.png,result_2018-08-20-10-31-37.png,ARID20/floor/top/seq04,ARID20,floor,top,seq04,seq04
1153,13,/mnt/Info/COGAR_DATASETs/OCID-dataset/ARID20/floor/top/seq04/rgb/result_2018-08-20-10-32-01.png,/mnt/Info/COGAR_DATASETs/OCID-dataset/ARID20/floor/top/seq04/label/result_2018-08-20-10-32-01.png,result_2018-08-20-10-32-01.png,ARID20/floor/top/seq04,ARID20,floor,top,seq04,seq04
1154,14,/mnt/Info/COGAR_DATASETs/OCID-dataset/ARID20/floor/top/seq04/rgb/result_2018-08-20-10-32-40.png,/mnt/Info/COGAR_DATASETs/OCID-dataset/ARID20/floor/top/seq04/label/result_2018-08-20-10-32-40.png,result_2018-08-20-10-32-40.png,ARID20/floor/top/seq04,ARID20,floor,top,seq04,seq04
1155,15,/mnt/Info/COGAR_DATASETs/OCID-dataset/ARID20/floor/top/seq04/rgb/result_2018-08-20-10-33-09.png,/mnt/Info/COGAR_DATASETs/OCID-dataset/ARID20/floor/top/seq04/label/result_2018-08-20-10-33-09.png,result_2018-08-20-10-33-09.png,ARID20/floor/top/seq04,ARID20,floor,top,seq04,seq04
1156,16,/mnt/Info/COGAR_DATASETs/OCID-dataset/ARID20/floor/top/seq04/rgb/result_2018-08-20-10-34-02.png,/mnt/Info/COGAR_DATASETs/OCID-dataset/ARID20/floor/top/seq04/label/result_2018-08-20-10-34-02.png,result_2018-08-20-10-34-02.png,ARID20/floor/top/seq04,ARID20,floor,top,seq04,seq04
1157,17,/mnt/Info/COGAR_DATASETs/OCID-dataset/ARID20/floor/top/seq04/rgb/result_2018-08-20-10-34-43.png,/mnt/Info/COGAR_DATASETs/OCID-dataset/ARID20/floor/top/seq04/label/result_2018-08-20-10-34-43.png,result_2018-08-20-10-34-43.png,ARID20/floor/top/seq04,ARID20,floor,top,seq04,seq04
1158,18,/mnt/Info/COGAR_DATASETs/OCID-dataset/ARID20/floor/top/seq04/rgb/result_2018-08-20-10-35-22.png,/mnt/Info/COGAR_DATASETs/OCID-dataset/ARID20/floor/top/seq04/label/result_2018-08-20-10-35-22.png,result_2018-08-20-10-35-22.png,ARID20/floor/top/seq04,ARID20,floor,top,seq04,seq04
1159,19,/mnt/Info/COGAR_DATASETs/OCID-dataset/ARID20/floor/top/seq04/rgb/result_2018-08-20-10-35-56.png,/mnt/Info/COGAR_DATASETs/OCID-dataset/ARID20/floor/top/seq04/label/result_2018-08-20-10-35-56.png,result_2018-08-20-10-35-56.png,ARID20/floor/top/seq04,ARID20,floor,top,seq04,seq04
1160,0,/mnt/Info/COGAR_DATASETs/OCID-dataset/ARID20/floor/top/seq05/rgb/result_2018-08-20-11-13-21.png,/mnt/Info/COGAR_DATASETs/OCID-dataset/ARID20/floor/top/seq05/label/result_2018-08-20-11-13-21.png,result_2018-08-20-11-13-21.png,ARID20/floor/top/seq05,ARID20,floor,top,seq05,seq05
1161,1,/mnt/Info/COGAR_DATASETs/OCID-dataset/ARID20/floor/top/seq05/rgb/result_2018-08-20-11-13-53.png,/mnt/Info/COGAR_DATASETs/OCID-dataset/ARID20/floor/top/seq05/label/result_2018-08-20-11-13-53.png,result_2018-08-20-11-13-53.png,ARID20/floor/top/seq05,ARID20,floor,top,seq05,seq05
1162,2,/mnt/Info/COGAR_DATASETs/OCID-dataset/ARID20/floor/top/seq05/rgb/result_2018-08-20-11-14-22.png,/mnt/Info/COGAR_DATASETs/OCID-dataset/ARID20/floor/top/seq05/label/result_2018-08-20-11-14-22.png,result_2018-08-20-11-14-22.png,ARID20/floor/top/seq05,ARID20,floor,top,seq05,seq05
1163,3,/mnt/Info/COGAR_DATASETs/OCID-dataset/ARID20/floor/top/seq05/rgb/result_2018-08-20-11-14-50.png,/mnt/Info/COGAR_DATASETs/OCID-dataset/ARID20/floor/top/seq05/label/result_2018-08-20-11-14-50.png,result_2018-08-20-11-14-50.png,ARID20/floor/top/seq05,ARID20,floor,top,seq05,seq05
1164,4,/mnt/Info/COGAR_DATASETs/OCID-dataset/ARID20/floor/top/seq05/rgb/result_2018-08-20-11-15-15.png,/mnt/Info/COGAR_DATASETs/OCID-dataset/ARID20/floor/top/seq05/label/result_2018-08-20-11-15-15.png,result_2018-08-20-11-15-15.png,ARID20/floor/top/seq05,ARID20,floor,top,seq05,seq05
1165,5,/mnt/Info/COGAR_DATASETs/OCID-dataset/ARID20/floor/top/seq05/rgb/result_2018-08-20-11-15-57.png,/mnt/Info/COGAR_DATASETs/OCID-dataset/ARID20/floor/top/seq05/label/result_2018-08-20-11-15-57.png,result_2018-08-20-11-15-57.png,ARID20/floor/top/seq05,ARID20,floor,top,seq05,seq05
1166,6,/mnt/Info/COGAR_DATASETs/OCID-dataset/ARID20/floor/top/seq05/rgb/result_2018-08-20-11-16-19.png,/mnt/Info/COGAR_DATASETs/OCID-dataset/ARID20/floor/top/seq05/label/result_2018-08-20-11-16-19.png,result_2018-08-20-11-16-19.png,ARID20/floor/top/seq05,ARID20,floor,top,seq05,seq05
1167,7,/mnt/Info/COGAR_DATASETs/OCID-dataset/ARID20/floor/top/seq05/rgb/result_2018-08-20-11-16-40.png,/mnt/Info/COGAR_DATASETs/OCID-dataset/ARID20/floor/top/seq05/label/result_2018-08-20-11-16-40.png,result_2018-08-20-11-16-40.png,ARID20/floor/top/seq05,ARID20,floor,top,seq05,seq05
1168,8,/mnt/Info/COGAR_DATASETs/OCID-dataset/ARID20/floor/top/seq05/rgb/result_2018-08-20-11-17-10.png,/mnt/Info/COGAR_DATASETs/OCID-dataset/ARID20/floor/top/seq05/label/result_2018-08-20-11-17-10.png,result_2018-08-20-11-17-10.png,ARID20/floor/top/seq05,ARID20,floor,top,seq05,seq05
1169,9,/mnt/Info/COGAR_DATASETs/OCID-dataset/ARID20/floor/top/seq05/rgb/result_2018-08-20-11-17-32.png,/mnt/Info/COGAR_DATASETs/OCID-dataset/ARID20/floor/top/seq05/label/result_2018-08-20-11-17-32.png,result_2018-08-20-11-17-32.png,ARID20/floor/top/seq05,ARID20,floor,top,seq05,seq05
1170,10,/mnt/Info/COGAR_DATASETs/OCID-dataset/ARID20/floor/top/seq05/rgb/result_2018-08-20-11-17-59.png,/mnt/Info/COGAR_DATASETs/OCID-dataset/ARID20/floor/top/seq05/label/result_2018-08-20-11-17-59.png,result_2018-08-20-11-17-59.png,ARID20/floor/top/seq05,ARID20,floor,top,seq05,seq05
1171,11,/mnt/Info/COGAR_DATASETs/OCID-dataset/ARID20/floor/top/seq05/rgb/result_2018-08-20-11-18-36.png,/mnt/Info/COGAR_DATASETs/OCID-dataset/ARID20/floor/top/seq05/label/result_2018-08-20-11-18-36.png,result_2018-08-20-11-18-36.png,ARID20/floor/top/seq05,ARID20,floor,top,seq05,seq05
1172,12,/mnt/Info/COGAR_DATASETs/OCID-dataset/ARID20/floor/top/seq05/rgb/result_2018-08-20-11-19-19.png,/mnt/Info/COGAR_DATASETs/OCID-dataset/ARID20/floor/top/seq05/label/result_2018-08-20-11-19-19.png,result_2018-08-20-11-19-19.png,ARID20/floor/top/seq05,ARID20,floor,top,seq05,seq05
1173,13,/mnt/Info/COGAR_DATASETs/OCID-dataset/ARID20/floor/top/seq05/rgb/result_2018-08-20-11-19-53.png,/mnt/Info/COGAR_DATASETs/OCID-dataset/ARID20/floor/top/seq05/label/result_2018-08-20-11-19-53.png,result_2018-08-20-11-19-53.png,ARID20/floor/top/seq05,ARID20,floor,top,seq05,seq05
1174,14,/mnt/Info/COGAR_DATASETs/OCID-dataset/ARID20/floor/top/seq05/rgb/result_2018-08-20-11-20-30.png,/mnt/Info/COGAR_DATASETs/OCID-dataset/ARID20/floor/top/seq05/label/result_2018-08-20-11-20-30.png,result_2018-08-20-11-20-30.png,ARID20/floor/top/seq05,ARID20,floor,top,seq05,seq05
1175,15,/mnt/Info/COGAR_DATASETs/OCID-dataset/ARID20/floor/top/seq05/rgb/result_2018-08-20-11-21-01.png,/mnt/Info/COGAR_DATASETs/OCID-dataset/ARID20/floor/top/seq05/label/result_2018-08-20-11-21-01.png,result_2018-08-20-11-21-01.png,ARID20/floor/top/seq05,ARID20,floor,top,seq05,seq05
1176,16,/mnt/Info/COGAR_DATASETs/OCID-dataset/ARID20/floor/top/seq05/rgb/result_2018-08-20-11-21-20.png,/mnt/Info/COGAR_DATASETs/OCID-dataset/ARID20/floor/top/seq05/label/result_2018-08-20-11-21-20.png,result_2018-08-20-11-21-20.png,ARID20/floor/top/seq05,ARID20,floor,top,seq05,seq05
1177,17,/mnt/Info/COGAR_DATASETs/OCID-dataset/ARID20/floor/top/seq05/rgb/result_2018-08-20-11-21-51.png,/mnt/Info/COGAR_DATASETs/OCID-dataset/ARID20/floor/top/seq05/label/result_2018-08-20-11-21-51.png,result_2018-08-20-11-21-51.png,ARID20/floor/top/seq05,ARID20,floor,top,seq05,seq05
1178,18,/mnt/Info/COGAR_DATASETs/OCID-dataset/ARID20/floor/top/seq05/rgb/result_2018-08-20-11-22-40.png,/mnt/Info/COGAR_DATASETs/OCID-dataset/ARID20/floor/top/seq05/label/result_2018-08-20-11-22-40.png,result_2018-08-20-11-22-40.png,ARID20/floor/top/seq05,ARID20,floor,top,seq05,seq05
1179,19,/mnt/Info/COGAR_DATASETs/OCID-dataset/ARID20/floor/top/seq05/rgb/result_2018-08-20-11-24-27.png,/mnt/Info/COGAR_DATASETs/OCID-dataset/ARID20/floor/top/seq05/label/result_2018-08-20-11-24-27.png,result_2018-08-20-11-24-27.png,ARID20/floor/top/seq05,ARID20,floor,top,seq05,seq05
1180,0,/mnt/Info/COGAR_DATASETs/OCID-dataset/ARID20/floor/top/seq06/rgb/result_2018-08-20-11-26-23.png,/mnt/Info/COGAR_DATASETs/OCID-dataset/ARID20/floor/top/seq06/label/result_2018-08-20-11-26-23.png,result_2018-08-20-11-26-23.png,ARID20/floor/top/seq06,ARID20,floor,top,seq06,seq06
1181,1,/mnt/Info/COGAR_DATASETs/OCID-dataset/ARID20/floor/top/seq06/rgb/result_2018-08-20-11-27-24.png,/mnt/Info/COGAR_DATASETs/OCID-dataset/ARID20/floor/top/seq06/label/result_2018-08-20-11-27-24.png,result_2018-08-20-11-27-24.png,ARID20/floor/top/seq06,ARID20,floor,top,seq06,seq06
1182,2,/mnt/Info/COGAR_DATASETs/OCID-dataset/ARID20/floor/top/seq06/rgb/result_2018-08-20-11-27-51.png,/mnt/Info/COGAR_DATASETs/OCID-dataset/ARID20/floor/top/seq06/label/result_2018-08-20-11-27-51.png,result_2018-08-20-11-27-51.png,ARID20/floor/top/seq06,ARID20,floor,top,seq06,seq06
1183,3,/mnt/Info/COGAR_DATASETs/OCID-dataset/ARID20/floor/top/seq06/rgb/result_2018-08-20-11-28-27.png,/mnt/Info/COGAR_DATASETs/OCID-dataset/ARID20/floor/top/seq06/label/result_2018-08-20-11-28-27.png,result_2018-08-20-11-28-27.png,ARID20/floor/top/seq06,ARID20,floor,top,seq06,seq06
1184,4,/mnt/Info/COGAR_DATASETs/OCID-dataset/ARID20/floor/top/seq06/rgb/result_2018-08-20-11-28-53.png,/mnt/Info/COGAR_DATASETs/OCID-dataset/ARID20/floor/top/seq06/label/result_2018-08-20-11-28-53.png,result_2018-08-20-11-28-53.png,ARID20/floor/top/seq06,ARID20,floor,top,seq06,seq06
1185,5,/mnt/Info/COGAR_DATASETs/OCID-dataset/ARID20/floor/top/seq06/rgb/result_2018-08-20-11-29-17.png,/mnt/Info/COGAR_DATASETs/OCID-dataset/ARID20/floor/top/seq06/label/result_2018-08-20-11-29-17.png,result_2018-08-20-11-29-17.png,ARID20/floor/top/seq06,ARID20,floor,top,seq06,seq06
1186,6,/mnt/Info/COGAR_DATASETs/OCID-dataset/ARID20/floor/top/seq06/rgb/result_2018-08-20-11-29-41.png,/mnt/Info/COGAR_DATASETs/OCID-dataset/ARID20/floor/top/seq06/label/result_2018-08-20-11-29-41.png,result_2018-08-20-11-29-41.png,ARID20/floor/top/seq06,ARID20,floor,top,seq06,seq06
1187,7,/mnt/Info/COGAR_DATASETs/OCID-dataset/ARID20/floor/top/seq06/rgb/result_2018-08-20-11-30-12.png,/mnt/Info/COGAR_DATASETs/OCID-dataset/ARID20/floor/top/seq06/label/result_2018-08-20-11-30-12.png,result_2018-08-20-11-30-12.png,ARID20/floor/top/seq06,ARID20,floor,top,seq06,seq06
1188,8,/mnt/Info/COGAR_DATASETs/OCID-dataset/ARID20/floor/top/seq06/rgb/result_2018-08-20-11-30-55.png,/mnt/Info/COGAR_DATASETs/OCID-dataset/ARID20/floor/top/seq06/label/result_2018-08-20-11-30-55.png,result_2018-08-20-11-30-55.png,ARID20/floor/top/seq06,ARID20,floor,top,seq06,seq06
1189,9,/mnt/Info/COGAR_DATASETs/OCID-dataset/ARID20/floor/top/seq06/rgb/result_2018-08-20-11-31-25.png,/mnt/Info/COGAR_DATASETs/OCID-dataset/ARID20/floor/top/seq06/label/result_2018-08-20-11-31-25.png,result_2018-08-20-11-31-25.png,ARID20/floor/top/seq06,ARID20,floor,top,seq06,seq06
1190,10,/mnt/Info/COGAR_DATASETs/OCID-dataset/ARID20/floor/top/seq06/rgb/result_2018-08-20-11-32-06.png,/mnt/Info/COGAR_DATASETs/OCID-dataset/ARID20/floor/top/seq06/label/result_2018-08-20-11-32-06.png,result_2018-08-20-11-32-06.png,ARID20/floor/top/seq06,ARID20,floor,top,seq06,seq06
1191,11,/mnt/Info/COGAR_DATASETs/OCID-dataset/ARID20/floor/top/seq06/rgb/result_2018-08-20-11-32-35.png,/mnt/Info/COGAR_DATASETs/OCID-dataset/ARID20/floor/top/seq06/label/result_2018-08-20-11-32-35.png,result_2018-08-20-11-32-35.png,ARID20/floor/top/seq06,ARID20,floor,top,seq06,seq06
1192,12,/mnt/Info/COGAR_DATASETs/OCID-dataset/ARID20/floor/top/seq06/rgb/result_2018-08-20-11-33-16.png,/mnt/Info/COGAR_DATASETs/OCID-dataset/ARID20/floor/top/seq06/label/result_2018-08-20-11-33-16.png,result_2018-08-20-11-33-16.png,ARID20/floor/top/seq06,ARID20,floor,top,seq06,seq06
1193,13,/mnt/Info/COGAR_DATASETs/OCID-dataset/ARID20/floor/top/seq06/rgb/result_2018-08-20-11-34-02.png,/mnt/Info/COGAR_DATASETs/OCID-dataset/ARID20/floor/top/seq06/label/result_2018-08-20-11-34-02.png,result_2018-08-20-11-34-02.png,ARID20/floor/top/seq06,ARID20,floor,top,seq06,seq06
1194,14,/mnt/Info/COGAR_DATASETs/OCID-dataset/ARID20/floor/top/seq06/rgb/result_2018-08-20-11-34-29.png,/mnt/Info/COGAR_DATASETs/OCID-dataset/ARID20/floor/top/seq06/label/result_2018-08-20-11-34-29.png,result_2018-08-20-11-34-29.png,ARID20/floor/top/seq06,ARID20,floor,top,seq06,seq06
1195,15,/mnt/Info/COGAR_DATASETs/OCID-dataset/ARID20/floor/top/seq06/rgb/result_2018-08-20-11-35-03.png,/mnt/Info/COGAR_DATASETs/OCID-dataset/ARID20/floor/top/seq06/label/result_2018-08-20-11-35-03.png,result_2018-08-20-11-35-03.png,ARID20/floor/top/seq06,ARID20,floor,top,seq06,seq06
1196,16,/mnt/Info/COGAR_DATASETs/OCID-dataset/ARID20/floor/top/seq06/rgb/result_2018-08-20-11-35-54.png,/mnt/Info/COGAR_DATASETs/OCID-dataset/ARID20/floor/top/seq06/label/result_2018-08-20-11-35-54.png,result_2018-08-20-11-35-54.png,ARID20/floor/top/seq06,ARID20,floor,top,seq06,seq06
1197,17,/mnt/Info/COGAR_DATASETs/OCID-dataset/ARID20/floor/top/seq06/rgb/result_2018-08-20-11-36-44.png,/mnt/Info/COGAR_DATASETs/OCID-dataset/ARID20/floor/top/seq06/label/result_2018-08-20-11-36-44.png,result_2018-08-20-11-36-44.png,ARID20/floor/top/seq06,ARID20,floor,top,seq06,seq06
1198,18,/mnt/Info/COGAR_DATASETs/OCID-dataset/ARID20/floor/top/seq06/rgb/result_2018-08-20-11-37-31.png,/mnt/Info/COGAR_DATASETs/OCID-dataset/ARID20/floor/top/seq06/label/result_2018-08-20-11-37-31.png,result_2018-08-20-11-37-31.png,ARID20/floor/top/seq06,ARID20,floor,top,seq06,seq06
1199,19,/mnt/Info/COGAR_DATASETs/OCID-dataset/ARID20/floor/top/seq06/rgb/result_2018-08-20-11-37-55.png,/mnt/Info/COGAR_DATASETs/OCID-dataset/ARID20/floor/top/seq06/label/result_2018-08-20-11-37-55.png,result_2018-08-20-11-37-55.png,ARID20/floor/top/seq06,ARID20,floor,top,seq06,seq06
1200,0,/mnt/Info/COGAR_DATASETs/OCID-dataset/ARID20/floor/top/seq07/rgb/result_2018-08-20-11-40-23.png,/mnt/Info/COGAR_DATASETs/OCID-dataset/ARID20/floor/top/seq07/label/result_2018-08-20-11-40-23.png,result_2018-08-20-11-40-23.png,ARID20/floor/top/seq07,ARID20,floor,top,seq07,seq07
1201,1,/mnt/Info/COGAR_DATASETs/OCID-dataset/ARID20/floor/top/seq07/rgb/result_2018-08-20-11-40-58.png,/mnt/Info/COGAR_DATASETs/OCID-dataset/ARID20/floor/top/seq07/label/result_2018-08-20-11-40-58.png,result_2018-08-20-11-40-58.png,ARID20/floor/top/seq07,ARID20,floor,top,seq07,seq07
1202,2,/mnt/Info/COGAR_DATASETs/OCID-dataset/ARID20/floor/top/seq07/rgb/result_2018-08-20-11-41-56.png,/mnt/Info/COGAR_DATASETs/OCID-dataset/ARID20/floor/top/seq07/label/result_2018-08-20-11-41-56.png,result_2018-08-20-11-41-56.png,ARID20/floor/top/seq07,ARID20,floor,top,seq07,seq07
1203,3,/mnt/Info/COGAR_DATASETs/OCID-dataset/ARID20/floor/top/seq07/rgb/result_2018-08-20-11-42-25.png,/mnt/Info/COGAR_DATASETs/OCID-dataset/ARID20/floor/top/seq07/label/result_2018-08-20-11-42-25.png,result_2018-08-20-11-42-25.png,ARID20/floor/top/seq07,ARID20,floor,top,seq07,seq07
1204,4,/mnt/Info/COGAR_DATASETs/OCID-dataset/ARID20/floor/top/seq07/rgb/result_2018-08-20-11-42-53.png,/mnt/Info/COGAR_DATASETs/OCID-dataset/ARID20/floor/top/seq07/label/result_2018-08-20-11-42-53.png,result_2018-08-20-11-42-53.png,ARID20/floor/top/seq07,ARID20,floor,top,seq07,seq07
1205,5,/mnt/Info/COGAR_DATASETs/OCID-dataset/ARID20/floor/top/seq07/rgb/result_2018-08-20-11-43-18.png,/mnt/Info/COGAR_DATASETs/OCID-dataset/ARID20/floor/top/seq07/label/result_2018-08-20-11-43-18.png,result_2018-08-20-11-43-18.png,ARID20/floor/top/seq07,ARID20,floor,top,seq07,seq07
1206,6,/mnt/Info/COGAR_DATASETs/OCID-dataset/ARID20/floor/top/seq07/rgb/result_2018-08-20-11-43-41.png,/mnt/Info/COGAR_DATASETs/OCID-dataset/ARID20/floor/top/seq07/label/result_2018-08-20-11-43-41.png,result_2018-08-20-11-43-41.png,ARID20/floor/top/seq07,ARID20,floor,top,seq07,seq07
1207,7,/mnt/Info/COGAR_DATASETs/OCID-dataset/ARID20/floor/top/seq07/rgb/result_2018-08-20-11-43-59.png,/mnt/Info/COGAR_DATASETs/OCID-dataset/ARID20/floor/top/seq07/label/result_2018-08-20-11-43-59.png,result_2018-08-20-11-43-59.png,ARID20/floor/top/seq07,ARID20,floor,top,seq07,seq07
1208,8,/mnt/Info/COGAR_DATASETs/OCID-dataset/ARID20/floor/top/seq07/rgb/result_2018-08-20-11-44-26.png,/mnt/Info/COGAR_DATASETs/OCID-dataset/ARID20/floor/top/seq07/label/result_2018-08-20-11-44-26.png,result_2018-08-20-11-44-26.png,ARID20/floor/top/seq07,ARID20,floor,top,seq07,seq07
1209,9,/mnt/Info/COGAR_DATASETs/OCID-dataset/ARID20/floor/top/seq07/rgb/result_2018-08-20-11-44-48.png,/mnt/Info/COGAR_DATASETs/OCID-dataset/ARID20/floor/top/seq07/label/result_2018-08-20-11-44-48.png,result_2018-08-20-11-44-48.png,ARID20/floor/top/seq07,ARID20,floor,top,seq07,seq07
1210,10,/mnt/Info/COGAR_DATASETs/OCID-dataset/ARID20/floor/top/seq07/rgb/result_2018-08-20-11-45-14.png,/mnt/Info/COGAR_DATASETs/OCID-dataset/ARID20/floor/top/seq07/label/result_2018-08-20-11-45-14.png,result_2018-08-20-11-45-14.png,ARID20/floor/top/seq07,ARID20,floor,top,seq07,seq07
1211,11,/mnt/Info/COGAR_DATASETs/OCID-dataset/ARID20/floor/top/seq07/rgb/result_2018-08-20-11-45-44.png,/mnt/Info/COGAR_DATASETs/OCID-dataset/ARID20/floor/top/seq07/label/result_2018-08-20-11-45-44.png,result_2018-08-20-11-45-44.png,ARID20/floor/top/seq07,ARID20,floor,top,seq07,seq07
1212,12,/mnt/Info/COGAR_DATASETs/OCID-dataset/ARID20/floor/top/seq07/rgb/result_2018-08-20-11-46-19.png,/mnt/Info/COGAR_DATASETs/OCID-dataset/ARID20/floor/top/seq07/label/result_2018-08-20-11-46-19.png,result_2018-08-20-11-46-19.png,ARID20/floor/top/seq07,ARID20,floor,top,seq07,seq07
1213,13,/mnt/Info/COGAR_DATASETs/OCID-dataset/ARID20/floor/top/seq07/rgb/result_2018-08-20-11-46-48.png,/mnt/Info/COGAR_DATASETs/OCID-dataset/ARID20/floor/top/seq07/label/result_2018-08-20-11-46-48.png,result_2018-08-20-11-46-48.png,ARID20/floor/top/seq07,ARID20,floor,top,seq07,seq07
1214,14,/mnt/Info/COGAR_DATASETs/OCID-dataset/ARID20/floor/top/seq07/rgb/result_2018-08-20-11-47-28.png,/mnt/Info/COGAR_DATASETs/OCID-dataset/ARID20/floor/top/seq07/label/result_2018-08-20-11-47-28.png,result_2018-08-20-11-47-28.png,ARID20/floor/top/seq07,ARID20,floor,top,seq07,seq07
1215,15,/mnt/Info/COGAR_DATASETs/OCID-dataset/ARID20/floor/top/seq07/rgb/result_2018-08-20-11-48-16.png,/mnt/Info/COGAR_DATASETs/OCID-dataset/ARID20/floor/top/seq07/label/result_2018-08-20-11-48-16.png,result_2018-08-20-11-48-16.png,ARID20/floor/top/seq07,ARID20,floor,top,seq07,seq07
1216,16,/mnt/Info/COGAR_DATASETs/OCID-dataset/ARID20/floor/top/seq07/rgb/result_2018-08-20-11-48-52.png,/mnt/Info/COGAR_DATASETs/OCID-dataset/ARID20/floor/top/seq07/label/result_2018-08-20-11-48-52.png,result_2018-08-20-11-48-52.png,ARID20/floor/top/seq07,ARID20,floor,top,seq07,seq07
1217,17,/mnt/Info/COGAR_DATASETs/OCID-dataset/ARID20/floor/top/seq07/rgb/result_2018-08-20-11-49-30.png,/mnt/Info/COGAR_DATASETs/OCID-dataset/ARID20/floor/top/seq07/label/result_2018-08-20-11-49-30.png,result_2018-08-20-11-49-30.png,ARID20/floor/top/seq07,ARID20,floor,top,seq07,seq07
1218,18,/mnt/Info/COGAR_DATASETs/OCID-dataset/ARID20/floor/top/seq07/rgb/result_2018-08-20-11-50-00.png,/mnt/Info/COGAR_DATASETs/OCID-dataset/ARID20/floor/top/seq07/label/result_2018-08-20-11-50-00.png,result_2018-08-20-11-50-00.png,ARID20/floor/top/seq07,ARID20,floor,top,seq07,seq07
1219,19,/mnt/Info/COGAR_DATASETs/OCID-dataset/ARID20/floor/top/seq07/rgb/result_2018-08-20-11-51-34.png,/mnt/Info/COGAR_DATASETs/OCID-dataset/ARID20/floor/top/seq07/label/result_2018-08-20-11-51-34.png,result_2018-08-20-11-51-34.png,ARID20/floor/top/seq07,ARID20,floor,top,seq07,seq07
1220,0,/mnt/Info/COGAR_DATASETs/OCID-dataset/ARID20/floor/top/seq08/rgb/result_2018-08-20-11-53-58.png,/mnt/Info/COGAR_DATASETs/OCID-dataset/ARID20/floor/top/seq08/label/result_2018-08-20-11-53-58.png,result_2018-08-20-11-53-58.png,ARID20/floor/top/seq08,ARID20,floor,top,seq08,seq08
1221,1,/mnt/Info/COGAR_DATASETs/OCID-dataset/ARID20/floor/top/seq08/rgb/result_2018-08-20-11-54-23.png,/mnt/Info/COGAR_DATASETs/OCID-dataset/ARID20/floor/top/seq08/label/result_2018-08-20-11-54-23.png,result_2018-08-20-11-54-23.png,ARID20/floor/top/seq08,ARID20,floor,top,seq08,seq08
1222,2,/mnt/Info/COGAR_DATASETs/OCID-dataset/ARID20/floor/top/seq08/rgb/result_2018-08-20-11-55-07.png,/mnt/Info/COGAR_DATASETs/OCID-dataset/ARID20/floor/top/seq08/label/result_2018-08-20-11-55-07.png,result_2018-08-20-11-55-07.png,ARID20/floor/top/seq08,ARID20,floor,top,seq08,seq08
1223,3,/mnt/Info/COGAR_DATASETs/OCID-dataset/ARID20/floor/top/seq08/rgb/result_2018-08-20-11-55-35.png,/mnt/Info/COGAR_DATASETs/OCID-dataset/ARID20/floor/top/seq08/label/result_2018-08-20-11-55-35.png,result_2018-08-20-11-55-35.png,ARID20/floor/top/seq08,ARID20,floor,top,seq08,seq08
1224,4,/mnt/Info/COGAR_DATASETs/OCID-dataset/ARID20/floor/top/seq08/rgb/result_2018-08-20-11-56-32.png,/mnt/Info/COGAR_DATASETs/OCID-dataset/ARID20/floor/top/seq08/label/result_2018-08-20-11-56-32.png,result_2018-08-20-11-56-32.png,ARID20/floor/top/seq08,ARID20,floor,top,seq08,seq08
1225,5,/mnt/Info/COGAR_DATASETs/OCID-dataset/ARID20/floor/top/seq08/rgb/result_2018-08-20-11-57-01.png,/mnt/Info/COGAR_DATASETs/OCID-dataset/ARID20/floor/top/seq08/label/result_2018-08-20-11-57-01.png,result_2018-08-20-11-57-01.png,ARID20/floor/top/seq08,ARID20,floor,top,seq08,seq08
1226,6,/mnt/Info/COGAR_DATASETs/OCID-dataset/ARID20/floor/top/seq08/rgb/result_2018-08-20-11-57-31.png,/mnt/Info/COGAR_DATASETs/OCID-dataset/ARID20/floor/top/seq08/label/result_2018-08-20-11-57-31.png,result_2018-08-20-11-57-31.png,ARID20/floor/top/seq08,ARID20,floor,top,seq08,seq08
1227,7,/mnt/Info/COGAR_DATASETs/OCID-dataset/ARID20/floor/top/seq08/rgb/result_2018-08-20-11-58-21.png,/mnt/Info/COGAR_DATASETs/OCID-dataset/ARID20/floor/top/seq08/label/result_2018-08-20-11-58-21.png,result_2018-08-20-11-58-21.png,ARID20/floor/top/seq08,ARID20,floor,top,seq08,seq08
1228,8,/mnt/Info/COGAR_DATASETs/OCID-dataset/ARID20/floor/top/seq08/rgb/result_2018-08-20-11-58-53.png,/mnt/Info/COGAR_DATASETs/OCID-dataset/ARID20/floor/top/seq08/label/result_2018-08-20-11-58-53.png,result_2018-08-20-11-58-53.png,ARID20/floor/top/seq08,ARID20,floor,top,seq08,seq08
1229,9,/mnt/Info/COGAR_DATASETs/OCID-dataset/ARID20/floor/top/seq08/rgb/result_2018-08-20-11-59-37.png,/mnt/Info/COGAR_DATASETs/OCID-dataset/ARID20/floor/top/seq08/label/result_2018-08-20-11-59-37.png,result_2018-08-20-11-59-37.png,ARID20/floor/top/seq08,ARID20,floor,top,seq08,seq08
1230,10,/mnt/Info/COGAR_DATASETs/OCID-dataset/ARID20/floor/top/seq08/rgb/result_2018-08-20-12-00-12.png,/mnt/Info/COGAR_DATASETs/OCID-dataset/ARID20/floor/top/seq08/label/result_2018-08-20-12-00-12.png,result_2018-08-20-12-00-12.png,ARID20/floor/top/seq08,ARID20,floor,top,seq08,seq08
1231,11,/mnt/Info/COGAR_DATASETs/OCID-dataset/ARID20/floor/top/seq08/rgb/result_2018-08-20-12-01-03.png,/mnt/Info/COGAR_DATASETs/OCID-dataset/ARID20/floor/top/seq08/label/result_2018-08-20-12-01-03.png,result_2018-08-20-12-01-03.png,ARID20/floor/top/seq08,ARID20,floor,top,seq08,seq08
1232,12,/mnt/Info/COGAR_DATASETs/OCID-dataset/ARID20/floor/top/seq08/rgb/result_2018-08-20-12-01-51.png,/mnt/Info/COGAR_DATASETs/OCID-dataset/ARID20/floor/top/seq08/label/result_2018-08-20-12-01-51.png,result_2018-08-20-12-01-51.png,ARID20/floor/top/seq08,ARID20,floor,top,seq08,seq08
1233,13,/mnt/Info/COGAR_DATASETs/OCID-dataset/ARID20/floor/top/seq08/rgb/result_2018-08-20-12-02-23.png,/mnt/Info/COGAR_DATASETs/OCID-dataset/ARID20/floor/top/seq08/label/result_2018-08-20-12-02-23.png,result_2018-08-20-12-02-23.png,ARID20/floor/top/seq08,ARID20,floor,top,seq08,seq08
1234,14,/mnt/Info/COGAR_DATASETs/OCID-dataset/ARID20/floor/top/seq08/rgb/result_2018-08-20-12-02-57.png,/mnt/Info/COGAR_DATASETs/OCID-dataset/ARID20/floor/top/seq08/label/result_2018-08-20-12-02-57.png,result_2018-08-20-12-02-57.png,ARID20/floor/top/seq08,ARID20,floor,top,seq08,seq08
1235,15,/mnt/Info/COGAR_DATASETs/OCID-dataset/ARID20/floor/top/seq08/rgb/result_2018-08-20-12-03-46.png,/mnt/Info/COGAR_DATASETs/OCID-dataset/ARID20/floor/top/seq08/label/result_2018-08-20-12-03-46.png,result_2018-08-20-12-03-46.png,ARID20/floor/top/seq08,ARID20,floor,top,seq08,seq08
1236,16,/mnt/Info/COGAR_DATASETs/OCID-dataset/ARID20/floor/top/seq08/rgb/result_2018-08-20-12-05-09.png,/mnt/Info/COGAR_DATASETs/OCID-dataset/ARID20/floor/top/seq08/label/result_2018-08-20-12-05-09.png,result_2018-08-20-12-05-09.png,ARID20/floor/top/seq08,ARID20,floor,top,seq08,seq08
1237,17,/mnt/Info/COGAR_DATASETs/OCID-dataset/ARID20/floor/top/seq08/rgb/result_2018-08-20-12-06-15.png,/mnt/Info/COGAR_DATASETs/OCID-dataset/ARID20/floor/top/seq08/label/result_2018-08-20-12-06-15.png,result_2018-08-20-12-06-15.png,ARID20/floor/top/seq08,ARID20,floor,top,seq08,seq08
1238,18,/mnt/Info/COGAR_DATASETs/OCID-dataset/ARID20/floor/top/seq08/rgb/result_2018-08-20-12-07-37.png,/mnt/Info/COGAR_DATASETs/OCID-dataset/ARID20/floor/top/seq08/label/result_2018-08-20-12-07-37.png,result_2018-08-20-12-07-37.png,ARID20/floor/top/seq08,ARID20,floor,top,seq08,seq08
1239,19,/mnt/Info/COGAR_DATASETs/OCID-dataset/ARID20/floor/top/seq08/rgb/result_2018-08-20-12-08-03.png,/mnt/Info/COGAR_DATASETs/OCID-dataset/ARID20/floor/top/seq08/label/result_2018-08-20-12-08-03.png,result_2018-08-20-12-08-03.png,ARID20/floor/top/seq08,ARID20,floor,top,seq08,seq08
1240,0,/mnt/Info/COGAR_DATASETs/OCID-dataset/ARID20/floor/top/seq09/rgb/result_2018-08-20-14-03-37.png,/mnt/Info/COGAR_DATASETs/OCID-dataset/ARID20/floor/top/seq09/label/result_2018-08-20-14-03-37.png,result_2018-08-20-14-03-37.png,ARID20/floor/top/seq09,ARID20,floor,top,seq09,seq09
1241,1,/mnt/Info/COGAR_DATASETs/OCID-dataset/ARID20/floor/top/seq09/rgb/result_2018-08-20-14-04-07.png,/mnt/Info/COGAR_DATASETs/OCID-dataset/ARID20/floor/top/seq09/label/result_2018-08-20-14-04-07.png,result_2018-08-20-14-04-07.png,ARID20/floor/top/seq09,ARID20,floor,top,seq09,seq09
1242,2,/mnt/Info/COGAR_DATASETs/OCID-dataset/ARID20/floor/top/seq09/rgb/result_2018-08-20-14-04-24.png,/mnt/Info/COGAR_DATASETs/OCID-dataset/ARID20/floor/top/seq09/label/result_2018-08-20-14-04-24.png,result_2018-08-20-14-04-24.png,ARID20/floor/top/seq09,ARID20,floor,top,seq09,seq09
1243,3,/mnt/Info/COGAR_DATASETs/OCID-dataset/ARID20/floor/top/seq09/rgb/result_2018-08-20-14-04-45.png,/mnt/Info/COGAR_DATASETs/OCID-dataset/ARID20/floor/top/seq09/label/result_2018-08-20-14-04-45.png,result_2018-08-20-14-04-45.png,ARID20/floor/top/seq09,ARID20,floor,top,seq09,seq09
1244,4,/mnt/Info/COGAR_DATASETs/OCID-dataset/ARID20/floor/top/seq09/rgb/result_2018-08-20-14-05-46.png,/mnt/Info/COGAR_DATASETs/OCID-dataset/ARID20/floor/top/seq09/label/result_2018-08-20-14-05-46.png,result_2018-08-20-14-05-46.png,ARID20/floor/top/seq09,ARID20,floor,top,seq09,seq09
1245,5,/mnt/Info/COGAR_DATASETs/OCID-dataset/ARID20/floor/top/seq09/rgb/result_2018-08-20-14-06-13.png,/mnt/Info/COGAR_DATASETs/OCID-dataset/ARID20/floor/top/seq09/label/result_2018-08-20-14-06-13.png,result_2018-08-20-14-06-13.png,ARID20/floor/top/seq09,ARID20,floor,top,seq09,seq09
1246,6,/mnt/Info/COGAR_DATASETs/OCID-dataset/ARID20/floor/top/seq09/rgb/result_2018-08-20-14-06-41.png,/mnt/Info/COGAR_DATASETs/OCID-dataset/ARID20/floor/top/seq09/label/result_2018-08-20-14-06-41.png,result_2018-08-20-14-06-41.png,ARID20/floor/top/seq09,ARID20,floor,top,seq09,seq09
1247,7,/mnt/Info/COGAR_DATASETs/OCID-dataset/ARID20/floor/top/seq09/rgb/result_2018-08-20-14-07-33.png,/mnt/Info/COGAR_DATASETs/OCID-dataset/ARID20/floor/top/seq09/label/result_2018-08-20-14-07-33.png,result_2018-08-20-14-07-33.png,ARID20/floor/top/seq09,ARID20,floor,top,seq09,seq09
1248,8,/mnt/Info/COGAR_DATASETs/OCID-dataset/ARID20/floor/top/seq09/rgb/result_2018-08-20-14-08-19.png,/mnt/Info/COGAR_DATASETs/OCID-dataset/ARID20/floor/top/seq09/label/result_2018-08-20-14-08-19.png,result_2018-08-20-14-08-19.png,ARID20/floor/top/seq09,ARID20,floor,top,seq09,seq09
1249,9,/mnt/Info/COGAR_DATASETs/OCID-dataset/ARID20/floor/top/seq09/rgb/result_2018-08-20-14-09-43.png,/mnt/Info/COGAR_DATASETs/OCID-dataset/ARID20/floor/top/seq09/label/result_2018-08-20-14-09-43.png,result_2018-08-20-14-09-43.png,ARID20/floor/top/seq09,ARID20,floor,top,seq09,seq09
1250,10,/mnt/Info/COGAR_DATASETs/OCID-dataset/ARID20/floor/top/seq09/rgb/result_2018-08-20-14-10-29.png,/mnt/Info/COGAR_DATASETs/OCID-dataset/ARID20/floor/top/seq09/label/result_2018-08-20-14-10-29.png,result_2018-08-20-14-10-29.png,ARID20/floor/top/seq09,ARID20,floor,top,seq09,seq09
1251,11,/mnt/Info/COGAR_DATASETs/OCID-dataset/ARID20/floor/top/seq09/rgb/result_2018-08-20-14-10-58.png,/mnt/Info/COGAR_DATASETs/OCID-dataset/ARID20/floor/top/seq09/label/result_2018-08-20-14-10-58.png,result_2018-08-20-14-10-58.png,ARID20/floor/top/seq09,ARID20,floor,top,seq09,seq09
1252,12,/mnt/Info/COGAR_DATASETs/OCID-dataset/ARID20/floor/top/seq09/rgb/result_2018-08-20-14-11-26.png,/mnt/Info/COGAR_DATASETs/OCID-dataset/ARID20/floor/top/seq09/label/result_2018-08-20-14-11-26.png,result_2018-08-20-14-11-26.png,ARID20/floor/top/seq09,ARID20,floor,top,seq09,seq09
1253,13,/mnt/Info/COGAR_DATASETs/OCID-dataset/ARID20/floor/top/seq09/rgb/result_2018-08-20-14-11-57.png,/mnt/Info/COGAR_DATASETs/OCID-dataset/ARID20/floor/top/seq09/label/result_2018-08-20-14-11-57.png,result_2018-08-20-14-11-57.png,ARID20/floor/top/seq09,ARID20,floor,top,seq09,seq09
1254,14,/mnt/Info/COGAR_DATASETs/OCID-dataset/ARID20/floor/top/seq09/rgb/result_2018-08-20-14-12-25.png,/mnt/Info/COGAR_DATASETs/OCID-dataset/ARID20/floor/top/seq09/label/result_2018-08-20-14-12-25.png,result_2018-08-20-14-12-25.png,ARID20/floor/top/seq09,ARID20,floor,top,seq09,seq09
1255,15,/mnt/Info/COGAR_DATASETs/OCID-dataset/ARID20/floor/top/seq09/rgb/result_2018-08-20-14-13-02.png,/mnt/Info/COGAR_DATASETs/OCID-dataset/ARID20/floor/top/seq09/label/result_2018-08-20-14-13-02.png,result_2018-08-20-14-13-02.png,ARID20/floor/top/seq09,ARID20,floor,top,seq09,seq09
1256,16,/mnt/Info/COGAR_DATASETs/OCID-dataset/ARID20/floor/top/seq09/rgb/result_2018-08-20-14-13-49.png,/mnt/Info/COGAR_DATASETs/OCID-dataset/ARID20/floor/top/seq09/label/result_2018-08-20-14-13-49.png,result_2018-08-20-14-13-49.png,ARID20/floor/top/seq09,ARID20,floor,top,seq09,seq09
1257,17,/mnt/Info/COGAR_DATASETs/OCID-dataset/ARID20/floor/top/seq09/rgb/result_2018-08-20-14-14-29.png,/mnt/Info/COGAR_DATASETs/OCID-dataset/ARID20/floor/top/seq09/label/result_2018-08-20-14-14-29.png,result_2018-08-20-14-14-29.png,ARID20/floor/top/seq09,ARID20,floor,top,seq09,seq09
1258,18,/mnt/Info/COGAR_DATASETs/OCID-dataset/ARID20/floor/top/seq09/rgb/result_2018-08-20-14-16-13.png,/mnt/Info/COGAR_DATASETs/OCID-dataset/ARID20/floor/top/seq09/label/result_2018-08-20-14-16-13.png,result_2018-08-20-14-16-13.png,ARID20/floor/top/seq09,ARID20,floor,top,seq09,seq09
1259,19,/mnt/Info/COGAR_DATASETs/OCID-dataset/ARID20/floor/top/seq09/rgb/result_2018-08-20-14-17-10.png,/mnt/Info/COGAR_DATASETs/OCID-dataset/ARID20/floor/top/seq09/label/result_2018-08-20-14-17-10.png,result_2018-08-20-14-17-10.png,ARID20/floor/top/seq09,ARID20,floor,top,seq09,seq09
1260,0,/mnt/Info/COGAR_DATASETs/OCID-dataset/ARID20/floor/top/seq10/rgb/result_2018-08-20-14-20-18.png,/mnt/Info/COGAR_DATASETs/OCID-dataset/ARID20/floor/top/seq10/label/result_2018-08-20-14-20-18.png,result_2018-08-20-14-20-18.png,ARID20/floor/top/seq10,ARID20,floor,top,seq10,seq10
1261,1,/mnt/Info/COGAR_DATASETs/OCID-dataset/ARID20/floor/top/seq10/rgb/result_2018-08-20-14-20-57.png,/mnt/Info/COGAR_DATASETs/OCID-dataset/ARID20/floor/top/seq10/label/result_2018-08-20-14-20-57.png,result_2018-08-20-14-20-57.png,ARID20/floor/top/seq10,ARID20,floor,top,seq10,seq10
1262,2,/mnt/Info/COGAR_DATASETs/OCID-dataset/ARID20/floor/top/seq10/rgb/result_2018-08-20-14-21-32.png,/mnt/Info/COGAR_DATASETs/OCID-dataset/ARID20/floor/top/seq10/label/result_2018-08-20-14-21-32.png,result_2018-08-20-14-21-32.png,ARID20/floor/top/seq10,ARID20,floor,top,seq10,seq10
1263,3,/mnt/Info/COGAR_DATASETs/OCID-dataset/ARID20/floor/top/seq10/rgb/result_2018-08-20-14-22-21.png,/mnt/Info/COGAR_DATASETs/OCID-dataset/ARID20/floor/top/seq10/label/result_2018-08-20-14-22-21.png,result_2018-08-20-14-22-21.png,ARID20/floor/top/seq10,ARID20,floor,top,seq10,seq10
1264,4,/mnt/Info/COGAR_DATASETs/OCID-dataset/ARID20/floor/top/seq10/rgb/result_2018-08-20-14-23-31.png,/mnt/Info/COGAR_DATASETs/OCID-dataset/ARID20/floor/top/seq10/label/result_2018-08-20-14-23-31.png,result_2018-08-20-14-23-31.png,ARID20/floor/top/seq10,ARID20,floor,top,seq10,seq10
1265,5,/mnt/Info/COGAR_DATASETs/OCID-dataset/ARID20/floor/top/seq10/rgb/result_2018-08-20-14-24-30.png,/mnt/Info/COGAR_DATASETs/OCID-dataset/ARID20/floor/top/seq10/label/result_2018-08-20-14-24-30.png,result_2018-08-20-14-24-30.png,ARID20/floor/top/seq10,ARID20,floor,top,seq10,seq10
1266,6,/mnt/Info/COGAR_DATASETs/OCID-dataset/ARID20/floor/top/seq10/rgb/result_2018-08-20-14-25-25.png,/mnt/Info/COGAR_DATASETs/OCID-dataset/ARID20/floor/top/seq10/label/result_2018-08-20-14-25-25.png,result_2018-08-20-14-25-25.png,ARID20/floor/top/seq10,ARID20,floor,top,seq10,seq10
1267,7,/mnt/Info/COGAR_DATASETs/OCID-dataset/ARID20/floor/top/seq10/rgb/result_2018-08-20-14-26-20.png,/mnt/Info/COGAR_DATASETs/OCID-dataset/ARID20/floor/top/seq10/label/result_2018-08-20-14-26-20.png,result_2018-08-20-14-26-20.png,ARID20/floor/top/seq10,ARID20,floor,top,seq10,seq10
1268,8,/mnt/Info/COGAR_DATASETs/OCID-dataset/ARID20/floor/top/seq10/rgb/result_2018-08-20-14-26-39.png,/mnt/Info/COGAR_DATASETs/OCID-dataset/ARID20/floor/top/seq10/label/result_2018-08-20-14-26-39.png,result_2018-08-20-14-26-39.png,ARID20/floor/top/seq10,ARID20,floor,top,seq10,seq10
1269,9,/mnt/Info/COGAR_DATASETs/OCID-dataset/ARID20/floor/top/seq10/rgb/result_2018-08-20-14-27-53.png,/mnt/Info/COGAR_DATASETs/OCID-dataset/ARID20/floor/top/seq10/label/result_2018-08-20-14-27-53.png,result_2018-08-20-14-27-53.png,ARID20/floor/top/seq10,ARID20,floor,top,seq10,seq10
1270,10,/mnt/Info/COGAR_DATASETs/OCID-dataset/ARID20/floor/top/seq10/rgb/result_2018-08-20-14-28-33.png,/mnt/Info/COGAR_DATASETs/OCID-dataset/ARID20/floor/top/seq10/label/result_2018-08-20-14-28-33.png,result_2018-08-20-14-28-33.png,ARID20/floor/top/seq10,ARID20,floor,top,seq10,seq10
1271,11,/mnt/Info/COGAR_DATASETs/OCID-dataset/ARID20/floor/top/seq10/rgb/result_2018-08-20-14-29-01.png,/mnt/Info/COGAR_DATASETs/OCID-dataset/ARID20/floor/top/seq10/label/result_2018-08-20-14-29-01.png,result_2018-08-20-14-29-01.png,ARID20/floor/top/seq10,ARID20,floor,top,seq10,seq10
1272,12,/mnt/Info/COGAR_DATASETs/OCID-dataset/ARID20/floor/top/seq10/rgb/result_2018-08-20-14-29-31.png,/mnt/Info/COGAR_DATASETs/OCID-dataset/ARID20/floor/top/seq10/label/result_2018-08-20-14-29-31.png,result_2018-08-20-14-29-31.png,ARID20/floor/top/seq10,ARID20,floor,top,seq10,seq10
1273,13,/mnt/Info/COGAR_DATASETs/OCID-dataset/ARID20/floor/top/seq10/rgb/result_2018-08-20-14-30-06.png,/mnt/Info/COGAR_DATASETs/OCID-dataset/ARID20/floor/top/seq10/label/result_2018-08-20-14-30-06.png,result_2018-08-20-14-30-06.png,ARID20/floor/top/seq10,ARID20,floor,top,seq10,seq10
1274,14,/mnt/Info/COGAR_DATASETs/OCID-dataset/ARID20/floor/top/seq10/rgb/result_2018-08-20-14-30-39.png,/mnt/Info/COGAR_DATASETs/OCID-dataset/ARID20/floor/top/seq10/label/result_2018-08-20-14-30-39.png,result_2018-08-20-14-30-39.png,ARID20/floor/top/seq10,ARID20,floor,top,seq10,seq10
1275,15,/mnt/Info/COGAR_DATASETs/OCID-dataset/ARID20/floor/top/seq10/rgb/result_2018-08-20-14-31-10.png,/mnt/Info/COGAR_DATASETs/OCID-dataset/ARID20/floor/top/seq10/label/result_2018-08-20-14-31-10.png,result_2018-08-20-14-31-10.png,ARID20/floor/top/seq10,ARID20,floor,top,seq10,seq10
1276,16,/mnt/Info/COGAR_DATASETs/OCID-dataset/ARID20/floor/top/seq10/rgb/result_2018-08-20-14-33-31.png,/mnt/Info/COGAR_DATASETs/OCID-dataset/ARID20/floor/top/seq10/label/result_2018-08-20-14-33-31.png,result_2018-08-20-14-33-31.png,ARID20/floor/top/seq10,ARID20,floor,top,seq10,seq10
1277,17,/mnt/Info/COGAR_DATASETs/OCID-dataset/ARID20/floor/top/seq10/rgb/result_2018-08-20-14-34-01.png,/mnt/Info/COGAR_DATASETs/OCID-dataset/ARID20/floor/top/seq10/label/result_2018-08-20-14-34-01.png,result_2018-08-20-14-34-01.png,ARID20/floor/top/seq10,ARID20,floor,top,seq10,seq10
1278,18,/mnt/Info/COGAR_DATASETs/OCID-dataset/ARID20/floor/top/seq10/rgb/result_2018-08-20-14-34-45.png,/mnt/Info/COGAR_DATASETs/OCID-dataset/ARID20/floor/top/seq10/label/result_2018-08-20-14-34-45.png,result_2018-08-20-14-34-45.png,ARID20/floor/top/seq10,ARID20,floor,top,seq10,seq10
1279,19,/mnt/Info/COGAR_DATASETs/OCID-dataset/ARID20/floor/top/seq10/rgb/result_2018-08-20-14-36-02.png,/mnt/Info/COGAR_DATASETs/OCID-dataset/ARID20/floor/top/seq10/label/result_2018-08-20-14-36-02.png,result_2018-08-20-14-36-02.png,ARID20/floor/top/seq10,ARID20,floor,top,seq10,seq10
1280,0,/mnt/Info/COGAR_DATASETs/OCID-dataset/ARID20/floor/top/seq11/rgb/result_2018-08-20-14-41-08.png,/mnt/Info/COGAR_DATASETs/OCID-dataset/ARID20/floor/top/seq11/label/result_2018-08-20-14-41-08.png,result_2018-08-20-14-41-08.png,ARID20/floor/top/seq11,ARID20,floor,top,seq11,seq11
1281,1,/mnt/Info/COGAR_DATASETs/OCID-dataset/ARID20/floor/top/seq11/rgb/result_2018-08-20-14-41-33.png,/mnt/Info/COGAR_DATASETs/OCID-dataset/ARID20/floor/top/seq11/label/result_2018-08-20-14-41-33.png,result_2018-08-20-14-41-33.png,ARID20/floor/top/seq11,ARID20,floor,top,seq11,seq11
1282,2,/mnt/Info/COGAR_DATASETs/OCID-dataset/ARID20/floor/top/seq11/rgb/result_2018-08-20-14-42-19.png,/mnt/Info/COGAR_DATASETs/OCID-dataset/ARID20/floor/top/seq11/label/result_2018-08-20-14-42-19.png,result_2018-08-20-14-42-19.png,ARID20/floor/top/seq11,ARID20,floor,top,seq11,seq11
1283,3,/mnt/Info/COGAR_DATASETs/OCID-dataset/ARID20/floor/top/seq11/rgb/result_2018-08-20-14-42-45.png,/mnt/Info/COGAR_DATASETs/OCID-dataset/ARID20/floor/top/seq11/label/result_2018-08-20-14-42-45.png,result_2018-08-20-14-42-45.png,ARID20/floor/top/seq11,ARID20,floor,top,seq11,seq11
1284,4,/mnt/Info/COGAR_DATASETs/OCID-dataset/ARID20/floor/top/seq11/rgb/result_2018-08-20-14-43-27.png,/mnt/Info/COGAR_DATASETs/OCID-dataset/ARID20/floor/top/seq11/label/result_2018-08-20-14-43-27.png,result_2018-08-20-14-43-27.png,ARID20/floor/top/seq11,ARID20,floor,top,seq11,seq11
1285,5,/mnt/Info/COGAR_DATASETs/OCID-dataset/ARID20/floor/top/seq11/rgb/result_2018-08-20-14-43-58.png,/mnt/Info/COGAR_DATASETs/OCID-dataset/ARID20/floor/top/seq11/label/result_2018-08-20-14-43-58.png,result_2018-08-20-14-43-58.png,ARID20/floor/top/seq11,ARID20,floor,top,seq11,seq11
1286,6,/mnt/Info/COGAR_DATASETs/OCID-dataset/ARID20/floor/top/seq11/rgb/result_2018-08-20-14-44-30.png,/mnt/Info/COGAR_DATASETs/OCID-dataset/ARID20/floor/top/seq11/label/result_2018-08-20-14-44-30.png,result_2018-08-20-14-44-30.png,ARID20/floor/top/seq11,ARID20,floor,top,seq11,seq11
1287,7,/mnt/Info/COGAR_DATASETs/OCID-dataset/ARID20/floor/top/seq11/rgb/result_2018-08-20-14-44-57.png,/mnt/Info/COGAR_DATASETs/OCID-dataset/ARID20/floor/top/seq11/label/result_2018-08-20-14-44-57.png,result_2018-08-20-14-44-57.png,ARID20/floor/top/seq11,ARID20,floor,top,seq11,seq11
1288,8,/mnt/Info/COGAR_DATASETs/OCID-dataset/ARID20/floor/top/seq11/rgb/result_2018-08-20-14-45-27.png,/mnt/Info/COGAR_DATASETs/OCID-dataset/ARID20/floor/top/seq11/label/result_2018-08-20-14-45-27.png,result_2018-08-20-14-45-27.png,ARID20/floor/top/seq11,ARID20,floor,top,seq11,seq11
1289,9,/mnt/Info/COGAR_DATASETs/OCID-dataset/ARID20/floor/top/seq11/rgb/result_2018-08-20-14-46-07.png,/mnt/Info/COGAR_DATASETs/OCID-dataset/ARID20/floor/top/seq11/label/result_2018-08-20-14-46-07.png,result_2018-08-20-14-46-07.png,ARID20/floor/top/seq11,ARID20,floor,top,seq11,seq11
1290,10,/mnt/Info/COGAR_DATASETs/OCID-dataset/ARID20/floor/top/seq11/rgb/result_2018-08-20-14-46-34.png,/mnt/Info/COGAR_DATASETs/OCID-dataset/ARID20/floor/top/seq11/label/result_2018-08-20-14-46-34.png,result_2018-08-20-14-46-34.png,ARID20/floor/top/seq11,ARID20,floor,top,seq11,seq11
1291,11,/mnt/Info/COGAR_DATASETs/OCID-dataset/ARID20/floor/top/seq11/rgb/result_2018-08-20-14-47-24.png,/mnt/Info/COGAR_DATASETs/OCID-dataset/ARID20/floor/top/seq11/label/result_2018-08-20-14-47-24.png,result_2018-08-20-14-47-24.png,ARID20/floor/top/seq11,ARID20,floor,top,seq11,seq11
1292,12,/mnt/Info/COGAR_DATASETs/OCID-dataset/ARID20/floor/top/seq11/rgb/result_2018-08-20-14-47-55.png,/mnt/Info/COGAR_DATASETs/OCID-dataset/ARID20/floor/top/seq11/label/result_2018-08-20-14-47-55.png,result_2018-08-20-14-47-55.png,ARID20/floor/top/seq11,ARID20,floor,top,seq11,seq11
1293,13,/mnt/Info/COGAR_DATASETs/OCID-dataset/ARID20/floor/top/seq11/rgb/result_2018-08-20-14-48-40.png,/mnt/Info/COGAR_DATASETs/OCID-dataset/ARID20/floor/top/seq11/label/result_2018-08-20-14-48-40.png,result_2018-08-20-14-48-40.png,ARID20/floor/top/seq11,ARID20,floor,top,seq11,seq11
1294,14,/mnt/Info/COGAR_DATASETs/OCID-dataset/ARID20/floor/top/seq11/rgb/result_2018-08-20-14-49-10.png,/mnt/Info/COGAR_DATASETs/OCID-dataset/ARID20/floor/top/seq11/label/result_2018-08-20-14-49-10.png,result_2018-08-20-14-49-10.png,ARID20/floor/top/seq11,ARID20,floor,top,seq11,seq11
1295,15,/mnt/Info/COGAR_DATASETs/OCID-dataset/ARID20/floor/top/seq11/rgb/result_2018-08-20-14-49-44.png,/mnt/Info/COGAR_DATASETs/OCID-dataset/ARID20/floor/top/seq11/label/result_2018-08-20-14-49-44.png,result_2018-08-20-14-49-44.png,ARID20/floor/top/seq11,ARID20,floor,top,seq11,seq11
1296,16,/mnt/Info/COGAR_DATASETs/OCID-dataset/ARID20/floor/top/seq11/rgb/result_2018-08-20-14-50-19.png,/mnt/Info/COGAR_DATASETs/OCID-dataset/ARID20/floor/top/seq11/label/result_2018-08-20-14-50-19.png,result_2018-08-20-14-50-19.png,ARID20/floor/top/seq11,ARID20,floor,top,seq11,seq11
1297,17,/mnt/Info/COGAR_DATASETs/OCID-dataset/ARID20/floor/top/seq11/rgb/result_2018-08-20-14-51-22.png,/mnt/Info/COGAR_DATASETs/OCID-dataset/ARID20/floor/top/seq11/label/result_2018-08-20-14-51-22.png,result_2018-08-20-14-51-22.png,ARID20/floor/top/seq11,ARID20,floor,top,seq11,seq11
1298,18,/mnt/Info/COGAR_DATASETs/OCID-dataset/ARID20/floor/top/seq11/rgb/result_2018-08-20-14-52-04.png,/mnt/Info/COGAR_DATASETs/OCID-dataset/ARID20/floor/top/seq11/label/result_2018-08-20-14-52-04.png,result_2018-08-20-14-52-04.png,ARID20/floor/top/seq11,ARID20,floor,top,seq11,seq11
1299,19,/mnt/Info/COGAR_DATASETs/OCID-dataset/ARID20/floor/top/seq11/rgb/result_2018-08-20-14-52-46.png,/mnt/Info/COGAR_DATASETs/OCID-dataset/ARID20/floor/top/seq11/label/result_2018-08-20-14-52-46.png,result_2018-08-20-14-52-46.png,ARID20/floor/top/seq11,ARID20,floor,top,seq11,seq11
1300,0,/mnt/Info/COGAR_DATASETs/OCID-dataset/ARID20/floor/top/seq12/rgb/result_2018-08-20-14-56-09.png,/mnt/Info/COGAR_DATASETs/OCID-dataset/ARID20/floor/top/seq12/label/result_2018-08-20-14-56-09.png,result_2018-08-20-14-56-09.png,ARID20/floor/top/seq12,ARID20,floor,top,seq12,seq12
1301,1,/mnt/Info/COGAR_DATASETs/OCID-dataset/ARID20/floor/top/seq12/rgb/result_2018-08-20-14-56-43.png,/mnt/Info/COGAR_DATASETs/OCID-dataset/ARID20/floor/top/seq12/label/result_2018-08-20-14-56-43.png,result_2018-08-20-14-56-43.png,ARID20/floor/top/seq12,ARID20,floor,top,seq12,seq12
1302,2,/mnt/Info/COGAR_DATASETs/OCID-dataset/ARID20/floor/top/seq12/rgb/result_2018-08-20-14-57-18.png,/mnt/Info/COGAR_DATASETs/OCID-dataset/ARID20/floor/top/seq12/label/result_2018-08-20-14-57-18.png,result_2018-08-20-14-57-18.png,ARID20/floor/top/seq12,ARID20,floor,top,seq12,seq12
1303,3,/mnt/Info/COGAR_DATASETs/OCID-dataset/ARID20/floor/top/seq12/rgb/result_2018-08-20-14-57-51.png,/mnt/Info/COGAR_DATASETs/OCID-dataset/ARID20/floor/top/seq12/label/result_2018-08-20-14-57-51.png,result_2018-08-20-14-57-51.png,ARID20/floor/top/seq12,ARID20,floor,top,seq12,seq12
1304,4,/mnt/Info/COGAR_DATASETs/OCID-dataset/ARID20/floor/top/seq12/rgb/result_2018-08-20-14-58-21.png,/mnt/Info/COGAR_DATASETs/OCID-dataset/ARID20/floor/top/seq12/label/result_2018-08-20-14-58-21.png,result_2018-08-20-14-58-21.png,ARID20/floor/top/seq12,ARID20,floor,top,seq12,seq12
1305,5,/mnt/Info/COGAR_DATASETs/OCID-dataset/ARID20/floor/top/seq12/rgb/result_2018-08-20-14-58-57.png,/mnt/Info/COGAR_DATASETs/OCID-dataset/ARID20/floor/top/seq12/label/result_2018-08-20-14-58-57.png,result_2018-08-20-14-58-57.png,ARID20/floor/top/seq12,ARID20,floor,top,seq12,seq12
1306,6,/mnt/Info/COGAR_DATASETs/OCID-dataset/ARID20/floor/top/seq12/rgb/result_2018-08-20-14-59-24.png,/mnt/Info/COGAR_DATASETs/OCID-dataset/ARID20/floor/top/seq12/label/result_2018-08-20-14-59-24.png,result_2018-08-20-14-59-24.png,ARID20/floor/top/seq12,ARID20,floor,top,seq12,seq12
1307,7,/mnt/Info/COGAR_DATASETs/OCID-dataset/ARID20/floor/top/seq12/rgb/result_2018-08-20-14-59-58.png,/mnt/Info/COGAR_DATASETs/OCID-dataset/ARID20/floor/top/seq12/label/result_2018-08-20-14-59-58.png,result_2018-08-20-14-59-58.png,ARID20/floor/top/seq12,ARID20,floor,top,seq12,seq12
1308,8,/mnt/Info/COGAR_DATASETs/OCID-dataset/ARID20/floor/top/seq12/rgb/result_2018-08-20-15-00-29.png,/mnt/Info/COGAR_DATASETs/OCID-dataset/ARID20/floor/top/seq12/label/result_2018-08-20-15-00-29.png,result_2018-08-20-15-00-29.png,ARID20/floor/top/seq12,ARID20,floor,top,seq12,seq12
1309,9,/mnt/Info/COGAR_DATASETs/OCID-dataset/ARID20/floor/top/seq12/rgb/result_2018-08-20-15-01-08.png,/mnt/Info/COGAR_DATASETs/OCID-dataset/ARID20/floor/top/seq12/label/result_2018-08-20-15-01-08.png,result_2018-08-20-15-01-08.png,ARID20/floor/top/seq12,ARID20,floor,top,seq12,seq12
1310,10,/mnt/Info/COGAR_DATASETs/OCID-dataset/ARID20/floor/top/seq12/rgb/result_2018-08-20-15-01-41.png,/mnt/Info/COGAR_DATASETs/OCID-dataset/ARID20/floor/top/seq12/label/result_2018-08-20-15-01-41.png,result_2018-08-20-15-01-41.png,ARID20/floor/top/seq12,ARID20,floor,top,seq12,seq12
1311,11,/mnt/Info/COGAR_DATASETs/OCID-dataset/ARID20/floor/top/seq12/rgb/result_2018-08-20-15-03-01.png,/mnt/Info/COGAR_DATASETs/OCID-dataset/ARID20/floor/top/seq12/label/result_2018-08-20-15-03-01.png,result_2018-08-20-15-03-01.png,ARID20/floor/top/seq12,ARID20,floor,top,seq12,seq12
1312,12,/mnt/Info/COGAR_DATASETs/OCID-dataset/ARID20/floor/top/seq12/rgb/result_2018-08-20-15-04-25.png,/mnt/Info/COGAR_DATASETs/OCID-dataset/ARID20/floor/top/seq12/label/result_2018-08-20-15-04-25.png,result_2018-08-20-15-04-25.png,ARID20/floor/top/seq12,ARID20,floor,top,seq12,seq12
1313,13,/mnt/Info/COGAR_DATASETs/OCID-dataset/ARID20/floor/top/seq12/rgb/result_2018-08-20-15-04-53.png,/mnt/Info/COGAR_DATASETs/OCID-dataset/ARID20/floor/top/seq12/label/result_2018-08-20-15-04-53.png,result_2018-08-20-15-04-53.png,ARID20/floor/top/seq12,ARID20,floor,top,seq12,seq12
1314,14,/mnt/Info/COGAR_DATASETs/OCID-dataset/ARID20/floor/top/seq12/rgb/result_2018-08-20-15-05-22.png,/mnt/Info/COGAR_DATASETs/OCID-dataset/ARID20/floor/top/seq12/label/result_2018-08-20-15-05-22.png,result_2018-08-20-15-05-22.png,ARID20/floor/top/seq12,ARID20,floor,top,seq12,seq12
1315,15,/mnt/Info/COGAR_DATASETs/OCID-dataset/ARID20/floor/top/seq12/rgb/result_2018-08-20-15-06-17.png,/mnt/Info/COGAR_DATASETs/OCID-dataset/ARID20/floor/top/seq12/label/result_2018-08-20-15-06-17.png,result_2018-08-20-15-06-17.png,ARID20/floor/top/seq12,ARID20,floor,top,seq12,seq12
1316,16,/mnt/Info/COGAR_DATASETs/OCID-dataset/ARID20/floor/top/seq12/rgb/result_2018-08-20-15-07-00.png,/mnt/Info/COGAR_DATASETs/OCID-dataset/ARID20/floor/top/seq12/label/result_2018-08-20-15-07-00.png,result_2018-08-20-15-07-00.png,ARID20/floor/top/seq12,ARID20,floor,top,seq12,seq12
1317,17,/mnt/Info/COGAR_DATASETs/OCID-dataset/ARID20/floor/top/seq12/rgb/result_2018-08-20-15-07-53.png,/mnt/Info/COGAR_DATASETs/OCID-dataset/ARID20/floor/top/seq12/label/result_2018-08-20-15-07-53.png,result_2018-08-20-15-07-53.png,ARID20/floor/top/seq12,ARID20,floor,top,seq12,seq12
1318,18,/mnt/Info/COGAR_DATASETs/OCID-dataset/ARID20/floor/top/seq12/rgb/result_2018-08-20-15-08-40.png,/mnt/Info/COGAR_DATASETs/OCID-dataset/ARID20/floor/top/seq12/label/result_2018-08-20-15-08-40.png,result_2018-08-20-15-08-40.png,ARID20/floor/top/seq12,ARID20,floor,top,seq12,seq12
1319,19,/mnt/Info/COGAR_DATASETs/OCID-dataset/ARID20/floor/top/seq12/rgb/result_2018-08-20-15-10-05.png,/mnt/Info/COGAR_DATASETs/OCID-dataset/ARID20/floor/top/seq12/label/result_2018-08-20-15-10-05.png,result_2018-08-20-15-10-05.png,ARID20/floor/top/seq12,ARID20,floor,top,seq12,seq12
1320,0,/mnt/Info/COGAR_DATASETs/OCID-dataset/ARID20/floor/top/seq13/rgb/result_2018-08-24-16-29-29.png,/mnt/Info/COGAR_DATASETs/OCID-dataset/ARID20/floor/top/seq13/label/result_2018-08-24-16-29-29.png,result_2018-08-24-16-29-29.png,ARID20/floor/top/seq13,ARID20,floor,top,seq13,seq13
1321,1,/mnt/Info/COGAR_DATASETs/OCID-dataset/ARID20/floor/top/seq13/rgb/result_2018-08-24-16-29-51.png,/mnt/Info/COGAR_DATASETs/OCID-dataset/ARID20/floor/top/seq13/label/result_2018-08-24-16-29-51.png,result_2018-08-24-16-29-51.png,ARID20/floor/top/seq13,ARID20,floor,top,seq13,seq13
1322,2,/mnt/Info/COGAR_DATASETs/OCID-dataset/ARID20/floor/top/seq13/rgb/result_2018-08-24-16-30-18.png,/mnt/Info/COGAR_DATASETs/OCID-dataset/ARID20/floor/top/seq13/label/result_2018-08-24-16-30-18.png,result_2018-08-24-16-30-18.png,ARID20/floor/top/seq13,ARID20,floor,top,seq13,seq13
1323,3,/mnt/Info/COGAR_DATASETs/OCID-dataset/ARID20/floor/top/seq13/rgb/result_2018-08-24-16-30-38.png,/mnt/Info/COGAR_DATASETs/OCID-dataset/ARID20/floor/top/seq13/label/result_2018-08-24-16-30-38.png,result_2018-08-24-16-30-38.png,ARID20/floor/top/seq13,ARID20,floor,top,seq13,seq13
1324,4,/mnt/Info/COGAR_DATASETs/OCID-dataset/ARID20/floor/top/seq13/rgb/result_2018-08-24-16-31-08.png,/mnt/Info/COGAR_DATASETs/OCID-dataset/ARID20/floor/top/seq13/label/result_2018-08-24-16-31-08.png,result_2018-08-24-16-31-08.png,ARID20/floor/top/seq13,ARID20,floor,top,seq13,seq13
1325,5,/mnt/Info/COGAR_DATASETs/OCID-dataset/ARID20/floor/top/seq13/rgb/result_2018-08-24-16-31-29.png,/mnt/Info/COGAR_DATASETs/OCID-dataset/ARID20/floor/top/seq13/label/result_2018-08-24-16-31-29.png,result_2018-08-24-16-31-29.png,ARID20/floor/top/seq13,ARID20,floor,top,seq13,seq13
1326,6,/mnt/Info/COGAR_DATASETs/OCID-dataset/ARID20/floor/top/seq13/rgb/result_2018-08-24-16-31-52.png,/mnt/Info/COGAR_DATASETs/OCID-dataset/ARID20/floor/top/seq13/label/result_2018-08-24-16-31-52.png,result_2018-08-24-16-31-52.png,ARID20/floor/top/seq13,ARID20,floor,top,seq13,seq13
1327,7,/mnt/Info/COGAR_DATASETs/OCID-dataset/ARID20/floor/top/seq13/rgb/result_2018-08-24-16-32-14.png,/mnt/Info/COGAR_DATASETs/OCID-dataset/ARID20/floor/top/seq13/label/result_2018-08-24-16-32-14.png,result_2018-08-24-16-32-14.png,ARID20/floor/top/seq13,ARID20,floor,top,seq13,seq13
1328,8,/mnt/Info/COGAR_DATASETs/OCID-dataset/ARID20/floor/top/seq13/rgb/result_2018-08-24-16-32-40.png,/mnt/Info/COGAR_DATASETs/OCID-dataset/ARID20/floor/top/seq13/label/result_2018-08-24-16-32-40.png,result_2018-08-24-16-32-40.png,ARID20/floor/top/seq13,ARID20,floor,top,seq13,seq13
1329,9,/mnt/Info/COGAR_DATASETs/OCID-dataset/ARID20/floor/top/seq13/rgb/result_2018-08-24-16-33-10.png,/mnt/Info/COGAR_DATASETs/OCID-dataset/ARID20/floor/top/seq13/label/result_2018-08-24-16-33-10.png,result_2018-08-24-16-33-10.png,ARID20/floor/top/seq13,ARID20,floor,top,seq13,seq13
1330,10,/mnt/Info/COGAR_DATASETs/OCID-dataset/ARID20/floor/top/seq13/rgb/result_2018-08-24-16-33-35.png,/mnt/Info/COGAR_DATASETs/OCID-dataset/ARID20/floor/top/seq13/label/result_2018-08-24-16-33-35.png,result_2018-08-24-16-33-35.png,ARID20/floor/top/seq13,ARID20,floor,top,seq13,seq13
1331,11,/mnt/Info/COGAR_DATASETs/OCID-dataset/ARID20/floor/top/seq13/rgb/result_2018-08-24-16-34-19.png,/mnt/Info/COGAR_DATASETs/OCID-dataset/ARID20/floor/top/seq13/label/result_2018-08-24-16-34-19.png,result_2018-08-24-16-34-19.png,ARID20/floor/top/seq13,ARID20,floor,top,seq13,seq13
1332,12,/mnt/Info/COGAR_DATASETs/OCID-dataset/ARID20/floor/top/seq13/rgb/result_2018-08-24-16-35-06.png,/mnt/Info/COGAR_DATASETs/OCID-dataset/ARID20/floor/top/seq13/label/result_2018-08-24-16-35-06.png,result_2018-08-24-16-35-06.png,ARID20/floor/top/seq13,ARID20,floor,top,seq13,seq13
1333,13,/mnt/Info/COGAR_DATASETs/OCID-dataset/ARID20/floor/top/seq13/rgb/result_2018-08-24-16-35-48.png,/mnt/Info/COGAR_DATASETs/OCID-dataset/ARID20/floor/top/seq13/label/result_2018-08-24-16-35-48.png,result_2018-08-24-16-35-48.png,ARID20/floor/top/seq13,ARID20,floor,top,seq13,seq13
1334,14,/mnt/Info/COGAR_DATASETs/OCID-dataset/ARID20/floor/top/seq13/rgb/result_2018-08-24-16-36-17.png,/mnt/Info/COGAR_DATASETs/OCID-dataset/ARID20/floor/top/seq13/label/result_2018-08-24-16-36-17.png,result_2018-08-24-16-36-17.png,ARID20/floor/top/seq13,ARID20,floor,top,seq13,seq13
1335,15,/mnt/Info/COGAR_DATASETs/OCID-dataset/ARID20/floor/top/seq13/rgb/result_2018-08-24-16-36-42.png,/mnt/Info/COGAR_DATASETs/OCID-dataset/ARID20/floor/top/seq13/label/result_2018-08-24-16-36-42.png,result_2018-08-24-16-36-42.png,ARID20/floor/top/seq13,ARID20,floor,top,seq13,seq13
1336,16,/mnt/Info/COGAR_DATASETs/OCID-dataset/ARID20/floor/top/seq13/rgb/result_2018-08-24-16-37-20.png,/mnt/Info/COGAR_DATASETs/OCID-dataset/ARID20/floor/top/seq13/label/result_2018-08-24-16-37-20.png,result_2018-08-24-16-37-20.png,ARID20/floor/top/seq13,ARID20,floor,top,seq13,seq13
1337,17,/mnt/Info/COGAR_DATASETs/OCID-dataset/ARID20/floor/top/seq13/rgb/result_2018-08-24-16-37-44.png,/mnt/Info/COGAR_DATASETs/OCID-dataset/ARID20/floor/top/seq13/label/result_2018-08-24-16-37-44.png,result_2018-08-24-16-37-44.png,ARID20/floor/top/seq13,ARID20,floor,top,seq13,seq13
1338,18,/mnt/Info/COGAR_DATASETs/OCID-dataset/ARID20/floor/top/seq13/rgb/result_2018-08-24-16-38-04.png,/mnt/Info/COGAR_DATASETs/OCID-dataset/ARID20/floor/top/seq13/label/result_2018-08-24-16-38-04.png,result_2018-08-24-16-38-04.png,ARID20/floor/top/seq13,ARID20,floor,top,seq13,seq13
1339,19,/mnt/Info/COGAR_DATASETs/OCID-dataset/ARID20/floor/top/seq13/rgb/result_2018-08-24-16-38-39.png,/mnt/Info/COGAR_DATASETs/OCID-dataset/ARID20/floor/top/seq13/label/result_2018-08-24-16-38-39.png,result_2018-08-24-16-38-39.png,ARID20/floor/top/seq13,ARID20,floor,top,seq13,seq13
1340,0,/mnt/Info/COGAR_DATASETs/OCID-dataset/ARID20/table/bottom/seq01/rgb/result_2018-08-21-10-59-48.png,/mnt/Info/COGAR_DATASETs/OCID-dataset/ARID20/table/bottom/seq01/label/result_2018-08-21-10-59-48.png,result_2018-08-21-10-59-48.png,ARID20/table/bottom/seq01,ARID20,table,bottom,seq01,seq01
1341,1,/mnt/Info/COGAR_DATASETs/OCID-dataset/ARID20/table/bottom/seq01/rgb/result_2018-08-21-11-04-08.png,/mnt/Info/COGAR_DATASETs/OCID-dataset/ARID20/table/bottom/seq01/label/result_2018-08-21-11-04-08.png,result_2018-08-21-11-04-08.png,ARID20/table/bottom/seq01,ARID20,table,bottom,seq01,seq01
1342,2,/mnt/Info/COGAR_DATASETs/OCID-dataset/ARID20/table/bottom/seq01/rgb/result_2018-08-21-11-04-35.png,/mnt/Info/COGAR_DATASETs/OCID-dataset/ARID20/table/bottom/seq01/label/result_2018-08-21-11-04-35.png,result_2018-08-21-11-04-35.png,ARID20/table/bottom/seq01,ARID20,table,bottom,seq01,seq01
1343,3,/mnt/Info/COGAR_DATASETs/OCID-dataset/ARID20/table/bottom/seq01/rgb/result_2018-08-21-11-07-24.png,/mnt/Info/COGAR_DATASETs/OCID-dataset/ARID20/table/bottom/seq01/label/result_2018-08-21-11-07-24.png,result_2018-08-21-11-07-24.png,ARID20/table/bottom/seq01,ARID20,table,bottom,seq01,seq01
1344,4,/mnt/Info/COGAR_DATASETs/OCID-dataset/ARID20/table/bottom/seq01/rgb/result_2018-08-21-11-07-51.png,/mnt/Info/COGAR_DATASETs/OCID-dataset/ARID20/table/bottom/seq01/label/result_2018-08-21-11-07-51.png,result_2018-08-21-11-07-51.png,ARID20/table/bottom/seq01,ARID20,table,bottom,seq01,seq01
1345,5,/mnt/Info/COGAR_DATASETs/OCID-dataset/ARID20/table/bottom/seq01/rgb/result_2018-08-21-11-08-46.png,/mnt/Info/COGAR_DATASETs/OCID-dataset/ARID20/table/bottom/seq01/label/result_2018-08-21-11-08-46.png,result_2018-08-21-11-08-46.png,ARID20/table/bottom/seq01,ARID20,table,bottom,seq01,seq01
1346,6,/mnt/Info/COGAR_DATASETs/OCID-dataset/ARID20/table/bottom/seq01/rgb/result_2018-08-21-11-10-03.png,/mnt/Info/COGAR_DATASETs/OCID-dataset/ARID20/table/bottom/seq01/label/result_2018-08-21-11-10-03.png,result_2018-08-21-11-10-03.png,ARID20/table/bottom/seq01,ARID20,table,bottom,seq01,seq01
1347,7,/mnt/Info/COGAR_DATASETs/OCID-dataset/ARID20/table/bottom/seq01/rgb/result_2018-08-21-11-10-36.png,/mnt/Info/COGAR_DATASETs/OCID-dataset/ARID20/table/bottom/seq01/label/result_2018-08-21-11-10-36.png,result_2018-08-21-11-10-36.png,ARID20/table/bottom/seq01,ARID20,table,bottom,seq01,seq01
1348,8,/mnt/Info/COGAR_DATASETs/OCID-dataset/ARID20/table/bottom/seq01/rgb/result_2018-08-21-11-11-16.png,/mnt/Info/COGAR_DATASETs/OCID-dataset/ARID20/table/bottom/seq01/label/result_2018-08-21-11-11-16.png,result_2018-08-21-11-11-16.png,ARID20/table/bottom/seq01,ARID20,table,bottom,seq01,seq01
1349,9,/mnt/Info/COGAR_DATASETs/OCID-dataset/ARID20/table/bottom/seq01/rgb/result_2018-08-21-11-11-52.png,/mnt/Info/COGAR_DATASETs/OCID-dataset/ARID20/table/bottom/seq01/label/result_2018-08-21-11-11-52.png,result_2018-08-21-11-11-52.png,ARID20/table/bottom/seq01,ARID20,table,bottom,seq01,seq01
1350,10,/mnt/Info/COGAR_DATASETs/OCID-dataset/ARID20/table/bottom/seq01/rgb/result_2018-08-21-11-12-32.png,/mnt/Info/COGAR_DATASETs/OCID-dataset/ARID20/table/bottom/seq01/label/result_2018-08-21-11-12-32.png,result_2018-08-21-11-12-32.png,ARID20/table/bottom/seq01,ARID20,table,bottom,seq01,seq01
1351,11,/mnt/Info/COGAR_DATASETs/OCID-dataset/ARID20/table/bottom/seq01/rgb/result_2018-08-21-11-15-21.png,/mnt/Info/COGAR_DATASETs/OCID-dataset/ARID20/table/bottom/seq01/label/result_2018-08-21-11-15-21.png,result_2018-08-21-11-15-21.png,ARID20/table/bottom/seq01,ARID20,table,bottom,seq01,seq01
1352,12,/mnt/Info/COGAR_DATASETs/OCID-dataset/ARID20/table/bottom/seq01/rgb/result_2018-08-21-11-15-57.png,/mnt/Info/COGAR_DATASETs/OCID-dataset/ARID20/table/bottom/seq01/label/result_2018-08-21-11-15-57.png,result_2018-08-21-11-15-57.png,ARID20/table/bottom/seq01,ARID20,table,bottom,seq01,seq01
1353,13,/mnt/Info/COGAR_DATASETs/OCID-dataset/ARID20/table/bottom/seq01/rgb/result_2018-08-21-11-16-57.png,/mnt/Info/COGAR_DATASETs/OCID-dataset/ARID20/table/bottom/seq01/label/result_2018-08-21-11-16-57.png,result_2018-08-21-11-16-57.png,ARID20/table/bottom/seq01,ARID20,table,bottom,seq01,seq01
1354,14,/mnt/Info/COGAR_DATASETs/OCID-dataset/ARID20/table/bottom/seq01/rgb/result_2018-08-21-11-18-21.png,/mnt/Info/COGAR_DATASETs/OCID-dataset/ARID20/table/bottom/seq01/label/result_2018-08-21-11-18-21.png,result_2018-08-21-11-18-21.png,ARID20/table/bottom/seq01,ARID20,table,bottom,seq01,seq01
1355,15,/mnt/Info/COGAR_DATASETs/OCID-dataset/ARID20/table/bottom/seq01/rgb/result_2018-08-21-11-19-12.png,/mnt/Info/COGAR_DATASETs/OCID-dataset/ARID20/table/bottom/seq01/label/result_2018-08-21-11-19-12.png,result_2018-08-21-11-19-12.png,ARID20/table/bottom/seq01,ARID20,table,bottom,seq01,seq01
1356,16,/mnt/Info/COGAR_DATASETs/OCID-dataset/ARID20/table/bottom/seq01/rgb/result_2018-08-21-11-20-28.png,/mnt/Info/COGAR_DATASETs/OCID-dataset/ARID20/table/bottom/seq01/label/result_2018-08-21-11-20-28.png,result_2018-08-21-11-20-28.png,ARID20/table/bottom/seq01,ARID20,table,bottom,seq01,seq01
1357,17,/mnt/Info/COGAR_DATASETs/OCID-dataset/ARID20/table/bottom/seq01/rgb/result_2018-08-21-11-21-18.png,/mnt/Info/COGAR_DATASETs/OCID-dataset/ARID20/table/bottom/seq01/label/result_2018-08-21-11-21-18.png,result_2018-08-21-11-21-18.png,ARID20/table/bottom/seq01,ARID20,table,bottom,seq01,seq01
1358,18,/mnt/Info/COGAR_DATASETs/OCID-dataset/ARID20/table/bottom/seq01/rgb/result_2018-08-21-11-22-40.png,/mnt/Info/COGAR_DATASETs/OCID-dataset/ARID20/table/bottom/seq01/label/result_2018-08-21-11-22-40.png,result_2018-08-21-11-22-40.png,ARID20/table/bottom/seq01,ARID20,table,bottom,seq01,seq01
1359,19,/mnt/Info/COGAR_DATASETs/OCID-dataset/ARID20/table/bottom/seq01/rgb/result_2018-08-21-11-23-03.png,/mnt/Info/COGAR_DATASETs/OCID-dataset/ARID20/table/bottom/seq01/label/result_2018-08-21-11-23-03.png,result_2018-08-21-11-23-03.png,ARID20/table/bottom/seq01,ARID20,table,bottom,seq01,seq01
1360,20,/mnt/Info/COGAR_DATASETs/OCID-dataset/ARID20/table/bottom/seq01/rgb/result_2018-08-21-11-23-45.png,/mnt/Info/COGAR_DATASETs/OCID-dataset/ARID20/table/bottom/seq01/label/result_2018-08-21-11-23-45.png,result_2018-08-21-11-23-45.png,ARID20/table/bottom/seq01,ARID20,table,bottom,seq01,seq01
1361,0,/mnt/Info/COGAR_DATASETs/OCID-dataset/ARID20/table/bottom/seq02/rgb/result_2018-08-21-11-26-34.png,/mnt/Info/COGAR_DATASETs/OCID-dataset/ARID20/table/bottom/seq02/label/result_2018-08-21-11-26-34.png,result_2018-08-21-11-26-34.png,ARID20/table/bottom/seq02,ARID20,table,bottom,seq02,seq02
1362,1,/mnt/Info/COGAR_DATASETs/OCID-dataset/ARID20/table/bottom/seq02/rgb/result_2018-08-21-11-30-15.png,/mnt/Info/COGAR_DATASETs/OCID-dataset/ARID20/table/bottom/seq02/label/result_2018-08-21-11-30-15.png,result_2018-08-21-11-30-15.png,ARID20/table/bottom/seq02,ARID20,table,bottom,seq02,seq02
1363,2,/mnt/Info/COGAR_DATASETs/OCID-dataset/ARID20/table/bottom/seq02/rgb/result_2018-08-21-11-31-18.png,/mnt/Info/COGAR_DATASETs/OCID-dataset/ARID20/table/bottom/seq02/label/result_2018-08-21-11-31-18.png,result_2018-08-21-11-31-18.png,ARID20/table/bottom/seq02,ARID20,table,bottom,seq02,seq02
1364,3,/mnt/Info/COGAR_DATASETs/OCID-dataset/ARID20/table/bottom/seq02/rgb/result_2018-08-21-11-31-48.png,/mnt/Info/COGAR_DATASETs/OCID-dataset/ARID20/table/bottom/seq02/label/result_2018-08-21-11-31-48.png,result_2018-08-21-11-31-48.png,ARID20/table/bottom/seq02,ARID20,table,bottom,seq02,seq02
1365,4,/mnt/Info/COGAR_DATASETs/OCID-dataset/ARID20/table/bottom/seq02/rgb/result_2018-08-21-11-32-18.png,/mnt/Info/COGAR_DATASETs/OCID-dataset/ARID20/table/bottom/seq02/label/result_2018-08-21-11-32-18.png,result_2018-08-21-11-32-18.png,ARID20/table/bottom/seq02,ARID20,table,bottom,seq02,seq02
1366,5,/mnt/Info/COGAR_DATASETs/OCID-dataset/ARID20/table/bottom/seq02/rgb/result_2018-08-21-11-33-00.png,/mnt/Info/COGAR_DATASETs/OCID-dataset/ARID20/table/bottom/seq02/label/result_2018-08-21-11-33-00.png,result_2018-08-21-11-33-00.png,ARID20/table/bottom/seq02,ARID20,table,bottom,seq02,seq02
1367,6,/mnt/Info/COGAR_DATASETs/OCID-dataset/ARID20/table/bottom/seq02/rgb/result_2018-08-21-11-33-58.png,/mnt/Info/COGAR_DATASETs/OCID-dataset/ARID20/table/bottom/seq02/label/result_2018-08-21-11-33-58.png,result_2018-08-21-11-33-58.png,ARID20/table/bottom/seq02,ARID20,table,bottom,seq02,seq02
1368,7,/mnt/Info/COGAR_DATASETs/OCID-dataset/ARID20/table/bottom/seq02/rgb/result_2018-08-21-11-34-48.png,/mnt/Info/COGAR_DATASETs/OCID-dataset/ARID20/table/bottom/seq02/label/result_2018-08-21-11-34-48.png,result_2018-08-21-11-34-48.png,ARID20/table/bottom/seq02,ARID20,table,bottom,seq02,seq02
1369,8,/mnt/Info/COGAR_DATASETs/OCID-dataset/ARID20/table/bottom/seq02/rgb/result_2018-08-21-11-35-50.png,/mnt/Info/COGAR_DATASETs/OCID-dataset/ARID20/table/bottom/seq02/label/result_2018-08-21-11-35-50.png,result_2018-08-21-11-35-50.png,ARID20/table/bottom/seq02,ARID20,table,bottom,seq02,seq02
1370,9,/mnt/Info/COGAR_DATASETs/OCID-dataset/ARID20/table/bottom/seq02/rgb/result_2018-08-21-11-37-20.png,/mnt/Info/COGAR_DATASETs/OCID-dataset/ARID20/table/bottom/seq02/label/result_2018-08-21-11-37-20.png,result_2018-08-21-11-37-20.png,ARID20/table/bottom/seq02,ARID20,table,bottom,seq02,seq02
1371,10,/mnt/Info/COGAR_DATASETs/OCID-dataset/ARID20/table/bottom/seq02/rgb/result_2018-08-21-11-38-25.png,/mnt/Info/COGAR_DATASETs/OCID-dataset/ARID20/table/bottom/seq02/label/result_2018-08-21-11-38-25.png,result_2018-08-21-11-38-25.png,ARID20/table/bottom/seq02,ARID20,table,bottom,seq02,seq02
1372,11,/mnt/Info/COGAR_DATASETs/OCID-dataset/ARID20/table/bottom/seq02/rgb/result_2018-08-21-11-38-55.png,/mnt/Info/COGAR_DATASETs/OCID-dataset/ARID20/table/bottom/seq02/label/result_2018-08-21-11-38-55.png,result_2018-08-21-11-38-55.png,ARID20/table/bottom/seq02,ARID20,table,bottom,seq02,seq02
1373,12,/mnt/Info/COGAR_DATASETs/OCID-dataset/ARID20/table/bottom/seq02/rgb/result_2018-08-21-11-39-33.png,/mnt/Info/COGAR_DATASETs/OCID-dataset/ARID20/table/bottom/seq02/label/result_2018-08-21-11-39-33.png,result_2018-08-21-11-39-33.png,ARID20/table/bottom/seq02,ARID20,table,bottom,seq02,seq02
1374,13,/mnt/Info/COGAR_DATASETs/OCID-dataset/ARID20/table/bottom/seq02/rgb/result_2018-08-21-11-40-49.png,/mnt/Info/COGAR_DATASETs/OCID-dataset/ARID20/table/bottom/seq02/label/result_2018-08-21-11-40-49.png,result_2018-08-21-11-40-49.png,ARID20/table/bottom/seq02,ARID20,table,bottom,seq02,seq02
1375,14,/mnt/Info/COGAR_DATASETs/OCID-dataset/ARID20/table/bottom/seq02/rgb/result_2018-08-21-11-41-25.png,/mnt/Info/COGAR_DATASETs/OCID-dataset/ARID20/table/bottom/seq02/label/result_2018-08-21-11-41-25.png,result_2018-08-21-11-41-25.png,ARID20/table/bottom/seq02,ARID20,table,bottom,seq02,seq02
1376,15,/mnt/Info/COGAR_DATASETs/OCID-dataset/ARID20/table/bottom/seq02/rgb/result_2018-08-21-11-42-09.png,/mnt/Info/COGAR_DATASETs/OCID-dataset/ARID20/table/bottom/seq02/label/result_2018-08-21-11-42-09.png,result_2018-08-21-11-42-09.png,ARID20/table/bottom/seq02,ARID20,table,bottom,seq02,seq02
1377,16,/mnt/Info/COGAR_DATASETs/OCID-dataset/ARID20/table/bottom/seq02/rgb/result_2018-08-21-11-43-15.png,/mnt/Info/COGAR_DATASETs/OCID-dataset/ARID20/table/bottom/seq02/label/result_2018-08-21-11-43-15.png,result_2018-08-21-11-43-15.png,ARID20/table/bottom/seq02,ARID20,table,bottom,seq02,seq02
1378,17,/mnt/Info/COGAR_DATASETs/OCID-dataset/ARID20/table/bottom/seq02/rgb/result_2018-08-21-11-43-53.png,/mnt/Info/COGAR_DATASETs/OCID-dataset/ARID20/table/bottom/seq02/label/result_2018-08-21-11-43-53.png,result_2018-08-21-11-43-53.png,ARID20/table/bottom/seq02,ARID20,table,bottom,seq02,seq02
1379,18,/mnt/Info/COGAR_DATASETs/OCID-dataset/ARID20/table/bottom/seq02/rgb/result_2018-08-21-11-44-32.png,/mnt/Info/COGAR_DATASETs/OCID-dataset/ARID20/table/bottom/seq02/label/result_2018-08-21-11-44-32.png,result_2018-08-21-11-44-32.png,ARID20/table/bottom/seq02,ARID20,table,bottom,seq02,seq02
1380,19,/mnt/Info/COGAR_DATASETs/OCID-dataset/ARID20/table/bottom/seq02/rgb/result_2018-08-21-11-45-09.png,/mnt/Info/COGAR_DATASETs/OCID-dataset/ARID20/table/bottom/seq02/label/result_2018-08-21-11-45-09.png,result_2018-08-21-11-45-09.png,ARID20/table/bottom/seq02,ARID20,table,bottom,seq02,seq02
1381,20,/mnt/Info/COGAR_DATASETs/OCID-dataset/ARID20/table/bottom/seq02/rgb/result_2018-08-21-11-46-08.png,/mnt/Info/COGAR_DATASETs/OCID-dataset/ARID20/table/bottom/seq02/label/result_2018-08-21-11-46-08.png,result_2018-08-21-11-46-08.png,ARID20/table/bottom/seq02,ARID20,table,bottom,seq02,seq02
1382,0,/mnt/Info/COGAR_DATASETs/OCID-dataset/ARID20/table/bottom/seq03/rgb/result_2018-08-21-11-49-41.png,/mnt/Info/COGAR_DATASETs/OCID-dataset/ARID20/table/bottom/seq03/label/result_2018-08-21-11-49-41.png,result_2018-08-21-11-49-41.png,ARID20/table/bottom/seq03,ARID20,table,bottom,seq03,seq03
1383,1,/mnt/Info/COGAR_DATASETs/OCID-dataset/ARID20/table/bottom/seq03/rgb/result_2018-08-21-11-50-21.png,/mnt/Info/COGAR_DATASETs/OCID-dataset/ARID20/table/bottom/seq03/label/result_2018-08-21-11-50-21.png,result_2018-08-21-11-50-21.png,ARID20/table/bottom/seq03,ARID20,table,bottom,seq03,seq03
1384,2,/mnt/Info/COGAR_DATASETs/OCID-dataset/ARID20/table/bottom/seq03/rgb/result_2018-08-21-11-50-58.png,/mnt/Info/COGAR_DATASETs/OCID-dataset/ARID20/table/bottom/seq03/label/result_2018-08-21-11-50-58.png,result_2018-08-21-11-50-58.png,ARID20/table/bottom/seq03,ARID20,table,bottom,seq03,seq03
1385,3,/mnt/Info/COGAR_DATASETs/OCID-dataset/ARID20/table/bottom/seq03/rgb/result_2018-08-21-11-51-25.png,/mnt/Info/COGAR_DATASETs/OCID-dataset/ARID20/table/bottom/seq03/label/result_2018-08-21-11-51-25.png,result_2018-08-21-11-51-25.png,ARID20/table/bottom/seq03,ARID20,table,bottom,seq03,seq03
1386,4,/mnt/Info/COGAR_DATASETs/OCID-dataset/ARID20/table/bottom/seq03/rgb/result_2018-08-21-11-52-18.png,/mnt/Info/COGAR_DATASETs/OCID-dataset/ARID20/table/bottom/seq03/label/result_2018-08-21-11-52-18.png,result_2018-08-21-11-52-18.png,ARID20/table/bottom/seq03,ARID20,table,bottom,seq03,seq03
1387,5,/mnt/Info/COGAR_DATASETs/OCID-dataset/ARID20/table/bottom/seq03/rgb/result_2018-08-21-11-53-49.png,/mnt/Info/COGAR_DATASETs/OCID-dataset/ARID20/table/bottom/seq03/label/result_2018-08-21-11-53-49.png,result_2018-08-21-11-53-49.png,ARID20/table/bottom/seq03,ARID20,table,bottom,seq03,seq03
1388,6,/mnt/Info/COGAR_DATASETs/OCID-dataset/ARID20/table/bottom/seq03/rgb/result_2018-08-21-11-54-26.png,/mnt/Info/COGAR_DATASETs/OCID-dataset/ARID20/table/bottom/seq03/label/result_2018-08-21-11-54-26.png,result_2018-08-21-11-54-26.png,ARID20/table/bottom/seq03,ARID20,table,bottom,seq03,seq03
1389,7,/mnt/Info/COGAR_DATASETs/OCID-dataset/ARID20/table/bottom/seq03/rgb/result_2018-08-21-11-54-59.png,/mnt/Info/COGAR_DATASETs/OCID-dataset/ARID20/table/bottom/seq03/label/result_2018-08-21-11-54-59.png,result_2018-08-21-11-54-59.png,ARID20/table/bottom/seq03,ARID20,table,bottom,seq03,seq03
1390,8,/mnt/Info/COGAR_DATASETs/OCID-dataset/ARID20/table/bottom/seq03/rgb/result_2018-08-21-11-56-06.png,/mnt/Info/COGAR_DATASETs/OCID-dataset/ARID20/table/bottom/seq03/label/result_2018-08-21-11-56-06.png,result_2018-08-21-11-56-06.png,ARID20/table/bottom/seq03,ARID20,table,bottom,seq03,seq03
1391,9,/mnt/Info/COGAR_DATASETs/OCID-dataset/ARID20/table/bottom/seq03/rgb/result_2018-08-21-11-56-35.png,/mnt/Info/COGAR_DATASETs/OCID-dataset/ARID20/table/bottom/seq03/label/result_2018-08-21-11-56-35.png,result_2018-08-21-11-56-35.png,ARID20/table/bottom/seq03,ARID20,table,bottom,seq03,seq03
1392,10,/mnt/Info/COGAR_DATASETs/OCID-dataset/ARID20/table/bottom/seq03/rgb/result_2018-08-21-11-57-19.png,/mnt/Info/COGAR_DATASETs/OCID-dataset/ARID20/table/bottom/seq03/label/result_2018-08-21-11-57-19.png,result_2018-08-21-11-57-19.png,ARID20/table/bottom/seq03,ARID20,table,bottom,seq03,seq03
1393,11,/mnt/Info/COGAR_DATASETs/OCID-dataset/ARID20/table/bottom/seq03/rgb/result_2018-08-21-11-57-45.png,/mnt/Info/COGAR_DATASETs/OCID-dataset/ARID20/table/bottom/seq03/label/result_2018-08-21-11-57-45.png,result_2018-08-21-11-57-45.png,ARID20/table/bottom/seq03,ARID20,table,bottom,seq03,seq03
1394,12,/mnt/Info/COGAR_DATASETs/OCID-dataset/ARID20/table/bottom/seq03/rgb/result_2018-08-21-11-58-38.png,/mnt/Info/COGAR_DATASETs/OCID-dataset/ARID20/table/bottom/seq03/label/result_2018-08-21-11-58-38.png,result_2018-08-21-11-58-38.png,ARID20/table/bottom/seq03,ARID20,table,bottom,seq03,seq03
1395,13,/mnt/Info/COGAR_DATASETs/OCID-dataset/ARID20/table/bottom/seq03/rgb/result_2018-08-21-11-59-37.png,/mnt/Info/COGAR_DATASETs/OCID-dataset/ARID20/table/bottom/seq03/label/result_2018-08-21-11-59-37.png,result_2018-08-21-11-59-37.png,ARID20/table/bottom/seq03,ARID20,table,bottom,seq03,seq03
1396,14,/mnt/Info/COGAR_DATASETs/OCID-dataset/ARID20/table/bottom/seq03/rgb/result_2018-08-21-12-00-24.png,/mnt/Info/COGAR_DATASETs/OCID-dataset/ARID20/table/bottom/seq03/label/result_2018-08-21-12-00-24.png,result_2018-08-21-12-00-24.png,ARID20/table/bottom/seq03,ARID20,table,bottom,seq03,seq03
1397,15,/mnt/Info/COGAR_DATASETs/OCID-dataset/ARID20/table/bottom/seq03/rgb/result_2018-08-21-12-01-29.png,/mnt/Info/COGAR_DATASETs/OCID-dataset/ARID20/table/bottom/seq03/label/result_2018-08-21-12-01-29.png,result_2018-08-21-12-01-29.png,ARID20/table/bottom/seq03,ARID20,table,bottom,seq03,seq03
1398,16,/mnt/Info/COGAR_DATASETs/OCID-dataset/ARID20/table/bottom/seq03/rgb/result_2018-08-21-12-02-37.png,/mnt/Info/COGAR_DATASETs/OCID-dataset/ARID20/table/bottom/seq03/label/result_2018-08-21-12-02-37.png,result_2018-08-21-12-02-37.png,ARID20/table/bottom/seq03,ARID20,table,bottom,seq03,seq03
1399,17,/mnt/Info/COGAR_DATASETs/OCID-dataset/ARID20/table/bottom/seq03/rgb/result_2018-08-21-12-03-03.png,/mnt/Info/COGAR_DATASETs/OCID-dataset/ARID20/table/bottom/seq03/label/result_2018-08-21-12-03-03.png,result_2018-08-21-12-03-03.png,ARID20/table/bottom/seq03,ARID20,table,bottom,seq03,seq03
1400,18,/mnt/Info/COGAR_DATASETs/OCID-dataset/ARID20/table/bottom/seq03/rgb/result_2018-08-21-12-03-46.png,/mnt/Info/COGAR_DATASETs/OCID-dataset/ARID20/table/bottom/seq03/label/result_2018-08-21-12-03-46.png,result_2018-08-21-12-03-46.png,ARID20/table/bottom/seq03,ARID20,table,bottom,seq03,seq03
1401,19,/mnt/Info/COGAR_DATASETs/OCID-dataset/ARID20/table/bottom/seq03/rgb/result_2018-08-21-12-04-51.png,/mnt/Info/COGAR_DATASETs/OCID-dataset/ARID20/table/bottom/seq03/label/result_2018-08-21-12-04-51.png,result_2018-08-21-12-04-51.png,ARID20/table/bottom/seq03,ARID20,table,bottom,seq03,seq03
1402,20,/mnt/Info/COGAR_DATASETs/OCID-dataset/ARID20/table/bottom/seq03/rgb/result_2018-08-21-12-05-51.png,/mnt/Info/COGAR_DATASETs/OCID-dataset/ARID20/table/bottom/seq03/label/result_2018-08-21-12-05-51.png,result_2018-08-21-12-05-51.png,ARID20/table/bottom/seq03,ARID20,table,bottom,seq03,seq03
1403,0,/mnt/Info/COGAR_DATASETs/OCID-dataset/ARID20/table/bottom/seq04/rgb/result_2018-08-21-12-09-10.png,/mnt/Info/COGAR_DATASETs/OCID-dataset/ARID20/table/bottom/seq04/label/result_2018-08-21-12-09-10.png,result_2018-08-21-12-09-10.png,ARID20/table/bottom/seq04,ARID20,table,bottom,seq04,seq04
1404,1,/mnt/Info/COGAR_DATASETs/OCID-dataset/ARID20/table/bottom/seq04/rgb/result_2018-08-21-12-09-42.png,/mnt/Info/COGAR_DATASETs/OCID-dataset/ARID20/table/bottom/seq04/label/result_2018-08-21-12-09-42.png,result_2018-08-21-12-09-42.png,ARID20/table/bottom/seq04,ARID20,table,bottom,seq04,seq04
1405,2,/mnt/Info/COGAR_DATASETs/OCID-dataset/ARID20/table/bottom/seq04/rgb/result_2018-08-21-12-10-18.png,/mnt/Info/COGAR_DATASETs/OCID-dataset/ARID20/table/bottom/seq04/label/result_2018-08-21-12-10-18.png,result_2018-08-21-12-10-18.png,ARID20/table/bottom/seq04,ARID20,table,bottom,seq04,seq04
1406,3,/mnt/Info/COGAR_DATASETs/OCID-dataset/ARID20/table/bottom/seq04/rgb/result_2018-08-21-12-11-36.png,/mnt/Info/COGAR_DATASETs/OCID-dataset/ARID20/table/bottom/seq04/label/result_2018-08-21-12-11-36.png,result_2018-08-21-12-11-36.png,ARID20/table/bottom/seq04,ARID20,table,bottom,seq04,seq04
1407,4,/mnt/Info/COGAR_DATASETs/OCID-dataset/ARID20/table/bottom/seq04/rgb/result_2018-08-21-12-12-22.png,/mnt/Info/COGAR_DATASETs/OCID-dataset/ARID20/table/bottom/seq04/label/result_2018-08-21-12-12-22.png,result_2018-08-21-12-12-22.png,ARID20/table/bottom/seq04,ARID20,table,bottom,seq04,seq04
1408,5,/mnt/Info/COGAR_DATASETs/OCID-dataset/ARID20/table/bottom/seq04/rgb/result_2018-08-21-12-12-55.png,/mnt/Info/COGAR_DATASETs/OCID-dataset/ARID20/table/bottom/seq04/label/result_2018-08-21-12-12-55.png,result_2018-08-21-12-12-55.png,ARID20/table/bottom/seq04,ARID20,table,bottom,seq04,seq04
1409,6,/mnt/Info/COGAR_DATASETs/OCID-dataset/ARID20/table/bottom/seq04/rgb/result_2018-08-21-12-15-21.png,/mnt/Info/COGAR_DATASETs/OCID-dataset/ARID20/table/bottom/seq04/label/result_2018-08-21-12-15-21.png,result_2018-08-21-12-15-21.png,ARID20/table/bottom/seq04,ARID20,table,bottom,seq04,seq04
1410,7,/mnt/Info/COGAR_DATASETs/OCID-dataset/ARID20/table/bottom/seq04/rgb/result_2018-08-21-12-15-51.png,/mnt/Info/COGAR_DATASETs/OCID-dataset/ARID20/table/bottom/seq04/label/result_2018-08-21-12-15-51.png,result_2018-08-21-12-15-51.png,ARID20/table/bottom/seq04,ARID20,table,bottom,seq04,seq04
1411,8,/mnt/Info/COGAR_DATASETs/OCID-dataset/ARID20/table/bottom/seq04/rgb/result_2018-08-21-12-16-18.png,/mnt/Info/COGAR_DATASETs/OCID-dataset/ARID20/table/bottom/seq04/label/result_2018-08-21-12-16-18.png,result_2018-08-21-12-16-18.png,ARID20/table/bottom/seq04,ARID20,table,bottom,seq04,seq04
1412,9,/mnt/Info/COGAR_DATASETs/OCID-dataset/ARID20/table/bottom/seq04/rgb/result_2018-08-21-12-16-48.png,/mnt/Info/COGAR_DATASETs/OCID-dataset/ARID20/table/bottom/seq04/label/result_2018-08-21-12-16-48.png,result_2018-08-21-12-16-48.png,ARID20/table/bottom/seq04,ARID20,table,bottom,seq04,seq04
1413,10,/mnt/Info/COGAR_DATASETs/OCID-dataset/ARID20/table/bottom/seq04/rgb/result_2018-08-21-12-17-18.png,/mnt/Info/COGAR_DATASETs/OCID-dataset/ARID20/table/bottom/seq04/label/result_2018-08-21-12-17-18.png,result_2018-08-21-12-17-18.png,ARID20/table/bottom/seq04,ARID20,table,bottom,seq04,seq04
1414,11,/mnt/Info/COGAR_DATASETs/OCID-dataset/ARID20/table/bottom/seq04/rgb/result_2018-08-21-12-17-54.png,/mnt/Info/COGAR_DATASETs/OCID-dataset/ARID20/table/bottom/seq04/label/result_2018-08-21-12-17-54.png,result_2018-08-21-12-17-54.png,ARID20/table/bottom/seq04,ARID20,table,bottom,seq04,seq04
1415,12,/mnt/Info/COGAR_DATASETs/OCID-dataset/ARID20/table/bottom/seq04/rgb/result_2018-08-21-12-18-52.png,/mnt/Info/COGAR_DATASETs/OCID-dataset/ARID20/table/bottom/seq04/label/result_2018-08-21-12-18-52.png,result_2018-08-21-12-18-52.png,ARID20/table/bottom/seq04,ARID20,table,bottom,seq04,seq04
1416,13,/mnt/Info/COGAR_DATASETs/OCID-dataset/ARID20/table/bottom/seq04/rgb/result_2018-08-21-12-19-40.png,/mnt/Info/COGAR_DATASETs/OCID-dataset/ARID20/table/bottom/seq04/label/result_2018-08-21-12-19-40.png,result_2018-08-21-12-19-40.png,ARID20/table/bottom/seq04,ARID20,table,bottom,seq04,seq04
1417,14,/mnt/Info/COGAR_DATASETs/OCID-dataset/ARID20/table/bottom/seq04/rgb/result_2018-08-21-12-20-15.png,/mnt/Info/COGAR_DATASETs/OCID-dataset/ARID20/table/bottom/seq04/label/result_2018-08-21-12-20-15.png,result_2018-08-21-12-20-15.png,ARID20/table/bottom/seq04,ARID20,table,bottom,seq04,seq04
1418,15,/mnt/Info/COGAR_DATASETs/OCID-dataset/ARID20/table/bottom/seq04/rgb/result_2018-08-21-12-20-58.png,/mnt/Info/COGAR_DATASETs/OCID-dataset/ARID20/table/bottom/seq04/label/result_2018-08-21-12-20-58.png,result_2018-08-21-12-20-58.png,ARID20/table/bottom/seq04,ARID20,table,bottom,seq04,seq04
1419,16,/mnt/Info/COGAR_DATASETs/OCID-dataset/ARID20/table/bottom/seq04/rgb/result_2018-08-21-12-21-45.png,/mnt/Info/COGAR_DATASETs/OCID-dataset/ARID20/table/bottom/seq04/label/result_2018-08-21-12-21-45.png,result_2018-08-21-12-21-45.png,ARID20/table/bottom/seq04,ARID20,table,bottom,seq04,seq04
1420,17,/mnt/Info/COGAR_DATASETs/OCID-dataset/ARID20/table/bottom/seq04/rgb/result_2018-08-21-12-22-25.png,/mnt/Info/COGAR_DATASETs/OCID-dataset/ARID20/table/bottom/seq04/label/result_2018-08-21-12-22-25.png,result_2018-08-21-12-22-25.png,ARID20/table/bottom/seq04,ARID20,table,bottom,seq04,seq04
1421,18,/mnt/Info/COGAR_DATASETs/OCID-dataset/ARID20/table/bottom/seq04/rgb/result_2018-08-21-12-24-00.png,/mnt/Info/COGAR_DATASETs/OCID-dataset/ARID20/table/bottom/seq04/label/result_2018-08-21-12-24-00.png,result_2018-08-21-12-24-00.png,ARID20/table/bottom/seq04,ARID20,table,bottom,seq04,seq04
1422,19,/mnt/Info/COGAR_DATASETs/OCID-dataset/ARID20/table/bottom/seq04/rgb/result_2018-08-21-12-24-58.png,/mnt/Info/COGAR_DATASETs/OCID-dataset/ARID20/table/bottom/seq04/label/result_2018-08-21-12-24-58.png,result_2018-08-21-12-24-58.png,ARID20/table/bottom/seq04,ARID20,table,bottom,seq04,seq04
1423,20,/mnt/Info/COGAR_DATASETs/OCID-dataset/ARID20/table/bottom/seq04/rgb/result_2018-08-21-12-26-22.png,/mnt/Info/COGAR_DATASETs/OCID-dataset/ARID20/table/bottom/seq04/label/result_2018-08-21-12-26-22.png,result_2018-08-21-12-26-22.png,ARID20/table/bottom/seq04,ARID20,table,bottom,seq04,seq04
1424,0,/mnt/Info/COGAR_DATASETs/OCID-dataset/ARID20/table/bottom/seq05/rgb/result_2018-08-21-13-28-42.png,/mnt/Info/COGAR_DATASETs/OCID-dataset/ARID20/table/bottom/seq05/label/result_2018-08-21-13-28-42.png,result_2018-08-21-13-28-42.png,ARID20/table/bottom/seq05,ARID20,table,bottom,seq05,seq05
1425,1,/mnt/Info/COGAR_DATASETs/OCID-dataset/ARID20/table/bottom/seq05/rgb/result_2018-08-21-13-29-12.png,/mnt/Info/COGAR_DATASETs/OCID-dataset/ARID20/table/bottom/seq05/label/result_2018-08-21-13-29-12.png,result_2018-08-21-13-29-12.png,ARID20/table/bottom/seq05,ARID20,table,bottom,seq05,seq05
1426,2,/mnt/Info/COGAR_DATASETs/OCID-dataset/ARID20/table/bottom/seq05/rgb/result_2018-08-21-13-29-47.png,/mnt/Info/COGAR_DATASETs/OCID-dataset/ARID20/table/bottom/seq05/label/result_2018-08-21-13-29-47.png,result_2018-08-21-13-29-47.png,ARID20/table/bottom/seq05,ARID20,table,bottom,seq05,seq05
1427,3,/mnt/Info/COGAR_DATASETs/OCID-dataset/ARID20/table/bottom/seq05/rgb/result_2018-08-21-13-30-10.png,/mnt/Info/COGAR_DATASETs/OCID-dataset/ARID20/table/bottom/seq05/label/result_2018-08-21-13-30-10.png,result_2018-08-21-13-30-10.png,ARID20/table/bottom/seq05,ARID20,table,bottom,seq05,seq05
1428,4,/mnt/Info/COGAR_DATASETs/OCID-dataset/ARID20/table/bottom/seq05/rgb/result_2018-08-21-13-30-33.png,/mnt/Info/COGAR_DATASETs/OCID-dataset/ARID20/table/bottom/seq05/label/result_2018-08-21-13-30-33.png,result_2018-08-21-13-30-33.png,ARID20/table/bottom/seq05,ARID20,table,bottom,seq05,seq05
1429,5,/mnt/Info/COGAR_DATASETs/OCID-dataset/ARID20/table/bottom/seq05/rgb/result_2018-08-21-13-31-02.png,/mnt/Info/COGAR_DATASETs/OCID-dataset/ARID20/table/bottom/seq05/label/result_2018-08-21-13-31-02.png,result_2018-08-21-13-31-02.png,ARID20/table/bottom/seq05,ARID20,table,bottom,seq05,seq05
1430,6,/mnt/Info/COGAR_DATASETs/OCID-dataset/ARID20/table/bottom/seq05/rgb/result_2018-08-21-13-31-47.png,/mnt/Info/COGAR_DATASETs/OCID-dataset/ARID20/table/bottom/seq05/label/result_2018-08-21-13-31-47.png,result_2018-08-21-13-31-47.png,ARID20/table/bottom/seq05,ARID20,table,bottom,seq05,seq05
1431,7,/mnt/Info/COGAR_DATASETs/OCID-dataset/ARID20/table/bottom/seq05/rgb/result_2018-08-21-13-32-39.png,/mnt/Info/COGAR_DATASETs/OCID-dataset/ARID20/table/bottom/seq05/label/result_2018-08-21-13-32-39.png,result_2018-08-21-13-32-39.png,ARID20/table/bottom/seq05,ARID20,table,bottom,seq05,seq05
1432,8,/mnt/Info/COGAR_DATASETs/OCID-dataset/ARID20/table/bottom/seq05/rgb/result_2018-08-21-13-33-02.png,/mnt/Info/COGAR_DATASETs/OCID-dataset/ARID20/table/bottom/seq05/label/result_2018-08-21-13-33-02.png,result_2018-08-21-13-33-02.png,ARID20/table/bottom/seq05,ARID20,table,bottom,seq05,seq05
1433,9,/mnt/Info/COGAR_DATASETs/OCID-dataset/ARID20/table/bottom/seq05/rgb/result_2018-08-21-13-33-26.png,/mnt/Info/COGAR_DATASETs/OCID-dataset/ARID20/table/bottom/seq05/label/result_2018-08-21-13-33-26.png,result_2018-08-21-13-33-26.png,ARID20/table/bottom/seq05,ARID20,table,bottom,seq05,seq05
1434,10,/mnt/Info/COGAR_DATASETs/OCID-dataset/ARID20/table/bottom/seq05/rgb/result_2018-08-21-13-33-51.png,/mnt/Info/COGAR_DATASETs/OCID-dataset/ARID20/table/bottom/seq05/label/result_2018-08-21-13-33-51.png,result_2018-08-21-13-33-51.png,ARID20/table/bottom/seq05,ARID20,table,bottom,seq05,seq05
1435,11,/mnt/Info/COGAR_DATASETs/OCID-dataset/ARID20/table/bottom/seq05/rgb/result_2018-08-21-13-34-34.png,/mnt/Info/COGAR_DATASETs/OCID-dataset/ARID20/table/bottom/seq05/label/result_2018-08-21-13-34-34.png,result_2018-08-21-13-34-34.png,ARID20/table/bottom/seq05,ARID20,table,bottom,seq05,seq05
1436,12,/mnt/Info/COGAR_DATASETs/OCID-dataset/ARID20/table/bottom/seq05/rgb/result_2018-08-21-13-35-04.png,/mnt/Info/COGAR_DATASETs/OCID-dataset/ARID20/table/bottom/seq05/label/result_2018-08-21-13-35-04.png,result_2018-08-21-13-35-04.png,ARID20/table/bottom/seq05,ARID20,table,bottom,seq05,seq05
1437,13,/mnt/Info/COGAR_DATASETs/OCID-dataset/ARID20/table/bottom/seq05/rgb/result_2018-08-21-13-35-45.png,/mnt/Info/COGAR_DATASETs/OCID-dataset/ARID20/table/bottom/seq05/label/result_2018-08-21-13-35-45.png,result_2018-08-21-13-35-45.png,ARID20/table/bottom/seq05,ARID20,table,bottom,seq05,seq05
1438,14,/mnt/Info/COGAR_DATASETs/OCID-dataset/ARID20/table/bottom/seq05/rgb/result_2018-08-21-13-36-09.png,/mnt/Info/COGAR_DATASETs/OCID-dataset/ARID20/table/bottom/seq05/label/result_2018-08-21-13-36-09.png,result_2018-08-21-13-36-09.png,ARID20/table/bottom/seq05,ARID20,table,bottom,seq05,seq05
1439,15,/mnt/Info/COGAR_DATASETs/OCID-dataset/ARID20/table/bottom/seq05/rgb/result_2018-08-21-13-36-55.png,/mnt/Info/COGAR_DATASETs/OCID-dataset/ARID20/table/bottom/seq05/label/result_2018-08-21-13-36-55.png,result_2018-08-21-13-36-55.png,ARID20/table/bottom/seq05,ARID20,table,bottom,seq05,seq05
1440,16,/mnt/Info/COGAR_DATASETs/OCID-dataset/ARID20/table/bottom/seq05/rgb/result_2018-08-21-13-37-57.png,/mnt/Info/COGAR_DATASETs/OCID-dataset/ARID20/table/bottom/seq05/label/result_2018-08-21-13-37-57.png,result_2018-08-21-13-37-57.png,ARID20/table/bottom/seq05,ARID20,table,bottom,seq05,seq05
1441,17,/mnt/Info/COGAR_DATASETs/OCID-dataset/ARID20/table/bottom/seq05/rgb/result_2018-08-21-13-39-09.png,/mnt/Info/COGAR_DATASETs/OCID-dataset/ARID20/table/bottom/seq05/label/result_2018-08-21-13-39-09.png,result_2018-08-21-13-39-09.png,ARID20/table/bottom/seq05,ARID20,table,bottom,seq05,seq05
1442,18,/mnt/Info/COGAR_DATASETs/OCID-dataset/ARID20/table/bottom/seq05/rgb/result_2018-08-21-13-39-32.png,/mnt/Info/COGAR_DATASETs/OCID-dataset/ARID20/table/bottom/seq05/label/result_2018-08-21-13-39-32.png,result_2018-08-21-13-39-32.png,ARID20/table/bottom/seq05,ARID20,table,bottom,seq05,seq05
1443,19,/mnt/Info/COGAR_DATASETs/OCID-dataset/ARID20/table/bottom/seq05/rgb/result_2018-08-21-13-40-56.png,/mnt/Info/COGAR_DATASETs/OCID-dataset/ARID20/table/bottom/seq05/label/result_2018-08-21-13-40-56.png,result_2018-08-21-13-40-56.png,ARID20/table/bottom/seq05,ARID20,table,bottom,seq05,seq05
1444,20,/mnt/Info/COGAR_DATASETs/OCID-dataset/ARID20/table/bottom/seq05/rgb/result_2018-08-21-13-41-36.png,/mnt/Info/COGAR_DATASETs/OCID-dataset/ARID20/table/bottom/seq05/label/result_2018-08-21-13-41-36.png,result_2018-08-21-13-41-36.png,ARID20/table/bottom/seq05,ARID20,table,bottom,seq05,seq05
1445,0,/mnt/Info/COGAR_DATASETs/OCID-dataset/ARID20/table/bottom/seq06/rgb/result_2018-08-21-13-47-41.png,/mnt/Info/COGAR_DATASETs/OCID-dataset/ARID20/table/bottom/seq06/label/result_2018-08-21-13-47-41.png,result_2018-08-21-13-47-41.png,ARID20/table/bottom/seq06,ARID20,table,bottom,seq06,seq06
1446,1,/mnt/Info/COGAR_DATASETs/OCID-dataset/ARID20/table/bottom/seq06/rgb/result_2018-08-21-13-48-15.png,/mnt/Info/COGAR_DATASETs/OCID-dataset/ARID20/table/bottom/seq06/label/result_2018-08-21-13-48-15.png,result_2018-08-21-13-48-15.png,ARID20/table/bottom/seq06,ARID20,table,bottom,seq06,seq06
1447,2,/mnt/Info/COGAR_DATASETs/OCID-dataset/ARID20/table/bottom/seq06/rgb/result_2018-08-21-13-48-47.png,/mnt/Info/COGAR_DATASETs/OCID-dataset/ARID20/table/bottom/seq06/label/result_2018-08-21-13-48-47.png,result_2018-08-21-13-48-47.png,ARID20/table/bottom/seq06,ARID20,table,bottom,seq06,seq06
1448,3,/mnt/Info/COGAR_DATASETs/OCID-dataset/ARID20/table/bottom/seq06/rgb/result_2018-08-21-13-49-17.png,/mnt/Info/COGAR_DATASETs/OCID-dataset/ARID20/table/bottom/seq06/label/result_2018-08-21-13-49-17.png,result_2018-08-21-13-49-17.png,ARID20/table/bottom/seq06,ARID20,table,bottom,seq06,seq06
1449,4,/mnt/Info/COGAR_DATASETs/OCID-dataset/ARID20/table/bottom/seq06/rgb/result_2018-08-21-13-49-43.png,/mnt/Info/COGAR_DATASETs/OCID-dataset/ARID20/table/bottom/seq06/label/result_2018-08-21-13-49-43.png,result_2018-08-21-13-49-43.png,ARID20/table/bottom/seq06,ARID20,table,bottom,seq06,seq06
1450,5,/mnt/Info/COGAR_DATASETs/OCID-dataset/ARID20/table/bottom/seq06/rgb/result_2018-08-21-13-50-22.png,/mnt/Info/COGAR_DATASETs/OCID-dataset/ARID20/table/bottom/seq06/label/result_2018-08-21-13-50-22.png,result_2018-08-21-13-50-22.png,ARID20/table/bottom/seq06,ARID20,table,bottom,seq06,seq06
1451,6,/mnt/Info/COGAR_DATASETs/OCID-dataset/ARID20/table/bottom/seq06/rgb/result_2018-08-21-13-50-52.png,/mnt/Info/COGAR_DATASETs/OCID-dataset/ARID20/table/bottom/seq06/label/result_2018-08-21-13-50-52.png,result_2018-08-21-13-50-52.png,ARID20/table/bottom/seq06,ARID20,table,bottom,seq06,seq06
1452,7,/mnt/Info/COGAR_DATASETs/OCID-dataset/ARID20/table/bottom/seq06/rgb/result_2018-08-21-13-51-33.png,/mnt/Info/COGAR_DATASETs/OCID-dataset/ARID20/table/bottom/seq06/label/result_2018-08-21-13-51-33.png,result_2018-08-21-13-51-33.png,ARID20/table/bottom/seq06,ARID20,table,bottom,seq06,seq06
1453,8,/mnt/Info/COGAR_DATASETs/OCID-dataset/ARID20/table/bottom/seq06/rgb/result_2018-08-21-13-51-59.png,/mnt/Info/COGAR_DATASETs/OCID-dataset/ARID20/table/bottom/seq06/label/result_2018-08-21-13-51-59.png,result_2018-08-21-13-51-59.png,ARID20/table/bottom/seq06,ARID20,table,bottom,seq06,seq06
1454,9,/mnt/Info/COGAR_DATASETs/OCID-dataset/ARID20/table/bottom/seq06/rgb/result_2018-08-21-13-52-23.png,/mnt/Info/COGAR_DATASETs/OCID-dataset/ARID20/table/bottom/seq06/label/result_2018-08-21-13-52-23.png,result_2018-08-21-13-52-23.png,ARID20/table/bottom/seq06,ARID20,table,bottom,seq06,seq06
1455,10,/mnt/Info/COGAR_DATASETs/OCID-dataset/ARID20/table/bottom/seq06/rgb/result_2018-08-21-13-53-23.png,/mnt/Info/COGAR_DATASETs/OCID-dataset/ARID20/table/bottom/seq06/label/result_2018-08-21-13-53-23.png,result_2018-08-21-13-53-23.png,ARID20/table/bottom/seq06,ARID20,table,bottom,seq06,seq06
1456,11,/mnt/Info/COGAR_DATASETs/OCID-dataset/ARID20/table/bottom/seq06/rgb/result_2018-08-21-13-53-56.png,/mnt/Info/COGAR_DATASETs/OCID-dataset/ARID20/table/bottom/seq06/label/result_2018-08-21-13-53-56.png,result_2018-08-21-13-53-56.png,ARID20/table/bottom/seq06,ARID20,table,bottom,seq06,seq06
1457,12,/mnt/Info/COGAR_DATASETs/OCID-dataset/ARID20/table/bottom/seq06/rgb/result_2018-08-21-13-54-24.png,/mnt/Info/COGAR_DATASETs/OCID-dataset/ARID20/table/bottom/seq06/label/result_2018-08-21-13-54-24.png,result_2018-08-21-13-54-24.png,ARID20/table/bottom/seq06,ARID20,table,bottom,seq06,seq06
1458,13,/mnt/Info/COGAR_DATASETs/OCID-dataset/ARID20/table/bottom/seq06/rgb/result_2018-08-21-13-54-51.png,/mnt/Info/COGAR_DATASETs/OCID-dataset/ARID20/table/bottom/seq06/label/result_2018-08-21-13-54-51.png,result_2018-08-21-13-54-51.png,ARID20/table/bottom/seq06,ARID20,table,bottom,seq06,seq06
1459,14,/mnt/Info/COGAR_DATASETs/OCID-dataset/ARID20/table/bottom/seq06/rgb/result_2018-08-21-13-55-20.png,/mnt/Info/COGAR_DATASETs/OCID-dataset/ARID20/table/bottom/seq06/label/result_2018-08-21-13-55-20.png,result_2018-08-21-13-55-20.png,ARID20/table/bottom/seq06,ARID20,table,bottom,seq06,seq06
1460,15,/mnt/Info/COGAR_DATASETs/OCID-dataset/ARID20/table/bottom/seq06/rgb/result_2018-08-21-13-55-49.png,/mnt/Info/COGAR_DATASETs/OCID-dataset/ARID20/table/bottom/seq06/label/result_2018-08-21-13-55-49.png,result_2018-08-21-13-55-49.png,ARID20/table/bottom/seq06,ARID20,table,bottom,seq06,seq06
1461,16,/mnt/Info/COGAR_DATASETs/OCID-dataset/ARID20/table/bottom/seq06/rgb/result_2018-08-21-13-56-47.png,/mnt/Info/COGAR_DATASETs/OCID-dataset/ARID20/table/bottom/seq06/label/result_2018-08-21-13-56-47.png,result_2018-08-21-13-56-47.png,ARID20/table/bottom/seq06,ARID20,table,bottom,seq06,seq06
1462,17,/mnt/Info/COGAR_DATASETs/OCID-dataset/ARID20/table/bottom/seq06/rgb/result_2018-08-21-13-57-20.png,/mnt/Info/COGAR_DATASETs/OCID-dataset/ARID20/table/bottom/seq06/label/result_2018-08-21-13-57-20.png,result_2018-08-21-13-57-20.png,ARID20/table/bottom/seq06,ARID20,table,bottom,seq06,seq06
1463,18,/mnt/Info/COGAR_DATASETs/OCID-dataset/ARID20/table/bottom/seq06/rgb/result_2018-08-21-13-58-01.png,/mnt/Info/COGAR_DATASETs/OCID-dataset/ARID20/table/bottom/seq06/label/result_2018-08-21-13-58-01.png,result_2018-08-21-13-58-01.png,ARID20/table/bottom/seq06,ARID20,table,bottom,seq06,seq06
1464,19,/mnt/Info/COGAR_DATASETs/OCID-dataset/ARID20/table/bottom/seq06/rgb/result_2018-08-21-13-59-14.png,/mnt/Info/COGAR_DATASETs/OCID-dataset/ARID20/table/bottom/seq06/label/result_2018-08-21-13-59-14.png,result_2018-08-21-13-59-14.png,ARID20/table/bottom/seq06,ARID20,table,bottom,seq06,seq06
1465,20,/mnt/Info/COGAR_DATASETs/OCID-dataset/ARID20/table/bottom/seq06/rgb/result_2018-08-21-13-59-57.png,/mnt/Info/COGAR_DATASETs/OCID-dataset/ARID20/table/bottom/seq06/label/result_2018-08-21-13-59-57.png,result_2018-08-21-13-59-57.png,ARID20/table/bottom/seq06,ARID20,table,bottom,seq06,seq06
1466,0,/mnt/Info/COGAR_DATASETs/OCID-dataset/ARID20/table/bottom/seq07/rgb/result_2018-08-21-14-07-32.png,/mnt/Info/COGAR_DATASETs/OCID-dataset/ARID20/table/bottom/seq07/label/result_2018-08-21-14-07-32.png,result_2018-08-21-14-07-32.png,ARID20/table/bottom/seq07,ARID20,table,bottom,seq07,seq07
1467,1,/mnt/Info/COGAR_DATASETs/OCID-dataset/ARID20/table/bottom/seq07/rgb/result_2018-08-21-14-08-46.png,/mnt/Info/COGAR_DATASETs/OCID-dataset/ARID20/table/bottom/seq07/label/result_2018-08-21-14-08-46.png,result_2018-08-21-14-08-46.png,ARID20/table/bottom/seq07,ARID20,table,bottom,seq07,seq07
1468,2,/mnt/Info/COGAR_DATASETs/OCID-dataset/ARID20/table/bottom/seq07/rgb/result_2018-08-21-14-09-32.png,/mnt/Info/COGAR_DATASETs/OCID-dataset/ARID20/table/bottom/seq07/label/result_2018-08-21-14-09-32.png,result_2018-08-21-14-09-32.png,ARID20/table/bottom/seq07,ARID20,table,bottom,seq07,seq07
1469,3,/mnt/Info/COGAR_DATASETs/OCID-dataset/ARID20/table/bottom/seq07/rgb/result_2018-08-21-14-10-06.png,/mnt/Info/COGAR_DATASETs/OCID-dataset/ARID20/table/bottom/seq07/label/result_2018-08-21-14-10-06.png,result_2018-08-21-14-10-06.png,ARID20/table/bottom/seq07,ARID20,table,bottom,seq07,seq07
1470,4,/mnt/Info/COGAR_DATASETs/OCID-dataset/ARID20/table/bottom/seq07/rgb/result_2018-08-21-14-10-43.png,/mnt/Info/COGAR_DATASETs/OCID-dataset/ARID20/table/bottom/seq07/label/result_2018-08-21-14-10-43.png,result_2018-08-21-14-10-43.png,ARID20/table/bottom/seq07,ARID20,table,bottom,seq07,seq07
1471,5,/mnt/Info/COGAR_DATASETs/OCID-dataset/ARID20/table/bottom/seq07/rgb/result_2018-08-21-14-11-14.png,/mnt/Info/COGAR_DATASETs/OCID-dataset/ARID20/table/bottom/seq07/label/result_2018-08-21-14-11-14.png,result_2018-08-21-14-11-14.png,ARID20/table/bottom/seq07,ARID20,table,bottom,seq07,seq07
1472,6,/mnt/Info/COGAR_DATASETs/OCID-dataset/ARID20/table/bottom/seq07/rgb/result_2018-08-21-14-11-44.png,/mnt/Info/COGAR_DATASETs/OCID-dataset/ARID20/table/bottom/seq07/label/result_2018-08-21-14-11-44.png,result_2018-08-21-14-11-44.png,ARID20/table/bottom/seq07,ARID20,table,bottom,seq07,seq07
1473,7,/mnt/Info/COGAR_DATASETs/OCID-dataset/ARID20/table/bottom/seq07/rgb/result_2018-08-21-14-12-21.png,/mnt/Info/COGAR_DATASETs/OCID-dataset/ARID20/table/bottom/seq07/label/result_2018-08-21-14-12-21.png,result_2018-08-21-14-12-21.png,ARID20/table/bottom/seq07,ARID20,table,bottom,seq07,seq07
1474,8,/mnt/Info/COGAR_DATASETs/OCID-dataset/ARID20/table/bottom/seq07/rgb/result_2018-08-21-14-13-44.png,/mnt/Info/COGAR_DATASETs/OCID-dataset/ARID20/table/bottom/seq07/label/result_2018-08-21-14-13-44.png,result_2018-08-21-14-13-44.png,ARID20/table/bottom/seq07,ARID20,table,bottom,seq07,seq07
1475,9,/mnt/Info/COGAR_DATASETs/OCID-dataset/ARID20/table/bottom/seq07/rgb/result_2018-08-21-14-14-31.png,/mnt/Info/COGAR_DATASETs/OCID-dataset/ARID20/table/bottom/seq07/label/result_2018-08-21-14-14-31.png,result_2018-08-21-14-14-31.png,ARID20/table/bottom/seq07,ARID20,table,bottom,seq07,seq07
1476,10,/mnt/Info/COGAR_DATASETs/OCID-dataset/ARID20/table/bottom/seq07/rgb/result_2018-08-21-14-15-23.png,/mnt/Info/COGAR_DATASETs/OCID-dataset/ARID20/table/bottom/seq07/label/result_2018-08-21-14-15-23.png,result_2018-08-21-14-15-23.png,ARID20/table/bottom/seq07,ARID20,table,bottom,seq07,seq07
1477,11,/mnt/Info/COGAR_DATASETs/OCID-dataset/ARID20/table/bottom/seq07/rgb/result_2018-08-21-14-16-13.png,/mnt/Info/COGAR_DATASETs/OCID-dataset/ARID20/table/bottom/seq07/label/result_2018-08-21-14-16-13.png,result_2018-08-21-14-16-13.png,ARID20/table/bottom/seq07,ARID20,table,bottom,seq07,seq07
1478,12,/mnt/Info/COGAR_DATASETs/OCID-dataset/ARID20/table/bottom/seq07/rgb/result_2018-08-21-14-16-45.png,/mnt/Info/COGAR_DATASETs/OCID-dataset/ARID20/table/bottom/seq07/label/result_2018-08-21-14-16-45.png,result_2018-08-21-14-16-45.png,ARID20/table/bottom/seq07,ARID20,table,bottom,seq07,seq07
1479,13,/mnt/Info/COGAR_DATASETs/OCID-dataset/ARID20/table/bottom/seq07/rgb/result_2018-08-21-14-17-29.png,/mnt/Info/COGAR_DATASETs/OCID-dataset/ARID20/table/bottom/seq07/label/result_2018-08-21-14-17-29.png,result_2018-08-21-14-17-29.png,ARID20/table/bottom/seq07,ARID20,table,bottom,seq07,seq07
1480,14,/mnt/Info/COGAR_DATASETs/OCID-dataset/ARID20/table/bottom/seq07/rgb/result_2018-08-21-14-18-06.png,/mnt/Info/COGAR_DATASETs/OCID-dataset/ARID20/table/bottom/seq07/label/result_2018-08-21-14-18-06.png,result_2018-08-21-14-18-06.png,ARID20/table/bottom/seq07,ARID20,table,bottom,seq07,seq07
1481,15,/mnt/Info/COGAR_DATASETs/OCID-dataset/ARID20/table/bottom/seq07/rgb/result_2018-08-21-14-18-36.png,/mnt/Info/COGAR_DATASETs/OCID-dataset/ARID20/table/bottom/seq07/label/result_2018-08-21-14-18-36.png,result_2018-08-21-14-18-36.png,ARID20/table/bottom/seq07,ARID20,table,bottom,seq07,seq07
1482,16,/mnt/Info/COGAR_DATASETs/OCID-dataset/ARID20/table/bottom/seq07/rgb/result_2018-08-21-14-20-04.png,/mnt/Info/COGAR_DATASETs/OCID-dataset/ARID20/table/bottom/seq07/label/result_2018-08-21-14-20-04.png,result_2018-08-21-14-20-04.png,ARID20/table/bottom/seq07,ARID20,table,bottom,seq07,seq07
1483,17,/mnt/Info/COGAR_DATASETs/OCID-dataset/ARID20/table/bottom/seq07/rgb/result_2018-08-21-14-21-53.png,/mnt/Info/COGAR_DATASETs/OCID-dataset/ARID20/table/bottom/seq07/label/result_2018-08-21-14-21-53.png,result_2018-08-21-14-21-53.png,ARID20/table/bottom/seq07,ARID20,table,bottom,seq07,seq07
1484,18,/mnt/Info/COGAR_DATASETs/OCID-dataset/ARID20/table/bottom/seq07/rgb/result_2018-08-21-14-22-46.png,/mnt/Info/COGAR_DATASETs/OCID-dataset/ARID20/table/bottom/seq07/label/result_2018-08-21-14-22-46.png,result_2018-08-21-14-22-46.png,ARID20/table/bottom/seq07,ARID20,table,bottom,seq07,seq07
1485,19,/mnt/Info/COGAR_DATASETs/OCID-dataset/ARID20/table/bottom/seq07/rgb/result_2018-08-21-14-23-35.png,/mnt/Info/COGAR_DATASETs/OCID-dataset/ARID20/table/bottom/seq07/label/result_2018-08-21-14-23-35.png,result_2018-08-21-14-23-35.png,ARID20/table/bottom/seq07,ARID20,table,bottom,seq07,seq07
1486,20,/mnt/Info/COGAR_DATASETs/OCID-dataset/ARID20/table/bottom/seq07/rgb/result_2018-08-21-14-24-05.png,/mnt/Info/COGAR_DATASETs/OCID-dataset/ARID20/table/bottom/seq07/label/result_2018-08-21-14-24-05.png,result_2018-08-21-14-24-05.png,ARID20/table/bottom/seq07,ARID20,table,bottom,seq07,seq07
1487,0,/mnt/Info/COGAR_DATASETs/OCID-dataset/ARID20/table/bottom/seq08/rgb/result_2018-08-21-14-28-08.png,/mnt/Info/COGAR_DATASETs/OCID-dataset/ARID20/table/bottom/seq08/label/result_2018-08-21-14-28-08.png,result_2018-08-21-14-28-08.png,ARID20/table/bottom/seq08,ARID20,table,bottom,seq08,seq08
1488,1,/mnt/Info/COGAR_DATASETs/OCID-dataset/ARID20/table/bottom/seq08/rgb/result_2018-08-21-14-33-53.png,/mnt/Info/COGAR_DATASETs/OCID-dataset/ARID20/table/bottom/seq08/label/result_2018-08-21-14-33-53.png,result_2018-08-21-14-33-53.png,ARID20/table/bottom/seq08,ARID20,table,bottom,seq08,seq08
1489,2,/mnt/Info/COGAR_DATASETs/OCID-dataset/ARID20/table/bottom/seq08/rgb/result_2018-08-21-14-34-26.png,/mnt/Info/COGAR_DATASETs/OCID-dataset/ARID20/table/bottom/seq08/label/result_2018-08-21-14-34-26.png,result_2018-08-21-14-34-26.png,ARID20/table/bottom/seq08,ARID20,table,bottom,seq08,seq08
1490,3,/mnt/Info/COGAR_DATASETs/OCID-dataset/ARID20/table/bottom/seq08/rgb/result_2018-08-21-14-37-47.png,/mnt/Info/COGAR_DATASETs/OCID-dataset/ARID20/table/bottom/seq08/label/result_2018-08-21-14-37-47.png,result_2018-08-21-14-37-47.png,ARID20/table/bottom/seq08,ARID20,table,bottom,seq08,seq08
1491,4,/mnt/Info/COGAR_DATASETs/OCID-dataset/ARID20/table/bottom/seq08/rgb/result_2018-08-21-14-40-45.png,/mnt/Info/COGAR_DATASETs/OCID-dataset/ARID20/table/bottom/seq08/label/result_2018-08-21-14-40-45.png,result_2018-08-21-14-40-45.png,ARID20/table/bottom/seq08,ARID20,table,bottom,seq08,seq08
1492,5,/mnt/Info/COGAR_DATASETs/OCID-dataset/ARID20/table/bottom/seq08/rgb/result_2018-08-21-14-41-18.png,/mnt/Info/COGAR_DATASETs/OCID-dataset/ARID20/table/bottom/seq08/label/result_2018-08-21-14-41-18.png,result_2018-08-21-14-41-18.png,ARID20/table/bottom/seq08,ARID20,table,bottom,seq08,seq08
1493,6,/mnt/Info/COGAR_DATASETs/OCID-dataset/ARID20/table/bottom/seq08/rgb/result_2018-08-21-14-42-25.png,/mnt/Info/COGAR_DATASETs/OCID-dataset/ARID20/table/bottom/seq08/label/result_2018-08-21-14-42-25.png,result_2018-08-21-14-42-25.png,ARID20/table/bottom/seq08,ARID20,table,bottom,seq08,seq08
1494,7,/mnt/Info/COGAR_DATASETs/OCID-dataset/ARID20/table/bottom/seq08/rgb/result_2018-08-21-14-43-29.png,/mnt/Info/COGAR_DATASETs/OCID-dataset/ARID20/table/bottom/seq08/label/result_2018-08-21-14-43-29.png,result_2018-08-21-14-43-29.png,ARID20/table/bottom/seq08,ARID20,table,bottom,seq08,seq08
1495,8,/mnt/Info/COGAR_DATASETs/OCID-dataset/ARID20/table/bottom/seq08/rgb/result_2018-08-21-14-44-22.png,/mnt/Info/COGAR_DATASETs/OCID-dataset/ARID20/table/bottom/seq08/label/result_2018-08-21-14-44-22.png,result_2018-08-21-14-44-22.png,ARID20/table/bottom/seq08,ARID20,table,bottom,seq08,seq08
1496,9,/mnt/Info/COGAR_DATASETs/OCID-dataset/ARID20/table/bottom/seq08/rgb/result_2018-08-21-14-45-09.png,/mnt/Info/COGAR_DATASETs/OCID-dataset/ARID20/table/bottom/seq08/label/result_2018-08-21-14-45-09.png,result_2018-08-21-14-45-09.png,ARID20/table/bottom/seq08,ARID20,table,bottom,seq08,seq08
1497,10,/mnt/Info/COGAR_DATASETs/OCID-dataset/ARID20/table/bottom/seq08/rgb/result_2018-08-21-14-45-56.png,/mnt/Info/COGAR_DATASETs/OCID-dataset/ARID20/table/bottom/seq08/label/result_2018-08-21-14-45-56.png,result_2018-08-21-14-45-56.png,ARID20/table/bottom/seq08,ARID20,table,bottom,seq08,seq08
1498,11,/mnt/Info/COGAR_DATASETs/OCID-dataset/ARID20/table/bottom/seq08/rgb/result_2018-08-21-14-46-30.png,/mnt/Info/COGAR_DATASETs/OCID-dataset/ARID20/table/bottom/seq08/label/result_2018-08-21-14-46-30.png,result_2018-08-21-14-46-30.png,ARID20/table/bottom/seq08,ARID20,table,bottom,seq08,seq08
1499,12,/mnt/Info/COGAR_DATASETs/OCID-dataset/ARID20/table/bottom/seq08/rgb/result_2018-08-21-14-47-02.png,/mnt/Info/COGAR_DATASETs/OCID-dataset/ARID20/table/bottom/seq08/label/result_2018-08-21-14-47-02.png,result_2018-08-21-14-47-02.png,ARID20/table/bottom/seq08,ARID20,table,bottom,seq08,seq08
1500,13,/mnt/Info/COGAR_DATASETs/OCID-dataset/ARID20/table/bottom/seq08/rgb/result_2018-08-21-14-47-47.png,/mnt/Info/COGAR_DATASETs/OCID-dataset/ARID20/table/bottom/seq08/label/result_2018-08-21-14-47-47.png,result_2018-08-21-14-47-47.png,ARID20/table/bottom/seq08,ARID20,table,bottom,seq08,seq08
1501,14,/mnt/Info/COGAR_DATASETs/OCID-dataset/ARID20/table/bottom/seq08/rgb/result_2018-08-21-14-48-34.png,/mnt/Info/COGAR_DATASETs/OCID-dataset/ARID20/table/bottom/seq08/label/result_2018-08-21-14-48-34.png,result_2018-08-21-14-48-34.png,ARID20/table/bottom/seq08,ARID20,table,bottom,seq08,seq08
1502,15,/mnt/Info/COGAR_DATASETs/OCID-dataset/ARID20/table/bottom/seq08/rgb/result_2018-08-21-14-49-34.png,/mnt/Info/COGAR_DATASETs/OCID-dataset/ARID20/table/bottom/seq08/label/result_2018-08-21-14-49-34.png,result_2018-08-21-14-49-34.png,ARID20/table/bottom/seq08,ARID20,table,bottom,seq08,seq08
1503,16,/mnt/Info/COGAR_DATASETs/OCID-dataset/ARID20/table/bottom/seq08/rgb/result_2018-08-21-14-50-04.png,/mnt/Info/COGAR_DATASETs/OCID-dataset/ARID20/table/bottom/seq08/label/result_2018-08-21-14-50-04.png,result_2018-08-21-14-50-04.png,ARID20/table/bottom/seq08,ARID20,table,bottom,seq08,seq08
1504,17,/mnt/Info/COGAR_DATASETs/OCID-dataset/ARID20/table/bottom/seq08/rgb/result_2018-08-21-14-50-31.png,/mnt/Info/COGAR_DATASETs/OCID-dataset/ARID20/table/bottom/seq08/label/result_2018-08-21-14-50-31.png,result_2018-08-21-14-50-31.png,ARID20/table/bottom/seq08,ARID20,table,bottom,seq08,seq08
1505,18,/mnt/Info/COGAR_DATASETs/OCID-dataset/ARID20/table/bottom/seq08/rgb/result_2018-08-21-14-51-22.png,/mnt/Info/COGAR_DATASETs/OCID-dataset/ARID20/table/bottom/seq08/label/result_2018-08-21-14-51-22.png,result_2018-08-21-14-51-22.png,ARID20/table/bottom/seq08,ARID20,table,bottom,seq08,seq08
1506,19,/mnt/Info/COGAR_DATASETs/OCID-dataset/ARID20/table/bottom/seq08/rgb/result_2018-08-21-14-52-12.png,/mnt/Info/COGAR_DATASETs/OCID-dataset/ARID20/table/bottom/seq08/label/result_2018-08-21-14-52-12.png,result_2018-08-21-14-52-12.png,ARID20/table/bottom/seq08,ARID20,table,bottom,seq08,seq08
1507,20,/mnt/Info/COGAR_DATASETs/OCID-dataset/ARID20/table/bottom/seq08/rgb/result_2018-08-21-14-52-47.png,/mnt/Info/COGAR_DATASETs/OCID-dataset/ARID20/table/bottom/seq08/label/result_2018-08-21-14-52-47.png,result_2018-08-21-14-52-47.png,ARID20/table/bottom/seq08,ARID20,table,bottom,seq08,seq08
1508,0,/mnt/Info/COGAR_DATASETs/OCID-dataset/ARID20/table/bottom/seq09/rgb/result_2018-08-21-15-39-24.png,/mnt/Info/COGAR_DATASETs/OCID-dataset/ARID20/table/bottom/seq09/label/result_2018-08-21-15-39-24.png,result_2018-08-21-15-39-24.png,ARID20/table/bottom/seq09,ARID20,table,bottom,seq09,seq09
1509,1,/mnt/Info/COGAR_DATASETs/OCID-dataset/ARID20/table/bottom/seq09/rgb/result_2018-08-21-15-44-13.png,/mnt/Info/COGAR_DATASETs/OCID-dataset/ARID20/table/bottom/seq09/label/result_2018-08-21-15-44-13.png,result_2018-08-21-15-44-13.png,ARID20/table/bottom/seq09,ARID20,table,bottom,seq09,seq09
1510,2,/mnt/Info/COGAR_DATASETs/OCID-dataset/ARID20/table/bottom/seq09/rgb/result_2018-08-21-15-44-47.png,/mnt/Info/COGAR_DATASETs/OCID-dataset/ARID20/table/bottom/seq09/label/result_2018-08-21-15-44-47.png,result_2018-08-21-15-44-47.png,ARID20/table/bottom/seq09,ARID20,table,bottom,seq09,seq09
1511,3,/mnt/Info/COGAR_DATASETs/OCID-dataset/ARID20/table/bottom/seq09/rgb/result_2018-08-21-15-45-10.png,/mnt/Info/COGAR_DATASETs/OCID-dataset/ARID20/table/bottom/seq09/label/result_2018-08-21-15-45-10.png,result_2018-08-21-15-45-10.png,ARID20/table/bottom/seq09,ARID20,table,bottom,seq09,seq09
1512,4,/mnt/Info/COGAR_DATASETs/OCID-dataset/ARID20/table/bottom/seq09/rgb/result_2018-08-21-15-45-59.png,/mnt/Info/COGAR_DATASETs/OCID-dataset/ARID20/table/bottom/seq09/label/result_2018-08-21-15-45-59.png,result_2018-08-21-15-45-59.png,ARID20/table/bottom/seq09,ARID20,table,bottom,seq09,seq09
1513,5,/mnt/Info/COGAR_DATASETs/OCID-dataset/ARID20/table/bottom/seq09/rgb/result_2018-08-21-15-46-40.png,/mnt/Info/COGAR_DATASETs/OCID-dataset/ARID20/table/bottom/seq09/label/result_2018-08-21-15-46-40.png,result_2018-08-21-15-46-40.png,ARID20/table/bottom/seq09,ARID20,table,bottom,seq09,seq09
1514,6,/mnt/Info/COGAR_DATASETs/OCID-dataset/ARID20/table/bottom/seq09/rgb/result_2018-08-21-15-47-24.png,/mnt/Info/COGAR_DATASETs/OCID-dataset/ARID20/table/bottom/seq09/label/result_2018-08-21-15-47-24.png,result_2018-08-21-15-47-24.png,ARID20/table/bottom/seq09,ARID20,table,bottom,seq09,seq09
1515,7,/mnt/Info/COGAR_DATASETs/OCID-dataset/ARID20/table/bottom/seq09/rgb/result_2018-08-21-15-47-55.png,/mnt/Info/COGAR_DATASETs/OCID-dataset/ARID20/table/bottom/seq09/label/result_2018-08-21-15-47-55.png,result_2018-08-21-15-47-55.png,ARID20/table/bottom/seq09,ARID20,table,bottom,seq09,seq09
1516,8,/mnt/Info/COGAR_DATASETs/OCID-dataset/ARID20/table/bottom/seq09/rgb/result_2018-08-21-15-48-33.png,/mnt/Info/COGAR_DATASETs/OCID-dataset/ARID20/table/bottom/seq09/label/result_2018-08-21-15-48-33.png,result_2018-08-21-15-48-33.png,ARID20/table/bottom/seq09,ARID20,table,bottom,seq09,seq09
1517,9,/mnt/Info/COGAR_DATASETs/OCID-dataset/ARID20/table/bottom/seq09/rgb/result_2018-08-21-15-49-01.png,/mnt/Info/COGAR_DATASETs/OCID-dataset/ARID20/table/bottom/seq09/label/result_2018-08-21-15-49-01.png,result_2018-08-21-15-49-01.png,ARID20/table/bottom/seq09,ARID20,table,bottom,seq09,seq09
1518,10,/mnt/Info/COGAR_DATASETs/OCID-dataset/ARID20/table/bottom/seq09/rgb/result_2018-08-21-15-50-12.png,/mnt/Info/COGAR_DATASETs/OCID-dataset/ARID20/table/bottom/seq09/label/result_2018-08-21-15-50-12.png,result_2018-08-21-15-50-12.png,ARID20/table/bottom/seq09,ARID20,table,bottom,seq09,seq09
1519,11,/mnt/Info/COGAR_DATASETs/OCID-dataset/ARID20/table/bottom/seq09/rgb/result_2018-08-21-15-50-43.png,/mnt/Info/COGAR_DATASETs/OCID-dataset/ARID20/table/bottom/seq09/label/result_2018-08-21-15-50-43.png,result_2018-08-21-15-50-43.png,ARID20/table/bottom/seq09,ARID20,table,bottom,seq09,seq09
1520,12,/mnt/Info/COGAR_DATASETs/OCID-dataset/ARID20/table/bottom/seq09/rgb/result_2018-08-21-15-51-25.png,/mnt/Info/COGAR_DATASETs/OCID-dataset/ARID20/table/bottom/seq09/label/result_2018-08-21-15-51-25.png,result_2018-08-21-15-51-25.png,ARID20/table/bottom/seq09,ARID20,table,bottom,seq09,seq09
1521,13,/mnt/Info/COGAR_DATASETs/OCID-dataset/ARID20/table/bottom/seq09/rgb/result_2018-08-21-15-51-58.png,/mnt/Info/COGAR_DATASETs/OCID-dataset/ARID20/table/bottom/seq09/label/result_2018-08-21-15-51-58.png,result_2018-08-21-15-51-58.png,ARID20/table/bottom/seq09,ARID20,table,bottom,seq09,seq09
1522,14,/mnt/Info/COGAR_DATASETs/OCID-dataset/ARID20/table/bottom/seq09/rgb/result_2018-08-21-15-52-55.png,/mnt/Info/COGAR_DATASETs/OCID-dataset/ARID20/table/bottom/seq09/label/result_2018-08-21-15-52-55.png,result_2018-08-21-15-52-55.png,ARID20/table/bottom/seq09,ARID20,table,bottom,seq09,seq09
1523,15,/mnt/Info/COGAR_DATASETs/OCID-dataset/ARID20/table/bottom/seq09/rgb/result_2018-08-21-15-53-36.png,/mnt/Info/COGAR_DATASETs/OCID-dataset/ARID20/table/bottom/seq09/label/result_2018-08-21-15-53-36.png,result_2018-08-21-15-53-36.png,ARID20/table/bottom/seq09,ARID20,table,bottom,seq09,seq09
1524,16,/mnt/Info/COGAR_DATASETs/OCID-dataset/ARID20/table/bottom/seq09/rgb/result_2018-08-21-15-54-12.png,/mnt/Info/COGAR_DATASETs/OCID-dataset/ARID20/table/bottom/seq09/label/result_2018-08-21-15-54-12.png,result_2018-08-21-15-54-12.png,ARID20/table/bottom/seq09,ARID20,table,bottom,seq09,seq09
1525,17,/mnt/Info/COGAR_DATASETs/OCID-dataset/ARID20/table/bottom/seq09/rgb/result_2018-08-21-15-54-41.png,/mnt/Info/COGAR_DATASETs/OCID-dataset/ARID20/table/bottom/seq09/label/result_2018-08-21-15-54-41.png,result_2018-08-21-15-54-41.png,ARID20/table/bottom/seq09,ARID20,table,bottom,seq09,seq09
1526,18,/mnt/Info/COGAR_DATASETs/OCID-dataset/ARID20/table/bottom/seq09/rgb/result_2018-08-21-15-56-00.png,/mnt/Info/COGAR_DATASETs/OCID-dataset/ARID20/table/bottom/seq09/label/result_2018-08-21-15-56-00.png,result_2018-08-21-15-56-00.png,ARID20/table/bottom/seq09,ARID20,table,bottom,seq09,seq09
1527,19,/mnt/Info/COGAR_DATASETs/OCID-dataset/ARID20/table/bottom/seq09/rgb/result_2018-08-21-15-57-19.png,/mnt/Info/COGAR_DATASETs/OCID-dataset/ARID20/table/bottom/seq09/label/result_2018-08-21-15-57-19.png,result_2018-08-21-15-57-19.png,ARID20/table/bottom/seq09,ARID20,table,bottom,seq09,seq09
1528,20,/mnt/Info/COGAR_DATASETs/OCID-dataset/ARID20/table/bottom/seq09/rgb/result_2018-08-21-15-58-00.png,/mnt/Info/COGAR_DATASETs/OCID-dataset/ARID20/table/bottom/seq09/label/result_2018-08-21-15-58-00.png,result_2018-08-21-15-58-00.png,ARID20/table/bottom/seq09,ARID20,table,bottom,seq09,seq09
1529,0,/mnt/Info/COGAR_DATASETs/OCID-dataset/ARID20/table/bottom/seq10/rgb/result_2018-08-21-16-03-32.png,/mnt/Info/COGAR_DATASETs/OCID-dataset/ARID20/table/bottom/seq10/label/result_2018-08-21-16-03-32.png,result_2018-08-21-16-03-32.png,ARID20/table/bottom/seq10,ARID20,table,bottom,seq10,seq10
1530,1,/mnt/Info/COGAR_DATASETs/OCID-dataset/ARID20/table/bottom/seq10/rgb/result_2018-08-21-16-04-24.png,/mnt/Info/COGAR_DATASETs/OCID-dataset/ARID20/table/bottom/seq10/label/result_2018-08-21-16-04-24.png,result_2018-08-21-16-04-24.png,ARID20/table/bottom/seq10,ARID20,table,bottom,seq10,seq10
1531,2,/mnt/Info/COGAR_DATASETs/OCID-dataset/ARID20/table/bottom/seq10/rgb/result_2018-08-21-16-04-50.png,/mnt/Info/COGAR_DATASETs/OCID-dataset/ARID20/table/bottom/seq10/label/result_2018-08-21-16-04-50.png,result_2018-08-21-16-04-50.png,ARID20/table/bottom/seq10,ARID20,table,bottom,seq10,seq10
1532,3,/mnt/Info/COGAR_DATASETs/OCID-dataset/ARID20/table/bottom/seq10/rgb/result_2018-08-21-16-05-30.png,/mnt/Info/COGAR_DATASETs/OCID-dataset/ARID20/table/bottom/seq10/label/result_2018-08-21-16-05-30.png,result_2018-08-21-16-05-30.png,ARID20/table/bottom/seq10,ARID20,table,bottom,seq10,seq10
1533,4,/mnt/Info/COGAR_DATASETs/OCID-dataset/ARID20/table/bottom/seq10/rgb/result_2018-08-21-16-06-01.png,/mnt/Info/COGAR_DATASETs/OCID-dataset/ARID20/table/bottom/seq10/label/result_2018-08-21-16-06-01.png,result_2018-08-21-16-06-01.png,ARID20/table/bottom/seq10,ARID20,table,bottom,seq10,seq10
1534,5,/mnt/Info/COGAR_DATASETs/OCID-dataset/ARID20/table/bottom/seq10/rgb/result_2018-08-21-16-06-21.png,/mnt/Info/COGAR_DATASETs/OCID-dataset/ARID20/table/bottom/seq10/label/result_2018-08-21-16-06-21.png,result_2018-08-21-16-06-21.png,ARID20/table/bottom/seq10,ARID20,table,bottom,seq10,seq10
1535,6,/mnt/Info/COGAR_DATASETs/OCID-dataset/ARID20/table/bottom/seq10/rgb/result_2018-08-21-16-06-56.png,/mnt/Info/COGAR_DATASETs/OCID-dataset/ARID20/table/bottom/seq10/label/result_2018-08-21-16-06-56.png,result_2018-08-21-16-06-56.png,ARID20/table/bottom/seq10,ARID20,table,bottom,seq10,seq10
1536,7,/mnt/Info/COGAR_DATASETs/OCID-dataset/ARID20/table/bottom/seq10/rgb/result_2018-08-21-16-07-32.png,/mnt/Info/COGAR_DATASETs/OCID-dataset/ARID20/table/bottom/seq10/label/result_2018-08-21-16-07-32.png,result_2018-08-21-16-07-32.png,ARID20/table/bottom/seq10,ARID20,table,bottom,seq10,seq10
1537,8,/mnt/Info/COGAR_DATASETs/OCID-dataset/ARID20/table/bottom/seq10/rgb/result_2018-08-21-16-08-08.png,/mnt/Info/COGAR_DATASETs/OCID-dataset/ARID20/table/bottom/seq10/label/result_2018-08-21-16-08-08.png,result_2018-08-21-16-08-08.png,ARID20/table/bottom/seq10,ARID20,table,bottom,seq10,seq10
1538,9,/mnt/Info/COGAR_DATASETs/OCID-dataset/ARID20/table/bottom/seq10/rgb/result_2018-08-21-16-08-40.png,/mnt/Info/COGAR_DATASETs/OCID-dataset/ARID20/table/bottom/seq10/label/result_2018-08-21-16-08-40.png,result_2018-08-21-16-08-40.png,ARID20/table/bottom/seq10,ARID20,table,bottom,seq10,seq10
1539,10,/mnt/Info/COGAR_DATASETs/OCID-dataset/ARID20/table/bottom/seq10/rgb/result_2018-08-21-16-09-09.png,/mnt/Info/COGAR_DATASETs/OCID-dataset/ARID20/table/bottom/seq10/label/result_2018-08-21-16-09-09.png,result_2018-08-21-16-09-09.png,ARID20/table/bottom/seq10,ARID20,table,bottom,seq10,seq10
1540,11,/mnt/Info/COGAR_DATASETs/OCID-dataset/ARID20/table/bottom/seq10/rgb/result_2018-08-21-16-10-01.png,/mnt/Info/COGAR_DATASETs/OCID-dataset/ARID20/table/bottom/seq10/label/result_2018-08-21-16-10-01.png,result_2018-08-21-16-10-01.png,ARID20/table/bottom/seq10,ARID20,table,bottom,seq10,seq10
1541,12,/mnt/Info/COGAR_DATASETs/OCID-dataset/ARID20/table/bottom/seq10/rgb/result_2018-08-21-16-10-34.png,/mnt/Info/COGAR_DATASETs/OCID-dataset/ARID20/table/bottom/seq10/label/result_2018-08-21-16-10-34.png,result_2018-08-21-16-10-34.png,ARID20/table/bottom/seq10,ARID20,table,bottom,seq10,seq10
1542,13,/mnt/Info/COGAR_DATASETs/OCID-dataset/ARID20/table/bottom/seq10/rgb/result_2018-08-21-16-11-10.png,/mnt/Info/COGAR_DATASETs/OCID-dataset/ARID20/table/bottom/seq10/label/result_2018-08-21-16-11-10.png,result_2018-08-21-16-11-10.png,ARID20/table/bottom/seq10,ARID20,table,bottom,seq10,seq10
1543,14,/mnt/Info/COGAR_DATASETs/OCID-dataset/ARID20/table/bottom/seq10/rgb/result_2018-08-21-16-11-51.png,/mnt/Info/COGAR_DATASETs/OCID-dataset/ARID20/table/bottom/seq10/label/result_2018-08-21-16-11-51.png,result_2018-08-21-16-11-51.png,ARID20/table/bottom/seq10,ARID20,table,bottom,seq10,seq10
1544,15,/mnt/Info/COGAR_DATASETs/OCID-dataset/ARID20/table/bottom/seq10/rgb/result_2018-08-21-16-12-32.png,/mnt/Info/COGAR_DATASETs/OCID-dataset/ARID20/table/bottom/seq10/label/result_2018-08-21-16-12-32.png,result_2018-08-21-16-12-32.png,ARID20/table/bottom/seq10,ARID20,table,bottom,seq10,seq10
1545,16,/mnt/Info/COGAR_DATASETs/OCID-dataset/ARID20/table/bottom/seq10/rgb/result_2018-08-21-16-13-07.png,/mnt/Info/COGAR_DATASETs/OCID-dataset/ARID20/table/bottom/seq10/label/result_2018-08-21-16-13-07.png,result_2018-08-21-16-13-07.png,ARID20/table/bottom/seq10,ARID20,table,bottom,seq10,seq10
1546,17,/mnt/Info/COGAR_DATASETs/OCID-dataset/ARID20/table/bottom/seq10/rgb/result_2018-08-21-16-14-15.png,/mnt/Info/COGAR_DATASETs/OCID-dataset/ARID20/table/bottom/seq10/label/result_2018-08-21-16-14-15.png,result_2018-08-21-16-14-15.png,ARID20/table/bottom/seq10,ARID20,table,bottom,seq10,seq10
1547,18,/mnt/Info/COGAR_DATASETs/OCID-dataset/ARID20/table/bottom/seq10/rgb/result_2018-08-21-16-14-45.png,/mnt/Info/COGAR_DATASETs/OCID-dataset/ARID20/table/bottom/seq10/label/result_2018-08-21-16-14-45.png,result_2018-08-21-16-14-45.png,ARID20/table/bottom/seq10,ARID20,table,bottom,seq10,seq10
1548,19,/mnt/Info/COGAR_DATASETs/OCID-dataset/ARID20/table/bottom/seq10/rgb/result_2018-08-21-16-15-15.png,/mnt/Info/COGAR_DATASETs/OCID-dataset/ARID20/table/bottom/seq10/label/result_2018-08-21-16-15-15.png,result_2018-08-21-16-15-15.png,ARID20/table/bottom/seq10,ARID20,table,bottom,seq10,seq10
1549,20,/mnt/Info/COGAR_DATASETs/OCID-dataset/ARID20/table/bottom/seq10/rgb/result_2018-08-21-16-15-44.png,/mnt/Info/COGAR_DATASETs/OCID-dataset/ARID20/table/bottom/seq10/label/result_2018-08-21-16-15-44.png,result_2018-08-21-16-15-44.png,ARID20/table/bottom/seq10,ARID20,table,bottom,seq10,seq10
1550,0,/mnt/Info/COGAR_DATASETs/OCID-dataset/ARID20/table/bottom/seq11/rgb/result_2018-08-21-16-22-21.png,/mnt/Info/COGAR_DATASETs/OCID-dataset/ARID20/table/bottom/seq11/label/result_2018-08-21-16-22-21.png,result_2018-08-21-16-22-21.png,ARID20/table/bottom/seq11,ARID20,table,bottom,seq11,seq11
1551,1,/mnt/Info/COGAR_DATASETs/OCID-dataset/ARID20/table/bottom/seq11/rgb/result_2018-08-21-16-23-00.png,/mnt/Info/COGAR_DATASETs/OCID-dataset/ARID20/table/bottom/seq11/label/result_2018-08-21-16-23-00.png,result_2018-08-21-16-23-00.png,ARID20/table/bottom/seq11,ARID20,table,bottom,seq11,seq11
1552,2,/mnt/Info/COGAR_DATASETs/OCID-dataset/ARID20/table/bottom/seq11/rgb/result_2018-08-21-16-23-31.png,/mnt/Info/COGAR_DATASETs/OCID-dataset/ARID20/table/bottom/seq11/label/result_2018-08-21-16-23-31.png,result_2018-08-21-16-23-31.png,ARID20/table/bottom/seq11,ARID20,table,bottom,seq11,seq11
1553,3,/mnt/Info/COGAR_DATASETs/OCID-dataset/ARID20/table/bottom/seq11/rgb/result_2018-08-21-16-23-56.png,/mnt/Info/COGAR_DATASETs/OCID-dataset/ARID20/table/bottom/seq11/label/result_2018-08-21-16-23-56.png,result_2018-08-21-16-23-56.png,ARID20/table/bottom/seq11,ARID20,table,bottom,seq11,seq11
1554,4,/mnt/Info/COGAR_DATASETs/OCID-dataset/ARID20/table/bottom/seq11/rgb/result_2018-08-21-16-24-17.png,/mnt/Info/COGAR_DATASETs/OCID-dataset/ARID20/table/bottom/seq11/label/result_2018-08-21-16-24-17.png,result_2018-08-21-16-24-17.png,ARID20/table/bottom/seq11,ARID20,table,bottom,seq11,seq11
1555,5,/mnt/Info/COGAR_DATASETs/OCID-dataset/ARID20/table/bottom/seq11/rgb/result_2018-08-21-16-24-47.png,/mnt/Info/COGAR_DATASETs/OCID-dataset/ARID20/table/bottom/seq11/label/result_2018-08-21-16-24-47.png,result_2018-08-21-16-24-47.png,ARID20/table/bottom/seq11,ARID20,table,bottom,seq11,seq11
1556,6,/mnt/Info/COGAR_DATASETs/OCID-dataset/ARID20/table/bottom/seq11/rgb/result_2018-08-21-16-25-19.png,/mnt/Info/COGAR_DATASETs/OCID-dataset/ARID20/table/bottom/seq11/label/result_2018-08-21-16-25-19.png,result_2018-08-21-16-25-19.png,ARID20/table/bottom/seq11,ARID20,table,bottom,seq11,seq11
1557,7,/mnt/Info/COGAR_DATASETs/OCID-dataset/ARID20/table/bottom/seq11/rgb/result_2018-08-21-16-25-43.png,/mnt/Info/COGAR_DATASETs/OCID-dataset/ARID20/table/bottom/seq11/label/result_2018-08-21-16-25-43.png,result_2018-08-21-16-25-43.png,ARID20/table/bottom/seq11,ARID20,table,bottom,seq11,seq11
1558,8,/mnt/Info/COGAR_DATASETs/OCID-dataset/ARID20/table/bottom/seq11/rgb/result_2018-08-21-16-26-33.png,/mnt/Info/COGAR_DATASETs/OCID-dataset/ARID20/table/bottom/seq11/label/result_2018-08-21-16-26-33.png,result_2018-08-21-16-26-33.png,ARID20/table/bottom/seq11,ARID20,table,bottom,seq11,seq11
1559,9,/mnt/Info/COGAR_DATASETs/OCID-dataset/ARID20/table/bottom/seq11/rgb/result_2018-08-21-16-27-06.png,/mnt/Info/COGAR_DATASETs/OCID-dataset/ARID20/table/bottom/seq11/label/result_2018-08-21-16-27-06.png,result_2018-08-21-16-27-06.png,ARID20/table/bottom/seq11,ARID20,table,bottom,seq11,seq11
1560,10,/mnt/Info/COGAR_DATASETs/OCID-dataset/ARID20/table/bottom/seq11/rgb/result_2018-08-21-16-27-34.png,/mnt/Info/COGAR_DATASETs/OCID-dataset/ARID20/table/bottom/seq11/label/result_2018-08-21-16-27-34.png,result_2018-08-21-16-27-34.png,ARID20/table/bottom/seq11,ARID20,table,bottom,seq11,seq11
1561,11,/mnt/Info/COGAR_DATASETs/OCID-dataset/ARID20/table/bottom/seq11/rgb/result_2018-08-21-16-28-11.png,/mnt/Info/COGAR_DATASETs/OCID-dataset/ARID20/table/bottom/seq11/label/result_2018-08-21-16-28-11.png,result_2018-08-21-16-28-11.png,ARID20/table/bottom/seq11,ARID20,table,bottom,seq11,seq11
1562,12,/mnt/Info/COGAR_DATASETs/OCID-dataset/ARID20/table/bottom/seq11/rgb/result_2018-08-21-16-28-53.png,/mnt/Info/COGAR_DATASETs/OCID-dataset/ARID20/table/bottom/seq11/label/result_2018-08-21-16-28-53.png,result_2018-08-21-16-28-53.png,ARID20/table/bottom/seq11,ARID20,table,bottom,seq11,seq11
1563,13,/mnt/Info/COGAR_DATASETs/OCID-dataset/ARID20/table/bottom/seq11/rgb/result_2018-08-21-16-29-52.png,/mnt/Info/COGAR_DATASETs/OCID-dataset/ARID20/table/bottom/seq11/label/result_2018-08-21-16-29-52.png,result_2018-08-21-16-29-52.png,ARID20/table/bottom/seq11,ARID20,table,bottom,seq11,seq11
1564,14,/mnt/Info/COGAR_DATASETs/OCID-dataset/ARID20/table/bottom/seq11/rgb/result_2018-08-21-16-30-26.png,/mnt/Info/COGAR_DATASETs/OCID-dataset/ARID20/table/bottom/seq11/label/result_2018-08-21-16-30-26.png,result_2018-08-21-16-30-26.png,ARID20/table/bottom/seq11,ARID20,table,bottom,seq11,seq11
1565,15,/mnt/Info/COGAR_DATASETs/OCID-dataset/ARID20/table/bottom/seq11/rgb/result_2018-08-21-16-31-31.png,/mnt/Info/COGAR_DATASETs/OCID-dataset/ARID20/table/bottom/seq11/label/result_2018-08-21-16-31-31.png,result_2018-08-21-16-31-31.png,ARID20/table/bottom/seq11,ARID20,table,bottom,seq11,seq11
1566,16,/mnt/Info/COGAR_DATASETs/OCID-dataset/ARID20/table/bottom/seq11/rgb/result_2018-08-21-16-32-13.png,/mnt/Info/COGAR_DATASETs/OCID-dataset/ARID20/table/bottom/seq11/label/result_2018-08-21-16-32-13.png,result_2018-08-21-16-32-13.png,ARID20/table/bottom/seq11,ARID20,table,bottom,seq11,seq11
1567,17,/mnt/Info/COGAR_DATASETs/OCID-dataset/ARID20/table/bottom/seq11/rgb/result_2018-08-21-16-32-45.png,/mnt/Info/COGAR_DATASETs/OCID-dataset/ARID20/table/bottom/seq11/label/result_2018-08-21-16-32-45.png,result_2018-08-21-16-32-45.png,ARID20/table/bottom/seq11,ARID20,table,bottom,seq11,seq11
1568,18,/mnt/Info/COGAR_DATASETs/OCID-dataset/ARID20/table/bottom/seq11/rgb/result_2018-08-21-16-33-56.png,/mnt/Info/COGAR_DATASETs/OCID-dataset/ARID20/table/bottom/seq11/label/result_2018-08-21-16-33-56.png,result_2018-08-21-16-33-56.png,ARID20/table/bottom/seq11,ARID20,table,bottom,seq11,seq11
1569,19,/mnt/Info/COGAR_DATASETs/OCID-dataset/ARID20/table/bottom/seq11/rgb/result_2018-08-21-16-34-33.png,/mnt/Info/COGAR_DATASETs/OCID-dataset/ARID20/table/bottom/seq11/label/result_2018-08-21-16-34-33.png,result_2018-08-21-16-34-33.png,ARID20/table/bottom/seq11,ARID20,table,bottom,seq11,seq11
1570,20,/mnt/Info/COGAR_DATASETs/OCID-dataset/ARID20/table/bottom/seq11/rgb/result_2018-08-21-16-35-14.png,/mnt/Info/COGAR_DATASETs/OCID-dataset/ARID20/table/bottom/seq11/label/result_2018-08-21-16-35-14.png,result_2018-08-21-16-35-14.png,ARID20/table/bottom/seq11,ARID20,table,bottom,seq11,seq11
1571,0,/mnt/Info/COGAR_DATASETs/OCID-dataset/ARID20/table/bottom/seq12/rgb/result_2018-08-21-16-48-51.png,/mnt/Info/COGAR_DATASETs/OCID-dataset/ARID20/table/bottom/seq12/label/result_2018-08-21-16-48-51.png,result_2018-08-21-16-48-51.png,ARID20/table/bottom/seq12,ARID20,table,bottom,seq12,seq12
1572,1,/mnt/Info/COGAR_DATASETs/OCID-dataset/ARID20/table/bottom/seq12/rgb/result_2018-08-21-16-49-19.png,/mnt/Info/COGAR_DATASETs/OCID-dataset/ARID20/table/bottom/seq12/label/result_2018-08-21-16-49-19.png,result_2018-08-21-16-49-19.png,ARID20/table/bottom/seq12,ARID20,table,bottom,seq12,seq12
1573,2,/mnt/Info/COGAR_DATASETs/OCID-dataset/ARID20/table/bottom/seq12/rgb/result_2018-08-21-16-50-21.png,/mnt/Info/COGAR_DATASETs/OCID-dataset/ARID20/table/bottom/seq12/label/result_2018-08-21-16-50-21.png,result_2018-08-21-16-50-21.png,ARID20/table/bottom/seq12,ARID20,table,bottom,seq12,seq12
1574,3,/mnt/Info/COGAR_DATASETs/OCID-dataset/ARID20/table/bottom/seq12/rgb/result_2018-08-21-16-50-55.png,/mnt/Info/COGAR_DATASETs/OCID-dataset/ARID20/table/bottom/seq12/label/result_2018-08-21-16-50-55.png,result_2018-08-21-16-50-55.png,ARID20/table/bottom/seq12,ARID20,table,bottom,seq12,seq12
1575,4,/mnt/Info/COGAR_DATASETs/OCID-dataset/ARID20/table/bottom/seq12/rgb/result_2018-08-21-16-51-24.png,/mnt/Info/COGAR_DATASETs/OCID-dataset/ARID20/table/bottom/seq12/label/result_2018-08-21-16-51-24.png,result_2018-08-21-16-51-24.png,ARID20/table/bottom/seq12,ARID20,table,bottom,seq12,seq12
1576,5,/mnt/Info/COGAR_DATASETs/OCID-dataset/ARID20/table/bottom/seq12/rgb/result_2018-08-21-16-51-57.png,/mnt/Info/COGAR_DATASETs/OCID-dataset/ARID20/table/bottom/seq12/label/result_2018-08-21-16-51-57.png,result_2018-08-21-16-51-57.png,ARID20/table/bottom/seq12,ARID20,table,bottom,seq12,seq12
1577,6,/mnt/Info/COGAR_DATASETs/OCID-dataset/ARID20/table/bottom/seq12/rgb/result_2018-08-21-16-52-28.png,/mnt/Info/COGAR_DATASETs/OCID-dataset/ARID20/table/bottom/seq12/label/result_2018-08-21-16-52-28.png,result_2018-08-21-16-52-28.png,ARID20/table/bottom/seq12,ARID20,table,bottom,seq12,seq12
1578,7,/mnt/Info/COGAR_DATASETs/OCID-dataset/ARID20/table/bottom/seq12/rgb/result_2018-08-21-16-53-11.png,/mnt/Info/COGAR_DATASETs/OCID-dataset/ARID20/table/bottom/seq12/label/result_2018-08-21-16-53-11.png,result_2018-08-21-16-53-11.png,ARID20/table/bottom/seq12,ARID20,table,bottom,seq12,seq12
1579,8,/mnt/Info/COGAR_DATASETs/OCID-dataset/ARID20/table/bottom/seq12/rgb/result_2018-08-21-16-53-38.png,/mnt/Info/COGAR_DATASETs/OCID-dataset/ARID20/table/bottom/seq12/label/result_2018-08-21-16-53-38.png,result_2018-08-21-16-53-38.png,ARID20/table/bottom/seq12,ARID20,table,bottom,seq12,seq12
1580,9,/mnt/Info/COGAR_DATASETs/OCID-dataset/ARID20/table/bottom/seq12/rgb/result_2018-08-21-16-54-16.png,/mnt/Info/COGAR_DATASETs/OCID-dataset/ARID20/table/bottom/seq12/label/result_2018-08-21-16-54-16.png,result_2018-08-21-16-54-16.png,ARID20/table/bottom/seq12,ARID20,table,bottom,seq12,seq12
1581,10,/mnt/Info/COGAR_DATASETs/OCID-dataset/ARID20/table/bottom/seq12/rgb/result_2018-08-21-16-54-48.png,/mnt/Info/COGAR_DATASETs/OCID-dataset/ARID20/table/bottom/seq12/label/result_2018-08-21-16-54-48.png,result_2018-08-21-16-54-48.png,ARID20/table/bottom/seq12,ARID20,table,bottom,seq12,seq12
1582,11,/mnt/Info/COGAR_DATASETs/OCID-dataset/ARID20/table/bottom/seq12/rgb/result_2018-08-21-16-55-22.png,/mnt/Info/COGAR_DATASETs/OCID-dataset/ARID20/table/bottom/seq12/label/result_2018-08-21-16-55-22.png,result_2018-08-21-16-55-22.png,ARID20/table/bottom/seq12,ARID20,table,bottom,seq12,seq12
1583,12,/mnt/Info/COGAR_DATASETs/OCID-dataset/ARID20/table/bottom/seq12/rgb/result_2018-08-21-16-56-04.png,/mnt/Info/COGAR_DATASETs/OCID-dataset/ARID20/table/bottom/seq12/label/result_2018-08-21-16-56-04.png,result_2018-08-21-16-56-04.png,ARID20/table/bottom/seq12,ARID20,table,bottom,seq12,seq12
1584,13,/mnt/Info/COGAR_DATASETs/OCID-dataset/ARID20/table/bottom/seq12/rgb/result_2018-08-21-16-56-42.png,/mnt/Info/COGAR_DATASETs/OCID-dataset/ARID20/table/bottom/seq12/label/result_2018-08-21-16-56-42.png,result_2018-08-21-16-56-42.png,ARID20/table/bottom/seq12,ARID20,table,bottom,seq12,seq12
1585,14,/mnt/Info/COGAR_DATASETs/OCID-dataset/ARID20/table/bottom/seq12/rgb/result_2018-08-21-16-57-05.png,/mnt/Info/COGAR_DATASETs/OCID-dataset/ARID20/table/bottom/seq12/label/result_2018-08-21-16-57-05.png,result_2018-08-21-16-57-05.png,ARID20/table/bottom/seq12,ARID20,table,bottom,seq12,seq12
1586,15,/mnt/Info/COGAR_DATASETs/OCID-dataset/ARID20/table/bottom/seq12/rgb/result_2018-08-21-16-57-28.png,/mnt/Info/COGAR_DATASETs/OCID-dataset/ARID20/table/bottom/seq12/label/result_2018-08-21-16-57-28.png,result_2018-08-21-16-57-28.png,ARID20/table/bottom/seq12,ARID20,table,bottom,seq12,seq12
1587,16,/mnt/Info/COGAR_DATASETs/OCID-dataset/ARID20/table/bottom/seq12/rgb/result_2018-08-21-16-58-19.png,/mnt/Info/COGAR_DATASETs/OCID-dataset/ARID20/table/bottom/seq12/label/result_2018-08-21-16-58-19.png,result_2018-08-21-16-58-19.png,ARID20/table/bottom/seq12,ARID20,table,bottom,seq12,seq12
1588,17,/mnt/Info/COGAR_DATASETs/OCID-dataset/ARID20/table/bottom/seq12/rgb/result_2018-08-21-16-58-46.png,/mnt/Info/COGAR_DATASETs/OCID-dataset/ARID20/table/bottom/seq12/label/result_2018-08-21-16-58-46.png,result_2018-08-21-16-58-46.png,ARID20/table/bottom/seq12,ARID20,table,bottom,seq12,seq12
1589,18,/mnt/Info/COGAR_DATASETs/OCID-dataset/ARID20/table/bottom/seq12/rgb/result_2018-08-21-16-59-10.png,/mnt/Info/COGAR_DATASETs/OCID-dataset/ARID20/table/bottom/seq12/label/result_2018-08-21-16-59-10.png,result_2018-08-21-16-59-10.png,ARID20/table/bottom/seq12,ARID20,table,bottom,seq12,seq12
1590,19,/mnt/Info/COGAR_DATASETs/OCID-dataset/ARID20/table/bottom/seq12/rgb/result_2018-08-21-17-00-51.png,/mnt/Info/COGAR_DATASETs/OCID-dataset/ARID20/table/bottom/seq12/label/result_2018-08-21-17-00-51.png,result_2018-08-21-17-00-51.png,ARID20/table/bottom/seq12,ARID20,table,bottom,seq12,seq12
1591,20,/mnt/Info/COGAR_DATASETs/OCID-dataset/ARID20/table/bottom/seq12/rgb/result_2018-08-21-17-01-31.png,/mnt/Info/COGAR_DATASETs/OCID-dataset/ARID20/table/bottom/seq12/label/result_2018-08-21-17-01-31.png,result_2018-08-21-17-01-31.png,ARID20/table/bottom/seq12,ARID20,table,bottom,seq12,seq12
1592,0,/mnt/Info/COGAR_DATASETs/OCID-dataset/ARID20/table/bottom/seq13/rgb/result_2018-08-23-09-27-14.png,/mnt/Info/COGAR_DATASETs/OCID-dataset/ARID20/table/bottom/seq13/label/result_2018-08-23-09-27-14.png,result_2018-08-23-09-27-14.png,ARID20/table/bottom/seq13,ARID20,table,bottom,seq13,seq13
1593,1,/mnt/Info/COGAR_DATASETs/OCID-dataset/ARID20/table/bottom/seq13/rgb/result_2018-08-23-09-31-38.png,/mnt/Info/COGAR_DATASETs/OCID-dataset/ARID20/table/bottom/seq13/label/result_2018-08-23-09-31-38.png,result_2018-08-23-09-31-38.png,ARID20/table/bottom/seq13,ARID20,table,bottom,seq13,seq13
1594,2,/mnt/Info/COGAR_DATASETs/OCID-dataset/ARID20/table/bottom/seq13/rgb/result_2018-08-23-09-32-07.png,/mnt/Info/COGAR_DATASETs/OCID-dataset/ARID20/table/bottom/seq13/label/result_2018-08-23-09-32-07.png,result_2018-08-23-09-32-07.png,ARID20/table/bottom/seq13,ARID20,table,bottom,seq13,seq13
1595,3,/mnt/Info/COGAR_DATASETs/OCID-dataset/ARID20/table/bottom/seq13/rgb/result_2018-08-23-09-32-37.png,/mnt/Info/COGAR_DATASETs/OCID-dataset/ARID20/table/bottom/seq13/label/result_2018-08-23-09-32-37.png,result_2018-08-23-09-32-37.png,ARID20/table/bottom/seq13,ARID20,table,bottom,seq13,seq13
1596,4,/mnt/Info/COGAR_DATASETs/OCID-dataset/ARID20/table/bottom/seq13/rgb/result_2018-08-23-09-33-02.png,/mnt/Info/COGAR_DATASETs/OCID-dataset/ARID20/table/bottom/seq13/label/result_2018-08-23-09-33-02.png,result_2018-08-23-09-33-02.png,ARID20/table/bottom/seq13,ARID20,table,bottom,seq13,seq13
1597,5,/mnt/Info/COGAR_DATASETs/OCID-dataset/ARID20/table/bottom/seq13/rgb/result_2018-08-23-09-33-27.png,/mnt/Info/COGAR_DATASETs/OCID-dataset/ARID20/table/bottom/seq13/label/result_2018-08-23-09-33-27.png,result_2018-08-23-09-33-27.png,ARID20/table/bottom/seq13,ARID20,table,bottom,seq13,seq13
1598,6,/mnt/Info/COGAR_DATASETs/OCID-dataset/ARID20/table/bottom/seq13/rgb/result_2018-08-23-09-33-51.png,/mnt/Info/COGAR_DATASETs/OCID-dataset/ARID20/table/bottom/seq13/label/result_2018-08-23-09-33-51.png,result_2018-08-23-09-33-51.png,ARID20/table/bottom/seq13,ARID20,table,bottom,seq13,seq13
1599,7,/mnt/Info/COGAR_DATASETs/OCID-dataset/ARID20/table/bottom/seq13/rgb/result_2018-08-23-09-34-12.png,/mnt/Info/COGAR_DATASETs/OCID-dataset/ARID20/table/bottom/seq13/label/result_2018-08-23-09-34-12.png,result_2018-08-23-09-34-12.png,ARID20/table/bottom/seq13,ARID20,table,bottom,seq13,seq13
1600,8,/mnt/Info/COGAR_DATASETs/OCID-dataset/ARID20/table/bottom/seq13/rgb/result_2018-08-23-09-34-42.png,/mnt/Info/COGAR_DATASETs/OCID-dataset/ARID20/table/bottom/seq13/label/result_2018-08-23-09-34-42.png,result_2018-08-23-09-34-42.png,ARID20/table/bottom/seq13,ARID20,table,bottom,seq13,seq13
1601,9,/mnt/Info/COGAR_DATASETs/OCID-dataset/ARID20/table/bottom/seq13/rgb/result_2018-08-23-09-35-08.png,/mnt/Info/COGAR_DATASETs/OCID-dataset/ARID20/table/bottom/seq13/label/result_2018-08-23-09-35-08.png,result_2018-08-23-09-35-08.png,ARID20/table/bottom/seq13,ARID20,table,bottom,seq13,seq13
1602,10,/mnt/Info/COGAR_DATASETs/OCID-dataset/ARID20/table/bottom/seq13/rgb/result_2018-08-23-09-37-34.png,/mnt/Info/COGAR_DATASETs/OCID-dataset/ARID20/table/bottom/seq13/label/result_2018-08-23-09-37-34.png,result_2018-08-23-09-37-34.png,ARID20/table/bottom/seq13,ARID20,table,bottom,seq13,seq13
1603,11,/mnt/Info/COGAR_DATASETs/OCID-dataset/ARID20/table/bottom/seq13/rgb/result_2018-08-23-09-38-10.png,/mnt/Info/COGAR_DATASETs/OCID-dataset/ARID20/table/bottom/seq13/label/result_2018-08-23-09-38-10.png,result_2018-08-23-09-38-10.png,ARID20/table/bottom/seq13,ARID20,table,bottom,seq13,seq13
1604,12,/mnt/Info/COGAR_DATASETs/OCID-dataset/ARID20/table/bottom/seq13/rgb/result_2018-08-23-09-39-08.png,/mnt/Info/COGAR_DATASETs/OCID-dataset/ARID20/table/bottom/seq13/label/result_2018-08-23-09-39-08.png,result_2018-08-23-09-39-08.png,ARID20/table/bottom/seq13,ARID20,table,bottom,seq13,seq13
1605,13,/mnt/Info/COGAR_DATASETs/OCID-dataset/ARID20/table/bottom/seq13/rgb/result_2018-08-23-09-39-39.png,/mnt/Info/COGAR_DATASETs/OCID-dataset/ARID20/table/bottom/seq13/label/result_2018-08-23-09-39-39.png,result_2018-08-23-09-39-39.png,ARID20/table/bottom/seq13,ARID20,table,bottom,seq13,seq13
1606,14,/mnt/Info/COGAR_DATASETs/OCID-dataset/ARID20/table/bottom/seq13/rgb/result_2018-08-23-09-40-25.png,/mnt/Info/COGAR_DATASETs/OCID-dataset/ARID20/table/bottom/seq13/label/result_2018-08-23-09-40-25.png,result_2018-08-23-09-40-25.png,ARID20/table/bottom/seq13,ARID20,table,bottom,seq13,seq13
1607,15,/mnt/Info/COGAR_DATASETs/OCID-dataset/ARID20/table/bottom/seq13/rgb/result_2018-08-23-09-41-43.png,/mnt/Info/COGAR_DATASETs/OCID-dataset/ARID20/table/bottom/seq13/label/result_2018-08-23-09-41-43.png,result_2018-08-23-09-41-43.png,ARID20/table/bottom/seq13,ARID20,table,bottom,seq13,seq13
1608,16,/mnt/Info/COGAR_DATASETs/OCID-dataset/ARID20/table/bottom/seq13/rgb/result_2018-08-23-09-42-30.png,/mnt/Info/COGAR_DATASETs/OCID-dataset/ARID20/table/bottom/seq13/label/result_2018-08-23-09-42-30.png,result_2018-08-23-09-42-30.png,ARID20/table/bottom/seq13,ARID20,table,bottom,seq13,seq13
1609,17,/mnt/Info/COGAR_DATASETs/OCID-dataset/ARID20/table/bottom/seq13/rgb/result_2018-08-23-09-43-06.png,/mnt/Info/COGAR_DATASETs/OCID-dataset/ARID20/table/bottom/seq13/label/result_2018-08-23-09-43-06.png,result_2018-08-23-09-43-06.png,ARID20/table/bottom/seq13,ARID20,table,bottom,seq13,seq13
1610,18,/mnt/Info/COGAR_DATASETs/OCID-dataset/ARID20/table/bottom/seq13/rgb/result_2018-08-23-09-43-54.png,/mnt/Info/COGAR_DATASETs/OCID-dataset/ARID20/table/bottom/seq13/label/result_2018-08-23-09-43-54.png,result_2018-08-23-09-43-54.png,ARID20/table/bottom/seq13,ARID20,table,bottom,seq13,seq13
1611,19,/mnt/Info/COGAR_DATASETs/OCID-dataset/ARID20/table/bottom/seq13/rgb/result_2018-08-23-09-44-18.png,/mnt/Info/COGAR_DATASETs/OCID-dataset/ARID20/table/bottom/seq13/label/result_2018-08-23-09-44-18.png,result_2018-08-23-09-44-18.png,ARID20/table/bottom/seq13,ARID20,table,bottom,seq13,seq13
1612,20,/mnt/Info/COGAR_DATASETs/OCID-dataset/ARID20/table/bottom/seq13/rgb/result_2018-08-23-09-44-51.png,/mnt/Info/COGAR_DATASETs/OCID-dataset/ARID20/table/bottom/seq13/label/result_2018-08-23-09-44-51.png,result_2018-08-23-09-44-51.png,ARID20/table/bottom/seq13,ARID20,table,bottom,seq13,seq13
1613,0,/mnt/Info/COGAR_DATASETs/OCID-dataset/ARID20/table/top/seq01/rgb/result_2018-08-21-10-59-55.png,/mnt/Info/COGAR_DATASETs/OCID-dataset/ARID20/table/top/seq01/label/result_2018-08-21-10-59-55.png,result_2018-08-21-10-59-55.png,ARID20/table/top/seq01,ARID20,table,top,seq01,seq01
1614,1,/mnt/Info/COGAR_DATASETs/OCID-dataset/ARID20/table/top/seq01/rgb/result_2018-08-21-11-04-15.png,/mnt/Info/COGAR_DATASETs/OCID-dataset/ARID20/table/top/seq01/label/result_2018-08-21-11-04-15.png,result_2018-08-21-11-04-15.png,ARID20/table/top/seq01,ARID20,table,top,seq01,seq01
1615,2,/mnt/Info/COGAR_DATASETs/OCID-dataset/ARID20/table/top/seq01/rgb/result_2018-08-21-11-04-41.png,/mnt/Info/COGAR_DATASETs/OCID-dataset/ARID20/table/top/seq01/label/result_2018-08-21-11-04-41.png,result_2018-08-21-11-04-41.png,ARID20/table/top/seq01,ARID20,table,top,seq01,seq01
1616,3,/mnt/Info/COGAR_DATASETs/OCID-dataset/ARID20/table/top/seq01/rgb/result_2018-08-21-11-07-29.png,/mnt/Info/COGAR_DATASETs/OCID-dataset/ARID20/table/top/seq01/label/result_2018-08-21-11-07-29.png,result_2018-08-21-11-07-29.png,ARID20/table/top/seq01,ARID20,table,top,seq01,seq01
1617,4,/mnt/Info/COGAR_DATASETs/OCID-dataset/ARID20/table/top/seq01/rgb/result_2018-08-21-11-07-57.png,/mnt/Info/COGAR_DATASETs/OCID-dataset/ARID20/table/top/seq01/label/result_2018-08-21-11-07-57.png,result_2018-08-21-11-07-57.png,ARID20/table/top/seq01,ARID20,table,top,seq01,seq01
1618,5,/mnt/Info/COGAR_DATASETs/OCID-dataset/ARID20/table/top/seq01/rgb/result_2018-08-21-11-08-54.png,/mnt/Info/COGAR_DATASETs/OCID-dataset/ARID20/table/top/seq01/label/result_2018-08-21-11-08-54.png,result_2018-08-21-11-08-54.png,ARID20/table/top/seq01,ARID20,table,top,seq01,seq01
1619,6,/mnt/Info/COGAR_DATASETs/OCID-dataset/ARID20/table/top/seq01/rgb/result_2018-08-21-11-10-08.png,/mnt/Info/COGAR_DATASETs/OCID-dataset/ARID20/table/top/seq01/label/result_2018-08-21-11-10-08.png,result_2018-08-21-11-10-08.png,ARID20/table/top/seq01,ARID20,table,top,seq01,seq01
1620,7,/mnt/Info/COGAR_DATASETs/OCID-dataset/ARID20/table/top/seq01/rgb/result_2018-08-21-11-10-42.png,/mnt/Info/COGAR_DATASETs/OCID-dataset/ARID20/table/top/seq01/label/result_2018-08-21-11-10-42.png,result_2018-08-21-11-10-42.png,ARID20/table/top/seq01,ARID20,table,top,seq01,seq01
1621,8,/mnt/Info/COGAR_DATASETs/OCID-dataset/ARID20/table/top/seq01/rgb/result_2018-08-21-11-11-22.png,/mnt/Info/COGAR_DATASETs/OCID-dataset/ARID20/table/top/seq01/label/result_2018-08-21-11-11-22.png,result_2018-08-21-11-11-22.png,ARID20/table/top/seq01,ARID20,table,top,seq01,seq01
1622,9,/mnt/Info/COGAR_DATASETs/OCID-dataset/ARID20/table/top/seq01/rgb/result_2018-08-21-11-11-59.png,/mnt/Info/COGAR_DATASETs/OCID-dataset/ARID20/table/top/seq01/label/result_2018-08-21-11-11-59.png,result_2018-08-21-11-11-59.png,ARID20/table/top/seq01,ARID20,table,top,seq01,seq01
1623,10,/mnt/Info/COGAR_DATASETs/OCID-dataset/ARID20/table/top/seq01/rgb/result_2018-08-21-11-12-38.png,/mnt/Info/COGAR_DATASETs/OCID-dataset/ARID20/table/top/seq01/label/result_2018-08-21-11-12-38.png,result_2018-08-21-11-12-38.png,ARID20/table/top/seq01,ARID20,table,top,seq01,seq01
1624,11,/mnt/Info/COGAR_DATASETs/OCID-dataset/ARID20/table/top/seq01/rgb/result_2018-08-21-11-15-28.png,/mnt/Info/COGAR_DATASETs/OCID-dataset/ARID20/table/top/seq01/label/result_2018-08-21-11-15-28.png,result_2018-08-21-11-15-28.png,ARID20/table/top/seq01,ARID20,table,top,seq01,seq01
1625,12,/mnt/Info/COGAR_DATASETs/OCID-dataset/ARID20/table/top/seq01/rgb/result_2018-08-21-11-16-05.png,/mnt/Info/COGAR_DATASETs/OCID-dataset/ARID20/table/top/seq01/label/result_2018-08-21-11-16-05.png,result_2018-08-21-11-16-05.png,ARID20/table/top/seq01,ARID20,table,top,seq01,seq01
1626,13,/mnt/Info/COGAR_DATASETs/OCID-dataset/ARID20/table/top/seq01/rgb/result_2018-08-21-11-17-03.png,/mnt/Info/COGAR_DATASETs/OCID-dataset/ARID20/table/top/seq01/label/result_2018-08-21-11-17-03.png,result_2018-08-21-11-17-03.png,ARID20/table/top/seq01,ARID20,table,top,seq01,seq01
1627,14,/mnt/Info/COGAR_DATASETs/OCID-dataset/ARID20/table/top/seq01/rgb/result_2018-08-21-11-18-28.png,/mnt/Info/COGAR_DATASETs/OCID-dataset/ARID20/table/top/seq01/label/result_2018-08-21-11-18-28.png,result_2018-08-21-11-18-28.png,ARID20/table/top/seq01,ARID20,table,top,seq01,seq01
1628,15,/mnt/Info/COGAR_DATASETs/OCID-dataset/ARID20/table/top/seq01/rgb/result_2018-08-21-11-19-19.png,/mnt/Info/COGAR_DATASETs/OCID-dataset/ARID20/table/top/seq01/label/result_2018-08-21-11-19-19.png,result_2018-08-21-11-19-19.png,ARID20/table/top/seq01,ARID20,table,top,seq01,seq01
1629,16,/mnt/Info/COGAR_DATASETs/OCID-dataset/ARID20/table/top/seq01/rgb/result_2018-08-21-11-20-37.png,/mnt/Info/COGAR_DATASETs/OCID-dataset/ARID20/table/top/seq01/label/result_2018-08-21-11-20-37.png,result_2018-08-21-11-20-37.png,ARID20/table/top/seq01,ARID20,table,top,seq01,seq01
1630,17,/mnt/Info/COGAR_DATASETs/OCID-dataset/ARID20/table/top/seq01/rgb/result_2018-08-21-11-21-24.png,/mnt/Info/COGAR_DATASETs/OCID-dataset/ARID20/table/top/seq01/label/result_2018-08-21-11-21-24.png,result_2018-08-21-11-21-24.png,ARID20/table/top/seq01,ARID20,table,top,seq01,seq01
1631,18,/mnt/Info/COGAR_DATASETs/OCID-dataset/ARID20/table/top/seq01/rgb/result_2018-08-21-11-22-46.png,/mnt/Info/COGAR_DATASETs/OCID-dataset/ARID20/table/top/seq01/label/result_2018-08-21-11-22-46.png,result_2018-08-21-11-22-46.png,ARID20/table/top/seq01,ARID20,table,top,seq01,seq01
1632,19,/mnt/Info/COGAR_DATASETs/OCID-dataset/ARID20/table/top/seq01/rgb/result_2018-08-21-11-23-11.png,/mnt/Info/COGAR_DATASETs/OCID-dataset/ARID20/table/top/seq01/label/result_2018-08-21-11-23-11.png,result_2018-08-21-11-23-11.png,ARID20/table/top/seq01,ARID20,table,top,seq01,seq01
1633,20,/mnt/Info/COGAR_DATASETs/OCID-dataset/ARID20/table/top/seq01/rgb/result_2018-08-21-11-23-54.png,/mnt/Info/COGAR_DATASETs/OCID-dataset/ARID20/table/top/seq01/label/result_2018-08-21-11-23-54.png,result_2018-08-21-11-23-54.png,ARID20/table/top/seq01,ARID20,table,top,seq01,seq01
1634,0,/mnt/Info/COGAR_DATASETs/OCID-dataset/ARID20/table/top/seq02/rgb/result_2018-08-21-11-26-41.png,/mnt/Info/COGAR_DATASETs/OCID-dataset/ARID20/table/top/seq02/label/result_2018-08-21-11-26-41.png,result_2018-08-21-11-26-41.png,ARID20/table/top/seq02,ARID20,table,top,seq02,seq02
1635,1,/mnt/Info/COGAR_DATASETs/OCID-dataset/ARID20/table/top/seq02/rgb/result_2018-08-21-11-30-22.png,/mnt/Info/COGAR_DATASETs/OCID-dataset/ARID20/table/top/seq02/label/result_2018-08-21-11-30-22.png,result_2018-08-21-11-30-22.png,ARID20/table/top/seq02,ARID20,table,top,seq02,seq02
1636,2,/mnt/Info/COGAR_DATASETs/OCID-dataset/ARID20/table/top/seq02/rgb/result_2018-08-21-11-31-24.png,/mnt/Info/COGAR_DATASETs/OCID-dataset/ARID20/table/top/seq02/label/result_2018-08-21-11-31-24.png,result_2018-08-21-11-31-24.png,ARID20/table/top/seq02,ARID20,table,top,seq02,seq02
1637,3,/mnt/Info/COGAR_DATASETs/OCID-dataset/ARID20/table/top/seq02/rgb/result_2018-08-21-11-31-54.png,/mnt/Info/COGAR_DATASETs/OCID-dataset/ARID20/table/top/seq02/label/result_2018-08-21-11-31-54.png,result_2018-08-21-11-31-54.png,ARID20/table/top/seq02,ARID20,table,top,seq02,seq02
1638,4,/mnt/Info/COGAR_DATASETs/OCID-dataset/ARID20/table/top/seq02/rgb/result_2018-08-21-11-32-24.png,/mnt/Info/COGAR_DATASETs/OCID-dataset/ARID20/table/top/seq02/label/result_2018-08-21-11-32-24.png,result_2018-08-21-11-32-24.png,ARID20/table/top/seq02,ARID20,table,top,seq02,seq02
1639,5,/mnt/Info/COGAR_DATASETs/OCID-dataset/ARID20/table/top/seq02/rgb/result_2018-08-21-11-33-07.png,/mnt/Info/COGAR_DATASETs/OCID-dataset/ARID20/table/top/seq02/label/result_2018-08-21-11-33-07.png,result_2018-08-21-11-33-07.png,ARID20/table/top/seq02,ARID20,table,top,seq02,seq02
1640,6,/mnt/Info/COGAR_DATASETs/OCID-dataset/ARID20/table/top/seq02/rgb/result_2018-08-21-11-34-03.png,/mnt/Info/COGAR_DATASETs/OCID-dataset/ARID20/table/top/seq02/label/result_2018-08-21-11-34-03.png,result_2018-08-21-11-34-03.png,ARID20/table/top/seq02,ARID20,table,top,seq02,seq02
1641,7,/mnt/Info/COGAR_DATASETs/OCID-dataset/ARID20/table/top/seq02/rgb/result_2018-08-21-11-34-55.png,/mnt/Info/COGAR_DATASETs/OCID-dataset/ARID20/table/top/seq02/label/result_2018-08-21-11-34-55.png,result_2018-08-21-11-34-55.png,ARID20/table/top/seq02,ARID20,table,top,seq02,seq02
1642,8,/mnt/Info/COGAR_DATASETs/OCID-dataset/ARID20/table/top/seq02/rgb/result_2018-08-21-11-35-56.png,/mnt/Info/COGAR_DATASETs/OCID-dataset/ARID20/table/top/seq02/label/result_2018-08-21-11-35-56.png,result_2018-08-21-11-35-56.png,ARID20/table/top/seq02,ARID20,table,top,seq02,seq02
1643,9,/mnt/Info/COGAR_DATASETs/OCID-dataset/ARID20/table/top/seq02/rgb/result_2018-08-21-11-37-26.png,/mnt/Info/COGAR_DATASETs/OCID-dataset/ARID20/table/top/seq02/label/result_2018-08-21-11-37-26.png,result_2018-08-21-11-37-26.png,ARID20/table/top/seq02,ARID20,table,top,seq02,seq02
1644,10,/mnt/Info/COGAR_DATASETs/OCID-dataset/ARID20/table/top/seq02/rgb/result_2018-08-21-11-38-30.png,/mnt/Info/COGAR_DATASETs/OCID-dataset/ARID20/table/top/seq02/label/result_2018-08-21-11-38-30.png,result_2018-08-21-11-38-30.png,ARID20/table/top/seq02,ARID20,table,top,seq02,seq02
1645,11,/mnt/Info/COGAR_DATASETs/OCID-dataset/ARID20/table/top/seq02/rgb/result_2018-08-21-11-39-01.png,/mnt/Info/COGAR_DATASETs/OCID-dataset/ARID20/table/top/seq02/label/result_2018-08-21-11-39-01.png,result_2018-08-21-11-39-01.png,ARID20/table/top/seq02,ARID20,table,top,seq02,seq02
1646,12,/mnt/Info/COGAR_DATASETs/OCID-dataset/ARID20/table/top/seq02/rgb/result_2018-08-21-11-39-38.png,/mnt/Info/COGAR_DATASETs/OCID-dataset/ARID20/table/top/seq02/label/result_2018-08-21-11-39-38.png,result_2018-08-21-11-39-38.png,ARID20/table/top/seq02,ARID20,table,top,seq02,seq02
1647,13,/mnt/Info/COGAR_DATASETs/OCID-dataset/ARID20/table/top/seq02/rgb/result_2018-08-21-11-40-54.png,/mnt/Info/COGAR_DATASETs/OCID-dataset/ARID20/table/top/seq02/label/result_2018-08-21-11-40-54.png,result_2018-08-21-11-40-54.png,ARID20/table/top/seq02,ARID20,table,top,seq02,seq02
1648,14,/mnt/Info/COGAR_DATASETs/OCID-dataset/ARID20/table/top/seq02/rgb/result_2018-08-21-11-41-33.png,/mnt/Info/COGAR_DATASETs/OCID-dataset/ARID20/table/top/seq02/label/result_2018-08-21-11-41-33.png,result_2018-08-21-11-41-33.png,ARID20/table/top/seq02,ARID20,table,top,seq02,seq02
1649,15,/mnt/Info/COGAR_DATASETs/OCID-dataset/ARID20/table/top/seq02/rgb/result_2018-08-21-11-42-18.png,/mnt/Info/COGAR_DATASETs/OCID-dataset/ARID20/table/top/seq02/label/result_2018-08-21-11-42-18.png,result_2018-08-21-11-42-18.png,ARID20/table/top/seq02,ARID20,table,top,seq02,seq02
1650,16,/mnt/Info/COGAR_DATASETs/OCID-dataset/ARID20/table/top/seq02/rgb/result_2018-08-21-11-43-23.png,/mnt/Info/COGAR_DATASETs/OCID-dataset/ARID20/table/top/seq02/label/result_2018-08-21-11-43-23.png,result_2018-08-21-11-43-23.png,ARID20/table/top/seq02,ARID20,table,top,seq02,seq02
1651,17,/mnt/Info/COGAR_DATASETs/OCID-dataset/ARID20/table/top/seq02/rgb/result_2018-08-21-11-44-00.png,/mnt/Info/COGAR_DATASETs/OCID-dataset/ARID20/table/top/seq02/label/result_2018-08-21-11-44-00.png,result_2018-08-21-11-44-00.png,ARID20/table/top/seq02,ARID20,table,top,seq02,seq02
1652,18,/mnt/Info/COGAR_DATASETs/OCID-dataset/ARID20/table/top/seq02/rgb/result_2018-08-21-11-44-39.png,/mnt/Info/COGAR_DATASETs/OCID-dataset/ARID20/table/top/seq02/label/result_2018-08-21-11-44-39.png,result_2018-08-21-11-44-39.png,ARID20/table/top/seq02,ARID20,table,top,seq02,seq02
1653,19,/mnt/Info/COGAR_DATASETs/OCID-dataset/ARID20/table/top/seq02/rgb/result_2018-08-21-11-45-16.png,/mnt/Info/COGAR_DATASETs/OCID-dataset/ARID20/table/top/seq02/label/result_2018-08-21-11-45-16.png,result_2018-08-21-11-45-16.png,ARID20/table/top/seq02,ARID20,table,top,seq02,seq02
1654,20,/mnt/Info/COGAR_DATASETs/OCID-dataset/ARID20/table/top/seq02/rgb/result_2018-08-21-11-46-17.png,/mnt/Info/COGAR_DATASETs/OCID-dataset/ARID20/table/top/seq02/label/result_2018-08-21-11-46-17.png,result_2018-08-21-11-46-17.png,ARID20/table/top/seq02,ARID20,table,top,seq02,seq02
1655,0,/mnt/Info/COGAR_DATASETs/OCID-dataset/ARID20/table/top/seq03/rgb/result_2018-08-21-11-49-48.png,/mnt/Info/COGAR_DATASETs/OCID-dataset/ARID20/table/top/seq03/label/result_2018-08-21-11-49-48.png,result_2018-08-21-11-49-48.png,ARID20/table/top/seq03,ARID20,table,top,seq03,seq03
1656,1,/mnt/Info/COGAR_DATASETs/OCID-dataset/ARID20/table/top/seq03/rgb/result_2018-08-21-11-50-26.png,/mnt/Info/COGAR_DATASETs/OCID-dataset/ARID20/table/top/seq03/label/result_2018-08-21-11-50-26.png,result_2018-08-21-11-50-26.png,ARID20/table/top/seq03,ARID20,table,top,seq03,seq03
1657,2,/mnt/Info/COGAR_DATASETs/OCID-dataset/ARID20/table/top/seq03/rgb/result_2018-08-21-11-51-04.png,/mnt/Info/COGAR_DATASETs/OCID-dataset/ARID20/table/top/seq03/label/result_2018-08-21-11-51-04.png,result_2018-08-21-11-51-04.png,ARID20/table/top/seq03,ARID20,table,top,seq03,seq03
1658,3,/mnt/Info/COGAR_DATASETs/OCID-dataset/ARID20/table/top/seq03/rgb/result_2018-08-21-11-51-32.png,/mnt/Info/COGAR_DATASETs/OCID-dataset/ARID20/table/top/seq03/label/result_2018-08-21-11-51-32.png,result_2018-08-21-11-51-32.png,ARID20/table/top/seq03,ARID20,table,top,seq03,seq03
1659,4,/mnt/Info/COGAR_DATASETs/OCID-dataset/ARID20/table/top/seq03/rgb/result_2018-08-21-11-52-25.png,/mnt/Info/COGAR_DATASETs/OCID-dataset/ARID20/table/top/seq03/label/result_2018-08-21-11-52-25.png,result_2018-08-21-11-52-25.png,ARID20/table/top/seq03,ARID20,table,top,seq03,seq03
1660,5,/mnt/Info/COGAR_DATASETs/OCID-dataset/ARID20/table/top/seq03/rgb/result_2018-08-21-11-53-56.png,/mnt/Info/COGAR_DATASETs/OCID-dataset/ARID20/table/top/seq03/label/result_2018-08-21-11-53-56.png,result_2018-08-21-11-53-56.png,ARID20/table/top/seq03,ARID20,table,top,seq03,seq03
1661,6,/mnt/Info/COGAR_DATASETs/OCID-dataset/ARID20/table/top/seq03/rgb/result_2018-08-21-11-54-33.png,/mnt/Info/COGAR_DATASETs/OCID-dataset/ARID20/table/top/seq03/label/result_2018-08-21-11-54-33.png,result_2018-08-21-11-54-33.png,ARID20/table/top/seq03,ARID20,table,top,seq03,seq03
1662,7,/mnt/Info/COGAR_DATASETs/OCID-dataset/ARID20/table/top/seq03/rgb/result_2018-08-21-11-55-06.png,/mnt/Info/COGAR_DATASETs/OCID-dataset/ARID20/table/top/seq03/label/result_2018-08-21-11-55-06.png,result_2018-08-21-11-55-06.png,ARID20/table/top/seq03,ARID20,table,top,seq03,seq03
1663,8,/mnt/Info/COGAR_DATASETs/OCID-dataset/ARID20/table/top/seq03/rgb/result_2018-08-21-11-56-13.png,/mnt/Info/COGAR_DATASETs/OCID-dataset/ARID20/table/top/seq03/label/result_2018-08-21-11-56-13.png,result_2018-08-21-11-56-13.png,ARID20/table/top/seq03,ARID20,table,top,seq03,seq03
1664,9,/mnt/Info/COGAR_DATASETs/OCID-dataset/ARID20/table/top/seq03/rgb/result_2018-08-21-11-56-42.png,/mnt/Info/COGAR_DATASETs/OCID-dataset/ARID20/table/top/seq03/label/result_2018-08-21-11-56-42.png,result_2018-08-21-11-56-42.png,ARID20/table/top/seq03,ARID20,table,top,seq03,seq03
1665,10,/mnt/Info/COGAR_DATASETs/OCID-dataset/ARID20/table/top/seq03/rgb/result_2018-08-21-11-57-25.png,/mnt/Info/COGAR_DATASETs/OCID-dataset/ARID20/table/top/seq03/label/result_2018-08-21-11-57-25.png,result_2018-08-21-11-57-25.png,ARID20/table/top/seq03,ARID20,table,top,seq03,seq03
1666,11,/mnt/Info/COGAR_DATASETs/OCID-dataset/ARID20/table/top/seq03/rgb/result_2018-08-21-11-57-52.png,/mnt/Info/COGAR_DATASETs/OCID-dataset/ARID20/table/top/seq03/label/result_2018-08-21-11-57-52.png,result_2018-08-21-11-57-52.png,ARID20/table/top/seq03,ARID20,table,top,seq03,seq03
1667,12,/mnt/Info/COGAR_DATASETs/OCID-dataset/ARID20/table/top/seq03/rgb/result_2018-08-21-11-58-44.png,/mnt/Info/COGAR_DATASETs/OCID-dataset/ARID20/table/top/seq03/label/result_2018-08-21-11-58-44.png,result_2018-08-21-11-58-44.png,ARID20/table/top/seq03,ARID20,table,top,seq03,seq03
1668,13,/mnt/Info/COGAR_DATASETs/OCID-dataset/ARID20/table/top/seq03/rgb/result_2018-08-21-11-59-44.png,/mnt/Info/COGAR_DATASETs/OCID-dataset/ARID20/table/top/seq03/label/result_2018-08-21-11-59-44.png,result_2018-08-21-11-59-44.png,ARID20/table/top/seq03,ARID20,table,top,seq03,seq03
1669,14,/mnt/Info/COGAR_DATASETs/OCID-dataset/ARID20/table/top/seq03/rgb/result_2018-08-21-12-00-32.png,/mnt/Info/COGAR_DATASETs/OCID-dataset/ARID20/table/top/seq03/label/result_2018-08-21-12-00-32.png,result_2018-08-21-12-00-32.png,ARID20/table/top/seq03,ARID20,table,top,seq03,seq03
1670,15,/mnt/Info/COGAR_DATASETs/OCID-dataset/ARID20/table/top/seq03/rgb/result_2018-08-21-12-01-36.png,/mnt/Info/COGAR_DATASETs/OCID-dataset/ARID20/table/top/seq03/label/result_2018-08-21-12-01-36.png,result_2018-08-21-12-01-36.png,ARID20/table/top/seq03,ARID20,table,top,seq03,seq03
1671,16,/mnt/Info/COGAR_DATASETs/OCID-dataset/ARID20/table/top/seq03/rgb/result_2018-08-21-12-02-44.png,/mnt/Info/COGAR_DATASETs/OCID-dataset/ARID20/table/top/seq03/label/result_2018-08-21-12-02-44.png,result_2018-08-21-12-02-44.png,ARID20/table/top/seq03,ARID20,table,top,seq03,seq03
1672,17,/mnt/Info/COGAR_DATASETs/OCID-dataset/ARID20/table/top/seq03/rgb/result_2018-08-21-12-03-10.png,/mnt/Info/COGAR_DATASETs/OCID-dataset/ARID20/table/top/seq03/label/result_2018-08-21-12-03-10.png,result_2018-08-21-12-03-10.png,ARID20/table/top/seq03,ARID20,table,top,seq03,seq03
1673,18,/mnt/Info/COGAR_DATASETs/OCID-dataset/ARID20/table/top/seq03/rgb/result_2018-08-21-12-03-52.png,/mnt/Info/COGAR_DATASETs/OCID-dataset/ARID20/table/top/seq03/label/result_2018-08-21-12-03-52.png,result_2018-08-21-12-03-52.png,ARID20/table/top/seq03,ARID20,table,top,seq03,seq03
1674,19,/mnt/Info/COGAR_DATASETs/OCID-dataset/ARID20/table/top/seq03/rgb/result_2018-08-21-12-04-58.png,/mnt/Info/COGAR_DATASETs/OCID-dataset/ARID20/table/top/seq03/label/result_2018-08-21-12-04-58.png,result_2018-08-21-12-04-58.png,ARID20/table/top/seq03,ARID20,table,top,seq03,seq03
1675,20,/mnt/Info/COGAR_DATASETs/OCID-dataset/ARID20/table/top/seq03/rgb/result_2018-08-21-12-05-59.png,/mnt/Info/COGAR_DATASETs/OCID-dataset/ARID20/table/top/seq03/label/result_2018-08-21-12-05-59.png,result_2018-08-21-12-05-59.png,ARID20/table/top/seq03,ARID20,table,top,seq03,seq03
1676,0,/mnt/Info/COGAR_DATASETs/OCID-dataset/ARID20/table/top/seq04/rgb/result_2018-08-21-12-09-16.png,/mnt/Info/COGAR_DATASETs/OCID-dataset/ARID20/table/top/seq04/label/result_2018-08-21-12-09-16.png,result_2018-08-21-12-09-16.png,ARID20/table/top/seq04,ARID20,table,top,seq04,seq04
1677,1,/mnt/Info/COGAR_DATASETs/OCID-dataset/ARID20/table/top/seq04/rgb/result_2018-08-21-12-09-50.png,/mnt/Info/COGAR_DATASETs/OCID-dataset/ARID20/table/top/seq04/label/result_2018-08-21-12-09-50.png,result_2018-08-21-12-09-50.png,ARID20/table/top/seq04,ARID20,table,top,seq04,seq04
1678,2,/mnt/Info/COGAR_DATASETs/OCID-dataset/ARID20/table/top/seq04/rgb/result_2018-08-21-12-10-25.png,/mnt/Info/COGAR_DATASETs/OCID-dataset/ARID20/table/top/seq04/label/result_2018-08-21-12-10-25.png,result_2018-08-21-12-10-25.png,ARID20/table/top/seq04,ARID20,table,top,seq04,seq04
1679,3,/mnt/Info/COGAR_DATASETs/OCID-dataset/ARID20/table/top/seq04/rgb/result_2018-08-21-12-11-44.png,/mnt/Info/COGAR_DATASETs/OCID-dataset/ARID20/table/top/seq04/label/result_2018-08-21-12-11-44.png,result_2018-08-21-12-11-44.png,ARID20/table/top/seq04,ARID20,table,top,seq04,seq04
1680,4,/mnt/Info/COGAR_DATASETs/OCID-dataset/ARID20/table/top/seq04/rgb/result_2018-08-21-12-12-30.png,/mnt/Info/COGAR_DATASETs/OCID-dataset/ARID20/table/top/seq04/label/result_2018-08-21-12-12-30.png,result_2018-08-21-12-12-30.png,ARID20/table/top/seq04,ARID20,table,top,seq04,seq04
1681,5,/mnt/Info/COGAR_DATASETs/OCID-dataset/ARID20/table/top/seq04/rgb/result_2018-08-21-12-13-01.png,/mnt/Info/COGAR_DATASETs/OCID-dataset/ARID20/table/top/seq04/label/result_2018-08-21-12-13-01.png,result_2018-08-21-12-13-01.png,ARID20/table/top/seq04,ARID20,table,top,seq04,seq04
1682,6,/mnt/Info/COGAR_DATASETs/OCID-dataset/ARID20/table/top/seq04/rgb/result_2018-08-21-12-15-27.png,/mnt/Info/COGAR_DATASETs/OCID-dataset/ARID20/table/top/seq04/label/result_2018-08-21-12-15-27.png,result_2018-08-21-12-15-27.png,ARID20/table/top/seq04,ARID20,table,top,seq04,seq04
1683,7,/mnt/Info/COGAR_DATASETs/OCID-dataset/ARID20/table/top/seq04/rgb/result_2018-08-21-12-15-58.png,/mnt/Info/COGAR_DATASETs/OCID-dataset/ARID20/table/top/seq04/label/result_2018-08-21-12-15-58.png,result_2018-08-21-12-15-58.png,ARID20/table/top/seq04,ARID20,table,top,seq04,seq04
1684,8,/mnt/Info/COGAR_DATASETs/OCID-dataset/ARID20/table/top/seq04/rgb/result_2018-08-21-12-16-25.png,/mnt/Info/COGAR_DATASETs/OCID-dataset/ARID20/table/top/seq04/label/result_2018-08-21-12-16-25.png,result_2018-08-21-12-16-25.png,ARID20/table/top/seq04,ARID20,table,top,seq04,seq04
1685,9,/mnt/Info/COGAR_DATASETs/OCID-dataset/ARID20/table/top/seq04/rgb/result_2018-08-21-12-16-57.png,/mnt/Info/COGAR_DATASETs/OCID-dataset/ARID20/table/top/seq04/label/result_2018-08-21-12-16-57.png,result_2018-08-21-12-16-57.png,ARID20/table/top/seq04,ARID20,table,top,seq04,seq04
1686,10,/mnt/Info/COGAR_DATASETs/OCID-dataset/ARID20/table/top/seq04/rgb/result_2018-08-21-12-17-28.png,/mnt/Info/COGAR_DATASETs/OCID-dataset/ARID20/table/top/seq04/label/result_2018-08-21-12-17-28.png,result_2018-08-21-12-17-28.png,ARID20/table/top/seq04,ARID20,table,top,seq04,seq04
1687,11,/mnt/Info/COGAR_DATASETs/OCID-dataset/ARID20/table/top/seq04/rgb/result_2018-08-21-12-18-06.png,/mnt/Info/COGAR_DATASETs/OCID-dataset/ARID20/table/top/seq04/label/result_2018-08-21-12-18-06.png,result_2018-08-21-12-18-06.png,ARID20/table/top/seq04,ARID20,table,top,seq04,seq04
1688,12,/mnt/Info/COGAR_DATASETs/OCID-dataset/ARID20/table/top/seq04/rgb/result_2018-08-21-12-18-58.png,/mnt/Info/COGAR_DATASETs/OCID-dataset/ARID20/table/top/seq04/label/result_2018-08-21-12-18-58.png,result_2018-08-21-12-18-58.png,ARID20/table/top/seq04,ARID20,table,top,seq04,seq04
1689,13,/mnt/Info/COGAR_DATASETs/OCID-dataset/ARID20/table/top/seq04/rgb/result_2018-08-21-12-19-48.png,/mnt/Info/COGAR_DATASETs/OCID-dataset/ARID20/table/top/seq04/label/result_2018-08-21-12-19-48.png,result_2018-08-21-12-19-48.png,ARID20/table/top/seq04,ARID20,table,top,seq04,seq04
1690,14,/mnt/Info/COGAR_DATASETs/OCID-dataset/ARID20/table/top/seq04/rgb/result_2018-08-21-12-20-23.png,/mnt/Info/COGAR_DATASETs/OCID-dataset/ARID20/table/top/seq04/label/result_2018-08-21-12-20-23.png,result_2018-08-21-12-20-23.png,ARID20/table/top/seq04,ARID20,table,top,seq04,seq04
1691,15,/mnt/Info/COGAR_DATASETs/OCID-dataset/ARID20/table/top/seq04/rgb/result_2018-08-21-12-21-04.png,/mnt/Info/COGAR_DATASETs/OCID-dataset/ARID20/table/top/seq04/label/result_2018-08-21-12-21-04.png,result_2018-08-21-12-21-04.png,ARID20/table/top/seq04,ARID20,table,top,seq04,seq04
1692,16,/mnt/Info/COGAR_DATASETs/OCID-dataset/ARID20/table/top/seq04/rgb/result_2018-08-21-12-21-53.png,/mnt/Info/COGAR_DATASETs/OCID-dataset/ARID20/table/top/seq04/label/result_2018-08-21-12-21-53.png,result_2018-08-21-12-21-53.png,ARID20/table/top/seq04,ARID20,table,top,seq04,seq04
1693,17,/mnt/Info/COGAR_DATASETs/OCID-dataset/ARID20/table/top/seq04/rgb/result_2018-08-21-12-22-31.png,/mnt/Info/COGAR_DATASETs/OCID-dataset/ARID20/table/top/seq04/label/result_2018-08-21-12-22-31.png,result_2018-08-21-12-22-31.png,ARID20/table/top/seq04,ARID20,table,top,seq04,seq04
1694,18,/mnt/Info/COGAR_DATASETs/OCID-dataset/ARID20/table/top/seq04/rgb/result_2018-08-21-12-24-04.png,/mnt/Info/COGAR_DATASETs/OCID-dataset/ARID20/table/top/seq04/label/result_2018-08-21-12-24-04.png,result_2018-08-21-12-24-04.png,ARID20/table/top/seq04,ARID20,table,top,seq04,seq04
1695,19,/mnt/Info/COGAR_DATASETs/OCID-dataset/ARID20/table/top/seq04/rgb/result_2018-08-21-12-25-05.png,/mnt/Info/COGAR_DATASETs/OCID-dataset/ARID20/table/top/seq04/label/result_2018-08-21-12-25-05.png,result_2018-08-21-12-25-05.png,ARID20/table/top/seq04,ARID20,table,top,seq04,seq04
1696,20,/mnt/Info/COGAR_DATASETs/OCID-dataset/ARID20/table/top/seq04/rgb/result_2018-08-21-12-26-29.png,/mnt/Info/COGAR_DATASETs/OCID-dataset/ARID20/table/top/seq04/label/result_2018-08-21-12-26-29.png,result_2018-08-21-12-26-29.png,ARID20/table/top/seq04,ARID20,table,top,seq04,seq04
1697,0,/mnt/Info/COGAR_DATASETs/OCID-dataset/ARID20/table/top/seq05/rgb/result_2018-08-21-13-28-50.png,/mnt/Info/COGAR_DATASETs/OCID-dataset/ARID20/table/top/seq05/label/result_2018-08-21-13-28-50.png,result_2018-08-21-13-28-50.png,ARID20/table/top/seq05,ARID20,table,top,seq05,seq05
1698,1,/mnt/Info/COGAR_DATASETs/OCID-dataset/ARID20/table/top/seq05/rgb/result_2018-08-21-13-29-18.png,/mnt/Info/COGAR_DATASETs/OCID-dataset/ARID20/table/top/seq05/label/result_2018-08-21-13-29-18.png,result_2018-08-21-13-29-18.png,ARID20/table/top/seq05,ARID20,table,top,seq05,seq05
1699,2,/mnt/Info/COGAR_DATASETs/OCID-dataset/ARID20/table/top/seq05/rgb/result_2018-08-21-13-29-52.png,/mnt/Info/COGAR_DATASETs/OCID-dataset/ARID20/table/top/seq05/label/result_2018-08-21-13-29-52.png,result_2018-08-21-13-29-52.png,ARID20/table/top/seq05,ARID20,table,top,seq05,seq05
1700,3,/mnt/Info/COGAR_DATASETs/OCID-dataset/ARID20/table/top/seq05/rgb/result_2018-08-21-13-30-16.png,/mnt/Info/COGAR_DATASETs/OCID-dataset/ARID20/table/top/seq05/label/result_2018-08-21-13-30-16.png,result_2018-08-21-13-30-16.png,ARID20/table/top/seq05,ARID20,table,top,seq05,seq05
1701,4,/mnt/Info/COGAR_DATASETs/OCID-dataset/ARID20/table/top/seq05/rgb/result_2018-08-21-13-30-38.png,/mnt/Info/COGAR_DATASETs/OCID-dataset/ARID20/table/top/seq05/label/result_2018-08-21-13-30-38.png,result_2018-08-21-13-30-38.png,ARID20/table/top/seq05,ARID20,table,top,seq05,seq05
1702,5,/mnt/Info/COGAR_DATASETs/OCID-dataset/ARID20/table/top/seq05/rgb/result_2018-08-21-13-31-08.png,/mnt/Info/COGAR_DATASETs/OCID-dataset/ARID20/table/top/seq05/label/result_2018-08-21-13-31-08.png,result_2018-08-21-13-31-08.png,ARID20/table/top/seq05,ARID20,table,top,seq05,seq05
1703,6,/mnt/Info/COGAR_DATASETs/OCID-dataset/ARID20/table/top/seq05/rgb/result_2018-08-21-13-31-52.png,/mnt/Info/COGAR_DATASETs/OCID-dataset/ARID20/table/top/seq05/label/result_2018-08-21-13-31-52.png,result_2018-08-21-13-31-52.png,ARID20/table/top/seq05,ARID20,table,top,seq05,seq05
1704,7,/mnt/Info/COGAR_DATASETs/OCID-dataset/ARID20/table/top/seq05/rgb/result_2018-08-21-13-32-46.png,/mnt/Info/COGAR_DATASETs/OCID-dataset/ARID20/table/top/seq05/label/result_2018-08-21-13-32-46.png,result_2018-08-21-13-32-46.png,ARID20/table/top/seq05,ARID20,table,top,seq05,seq05
1705,8,/mnt/Info/COGAR_DATASETs/OCID-dataset/ARID20/table/top/seq05/rgb/result_2018-08-21-13-33-08.png,/mnt/Info/COGAR_DATASETs/OCID-dataset/ARID20/table/top/seq05/label/result_2018-08-21-13-33-08.png,result_2018-08-21-13-33-08.png,ARID20/table/top/seq05,ARID20,table,top,seq05,seq05
1706,9,/mnt/Info/COGAR_DATASETs/OCID-dataset/ARID20/table/top/seq05/rgb/result_2018-08-21-13-33-32.png,/mnt/Info/COGAR_DATASETs/OCID-dataset/ARID20/table/top/seq05/label/result_2018-08-21-13-33-32.png,result_2018-08-21-13-33-32.png,ARID20/table/top/seq05,ARID20,table,top,seq05,seq05
1707,10,/mnt/Info/COGAR_DATASETs/OCID-dataset/ARID20/table/top/seq05/rgb/result_2018-08-21-13-33-58.png,/mnt/Info/COGAR_DATASETs/OCID-dataset/ARID20/table/top/seq05/label/result_2018-08-21-13-33-58.png,result_2018-08-21-13-33-58.png,ARID20/table/top/seq05,ARID20,table,top,seq05,seq05
1708,11,/mnt/Info/COGAR_DATASETs/OCID-dataset/ARID20/table/top/seq05/rgb/result_2018-08-21-13-34-40.png,/mnt/Info/COGAR_DATASETs/OCID-dataset/ARID20/table/top/seq05/label/result_2018-08-21-13-34-40.png,result_2018-08-21-13-34-40.png,ARID20/table/top/seq05,ARID20,table,top,seq05,seq05
1709,12,/mnt/Info/COGAR_DATASETs/OCID-dataset/ARID20/table/top/seq05/rgb/result_2018-08-21-13-35-11.png,/mnt/Info/COGAR_DATASETs/OCID-dataset/ARID20/table/top/seq05/label/result_2018-08-21-13-35-11.png,result_2018-08-21-13-35-11.png,ARID20/table/top/seq05,ARID20,table,top,seq05,seq05
1710,13,/mnt/Info/COGAR_DATASETs/OCID-dataset/ARID20/table/top/seq05/rgb/result_2018-08-21-13-35-52.png,/mnt/Info/COGAR_DATASETs/OCID-dataset/ARID20/table/top/seq05/label/result_2018-08-21-13-35-52.png,result_2018-08-21-13-35-52.png,ARID20/table/top/seq05,ARID20,table,top,seq05,seq05
1711,14,/mnt/Info/COGAR_DATASETs/OCID-dataset/ARID20/table/top/seq05/rgb/result_2018-08-21-13-36-16.png,/mnt/Info/COGAR_DATASETs/OCID-dataset/ARID20/table/top/seq05/label/result_2018-08-21-13-36-16.png,result_2018-08-21-13-36-16.png,ARID20/table/top/seq05,ARID20,table,top,seq05,seq05
1712,15,/mnt/Info/COGAR_DATASETs/OCID-dataset/ARID20/table/top/seq05/rgb/result_2018-08-21-13-37-04.png,/mnt/Info/COGAR_DATASETs/OCID-dataset/ARID20/table/top/seq05/label/result_2018-08-21-13-37-04.png,result_2018-08-21-13-37-04.png,ARID20/table/top/seq05,ARID20,table,top,seq05,seq05
1713,16,/mnt/Info/COGAR_DATASETs/OCID-dataset/ARID20/table/top/seq05/rgb/result_2018-08-21-13-38-04.png,/mnt/Info/COGAR_DATASETs/OCID-dataset/ARID20/table/top/seq05/label/result_2018-08-21-13-38-04.png,result_2018-08-21-13-38-04.png,ARID20/table/top/seq05,ARID20,table,top,seq05,seq05
1714,17,/mnt/Info/COGAR_DATASETs/OCID-dataset/ARID20/table/top/seq05/rgb/result_2018-08-21-13-39-16.png,/mnt/Info/COGAR_DATASETs/OCID-dataset/ARID20/table/top/seq05/label/result_2018-08-21-13-39-16.png,result_2018-08-21-13-39-16.png,ARID20/table/top/seq05,ARID20,table,top,seq05,seq05
1715,18,/mnt/Info/COGAR_DATASETs/OCID-dataset/ARID20/table/top/seq05/rgb/result_2018-08-21-13-39-39.png,/mnt/Info/COGAR_DATASETs/OCID-dataset/ARID20/table/top/seq05/label/result_2018-08-21-13-39-39.png,result_2018-08-21-13-39-39.png,ARID20/table/top/seq05,ARID20,table,top,seq05,seq05
1716,19,/mnt/Info/COGAR_DATASETs/OCID-dataset/ARID20/table/top/seq05/rgb/result_2018-08-21-13-40-11.png,/mnt/Info/COGAR_DATASETs/OCID-dataset/ARID20/table/top/seq05/label/result_2018-08-21-13-40-11.png,result_2018-08-21-13-40-11.png,ARID20/table/top/seq05,ARID20,table,top,seq05,seq05
1717,20,/mnt/Info/COGAR_DATASETs/OCID-dataset/ARID20/table/top/seq05/rgb/result_2018-08-21-13-41-43.png,/mnt/Info/COGAR_DATASETs/OCID-dataset/ARID20/table/top/seq05/label/result_2018-08-21-13-41-43.png,result_2018-08-21-13-41-43.png,ARID20/table/top/seq05,ARID20,table,top,seq05,seq05
1718,0,/mnt/Info/COGAR_DATASETs/OCID-dataset/ARID20/table/top/seq06/rgb/result_2018-08-21-13-47-51.png,/mnt/Info/COGAR_DATASETs/OCID-dataset/ARID20/table/top/seq06/label/result_2018-08-21-13-47-51.png,result_2018-08-21-13-47-51.png,ARID20/table/top/seq06,ARID20,table,top,seq06,seq06
1719,1,/mnt/Info/COGAR_DATASETs/OCID-dataset/ARID20/table/top/seq06/rgb/result_2018-08-21-13-48-21.png,/mnt/Info/COGAR_DATASETs/OCID-dataset/ARID20/table/top/seq06/label/result_2018-08-21-13-48-21.png,result_2018-08-21-13-48-21.png,ARID20/table/top/seq06,ARID20,table,top,seq06,seq06
1720,2,/mnt/Info/COGAR_DATASETs/OCID-dataset/ARID20/table/top/seq06/rgb/result_2018-08-21-13-48-53.png,/mnt/Info/COGAR_DATASETs/OCID-dataset/ARID20/table/top/seq06/label/result_2018-08-21-13-48-53.png,result_2018-08-21-13-48-53.png,ARID20/table/top/seq06,ARID20,table,top,seq06,seq06
1721,3,/mnt/Info/COGAR_DATASETs/OCID-dataset/ARID20/table/top/seq06/rgb/result_2018-08-21-13-49-23.png,/mnt/Info/COGAR_DATASETs/OCID-dataset/ARID20/table/top/seq06/label/result_2018-08-21-13-49-23.png,result_2018-08-21-13-49-23.png,ARID20/table/top/seq06,ARID20,table,top,seq06,seq06
1722,4,/mnt/Info/COGAR_DATASETs/OCID-dataset/ARID20/table/top/seq06/rgb/result_2018-08-21-13-49-50.png,/mnt/Info/COGAR_DATASETs/OCID-dataset/ARID20/table/top/seq06/label/result_2018-08-21-13-49-50.png,result_2018-08-21-13-49-50.png,ARID20/table/top/seq06,ARID20,table,top,seq06,seq06
1723,5,/mnt/Info/COGAR_DATASETs/OCID-dataset/ARID20/table/top/seq06/rgb/result_2018-08-21-13-50-29.png,/mnt/Info/COGAR_DATASETs/OCID-dataset/ARID20/table/top/seq06/label/result_2018-08-21-13-50-29.png,result_2018-08-21-13-50-29.png,ARID20/table/top/seq06,ARID20,table,top,seq06,seq06
1724,6,/mnt/Info/COGAR_DATASETs/OCID-dataset/ARID20/table/top/seq06/rgb/result_2018-08-21-13-50-59.png,/mnt/Info/COGAR_DATASETs/OCID-dataset/ARID20/table/top/seq06/label/result_2018-08-21-13-50-59.png,result_2018-08-21-13-50-59.png,ARID20/table/top/seq06,ARID20,table,top,seq06,seq06
1725,7,/mnt/Info/COGAR_DATASETs/OCID-dataset/ARID20/table/top/seq06/rgb/result_2018-08-21-13-51-40.png,/mnt/Info/COGAR_DATASETs/OCID-dataset/ARID20/table/top/seq06/label/result_2018-08-21-13-51-40.png,result_2018-08-21-13-51-40.png,ARID20/table/top/seq06,ARID20,table,top,seq06,seq06
1726,8,/mnt/Info/COGAR_DATASETs/OCID-dataset/ARID20/table/top/seq06/rgb/result_2018-08-21-13-52-06.png,/mnt/Info/COGAR_DATASETs/OCID-dataset/ARID20/table/top/seq06/label/result_2018-08-21-13-52-06.png,result_2018-08-21-13-52-06.png,ARID20/table/top/seq06,ARID20,table,top,seq06,seq06
1727,9,/mnt/Info/COGAR_DATASETs/OCID-dataset/ARID20/table/top/seq06/rgb/result_2018-08-21-13-52-29.png,/mnt/Info/COGAR_DATASETs/OCID-dataset/ARID20/table/top/seq06/label/result_2018-08-21-13-52-29.png,result_2018-08-21-13-52-29.png,ARID20/table/top/seq06,ARID20,table,top,seq06,seq06
1728,10,/mnt/Info/COGAR_DATASETs/OCID-dataset/ARID20/table/top/seq06/rgb/result_2018-08-21-13-53-29.png,/mnt/Info/COGAR_DATASETs/OCID-dataset/ARID20/table/top/seq06/label/result_2018-08-21-13-53-29.png,result_2018-08-21-13-53-29.png,ARID20/table/top/seq06,ARID20,table,top,seq06,seq06
1729,11,/mnt/Info/COGAR_DATASETs/OCID-dataset/ARID20/table/top/seq06/rgb/result_2018-08-21-13-54-03.png,/mnt/Info/COGAR_DATASETs/OCID-dataset/ARID20/table/top/seq06/label/result_2018-08-21-13-54-03.png,result_2018-08-21-13-54-03.png,ARID20/table/top/seq06,ARID20,table,top,seq06,seq06
1730,12,/mnt/Info/COGAR_DATASETs/OCID-dataset/ARID20/table/top/seq06/rgb/result_2018-08-21-13-54-30.png,/mnt/Info/COGAR_DATASETs/OCID-dataset/ARID20/table/top/seq06/label/result_2018-08-21-13-54-30.png,result_2018-08-21-13-54-30.png,ARID20/table/top/seq06,ARID20,table,top,seq06,seq06
1731,13,/mnt/Info/COGAR_DATASETs/OCID-dataset/ARID20/table/top/seq06/rgb/result_2018-08-21-13-54-58.png,/mnt/Info/COGAR_DATASETs/OCID-dataset/ARID20/table/top/seq06/label/result_2018-08-21-13-54-58.png,result_2018-08-21-13-54-58.png,ARID20/table/top/seq06,ARID20,table,top,seq06,seq06
1732,14,/mnt/Info/COGAR_DATASETs/OCID-dataset/ARID20/table/top/seq06/rgb/result_2018-08-21-13-55-29.png,/mnt/Info/COGAR_DATASETs/OCID-dataset/ARID20/table/top/seq06/label/result_2018-08-21-13-55-29.png,result_2018-08-21-13-55-29.png,ARID20/table/top/seq06,ARID20,table,top,seq06,seq06
1733,15,/mnt/Info/COGAR_DATASETs/OCID-dataset/ARID20/table/top/seq06/rgb/result_2018-08-21-13-55-56.png,/mnt/Info/COGAR_DATASETs/OCID-dataset/ARID20/table/top/seq06/label/result_2018-08-21-13-55-56.png,result_2018-08-21-13-55-56.png,ARID20/table/top/seq06,ARID20,table,top,seq06,seq06
1734,16,/mnt/Info/COGAR_DATASETs/OCID-dataset/ARID20/table/top/seq06/rgb/result_2018-08-21-13-56-53.png,/mnt/Info/COGAR_DATASETs/OCID-dataset/ARID20/table/top/seq06/label/result_2018-08-21-13-56-53.png,result_2018-08-21-13-56-53.png,ARID20/table/top/seq06,ARID20,table,top,seq06,seq06
1735,17,/mnt/Info/COGAR_DATASETs/OCID-dataset/ARID20/table/top/seq06/rgb/result_2018-08-21-13-57-28.png,/mnt/Info/COGAR_DATASETs/OCID-dataset/ARID20/table/top/seq06/label/result_2018-08-21-13-57-28.png,result_2018-08-21-13-57-28.png,ARID20/table/top/seq06,ARID20,table,top,seq06,seq06
1736,18,/mnt/Info/COGAR_DATASETs/OCID-dataset/ARID20/table/top/seq06/rgb/result_2018-08-21-13-58-09.png,/mnt/Info/COGAR_DATASETs/OCID-dataset/ARID20/table/top/seq06/label/result_2018-08-21-13-58-09.png,result_2018-08-21-13-58-09.png,ARID20/table/top/seq06,ARID20,table,top,seq06,seq06
1737,19,/mnt/Info/COGAR_DATASETs/OCID-dataset/ARID20/table/top/seq06/rgb/result_2018-08-21-13-59-21.png,/mnt/Info/COGAR_DATASETs/OCID-dataset/ARID20/table/top/seq06/label/result_2018-08-21-13-59-21.png,result_2018-08-21-13-59-21.png,ARID20/table/top/seq06,ARID20,table,top,seq06,seq06
1738,20,/mnt/Info/COGAR_DATASETs/OCID-dataset/ARID20/table/top/seq06/rgb/result_2018-08-21-14-00-05.png,/mnt/Info/COGAR_DATASETs/OCID-dataset/ARID20/table/top/seq06/label/result_2018-08-21-14-00-05.png,result_2018-08-21-14-00-05.png,ARID20/table/top/seq06,ARID20,table,top,seq06,seq06
1739,0,/mnt/Info/COGAR_DATASETs/OCID-dataset/ARID20/table/top/seq07/rgb/result_2018-08-21-14-07-40.png,/mnt/Info/COGAR_DATASETs/OCID-dataset/ARID20/table/top/seq07/label/result_2018-08-21-14-07-40.png,result_2018-08-21-14-07-40.png,ARID20/table/top/seq07,ARID20,table,top,seq07,seq07
1740,1,/mnt/Info/COGAR_DATASETs/OCID-dataset/ARID20/table/top/seq07/rgb/result_2018-08-21-14-08-53.png,/mnt/Info/COGAR_DATASETs/OCID-dataset/ARID20/table/top/seq07/label/result_2018-08-21-14-08-53.png,result_2018-08-21-14-08-53.png,ARID20/table/top/seq07,ARID20,table,top,seq07,seq07
1741,2,/mnt/Info/COGAR_DATASETs/OCID-dataset/ARID20/table/top/seq07/rgb/result_2018-08-21-14-09-38.png,/mnt/Info/COGAR_DATASETs/OCID-dataset/ARID20/table/top/seq07/label/result_2018-08-21-14-09-38.png,result_2018-08-21-14-09-38.png,ARID20/table/top/seq07,ARID20,table,top,seq07,seq07
1742,3,/mnt/Info/COGAR_DATASETs/OCID-dataset/ARID20/table/top/seq07/rgb/result_2018-08-21-14-10-12.png,/mnt/Info/COGAR_DATASETs/OCID-dataset/ARID20/table/top/seq07/label/result_2018-08-21-14-10-12.png,result_2018-08-21-14-10-12.png,ARID20/table/top/seq07,ARID20,table,top,seq07,seq07
1743,4,/mnt/Info/COGAR_DATASETs/OCID-dataset/ARID20/table/top/seq07/rgb/result_2018-08-21-14-10-49.png,/mnt/Info/COGAR_DATASETs/OCID-dataset/ARID20/table/top/seq07/label/result_2018-08-21-14-10-49.png,result_2018-08-21-14-10-49.png,ARID20/table/top/seq07,ARID20,table,top,seq07,seq07
1744,5,/mnt/Info/COGAR_DATASETs/OCID-dataset/ARID20/table/top/seq07/rgb/result_2018-08-21-14-11-20.png,/mnt/Info/COGAR_DATASETs/OCID-dataset/ARID20/table/top/seq07/label/result_2018-08-21-14-11-20.png,result_2018-08-21-14-11-20.png,ARID20/table/top/seq07,ARID20,table,top,seq07,seq07
1745,6,/mnt/Info/COGAR_DATASETs/OCID-dataset/ARID20/table/top/seq07/rgb/result_2018-08-21-14-11-50.png,/mnt/Info/COGAR_DATASETs/OCID-dataset/ARID20/table/top/seq07/label/result_2018-08-21-14-11-50.png,result_2018-08-21-14-11-50.png,ARID20/table/top/seq07,ARID20,table,top,seq07,seq07
1746,7,/mnt/Info/COGAR_DATASETs/OCID-dataset/ARID20/table/top/seq07/rgb/result_2018-08-21-14-12-27.png,/mnt/Info/COGAR_DATASETs/OCID-dataset/ARID20/table/top/seq07/label/result_2018-08-21-14-12-27.png,result_2018-08-21-14-12-27.png,ARID20/table/top/seq07,ARID20,table,top,seq07,seq07
1747,8,/mnt/Info/COGAR_DATASETs/OCID-dataset/ARID20/table/top/seq07/rgb/result_2018-08-21-14-13-52.png,/mnt/Info/COGAR_DATASETs/OCID-dataset/ARID20/table/top/seq07/label/result_2018-08-21-14-13-52.png,result_2018-08-21-14-13-52.png,ARID20/table/top/seq07,ARID20,table,top,seq07,seq07
1748,9,/mnt/Info/COGAR_DATASETs/OCID-dataset/ARID20/table/top/seq07/rgb/result_2018-08-21-14-14-37.png,/mnt/Info/COGAR_DATASETs/OCID-dataset/ARID20/table/top/seq07/label/result_2018-08-21-14-14-37.png,result_2018-08-21-14-14-37.png,ARID20/table/top/seq07,ARID20,table,top,seq07,seq07
1749,10,/mnt/Info/COGAR_DATASETs/OCID-dataset/ARID20/table/top/seq07/rgb/result_2018-08-21-14-15-32.png,/mnt/Info/COGAR_DATASETs/OCID-dataset/ARID20/table/top/seq07/label/result_2018-08-21-14-15-32.png,result_2018-08-21-14-15-32.png,ARID20/table/top/seq07,ARID20,table,top,seq07,seq07
1750,11,/mnt/Info/COGAR_DATASETs/OCID-dataset/ARID20/table/top/seq07/rgb/result_2018-08-21-14-16-21.png,/mnt/Info/COGAR_DATASETs/OCID-dataset/ARID20/table/top/seq07/label/result_2018-08-21-14-16-21.png,result_2018-08-21-14-16-21.png,ARID20/table/top/seq07,ARID20,table,top,seq07,seq07
1751,12,/mnt/Info/COGAR_DATASETs/OCID-dataset/ARID20/table/top/seq07/rgb/result_2018-08-21-14-16-53.png,/mnt/Info/COGAR_DATASETs/OCID-dataset/ARID20/table/top/seq07/label/result_2018-08-21-14-16-53.png,result_2018-08-21-14-16-53.png,ARID20/table/top/seq07,ARID20,table,top,seq07,seq07
1752,13,/mnt/Info/COGAR_DATASETs/OCID-dataset/ARID20/table/top/seq07/rgb/result_2018-08-21-14-17-37.png,/mnt/Info/COGAR_DATASETs/OCID-dataset/ARID20/table/top/seq07/label/result_2018-08-21-14-17-37.png,result_2018-08-21-14-17-37.png,ARID20/table/top/seq07,ARID20,table,top,seq07,seq07
1753,14,/mnt/Info/COGAR_DATASETs/OCID-dataset/ARID20/table/top/seq07/rgb/result_2018-08-21-14-18-16.png,/mnt/Info/COGAR_DATASETs/OCID-dataset/ARID20/table/top/seq07/label/result_2018-08-21-14-18-16.png,result_2018-08-21-14-18-16.png,ARID20/table/top/seq07,ARID20,table,top,seq07,seq07
1754,15,/mnt/Info/COGAR_DATASETs/OCID-dataset/ARID20/table/top/seq07/rgb/result_2018-08-21-14-18-44.png,/mnt/Info/COGAR_DATASETs/OCID-dataset/ARID20/table/top/seq07/label/result_2018-08-21-14-18-44.png,result_2018-08-21-14-18-44.png,ARID20/table/top/seq07,ARID20,table,top,seq07,seq07
1755,16,/mnt/Info/COGAR_DATASETs/OCID-dataset/ARID20/table/top/seq07/rgb/result_2018-08-21-14-20-11.png,/mnt/Info/COGAR_DATASETs/OCID-dataset/ARID20/table/top/seq07/label/result_2018-08-21-14-20-11.png,result_2018-08-21-14-20-11.png,ARID20/table/top/seq07,ARID20,table,top,seq07,seq07
1756,17,/mnt/Info/COGAR_DATASETs/OCID-dataset/ARID20/table/top/seq07/rgb/result_2018-08-21-14-22-00.png,/mnt/Info/COGAR_DATASETs/OCID-dataset/ARID20/table/top/seq07/label/result_2018-08-21-14-22-00.png,result_2018-08-21-14-22-00.png,ARID20/table/top/seq07,ARID20,table,top,seq07,seq07
1757,18,/mnt/Info/COGAR_DATASETs/OCID-dataset/ARID20/table/top/seq07/rgb/result_2018-08-21-14-22-55.png,/mnt/Info/COGAR_DATASETs/OCID-dataset/ARID20/table/top/seq07/label/result_2018-08-21-14-22-55.png,result_2018-08-21-14-22-55.png,ARID20/table/top/seq07,ARID20,table,top,seq07,seq07
1758,19,/mnt/Info/COGAR_DATASETs/OCID-dataset/ARID20/table/top/seq07/rgb/result_2018-08-21-14-23-43.png,/mnt/Info/COGAR_DATASETs/OCID-dataset/ARID20/table/top/seq07/label/result_2018-08-21-14-23-43.png,result_2018-08-21-14-23-43.png,ARID20/table/top/seq07,ARID20,table,top,seq07,seq07
1759,20,/mnt/Info/COGAR_DATASETs/OCID-dataset/ARID20/table/top/seq07/rgb/result_2018-08-21-14-24-14.png,/mnt/Info/COGAR_DATASETs/OCID-dataset/ARID20/table/top/seq07/label/result_2018-08-21-14-24-14.png,result_2018-08-21-14-24-14.png,ARID20/table/top/seq07,ARID20,table,top,seq07,seq07
1760,0,/mnt/Info/COGAR_DATASETs/OCID-dataset/ARID20/table/top/seq08/rgb/result_2018-08-21-14-28-20.png,/mnt/Info/COGAR_DATASETs/OCID-dataset/ARID20/table/top/seq08/label/result_2018-08-21-14-28-20.png,result_2018-08-21-14-28-20.png,ARID20/table/top/seq08,ARID20,table,top,seq08,seq08
1761,1,/mnt/Info/COGAR_DATASETs/OCID-dataset/ARID20/table/top/seq08/rgb/result_2018-08-21-14-34-02.png,/mnt/Info/COGAR_DATASETs/OCID-dataset/ARID20/table/top/seq08/label/result_2018-08-21-14-34-02.png,result_2018-08-21-14-34-02.png,ARID20/table/top/seq08,ARID20,table,top,seq08,seq08
1762,2,/mnt/Info/COGAR_DATASETs/OCID-dataset/ARID20/table/top/seq08/rgb/result_2018-08-21-14-34-54.png,/mnt/Info/COGAR_DATASETs/OCID-dataset/ARID20/table/top/seq08/label/result_2018-08-21-14-34-54.png,result_2018-08-21-14-34-54.png,ARID20/table/top/seq08,ARID20,table,top,seq08,seq08
1763,3,/mnt/Info/COGAR_DATASETs/OCID-dataset/ARID20/table/top/seq08/rgb/result_2018-08-21-14-38-11.png,/mnt/Info/COGAR_DATASETs/OCID-dataset/ARID20/table/top/seq08/label/result_2018-08-21-14-38-11.png,result_2018-08-21-14-38-11.png,ARID20/table/top/seq08,ARID20,table,top,seq08,seq08
1764,4,/mnt/Info/COGAR_DATASETs/OCID-dataset/ARID20/table/top/seq08/rgb/result_2018-08-21-14-40-53.png,/mnt/Info/COGAR_DATASETs/OCID-dataset/ARID20/table/top/seq08/label/result_2018-08-21-14-40-53.png,result_2018-08-21-14-40-53.png,ARID20/table/top/seq08,ARID20,table,top,seq08,seq08
1765,5,/mnt/Info/COGAR_DATASETs/OCID-dataset/ARID20/table/top/seq08/rgb/result_2018-08-21-14-41-35.png,/mnt/Info/COGAR_DATASETs/OCID-dataset/ARID20/table/top/seq08/label/result_2018-08-21-14-41-35.png,result_2018-08-21-14-41-35.png,ARID20/table/top/seq08,ARID20,table,top,seq08,seq08
1766,6,/mnt/Info/COGAR_DATASETs/OCID-dataset/ARID20/table/top/seq08/rgb/result_2018-08-21-14-42-37.png,/mnt/Info/COGAR_DATASETs/OCID-dataset/ARID20/table/top/seq08/label/result_2018-08-21-14-42-37.png,result_2018-08-21-14-42-37.png,ARID20/table/top/seq08,ARID20,table,top,seq08,seq08
1767,7,/mnt/Info/COGAR_DATASETs/OCID-dataset/ARID20/table/top/seq08/rgb/result_2018-08-21-14-43-48.png,/mnt/Info/COGAR_DATASETs/OCID-dataset/ARID20/table/top/seq08/label/result_2018-08-21-14-43-48.png,result_2018-08-21-14-43-48.png,ARID20/table/top/seq08,ARID20,table,top,seq08,seq08
1768,8,/mnt/Info/COGAR_DATASETs/OCID-dataset/ARID20/table/top/seq08/rgb/result_2018-08-21-14-44-31.png,/mnt/Info/COGAR_DATASETs/OCID-dataset/ARID20/table/top/seq08/label/result_2018-08-21-14-44-31.png,result_2018-08-21-14-44-31.png,ARID20/table/top/seq08,ARID20,table,top,seq08,seq08
1769,9,/mnt/Info/COGAR_DATASETs/OCID-dataset/ARID20/table/top/seq08/rgb/result_2018-08-21-14-45-17.png,/mnt/Info/COGAR_DATASETs/OCID-dataset/ARID20/table/top/seq08/label/result_2018-08-21-14-45-17.png,result_2018-08-21-14-45-17.png,ARID20/table/top/seq08,ARID20,table,top,seq08,seq08
1770,10,/mnt/Info/COGAR_DATASETs/OCID-dataset/ARID20/table/top/seq08/rgb/result_2018-08-21-14-46-04.png,/mnt/Info/COGAR_DATASETs/OCID-dataset/ARID20/table/top/seq08/label/result_2018-08-21-14-46-04.png,result_2018-08-21-14-46-04.png,ARID20/table/top/seq08,ARID20,table,top,seq08,seq08
1771,11,/mnt/Info/COGAR_DATASETs/OCID-dataset/ARID20/table/top/seq08/rgb/result_2018-08-21-14-46-37.png,/mnt/Info/COGAR_DATASETs/OCID-dataset/ARID20/table/top/seq08/label/result_2018-08-21-14-46-37.png,result_2018-08-21-14-46-37.png,ARID20/table/top/seq08,ARID20,table,top,seq08,seq08
1772,12,/mnt/Info/COGAR_DATASETs/OCID-dataset/ARID20/table/top/seq08/rgb/result_2018-08-21-14-47-11.png,/mnt/Info/COGAR_DATASETs/OCID-dataset/ARID20/table/top/seq08/label/result_2018-08-21-14-47-11.png,result_2018-08-21-14-47-11.png,ARID20/table/top/seq08,ARID20,table,top,seq08,seq08
1773,13,/mnt/Info/COGAR_DATASETs/OCID-dataset/ARID20/table/top/seq08/rgb/result_2018-08-21-14-47-54.png,/mnt/Info/COGAR_DATASETs/OCID-dataset/ARID20/table/top/seq08/label/result_2018-08-21-14-47-54.png,result_2018-08-21-14-47-54.png,ARID20/table/top/seq08,ARID20,table,top,seq08,seq08
1774,14,/mnt/Info/COGAR_DATASETs/OCID-dataset/ARID20/table/top/seq08/rgb/result_2018-08-21-14-48-40.png,/mnt/Info/COGAR_DATASETs/OCID-dataset/ARID20/table/top/seq08/label/result_2018-08-21-14-48-40.png,result_2018-08-21-14-48-40.png,ARID20/table/top/seq08,ARID20,table,top,seq08,seq08
1775,15,/mnt/Info/COGAR_DATASETs/OCID-dataset/ARID20/table/top/seq08/rgb/result_2018-08-21-14-49-41.png,/mnt/Info/COGAR_DATASETs/OCID-dataset/ARID20/table/top/seq08/label/result_2018-08-21-14-49-41.png,result_2018-08-21-14-49-41.png,ARID20/table/top/seq08,ARID20,table,top,seq08,seq08
1776,16,/mnt/Info/COGAR_DATASETs/OCID-dataset/ARID20/table/top/seq08/rgb/result_2018-08-21-14-50-11.png,/mnt/Info/COGAR_DATASETs/OCID-dataset/ARID20/table/top/seq08/label/result_2018-08-21-14-50-11.png,result_2018-08-21-14-50-11.png,ARID20/table/top/seq08,ARID20,table,top,seq08,seq08
1777,17,/mnt/Info/COGAR_DATASETs/OCID-dataset/ARID20/table/top/seq08/rgb/result_2018-08-21-14-50-38.png,/mnt/Info/COGAR_DATASETs/OCID-dataset/ARID20/table/top/seq08/label/result_2018-08-21-14-50-38.png,result_2018-08-21-14-50-38.png,ARID20/table/top/seq08,ARID20,table,top,seq08,seq08
1778,18,/mnt/Info/COGAR_DATASETs/OCID-dataset/ARID20/table/top/seq08/rgb/result_2018-08-21-14-51-30.png,/mnt/Info/COGAR_DATASETs/OCID-dataset/ARID20/table/top/seq08/label/result_2018-08-21-14-51-30.png,result_2018-08-21-14-51-30.png,ARID20/table/top/seq08,ARID20,table,top,seq08,seq08
1779,19,/mnt/Info/COGAR_DATASETs/OCID-dataset/ARID20/table/top/seq08/rgb/result_2018-08-21-14-52-20.png,/mnt/Info/COGAR_DATASETs/OCID-dataset/ARID20/table/top/seq08/label/result_2018-08-21-14-52-20.png,result_2018-08-21-14-52-20.png,ARID20/table/top/seq08,ARID20,table,top,seq08,seq08
1780,20,/mnt/Info/COGAR_DATASETs/OCID-dataset/ARID20/table/top/seq08/rgb/result_2018-08-21-14-52-55.png,/mnt/Info/COGAR_DATASETs/OCID-dataset/ARID20/table/top/seq08/label/result_2018-08-21-14-52-55.png,result_2018-08-21-14-52-55.png,ARID20/table/top/seq08,ARID20,table,top,seq08,seq08
1781,0,/mnt/Info/COGAR_DATASETs/OCID-dataset/ARID20/table/top/seq09/rgb/result_2018-08-21-15-39-33.png,/mnt/Info/COGAR_DATASETs/OCID-dataset/ARID20/table/top/seq09/label/result_2018-08-21-15-39-33.png,result_2018-08-21-15-39-33.png,ARID20/table/top/seq09,ARID20,table,top,seq09,seq09
1782,1,/mnt/Info/COGAR_DATASETs/OCID-dataset/ARID20/table/top/seq09/rgb/result_2018-08-21-15-44-18.png,/mnt/Info/COGAR_DATASETs/OCID-dataset/ARID20/table/top/seq09/label/result_2018-08-21-15-44-18.png,result_2018-08-21-15-44-18.png,ARID20/table/top/seq09,ARID20,table,top,seq09,seq09
1783,2,/mnt/Info/COGAR_DATASETs/OCID-dataset/ARID20/table/top/seq09/rgb/result_2018-08-21-15-44-52.png,/mnt/Info/COGAR_DATASETs/OCID-dataset/ARID20/table/top/seq09/label/result_2018-08-21-15-44-52.png,result_2018-08-21-15-44-52.png,ARID20/table/top/seq09,ARID20,table,top,seq09,seq09
1784,3,/mnt/Info/COGAR_DATASETs/OCID-dataset/ARID20/table/top/seq09/rgb/result_2018-08-21-15-45-17.png,/mnt/Info/COGAR_DATASETs/OCID-dataset/ARID20/table/top/seq09/label/result_2018-08-21-15-45-17.png,result_2018-08-21-15-45-17.png,ARID20/table/top/seq09,ARID20,table,top,seq09,seq09
1785,4,/mnt/Info/COGAR_DATASETs/OCID-dataset/ARID20/table/top/seq09/rgb/result_2018-08-21-15-46-07.png,/mnt/Info/COGAR_DATASETs/OCID-dataset/ARID20/table/top/seq09/label/result_2018-08-21-15-46-07.png,result_2018-08-21-15-46-07.png,ARID20/table/top/seq09,ARID20,table,top,seq09,seq09
1786,5,/mnt/Info/COGAR_DATASETs/OCID-dataset/ARID20/table/top/seq09/rgb/result_2018-08-21-15-46-47.png,/mnt/Info/COGAR_DATASETs/OCID-dataset/ARID20/table/top/seq09/label/result_2018-08-21-15-46-47.png,result_2018-08-21-15-46-47.png,ARID20/table/top/seq09,ARID20,table,top,seq09,seq09
1787,6,/mnt/Info/COGAR_DATASETs/OCID-dataset/ARID20/table/top/seq09/rgb/result_2018-08-21-15-47-34.png,/mnt/Info/COGAR_DATASETs/OCID-dataset/ARID20/table/top/seq09/label/result_2018-08-21-15-47-34.png,result_2018-08-21-15-47-34.png,ARID20/table/top/seq09,ARID20,table,top,seq09,seq09
1788,7,/mnt/Info/COGAR_DATASETs/OCID-dataset/ARID20/table/top/seq09/rgb/result_2018-08-21-15-48-01.png,/mnt/Info/COGAR_DATASETs/OCID-dataset/ARID20/table/top/seq09/label/result_2018-08-21-15-48-01.png,result_2018-08-21-15-48-01.png,ARID20/table/top/seq09,ARID20,table,top,seq09,seq09
1789,8,/mnt/Info/COGAR_DATASETs/OCID-dataset/ARID20/table/top/seq09/rgb/result_2018-08-21-15-48-39.png,/mnt/Info/COGAR_DATASETs/OCID-dataset/ARID20/table/top/seq09/label/result_2018-08-21-15-48-39.png,result_2018-08-21-15-48-39.png,ARID20/table/top/seq09,ARID20,table,top,seq09,seq09
1790,9,/mnt/Info/COGAR_DATASETs/OCID-dataset/ARID20/table/top/seq09/rgb/result_2018-08-21-15-49-11.png,/mnt/Info/COGAR_DATASETs/OCID-dataset/ARID20/table/top/seq09/label/result_2018-08-21-15-49-11.png,result_2018-08-21-15-49-11.png,ARID20/table/top/seq09,ARID20,table,top,seq09,seq09
1791,10,/mnt/Info/COGAR_DATASETs/OCID-dataset/ARID20/table/top/seq09/rgb/result_2018-08-21-15-50-21.png,/mnt/Info/COGAR_DATASETs/OCID-dataset/ARID20/table/top/seq09/label/result_2018-08-21-15-50-21.png,result_2018-08-21-15-50-21.png,ARID20/table/top/seq09,ARID20,table,top,seq09,seq09
1792,11,/mnt/Info/COGAR_DATASETs/OCID-dataset/ARID20/table/top/seq09/rgb/result_2018-08-21-15-50-51.png,/mnt/Info/COGAR_DATASETs/OCID-dataset/ARID20/table/top/seq09/label/result_2018-08-21-15-50-51.png,result_2018-08-21-15-50-51.png,ARID20/table/top/seq09,ARID20,table,top,seq09,seq09
1793,12,/mnt/Info/COGAR_DATASETs/OCID-dataset/ARID20/table/top/seq09/rgb/result_2018-08-21-15-51-33.png,/mnt/Info/COGAR_DATASETs/OCID-dataset/ARID20/table/top/seq09/label/result_2018-08-21-15-51-33.png,result_2018-08-21-15-51-33.png,ARID20/table/top/seq09,ARID20,table,top,seq09,seq09
1794,13,/mnt/Info/COGAR_DATASETs/OCID-dataset/ARID20/table/top/seq09/rgb/result_2018-08-21-15-52-04.png,/mnt/Info/COGAR_DATASETs/OCID-dataset/ARID20/table/top/seq09/label/result_2018-08-21-15-52-04.png,result_2018-08-21-15-52-04.png,ARID20/table/top/seq09,ARID20,table,top,seq09,seq09
1795,14,/mnt/Info/COGAR_DATASETs/OCID-dataset/ARID20/table/top/seq09/rgb/result_2018-08-21-15-53-01.png,/mnt/Info/COGAR_DATASETs/OCID-dataset/ARID20/table/top/seq09/label/result_2018-08-21-15-53-01.png,result_2018-08-21-15-53-01.png,ARID20/table/top/seq09,ARID20,table,top,seq09,seq09
1796,15,/mnt/Info/COGAR_DATASETs/OCID-dataset/ARID20/table/top/seq09/rgb/result_2018-08-21-15-53-42.png,/mnt/Info/COGAR_DATASETs/OCID-dataset/ARID20/table/top/seq09/label/result_2018-08-21-15-53-42.png,result_2018-08-21-15-53-42.png,ARID20/table/top/seq09,ARID20,table,top,seq09,seq09
1797,16,/mnt/Info/COGAR_DATASETs/OCID-dataset/ARID20/table/top/seq09/rgb/result_2018-08-21-15-54-18.png,/mnt/Info/COGAR_DATASETs/OCID-dataset/ARID20/table/top/seq09/label/result_2018-08-21-15-54-18.png,result_2018-08-21-15-54-18.png,ARID20/table/top/seq09,ARID20,table,top,seq09,seq09
1798,17,/mnt/Info/COGAR_DATASETs/OCID-dataset/ARID20/table/top/seq09/rgb/result_2018-08-21-15-54-50.png,/mnt/Info/COGAR_DATASETs/OCID-dataset/ARID20/table/top/seq09/label/result_2018-08-21-15-54-50.png,result_2018-08-21-15-54-50.png,ARID20/table/top/seq09,ARID20,table,top,seq09,seq09
1799,18,/mnt/Info/COGAR_DATASETs/OCID-dataset/ARID20/table/top/seq09/rgb/result_2018-08-21-15-56-08.png,/mnt/Info/COGAR_DATASETs/OCID-dataset/ARID20/table/top/seq09/label/result_2018-08-21-15-56-08.png,result_2018-08-21-15-56-08.png,ARID20/table/top/seq09,ARID20,table,top,seq09,seq09
1800,19,/mnt/Info/COGAR_DATASETs/OCID-dataset/ARID20/table/top/seq09/rgb/result_2018-08-21-15-57-28.png,/mnt/Info/COGAR_DATASETs/OCID-dataset/ARID20/table/top/seq09/label/result_2018-08-21-15-57-28.png,result_2018-08-21-15-57-28.png,ARID20/table/top/seq09,ARID20,table,top,seq09,seq09
1801,20,/mnt/Info/COGAR_DATASETs/OCID-dataset/ARID20/table/top/seq09/rgb/result_2018-08-21-15-58-07.png,/mnt/Info/COGAR_DATASETs/OCID-dataset/ARID20/table/top/seq09/label/result_2018-08-21-15-58-07.png,result_2018-08-21-15-58-07.png,ARID20/table/top/seq09,ARID20,table,top,seq09,seq09
1802,0,/mnt/Info/COGAR_DATASETs/OCID-dataset/ARID20/table/top/seq10/rgb/result_2018-08-21-16-03-39.png,/mnt/Info/COGAR_DATASETs/OCID-dataset/ARID20/table/top/seq10/label/result_2018-08-21-16-03-39.png,result_2018-08-21-16-03-39.png,ARID20/table/top/seq10,ARID20,table,top,seq10,seq10
1803,1,/mnt/Info/COGAR_DATASETs/OCID-dataset/ARID20/table/top/seq10/rgb/result_2018-08-21-16-04-31.png,/mnt/Info/COGAR_DATASETs/OCID-dataset/ARID20/table/top/seq10/label/result_2018-08-21-16-04-31.png,result_2018-08-21-16-04-31.png,ARID20/table/top/seq10,ARID20,table,top,seq10,seq10
1804,2,/mnt/Info/COGAR_DATASETs/OCID-dataset/ARID20/table/top/seq10/rgb/result_2018-08-21-16-04-58.png,/mnt/Info/COGAR_DATASETs/OCID-dataset/ARID20/table/top/seq10/label/result_2018-08-21-16-04-58.png,result_2018-08-21-16-04-58.png,ARID20/table/top/seq10,ARID20,table,top,seq10,seq10
1805,3,/mnt/Info/COGAR_DATASETs/OCID-dataset/ARID20/table/top/seq10/rgb/result_2018-08-21-16-05-36.png,/mnt/Info/COGAR_DATASETs/OCID-dataset/ARID20/table/top/seq10/label/result_2018-08-21-16-05-36.png,result_2018-08-21-16-05-36.png,ARID20/table/top/seq10,ARID20,table,top,seq10,seq10
1806,4,/mnt/Info/COGAR_DATASETs/OCID-dataset/ARID20/table/top/seq10/rgb/result_2018-08-21-16-06-08.png,/mnt/Info/COGAR_DATASETs/OCID-dataset/ARID20/table/top/seq10/label/result_2018-08-21-16-06-08.png,result_2018-08-21-16-06-08.png,ARID20/table/top/seq10,ARID20,table,top,seq10,seq10
1807,5,/mnt/Info/COGAR_DATASETs/OCID-dataset/ARID20/table/top/seq10/rgb/result_2018-08-21-16-06-26.png,/mnt/Info/COGAR_DATASETs/OCID-dataset/ARID20/table/top/seq10/label/result_2018-08-21-16-06-26.png,result_2018-08-21-16-06-26.png,ARID20/table/top/seq10,ARID20,table,top,seq10,seq10
1808,6,/mnt/Info/COGAR_DATASETs/OCID-dataset/ARID20/table/top/seq10/rgb/result_2018-08-21-16-07-02.png,/mnt/Info/COGAR_DATASETs/OCID-dataset/ARID20/table/top/seq10/label/result_2018-08-21-16-07-02.png,result_2018-08-21-16-07-02.png,ARID20/table/top/seq10,ARID20,table,top,seq10,seq10
1809,7,/mnt/Info/COGAR_DATASETs/OCID-dataset/ARID20/table/top/seq10/rgb/result_2018-08-21-16-07-37.png,/mnt/Info/COGAR_DATASETs/OCID-dataset/ARID20/table/top/seq10/label/result_2018-08-21-16-07-37.png,result_2018-08-21-16-07-37.png,ARID20/table/top/seq10,ARID20,table,top,seq10,seq10
1810,8,/mnt/Info/COGAR_DATASETs/OCID-dataset/ARID20/table/top/seq10/rgb/result_2018-08-21-16-08-15.png,/mnt/Info/COGAR_DATASETs/OCID-dataset/ARID20/table/top/seq10/label/result_2018-08-21-16-08-15.png,result_2018-08-21-16-08-15.png,ARID20/table/top/seq10,ARID20,table,top,seq10,seq10
1811,9,/mnt/Info/COGAR_DATASETs/OCID-dataset/ARID20/table/top/seq10/rgb/result_2018-08-21-16-08-47.png,/mnt/Info/COGAR_DATASETs/OCID-dataset/ARID20/table/top/seq10/label/result_2018-08-21-16-08-47.png,result_2018-08-21-16-08-47.png,ARID20/table/top/seq10,ARID20,table,top,seq10,seq10
1812,10,/mnt/Info/COGAR_DATASETs/OCID-dataset/ARID20/table/top/seq10/rgb/result_2018-08-21-16-09-17.png,/mnt/Info/COGAR_DATASETs/OCID-dataset/ARID20/table/top/seq10/label/result_2018-08-21-16-09-17.png,result_2018-08-21-16-09-17.png,ARID20/table/top/seq10,ARID20,table,top,seq10,seq10
1813,11,/mnt/Info/COGAR_DATASETs/OCID-dataset/ARID20/table/top/seq10/rgb/result_2018-08-21-16-10-06.png,/mnt/Info/COGAR_DATASETs/OCID-dataset/ARID20/table/top/seq10/label/result_2018-08-21-16-10-06.png,result_2018-08-21-16-10-06.png,ARID20/table/top/seq10,ARID20,table,top,seq10,seq10
1814,12,/mnt/Info/COGAR_DATASETs/OCID-dataset/ARID20/table/top/seq10/rgb/result_2018-08-21-16-10-41.png,/mnt/Info/COGAR_DATASETs/OCID-dataset/ARID20/table/top/seq10/label/result_2018-08-21-16-10-41.png,result_2018-08-21-16-10-41.png,ARID20/table/top/seq10,ARID20,table,top,seq10,seq10
1815,13,/mnt/Info/COGAR_DATASETs/OCID-dataset/ARID20/table/top/seq10/rgb/result_2018-08-21-16-11-17.png,/mnt/Info/COGAR_DATASETs/OCID-dataset/ARID20/table/top/seq10/label/result_2018-08-21-16-11-17.png,result_2018-08-21-16-11-17.png,ARID20/table/top/seq10,ARID20,table,top,seq10,seq10
1816,14,/mnt/Info/COGAR_DATASETs/OCID-dataset/ARID20/table/top/seq10/rgb/result_2018-08-21-16-11-58.png,/mnt/Info/COGAR_DATASETs/OCID-dataset/ARID20/table/top/seq10/label/result_2018-08-21-16-11-58.png,result_2018-08-21-16-11-58.png,ARID20/table/top/seq10,ARID20,table,top,seq10,seq10
1817,15,/mnt/Info/COGAR_DATASETs/OCID-dataset/ARID20/table/top/seq10/rgb/result_2018-08-21-16-12-41.png,/mnt/Info/COGAR_DATASETs/OCID-dataset/ARID20/table/top/seq10/label/result_2018-08-21-16-12-41.png,result_2018-08-21-16-12-41.png,ARID20/table/top/seq10,ARID20,table,top,seq10,seq10
1818,16,/mnt/Info/COGAR_DATASETs/OCID-dataset/ARID20/table/top/seq10/rgb/result_2018-08-21-16-13-13.png,/mnt/Info/COGAR_DATASETs/OCID-dataset/ARID20/table/top/seq10/label/result_2018-08-21-16-13-13.png,result_2018-08-21-16-13-13.png,ARID20/table/top/seq10,ARID20,table,top,seq10,seq10
1819,17,/mnt/Info/COGAR_DATASETs/OCID-dataset/ARID20/table/top/seq10/rgb/result_2018-08-21-16-14-24.png,/mnt/Info/COGAR_DATASETs/OCID-dataset/ARID20/table/top/seq10/label/result_2018-08-21-16-14-24.png,result_2018-08-21-16-14-24.png,ARID20/table/top/seq10,ARID20,table,top,seq10,seq10
1820,18,/mnt/Info/COGAR_DATASETs/OCID-dataset/ARID20/table/top/seq10/rgb/result_2018-08-21-16-14-51.png,/mnt/Info/COGAR_DATASETs/OCID-dataset/ARID20/table/top/seq10/label/result_2018-08-21-16-14-51.png,result_2018-08-21-16-14-51.png,ARID20/table/top/seq10,ARID20,table,top,seq10,seq10
1821,19,/mnt/Info/COGAR_DATASETs/OCID-dataset/ARID20/table/top/seq10/rgb/result_2018-08-21-16-15-21.png,/mnt/Info/COGAR_DATASETs/OCID-dataset/ARID20/table/top/seq10/label/result_2018-08-21-16-15-21.png,result_2018-08-21-16-15-21.png,ARID20/table/top/seq10,ARID20,table,top,seq10,seq10
1822,20,/mnt/Info/COGAR_DATASETs/OCID-dataset/ARID20/table/top/seq10/rgb/result_2018-08-21-16-15-50.png,/mnt/Info/COGAR_DATASETs/OCID-dataset/ARID20/table/top/seq10/label/result_2018-08-21-16-15-50.png,result_2018-08-21-16-15-50.png,ARID20/table/top/seq10,ARID20,table,top,seq10,seq10
1823,0,/mnt/Info/COGAR_DATASETs/OCID-dataset/ARID20/table/top/seq11/rgb/result_2018-08-21-16-22-30.png,/mnt/Info/COGAR_DATASETs/OCID-dataset/ARID20/table/top/seq11/label/result_2018-08-21-16-22-30.png,result_2018-08-21-16-22-30.png,ARID20/table/top/seq11,ARID20,table,top,seq11,seq11
1824,1,/mnt/Info/COGAR_DATASETs/OCID-dataset/ARID20/table/top/seq11/rgb/result_2018-08-21-16-23-08.png,/mnt/Info/COGAR_DATASETs/OCID-dataset/ARID20/table/top/seq11/label/result_2018-08-21-16-23-08.png,result_2018-08-21-16-23-08.png,ARID20/table/top/seq11,ARID20,table,top,seq11,seq11
1825,2,/mnt/Info/COGAR_DATASETs/OCID-dataset/ARID20/table/top/seq11/rgb/result_2018-08-21-16-23-38.png,/mnt/Info/COGAR_DATASETs/OCID-dataset/ARID20/table/top/seq11/label/result_2018-08-21-16-23-38.png,result_2018-08-21-16-23-38.png,ARID20/table/top/seq11,ARID20,table,top,seq11,seq11
1826,3,/mnt/Info/COGAR_DATASETs/OCID-dataset/ARID20/table/top/seq11/rgb/result_2018-08-21-16-24-02.png,/mnt/Info/COGAR_DATASETs/OCID-dataset/ARID20/table/top/seq11/label/result_2018-08-21-16-24-02.png,result_2018-08-21-16-24-02.png,ARID20/table/top/seq11,ARID20,table,top,seq11,seq11
1827,4,/mnt/Info/COGAR_DATASETs/OCID-dataset/ARID20/table/top/seq11/rgb/result_2018-08-21-16-24-24.png,/mnt/Info/COGAR_DATASETs/OCID-dataset/ARID20/table/top/seq11/label/result_2018-08-21-16-24-24.png,result_2018-08-21-16-24-24.png,ARID20/table/top/seq11,ARID20,table,top,seq11,seq11
1828,5,/mnt/Info/COGAR_DATASETs/OCID-dataset/ARID20/table/top/seq11/rgb/result_2018-08-21-16-24-53.png,/mnt/Info/COGAR_DATASETs/OCID-dataset/ARID20/table/top/seq11/label/result_2018-08-21-16-24-53.png,result_2018-08-21-16-24-53.png,ARID20/table/top/seq11,ARID20,table,top,seq11,seq11
1829,6,/mnt/Info/COGAR_DATASETs/OCID-dataset/ARID20/table/top/seq11/rgb/result_2018-08-21-16-25-25.png,/mnt/Info/COGAR_DATASETs/OCID-dataset/ARID20/table/top/seq11/label/result_2018-08-21-16-25-25.png,result_2018-08-21-16-25-25.png,ARID20/table/top/seq11,ARID20,table,top,seq11,seq11
1830,7,/mnt/Info/COGAR_DATASETs/OCID-dataset/ARID20/table/top/seq11/rgb/result_2018-08-21-16-25-49.png,/mnt/Info/COGAR_DATASETs/OCID-dataset/ARID20/table/top/seq11/label/result_2018-08-21-16-25-49.png,result_2018-08-21-16-25-49.png,ARID20/table/top/seq11,ARID20,table,top,seq11,seq11
1831,8,/mnt/Info/COGAR_DATASETs/OCID-dataset/ARID20/table/top/seq11/rgb/result_2018-08-21-16-26-40.png,/mnt/Info/COGAR_DATASETs/OCID-dataset/ARID20/table/top/seq11/label/result_2018-08-21-16-26-40.png,result_2018-08-21-16-26-40.png,ARID20/table/top/seq11,ARID20,table,top,seq11,seq11
1832,9,/mnt/Info/COGAR_DATASETs/OCID-dataset/ARID20/table/top/seq11/rgb/result_2018-08-21-16-27-13.png,/mnt/Info/COGAR_DATASETs/OCID-dataset/ARID20/table/top/seq11/label/result_2018-08-21-16-27-13.png,result_2018-08-21-16-27-13.png,ARID20/table/top/seq11,ARID20,table,top,seq11,seq11
1833,10,/mnt/Info/COGAR_DATASETs/OCID-dataset/ARID20/table/top/seq11/rgb/result_2018-08-21-16-27-40.png,/mnt/Info/COGAR_DATASETs/OCID-dataset/ARID20/table/top/seq11/label/result_2018-08-21-16-27-40.png,result_2018-08-21-16-27-40.png,ARID20/table/top/seq11,ARID20,table,top,seq11,seq11
1834,11,/mnt/Info/COGAR_DATASETs/OCID-dataset/ARID20/table/top/seq11/rgb/result_2018-08-21-16-28-18.png,/mnt/Info/COGAR_DATASETs/OCID-dataset/ARID20/table/top/seq11/label/result_2018-08-21-16-28-18.png,result_2018-08-21-16-28-18.png,ARID20/table/top/seq11,ARID20,table,top,seq11,seq11
1835,12,/mnt/Info/COGAR_DATASETs/OCID-dataset/ARID20/table/top/seq11/rgb/result_2018-08-21-16-29-00.png,/mnt/Info/COGAR_DATASETs/OCID-dataset/ARID20/table/top/seq11/label/result_2018-08-21-16-29-00.png,result_2018-08-21-16-29-00.png,ARID20/table/top/seq11,ARID20,table,top,seq11,seq11
1836,13,/mnt/Info/COGAR_DATASETs/OCID-dataset/ARID20/table/top/seq11/rgb/result_2018-08-21-16-29-59.png,/mnt/Info/COGAR_DATASETs/OCID-dataset/ARID20/table/top/seq11/label/result_2018-08-21-16-29-59.png,result_2018-08-21-16-29-59.png,ARID20/table/top/seq11,ARID20,table,top,seq11,seq11
1837,14,/mnt/Info/COGAR_DATASETs/OCID-dataset/ARID20/table/top/seq11/rgb/result_2018-08-21-16-30-36.png,/mnt/Info/COGAR_DATASETs/OCID-dataset/ARID20/table/top/seq11/label/result_2018-08-21-16-30-36.png,result_2018-08-21-16-30-36.png,ARID20/table/top/seq11,ARID20,table,top,seq11,seq11
1838,15,/mnt/Info/COGAR_DATASETs/OCID-dataset/ARID20/table/top/seq11/rgb/result_2018-08-21-16-31-41.png,/mnt/Info/COGAR_DATASETs/OCID-dataset/ARID20/table/top/seq11/label/result_2018-08-21-16-31-41.png,result_2018-08-21-16-31-41.png,ARID20/table/top/seq11,ARID20,table,top,seq11,seq11
1839,16,/mnt/Info/COGAR_DATASETs/OCID-dataset/ARID20/table/top/seq11/rgb/result_2018-08-21-16-32-21.png,/mnt/Info/COGAR_DATASETs/OCID-dataset/ARID20/table/top/seq11/label/result_2018-08-21-16-32-21.png,result_2018-08-21-16-32-21.png,ARID20/table/top/seq11,ARID20,table,top,seq11,seq11
1840,17,/mnt/Info/COGAR_DATASETs/OCID-dataset/ARID20/table/top/seq11/rgb/result_2018-08-21-16-32-51.png,/mnt/Info/COGAR_DATASETs/OCID-dataset/ARID20/table/top/seq11/label/result_2018-08-21-16-32-51.png,result_2018-08-21-16-32-51.png,ARID20/table/top/seq11,ARID20,table,top,seq11,seq11
1841,18,/mnt/Info/COGAR_DATASETs/OCID-dataset/ARID20/table/top/seq11/rgb/result_2018-08-21-16-34-03.png,/mnt/Info/COGAR_DATASETs/OCID-dataset/ARID20/table/top/seq11/label/result_2018-08-21-16-34-03.png,result_2018-08-21-16-34-03.png,ARID20/table/top/seq11,ARID20,table,top,seq11,seq11
1842,19,/mnt/Info/COGAR_DATASETs/OCID-dataset/ARID20/table/top/seq11/rgb/result_2018-08-21-16-34-39.png,/mnt/Info/COGAR_DATASETs/OCID-dataset/ARID20/table/top/seq11/label/result_2018-08-21-16-34-39.png,result_2018-08-21-16-34-39.png,ARID20/table/top/seq11,ARID20,table,top,seq11,seq11
1843,20,/mnt/Info/COGAR_DATASETs/OCID-dataset/ARID20/table/top/seq11/rgb/result_2018-08-21-16-35-21.png,/mnt/Info/COGAR_DATASETs/OCID-dataset/ARID20/table/top/seq11/label/result_2018-08-21-16-35-21.png,result_2018-08-21-16-35-21.png,ARID20/table/top/seq11,ARID20,table,top,seq11,seq11
1844,0,/mnt/Info/COGAR_DATASETs/OCID-dataset/ARID20/table/top/seq12/rgb/result_2018-08-21-16-48-57.png,/mnt/Info/COGAR_DATASETs/OCID-dataset/ARID20/table/top/seq12/label/result_2018-08-21-16-48-57.png,result_2018-08-21-16-48-57.png,ARID20/table/top/seq12,ARID20,table,top,seq12,seq12
1845,1,/mnt/Info/COGAR_DATASETs/OCID-dataset/ARID20/table/top/seq12/rgb/result_2018-08-21-16-49-32.png,/mnt/Info/COGAR_DATASETs/OCID-dataset/ARID20/table/top/seq12/label/result_2018-08-21-16-49-32.png,result_2018-08-21-16-49-32.png,ARID20/table/top/seq12,ARID20,table,top,seq12,seq12
1846,2,/mnt/Info/COGAR_DATASETs/OCID-dataset/ARID20/table/top/seq12/rgb/result_2018-08-21-16-50-31.png,/mnt/Info/COGAR_DATASETs/OCID-dataset/ARID20/table/top/seq12/label/result_2018-08-21-16-50-31.png,result_2018-08-21-16-50-31.png,ARID20/table/top/seq12,ARID20,table,top,seq12,seq12
1847,3,/mnt/Info/COGAR_DATASETs/OCID-dataset/ARID20/table/top/seq12/rgb/result_2018-08-21-16-51-01.png,/mnt/Info/COGAR_DATASETs/OCID-dataset/ARID20/table/top/seq12/label/result_2018-08-21-16-51-01.png,result_2018-08-21-16-51-01.png,ARID20/table/top/seq12,ARID20,table,top,seq12,seq12
1848,4,/mnt/Info/COGAR_DATASETs/OCID-dataset/ARID20/table/top/seq12/rgb/result_2018-08-21-16-51-32.png,/mnt/Info/COGAR_DATASETs/OCID-dataset/ARID20/table/top/seq12/label/result_2018-08-21-16-51-32.png,result_2018-08-21-16-51-32.png,ARID20/table/top/seq12,ARID20,table,top,seq12,seq12
1849,5,/mnt/Info/COGAR_DATASETs/OCID-dataset/ARID20/table/top/seq12/rgb/result_2018-08-21-16-52-03.png,/mnt/Info/COGAR_DATASETs/OCID-dataset/ARID20/table/top/seq12/label/result_2018-08-21-16-52-03.png,result_2018-08-21-16-52-03.png,ARID20/table/top/seq12,ARID20,table,top,seq12,seq12
1850,6,/mnt/Info/COGAR_DATASETs/OCID-dataset/ARID20/table/top/seq12/rgb/result_2018-08-21-16-52-33.png,/mnt/Info/COGAR_DATASETs/OCID-dataset/ARID20/table/top/seq12/label/result_2018-08-21-16-52-33.png,result_2018-08-21-16-52-33.png,ARID20/table/top/seq12,ARID20,table,top,seq12,seq12
1851,7,/mnt/Info/COGAR_DATASETs/OCID-dataset/ARID20/table/top/seq12/rgb/result_2018-08-21-16-53-16.png,/mnt/Info/COGAR_DATASETs/OCID-dataset/ARID20/table/top/seq12/label/result_2018-08-21-16-53-16.png,result_2018-08-21-16-53-16.png,ARID20/table/top/seq12,ARID20,table,top,seq12,seq12
1852,8,/mnt/Info/COGAR_DATASETs/OCID-dataset/ARID20/table/top/seq12/rgb/result_2018-08-21-16-53-44.png,/mnt/Info/COGAR_DATASETs/OCID-dataset/ARID20/table/top/seq12/label/result_2018-08-21-16-53-44.png,result_2018-08-21-16-53-44.png,ARID20/table/top/seq12,ARID20,table,top,seq12,seq12
1853,9,/mnt/Info/COGAR_DATASETs/OCID-dataset/ARID20/table/top/seq12/rgb/result_2018-08-21-16-54-22.png,/mnt/Info/COGAR_DATASETs/OCID-dataset/ARID20/table/top/seq12/label/result_2018-08-21-16-54-22.png,result_2018-08-21-16-54-22.png,ARID20/table/top/seq12,ARID20,table,top,seq12,seq12
1854,10,/mnt/Info/COGAR_DATASETs/OCID-dataset/ARID20/table/top/seq12/rgb/result_2018-08-21-16-54-53.png,/mnt/Info/COGAR_DATASETs/OCID-dataset/ARID20/table/top/seq12/label/result_2018-08-21-16-54-53.png,result_2018-08-21-16-54-53.png,ARID20/table/top/seq12,ARID20,table,top,seq12,seq12
1855,11,/mnt/Info/COGAR_DATASETs/OCID-dataset/ARID20/table/top/seq12/rgb/result_2018-08-21-16-55-29.png,/mnt/Info/COGAR_DATASETs/OCID-dataset/ARID20/table/top/seq12/label/result_2018-08-21-16-55-29.png,result_2018-08-21-16-55-29.png,ARID20/table/top/seq12,ARID20,table,top,seq12,seq12
1856,12,/mnt/Info/COGAR_DATASETs/OCID-dataset/ARID20/table/top/seq12/rgb/result_2018-08-21-16-56-11.png,/mnt/Info/COGAR_DATASETs/OCID-dataset/ARID20/table/top/seq12/label/result_2018-08-21-16-56-11.png,result_2018-08-21-16-56-11.png,ARID20/table/top/seq12,ARID20,table,top,seq12,seq12
1857,13,/mnt/Info/COGAR_DATASETs/OCID-dataset/ARID20/table/top/seq12/rgb/result_2018-08-21-16-56-48.png,/mnt/Info/COGAR_DATASETs/OCID-dataset/ARID20/table/top/seq12/label/result_2018-08-21-16-56-48.png,result_2018-08-21-16-56-48.png,ARID20/table/top/seq12,ARID20,table,top,seq12,seq12
1858,14,/mnt/Info/COGAR_DATASETs/OCID-dataset/ARID20/table/top/seq12/rgb/result_2018-08-21-16-57-10.png,/mnt/Info/COGAR_DATASETs/OCID-dataset/ARID20/table/top/seq12/label/result_2018-08-21-16-57-10.png,result_2018-08-21-16-57-10.png,ARID20/table/top/seq12,ARID20,table,top,seq12,seq12
1859,15,/mnt/Info/COGAR_DATASETs/OCID-dataset/ARID20/table/top/seq12/rgb/result_2018-08-21-16-57-34.png,/mnt/Info/COGAR_DATASETs/OCID-dataset/ARID20/table/top/seq12/label/result_2018-08-21-16-57-34.png,result_2018-08-21-16-57-34.png,ARID20/table/top/seq12,ARID20,table,top,seq12,seq12
1860,16,/mnt/Info/COGAR_DATASETs/OCID-dataset/ARID20/table/top/seq12/rgb/result_2018-08-21-16-58-25.png,/mnt/Info/COGAR_DATASETs/OCID-dataset/ARID20/table/top/seq12/label/result_2018-08-21-16-58-25.png,result_2018-08-21-16-58-25.png,ARID20/table/top/seq12,ARID20,table,top,seq12,seq12
1861,17,/mnt/Info/COGAR_DATASETs/OCID-dataset/ARID20/table/top/seq12/rgb/result_2018-08-21-16-58-52.png,/mnt/Info/COGAR_DATASETs/OCID-dataset/ARID20/table/top/seq12/label/result_2018-08-21-16-58-52.png,result_2018-08-21-16-58-52.png,ARID20/table/top/seq12,ARID20,table,top,seq12,seq12
1862,18,/mnt/Info/COGAR_DATASETs/OCID-dataset/ARID20/table/top/seq12/rgb/result_2018-08-21-16-59-16.png,/mnt/Info/COGAR_DATASETs/OCID-dataset/ARID20/table/top/seq12/label/result_2018-08-21-16-59-16.png,result_2018-08-21-16-59-16.png,ARID20/table/top/seq12,ARID20,table,top,seq12,seq12
1863,19,/mnt/Info/COGAR_DATASETs/OCID-dataset/ARID20/table/top/seq12/rgb/result_2018-08-21-17-00-56.png,/mnt/Info/COGAR_DATASETs/OCID-dataset/ARID20/table/top/seq12/label/result_2018-08-21-17-00-56.png,result_2018-08-21-17-00-56.png,ARID20/table/top/seq12,ARID20,table,top,seq12,seq12
1864,20,/mnt/Info/COGAR_DATASETs/OCID-dataset/ARID20/table/top/seq12/rgb/result_2018-08-21-17-01-40.png,/mnt/Info/COGAR_DATASETs/OCID-dataset/ARID20/table/top/seq12/label/result_2018-08-21-17-01-40.png,result_2018-08-21-17-01-40.png,ARID20/table/top/seq12,ARID20,table,top,seq12,seq12
1865,0,/mnt/Info/COGAR_DATASETs/OCID-dataset/ARID20/table/top/seq13/rgb/result_2018-08-23-09-27-03.png,/mnt/Info/COGAR_DATASETs/OCID-dataset/ARID20/table/top/seq13/label/result_2018-08-23-09-27-03.png,result_2018-08-23-09-27-03.png,ARID20/table/top/seq13,ARID20,table,top,seq13,seq13
1866,1,/mnt/Info/COGAR_DATASETs/OCID-dataset/ARID20/table/top/seq13/rgb/result_2018-08-23-09-31-32.png,/mnt/Info/COGAR_DATASETs/OCID-dataset/ARID20/table/top/seq13/label/result_2018-08-23-09-31-32.png,result_2018-08-23-09-31-32.png,ARID20/table/top/seq13,ARID20,table,top,seq13,seq13
1867,2,/mnt/Info/COGAR_DATASETs/OCID-dataset/ARID20/table/top/seq13/rgb/result_2018-08-23-09-31-59.png,/mnt/Info/COGAR_DATASETs/OCID-dataset/ARID20/table/top/seq13/label/result_2018-08-23-09-31-59.png,result_2018-08-23-09-31-59.png,ARID20/table/top/seq13,ARID20,table,top,seq13,seq13
1868,3,/mnt/Info/COGAR_DATASETs/OCID-dataset/ARID20/table/top/seq13/rgb/result_2018-08-23-09-32-26.png,/mnt/Info/COGAR_DATASETs/OCID-dataset/ARID20/table/top/seq13/label/result_2018-08-23-09-32-26.png,result_2018-08-23-09-32-26.png,ARID20/table/top/seq13,ARID20,table,top,seq13,seq13
1869,4,/mnt/Info/COGAR_DATASETs/OCID-dataset/ARID20/table/top/seq13/rgb/result_2018-08-23-09-32-56.png,/mnt/Info/COGAR_DATASETs/OCID-dataset/ARID20/table/top/seq13/label/result_2018-08-23-09-32-56.png,result_2018-08-23-09-32-56.png,ARID20/table/top/seq13,ARID20,table,top,seq13,seq13
1870,5,/mnt/Info/COGAR_DATASETs/OCID-dataset/ARID20/table/top/seq13/rgb/result_2018-08-23-09-33-21.png,/mnt/Info/COGAR_DATASETs/OCID-dataset/ARID20/table/top/seq13/label/result_2018-08-23-09-33-21.png,result_2018-08-23-09-33-21.png,ARID20/table/top/seq13,ARID20,table,top,seq13,seq13
1871,6,/mnt/Info/COGAR_DATASETs/OCID-dataset/ARID20/table/top/seq13/rgb/result_2018-08-23-09-33-45.png,/mnt/Info/COGAR_DATASETs/OCID-dataset/ARID20/table/top/seq13/label/result_2018-08-23-09-33-45.png,result_2018-08-23-09-33-45.png,ARID20/table/top/seq13,ARID20,table,top,seq13,seq13
1872,7,/mnt/Info/COGAR_DATASETs/OCID-dataset/ARID20/table/top/seq13/rgb/result_2018-08-23-09-34-07.png,/mnt/Info/COGAR_DATASETs/OCID-dataset/ARID20/table/top/seq13/label/result_2018-08-23-09-34-07.png,result_2018-08-23-09-34-07.png,ARID20/table/top/seq13,ARID20,table,top,seq13,seq13
1873,8,/mnt/Info/COGAR_DATASETs/OCID-dataset/ARID20/table/top/seq13/rgb/result_2018-08-23-09-34-36.png,/mnt/Info/COGAR_DATASETs/OCID-dataset/ARID20/table/top/seq13/label/result_2018-08-23-09-34-36.png,result_2018-08-23-09-34-36.png,ARID20/table/top/seq13,ARID20,table,top,seq13,seq13
1874,9,/mnt/Info/COGAR_DATASETs/OCID-dataset/ARID20/table/top/seq13/rgb/result_2018-08-23-09-35-02.png,/mnt/Info/COGAR_DATASETs/OCID-dataset/ARID20/table/top/seq13/label/result_2018-08-23-09-35-02.png,result_2018-08-23-09-35-02.png,ARID20/table/top/seq13,ARID20,table,top,seq13,seq13
1875,10,/mnt/Info/COGAR_DATASETs/OCID-dataset/ARID20/table/top/seq13/rgb/result_2018-08-23-09-37-29.png,/mnt/Info/COGAR_DATASETs/OCID-dataset/ARID20/table/top/seq13/label/result_2018-08-23-09-37-29.png,result_2018-08-23-09-37-29.png,ARID20/table/top/seq13,ARID20,table,top,seq13,seq13
1876,11,/mnt/Info/COGAR_DATASETs/OCID-dataset/ARID20/table/top/seq13/rgb/result_2018-08-23-09-38-03.png,/mnt/Info/COGAR_DATASETs/OCID-dataset/ARID20/table/top/seq13/label/result_2018-08-23-09-38-03.png,result_2018-08-23-09-38-03.png,ARID20/table/top/seq13,ARID20,table,top,seq13,seq13
1877,12,/mnt/Info/COGAR_DATASETs/OCID-dataset/ARID20/table/top/seq13/rgb/result_2018-08-23-09-39-01.png,/mnt/Info/COGAR_DATASETs/OCID-dataset/ARID20/table/top/seq13/label/result_2018-08-23-09-39-01.png,result_2018-08-23-09-39-01.png,ARID20/table/top/seq13,ARID20,table,top,seq13,seq13
1878,13,/mnt/Info/COGAR_DATASETs/OCID-dataset/ARID20/table/top/seq13/rgb/result_2018-08-23-09-39-32.png,/mnt/Info/COGAR_DATASETs/OCID-dataset/ARID20/table/top/seq13/label/result_2018-08-23-09-39-32.png,result_2018-08-23-09-39-32.png,ARID20/table/top/seq13,ARID20,table,top,seq13,seq13
1879,14,/mnt/Info/COGAR_DATASETs/OCID-dataset/ARID20/table/top/seq13/rgb/result_2018-08-23-09-40-18.png,/mnt/Info/COGAR_DATASETs/OCID-dataset/ARID20/table/top/seq13/label/result_2018-08-23-09-40-18.png,result_2018-08-23-09-40-18.png,ARID20/table/top/seq13,ARID20,table,top,seq13,seq13
1880,15,/mnt/Info/COGAR_DATASETs/OCID-dataset/ARID20/table/top/seq13/rgb/result_2018-08-23-09-41-38.png,/mnt/Info/COGAR_DATASETs/OCID-dataset/ARID20/table/top/seq13/label/result_2018-08-23-09-41-38.png,result_2018-08-23-09-41-38.png,ARID20/table/top/seq13,ARID20,table,top,seq13,seq13
1881,16,/mnt/Info/COGAR_DATASETs/OCID-dataset/ARID20/table/top/seq13/rgb/result_2018-08-23-09-42-24.png,/mnt/Info/COGAR_DATASETs/OCID-dataset/ARID20/table/top/seq13/label/result_2018-08-23-09-42-24.png,result_2018-08-23-09-42-24.png,ARID20/table/top/seq13,ARID20,table,top,seq13,seq13
1882,17,/mnt/Info/COGAR_DATASETs/OCID-dataset/ARID20/table/top/seq13/rgb/result_2018-08-23-09-42-59.png,/mnt/Info/COGAR_DATASETs/OCID-dataset/ARID20/table/top/seq13/label/result_2018-08-23-09-42-59.png,result_2018-08-23-09-42-59.png,ARID20/table/top/seq13,ARID20,table,top,seq13,seq13
1883,18,/mnt/Info/COGAR_DATASETs/OCID-dataset/ARID20/table/top/seq13/rgb/result_2018-08-23-09-43-48.png,/mnt/Info/COGAR_DATASETs/OCID-dataset/ARID20/table/top/seq13/label/result_2018-08-23-09-43-48.png,result_2018-08-23-09-43-48.png,ARID20/table/top/seq13,ARID20,table,top,seq13,seq13
1884,19,/mnt/Info/COGAR_DATASETs/OCID-dataset/ARID20/table/top/seq13/rgb/result_2018-08-23-09-44-11.png,/mnt/Info/COGAR_DATASETs/OCID-dataset/ARID20/table/top/seq13/label/result_2018-08-23-09-44-11.png,result_2018-08-23-09-44-11.png,ARID20/table/top/seq13,ARID20,table,top,seq13,seq13
1885,20,/mnt/Info/COGAR_DATASETs/OCID-dataset/ARID20/table/top/seq13/rgb/result_2018-08-23-09-44-44.png,/mnt/Info/COGAR_DATASETs/OCID-dataset/ARID20/table/top/seq13/label/result_2018-08-23-09-44-44.png,result_2018-08-23-09-44-44.png,ARID20/table/top/seq13,ARID20,table,top,seq13,seq13
1886,0,/mnt/Info/COGAR_DATASETs/OCID-dataset/YCB10/floor/bottom/cuboid/seq03/rgb/result_2018-08-24-10-32-31.png,/mnt/Info/COGAR_DATASETs/OCID-dataset/YCB10/floor/bottom/cuboid/seq03/label/result_2018-08-24-10-32-31.png,result_2018-08-24-10-32-31.png,YCB10/floor/bottom/cuboid/seq03,YCB10,floor,bottom,cuboid,seq03
1887,1,/mnt/Info/COGAR_DATASETs/OCID-dataset/YCB10/floor/bottom/cuboid/seq03/rgb/result_2018-08-24-10-32-52.png,/mnt/Info/COGAR_DATASETs/OCID-dataset/YCB10/floor/bottom/cuboid/seq03/label/result_2018-08-24-10-32-52.png,result_2018-08-24-10-32-52.png,YCB10/floor/bottom/cuboid/seq03,YCB10,floor,bottom,cuboid,seq03
1888,2,/mnt/Info/COGAR_DATASETs/OCID-dataset/YCB10/floor/bottom/cuboid/seq03/rgb/result_2018-08-24-10-33-20.png,/mnt/Info/COGAR_DATASETs/OCID-dataset/YCB10/floor/bottom/cuboid/seq03/label/result_2018-08-24-10-33-20.png,result_2018-08-24-10-33-20.png,YCB10/floor/bottom/cuboid/seq03,YCB10,floor,bottom,cuboid,seq03
1889,3,/mnt/Info/COGAR_DATASETs/OCID-dataset/YCB10/floor/bottom/cuboid/seq03/rgb/result_2018-08-24-10-33-53.png,/mnt/Info/COGAR_DATASETs/OCID-dataset/YCB10/floor/bottom/cuboid/seq03/label/result_2018-08-24-10-33-53.png,result_2018-08-24-10-33-53.png,YCB10/floor/bottom/cuboid/seq03,YCB10,floor,bottom,cuboid,seq03
1890,4,/mnt/Info/COGAR_DATASETs/OCID-dataset/YCB10/floor/bottom/cuboid/seq03/rgb/result_2018-08-24-10-34-25.png,/mnt/Info/COGAR_DATASETs/OCID-dataset/YCB10/floor/bottom/cuboid/seq03/label/result_2018-08-24-10-34-25.png,result_2018-08-24-10-34-25.png,YCB10/floor/bottom/cuboid/seq03,YCB10,floor,bottom,cuboid,seq03
1891,5,/mnt/Info/COGAR_DATASETs/OCID-dataset/YCB10/floor/bottom/cuboid/seq03/rgb/result_2018-08-24-10-34-51.png,/mnt/Info/COGAR_DATASETs/OCID-dataset/YCB10/floor/bottom/cuboid/seq03/label/result_2018-08-24-10-34-51.png,result_2018-08-24-10-34-51.png,YCB10/floor/bottom/cuboid/seq03,YCB10,floor,bottom,cuboid,seq03
1892,6,/mnt/Info/COGAR_DATASETs/OCID-dataset/YCB10/floor/bottom/cuboid/seq03/rgb/result_2018-08-24-10-35-15.png,/mnt/Info/COGAR_DATASETs/OCID-dataset/YCB10/floor/bottom/cuboid/seq03/label/result_2018-08-24-10-35-15.png,result_2018-08-24-10-35-15.png,YCB10/floor/bottom/cuboid/seq03,YCB10,floor,bottom,cuboid,seq03
1893,7,/mnt/Info/COGAR_DATASETs/OCID-dataset/YCB10/floor/bottom/cuboid/seq03/rgb/result_2018-08-24-10-36-15.png,/mnt/Info/COGAR_DATASETs/OCID-dataset/YCB10/floor/bottom/cuboid/seq03/label/result_2018-08-24-10-36-15.png,result_2018-08-24-10-36-15.png,YCB10/floor/bottom/cuboid/seq03,YCB10,floor,bottom,cuboid,seq03
1894,8,/mnt/Info/COGAR_DATASETs/OCID-dataset/YCB10/floor/bottom/cuboid/seq03/rgb/result_2018-08-24-10-36-40.png,/mnt/Info/COGAR_DATASETs/OCID-dataset/YCB10/floor/bottom/cuboid/seq03/label/result_2018-08-24-10-36-40.png,result_2018-08-24-10-36-40.png,YCB10/floor/bottom/cuboid/seq03,YCB10,floor,bottom,cuboid,seq03
1895,9,/mnt/Info/COGAR_DATASETs/OCID-dataset/YCB10/floor/bottom/cuboid/seq03/rgb/result_2018-08-24-10-37-12.png,/mnt/Info/COGAR_DATASETs/OCID-dataset/YCB10/floor/bottom/cuboid/seq03/label/result_2018-08-24-10-37-12.png,result_2018-08-24-10-37-12.png,YCB10/floor/bottom/cuboid/seq03,YCB10,floor,bottom,cuboid,seq03
1896,0,/mnt/Info/COGAR_DATASETs/OCID-dataset/YCB10/floor/bottom/cuboid/seq04/rgb/result_2018-08-24-10-41-18.png,/mnt/Info/COGAR_DATASETs/OCID-dataset/YCB10/floor/bottom/cuboid/seq04/label/result_2018-08-24-10-41-18.png,result_2018-08-24-10-41-18.png,YCB10/floor/bottom/cuboid/seq04,YCB10,floor,bottom,cuboid,seq04
1897,1,/mnt/Info/COGAR_DATASETs/OCID-dataset/YCB10/floor/bottom/cuboid/seq04/rgb/result_2018-08-24-10-41-40.png,/mnt/Info/COGAR_DATASETs/OCID-dataset/YCB10/floor/bottom/cuboid/seq04/label/result_2018-08-24-10-41-40.png,result_2018-08-24-10-41-40.png,YCB10/floor/bottom/cuboid/seq04,YCB10,floor,bottom,cuboid,seq04
1898,2,/mnt/Info/COGAR_DATASETs/OCID-dataset/YCB10/floor/bottom/cuboid/seq04/rgb/result_2018-08-24-10-42-06.png,/mnt/Info/COGAR_DATASETs/OCID-dataset/YCB10/floor/bottom/cuboid/seq04/label/result_2018-08-24-10-42-06.png,result_2018-08-24-10-42-06.png,YCB10/floor/bottom/cuboid/seq04,YCB10,floor,bottom,cuboid,seq04
1899,3,/mnt/Info/COGAR_DATASETs/OCID-dataset/YCB10/floor/bottom/cuboid/seq04/rgb/result_2018-08-24-10-42-26.png,/mnt/Info/COGAR_DATASETs/OCID-dataset/YCB10/floor/bottom/cuboid/seq04/label/result_2018-08-24-10-42-26.png,result_2018-08-24-10-42-26.png,YCB10/floor/bottom/cuboid/seq04,YCB10,floor,bottom,cuboid,seq04
1900,4,/mnt/Info/COGAR_DATASETs/OCID-dataset/YCB10/floor/bottom/cuboid/seq04/rgb/result_2018-08-24-10-43-10.png,/mnt/Info/COGAR_DATASETs/OCID-dataset/YCB10/floor/bottom/cuboid/seq04/label/result_2018-08-24-10-43-10.png,result_2018-08-24-10-43-10.png,YCB10/floor/bottom/cuboid/seq04,YCB10,floor,bottom,cuboid,seq04
1901,5,/mnt/Info/COGAR_DATASETs/OCID-dataset/YCB10/floor/bottom/cuboid/seq04/rgb/result_2018-08-24-10-43-35.png,/mnt/Info/COGAR_DATASETs/OCID-dataset/YCB10/floor/bottom/cuboid/seq04/label/result_2018-08-24-10-43-35.png,result_2018-08-24-10-43-35.png,YCB10/floor/bottom/cuboid/seq04,YCB10,floor,bottom,cuboid,seq04
1902,6,/mnt/Info/COGAR_DATASETs/OCID-dataset/YCB10/floor/bottom/cuboid/seq04/rgb/result_2018-08-24-10-43-58.png,/mnt/Info/COGAR_DATASETs/OCID-dataset/YCB10/floor/bottom/cuboid/seq04/label/result_2018-08-24-10-43-58.png,result_2018-08-24-10-43-58.png,YCB10/floor/bottom/cuboid/seq04,YCB10,floor,bottom,cuboid,seq04
1903,7,/mnt/Info/COGAR_DATASETs/OCID-dataset/YCB10/floor/bottom/cuboid/seq04/rgb/result_2018-08-24-10-44-17.png,/mnt/Info/COGAR_DATASETs/OCID-dataset/YCB10/floor/bottom/cuboid/seq04/label/result_2018-08-24-10-44-17.png,result_2018-08-24-10-44-17.png,YCB10/floor/bottom/cuboid/seq04,YCB10,floor,bottom,cuboid,seq04
1904,8,/mnt/Info/COGAR_DATASETs/OCID-dataset/YCB10/floor/bottom/cuboid/seq04/rgb/result_2018-08-24-10-44-40.png,/mnt/Info/COGAR_DATASETs/OCID-dataset/YCB10/floor/bottom/cuboid/seq04/label/result_2018-08-24-10-44-40.png,result_2018-08-24-10-44-40.png,YCB10/floor/bottom/cuboid/seq04,YCB10,floor,bottom,cuboid,seq04
1905,9,/mnt/Info/COGAR_DATASETs/OCID-dataset/YCB10/floor/bottom/cuboid/seq04/rgb/result_2018-08-24-10-45-03.png,/mnt/Info/COGAR_DATASETs/OCID-dataset/YCB10/floor/bottom/cuboid/seq04/label/result_2018-08-24-10-45-03.png,result_2018-08-24-10-45-03.png,YCB10/floor/bottom/cuboid/seq04,YCB10,floor,bottom,cuboid,seq04
1906,0,/mnt/Info/COGAR_DATASETs/OCID-dataset/YCB10/floor/bottom/cuboid/seq09/rgb/result_2018-08-24-11-30-09.png,/mnt/Info/COGAR_DATASETs/OCID-dataset/YCB10/floor/bottom/cuboid/seq09/label/result_2018-08-24-11-30-09.png,result_2018-08-24-11-30-09.png,YCB10/floor/bottom/cuboid/seq09,YCB10,floor,bottom,cuboid,seq09
1907,1,/mnt/Info/COGAR_DATASETs/OCID-dataset/YCB10/floor/bottom/cuboid/seq09/rgb/result_2018-08-24-11-30-35.png,/mnt/Info/COGAR_DATASETs/OCID-dataset/YCB10/floor/bottom/cuboid/seq09/label/result_2018-08-24-11-30-35.png,result_2018-08-24-11-30-35.png,YCB10/floor/bottom/cuboid/seq09,YCB10,floor,bottom,cuboid,seq09
1908,2,/mnt/Info/COGAR_DATASETs/OCID-dataset/YCB10/floor/bottom/cuboid/seq09/rgb/result_2018-08-24-11-32-34.png,/mnt/Info/COGAR_DATASETs/OCID-dataset/YCB10/floor/bottom/cuboid/seq09/label/result_2018-08-24-11-32-34.png,result_2018-08-24-11-32-34.png,YCB10/floor/bottom/cuboid/seq09,YCB10,floor,bottom,cuboid,seq09
1909,3,/mnt/Info/COGAR_DATASETs/OCID-dataset/YCB10/floor/bottom/cuboid/seq09/rgb/result_2018-08-24-11-32-59.png,/mnt/Info/COGAR_DATASETs/OCID-dataset/YCB10/floor/bottom/cuboid/seq09/label/result_2018-08-24-11-32-59.png,result_2018-08-24-11-32-59.png,YCB10/floor/bottom/cuboid/seq09,YCB10,floor,bottom,cuboid,seq09
1910,4,/mnt/Info/COGAR_DATASETs/OCID-dataset/YCB10/floor/bottom/cuboid/seq09/rgb/result_2018-08-24-11-33-37.png,/mnt/Info/COGAR_DATASETs/OCID-dataset/YCB10/floor/bottom/cuboid/seq09/label/result_2018-08-24-11-33-37.png,result_2018-08-24-11-33-37.png,YCB10/floor/bottom/cuboid/seq09,YCB10,floor,bottom,cuboid,seq09
1911,5,/mnt/Info/COGAR_DATASETs/OCID-dataset/YCB10/floor/bottom/cuboid/seq09/rgb/result_2018-08-24-11-34-12.png,/mnt/Info/COGAR_DATASETs/OCID-dataset/YCB10/floor/bottom/cuboid/seq09/label/result_2018-08-24-11-34-12.png,result_2018-08-24-11-34-12.png,YCB10/floor/bottom/cuboid/seq09,YCB10,floor,bottom,cuboid,seq09
1912,6,/mnt/Info/COGAR_DATASETs/OCID-dataset/YCB10/floor/bottom/cuboid/seq09/rgb/result_2018-08-24-11-34-42.png,/mnt/Info/COGAR_DATASETs/OCID-dataset/YCB10/floor/bottom/cuboid/seq09/label/result_2018-08-24-11-34-42.png,result_2018-08-24-11-34-42.png,YCB10/floor/bottom/cuboid/seq09,YCB10,floor,bottom,cuboid,seq09
1913,7,/mnt/Info/COGAR_DATASETs/OCID-dataset/YCB10/floor/bottom/cuboid/seq09/rgb/result_2018-08-24-11-35-10.png,/mnt/Info/COGAR_DATASETs/OCID-dataset/YCB10/floor/bottom/cuboid/seq09/label/result_2018-08-24-11-35-10.png,result_2018-08-24-11-35-10.png,YCB10/floor/bottom/cuboid/seq09,YCB10,floor,bottom,cuboid,seq09
1914,8,/mnt/Info/COGAR_DATASETs/OCID-dataset/YCB10/floor/bottom/cuboid/seq09/rgb/result_2018-08-24-11-35-51.png,/mnt/Info/COGAR_DATASETs/OCID-dataset/YCB10/floor/bottom/cuboid/seq09/label/result_2018-08-24-11-35-51.png,result_2018-08-24-11-35-51.png,YCB10/floor/bottom/cuboid/seq09,YCB10,floor,bottom,cuboid,seq09
1915,9,/mnt/Info/COGAR_DATASETs/OCID-dataset/YCB10/floor/bottom/cuboid/seq09/rgb/result_2018-08-24-11-36-11.png,/mnt/Info/COGAR_DATASETs/OCID-dataset/YCB10/floor/bottom/cuboid/seq09/label/result_2018-08-24-11-36-11.png,result_2018-08-24-11-36-11.png,YCB10/floor/bottom/cuboid/seq09,YCB10,floor,bottom,cuboid,seq09
1916,0,/mnt/Info/COGAR_DATASETs/OCID-dataset/YCB10/floor/bottom/cuboid/seq10/rgb/result_2018-08-24-11-40-07.png,/mnt/Info/COGAR_DATASETs/OCID-dataset/YCB10/floor/bottom/cuboid/seq10/label/result_2018-08-24-11-40-07.png,result_2018-08-24-11-40-07.png,YCB10/floor/bottom/cuboid/seq10,YCB10,floor,bottom,cuboid,seq10
1917,1,/mnt/Info/COGAR_DATASETs/OCID-dataset/YCB10/floor/bottom/cuboid/seq10/rgb/result_2018-08-24-11-41-15.png,/mnt/Info/COGAR_DATASETs/OCID-dataset/YCB10/floor/bottom/cuboid/seq10/label/result_2018-08-24-11-41-15.png,result_2018-08-24-11-41-15.png,YCB10/floor/bottom/cuboid/seq10,YCB10,floor,bottom,cuboid,seq10
1918,2,/mnt/Info/COGAR_DATASETs/OCID-dataset/YCB10/floor/bottom/cuboid/seq10/rgb/result_2018-08-24-11-42-45.png,/mnt/Info/COGAR_DATASETs/OCID-dataset/YCB10/floor/bottom/cuboid/seq10/label/result_2018-08-24-11-42-45.png,result_2018-08-24-11-42-45.png,YCB10/floor/bottom/cuboid/seq10,YCB10,floor,bottom,cuboid,seq10
1919,3,/mnt/Info/COGAR_DATASETs/OCID-dataset/YCB10/floor/bottom/cuboid/seq10/rgb/result_2018-08-24-11-43-24.png,/mnt/Info/COGAR_DATASETs/OCID-dataset/YCB10/floor/bottom/cuboid/seq10/label/result_2018-08-24-11-43-24.png,result_2018-08-24-11-43-24.png,YCB10/floor/bottom/cuboid/seq10,YCB10,floor,bottom,cuboid,seq10
1920,4,/mnt/Info/COGAR_DATASETs/OCID-dataset/YCB10/floor/bottom/cuboid/seq10/rgb/result_2018-08-24-11-44-01.png,/mnt/Info/COGAR_DATASETs/OCID-dataset/YCB10/floor/bottom/cuboid/seq10/label/result_2018-08-24-11-44-01.png,result_2018-08-24-11-44-01.png,YCB10/floor/bottom/cuboid/seq10,YCB10,floor,bottom,cuboid,seq10
1921,5,/mnt/Info/COGAR_DATASETs/OCID-dataset/YCB10/floor/bottom/cuboid/seq10/rgb/result_2018-08-24-11-44-23.png,/mnt/Info/COGAR_DATASETs/OCID-dataset/YCB10/floor/bottom/cuboid/seq10/label/result_2018-08-24-11-44-23.png,result_2018-08-24-11-44-23.png,YCB10/floor/bottom/cuboid/seq10,YCB10,floor,bottom,cuboid,seq10
1922,6,/mnt/Info/COGAR_DATASETs/OCID-dataset/YCB10/floor/bottom/cuboid/seq10/rgb/result_2018-08-24-11-44-47.png,/mnt/Info/COGAR_DATASETs/OCID-dataset/YCB10/floor/bottom/cuboid/seq10/label/result_2018-08-24-11-44-47.png,result_2018-08-24-11-44-47.png,YCB10/floor/bottom/cuboid/seq10,YCB10,floor,bottom,cuboid,seq10
1923,7,/mnt/Info/COGAR_DATASETs/OCID-dataset/YCB10/floor/bottom/cuboid/seq10/rgb/result_2018-08-24-11-45-08.png,/mnt/Info/COGAR_DATASETs/OCID-dataset/YCB10/floor/bottom/cuboid/seq10/label/result_2018-08-24-11-45-08.png,result_2018-08-24-11-45-08.png,YCB10/floor/bottom/cuboid/seq10,YCB10,floor,bottom,cuboid,seq10
1924,8,/mnt/Info/COGAR_DATASETs/OCID-dataset/YCB10/floor/bottom/cuboid/seq10/rgb/result_2018-08-24-11-45-38.png,/mnt/Info/COGAR_DATASETs/OCID-dataset/YCB10/floor/bottom/cuboid/seq10/label/result_2018-08-24-11-45-38.png,result_2018-08-24-11-45-38.png,YCB10/floor/bottom/cuboid/seq10,YCB10,floor,bottom,cuboid,seq10
1925,9,/mnt/Info/COGAR_DATASETs/OCID-dataset/YCB10/floor/bottom/cuboid/seq10/rgb/result_2018-08-24-11-46-01.png,/mnt/Info/COGAR_DATASETs/OCID-dataset/YCB10/floor/bottom/cuboid/seq10/label/result_2018-08-24-11-46-01.png,result_2018-08-24-11-46-01.png,YCB10/floor/bottom/cuboid/seq10,YCB10,floor,bottom,cuboid,seq10
1926,0,/mnt/Info/COGAR_DATASETs/OCID-dataset/YCB10/floor/bottom/curved/seq05/rgb/result_2018-08-24-10-47-13.png,/mnt/Info/COGAR_DATASETs/OCID-dataset/YCB10/floor/bottom/curved/seq05/label/result_2018-08-24-10-47-13.png,result_2018-08-24-10-47-13.png,YCB10/floor/bottom/curved/seq05,YCB10,floor,bottom,curved,seq05
1927,1,/mnt/Info/COGAR_DATASETs/OCID-dataset/YCB10/floor/bottom/curved/seq05/rgb/result_2018-08-24-10-47-36.png,/mnt/Info/COGAR_DATASETs/OCID-dataset/YCB10/floor/bottom/curved/seq05/label/result_2018-08-24-10-47-36.png,result_2018-08-24-10-47-36.png,YCB10/floor/bottom/curved/seq05,YCB10,floor,bottom,curved,seq05
1928,2,/mnt/Info/COGAR_DATASETs/OCID-dataset/YCB10/floor/bottom/curved/seq05/rgb/result_2018-08-24-10-48-09.png,/mnt/Info/COGAR_DATASETs/OCID-dataset/YCB10/floor/bottom/curved/seq05/label/result_2018-08-24-10-48-09.png,result_2018-08-24-10-48-09.png,YCB10/floor/bottom/curved/seq05,YCB10,floor,bottom,curved,seq05
1929,3,/mnt/Info/COGAR_DATASETs/OCID-dataset/YCB10/floor/bottom/curved/seq05/rgb/result_2018-08-24-10-48-31.png,/mnt/Info/COGAR_DATASETs/OCID-dataset/YCB10/floor/bottom/curved/seq05/label/result_2018-08-24-10-48-31.png,result_2018-08-24-10-48-31.png,YCB10/floor/bottom/curved/seq05,YCB10,floor,bottom,curved,seq05
1930,4,/mnt/Info/COGAR_DATASETs/OCID-dataset/YCB10/floor/bottom/curved/seq05/rgb/result_2018-08-24-10-49-00.png,/mnt/Info/COGAR_DATASETs/OCID-dataset/YCB10/floor/bottom/curved/seq05/label/result_2018-08-24-10-49-00.png,result_2018-08-24-10-49-00.png,YCB10/floor/bottom/curved/seq05,YCB10,floor,bottom,curved,seq05
1931,5,/mnt/Info/COGAR_DATASETs/OCID-dataset/YCB10/floor/bottom/curved/seq05/rgb/result_2018-08-24-10-49-23.png,/mnt/Info/COGAR_DATASETs/OCID-dataset/YCB10/floor/bottom/curved/seq05/label/result_2018-08-24-10-49-23.png,result_2018-08-24-10-49-23.png,YCB10/floor/bottom/curved/seq05,YCB10,floor,bottom,curved,seq05
1932,6,/mnt/Info/COGAR_DATASETs/OCID-dataset/YCB10/floor/bottom/curved/seq05/rgb/result_2018-08-24-10-49-55.png,/mnt/Info/COGAR_DATASETs/OCID-dataset/YCB10/floor/bottom/curved/seq05/label/result_2018-08-24-10-49-55.png,result_2018-08-24-10-49-55.png,YCB10/floor/bottom/curved/seq05,YCB10,floor,bottom,curved,seq05
1933,7,/mnt/Info/COGAR_DATASETs/OCID-dataset/YCB10/floor/bottom/curved/seq05/rgb/result_2018-08-24-10-50-21.png,/mnt/Info/COGAR_DATASETs/OCID-dataset/YCB10/floor/bottom/curved/seq05/label/result_2018-08-24-10-50-21.png,result_2018-08-24-10-50-21.png,YCB10/floor/bottom/curved/seq05,YCB10,floor,bottom,curved,seq05
1934,8,/mnt/Info/COGAR_DATASETs/OCID-dataset/YCB10/floor/bottom/curved/seq05/rgb/result_2018-08-24-10-50-49.png,/mnt/Info/COGAR_DATASETs/OCID-dataset/YCB10/floor/bottom/curved/seq05/label/result_2018-08-24-10-50-49.png,result_2018-08-24-10-50-49.png,YCB10/floor/bottom/curved/seq05,YCB10,floor,bottom,curved,seq05
1935,9,/mnt/Info/COGAR_DATASETs/OCID-dataset/YCB10/floor/bottom/curved/seq05/rgb/result_2018-08-24-10-51-45.png,/mnt/Info/COGAR_DATASETs/OCID-dataset/YCB10/floor/bottom/curved/seq05/label/result_2018-08-24-10-51-45.png,result_2018-08-24-10-51-45.png,YCB10/floor/bottom/curved/seq05,YCB10,floor,bottom,curved,seq05
1936,0,/mnt/Info/COGAR_DATASETs/OCID-dataset/YCB10/floor/bottom/curved/seq06/rgb/result_2018-08-24-10-54-20.png,/mnt/Info/COGAR_DATASETs/OCID-dataset/YCB10/floor/bottom/curved/seq06/label/result_2018-08-24-10-54-20.png,result_2018-08-24-10-54-20.png,YCB10/floor/bottom/curved/seq06,YCB10,floor,bottom,curved,seq06
1937,1,/mnt/Info/COGAR_DATASETs/OCID-dataset/YCB10/floor/bottom/curved/seq06/rgb/result_2018-08-24-10-54-53.png,/mnt/Info/COGAR_DATASETs/OCID-dataset/YCB10/floor/bottom/curved/seq06/label/result_2018-08-24-10-54-53.png,result_2018-08-24-10-54-53.png,YCB10/floor/bottom/curved/seq06,YCB10,floor,bottom,curved,seq06
1938,2,/mnt/Info/COGAR_DATASETs/OCID-dataset/YCB10/floor/bottom/curved/seq06/rgb/result_2018-08-24-10-55-21.png,/mnt/Info/COGAR_DATASETs/OCID-dataset/YCB10/floor/bottom/curved/seq06/label/result_2018-08-24-10-55-21.png,result_2018-08-24-10-55-21.png,YCB10/floor/bottom/curved/seq06,YCB10,floor,bottom,curved,seq06
1939,3,/mnt/Info/COGAR_DATASETs/OCID-dataset/YCB10/floor/bottom/curved/seq06/rgb/result_2018-08-24-10-55-51.png,/mnt/Info/COGAR_DATASETs/OCID-dataset/YCB10/floor/bottom/curved/seq06/label/result_2018-08-24-10-55-51.png,result_2018-08-24-10-55-51.png,YCB10/floor/bottom/curved/seq06,YCB10,floor,bottom,curved,seq06
1940,4,/mnt/Info/COGAR_DATASETs/OCID-dataset/YCB10/floor/bottom/curved/seq06/rgb/result_2018-08-24-10-57-33.png,/mnt/Info/COGAR_DATASETs/OCID-dataset/YCB10/floor/bottom/curved/seq06/label/result_2018-08-24-10-57-33.png,result_2018-08-24-10-57-33.png,YCB10/floor/bottom/curved/seq06,YCB10,floor,bottom,curved,seq06
1941,5,/mnt/Info/COGAR_DATASETs/OCID-dataset/YCB10/floor/bottom/curved/seq06/rgb/result_2018-08-24-10-57-55.png,/mnt/Info/COGAR_DATASETs/OCID-dataset/YCB10/floor/bottom/curved/seq06/label/result_2018-08-24-10-57-55.png,result_2018-08-24-10-57-55.png,YCB10/floor/bottom/curved/seq06,YCB10,floor,bottom,curved,seq06
1942,6,/mnt/Info/COGAR_DATASETs/OCID-dataset/YCB10/floor/bottom/curved/seq06/rgb/result_2018-08-24-10-58-35.png,/mnt/Info/COGAR_DATASETs/OCID-dataset/YCB10/floor/bottom/curved/seq06/label/result_2018-08-24-10-58-35.png,result_2018-08-24-10-58-35.png,YCB10/floor/bottom/curved/seq06,YCB10,floor,bottom,curved,seq06
1943,7,/mnt/Info/COGAR_DATASETs/OCID-dataset/YCB10/floor/bottom/curved/seq06/rgb/result_2018-08-24-10-59-24.png,/mnt/Info/COGAR_DATASETs/OCID-dataset/YCB10/floor/bottom/curved/seq06/label/result_2018-08-24-10-59-24.png,result_2018-08-24-10-59-24.png,YCB10/floor/bottom/curved/seq06,YCB10,floor,bottom,curved,seq06
1944,8,/mnt/Info/COGAR_DATASETs/OCID-dataset/YCB10/floor/bottom/curved/seq06/rgb/result_2018-08-24-11-00-14.png,/mnt/Info/COGAR_DATASETs/OCID-dataset/YCB10/floor/bottom/curved/seq06/label/result_2018-08-24-11-00-14.png,result_2018-08-24-11-00-14.png,YCB10/floor/bottom/curved/seq06,YCB10,floor,bottom,curved,seq06
1945,9,/mnt/Info/COGAR_DATASETs/OCID-dataset/YCB10/floor/bottom/curved/seq06/rgb/result_2018-08-24-11-01-00.png,/mnt/Info/COGAR_DATASETs/OCID-dataset/YCB10/floor/bottom/curved/seq06/label/result_2018-08-24-11-01-00.png,result_2018-08-24-11-01-00.png,YCB10/floor/bottom/curved/seq06,YCB10,floor,bottom,curved,seq06
1946,0,/mnt/Info/COGAR_DATASETs/OCID-dataset/YCB10/floor/bottom/curved/seq11/rgb/result_2018-08-24-11-49-54.png,/mnt/Info/COGAR_DATASETs/OCID-dataset/YCB10/floor/bottom/curved/seq11/label/result_2018-08-24-11-49-54.png,result_2018-08-24-11-49-54.png,YCB10/floor/bottom/curved/seq11,YCB10,floor,bottom,curved,seq11
1947,1,/mnt/Info/COGAR_DATASETs/OCID-dataset/YCB10/floor/bottom/curved/seq11/rgb/result_2018-08-24-11-50-16.png,/mnt/Info/COGAR_DATASETs/OCID-dataset/YCB10/floor/bottom/curved/seq11/label/result_2018-08-24-11-50-16.png,result_2018-08-24-11-50-16.png,YCB10/floor/bottom/curved/seq11,YCB10,floor,bottom,curved,seq11
1948,2,/mnt/Info/COGAR_DATASETs/OCID-dataset/YCB10/floor/bottom/curved/seq11/rgb/result_2018-08-24-11-50-37.png,/mnt/Info/COGAR_DATASETs/OCID-dataset/YCB10/floor/bottom/curved/seq11/label/result_2018-08-24-11-50-37.png,result_2018-08-24-11-50-37.png,YCB10/floor/bottom/curved/seq11,YCB10,floor,bottom,curved,seq11
1949,3,/mnt/Info/COGAR_DATASETs/OCID-dataset/YCB10/floor/bottom/curved/seq11/rgb/result_2018-08-24-11-50-54.png,/mnt/Info/COGAR_DATASETs/OCID-dataset/YCB10/floor/bottom/curved/seq11/label/result_2018-08-24-11-50-54.png,result_2018-08-24-11-50-54.png,YCB10/floor/bottom/curved/seq11,YCB10,floor,bottom,curved,seq11
1950,4,/mnt/Info/COGAR_DATASETs/OCID-dataset/YCB10/floor/bottom/curved/seq11/rgb/result_2018-08-24-11-51-13.png,/mnt/Info/COGAR_DATASETs/OCID-dataset/YCB10/floor/bottom/curved/seq11/label/result_2018-08-24-11-51-13.png,result_2018-08-24-11-51-13.png,YCB10/floor/bottom/curved/seq11,YCB10,floor,bottom,curved,seq11
1951,5,/mnt/Info/COGAR_DATASETs/OCID-dataset/YCB10/floor/bottom/curved/seq11/rgb/result_2018-08-24-11-51-35.png,/mnt/Info/COGAR_DATASETs/OCID-dataset/YCB10/floor/bottom/curved/seq11/label/result_2018-08-24-11-51-35.png,result_2018-08-24-11-51-35.png,YCB10/floor/bottom/curved/seq11,YCB10,floor,bottom,curved,seq11
1952,6,/mnt/Info/COGAR_DATASETs/OCID-dataset/YCB10/floor/bottom/curved/seq11/rgb/result_2018-08-24-11-52-00.png,/mnt/Info/COGAR_DATASETs/OCID-dataset/YCB10/floor/bottom/curved/seq11/label/result_2018-08-24-11-52-00.png,result_2018-08-24-11-52-00.png,YCB10/floor/bottom/curved/seq11,YCB10,floor,bottom,curved,seq11
1953,7,/mnt/Info/COGAR_DATASETs/OCID-dataset/YCB10/floor/bottom/curved/seq11/rgb/result_2018-08-24-11-52-25.png,/mnt/Info/COGAR_DATASETs/OCID-dataset/YCB10/floor/bottom/curved/seq11/label/result_2018-08-24-11-52-25.png,result_2018-08-24-11-52-25.png,YCB10/floor/bottom/curved/seq11,YCB10,floor,bottom,curved,seq11
1954,8,/mnt/Info/COGAR_DATASETs/OCID-dataset/YCB10/floor/bottom/curved/seq11/rgb/result_2018-08-24-11-52-52.png,/mnt/Info/COGAR_DATASETs/OCID-dataset/YCB10/floor/bottom/curved/seq11/label/result_2018-08-24-11-52-52.png,result_2018-08-24-11-52-52.png,YCB10/floor/bottom/curved/seq11,YCB10,floor,bottom,curved,seq11
1955,9,/mnt/Info/COGAR_DATASETs/OCID-dataset/YCB10/floor/bottom/curved/seq11/rgb/result_2018-08-24-11-53-37.png,/mnt/Info/COGAR_DATASETs/OCID-dataset/YCB10/floor/bottom/curved/seq11/label/result_2018-08-24-11-53-37.png,result_2018-08-24-11-53-37.png,YCB10/floor/bottom/curved/seq11,YCB10,floor,bottom,curved,seq11
1956,0,/mnt/Info/COGAR_DATASETs/OCID-dataset/YCB10/floor/bottom/curved/seq12/rgb/result_2018-08-24-11-59-18.png,/mnt/Info/COGAR_DATASETs/OCID-dataset/YCB10/floor/bottom/curved/seq12/label/result_2018-08-24-11-59-18.png,result_2018-08-24-11-59-18.png,YCB10/floor/bottom/curved/seq12,YCB10,floor,bottom,curved,seq12
1957,1,/mnt/Info/COGAR_DATASETs/OCID-dataset/YCB10/floor/bottom/curved/seq12/rgb/result_2018-08-24-11-59-39.png,/mnt/Info/COGAR_DATASETs/OCID-dataset/YCB10/floor/bottom/curved/seq12/label/result_2018-08-24-11-59-39.png,result_2018-08-24-11-59-39.png,YCB10/floor/bottom/curved/seq12,YCB10,floor,bottom,curved,seq12
1958,2,/mnt/Info/COGAR_DATASETs/OCID-dataset/YCB10/floor/bottom/curved/seq12/rgb/result_2018-08-24-12-00-00.png,/mnt/Info/COGAR_DATASETs/OCID-dataset/YCB10/floor/bottom/curved/seq12/label/result_2018-08-24-12-00-00.png,result_2018-08-24-12-00-00.png,YCB10/floor/bottom/curved/seq12,YCB10,floor,bottom,curved,seq12
1959,3,/mnt/Info/COGAR_DATASETs/OCID-dataset/YCB10/floor/bottom/curved/seq12/rgb/result_2018-08-24-12-01-06.png,/mnt/Info/COGAR_DATASETs/OCID-dataset/YCB10/floor/bottom/curved/seq12/label/result_2018-08-24-12-01-06.png,result_2018-08-24-12-01-06.png,YCB10/floor/bottom/curved/seq12,YCB10,floor,bottom,curved,seq12
1960,4,/mnt/Info/COGAR_DATASETs/OCID-dataset/YCB10/floor/bottom/curved/seq12/rgb/result_2018-08-24-12-02-13.png,/mnt/Info/COGAR_DATASETs/OCID-dataset/YCB10/floor/bottom/curved/seq12/label/result_2018-08-24-12-02-13.png,result_2018-08-24-12-02-13.png,YCB10/floor/bottom/curved/seq12,YCB10,floor,bottom,curved,seq12
1961,5,/mnt/Info/COGAR_DATASETs/OCID-dataset/YCB10/floor/bottom/curved/seq12/rgb/result_2018-08-24-12-02-43.png,/mnt/Info/COGAR_DATASETs/OCID-dataset/YCB10/floor/bottom/curved/seq12/label/result_2018-08-24-12-02-43.png,result_2018-08-24-12-02-43.png,YCB10/floor/bottom/curved/seq12,YCB10,floor,bottom,curved,seq12
1962,6,/mnt/Info/COGAR_DATASETs/OCID-dataset/YCB10/floor/bottom/curved/seq12/rgb/result_2018-08-24-12-03-06.png,/mnt/Info/COGAR_DATASETs/OCID-dataset/YCB10/floor/bottom/curved/seq12/label/result_2018-08-24-12-03-06.png,result_2018-08-24-12-03-06.png,YCB10/floor/bottom/curved/seq12,YCB10,floor,bottom,curved,seq12
1963,7,/mnt/Info/COGAR_DATASETs/OCID-dataset/YCB10/floor/bottom/curved/seq12/rgb/result_2018-08-24-12-03-36.png,/mnt/Info/COGAR_DATASETs/OCID-dataset/YCB10/floor/bottom/curved/seq12/label/result_2018-08-24-12-03-36.png,result_2018-08-24-12-03-36.png,YCB10/floor/bottom/curved/seq12,YCB10,floor,bottom,curved,seq12
1964,8,/mnt/Info/COGAR_DATASETs/OCID-dataset/YCB10/floor/bottom/curved/seq12/rgb/result_2018-08-24-12-04-00.png,/mnt/Info/COGAR_DATASETs/OCID-dataset/YCB10/floor/bottom/curved/seq12/label/result_2018-08-24-12-04-00.png,result_2018-08-24-12-04-00.png,YCB10/floor/bottom/curved/seq12,YCB10,floor,bottom,curved,seq12
1965,9,/mnt/Info/COGAR_DATASETs/OCID-dataset/YCB10/floor/bottom/curved/seq12/rgb/result_2018-08-24-12-04-34.png,/mnt/Info/COGAR_DATASETs/OCID-dataset/YCB10/floor/bottom/curved/seq12/label/result_2018-08-24-12-04-34.png,result_2018-08-24-12-04-34.png,YCB10/floor/bottom/curved/seq12,YCB10,floor,bottom,curved,seq12
1966,0,/mnt/Info/COGAR_DATASETs/OCID-dataset/YCB10/floor/bottom/mixed/seq01/rgb/result_2018-08-24-10-09-46.png,/mnt/Info/COGAR_DATASETs/OCID-dataset/YCB10/floor/bottom/mixed/seq01/label/result_2018-08-24-10-09-46.png,result_2018-08-24-10-09-46.png,YCB10/floor/bottom/mixed/seq01,YCB10,floor,bottom,mixed,seq01
1967,1,/mnt/Info/COGAR_DATASETs/OCID-dataset/YCB10/floor/bottom/mixed/seq01/rgb/result_2018-08-24-10-10-14.png,/mnt/Info/COGAR_DATASETs/OCID-dataset/YCB10/floor/bottom/mixed/seq01/label/result_2018-08-24-10-10-14.png,result_2018-08-24-10-10-14.png,YCB10/floor/bottom/mixed/seq01,YCB10,floor,bottom,mixed,seq01
1968,2,/mnt/Info/COGAR_DATASETs/OCID-dataset/YCB10/floor/bottom/mixed/seq01/rgb/result_2018-08-24-10-10-37.png,/mnt/Info/COGAR_DATASETs/OCID-dataset/YCB10/floor/bottom/mixed/seq01/label/result_2018-08-24-10-10-37.png,result_2018-08-24-10-10-37.png,YCB10/floor/bottom/mixed/seq01,YCB10,floor,bottom,mixed,seq01
1969,3,/mnt/Info/COGAR_DATASETs/OCID-dataset/YCB10/floor/bottom/mixed/seq01/rgb/result_2018-08-24-10-11-03.png,/mnt/Info/COGAR_DATASETs/OCID-dataset/YCB10/floor/bottom/mixed/seq01/label/result_2018-08-24-10-11-03.png,result_2018-08-24-10-11-03.png,YCB10/floor/bottom/mixed/seq01,YCB10,floor,bottom,mixed,seq01
1970,4,/mnt/Info/COGAR_DATASETs/OCID-dataset/YCB10/floor/bottom/mixed/seq01/rgb/result_2018-08-24-10-11-26.png,/mnt/Info/COGAR_DATASETs/OCID-dataset/YCB10/floor/bottom/mixed/seq01/label/result_2018-08-24-10-11-26.png,result_2018-08-24-10-11-26.png,YCB10/floor/bottom/mixed/seq01,YCB10,floor,bottom,mixed,seq01
1971,5,/mnt/Info/COGAR_DATASETs/OCID-dataset/YCB10/floor/bottom/mixed/seq01/rgb/result_2018-08-24-10-12-10.png,/mnt/Info/COGAR_DATASETs/OCID-dataset/YCB10/floor/bottom/mixed/seq01/label/result_2018-08-24-10-12-10.png,result_2018-08-24-10-12-10.png,YCB10/floor/bottom/mixed/seq01,YCB10,floor,bottom,mixed,seq01
1972,6,/mnt/Info/COGAR_DATASETs/OCID-dataset/YCB10/floor/bottom/mixed/seq01/rgb/result_2018-08-24-10-12-42.png,/mnt/Info/COGAR_DATASETs/OCID-dataset/YCB10/floor/bottom/mixed/seq01/label/result_2018-08-24-10-12-42.png,result_2018-08-24-10-12-42.png,YCB10/floor/bottom/mixed/seq01,YCB10,floor,bottom,mixed,seq01
1973,7,/mnt/Info/COGAR_DATASETs/OCID-dataset/YCB10/floor/bottom/mixed/seq01/rgb/result_2018-08-24-10-13-09.png,/mnt/Info/COGAR_DATASETs/OCID-dataset/YCB10/floor/bottom/mixed/seq01/label/result_2018-08-24-10-13-09.png,result_2018-08-24-10-13-09.png,YCB10/floor/bottom/mixed/seq01,YCB10,floor,bottom,mixed,seq01
1974,8,/mnt/Info/COGAR_DATASETs/OCID-dataset/YCB10/floor/bottom/mixed/seq01/rgb/result_2018-08-24-10-13-34.png,/mnt/Info/COGAR_DATASETs/OCID-dataset/YCB10/floor/bottom/mixed/seq01/label/result_2018-08-24-10-13-34.png,result_2018-08-24-10-13-34.png,YCB10/floor/bottom/mixed/seq01,YCB10,floor,bottom,mixed,seq01
1975,9,/mnt/Info/COGAR_DATASETs/OCID-dataset/YCB10/floor/bottom/mixed/seq01/rgb/result_2018-08-24-10-14-19.png,/mnt/Info/COGAR_DATASETs/OCID-dataset/YCB10/floor/bottom/mixed/seq01/label/result_2018-08-24-10-14-19.png,result_2018-08-24-10-14-19.png,YCB10/floor/bottom/mixed/seq01,YCB10,floor,bottom,mixed,seq01
1976,0,/mnt/Info/COGAR_DATASETs/OCID-dataset/YCB10/floor/bottom/mixed/seq02/rgb/result_2018-08-24-10-16-48.png,/mnt/Info/COGAR_DATASETs/OCID-dataset/YCB10/floor/bottom/mixed/seq02/label/result_2018-08-24-10-16-48.png,result_2018-08-24-10-16-48.png,YCB10/floor/bottom/mixed/seq02,YCB10,floor,bottom,mixed,seq02
1977,1,/mnt/Info/COGAR_DATASETs/OCID-dataset/YCB10/floor/bottom/mixed/seq02/rgb/result_2018-08-24-10-17-12.png,/mnt/Info/COGAR_DATASETs/OCID-dataset/YCB10/floor/bottom/mixed/seq02/label/result_2018-08-24-10-17-12.png,result_2018-08-24-10-17-12.png,YCB10/floor/bottom/mixed/seq02,YCB10,floor,bottom,mixed,seq02
1978,2,/mnt/Info/COGAR_DATASETs/OCID-dataset/YCB10/floor/bottom/mixed/seq02/rgb/result_2018-08-24-10-18-07.png,/mnt/Info/COGAR_DATASETs/OCID-dataset/YCB10/floor/bottom/mixed/seq02/label/result_2018-08-24-10-18-07.png,result_2018-08-24-10-18-07.png,YCB10/floor/bottom/mixed/seq02,YCB10,floor,bottom,mixed,seq02
1979,3,/mnt/Info/COGAR_DATASETs/OCID-dataset/YCB10/floor/bottom/mixed/seq02/rgb/result_2018-08-24-10-18-31.png,/mnt/Info/COGAR_DATASETs/OCID-dataset/YCB10/floor/bottom/mixed/seq02/label/result_2018-08-24-10-18-31.png,result_2018-08-24-10-18-31.png,YCB10/floor/bottom/mixed/seq02,YCB10,floor,bottom,mixed,seq02
1980,4,/mnt/Info/COGAR_DATASETs/OCID-dataset/YCB10/floor/bottom/mixed/seq02/rgb/result_2018-08-24-10-18-56.png,/mnt/Info/COGAR_DATASETs/OCID-dataset/YCB10/floor/bottom/mixed/seq02/label/result_2018-08-24-10-18-56.png,result_2018-08-24-10-18-56.png,YCB10/floor/bottom/mixed/seq02,YCB10,floor,bottom,mixed,seq02
1981,5,/mnt/Info/COGAR_DATASETs/OCID-dataset/YCB10/floor/bottom/mixed/seq02/rgb/result_2018-08-24-10-19-20.png,/mnt/Info/COGAR_DATASETs/OCID-dataset/YCB10/floor/bottom/mixed/seq02/label/result_2018-08-24-10-19-20.png,result_2018-08-24-10-19-20.png,YCB10/floor/bottom/mixed/seq02,YCB10,floor,bottom,mixed,seq02
1982,6,/mnt/Info/COGAR_DATASETs/OCID-dataset/YCB10/floor/bottom/mixed/seq02/rgb/result_2018-08-24-10-19-46.png,/mnt/Info/COGAR_DATASETs/OCID-dataset/YCB10/floor/bottom/mixed/seq02/label/result_2018-08-24-10-19-46.png,result_2018-08-24-10-19-46.png,YCB10/floor/bottom/mixed/seq02,YCB10,floor,bottom,mixed,seq02
1983,7,/mnt/Info/COGAR_DATASETs/OCID-dataset/YCB10/floor/bottom/mixed/seq02/rgb/result_2018-08-24-10-20-28.png,/mnt/Info/COGAR_DATASETs/OCID-dataset/YCB10/floor/bottom/mixed/seq02/label/result_2018-08-24-10-20-28.png,result_2018-08-24-10-20-28.png,YCB10/floor/bottom/mixed/seq02,YCB10,floor,bottom,mixed,seq02
1984,8,/mnt/Info/COGAR_DATASETs/OCID-dataset/YCB10/floor/bottom/mixed/seq02/rgb/result_2018-08-24-10-21-04.png,/mnt/Info/COGAR_DATASETs/OCID-dataset/YCB10/floor/bottom/mixed/seq02/label/result_2018-08-24-10-21-04.png,result_2018-08-24-10-21-04.png,YCB10/floor/bottom/mixed/seq02,YCB10,floor,bottom,mixed,seq02
1985,9,/mnt/Info/COGAR_DATASETs/OCID-dataset/YCB10/floor/bottom/mixed/seq02/rgb/result_2018-08-24-10-21-34.png,/mnt/Info/COGAR_DATASETs/OCID-dataset/YCB10/floor/bottom/mixed/seq02/label/result_2018-08-24-10-21-34.png,result_2018-08-24-10-21-34.png,YCB10/floor/bottom/mixed/seq02,YCB10,floor,bottom,mixed,seq02
1986,0,/mnt/Info/COGAR_DATASETs/OCID-dataset/YCB10/floor/bottom/mixed/seq07/rgb/result_2018-08-24-11-11-16.png,/mnt/Info/COGAR_DATASETs/OCID-dataset/YCB10/floor/bottom/mixed/seq07/label/result_2018-08-24-11-11-16.png,result_2018-08-24-11-11-16.png,YCB10/floor/bottom/mixed/seq07,YCB10,floor,bottom,mixed,seq07
1987,1,/mnt/Info/COGAR_DATASETs/OCID-dataset/YCB10/floor/bottom/mixed/seq07/rgb/result_2018-08-24-11-11-45.png,/mnt/Info/COGAR_DATASETs/OCID-dataset/YCB10/floor/bottom/mixed/seq07/label/result_2018-08-24-11-11-45.png,result_2018-08-24-11-11-45.png,YCB10/floor/bottom/mixed/seq07,YCB10,floor,bottom,mixed,seq07
1988,2,/mnt/Info/COGAR_DATASETs/OCID-dataset/YCB10/floor/bottom/mixed/seq07/rgb/result_2018-08-24-11-12-04.png,/mnt/Info/COGAR_DATASETs/OCID-dataset/YCB10/floor/bottom/mixed/seq07/label/result_2018-08-24-11-12-04.png,result_2018-08-24-11-12-04.png,YCB10/floor/bottom/mixed/seq07,YCB10,floor,bottom,mixed,seq07
1989,3,/mnt/Info/COGAR_DATASETs/OCID-dataset/YCB10/floor/bottom/mixed/seq07/rgb/result_2018-08-24-11-12-37.png,/mnt/Info/COGAR_DATASETs/OCID-dataset/YCB10/floor/bottom/mixed/seq07/label/result_2018-08-24-11-12-37.png,result_2018-08-24-11-12-37.png,YCB10/floor/bottom/mixed/seq07,YCB10,floor,bottom,mixed,seq07
1990,4,/mnt/Info/COGAR_DATASETs/OCID-dataset/YCB10/floor/bottom/mixed/seq07/rgb/result_2018-08-24-11-13-01.png,/mnt/Info/COGAR_DATASETs/OCID-dataset/YCB10/floor/bottom/mixed/seq07/label/result_2018-08-24-11-13-01.png,result_2018-08-24-11-13-01.png,YCB10/floor/bottom/mixed/seq07,YCB10,floor,bottom,mixed,seq07
1991,5,/mnt/Info/COGAR_DATASETs/OCID-dataset/YCB10/floor/bottom/mixed/seq07/rgb/result_2018-08-24-11-13-24.png,/mnt/Info/COGAR_DATASETs/OCID-dataset/YCB10/floor/bottom/mixed/seq07/label/result_2018-08-24-11-13-24.png,result_2018-08-24-11-13-24.png,YCB10/floor/bottom/mixed/seq07,YCB10,floor,bottom,mixed,seq07
1992,6,/mnt/Info/COGAR_DATASETs/OCID-dataset/YCB10/floor/bottom/mixed/seq07/rgb/result_2018-08-24-11-13-53.png,/mnt/Info/COGAR_DATASETs/OCID-dataset/YCB10/floor/bottom/mixed/seq07/label/result_2018-08-24-11-13-53.png,result_2018-08-24-11-13-53.png,YCB10/floor/bottom/mixed/seq07,YCB10,floor,bottom,mixed,seq07
1993,7,/mnt/Info/COGAR_DATASETs/OCID-dataset/YCB10/floor/bottom/mixed/seq07/rgb/result_2018-08-24-11-14-53.png,/mnt/Info/COGAR_DATASETs/OCID-dataset/YCB10/floor/bottom/mixed/seq07/label/result_2018-08-24-11-14-53.png,result_2018-08-24-11-14-53.png,YCB10/floor/bottom/mixed/seq07,YCB10,floor,bottom,mixed,seq07
1994,8,/mnt/Info/COGAR_DATASETs/OCID-dataset/YCB10/floor/bottom/mixed/seq07/rgb/result_2018-08-24-11-15-17.png,/mnt/Info/COGAR_DATASETs/OCID-dataset/YCB10/floor/bottom/mixed/seq07/label/result_2018-08-24-11-15-17.png,result_2018-08-24-11-15-17.png,YCB10/floor/bottom/mixed/seq07,YCB10,floor,bottom,mixed,seq07
1995,9,/mnt/Info/COGAR_DATASETs/OCID-dataset/YCB10/floor/bottom/mixed/seq07/rgb/result_2018-08-24-11-15-43.png,/mnt/Info/COGAR_DATASETs/OCID-dataset/YCB10/floor/bottom/mixed/seq07/label/result_2018-08-24-11-15-43.png,result_2018-08-24-11-15-43.png,YCB10/floor/bottom/mixed/seq07,YCB10,floor,bottom,mixed,seq07
1996,0,/mnt/Info/COGAR_DATASETs/OCID-dataset/YCB10/floor/bottom/mixed/seq08/rgb/result_2018-08-24-11-20-00.png,/mnt/Info/COGAR_DATASETs/OCID-dataset/YCB10/floor/bottom/mixed/seq08/label/result_2018-08-24-11-20-00.png,result_2018-08-24-11-20-00.png,YCB10/floor/bottom/mixed/seq08,YCB10,floor,bottom,mixed,seq08
1997,1,/mnt/Info/COGAR_DATASETs/OCID-dataset/YCB10/floor/bottom/mixed/seq08/rgb/result_2018-08-24-11-20-38.png,/mnt/Info/COGAR_DATASETs/OCID-dataset/YCB10/floor/bottom/mixed/seq08/label/result_2018-08-24-11-20-38.png,result_2018-08-24-11-20-38.png,YCB10/floor/bottom/mixed/seq08,YCB10,floor,bottom,mixed,seq08
1998,2,/mnt/Info/COGAR_DATASETs/OCID-dataset/YCB10/floor/bottom/mixed/seq08/rgb/result_2018-08-24-11-21-17.png,/mnt/Info/COGAR_DATASETs/OCID-dataset/YCB10/floor/bottom/mixed/seq08/label/result_2018-08-24-11-21-17.png,result_2018-08-24-11-21-17.png,YCB10/floor/bottom/mixed/seq08,YCB10,floor,bottom,mixed,seq08
1999,3,/mnt/Info/COGAR_DATASETs/OCID-dataset/YCB10/floor/bottom/mixed/seq08/rgb/result_2018-08-24-11-22-15.png,/mnt/Info/COGAR_DATASETs/OCID-dataset/YCB10/floor/bottom/mixed/seq08/label/result_2018-08-24-11-22-15.png,result_2018-08-24-11-22-15.png,YCB10/floor/bottom/mixed/seq08,YCB10,floor,bottom,mixed,seq08
2000,4,/mnt/Info/COGAR_DATASETs/OCID-dataset/YCB10/floor/bottom/mixed/seq08/rgb/result_2018-08-24-11-22-38.png,/mnt/Info/COGAR_DATASETs/OCID-dataset/YCB10/floor/bottom/mixed/seq08/label/result_2018-08-24-11-22-38.png,result_2018-08-24-11-22-38.png,YCB10/floor/bottom/mixed/seq08,YCB10,floor,bottom,mixed,seq08
2001,5,/mnt/Info/COGAR_DATASETs/OCID-dataset/YCB10/floor/bottom/mixed/seq08/rgb/result_2018-08-24-11-23-06.png,/mnt/Info/COGAR_DATASETs/OCID-dataset/YCB10/floor/bottom/mixed/seq08/label/result_2018-08-24-11-23-06.png,result_2018-08-24-11-23-06.png,YCB10/floor/bottom/mixed/seq08,YCB10,floor,bottom,mixed,seq08
2002,6,/mnt/Info/COGAR_DATASETs/OCID-dataset/YCB10/floor/bottom/mixed/seq08/rgb/result_2018-08-24-11-23-37.png,/mnt/Info/COGAR_DATASETs/OCID-dataset/YCB10/floor/bottom/mixed/seq08/label/result_2018-08-24-11-23-37.png,result_2018-08-24-11-23-37.png,YCB10/floor/bottom/mixed/seq08,YCB10,floor,bottom,mixed,seq08
2003,7,/mnt/Info/COGAR_DATASETs/OCID-dataset/YCB10/floor/bottom/mixed/seq08/rgb/result_2018-08-24-11-24-14.png,/mnt/Info/COGAR_DATASETs/OCID-dataset/YCB10/floor/bottom/mixed/seq08/label/result_2018-08-24-11-24-14.png,result_2018-08-24-11-24-14.png,YCB10/floor/bottom/mixed/seq08,YCB10,floor,bottom,mixed,seq08
2004,8,/mnt/Info/COGAR_DATASETs/OCID-dataset/YCB10/floor/bottom/mixed/seq08/rgb/result_2018-08-24-11-24-51.png,/mnt/Info/COGAR_DATASETs/OCID-dataset/YCB10/floor/bottom/mixed/seq08/label/result_2018-08-24-11-24-51.png,result_2018-08-24-11-24-51.png,YCB10/floor/bottom/mixed/seq08,YCB10,floor,bottom,mixed,seq08
2005,9,/mnt/Info/COGAR_DATASETs/OCID-dataset/YCB10/floor/bottom/mixed/seq08/rgb/result_2018-08-24-11-25-41.png,/mnt/Info/COGAR_DATASETs/OCID-dataset/YCB10/floor/bottom/mixed/seq08/label/result_2018-08-24-11-25-41.png,result_2018-08-24-11-25-41.png,YCB10/floor/bottom/mixed/seq08,YCB10,floor,bottom,mixed,seq08
2006,0,/mnt/Info/COGAR_DATASETs/OCID-dataset/YCB10/floor/top/cuboid/seq03/rgb/result_2018-08-24-10-32-25.png,/mnt/Info/COGAR_DATASETs/OCID-dataset/YCB10/floor/top/cuboid/seq03/label/result_2018-08-24-10-32-25.png,result_2018-08-24-10-32-25.png,YCB10/floor/top/cuboid/seq03,YCB10,floor,top,cuboid,seq03
2007,1,/mnt/Info/COGAR_DATASETs/OCID-dataset/YCB10/floor/top/cuboid/seq03/rgb/result_2018-08-24-10-32-47.png,/mnt/Info/COGAR_DATASETs/OCID-dataset/YCB10/floor/top/cuboid/seq03/label/result_2018-08-24-10-32-47.png,result_2018-08-24-10-32-47.png,YCB10/floor/top/cuboid/seq03,YCB10,floor,top,cuboid,seq03
2008,2,/mnt/Info/COGAR_DATASETs/OCID-dataset/YCB10/floor/top/cuboid/seq03/rgb/result_2018-08-24-10-33-15.png,/mnt/Info/COGAR_DATASETs/OCID-dataset/YCB10/floor/top/cuboid/seq03/label/result_2018-08-24-10-33-15.png,result_2018-08-24-10-33-15.png,YCB10/floor/top/cuboid/seq03,YCB10,floor,top,cuboid,seq03
2009,3,/mnt/Info/COGAR_DATASETs/OCID-dataset/YCB10/floor/top/cuboid/seq03/rgb/result_2018-08-24-10-33-48.png,/mnt/Info/COGAR_DATASETs/OCID-dataset/YCB10/floor/top/cuboid/seq03/label/result_2018-08-24-10-33-48.png,result_2018-08-24-10-33-48.png,YCB10/floor/top/cuboid/seq03,YCB10,floor,top,cuboid,seq03
2010,4,/mnt/Info/COGAR_DATASETs/OCID-dataset/YCB10/floor/top/cuboid/seq03/rgb/result_2018-08-24-10-34-18.png,/mnt/Info/COGAR_DATASETs/OCID-dataset/YCB10/floor/top/cuboid/seq03/label/result_2018-08-24-10-34-18.png,result_2018-08-24-10-34-18.png,YCB10/floor/top/cuboid/seq03,YCB10,floor,top,cuboid,seq03
2011,5,/mnt/Info/COGAR_DATASETs/OCID-dataset/YCB10/floor/top/cuboid/seq03/rgb/result_2018-08-24-10-34-45.png,/mnt/Info/COGAR_DATASETs/OCID-dataset/YCB10/floor/top/cuboid/seq03/label/result_2018-08-24-10-34-45.png,result_2018-08-24-10-34-45.png,YCB10/floor/top/cuboid/seq03,YCB10,floor,top,cuboid,seq03
2012,6,/mnt/Info/COGAR_DATASETs/OCID-dataset/YCB10/floor/top/cuboid/seq03/rgb/result_2018-08-24-10-35-09.png,/mnt/Info/COGAR_DATASETs/OCID-dataset/YCB10/floor/top/cuboid/seq03/label/result_2018-08-24-10-35-09.png,result_2018-08-24-10-35-09.png,YCB10/floor/top/cuboid/seq03,YCB10,floor,top,cuboid,seq03
2013,7,/mnt/Info/COGAR_DATASETs/OCID-dataset/YCB10/floor/top/cuboid/seq03/rgb/result_2018-08-24-10-36-10.png,/mnt/Info/COGAR_DATASETs/OCID-dataset/YCB10/floor/top/cuboid/seq03/label/result_2018-08-24-10-36-10.png,result_2018-08-24-10-36-10.png,YCB10/floor/top/cuboid/seq03,YCB10,floor,top,cuboid,seq03
2014,8,/mnt/Info/COGAR_DATASETs/OCID-dataset/YCB10/floor/top/cuboid/seq03/rgb/result_2018-08-24-10-36-34.png,/mnt/Info/COGAR_DATASETs/OCID-dataset/YCB10/floor/top/cuboid/seq03/label/result_2018-08-24-10-36-34.png,result_2018-08-24-10-36-34.png,YCB10/floor/top/cuboid/seq03,YCB10,floor,top,cuboid,seq03
2015,9,/mnt/Info/COGAR_DATASETs/OCID-dataset/YCB10/floor/top/cuboid/seq03/rgb/result_2018-08-24-10-37-06.png,/mnt/Info/COGAR_DATASETs/OCID-dataset/YCB10/floor/top/cuboid/seq03/label/result_2018-08-24-10-37-06.png,result_2018-08-24-10-37-06.png,YCB10/floor/top/cuboid/seq03,YCB10,floor,top,cuboid,seq03
2016,0,/mnt/Info/COGAR_DATASETs/OCID-dataset/YCB10/floor/top/cuboid/seq04/rgb/result_2018-08-24-10-41-13.png,/mnt/Info/COGAR_DATASETs/OCID-dataset/YCB10/floor/top/cuboid/seq04/label/result_2018-08-24-10-41-13.png,result_2018-08-24-10-41-13.png,YCB10/floor/top/cuboid/seq04,YCB10,floor,top,cuboid,seq04
2017,1,/mnt/Info/COGAR_DATASETs/OCID-dataset/YCB10/floor/top/cuboid/seq04/rgb/result_2018-08-24-10-41-35.png,/mnt/Info/COGAR_DATASETs/OCID-dataset/YCB10/floor/top/cuboid/seq04/label/result_2018-08-24-10-41-35.png,result_2018-08-24-10-41-35.png,YCB10/floor/top/cuboid/seq04,YCB10,floor,top,cuboid,seq04
2018,2,/mnt/Info/COGAR_DATASETs/OCID-dataset/YCB10/floor/top/cuboid/seq04/rgb/result_2018-08-24-10-42-01.png,/mnt/Info/COGAR_DATASETs/OCID-dataset/YCB10/floor/top/cuboid/seq04/label/result_2018-08-24-10-42-01.png,result_2018-08-24-10-42-01.png,YCB10/floor/top/cuboid/seq04,YCB10,floor,top,cuboid,seq04
2019,3,/mnt/Info/COGAR_DATASETs/OCID-dataset/YCB10/floor/top/cuboid/seq04/rgb/result_2018-08-24-10-42-21.png,/mnt/Info/COGAR_DATASETs/OCID-dataset/YCB10/floor/top/cuboid/seq04/label/result_2018-08-24-10-42-21.png,result_2018-08-24-10-42-21.png,YCB10/floor/top/cuboid/seq04,YCB10,floor,top,cuboid,seq04
2020,4,/mnt/Info/COGAR_DATASETs/OCID-dataset/YCB10/floor/top/cuboid/seq04/rgb/result_2018-08-24-10-43-04.png,/mnt/Info/COGAR_DATASETs/OCID-dataset/YCB10/floor/top/cuboid/seq04/label/result_2018-08-24-10-43-04.png,result_2018-08-24-10-43-04.png,YCB10/floor/top/cuboid/seq04,YCB10,floor,top,cuboid,seq04
2021,5,/mnt/Info/COGAR_DATASETs/OCID-dataset/YCB10/floor/top/cuboid/seq04/rgb/result_2018-08-24-10-43-29.png,/mnt/Info/COGAR_DATASETs/OCID-dataset/YCB10/floor/top/cuboid/seq04/label/result_2018-08-24-10-43-29.png,result_2018-08-24-10-43-29.png,YCB10/floor/top/cuboid/seq04,YCB10,floor,top,cuboid,seq04
2022,6,/mnt/Info/COGAR_DATASETs/OCID-dataset/YCB10/floor/top/cuboid/seq04/rgb/result_2018-08-24-10-43-53.png,/mnt/Info/COGAR_DATASETs/OCID-dataset/YCB10/floor/top/cuboid/seq04/label/result_2018-08-24-10-43-53.png,result_2018-08-24-10-43-53.png,YCB10/floor/top/cuboid/seq04,YCB10,floor,top,cuboid,seq04
2023,7,/mnt/Info/COGAR_DATASETs/OCID-dataset/YCB10/floor/top/cuboid/seq04/rgb/result_2018-08-24-10-44-11.png,/mnt/Info/COGAR_DATASETs/OCID-dataset/YCB10/floor/top/cuboid/seq04/label/result_2018-08-24-10-44-11.png,result_2018-08-24-10-44-11.png,YCB10/floor/top/cuboid/seq04,YCB10,floor,top,cuboid,seq04
2024,8,/mnt/Info/COGAR_DATASETs/OCID-dataset/YCB10/floor/top/cuboid/seq04/rgb/result_2018-08-24-10-44-35.png,/mnt/Info/COGAR_DATASETs/OCID-dataset/YCB10/floor/top/cuboid/seq04/label/result_2018-08-24-10-44-35.png,result_2018-08-24-10-44-35.png,YCB10/floor/top/cuboid/seq04,YCB10,floor,top,cuboid,seq04
2025,9,/mnt/Info/COGAR_DATASETs/OCID-dataset/YCB10/floor/top/cuboid/seq04/rgb/result_2018-08-24-10-44-57.png,/mnt/Info/COGAR_DATASETs/OCID-dataset/YCB10/floor/top/cuboid/seq04/label/result_2018-08-24-10-44-57.png,result_2018-08-24-10-44-57.png,YCB10/floor/top/cuboid/seq04,YCB10,floor,top,cuboid,seq04
2026,0,/mnt/Info/COGAR_DATASETs/OCID-dataset/YCB10/floor/top/cuboid/seq09/rgb/result_2018-08-24-11-30-05.png,/mnt/Info/COGAR_DATASETs/OCID-dataset/YCB10/floor/top/cuboid/seq09/label/result_2018-08-24-11-30-05.png,result_2018-08-24-11-30-05.png,YCB10/floor/top/cuboid/seq09,YCB10,floor,top,cuboid,seq09
2027,1,/mnt/Info/COGAR_DATASETs/OCID-dataset/YCB10/floor/top/cuboid/seq09/rgb/result_2018-08-24-11-30-30.png,/mnt/Info/COGAR_DATASETs/OCID-dataset/YCB10/floor/top/cuboid/seq09/label/result_2018-08-24-11-30-30.png,result_2018-08-24-11-30-30.png,YCB10/floor/top/cuboid/seq09,YCB10,floor,top,cuboid,seq09
2028,2,/mnt/Info/COGAR_DATASETs/OCID-dataset/YCB10/floor/top/cuboid/seq09/rgb/result_2018-08-24-11-32-28.png,/mnt/Info/COGAR_DATASETs/OCID-dataset/YCB10/floor/top/cuboid/seq09/label/result_2018-08-24-11-32-28.png,result_2018-08-24-11-32-28.png,YCB10/floor/top/cuboid/seq09,YCB10,floor,top,cuboid,seq09
2029,3,/mnt/Info/COGAR_DATASETs/OCID-dataset/YCB10/floor/top/cuboid/seq09/rgb/result_2018-08-24-11-32-54.png,/mnt/Info/COGAR_DATASETs/OCID-dataset/YCB10/floor/top/cuboid/seq09/label/result_2018-08-24-11-32-54.png,result_2018-08-24-11-32-54.png,YCB10/floor/top/cuboid/seq09,YCB10,floor,top,cuboid,seq09
2030,4,/mnt/Info/COGAR_DATASETs/OCID-dataset/YCB10/floor/top/cuboid/seq09/rgb/result_2018-08-24-11-33-31.png,/mnt/Info/COGAR_DATASETs/OCID-dataset/YCB10/floor/top/cuboid/seq09/label/result_2018-08-24-11-33-31.png,result_2018-08-24-11-33-31.png,YCB10/floor/top/cuboid/seq09,YCB10,floor,top,cuboid,seq09
2031,5,/mnt/Info/COGAR_DATASETs/OCID-dataset/YCB10/floor/top/cuboid/seq09/rgb/result_2018-08-24-11-34-05.png,/mnt/Info/COGAR_DATASETs/OCID-dataset/YCB10/floor/top/cuboid/seq09/label/result_2018-08-24-11-34-05.png,result_2018-08-24-11-34-05.png,YCB10/floor/top/cuboid/seq09,YCB10,floor,top,cuboid,seq09
2032,6,/mnt/Info/COGAR_DATASETs/OCID-dataset/YCB10/floor/top/cuboid/seq09/rgb/result_2018-08-24-11-34-38.png,/mnt/Info/COGAR_DATASETs/OCID-dataset/YCB10/floor/top/cuboid/seq09/label/result_2018-08-24-11-34-38.png,result_2018-08-24-11-34-38.png,YCB10/floor/top/cuboid/seq09,YCB10,floor,top,cuboid,seq09
2033,7,/mnt/Info/COGAR_DATASETs/OCID-dataset/YCB10/floor/top/cuboid/seq09/rgb/result_2018-08-24-11-35-05.png,/mnt/Info/COGAR_DATASETs/OCID-dataset/YCB10/floor/top/cuboid/seq09/label/result_2018-08-24-11-35-05.png,result_2018-08-24-11-35-05.png,YCB10/floor/top/cuboid/seq09,YCB10,floor,top,cuboid,seq09
2034,8,/mnt/Info/COGAR_DATASETs/OCID-dataset/YCB10/floor/top/cuboid/seq09/rgb/result_2018-08-24-11-35-46.png,/mnt/Info/COGAR_DATASETs/OCID-dataset/YCB10/floor/top/cuboid/seq09/label/result_2018-08-24-11-35-46.png,result_2018-08-24-11-35-46.png,YCB10/floor/top/cuboid/seq09,YCB10,floor,top,cuboid,seq09
2035,9,/mnt/Info/COGAR_DATASETs/OCID-dataset/YCB10/floor/top/cuboid/seq09/rgb/result_2018-08-24-11-36-07.png,/mnt/Info/COGAR_DATASETs/OCID-dataset/YCB10/floor/top/cuboid/seq09/label/result_2018-08-24-11-36-07.png,result_2018-08-24-11-36-07.png,YCB10/floor/top/cuboid/seq09,YCB10,floor,top,cuboid,seq09
2036,0,/mnt/Info/COGAR_DATASETs/OCID-dataset/YCB10/floor/top/cuboid/seq10/rgb/result_2018-08-24-11-40-02.png,/mnt/Info/COGAR_DATASETs/OCID-dataset/YCB10/floor/top/cuboid/seq10/label/result_2018-08-24-11-40-02.png,result_2018-08-24-11-40-02.png,YCB10/floor/top/cuboid/seq10,YCB10,floor,top,cuboid,seq10
2037,1,/mnt/Info/COGAR_DATASETs/OCID-dataset/YCB10/floor/top/cuboid/seq10/rgb/result_2018-08-24-11-41-09.png,/mnt/Info/COGAR_DATASETs/OCID-dataset/YCB10/floor/top/cuboid/seq10/label/result_2018-08-24-11-41-09.png,result_2018-08-24-11-41-09.png,YCB10/floor/top/cuboid/seq10,YCB10,floor,top,cuboid,seq10
2038,2,/mnt/Info/COGAR_DATASETs/OCID-dataset/YCB10/floor/top/cuboid/seq10/rgb/result_2018-08-24-11-42-40.png,/mnt/Info/COGAR_DATASETs/OCID-dataset/YCB10/floor/top/cuboid/seq10/label/result_2018-08-24-11-42-40.png,result_2018-08-24-11-42-40.png,YCB10/floor/top/cuboid/seq10,YCB10,floor,top,cuboid,seq10
2039,3,/mnt/Info/COGAR_DATASETs/OCID-dataset/YCB10/floor/top/cuboid/seq10/rgb/result_2018-08-24-11-43-20.png,/mnt/Info/COGAR_DATASETs/OCID-dataset/YCB10/floor/top/cuboid/seq10/label/result_2018-08-24-11-43-20.png,result_2018-08-24-11-43-20.png,YCB10/floor/top/cuboid/seq10,YCB10,floor,top,cuboid,seq10
2040,4,/mnt/Info/COGAR_DATASETs/OCID-dataset/YCB10/floor/top/cuboid/seq10/rgb/result_2018-08-24-11-43-55.png,/mnt/Info/COGAR_DATASETs/OCID-dataset/YCB10/floor/top/cuboid/seq10/label/result_2018-08-24-11-43-55.png,result_2018-08-24-11-43-55.png,YCB10/floor/top/cuboid/seq10,YCB10,floor,top,cuboid,seq10
2041,5,/mnt/Info/COGAR_DATASETs/OCID-dataset/YCB10/floor/top/cuboid/seq10/rgb/result_2018-08-24-11-44-18.png,/mnt/Info/COGAR_DATASETs/OCID-dataset/YCB10/floor/top/cuboid/seq10/label/result_2018-08-24-11-44-18.png,result_2018-08-24-11-44-18.png,YCB10/floor/top/cuboid/seq10,YCB10,floor,top,cuboid,seq10
2042,6,/mnt/Info/COGAR_DATASETs/OCID-dataset/YCB10/floor/top/cuboid/seq10/rgb/result_2018-08-24-11-44-42.png,/mnt/Info/COGAR_DATASETs/OCID-dataset/YCB10/floor/top/cuboid/seq10/label/result_2018-08-24-11-44-42.png,result_2018-08-24-11-44-42.png,YCB10/floor/top/cuboid/seq10,YCB10,floor,top,cuboid,seq10
2043,7,/mnt/Info/COGAR_DATASETs/OCID-dataset/YCB10/floor/top/cuboid/seq10/rgb/result_2018-08-24-11-45-02.png,/mnt/Info/COGAR_DATASETs/OCID-dataset/YCB10/floor/top/cuboid/seq10/label/result_2018-08-24-11-45-02.png,result_2018-08-24-11-45-02.png,YCB10/floor/top/cuboid/seq10,YCB10,floor,top,cuboid,seq10
2044,8,/mnt/Info/COGAR_DATASETs/OCID-dataset/YCB10/floor/top/cuboid/seq10/rgb/result_2018-08-24-11-45-33.png,/mnt/Info/COGAR_DATASETs/OCID-dataset/YCB10/floor/top/cuboid/seq10/label/result_2018-08-24-11-45-33.png,result_2018-08-24-11-45-33.png,YCB10/floor/top/cuboid/seq10,YCB10,floor,top,cuboid,seq10
2045,9,/mnt/Info/COGAR_DATASETs/OCID-dataset/YCB10/floor/top/cuboid/seq10/rgb/result_2018-08-24-11-45-55.png,/mnt/Info/COGAR_DATASETs/OCID-dataset/YCB10/floor/top/cuboid/seq10/label/result_2018-08-24-11-45-55.png,result_2018-08-24-11-45-55.png,YCB10/floor/top/cuboid/seq10,YCB10,floor,top,cuboid,seq10
2046,0,/mnt/Info/COGAR_DATASETs/OCID-dataset/YCB10/floor/top/curved/seq05/rgb/result_2018-08-24-10-47-08.png,/mnt/Info/COGAR_DATASETs/OCID-dataset/YCB10/floor/top/curved/seq05/label/result_2018-08-24-10-47-08.png,result_2018-08-24-10-47-08.png,YCB10/floor/top/curved/seq05,YCB10,floor,top,curved,seq05
2047,1,/mnt/Info/COGAR_DATASETs/OCID-dataset/YCB10/floor/top/curved/seq05/rgb/result_2018-08-24-10-47-30.png,/mnt/Info/COGAR_DATASETs/OCID-dataset/YCB10/floor/top/curved/seq05/label/result_2018-08-24-10-47-30.png,result_2018-08-24-10-47-30.png,YCB10/floor/top/curved/seq05,YCB10,floor,top,curved,seq05
2048,2,/mnt/Info/COGAR_DATASETs/OCID-dataset/YCB10/floor/top/curved/seq05/rgb/result_2018-08-24-10-48-03.png,/mnt/Info/COGAR_DATASETs/OCID-dataset/YCB10/floor/top/curved/seq05/label/result_2018-08-24-10-48-03.png,result_2018-08-24-10-48-03.png,YCB10/floor/top/curved/seq05,YCB10,floor,top,curved,seq05
2049,3,/mnt/Info/COGAR_DATASETs/OCID-dataset/YCB10/floor/top/curved/seq05/rgb/result_2018-08-24-10-48-26.png,/mnt/Info/COGAR_DATASETs/OCID-dataset/YCB10/floor/top/curved/seq05/label/result_2018-08-24-10-48-26.png,result_2018-08-24-10-48-26.png,YCB10/floor/top/curved/seq05,YCB10,floor,top,curved,seq05
2050,4,/mnt/Info/COGAR_DATASETs/OCID-dataset/YCB10/floor/top/curved/seq05/rgb/result_2018-08-24-10-48-55.png,/mnt/Info/COGAR_DATASETs/OCID-dataset/YCB10/floor/top/curved/seq05/label/result_2018-08-24-10-48-55.png,result_2018-08-24-10-48-55.png,YCB10/floor/top/curved/seq05,YCB10,floor,top,curved,seq05
2051,5,/mnt/Info/COGAR_DATASETs/OCID-dataset/YCB10/floor/top/curved/seq05/rgb/result_2018-08-24-10-49-18.png,/mnt/Info/COGAR_DATASETs/OCID-dataset/YCB10/floor/top/curved/seq05/label/result_2018-08-24-10-49-18.png,result_2018-08-24-10-49-18.png,YCB10/floor/top/curved/seq05,YCB10,floor,top,curved,seq05
2052,6,/mnt/Info/COGAR_DATASETs/OCID-dataset/YCB10/floor/top/curved/seq05/rgb/result_2018-08-24-10-49-50.png,/mnt/Info/COGAR_DATASETs/OCID-dataset/YCB10/floor/top/curved/seq05/label/result_2018-08-24-10-49-50.png,result_2018-08-24-10-49-50.png,YCB10/floor/top/curved/seq05,YCB10,floor,top,curved,seq05
2053,7,/mnt/Info/COGAR_DATASETs/OCID-dataset/YCB10/floor/top/curved/seq05/rgb/result_2018-08-24-10-50-17.png,/mnt/Info/COGAR_DATASETs/OCID-dataset/YCB10/floor/top/curved/seq05/label/result_2018-08-24-10-50-17.png,result_2018-08-24-10-50-17.png,YCB10/floor/top/curved/seq05,YCB10,floor,top,curved,seq05
2054,8,/mnt/Info/COGAR_DATASETs/OCID-dataset/YCB10/floor/top/curved/seq05/rgb/result_2018-08-24-10-50-43.png,/mnt/Info/COGAR_DATASETs/OCID-dataset/YCB10/floor/top/curved/seq05/label/result_2018-08-24-10-50-43.png,result_2018-08-24-10-50-43.png,YCB10/floor/top/curved/seq05,YCB10,floor,top,curved,seq05
2055,9,/mnt/Info/COGAR_DATASETs/OCID-dataset/YCB10/floor/top/curved/seq05/rgb/result_2018-08-24-10-51-35.png,/mnt/Info/COGAR_DATASETs/OCID-dataset/YCB10/floor/top/curved/seq05/label/result_2018-08-24-10-51-35.png,result_2018-08-24-10-51-35.png,YCB10/floor/top/curved/seq05,YCB10,floor,top,curved,seq05
2056,0,/mnt/Info/COGAR_DATASETs/OCID-dataset/YCB10/floor/top/curved/seq06/rgb/result_2018-08-24-10-54-15.png,/mnt/Info/COGAR_DATASETs/OCID-dataset/YCB10/floor/top/curved/seq06/label/result_2018-08-24-10-54-15.png,result_2018-08-24-10-54-15.png,YCB10/floor/top/curved/seq06,YCB10,floor,top,curved,seq06
2057,1,/mnt/Info/COGAR_DATASETs/OCID-dataset/YCB10/floor/top/curved/seq06/rgb/result_2018-08-24-10-54-47.png,/mnt/Info/COGAR_DATASETs/OCID-dataset/YCB10/floor/top/curved/seq06/label/result_2018-08-24-10-54-47.png,result_2018-08-24-10-54-47.png,YCB10/floor/top/curved/seq06,YCB10,floor,top,curved,seq06
2058,2,/mnt/Info/COGAR_DATASETs/OCID-dataset/YCB10/floor/top/curved/seq06/rgb/result_2018-08-24-10-55-16.png,/mnt/Info/COGAR_DATASETs/OCID-dataset/YCB10/floor/top/curved/seq06/label/result_2018-08-24-10-55-16.png,result_2018-08-24-10-55-16.png,YCB10/floor/top/curved/seq06,YCB10,floor,top,curved,seq06
2059,3,/mnt/Info/COGAR_DATASETs/OCID-dataset/YCB10/floor/top/curved/seq06/rgb/result_2018-08-24-10-55-46.png,/mnt/Info/COGAR_DATASETs/OCID-dataset/YCB10/floor/top/curved/seq06/label/result_2018-08-24-10-55-46.png,result_2018-08-24-10-55-46.png,YCB10/floor/top/curved/seq06,YCB10,floor,top,curved,seq06
2060,4,/mnt/Info/COGAR_DATASETs/OCID-dataset/YCB10/floor/top/curved/seq06/rgb/result_2018-08-24-10-57-27.png,/mnt/Info/COGAR_DATASETs/OCID-dataset/YCB10/floor/top/curved/seq06/label/result_2018-08-24-10-57-27.png,result_2018-08-24-10-57-27.png,YCB10/floor/top/curved/seq06,YCB10,floor,top,curved,seq06
2061,5,/mnt/Info/COGAR_DATASETs/OCID-dataset/YCB10/floor/top/curved/seq06/rgb/result_2018-08-24-10-57-50.png,/mnt/Info/COGAR_DATASETs/OCID-dataset/YCB10/floor/top/curved/seq06/label/result_2018-08-24-10-57-50.png,result_2018-08-24-10-57-50.png,YCB10/floor/top/curved/seq06,YCB10,floor,top,curved,seq06
2062,6,/mnt/Info/COGAR_DATASETs/OCID-dataset/YCB10/floor/top/curved/seq06/rgb/result_2018-08-24-10-58-30.png,/mnt/Info/COGAR_DATASETs/OCID-dataset/YCB10/floor/top/curved/seq06/label/result_2018-08-24-10-58-30.png,result_2018-08-24-10-58-30.png,YCB10/floor/top/curved/seq06,YCB10,floor,top,curved,seq06
2063,7,/mnt/Info/COGAR_DATASETs/OCID-dataset/YCB10/floor/top/curved/seq06/rgb/result_2018-08-24-10-59-20.png,/mnt/Info/COGAR_DATASETs/OCID-dataset/YCB10/floor/top/curved/seq06/label/result_2018-08-24-10-59-20.png,result_2018-08-24-10-59-20.png,YCB10/floor/top/curved/seq06,YCB10,floor,top,curved,seq06
2064,8,/mnt/Info/COGAR_DATASETs/OCID-dataset/YCB10/floor/top/curved/seq06/rgb/result_2018-08-24-11-00-09.png,/mnt/Info/COGAR_DATASETs/OCID-dataset/YCB10/floor/top/curved/seq06/label/result_2018-08-24-11-00-09.png,result_2018-08-24-11-00-09.png,YCB10/floor/top/curved/seq06,YCB10,floor,top,curved,seq06
2065,9,/mnt/Info/COGAR_DATASETs/OCID-dataset/YCB10/floor/top/curved/seq06/rgb/result_2018-08-24-11-00-55.png,/mnt/Info/COGAR_DATASETs/OCID-dataset/YCB10/floor/top/curved/seq06/label/result_2018-08-24-11-00-55.png,result_2018-08-24-11-00-55.png,YCB10/floor/top/curved/seq06,YCB10,floor,top,curved,seq06
2066,0,/mnt/Info/COGAR_DATASETs/OCID-dataset/YCB10/floor/top/curved/seq11/rgb/result_2018-08-24-11-49-49.png,/mnt/Info/COGAR_DATASETs/OCID-dataset/YCB10/floor/top/curved/seq11/label/result_2018-08-24-11-49-49.png,result_2018-08-24-11-49-49.png,YCB10/floor/top/curved/seq11,YCB10,floor,top,curved,seq11
2067,1,/mnt/Info/COGAR_DATASETs/OCID-dataset/YCB10/floor/top/curved/seq11/rgb/result_2018-08-24-11-50-10.png,/mnt/Info/COGAR_DATASETs/OCID-dataset/YCB10/floor/top/curved/seq11/label/result_2018-08-24-11-50-10.png,result_2018-08-24-11-50-10.png,YCB10/floor/top/curved/seq11,YCB10,floor,top,curved,seq11
2068,2,/mnt/Info/COGAR_DATASETs/OCID-dataset/YCB10/floor/top/curved/seq11/rgb/result_2018-08-24-11-50-32.png,/mnt/Info/COGAR_DATASETs/OCID-dataset/YCB10/floor/top/curved/seq11/label/result_2018-08-24-11-50-32.png,result_2018-08-24-11-50-32.png,YCB10/floor/top/curved/seq11,YCB10,floor,top,curved,seq11
2069,3,/mnt/Info/COGAR_DATASETs/OCID-dataset/YCB10/floor/top/curved/seq11/rgb/result_2018-08-24-11-50-49.png,/mnt/Info/COGAR_DATASETs/OCID-dataset/YCB10/floor/top/curved/seq11/label/result_2018-08-24-11-50-49.png,result_2018-08-24-11-50-49.png,YCB10/floor/top/curved/seq11,YCB10,floor,top,curved,seq11
2070,4,/mnt/Info/COGAR_DATASETs/OCID-dataset/YCB10/floor/top/curved/seq11/rgb/result_2018-08-24-11-51-08.png,/mnt/Info/COGAR_DATASETs/OCID-dataset/YCB10/floor/top/curved/seq11/label/result_2018-08-24-11-51-08.png,result_2018-08-24-11-51-08.png,YCB10/floor/top/curved/seq11,YCB10,floor,top,curved,seq11
2071,5,/mnt/Info/COGAR_DATASETs/OCID-dataset/YCB10/floor/top/curved/seq11/rgb/result_2018-08-24-11-51-31.png,/mnt/Info/COGAR_DATASETs/OCID-dataset/YCB10/floor/top/curved/seq11/label/result_2018-08-24-11-51-31.png,result_2018-08-24-11-51-31.png,YCB10/floor/top/curved/seq11,YCB10,floor,top,curved,seq11
2072,6,/mnt/Info/COGAR_DATASETs/OCID-dataset/YCB10/floor/top/curved/seq11/rgb/result_2018-08-24-11-51-54.png,/mnt/Info/COGAR_DATASETs/OCID-dataset/YCB10/floor/top/curved/seq11/label/result_2018-08-24-11-51-54.png,result_2018-08-24-11-51-54.png,YCB10/floor/top/curved/seq11,YCB10,floor,top,curved,seq11
2073,7,/mnt/Info/COGAR_DATASETs/OCID-dataset/YCB10/floor/top/curved/seq11/rgb/result_2018-08-24-11-52-20.png,/mnt/Info/COGAR_DATASETs/OCID-dataset/YCB10/floor/top/curved/seq11/label/result_2018-08-24-11-52-20.png,result_2018-08-24-11-52-20.png,YCB10/floor/top/curved/seq11,YCB10,floor,top,curved,seq11
2074,8,/mnt/Info/COGAR_DATASETs/OCID-dataset/YCB10/floor/top/curved/seq11/rgb/result_2018-08-24-11-52-47.png,/mnt/Info/COGAR_DATASETs/OCID-dataset/YCB10/floor/top/curved/seq11/label/result_2018-08-24-11-52-47.png,result_2018-08-24-11-52-47.png,YCB10/floor/top/curved/seq11,YCB10,floor,top,curved,seq11
2075,9,/mnt/Info/COGAR_DATASETs/OCID-dataset/YCB10/floor/top/curved/seq11/rgb/result_2018-08-24-11-53-30.png,/mnt/Info/COGAR_DATASETs/OCID-dataset/YCB10/floor/top/curved/seq11/label/result_2018-08-24-11-53-30.png,result_2018-08-24-11-53-30.png,YCB10/floor/top/curved/seq11,YCB10,floor,top,curved,seq11
2076,0,/mnt/Info/COGAR_DATASETs/OCID-dataset/YCB10/floor/top/curved/seq12/rgb/result_2018-08-24-11-59-13.png,/mnt/Info/COGAR_DATASETs/OCID-dataset/YCB10/floor/top/curved/seq12/label/result_2018-08-24-11-59-13.png,result_2018-08-24-11-59-13.png,YCB10/floor/top/curved/seq12,YCB10,floor,top,curved,seq12
2077,1,/mnt/Info/COGAR_DATASETs/OCID-dataset/YCB10/floor/top/curved/seq12/rgb/result_2018-08-24-11-59-34.png,/mnt/Info/COGAR_DATASETs/OCID-dataset/YCB10/floor/top/curved/seq12/label/result_2018-08-24-11-59-34.png,result_2018-08-24-11-59-34.png,YCB10/floor/top/curved/seq12,YCB10,floor,top,curved,seq12
2078,2,/mnt/Info/COGAR_DATASETs/OCID-dataset/YCB10/floor/top/curved/seq12/rgb/result_2018-08-24-11-59-54.png,/mnt/Info/COGAR_DATASETs/OCID-dataset/YCB10/floor/top/curved/seq12/label/result_2018-08-24-11-59-54.png,result_2018-08-24-11-59-54.png,YCB10/floor/top/curved/seq12,YCB10,floor,top,curved,seq12
2079,3,/mnt/Info/COGAR_DATASETs/OCID-dataset/YCB10/floor/top/curved/seq12/rgb/result_2018-08-24-12-00-51.png,/mnt/Info/COGAR_DATASETs/OCID-dataset/YCB10/floor/top/curved/seq12/label/result_2018-08-24-12-00-51.png,result_2018-08-24-12-00-51.png,YCB10/floor/top/curved/seq12,YCB10,floor,top,curved,seq12
2080,4,/mnt/Info/COGAR_DATASETs/OCID-dataset/YCB10/floor/top/curved/seq12/rgb/result_2018-08-24-12-02-08.png,/mnt/Info/COGAR_DATASETs/OCID-dataset/YCB10/floor/top/curved/seq12/label/result_2018-08-24-12-02-08.png,result_2018-08-24-12-02-08.png,YCB10/floor/top/curved/seq12,YCB10,floor,top,curved,seq12
2081,5,/mnt/Info/COGAR_DATASETs/OCID-dataset/YCB10/floor/top/curved/seq12/rgb/result_2018-08-24-12-02-38.png,/mnt/Info/COGAR_DATASETs/OCID-dataset/YCB10/floor/top/curved/seq12/label/result_2018-08-24-12-02-38.png,result_2018-08-24-12-02-38.png,YCB10/floor/top/curved/seq12,YCB10,floor,top,curved,seq12
2082,6,/mnt/Info/COGAR_DATASETs/OCID-dataset/YCB10/floor/top/curved/seq12/rgb/result_2018-08-24-12-03-01.png,/mnt/Info/COGAR_DATASETs/OCID-dataset/YCB10/floor/top/curved/seq12/label/result_2018-08-24-12-03-01.png,result_2018-08-24-12-03-01.png,YCB10/floor/top/curved/seq12,YCB10,floor,top,curved,seq12
2083,7,/mnt/Info/COGAR_DATASETs/OCID-dataset/YCB10/floor/top/curved/seq12/rgb/result_2018-08-24-12-03-31.png,/mnt/Info/COGAR_DATASETs/OCID-dataset/YCB10/floor/top/curved/seq12/label/result_2018-08-24-12-03-31.png,result_2018-08-24-12-03-31.png,YCB10/floor/top/curved/seq12,YCB10,floor,top,curved,seq12
2084,8,/mnt/Info/COGAR_DATASETs/OCID-dataset/YCB10/floor/top/curved/seq12/rgb/result_2018-08-24-12-03-55.png,/mnt/Info/COGAR_DATASETs/OCID-dataset/YCB10/floor/top/curved/seq12/label/result_2018-08-24-12-03-55.png,result_2018-08-24-12-03-55.png,YCB10/floor/top/curved/seq12,YCB10,floor,top,curved,seq12
2085,9,/mnt/Info/COGAR_DATASETs/OCID-dataset/YCB10/floor/top/curved/seq12/rgb/result_2018-08-24-12-04-29.png,/mnt/Info/COGAR_DATASETs/OCID-dataset/YCB10/floor/top/curved/seq12/label/result_2018-08-24-12-04-29.png,result_2018-08-24-12-04-29.png,YCB10/floor/top/curved/seq12,YCB10,floor,top,curved,seq12
2086,0,/mnt/Info/COGAR_DATASETs/OCID-dataset/YCB10/floor/top/mixed/seq01/rgb/result_2018-08-24-10-09-42.png,/mnt/Info/COGAR_DATASETs/OCID-dataset/YCB10/floor/top/mixed/seq01/label/result_2018-08-24-10-09-42.png,result_2018-08-24-10-09-42.png,YCB10/floor/top/mixed/seq01,YCB10,floor,top,mixed,seq01
2087,1,/mnt/Info/COGAR_DATASETs/OCID-dataset/YCB10/floor/top/mixed/seq01/rgb/result_2018-08-24-10-10-09.png,/mnt/Info/COGAR_DATASETs/OCID-dataset/YCB10/floor/top/mixed/seq01/label/result_2018-08-24-10-10-09.png,result_2018-08-24-10-10-09.png,YCB10/floor/top/mixed/seq01,YCB10,floor,top,mixed,seq01
2088,2,/mnt/Info/COGAR_DATASETs/OCID-dataset/YCB10/floor/top/mixed/seq01/rgb/result_2018-08-24-10-10-32.png,/mnt/Info/COGAR_DATASETs/OCID-dataset/YCB10/floor/top/mixed/seq01/label/result_2018-08-24-10-10-32.png,result_2018-08-24-10-10-32.png,YCB10/floor/top/mixed/seq01,YCB10,floor,top,mixed,seq01
2089,3,/mnt/Info/COGAR_DATASETs/OCID-dataset/YCB10/floor/top/mixed/seq01/rgb/result_2018-08-24-10-10-58.png,/mnt/Info/COGAR_DATASETs/OCID-dataset/YCB10/floor/top/mixed/seq01/label/result_2018-08-24-10-10-58.png,result_2018-08-24-10-10-58.png,YCB10/floor/top/mixed/seq01,YCB10,floor,top,mixed,seq01
2090,4,/mnt/Info/COGAR_DATASETs/OCID-dataset/YCB10/floor/top/mixed/seq01/rgb/result_2018-08-24-10-11-21.png,/mnt/Info/COGAR_DATASETs/OCID-dataset/YCB10/floor/top/mixed/seq01/label/result_2018-08-24-10-11-21.png,result_2018-08-24-10-11-21.png,YCB10/floor/top/mixed/seq01,YCB10,floor,top,mixed,seq01
2091,5,/mnt/Info/COGAR_DATASETs/OCID-dataset/YCB10/floor/top/mixed/seq01/rgb/result_2018-08-24-10-12-05.png,/mnt/Info/COGAR_DATASETs/OCID-dataset/YCB10/floor/top/mixed/seq01/label/result_2018-08-24-10-12-05.png,result_2018-08-24-10-12-05.png,YCB10/floor/top/mixed/seq01,YCB10,floor,top,mixed,seq01
2092,6,/mnt/Info/COGAR_DATASETs/OCID-dataset/YCB10/floor/top/mixed/seq01/rgb/result_2018-08-24-10-12-36.png,/mnt/Info/COGAR_DATASETs/OCID-dataset/YCB10/floor/top/mixed/seq01/label/result_2018-08-24-10-12-36.png,result_2018-08-24-10-12-36.png,YCB10/floor/top/mixed/seq01,YCB10,floor,top,mixed,seq01
2093,7,/mnt/Info/COGAR_DATASETs/OCID-dataset/YCB10/floor/top/mixed/seq01/rgb/result_2018-08-24-10-13-04.png,/mnt/Info/COGAR_DATASETs/OCID-dataset/YCB10/floor/top/mixed/seq01/label/result_2018-08-24-10-13-04.png,result_2018-08-24-10-13-04.png,YCB10/floor/top/mixed/seq01,YCB10,floor,top,mixed,seq01
2094,8,/mnt/Info/COGAR_DATASETs/OCID-dataset/YCB10/floor/top/mixed/seq01/rgb/result_2018-08-24-10-13-29.png,/mnt/Info/COGAR_DATASETs/OCID-dataset/YCB10/floor/top/mixed/seq01/label/result_2018-08-24-10-13-29.png,result_2018-08-24-10-13-29.png,YCB10/floor/top/mixed/seq01,YCB10,floor,top,mixed,seq01
2095,9,/mnt/Info/COGAR_DATASETs/OCID-dataset/YCB10/floor/top/mixed/seq01/rgb/result_2018-08-24-10-14-14.png,/mnt/Info/COGAR_DATASETs/OCID-dataset/YCB10/floor/top/mixed/seq01/label/result_2018-08-24-10-14-14.png,result_2018-08-24-10-14-14.png,YCB10/floor/top/mixed/seq01,YCB10,floor,top,mixed,seq01
2096,0,/mnt/Info/COGAR_DATASETs/OCID-dataset/YCB10/floor/top/mixed/seq02/rgb/result_2018-08-24-10-16-43.png,/mnt/Info/COGAR_DATASETs/OCID-dataset/YCB10/floor/top/mixed/seq02/label/result_2018-08-24-10-16-43.png,result_2018-08-24-10-16-43.png,YCB10/floor/top/mixed/seq02,YCB10,floor,top,mixed,seq02
2097,1,/mnt/Info/COGAR_DATASETs/OCID-dataset/YCB10/floor/top/mixed/seq02/rgb/result_2018-08-24-10-17-07.png,/mnt/Info/COGAR_DATASETs/OCID-dataset/YCB10/floor/top/mixed/seq02/label/result_2018-08-24-10-17-07.png,result_2018-08-24-10-17-07.png,YCB10/floor/top/mixed/seq02,YCB10,floor,top,mixed,seq02
2098,2,/mnt/Info/COGAR_DATASETs/OCID-dataset/YCB10/floor/top/mixed/seq02/rgb/result_2018-08-24-10-18-01.png,/mnt/Info/COGAR_DATASETs/OCID-dataset/YCB10/floor/top/mixed/seq02/label/result_2018-08-24-10-18-01.png,result_2018-08-24-10-18-01.png,YCB10/floor/top/mixed/seq02,YCB10,floor,top,mixed,seq02
2099,3,/mnt/Info/COGAR_DATASETs/OCID-dataset/YCB10/floor/top/mixed/seq02/rgb/result_2018-08-24-10-18-25.png,/mnt/Info/COGAR_DATASETs/OCID-dataset/YCB10/floor/top/mixed/seq02/label/result_2018-08-24-10-18-25.png,result_2018-08-24-10-18-25.png,YCB10/floor/top/mixed/seq02,YCB10,floor,top,mixed,seq02
2100,4,/mnt/Info/COGAR_DATASETs/OCID-dataset/YCB10/floor/top/mixed/seq02/rgb/result_2018-08-24-10-18-51.png,/mnt/Info/COGAR_DATASETs/OCID-dataset/YCB10/floor/top/mixed/seq02/label/result_2018-08-24-10-18-51.png,result_2018-08-24-10-18-51.png,YCB10/floor/top/mixed/seq02,YCB10,floor,top,mixed,seq02
2101,5,/mnt/Info/COGAR_DATASETs/OCID-dataset/YCB10/floor/top/mixed/seq02/rgb/result_2018-08-24-10-19-14.png,/mnt/Info/COGAR_DATASETs/OCID-dataset/YCB10/floor/top/mixed/seq02/label/result_2018-08-24-10-19-14.png,result_2018-08-24-10-19-14.png,YCB10/floor/top/mixed/seq02,YCB10,floor,top,mixed,seq02
2102,6,/mnt/Info/COGAR_DATASETs/OCID-dataset/YCB10/floor/top/mixed/seq02/rgb/result_2018-08-24-10-19-41.png,/mnt/Info/COGAR_DATASETs/OCID-dataset/YCB10/floor/top/mixed/seq02/label/result_2018-08-24-10-19-41.png,result_2018-08-24-10-19-41.png,YCB10/floor/top/mixed/seq02,YCB10,floor,top,mixed,seq02
2103,7,/mnt/Info/COGAR_DATASETs/OCID-dataset/YCB10/floor/top/mixed/seq02/rgb/result_2018-08-24-10-20-23.png,/mnt/Info/COGAR_DATASETs/OCID-dataset/YCB10/floor/top/mixed/seq02/label/result_2018-08-24-10-20-23.png,result_2018-08-24-10-20-23.png,YCB10/floor/top/mixed/seq02,YCB10,floor,top,mixed,seq02
2104,8,/mnt/Info/COGAR_DATASETs/OCID-dataset/YCB10/floor/top/mixed/seq02/rgb/result_2018-08-24-10-20-59.png,/mnt/Info/COGAR_DATASETs/OCID-dataset/YCB10/floor/top/mixed/seq02/label/result_2018-08-24-10-20-59.png,result_2018-08-24-10-20-59.png,YCB10/floor/top/mixed/seq02,YCB10,floor,top,mixed,seq02
2105,9,/mnt/Info/COGAR_DATASETs/OCID-dataset/YCB10/floor/top/mixed/seq02/rgb/result_2018-08-24-10-21-29.png,/mnt/Info/COGAR_DATASETs/OCID-dataset/YCB10/floor/top/mixed/seq02/label/result_2018-08-24-10-21-29.png,result_2018-08-24-10-21-29.png,YCB10/floor/top/mixed/seq02,YCB10,floor,top,mixed,seq02
2106,0,/mnt/Info/COGAR_DATASETs/OCID-dataset/YCB10/floor/top/mixed/seq07/rgb/result_2018-08-24-11-11-11.png,/mnt/Info/COGAR_DATASETs/OCID-dataset/YCB10/floor/top/mixed/seq07/label/result_2018-08-24-11-11-11.png,result_2018-08-24-11-11-11.png,YCB10/floor/top/mixed/seq07,YCB10,floor,top,mixed,seq07
2107,1,/mnt/Info/COGAR_DATASETs/OCID-dataset/YCB10/floor/top/mixed/seq07/rgb/result_2018-08-24-11-11-40.png,/mnt/Info/COGAR_DATASETs/OCID-dataset/YCB10/floor/top/mixed/seq07/label/result_2018-08-24-11-11-40.png,result_2018-08-24-11-11-40.png,YCB10/floor/top/mixed/seq07,YCB10,floor,top,mixed,seq07
2108,2,/mnt/Info/COGAR_DATASETs/OCID-dataset/YCB10/floor/top/mixed/seq07/rgb/result_2018-08-24-11-11-59.png,/mnt/Info/COGAR_DATASETs/OCID-dataset/YCB10/floor/top/mixed/seq07/label/result_2018-08-24-11-11-59.png,result_2018-08-24-11-11-59.png,YCB10/floor/top/mixed/seq07,YCB10,floor,top,mixed,seq07
2109,3,/mnt/Info/COGAR_DATASETs/OCID-dataset/YCB10/floor/top/mixed/seq07/rgb/result_2018-08-24-11-12-32.png,/mnt/Info/COGAR_DATASETs/OCID-dataset/YCB10/floor/top/mixed/seq07/label/result_2018-08-24-11-12-32.png,result_2018-08-24-11-12-32.png,YCB10/floor/top/mixed/seq07,YCB10,floor,top,mixed,seq07
2110,4,/mnt/Info/COGAR_DATASETs/OCID-dataset/YCB10/floor/top/mixed/seq07/rgb/result_2018-08-24-11-12-56.png,/mnt/Info/COGAR_DATASETs/OCID-dataset/YCB10/floor/top/mixed/seq07/label/result_2018-08-24-11-12-56.png,result_2018-08-24-11-12-56.png,YCB10/floor/top/mixed/seq07,YCB10,floor,top,mixed,seq07
2111,5,/mnt/Info/COGAR_DATASETs/OCID-dataset/YCB10/floor/top/mixed/seq07/rgb/result_2018-08-24-11-13-19.png,/mnt/Info/COGAR_DATASETs/OCID-dataset/YCB10/floor/top/mixed/seq07/label/result_2018-08-24-11-13-19.png,result_2018-08-24-11-13-19.png,YCB10/floor/top/mixed/seq07,YCB10,floor,top,mixed,seq07
2112,6,/mnt/Info/COGAR_DATASETs/OCID-dataset/YCB10/floor/top/mixed/seq07/rgb/result_2018-08-24-11-13-48.png,/mnt/Info/COGAR_DATASETs/OCID-dataset/YCB10/floor/top/mixed/seq07/label/result_2018-08-24-11-13-48.png,result_2018-08-24-11-13-48.png,YCB10/floor/top/mixed/seq07,YCB10,floor,top,mixed,seq07
2113,7,/mnt/Info/COGAR_DATASETs/OCID-dataset/YCB10/floor/top/mixed/seq07/rgb/result_2018-08-24-11-14-48.png,/mnt/Info/COGAR_DATASETs/OCID-dataset/YCB10/floor/top/mixed/seq07/label/result_2018-08-24-11-14-48.png,result_2018-08-24-11-14-48.png,YCB10/floor/top/mixed/seq07,YCB10,floor,top,mixed,seq07
2114,8,/mnt/Info/COGAR_DATASETs/OCID-dataset/YCB10/floor/top/mixed/seq07/rgb/result_2018-08-24-11-15-13.png,/mnt/Info/COGAR_DATASETs/OCID-dataset/YCB10/floor/top/mixed/seq07/label/result_2018-08-24-11-15-13.png,result_2018-08-24-11-15-13.png,YCB10/floor/top/mixed/seq07,YCB10,floor,top,mixed,seq07
2115,9,/mnt/Info/COGAR_DATASETs/OCID-dataset/YCB10/floor/top/mixed/seq07/rgb/result_2018-08-24-11-15-38.png,/mnt/Info/COGAR_DATASETs/OCID-dataset/YCB10/floor/top/mixed/seq07/label/result_2018-08-24-11-15-38.png,result_2018-08-24-11-15-38.png,YCB10/floor/top/mixed/seq07,YCB10,floor,top,mixed,seq07
2116,0,/mnt/Info/COGAR_DATASETs/OCID-dataset/YCB10/floor/top/mixed/seq08/rgb/result_2018-08-24-11-19-55.png,/mnt/Info/COGAR_DATASETs/OCID-dataset/YCB10/floor/top/mixed/seq08/label/result_2018-08-24-11-19-55.png,result_2018-08-24-11-19-55.png,YCB10/floor/top/mixed/seq08,YCB10,floor,top,mixed,seq08
2117,1,/mnt/Info/COGAR_DATASETs/OCID-dataset/YCB10/floor/top/mixed/seq08/rgb/result_2018-08-24-11-20-33.png,/mnt/Info/COGAR_DATASETs/OCID-dataset/YCB10/floor/top/mixed/seq08/label/result_2018-08-24-11-20-33.png,result_2018-08-24-11-20-33.png,YCB10/floor/top/mixed/seq08,YCB10,floor,top,mixed,seq08
2118,2,/mnt/Info/COGAR_DATASETs/OCID-dataset/YCB10/floor/top/mixed/seq08/rgb/result_2018-08-24-11-21-12.png,/mnt/Info/COGAR_DATASETs/OCID-dataset/YCB10/floor/top/mixed/seq08/label/result_2018-08-24-11-21-12.png,result_2018-08-24-11-21-12.png,YCB10/floor/top/mixed/seq08,YCB10,floor,top,mixed,seq08
2119,3,/mnt/Info/COGAR_DATASETs/OCID-dataset/YCB10/floor/top/mixed/seq08/rgb/result_2018-08-24-11-22-10.png,/mnt/Info/COGAR_DATASETs/OCID-dataset/YCB10/floor/top/mixed/seq08/label/result_2018-08-24-11-22-10.png,result_2018-08-24-11-22-10.png,YCB10/floor/top/mixed/seq08,YCB10,floor,top,mixed,seq08
2120,4,/mnt/Info/COGAR_DATASETs/OCID-dataset/YCB10/floor/top/mixed/seq08/rgb/result_2018-08-24-11-22-33.png,/mnt/Info/COGAR_DATASETs/OCID-dataset/YCB10/floor/top/mixed/seq08/label/result_2018-08-24-11-22-33.png,result_2018-08-24-11-22-33.png,YCB10/floor/top/mixed/seq08,YCB10,floor,top,mixed,seq08
2121,5,/mnt/Info/COGAR_DATASETs/OCID-dataset/YCB10/floor/top/mixed/seq08/rgb/result_2018-08-24-11-23-01.png,/mnt/Info/COGAR_DATASETs/OCID-dataset/YCB10/floor/top/mixed/seq08/label/result_2018-08-24-11-23-01.png,result_2018-08-24-11-23-01.png,YCB10/floor/top/mixed/seq08,YCB10,floor,top,mixed,seq08
2122,6,/mnt/Info/COGAR_DATASETs/OCID-dataset/YCB10/floor/top/mixed/seq08/rgb/result_2018-08-24-11-23-32.png,/mnt/Info/COGAR_DATASETs/OCID-dataset/YCB10/floor/top/mixed/seq08/label/result_2018-08-24-11-23-32.png,result_2018-08-24-11-23-32.png,YCB10/floor/top/mixed/seq08,YCB10,floor,top,mixed,seq08
2123,7,/mnt/Info/COGAR_DATASETs/OCID-dataset/YCB10/floor/top/mixed/seq08/rgb/result_2018-08-24-11-24-08.png,/mnt/Info/COGAR_DATASETs/OCID-dataset/YCB10/floor/top/mixed/seq08/label/result_2018-08-24-11-24-08.png,result_2018-08-24-11-24-08.png,YCB10/floor/top/mixed/seq08,YCB10,floor,top,mixed,seq08
2124,8,/mnt/Info/COGAR_DATASETs/OCID-dataset/YCB10/floor/top/mixed/seq08/rgb/result_2018-08-24-11-24-46.png,/mnt/Info/COGAR_DATASETs/OCID-dataset/YCB10/floor/top/mixed/seq08/label/result_2018-08-24-11-24-46.png,result_2018-08-24-11-24-46.png,YCB10/floor/top/mixed/seq08,YCB10,floor,top,mixed,seq08
2125,9,/mnt/Info/COGAR_DATASETs/OCID-dataset/YCB10/floor/top/mixed/seq08/rgb/result_2018-08-24-11-25-36.png,/mnt/Info/COGAR_DATASETs/OCID-dataset/YCB10/floor/top/mixed/seq08/label/result_2018-08-24-11-25-36.png,result_2018-08-24-11-25-36.png,YCB10/floor/top/mixed/seq08,YCB10,floor,top,mixed,seq08
2126,0,/mnt/Info/COGAR_DATASETs/OCID-dataset/YCB10/table/bottom/cuboid/seq23/rgb/result_2018-08-24-13-32-50.png,/mnt/Info/COGAR_DATASETs/OCID-dataset/YCB10/table/bottom/cuboid/seq23/label/result_2018-08-24-13-32-50.png,result_2018-08-24-13-32-50.png,YCB10/table/bottom/cuboid/seq23,YCB10,table,bottom,cuboid,seq23
2127,1,/mnt/Info/COGAR_DATASETs/OCID-dataset/YCB10/table/bottom/cuboid/seq23/rgb/result_2018-08-24-13-39-04.png,/mnt/Info/COGAR_DATASETs/OCID-dataset/YCB10/table/bottom/cuboid/seq23/label/result_2018-08-24-13-39-04.png,result_2018-08-24-13-39-04.png,YCB10/table/bottom/cuboid/seq23,YCB10,table,bottom,cuboid,seq23
2128,2,/mnt/Info/COGAR_DATASETs/OCID-dataset/YCB10/table/bottom/cuboid/seq23/rgb/result_2018-08-24-13-39-35.png,/mnt/Info/COGAR_DATASETs/OCID-dataset/YCB10/table/bottom/cuboid/seq23/label/result_2018-08-24-13-39-35.png,result_2018-08-24-13-39-35.png,YCB10/table/bottom/cuboid/seq23,YCB10,table,bottom,cuboid,seq23
2129,3,/mnt/Info/COGAR_DATASETs/OCID-dataset/YCB10/table/bottom/cuboid/seq23/rgb/result_2018-08-24-13-39-54.png,/mnt/Info/COGAR_DATASETs/OCID-dataset/YCB10/table/bottom/cuboid/seq23/label/result_2018-08-24-13-39-54.png,result_2018-08-24-13-39-54.png,YCB10/table/bottom/cuboid/seq23,YCB10,table,bottom,cuboid,seq23
2130,4,/mnt/Info/COGAR_DATASETs/OCID-dataset/YCB10/table/bottom/cuboid/seq23/rgb/result_2018-08-24-13-40-15.png,/mnt/Info/COGAR_DATASETs/OCID-dataset/YCB10/table/bottom/cuboid/seq23/label/result_2018-08-24-13-40-15.png,result_2018-08-24-13-40-15.png,YCB10/table/bottom/cuboid/seq23,YCB10,table,bottom,cuboid,seq23
2131,5,/mnt/Info/COGAR_DATASETs/OCID-dataset/YCB10/table/bottom/cuboid/seq23/rgb/result_2018-08-24-13-40-54.png,/mnt/Info/COGAR_DATASETs/OCID-dataset/YCB10/table/bottom/cuboid/seq23/label/result_2018-08-24-13-40-54.png,result_2018-08-24-13-40-54.png,YCB10/table/bottom/cuboid/seq23,YCB10,table,bottom,cuboid,seq23
2132,6,/mnt/Info/COGAR_DATASETs/OCID-dataset/YCB10/table/bottom/cuboid/seq23/rgb/result_2018-08-24-13-41-15.png,/mnt/Info/COGAR_DATASETs/OCID-dataset/YCB10/table/bottom/cuboid/seq23/label/result_2018-08-24-13-41-15.png,result_2018-08-24-13-41-15.png,YCB10/table/bottom/cuboid/seq23,YCB10,table,bottom,cuboid,seq23
2133,7,/mnt/Info/COGAR_DATASETs/OCID-dataset/YCB10/table/bottom/cuboid/seq23/rgb/result_2018-08-24-13-41-40.png,/mnt/Info/COGAR_DATASETs/OCID-dataset/YCB10/table/bottom/cuboid/seq23/label/result_2018-08-24-13-41-40.png,result_2018-08-24-13-41-40.png,YCB10/table/bottom/cuboid/seq23,YCB10,table,bottom,cuboid,seq23
2134,8,/mnt/Info/COGAR_DATASETs/OCID-dataset/YCB10/table/bottom/cuboid/seq23/rgb/result_2018-08-24-13-42-02.png,/mnt/Info/COGAR_DATASETs/OCID-dataset/YCB10/table/bottom/cuboid/seq23/label/result_2018-08-24-13-42-02.png,result_2018-08-24-13-42-02.png,YCB10/table/bottom/cuboid/seq23,YCB10,table,bottom,cuboid,seq23
2135,9,/mnt/Info/COGAR_DATASETs/OCID-dataset/YCB10/table/bottom/cuboid/seq23/rgb/result_2018-08-24-13-42-27.png,/mnt/Info/COGAR_DATASETs/OCID-dataset/YCB10/table/bottom/cuboid/seq23/label/result_2018-08-24-13-42-27.png,result_2018-08-24-13-42-27.png,YCB10/table/bottom/cuboid/seq23,YCB10,table,bottom,cuboid,seq23
2136,10,/mnt/Info/COGAR_DATASETs/OCID-dataset/YCB10/table/bottom/cuboid/seq23/rgb/result_2018-08-24-13-43-35.png,/mnt/Info/COGAR_DATASETs/OCID-dataset/YCB10/table/bottom/cuboid/seq23/label/result_2018-08-24-13-43-35.png,result_2018-08-24-13-43-35.png,YCB10/table/bottom/cuboid/seq23,YCB10,table,bottom,cuboid,seq23
2137,0,/mnt/Info/COGAR_DATASETs/OCID-dataset/YCB10/table/bottom/cuboid/seq24/rgb/result_2018-08-24-13-47-34.png,/mnt/Info/COGAR_DATASETs/OCID-dataset/YCB10/table/bottom/cuboid/seq24/label/result_2018-08-24-13-47-34.png,result_2018-08-24-13-47-34.png,YCB10/table/bottom/cuboid/seq24,YCB10,table,bottom,cuboid,seq24
2138,1,/mnt/Info/COGAR_DATASETs/OCID-dataset/YCB10/table/bottom/cuboid/seq24/rgb/result_2018-08-24-13-47-54.png,/mnt/Info/COGAR_DATASETs/OCID-dataset/YCB10/table/bottom/cuboid/seq24/label/result_2018-08-24-13-47-54.png,result_2018-08-24-13-47-54.png,YCB10/table/bottom/cuboid/seq24,YCB10,table,bottom,cuboid,seq24
2139,2,/mnt/Info/COGAR_DATASETs/OCID-dataset/YCB10/table/bottom/cuboid/seq24/rgb/result_2018-08-24-13-48-27.png,/mnt/Info/COGAR_DATASETs/OCID-dataset/YCB10/table/bottom/cuboid/seq24/label/result_2018-08-24-13-48-27.png,result_2018-08-24-13-48-27.png,YCB10/table/bottom/cuboid/seq24,YCB10,table,bottom,cuboid,seq24
2140,3,/mnt/Info/COGAR_DATASETs/OCID-dataset/YCB10/table/bottom/cuboid/seq24/rgb/result_2018-08-24-13-53-06.png,/mnt/Info/COGAR_DATASETs/OCID-dataset/YCB10/table/bottom/cuboid/seq24/label/result_2018-08-24-13-53-06.png,result_2018-08-24-13-53-06.png,YCB10/table/bottom/cuboid/seq24,YCB10,table,bottom,cuboid,seq24
2141,4,/mnt/Info/COGAR_DATASETs/OCID-dataset/YCB10/table/bottom/cuboid/seq24/rgb/result_2018-08-24-13-53-32.png,/mnt/Info/COGAR_DATASETs/OCID-dataset/YCB10/table/bottom/cuboid/seq24/label/result_2018-08-24-13-53-32.png,result_2018-08-24-13-53-32.png,YCB10/table/bottom/cuboid/seq24,YCB10,table,bottom,cuboid,seq24
2142,5,/mnt/Info/COGAR_DATASETs/OCID-dataset/YCB10/table/bottom/cuboid/seq24/rgb/result_2018-08-24-13-53-53.png,/mnt/Info/COGAR_DATASETs/OCID-dataset/YCB10/table/bottom/cuboid/seq24/label/result_2018-08-24-13-53-53.png,result_2018-08-24-13-53-53.png,YCB10/table/bottom/cuboid/seq24,YCB10,table,bottom,cuboid,seq24
2143,6,/mnt/Info/COGAR_DATASETs/OCID-dataset/YCB10/table/bottom/cuboid/seq24/rgb/result_2018-08-24-13-54-15.png,/mnt/Info/COGAR_DATASETs/OCID-dataset/YCB10/table/bottom/cuboid/seq24/label/result_2018-08-24-13-54-15.png,result_2018-08-24-13-54-15.png,YCB10/table/bottom/cuboid/seq24,YCB10,table,bottom,cuboid,seq24
2144,7,/mnt/Info/COGAR_DATASETs/OCID-dataset/YCB10/table/bottom/cuboid/seq24/rgb/result_2018-08-24-13-54-39.png,/mnt/Info/COGAR_DATASETs/OCID-dataset/YCB10/table/bottom/cuboid/seq24/label/result_2018-08-24-13-54-39.png,result_2018-08-24-13-54-39.png,YCB10/table/bottom/cuboid/seq24,YCB10,table,bottom,cuboid,seq24
2145,8,/mnt/Info/COGAR_DATASETs/OCID-dataset/YCB10/table/bottom/cuboid/seq24/rgb/result_2018-08-24-13-54-59.png,/mnt/Info/COGAR_DATASETs/OCID-dataset/YCB10/table/bottom/cuboid/seq24/label/result_2018-08-24-13-54-59.png,result_2018-08-24-13-54-59.png,YCB10/table/bottom/cuboid/seq24,YCB10,table,bottom,cuboid,seq24
2146,9,/mnt/Info/COGAR_DATASETs/OCID-dataset/YCB10/table/bottom/cuboid/seq24/rgb/result_2018-08-24-13-55-39.png,/mnt/Info/COGAR_DATASETs/OCID-dataset/YCB10/table/bottom/cuboid/seq24/label/result_2018-08-24-13-55-39.png,result_2018-08-24-13-55-39.png,YCB10/table/bottom/cuboid/seq24,YCB10,table,bottom,cuboid,seq24
2147,10,/mnt/Info/COGAR_DATASETs/OCID-dataset/YCB10/table/bottom/cuboid/seq24/rgb/result_2018-08-24-13-56-05.png,/mnt/Info/COGAR_DATASETs/OCID-dataset/YCB10/table/bottom/cuboid/seq24/label/result_2018-08-24-13-56-05.png,result_2018-08-24-13-56-05.png,YCB10/table/bottom/cuboid/seq24,YCB10,table,bottom,cuboid,seq24
2148,0,/mnt/Info/COGAR_DATASETs/OCID-dataset/YCB10/table/bottom/cuboid/seq33/rgb/result_2018-08-24-14-44-10.png,/mnt/Info/COGAR_DATASETs/OCID-dataset/YCB10/table/bottom/cuboid/seq33/label/result_2018-08-24-14-44-10.png,result_2018-08-24-14-44-10.png,YCB10/table/bottom/cuboid/seq33,YCB10,table,bottom,cuboid,seq33
2149,1,/mnt/Info/COGAR_DATASETs/OCID-dataset/YCB10/table/bottom/cuboid/seq33/rgb/result_2018-08-24-14-44-55.png,/mnt/Info/COGAR_DATASETs/OCID-dataset/YCB10/table/bottom/cuboid/seq33/label/result_2018-08-24-14-44-55.png,result_2018-08-24-14-44-55.png,YCB10/table/bottom/cuboid/seq33,YCB10,table,bottom,cuboid,seq33
2150,2,/mnt/Info/COGAR_DATASETs/OCID-dataset/YCB10/table/bottom/cuboid/seq33/rgb/result_2018-08-24-14-45-30.png,/mnt/Info/COGAR_DATASETs/OCID-dataset/YCB10/table/bottom/cuboid/seq33/label/result_2018-08-24-14-45-30.png,result_2018-08-24-14-45-30.png,YCB10/table/bottom/cuboid/seq33,YCB10,table,bottom,cuboid,seq33
2151,3,/mnt/Info/COGAR_DATASETs/OCID-dataset/YCB10/table/bottom/cuboid/seq33/rgb/result_2018-08-24-14-46-18.png,/mnt/Info/COGAR_DATASETs/OCID-dataset/YCB10/table/bottom/cuboid/seq33/label/result_2018-08-24-14-46-18.png,result_2018-08-24-14-46-18.png,YCB10/table/bottom/cuboid/seq33,YCB10,table,bottom,cuboid,seq33
2152,4,/mnt/Info/COGAR_DATASETs/OCID-dataset/YCB10/table/bottom/cuboid/seq33/rgb/result_2018-08-24-14-46-49.png,/mnt/Info/COGAR_DATASETs/OCID-dataset/YCB10/table/bottom/cuboid/seq33/label/result_2018-08-24-14-46-49.png,result_2018-08-24-14-46-49.png,YCB10/table/bottom/cuboid/seq33,YCB10,table,bottom,cuboid,seq33
2153,5,/mnt/Info/COGAR_DATASETs/OCID-dataset/YCB10/table/bottom/cuboid/seq33/rgb/result_2018-08-24-14-47-21.png,/mnt/Info/COGAR_DATASETs/OCID-dataset/YCB10/table/bottom/cuboid/seq33/label/result_2018-08-24-14-47-21.png,result_2018-08-24-14-47-21.png,YCB10/table/bottom/cuboid/seq33,YCB10,table,bottom,cuboid,seq33
2154,6,/mnt/Info/COGAR_DATASETs/OCID-dataset/YCB10/table/bottom/cuboid/seq33/rgb/result_2018-08-24-14-47-55.png,/mnt/Info/COGAR_DATASETs/OCID-dataset/YCB10/table/bottom/cuboid/seq33/label/result_2018-08-24-14-47-55.png,result_2018-08-24-14-47-55.png,YCB10/table/bottom/cuboid/seq33,YCB10,table,bottom,cuboid,seq33
2155,7,/mnt/Info/COGAR_DATASETs/OCID-dataset/YCB10/table/bottom/cuboid/seq33/rgb/result_2018-08-24-14-48-41.png,/mnt/Info/COGAR_DATASETs/OCID-dataset/YCB10/table/bottom/cuboid/seq33/label/result_2018-08-24-14-48-41.png,result_2018-08-24-14-48-41.png,YCB10/table/bottom/cuboid/seq33,YCB10,table,bottom,cuboid,seq33
2156,8,/mnt/Info/COGAR_DATASETs/OCID-dataset/YCB10/table/bottom/cuboid/seq33/rgb/result_2018-08-24-14-49-06.png,/mnt/Info/COGAR_DATASETs/OCID-dataset/YCB10/table/bottom/cuboid/seq33/label/result_2018-08-24-14-49-06.png,result_2018-08-24-14-49-06.png,YCB10/table/bottom/cuboid/seq33,YCB10,table,bottom,cuboid,seq33
2157,9,/mnt/Info/COGAR_DATASETs/OCID-dataset/YCB10/table/bottom/cuboid/seq33/rgb/result_2018-08-24-14-50-09.png,/mnt/Info/COGAR_DATASETs/OCID-dataset/YCB10/table/bottom/cuboid/seq33/label/result_2018-08-24-14-50-09.png,result_2018-08-24-14-50-09.png,YCB10/table/bottom/cuboid/seq33,YCB10,table,bottom,cuboid,seq33
2158,10,/mnt/Info/COGAR_DATASETs/OCID-dataset/YCB10/table/bottom/cuboid/seq33/rgb/result_2018-08-24-14-51-04.png,/mnt/Info/COGAR_DATASETs/OCID-dataset/YCB10/table/bottom/cuboid/seq33/label/result_2018-08-24-14-51-04.png,result_2018-08-24-14-51-04.png,YCB10/table/bottom/cuboid/seq33,YCB10,table,bottom,cuboid,seq33
2159,0,/mnt/Info/COGAR_DATASETs/OCID-dataset/YCB10/table/bottom/cuboid/seq34/rgb/result_2018-08-24-14-53-58.png,/mnt/Info/COGAR_DATASETs/OCID-dataset/YCB10/table/bottom/cuboid/seq34/label/result_2018-08-24-14-53-58.png,result_2018-08-24-14-53-58.png,YCB10/table/bottom/cuboid/seq34,YCB10,table,bottom,cuboid,seq34
2160,1,/mnt/Info/COGAR_DATASETs/OCID-dataset/YCB10/table/bottom/cuboid/seq34/rgb/result_2018-08-24-14-54-19.png,/mnt/Info/COGAR_DATASETs/OCID-dataset/YCB10/table/bottom/cuboid/seq34/label/result_2018-08-24-14-54-19.png,result_2018-08-24-14-54-19.png,YCB10/table/bottom/cuboid/seq34,YCB10,table,bottom,cuboid,seq34
2161,2,/mnt/Info/COGAR_DATASETs/OCID-dataset/YCB10/table/bottom/cuboid/seq34/rgb/result_2018-08-24-14-54-44.png,/mnt/Info/COGAR_DATASETs/OCID-dataset/YCB10/table/bottom/cuboid/seq34/label/result_2018-08-24-14-54-44.png,result_2018-08-24-14-54-44.png,YCB10/table/bottom/cuboid/seq34,YCB10,table,bottom,cuboid,seq34
2162,3,/mnt/Info/COGAR_DATASETs/OCID-dataset/YCB10/table/bottom/cuboid/seq34/rgb/result_2018-08-24-14-55-04.png,/mnt/Info/COGAR_DATASETs/OCID-dataset/YCB10/table/bottom/cuboid/seq34/label/result_2018-08-24-14-55-04.png,result_2018-08-24-14-55-04.png,YCB10/table/bottom/cuboid/seq34,YCB10,table,bottom,cuboid,seq34
2163,4,/mnt/Info/COGAR_DATASETs/OCID-dataset/YCB10/table/bottom/cuboid/seq34/rgb/result_2018-08-24-14-55-32.png,/mnt/Info/COGAR_DATASETs/OCID-dataset/YCB10/table/bottom/cuboid/seq34/label/result_2018-08-24-14-55-32.png,result_2018-08-24-14-55-32.png,YCB10/table/bottom/cuboid/seq34,YCB10,table,bottom,cuboid,seq34
2164,5,/mnt/Info/COGAR_DATASETs/OCID-dataset/YCB10/table/bottom/cuboid/seq34/rgb/result_2018-08-24-14-56-07.png,/mnt/Info/COGAR_DATASETs/OCID-dataset/YCB10/table/bottom/cuboid/seq34/label/result_2018-08-24-14-56-07.png,result_2018-08-24-14-56-07.png,YCB10/table/bottom/cuboid/seq34,YCB10,table,bottom,cuboid,seq34
2165,6,/mnt/Info/COGAR_DATASETs/OCID-dataset/YCB10/table/bottom/cuboid/seq34/rgb/result_2018-08-24-14-56-30.png,/mnt/Info/COGAR_DATASETs/OCID-dataset/YCB10/table/bottom/cuboid/seq34/label/result_2018-08-24-14-56-30.png,result_2018-08-24-14-56-30.png,YCB10/table/bottom/cuboid/seq34,YCB10,table,bottom,cuboid,seq34
2166,7,/mnt/Info/COGAR_DATASETs/OCID-dataset/YCB10/table/bottom/cuboid/seq34/rgb/result_2018-08-24-14-56-55.png,/mnt/Info/COGAR_DATASETs/OCID-dataset/YCB10/table/bottom/cuboid/seq34/label/result_2018-08-24-14-56-55.png,result_2018-08-24-14-56-55.png,YCB10/table/bottom/cuboid/seq34,YCB10,table,bottom,cuboid,seq34
2167,8,/mnt/Info/COGAR_DATASETs/OCID-dataset/YCB10/table/bottom/cuboid/seq34/rgb/result_2018-08-24-14-57-34.png,/mnt/Info/COGAR_DATASETs/OCID-dataset/YCB10/table/bottom/cuboid/seq34/label/result_2018-08-24-14-57-34.png,result_2018-08-24-14-57-34.png,YCB10/table/bottom/cuboid/seq34,YCB10,table,bottom,cuboid,seq34
2168,9,/mnt/Info/COGAR_DATASETs/OCID-dataset/YCB10/table/bottom/cuboid/seq34/rgb/result_2018-08-24-14-58-15.png,/mnt/Info/COGAR_DATASETs/OCID-dataset/YCB10/table/bottom/cuboid/seq34/label/result_2018-08-24-14-58-15.png,result_2018-08-24-14-58-15.png,YCB10/table/bottom/cuboid/seq34,YCB10,table,bottom,cuboid,seq34
2169,10,/mnt/Info/COGAR_DATASETs/OCID-dataset/YCB10/table/bottom/cuboid/seq34/rgb/result_2018-08-24-14-58-58.png,/mnt/Info/COGAR_DATASETs/OCID-dataset/YCB10/table/bottom/cuboid/seq34/label/result_2018-08-24-14-58-58.png,result_2018-08-24-14-58-58.png,YCB10/table/bottom/cuboid/seq34,YCB10,table,bottom,cuboid,seq34
2170,0,/mnt/Info/COGAR_DATASETs/OCID-dataset/YCB10/table/bottom/curved/seq25/rgb/result_2018-08-24-13-59-29.png,/mnt/Info/COGAR_DATASETs/OCID-dataset/YCB10/table/bottom/curved/seq25/label/result_2018-08-24-13-59-29.png,result_2018-08-24-13-59-29.png,YCB10/table/bottom/curved/seq25,YCB10,table,bottom,curved,seq25
2171,1,/mnt/Info/COGAR_DATASETs/OCID-dataset/YCB10/table/bottom/curved/seq25/rgb/result_2018-08-24-14-00-01.png,/mnt/Info/COGAR_DATASETs/OCID-dataset/YCB10/table/bottom/curved/seq25/label/result_2018-08-24-14-00-01.png,result_2018-08-24-14-00-01.png,YCB10/table/bottom/curved/seq25,YCB10,table,bottom,curved,seq25
2172,2,/mnt/Info/COGAR_DATASETs/OCID-dataset/YCB10/table/bottom/curved/seq25/rgb/result_2018-08-24-14-00-23.png,/mnt/Info/COGAR_DATASETs/OCID-dataset/YCB10/table/bottom/curved/seq25/label/result_2018-08-24-14-00-23.png,result_2018-08-24-14-00-23.png,YCB10/table/bottom/curved/seq25,YCB10,table,bottom,curved,seq25
2173,3,/mnt/Info/COGAR_DATASETs/OCID-dataset/YCB10/table/bottom/curved/seq25/rgb/result_2018-08-24-14-00-57.png,/mnt/Info/COGAR_DATASETs/OCID-dataset/YCB10/table/bottom/curved/seq25/label/result_2018-08-24-14-00-57.png,result_2018-08-24-14-00-57.png,YCB10/table/bottom/curved/seq25,YCB10,table,bottom,curved,seq25
2174,4,/mnt/Info/COGAR_DATASETs/OCID-dataset/YCB10/table/bottom/curved/seq25/rgb/result_2018-08-24-14-01-19.png,/mnt/Info/COGAR_DATASETs/OCID-dataset/YCB10/table/bottom/curved/seq25/label/result_2018-08-24-14-01-19.png,result_2018-08-24-14-01-19.png,YCB10/table/bottom/curved/seq25,YCB10,table,bottom,curved,seq25
2175,5,/mnt/Info/COGAR_DATASETs/OCID-dataset/YCB10/table/bottom/curved/seq25/rgb/result_2018-08-24-14-01-54.png,/mnt/Info/COGAR_DATASETs/OCID-dataset/YCB10/table/bottom/curved/seq25/label/result_2018-08-24-14-01-54.png,result_2018-08-24-14-01-54.png,YCB10/table/bottom/curved/seq25,YCB10,table,bottom,curved,seq25
2176,6,/mnt/Info/COGAR_DATASETs/OCID-dataset/YCB10/table/bottom/curved/seq25/rgb/result_2018-08-24-14-02-30.png,/mnt/Info/COGAR_DATASETs/OCID-dataset/YCB10/table/bottom/curved/seq25/label/result_2018-08-24-14-02-30.png,result_2018-08-24-14-02-30.png,YCB10/table/bottom/curved/seq25,YCB10,table,bottom,curved,seq25
2177,7,/mnt/Info/COGAR_DATASETs/OCID-dataset/YCB10/table/bottom/curved/seq25/rgb/result_2018-08-24-14-02-56.png,/mnt/Info/COGAR_DATASETs/OCID-dataset/YCB10/table/bottom/curved/seq25/label/result_2018-08-24-14-02-56.png,result_2018-08-24-14-02-56.png,YCB10/table/bottom/curved/seq25,YCB10,table,bottom,curved,seq25
2178,8,/mnt/Info/COGAR_DATASETs/OCID-dataset/YCB10/table/bottom/curved/seq25/rgb/result_2018-08-24-14-03-38.png,/mnt/Info/COGAR_DATASETs/OCID-dataset/YCB10/table/bottom/curved/seq25/label/result_2018-08-24-14-03-38.png,result_2018-08-24-14-03-38.png,YCB10/table/bottom/curved/seq25,YCB10,table,bottom,curved,seq25
2179,9,/mnt/Info/COGAR_DATASETs/OCID-dataset/YCB10/table/bottom/curved/seq25/rgb/result_2018-08-24-14-04-08.png,/mnt/Info/COGAR_DATASETs/OCID-dataset/YCB10/table/bottom/curved/seq25/label/result_2018-08-24-14-04-08.png,result_2018-08-24-14-04-08.png,YCB10/table/bottom/curved/seq25,YCB10,table,bottom,curved,seq25
2180,10,/mnt/Info/COGAR_DATASETs/OCID-dataset/YCB10/table/bottom/curved/seq25/rgb/result_2018-08-24-14-04-30.png,/mnt/Info/COGAR_DATASETs/OCID-dataset/YCB10/table/bottom/curved/seq25/label/result_2018-08-24-14-04-30.png,result_2018-08-24-14-04-30.png,YCB10/table/bottom/curved/seq25,YCB10,table,bottom,curved,seq25
2181,0,/mnt/Info/COGAR_DATASETs/OCID-dataset/YCB10/table/bottom/curved/seq26/rgb/result_2018-08-24-14-07-33.png,/mnt/Info/COGAR_DATASETs/OCID-dataset/YCB10/table/bottom/curved/seq26/label/result_2018-08-24-14-07-33.png,result_2018-08-24-14-07-33.png,YCB10/table/bottom/curved/seq26,YCB10,table,bottom,curved,seq26
2182,1,/mnt/Info/COGAR_DATASETs/OCID-dataset/YCB10/table/bottom/curved/seq26/rgb/result_2018-08-24-14-07-59.png,/mnt/Info/COGAR_DATASETs/OCID-dataset/YCB10/table/bottom/curved/seq26/label/result_2018-08-24-14-07-59.png,result_2018-08-24-14-07-59.png,YCB10/table/bottom/curved/seq26,YCB10,table,bottom,curved,seq26
2183,2,/mnt/Info/COGAR_DATASETs/OCID-dataset/YCB10/table/bottom/curved/seq26/rgb/result_2018-08-24-14-08-30.png,/mnt/Info/COGAR_DATASETs/OCID-dataset/YCB10/table/bottom/curved/seq26/label/result_2018-08-24-14-08-30.png,result_2018-08-24-14-08-30.png,YCB10/table/bottom/curved/seq26,YCB10,table,bottom,curved,seq26
2184,3,/mnt/Info/COGAR_DATASETs/OCID-dataset/YCB10/table/bottom/curved/seq26/rgb/result_2018-08-24-14-09-36.png,/mnt/Info/COGAR_DATASETs/OCID-dataset/YCB10/table/bottom/curved/seq26/label/result_2018-08-24-14-09-36.png,result_2018-08-24-14-09-36.png,YCB10/table/bottom/curved/seq26,YCB10,table,bottom,curved,seq26
2185,4,/mnt/Info/COGAR_DATASETs/OCID-dataset/YCB10/table/bottom/curved/seq26/rgb/result_2018-08-24-14-10-14.png,/mnt/Info/COGAR_DATASETs/OCID-dataset/YCB10/table/bottom/curved/seq26/label/result_2018-08-24-14-10-14.png,result_2018-08-24-14-10-14.png,YCB10/table/bottom/curved/seq26,YCB10,table,bottom,curved,seq26
2186,5,/mnt/Info/COGAR_DATASETs/OCID-dataset/YCB10/table/bottom/curved/seq26/rgb/result_2018-08-24-14-10-50.png,/mnt/Info/COGAR_DATASETs/OCID-dataset/YCB10/table/bottom/curved/seq26/label/result_2018-08-24-14-10-50.png,result_2018-08-24-14-10-50.png,YCB10/table/bottom/curved/seq26,YCB10,table,bottom,curved,seq26
2187,6,/mnt/Info/COGAR_DATASETs/OCID-dataset/YCB10/table/bottom/curved/seq26/rgb/result_2018-08-24-14-11-31.png,/mnt/Info/COGAR_DATASETs/OCID-dataset/YCB10/table/bottom/curved/seq26/label/result_2018-08-24-14-11-31.png,result_2018-08-24-14-11-31.png,YCB10/table/bottom/curved/seq26,YCB10,table,bottom,curved,seq26
2188,7,/mnt/Info/COGAR_DATASETs/OCID-dataset/YCB10/table/bottom/curved/seq26/rgb/result_2018-08-24-14-12-03.png,/mnt/Info/COGAR_DATASETs/OCID-dataset/YCB10/table/bottom/curved/seq26/label/result_2018-08-24-14-12-03.png,result_2018-08-24-14-12-03.png,YCB10/table/bottom/curved/seq26,YCB10,table,bottom,curved,seq26
2189,8,/mnt/Info/COGAR_DATASETs/OCID-dataset/YCB10/table/bottom/curved/seq26/rgb/result_2018-08-24-14-12-44.png,/mnt/Info/COGAR_DATASETs/OCID-dataset/YCB10/table/bottom/curved/seq26/label/result_2018-08-24-14-12-44.png,result_2018-08-24-14-12-44.png,YCB10/table/bottom/curved/seq26,YCB10,table,bottom,curved,seq26
2190,9,/mnt/Info/COGAR_DATASETs/OCID-dataset/YCB10/table/bottom/curved/seq26/rgb/result_2018-08-24-14-13-15.png,/mnt/Info/COGAR_DATASETs/OCID-dataset/YCB10/table/bottom/curved/seq26/label/result_2018-08-24-14-13-15.png,result_2018-08-24-14-13-15.png,YCB10/table/bottom/curved/seq26,YCB10,table,bottom,curved,seq26
2191,10,/mnt/Info/COGAR_DATASETs/OCID-dataset/YCB10/table/bottom/curved/seq26/rgb/result_2018-08-24-14-14-04.png,/mnt/Info/COGAR_DATASETs/OCID-dataset/YCB10/table/bottom/curved/seq26/label/result_2018-08-24-14-14-04.png,result_2018-08-24-14-14-04.png,YCB10/table/bottom/curved/seq26,YCB10,table,bottom,curved,seq26
2192,0,/mnt/Info/COGAR_DATASETs/OCID-dataset/YCB10/table/bottom/curved/seq35/rgb/result_2018-08-24-15-02-20.png,/mnt/Info/COGAR_DATASETs/OCID-dataset/YCB10/table/bottom/curved/seq35/label/result_2018-08-24-15-02-20.png,result_2018-08-24-15-02-20.png,YCB10/table/bottom/curved/seq35,YCB10,table,bottom,curved,seq35
2193,1,/mnt/Info/COGAR_DATASETs/OCID-dataset/YCB10/table/bottom/curved/seq35/rgb/result_2018-08-24-15-02-46.png,/mnt/Info/COGAR_DATASETs/OCID-dataset/YCB10/table/bottom/curved/seq35/label/result_2018-08-24-15-02-46.png,result_2018-08-24-15-02-46.png,YCB10/table/bottom/curved/seq35,YCB10,table,bottom,curved,seq35
2194,2,/mnt/Info/COGAR_DATASETs/OCID-dataset/YCB10/table/bottom/curved/seq35/rgb/result_2018-08-24-15-03-13.png,/mnt/Info/COGAR_DATASETs/OCID-dataset/YCB10/table/bottom/curved/seq35/label/result_2018-08-24-15-03-13.png,result_2018-08-24-15-03-13.png,YCB10/table/bottom/curved/seq35,YCB10,table,bottom,curved,seq35
2195,3,/mnt/Info/COGAR_DATASETs/OCID-dataset/YCB10/table/bottom/curved/seq35/rgb/result_2018-08-24-15-03-34.png,/mnt/Info/COGAR_DATASETs/OCID-dataset/YCB10/table/bottom/curved/seq35/label/result_2018-08-24-15-03-34.png,result_2018-08-24-15-03-34.png,YCB10/table/bottom/curved/seq35,YCB10,table,bottom,curved,seq35
2196,4,/mnt/Info/COGAR_DATASETs/OCID-dataset/YCB10/table/bottom/curved/seq35/rgb/result_2018-08-24-15-04-00.png,/mnt/Info/COGAR_DATASETs/OCID-dataset/YCB10/table/bottom/curved/seq35/label/result_2018-08-24-15-04-00.png,result_2018-08-24-15-04-00.png,YCB10/table/bottom/curved/seq35,YCB10,table,bottom,curved,seq35
2197,5,/mnt/Info/COGAR_DATASETs/OCID-dataset/YCB10/table/bottom/curved/seq35/rgb/result_2018-08-24-15-04-25.png,/mnt/Info/COGAR_DATASETs/OCID-dataset/YCB10/table/bottom/curved/seq35/label/result_2018-08-24-15-04-25.png,result_2018-08-24-15-04-25.png,YCB10/table/bottom/curved/seq35,YCB10,table,bottom,curved,seq35
2198,6,/mnt/Info/COGAR_DATASETs/OCID-dataset/YCB10/table/bottom/curved/seq35/rgb/result_2018-08-24-15-04-47.png,/mnt/Info/COGAR_DATASETs/OCID-dataset/YCB10/table/bottom/curved/seq35/label/result_2018-08-24-15-04-47.png,result_2018-08-24-15-04-47.png,YCB10/table/bottom/curved/seq35,YCB10,table,bottom,curved,seq35
2199,7,/mnt/Info/COGAR_DATASETs/OCID-dataset/YCB10/table/bottom/curved/seq35/rgb/result_2018-08-24-15-05-15.png,/mnt/Info/COGAR_DATASETs/OCID-dataset/YCB10/table/bottom/curved/seq35/label/result_2018-08-24-15-05-15.png,result_2018-08-24-15-05-15.png,YCB10/table/bottom/curved/seq35,YCB10,table,bottom,curved,seq35
2200,8,/mnt/Info/COGAR_DATASETs/OCID-dataset/YCB10/table/bottom/curved/seq35/rgb/result_2018-08-24-15-06-02.png,/mnt/Info/COGAR_DATASETs/OCID-dataset/YCB10/table/bottom/curved/seq35/label/result_2018-08-24-15-06-02.png,result_2018-08-24-15-06-02.png,YCB10/table/bottom/curved/seq35,YCB10,table,bottom,curved,seq35
2201,9,/mnt/Info/COGAR_DATASETs/OCID-dataset/YCB10/table/bottom/curved/seq35/rgb/result_2018-08-24-15-06-24.png,/mnt/Info/COGAR_DATASETs/OCID-dataset/YCB10/table/bottom/curved/seq35/label/result_2018-08-24-15-06-24.png,result_2018-08-24-15-06-24.png,YCB10/table/bottom/curved/seq35,YCB10,table,bottom,curved,seq35
2202,10,/mnt/Info/COGAR_DATASETs/OCID-dataset/YCB10/table/bottom/curved/seq35/rgb/result_2018-08-24-15-07-03.png,/mnt/Info/COGAR_DATASETs/OCID-dataset/YCB10/table/bottom/curved/seq35/label/result_2018-08-24-15-07-03.png,result_2018-08-24-15-07-03.png,YCB10/table/bottom/curved/seq35,YCB10,table,bottom,curved,seq35
2203,0,/mnt/Info/COGAR_DATASETs/OCID-dataset/YCB10/table/bottom/curved/seq36/rgb/result_2018-08-24-15-09-39.png,/mnt/Info/COGAR_DATASETs/OCID-dataset/YCB10/table/bottom/curved/seq36/label/result_2018-08-24-15-09-39.png,result_2018-08-24-15-09-39.png,YCB10/table/bottom/curved/seq36,YCB10,table,bottom,curved,seq36
2204,1,/mnt/Info/COGAR_DATASETs/OCID-dataset/YCB10/table/bottom/curved/seq36/rgb/result_2018-08-24-15-10-07.png,/mnt/Info/COGAR_DATASETs/OCID-dataset/YCB10/table/bottom/curved/seq36/label/result_2018-08-24-15-10-07.png,result_2018-08-24-15-10-07.png,YCB10/table/bottom/curved/seq36,YCB10,table,bottom,curved,seq36
2205,2,/mnt/Info/COGAR_DATASETs/OCID-dataset/YCB10/table/bottom/curved/seq36/rgb/result_2018-08-24-15-10-38.png,/mnt/Info/COGAR_DATASETs/OCID-dataset/YCB10/table/bottom/curved/seq36/label/result_2018-08-24-15-10-38.png,result_2018-08-24-15-10-38.png,YCB10/table/bottom/curved/seq36,YCB10,table,bottom,curved,seq36
2206,3,/mnt/Info/COGAR_DATASETs/OCID-dataset/YCB10/table/bottom/curved/seq36/rgb/result_2018-08-24-15-11-06.png,/mnt/Info/COGAR_DATASETs/OCID-dataset/YCB10/table/bottom/curved/seq36/label/result_2018-08-24-15-11-06.png,result_2018-08-24-15-11-06.png,YCB10/table/bottom/curved/seq36,YCB10,table,bottom,curved,seq36
2207,4,/mnt/Info/COGAR_DATASETs/OCID-dataset/YCB10/table/bottom/curved/seq36/rgb/result_2018-08-24-15-11-37.png,/mnt/Info/COGAR_DATASETs/OCID-dataset/YCB10/table/bottom/curved/seq36/label/result_2018-08-24-15-11-37.png,result_2018-08-24-15-11-37.png,YCB10/table/bottom/curved/seq36,YCB10,table,bottom,curved,seq36
2208,5,/mnt/Info/COGAR_DATASETs/OCID-dataset/YCB10/table/bottom/curved/seq36/rgb/result_2018-08-24-15-12-01.png,/mnt/Info/COGAR_DATASETs/OCID-dataset/YCB10/table/bottom/curved/seq36/label/result_2018-08-24-15-12-01.png,result_2018-08-24-15-12-01.png,YCB10/table/bottom/curved/seq36,YCB10,table,bottom,curved,seq36
2209,6,/mnt/Info/COGAR_DATASETs/OCID-dataset/YCB10/table/bottom/curved/seq36/rgb/result_2018-08-24-15-12-23.png,/mnt/Info/COGAR_DATASETs/OCID-dataset/YCB10/table/bottom/curved/seq36/label/result_2018-08-24-15-12-23.png,result_2018-08-24-15-12-23.png,YCB10/table/bottom/curved/seq36,YCB10,table,bottom,curved,seq36
2210,7,/mnt/Info/COGAR_DATASETs/OCID-dataset/YCB10/table/bottom/curved/seq36/rgb/result_2018-08-24-15-12-56.png,/mnt/Info/COGAR_DATASETs/OCID-dataset/YCB10/table/bottom/curved/seq36/label/result_2018-08-24-15-12-56.png,result_2018-08-24-15-12-56.png,YCB10/table/bottom/curved/seq36,YCB10,table,bottom,curved,seq36
2211,8,/mnt/Info/COGAR_DATASETs/OCID-dataset/YCB10/table/bottom/curved/seq36/rgb/result_2018-08-24-15-13-18.png,/mnt/Info/COGAR_DATASETs/OCID-dataset/YCB10/table/bottom/curved/seq36/label/result_2018-08-24-15-13-18.png,result_2018-08-24-15-13-18.png,YCB10/table/bottom/curved/seq36,YCB10,table,bottom,curved,seq36
2212,9,/mnt/Info/COGAR_DATASETs/OCID-dataset/YCB10/table/bottom/curved/seq36/rgb/result_2018-08-24-15-13-51.png,/mnt/Info/COGAR_DATASETs/OCID-dataset/YCB10/table/bottom/curved/seq36/label/result_2018-08-24-15-13-51.png,result_2018-08-24-15-13-51.png,YCB10/table/bottom/curved/seq36,YCB10,table,bottom,curved,seq36
2213,10,/mnt/Info/COGAR_DATASETs/OCID-dataset/YCB10/table/bottom/curved/seq36/rgb/result_2018-08-24-15-14-20.png,/mnt/Info/COGAR_DATASETs/OCID-dataset/YCB10/table/bottom/curved/seq36/label/result_2018-08-24-15-14-20.png,result_2018-08-24-15-14-20.png,YCB10/table/bottom/curved/seq36,YCB10,table,bottom,curved,seq36
2214,0,/mnt/Info/COGAR_DATASETs/OCID-dataset/YCB10/table/bottom/mixed/seq21/rgb/result_2018-08-24-13-11-39.png,/mnt/Info/COGAR_DATASETs/OCID-dataset/YCB10/table/bottom/mixed/seq21/label/result_2018-08-24-13-11-39.png,result_2018-08-24-13-11-39.png,YCB10/table/bottom/mixed/seq21,YCB10,table,bottom,mixed,seq21
2215,1,/mnt/Info/COGAR_DATASETs/OCID-dataset/YCB10/table/bottom/mixed/seq21/rgb/result_2018-08-24-13-13-37.png,/mnt/Info/COGAR_DATASETs/OCID-dataset/YCB10/table/bottom/mixed/seq21/label/result_2018-08-24-13-13-37.png,result_2018-08-24-13-13-37.png,YCB10/table/bottom/mixed/seq21,YCB10,table,bottom,mixed,seq21
2216,2,/mnt/Info/COGAR_DATASETs/OCID-dataset/YCB10/table/bottom/mixed/seq21/rgb/result_2018-08-24-13-13-59.png,/mnt/Info/COGAR_DATASETs/OCID-dataset/YCB10/table/bottom/mixed/seq21/label/result_2018-08-24-13-13-59.png,result_2018-08-24-13-13-59.png,YCB10/table/bottom/mixed/seq21,YCB10,table,bottom,mixed,seq21
2217,3,/mnt/Info/COGAR_DATASETs/OCID-dataset/YCB10/table/bottom/mixed/seq21/rgb/result_2018-08-24-13-14-21.png,/mnt/Info/COGAR_DATASETs/OCID-dataset/YCB10/table/bottom/mixed/seq21/label/result_2018-08-24-13-14-21.png,result_2018-08-24-13-14-21.png,YCB10/table/bottom/mixed/seq21,YCB10,table,bottom,mixed,seq21
2218,4,/mnt/Info/COGAR_DATASETs/OCID-dataset/YCB10/table/bottom/mixed/seq21/rgb/result_2018-08-24-13-14-45.png,/mnt/Info/COGAR_DATASETs/OCID-dataset/YCB10/table/bottom/mixed/seq21/label/result_2018-08-24-13-14-45.png,result_2018-08-24-13-14-45.png,YCB10/table/bottom/mixed/seq21,YCB10,table,bottom,mixed,seq21
2219,5,/mnt/Info/COGAR_DATASETs/OCID-dataset/YCB10/table/bottom/mixed/seq21/rgb/result_2018-08-24-13-15-08.png,/mnt/Info/COGAR_DATASETs/OCID-dataset/YCB10/table/bottom/mixed/seq21/label/result_2018-08-24-13-15-08.png,result_2018-08-24-13-15-08.png,YCB10/table/bottom/mixed/seq21,YCB10,table,bottom,mixed,seq21
2220,6,/mnt/Info/COGAR_DATASETs/OCID-dataset/YCB10/table/bottom/mixed/seq21/rgb/result_2018-08-24-13-15-47.png,/mnt/Info/COGAR_DATASETs/OCID-dataset/YCB10/table/bottom/mixed/seq21/label/result_2018-08-24-13-15-47.png,result_2018-08-24-13-15-47.png,YCB10/table/bottom/mixed/seq21,YCB10,table,bottom,mixed,seq21
2221,7,/mnt/Info/COGAR_DATASETs/OCID-dataset/YCB10/table/bottom/mixed/seq21/rgb/result_2018-08-24-13-16-39.png,/mnt/Info/COGAR_DATASETs/OCID-dataset/YCB10/table/bottom/mixed/seq21/label/result_2018-08-24-13-16-39.png,result_2018-08-24-13-16-39.png,YCB10/table/bottom/mixed/seq21,YCB10,table,bottom,mixed,seq21
2222,8,/mnt/Info/COGAR_DATASETs/OCID-dataset/YCB10/table/bottom/mixed/seq21/rgb/result_2018-08-24-13-16-57.png,/mnt/Info/COGAR_DATASETs/OCID-dataset/YCB10/table/bottom/mixed/seq21/label/result_2018-08-24-13-16-57.png,result_2018-08-24-13-16-57.png,YCB10/table/bottom/mixed/seq21,YCB10,table,bottom,mixed,seq21
2223,9,/mnt/Info/COGAR_DATASETs/OCID-dataset/YCB10/table/bottom/mixed/seq21/rgb/result_2018-08-24-13-18-00.png,/mnt/Info/COGAR_DATASETs/OCID-dataset/YCB10/table/bottom/mixed/seq21/label/result_2018-08-24-13-18-00.png,result_2018-08-24-13-18-00.png,YCB10/table/bottom/mixed/seq21,YCB10,table,bottom,mixed,seq21
2224,10,/mnt/Info/COGAR_DATASETs/OCID-dataset/YCB10/table/bottom/mixed/seq21/rgb/result_2018-08-24-13-18-24.png,/mnt/Info/COGAR_DATASETs/OCID-dataset/YCB10/table/bottom/mixed/seq21/label/result_2018-08-24-13-18-24.png,result_2018-08-24-13-18-24.png,YCB10/table/bottom/mixed/seq21,YCB10,table,bottom,mixed,seq21
2225,0,/mnt/Info/COGAR_DATASETs/OCID-dataset/YCB10/table/bottom/mixed/seq22/rgb/result_2018-08-24-13-22-58.png,/mnt/Info/COGAR_DATASETs/OCID-dataset/YCB10/table/bottom/mixed/seq22/label/result_2018-08-24-13-22-58.png,result_2018-08-24-13-22-58.png,YCB10/table/bottom/mixed/seq22,YCB10,table,bottom,mixed,seq22
2226,1,/mnt/Info/COGAR_DATASETs/OCID-dataset/YCB10/table/bottom/mixed/seq22/rgb/result_2018-08-24-13-24-16.png,/mnt/Info/COGAR_DATASETs/OCID-dataset/YCB10/table/bottom/mixed/seq22/label/result_2018-08-24-13-24-16.png,result_2018-08-24-13-24-16.png,YCB10/table/bottom/mixed/seq22,YCB10,table,bottom,mixed,seq22
2227,2,/mnt/Info/COGAR_DATASETs/OCID-dataset/YCB10/table/bottom/mixed/seq22/rgb/result_2018-08-24-13-24-46.png,/mnt/Info/COGAR_DATASETs/OCID-dataset/YCB10/table/bottom/mixed/seq22/label/result_2018-08-24-13-24-46.png,result_2018-08-24-13-24-46.png,YCB10/table/bottom/mixed/seq22,YCB10,table,bottom,mixed,seq22
2228,3,/mnt/Info/COGAR_DATASETs/OCID-dataset/YCB10/table/bottom/mixed/seq22/rgb/result_2018-08-24-13-25-09.png,/mnt/Info/COGAR_DATASETs/OCID-dataset/YCB10/table/bottom/mixed/seq22/label/result_2018-08-24-13-25-09.png,result_2018-08-24-13-25-09.png,YCB10/table/bottom/mixed/seq22,YCB10,table,bottom,mixed,seq22
2229,4,/mnt/Info/COGAR_DATASETs/OCID-dataset/YCB10/table/bottom/mixed/seq22/rgb/result_2018-08-24-13-25-29.png,/mnt/Info/COGAR_DATASETs/OCID-dataset/YCB10/table/bottom/mixed/seq22/label/result_2018-08-24-13-25-29.png,result_2018-08-24-13-25-29.png,YCB10/table/bottom/mixed/seq22,YCB10,table,bottom,mixed,seq22
2230,5,/mnt/Info/COGAR_DATASETs/OCID-dataset/YCB10/table/bottom/mixed/seq22/rgb/result_2018-08-24-13-25-51.png,/mnt/Info/COGAR_DATASETs/OCID-dataset/YCB10/table/bottom/mixed/seq22/label/result_2018-08-24-13-25-51.png,result_2018-08-24-13-25-51.png,YCB10/table/bottom/mixed/seq22,YCB10,table,bottom,mixed,seq22
2231,6,/mnt/Info/COGAR_DATASETs/OCID-dataset/YCB10/table/bottom/mixed/seq22/rgb/result_2018-08-24-13-26-15.png,/mnt/Info/COGAR_DATASETs/OCID-dataset/YCB10/table/bottom/mixed/seq22/label/result_2018-08-24-13-26-15.png,result_2018-08-24-13-26-15.png,YCB10/table/bottom/mixed/seq22,YCB10,table,bottom,mixed,seq22
2232,7,/mnt/Info/COGAR_DATASETs/OCID-dataset/YCB10/table/bottom/mixed/seq22/rgb/result_2018-08-24-13-26-38.png,/mnt/Info/COGAR_DATASETs/OCID-dataset/YCB10/table/bottom/mixed/seq22/label/result_2018-08-24-13-26-38.png,result_2018-08-24-13-26-38.png,YCB10/table/bottom/mixed/seq22,YCB10,table,bottom,mixed,seq22
2233,8,/mnt/Info/COGAR_DATASETs/OCID-dataset/YCB10/table/bottom/mixed/seq22/rgb/result_2018-08-24-13-27-03.png,/mnt/Info/COGAR_DATASETs/OCID-dataset/YCB10/table/bottom/mixed/seq22/label/result_2018-08-24-13-27-03.png,result_2018-08-24-13-27-03.png,YCB10/table/bottom/mixed/seq22,YCB10,table,bottom,mixed,seq22
2234,9,/mnt/Info/COGAR_DATASETs/OCID-dataset/YCB10/table/bottom/mixed/seq22/rgb/result_2018-08-24-13-27-26.png,/mnt/Info/COGAR_DATASETs/OCID-dataset/YCB10/table/bottom/mixed/seq22/label/result_2018-08-24-13-27-26.png,result_2018-08-24-13-27-26.png,YCB10/table/bottom/mixed/seq22,YCB10,table,bottom,mixed,seq22
2235,10,/mnt/Info/COGAR_DATASETs/OCID-dataset/YCB10/table/bottom/mixed/seq22/rgb/result_2018-08-24-13-27-47.png,/mnt/Info/COGAR_DATASETs/OCID-dataset/YCB10/table/bottom/mixed/seq22/label/result_2018-08-24-13-27-47.png,result_2018-08-24-13-27-47.png,YCB10/table/bottom/mixed/seq22,YCB10,table,bottom,mixed,seq22
2236,0,/mnt/Info/COGAR_DATASETs/OCID-dataset/YCB10/table/bottom/mixed/seq31/rgb/result_2018-08-24-14-23-53.png,/mnt/Info/COGAR_DATASETs/OCID-dataset/YCB10/table/bottom/mixed/seq31/label/result_2018-08-24-14-23-53.png,result_2018-08-24-14-23-53.png,YCB10/table/bottom/mixed/seq31,YCB10,table,bottom,mixed,seq31
2237,1,/mnt/Info/COGAR_DATASETs/OCID-dataset/YCB10/table/bottom/mixed/seq31/rgb/result_2018-08-24-14-25-50.png,/mnt/Info/COGAR_DATASETs/OCID-dataset/YCB10/table/bottom/mixed/seq31/label/result_2018-08-24-14-25-50.png,result_2018-08-24-14-25-50.png,YCB10/table/bottom/mixed/seq31,YCB10,table,bottom,mixed,seq31
2238,2,/mnt/Info/COGAR_DATASETs/OCID-dataset/YCB10/table/bottom/mixed/seq31/rgb/result_2018-08-24-14-26-26.png,/mnt/Info/COGAR_DATASETs/OCID-dataset/YCB10/table/bottom/mixed/seq31/label/result_2018-08-24-14-26-26.png,result_2018-08-24-14-26-26.png,YCB10/table/bottom/mixed/seq31,YCB10,table,bottom,mixed,seq31
2239,3,/mnt/Info/COGAR_DATASETs/OCID-dataset/YCB10/table/bottom/mixed/seq31/rgb/result_2018-08-24-14-27-01.png,/mnt/Info/COGAR_DATASETs/OCID-dataset/YCB10/table/bottom/mixed/seq31/label/result_2018-08-24-14-27-01.png,result_2018-08-24-14-27-01.png,YCB10/table/bottom/mixed/seq31,YCB10,table,bottom,mixed,seq31
2240,4,/mnt/Info/COGAR_DATASETs/OCID-dataset/YCB10/table/bottom/mixed/seq31/rgb/result_2018-08-24-14-27-48.png,/mnt/Info/COGAR_DATASETs/OCID-dataset/YCB10/table/bottom/mixed/seq31/label/result_2018-08-24-14-27-48.png,result_2018-08-24-14-27-48.png,YCB10/table/bottom/mixed/seq31,YCB10,table,bottom,mixed,seq31
2241,5,/mnt/Info/COGAR_DATASETs/OCID-dataset/YCB10/table/bottom/mixed/seq31/rgb/result_2018-08-24-14-28-57.png,/mnt/Info/COGAR_DATASETs/OCID-dataset/YCB10/table/bottom/mixed/seq31/label/result_2018-08-24-14-28-57.png,result_2018-08-24-14-28-57.png,YCB10/table/bottom/mixed/seq31,YCB10,table,bottom,mixed,seq31
2242,6,/mnt/Info/COGAR_DATASETs/OCID-dataset/YCB10/table/bottom/mixed/seq31/rgb/result_2018-08-24-14-29-44.png,/mnt/Info/COGAR_DATASETs/OCID-dataset/YCB10/table/bottom/mixed/seq31/label/result_2018-08-24-14-29-44.png,result_2018-08-24-14-29-44.png,YCB10/table/bottom/mixed/seq31,YCB10,table,bottom,mixed,seq31
2243,7,/mnt/Info/COGAR_DATASETs/OCID-dataset/YCB10/table/bottom/mixed/seq31/rgb/result_2018-08-24-14-30-29.png,/mnt/Info/COGAR_DATASETs/OCID-dataset/YCB10/table/bottom/mixed/seq31/label/result_2018-08-24-14-30-29.png,result_2018-08-24-14-30-29.png,YCB10/table/bottom/mixed/seq31,YCB10,table,bottom,mixed,seq31
2244,8,/mnt/Info/COGAR_DATASETs/OCID-dataset/YCB10/table/bottom/mixed/seq31/rgb/result_2018-08-24-14-30-58.png,/mnt/Info/COGAR_DATASETs/OCID-dataset/YCB10/table/bottom/mixed/seq31/label/result_2018-08-24-14-30-58.png,result_2018-08-24-14-30-58.png,YCB10/table/bottom/mixed/seq31,YCB10,table,bottom,mixed,seq31
2245,9,/mnt/Info/COGAR_DATASETs/OCID-dataset/YCB10/table/bottom/mixed/seq31/rgb/result_2018-08-24-14-31-42.png,/mnt/Info/COGAR_DATASETs/OCID-dataset/YCB10/table/bottom/mixed/seq31/label/result_2018-08-24-14-31-42.png,result_2018-08-24-14-31-42.png,YCB10/table/bottom/mixed/seq31,YCB10,table,bottom,mixed,seq31
2246,10,/mnt/Info/COGAR_DATASETs/OCID-dataset/YCB10/table/bottom/mixed/seq31/rgb/result_2018-08-24-14-32-14.png,/mnt/Info/COGAR_DATASETs/OCID-dataset/YCB10/table/bottom/mixed/seq31/label/result_2018-08-24-14-32-14.png,result_2018-08-24-14-32-14.png,YCB10/table/bottom/mixed/seq31,YCB10,table,bottom,mixed,seq31
2247,0,/mnt/Info/COGAR_DATASETs/OCID-dataset/YCB10/table/bottom/mixed/seq32/rgb/result_2018-08-24-14-36-01.png,/mnt/Info/COGAR_DATASETs/OCID-dataset/YCB10/table/bottom/mixed/seq32/label/result_2018-08-24-14-36-01.png,result_2018-08-24-14-36-01.png,YCB10/table/bottom/mixed/seq32,YCB10,table,bottom,mixed,seq32
2248,1,/mnt/Info/COGAR_DATASETs/OCID-dataset/YCB10/table/bottom/mixed/seq32/rgb/result_2018-08-24-14-36-59.png,/mnt/Info/COGAR_DATASETs/OCID-dataset/YCB10/table/bottom/mixed/seq32/label/result_2018-08-24-14-36-59.png,result_2018-08-24-14-36-59.png,YCB10/table/bottom/mixed/seq32,YCB10,table,bottom,mixed,seq32
2249,2,/mnt/Info/COGAR_DATASETs/OCID-dataset/YCB10/table/bottom/mixed/seq32/rgb/result_2018-08-24-14-37-24.png,/mnt/Info/COGAR_DATASETs/OCID-dataset/YCB10/table/bottom/mixed/seq32/label/result_2018-08-24-14-37-24.png,result_2018-08-24-14-37-24.png,YCB10/table/bottom/mixed/seq32,YCB10,table,bottom,mixed,seq32
2250,3,/mnt/Info/COGAR_DATASETs/OCID-dataset/YCB10/table/bottom/mixed/seq32/rgb/result_2018-08-24-14-37-46.png,/mnt/Info/COGAR_DATASETs/OCID-dataset/YCB10/table/bottom/mixed/seq32/label/result_2018-08-24-14-37-46.png,result_2018-08-24-14-37-46.png,YCB10/table/bottom/mixed/seq32,YCB10,table,bottom,mixed,seq32
2251,4,/mnt/Info/COGAR_DATASETs/OCID-dataset/YCB10/table/bottom/mixed/seq32/rgb/result_2018-08-24-14-38-12.png,/mnt/Info/COGAR_DATASETs/OCID-dataset/YCB10/table/bottom/mixed/seq32/label/result_2018-08-24-14-38-12.png,result_2018-08-24-14-38-12.png,YCB10/table/bottom/mixed/seq32,YCB10,table,bottom,mixed,seq32
2252,5,/mnt/Info/COGAR_DATASETs/OCID-dataset/YCB10/table/bottom/mixed/seq32/rgb/result_2018-08-24-14-38-50.png,/mnt/Info/COGAR_DATASETs/OCID-dataset/YCB10/table/bottom/mixed/seq32/label/result_2018-08-24-14-38-50.png,result_2018-08-24-14-38-50.png,YCB10/table/bottom/mixed/seq32,YCB10,table,bottom,mixed,seq32
2253,6,/mnt/Info/COGAR_DATASETs/OCID-dataset/YCB10/table/bottom/mixed/seq32/rgb/result_2018-08-24-14-39-14.png,/mnt/Info/COGAR_DATASETs/OCID-dataset/YCB10/table/bottom/mixed/seq32/label/result_2018-08-24-14-39-14.png,result_2018-08-24-14-39-14.png,YCB10/table/bottom/mixed/seq32,YCB10,table,bottom,mixed,seq32
2254,7,/mnt/Info/COGAR_DATASETs/OCID-dataset/YCB10/table/bottom/mixed/seq32/rgb/result_2018-08-24-14-39-39.png,/mnt/Info/COGAR_DATASETs/OCID-dataset/YCB10/table/bottom/mixed/seq32/label/result_2018-08-24-14-39-39.png,result_2018-08-24-14-39-39.png,YCB10/table/bottom/mixed/seq32,YCB10,table,bottom,mixed,seq32
2255,8,/mnt/Info/COGAR_DATASETs/OCID-dataset/YCB10/table/bottom/mixed/seq32/rgb/result_2018-08-24-14-40-28.png,/mnt/Info/COGAR_DATASETs/OCID-dataset/YCB10/table/bottom/mixed/seq32/label/result_2018-08-24-14-40-28.png,result_2018-08-24-14-40-28.png,YCB10/table/bottom/mixed/seq32,YCB10,table,bottom,mixed,seq32
2256,9,/mnt/Info/COGAR_DATASETs/OCID-dataset/YCB10/table/bottom/mixed/seq32/rgb/result_2018-08-24-14-40-56.png,/mnt/Info/COGAR_DATASETs/OCID-dataset/YCB10/table/bottom/mixed/seq32/label/result_2018-08-24-14-40-56.png,result_2018-08-24-14-40-56.png,YCB10/table/bottom/mixed/seq32,YCB10,table,bottom,mixed,seq32
2257,10,/mnt/Info/COGAR_DATASETs/OCID-dataset/YCB10/table/bottom/mixed/seq32/rgb/result_2018-08-24-14-41-14.png,/mnt/Info/COGAR_DATASETs/OCID-dataset/YCB10/table/bottom/mixed/seq32/label/result_2018-08-24-14-41-14.png,result_2018-08-24-14-41-14.png,YCB10/table/bottom/mixed/seq32,YCB10,table,bottom,mixed,seq32
2258,0,/mnt/Info/COGAR_DATASETs/OCID-dataset/YCB10/table/top/cuboid/seq23/rgb/result_2018-08-24-13-32-44.png,/mnt/Info/COGAR_DATASETs/OCID-dataset/YCB10/table/top/cuboid/seq23/label/result_2018-08-24-13-32-44.png,result_2018-08-24-13-32-44.png,YCB10/table/top/cuboid/seq23,YCB10,table,top,cuboid,seq23
2259,1,/mnt/Info/COGAR_DATASETs/OCID-dataset/YCB10/table/top/cuboid/seq23/rgb/result_2018-08-24-13-38-59.png,/mnt/Info/COGAR_DATASETs/OCID-dataset/YCB10/table/top/cuboid/seq23/label/result_2018-08-24-13-38-59.png,result_2018-08-24-13-38-59.png,YCB10/table/top/cuboid/seq23,YCB10,table,top,cuboid,seq23
2260,2,/mnt/Info/COGAR_DATASETs/OCID-dataset/YCB10/table/top/cuboid/seq23/rgb/result_2018-08-24-13-39-23.png,/mnt/Info/COGAR_DATASETs/OCID-dataset/YCB10/table/top/cuboid/seq23/label/result_2018-08-24-13-39-23.png,result_2018-08-24-13-39-23.png,YCB10/table/top/cuboid/seq23,YCB10,table,top,cuboid,seq23
2261,3,/mnt/Info/COGAR_DATASETs/OCID-dataset/YCB10/table/top/cuboid/seq23/rgb/result_2018-08-24-13-39-48.png,/mnt/Info/COGAR_DATASETs/OCID-dataset/YCB10/table/top/cuboid/seq23/label/result_2018-08-24-13-39-48.png,result_2018-08-24-13-39-48.png,YCB10/table/top/cuboid/seq23,YCB10,table,top,cuboid,seq23
2262,4,/mnt/Info/COGAR_DATASETs/OCID-dataset/YCB10/table/top/cuboid/seq23/rgb/result_2018-08-24-13-40-09.png,/mnt/Info/COGAR_DATASETs/OCID-dataset/YCB10/table/top/cuboid/seq23/label/result_2018-08-24-13-40-09.png,result_2018-08-24-13-40-09.png,YCB10/table/top/cuboid/seq23,YCB10,table,top,cuboid,seq23
2263,5,/mnt/Info/COGAR_DATASETs/OCID-dataset/YCB10/table/top/cuboid/seq23/rgb/result_2018-08-24-13-40-48.png,/mnt/Info/COGAR_DATASETs/OCID-dataset/YCB10/table/top/cuboid/seq23/label/result_2018-08-24-13-40-48.png,result_2018-08-24-13-40-48.png,YCB10/table/top/cuboid/seq23,YCB10,table,top,cuboid,seq23
2264,6,/mnt/Info/COGAR_DATASETs/OCID-dataset/YCB10/table/top/cuboid/seq23/rgb/result_2018-08-24-13-41-08.png,/mnt/Info/COGAR_DATASETs/OCID-dataset/YCB10/table/top/cuboid/seq23/label/result_2018-08-24-13-41-08.png,result_2018-08-24-13-41-08.png,YCB10/table/top/cuboid/seq23,YCB10,table,top,cuboid,seq23
2265,7,/mnt/Info/COGAR_DATASETs/OCID-dataset/YCB10/table/top/cuboid/seq23/rgb/result_2018-08-24-13-41-35.png,/mnt/Info/COGAR_DATASETs/OCID-dataset/YCB10/table/top/cuboid/seq23/label/result_2018-08-24-13-41-35.png,result_2018-08-24-13-41-35.png,YCB10/table/top/cuboid/seq23,YCB10,table,top,cuboid,seq23
2266,8,/mnt/Info/COGAR_DATASETs/OCID-dataset/YCB10/table/top/cuboid/seq23/rgb/result_2018-08-24-13-41-56.png,/mnt/Info/COGAR_DATASETs/OCID-dataset/YCB10/table/top/cuboid/seq23/label/result_2018-08-24-13-41-56.png,result_2018-08-24-13-41-56.png,YCB10/table/top/cuboid/seq23,YCB10,table,top,cuboid,seq23
2267,9,/mnt/Info/COGAR_DATASETs/OCID-dataset/YCB10/table/top/cuboid/seq23/rgb/result_2018-08-24-13-42-21.png,/mnt/Info/COGAR_DATASETs/OCID-dataset/YCB10/table/top/cuboid/seq23/label/result_2018-08-24-13-42-21.png,result_2018-08-24-13-42-21.png,YCB10/table/top/cuboid/seq23,YCB10,table,top,cuboid,seq23
2268,10,/mnt/Info/COGAR_DATASETs/OCID-dataset/YCB10/table/top/cuboid/seq23/rgb/result_2018-08-24-13-43-30.png,/mnt/Info/COGAR_DATASETs/OCID-dataset/YCB10/table/top/cuboid/seq23/label/result_2018-08-24-13-43-30.png,result_2018-08-24-13-43-30.png,YCB10/table/top/cuboid/seq23,YCB10,table,top,cuboid,seq23
2269,0,/mnt/Info/COGAR_DATASETs/OCID-dataset/YCB10/table/top/cuboid/seq24/rgb/result_2018-08-24-13-47-28.png,/mnt/Info/COGAR_DATASETs/OCID-dataset/YCB10/table/top/cuboid/seq24/label/result_2018-08-24-13-47-28.png,result_2018-08-24-13-47-28.png,YCB10/table/top/cuboid/seq24,YCB10,table,top,cuboid,seq24
2270,1,/mnt/Info/COGAR_DATASETs/OCID-dataset/YCB10/table/top/cuboid/seq24/rgb/result_2018-08-24-13-47-49.png,/mnt/Info/COGAR_DATASETs/OCID-dataset/YCB10/table/top/cuboid/seq24/label/result_2018-08-24-13-47-49.png,result_2018-08-24-13-47-49.png,YCB10/table/top/cuboid/seq24,YCB10,table,top,cuboid,seq24
2271,2,/mnt/Info/COGAR_DATASETs/OCID-dataset/YCB10/table/top/cuboid/seq24/rgb/result_2018-08-24-13-48-22.png,/mnt/Info/COGAR_DATASETs/OCID-dataset/YCB10/table/top/cuboid/seq24/label/result_2018-08-24-13-48-22.png,result_2018-08-24-13-48-22.png,YCB10/table/top/cuboid/seq24,YCB10,table,top,cuboid,seq24
2272,3,/mnt/Info/COGAR_DATASETs/OCID-dataset/YCB10/table/top/cuboid/seq24/rgb/result_2018-08-24-13-52-59.png,/mnt/Info/COGAR_DATASETs/OCID-dataset/YCB10/table/top/cuboid/seq24/label/result_2018-08-24-13-52-59.png,result_2018-08-24-13-52-59.png,YCB10/table/top/cuboid/seq24,YCB10,table,top,cuboid,seq24
2273,4,/mnt/Info/COGAR_DATASETs/OCID-dataset/YCB10/table/top/cuboid/seq24/rgb/result_2018-08-24-13-53-26.png,/mnt/Info/COGAR_DATASETs/OCID-dataset/YCB10/table/top/cuboid/seq24/label/result_2018-08-24-13-53-26.png,result_2018-08-24-13-53-26.png,YCB10/table/top/cuboid/seq24,YCB10,table,top,cuboid,seq24
2274,5,/mnt/Info/COGAR_DATASETs/OCID-dataset/YCB10/table/top/cuboid/seq24/rgb/result_2018-08-24-13-53-47.png,/mnt/Info/COGAR_DATASETs/OCID-dataset/YCB10/table/top/cuboid/seq24/label/result_2018-08-24-13-53-47.png,result_2018-08-24-13-53-47.png,YCB10/table/top/cuboid/seq24,YCB10,table,top,cuboid,seq24
2275,6,/mnt/Info/COGAR_DATASETs/OCID-dataset/YCB10/table/top/cuboid/seq24/rgb/result_2018-08-24-13-54-09.png,/mnt/Info/COGAR_DATASETs/OCID-dataset/YCB10/table/top/cuboid/seq24/label/result_2018-08-24-13-54-09.png,result_2018-08-24-13-54-09.png,YCB10/table/top/cuboid/seq24,YCB10,table,top,cuboid,seq24
2276,7,/mnt/Info/COGAR_DATASETs/OCID-dataset/YCB10/table/top/cuboid/seq24/rgb/result_2018-08-24-13-54-33.png,/mnt/Info/COGAR_DATASETs/OCID-dataset/YCB10/table/top/cuboid/seq24/label/result_2018-08-24-13-54-33.png,result_2018-08-24-13-54-33.png,YCB10/table/top/cuboid/seq24,YCB10,table,top,cuboid,seq24
2277,8,/mnt/Info/COGAR_DATASETs/OCID-dataset/YCB10/table/top/cuboid/seq24/rgb/result_2018-08-24-13-54-54.png,/mnt/Info/COGAR_DATASETs/OCID-dataset/YCB10/table/top/cuboid/seq24/label/result_2018-08-24-13-54-54.png,result_2018-08-24-13-54-54.png,YCB10/table/top/cuboid/seq24,YCB10,table,top,cuboid,seq24
2278,9,/mnt/Info/COGAR_DATASETs/OCID-dataset/YCB10/table/top/cuboid/seq24/rgb/result_2018-08-24-13-55-33.png,/mnt/Info/COGAR_DATASETs/OCID-dataset/YCB10/table/top/cuboid/seq24/label/result_2018-08-24-13-55-33.png,result_2018-08-24-13-55-33.png,YCB10/table/top/cuboid/seq24,YCB10,table,top,cuboid,seq24
2279,10,/mnt/Info/COGAR_DATASETs/OCID-dataset/YCB10/table/top/cuboid/seq24/rgb/result_2018-08-24-13-55-59.png,/mnt/Info/COGAR_DATASETs/OCID-dataset/YCB10/table/top/cuboid/seq24/label/result_2018-08-24-13-55-59.png,result_2018-08-24-13-55-59.png,YCB10/table/top/cuboid/seq24,YCB10,table,top,cuboid,seq24
2280,0,/mnt/Info/COGAR_DATASETs/OCID-dataset/YCB10/table/top/cuboid/seq33/rgb/result_2018-08-24-14-44-05.png,/mnt/Info/COGAR_DATASETs/OCID-dataset/YCB10/table/top/cuboid/seq33/label/result_2018-08-24-14-44-05.png,result_2018-08-24-14-44-05.png,YCB10/table/top/cuboid/seq33,YCB10,table,top,cuboid,seq33
2281,1,/mnt/Info/COGAR_DATASETs/OCID-dataset/YCB10/table/top/cuboid/seq33/rgb/result_2018-08-24-14-44-48.png,/mnt/Info/COGAR_DATASETs/OCID-dataset/YCB10/table/top/cuboid/seq33/label/result_2018-08-24-14-44-48.png,result_2018-08-24-14-44-48.png,YCB10/table/top/cuboid/seq33,YCB10,table,top,cuboid,seq33
2282,2,/mnt/Info/COGAR_DATASETs/OCID-dataset/YCB10/table/top/cuboid/seq33/rgb/result_2018-08-24-14-45-14.png,/mnt/Info/COGAR_DATASETs/OCID-dataset/YCB10/table/top/cuboid/seq33/label/result_2018-08-24-14-45-14.png,result_2018-08-24-14-45-14.png,YCB10/table/top/cuboid/seq33,YCB10,table,top,cuboid,seq33
2283,3,/mnt/Info/COGAR_DATASETs/OCID-dataset/YCB10/table/top/cuboid/seq33/rgb/result_2018-08-24-14-46-09.png,/mnt/Info/COGAR_DATASETs/OCID-dataset/YCB10/table/top/cuboid/seq33/label/result_2018-08-24-14-46-09.png,result_2018-08-24-14-46-09.png,YCB10/table/top/cuboid/seq33,YCB10,table,top,cuboid,seq33
2284,4,/mnt/Info/COGAR_DATASETs/OCID-dataset/YCB10/table/top/cuboid/seq33/rgb/result_2018-08-24-14-46-43.png,/mnt/Info/COGAR_DATASETs/OCID-dataset/YCB10/table/top/cuboid/seq33/label/result_2018-08-24-14-46-43.png,result_2018-08-24-14-46-43.png,YCB10/table/top/cuboid/seq33,YCB10,table,top,cuboid,seq33
2285,5,/mnt/Info/COGAR_DATASETs/OCID-dataset/YCB10/table/top/cuboid/seq33/rgb/result_2018-08-24-14-47-14.png,/mnt/Info/COGAR_DATASETs/OCID-dataset/YCB10/table/top/cuboid/seq33/label/result_2018-08-24-14-47-14.png,result_2018-08-24-14-47-14.png,YCB10/table/top/cuboid/seq33,YCB10,table,top,cuboid,seq33
2286,6,/mnt/Info/COGAR_DATASETs/OCID-dataset/YCB10/table/top/cuboid/seq33/rgb/result_2018-08-24-14-47-48.png,/mnt/Info/COGAR_DATASETs/OCID-dataset/YCB10/table/top/cuboid/seq33/label/result_2018-08-24-14-47-48.png,result_2018-08-24-14-47-48.png,YCB10/table/top/cuboid/seq33,YCB10,table,top,cuboid,seq33
2287,7,/mnt/Info/COGAR_DATASETs/OCID-dataset/YCB10/table/top/cuboid/seq33/rgb/result_2018-08-24-14-48-35.png,/mnt/Info/COGAR_DATASETs/OCID-dataset/YCB10/table/top/cuboid/seq33/label/result_2018-08-24-14-48-35.png,result_2018-08-24-14-48-35.png,YCB10/table/top/cuboid/seq33,YCB10,table,top,cuboid,seq33
2288,8,/mnt/Info/COGAR_DATASETs/OCID-dataset/YCB10/table/top/cuboid/seq33/rgb/result_2018-08-24-14-49-00.png,/mnt/Info/COGAR_DATASETs/OCID-dataset/YCB10/table/top/cuboid/seq33/label/result_2018-08-24-14-49-00.png,result_2018-08-24-14-49-00.png,YCB10/table/top/cuboid/seq33,YCB10,table,top,cuboid,seq33
2289,9,/mnt/Info/COGAR_DATASETs/OCID-dataset/YCB10/table/top/cuboid/seq33/rgb/result_2018-08-24-14-49-42.png,/mnt/Info/COGAR_DATASETs/OCID-dataset/YCB10/table/top/cuboid/seq33/label/result_2018-08-24-14-49-42.png,result_2018-08-24-14-49-42.png,YCB10/table/top/cuboid/seq33,YCB10,table,top,cuboid,seq33
2290,10,/mnt/Info/COGAR_DATASETs/OCID-dataset/YCB10/table/top/cuboid/seq33/rgb/result_2018-08-24-14-50-56.png,/mnt/Info/COGAR_DATASETs/OCID-dataset/YCB10/table/top/cuboid/seq33/label/result_2018-08-24-14-50-56.png,result_2018-08-24-14-50-56.png,YCB10/table/top/cuboid/seq33,YCB10,table,top,cuboid,seq33
2291,0,/mnt/Info/COGAR_DATASETs/OCID-dataset/YCB10/table/top/cuboid/seq34/rgb/result_2018-08-24-14-53-52.png,/mnt/Info/COGAR_DATASETs/OCID-dataset/YCB10/table/top/cuboid/seq34/label/result_2018-08-24-14-53-52.png,result_2018-08-24-14-53-52.png,YCB10/table/top/cuboid/seq34,YCB10,table,top,cuboid,seq34
2292,1,/mnt/Info/COGAR_DATASETs/OCID-dataset/YCB10/table/top/cuboid/seq34/rgb/result_2018-08-24-14-54-13.png,/mnt/Info/COGAR_DATASETs/OCID-dataset/YCB10/table/top/cuboid/seq34/label/result_2018-08-24-14-54-13.png,result_2018-08-24-14-54-13.png,YCB10/table/top/cuboid/seq34,YCB10,table,top,cuboid,seq34
2293,2,/mnt/Info/COGAR_DATASETs/OCID-dataset/YCB10/table/top/cuboid/seq34/rgb/result_2018-08-24-14-54-38.png,/mnt/Info/COGAR_DATASETs/OCID-dataset/YCB10/table/top/cuboid/seq34/label/result_2018-08-24-14-54-38.png,result_2018-08-24-14-54-38.png,YCB10/table/top/cuboid/seq34,YCB10,table,top,cuboid,seq34
2294,3,/mnt/Info/COGAR_DATASETs/OCID-dataset/YCB10/table/top/cuboid/seq34/rgb/result_2018-08-24-14-54-58.png,/mnt/Info/COGAR_DATASETs/OCID-dataset/YCB10/table/top/cuboid/seq34/label/result_2018-08-24-14-54-58.png,result_2018-08-24-14-54-58.png,YCB10/table/top/cuboid/seq34,YCB10,table,top,cuboid,seq34
2295,4,/mnt/Info/COGAR_DATASETs/OCID-dataset/YCB10/table/top/cuboid/seq34/rgb/result_2018-08-24-14-55-27.png,/mnt/Info/COGAR_DATASETs/OCID-dataset/YCB10/table/top/cuboid/seq34/label/result_2018-08-24-14-55-27.png,result_2018-08-24-14-55-27.png,YCB10/table/top/cuboid/seq34,YCB10,table,top,cuboid,seq34
2296,5,/mnt/Info/COGAR_DATASETs/OCID-dataset/YCB10/table/top/cuboid/seq34/rgb/result_2018-08-24-14-56-02.png,/mnt/Info/COGAR_DATASETs/OCID-dataset/YCB10/table/top/cuboid/seq34/label/result_2018-08-24-14-56-02.png,result_2018-08-24-14-56-02.png,YCB10/table/top/cuboid/seq34,YCB10,table,top,cuboid,seq34
2297,6,/mnt/Info/COGAR_DATASETs/OCID-dataset/YCB10/table/top/cuboid/seq34/rgb/result_2018-08-24-14-56-25.png,/mnt/Info/COGAR_DATASETs/OCID-dataset/YCB10/table/top/cuboid/seq34/label/result_2018-08-24-14-56-25.png,result_2018-08-24-14-56-25.png,YCB10/table/top/cuboid/seq34,YCB10,table,top,cuboid,seq34
2298,7,/mnt/Info/COGAR_DATASETs/OCID-dataset/YCB10/table/top/cuboid/seq34/rgb/result_2018-08-24-14-56-50.png,/mnt/Info/COGAR_DATASETs/OCID-dataset/YCB10/table/top/cuboid/seq34/label/result_2018-08-24-14-56-50.png,result_2018-08-24-14-56-50.png,YCB10/table/top/cuboid/seq34,YCB10,table,top,cuboid,seq34
2299,8,/mnt/Info/COGAR_DATASETs/OCID-dataset/YCB10/table/top/cuboid/seq34/rgb/result_2018-08-24-14-57-14.png,/mnt/Info/COGAR_DATASETs/OCID-dataset/YCB10/table/top/cuboid/seq34/label/result_2018-08-24-14-57-14.png,result_2018-08-24-14-57-14.png,YCB10/table/top/cuboid/seq34,YCB10,table,top,cuboid,seq34
2300,9,/mnt/Info/COGAR_DATASETs/OCID-dataset/YCB10/table/top/cuboid/seq34/rgb/result_2018-08-24-14-58-09.png,/mnt/Info/COGAR_DATASETs/OCID-dataset/YCB10/table/top/cuboid/seq34/label/result_2018-08-24-14-58-09.png,result_2018-08-24-14-58-09.png,YCB10/table/top/cuboid/seq34,YCB10,table,top,cuboid,seq34
2301,10,/mnt/Info/COGAR_DATASETs/OCID-dataset/YCB10/table/top/cuboid/seq34/rgb/result_2018-08-24-14-58-52.png,/mnt/Info/COGAR_DATASETs/OCID-dataset/YCB10/table/top/cuboid/seq34/label/result_2018-08-24-14-58-52.png,result_2018-08-24-14-58-52.png,YCB10/table/top/cuboid/seq34,YCB10,table,top,cuboid,seq34
2302,0,/mnt/Info/COGAR_DATASETs/OCID-dataset/YCB10/table/top/curved/seq25/rgb/result_2018-08-24-13-59-24.png,/mnt/Info/COGAR_DATASETs/OCID-dataset/YCB10/table/top/curved/seq25/label/result_2018-08-24-13-59-24.png,result_2018-08-24-13-59-24.png,YCB10/table/top/curved/seq25,YCB10,table,top,curved,seq25
2303,1,/mnt/Info/COGAR_DATASETs/OCID-dataset/YCB10/table/top/curved/seq25/rgb/result_2018-08-24-13-59-56.png,/mnt/Info/COGAR_DATASETs/OCID-dataset/YCB10/table/top/curved/seq25/label/result_2018-08-24-13-59-56.png,result_2018-08-24-13-59-56.png,YCB10/table/top/curved/seq25,YCB10,table,top,curved,seq25
2304,2,/mnt/Info/COGAR_DATASETs/OCID-dataset/YCB10/table/top/curved/seq25/rgb/result_2018-08-24-14-00-18.png,/mnt/Info/COGAR_DATASETs/OCID-dataset/YCB10/table/top/curved/seq25/label/result_2018-08-24-14-00-18.png,result_2018-08-24-14-00-18.png,YCB10/table/top/curved/seq25,YCB10,table,top,curved,seq25
2305,3,/mnt/Info/COGAR_DATASETs/OCID-dataset/YCB10/table/top/curved/seq25/rgb/result_2018-08-24-14-00-51.png,/mnt/Info/COGAR_DATASETs/OCID-dataset/YCB10/table/top/curved/seq25/label/result_2018-08-24-14-00-51.png,result_2018-08-24-14-00-51.png,YCB10/table/top/curved/seq25,YCB10,table,top,curved,seq25
2306,4,/mnt/Info/COGAR_DATASETs/OCID-dataset/YCB10/table/top/curved/seq25/rgb/result_2018-08-24-14-01-14.png,/mnt/Info/COGAR_DATASETs/OCID-dataset/YCB10/table/top/curved/seq25/label/result_2018-08-24-14-01-14.png,result_2018-08-24-14-01-14.png,YCB10/table/top/curved/seq25,YCB10,table,top,curved,seq25
2307,5,/mnt/Info/COGAR_DATASETs/OCID-dataset/YCB10/table/top/curved/seq25/rgb/result_2018-08-24-14-01-49.png,/mnt/Info/COGAR_DATASETs/OCID-dataset/YCB10/table/top/curved/seq25/label/result_2018-08-24-14-01-49.png,result_2018-08-24-14-01-49.png,YCB10/table/top/curved/seq25,YCB10,table,top,curved,seq25
2308,6,/mnt/Info/COGAR_DATASETs/OCID-dataset/YCB10/table/top/curved/seq25/rgb/result_2018-08-24-14-02-25.png,/mnt/Info/COGAR_DATASETs/OCID-dataset/YCB10/table/top/curved/seq25/label/result_2018-08-24-14-02-25.png,result_2018-08-24-14-02-25.png,YCB10/table/top/curved/seq25,YCB10,table,top,curved,seq25
2309,7,/mnt/Info/COGAR_DATASETs/OCID-dataset/YCB10/table/top/curved/seq25/rgb/result_2018-08-24-14-02-51.png,/mnt/Info/COGAR_DATASETs/OCID-dataset/YCB10/table/top/curved/seq25/label/result_2018-08-24-14-02-51.png,result_2018-08-24-14-02-51.png,YCB10/table/top/curved/seq25,YCB10,table,top,curved,seq25
2310,8,/mnt/Info/COGAR_DATASETs/OCID-dataset/YCB10/table/top/curved/seq25/rgb/result_2018-08-24-14-03-33.png,/mnt/Info/COGAR_DATASETs/OCID-dataset/YCB10/table/top/curved/seq25/label/result_2018-08-24-14-03-33.png,result_2018-08-24-14-03-33.png,YCB10/table/top/curved/seq25,YCB10,table,top,curved,seq25
2311,9,/mnt/Info/COGAR_DATASETs/OCID-dataset/YCB10/table/top/curved/seq25/rgb/result_2018-08-24-14-04-02.png,/mnt/Info/COGAR_DATASETs/OCID-dataset/YCB10/table/top/curved/seq25/label/result_2018-08-24-14-04-02.png,result_2018-08-24-14-04-02.png,YCB10/table/top/curved/seq25,YCB10,table,top,curved,seq25
2312,10,/mnt/Info/COGAR_DATASETs/OCID-dataset/YCB10/table/top/curved/seq25/rgb/result_2018-08-24-14-04-25.png,/mnt/Info/COGAR_DATASETs/OCID-dataset/YCB10/table/top/curved/seq25/label/result_2018-08-24-14-04-25.png,result_2018-08-24-14-04-25.png,YCB10/table/top/curved/seq25,YCB10,table,top,curved,seq25
2313,0,/mnt/Info/COGAR_DATASETs/OCID-dataset/YCB10/table/top/curved/seq26/rgb/result_2018-08-24-14-07-29.png,/mnt/Info/COGAR_DATASETs/OCID-dataset/YCB10/table/top/curved/seq26/label/result_2018-08-24-14-07-29.png,result_2018-08-24-14-07-29.png,YCB10/table/top/curved/seq26,YCB10,table,top,curved,seq26
2314,1,/mnt/Info/COGAR_DATASETs/OCID-dataset/YCB10/table/top/curved/seq26/rgb/result_2018-08-24-14-07-53.png,/mnt/Info/COGAR_DATASETs/OCID-dataset/YCB10/table/top/curved/seq26/label/result_2018-08-24-14-07-53.png,result_2018-08-24-14-07-53.png,YCB10/table/top/curved/seq26,YCB10,table,top,curved,seq26
2315,2,/mnt/Info/COGAR_DATASETs/OCID-dataset/YCB10/table/top/curved/seq26/rgb/result_2018-08-24-14-08-24.png,/mnt/Info/COGAR_DATASETs/OCID-dataset/YCB10/table/top/curved/seq26/label/result_2018-08-24-14-08-24.png,result_2018-08-24-14-08-24.png,YCB10/table/top/curved/seq26,YCB10,table,top,curved,seq26
2316,3,/mnt/Info/COGAR_DATASETs/OCID-dataset/YCB10/table/top/curved/seq26/rgb/result_2018-08-24-14-09-32.png,/mnt/Info/COGAR_DATASETs/OCID-dataset/YCB10/table/top/curved/seq26/label/result_2018-08-24-14-09-32.png,result_2018-08-24-14-09-32.png,YCB10/table/top/curved/seq26,YCB10,table,top,curved,seq26
2317,4,/mnt/Info/COGAR_DATASETs/OCID-dataset/YCB10/table/top/curved/seq26/rgb/result_2018-08-24-14-10-09.png,/mnt/Info/COGAR_DATASETs/OCID-dataset/YCB10/table/top/curved/seq26/label/result_2018-08-24-14-10-09.png,result_2018-08-24-14-10-09.png,YCB10/table/top/curved/seq26,YCB10,table,top,curved,seq26
2318,5,/mnt/Info/COGAR_DATASETs/OCID-dataset/YCB10/table/top/curved/seq26/rgb/result_2018-08-24-14-10-44.png,/mnt/Info/COGAR_DATASETs/OCID-dataset/YCB10/table/top/curved/seq26/label/result_2018-08-24-14-10-44.png,result_2018-08-24-14-10-44.png,YCB10/table/top/curved/seq26,YCB10,table,top,curved,seq26
2319,6,/mnt/Info/COGAR_DATASETs/OCID-dataset/YCB10/table/top/curved/seq26/rgb/result_2018-08-24-14-11-20.png,/mnt/Info/COGAR_DATASETs/OCID-dataset/YCB10/table/top/curved/seq26/label/result_2018-08-24-14-11-20.png,result_2018-08-24-14-11-20.png,YCB10/table/top/curved/seq26,YCB10,table,top,curved,seq26
2320,7,/mnt/Info/COGAR_DATASETs/OCID-dataset/YCB10/table/top/curved/seq26/rgb/result_2018-08-24-14-11-58.png,/mnt/Info/COGAR_DATASETs/OCID-dataset/YCB10/table/top/curved/seq26/label/result_2018-08-24-14-11-58.png,result_2018-08-24-14-11-58.png,YCB10/table/top/curved/seq26,YCB10,table,top,curved,seq26
2321,8,/mnt/Info/COGAR_DATASETs/OCID-dataset/YCB10/table/top/curved/seq26/rgb/result_2018-08-24-14-12-39.png,/mnt/Info/COGAR_DATASETs/OCID-dataset/YCB10/table/top/curved/seq26/label/result_2018-08-24-14-12-39.png,result_2018-08-24-14-12-39.png,YCB10/table/top/curved/seq26,YCB10,table,top,curved,seq26
2322,9,/mnt/Info/COGAR_DATASETs/OCID-dataset/YCB10/table/top/curved/seq26/rgb/result_2018-08-24-14-13-10.png,/mnt/Info/COGAR_DATASETs/OCID-dataset/YCB10/table/top/curved/seq26/label/result_2018-08-24-14-13-10.png,result_2018-08-24-14-13-10.png,YCB10/table/top/curved/seq26,YCB10,table,top,curved,seq26
2323,10,/mnt/Info/COGAR_DATASETs/OCID-dataset/YCB10/table/top/curved/seq26/rgb/result_2018-08-24-14-13-59.png,/mnt/Info/COGAR_DATASETs/OCID-dataset/YCB10/table/top/curved/seq26/label/result_2018-08-24-14-13-59.png,result_2018-08-24-14-13-59.png,YCB10/table/top/curved/seq26,YCB10,table,top,curved,seq26
2324,0,/mnt/Info/COGAR_DATASETs/OCID-dataset/YCB10/table/top/curved/seq35/rgb/result_2018-08-24-15-02-14.png,/mnt/Info/COGAR_DATASETs/OCID-dataset/YCB10/table/top/curved/seq35/label/result_2018-08-24-15-02-14.png,result_2018-08-24-15-02-14.png,YCB10/table/top/curved/seq35,YCB10,table,top,curved,seq35
2325,1,/mnt/Info/COGAR_DATASETs/OCID-dataset/YCB10/table/top/curved/seq35/rgb/result_2018-08-24-15-02-39.png,/mnt/Info/COGAR_DATASETs/OCID-dataset/YCB10/table/top/curved/seq35/label/result_2018-08-24-15-02-39.png,result_2018-08-24-15-02-39.png,YCB10/table/top/curved/seq35,YCB10,table,top,curved,seq35
2326,2,/mnt/Info/COGAR_DATASETs/OCID-dataset/YCB10/table/top/curved/seq35/rgb/result_2018-08-24-15-03-05.png,/mnt/Info/COGAR_DATASETs/OCID-dataset/YCB10/table/top/curved/seq35/label/result_2018-08-24-15-03-05.png,result_2018-08-24-15-03-05.png,YCB10/table/top/curved/seq35,YCB10,table,top,curved,seq35
2327,3,/mnt/Info/COGAR_DATASETs/OCID-dataset/YCB10/table/top/curved/seq35/rgb/result_2018-08-24-15-03-28.png,/mnt/Info/COGAR_DATASETs/OCID-dataset/YCB10/table/top/curved/seq35/label/result_2018-08-24-15-03-28.png,result_2018-08-24-15-03-28.png,YCB10/table/top/curved/seq35,YCB10,table,top,curved,seq35
2328,4,/mnt/Info/COGAR_DATASETs/OCID-dataset/YCB10/table/top/curved/seq35/rgb/result_2018-08-24-15-03-55.png,/mnt/Info/COGAR_DATASETs/OCID-dataset/YCB10/table/top/curved/seq35/label/result_2018-08-24-15-03-55.png,result_2018-08-24-15-03-55.png,YCB10/table/top/curved/seq35,YCB10,table,top,curved,seq35
2329,5,/mnt/Info/COGAR_DATASETs/OCID-dataset/YCB10/table/top/curved/seq35/rgb/result_2018-08-24-15-04-19.png,/mnt/Info/COGAR_DATASETs/OCID-dataset/YCB10/table/top/curved/seq35/label/result_2018-08-24-15-04-19.png,result_2018-08-24-15-04-19.png,YCB10/table/top/curved/seq35,YCB10,table,top,curved,seq35
2330,6,/mnt/Info/COGAR_DATASETs/OCID-dataset/YCB10/table/top/curved/seq35/rgb/result_2018-08-24-15-04-41.png,/mnt/Info/COGAR_DATASETs/OCID-dataset/YCB10/table/top/curved/seq35/label/result_2018-08-24-15-04-41.png,result_2018-08-24-15-04-41.png,YCB10/table/top/curved/seq35,YCB10,table,top,curved,seq35
2331,7,/mnt/Info/COGAR_DATASETs/OCID-dataset/YCB10/table/top/curved/seq35/rgb/result_2018-08-24-15-05-09.png,/mnt/Info/COGAR_DATASETs/OCID-dataset/YCB10/table/top/curved/seq35/label/result_2018-08-24-15-05-09.png,result_2018-08-24-15-05-09.png,YCB10/table/top/curved/seq35,YCB10,table,top,curved,seq35
2332,8,/mnt/Info/COGAR_DATASETs/OCID-dataset/YCB10/table/top/curved/seq35/rgb/result_2018-08-24-15-05-56.png,/mnt/Info/COGAR_DATASETs/OCID-dataset/YCB10/table/top/curved/seq35/label/result_2018-08-24-15-05-56.png,result_2018-08-24-15-05-56.png,YCB10/table/top/curved/seq35,YCB10,table,top,curved,seq35
2333,9,/mnt/Info/COGAR_DATASETs/OCID-dataset/YCB10/table/top/curved/seq35/rgb/result_2018-08-24-15-06-19.png,/mnt/Info/COGAR_DATASETs/OCID-dataset/YCB10/table/top/curved/seq35/label/result_2018-08-24-15-06-19.png,result_2018-08-24-15-06-19.png,YCB10/table/top/curved/seq35,YCB10,table,top,curved,seq35
2334,10,/mnt/Info/COGAR_DATASETs/OCID-dataset/YCB10/table/top/curved/seq35/rgb/result_2018-08-24-15-06-57.png,/mnt/Info/COGAR_DATASETs/OCID-dataset/YCB10/table/top/curved/seq35/label/result_2018-08-24-15-06-57.png,result_2018-08-24-15-06-57.png,YCB10/table/top/curved/seq35,YCB10,table,top,curved,seq35
2335,0,/mnt/Info/COGAR_DATASETs/OCID-dataset/YCB10/table/top/curved/seq36/rgb/result_2018-08-24-15-09-34.png,/mnt/Info/COGAR_DATASETs/OCID-dataset/YCB10/table/top/curved/seq36/label/result_2018-08-24-15-09-34.png,result_2018-08-24-15-09-34.png,YCB10/table/top/curved/seq36,YCB10,table,top,curved,seq36
2336,1,/mnt/Info/COGAR_DATASETs/OCID-dataset/YCB10/table/top/curved/seq36/rgb/result_2018-08-24-15-10-01.png,/mnt/Info/COGAR_DATASETs/OCID-dataset/YCB10/table/top/curved/seq36/label/result_2018-08-24-15-10-01.png,result_2018-08-24-15-10-01.png,YCB10/table/top/curved/seq36,YCB10,table,top,curved,seq36
2337,2,/mnt/Info/COGAR_DATASETs/OCID-dataset/YCB10/table/top/curved/seq36/rgb/result_2018-08-24-15-10-32.png,/mnt/Info/COGAR_DATASETs/OCID-dataset/YCB10/table/top/curved/seq36/label/result_2018-08-24-15-10-32.png,result_2018-08-24-15-10-32.png,YCB10/table/top/curved/seq36,YCB10,table,top,curved,seq36
2338,3,/mnt/Info/COGAR_DATASETs/OCID-dataset/YCB10/table/top/curved/seq36/rgb/result_2018-08-24-15-10-59.png,/mnt/Info/COGAR_DATASETs/OCID-dataset/YCB10/table/top/curved/seq36/label/result_2018-08-24-15-10-59.png,result_2018-08-24-15-10-59.png,YCB10/table/top/curved/seq36,YCB10,table,top,curved,seq36
2339,4,/mnt/Info/COGAR_DATASETs/OCID-dataset/YCB10/table/top/curved/seq36/rgb/result_2018-08-24-15-11-31.png,/mnt/Info/COGAR_DATASETs/OCID-dataset/YCB10/table/top/curved/seq36/label/result_2018-08-24-15-11-31.png,result_2018-08-24-15-11-31.png,YCB10/table/top/curved/seq36,YCB10,table,top,curved,seq36
2340,5,/mnt/Info/COGAR_DATASETs/OCID-dataset/YCB10/table/top/curved/seq36/rgb/result_2018-08-24-15-11-55.png,/mnt/Info/COGAR_DATASETs/OCID-dataset/YCB10/table/top/curved/seq36/label/result_2018-08-24-15-11-55.png,result_2018-08-24-15-11-55.png,YCB10/table/top/curved/seq36,YCB10,table,top,curved,seq36
2341,6,/mnt/Info/COGAR_DATASETs/OCID-dataset/YCB10/table/top/curved/seq36/rgb/result_2018-08-24-15-12-18.png,/mnt/Info/COGAR_DATASETs/OCID-dataset/YCB10/table/top/curved/seq36/label/result_2018-08-24-15-12-18.png,result_2018-08-24-15-12-18.png,YCB10/table/top/curved/seq36,YCB10,table,top,curved,seq36
2342,7,/mnt/Info/COGAR_DATASETs/OCID-dataset/YCB10/table/top/curved/seq36/rgb/result_2018-08-24-15-12-50.png,/mnt/Info/COGAR_DATASETs/OCID-dataset/YCB10/table/top/curved/seq36/label/result_2018-08-24-15-12-50.png,result_2018-08-24-15-12-50.png,YCB10/table/top/curved/seq36,YCB10,table,top,curved,seq36
2343,8,/mnt/Info/COGAR_DATASETs/OCID-dataset/YCB10/table/top/curved/seq36/rgb/result_2018-08-24-15-13-13.png,/mnt/Info/COGAR_DATASETs/OCID-dataset/YCB10/table/top/curved/seq36/label/result_2018-08-24-15-13-13.png,result_2018-08-24-15-13-13.png,YCB10/table/top/curved/seq36,YCB10,table,top,curved,seq36
2344,9,/mnt/Info/COGAR_DATASETs/OCID-dataset/YCB10/table/top/curved/seq36/rgb/result_2018-08-24-15-13-44.png,/mnt/Info/COGAR_DATASETs/OCID-dataset/YCB10/table/top/curved/seq36/label/result_2018-08-24-15-13-44.png,result_2018-08-24-15-13-44.png,YCB10/table/top/curved/seq36,YCB10,table,top,curved,seq36
2345,10,/mnt/Info/COGAR_DATASETs/OCID-dataset/YCB10/table/top/curved/seq36/rgb/result_2018-08-24-15-14-14.png,/mnt/Info/COGAR_DATASETs/OCID-dataset/YCB10/table/top/curved/seq36/label/result_2018-08-24-15-14-14.png,result_2018-08-24-15-14-14.png,YCB10/table/top/curved/seq36,YCB10,table,top,curved,seq36
2346,0,/mnt/Info/COGAR_DATASETs/OCID-dataset/YCB10/table/top/mixed/seq21/rgb/result_2018-08-24-13-11-33.png,/mnt/Info/COGAR_DATASETs/OCID-dataset/YCB10/table/top/mixed/seq21/label/result_2018-08-24-13-11-33.png,result_2018-08-24-13-11-33.png,YCB10/table/top/mixed/seq21,YCB10,table,top,mixed,seq21
2347,1,/mnt/Info/COGAR_DATASETs/OCID-dataset/YCB10/table/top/mixed/seq21/rgb/result_2018-08-24-13-13-32.png,/mnt/Info/COGAR_DATASETs/OCID-dataset/YCB10/table/top/mixed/seq21/label/result_2018-08-24-13-13-32.png,result_2018-08-24-13-13-32.png,YCB10/table/top/mixed/seq21,YCB10,table,top,mixed,seq21
2348,2,/mnt/Info/COGAR_DATASETs/OCID-dataset/YCB10/table/top/mixed/seq21/rgb/result_2018-08-24-13-13-53.png,/mnt/Info/COGAR_DATASETs/OCID-dataset/YCB10/table/top/mixed/seq21/label/result_2018-08-24-13-13-53.png,result_2018-08-24-13-13-53.png,YCB10/table/top/mixed/seq21,YCB10,table,top,mixed,seq21
2349,3,/mnt/Info/COGAR_DATASETs/OCID-dataset/YCB10/table/top/mixed/seq21/rgb/result_2018-08-24-13-14-16.png,/mnt/Info/COGAR_DATASETs/OCID-dataset/YCB10/table/top/mixed/seq21/label/result_2018-08-24-13-14-16.png,result_2018-08-24-13-14-16.png,YCB10/table/top/mixed/seq21,YCB10,table,top,mixed,seq21
2350,4,/mnt/Info/COGAR_DATASETs/OCID-dataset/YCB10/table/top/mixed/seq21/rgb/result_2018-08-24-13-14-40.png,/mnt/Info/COGAR_DATASETs/OCID-dataset/YCB10/table/top/mixed/seq21/label/result_2018-08-24-13-14-40.png,result_2018-08-24-13-14-40.png,YCB10/table/top/mixed/seq21,YCB10,table,top,mixed,seq21
2351,5,/mnt/Info/COGAR_DATASETs/OCID-dataset/YCB10/table/top/mixed/seq21/rgb/result_2018-08-24-13-15-03.png,/mnt/Info/COGAR_DATASETs/OCID-dataset/YCB10/table/top/mixed/seq21/label/result_2018-08-24-13-15-03.png,result_2018-08-24-13-15-03.png,YCB10/table/top/mixed/seq21,YCB10,table,top,mixed,seq21
2352,6,/mnt/Info/COGAR_DATASETs/OCID-dataset/YCB10/table/top/mixed/seq21/rgb/result_2018-08-24-13-15-42.png,/mnt/Info/COGAR_DATASETs/OCID-dataset/YCB10/table/top/mixed/seq21/label/result_2018-08-24-13-15-42.png,result_2018-08-24-13-15-42.png,YCB10/table/top/mixed/seq21,YCB10,table,top,mixed,seq21
2353,7,/mnt/Info/COGAR_DATASETs/OCID-dataset/YCB10/table/top/mixed/seq21/rgb/result_2018-08-24-13-16-33.png,/mnt/Info/COGAR_DATASETs/OCID-dataset/YCB10/table/top/mixed/seq21/label/result_2018-08-24-13-16-33.png,result_2018-08-24-13-16-33.png,YCB10/table/top/mixed/seq21,YCB10,table,top,mixed,seq21
2354,8,/mnt/Info/COGAR_DATASETs/OCID-dataset/YCB10/table/top/mixed/seq21/rgb/result_2018-08-24-13-16-51.png,/mnt/Info/COGAR_DATASETs/OCID-dataset/YCB10/table/top/mixed/seq21/label/result_2018-08-24-13-16-51.png,result_2018-08-24-13-16-51.png,YCB10/table/top/mixed/seq21,YCB10,table,top,mixed,seq21
2355,9,/mnt/Info/COGAR_DATASETs/OCID-dataset/YCB10/table/top/mixed/seq21/rgb/result_2018-08-24-13-17-53.png,/mnt/Info/COGAR_DATASETs/OCID-dataset/YCB10/table/top/mixed/seq21/label/result_2018-08-24-13-17-53.png,result_2018-08-24-13-17-53.png,YCB10/table/top/mixed/seq21,YCB10,table,top,mixed,seq21
2356,10,/mnt/Info/COGAR_DATASETs/OCID-dataset/YCB10/table/top/mixed/seq21/rgb/result_2018-08-24-13-18-17.png,/mnt/Info/COGAR_DATASETs/OCID-dataset/YCB10/table/top/mixed/seq21/label/result_2018-08-24-13-18-17.png,result_2018-08-24-13-18-17.png,YCB10/table/top/mixed/seq21,YCB10,table,top,mixed,seq21
2357,0,/mnt/Info/COGAR_DATASETs/OCID-dataset/YCB10/table/top/mixed/seq22/rgb/result_2018-08-24-13-22-52.png,/mnt/Info/COGAR_DATASETs/OCID-dataset/YCB10/table/top/mixed/seq22/label/result_2018-08-24-13-22-52.png,result_2018-08-24-13-22-52.png,YCB10/table/top/mixed/seq22,YCB10,table,top,mixed,seq22
2358,1,/mnt/Info/COGAR_DATASETs/OCID-dataset/YCB10/table/top/mixed/seq22/rgb/result_2018-08-24-13-24-11.png,/mnt/Info/COGAR_DATASETs/OCID-dataset/YCB10/table/top/mixed/seq22/label/result_2018-08-24-13-24-11.png,result_2018-08-24-13-24-11.png,YCB10/table/top/mixed/seq22,YCB10,table,top,mixed,seq22
2359,2,/mnt/Info/COGAR_DATASETs/OCID-dataset/YCB10/table/top/mixed/seq22/rgb/result_2018-08-24-13-24-40.png,/mnt/Info/COGAR_DATASETs/OCID-dataset/YCB10/table/top/mixed/seq22/label/result_2018-08-24-13-24-40.png,result_2018-08-24-13-24-40.png,YCB10/table/top/mixed/seq22,YCB10,table,top,mixed,seq22
2360,3,/mnt/Info/COGAR_DATASETs/OCID-dataset/YCB10/table/top/mixed/seq22/rgb/result_2018-08-24-13-25-03.png,/mnt/Info/COGAR_DATASETs/OCID-dataset/YCB10/table/top/mixed/seq22/label/result_2018-08-24-13-25-03.png,result_2018-08-24-13-25-03.png,YCB10/table/top/mixed/seq22,YCB10,table,top,mixed,seq22
2361,4,/mnt/Info/COGAR_DATASETs/OCID-dataset/YCB10/table/top/mixed/seq22/rgb/result_2018-08-24-13-25-24.png,/mnt/Info/COGAR_DATASETs/OCID-dataset/YCB10/table/top/mixed/seq22/label/result_2018-08-24-13-25-24.png,result_2018-08-24-13-25-24.png,YCB10/table/top/mixed/seq22,YCB10,table,top,mixed,seq22
2362,5,/mnt/Info/COGAR_DATASETs/OCID-dataset/YCB10/table/top/mixed/seq22/rgb/result_2018-08-24-13-25-45.png,/mnt/Info/COGAR_DATASETs/OCID-dataset/YCB10/table/top/mixed/seq22/label/result_2018-08-24-13-25-45.png,result_2018-08-24-13-25-45.png,YCB10/table/top/mixed/seq22,YCB10,table,top,mixed,seq22
2363,6,/mnt/Info/COGAR_DATASETs/OCID-dataset/YCB10/table/top/mixed/seq22/rgb/result_2018-08-24-13-26-10.png,/mnt/Info/COGAR_DATASETs/OCID-dataset/YCB10/table/top/mixed/seq22/label/result_2018-08-24-13-26-10.png,result_2018-08-24-13-26-10.png,YCB10/table/top/mixed/seq22,YCB10,table,top,mixed,seq22
2364,7,/mnt/Info/COGAR_DATASETs/OCID-dataset/YCB10/table/top/mixed/seq22/rgb/result_2018-08-24-13-26-33.png,/mnt/Info/COGAR_DATASETs/OCID-dataset/YCB10/table/top/mixed/seq22/label/result_2018-08-24-13-26-33.png,result_2018-08-24-13-26-33.png,YCB10/table/top/mixed/seq22,YCB10,table,top,mixed,seq22
2365,8,/mnt/Info/COGAR_DATASETs/OCID-dataset/YCB10/table/top/mixed/seq22/rgb/result_2018-08-24-13-26-57.png,/mnt/Info/COGAR_DATASETs/OCID-dataset/YCB10/table/top/mixed/seq22/label/result_2018-08-24-13-26-57.png,result_2018-08-24-13-26-57.png,YCB10/table/top/mixed/seq22,YCB10,table,top,mixed,seq22
2366,9,/mnt/Info/COGAR_DATASETs/OCID-dataset/YCB10/table/top/mixed/seq22/rgb/result_2018-08-24-13-27-21.png,/mnt/Info/COGAR_DATASETs/OCID-dataset/YCB10/table/top/mixed/seq22/label/result_2018-08-24-13-27-21.png,result_2018-08-24-13-27-21.png,YCB10/table/top/mixed/seq22,YCB10,table,top,mixed,seq22
2367,10,/mnt/Info/COGAR_DATASETs/OCID-dataset/YCB10/table/top/mixed/seq22/rgb/result_2018-08-24-13-27-41.png,/mnt/Info/COGAR_DATASETs/OCID-dataset/YCB10/table/top/mixed/seq22/label/result_2018-08-24-13-27-41.png,result_2018-08-24-13-27-41.png,YCB10/table/top/mixed/seq22,YCB10,table,top,mixed,seq22
2368,0,/mnt/Info/COGAR_DATASETs/OCID-dataset/YCB10/table/top/mixed/seq31/rgb/result_2018-08-24-14-23-47.png,/mnt/Info/COGAR_DATASETs/OCID-dataset/YCB10/table/top/mixed/seq31/label/result_2018-08-24-14-23-47.png,result_2018-08-24-14-23-47.png,YCB10/table/top/mixed/seq31,YCB10,table,top,mixed,seq31
2369,1,/mnt/Info/COGAR_DATASETs/OCID-dataset/YCB10/table/top/mixed/seq31/rgb/result_2018-08-24-14-25-43.png,/mnt/Info/COGAR_DATASETs/OCID-dataset/YCB10/table/top/mixed/seq31/label/result_2018-08-24-14-25-43.png,result_2018-08-24-14-25-43.png,YCB10/table/top/mixed/seq31,YCB10,table,top,mixed,seq31
2370,2,/mnt/Info/COGAR_DATASETs/OCID-dataset/YCB10/table/top/mixed/seq31/rgb/result_2018-08-24-14-26-21.png,/mnt/Info/COGAR_DATASETs/OCID-dataset/YCB10/table/top/mixed/seq31/label/result_2018-08-24-14-26-21.png,result_2018-08-24-14-26-21.png,YCB10/table/top/mixed/seq31,YCB10,table,top,mixed,seq31
2371,3,/mnt/Info/COGAR_DATASETs/OCID-dataset/YCB10/table/top/mixed/seq31/rgb/result_2018-08-24-14-26-56.png,/mnt/Info/COGAR_DATASETs/OCID-dataset/YCB10/table/top/mixed/seq31/label/result_2018-08-24-14-26-56.png,result_2018-08-24-14-26-56.png,YCB10/table/top/mixed/seq31,YCB10,table,top,mixed,seq31
2372,4,/mnt/Info/COGAR_DATASETs/OCID-dataset/YCB10/table/top/mixed/seq31/rgb/result_2018-08-24-14-27-35.png,/mnt/Info/COGAR_DATASETs/OCID-dataset/YCB10/table/top/mixed/seq31/label/result_2018-08-24-14-27-35.png,result_2018-08-24-14-27-35.png,YCB10/table/top/mixed/seq31,YCB10,table,top,mixed,seq31
2373,5,/mnt/Info/COGAR_DATASETs/OCID-dataset/YCB10/table/top/mixed/seq31/rgb/result_2018-08-24-14-28-26.png,/mnt/Info/COGAR_DATASETs/OCID-dataset/YCB10/table/top/mixed/seq31/label/result_2018-08-24-14-28-26.png,result_2018-08-24-14-28-26.png,YCB10/table/top/mixed/seq31,YCB10,table,top,mixed,seq31
2374,6,/mnt/Info/COGAR_DATASETs/OCID-dataset/YCB10/table/top/mixed/seq31/rgb/result_2018-08-24-14-29-38.png,/mnt/Info/COGAR_DATASETs/OCID-dataset/YCB10/table/top/mixed/seq31/label/result_2018-08-24-14-29-38.png,result_2018-08-24-14-29-38.png,YCB10/table/top/mixed/seq31,YCB10,table,top,mixed,seq31
2375,7,/mnt/Info/COGAR_DATASETs/OCID-dataset/YCB10/table/top/mixed/seq31/rgb/result_2018-08-24-14-30-20.png,/mnt/Info/COGAR_DATASETs/OCID-dataset/YCB10/table/top/mixed/seq31/label/result_2018-08-24-14-30-20.png,result_2018-08-24-14-30-20.png,YCB10/table/top/mixed/seq31,YCB10,table,top,mixed,seq31
2376,8,/mnt/Info/COGAR_DATASETs/OCID-dataset/YCB10/table/top/mixed/seq31/rgb/result_2018-08-24-14-30-50.png,/mnt/Info/COGAR_DATASETs/OCID-dataset/YCB10/table/top/mixed/seq31/label/result_2018-08-24-14-30-50.png,result_2018-08-24-14-30-50.png,YCB10/table/top/mixed/seq31,YCB10,table,top,mixed,seq31
2377,9,/mnt/Info/COGAR_DATASETs/OCID-dataset/YCB10/table/top/mixed/seq31/rgb/result_2018-08-24-14-31-34.png,/mnt/Info/COGAR_DATASETs/OCID-dataset/YCB10/table/top/mixed/seq31/label/result_2018-08-24-14-31-34.png,result_2018-08-24-14-31-34.png,YCB10/table/top/mixed/seq31,YCB10,table,top,mixed,seq31
2378,10,/mnt/Info/COGAR_DATASETs/OCID-dataset/YCB10/table/top/mixed/seq31/rgb/result_2018-08-24-14-32-08.png,/mnt/Info/COGAR_DATASETs/OCID-dataset/YCB10/table/top/mixed/seq31/label/result_2018-08-24-14-32-08.png,result_2018-08-24-14-32-08.png,YCB10/table/top/mixed/seq31,YCB10,table,top,mixed,seq31
2379,0,/mnt/Info/COGAR_DATASETs/OCID-dataset/YCB10/table/top/mixed/seq32/rgb/result_2018-08-24-14-35-56.png,/mnt/Info/COGAR_DATASETs/OCID-dataset/YCB10/table/top/mixed/seq32/label/result_2018-08-24-14-35-56.png,result_2018-08-24-14-35-56.png,YCB10/table/top/mixed/seq32,YCB10,table,top,mixed,seq32
2380,1,/mnt/Info/COGAR_DATASETs/OCID-dataset/YCB10/table/top/mixed/seq32/rgb/result_2018-08-24-14-36-51.png,/mnt/Info/COGAR_DATASETs/OCID-dataset/YCB10/table/top/mixed/seq32/label/result_2018-08-24-14-36-51.png,result_2018-08-24-14-36-51.png,YCB10/table/top/mixed/seq32,YCB10,table,top,mixed,seq32
2381,2,/mnt/Info/COGAR_DATASETs/OCID-dataset/YCB10/table/top/mixed/seq32/rgb/result_2018-08-24-14-37-17.png,/mnt/Info/COGAR_DATASETs/OCID-dataset/YCB10/table/top/mixed/seq32/label/result_2018-08-24-14-37-17.png,result_2018-08-24-14-37-17.png,YCB10/table/top/mixed/seq32,YCB10,table,top,mixed,seq32
2382,3,/mnt/Info/COGAR_DATASETs/OCID-dataset/YCB10/table/top/mixed/seq32/rgb/result_2018-08-24-14-37-40.png,/mnt/Info/COGAR_DATASETs/OCID-dataset/YCB10/table/top/mixed/seq32/label/result_2018-08-24-14-37-40.png,result_2018-08-24-14-37-40.png,YCB10/table/top/mixed/seq32,YCB10,table,top,mixed,seq32
2383,4,/mnt/Info/COGAR_DATASETs/OCID-dataset/YCB10/table/top/mixed/seq32/rgb/result_2018-08-24-14-38-06.png,/mnt/Info/COGAR_DATASETs/OCID-dataset/YCB10/table/top/mixed/seq32/label/result_2018-08-24-14-38-06.png,result_2018-08-24-14-38-06.png,YCB10/table/top/mixed/seq32,YCB10,table,top,mixed,seq32
2384,5,/mnt/Info/COGAR_DATASETs/OCID-dataset/YCB10/table/top/mixed/seq32/rgb/result_2018-08-24-14-38-43.png,/mnt/Info/COGAR_DATASETs/OCID-dataset/YCB10/table/top/mixed/seq32/label/result_2018-08-24-14-38-43.png,result_2018-08-24-14-38-43.png,YCB10/table/top/mixed/seq32,YCB10,table,top,mixed,seq32
2385,6,/mnt/Info/COGAR_DATASETs/OCID-dataset/YCB10/table/top/mixed/seq32/rgb/result_2018-08-24-14-39-08.png,/mnt/Info/COGAR_DATASETs/OCID-dataset/YCB10/table/top/mixed/seq32/label/result_2018-08-24-14-39-08.png,result_2018-08-24-14-39-08.png,YCB10/table/top/mixed/seq32,YCB10,table,top,mixed,seq32
2386,7,/mnt/Info/COGAR_DATASETs/OCID-dataset/YCB10/table/top/mixed/seq32/rgb/result_2018-08-24-14-39-33.png,/mnt/Info/COGAR_DATASETs/OCID-dataset/YCB10/table/top/mixed/seq32/label/result_2018-08-24-14-39-33.png,result_2018-08-24-14-39-33.png,YCB10/table/top/mixed/seq32,YCB10,table,top,mixed,seq32
2387,8,/mnt/Info/COGAR_DATASETs/OCID-dataset/YCB10/table/top/mixed/seq32/rgb/result_2018-08-24-14-40-23.png,/mnt/Info/COGAR_DATASETs/OCID-dataset/YCB10/table/top/mixed/seq32/label/result_2018-08-24-14-40-23.png,result_2018-08-24-14-40-23.png,YCB10/table/top/mixed/seq32,YCB10,table,top,mixed,seq32
2388,9,/mnt/Info/COGAR_DATASETs/OCID-dataset/YCB10/table/top/mixed/seq32/rgb/result_2018-08-24-14-40-50.png,/mnt/Info/COGAR_DATASETs/OCID-dataset/YCB10/table/top/mixed/seq32/label/result_2018-08-24-14-40-50.png,result_2018-08-24-14-40-50.png,YCB10/table/top/mixed/seq32,YCB10,table,top,mixed,seq32
2389,10,/mnt/Info/COGAR_DATASETs/OCID-dataset/YCB10/table/top/mixed/seq32/rgb/result_2018-08-24-14-41-08.png,/mnt/Info/COGAR_DATASETs/OCID-dataset/YCB10/table/top/mixed/seq32/label/result_2018-08-24-14-41-08.png,result_2018-08-24-14-41-08.png,YCB10/table/top/mixed/seq32,YCB10,table,top,mixed,seq32
