nohup: ignoring input
[PLAN] datasets=['isaac_official_unitree_g1', 'blenderproc_cogar_sim', 'ocid'] models=['sam_vit_h', 'sam_vit_b', 'sam2_hiera_large', 'fastsam_x', 'yolo8_seg', 'mask_rcnn', 'deeplabv3plus'] prompt_modes=['point', 'box', 'automatic'] devices=['cuda', 'cpu']
[START] isaac_official_unitree_g1/sam_vit_h/point/cuda: loading 51 images
[LOAD] isaac_official_unitree_g1/sam_vit_h/point/cuda: building model
/home/ubuntu/COGAR_Foundation-Model-Segmentation-for-Robotic-Scenes/.venv/lib/python3.12/site-packages/segment_anything/build_sam.py:105: FutureWarning: You are using `torch.load` with `weights_only=False` (the current default value), which uses the default pickle module implicitly. It is possible to construct malicious pickle data which will execute arbitrary code during unpickling (See https://github.com/pytorch/pytorch/blob/main/SECURITY.md#untrusted-models for more details). In a future release, the default value for `weights_only` will be flipped to `True`. This limits the functions that could be executed during unpickling. Arbitrary objects will no longer be allowed to be loaded via this mode unless they are explicitly allowlisted by the user via `torch.serialization.add_safe_globals`. We recommend you start setting `weights_only=True` for any use case where you don't have full control of the loaded file. Please open an issue on GitHub for any issues related to this experimental feature.
  state_dict = torch.load(f)
[WARMUP] isaac_official_unitree_g1/sam_vit_h/point/cuda: 1 images
[TIMING] isaac_official_unitree_g1/sam_vit_h/point/cuda: 50 images
[PROGRESS] isaac_official_unitree_g1/sam_vit_h/point/cuda: 1/50 images, last=1698.1ms, elapsed=1.7s
[PROGRESS] isaac_official_unitree_g1/sam_vit_h/point/cuda: 5/50 images, last=1717.6ms, elapsed=8.5s
[PROGRESS] isaac_official_unitree_g1/sam_vit_h/point/cuda: 10/50 images, last=1730.2ms, elapsed=17.1s
[PROGRESS] isaac_official_unitree_g1/sam_vit_h/point/cuda: 15/50 images, last=1718.3ms, elapsed=25.8s
[PROGRESS] isaac_official_unitree_g1/sam_vit_h/point/cuda: 20/50 images, last=1718.1ms, elapsed=34.4s
[PROGRESS] isaac_official_unitree_g1/sam_vit_h/point/cuda: 25/50 images, last=1729.9ms, elapsed=43.0s
[PROGRESS] isaac_official_unitree_g1/sam_vit_h/point/cuda: 30/50 images, last=1736.8ms, elapsed=51.7s
[PROGRESS] isaac_official_unitree_g1/sam_vit_h/point/cuda: 35/50 images, last=1746.6ms, elapsed=60.4s
[PROGRESS] isaac_official_unitree_g1/sam_vit_h/point/cuda: 40/50 images, last=1743.6ms, elapsed=69.1s
[PROGRESS] isaac_official_unitree_g1/sam_vit_h/point/cuda: 45/50 images, last=1750.8ms, elapsed=77.9s
[PROGRESS] isaac_official_unitree_g1/sam_vit_h/point/cuda: 50/50 images, last=1756.9ms, elapsed=86.6s
[DONE] isaac_official_unitree_g1/sam_vit_h/point/cuda: fps=0.577 mean=1732.9ms output=outputs/task7_inference_speed/cuda/isaac_official_unitree_g1/sam_vit_h/point_speed.json
[START] isaac_official_unitree_g1/sam_vit_h/box/cuda: loading 51 images
[LOAD] isaac_official_unitree_g1/sam_vit_h/box/cuda: building model
/home/ubuntu/COGAR_Foundation-Model-Segmentation-for-Robotic-Scenes/.venv/lib/python3.12/site-packages/segment_anything/build_sam.py:105: FutureWarning: You are using `torch.load` with `weights_only=False` (the current default value), which uses the default pickle module implicitly. It is possible to construct malicious pickle data which will execute arbitrary code during unpickling (See https://github.com/pytorch/pytorch/blob/main/SECURITY.md#untrusted-models for more details). In a future release, the default value for `weights_only` will be flipped to `True`. This limits the functions that could be executed during unpickling. Arbitrary objects will no longer be allowed to be loaded via this mode unless they are explicitly allowlisted by the user via `torch.serialization.add_safe_globals`. We recommend you start setting `weights_only=True` for any use case where you don't have full control of the loaded file. Please open an issue on GitHub for any issues related to this experimental feature.
  state_dict = torch.load(f)
[WARMUP] isaac_official_unitree_g1/sam_vit_h/box/cuda: 1 images
[TIMING] isaac_official_unitree_g1/sam_vit_h/box/cuda: 50 images
[PROGRESS] isaac_official_unitree_g1/sam_vit_h/box/cuda: 1/50 images, last=1728.7ms, elapsed=1.7s
[PROGRESS] isaac_official_unitree_g1/sam_vit_h/box/cuda: 5/50 images, last=1739.4ms, elapsed=8.7s
[PROGRESS] isaac_official_unitree_g1/sam_vit_h/box/cuda: 10/50 images, last=1743.7ms, elapsed=17.4s
[PROGRESS] isaac_official_unitree_g1/sam_vit_h/box/cuda: 15/50 images, last=1750.9ms, elapsed=26.1s
[PROGRESS] isaac_official_unitree_g1/sam_vit_h/box/cuda: 20/50 images, last=1755.6ms, elapsed=34.9s
[PROGRESS] isaac_official_unitree_g1/sam_vit_h/box/cuda: 25/50 images, last=1756.6ms, elapsed=43.7s
[PROGRESS] isaac_official_unitree_g1/sam_vit_h/box/cuda: 30/50 images, last=1727.2ms, elapsed=52.4s
[PROGRESS] isaac_official_unitree_g1/sam_vit_h/box/cuda: 35/50 images, last=1730.0ms, elapsed=61.1s
[PROGRESS] isaac_official_unitree_g1/sam_vit_h/box/cuda: 40/50 images, last=1732.0ms, elapsed=69.7s
[PROGRESS] isaac_official_unitree_g1/sam_vit_h/box/cuda: 45/50 images, last=1731.6ms, elapsed=78.4s
[PROGRESS] isaac_official_unitree_g1/sam_vit_h/box/cuda: 50/50 images, last=1724.7ms, elapsed=87.0s
[DONE] isaac_official_unitree_g1/sam_vit_h/box/cuda: fps=0.574 mean=1740.7ms output=outputs/task7_inference_speed/cuda/isaac_official_unitree_g1/sam_vit_h/box_speed.json
[START] isaac_official_unitree_g1/sam_vit_h/automatic/cuda: loading 21 images
[LOAD] isaac_official_unitree_g1/sam_vit_h/automatic/cuda: building model
[WARMUP] isaac_official_unitree_g1/sam_vit_h/automatic/cuda: 1 images
[TIMING] isaac_official_unitree_g1/sam_vit_h/automatic/cuda: 20 images
[PROGRESS] isaac_official_unitree_g1/sam_vit_h/automatic/cuda: 1/20 images, last=8509.9ms, elapsed=8.5s
[PROGRESS] isaac_official_unitree_g1/sam_vit_h/automatic/cuda: 5/20 images, last=8885.3ms, elapsed=43.5s
[PROGRESS] isaac_official_unitree_g1/sam_vit_h/automatic/cuda: 10/20 images, last=8625.9ms, elapsed=86.7s
[PROGRESS] isaac_official_unitree_g1/sam_vit_h/automatic/cuda: 15/20 images, last=8947.7ms, elapsed=129.7s
[PROGRESS] isaac_official_unitree_g1/sam_vit_h/automatic/cuda: 20/20 images, last=8460.2ms, elapsed=174.0s
[DONE] isaac_official_unitree_g1/sam_vit_h/automatic/cuda: fps=0.115 mean=8698.9ms output=outputs/task7_inference_speed/cuda/isaac_official_unitree_g1/sam_vit_h/automatic_speed.json
[START] isaac_official_unitree_g1/sam_vit_b/point/cuda: loading 51 images
[LOAD] isaac_official_unitree_g1/sam_vit_b/point/cuda: building model
[WARMUP] isaac_official_unitree_g1/sam_vit_b/point/cuda: 1 images
[TIMING] isaac_official_unitree_g1/sam_vit_b/point/cuda: 50 images
[PROGRESS] isaac_official_unitree_g1/sam_vit_b/point/cuda: 1/50 images, last=367.6ms, elapsed=0.4s
[PROGRESS] isaac_official_unitree_g1/sam_vit_b/point/cuda: 5/50 images, last=369.9ms, elapsed=1.8s
[PROGRESS] isaac_official_unitree_g1/sam_vit_b/point/cuda: 10/50 images, last=370.3ms, elapsed=3.7s
[PROGRESS] isaac_official_unitree_g1/sam_vit_b/point/cuda: 15/50 images, last=371.9ms, elapsed=5.5s
[PROGRESS] isaac_official_unitree_g1/sam_vit_b/point/cuda: 20/50 images, last=369.2ms, elapsed=7.4s
[PROGRESS] isaac_official_unitree_g1/sam_vit_b/point/cuda: 25/50 images, last=368.0ms, elapsed=9.2s
[PROGRESS] isaac_official_unitree_g1/sam_vit_b/point/cuda: 30/50 images, last=369.8ms, elapsed=11.1s
[PROGRESS] isaac_official_unitree_g1/sam_vit_b/point/cuda: 35/50 images, last=370.5ms, elapsed=12.9s
[PROGRESS] isaac_official_unitree_g1/sam_vit_b/point/cuda: 40/50 images, last=369.2ms, elapsed=14.8s
[PROGRESS] isaac_official_unitree_g1/sam_vit_b/point/cuda: 45/50 images, last=371.3ms, elapsed=16.6s
[PROGRESS] isaac_official_unitree_g1/sam_vit_b/point/cuda: 50/50 images, last=368.7ms, elapsed=18.5s
[DONE] isaac_official_unitree_g1/sam_vit_b/point/cuda: fps=2.707 mean=369.4ms output=outputs/task7_inference_speed/cuda/isaac_official_unitree_g1/sam_vit_b/point_speed.json
[START] isaac_official_unitree_g1/sam_vit_b/box/cuda: loading 51 images
[LOAD] isaac_official_unitree_g1/sam_vit_b/box/cuda: building model
[WARMUP] isaac_official_unitree_g1/sam_vit_b/box/cuda: 1 images
[TIMING] isaac_official_unitree_g1/sam_vit_b/box/cuda: 50 images
[PROGRESS] isaac_official_unitree_g1/sam_vit_b/box/cuda: 1/50 images, last=368.0ms, elapsed=0.4s
[PROGRESS] isaac_official_unitree_g1/sam_vit_b/box/cuda: 5/50 images, last=366.8ms, elapsed=1.8s
[PROGRESS] isaac_official_unitree_g1/sam_vit_b/box/cuda: 10/50 images, last=366.5ms, elapsed=3.7s
[PROGRESS] isaac_official_unitree_g1/sam_vit_b/box/cuda: 15/50 images, last=367.2ms, elapsed=5.5s
[PROGRESS] isaac_official_unitree_g1/sam_vit_b/box/cuda: 20/50 images, last=370.1ms, elapsed=7.4s
[PROGRESS] isaac_official_unitree_g1/sam_vit_b/box/cuda: 25/50 images, last=370.2ms, elapsed=9.2s
[PROGRESS] isaac_official_unitree_g1/sam_vit_b/box/cuda: 30/50 images, last=369.5ms, elapsed=11.1s
[PROGRESS] isaac_official_unitree_g1/sam_vit_b/box/cuda: 35/50 images, last=370.3ms, elapsed=12.9s
[PROGRESS] isaac_official_unitree_g1/sam_vit_b/box/cuda: 40/50 images, last=368.3ms, elapsed=14.8s
[PROGRESS] isaac_official_unitree_g1/sam_vit_b/box/cuda: 45/50 images, last=367.9ms, elapsed=16.6s
[PROGRESS] isaac_official_unitree_g1/sam_vit_b/box/cuda: 50/50 images, last=369.4ms, elapsed=18.5s
[DONE] isaac_official_unitree_g1/sam_vit_b/box/cuda: fps=2.709 mean=369.2ms output=outputs/task7_inference_speed/cuda/isaac_official_unitree_g1/sam_vit_b/box_speed.json
[START] isaac_official_unitree_g1/sam_vit_b/automatic/cuda: loading 21 images
[LOAD] isaac_official_unitree_g1/sam_vit_b/automatic/cuda: building model
[WARMUP] isaac_official_unitree_g1/sam_vit_b/automatic/cuda: 1 images
[TIMING] isaac_official_unitree_g1/sam_vit_b/automatic/cuda: 20 images
[PROGRESS] isaac_official_unitree_g1/sam_vit_b/automatic/cuda: 1/20 images, last=4827.5ms, elapsed=4.8s
[PROGRESS] isaac_official_unitree_g1/sam_vit_b/automatic/cuda: 5/20 images, last=4915.4ms, elapsed=24.9s
[PROGRESS] isaac_official_unitree_g1/sam_vit_b/automatic/cuda: 10/20 images, last=4862.8ms, elapsed=49.7s
[PROGRESS] isaac_official_unitree_g1/sam_vit_b/automatic/cuda: 15/20 images, last=4949.7ms, elapsed=75.1s
[PROGRESS] isaac_official_unitree_g1/sam_vit_b/automatic/cuda: 20/20 images, last=4812.1ms, elapsed=99.5s
[DONE] isaac_official_unitree_g1/sam_vit_b/automatic/cuda: fps=0.201 mean=4976.6ms output=outputs/task7_inference_speed/cuda/isaac_official_unitree_g1/sam_vit_b/automatic_speed.json
[START] isaac_official_unitree_g1/sam2_hiera_large/point/cuda: loading 51 images
[LOAD] isaac_official_unitree_g1/sam2_hiera_large/point/cuda: building model
[WARMUP] isaac_official_unitree_g1/sam2_hiera_large/point/cuda: 1 images
/home/ubuntu/COGAR_Foundation-Model-Segmentation-for-Robotic-Scenes/.venv/lib/python3.12/site-packages/torchvision/transforms/functional.py:154: UserWarning: The given NumPy array is not writable, and PyTorch does not support non-writable tensors. This means writing to this tensor will result in undefined behavior. You may want to copy the array to protect its data or make it writable before converting it to a tensor. This type of warning will be suppressed for the rest of this program. (Triggered internally at ../torch/csrc/utils/tensor_numpy.cpp:206.)
  img = torch.from_numpy(pic.transpose((2, 0, 1))).contiguous()
[TIMING] isaac_official_unitree_g1/sam2_hiera_large/point/cuda: 50 images
[PROGRESS] isaac_official_unitree_g1/sam2_hiera_large/point/cuda: 1/50 images, last=606.3ms, elapsed=0.6s
[PROGRESS] isaac_official_unitree_g1/sam2_hiera_large/point/cuda: 5/50 images, last=594.5ms, elapsed=3.0s
[PROGRESS] isaac_official_unitree_g1/sam2_hiera_large/point/cuda: 10/50 images, last=596.5ms, elapsed=6.0s
[PROGRESS] isaac_official_unitree_g1/sam2_hiera_large/point/cuda: 15/50 images, last=597.0ms, elapsed=9.0s
[PROGRESS] isaac_official_unitree_g1/sam2_hiera_large/point/cuda: 20/50 images, last=600.1ms, elapsed=11.9s
[PROGRESS] isaac_official_unitree_g1/sam2_hiera_large/point/cuda: 25/50 images, last=601.1ms, elapsed=14.9s
[PROGRESS] isaac_official_unitree_g1/sam2_hiera_large/point/cuda: 30/50 images, last=603.0ms, elapsed=17.9s
[PROGRESS] isaac_official_unitree_g1/sam2_hiera_large/point/cuda: 35/50 images, last=595.8ms, elapsed=20.9s
[PROGRESS] isaac_official_unitree_g1/sam2_hiera_large/point/cuda: 40/50 images, last=604.0ms, elapsed=23.9s
[PROGRESS] isaac_official_unitree_g1/sam2_hiera_large/point/cuda: 45/50 images, last=594.9ms, elapsed=26.9s
[PROGRESS] isaac_official_unitree_g1/sam2_hiera_large/point/cuda: 50/50 images, last=594.7ms, elapsed=29.9s
[DONE] isaac_official_unitree_g1/sam2_hiera_large/point/cuda: fps=1.672 mean=598.2ms output=outputs/task7_inference_speed/cuda/isaac_official_unitree_g1/sam2_hiera_large/point_speed.json
[START] isaac_official_unitree_g1/sam2_hiera_large/box/cuda: loading 51 images
[LOAD] isaac_official_unitree_g1/sam2_hiera_large/box/cuda: building model
[WARMUP] isaac_official_unitree_g1/sam2_hiera_large/box/cuda: 1 images
[TIMING] isaac_official_unitree_g1/sam2_hiera_large/box/cuda: 50 images
[PROGRESS] isaac_official_unitree_g1/sam2_hiera_large/box/cuda: 1/50 images, last=592.1ms, elapsed=0.6s
[PROGRESS] isaac_official_unitree_g1/sam2_hiera_large/box/cuda: 5/50 images, last=593.0ms, elapsed=3.0s
[PROGRESS] isaac_official_unitree_g1/sam2_hiera_large/box/cuda: 10/50 images, last=597.5ms, elapsed=5.9s
[PROGRESS] isaac_official_unitree_g1/sam2_hiera_large/box/cuda: 15/50 images, last=593.2ms, elapsed=8.9s
[PROGRESS] isaac_official_unitree_g1/sam2_hiera_large/box/cuda: 20/50 images, last=595.4ms, elapsed=11.9s
[PROGRESS] isaac_official_unitree_g1/sam2_hiera_large/box/cuda: 25/50 images, last=596.4ms, elapsed=14.9s
[PROGRESS] isaac_official_unitree_g1/sam2_hiera_large/box/cuda: 30/50 images, last=594.1ms, elapsed=17.9s
[PROGRESS] isaac_official_unitree_g1/sam2_hiera_large/box/cuda: 35/50 images, last=595.8ms, elapsed=20.8s
[PROGRESS] isaac_official_unitree_g1/sam2_hiera_large/box/cuda: 40/50 images, last=596.8ms, elapsed=23.8s
[PROGRESS] isaac_official_unitree_g1/sam2_hiera_large/box/cuda: 45/50 images, last=595.9ms, elapsed=26.8s
[PROGRESS] isaac_official_unitree_g1/sam2_hiera_large/box/cuda: 50/50 images, last=599.0ms, elapsed=29.8s
[DONE] isaac_official_unitree_g1/sam2_hiera_large/box/cuda: fps=1.679 mean=595.7ms output=outputs/task7_inference_speed/cuda/isaac_official_unitree_g1/sam2_hiera_large/box_speed.json
[START] isaac_official_unitree_g1/sam2_hiera_large/automatic/cuda: loading 21 images
[LOAD] isaac_official_unitree_g1/sam2_hiera_large/automatic/cuda: building model
[WARMUP] isaac_official_unitree_g1/sam2_hiera_large/automatic/cuda: 1 images
[TIMING] isaac_official_unitree_g1/sam2_hiera_large/automatic/cuda: 20 images
[PROGRESS] isaac_official_unitree_g1/sam2_hiera_large/automatic/cuda: 1/20 images, last=5339.3ms, elapsed=5.3s
[PROGRESS] isaac_official_unitree_g1/sam2_hiera_large/automatic/cuda: 5/20 images, last=5451.4ms, elapsed=26.9s
[PROGRESS] isaac_official_unitree_g1/sam2_hiera_large/automatic/cuda: 10/20 images, last=5517.8ms, elapsed=54.1s
[PROGRESS] isaac_official_unitree_g1/sam2_hiera_large/automatic/cuda: 15/20 images, last=5428.2ms, elapsed=81.3s
[PROGRESS] isaac_official_unitree_g1/sam2_hiera_large/automatic/cuda: 20/20 images, last=5387.0ms, elapsed=108.2s
[DONE] isaac_official_unitree_g1/sam2_hiera_large/automatic/cuda: fps=0.185 mean=5408.0ms output=outputs/task7_inference_speed/cuda/isaac_official_unitree_g1/sam2_hiera_large/automatic_speed.json
[START] isaac_official_unitree_g1/fastsam_x/point/cuda: loading 51 images
[LOAD] isaac_official_unitree_g1/fastsam_x/point/cuda: building model
/home/ubuntu/COGAR_Foundation-Model-Segmentation-for-Robotic-Scenes/external/FastSAM/ultralytics/nn/tasks.py:518: FutureWarning: You are using `torch.load` with `weights_only=False` (the current default value), which uses the default pickle module implicitly. It is possible to construct malicious pickle data which will execute arbitrary code during unpickling (See https://github.com/pytorch/pytorch/blob/main/SECURITY.md#untrusted-models for more details). In a future release, the default value for `weights_only` will be flipped to `True`. This limits the functions that could be executed during unpickling. Arbitrary objects will no longer be allowed to be loaded via this mode unless they are explicitly allowlisted by the user via `torch.serialization.add_safe_globals`. We recommend you start setting `weights_only=True` for any use case where you don't have full control of the loaded file. Please open an issue on GitHub for any issues related to this experimental feature.
  return torch.load(file, map_location='cpu'), file  # load
[WARMUP] isaac_official_unitree_g1/fastsam_x/point/cuda: 1 images

image 1/1 /mnt/Info/COGAR_DATASETs/Isacc_dataset/datasets/robotic_sdg_v3_official_g1_1000/isaac/rgb_0000.png: 768x1024 55 objects, 119.4ms
Speed: 2.7ms preprocess, 119.4ms inference, 15.6ms postprocess per image at shape (1, 3, 1024, 1024)
[TIMING] isaac_official_unitree_g1/fastsam_x/point/cuda: 50 images

image 1/1 /mnt/Info/COGAR_DATASETs/Isacc_dataset/datasets/robotic_sdg_v3_official_g1_1000/isaac/rgb_0001.png: 768x1024 61 objects, 114.3ms
Speed: 2.7ms preprocess, 114.3ms inference, 9.0ms postprocess per image at shape (1, 3, 1024, 1024)
[PROGRESS] isaac_official_unitree_g1/fastsam_x/point/cuda: 1/50 images, last=404.1ms, elapsed=0.4s

image 1/1 /mnt/Info/COGAR_DATASETs/Isacc_dataset/datasets/robotic_sdg_v3_official_g1_1000/isaac/rgb_0002.png: 768x1024 58 objects, 116.5ms
Speed: 2.7ms preprocess, 116.5ms inference, 8.3ms postprocess per image at shape (1, 3, 1024, 1024)

image 1/1 /mnt/Info/COGAR_DATASETs/Isacc_dataset/datasets/robotic_sdg_v3_official_g1_1000/isaac/rgb_0003.png: 768x1024 49 objects, 115.3ms
Speed: 2.7ms preprocess, 115.3ms inference, 7.5ms postprocess per image at shape (1, 3, 1024, 1024)

image 1/1 /mnt/Info/COGAR_DATASETs/Isacc_dataset/datasets/robotic_sdg_v3_official_g1_1000/isaac/rgb_0004.png: 768x1024 43 objects, 114.7ms
Speed: 2.6ms preprocess, 114.7ms inference, 6.8ms postprocess per image at shape (1, 3, 1024, 1024)

image 1/1 /mnt/Info/COGAR_DATASETs/Isacc_dataset/datasets/robotic_sdg_v3_official_g1_1000/isaac/rgb_0005.png: 768x1024 80 objects, 116.2ms
Speed: 2.6ms preprocess, 116.2ms inference, 10.8ms postprocess per image at shape (1, 3, 1024, 1024)
[PROGRESS] isaac_official_unitree_g1/fastsam_x/point/cuda: 5/50 images, last=422.1ms, elapsed=2.0s

image 1/1 /mnt/Info/COGAR_DATASETs/Isacc_dataset/datasets/robotic_sdg_v3_official_g1_1000/isaac/rgb_0006.png: 768x1024 64 objects, 115.1ms
Speed: 2.6ms preprocess, 115.1ms inference, 8.9ms postprocess per image at shape (1, 3, 1024, 1024)

image 1/1 /mnt/Info/COGAR_DATASETs/Isacc_dataset/datasets/robotic_sdg_v3_official_g1_1000/isaac/rgb_0007.png: 768x1024 68 objects, 114.2ms
Speed: 2.7ms preprocess, 114.2ms inference, 9.3ms postprocess per image at shape (1, 3, 1024, 1024)

image 1/1 /mnt/Info/COGAR_DATASETs/Isacc_dataset/datasets/robotic_sdg_v3_official_g1_1000/isaac/rgb_0008.png: 768x1024 63 objects, 114.4ms
Speed: 2.7ms preprocess, 114.4ms inference, 8.8ms postprocess per image at shape (1, 3, 1024, 1024)

image 1/1 /mnt/Info/COGAR_DATASETs/Isacc_dataset/datasets/robotic_sdg_v3_official_g1_1000/isaac/rgb_0009.png: 768x1024 56 objects, 117.8ms
Speed: 2.6ms preprocess, 117.8ms inference, 8.2ms postprocess per image at shape (1, 3, 1024, 1024)

image 1/1 /mnt/Info/COGAR_DATASETs/Isacc_dataset/datasets/robotic_sdg_v3_official_g1_1000/isaac/rgb_0010.png: 768x1024 90 objects, 116.0ms
Speed: 2.7ms preprocess, 116.0ms inference, 11.9ms postprocess per image at shape (1, 3, 1024, 1024)
[PROGRESS] isaac_official_unitree_g1/fastsam_x/point/cuda: 10/50 images, last=426.1ms, elapsed=4.0s

image 1/1 /mnt/Info/COGAR_DATASETs/Isacc_dataset/datasets/robotic_sdg_v3_official_g1_1000/isaac/rgb_0011.png: 768x1024 72 objects, 115.5ms
Speed: 2.7ms preprocess, 115.5ms inference, 9.7ms postprocess per image at shape (1, 3, 1024, 1024)

image 1/1 /mnt/Info/COGAR_DATASETs/Isacc_dataset/datasets/robotic_sdg_v3_official_g1_1000/isaac/rgb_0012.png: 768x1024 59 objects, 115.3ms
Speed: 2.7ms preprocess, 115.3ms inference, 8.4ms postprocess per image at shape (1, 3, 1024, 1024)

image 1/1 /mnt/Info/COGAR_DATASETs/Isacc_dataset/datasets/robotic_sdg_v3_official_g1_1000/isaac/rgb_0013.png: 768x1024 65 objects, 114.0ms
Speed: 2.7ms preprocess, 114.0ms inference, 9.0ms postprocess per image at shape (1, 3, 1024, 1024)

image 1/1 /mnt/Info/COGAR_DATASETs/Isacc_dataset/datasets/robotic_sdg_v3_official_g1_1000/isaac/rgb_0014.png: 768x1024 57 objects, 115.3ms
Speed: 2.6ms preprocess, 115.3ms inference, 8.2ms postprocess per image at shape (1, 3, 1024, 1024)

image 1/1 /mnt/Info/COGAR_DATASETs/Isacc_dataset/datasets/robotic_sdg_v3_official_g1_1000/isaac/rgb_0015.png: 768x1024 82 objects, 114.9ms
Speed: 2.6ms preprocess, 114.9ms inference, 10.8ms postprocess per image at shape (1, 3, 1024, 1024)
[PROGRESS] isaac_official_unitree_g1/fastsam_x/point/cuda: 15/50 images, last=417.3ms, elapsed=6.0s

image 1/1 /mnt/Info/COGAR_DATASETs/Isacc_dataset/datasets/robotic_sdg_v3_official_g1_1000/isaac/rgb_0016.png: 768x1024 43 objects, 116.6ms
Speed: 2.8ms preprocess, 116.6ms inference, 6.7ms postprocess per image at shape (1, 3, 1024, 1024)

image 1/1 /mnt/Info/COGAR_DATASETs/Isacc_dataset/datasets/robotic_sdg_v3_official_g1_1000/isaac/rgb_0017.png: 768x1024 56 objects, 117.5ms
Speed: 2.7ms preprocess, 117.5ms inference, 8.2ms postprocess per image at shape (1, 3, 1024, 1024)

image 1/1 /mnt/Info/COGAR_DATASETs/Isacc_dataset/datasets/robotic_sdg_v3_official_g1_1000/isaac/rgb_0018.png: 768x1024 51 objects, 115.0ms
Speed: 2.7ms preprocess, 115.0ms inference, 7.5ms postprocess per image at shape (1, 3, 1024, 1024)

image 1/1 /mnt/Info/COGAR_DATASETs/Isacc_dataset/datasets/robotic_sdg_v3_official_g1_1000/isaac/rgb_0019.png: 768x1024 55 objects, 115.0ms
Speed: 2.6ms preprocess, 115.0ms inference, 8.0ms postprocess per image at shape (1, 3, 1024, 1024)

image 1/1 /mnt/Info/COGAR_DATASETs/Isacc_dataset/datasets/robotic_sdg_v3_official_g1_1000/isaac/rgb_0020.png: 768x1024 54 objects, 115.0ms
Speed: 2.7ms preprocess, 115.0ms inference, 7.9ms postprocess per image at shape (1, 3, 1024, 1024)
[PROGRESS] isaac_official_unitree_g1/fastsam_x/point/cuda: 20/50 images, last=392.4ms, elapsed=8.0s

image 1/1 /mnt/Info/COGAR_DATASETs/Isacc_dataset/datasets/robotic_sdg_v3_official_g1_1000/isaac/rgb_0021.png: 768x1024 45 objects, 113.5ms
Speed: 2.7ms preprocess, 113.5ms inference, 7.0ms postprocess per image at shape (1, 3, 1024, 1024)

image 1/1 /mnt/Info/COGAR_DATASETs/Isacc_dataset/datasets/robotic_sdg_v3_official_g1_1000/isaac/rgb_0022.png: 768x1024 57 objects, 115.6ms
Speed: 2.7ms preprocess, 115.6ms inference, 8.1ms postprocess per image at shape (1, 3, 1024, 1024)

image 1/1 /mnt/Info/COGAR_DATASETs/Isacc_dataset/datasets/robotic_sdg_v3_official_g1_1000/isaac/rgb_0023.png: 768x1024 45 objects, 114.7ms
Speed: 2.6ms preprocess, 114.7ms inference, 7.0ms postprocess per image at shape (1, 3, 1024, 1024)

image 1/1 /mnt/Info/COGAR_DATASETs/Isacc_dataset/datasets/robotic_sdg_v3_official_g1_1000/isaac/rgb_0024.png: 768x1024 64 objects, 116.6ms
Speed: 2.6ms preprocess, 116.6ms inference, 8.9ms postprocess per image at shape (1, 3, 1024, 1024)

image 1/1 /mnt/Info/COGAR_DATASETs/Isacc_dataset/datasets/robotic_sdg_v3_official_g1_1000/isaac/rgb_0025.png: 768x1024 61 objects, 115.5ms
Speed: 2.6ms preprocess, 115.5ms inference, 8.6ms postprocess per image at shape (1, 3, 1024, 1024)
[PROGRESS] isaac_official_unitree_g1/fastsam_x/point/cuda: 25/50 images, last=398.6ms, elapsed=10.0s

image 1/1 /mnt/Info/COGAR_DATASETs/Isacc_dataset/datasets/robotic_sdg_v3_official_g1_1000/isaac/rgb_0026.png: 768x1024 43 objects, 114.5ms
Speed: 2.7ms preprocess, 114.5ms inference, 6.8ms postprocess per image at shape (1, 3, 1024, 1024)

image 1/1 /mnt/Info/COGAR_DATASETs/Isacc_dataset/datasets/robotic_sdg_v3_official_g1_1000/isaac/rgb_0027.png: 768x1024 72 objects, 114.8ms
Speed: 2.7ms preprocess, 114.8ms inference, 9.7ms postprocess per image at shape (1, 3, 1024, 1024)

image 1/1 /mnt/Info/COGAR_DATASETs/Isacc_dataset/datasets/robotic_sdg_v3_official_g1_1000/isaac/rgb_0028.png: 768x1024 59 objects, 114.1ms
Speed: 2.7ms preprocess, 114.1ms inference, 8.4ms postprocess per image at shape (1, 3, 1024, 1024)

image 1/1 /mnt/Info/COGAR_DATASETs/Isacc_dataset/datasets/robotic_sdg_v3_official_g1_1000/isaac/rgb_0029.png: 768x1024 69 objects, 113.7ms
Speed: 2.8ms preprocess, 113.7ms inference, 9.4ms postprocess per image at shape (1, 3, 1024, 1024)

image 1/1 /mnt/Info/COGAR_DATASETs/Isacc_dataset/datasets/robotic_sdg_v3_official_g1_1000/isaac/rgb_0030.png: 768x1024 43 objects, 115.7ms
Speed: 2.6ms preprocess, 115.7ms inference, 6.9ms postprocess per image at shape (1, 3, 1024, 1024)
[PROGRESS] isaac_official_unitree_g1/fastsam_x/point/cuda: 30/50 images, last=380.0ms, elapsed=11.9s

image 1/1 /mnt/Info/COGAR_DATASETs/Isacc_dataset/datasets/robotic_sdg_v3_official_g1_1000/isaac/rgb_0031.png: 768x1024 63 objects, 114.6ms
Speed: 2.7ms preprocess, 114.6ms inference, 8.7ms postprocess per image at shape (1, 3, 1024, 1024)

image 1/1 /mnt/Info/COGAR_DATASETs/Isacc_dataset/datasets/robotic_sdg_v3_official_g1_1000/isaac/rgb_0032.png: 768x1024 58 objects, 116.6ms
Speed: 2.6ms preprocess, 116.6ms inference, 8.2ms postprocess per image at shape (1, 3, 1024, 1024)

image 1/1 /mnt/Info/COGAR_DATASETs/Isacc_dataset/datasets/robotic_sdg_v3_official_g1_1000/isaac/rgb_0033.png: 768x1024 60 objects, 116.4ms
Speed: 2.6ms preprocess, 116.4ms inference, 8.5ms postprocess per image at shape (1, 3, 1024, 1024)

image 1/1 /mnt/Info/COGAR_DATASETs/Isacc_dataset/datasets/robotic_sdg_v3_official_g1_1000/isaac/rgb_0034.png: 768x1024 65 objects, 114.4ms
Speed: 2.6ms preprocess, 114.4ms inference, 9.0ms postprocess per image at shape (1, 3, 1024, 1024)

image 1/1 /mnt/Info/COGAR_DATASETs/Isacc_dataset/datasets/robotic_sdg_v3_official_g1_1000/isaac/rgb_0035.png: 768x1024 65 objects, 114.5ms
Speed: 2.6ms preprocess, 114.5ms inference, 9.0ms postprocess per image at shape (1, 3, 1024, 1024)
[PROGRESS] isaac_official_unitree_g1/fastsam_x/point/cuda: 35/50 images, last=402.0ms, elapsed=13.9s

image 1/1 /mnt/Info/COGAR_DATASETs/Isacc_dataset/datasets/robotic_sdg_v3_official_g1_1000/isaac/rgb_0036.png: 768x1024 51 objects, 115.2ms
Speed: 2.7ms preprocess, 115.2ms inference, 7.5ms postprocess per image at shape (1, 3, 1024, 1024)

image 1/1 /mnt/Info/COGAR_DATASETs/Isacc_dataset/datasets/robotic_sdg_v3_official_g1_1000/isaac/rgb_0037.png: 768x1024 70 objects, 114.5ms
Speed: 2.6ms preprocess, 114.5ms inference, 9.6ms postprocess per image at shape (1, 3, 1024, 1024)

image 1/1 /mnt/Info/COGAR_DATASETs/Isacc_dataset/datasets/robotic_sdg_v3_official_g1_1000/isaac/rgb_0038.png: 768x1024 61 objects, 114.5ms
Speed: 2.7ms preprocess, 114.5ms inference, 8.6ms postprocess per image at shape (1, 3, 1024, 1024)

image 1/1 /mnt/Info/COGAR_DATASETs/Isacc_dataset/datasets/robotic_sdg_v3_official_g1_1000/isaac/rgb_0039.png: 768x1024 49 objects, 117.3ms
Speed: 2.6ms preprocess, 117.3ms inference, 7.3ms postprocess per image at shape (1, 3, 1024, 1024)

image 1/1 /mnt/Info/COGAR_DATASETs/Isacc_dataset/datasets/robotic_sdg_v3_official_g1_1000/isaac/rgb_0040.png: 768x1024 63 objects, 114.9ms
Speed: 2.6ms preprocess, 114.9ms inference, 8.8ms postprocess per image at shape (1, 3, 1024, 1024)
[PROGRESS] isaac_official_unitree_g1/fastsam_x/point/cuda: 40/50 images, last=404.7ms, elapsed=15.9s

image 1/1 /mnt/Info/COGAR_DATASETs/Isacc_dataset/datasets/robotic_sdg_v3_official_g1_1000/isaac/rgb_0041.png: 768x1024 69 objects, 114.3ms
Speed: 2.6ms preprocess, 114.3ms inference, 9.4ms postprocess per image at shape (1, 3, 1024, 1024)

image 1/1 /mnt/Info/COGAR_DATASETs/Isacc_dataset/datasets/robotic_sdg_v3_official_g1_1000/isaac/rgb_0042.png: 768x1024 82 objects, 112.9ms
Speed: 2.7ms preprocess, 112.9ms inference, 10.6ms postprocess per image at shape (1, 3, 1024, 1024)

image 1/1 /mnt/Info/COGAR_DATASETs/Isacc_dataset/datasets/robotic_sdg_v3_official_g1_1000/isaac/rgb_0043.png: 768x1024 61 objects, 117.4ms
Speed: 2.7ms preprocess, 117.4ms inference, 8.8ms postprocess per image at shape (1, 3, 1024, 1024)

image 1/1 /mnt/Info/COGAR_DATASETs/Isacc_dataset/datasets/robotic_sdg_v3_official_g1_1000/isaac/rgb_0044.png: 768x1024 64 objects, 115.3ms
Speed: 2.7ms preprocess, 115.3ms inference, 9.0ms postprocess per image at shape (1, 3, 1024, 1024)

image 1/1 /mnt/Info/COGAR_DATASETs/Isacc_dataset/datasets/robotic_sdg_v3_official_g1_1000/isaac/rgb_0045.png: 768x1024 60 objects, 114.5ms
Speed: 2.7ms preprocess, 114.5ms inference, 8.4ms postprocess per image at shape (1, 3, 1024, 1024)
[PROGRESS] isaac_official_unitree_g1/fastsam_x/point/cuda: 45/50 images, last=393.5ms, elapsed=17.9s

image 1/1 /mnt/Info/COGAR_DATASETs/Isacc_dataset/datasets/robotic_sdg_v3_official_g1_1000/isaac/rgb_0046.png: 768x1024 49 objects, 117.7ms
Speed: 2.7ms preprocess, 117.7ms inference, 7.3ms postprocess per image at shape (1, 3, 1024, 1024)

image 1/1 /mnt/Info/COGAR_DATASETs/Isacc_dataset/datasets/robotic_sdg_v3_official_g1_1000/isaac/rgb_0047.png: 768x1024 62 objects, 113.4ms
Speed: 2.7ms preprocess, 113.4ms inference, 8.7ms postprocess per image at shape (1, 3, 1024, 1024)

image 1/1 /mnt/Info/COGAR_DATASETs/Isacc_dataset/datasets/robotic_sdg_v3_official_g1_1000/isaac/rgb_0048.png: 768x1024 54 objects, 114.8ms
Speed: 2.6ms preprocess, 114.8ms inference, 8.0ms postprocess per image at shape (1, 3, 1024, 1024)

image 1/1 /mnt/Info/COGAR_DATASETs/Isacc_dataset/datasets/robotic_sdg_v3_official_g1_1000/isaac/rgb_0049.png: 768x1024 57 objects, 116.6ms
Speed: 2.7ms preprocess, 116.6ms inference, 8.2ms postprocess per image at shape (1, 3, 1024, 1024)

image 1/1 /mnt/Info/COGAR_DATASETs/Isacc_dataset/datasets/robotic_sdg_v3_official_g1_1000/isaac/rgb_0050.png: 768x1024 46 objects, 115.6ms
Speed: 2.6ms preprocess, 115.6ms inference, 7.1ms postprocess per image at shape (1, 3, 1024, 1024)
[PROGRESS] isaac_official_unitree_g1/fastsam_x/point/cuda: 50/50 images, last=382.5ms, elapsed=19.9s
[DONE] isaac_official_unitree_g1/fastsam_x/point/cuda: fps=2.514 mean=397.8ms output=outputs/task7_inference_speed/cuda/isaac_official_unitree_g1/fastsam_x/point_speed.json
[START] isaac_official_unitree_g1/fastsam_x/box/cuda: loading 51 images
[LOAD] isaac_official_unitree_g1/fastsam_x/box/cuda: building model
/home/ubuntu/COGAR_Foundation-Model-Segmentation-for-Robotic-Scenes/external/FastSAM/ultralytics/nn/tasks.py:518: FutureWarning: You are using `torch.load` with `weights_only=False` (the current default value), which uses the default pickle module implicitly. It is possible to construct malicious pickle data which will execute arbitrary code during unpickling (See https://github.com/pytorch/pytorch/blob/main/SECURITY.md#untrusted-models for more details). In a future release, the default value for `weights_only` will be flipped to `True`. This limits the functions that could be executed during unpickling. Arbitrary objects will no longer be allowed to be loaded via this mode unless they are explicitly allowlisted by the user via `torch.serialization.add_safe_globals`. We recommend you start setting `weights_only=True` for any use case where you don't have full control of the loaded file. Please open an issue on GitHub for any issues related to this experimental feature.
  return torch.load(file, map_location='cpu'), file  # load
[WARMUP] isaac_official_unitree_g1/fastsam_x/box/cuda: 1 images

image 1/1 /mnt/Info/COGAR_DATASETs/Isacc_dataset/datasets/robotic_sdg_v3_official_g1_1000/isaac/rgb_0000.png: 768x1024 55 objects, 114.8ms
Speed: 2.7ms preprocess, 114.8ms inference, 8.2ms postprocess per image at shape (1, 3, 1024, 1024)
[TIMING] isaac_official_unitree_g1/fastsam_x/box/cuda: 50 images

image 1/1 /mnt/Info/COGAR_DATASETs/Isacc_dataset/datasets/robotic_sdg_v3_official_g1_1000/isaac/rgb_0001.png: 768x1024 61 objects, 114.6ms
Speed: 2.7ms preprocess, 114.6ms inference, 8.8ms postprocess per image at shape (1, 3, 1024, 1024)
[PROGRESS] isaac_official_unitree_g1/fastsam_x/box/cuda: 1/50 images, last=347.9ms, elapsed=0.3s

image 1/1 /mnt/Info/COGAR_DATASETs/Isacc_dataset/datasets/robotic_sdg_v3_official_g1_1000/isaac/rgb_0002.png: 768x1024 58 objects, 114.3ms
Speed: 2.6ms preprocess, 114.3ms inference, 8.2ms postprocess per image at shape (1, 3, 1024, 1024)

image 1/1 /mnt/Info/COGAR_DATASETs/Isacc_dataset/datasets/robotic_sdg_v3_official_g1_1000/isaac/rgb_0003.png: 768x1024 49 objects, 115.0ms
Speed: 2.7ms preprocess, 115.0ms inference, 7.5ms postprocess per image at shape (1, 3, 1024, 1024)

image 1/1 /mnt/Info/COGAR_DATASETs/Isacc_dataset/datasets/robotic_sdg_v3_official_g1_1000/isaac/rgb_0004.png: 768x1024 43 objects, 115.9ms
Speed: 2.6ms preprocess, 115.9ms inference, 6.8ms postprocess per image at shape (1, 3, 1024, 1024)

image 1/1 /mnt/Info/COGAR_DATASETs/Isacc_dataset/datasets/robotic_sdg_v3_official_g1_1000/isaac/rgb_0005.png: 768x1024 80 objects, 113.8ms
Speed: 2.6ms preprocess, 113.8ms inference, 10.6ms postprocess per image at shape (1, 3, 1024, 1024)
[PROGRESS] isaac_official_unitree_g1/fastsam_x/box/cuda: 5/50 images, last=345.4ms, elapsed=1.7s

image 1/1 /mnt/Info/COGAR_DATASETs/Isacc_dataset/datasets/robotic_sdg_v3_official_g1_1000/isaac/rgb_0006.png: 768x1024 64 objects, 115.7ms
Speed: 2.7ms preprocess, 115.7ms inference, 8.9ms postprocess per image at shape (1, 3, 1024, 1024)

image 1/1 /mnt/Info/COGAR_DATASETs/Isacc_dataset/datasets/robotic_sdg_v3_official_g1_1000/isaac/rgb_0007.png: 768x1024 68 objects, 114.2ms
Speed: 2.6ms preprocess, 114.2ms inference, 9.3ms postprocess per image at shape (1, 3, 1024, 1024)

image 1/1 /mnt/Info/COGAR_DATASETs/Isacc_dataset/datasets/robotic_sdg_v3_official_g1_1000/isaac/rgb_0008.png: 768x1024 63 objects, 115.1ms
Speed: 2.6ms preprocess, 115.1ms inference, 8.7ms postprocess per image at shape (1, 3, 1024, 1024)

image 1/1 /mnt/Info/COGAR_DATASETs/Isacc_dataset/datasets/robotic_sdg_v3_official_g1_1000/isaac/rgb_0009.png: 768x1024 56 objects, 117.4ms
Speed: 2.6ms preprocess, 117.4ms inference, 8.2ms postprocess per image at shape (1, 3, 1024, 1024)

image 1/1 /mnt/Info/COGAR_DATASETs/Isacc_dataset/datasets/robotic_sdg_v3_official_g1_1000/isaac/rgb_0010.png: 768x1024 90 objects, 114.3ms
Speed: 2.6ms preprocess, 114.3ms inference, 11.7ms postprocess per image at shape (1, 3, 1024, 1024)
[PROGRESS] isaac_official_unitree_g1/fastsam_x/box/cuda: 10/50 images, last=341.3ms, elapsed=3.4s

image 1/1 /mnt/Info/COGAR_DATASETs/Isacc_dataset/datasets/robotic_sdg_v3_official_g1_1000/isaac/rgb_0011.png: 768x1024 72 objects, 115.8ms
Speed: 2.6ms preprocess, 115.8ms inference, 9.7ms postprocess per image at shape (1, 3, 1024, 1024)

image 1/1 /mnt/Info/COGAR_DATASETs/Isacc_dataset/datasets/robotic_sdg_v3_official_g1_1000/isaac/rgb_0012.png: 768x1024 59 objects, 114.9ms
Speed: 2.6ms preprocess, 114.9ms inference, 8.3ms postprocess per image at shape (1, 3, 1024, 1024)

image 1/1 /mnt/Info/COGAR_DATASETs/Isacc_dataset/datasets/robotic_sdg_v3_official_g1_1000/isaac/rgb_0013.png: 768x1024 65 objects, 114.7ms
Speed: 2.6ms preprocess, 114.7ms inference, 9.0ms postprocess per image at shape (1, 3, 1024, 1024)

image 1/1 /mnt/Info/COGAR_DATASETs/Isacc_dataset/datasets/robotic_sdg_v3_official_g1_1000/isaac/rgb_0014.png: 768x1024 57 objects, 115.6ms
Speed: 2.6ms preprocess, 115.6ms inference, 8.1ms postprocess per image at shape (1, 3, 1024, 1024)

image 1/1 /mnt/Info/COGAR_DATASETs/Isacc_dataset/datasets/robotic_sdg_v3_official_g1_1000/isaac/rgb_0015.png: 768x1024 82 objects, 114.7ms
Speed: 2.6ms preprocess, 114.7ms inference, 10.8ms postprocess per image at shape (1, 3, 1024, 1024)
[PROGRESS] isaac_official_unitree_g1/fastsam_x/box/cuda: 15/50 images, last=341.3ms, elapsed=5.1s

image 1/1 /mnt/Info/COGAR_DATASETs/Isacc_dataset/datasets/robotic_sdg_v3_official_g1_1000/isaac/rgb_0016.png: 768x1024 43 objects, 115.7ms
Speed: 2.6ms preprocess, 115.7ms inference, 6.9ms postprocess per image at shape (1, 3, 1024, 1024)

image 1/1 /mnt/Info/COGAR_DATASETs/Isacc_dataset/datasets/robotic_sdg_v3_official_g1_1000/isaac/rgb_0017.png: 768x1024 56 objects, 114.6ms
Speed: 2.6ms preprocess, 114.6ms inference, 8.0ms postprocess per image at shape (1, 3, 1024, 1024)

image 1/1 /mnt/Info/COGAR_DATASETs/Isacc_dataset/datasets/robotic_sdg_v3_official_g1_1000/isaac/rgb_0018.png: 768x1024 51 objects, 114.2ms
Speed: 2.6ms preprocess, 114.2ms inference, 7.5ms postprocess per image at shape (1, 3, 1024, 1024)

image 1/1 /mnt/Info/COGAR_DATASETs/Isacc_dataset/datasets/robotic_sdg_v3_official_g1_1000/isaac/rgb_0019.png: 768x1024 55 objects, 114.1ms
Speed: 2.7ms preprocess, 114.1ms inference, 8.0ms postprocess per image at shape (1, 3, 1024, 1024)

image 1/1 /mnt/Info/COGAR_DATASETs/Isacc_dataset/datasets/robotic_sdg_v3_official_g1_1000/isaac/rgb_0020.png: 768x1024 54 objects, 114.5ms
Speed: 2.6ms preprocess, 114.5ms inference, 7.8ms postprocess per image at shape (1, 3, 1024, 1024)
[PROGRESS] isaac_official_unitree_g1/fastsam_x/box/cuda: 20/50 images, last=341.1ms, elapsed=6.8s

image 1/1 /mnt/Info/COGAR_DATASETs/Isacc_dataset/datasets/robotic_sdg_v3_official_g1_1000/isaac/rgb_0021.png: 768x1024 45 objects, 117.3ms
Speed: 2.6ms preprocess, 117.3ms inference, 6.9ms postprocess per image at shape (1, 3, 1024, 1024)

image 1/1 /mnt/Info/COGAR_DATASETs/Isacc_dataset/datasets/robotic_sdg_v3_official_g1_1000/isaac/rgb_0022.png: 768x1024 57 objects, 117.7ms
Speed: 2.6ms preprocess, 117.7ms inference, 8.2ms postprocess per image at shape (1, 3, 1024, 1024)

image 1/1 /mnt/Info/COGAR_DATASETs/Isacc_dataset/datasets/robotic_sdg_v3_official_g1_1000/isaac/rgb_0023.png: 768x1024 45 objects, 116.2ms
Speed: 2.6ms preprocess, 116.2ms inference, 7.0ms postprocess per image at shape (1, 3, 1024, 1024)

image 1/1 /mnt/Info/COGAR_DATASETs/Isacc_dataset/datasets/robotic_sdg_v3_official_g1_1000/isaac/rgb_0024.png: 768x1024 64 objects, 115.2ms
Speed: 2.6ms preprocess, 115.2ms inference, 8.9ms postprocess per image at shape (1, 3, 1024, 1024)

image 1/1 /mnt/Info/COGAR_DATASETs/Isacc_dataset/datasets/robotic_sdg_v3_official_g1_1000/isaac/rgb_0025.png: 768x1024 61 objects, 114.6ms
Speed: 2.6ms preprocess, 114.6ms inference, 8.6ms postprocess per image at shape (1, 3, 1024, 1024)
[PROGRESS] isaac_official_unitree_g1/fastsam_x/box/cuda: 25/50 images, last=340.7ms, elapsed=8.5s

image 1/1 /mnt/Info/COGAR_DATASETs/Isacc_dataset/datasets/robotic_sdg_v3_official_g1_1000/isaac/rgb_0026.png: 768x1024 43 objects, 114.6ms
Speed: 2.6ms preprocess, 114.6ms inference, 6.8ms postprocess per image at shape (1, 3, 1024, 1024)

image 1/1 /mnt/Info/COGAR_DATASETs/Isacc_dataset/datasets/robotic_sdg_v3_official_g1_1000/isaac/rgb_0027.png: 768x1024 72 objects, 116.6ms
Speed: 2.6ms preprocess, 116.6ms inference, 9.7ms postprocess per image at shape (1, 3, 1024, 1024)

image 1/1 /mnt/Info/COGAR_DATASETs/Isacc_dataset/datasets/robotic_sdg_v3_official_g1_1000/isaac/rgb_0028.png: 768x1024 59 objects, 117.6ms
Speed: 2.6ms preprocess, 117.6ms inference, 8.5ms postprocess per image at shape (1, 3, 1024, 1024)

image 1/1 /mnt/Info/COGAR_DATASETs/Isacc_dataset/datasets/robotic_sdg_v3_official_g1_1000/isaac/rgb_0029.png: 768x1024 69 objects, 118.2ms
Speed: 2.6ms preprocess, 118.2ms inference, 9.6ms postprocess per image at shape (1, 3, 1024, 1024)

image 1/1 /mnt/Info/COGAR_DATASETs/Isacc_dataset/datasets/robotic_sdg_v3_official_g1_1000/isaac/rgb_0030.png: 768x1024 43 objects, 114.8ms
Speed: 2.6ms preprocess, 114.8ms inference, 6.9ms postprocess per image at shape (1, 3, 1024, 1024)
[PROGRESS] isaac_official_unitree_g1/fastsam_x/box/cuda: 30/50 images, last=338.4ms, elapsed=10.2s

image 1/1 /mnt/Info/COGAR_DATASETs/Isacc_dataset/datasets/robotic_sdg_v3_official_g1_1000/isaac/rgb_0031.png: 768x1024 63 objects, 113.6ms
Speed: 2.7ms preprocess, 113.6ms inference, 8.7ms postprocess per image at shape (1, 3, 1024, 1024)

image 1/1 /mnt/Info/COGAR_DATASETs/Isacc_dataset/datasets/robotic_sdg_v3_official_g1_1000/isaac/rgb_0032.png: 768x1024 58 objects, 114.7ms
Speed: 2.5ms preprocess, 114.7ms inference, 8.3ms postprocess per image at shape (1, 3, 1024, 1024)

image 1/1 /mnt/Info/COGAR_DATASETs/Isacc_dataset/datasets/robotic_sdg_v3_official_g1_1000/isaac/rgb_0033.png: 768x1024 60 objects, 116.1ms
Speed: 2.5ms preprocess, 116.1ms inference, 8.4ms postprocess per image at shape (1, 3, 1024, 1024)

image 1/1 /mnt/Info/COGAR_DATASETs/Isacc_dataset/datasets/robotic_sdg_v3_official_g1_1000/isaac/rgb_0034.png: 768x1024 65 objects, 115.6ms
Speed: 2.6ms preprocess, 115.6ms inference, 9.1ms postprocess per image at shape (1, 3, 1024, 1024)

image 1/1 /mnt/Info/COGAR_DATASETs/Isacc_dataset/datasets/robotic_sdg_v3_official_g1_1000/isaac/rgb_0035.png: 768x1024 65 objects, 115.0ms
Speed: 2.7ms preprocess, 115.0ms inference, 9.1ms postprocess per image at shape (1, 3, 1024, 1024)
[PROGRESS] isaac_official_unitree_g1/fastsam_x/box/cuda: 35/50 images, last=342.5ms, elapsed=11.9s

image 1/1 /mnt/Info/COGAR_DATASETs/Isacc_dataset/datasets/robotic_sdg_v3_official_g1_1000/isaac/rgb_0036.png: 768x1024 51 objects, 116.9ms
Speed: 2.6ms preprocess, 116.9ms inference, 7.7ms postprocess per image at shape (1, 3, 1024, 1024)

image 1/1 /mnt/Info/COGAR_DATASETs/Isacc_dataset/datasets/robotic_sdg_v3_official_g1_1000/isaac/rgb_0037.png: 768x1024 70 objects, 116.4ms
Speed: 2.7ms preprocess, 116.4ms inference, 9.6ms postprocess per image at shape (1, 3, 1024, 1024)

image 1/1 /mnt/Info/COGAR_DATASETs/Isacc_dataset/datasets/robotic_sdg_v3_official_g1_1000/isaac/rgb_0038.png: 768x1024 61 objects, 116.3ms
Speed: 2.6ms preprocess, 116.3ms inference, 8.6ms postprocess per image at shape (1, 3, 1024, 1024)

image 1/1 /mnt/Info/COGAR_DATASETs/Isacc_dataset/datasets/robotic_sdg_v3_official_g1_1000/isaac/rgb_0039.png: 768x1024 49 objects, 115.1ms
Speed: 2.7ms preprocess, 115.1ms inference, 7.4ms postprocess per image at shape (1, 3, 1024, 1024)

image 1/1 /mnt/Info/COGAR_DATASETs/Isacc_dataset/datasets/robotic_sdg_v3_official_g1_1000/isaac/rgb_0040.png: 768x1024 63 objects, 114.7ms
Speed: 2.7ms preprocess, 114.7ms inference, 8.8ms postprocess per image at shape (1, 3, 1024, 1024)
[PROGRESS] isaac_official_unitree_g1/fastsam_x/box/cuda: 40/50 images, last=344.1ms, elapsed=13.7s

image 1/1 /mnt/Info/COGAR_DATASETs/Isacc_dataset/datasets/robotic_sdg_v3_official_g1_1000/isaac/rgb_0041.png: 768x1024 69 objects, 114.4ms
Speed: 2.7ms preprocess, 114.4ms inference, 9.4ms postprocess per image at shape (1, 3, 1024, 1024)

image 1/1 /mnt/Info/COGAR_DATASETs/Isacc_dataset/datasets/robotic_sdg_v3_official_g1_1000/isaac/rgb_0042.png: 768x1024 82 objects, 114.0ms
Speed: 2.7ms preprocess, 114.0ms inference, 10.7ms postprocess per image at shape (1, 3, 1024, 1024)

image 1/1 /mnt/Info/COGAR_DATASETs/Isacc_dataset/datasets/robotic_sdg_v3_official_g1_1000/isaac/rgb_0043.png: 768x1024 61 objects, 113.9ms
Speed: 2.7ms preprocess, 113.9ms inference, 8.6ms postprocess per image at shape (1, 3, 1024, 1024)

image 1/1 /mnt/Info/COGAR_DATASETs/Isacc_dataset/datasets/robotic_sdg_v3_official_g1_1000/isaac/rgb_0044.png: 768x1024 64 objects, 115.2ms
Speed: 2.6ms preprocess, 115.2ms inference, 9.1ms postprocess per image at shape (1, 3, 1024, 1024)

image 1/1 /mnt/Info/COGAR_DATASETs/Isacc_dataset/datasets/robotic_sdg_v3_official_g1_1000/isaac/rgb_0045.png: 768x1024 60 objects, 115.5ms
Speed: 2.7ms preprocess, 115.5ms inference, 8.5ms postprocess per image at shape (1, 3, 1024, 1024)
[PROGRESS] isaac_official_unitree_g1/fastsam_x/box/cuda: 45/50 images, last=336.4ms, elapsed=15.4s

image 1/1 /mnt/Info/COGAR_DATASETs/Isacc_dataset/datasets/robotic_sdg_v3_official_g1_1000/isaac/rgb_0046.png: 768x1024 49 objects, 115.8ms
Speed: 2.7ms preprocess, 115.8ms inference, 7.3ms postprocess per image at shape (1, 3, 1024, 1024)

image 1/1 /mnt/Info/COGAR_DATASETs/Isacc_dataset/datasets/robotic_sdg_v3_official_g1_1000/isaac/rgb_0047.png: 768x1024 62 objects, 114.6ms
Speed: 2.7ms preprocess, 114.6ms inference, 8.7ms postprocess per image at shape (1, 3, 1024, 1024)

image 1/1 /mnt/Info/COGAR_DATASETs/Isacc_dataset/datasets/robotic_sdg_v3_official_g1_1000/isaac/rgb_0048.png: 768x1024 54 objects, 116.0ms
Speed: 2.6ms preprocess, 116.0ms inference, 8.0ms postprocess per image at shape (1, 3, 1024, 1024)

image 1/1 /mnt/Info/COGAR_DATASETs/Isacc_dataset/datasets/robotic_sdg_v3_official_g1_1000/isaac/rgb_0049.png: 768x1024 57 objects, 115.6ms
Speed: 2.6ms preprocess, 115.6ms inference, 8.1ms postprocess per image at shape (1, 3, 1024, 1024)

image 1/1 /mnt/Info/COGAR_DATASETs/Isacc_dataset/datasets/robotic_sdg_v3_official_g1_1000/isaac/rgb_0050.png: 768x1024 46 objects, 116.1ms
Speed: 2.6ms preprocess, 116.1ms inference, 7.1ms postprocess per image at shape (1, 3, 1024, 1024)
[PROGRESS] isaac_official_unitree_g1/fastsam_x/box/cuda: 50/50 images, last=340.6ms, elapsed=17.1s
[DONE] isaac_official_unitree_g1/fastsam_x/box/cuda: fps=2.929 mean=341.4ms output=outputs/task7_inference_speed/cuda/isaac_official_unitree_g1/fastsam_x/box_speed.json
[START] isaac_official_unitree_g1/fastsam_x/automatic/cuda: loading 21 images
[LOAD] isaac_official_unitree_g1/fastsam_x/automatic/cuda: building model
[WARMUP] isaac_official_unitree_g1/fastsam_x/automatic/cuda: 1 images

image 1/1 /mnt/Info/COGAR_DATASETs/Isacc_dataset/datasets/robotic_sdg_v3_official_g1_1000/isaac/rgb_0000.png: 768x1024 55 objects, 115.1ms
Speed: 2.7ms preprocess, 115.1ms inference, 8.2ms postprocess per image at shape (1, 3, 1024, 1024)
[TIMING] isaac_official_unitree_g1/fastsam_x/automatic/cuda: 20 images

image 1/1 /mnt/Info/COGAR_DATASETs/Isacc_dataset/datasets/robotic_sdg_v3_official_g1_1000/isaac/rgb_0001.png: 768x1024 61 objects, 116.2ms
Speed: 2.7ms preprocess, 116.2ms inference, 8.8ms postprocess per image at shape (1, 3, 1024, 1024)
[PROGRESS] isaac_official_unitree_g1/fastsam_x/automatic/cuda: 1/20 images, last=481.6ms, elapsed=0.5s

image 1/1 /mnt/Info/COGAR_DATASETs/Isacc_dataset/datasets/robotic_sdg_v3_official_g1_1000/isaac/rgb_0002.png: 768x1024 58 objects, 116.6ms
Speed: 2.7ms preprocess, 116.6ms inference, 8.2ms postprocess per image at shape (1, 3, 1024, 1024)

image 1/1 /mnt/Info/COGAR_DATASETs/Isacc_dataset/datasets/robotic_sdg_v3_official_g1_1000/isaac/rgb_0003.png: 768x1024 49 objects, 116.3ms
Speed: 2.7ms preprocess, 116.3ms inference, 7.5ms postprocess per image at shape (1, 3, 1024, 1024)

image 1/1 /mnt/Info/COGAR_DATASETs/Isacc_dataset/datasets/robotic_sdg_v3_official_g1_1000/isaac/rgb_0004.png: 768x1024 43 objects, 115.3ms
Speed: 2.7ms preprocess, 115.3ms inference, 6.8ms postprocess per image at shape (1, 3, 1024, 1024)

image 1/1 /mnt/Info/COGAR_DATASETs/Isacc_dataset/datasets/robotic_sdg_v3_official_g1_1000/isaac/rgb_0005.png: 768x1024 80 objects, 115.3ms
Speed: 2.6ms preprocess, 115.3ms inference, 10.7ms postprocess per image at shape (1, 3, 1024, 1024)
[PROGRESS] isaac_official_unitree_g1/fastsam_x/automatic/cuda: 5/20 images, last=521.9ms, elapsed=2.4s

image 1/1 /mnt/Info/COGAR_DATASETs/Isacc_dataset/datasets/robotic_sdg_v3_official_g1_1000/isaac/rgb_0006.png: 768x1024 64 objects, 114.3ms
Speed: 2.7ms preprocess, 114.3ms inference, 8.9ms postprocess per image at shape (1, 3, 1024, 1024)

image 1/1 /mnt/Info/COGAR_DATASETs/Isacc_dataset/datasets/robotic_sdg_v3_official_g1_1000/isaac/rgb_0007.png: 768x1024 68 objects, 115.4ms
Speed: 2.6ms preprocess, 115.4ms inference, 9.5ms postprocess per image at shape (1, 3, 1024, 1024)

image 1/1 /mnt/Info/COGAR_DATASETs/Isacc_dataset/datasets/robotic_sdg_v3_official_g1_1000/isaac/rgb_0008.png: 768x1024 63 objects, 115.5ms
Speed: 2.6ms preprocess, 115.5ms inference, 8.8ms postprocess per image at shape (1, 3, 1024, 1024)

image 1/1 /mnt/Info/COGAR_DATASETs/Isacc_dataset/datasets/robotic_sdg_v3_official_g1_1000/isaac/rgb_0009.png: 768x1024 56 objects, 115.8ms
Speed: 2.7ms preprocess, 115.8ms inference, 8.1ms postprocess per image at shape (1, 3, 1024, 1024)

image 1/1 /mnt/Info/COGAR_DATASETs/Isacc_dataset/datasets/robotic_sdg_v3_official_g1_1000/isaac/rgb_0010.png: 768x1024 90 objects, 113.8ms
Speed: 2.6ms preprocess, 113.8ms inference, 11.7ms postprocess per image at shape (1, 3, 1024, 1024)
[PROGRESS] isaac_official_unitree_g1/fastsam_x/automatic/cuda: 10/20 images, last=537.9ms, elapsed=4.8s

image 1/1 /mnt/Info/COGAR_DATASETs/Isacc_dataset/datasets/robotic_sdg_v3_official_g1_1000/isaac/rgb_0011.png: 768x1024 72 objects, 114.5ms
Speed: 2.8ms preprocess, 114.5ms inference, 9.8ms postprocess per image at shape (1, 3, 1024, 1024)

image 1/1 /mnt/Info/COGAR_DATASETs/Isacc_dataset/datasets/robotic_sdg_v3_official_g1_1000/isaac/rgb_0012.png: 768x1024 59 objects, 114.3ms
Speed: 2.6ms preprocess, 114.3ms inference, 8.3ms postprocess per image at shape (1, 3, 1024, 1024)

image 1/1 /mnt/Info/COGAR_DATASETs/Isacc_dataset/datasets/robotic_sdg_v3_official_g1_1000/isaac/rgb_0013.png: 768x1024 65 objects, 114.4ms
Speed: 2.7ms preprocess, 114.4ms inference, 9.0ms postprocess per image at shape (1, 3, 1024, 1024)

image 1/1 /mnt/Info/COGAR_DATASETs/Isacc_dataset/datasets/robotic_sdg_v3_official_g1_1000/isaac/rgb_0014.png: 768x1024 57 objects, 115.5ms
Speed: 2.6ms preprocess, 115.5ms inference, 8.1ms postprocess per image at shape (1, 3, 1024, 1024)

image 1/1 /mnt/Info/COGAR_DATASETs/Isacc_dataset/datasets/robotic_sdg_v3_official_g1_1000/isaac/rgb_0015.png: 768x1024 82 objects, 115.0ms
Speed: 2.6ms preprocess, 115.0ms inference, 10.8ms postprocess per image at shape (1, 3, 1024, 1024)
[PROGRESS] isaac_official_unitree_g1/fastsam_x/automatic/cuda: 15/20 images, last=522.1ms, elapsed=7.3s

image 1/1 /mnt/Info/COGAR_DATASETs/Isacc_dataset/datasets/robotic_sdg_v3_official_g1_1000/isaac/rgb_0016.png: 768x1024 43 objects, 115.3ms
Speed: 2.6ms preprocess, 115.3ms inference, 6.8ms postprocess per image at shape (1, 3, 1024, 1024)

image 1/1 /mnt/Info/COGAR_DATASETs/Isacc_dataset/datasets/robotic_sdg_v3_official_g1_1000/isaac/rgb_0017.png: 768x1024 56 objects, 115.6ms
Speed: 2.7ms preprocess, 115.6ms inference, 8.0ms postprocess per image at shape (1, 3, 1024, 1024)

image 1/1 /mnt/Info/COGAR_DATASETs/Isacc_dataset/datasets/robotic_sdg_v3_official_g1_1000/isaac/rgb_0018.png: 768x1024 51 objects, 114.8ms
Speed: 2.6ms preprocess, 114.8ms inference, 7.6ms postprocess per image at shape (1, 3, 1024, 1024)

image 1/1 /mnt/Info/COGAR_DATASETs/Isacc_dataset/datasets/robotic_sdg_v3_official_g1_1000/isaac/rgb_0019.png: 768x1024 55 objects, 115.6ms
Speed: 2.7ms preprocess, 115.6ms inference, 8.0ms postprocess per image at shape (1, 3, 1024, 1024)

image 1/1 /mnt/Info/COGAR_DATASETs/Isacc_dataset/datasets/robotic_sdg_v3_official_g1_1000/isaac/rgb_0020.png: 768x1024 54 objects, 115.6ms
Speed: 2.7ms preprocess, 115.6ms inference, 7.8ms postprocess per image at shape (1, 3, 1024, 1024)
[PROGRESS] isaac_official_unitree_g1/fastsam_x/automatic/cuda: 20/20 images, last=460.5ms, elapsed=9.5s
[DONE] isaac_official_unitree_g1/fastsam_x/automatic/cuda: fps=2.099 mean=476.3ms output=outputs/task7_inference_speed/cuda/isaac_official_unitree_g1/fastsam_x/automatic_speed.json
[START] isaac_official_unitree_g1/yolo8_seg/inference/cuda: loading 51 images
[LOAD] isaac_official_unitree_g1/yolo8_seg/inference/cuda: building model
[LOAD] yolo8_seg/isaac_official_unitree_g1: ultralytics=/home/ubuntu/COGAR_Foundation-Model-Segmentation-for-Robotic-Scenes/.venv/lib/python3.12/site-packages/ultralytics/__init__.py
[WARMUP] isaac_official_unitree_g1/yolo8_seg/inference/cuda: 1 images
[TIMING] isaac_official_unitree_g1/yolo8_seg/inference/cuda: 50 images
[PROGRESS] isaac_official_unitree_g1/yolo8_seg/inference/cuda: 1/50 images, last=47.7ms, elapsed=0.0s
[PROGRESS] isaac_official_unitree_g1/yolo8_seg/inference/cuda: 5/50 images, last=52.3ms, elapsed=0.3s
[PROGRESS] isaac_official_unitree_g1/yolo8_seg/inference/cuda: 10/50 images, last=47.9ms, elapsed=0.5s
[PROGRESS] isaac_official_unitree_g1/yolo8_seg/inference/cuda: 15/50 images, last=47.5ms, elapsed=0.8s
[PROGRESS] isaac_official_unitree_g1/yolo8_seg/inference/cuda: 20/50 images, last=52.3ms, elapsed=1.0s
[PROGRESS] isaac_official_unitree_g1/yolo8_seg/inference/cuda: 25/50 images, last=47.6ms, elapsed=1.3s
[PROGRESS] isaac_official_unitree_g1/yolo8_seg/inference/cuda: 30/50 images, last=50.9ms, elapsed=1.5s
[PROGRESS] isaac_official_unitree_g1/yolo8_seg/inference/cuda: 35/50 images, last=47.4ms, elapsed=1.8s
[PROGRESS] isaac_official_unitree_g1/yolo8_seg/inference/cuda: 40/50 images, last=47.6ms, elapsed=2.0s
[PROGRESS] isaac_official_unitree_g1/yolo8_seg/inference/cuda: 45/50 images, last=47.6ms, elapsed=2.3s
[PROGRESS] isaac_official_unitree_g1/yolo8_seg/inference/cuda: 50/50 images, last=51.4ms, elapsed=2.5s
[DONE] isaac_official_unitree_g1/yolo8_seg/inference/cuda: fps=19.967 mean=50.1ms output=outputs/task7_inference_speed/cuda/isaac_official_unitree_g1/yolo8_seg/inference_speed.json
[START] isaac_official_unitree_g1/mask_rcnn/inference/cuda: loading 51 images
[LOAD] isaac_official_unitree_g1/mask_rcnn/inference/cuda: building model
/home/ubuntu/COGAR_Foundation-Model-Segmentation-for-Robotic-Scenes/scripts/benchmarks/measure_task7_inference_speed.py:510: FutureWarning: You are using `torch.load` with `weights_only=False` (the current default value), which uses the default pickle module implicitly. It is possible to construct malicious pickle data which will execute arbitrary code during unpickling (See https://github.com/pytorch/pytorch/blob/main/SECURITY.md#untrusted-models for more details). In a future release, the default value for `weights_only` will be flipped to `True`. This limits the functions that could be executed during unpickling. Arbitrary objects will no longer be allowed to be loaded via this mode unless they are explicitly allowlisted by the user via `torch.serialization.add_safe_globals`. We recommend you start setting `weights_only=True` for any use case where you don't have full control of the loaded file. Please open an issue on GitHub for any issues related to this experimental feature.
  checkpoint = torch.load(checkpoint_path, map_location=device_obj)
/home/ubuntu/COGAR_Foundation-Model-Segmentation-for-Robotic-Scenes/.venv/lib/python3.12/site-packages/torchvision/models/detection/backbone_utils.py:162: UserWarning: Changing trainable_backbone_layers has no effect if neither pretrained nor pretrained_backbone have been set to True, falling back to trainable_backbone_layers=5 so that all layers are trainable
  warnings.warn(
[WARMUP] isaac_official_unitree_g1/mask_rcnn/inference/cuda: 1 images
[TIMING] isaac_official_unitree_g1/mask_rcnn/inference/cuda: 50 images
[PROGRESS] isaac_official_unitree_g1/mask_rcnn/inference/cuda: 1/50 images, last=136.0ms, elapsed=0.1s
[PROGRESS] isaac_official_unitree_g1/mask_rcnn/inference/cuda: 5/50 images, last=126.1ms, elapsed=0.6s
[PROGRESS] isaac_official_unitree_g1/mask_rcnn/inference/cuda: 10/50 images, last=123.9ms, elapsed=1.2s
[PROGRESS] isaac_official_unitree_g1/mask_rcnn/inference/cuda: 15/50 images, last=123.5ms, elapsed=1.8s
[PROGRESS] isaac_official_unitree_g1/mask_rcnn/inference/cuda: 20/50 images, last=115.9ms, elapsed=2.4s
[PROGRESS] isaac_official_unitree_g1/mask_rcnn/inference/cuda: 25/50 images, last=123.9ms, elapsed=3.0s
[PROGRESS] isaac_official_unitree_g1/mask_rcnn/inference/cuda: 30/50 images, last=119.7ms, elapsed=3.6s
[PROGRESS] isaac_official_unitree_g1/mask_rcnn/inference/cuda: 35/50 images, last=123.2ms, elapsed=4.2s
[PROGRESS] isaac_official_unitree_g1/mask_rcnn/inference/cuda: 40/50 images, last=125.8ms, elapsed=4.8s
[PROGRESS] isaac_official_unitree_g1/mask_rcnn/inference/cuda: 45/50 images, last=123.1ms, elapsed=5.5s
[PROGRESS] isaac_official_unitree_g1/mask_rcnn/inference/cuda: 50/50 images, last=116.7ms, elapsed=6.1s
[DONE] isaac_official_unitree_g1/mask_rcnn/inference/cuda: fps=8.259 mean=121.1ms output=outputs/task7_inference_speed/cuda/isaac_official_unitree_g1/mask_rcnn/inference_speed.json
[START] isaac_official_unitree_g1/deeplabv3plus/inference/cuda: loading 51 images
[LOAD] isaac_official_unitree_g1/deeplabv3plus/inference/cuda: building model
/home/ubuntu/COGAR_Foundation-Model-Segmentation-for-Robotic-Scenes/scripts/benchmarks/measure_task7_inference_speed.py:557: FutureWarning: You are using `torch.load` with `weights_only=False` (the current default value), which uses the default pickle module implicitly. It is possible to construct malicious pickle data which will execute arbitrary code during unpickling (See https://github.com/pytorch/pytorch/blob/main/SECURITY.md#untrusted-models for more details). In a future release, the default value for `weights_only` will be flipped to `True`. This limits the functions that could be executed during unpickling. Arbitrary objects will no longer be allowed to be loaded via this mode unless they are explicitly allowlisted by the user via `torch.serialization.add_safe_globals`. We recommend you start setting `weights_only=True` for any use case where you don't have full control of the loaded file. Please open an issue on GitHub for any issues related to this experimental feature.
  checkpoint = torch.load(checkpoint_path, map_location=device_obj)
[WARMUP] isaac_official_unitree_g1/deeplabv3plus/inference/cuda: 1 images
[TIMING] isaac_official_unitree_g1/deeplabv3plus/inference/cuda: 50 images
[PROGRESS] isaac_official_unitree_g1/deeplabv3plus/inference/cuda: 1/50 images, last=44.4ms, elapsed=0.0s
[PROGRESS] isaac_official_unitree_g1/deeplabv3plus/inference/cuda: 5/50 images, last=40.0ms, elapsed=0.2s
[PROGRESS] isaac_official_unitree_g1/deeplabv3plus/inference/cuda: 10/50 images, last=30.3ms, elapsed=0.4s
[PROGRESS] isaac_official_unitree_g1/deeplabv3plus/inference/cuda: 15/50 images, last=27.1ms, elapsed=0.5s
[PROGRESS] isaac_official_unitree_g1/deeplabv3plus/inference/cuda: 20/50 images, last=26.8ms, elapsed=0.6s
[PROGRESS] isaac_official_unitree_g1/deeplabv3plus/inference/cuda: 25/50 images, last=26.8ms, elapsed=0.8s
[PROGRESS] isaac_official_unitree_g1/deeplabv3plus/inference/cuda: 30/50 images, last=27.2ms, elapsed=0.9s
[PROGRESS] isaac_official_unitree_g1/deeplabv3plus/inference/cuda: 35/50 images, last=26.7ms, elapsed=1.1s
[PROGRESS] isaac_official_unitree_g1/deeplabv3plus/inference/cuda: 40/50 images, last=26.9ms, elapsed=1.2s
[PROGRESS] isaac_official_unitree_g1/deeplabv3plus/inference/cuda: 45/50 images, last=27.2ms, elapsed=1.3s
[PROGRESS] isaac_official_unitree_g1/deeplabv3plus/inference/cuda: 50/50 images, last=26.9ms, elapsed=1.5s
[DONE] isaac_official_unitree_g1/deeplabv3plus/inference/cuda: fps=34.332 mean=29.1ms output=outputs/task7_inference_speed/cuda/isaac_official_unitree_g1/deeplabv3plus/inference_speed.json
[START] blenderproc_cogar_sim/sam_vit_h/point/cuda: loading 51 images
[LOAD] blenderproc_cogar_sim/sam_vit_h/point/cuda: building model
/home/ubuntu/COGAR_Foundation-Model-Segmentation-for-Robotic-Scenes/.venv/lib/python3.12/site-packages/segment_anything/build_sam.py:105: FutureWarning: You are using `torch.load` with `weights_only=False` (the current default value), which uses the default pickle module implicitly. It is possible to construct malicious pickle data which will execute arbitrary code during unpickling (See https://github.com/pytorch/pytorch/blob/main/SECURITY.md#untrusted-models for more details). In a future release, the default value for `weights_only` will be flipped to `True`. This limits the functions that could be executed during unpickling. Arbitrary objects will no longer be allowed to be loaded via this mode unless they are explicitly allowlisted by the user via `torch.serialization.add_safe_globals`. We recommend you start setting `weights_only=True` for any use case where you don't have full control of the loaded file. Please open an issue on GitHub for any issues related to this experimental feature.
  state_dict = torch.load(f)
[WARMUP] blenderproc_cogar_sim/sam_vit_h/point/cuda: 1 images
[TIMING] blenderproc_cogar_sim/sam_vit_h/point/cuda: 50 images
[PROGRESS] blenderproc_cogar_sim/sam_vit_h/point/cuda: 1/50 images, last=1736.9ms, elapsed=1.7s
[PROGRESS] blenderproc_cogar_sim/sam_vit_h/point/cuda: 5/50 images, last=1754.8ms, elapsed=8.7s
[PROGRESS] blenderproc_cogar_sim/sam_vit_h/point/cuda: 10/50 images, last=1763.3ms, elapsed=17.5s
[PROGRESS] blenderproc_cogar_sim/sam_vit_h/point/cuda: 15/50 images, last=1733.9ms, elapsed=26.3s
[PROGRESS] blenderproc_cogar_sim/sam_vit_h/point/cuda: 20/50 images, last=1738.8ms, elapsed=35.0s
[PROGRESS] blenderproc_cogar_sim/sam_vit_h/point/cuda: 25/50 images, last=1744.7ms, elapsed=43.7s
[PROGRESS] blenderproc_cogar_sim/sam_vit_h/point/cuda: 30/50 images, last=1743.5ms, elapsed=52.4s
[PROGRESS] blenderproc_cogar_sim/sam_vit_h/point/cuda: 35/50 images, last=1752.6ms, elapsed=61.1s
[PROGRESS] blenderproc_cogar_sim/sam_vit_h/point/cuda: 40/50 images, last=1748.2ms, elapsed=69.9s
[PROGRESS] blenderproc_cogar_sim/sam_vit_h/point/cuda: 45/50 images, last=1752.1ms, elapsed=78.7s
[PROGRESS] blenderproc_cogar_sim/sam_vit_h/point/cuda: 50/50 images, last=1747.3ms, elapsed=87.4s
[DONE] blenderproc_cogar_sim/sam_vit_h/point/cuda: fps=0.572 mean=1748.0ms output=outputs/task7_inference_speed/cuda/blenderproc_cogar_sim/sam_vit_h/point_speed.json
[START] blenderproc_cogar_sim/sam_vit_h/box/cuda: loading 51 images
[LOAD] blenderproc_cogar_sim/sam_vit_h/box/cuda: building model
[WARMUP] blenderproc_cogar_sim/sam_vit_h/box/cuda: 1 images
[TIMING] blenderproc_cogar_sim/sam_vit_h/box/cuda: 50 images
[PROGRESS] blenderproc_cogar_sim/sam_vit_h/box/cuda: 1/50 images, last=1723.7ms, elapsed=1.7s
[PROGRESS] blenderproc_cogar_sim/sam_vit_h/box/cuda: 5/50 images, last=1736.6ms, elapsed=8.7s
[PROGRESS] blenderproc_cogar_sim/sam_vit_h/box/cuda: 10/50 images, last=1742.1ms, elapsed=17.4s
[PROGRESS] blenderproc_cogar_sim/sam_vit_h/box/cuda: 15/50 images, last=1736.6ms, elapsed=26.1s
[PROGRESS] blenderproc_cogar_sim/sam_vit_h/box/cuda: 20/50 images, last=1742.4ms, elapsed=34.7s
[PROGRESS] blenderproc_cogar_sim/sam_vit_h/box/cuda: 25/50 images, last=1746.6ms, elapsed=43.5s
[PROGRESS] blenderproc_cogar_sim/sam_vit_h/box/cuda: 30/50 images, last=1739.0ms, elapsed=52.2s
[PROGRESS] blenderproc_cogar_sim/sam_vit_h/box/cuda: 35/50 images, last=1744.5ms, elapsed=60.9s
[PROGRESS] blenderproc_cogar_sim/sam_vit_h/box/cuda: 40/50 images, last=1747.4ms, elapsed=69.6s
[PROGRESS] blenderproc_cogar_sim/sam_vit_h/box/cuda: 45/50 images, last=1745.9ms, elapsed=78.3s
[PROGRESS] blenderproc_cogar_sim/sam_vit_h/box/cuda: 50/50 images, last=1746.0ms, elapsed=87.1s
[DONE] blenderproc_cogar_sim/sam_vit_h/box/cuda: fps=0.574 mean=1741.2ms output=outputs/task7_inference_speed/cuda/blenderproc_cogar_sim/sam_vit_h/box_speed.json
[START] blenderproc_cogar_sim/sam_vit_h/automatic/cuda: loading 21 images
[LOAD] blenderproc_cogar_sim/sam_vit_h/automatic/cuda: building model
[WARMUP] blenderproc_cogar_sim/sam_vit_h/automatic/cuda: 1 images
[TIMING] blenderproc_cogar_sim/sam_vit_h/automatic/cuda: 20 images
[PROGRESS] blenderproc_cogar_sim/sam_vit_h/automatic/cuda: 1/20 images, last=8851.1ms, elapsed=8.9s
[PROGRESS] blenderproc_cogar_sim/sam_vit_h/automatic/cuda: 5/20 images, last=9046.8ms, elapsed=44.2s
[PROGRESS] blenderproc_cogar_sim/sam_vit_h/automatic/cuda: 10/20 images, last=8237.4ms, elapsed=87.6s
[PROGRESS] blenderproc_cogar_sim/sam_vit_h/automatic/cuda: 15/20 images, last=8398.1ms, elapsed=130.2s
[PROGRESS] blenderproc_cogar_sim/sam_vit_h/automatic/cuda: 20/20 images, last=9314.0ms, elapsed=174.1s
[DONE] blenderproc_cogar_sim/sam_vit_h/automatic/cuda: fps=0.115 mean=8706.0ms output=outputs/task7_inference_speed/cuda/blenderproc_cogar_sim/sam_vit_h/automatic_speed.json
[START] blenderproc_cogar_sim/sam_vit_b/point/cuda: loading 51 images
[LOAD] blenderproc_cogar_sim/sam_vit_b/point/cuda: building model
[WARMUP] blenderproc_cogar_sim/sam_vit_b/point/cuda: 1 images
[TIMING] blenderproc_cogar_sim/sam_vit_b/point/cuda: 50 images
[PROGRESS] blenderproc_cogar_sim/sam_vit_b/point/cuda: 1/50 images, last=376.5ms, elapsed=0.4s
[PROGRESS] blenderproc_cogar_sim/sam_vit_b/point/cuda: 5/50 images, last=376.9ms, elapsed=1.9s
[PROGRESS] blenderproc_cogar_sim/sam_vit_b/point/cuda: 10/50 images, last=377.0ms, elapsed=3.8s
[PROGRESS] blenderproc_cogar_sim/sam_vit_b/point/cuda: 15/50 images, last=374.7ms, elapsed=5.6s
[PROGRESS] blenderproc_cogar_sim/sam_vit_b/point/cuda: 20/50 images, last=376.6ms, elapsed=7.5s
[PROGRESS] blenderproc_cogar_sim/sam_vit_b/point/cuda: 25/50 images, last=378.4ms, elapsed=9.4s
[PROGRESS] blenderproc_cogar_sim/sam_vit_b/point/cuda: 30/50 images, last=375.4ms, elapsed=11.3s
[PROGRESS] blenderproc_cogar_sim/sam_vit_b/point/cuda: 35/50 images, last=376.5ms, elapsed=13.2s
[PROGRESS] blenderproc_cogar_sim/sam_vit_b/point/cuda: 40/50 images, last=377.3ms, elapsed=15.1s
[PROGRESS] blenderproc_cogar_sim/sam_vit_b/point/cuda: 45/50 images, last=377.7ms, elapsed=17.0s
[PROGRESS] blenderproc_cogar_sim/sam_vit_b/point/cuda: 50/50 images, last=377.8ms, elapsed=18.9s
[DONE] blenderproc_cogar_sim/sam_vit_b/point/cuda: fps=2.651 mean=377.2ms output=outputs/task7_inference_speed/cuda/blenderproc_cogar_sim/sam_vit_b/point_speed.json
[START] blenderproc_cogar_sim/sam_vit_b/box/cuda: loading 51 images
[LOAD] blenderproc_cogar_sim/sam_vit_b/box/cuda: building model
[WARMUP] blenderproc_cogar_sim/sam_vit_b/box/cuda: 1 images
[TIMING] blenderproc_cogar_sim/sam_vit_b/box/cuda: 50 images
[PROGRESS] blenderproc_cogar_sim/sam_vit_b/box/cuda: 1/50 images, last=374.7ms, elapsed=0.4s
[PROGRESS] blenderproc_cogar_sim/sam_vit_b/box/cuda: 5/50 images, last=376.5ms, elapsed=1.9s
[PROGRESS] blenderproc_cogar_sim/sam_vit_b/box/cuda: 10/50 images, last=378.6ms, elapsed=3.8s
[PROGRESS] blenderproc_cogar_sim/sam_vit_b/box/cuda: 15/50 images, last=378.2ms, elapsed=5.7s
[PROGRESS] blenderproc_cogar_sim/sam_vit_b/box/cuda: 20/50 images, last=377.5ms, elapsed=7.5s
[PROGRESS] blenderproc_cogar_sim/sam_vit_b/box/cuda: 25/50 images, last=378.4ms, elapsed=9.4s
[PROGRESS] blenderproc_cogar_sim/sam_vit_b/box/cuda: 30/50 images, last=377.4ms, elapsed=11.3s
[PROGRESS] blenderproc_cogar_sim/sam_vit_b/box/cuda: 35/50 images, last=376.1ms, elapsed=13.2s
[PROGRESS] blenderproc_cogar_sim/sam_vit_b/box/cuda: 40/50 images, last=379.2ms, elapsed=15.1s
[PROGRESS] blenderproc_cogar_sim/sam_vit_b/box/cuda: 45/50 images, last=378.4ms, elapsed=17.0s
[PROGRESS] blenderproc_cogar_sim/sam_vit_b/box/cuda: 50/50 images, last=377.0ms, elapsed=18.9s
[DONE] blenderproc_cogar_sim/sam_vit_b/box/cuda: fps=2.651 mean=377.3ms output=outputs/task7_inference_speed/cuda/blenderproc_cogar_sim/sam_vit_b/box_speed.json
[START] blenderproc_cogar_sim/sam_vit_b/automatic/cuda: loading 21 images
[LOAD] blenderproc_cogar_sim/sam_vit_b/automatic/cuda: building model
[WARMUP] blenderproc_cogar_sim/sam_vit_b/automatic/cuda: 1 images
[TIMING] blenderproc_cogar_sim/sam_vit_b/automatic/cuda: 20 images
[PROGRESS] blenderproc_cogar_sim/sam_vit_b/automatic/cuda: 1/20 images, last=4748.5ms, elapsed=4.7s
[PROGRESS] blenderproc_cogar_sim/sam_vit_b/automatic/cuda: 5/20 images, last=6197.1ms, elapsed=25.8s
[PROGRESS] blenderproc_cogar_sim/sam_vit_b/automatic/cuda: 10/20 images, last=4635.4ms, elapsed=52.1s
[PROGRESS] blenderproc_cogar_sim/sam_vit_b/automatic/cuda: 15/20 images, last=5274.3ms, elapsed=77.0s
[PROGRESS] blenderproc_cogar_sim/sam_vit_b/automatic/cuda: 20/20 images, last=5319.2ms, elapsed=103.0s
[DONE] blenderproc_cogar_sim/sam_vit_b/automatic/cuda: fps=0.194 mean=5149.9ms output=outputs/task7_inference_speed/cuda/blenderproc_cogar_sim/sam_vit_b/automatic_speed.json
[START] blenderproc_cogar_sim/sam2_hiera_large/point/cuda: loading 51 images
[LOAD] blenderproc_cogar_sim/sam2_hiera_large/point/cuda: building model
[WARMUP] blenderproc_cogar_sim/sam2_hiera_large/point/cuda: 1 images
[TIMING] blenderproc_cogar_sim/sam2_hiera_large/point/cuda: 50 images
[PROGRESS] blenderproc_cogar_sim/sam2_hiera_large/point/cuda: 1/50 images, last=588.2ms, elapsed=0.6s
[PROGRESS] blenderproc_cogar_sim/sam2_hiera_large/point/cuda: 5/50 images, last=588.9ms, elapsed=2.9s
[PROGRESS] blenderproc_cogar_sim/sam2_hiera_large/point/cuda: 10/50 images, last=591.7ms, elapsed=5.9s
[PROGRESS] blenderproc_cogar_sim/sam2_hiera_large/point/cuda: 15/50 images, last=589.2ms, elapsed=8.9s
[PROGRESS] blenderproc_cogar_sim/sam2_hiera_large/point/cuda: 20/50 images, last=593.5ms, elapsed=11.8s
[PROGRESS] blenderproc_cogar_sim/sam2_hiera_large/point/cuda: 25/50 images, last=594.6ms, elapsed=14.8s
[PROGRESS] blenderproc_cogar_sim/sam2_hiera_large/point/cuda: 30/50 images, last=594.2ms, elapsed=17.8s
[PROGRESS] blenderproc_cogar_sim/sam2_hiera_large/point/cuda: 35/50 images, last=591.7ms, elapsed=20.7s
[PROGRESS] blenderproc_cogar_sim/sam2_hiera_large/point/cuda: 40/50 images, last=594.8ms, elapsed=23.7s
[PROGRESS] blenderproc_cogar_sim/sam2_hiera_large/point/cuda: 45/50 images, last=593.6ms, elapsed=26.6s
[PROGRESS] blenderproc_cogar_sim/sam2_hiera_large/point/cuda: 50/50 images, last=594.2ms, elapsed=29.6s
[DONE] blenderproc_cogar_sim/sam2_hiera_large/point/cuda: fps=1.689 mean=592.2ms output=outputs/task7_inference_speed/cuda/blenderproc_cogar_sim/sam2_hiera_large/point_speed.json
[START] blenderproc_cogar_sim/sam2_hiera_large/box/cuda: loading 51 images
[LOAD] blenderproc_cogar_sim/sam2_hiera_large/box/cuda: building model
[WARMUP] blenderproc_cogar_sim/sam2_hiera_large/box/cuda: 1 images
[TIMING] blenderproc_cogar_sim/sam2_hiera_large/box/cuda: 50 images
[PROGRESS] blenderproc_cogar_sim/sam2_hiera_large/box/cuda: 1/50 images, last=588.2ms, elapsed=0.6s
[PROGRESS] blenderproc_cogar_sim/sam2_hiera_large/box/cuda: 5/50 images, last=595.5ms, elapsed=3.0s
[PROGRESS] blenderproc_cogar_sim/sam2_hiera_large/box/cuda: 10/50 images, last=589.5ms, elapsed=5.9s
[PROGRESS] blenderproc_cogar_sim/sam2_hiera_large/box/cuda: 15/50 images, last=592.9ms, elapsed=8.9s
[PROGRESS] blenderproc_cogar_sim/sam2_hiera_large/box/cuda: 20/50 images, last=592.5ms, elapsed=11.8s
[PROGRESS] blenderproc_cogar_sim/sam2_hiera_large/box/cuda: 25/50 images, last=591.0ms, elapsed=14.8s
[PROGRESS] blenderproc_cogar_sim/sam2_hiera_large/box/cuda: 30/50 images, last=595.9ms, elapsed=17.8s
[PROGRESS] blenderproc_cogar_sim/sam2_hiera_large/box/cuda: 35/50 images, last=591.3ms, elapsed=20.7s
[PROGRESS] blenderproc_cogar_sim/sam2_hiera_large/box/cuda: 40/50 images, last=596.5ms, elapsed=23.7s
[PROGRESS] blenderproc_cogar_sim/sam2_hiera_large/box/cuda: 45/50 images, last=592.6ms, elapsed=26.7s
[PROGRESS] blenderproc_cogar_sim/sam2_hiera_large/box/cuda: 50/50 images, last=594.4ms, elapsed=29.6s
[DONE] blenderproc_cogar_sim/sam2_hiera_large/box/cuda: fps=1.688 mean=592.4ms output=outputs/task7_inference_speed/cuda/blenderproc_cogar_sim/sam2_hiera_large/box_speed.json
[START] blenderproc_cogar_sim/sam2_hiera_large/automatic/cuda: loading 21 images
[LOAD] blenderproc_cogar_sim/sam2_hiera_large/automatic/cuda: building model
[WARMUP] blenderproc_cogar_sim/sam2_hiera_large/automatic/cuda: 1 images
[TIMING] blenderproc_cogar_sim/sam2_hiera_large/automatic/cuda: 20 images
[PROGRESS] blenderproc_cogar_sim/sam2_hiera_large/automatic/cuda: 1/20 images, last=5127.5ms, elapsed=5.1s
[PROGRESS] blenderproc_cogar_sim/sam2_hiera_large/automatic/cuda: 5/20 images, last=6481.1ms, elapsed=27.8s
[PROGRESS] blenderproc_cogar_sim/sam2_hiera_large/automatic/cuda: 10/20 images, last=5349.4ms, elapsed=56.1s
[PROGRESS] blenderproc_cogar_sim/sam2_hiera_large/automatic/cuda: 15/20 images, last=6551.9ms, elapsed=84.6s
[PROGRESS] blenderproc_cogar_sim/sam2_hiera_large/automatic/cuda: 20/20 images, last=5607.9ms, elapsed=113.4s
[DONE] blenderproc_cogar_sim/sam2_hiera_large/automatic/cuda: fps=0.176 mean=5671.9ms output=outputs/task7_inference_speed/cuda/blenderproc_cogar_sim/sam2_hiera_large/automatic_speed.json
[START] blenderproc_cogar_sim/fastsam_x/point/cuda: loading 51 images
[LOAD] blenderproc_cogar_sim/fastsam_x/point/cuda: building model
/home/ubuntu/COGAR_Foundation-Model-Segmentation-for-Robotic-Scenes/external/FastSAM/ultralytics/nn/tasks.py:518: FutureWarning: You are using `torch.load` with `weights_only=False` (the current default value), which uses the default pickle module implicitly. It is possible to construct malicious pickle data which will execute arbitrary code during unpickling (See https://github.com/pytorch/pytorch/blob/main/SECURITY.md#untrusted-models for more details). In a future release, the default value for `weights_only` will be flipped to `True`. This limits the functions that could be executed during unpickling. Arbitrary objects will no longer be allowed to be loaded via this mode unless they are explicitly allowlisted by the user via `torch.serialization.add_safe_globals`. We recommend you start setting `weights_only=True` for any use case where you don't have full control of the loaded file. Please open an issue on GitHub for any issues related to this experimental feature.
  return torch.load(file, map_location='cpu'), file  # load
[WARMUP] blenderproc_cogar_sim/fastsam_x/point/cuda: 1 images

image 1/1 /mnt/Info/COGAR_DATASETs/BlenderProc_cogar_sim_1000/rgb/000000.png: 768x1024 18 objects, 120.2ms
Speed: 4.1ms preprocess, 120.2ms inference, 3.3ms postprocess per image at shape (1, 3, 1024, 1024)
[TIMING] blenderproc_cogar_sim/fastsam_x/point/cuda: 50 images

image 1/1 /mnt/Info/COGAR_DATASETs/BlenderProc_cogar_sim_1000/rgb/000001.png: 768x1024 16 objects, 118.5ms
Speed: 4.1ms preprocess, 118.5ms inference, 3.4ms postprocess per image at shape (1, 3, 1024, 1024)
[PROGRESS] blenderproc_cogar_sim/fastsam_x/point/cuda: 1/50 images, last=309.5ms, elapsed=0.3s

image 1/1 /mnt/Info/COGAR_DATASETs/BlenderProc_cogar_sim_1000/rgb/000002.png: 768x1024 19 objects, 120.2ms
Speed: 4.0ms preprocess, 120.2ms inference, 3.3ms postprocess per image at shape (1, 3, 1024, 1024)

image 1/1 /mnt/Info/COGAR_DATASETs/BlenderProc_cogar_sim_1000/rgb/000003.png: 768x1024 21 objects, 117.6ms
Speed: 4.0ms preprocess, 117.6ms inference, 3.3ms postprocess per image at shape (1, 3, 1024, 1024)

image 1/1 /mnt/Info/COGAR_DATASETs/BlenderProc_cogar_sim_1000/rgb/000004.png: 768x1024 20 objects, 119.0ms
Speed: 4.0ms preprocess, 119.0ms inference, 3.4ms postprocess per image at shape (1, 3, 1024, 1024)

image 1/1 /mnt/Info/COGAR_DATASETs/BlenderProc_cogar_sim_1000/rgb/000005.png: 768x1024 16 objects, 118.7ms
Speed: 4.0ms preprocess, 118.7ms inference, 3.2ms postprocess per image at shape (1, 3, 1024, 1024)
[PROGRESS] blenderproc_cogar_sim/fastsam_x/point/cuda: 5/50 images, last=311.7ms, elapsed=1.6s

image 1/1 /mnt/Info/COGAR_DATASETs/BlenderProc_cogar_sim_1000/rgb/000006.png: 768x1024 13 objects, 120.2ms
Speed: 4.0ms preprocess, 120.2ms inference, 3.1ms postprocess per image at shape (1, 3, 1024, 1024)

image 1/1 /mnt/Info/COGAR_DATASETs/BlenderProc_cogar_sim_1000/rgb/000007.png: 768x1024 16 objects, 117.9ms
Speed: 4.0ms preprocess, 117.9ms inference, 3.1ms postprocess per image at shape (1, 3, 1024, 1024)

image 1/1 /mnt/Info/COGAR_DATASETs/BlenderProc_cogar_sim_1000/rgb/000008.png: 768x1024 19 objects, 120.2ms
Speed: 4.0ms preprocess, 120.2ms inference, 3.2ms postprocess per image at shape (1, 3, 1024, 1024)

image 1/1 /mnt/Info/COGAR_DATASETs/BlenderProc_cogar_sim_1000/rgb/000009.png: 768x1024 17 objects, 117.4ms
Speed: 4.0ms preprocess, 117.4ms inference, 3.3ms postprocess per image at shape (1, 3, 1024, 1024)

image 1/1 /mnt/Info/COGAR_DATASETs/BlenderProc_cogar_sim_1000/rgb/000010.png: 768x1024 18 objects, 119.2ms
Speed: 4.0ms preprocess, 119.2ms inference, 3.3ms postprocess per image at shape (1, 3, 1024, 1024)
[PROGRESS] blenderproc_cogar_sim/fastsam_x/point/cuda: 10/50 images, last=314.0ms, elapsed=3.1s

image 1/1 /mnt/Info/COGAR_DATASETs/BlenderProc_cogar_sim_1000/rgb/000011.png: 768x1024 16 objects, 119.8ms
Speed: 4.0ms preprocess, 119.8ms inference, 3.3ms postprocess per image at shape (1, 3, 1024, 1024)

image 1/1 /mnt/Info/COGAR_DATASETs/BlenderProc_cogar_sim_1000/rgb/000012.png: 768x1024 18 objects, 119.0ms
Speed: 4.1ms preprocess, 119.0ms inference, 3.3ms postprocess per image at shape (1, 3, 1024, 1024)

image 1/1 /mnt/Info/COGAR_DATASETs/BlenderProc_cogar_sim_1000/rgb/000013.png: 768x1024 1 object, 119.7ms
Speed: 4.0ms preprocess, 119.7ms inference, 3.9ms postprocess per image at shape (1, 3, 1024, 1024)

image 1/1 /mnt/Info/COGAR_DATASETs/BlenderProc_cogar_sim_1000/rgb/000014.png: 768x1024 28 objects, 117.2ms
Speed: 4.0ms preprocess, 117.2ms inference, 3.8ms postprocess per image at shape (1, 3, 1024, 1024)

image 1/1 /mnt/Info/COGAR_DATASETs/BlenderProc_cogar_sim_1000/rgb/000015.png: 768x1024 16 objects, 118.8ms
Speed: 4.0ms preprocess, 118.8ms inference, 3.3ms postprocess per image at shape (1, 3, 1024, 1024)
[PROGRESS] blenderproc_cogar_sim/fastsam_x/point/cuda: 15/50 images, last=314.4ms, elapsed=4.7s

image 1/1 /mnt/Info/COGAR_DATASETs/BlenderProc_cogar_sim_1000/rgb/000016.png: 768x1024 14 objects, 117.2ms
Speed: 4.0ms preprocess, 117.2ms inference, 3.1ms postprocess per image at shape (1, 3, 1024, 1024)

image 1/1 /mnt/Info/COGAR_DATASETs/BlenderProc_cogar_sim_1000/rgb/000017.png: 768x1024 16 objects, 119.5ms
Speed: 4.0ms preprocess, 119.5ms inference, 3.2ms postprocess per image at shape (1, 3, 1024, 1024)

image 1/1 /mnt/Info/COGAR_DATASETs/BlenderProc_cogar_sim_1000/rgb/000018.png: 768x1024 15 objects, 118.4ms
Speed: 4.0ms preprocess, 118.4ms inference, 3.2ms postprocess per image at shape (1, 3, 1024, 1024)


image 1/1 /mnt/Info/COGAR_DATASETs/BlenderProc_cogar_sim_1000/rgb/000020.png: 768x1024 14 objects, 119.5ms
Speed: 4.0ms preprocess, 119.5ms inference, 3.1ms postprocess per image at shape (1, 3, 1024, 1024)
[PROGRESS] blenderproc_cogar_sim/fastsam_x/point/cuda: 20/50 images, last=314.4ms, elapsed=6.3s

image 1/1 /mnt/Info/COGAR_DATASETs/BlenderProc_cogar_sim_1000/rgb/000021.png: 768x1024 1 object, 118.1ms
Speed: 4.0ms preprocess, 118.1ms inference, 2.7ms postprocess per image at shape (1, 3, 1024, 1024)

image 1/1 /mnt/Info/COGAR_DATASETs/BlenderProc_cogar_sim_1000/rgb/000022.png: 768x1024 1 object, 118.0ms
Speed: 4.0ms preprocess, 118.0ms inference, 2.7ms postprocess per image at shape (1, 3, 1024, 1024)

image 1/1 /mnt/Info/COGAR_DATASETs/BlenderProc_cogar_sim_1000/rgb/000023.png: 768x1024 16 objects, 118.9ms
Speed: 4.0ms preprocess, 118.9ms inference, 3.2ms postprocess per image at shape (1, 3, 1024, 1024)

image 1/1 /mnt/Info/COGAR_DATASETs/BlenderProc_cogar_sim_1000/rgb/000024.png: 768x1024 2 objects, 119.1ms
Speed: 4.0ms preprocess, 119.1ms inference, 3.0ms postprocess per image at shape (1, 3, 1024, 1024)

image 1/1 /mnt/Info/COGAR_DATASETs/BlenderProc_cogar_sim_1000/rgb/000025.png: 768x1024 14 objects, 116.3ms
Speed: 4.0ms preprocess, 116.3ms inference, 3.2ms postprocess per image at shape (1, 3, 1024, 1024)
[PROGRESS] blenderproc_cogar_sim/fastsam_x/point/cuda: 25/50 images, last=311.6ms, elapsed=7.8s

image 1/1 /mnt/Info/COGAR_DATASETs/BlenderProc_cogar_sim_1000/rgb/000026.png: 768x1024 1 object, 117.3ms
Speed: 4.0ms preprocess, 117.3ms inference, 2.7ms postprocess per image at shape (1, 3, 1024, 1024)

image 1/1 /mnt/Info/COGAR_DATASETs/BlenderProc_cogar_sim_1000/rgb/000027.png: 768x1024 17 objects, 118.7ms
Speed: 4.0ms preprocess, 118.7ms inference, 3.2ms postprocess per image at shape (1, 3, 1024, 1024)

image 1/1 /mnt/Info/COGAR_DATASETs/BlenderProc_cogar_sim_1000/rgb/000028.png: 768x1024 19 objects, 120.2ms
Speed: 4.1ms preprocess, 120.2ms inference, 3.3ms postprocess per image at shape (1, 3, 1024, 1024)

image 1/1 /mnt/Info/COGAR_DATASETs/BlenderProc_cogar_sim_1000/rgb/000029.png: 768x1024 22 objects, 120.3ms
Speed: 4.1ms preprocess, 120.3ms inference, 3.5ms postprocess per image at shape (1, 3, 1024, 1024)

image 1/1 /mnt/Info/COGAR_DATASETs/BlenderProc_cogar_sim_1000/rgb/000030.png: 768x1024 13 objects, 118.1ms
Speed: 4.0ms preprocess, 118.1ms inference, 3.0ms postprocess per image at shape (1, 3, 1024, 1024)
[PROGRESS] blenderproc_cogar_sim/fastsam_x/point/cuda: 30/50 images, last=310.8ms, elapsed=9.4s

image 1/1 /mnt/Info/COGAR_DATASETs/BlenderProc_cogar_sim_1000/rgb/000031.png: 768x1024 8 objects, 118.8ms
Speed: 4.0ms preprocess, 118.8ms inference, 5.9ms postprocess per image at shape (1, 3, 1024, 1024)

image 1/1 /mnt/Info/COGAR_DATASETs/BlenderProc_cogar_sim_1000/rgb/000032.png: 768x1024 16 objects, 119.0ms
Speed: 4.0ms preprocess, 119.0ms inference, 3.2ms postprocess per image at shape (1, 3, 1024, 1024)

image 1/1 /mnt/Info/COGAR_DATASETs/BlenderProc_cogar_sim_1000/rgb/000033.png: 768x1024 1 object, 119.0ms
Speed: 4.0ms preprocess, 119.0ms inference, 2.8ms postprocess per image at shape (1, 3, 1024, 1024)

image 1/1 /mnt/Info/COGAR_DATASETs/BlenderProc_cogar_sim_1000/rgb/000034.png: 768x1024 14 objects, 119.4ms
Speed: 4.0ms preprocess, 119.4ms inference, 3.1ms postprocess per image at shape (1, 3, 1024, 1024)

image 1/1 /mnt/Info/COGAR_DATASETs/BlenderProc_cogar_sim_1000/rgb/000035.png: 768x1024 16 objects, 118.7ms
Speed: 4.0ms preprocess, 118.7ms inference, 3.3ms postprocess per image at shape (1, 3, 1024, 1024)
[PROGRESS] blenderproc_cogar_sim/fastsam_x/point/cuda: 35/50 images, last=314.4ms, elapsed=10.9s

image 1/1 /mnt/Info/COGAR_DATASETs/BlenderProc_cogar_sim_1000/rgb/000036.png: 768x1024 21 objects, 119.8ms
Speed: 4.0ms preprocess, 119.8ms inference, 3.3ms postprocess per image at shape (1, 3, 1024, 1024)

No object detected.

image 1/1 /mnt/Info/COGAR_DATASETs/BlenderProc_cogar_sim_1000/rgb/000038.png: 768x1024 16 objects, 118.8ms
Speed: 4.0ms preprocess, 118.8ms inference, 3.3ms postprocess per image at shape (1, 3, 1024, 1024)

image 1/1 /mnt/Info/COGAR_DATASETs/BlenderProc_cogar_sim_1000/rgb/000039.png: 768x1024 26 objects, 119.9ms
Speed: 4.0ms preprocess, 119.9ms inference, 3.6ms postprocess per image at shape (1, 3, 1024, 1024)

image 1/1 /mnt/Info/COGAR_DATASETs/BlenderProc_cogar_sim_1000/rgb/000040.png: 768x1024 13 objects, 117.6ms
Speed: 4.0ms preprocess, 117.6ms inference, 3.0ms postprocess per image at shape (1, 3, 1024, 1024)
[PROGRESS] blenderproc_cogar_sim/fastsam_x/point/cuda: 40/50 images, last=310.3ms, elapsed=12.5s

image 1/1 /mnt/Info/COGAR_DATASETs/BlenderProc_cogar_sim_1000/rgb/000041.png: 768x1024 16 objects, 119.4ms
Speed: 4.1ms preprocess, 119.4ms inference, 3.3ms postprocess per image at shape (1, 3, 1024, 1024)

image 1/1 /mnt/Info/COGAR_DATASETs/BlenderProc_cogar_sim_1000/rgb/000042.png: 768x1024 22 objects, 118.4ms
Speed: 4.0ms preprocess, 118.4ms inference, 3.5ms postprocess per image at shape (1, 3, 1024, 1024)

image 1/1 /mnt/Info/COGAR_DATASETs/BlenderProc_cogar_sim_1000/rgb/000043.png: 768x1024 28 objects, 118.0ms
Speed: 4.0ms preprocess, 118.0ms inference, 3.6ms postprocess per image at shape (1, 3, 1024, 1024)

image 1/1 /mnt/Info/COGAR_DATASETs/BlenderProc_cogar_sim_1000/rgb/000044.png: 768x1024 12 objects, 120.0ms
Speed: 4.0ms preprocess, 120.0ms inference, 3.1ms postprocess per image at shape (1, 3, 1024, 1024)

image 1/1 /mnt/Info/COGAR_DATASETs/BlenderProc_cogar_sim_1000/rgb/000045.png: 768x1024 19 objects, 119.0ms
Speed: 4.0ms preprocess, 119.0ms inference, 3.3ms postprocess per image at shape (1, 3, 1024, 1024)
[PROGRESS] blenderproc_cogar_sim/fastsam_x/point/cuda: 45/50 images, last=316.8ms, elapsed=14.1s

image 1/1 /mnt/Info/COGAR_DATASETs/BlenderProc_cogar_sim_1000/rgb/000046.png: 768x1024 19 objects, 120.1ms
Speed: 4.0ms preprocess, 120.1ms inference, 3.3ms postprocess per image at shape (1, 3, 1024, 1024)

image 1/1 /mnt/Info/COGAR_DATASETs/BlenderProc_cogar_sim_1000/rgb/000047.png: 768x1024 17 objects, 117.8ms
Speed: 4.0ms preprocess, 117.8ms inference, 3.3ms postprocess per image at shape (1, 3, 1024, 1024)

image 1/1 /mnt/Info/COGAR_DATASETs/BlenderProc_cogar_sim_1000/rgb/000048.png: 768x1024 27 objects, 119.7ms
Speed: 4.0ms preprocess, 119.7ms inference, 3.6ms postprocess per image at shape (1, 3, 1024, 1024)

image 1/1 /mnt/Info/COGAR_DATASETs/BlenderProc_cogar_sim_1000/rgb/000049.png: 768x1024 20 objects, 119.7ms
Speed: 4.0ms preprocess, 119.7ms inference, 3.3ms postprocess per image at shape (1, 3, 1024, 1024)

image 1/1 /mnt/Info/COGAR_DATASETs/BlenderProc_cogar_sim_1000/rgb/000050.png: 768x1024 17 objects, 117.7ms
Speed: 4.0ms preprocess, 117.7ms inference, 3.2ms postprocess per image at shape (1, 3, 1024, 1024)
[PROGRESS] blenderproc_cogar_sim/fastsam_x/point/cuda: 50/50 images, last=313.4ms, elapsed=15.7s
[DONE] blenderproc_cogar_sim/fastsam_x/point/cuda: fps=3.191 mean=313.4ms output=outputs/task7_inference_speed/cuda/blenderproc_cogar_sim/fastsam_x/point_speed.json
[START] blenderproc_cogar_sim/fastsam_x/box/cuda: loading 51 images
[LOAD] blenderproc_cogar_sim/fastsam_x/box/cuda: building model
[WARMUP] blenderproc_cogar_sim/fastsam_x/box/cuda: 1 images

image 1/1 /mnt/Info/COGAR_DATASETs/BlenderProc_cogar_sim_1000/rgb/000000.png: 768x1024 18 objects, 118.4ms
Speed: 4.0ms preprocess, 118.4ms inference, 3.4ms postprocess per image at shape (1, 3, 1024, 1024)
[TIMING] blenderproc_cogar_sim/fastsam_x/box/cuda: 50 images

image 1/1 /mnt/Info/COGAR_DATASETs/BlenderProc_cogar_sim_1000/rgb/000001.png: 768x1024 16 objects, 118.3ms
Speed: 3.9ms preprocess, 118.3ms inference, 3.1ms postprocess per image at shape (1, 3, 1024, 1024)
[PROGRESS] blenderproc_cogar_sim/fastsam_x/box/cuda: 1/50 images, last=304.8ms, elapsed=0.3s

image 1/1 /mnt/Info/COGAR_DATASETs/BlenderProc_cogar_sim_1000/rgb/000002.png: 768x1024 19 objects, 118.9ms
Speed: 4.0ms preprocess, 118.9ms inference, 3.3ms postprocess per image at shape (1, 3, 1024, 1024)

image 1/1 /mnt/Info/COGAR_DATASETs/BlenderProc_cogar_sim_1000/rgb/000003.png: 768x1024 21 objects, 118.3ms
Speed: 4.0ms preprocess, 118.3ms inference, 3.4ms postprocess per image at shape (1, 3, 1024, 1024)

image 1/1 /mnt/Info/COGAR_DATASETs/BlenderProc_cogar_sim_1000/rgb/000004.png: 768x1024 20 objects, 119.2ms
Speed: 4.0ms preprocess, 119.2ms inference, 3.4ms postprocess per image at shape (1, 3, 1024, 1024)

image 1/1 /mnt/Info/COGAR_DATASETs/BlenderProc_cogar_sim_1000/rgb/000005.png: 768x1024 16 objects, 118.6ms
Speed: 3.9ms preprocess, 118.6ms inference, 3.2ms postprocess per image at shape (1, 3, 1024, 1024)
[PROGRESS] blenderproc_cogar_sim/fastsam_x/box/cuda: 5/50 images, last=307.2ms, elapsed=1.5s

image 1/1 /mnt/Info/COGAR_DATASETs/BlenderProc_cogar_sim_1000/rgb/000006.png: 768x1024 13 objects, 119.0ms
Speed: 4.0ms preprocess, 119.0ms inference, 3.0ms postprocess per image at shape (1, 3, 1024, 1024)

image 1/1 /mnt/Info/COGAR_DATASETs/BlenderProc_cogar_sim_1000/rgb/000007.png: 768x1024 16 objects, 118.7ms
Speed: 4.1ms preprocess, 118.7ms inference, 3.1ms postprocess per image at shape (1, 3, 1024, 1024)

image 1/1 /mnt/Info/COGAR_DATASETs/BlenderProc_cogar_sim_1000/rgb/000008.png: 768x1024 19 objects, 119.2ms
Speed: 4.0ms preprocess, 119.2ms inference, 3.3ms postprocess per image at shape (1, 3, 1024, 1024)

image 1/1 /mnt/Info/COGAR_DATASETs/BlenderProc_cogar_sim_1000/rgb/000009.png: 768x1024 17 objects, 119.4ms
Speed: 4.0ms preprocess, 119.4ms inference, 3.3ms postprocess per image at shape (1, 3, 1024, 1024)

image 1/1 /mnt/Info/COGAR_DATASETs/BlenderProc_cogar_sim_1000/rgb/000010.png: 768x1024 18 objects, 118.0ms
Speed: 4.0ms preprocess, 118.0ms inference, 3.3ms postprocess per image at shape (1, 3, 1024, 1024)
[PROGRESS] blenderproc_cogar_sim/fastsam_x/box/cuda: 10/50 images, last=306.7ms, elapsed=3.1s

image 1/1 /mnt/Info/COGAR_DATASETs/BlenderProc_cogar_sim_1000/rgb/000011.png: 768x1024 16 objects, 118.1ms
Speed: 4.0ms preprocess, 118.1ms inference, 3.3ms postprocess per image at shape (1, 3, 1024, 1024)

image 1/1 /mnt/Info/COGAR_DATASETs/BlenderProc_cogar_sim_1000/rgb/000012.png: 768x1024 18 objects, 117.9ms
Speed: 3.9ms preprocess, 117.9ms inference, 3.3ms postprocess per image at shape (1, 3, 1024, 1024)

image 1/1 /mnt/Info/COGAR_DATASETs/BlenderProc_cogar_sim_1000/rgb/000013.png: 768x1024 1 object, 118.4ms
Speed: 4.0ms preprocess, 118.4ms inference, 2.7ms postprocess per image at shape (1, 3, 1024, 1024)

image 1/1 /mnt/Info/COGAR_DATASETs/BlenderProc_cogar_sim_1000/rgb/000014.png: 768x1024 28 objects, 119.2ms
Speed: 4.0ms preprocess, 119.2ms inference, 3.7ms postprocess per image at shape (1, 3, 1024, 1024)

image 1/1 /mnt/Info/COGAR_DATASETs/BlenderProc_cogar_sim_1000/rgb/000015.png: 768x1024 16 objects, 120.1ms
Speed: 4.0ms preprocess, 120.1ms inference, 3.2ms postprocess per image at shape (1, 3, 1024, 1024)
[PROGRESS] blenderproc_cogar_sim/fastsam_x/box/cuda: 15/50 images, last=308.6ms, elapsed=4.6s

image 1/1 /mnt/Info/COGAR_DATASETs/BlenderProc_cogar_sim_1000/rgb/000016.png: 768x1024 14 objects, 119.0ms
Speed: 4.0ms preprocess, 119.0ms inference, 3.1ms postprocess per image at shape (1, 3, 1024, 1024)

image 1/1 /mnt/Info/COGAR_DATASETs/BlenderProc_cogar_sim_1000/rgb/000017.png: 768x1024 16 objects, 117.6ms
Speed: 4.0ms preprocess, 117.6ms inference, 3.2ms postprocess per image at shape (1, 3, 1024, 1024)

image 1/1 /mnt/Info/COGAR_DATASETs/BlenderProc_cogar_sim_1000/rgb/000018.png: 768x1024 15 objects, 119.3ms
Speed: 4.0ms preprocess, 119.3ms inference, 3.1ms postprocess per image at shape (1, 3, 1024, 1024)


image 1/1 /mnt/Info/COGAR_DATASETs/BlenderProc_cogar_sim_1000/rgb/000020.png: 768x1024 14 objects, 119.3ms
Speed: 4.0ms preprocess, 119.3ms inference, 3.3ms postprocess per image at shape (1, 3, 1024, 1024)
[PROGRESS] blenderproc_cogar_sim/fastsam_x/box/cuda: 20/50 images, last=307.9ms, elapsed=6.1s

image 1/1 /mnt/Info/COGAR_DATASETs/BlenderProc_cogar_sim_1000/rgb/000021.png: 768x1024 1 object, 118.4ms
Speed: 4.1ms preprocess, 118.4ms inference, 2.7ms postprocess per image at shape (1, 3, 1024, 1024)

image 1/1 /mnt/Info/COGAR_DATASETs/BlenderProc_cogar_sim_1000/rgb/000022.png: 768x1024 1 object, 118.5ms
Speed: 4.0ms preprocess, 118.5ms inference, 2.7ms postprocess per image at shape (1, 3, 1024, 1024)

image 1/1 /mnt/Info/COGAR_DATASETs/BlenderProc_cogar_sim_1000/rgb/000023.png: 768x1024 16 objects, 119.9ms
Speed: 4.0ms preprocess, 119.9ms inference, 3.2ms postprocess per image at shape (1, 3, 1024, 1024)

image 1/1 /mnt/Info/COGAR_DATASETs/BlenderProc_cogar_sim_1000/rgb/000024.png: 768x1024 2 objects, 117.7ms
Speed: 4.0ms preprocess, 117.7ms inference, 2.8ms postprocess per image at shape (1, 3, 1024, 1024)

image 1/1 /mnt/Info/COGAR_DATASETs/BlenderProc_cogar_sim_1000/rgb/000025.png: 768x1024 14 objects, 120.3ms
Speed: 4.0ms preprocess, 120.3ms inference, 3.2ms postprocess per image at shape (1, 3, 1024, 1024)
[PROGRESS] blenderproc_cogar_sim/fastsam_x/box/cuda: 25/50 images, last=308.4ms, elapsed=7.7s

image 1/1 /mnt/Info/COGAR_DATASETs/BlenderProc_cogar_sim_1000/rgb/000026.png: 768x1024 1 object, 119.2ms
Speed: 4.0ms preprocess, 119.2ms inference, 2.7ms postprocess per image at shape (1, 3, 1024, 1024)

image 1/1 /mnt/Info/COGAR_DATASETs/BlenderProc_cogar_sim_1000/rgb/000027.png: 768x1024 17 objects, 117.9ms
Speed: 4.0ms preprocess, 117.9ms inference, 3.2ms postprocess per image at shape (1, 3, 1024, 1024)

image 1/1 /mnt/Info/COGAR_DATASETs/BlenderProc_cogar_sim_1000/rgb/000028.png: 768x1024 19 objects, 118.7ms
Speed: 3.9ms preprocess, 118.7ms inference, 3.3ms postprocess per image at shape (1, 3, 1024, 1024)

image 1/1 /mnt/Info/COGAR_DATASETs/BlenderProc_cogar_sim_1000/rgb/000029.png: 768x1024 22 objects, 118.6ms
Speed: 4.0ms preprocess, 118.6ms inference, 3.4ms postprocess per image at shape (1, 3, 1024, 1024)

image 1/1 /mnt/Info/COGAR_DATASETs/BlenderProc_cogar_sim_1000/rgb/000030.png: 768x1024 13 objects, 119.1ms
Speed: 4.0ms preprocess, 119.1ms inference, 3.0ms postprocess per image at shape (1, 3, 1024, 1024)
[PROGRESS] blenderproc_cogar_sim/fastsam_x/box/cuda: 30/50 images, last=307.2ms, elapsed=9.2s

image 1/1 /mnt/Info/COGAR_DATASETs/BlenderProc_cogar_sim_1000/rgb/000031.png: 768x1024 8 objects, 119.2ms
Speed: 4.0ms preprocess, 119.2ms inference, 3.0ms postprocess per image at shape (1, 3, 1024, 1024)

image 1/1 /mnt/Info/COGAR_DATASETs/BlenderProc_cogar_sim_1000/rgb/000032.png: 768x1024 16 objects, 118.7ms
Speed: 4.0ms preprocess, 118.7ms inference, 3.2ms postprocess per image at shape (1, 3, 1024, 1024)

image 1/1 /mnt/Info/COGAR_DATASETs/BlenderProc_cogar_sim_1000/rgb/000033.png: 768x1024 1 object, 118.9ms
Speed: 4.0ms preprocess, 118.9ms inference, 2.7ms postprocess per image at shape (1, 3, 1024, 1024)

image 1/1 /mnt/Info/COGAR_DATASETs/BlenderProc_cogar_sim_1000/rgb/000034.png: 768x1024 14 objects, 119.1ms
Speed: 4.0ms preprocess, 119.1ms inference, 3.1ms postprocess per image at shape (1, 3, 1024, 1024)

image 1/1 /mnt/Info/COGAR_DATASETs/BlenderProc_cogar_sim_1000/rgb/000035.png: 768x1024 16 objects, 119.1ms
Speed: 4.0ms preprocess, 119.1ms inference, 3.2ms postprocess per image at shape (1, 3, 1024, 1024)
[PROGRESS] blenderproc_cogar_sim/fastsam_x/box/cuda: 35/50 images, last=306.8ms, elapsed=10.7s

image 1/1 /mnt/Info/COGAR_DATASETs/BlenderProc_cogar_sim_1000/rgb/000036.png: 768x1024 21 objects, 119.4ms
Speed: 4.0ms preprocess, 119.4ms inference, 3.3ms postprocess per image at shape (1, 3, 1024, 1024)

No object detected.

image 1/1 /mnt/Info/COGAR_DATASETs/BlenderProc_cogar_sim_1000/rgb/000038.png: 768x1024 16 objects, 118.8ms
Speed: 4.0ms preprocess, 118.8ms inference, 3.2ms postprocess per image at shape (1, 3, 1024, 1024)

image 1/1 /mnt/Info/COGAR_DATASETs/BlenderProc_cogar_sim_1000/rgb/000039.png: 768x1024 26 objects, 118.8ms
Speed: 4.0ms preprocess, 118.8ms inference, 3.7ms postprocess per image at shape (1, 3, 1024, 1024)

image 1/1 /mnt/Info/COGAR_DATASETs/BlenderProc_cogar_sim_1000/rgb/000040.png: 768x1024 13 objects, 120.5ms
Speed: 3.9ms preprocess, 120.5ms inference, 3.1ms postprocess per image at shape (1, 3, 1024, 1024)
[PROGRESS] blenderproc_cogar_sim/fastsam_x/box/cuda: 40/50 images, last=309.2ms, elapsed=12.3s

image 1/1 /mnt/Info/COGAR_DATASETs/BlenderProc_cogar_sim_1000/rgb/000041.png: 768x1024 16 objects, 118.8ms
Speed: 4.0ms preprocess, 118.8ms inference, 3.3ms postprocess per image at shape (1, 3, 1024, 1024)

image 1/1 /mnt/Info/COGAR_DATASETs/BlenderProc_cogar_sim_1000/rgb/000042.png: 768x1024 22 objects, 117.5ms
Speed: 4.0ms preprocess, 117.5ms inference, 3.5ms postprocess per image at shape (1, 3, 1024, 1024)

image 1/1 /mnt/Info/COGAR_DATASETs/BlenderProc_cogar_sim_1000/rgb/000043.png: 768x1024 28 objects, 118.5ms
Speed: 4.0ms preprocess, 118.5ms inference, 3.6ms postprocess per image at shape (1, 3, 1024, 1024)

image 1/1 /mnt/Info/COGAR_DATASETs/BlenderProc_cogar_sim_1000/rgb/000044.png: 768x1024 12 objects, 118.3ms
Speed: 4.0ms preprocess, 118.3ms inference, 3.0ms postprocess per image at shape (1, 3, 1024, 1024)

image 1/1 /mnt/Info/COGAR_DATASETs/BlenderProc_cogar_sim_1000/rgb/000045.png: 768x1024 19 objects, 119.2ms
Speed: 4.0ms preprocess, 119.2ms inference, 3.2ms postprocess per image at shape (1, 3, 1024, 1024)
[PROGRESS] blenderproc_cogar_sim/fastsam_x/box/cuda: 45/50 images, last=308.4ms, elapsed=13.8s

image 1/1 /mnt/Info/COGAR_DATASETs/BlenderProc_cogar_sim_1000/rgb/000046.png: 768x1024 19 objects, 119.6ms
Speed: 4.0ms preprocess, 119.6ms inference, 3.2ms postprocess per image at shape (1, 3, 1024, 1024)

image 1/1 /mnt/Info/COGAR_DATASETs/BlenderProc_cogar_sim_1000/rgb/000047.png: 768x1024 17 objects, 120.7ms
Speed: 4.0ms preprocess, 120.7ms inference, 3.3ms postprocess per image at shape (1, 3, 1024, 1024)

image 1/1 /mnt/Info/COGAR_DATASETs/BlenderProc_cogar_sim_1000/rgb/000048.png: 768x1024 27 objects, 119.0ms
Speed: 4.0ms preprocess, 119.0ms inference, 3.6ms postprocess per image at shape (1, 3, 1024, 1024)

image 1/1 /mnt/Info/COGAR_DATASETs/BlenderProc_cogar_sim_1000/rgb/000049.png: 768x1024 20 objects, 119.0ms
Speed: 4.0ms preprocess, 119.0ms inference, 3.3ms postprocess per image at shape (1, 3, 1024, 1024)

image 1/1 /mnt/Info/COGAR_DATASETs/BlenderProc_cogar_sim_1000/rgb/000050.png: 768x1024 17 objects, 119.4ms
Speed: 3.9ms preprocess, 119.4ms inference, 3.2ms postprocess per image at shape (1, 3, 1024, 1024)
[PROGRESS] blenderproc_cogar_sim/fastsam_x/box/cuda: 50/50 images, last=307.4ms, elapsed=15.4s
[DONE] blenderproc_cogar_sim/fastsam_x/box/cuda: fps=3.257 mean=307.1ms output=outputs/task7_inference_speed/cuda/blenderproc_cogar_sim/fastsam_x/box_speed.json
[START] blenderproc_cogar_sim/fastsam_x/automatic/cuda: loading 21 images
[LOAD] blenderproc_cogar_sim/fastsam_x/automatic/cuda: building model
[WARMUP] blenderproc_cogar_sim/fastsam_x/automatic/cuda: 1 images

image 1/1 /mnt/Info/COGAR_DATASETs/BlenderProc_cogar_sim_1000/rgb/000000.png: 768x1024 18 objects, 118.6ms
Speed: 4.0ms preprocess, 118.6ms inference, 3.3ms postprocess per image at shape (1, 3, 1024, 1024)
[TIMING] blenderproc_cogar_sim/fastsam_x/automatic/cuda: 20 images

image 1/1 /mnt/Info/COGAR_DATASETs/BlenderProc_cogar_sim_1000/rgb/000001.png: 768x1024 16 objects, 119.1ms
Speed: 4.0ms preprocess, 119.1ms inference, 3.2ms postprocess per image at shape (1, 3, 1024, 1024)
[PROGRESS] blenderproc_cogar_sim/fastsam_x/automatic/cuda: 1/20 images, last=318.7ms, elapsed=0.3s

image 1/1 /mnt/Info/COGAR_DATASETs/BlenderProc_cogar_sim_1000/rgb/000002.png: 768x1024 19 objects, 117.5ms
Speed: 4.0ms preprocess, 117.5ms inference, 3.3ms postprocess per image at shape (1, 3, 1024, 1024)

image 1/1 /mnt/Info/COGAR_DATASETs/BlenderProc_cogar_sim_1000/rgb/000003.png: 768x1024 21 objects, 120.0ms
Speed: 4.0ms preprocess, 120.0ms inference, 3.3ms postprocess per image at shape (1, 3, 1024, 1024)

image 1/1 /mnt/Info/COGAR_DATASETs/BlenderProc_cogar_sim_1000/rgb/000004.png: 768x1024 20 objects, 119.7ms
Speed: 4.1ms preprocess, 119.7ms inference, 3.4ms postprocess per image at shape (1, 3, 1024, 1024)

image 1/1 /mnt/Info/COGAR_DATASETs/BlenderProc_cogar_sim_1000/rgb/000005.png: 768x1024 16 objects, 119.8ms
Speed: 4.0ms preprocess, 119.8ms inference, 3.1ms postprocess per image at shape (1, 3, 1024, 1024)
[PROGRESS] blenderproc_cogar_sim/fastsam_x/automatic/cuda: 5/20 images, last=318.9ms, elapsed=1.6s

image 1/1 /mnt/Info/COGAR_DATASETs/BlenderProc_cogar_sim_1000/rgb/000006.png: 768x1024 13 objects, 118.3ms
Speed: 4.1ms preprocess, 118.3ms inference, 3.0ms postprocess per image at shape (1, 3, 1024, 1024)

image 1/1 /mnt/Info/COGAR_DATASETs/BlenderProc_cogar_sim_1000/rgb/000007.png: 768x1024 16 objects, 118.5ms
Speed: 4.0ms preprocess, 118.5ms inference, 3.1ms postprocess per image at shape (1, 3, 1024, 1024)

image 1/1 /mnt/Info/COGAR_DATASETs/BlenderProc_cogar_sim_1000/rgb/000008.png: 768x1024 19 objects, 119.5ms
Speed: 4.0ms preprocess, 119.5ms inference, 3.2ms postprocess per image at shape (1, 3, 1024, 1024)

image 1/1 /mnt/Info/COGAR_DATASETs/BlenderProc_cogar_sim_1000/rgb/000009.png: 768x1024 17 objects, 119.2ms
Speed: 4.0ms preprocess, 119.2ms inference, 3.3ms postprocess per image at shape (1, 3, 1024, 1024)

image 1/1 /mnt/Info/COGAR_DATASETs/BlenderProc_cogar_sim_1000/rgb/000010.png: 768x1024 18 objects, 117.8ms
Speed: 4.0ms preprocess, 117.8ms inference, 3.3ms postprocess per image at shape (1, 3, 1024, 1024)
[PROGRESS] blenderproc_cogar_sim/fastsam_x/automatic/cuda: 10/20 images, last=319.8ms, elapsed=3.2s

image 1/1 /mnt/Info/COGAR_DATASETs/BlenderProc_cogar_sim_1000/rgb/000011.png: 768x1024 16 objects, 118.9ms
Speed: 4.0ms preprocess, 118.9ms inference, 3.3ms postprocess per image at shape (1, 3, 1024, 1024)

image 1/1 /mnt/Info/COGAR_DATASETs/BlenderProc_cogar_sim_1000/rgb/000012.png: 768x1024 18 objects, 119.2ms
Speed: 4.0ms preprocess, 119.2ms inference, 3.3ms postprocess per image at shape (1, 3, 1024, 1024)

image 1/1 /mnt/Info/COGAR_DATASETs/BlenderProc_cogar_sim_1000/rgb/000013.png: 768x1024 1 object, 118.7ms
Speed: 4.0ms preprocess, 118.7ms inference, 2.7ms postprocess per image at shape (1, 3, 1024, 1024)

image 1/1 /mnt/Info/COGAR_DATASETs/BlenderProc_cogar_sim_1000/rgb/000014.png: 768x1024 28 objects, 117.6ms
Speed: 4.1ms preprocess, 117.6ms inference, 3.7ms postprocess per image at shape (1, 3, 1024, 1024)

image 1/1 /mnt/Info/COGAR_DATASETs/BlenderProc_cogar_sim_1000/rgb/000015.png: 768x1024 16 objects, 119.5ms
Speed: 4.0ms preprocess, 119.5ms inference, 3.3ms postprocess per image at shape (1, 3, 1024, 1024)
[PROGRESS] blenderproc_cogar_sim/fastsam_x/automatic/cuda: 15/20 images, last=320.2ms, elapsed=4.8s

image 1/1 /mnt/Info/COGAR_DATASETs/BlenderProc_cogar_sim_1000/rgb/000016.png: 768x1024 14 objects, 118.2ms
Speed: 4.0ms preprocess, 118.2ms inference, 3.0ms postprocess per image at shape (1, 3, 1024, 1024)

image 1/1 /mnt/Info/COGAR_DATASETs/BlenderProc_cogar_sim_1000/rgb/000017.png: 768x1024 16 objects, 118.6ms
Speed: 4.0ms preprocess, 118.6ms inference, 3.2ms postprocess per image at shape (1, 3, 1024, 1024)

image 1/1 /mnt/Info/COGAR_DATASETs/BlenderProc_cogar_sim_1000/rgb/000018.png: 768x1024 15 objects, 115.9ms
Speed: 4.0ms preprocess, 115.9ms inference, 3.1ms postprocess per image at shape (1, 3, 1024, 1024)


image 1/1 /mnt/Info/COGAR_DATASETs/BlenderProc_cogar_sim_1000/rgb/000020.png: 768x1024 14 objects, 120.2ms
Speed: 4.1ms preprocess, 120.2ms inference, 3.2ms postprocess per image at shape (1, 3, 1024, 1024)
[PROGRESS] blenderproc_cogar_sim/fastsam_x/automatic/cuda: 20/20 images, last=321.4ms, elapsed=6.4s
[DONE] blenderproc_cogar_sim/fastsam_x/automatic/cuda: fps=3.138 mean=318.7ms output=outputs/task7_inference_speed/cuda/blenderproc_cogar_sim/fastsam_x/automatic_speed.json
[START] blenderproc_cogar_sim/yolo8_seg/inference/cuda: loading 51 images
[LOAD] blenderproc_cogar_sim/yolo8_seg/inference/cuda: building model
[LOAD] yolo8_seg/blenderproc_cogar_sim: ultralytics=/home/ubuntu/COGAR_Foundation-Model-Segmentation-for-Robotic-Scenes/.venv/lib/python3.12/site-packages/ultralytics/__init__.py
[WARMUP] blenderproc_cogar_sim/yolo8_seg/inference/cuda: 1 images
[TIMING] blenderproc_cogar_sim/yolo8_seg/inference/cuda: 50 images
[PROGRESS] blenderproc_cogar_sim/yolo8_seg/inference/cuda: 1/50 images, last=26.1ms, elapsed=0.0s
[PROGRESS] blenderproc_cogar_sim/yolo8_seg/inference/cuda: 5/50 images, last=26.3ms, elapsed=0.1s
[PROGRESS] blenderproc_cogar_sim/yolo8_seg/inference/cuda: 10/50 images, last=25.3ms, elapsed=0.2s
[PROGRESS] blenderproc_cogar_sim/yolo8_seg/inference/cuda: 15/50 images, last=25.6ms, elapsed=0.4s
[PROGRESS] blenderproc_cogar_sim/yolo8_seg/inference/cuda: 20/50 images, last=23.3ms, elapsed=0.5s
[PROGRESS] blenderproc_cogar_sim/yolo8_seg/inference/cuda: 25/50 images, last=25.6ms, elapsed=0.6s
[PROGRESS] blenderproc_cogar_sim/yolo8_seg/inference/cuda: 30/50 images, last=23.6ms, elapsed=0.7s
[PROGRESS] blenderproc_cogar_sim/yolo8_seg/inference/cuda: 35/50 images, last=25.9ms, elapsed=0.8s
[PROGRESS] blenderproc_cogar_sim/yolo8_seg/inference/cuda: 40/50 images, last=23.7ms, elapsed=1.0s
[PROGRESS] blenderproc_cogar_sim/yolo8_seg/inference/cuda: 45/50 images, last=26.7ms, elapsed=1.1s
[PROGRESS] blenderproc_cogar_sim/yolo8_seg/inference/cuda: 50/50 images, last=25.7ms, elapsed=1.2s
[DONE] blenderproc_cogar_sim/yolo8_seg/inference/cuda: fps=41.647 mean=24.0ms output=outputs/task7_inference_speed/cuda/blenderproc_cogar_sim/yolo8_seg/inference_speed.json
[START] blenderproc_cogar_sim/mask_rcnn/inference/cuda: loading 51 images
[LOAD] blenderproc_cogar_sim/mask_rcnn/inference/cuda: building model
/home/ubuntu/COGAR_Foundation-Model-Segmentation-for-Robotic-Scenes/scripts/benchmarks/measure_task7_inference_speed.py:510: FutureWarning: You are using `torch.load` with `weights_only=False` (the current default value), which uses the default pickle module implicitly. It is possible to construct malicious pickle data which will execute arbitrary code during unpickling (See https://github.com/pytorch/pytorch/blob/main/SECURITY.md#untrusted-models for more details). In a future release, the default value for `weights_only` will be flipped to `True`. This limits the functions that could be executed during unpickling. Arbitrary objects will no longer be allowed to be loaded via this mode unless they are explicitly allowlisted by the user via `torch.serialization.add_safe_globals`. We recommend you start setting `weights_only=True` for any use case where you don't have full control of the loaded file. Please open an issue on GitHub for any issues related to this experimental feature.
  checkpoint = torch.load(checkpoint_path, map_location=device_obj)
/home/ubuntu/COGAR_Foundation-Model-Segmentation-for-Robotic-Scenes/.venv/lib/python3.12/site-packages/torchvision/models/detection/backbone_utils.py:162: UserWarning: Changing trainable_backbone_layers has no effect if neither pretrained nor pretrained_backbone have been set to True, falling back to trainable_backbone_layers=5 so that all layers are trainable
  warnings.warn(
[WARMUP] blenderproc_cogar_sim/mask_rcnn/inference/cuda: 1 images
[TIMING] blenderproc_cogar_sim/mask_rcnn/inference/cuda: 50 images
[PROGRESS] blenderproc_cogar_sim/mask_rcnn/inference/cuda: 1/50 images, last=78.8ms, elapsed=0.1s
[PROGRESS] blenderproc_cogar_sim/mask_rcnn/inference/cuda: 5/50 images, last=88.0ms, elapsed=0.4s
[PROGRESS] blenderproc_cogar_sim/mask_rcnn/inference/cuda: 10/50 images, last=78.7ms, elapsed=0.8s
[PROGRESS] blenderproc_cogar_sim/mask_rcnn/inference/cuda: 15/50 images, last=78.9ms, elapsed=1.2s
[PROGRESS] blenderproc_cogar_sim/mask_rcnn/inference/cuda: 20/50 images, last=72.1ms, elapsed=1.6s
[PROGRESS] blenderproc_cogar_sim/mask_rcnn/inference/cuda: 25/50 images, last=77.4ms, elapsed=1.9s
[PROGRESS] blenderproc_cogar_sim/mask_rcnn/inference/cuda: 30/50 images, last=78.6ms, elapsed=2.3s
[PROGRESS] blenderproc_cogar_sim/mask_rcnn/inference/cuda: 35/50 images, last=78.0ms, elapsed=2.7s
[PROGRESS] blenderproc_cogar_sim/mask_rcnn/inference/cuda: 40/50 images, last=70.9ms, elapsed=3.1s
[PROGRESS] blenderproc_cogar_sim/mask_rcnn/inference/cuda: 45/50 images, last=82.6ms, elapsed=3.5s
[PROGRESS] blenderproc_cogar_sim/mask_rcnn/inference/cuda: 50/50 images, last=76.3ms, elapsed=3.9s
[DONE] blenderproc_cogar_sim/mask_rcnn/inference/cuda: fps=12.935 mean=77.3ms output=outputs/task7_inference_speed/cuda/blenderproc_cogar_sim/mask_rcnn/inference_speed.json
[START] blenderproc_cogar_sim/deeplabv3plus/inference/cuda: loading 51 images
[LOAD] blenderproc_cogar_sim/deeplabv3plus/inference/cuda: building model
/home/ubuntu/COGAR_Foundation-Model-Segmentation-for-Robotic-Scenes/scripts/benchmarks/measure_task7_inference_speed.py:557: FutureWarning: You are using `torch.load` with `weights_only=False` (the current default value), which uses the default pickle module implicitly. It is possible to construct malicious pickle data which will execute arbitrary code during unpickling (See https://github.com/pytorch/pytorch/blob/main/SECURITY.md#untrusted-models for more details). In a future release, the default value for `weights_only` will be flipped to `True`. This limits the functions that could be executed during unpickling. Arbitrary objects will no longer be allowed to be loaded via this mode unless they are explicitly allowlisted by the user via `torch.serialization.add_safe_globals`. We recommend you start setting `weights_only=True` for any use case where you don't have full control of the loaded file. Please open an issue on GitHub for any issues related to this experimental feature.
  checkpoint = torch.load(checkpoint_path, map_location=device_obj)
[WARMUP] blenderproc_cogar_sim/deeplabv3plus/inference/cuda: 1 images
[TIMING] blenderproc_cogar_sim/deeplabv3plus/inference/cuda: 50 images
[PROGRESS] blenderproc_cogar_sim/deeplabv3plus/inference/cuda: 1/50 images, last=24.5ms, elapsed=0.0s
[PROGRESS] blenderproc_cogar_sim/deeplabv3plus/inference/cuda: 5/50 images, last=24.4ms, elapsed=0.1s
[PROGRESS] blenderproc_cogar_sim/deeplabv3plus/inference/cuda: 10/50 images, last=24.7ms, elapsed=0.2s
[PROGRESS] blenderproc_cogar_sim/deeplabv3plus/inference/cuda: 15/50 images, last=24.9ms, elapsed=0.4s
[PROGRESS] blenderproc_cogar_sim/deeplabv3plus/inference/cuda: 20/50 images, last=24.8ms, elapsed=0.5s
[PROGRESS] blenderproc_cogar_sim/deeplabv3plus/inference/cuda: 25/50 images, last=24.7ms, elapsed=0.6s
[PROGRESS] blenderproc_cogar_sim/deeplabv3plus/inference/cuda: 30/50 images, last=24.8ms, elapsed=0.7s
[PROGRESS] blenderproc_cogar_sim/deeplabv3plus/inference/cuda: 35/50 images, last=24.5ms, elapsed=0.9s
[PROGRESS] blenderproc_cogar_sim/deeplabv3plus/inference/cuda: 40/50 images, last=24.9ms, elapsed=1.0s
[PROGRESS] blenderproc_cogar_sim/deeplabv3plus/inference/cuda: 45/50 images, last=24.3ms, elapsed=1.1s
[PROGRESS] blenderproc_cogar_sim/deeplabv3plus/inference/cuda: 50/50 images, last=24.4ms, elapsed=1.2s
[DONE] blenderproc_cogar_sim/deeplabv3plus/inference/cuda: fps=40.900 mean=24.5ms output=outputs/task7_inference_speed/cuda/blenderproc_cogar_sim/deeplabv3plus/inference_speed.json
[START] ocid/sam_vit_h/point/cuda: loading 51 images
[LOAD] ocid/sam_vit_h/point/cuda: building model
/home/ubuntu/COGAR_Foundation-Model-Segmentation-for-Robotic-Scenes/.venv/lib/python3.12/site-packages/segment_anything/build_sam.py:105: FutureWarning: You are using `torch.load` with `weights_only=False` (the current default value), which uses the default pickle module implicitly. It is possible to construct malicious pickle data which will execute arbitrary code during unpickling (See https://github.com/pytorch/pytorch/blob/main/SECURITY.md#untrusted-models for more details). In a future release, the default value for `weights_only` will be flipped to `True`. This limits the functions that could be executed during unpickling. Arbitrary objects will no longer be allowed to be loaded via this mode unless they are explicitly allowlisted by the user via `torch.serialization.add_safe_globals`. We recommend you start setting `weights_only=True` for any use case where you don't have full control of the loaded file. Please open an issue on GitHub for any issues related to this experimental feature.
  state_dict = torch.load(f)
[WARMUP] ocid/sam_vit_h/point/cuda: 1 images
[TIMING] ocid/sam_vit_h/point/cuda: 50 images
[PROGRESS] ocid/sam_vit_h/point/cuda: 1/50 images, last=1729.8ms, elapsed=1.7s
[PROGRESS] ocid/sam_vit_h/point/cuda: 5/50 images, last=1727.4ms, elapsed=8.6s
[PROGRESS] ocid/sam_vit_h/point/cuda: 10/50 images, last=1731.1ms, elapsed=17.3s
[PROGRESS] ocid/sam_vit_h/point/cuda: 15/50 images, last=1746.7ms, elapsed=26.0s
[PROGRESS] ocid/sam_vit_h/point/cuda: 20/50 images, last=1742.2ms, elapsed=34.7s
[PROGRESS] ocid/sam_vit_h/point/cuda: 25/50 images, last=1747.1ms, elapsed=43.4s
[PROGRESS] ocid/sam_vit_h/point/cuda: 30/50 images, last=1752.2ms, elapsed=52.2s
[PROGRESS] ocid/sam_vit_h/point/cuda: 35/50 images, last=1749.7ms, elapsed=60.9s
[PROGRESS] ocid/sam_vit_h/point/cuda: 40/50 images, last=1749.0ms, elapsed=69.7s
[PROGRESS] ocid/sam_vit_h/point/cuda: 45/50 images, last=1749.5ms, elapsed=78.4s
[PROGRESS] ocid/sam_vit_h/point/cuda: 50/50 images, last=1748.7ms, elapsed=87.2s
[DONE] ocid/sam_vit_h/point/cuda: fps=0.574 mean=1743.5ms output=outputs/task7_inference_speed/cuda/ocid/sam_vit_h/point_speed.json
[START] ocid/sam_vit_h/box/cuda: loading 51 images
[LOAD] ocid/sam_vit_h/box/cuda: building model
[WARMUP] ocid/sam_vit_h/box/cuda: 1 images
[TIMING] ocid/sam_vit_h/box/cuda: 50 images
[PROGRESS] ocid/sam_vit_h/box/cuda: 1/50 images, last=1736.4ms, elapsed=1.7s
[PROGRESS] ocid/sam_vit_h/box/cuda: 5/50 images, last=1739.9ms, elapsed=8.7s
[PROGRESS] ocid/sam_vit_h/box/cuda: 10/50 images, last=1746.4ms, elapsed=17.4s
[PROGRESS] ocid/sam_vit_h/box/cuda: 15/50 images, last=1748.0ms, elapsed=26.1s
[PROGRESS] ocid/sam_vit_h/box/cuda: 20/50 images, last=1753.6ms, elapsed=34.9s
[PROGRESS] ocid/sam_vit_h/box/cuda: 25/50 images, last=1752.0ms, elapsed=43.6s
[PROGRESS] ocid/sam_vit_h/box/cuda: 30/50 images, last=1754.6ms, elapsed=52.4s
[PROGRESS] ocid/sam_vit_h/box/cuda: 35/50 images, last=1753.4ms, elapsed=61.2s
[PROGRESS] ocid/sam_vit_h/box/cuda: 40/50 images, last=1754.1ms, elapsed=69.9s
[PROGRESS] ocid/sam_vit_h/box/cuda: 45/50 images, last=1753.4ms, elapsed=78.7s
[PROGRESS] ocid/sam_vit_h/box/cuda: 50/50 images, last=1755.0ms, elapsed=87.5s
[DONE] ocid/sam_vit_h/box/cuda: fps=0.572 mean=1749.0ms output=outputs/task7_inference_speed/cuda/ocid/sam_vit_h/box_speed.json
[START] ocid/sam_vit_h/automatic/cuda: loading 21 images
[LOAD] ocid/sam_vit_h/automatic/cuda: building model
[WARMUP] ocid/sam_vit_h/automatic/cuda: 1 images
[TIMING] ocid/sam_vit_h/automatic/cuda: 20 images
[PROGRESS] ocid/sam_vit_h/automatic/cuda: 1/20 images, last=8139.4ms, elapsed=8.1s
[PROGRESS] ocid/sam_vit_h/automatic/cuda: 5/20 images, last=8093.9ms, elapsed=40.5s
[PROGRESS] ocid/sam_vit_h/automatic/cuda: 10/20 images, last=7990.1ms, elapsed=80.6s
[PROGRESS] ocid/sam_vit_h/automatic/cuda: 15/20 images, last=8055.8ms, elapsed=120.7s
[PROGRESS] ocid/sam_vit_h/automatic/cuda: 20/20 images, last=7336.7ms, elapsed=160.1s
[DONE] ocid/sam_vit_h/automatic/cuda: fps=0.125 mean=8007.2ms output=outputs/task7_inference_speed/cuda/ocid/sam_vit_h/automatic_speed.json
[START] ocid/sam_vit_b/point/cuda: loading 51 images
[LOAD] ocid/sam_vit_b/point/cuda: building model
[WARMUP] ocid/sam_vit_b/point/cuda: 1 images
[TIMING] ocid/sam_vit_b/point/cuda: 50 images
[PROGRESS] ocid/sam_vit_b/point/cuda: 1/50 images, last=380.1ms, elapsed=0.4s
[PROGRESS] ocid/sam_vit_b/point/cuda: 5/50 images, last=379.7ms, elapsed=1.9s
[PROGRESS] ocid/sam_vit_b/point/cuda: 10/50 images, last=379.2ms, elapsed=3.8s
[PROGRESS] ocid/sam_vit_b/point/cuda: 15/50 images, last=378.1ms, elapsed=5.7s
[PROGRESS] ocid/sam_vit_b/point/cuda: 20/50 images, last=379.1ms, elapsed=7.6s
[PROGRESS] ocid/sam_vit_b/point/cuda: 25/50 images, last=378.8ms, elapsed=9.5s
[PROGRESS] ocid/sam_vit_b/point/cuda: 30/50 images, last=378.9ms, elapsed=11.4s
[PROGRESS] ocid/sam_vit_b/point/cuda: 35/50 images, last=380.5ms, elapsed=13.3s
[PROGRESS] ocid/sam_vit_b/point/cuda: 40/50 images, last=380.3ms, elapsed=15.2s
[PROGRESS] ocid/sam_vit_b/point/cuda: 45/50 images, last=377.2ms, elapsed=17.1s
[PROGRESS] ocid/sam_vit_b/point/cuda: 50/50 images, last=380.0ms, elapsed=19.0s
[DONE] ocid/sam_vit_b/point/cuda: fps=2.632 mean=379.9ms output=outputs/task7_inference_speed/cuda/ocid/sam_vit_b/point_speed.json
[START] ocid/sam_vit_b/box/cuda: loading 51 images
[LOAD] ocid/sam_vit_b/box/cuda: building model
[WARMUP] ocid/sam_vit_b/box/cuda: 1 images
[TIMING] ocid/sam_vit_b/box/cuda: 50 images
[PROGRESS] ocid/sam_vit_b/box/cuda: 1/50 images, last=379.6ms, elapsed=0.4s
[PROGRESS] ocid/sam_vit_b/box/cuda: 5/50 images, last=380.4ms, elapsed=1.9s
[PROGRESS] ocid/sam_vit_b/box/cuda: 10/50 images, last=381.3ms, elapsed=3.8s
[PROGRESS] ocid/sam_vit_b/box/cuda: 15/50 images, last=379.3ms, elapsed=5.7s
[PROGRESS] ocid/sam_vit_b/box/cuda: 20/50 images, last=379.9ms, elapsed=7.6s
[PROGRESS] ocid/sam_vit_b/box/cuda: 25/50 images, last=382.0ms, elapsed=9.5s
[PROGRESS] ocid/sam_vit_b/box/cuda: 30/50 images, last=382.0ms, elapsed=11.4s
[PROGRESS] ocid/sam_vit_b/box/cuda: 35/50 images, last=381.4ms, elapsed=13.3s
[PROGRESS] ocid/sam_vit_b/box/cuda: 40/50 images, last=381.5ms, elapsed=15.2s
[PROGRESS] ocid/sam_vit_b/box/cuda: 45/50 images, last=378.2ms, elapsed=17.1s
[PROGRESS] ocid/sam_vit_b/box/cuda: 50/50 images, last=380.0ms, elapsed=19.0s
[DONE] ocid/sam_vit_b/box/cuda: fps=2.631 mean=380.0ms output=outputs/task7_inference_speed/cuda/ocid/sam_vit_b/box_speed.json
[START] ocid/sam_vit_b/automatic/cuda: loading 21 images
[LOAD] ocid/sam_vit_b/automatic/cuda: building model
[WARMUP] ocid/sam_vit_b/automatic/cuda: 1 images
[TIMING] ocid/sam_vit_b/automatic/cuda: 20 images
[PROGRESS] ocid/sam_vit_b/automatic/cuda: 1/20 images, last=4717.2ms, elapsed=4.7s
[PROGRESS] ocid/sam_vit_b/automatic/cuda: 5/20 images, last=4865.6ms, elapsed=24.4s
[PROGRESS] ocid/sam_vit_b/automatic/cuda: 10/20 images, last=4519.5ms, elapsed=48.2s
[PROGRESS] ocid/sam_vit_b/automatic/cuda: 15/20 images, last=4882.9ms, elapsed=71.8s
[PROGRESS] ocid/sam_vit_b/automatic/cuda: 20/20 images, last=4445.7ms, elapsed=95.5s
[DONE] ocid/sam_vit_b/automatic/cuda: fps=0.209 mean=4773.7ms output=outputs/task7_inference_speed/cuda/ocid/sam_vit_b/automatic_speed.json
[START] ocid/sam2_hiera_large/point/cuda: loading 51 images
[LOAD] ocid/sam2_hiera_large/point/cuda: building model
[WARMUP] ocid/sam2_hiera_large/point/cuda: 1 images
[TIMING] ocid/sam2_hiera_large/point/cuda: 50 images
[PROGRESS] ocid/sam2_hiera_large/point/cuda: 1/50 images, last=597.4ms, elapsed=0.6s
[PROGRESS] ocid/sam2_hiera_large/point/cuda: 5/50 images, last=593.4ms, elapsed=3.0s
[PROGRESS] ocid/sam2_hiera_large/point/cuda: 10/50 images, last=598.8ms, elapsed=6.0s
[PROGRESS] ocid/sam2_hiera_large/point/cuda: 15/50 images, last=595.6ms, elapsed=8.9s
[PROGRESS] ocid/sam2_hiera_large/point/cuda: 20/50 images, last=598.9ms, elapsed=11.9s
[PROGRESS] ocid/sam2_hiera_large/point/cuda: 25/50 images, last=597.0ms, elapsed=14.9s
[PROGRESS] ocid/sam2_hiera_large/point/cuda: 30/50 images, last=596.7ms, elapsed=17.9s
[PROGRESS] ocid/sam2_hiera_large/point/cuda: 35/50 images, last=598.8ms, elapsed=20.9s
[PROGRESS] ocid/sam2_hiera_large/point/cuda: 40/50 images, last=601.6ms, elapsed=23.9s
[PROGRESS] ocid/sam2_hiera_large/point/cuda: 45/50 images, last=601.2ms, elapsed=26.9s
[PROGRESS] ocid/sam2_hiera_large/point/cuda: 50/50 images, last=600.2ms, elapsed=29.9s
[DONE] ocid/sam2_hiera_large/point/cuda: fps=1.672 mean=598.1ms output=outputs/task7_inference_speed/cuda/ocid/sam2_hiera_large/point_speed.json
[START] ocid/sam2_hiera_large/box/cuda: loading 51 images
[LOAD] ocid/sam2_hiera_large/box/cuda: building model
[WARMUP] ocid/sam2_hiera_large/box/cuda: 1 images
[TIMING] ocid/sam2_hiera_large/box/cuda: 50 images
[PROGRESS] ocid/sam2_hiera_large/box/cuda: 1/50 images, last=595.0ms, elapsed=0.6s
[PROGRESS] ocid/sam2_hiera_large/box/cuda: 5/50 images, last=597.0ms, elapsed=3.0s
[PROGRESS] ocid/sam2_hiera_large/box/cuda: 10/50 images, last=599.4ms, elapsed=6.0s
[PROGRESS] ocid/sam2_hiera_large/box/cuda: 15/50 images, last=599.8ms, elapsed=9.0s
[PROGRESS] ocid/sam2_hiera_large/box/cuda: 20/50 images, last=594.9ms, elapsed=12.0s
[PROGRESS] ocid/sam2_hiera_large/box/cuda: 25/50 images, last=598.7ms, elapsed=14.9s
[PROGRESS] ocid/sam2_hiera_large/box/cuda: 30/50 images, last=597.5ms, elapsed=17.9s
[PROGRESS] ocid/sam2_hiera_large/box/cuda: 35/50 images, last=598.3ms, elapsed=20.9s
[PROGRESS] ocid/sam2_hiera_large/box/cuda: 40/50 images, last=599.9ms, elapsed=23.9s
[PROGRESS] ocid/sam2_hiera_large/box/cuda: 45/50 images, last=600.3ms, elapsed=26.9s
[PROGRESS] ocid/sam2_hiera_large/box/cuda: 50/50 images, last=599.6ms, elapsed=29.9s
[DONE] ocid/sam2_hiera_large/box/cuda: fps=1.671 mean=598.4ms output=outputs/task7_inference_speed/cuda/ocid/sam2_hiera_large/box_speed.json
[START] ocid/sam2_hiera_large/automatic/cuda: loading 21 images
[LOAD] ocid/sam2_hiera_large/automatic/cuda: building model
[WARMUP] ocid/sam2_hiera_large/automatic/cuda: 1 images
[TIMING] ocid/sam2_hiera_large/automatic/cuda: 20 images
[PROGRESS] ocid/sam2_hiera_large/automatic/cuda: 1/20 images, last=4955.6ms, elapsed=5.0s
[PROGRESS] ocid/sam2_hiera_large/automatic/cuda: 5/20 images, last=5077.9ms, elapsed=25.1s
[PROGRESS] ocid/sam2_hiera_large/automatic/cuda: 10/20 images, last=4951.7ms, elapsed=50.4s
[PROGRESS] ocid/sam2_hiera_large/automatic/cuda: 15/20 images, last=5050.1ms, elapsed=75.4s
[PROGRESS] ocid/sam2_hiera_large/automatic/cuda: 20/20 images, last=5249.0ms, elapsed=100.9s
[DONE] ocid/sam2_hiera_large/automatic/cuda: fps=0.198 mean=5042.6ms output=outputs/task7_inference_speed/cuda/ocid/sam2_hiera_large/automatic_speed.json
[START] ocid/fastsam_x/point/cuda: loading 51 images
[LOAD] ocid/fastsam_x/point/cuda: building model
/home/ubuntu/COGAR_Foundation-Model-Segmentation-for-Robotic-Scenes/external/FastSAM/ultralytics/nn/tasks.py:518: FutureWarning: You are using `torch.load` with `weights_only=False` (the current default value), which uses the default pickle module implicitly. It is possible to construct malicious pickle data which will execute arbitrary code during unpickling (See https://github.com/pytorch/pytorch/blob/main/SECURITY.md#untrusted-models for more details). In a future release, the default value for `weights_only` will be flipped to `True`. This limits the functions that could be executed during unpickling. Arbitrary objects will no longer be allowed to be loaded via this mode unless they are explicitly allowlisted by the user via `torch.serialization.add_safe_globals`. We recommend you start setting `weights_only=True` for any use case where you don't have full control of the loaded file. Please open an issue on GitHub for any issues related to this experimental feature.
  return torch.load(file, map_location='cpu'), file  # load
[WARMUP] ocid/fastsam_x/point/cuda: 1 images

image 1/1 /mnt/Info/COGAR_DATASETs/OCID-dataset/ARID10/floor/bottom/box/seq03/rgb/result_2018-08-27-15-54-17.png: 768x1024 20 objects, 119.1ms
Speed: 4.1ms preprocess, 119.1ms inference, 3.4ms postprocess per image at shape (1, 3, 1024, 1024)
[TIMING] ocid/fastsam_x/point/cuda: 50 images

image 1/1 /mnt/Info/COGAR_DATASETs/OCID-dataset/ARID10/floor/bottom/box/seq03/rgb/result_2018-08-27-15-54-36.png: 768x1024 23 objects, 118.3ms
Speed: 4.0ms preprocess, 118.3ms inference, 3.4ms postprocess per image at shape (1, 3, 1024, 1024)
[PROGRESS] ocid/fastsam_x/point/cuda: 1/50 images, last=320.5ms, elapsed=0.3s

image 1/1 /mnt/Info/COGAR_DATASETs/OCID-dataset/ARID10/floor/bottom/box/seq03/rgb/result_2018-08-27-15-54-58.png: 768x1024 21 objects, 118.0ms
Speed: 4.0ms preprocess, 118.0ms inference, 3.4ms postprocess per image at shape (1, 3, 1024, 1024)

image 1/1 /mnt/Info/COGAR_DATASETs/OCID-dataset/ARID10/floor/bottom/box/seq03/rgb/result_2018-08-27-15-55-23.png: 768x1024 25 objects, 119.4ms
Speed: 4.0ms preprocess, 119.4ms inference, 3.7ms postprocess per image at shape (1, 3, 1024, 1024)

image 1/1 /mnt/Info/COGAR_DATASETs/OCID-dataset/ARID10/floor/bottom/box/seq03/rgb/result_2018-08-27-15-55-46.png: 768x1024 32 objects, 118.2ms
Speed: 4.1ms preprocess, 118.2ms inference, 3.9ms postprocess per image at shape (1, 3, 1024, 1024)

image 1/1 /mnt/Info/COGAR_DATASETs/OCID-dataset/ARID10/floor/bottom/box/seq03/rgb/result_2018-08-27-15-56-34.png: 768x1024 37 objects, 119.5ms
Speed: 4.0ms preprocess, 119.5ms inference, 4.1ms postprocess per image at shape (1, 3, 1024, 1024)
[PROGRESS] ocid/fastsam_x/point/cuda: 5/50 images, last=328.1ms, elapsed=1.6s

image 1/1 /mnt/Info/COGAR_DATASETs/OCID-dataset/ARID10/floor/bottom/box/seq03/rgb/result_2018-08-27-15-56-58.png: 768x1024 40 objects, 118.1ms
Speed: 4.0ms preprocess, 118.1ms inference, 4.3ms postprocess per image at shape (1, 3, 1024, 1024)

image 1/1 /mnt/Info/COGAR_DATASETs/OCID-dataset/ARID10/floor/bottom/box/seq03/rgb/result_2018-08-27-15-57-26.png: 768x1024 42 objects, 118.4ms
Speed: 4.0ms preprocess, 118.4ms inference, 4.3ms postprocess per image at shape (1, 3, 1024, 1024)

image 1/1 /mnt/Info/COGAR_DATASETs/OCID-dataset/ARID10/floor/bottom/box/seq03/rgb/result_2018-08-27-15-57-50.png: 768x1024 43 objects, 120.3ms
Speed: 3.9ms preprocess, 120.3ms inference, 4.3ms postprocess per image at shape (1, 3, 1024, 1024)

image 1/1 /mnt/Info/COGAR_DATASETs/OCID-dataset/ARID10/floor/bottom/box/seq03/rgb/result_2018-08-27-15-58-44.png: 768x1024 51 objects, 117.8ms
Speed: 4.1ms preprocess, 117.8ms inference, 4.7ms postprocess per image at shape (1, 3, 1024, 1024)

image 1/1 /mnt/Info/COGAR_DATASETs/OCID-dataset/ARID10/floor/bottom/box/seq04/rgb/result_2018-08-27-16-01-55.png: 768x1024 13 objects, 119.1ms
Speed: 4.0ms preprocess, 119.1ms inference, 3.0ms postprocess per image at shape (1, 3, 1024, 1024)
[PROGRESS] ocid/fastsam_x/point/cuda: 10/50 images, last=315.0ms, elapsed=3.3s

image 1/1 /mnt/Info/COGAR_DATASETs/OCID-dataset/ARID10/floor/bottom/box/seq04/rgb/result_2018-08-27-16-02-15.png: 768x1024 20 objects, 118.4ms
Speed: 4.1ms preprocess, 118.4ms inference, 3.3ms postprocess per image at shape (1, 3, 1024, 1024)

image 1/1 /mnt/Info/COGAR_DATASETs/OCID-dataset/ARID10/floor/bottom/box/seq04/rgb/result_2018-08-27-16-02-37.png: 768x1024 25 objects, 119.8ms
Speed: 4.0ms preprocess, 119.8ms inference, 3.6ms postprocess per image at shape (1, 3, 1024, 1024)

image 1/1 /mnt/Info/COGAR_DATASETs/OCID-dataset/ARID10/floor/bottom/box/seq04/rgb/result_2018-08-27-16-02-58.png: 768x1024 28 objects, 120.2ms
Speed: 4.0ms preprocess, 120.2ms inference, 3.7ms postprocess per image at shape (1, 3, 1024, 1024)

image 1/1 /mnt/Info/COGAR_DATASETs/OCID-dataset/ARID10/floor/bottom/box/seq04/rgb/result_2018-08-27-16-03-25.png: 768x1024 26 objects, 119.0ms
Speed: 4.0ms preprocess, 119.0ms inference, 3.6ms postprocess per image at shape (1, 3, 1024, 1024)

image 1/1 /mnt/Info/COGAR_DATASETs/OCID-dataset/ARID10/floor/bottom/box/seq04/rgb/result_2018-08-27-16-03-50.png: 768x1024 29 objects, 119.6ms
Speed: 4.0ms preprocess, 119.6ms inference, 3.8ms postprocess per image at shape (1, 3, 1024, 1024)
[PROGRESS] ocid/fastsam_x/point/cuda: 15/50 images, last=324.9ms, elapsed=4.9s

image 1/1 /mnt/Info/COGAR_DATASETs/OCID-dataset/ARID10/floor/bottom/box/seq04/rgb/result_2018-08-27-16-04-15.png: 768x1024 28 objects, 118.7ms
Speed: 4.0ms preprocess, 118.7ms inference, 3.7ms postprocess per image at shape (1, 3, 1024, 1024)

image 1/1 /mnt/Info/COGAR_DATASETs/OCID-dataset/ARID10/floor/bottom/box/seq04/rgb/result_2018-08-27-16-04-53.png: 768x1024 30 objects, 117.9ms
Speed: 4.0ms preprocess, 117.9ms inference, 3.8ms postprocess per image at shape (1, 3, 1024, 1024)



image 1/1 /mnt/Info/COGAR_DATASETs/OCID-dataset/ARID10/floor/bottom/box/seq33/rgb/result_2018-08-23-15-02-26.png: 768x1024 93 objects, 120.9ms
Speed: 4.0ms preprocess, 120.9ms inference, 6.6ms postprocess per image at shape (1, 3, 1024, 1024)
[PROGRESS] ocid/fastsam_x/point/cuda: 20/50 images, last=361.1ms, elapsed=6.5s

image 1/1 /mnt/Info/COGAR_DATASETs/OCID-dataset/ARID10/floor/bottom/box/seq33/rgb/result_2018-08-23-15-02-42.png: 768x1024 96 objects, 117.8ms
Speed: 4.0ms preprocess, 117.8ms inference, 6.7ms postprocess per image at shape (1, 3, 1024, 1024)

image 1/1 /mnt/Info/COGAR_DATASETs/OCID-dataset/ARID10/floor/bottom/box/seq33/rgb/result_2018-08-23-15-03-05.png: 768x1024 101 objects, 117.7ms
Speed: 4.0ms preprocess, 117.7ms inference, 7.0ms postprocess per image at shape (1, 3, 1024, 1024)

image 1/1 /mnt/Info/COGAR_DATASETs/OCID-dataset/ARID10/floor/bottom/box/seq33/rgb/result_2018-08-23-15-03-35.png: 768x1024 99 objects, 119.7ms
Speed: 4.0ms preprocess, 119.7ms inference, 6.6ms postprocess per image at shape (1, 3, 1024, 1024)

image 1/1 /mnt/Info/COGAR_DATASETs/OCID-dataset/ARID10/floor/bottom/box/seq33/rgb/result_2018-08-23-15-03-59.png: 768x1024 98 objects, 118.3ms
Speed: 4.1ms preprocess, 118.3ms inference, 6.6ms postprocess per image at shape (1, 3, 1024, 1024)

image 1/1 /mnt/Info/COGAR_DATASETs/OCID-dataset/ARID10/floor/bottom/box/seq33/rgb/result_2018-08-23-15-04-29.png: 768x1024 100 objects, 117.1ms
Speed: 4.1ms preprocess, 117.1ms inference, 6.7ms postprocess per image at shape (1, 3, 1024, 1024)
[PROGRESS] ocid/fastsam_x/point/cuda: 25/50 images, last=356.7ms, elapsed=8.3s

image 1/1 /mnt/Info/COGAR_DATASETs/OCID-dataset/ARID10/floor/bottom/box/seq33/rgb/result_2018-08-23-15-05-19.png: 768x1024 88 objects, 118.8ms
Speed: 4.0ms preprocess, 118.8ms inference, 6.1ms postprocess per image at shape (1, 3, 1024, 1024)

image 1/1 /mnt/Info/COGAR_DATASETs/OCID-dataset/ARID10/floor/bottom/box/seq33/rgb/result_2018-08-23-15-05-44.png: 768x1024 90 objects, 118.2ms
Speed: 4.1ms preprocess, 118.2ms inference, 6.3ms postprocess per image at shape (1, 3, 1024, 1024)

image 1/1 /mnt/Info/COGAR_DATASETs/OCID-dataset/ARID10/floor/bottom/box/seq33/rgb/result_2018-08-23-15-06-55.png: 768x1024 88 objects, 117.7ms
Speed: 4.1ms preprocess, 117.7ms inference, 6.2ms postprocess per image at shape (1, 3, 1024, 1024)

image 1/1 /mnt/Info/COGAR_DATASETs/OCID-dataset/ARID10/floor/bottom/box/seq33/rgb/result_2018-08-23-15-07-26.png: 768x1024 93 objects, 117.3ms
Speed: 4.0ms preprocess, 117.3ms inference, 6.3ms postprocess per image at shape (1, 3, 1024, 1024)

image 1/1 /mnt/Info/COGAR_DATASETs/OCID-dataset/ARID10/floor/bottom/box/seq34/rgb/result_2018-08-23-15-10-09.png: 768x1024 100 objects, 118.8ms
Speed: 4.0ms preprocess, 118.8ms inference, 6.7ms postprocess per image at shape (1, 3, 1024, 1024)
[PROGRESS] ocid/fastsam_x/point/cuda: 30/50 images, last=358.4ms, elapsed=10.0s

image 1/1 /mnt/Info/COGAR_DATASETs/OCID-dataset/ARID10/floor/bottom/box/seq34/rgb/result_2018-08-23-15-10-45.png: 768x1024 100 objects, 118.9ms
Speed: 4.1ms preprocess, 118.9ms inference, 6.7ms postprocess per image at shape (1, 3, 1024, 1024)

image 1/1 /mnt/Info/COGAR_DATASETs/OCID-dataset/ARID10/floor/bottom/box/seq34/rgb/result_2018-08-23-15-11-09.png: 768x1024 98 objects, 116.5ms
Speed: 4.0ms preprocess, 116.5ms inference, 6.5ms postprocess per image at shape (1, 3, 1024, 1024)

image 1/1 /mnt/Info/COGAR_DATASETs/OCID-dataset/ARID10/floor/bottom/box/seq34/rgb/result_2018-08-23-15-11-36.png: 768x1024 107 objects, 118.5ms
Speed: 4.0ms preprocess, 118.5ms inference, 7.2ms postprocess per image at shape (1, 3, 1024, 1024)

image 1/1 /mnt/Info/COGAR_DATASETs/OCID-dataset/ARID10/floor/bottom/box/seq34/rgb/result_2018-08-23-15-12-03.png: 768x1024 104 objects, 117.0ms
Speed: 4.0ms preprocess, 117.0ms inference, 6.9ms postprocess per image at shape (1, 3, 1024, 1024)

image 1/1 /mnt/Info/COGAR_DATASETs/OCID-dataset/ARID10/floor/bottom/box/seq34/rgb/result_2018-08-23-15-12-31.png: 768x1024 103 objects, 118.1ms
Speed: 4.0ms preprocess, 118.1ms inference, 6.9ms postprocess per image at shape (1, 3, 1024, 1024)
[PROGRESS] ocid/fastsam_x/point/cuda: 35/50 images, last=361.0ms, elapsed=11.8s

image 1/1 /mnt/Info/COGAR_DATASETs/OCID-dataset/ARID10/floor/bottom/box/seq34/rgb/result_2018-08-23-15-13-09.png: 768x1024 111 objects, 118.4ms
Speed: 4.0ms preprocess, 118.4ms inference, 7.4ms postprocess per image at shape (1, 3, 1024, 1024)

image 1/1 /mnt/Info/COGAR_DATASETs/OCID-dataset/ARID10/floor/bottom/box/seq34/rgb/result_2018-08-23-15-13-57.png: 768x1024 106 objects, 117.8ms
Speed: 4.1ms preprocess, 117.8ms inference, 6.9ms postprocess per image at shape (1, 3, 1024, 1024)

image 1/1 /mnt/Info/COGAR_DATASETs/OCID-dataset/ARID10/floor/bottom/box/seq34/rgb/result_2018-08-23-15-14-32.png: 768x1024 111 objects, 118.1ms
Speed: 4.0ms preprocess, 118.1ms inference, 7.1ms postprocess per image at shape (1, 3, 1024, 1024)

image 1/1 /mnt/Info/COGAR_DATASETs/OCID-dataset/ARID10/floor/bottom/box/seq34/rgb/result_2018-08-23-15-14-54.png: 768x1024 109 objects, 118.0ms
Speed: 4.0ms preprocess, 118.0ms inference, 7.1ms postprocess per image at shape (1, 3, 1024, 1024)

image 1/1 /mnt/Info/COGAR_DATASETs/OCID-dataset/ARID10/floor/bottom/curved/seq05/rgb/result_2018-08-24-17-11-49.png: 768x1024 12 objects, 118.9ms
Speed: 4.0ms preprocess, 118.9ms inference, 3.0ms postprocess per image at shape (1, 3, 1024, 1024)
[PROGRESS] ocid/fastsam_x/point/cuda: 40/50 images, last=315.1ms, elapsed=13.6s

image 1/1 /mnt/Info/COGAR_DATASETs/OCID-dataset/ARID10/floor/bottom/curved/seq05/rgb/result_2018-08-24-17-12-33.png: 768x1024 12 objects, 116.9ms
Speed: 4.0ms preprocess, 116.9ms inference, 3.0ms postprocess per image at shape (1, 3, 1024, 1024)

image 1/1 /mnt/Info/COGAR_DATASETs/OCID-dataset/ARID10/floor/bottom/curved/seq05/rgb/result_2018-08-24-17-12-55.png: 768x1024 12 objects, 117.9ms
Speed: 4.0ms preprocess, 117.9ms inference, 3.0ms postprocess per image at shape (1, 3, 1024, 1024)

image 1/1 /mnt/Info/COGAR_DATASETs/OCID-dataset/ARID10/floor/bottom/curved/seq05/rgb/result_2018-08-24-17-13-34.png: 768x1024 17 objects, 117.2ms
Speed: 4.0ms preprocess, 117.2ms inference, 3.2ms postprocess per image at shape (1, 3, 1024, 1024)

image 1/1 /mnt/Info/COGAR_DATASETs/OCID-dataset/ARID10/floor/bottom/curved/seq05/rgb/result_2018-08-24-17-13-56.png: 768x1024 18 objects, 118.7ms
Speed: 4.0ms preprocess, 118.7ms inference, 3.3ms postprocess per image at shape (1, 3, 1024, 1024)

image 1/1 /mnt/Info/COGAR_DATASETs/OCID-dataset/ARID10/floor/bottom/curved/seq05/rgb/result_2018-08-24-17-14-18.png: 768x1024 21 objects, 118.5ms
Speed: 4.0ms preprocess, 118.5ms inference, 3.4ms postprocess per image at shape (1, 3, 1024, 1024)
[PROGRESS] ocid/fastsam_x/point/cuda: 45/50 images, last=319.1ms, elapsed=15.2s

image 1/1 /mnt/Info/COGAR_DATASETs/OCID-dataset/ARID10/floor/bottom/curved/seq05/rgb/result_2018-08-24-17-14-42.png: 768x1024 23 objects, 117.7ms
Speed: 4.0ms preprocess, 117.7ms inference, 3.5ms postprocess per image at shape (1, 3, 1024, 1024)

image 1/1 /mnt/Info/COGAR_DATASETs/OCID-dataset/ARID10/floor/bottom/curved/seq05/rgb/result_2018-08-24-17-15-36.png: 768x1024 24 objects, 119.5ms
Speed: 4.1ms preprocess, 119.5ms inference, 3.5ms postprocess per image at shape (1, 3, 1024, 1024)

image 1/1 /mnt/Info/COGAR_DATASETs/OCID-dataset/ARID10/floor/bottom/curved/seq05/rgb/result_2018-08-24-17-15-58.png: 768x1024 24 objects, 119.0ms
Speed: 4.0ms preprocess, 119.0ms inference, 3.5ms postprocess per image at shape (1, 3, 1024, 1024)

image 1/1 /mnt/Info/COGAR_DATASETs/OCID-dataset/ARID10/floor/bottom/curved/seq05/rgb/result_2018-08-24-17-17-53.png: 768x1024 26 objects, 118.8ms
Speed: 4.0ms preprocess, 118.8ms inference, 3.6ms postprocess per image at shape (1, 3, 1024, 1024)

image 1/1 /mnt/Info/COGAR_DATASETs/OCID-dataset/ARID10/floor/bottom/curved/seq06/rgb/result_2018-08-24-17-22-06.png: 768x1024 10 objects, 117.9ms
Speed: 4.1ms preprocess, 117.9ms inference, 3.0ms postprocess per image at shape (1, 3, 1024, 1024)
[PROGRESS] ocid/fastsam_x/point/cuda: 50/50 images, last=314.9ms, elapsed=16.8s
[DONE] ocid/fastsam_x/point/cuda: fps=2.979 mean=335.7ms output=outputs/task7_inference_speed/cuda/ocid/fastsam_x/point_speed.json
[START] ocid/fastsam_x/box/cuda: loading 51 images
[LOAD] ocid/fastsam_x/box/cuda: building model
[WARMUP] ocid/fastsam_x/box/cuda: 1 images

image 1/1 /mnt/Info/COGAR_DATASETs/OCID-dataset/ARID10/floor/bottom/box/seq03/rgb/result_2018-08-27-15-54-17.png: 768x1024 20 objects, 118.9ms
Speed: 4.0ms preprocess, 118.9ms inference, 3.3ms postprocess per image at shape (1, 3, 1024, 1024)
[TIMING] ocid/fastsam_x/box/cuda: 50 images

image 1/1 /mnt/Info/COGAR_DATASETs/OCID-dataset/ARID10/floor/bottom/box/seq03/rgb/result_2018-08-27-15-54-36.png: 768x1024 23 objects, 118.6ms
Speed: 4.0ms preprocess, 118.6ms inference, 3.5ms postprocess per image at shape (1, 3, 1024, 1024)
[PROGRESS] ocid/fastsam_x/box/cuda: 1/50 images, last=311.0ms, elapsed=0.3s

image 1/1 /mnt/Info/COGAR_DATASETs/OCID-dataset/ARID10/floor/bottom/box/seq03/rgb/result_2018-08-27-15-54-58.png: 768x1024 21 objects, 118.7ms
Speed: 4.0ms preprocess, 118.7ms inference, 3.3ms postprocess per image at shape (1, 3, 1024, 1024)

image 1/1 /mnt/Info/COGAR_DATASETs/OCID-dataset/ARID10/floor/bottom/box/seq03/rgb/result_2018-08-27-15-55-23.png: 768x1024 25 objects, 118.4ms
Speed: 4.0ms preprocess, 118.4ms inference, 3.6ms postprocess per image at shape (1, 3, 1024, 1024)

image 1/1 /mnt/Info/COGAR_DATASETs/OCID-dataset/ARID10/floor/bottom/box/seq03/rgb/result_2018-08-27-15-55-46.png: 768x1024 32 objects, 117.2ms
Speed: 4.1ms preprocess, 117.2ms inference, 3.9ms postprocess per image at shape (1, 3, 1024, 1024)

image 1/1 /mnt/Info/COGAR_DATASETs/OCID-dataset/ARID10/floor/bottom/box/seq03/rgb/result_2018-08-27-15-56-34.png: 768x1024 37 objects, 118.7ms
Speed: 4.1ms preprocess, 118.7ms inference, 4.1ms postprocess per image at shape (1, 3, 1024, 1024)
[PROGRESS] ocid/fastsam_x/box/cuda: 5/50 images, last=310.7ms, elapsed=1.6s

image 1/1 /mnt/Info/COGAR_DATASETs/OCID-dataset/ARID10/floor/bottom/box/seq03/rgb/result_2018-08-27-15-56-58.png: 768x1024 40 objects, 120.1ms
Speed: 4.0ms preprocess, 120.1ms inference, 4.2ms postprocess per image at shape (1, 3, 1024, 1024)

image 1/1 /mnt/Info/COGAR_DATASETs/OCID-dataset/ARID10/floor/bottom/box/seq03/rgb/result_2018-08-27-15-57-26.png: 768x1024 42 objects, 117.6ms
Speed: 4.0ms preprocess, 117.6ms inference, 4.3ms postprocess per image at shape (1, 3, 1024, 1024)

image 1/1 /mnt/Info/COGAR_DATASETs/OCID-dataset/ARID10/floor/bottom/box/seq03/rgb/result_2018-08-27-15-57-50.png: 768x1024 43 objects, 119.1ms
Speed: 4.0ms preprocess, 119.1ms inference, 4.4ms postprocess per image at shape (1, 3, 1024, 1024)

image 1/1 /mnt/Info/COGAR_DATASETs/OCID-dataset/ARID10/floor/bottom/box/seq03/rgb/result_2018-08-27-15-58-44.png: 768x1024 51 objects, 118.1ms
Speed: 4.1ms preprocess, 118.1ms inference, 4.8ms postprocess per image at shape (1, 3, 1024, 1024)

image 1/1 /mnt/Info/COGAR_DATASETs/OCID-dataset/ARID10/floor/bottom/box/seq04/rgb/result_2018-08-27-16-01-55.png: 768x1024 13 objects, 119.3ms
Speed: 4.0ms preprocess, 119.3ms inference, 3.1ms postprocess per image at shape (1, 3, 1024, 1024)
[PROGRESS] ocid/fastsam_x/box/cuda: 10/50 images, last=310.9ms, elapsed=3.1s

image 1/1 /mnt/Info/COGAR_DATASETs/OCID-dataset/ARID10/floor/bottom/box/seq04/rgb/result_2018-08-27-16-02-15.png: 768x1024 20 objects, 120.2ms
Speed: 4.0ms preprocess, 120.2ms inference, 3.3ms postprocess per image at shape (1, 3, 1024, 1024)

image 1/1 /mnt/Info/COGAR_DATASETs/OCID-dataset/ARID10/floor/bottom/box/seq04/rgb/result_2018-08-27-16-02-37.png: 768x1024 25 objects, 118.3ms
Speed: 4.1ms preprocess, 118.3ms inference, 3.6ms postprocess per image at shape (1, 3, 1024, 1024)

image 1/1 /mnt/Info/COGAR_DATASETs/OCID-dataset/ARID10/floor/bottom/box/seq04/rgb/result_2018-08-27-16-02-58.png: 768x1024 28 objects, 119.9ms
Speed: 4.0ms preprocess, 119.9ms inference, 3.7ms postprocess per image at shape (1, 3, 1024, 1024)

image 1/1 /mnt/Info/COGAR_DATASETs/OCID-dataset/ARID10/floor/bottom/box/seq04/rgb/result_2018-08-27-16-03-25.png: 768x1024 26 objects, 119.0ms
Speed: 4.0ms preprocess, 119.0ms inference, 3.6ms postprocess per image at shape (1, 3, 1024, 1024)

image 1/1 /mnt/Info/COGAR_DATASETs/OCID-dataset/ARID10/floor/bottom/box/seq04/rgb/result_2018-08-27-16-03-50.png: 768x1024 29 objects, 118.8ms
Speed: 4.0ms preprocess, 118.8ms inference, 3.8ms postprocess per image at shape (1, 3, 1024, 1024)
[PROGRESS] ocid/fastsam_x/box/cuda: 15/50 images, last=311.8ms, elapsed=4.7s

image 1/1 /mnt/Info/COGAR_DATASETs/OCID-dataset/ARID10/floor/bottom/box/seq04/rgb/result_2018-08-27-16-04-15.png: 768x1024 28 objects, 117.0ms
Speed: 4.0ms preprocess, 117.0ms inference, 3.7ms postprocess per image at shape (1, 3, 1024, 1024)

image 1/1 /mnt/Info/COGAR_DATASETs/OCID-dataset/ARID10/floor/bottom/box/seq04/rgb/result_2018-08-27-16-04-53.png: 768x1024 30 objects, 117.6ms
Speed: 4.0ms preprocess, 117.6ms inference, 3.8ms postprocess per image at shape (1, 3, 1024, 1024)



image 1/1 /mnt/Info/COGAR_DATASETs/OCID-dataset/ARID10/floor/bottom/box/seq33/rgb/result_2018-08-23-15-02-26.png: 768x1024 93 objects, 118.9ms
Speed: 4.1ms preprocess, 118.9ms inference, 6.6ms postprocess per image at shape (1, 3, 1024, 1024)
[PROGRESS] ocid/fastsam_x/box/cuda: 20/50 images, last=317.3ms, elapsed=6.2s

image 1/1 /mnt/Info/COGAR_DATASETs/OCID-dataset/ARID10/floor/bottom/box/seq33/rgb/result_2018-08-23-15-02-42.png: 768x1024 96 objects, 119.0ms
Speed: 4.0ms preprocess, 119.0ms inference, 6.7ms postprocess per image at shape (1, 3, 1024, 1024)

image 1/1 /mnt/Info/COGAR_DATASETs/OCID-dataset/ARID10/floor/bottom/box/seq33/rgb/result_2018-08-23-15-03-05.png: 768x1024 101 objects, 119.9ms
Speed: 4.0ms preprocess, 119.9ms inference, 6.9ms postprocess per image at shape (1, 3, 1024, 1024)

image 1/1 /mnt/Info/COGAR_DATASETs/OCID-dataset/ARID10/floor/bottom/box/seq33/rgb/result_2018-08-23-15-03-35.png: 768x1024 99 objects, 120.6ms
Speed: 4.1ms preprocess, 120.6ms inference, 6.6ms postprocess per image at shape (1, 3, 1024, 1024)

image 1/1 /mnt/Info/COGAR_DATASETs/OCID-dataset/ARID10/floor/bottom/box/seq33/rgb/result_2018-08-23-15-03-59.png: 768x1024 98 objects, 117.7ms
Speed: 4.0ms preprocess, 117.7ms inference, 6.5ms postprocess per image at shape (1, 3, 1024, 1024)

image 1/1 /mnt/Info/COGAR_DATASETs/OCID-dataset/ARID10/floor/bottom/box/seq33/rgb/result_2018-08-23-15-04-29.png: 768x1024 100 objects, 120.3ms
Speed: 4.0ms preprocess, 120.3ms inference, 6.6ms postprocess per image at shape (1, 3, 1024, 1024)
[PROGRESS] ocid/fastsam_x/box/cuda: 25/50 images, last=316.3ms, elapsed=7.8s

image 1/1 /mnt/Info/COGAR_DATASETs/OCID-dataset/ARID10/floor/bottom/box/seq33/rgb/result_2018-08-23-15-05-19.png: 768x1024 88 objects, 118.6ms
Speed: 4.0ms preprocess, 118.6ms inference, 6.1ms postprocess per image at shape (1, 3, 1024, 1024)

image 1/1 /mnt/Info/COGAR_DATASETs/OCID-dataset/ARID10/floor/bottom/box/seq33/rgb/result_2018-08-23-15-05-44.png: 768x1024 90 objects, 117.8ms
Speed: 4.1ms preprocess, 117.8ms inference, 6.2ms postprocess per image at shape (1, 3, 1024, 1024)

image 1/1 /mnt/Info/COGAR_DATASETs/OCID-dataset/ARID10/floor/bottom/box/seq33/rgb/result_2018-08-23-15-06-55.png: 768x1024 88 objects, 118.8ms
Speed: 4.0ms preprocess, 118.8ms inference, 6.1ms postprocess per image at shape (1, 3, 1024, 1024)

image 1/1 /mnt/Info/COGAR_DATASETs/OCID-dataset/ARID10/floor/bottom/box/seq33/rgb/result_2018-08-23-15-07-26.png: 768x1024 93 objects, 118.0ms
Speed: 4.0ms preprocess, 118.0ms inference, 6.4ms postprocess per image at shape (1, 3, 1024, 1024)

image 1/1 /mnt/Info/COGAR_DATASETs/OCID-dataset/ARID10/floor/bottom/box/seq34/rgb/result_2018-08-23-15-10-09.png: 768x1024 100 objects, 118.5ms
Speed: 4.0ms preprocess, 118.5ms inference, 6.6ms postprocess per image at shape (1, 3, 1024, 1024)
[PROGRESS] ocid/fastsam_x/box/cuda: 30/50 images, last=314.1ms, elapsed=9.4s

image 1/1 /mnt/Info/COGAR_DATASETs/OCID-dataset/ARID10/floor/bottom/box/seq34/rgb/result_2018-08-23-15-10-45.png: 768x1024 100 objects, 119.3ms
Speed: 4.0ms preprocess, 119.3ms inference, 6.7ms postprocess per image at shape (1, 3, 1024, 1024)

image 1/1 /mnt/Info/COGAR_DATASETs/OCID-dataset/ARID10/floor/bottom/box/seq34/rgb/result_2018-08-23-15-11-09.png: 768x1024 98 objects, 118.2ms
Speed: 4.0ms preprocess, 118.2ms inference, 6.5ms postprocess per image at shape (1, 3, 1024, 1024)

image 1/1 /mnt/Info/COGAR_DATASETs/OCID-dataset/ARID10/floor/bottom/box/seq34/rgb/result_2018-08-23-15-11-36.png: 768x1024 107 objects, 117.5ms
Speed: 4.0ms preprocess, 117.5ms inference, 7.2ms postprocess per image at shape (1, 3, 1024, 1024)

image 1/1 /mnt/Info/COGAR_DATASETs/OCID-dataset/ARID10/floor/bottom/box/seq34/rgb/result_2018-08-23-15-12-03.png: 768x1024 104 objects, 119.2ms
Speed: 4.0ms preprocess, 119.2ms inference, 6.8ms postprocess per image at shape (1, 3, 1024, 1024)

image 1/1 /mnt/Info/COGAR_DATASETs/OCID-dataset/ARID10/floor/bottom/box/seq34/rgb/result_2018-08-23-15-12-31.png: 768x1024 103 objects, 118.7ms
Speed: 4.0ms preprocess, 118.7ms inference, 6.7ms postprocess per image at shape (1, 3, 1024, 1024)
[PROGRESS] ocid/fastsam_x/box/cuda: 35/50 images, last=315.9ms, elapsed=11.0s

image 1/1 /mnt/Info/COGAR_DATASETs/OCID-dataset/ARID10/floor/bottom/box/seq34/rgb/result_2018-08-23-15-13-09.png: 768x1024 111 objects, 117.2ms
Speed: 4.0ms preprocess, 117.2ms inference, 7.2ms postprocess per image at shape (1, 3, 1024, 1024)

image 1/1 /mnt/Info/COGAR_DATASETs/OCID-dataset/ARID10/floor/bottom/box/seq34/rgb/result_2018-08-23-15-13-57.png: 768x1024 106 objects, 118.4ms
Speed: 4.0ms preprocess, 118.4ms inference, 6.8ms postprocess per image at shape (1, 3, 1024, 1024)

image 1/1 /mnt/Info/COGAR_DATASETs/OCID-dataset/ARID10/floor/bottom/box/seq34/rgb/result_2018-08-23-15-14-32.png: 768x1024 111 objects, 119.1ms
Speed: 4.0ms preprocess, 119.1ms inference, 7.1ms postprocess per image at shape (1, 3, 1024, 1024)

image 1/1 /mnt/Info/COGAR_DATASETs/OCID-dataset/ARID10/floor/bottom/box/seq34/rgb/result_2018-08-23-15-14-54.png: 768x1024 109 objects, 118.0ms
Speed: 4.1ms preprocess, 118.0ms inference, 7.0ms postprocess per image at shape (1, 3, 1024, 1024)

image 1/1 /mnt/Info/COGAR_DATASETs/OCID-dataset/ARID10/floor/bottom/curved/seq05/rgb/result_2018-08-24-17-11-49.png: 768x1024 12 objects, 118.8ms
Speed: 4.1ms preprocess, 118.8ms inference, 3.0ms postprocess per image at shape (1, 3, 1024, 1024)
[PROGRESS] ocid/fastsam_x/box/cuda: 40/50 images, last=310.4ms, elapsed=12.5s

image 1/1 /mnt/Info/COGAR_DATASETs/OCID-dataset/ARID10/floor/bottom/curved/seq05/rgb/result_2018-08-24-17-12-33.png: 768x1024 12 objects, 116.7ms
Speed: 4.0ms preprocess, 116.7ms inference, 3.0ms postprocess per image at shape (1, 3, 1024, 1024)

image 1/1 /mnt/Info/COGAR_DATASETs/OCID-dataset/ARID10/floor/bottom/curved/seq05/rgb/result_2018-08-24-17-12-55.png: 768x1024 12 objects, 118.7ms
Speed: 4.0ms preprocess, 118.7ms inference, 3.0ms postprocess per image at shape (1, 3, 1024, 1024)

image 1/1 /mnt/Info/COGAR_DATASETs/OCID-dataset/ARID10/floor/bottom/curved/seq05/rgb/result_2018-08-24-17-13-34.png: 768x1024 17 objects, 119.6ms
Speed: 4.0ms preprocess, 119.6ms inference, 3.1ms postprocess per image at shape (1, 3, 1024, 1024)

image 1/1 /mnt/Info/COGAR_DATASETs/OCID-dataset/ARID10/floor/bottom/curved/seq05/rgb/result_2018-08-24-17-13-56.png: 768x1024 18 objects, 119.8ms
Speed: 4.0ms preprocess, 119.8ms inference, 3.2ms postprocess per image at shape (1, 3, 1024, 1024)

image 1/1 /mnt/Info/COGAR_DATASETs/OCID-dataset/ARID10/floor/bottom/curved/seq05/rgb/result_2018-08-24-17-14-18.png: 768x1024 21 objects, 118.6ms
Speed: 4.1ms preprocess, 118.6ms inference, 3.3ms postprocess per image at shape (1, 3, 1024, 1024)
[PROGRESS] ocid/fastsam_x/box/cuda: 45/50 images, last=310.9ms, elapsed=14.1s

image 1/1 /mnt/Info/COGAR_DATASETs/OCID-dataset/ARID10/floor/bottom/curved/seq05/rgb/result_2018-08-24-17-14-42.png: 768x1024 23 objects, 120.0ms
Speed: 4.0ms preprocess, 120.0ms inference, 3.4ms postprocess per image at shape (1, 3, 1024, 1024)

image 1/1 /mnt/Info/COGAR_DATASETs/OCID-dataset/ARID10/floor/bottom/curved/seq05/rgb/result_2018-08-24-17-15-36.png: 768x1024 24 objects, 118.6ms
Speed: 4.0ms preprocess, 118.6ms inference, 3.5ms postprocess per image at shape (1, 3, 1024, 1024)

image 1/1 /mnt/Info/COGAR_DATASETs/OCID-dataset/ARID10/floor/bottom/curved/seq05/rgb/result_2018-08-24-17-15-58.png: 768x1024 24 objects, 119.5ms
Speed: 4.1ms preprocess, 119.5ms inference, 3.5ms postprocess per image at shape (1, 3, 1024, 1024)

image 1/1 /mnt/Info/COGAR_DATASETs/OCID-dataset/ARID10/floor/bottom/curved/seq05/rgb/result_2018-08-24-17-17-53.png: 768x1024 26 objects, 118.8ms
Speed: 4.1ms preprocess, 118.8ms inference, 3.5ms postprocess per image at shape (1, 3, 1024, 1024)

image 1/1 /mnt/Info/COGAR_DATASETs/OCID-dataset/ARID10/floor/bottom/curved/seq06/rgb/result_2018-08-24-17-22-06.png: 768x1024 10 objects, 119.0ms
Speed: 4.0ms preprocess, 119.0ms inference, 2.9ms postprocess per image at shape (1, 3, 1024, 1024)
[PROGRESS] ocid/fastsam_x/box/cuda: 50/50 images, last=305.3ms, elapsed=15.6s
[DONE] ocid/fastsam_x/box/cuda: fps=3.199 mean=312.6ms output=outputs/task7_inference_speed/cuda/ocid/fastsam_x/box_speed.json
[START] ocid/fastsam_x/automatic/cuda: loading 21 images
[LOAD] ocid/fastsam_x/automatic/cuda: building model
[WARMUP] ocid/fastsam_x/automatic/cuda: 1 images

image 1/1 /mnt/Info/COGAR_DATASETs/OCID-dataset/ARID10/floor/bottom/box/seq03/rgb/result_2018-08-27-15-54-17.png: 768x1024 20 objects, 118.5ms
Speed: 4.0ms preprocess, 118.5ms inference, 3.4ms postprocess per image at shape (1, 3, 1024, 1024)
[TIMING] ocid/fastsam_x/automatic/cuda: 20 images

image 1/1 /mnt/Info/COGAR_DATASETs/OCID-dataset/ARID10/floor/bottom/box/seq03/rgb/result_2018-08-27-15-54-36.png: 768x1024 23 objects, 117.9ms
Speed: 4.0ms preprocess, 117.9ms inference, 3.4ms postprocess per image at shape (1, 3, 1024, 1024)
[PROGRESS] ocid/fastsam_x/automatic/cuda: 1/20 images, last=327.8ms, elapsed=0.3s

image 1/1 /mnt/Info/COGAR_DATASETs/OCID-dataset/ARID10/floor/bottom/box/seq03/rgb/result_2018-08-27-15-54-58.png: 768x1024 21 objects, 117.8ms
Speed: 4.1ms preprocess, 117.8ms inference, 3.5ms postprocess per image at shape (1, 3, 1024, 1024)

image 1/1 /mnt/Info/COGAR_DATASETs/OCID-dataset/ARID10/floor/bottom/box/seq03/rgb/result_2018-08-27-15-55-23.png: 768x1024 25 objects, 117.9ms
Speed: 4.0ms preprocess, 117.9ms inference, 3.6ms postprocess per image at shape (1, 3, 1024, 1024)

image 1/1 /mnt/Info/COGAR_DATASETs/OCID-dataset/ARID10/floor/bottom/box/seq03/rgb/result_2018-08-27-15-55-46.png: 768x1024 32 objects, 119.5ms
Speed: 4.1ms preprocess, 119.5ms inference, 3.9ms postprocess per image at shape (1, 3, 1024, 1024)

image 1/1 /mnt/Info/COGAR_DATASETs/OCID-dataset/ARID10/floor/bottom/box/seq03/rgb/result_2018-08-27-15-56-34.png: 768x1024 37 objects, 117.3ms
Speed: 4.1ms preprocess, 117.3ms inference, 4.1ms postprocess per image at shape (1, 3, 1024, 1024)
[PROGRESS] ocid/fastsam_x/automatic/cuda: 5/20 images, last=339.2ms, elapsed=1.7s

image 1/1 /mnt/Info/COGAR_DATASETs/OCID-dataset/ARID10/floor/bottom/box/seq03/rgb/result_2018-08-27-15-56-58.png: 768x1024 40 objects, 118.3ms
Speed: 4.1ms preprocess, 118.3ms inference, 4.2ms postprocess per image at shape (1, 3, 1024, 1024)

image 1/1 /mnt/Info/COGAR_DATASETs/OCID-dataset/ARID10/floor/bottom/box/seq03/rgb/result_2018-08-27-15-57-26.png: 768x1024 42 objects, 119.0ms
Speed: 4.1ms preprocess, 119.0ms inference, 4.3ms postprocess per image at shape (1, 3, 1024, 1024)

image 1/1 /mnt/Info/COGAR_DATASETs/OCID-dataset/ARID10/floor/bottom/box/seq03/rgb/result_2018-08-27-15-57-50.png: 768x1024 43 objects, 117.9ms
Speed: 4.1ms preprocess, 117.9ms inference, 4.4ms postprocess per image at shape (1, 3, 1024, 1024)

image 1/1 /mnt/Info/COGAR_DATASETs/OCID-dataset/ARID10/floor/bottom/box/seq03/rgb/result_2018-08-27-15-58-44.png: 768x1024 51 objects, 118.3ms
Speed: 4.1ms preprocess, 118.3ms inference, 4.7ms postprocess per image at shape (1, 3, 1024, 1024)

image 1/1 /mnt/Info/COGAR_DATASETs/OCID-dataset/ARID10/floor/bottom/box/seq04/rgb/result_2018-08-27-16-01-55.png: 768x1024 13 objects, 118.3ms
Speed: 4.0ms preprocess, 118.3ms inference, 3.0ms postprocess per image at shape (1, 3, 1024, 1024)
[PROGRESS] ocid/fastsam_x/automatic/cuda: 10/20 images, last=321.4ms, elapsed=3.4s

image 1/1 /mnt/Info/COGAR_DATASETs/OCID-dataset/ARID10/floor/bottom/box/seq04/rgb/result_2018-08-27-16-02-15.png: 768x1024 20 objects, 120.2ms
Speed: 4.1ms preprocess, 120.2ms inference, 3.3ms postprocess per image at shape (1, 3, 1024, 1024)

image 1/1 /mnt/Info/COGAR_DATASETs/OCID-dataset/ARID10/floor/bottom/box/seq04/rgb/result_2018-08-27-16-02-37.png: 768x1024 25 objects, 118.9ms
Speed: 4.1ms preprocess, 118.9ms inference, 3.6ms postprocess per image at shape (1, 3, 1024, 1024)

image 1/1 /mnt/Info/COGAR_DATASETs/OCID-dataset/ARID10/floor/bottom/box/seq04/rgb/result_2018-08-27-16-02-58.png: 768x1024 28 objects, 118.0ms
Speed: 4.1ms preprocess, 118.0ms inference, 3.7ms postprocess per image at shape (1, 3, 1024, 1024)

image 1/1 /mnt/Info/COGAR_DATASETs/OCID-dataset/ARID10/floor/bottom/box/seq04/rgb/result_2018-08-27-16-03-25.png: 768x1024 26 objects, 120.5ms
Speed: 4.1ms preprocess, 120.5ms inference, 3.6ms postprocess per image at shape (1, 3, 1024, 1024)

image 1/1 /mnt/Info/COGAR_DATASETs/OCID-dataset/ARID10/floor/bottom/box/seq04/rgb/result_2018-08-27-16-03-50.png: 768x1024 29 objects, 118.2ms
Speed: 4.0ms preprocess, 118.2ms inference, 3.8ms postprocess per image at shape (1, 3, 1024, 1024)
[PROGRESS] ocid/fastsam_x/automatic/cuda: 15/20 images, last=334.5ms, elapsed=5.0s

image 1/1 /mnt/Info/COGAR_DATASETs/OCID-dataset/ARID10/floor/bottom/box/seq04/rgb/result_2018-08-27-16-04-15.png: 768x1024 28 objects, 118.8ms
Speed: 4.1ms preprocess, 118.8ms inference, 3.7ms postprocess per image at shape (1, 3, 1024, 1024)

image 1/1 /mnt/Info/COGAR_DATASETs/OCID-dataset/ARID10/floor/bottom/box/seq04/rgb/result_2018-08-27-16-04-53.png: 768x1024 30 objects, 116.0ms
Speed: 4.1ms preprocess, 116.0ms inference, 3.8ms postprocess per image at shape (1, 3, 1024, 1024)



image 1/1 /mnt/Info/COGAR_DATASETs/OCID-dataset/ARID10/floor/bottom/box/seq33/rgb/result_2018-08-23-15-02-26.png: 768x1024 93 objects, 119.1ms
Speed: 4.1ms preprocess, 119.1ms inference, 6.6ms postprocess per image at shape (1, 3, 1024, 1024)
[PROGRESS] ocid/fastsam_x/automatic/cuda: 20/20 images, last=396.8ms, elapsed=6.7s
[DONE] ocid/fastsam_x/automatic/cuda: fps=2.980 mean=335.6ms output=outputs/task7_inference_speed/cuda/ocid/fastsam_x/automatic_speed.json
[START] ocid/yolo8_seg/inference/cuda: loading 51 images
[LOAD] ocid/yolo8_seg/inference/cuda: building model
[LOAD] yolo8_seg/ocid: ultralytics=/home/ubuntu/COGAR_Foundation-Model-Segmentation-for-Robotic-Scenes/.venv/lib/python3.12/site-packages/ultralytics/__init__.py
[WARMUP] ocid/yolo8_seg/inference/cuda: 1 images
[TIMING] ocid/yolo8_seg/inference/cuda: 50 images
[PROGRESS] ocid/yolo8_seg/inference/cuda: 1/50 images, last=27.0ms, elapsed=0.0s
[PROGRESS] ocid/yolo8_seg/inference/cuda: 5/50 images, last=26.1ms, elapsed=0.1s
[PROGRESS] ocid/yolo8_seg/inference/cuda: 10/50 images, last=26.3ms, elapsed=0.3s
[PROGRESS] ocid/yolo8_seg/inference/cuda: 15/50 images, last=26.2ms, elapsed=0.4s
[PROGRESS] ocid/yolo8_seg/inference/cuda: 20/50 images, last=26.1ms, elapsed=0.5s
[PROGRESS] ocid/yolo8_seg/inference/cuda: 25/50 images, last=27.0ms, elapsed=0.7s
[PROGRESS] ocid/yolo8_seg/inference/cuda: 30/50 images, last=26.3ms, elapsed=0.8s
[PROGRESS] ocid/yolo8_seg/inference/cuda: 35/50 images, last=27.8ms, elapsed=0.9s
[PROGRESS] ocid/yolo8_seg/inference/cuda: 40/50 images, last=26.1ms, elapsed=1.1s
[PROGRESS] ocid/yolo8_seg/inference/cuda: 45/50 images, last=26.5ms, elapsed=1.2s
[PROGRESS] ocid/yolo8_seg/inference/cuda: 50/50 images, last=26.6ms, elapsed=1.3s
[DONE] ocid/yolo8_seg/inference/cuda: fps=37.517 mean=26.7ms output=outputs/task7_inference_speed/cuda/ocid/yolo8_seg/inference_speed.json
[START] ocid/mask_rcnn/inference/cuda: loading 51 images
[LOAD] ocid/mask_rcnn/inference/cuda: building model
/home/ubuntu/COGAR_Foundation-Model-Segmentation-for-Robotic-Scenes/scripts/benchmarks/measure_task7_inference_speed.py:510: FutureWarning: You are using `torch.load` with `weights_only=False` (the current default value), which uses the default pickle module implicitly. It is possible to construct malicious pickle data which will execute arbitrary code during unpickling (See https://github.com/pytorch/pytorch/blob/main/SECURITY.md#untrusted-models for more details). In a future release, the default value for `weights_only` will be flipped to `True`. This limits the functions that could be executed during unpickling. Arbitrary objects will no longer be allowed to be loaded via this mode unless they are explicitly allowlisted by the user via `torch.serialization.add_safe_globals`. We recommend you start setting `weights_only=True` for any use case where you don't have full control of the loaded file. Please open an issue on GitHub for any issues related to this experimental feature.
  checkpoint = torch.load(checkpoint_path, map_location=device_obj)
/home/ubuntu/COGAR_Foundation-Model-Segmentation-for-Robotic-Scenes/.venv/lib/python3.12/site-packages/torchvision/models/detection/backbone_utils.py:162: UserWarning: Changing trainable_backbone_layers has no effect if neither pretrained nor pretrained_backbone have been set to True, falling back to trainable_backbone_layers=5 so that all layers are trainable
  warnings.warn(
[WARMUP] ocid/mask_rcnn/inference/cuda: 1 images
[TIMING] ocid/mask_rcnn/inference/cuda: 50 images
[PROGRESS] ocid/mask_rcnn/inference/cuda: 1/50 images, last=108.8ms, elapsed=0.1s
[PROGRESS] ocid/mask_rcnn/inference/cuda: 5/50 images, last=68.6ms, elapsed=0.4s
[PROGRESS] ocid/mask_rcnn/inference/cuda: 10/50 images, last=65.7ms, elapsed=0.8s
[PROGRESS] ocid/mask_rcnn/inference/cuda: 15/50 images, last=72.4ms, elapsed=1.1s
[PROGRESS] ocid/mask_rcnn/inference/cuda: 20/50 images, last=65.3ms, elapsed=1.5s
[PROGRESS] ocid/mask_rcnn/inference/cuda: 25/50 images, last=69.9ms, elapsed=1.8s
[PROGRESS] ocid/mask_rcnn/inference/cuda: 30/50 images, last=66.9ms, elapsed=2.2s
[PROGRESS] ocid/mask_rcnn/inference/cuda: 35/50 images, last=74.2ms, elapsed=2.5s
[PROGRESS] ocid/mask_rcnn/inference/cuda: 40/50 images, last=65.3ms, elapsed=2.9s
[PROGRESS] ocid/mask_rcnn/inference/cuda: 45/50 images, last=69.6ms, elapsed=3.2s
[PROGRESS] ocid/mask_rcnn/inference/cuda: 50/50 images, last=65.6ms, elapsed=3.6s
[DONE] ocid/mask_rcnn/inference/cuda: fps=13.970 mean=71.6ms output=outputs/task7_inference_speed/cuda/ocid/mask_rcnn/inference_speed.json
[START] ocid/deeplabv3plus/inference/cuda: loading 51 images
[LOAD] ocid/deeplabv3plus/inference/cuda: building model
/home/ubuntu/COGAR_Foundation-Model-Segmentation-for-Robotic-Scenes/scripts/benchmarks/measure_task7_inference_speed.py:557: FutureWarning: You are using `torch.load` with `weights_only=False` (the current default value), which uses the default pickle module implicitly. It is possible to construct malicious pickle data which will execute arbitrary code during unpickling (See https://github.com/pytorch/pytorch/blob/main/SECURITY.md#untrusted-models for more details). In a future release, the default value for `weights_only` will be flipped to `True`. This limits the functions that could be executed during unpickling. Arbitrary objects will no longer be allowed to be loaded via this mode unless they are explicitly allowlisted by the user via `torch.serialization.add_safe_globals`. We recommend you start setting `weights_only=True` for any use case where you don't have full control of the loaded file. Please open an issue on GitHub for any issues related to this experimental feature.
  checkpoint = torch.load(checkpoint_path, map_location=device_obj)
[WARMUP] ocid/deeplabv3plus/inference/cuda: 1 images
[TIMING] ocid/deeplabv3plus/inference/cuda: 50 images
[PROGRESS] ocid/deeplabv3plus/inference/cuda: 1/50 images, last=41.7ms, elapsed=0.0s
[PROGRESS] ocid/deeplabv3plus/inference/cuda: 5/50 images, last=36.0ms, elapsed=0.2s
[PROGRESS] ocid/deeplabv3plus/inference/cuda: 10/50 images, last=25.6ms, elapsed=0.3s
[PROGRESS] ocid/deeplabv3plus/inference/cuda: 15/50 images, last=25.3ms, elapsed=0.5s
[PROGRESS] ocid/deeplabv3plus/inference/cuda: 20/50 images, last=24.5ms, elapsed=0.6s
[PROGRESS] ocid/deeplabv3plus/inference/cuda: 25/50 images, last=24.5ms, elapsed=0.7s
[PROGRESS] ocid/deeplabv3plus/inference/cuda: 30/50 images, last=24.5ms, elapsed=0.8s
[PROGRESS] ocid/deeplabv3plus/inference/cuda: 35/50 images, last=24.4ms, elapsed=1.0s
[PROGRESS] ocid/deeplabv3plus/inference/cuda: 40/50 images, last=24.5ms, elapsed=1.1s
[PROGRESS] ocid/deeplabv3plus/inference/cuda: 45/50 images, last=24.3ms, elapsed=1.2s
[PROGRESS] ocid/deeplabv3plus/inference/cuda: 50/50 images, last=24.2ms, elapsed=1.3s
[DONE] ocid/deeplabv3plus/inference/cuda: fps=37.811 mean=26.4ms output=outputs/task7_inference_speed/cuda/ocid/deeplabv3plus/inference_speed.json
[START] isaac_official_unitree_g1/sam_vit_h/point/cpu: loading 4 images
[LOAD] isaac_official_unitree_g1/sam_vit_h/point/cpu: building model
/home/ubuntu/COGAR_Foundation-Model-Segmentation-for-Robotic-Scenes/.venv/lib/python3.12/site-packages/segment_anything/build_sam.py:105: FutureWarning: You are using `torch.load` with `weights_only=False` (the current default value), which uses the default pickle module implicitly. It is possible to construct malicious pickle data which will execute arbitrary code during unpickling (See https://github.com/pytorch/pytorch/blob/main/SECURITY.md#untrusted-models for more details). In a future release, the default value for `weights_only` will be flipped to `True`. This limits the functions that could be executed during unpickling. Arbitrary objects will no longer be allowed to be loaded via this mode unless they are explicitly allowlisted by the user via `torch.serialization.add_safe_globals`. We recommend you start setting `weights_only=True` for any use case where you don't have full control of the loaded file. Please open an issue on GitHub for any issues related to this experimental feature.
  state_dict = torch.load(f)
[WARMUP] isaac_official_unitree_g1/sam_vit_h/point/cpu: 1 images
[TIMING] isaac_official_unitree_g1/sam_vit_h/point/cpu: 3 images
[PROGRESS] isaac_official_unitree_g1/sam_vit_h/point/cpu: 1/3 images, last=32604.5ms, elapsed=32.6s
[PROGRESS] isaac_official_unitree_g1/sam_vit_h/point/cpu: 3/3 images, last=32355.7ms, elapsed=97.4s
[DONE] isaac_official_unitree_g1/sam_vit_h/point/cpu: fps=0.031 mean=32459.3ms output=outputs/task7_inference_speed/cpu/isaac_official_unitree_g1/sam_vit_h/point_speed.json
[START] isaac_official_unitree_g1/sam_vit_h/box/cpu: loading 4 images
[LOAD] isaac_official_unitree_g1/sam_vit_h/box/cpu: building model
[WARMUP] isaac_official_unitree_g1/sam_vit_h/box/cpu: 1 images
[TIMING] isaac_official_unitree_g1/sam_vit_h/box/cpu: 3 images
[PROGRESS] isaac_official_unitree_g1/sam_vit_h/box/cpu: 1/3 images, last=32250.6ms, elapsed=32.3s
[PROGRESS] isaac_official_unitree_g1/sam_vit_h/box/cpu: 3/3 images, last=32308.6ms, elapsed=96.9s
[DONE] isaac_official_unitree_g1/sam_vit_h/box/cpu: fps=0.031 mean=32285.2ms output=outputs/task7_inference_speed/cpu/isaac_official_unitree_g1/sam_vit_h/box_speed.json
[START] isaac_official_unitree_g1/sam_vit_h/automatic/cpu: loading 2 images
[LOAD] isaac_official_unitree_g1/sam_vit_h/automatic/cpu: building model
[WARMUP] isaac_official_unitree_g1/sam_vit_h/automatic/cpu: 1 images
[TIMING] isaac_official_unitree_g1/sam_vit_h/automatic/cpu: 1 images
[PROGRESS] isaac_official_unitree_g1/sam_vit_h/automatic/cpu: 1/1 images, last=187867.8ms, elapsed=187.9s
[DONE] isaac_official_unitree_g1/sam_vit_h/automatic/cpu: fps=0.005 mean=187867.8ms output=outputs/task7_inference_speed/cpu/isaac_official_unitree_g1/sam_vit_h/automatic_speed.json
[START] isaac_official_unitree_g1/sam_vit_b/point/cpu: loading 4 images
[LOAD] isaac_official_unitree_g1/sam_vit_b/point/cpu: building model
[WARMUP] isaac_official_unitree_g1/sam_vit_b/point/cpu: 1 images
[TIMING] isaac_official_unitree_g1/sam_vit_b/point/cpu: 3 images
[PROGRESS] isaac_official_unitree_g1/sam_vit_b/point/cpu: 1/3 images, last=8446.2ms, elapsed=8.4s
[PROGRESS] isaac_official_unitree_g1/sam_vit_b/point/cpu: 3/3 images, last=8404.0ms, elapsed=25.3s
[DONE] isaac_official_unitree_g1/sam_vit_b/point/cpu: fps=0.119 mean=8433.1ms output=outputs/task7_inference_speed/cpu/isaac_official_unitree_g1/sam_vit_b/point_speed.json
[START] isaac_official_unitree_g1/sam_vit_b/box/cpu: loading 4 images
[LOAD] isaac_official_unitree_g1/sam_vit_b/box/cpu: building model
[WARMUP] isaac_official_unitree_g1/sam_vit_b/box/cpu: 1 images
[TIMING] isaac_official_unitree_g1/sam_vit_b/box/cpu: 3 images
[PROGRESS] isaac_official_unitree_g1/sam_vit_b/box/cpu: 1/3 images, last=8417.3ms, elapsed=8.4s
[PROGRESS] isaac_official_unitree_g1/sam_vit_b/box/cpu: 3/3 images, last=8376.8ms, elapsed=25.2s
[DONE] isaac_official_unitree_g1/sam_vit_b/box/cpu: fps=0.119 mean=8392.0ms output=outputs/task7_inference_speed/cpu/isaac_official_unitree_g1/sam_vit_b/box_speed.json
[START] isaac_official_unitree_g1/sam_vit_b/automatic/cpu: loading 2 images
[LOAD] isaac_official_unitree_g1/sam_vit_b/automatic/cpu: building model
[WARMUP] isaac_official_unitree_g1/sam_vit_b/automatic/cpu: 1 images
[TIMING] isaac_official_unitree_g1/sam_vit_b/automatic/cpu: 1 images
[PROGRESS] isaac_official_unitree_g1/sam_vit_b/automatic/cpu: 1/1 images, last=111072.2ms, elapsed=111.1s
[DONE] isaac_official_unitree_g1/sam_vit_b/automatic/cpu: fps=0.009 mean=111072.2ms output=outputs/task7_inference_speed/cpu/isaac_official_unitree_g1/sam_vit_b/automatic_speed.json
[START] isaac_official_unitree_g1/sam2_hiera_large/point/cpu: loading 4 images
[LOAD] isaac_official_unitree_g1/sam2_hiera_large/point/cpu: building model
[WARMUP] isaac_official_unitree_g1/sam2_hiera_large/point/cpu: 1 images
[TIMING] isaac_official_unitree_g1/sam2_hiera_large/point/cpu: 3 images
[PROGRESS] isaac_official_unitree_g1/sam2_hiera_large/point/cpu: 1/3 images, last=9122.8ms, elapsed=9.1s
[PROGRESS] isaac_official_unitree_g1/sam2_hiera_large/point/cpu: 3/3 images, last=9042.2ms, elapsed=27.3s
[DONE] isaac_official_unitree_g1/sam2_hiera_large/point/cpu: fps=0.110 mean=9085.3ms output=outputs/task7_inference_speed/cpu/isaac_official_unitree_g1/sam2_hiera_large/point_speed.json
[START] isaac_official_unitree_g1/sam2_hiera_large/box/cpu: loading 4 images
[LOAD] isaac_official_unitree_g1/sam2_hiera_large/box/cpu: building model
[WARMUP] isaac_official_unitree_g1/sam2_hiera_large/box/cpu: 1 images
[TIMING] isaac_official_unitree_g1/sam2_hiera_large/box/cpu: 3 images
[PROGRESS] isaac_official_unitree_g1/sam2_hiera_large/box/cpu: 1/3 images, last=9051.2ms, elapsed=9.1s
[PROGRESS] isaac_official_unitree_g1/sam2_hiera_large/box/cpu: 3/3 images, last=9008.7ms, elapsed=27.1s
[DONE] isaac_official_unitree_g1/sam2_hiera_large/box/cpu: fps=0.111 mean=9021.8ms output=outputs/task7_inference_speed/cpu/isaac_official_unitree_g1/sam2_hiera_large/box_speed.json
[START] isaac_official_unitree_g1/sam2_hiera_large/automatic/cpu: loading 2 images
[LOAD] isaac_official_unitree_g1/sam2_hiera_large/automatic/cpu: building model
[WARMUP] isaac_official_unitree_g1/sam2_hiera_large/automatic/cpu: 1 images
[TIMING] isaac_official_unitree_g1/sam2_hiera_large/automatic/cpu: 1 images
[PROGRESS] isaac_official_unitree_g1/sam2_hiera_large/automatic/cpu: 1/1 images, last=103157.2ms, elapsed=103.2s
[DONE] isaac_official_unitree_g1/sam2_hiera_large/automatic/cpu: fps=0.010 mean=103157.2ms output=outputs/task7_inference_speed/cpu/isaac_official_unitree_g1/sam2_hiera_large/automatic_speed.json
[START] isaac_official_unitree_g1/fastsam_x/point/cpu: loading 4 images
[LOAD] isaac_official_unitree_g1/fastsam_x/point/cpu: building model
/home/ubuntu/COGAR_Foundation-Model-Segmentation-for-Robotic-Scenes/external/FastSAM/ultralytics/nn/tasks.py:518: FutureWarning: You are using `torch.load` with `weights_only=False` (the current default value), which uses the default pickle module implicitly. It is possible to construct malicious pickle data which will execute arbitrary code during unpickling (See https://github.com/pytorch/pytorch/blob/main/SECURITY.md#untrusted-models for more details). In a future release, the default value for `weights_only` will be flipped to `True`. This limits the functions that could be executed during unpickling. Arbitrary objects will no longer be allowed to be loaded via this mode unless they are explicitly allowlisted by the user via `torch.serialization.add_safe_globals`. We recommend you start setting `weights_only=True` for any use case where you don't have full control of the loaded file. Please open an issue on GitHub for any issues related to this experimental feature.
  return torch.load(file, map_location='cpu'), file  # load
[WARMUP] isaac_official_unitree_g1/fastsam_x/point/cpu: 1 images

image 1/1 /mnt/Info/COGAR_DATASETs/Isacc_dataset/datasets/robotic_sdg_v3_official_g1_1000/isaac/rgb_0000.png: 768x1024 55 objects, 3243.9ms
Speed: 3.7ms preprocess, 3243.9ms inference, 235.1ms postprocess per image at shape (1, 3, 1024, 1024)
[TIMING] isaac_official_unitree_g1/fastsam_x/point/cpu: 3 images

image 1/1 /mnt/Info/COGAR_DATASETs/Isacc_dataset/datasets/robotic_sdg_v3_official_g1_1000/isaac/rgb_0001.png: 768x1024 61 objects, 3177.3ms
Speed: 3.1ms preprocess, 3177.3ms inference, 258.8ms postprocess per image at shape (1, 3, 1024, 1024)
[PROGRESS] isaac_official_unitree_g1/fastsam_x/point/cpu: 1/3 images, last=3580.6ms, elapsed=3.6s

image 1/1 /mnt/Info/COGAR_DATASETs/Isacc_dataset/datasets/robotic_sdg_v3_official_g1_1000/isaac/rgb_0002.png: 768x1024 58 objects, 3169.5ms
Speed: 3.0ms preprocess, 3169.5ms inference, 245.7ms postprocess per image at shape (1, 3, 1024, 1024)

image 1/1 /mnt/Info/COGAR_DATASETs/Isacc_dataset/datasets/robotic_sdg_v3_official_g1_1000/isaac/rgb_0003.png: 768x1024 49 objects, 3172.8ms
Speed: 3.0ms preprocess, 3172.8ms inference, 208.1ms postprocess per image at shape (1, 3, 1024, 1024)
[PROGRESS] isaac_official_unitree_g1/fastsam_x/point/cpu: 3/3 images, last=3505.3ms, elapsed=10.6s
[DONE] isaac_official_unitree_g1/fastsam_x/point/cpu: fps=0.282 mean=3545.2ms output=outputs/task7_inference_speed/cpu/isaac_official_unitree_g1/fastsam_x/point_speed.json
[START] isaac_official_unitree_g1/fastsam_x/box/cpu: loading 4 images
[LOAD] isaac_official_unitree_g1/fastsam_x/box/cpu: building model
[WARMUP] isaac_official_unitree_g1/fastsam_x/box/cpu: 1 images

image 1/1 /mnt/Info/COGAR_DATASETs/Isacc_dataset/datasets/robotic_sdg_v3_official_g1_1000/isaac/rgb_0000.png: 768x1024 55 objects, 3181.2ms
Speed: 2.9ms preprocess, 3181.2ms inference, 234.2ms postprocess per image at shape (1, 3, 1024, 1024)
[TIMING] isaac_official_unitree_g1/fastsam_x/box/cpu: 3 images

image 1/1 /mnt/Info/COGAR_DATASETs/Isacc_dataset/datasets/robotic_sdg_v3_official_g1_1000/isaac/rgb_0001.png: 768x1024 61 objects, 3188.0ms
Speed: 3.1ms preprocess, 3188.0ms inference, 259.3ms postprocess per image at shape (1, 3, 1024, 1024)
[PROGRESS] isaac_official_unitree_g1/fastsam_x/box/cpu: 1/3 images, last=3524.5ms, elapsed=3.5s

image 1/1 /mnt/Info/COGAR_DATASETs/Isacc_dataset/datasets/robotic_sdg_v3_official_g1_1000/isaac/rgb_0002.png: 768x1024 58 objects, 3182.7ms
Speed: 3.0ms preprocess, 3182.7ms inference, 245.7ms postprocess per image at shape (1, 3, 1024, 1024)

image 1/1 /mnt/Info/COGAR_DATASETs/Isacc_dataset/datasets/robotic_sdg_v3_official_g1_1000/isaac/rgb_0003.png: 768x1024 49 objects, 3190.0ms
Speed: 3.0ms preprocess, 3190.0ms inference, 207.9ms postprocess per image at shape (1, 3, 1024, 1024)
[PROGRESS] isaac_official_unitree_g1/fastsam_x/box/cpu: 3/3 images, last=3467.7ms, elapsed=10.5s
[DONE] isaac_official_unitree_g1/fastsam_x/box/cpu: fps=0.286 mean=3497.0ms output=outputs/task7_inference_speed/cpu/isaac_official_unitree_g1/fastsam_x/box_speed.json
[START] isaac_official_unitree_g1/fastsam_x/automatic/cpu: loading 2 images
[LOAD] isaac_official_unitree_g1/fastsam_x/automatic/cpu: building model
[WARMUP] isaac_official_unitree_g1/fastsam_x/automatic/cpu: 1 images

image 1/1 /mnt/Info/COGAR_DATASETs/Isacc_dataset/datasets/robotic_sdg_v3_official_g1_1000/isaac/rgb_0000.png: 768x1024 55 objects, 3202.9ms
Speed: 3.2ms preprocess, 3202.9ms inference, 234.2ms postprocess per image at shape (1, 3, 1024, 1024)
[TIMING] isaac_official_unitree_g1/fastsam_x/automatic/cpu: 1 images

image 1/1 /mnt/Info/COGAR_DATASETs/Isacc_dataset/datasets/robotic_sdg_v3_official_g1_1000/isaac/rgb_0001.png: 768x1024 61 objects, 3205.4ms
Speed: 3.0ms preprocess, 3205.4ms inference, 259.1ms postprocess per image at shape (1, 3, 1024, 1024)
[PROGRESS] isaac_official_unitree_g1/fastsam_x/automatic/cpu: 1/1 images, last=3630.9ms, elapsed=3.6s
[DONE] isaac_official_unitree_g1/fastsam_x/automatic/cpu: fps=0.275 mean=3630.9ms output=outputs/task7_inference_speed/cpu/isaac_official_unitree_g1/fastsam_x/automatic_speed.json
[START] isaac_official_unitree_g1/yolo8_seg/inference/cpu: loading 4 images
[LOAD] isaac_official_unitree_g1/yolo8_seg/inference/cpu: building model
[LOAD] yolo8_seg/isaac_official_unitree_g1: ultralytics=/home/ubuntu/COGAR_Foundation-Model-Segmentation-for-Robotic-Scenes/.venv/lib/python3.12/site-packages/ultralytics/__init__.py
[WARMUP] isaac_official_unitree_g1/yolo8_seg/inference/cpu: 1 images
[TIMING] isaac_official_unitree_g1/yolo8_seg/inference/cpu: 3 images
[PROGRESS] isaac_official_unitree_g1/yolo8_seg/inference/cpu: 1/3 images, last=1979.3ms, elapsed=2.0s
[PROGRESS] isaac_official_unitree_g1/yolo8_seg/inference/cpu: 3/3 images, last=2089.8ms, elapsed=6.2s
[DONE] isaac_official_unitree_g1/yolo8_seg/inference/cpu: fps=0.487 mean=2052.2ms output=outputs/task7_inference_speed/cpu/isaac_official_unitree_g1/yolo8_seg/inference_speed.json
[START] isaac_official_unitree_g1/mask_rcnn/inference/cpu: loading 4 images
[LOAD] isaac_official_unitree_g1/mask_rcnn/inference/cpu: building model
/home/ubuntu/COGAR_Foundation-Model-Segmentation-for-Robotic-Scenes/scripts/benchmarks/measure_task7_inference_speed.py:510: FutureWarning: You are using `torch.load` with `weights_only=False` (the current default value), which uses the default pickle module implicitly. It is possible to construct malicious pickle data which will execute arbitrary code during unpickling (See https://github.com/pytorch/pytorch/blob/main/SECURITY.md#untrusted-models for more details). In a future release, the default value for `weights_only` will be flipped to `True`. This limits the functions that could be executed during unpickling. Arbitrary objects will no longer be allowed to be loaded via this mode unless they are explicitly allowlisted by the user via `torch.serialization.add_safe_globals`. We recommend you start setting `weights_only=True` for any use case where you don't have full control of the loaded file. Please open an issue on GitHub for any issues related to this experimental feature.
  checkpoint = torch.load(checkpoint_path, map_location=device_obj)
/home/ubuntu/COGAR_Foundation-Model-Segmentation-for-Robotic-Scenes/.venv/lib/python3.12/site-packages/torchvision/models/detection/backbone_utils.py:162: UserWarning: Changing trainable_backbone_layers has no effect if neither pretrained nor pretrained_backbone have been set to True, falling back to trainable_backbone_layers=5 so that all layers are trainable
  warnings.warn(
[WARMUP] isaac_official_unitree_g1/mask_rcnn/inference/cpu: 1 images
[TIMING] isaac_official_unitree_g1/mask_rcnn/inference/cpu: 3 images
[PROGRESS] isaac_official_unitree_g1/mask_rcnn/inference/cpu: 1/3 images, last=2436.4ms, elapsed=2.4s
[PROGRESS] isaac_official_unitree_g1/mask_rcnn/inference/cpu: 3/3 images, last=2445.6ms, elapsed=7.3s
[DONE] isaac_official_unitree_g1/mask_rcnn/inference/cpu: fps=0.408 mean=2448.3ms output=outputs/task7_inference_speed/cpu/isaac_official_unitree_g1/mask_rcnn/inference_speed.json
[START] isaac_official_unitree_g1/deeplabv3plus/inference/cpu: loading 4 images
[LOAD] isaac_official_unitree_g1/deeplabv3plus/inference/cpu: building model
/home/ubuntu/COGAR_Foundation-Model-Segmentation-for-Robotic-Scenes/scripts/benchmarks/measure_task7_inference_speed.py:557: FutureWarning: You are using `torch.load` with `weights_only=False` (the current default value), which uses the default pickle module implicitly. It is possible to construct malicious pickle data which will execute arbitrary code during unpickling (See https://github.com/pytorch/pytorch/blob/main/SECURITY.md#untrusted-models for more details). In a future release, the default value for `weights_only` will be flipped to `True`. This limits the functions that could be executed during unpickling. Arbitrary objects will no longer be allowed to be loaded via this mode unless they are explicitly allowlisted by the user via `torch.serialization.add_safe_globals`. We recommend you start setting `weights_only=True` for any use case where you don't have full control of the loaded file. Please open an issue on GitHub for any issues related to this experimental feature.
  checkpoint = torch.load(checkpoint_path, map_location=device_obj)
[WARMUP] isaac_official_unitree_g1/deeplabv3plus/inference/cpu: 1 images
[TIMING] isaac_official_unitree_g1/deeplabv3plus/inference/cpu: 3 images
[PROGRESS] isaac_official_unitree_g1/deeplabv3plus/inference/cpu: 1/3 images, last=528.4ms, elapsed=0.5s
[PROGRESS] isaac_official_unitree_g1/deeplabv3plus/inference/cpu: 3/3 images, last=535.3ms, elapsed=1.6s
[DONE] isaac_official_unitree_g1/deeplabv3plus/inference/cpu: fps=1.890 mean=529.2ms output=outputs/task7_inference_speed/cpu/isaac_official_unitree_g1/deeplabv3plus/inference_speed.json
[START] blenderproc_cogar_sim/sam_vit_h/point/cpu: loading 4 images
[LOAD] blenderproc_cogar_sim/sam_vit_h/point/cpu: building model
/home/ubuntu/COGAR_Foundation-Model-Segmentation-for-Robotic-Scenes/.venv/lib/python3.12/site-packages/segment_anything/build_sam.py:105: FutureWarning: You are using `torch.load` with `weights_only=False` (the current default value), which uses the default pickle module implicitly. It is possible to construct malicious pickle data which will execute arbitrary code during unpickling (See https://github.com/pytorch/pytorch/blob/main/SECURITY.md#untrusted-models for more details). In a future release, the default value for `weights_only` will be flipped to `True`. This limits the functions that could be executed during unpickling. Arbitrary objects will no longer be allowed to be loaded via this mode unless they are explicitly allowlisted by the user via `torch.serialization.add_safe_globals`. We recommend you start setting `weights_only=True` for any use case where you don't have full control of the loaded file. Please open an issue on GitHub for any issues related to this experimental feature.
  state_dict = torch.load(f)
[WARMUP] blenderproc_cogar_sim/sam_vit_h/point/cpu: 1 images
[TIMING] blenderproc_cogar_sim/sam_vit_h/point/cpu: 3 images
[PROGRESS] blenderproc_cogar_sim/sam_vit_h/point/cpu: 1/3 images, last=42614.7ms, elapsed=42.6s
[PROGRESS] blenderproc_cogar_sim/sam_vit_h/point/cpu: 3/3 images, last=42412.3ms, elapsed=127.6s
[DONE] blenderproc_cogar_sim/sam_vit_h/point/cpu: fps=0.024 mean=42536.8ms output=outputs/task7_inference_speed/cpu/blenderproc_cogar_sim/sam_vit_h/point_speed.json
[START] blenderproc_cogar_sim/sam_vit_h/box/cpu: loading 4 images
[LOAD] blenderproc_cogar_sim/sam_vit_h/box/cpu: building model
[WARMUP] blenderproc_cogar_sim/sam_vit_h/box/cpu: 1 images
[TIMING] blenderproc_cogar_sim/sam_vit_h/box/cpu: 3 images
[PROGRESS] blenderproc_cogar_sim/sam_vit_h/box/cpu: 1/3 images, last=42592.5ms, elapsed=42.6s
[PROGRESS] blenderproc_cogar_sim/sam_vit_h/box/cpu: 3/3 images, last=42601.7ms, elapsed=127.8s
[DONE] blenderproc_cogar_sim/sam_vit_h/box/cpu: fps=0.023 mean=42594.1ms output=outputs/task7_inference_speed/cpu/blenderproc_cogar_sim/sam_vit_h/box_speed.json
[START] blenderproc_cogar_sim/sam_vit_h/automatic/cpu: loading 2 images
[LOAD] blenderproc_cogar_sim/sam_vit_h/automatic/cpu: building model
[WARMUP] blenderproc_cogar_sim/sam_vit_h/automatic/cpu: 1 images
[TIMING] blenderproc_cogar_sim/sam_vit_h/automatic/cpu: 1 images
[PROGRESS] blenderproc_cogar_sim/sam_vit_h/automatic/cpu: 1/1 images, last=208981.0ms, elapsed=209.0s
[DONE] blenderproc_cogar_sim/sam_vit_h/automatic/cpu: fps=0.005 mean=208981.0ms output=outputs/task7_inference_speed/cpu/blenderproc_cogar_sim/sam_vit_h/automatic_speed.json
[START] blenderproc_cogar_sim/sam_vit_b/point/cpu: loading 4 images
[LOAD] blenderproc_cogar_sim/sam_vit_b/point/cpu: building model
[WARMUP] blenderproc_cogar_sim/sam_vit_b/point/cpu: 1 images
[TIMING] blenderproc_cogar_sim/sam_vit_b/point/cpu: 3 images
[PROGRESS] blenderproc_cogar_sim/sam_vit_b/point/cpu: 1/3 images, last=11185.6ms, elapsed=11.2s
[PROGRESS] blenderproc_cogar_sim/sam_vit_b/point/cpu: 3/3 images, last=11186.1ms, elapsed=33.5s
[DONE] blenderproc_cogar_sim/sam_vit_b/point/cpu: fps=0.090 mean=11172.5ms output=outputs/task7_inference_speed/cpu/blenderproc_cogar_sim/sam_vit_b/point_speed.json
[START] blenderproc_cogar_sim/sam_vit_b/box/cpu: loading 4 images
[LOAD] blenderproc_cogar_sim/sam_vit_b/box/cpu: building model
[WARMUP] blenderproc_cogar_sim/sam_vit_b/box/cpu: 1 images
[TIMING] blenderproc_cogar_sim/sam_vit_b/box/cpu: 3 images
[PROGRESS] blenderproc_cogar_sim/sam_vit_b/box/cpu: 1/3 images, last=11178.3ms, elapsed=11.2s
[PROGRESS] blenderproc_cogar_sim/sam_vit_b/box/cpu: 3/3 images, last=11122.3ms, elapsed=33.4s
[DONE] blenderproc_cogar_sim/sam_vit_b/box/cpu: fps=0.090 mean=11147.1ms output=outputs/task7_inference_speed/cpu/blenderproc_cogar_sim/sam_vit_b/box_speed.json
[START] blenderproc_cogar_sim/sam_vit_b/automatic/cpu: loading 2 images
[LOAD] blenderproc_cogar_sim/sam_vit_b/automatic/cpu: building model
[WARMUP] blenderproc_cogar_sim/sam_vit_b/automatic/cpu: 1 images
[TIMING] blenderproc_cogar_sim/sam_vit_b/automatic/cpu: 1 images
[PROGRESS] blenderproc_cogar_sim/sam_vit_b/automatic/cpu: 1/1 images, last=136610.1ms, elapsed=136.6s
[DONE] blenderproc_cogar_sim/sam_vit_b/automatic/cpu: fps=0.007 mean=136610.1ms output=outputs/task7_inference_speed/cpu/blenderproc_cogar_sim/sam_vit_b/automatic_speed.json
[START] blenderproc_cogar_sim/sam2_hiera_large/point/cpu: loading 4 images
[LOAD] blenderproc_cogar_sim/sam2_hiera_large/point/cpu: building model
[WARMUP] blenderproc_cogar_sim/sam2_hiera_large/point/cpu: 1 images
[TIMING] blenderproc_cogar_sim/sam2_hiera_large/point/cpu: 3 images
[PROGRESS] blenderproc_cogar_sim/sam2_hiera_large/point/cpu: 1/3 images, last=11449.9ms, elapsed=11.4s
[PROGRESS] blenderproc_cogar_sim/sam2_hiera_large/point/cpu: 3/3 images, last=11306.5ms, elapsed=34.2s
[DONE] blenderproc_cogar_sim/sam2_hiera_large/point/cpu: fps=0.088 mean=11384.6ms output=outputs/task7_inference_speed/cpu/blenderproc_cogar_sim/sam2_hiera_large/point_speed.json
[START] blenderproc_cogar_sim/sam2_hiera_large/box/cpu: loading 4 images
[LOAD] blenderproc_cogar_sim/sam2_hiera_large/box/cpu: building model
[WARMUP] blenderproc_cogar_sim/sam2_hiera_large/box/cpu: 1 images
[TIMING] blenderproc_cogar_sim/sam2_hiera_large/box/cpu: 3 images
[PROGRESS] blenderproc_cogar_sim/sam2_hiera_large/box/cpu: 1/3 images, last=11356.9ms, elapsed=11.4s
[PROGRESS] blenderproc_cogar_sim/sam2_hiera_large/box/cpu: 3/3 images, last=11529.5ms, elapsed=34.4s
[DONE] blenderproc_cogar_sim/sam2_hiera_large/box/cpu: fps=0.087 mean=11453.8ms output=outputs/task7_inference_speed/cpu/blenderproc_cogar_sim/sam2_hiera_large/box_speed.json
[START] blenderproc_cogar_sim/sam2_hiera_large/automatic/cpu: loading 2 images
[LOAD] blenderproc_cogar_sim/sam2_hiera_large/automatic/cpu: building model
[WARMUP] blenderproc_cogar_sim/sam2_hiera_large/automatic/cpu: 1 images
[TIMING] blenderproc_cogar_sim/sam2_hiera_large/automatic/cpu: 1 images
[PROGRESS] blenderproc_cogar_sim/sam2_hiera_large/automatic/cpu: 1/1 images, last=133175.6ms, elapsed=133.2s
[DONE] blenderproc_cogar_sim/sam2_hiera_large/automatic/cpu: fps=0.008 mean=133175.6ms output=outputs/task7_inference_speed/cpu/blenderproc_cogar_sim/sam2_hiera_large/automatic_speed.json
[START] blenderproc_cogar_sim/fastsam_x/point/cpu: loading 4 images
[LOAD] blenderproc_cogar_sim/fastsam_x/point/cpu: building model
/home/ubuntu/COGAR_Foundation-Model-Segmentation-for-Robotic-Scenes/external/FastSAM/ultralytics/nn/tasks.py:518: FutureWarning: You are using `torch.load` with `weights_only=False` (the current default value), which uses the default pickle module implicitly. It is possible to construct malicious pickle data which will execute arbitrary code during unpickling (See https://github.com/pytorch/pytorch/blob/main/SECURITY.md#untrusted-models for more details). In a future release, the default value for `weights_only` will be flipped to `True`. This limits the functions that could be executed during unpickling. Arbitrary objects will no longer be allowed to be loaded via this mode unless they are explicitly allowlisted by the user via `torch.serialization.add_safe_globals`. We recommend you start setting `weights_only=True` for any use case where you don't have full control of the loaded file. Please open an issue on GitHub for any issues related to this experimental feature.
  return torch.load(file, map_location='cpu'), file  # load
[WARMUP] blenderproc_cogar_sim/fastsam_x/point/cpu: 1 images

image 1/1 /mnt/Info/COGAR_DATASETs/BlenderProc_cogar_sim_1000/rgb/000000.png: 768x1024 18 objects, 3951.7ms
Speed: 4.4ms preprocess, 3951.7ms inference, 40.7ms postprocess per image at shape (1, 3, 1024, 1024)
[TIMING] blenderproc_cogar_sim/fastsam_x/point/cpu: 3 images

image 1/1 /mnt/Info/COGAR_DATASETs/BlenderProc_cogar_sim_1000/rgb/000001.png: 768x1024 16 objects, 3909.5ms
Speed: 4.3ms preprocess, 3909.5ms inference, 35.7ms postprocess per image at shape (1, 3, 1024, 1024)
[PROGRESS] blenderproc_cogar_sim/fastsam_x/point/cpu: 1/3 images, last=3985.7ms, elapsed=4.0s

image 1/1 /mnt/Info/COGAR_DATASETs/BlenderProc_cogar_sim_1000/rgb/000002.png: 768x1024 19 objects, 3884.3ms
Speed: 4.3ms preprocess, 3884.3ms inference, 42.6ms postprocess per image at shape (1, 3, 1024, 1024)

image 1/1 /mnt/Info/COGAR_DATASETs/BlenderProc_cogar_sim_1000/rgb/000003.png: 768x1024 21 objects, 3881.8ms
Speed: 4.4ms preprocess, 3881.8ms inference, 46.6ms postprocess per image at shape (1, 3, 1024, 1024)
[PROGRESS] blenderproc_cogar_sim/fastsam_x/point/cpu: 3/3 images, last=3974.8ms, elapsed=11.9s
[DONE] blenderproc_cogar_sim/fastsam_x/point/cpu: fps=0.251 mean=3977.1ms output=outputs/task7_inference_speed/cpu/blenderproc_cogar_sim/fastsam_x/point_speed.json
[START] blenderproc_cogar_sim/fastsam_x/box/cpu: loading 4 images
[LOAD] blenderproc_cogar_sim/fastsam_x/box/cpu: building model
[WARMUP] blenderproc_cogar_sim/fastsam_x/box/cpu: 1 images

image 1/1 /mnt/Info/COGAR_DATASETs/BlenderProc_cogar_sim_1000/rgb/000000.png: 768x1024 18 objects, 3839.9ms
Speed: 4.3ms preprocess, 3839.9ms inference, 41.1ms postprocess per image at shape (1, 3, 1024, 1024)
[TIMING] blenderproc_cogar_sim/fastsam_x/box/cpu: 3 images

image 1/1 /mnt/Info/COGAR_DATASETs/BlenderProc_cogar_sim_1000/rgb/000001.png: 768x1024 16 objects, 3884.3ms
Speed: 4.4ms preprocess, 3884.3ms inference, 36.1ms postprocess per image at shape (1, 3, 1024, 1024)
[PROGRESS] blenderproc_cogar_sim/fastsam_x/box/cpu: 1/3 images, last=3953.7ms, elapsed=4.0s

image 1/1 /mnt/Info/COGAR_DATASETs/BlenderProc_cogar_sim_1000/rgb/000002.png: 768x1024 19 objects, 3894.2ms
Speed: 4.4ms preprocess, 3894.2ms inference, 41.8ms postprocess per image at shape (1, 3, 1024, 1024)

image 1/1 /mnt/Info/COGAR_DATASETs/BlenderProc_cogar_sim_1000/rgb/000003.png: 768x1024 21 objects, 3876.8ms
Speed: 4.2ms preprocess, 3876.8ms inference, 45.9ms postprocess per image at shape (1, 3, 1024, 1024)
[PROGRESS] blenderproc_cogar_sim/fastsam_x/box/cpu: 3/3 images, last=3955.3ms, elapsed=11.9s
[DONE] blenderproc_cogar_sim/fastsam_x/box/cpu: fps=0.253 mean=3959.3ms output=outputs/task7_inference_speed/cpu/blenderproc_cogar_sim/fastsam_x/box_speed.json
[START] blenderproc_cogar_sim/fastsam_x/automatic/cpu: loading 2 images
[LOAD] blenderproc_cogar_sim/fastsam_x/automatic/cpu: building model
[WARMUP] blenderproc_cogar_sim/fastsam_x/automatic/cpu: 1 images

image 1/1 /mnt/Info/COGAR_DATASETs/BlenderProc_cogar_sim_1000/rgb/000000.png: 768x1024 18 objects, 3896.1ms
Speed: 4.3ms preprocess, 3896.1ms inference, 40.4ms postprocess per image at shape (1, 3, 1024, 1024)
[TIMING] blenderproc_cogar_sim/fastsam_x/automatic/cpu: 1 images

image 1/1 /mnt/Info/COGAR_DATASETs/BlenderProc_cogar_sim_1000/rgb/000001.png: 768x1024 16 objects, 3893.0ms
Speed: 4.3ms preprocess, 3893.0ms inference, 35.9ms postprocess per image at shape (1, 3, 1024, 1024)
[PROGRESS] blenderproc_cogar_sim/fastsam_x/automatic/cpu: 1/1 images, last=3968.6ms, elapsed=4.0s
[DONE] blenderproc_cogar_sim/fastsam_x/automatic/cpu: fps=0.252 mean=3968.6ms output=outputs/task7_inference_speed/cpu/blenderproc_cogar_sim/fastsam_x/automatic_speed.json
[START] blenderproc_cogar_sim/yolo8_seg/inference/cpu: loading 4 images
[LOAD] blenderproc_cogar_sim/yolo8_seg/inference/cpu: building model
[LOAD] yolo8_seg/blenderproc_cogar_sim: ultralytics=/home/ubuntu/COGAR_Foundation-Model-Segmentation-for-Robotic-Scenes/.venv/lib/python3.12/site-packages/ultralytics/__init__.py
[WARMUP] blenderproc_cogar_sim/yolo8_seg/inference/cpu: 1 images
[TIMING] blenderproc_cogar_sim/yolo8_seg/inference/cpu: 3 images
[PROGRESS] blenderproc_cogar_sim/yolo8_seg/inference/cpu: 1/3 images, last=791.1ms, elapsed=0.8s
[PROGRESS] blenderproc_cogar_sim/yolo8_seg/inference/cpu: 3/3 images, last=818.3ms, elapsed=2.3s
[DONE] blenderproc_cogar_sim/yolo8_seg/inference/cpu: fps=1.306 mean=765.5ms output=outputs/task7_inference_speed/cpu/blenderproc_cogar_sim/yolo8_seg/inference_speed.json
[START] blenderproc_cogar_sim/mask_rcnn/inference/cpu: loading 4 images
[LOAD] blenderproc_cogar_sim/mask_rcnn/inference/cpu: building model
/home/ubuntu/COGAR_Foundation-Model-Segmentation-for-Robotic-Scenes/scripts/benchmarks/measure_task7_inference_speed.py:510: FutureWarning: You are using `torch.load` with `weights_only=False` (the current default value), which uses the default pickle module implicitly. It is possible to construct malicious pickle data which will execute arbitrary code during unpickling (See https://github.com/pytorch/pytorch/blob/main/SECURITY.md#untrusted-models for more details). In a future release, the default value for `weights_only` will be flipped to `True`. This limits the functions that could be executed during unpickling. Arbitrary objects will no longer be allowed to be loaded via this mode unless they are explicitly allowlisted by the user via `torch.serialization.add_safe_globals`. We recommend you start setting `weights_only=True` for any use case where you don't have full control of the loaded file. Please open an issue on GitHub for any issues related to this experimental feature.
  checkpoint = torch.load(checkpoint_path, map_location=device_obj)
/home/ubuntu/COGAR_Foundation-Model-Segmentation-for-Robotic-Scenes/.venv/lib/python3.12/site-packages/torchvision/models/detection/backbone_utils.py:162: UserWarning: Changing trainable_backbone_layers has no effect if neither pretrained nor pretrained_backbone have been set to True, falling back to trainable_backbone_layers=5 so that all layers are trainable
  warnings.warn(
[WARMUP] blenderproc_cogar_sim/mask_rcnn/inference/cpu: 1 images
[TIMING] blenderproc_cogar_sim/mask_rcnn/inference/cpu: 3 images
[PROGRESS] blenderproc_cogar_sim/mask_rcnn/inference/cpu: 1/3 images, last=1942.3ms, elapsed=1.9s
[PROGRESS] blenderproc_cogar_sim/mask_rcnn/inference/cpu: 3/3 images, last=1987.0ms, elapsed=5.9s
[DONE] blenderproc_cogar_sim/mask_rcnn/inference/cpu: fps=0.511 mean=1956.1ms output=outputs/task7_inference_speed/cpu/blenderproc_cogar_sim/mask_rcnn/inference_speed.json
[START] blenderproc_cogar_sim/deeplabv3plus/inference/cpu: loading 4 images
[LOAD] blenderproc_cogar_sim/deeplabv3plus/inference/cpu: building model
/home/ubuntu/COGAR_Foundation-Model-Segmentation-for-Robotic-Scenes/scripts/benchmarks/measure_task7_inference_speed.py:557: FutureWarning: You are using `torch.load` with `weights_only=False` (the current default value), which uses the default pickle module implicitly. It is possible to construct malicious pickle data which will execute arbitrary code during unpickling (See https://github.com/pytorch/pytorch/blob/main/SECURITY.md#untrusted-models for more details). In a future release, the default value for `weights_only` will be flipped to `True`. This limits the functions that could be executed during unpickling. Arbitrary objects will no longer be allowed to be loaded via this mode unless they are explicitly allowlisted by the user via `torch.serialization.add_safe_globals`. We recommend you start setting `weights_only=True` for any use case where you don't have full control of the loaded file. Please open an issue on GitHub for any issues related to this experimental feature.
  checkpoint = torch.load(checkpoint_path, map_location=device_obj)
[WARMUP] blenderproc_cogar_sim/deeplabv3plus/inference/cpu: 1 images
[TIMING] blenderproc_cogar_sim/deeplabv3plus/inference/cpu: 3 images
[PROGRESS] blenderproc_cogar_sim/deeplabv3plus/inference/cpu: 1/3 images, last=514.6ms, elapsed=0.5s
[PROGRESS] blenderproc_cogar_sim/deeplabv3plus/inference/cpu: 3/3 images, last=522.8ms, elapsed=1.5s
[DONE] blenderproc_cogar_sim/deeplabv3plus/inference/cpu: fps=1.938 mean=516.1ms output=outputs/task7_inference_speed/cpu/blenderproc_cogar_sim/deeplabv3plus/inference_speed.json
[START] ocid/sam_vit_h/point/cpu: loading 4 images
[LOAD] ocid/sam_vit_h/point/cpu: building model
/home/ubuntu/COGAR_Foundation-Model-Segmentation-for-Robotic-Scenes/.venv/lib/python3.12/site-packages/segment_anything/build_sam.py:105: FutureWarning: You are using `torch.load` with `weights_only=False` (the current default value), which uses the default pickle module implicitly. It is possible to construct malicious pickle data which will execute arbitrary code during unpickling (See https://github.com/pytorch/pytorch/blob/main/SECURITY.md#untrusted-models for more details). In a future release, the default value for `weights_only` will be flipped to `True`. This limits the functions that could be executed during unpickling. Arbitrary objects will no longer be allowed to be loaded via this mode unless they are explicitly allowlisted by the user via `torch.serialization.add_safe_globals`. We recommend you start setting `weights_only=True` for any use case where you don't have full control of the loaded file. Please open an issue on GitHub for any issues related to this experimental feature.
  state_dict = torch.load(f)
[WARMUP] ocid/sam_vit_h/point/cpu: 1 images
[TIMING] ocid/sam_vit_h/point/cpu: 3 images
[PROGRESS] ocid/sam_vit_h/point/cpu: 1/3 images, last=40064.2ms, elapsed=40.1s
[PROGRESS] ocid/sam_vit_h/point/cpu: 3/3 images, last=40022.8ms, elapsed=120.2s
[DONE] ocid/sam_vit_h/point/cpu: fps=0.025 mean=40050.1ms output=outputs/task7_inference_speed/cpu/ocid/sam_vit_h/point_speed.json
[START] ocid/sam_vit_h/box/cpu: loading 4 images
[LOAD] ocid/sam_vit_h/box/cpu: building model
[WARMUP] ocid/sam_vit_h/box/cpu: 1 images
[TIMING] ocid/sam_vit_h/box/cpu: 3 images
[PROGRESS] ocid/sam_vit_h/box/cpu: 1/3 images, last=39952.3ms, elapsed=40.0s
[PROGRESS] ocid/sam_vit_h/box/cpu: 3/3 images, last=39882.9ms, elapsed=119.8s
[DONE] ocid/sam_vit_h/box/cpu: fps=0.025 mean=39929.3ms output=outputs/task7_inference_speed/cpu/ocid/sam_vit_h/box_speed.json
[START] ocid/sam_vit_h/automatic/cpu: loading 2 images
[LOAD] ocid/sam_vit_h/automatic/cpu: building model
[WARMUP] ocid/sam_vit_h/automatic/cpu: 1 images
[TIMING] ocid/sam_vit_h/automatic/cpu: 1 images
[PROGRESS] ocid/sam_vit_h/automatic/cpu: 1/1 images, last=170816.5ms, elapsed=170.8s
[DONE] ocid/sam_vit_h/automatic/cpu: fps=0.006 mean=170816.5ms output=outputs/task7_inference_speed/cpu/ocid/sam_vit_h/automatic_speed.json
[START] ocid/sam_vit_b/point/cpu: loading 4 images
[LOAD] ocid/sam_vit_b/point/cpu: building model
[WARMUP] ocid/sam_vit_b/point/cpu: 1 images
[TIMING] ocid/sam_vit_b/point/cpu: 3 images
[PROGRESS] ocid/sam_vit_b/point/cpu: 1/3 images, last=8386.4ms, elapsed=8.4s
[PROGRESS] ocid/sam_vit_b/point/cpu: 3/3 images, last=8365.3ms, elapsed=25.1s
[DONE] ocid/sam_vit_b/point/cpu: fps=0.120 mean=8354.7ms output=outputs/task7_inference_speed/cpu/ocid/sam_vit_b/point_speed.json
[START] ocid/sam_vit_b/box/cpu: loading 4 images
[LOAD] ocid/sam_vit_b/box/cpu: building model
[WARMUP] ocid/sam_vit_b/box/cpu: 1 images
[TIMING] ocid/sam_vit_b/box/cpu: 3 images
[PROGRESS] ocid/sam_vit_b/box/cpu: 1/3 images, last=8347.8ms, elapsed=8.3s
[PROGRESS] ocid/sam_vit_b/box/cpu: 3/3 images, last=8365.9ms, elapsed=25.1s
[DONE] ocid/sam_vit_b/box/cpu: fps=0.120 mean=8358.8ms output=outputs/task7_inference_speed/cpu/ocid/sam_vit_b/box_speed.json
[START] ocid/sam_vit_b/automatic/cpu: loading 2 images
[LOAD] ocid/sam_vit_b/automatic/cpu: building model
[WARMUP] ocid/sam_vit_b/automatic/cpu: 1 images
[TIMING] ocid/sam_vit_b/automatic/cpu: 1 images
[PROGRESS] ocid/sam_vit_b/automatic/cpu: 1/1 images, last=106048.9ms, elapsed=106.1s
[DONE] ocid/sam_vit_b/automatic/cpu: fps=0.009 mean=106048.9ms output=outputs/task7_inference_speed/cpu/ocid/sam_vit_b/automatic_speed.json
[START] ocid/sam2_hiera_large/point/cpu: loading 4 images
[LOAD] ocid/sam2_hiera_large/point/cpu: building model
[WARMUP] ocid/sam2_hiera_large/point/cpu: 1 images
[TIMING] ocid/sam2_hiera_large/point/cpu: 3 images
[PROGRESS] ocid/sam2_hiera_large/point/cpu: 1/3 images, last=11498.6ms, elapsed=11.5s
[PROGRESS] ocid/sam2_hiera_large/point/cpu: 3/3 images, last=11500.2ms, elapsed=34.5s
[DONE] ocid/sam2_hiera_large/point/cpu: fps=0.087 mean=11503.0ms output=outputs/task7_inference_speed/cpu/ocid/sam2_hiera_large/point_speed.json
[START] ocid/sam2_hiera_large/box/cpu: loading 4 images
[LOAD] ocid/sam2_hiera_large/box/cpu: building model
[WARMUP] ocid/sam2_hiera_large/box/cpu: 1 images
[TIMING] ocid/sam2_hiera_large/box/cpu: 3 images
[PROGRESS] ocid/sam2_hiera_large/box/cpu: 1/3 images, last=11527.7ms, elapsed=11.5s
[PROGRESS] ocid/sam2_hiera_large/box/cpu: 3/3 images, last=11484.5ms, elapsed=34.5s
[DONE] ocid/sam2_hiera_large/box/cpu: fps=0.087 mean=11503.3ms output=outputs/task7_inference_speed/cpu/ocid/sam2_hiera_large/box_speed.json
[START] ocid/sam2_hiera_large/automatic/cpu: loading 2 images
[LOAD] ocid/sam2_hiera_large/automatic/cpu: building model
[WARMUP] ocid/sam2_hiera_large/automatic/cpu: 1 images
[TIMING] ocid/sam2_hiera_large/automatic/cpu: 1 images
[PROGRESS] ocid/sam2_hiera_large/automatic/cpu: 1/1 images, last=105796.0ms, elapsed=105.8s
[DONE] ocid/sam2_hiera_large/automatic/cpu: fps=0.009 mean=105796.0ms output=outputs/task7_inference_speed/cpu/ocid/sam2_hiera_large/automatic_speed.json
[START] ocid/fastsam_x/point/cpu: loading 4 images
[LOAD] ocid/fastsam_x/point/cpu: building model
/home/ubuntu/COGAR_Foundation-Model-Segmentation-for-Robotic-Scenes/external/FastSAM/ultralytics/nn/tasks.py:518: FutureWarning: You are using `torch.load` with `weights_only=False` (the current default value), which uses the default pickle module implicitly. It is possible to construct malicious pickle data which will execute arbitrary code during unpickling (See https://github.com/pytorch/pytorch/blob/main/SECURITY.md#untrusted-models for more details). In a future release, the default value for `weights_only` will be flipped to `True`. This limits the functions that could be executed during unpickling. Arbitrary objects will no longer be allowed to be loaded via this mode unless they are explicitly allowlisted by the user via `torch.serialization.add_safe_globals`. We recommend you start setting `weights_only=True` for any use case where you don't have full control of the loaded file. Please open an issue on GitHub for any issues related to this experimental feature.
  return torch.load(file, map_location='cpu'), file  # load
[WARMUP] ocid/fastsam_x/point/cpu: 1 images

image 1/1 /mnt/Info/COGAR_DATASETs/OCID-dataset/ARID10/floor/bottom/box/seq03/rgb/result_2018-08-27-15-54-17.png: 768x1024 20 objects, 3856.1ms
Speed: 5.1ms preprocess, 3856.1ms inference, 52.2ms postprocess per image at shape (1, 3, 1024, 1024)
[TIMING] ocid/fastsam_x/point/cpu: 3 images

image 1/1 /mnt/Info/COGAR_DATASETs/OCID-dataset/ARID10/floor/bottom/box/seq03/rgb/result_2018-08-27-15-54-36.png: 768x1024 23 objects, 3818.8ms
Speed: 4.2ms preprocess, 3818.8ms inference, 50.1ms postprocess per image at shape (1, 3, 1024, 1024)
[PROGRESS] ocid/fastsam_x/point/cpu: 1/3 images, last=3920.1ms, elapsed=3.9s

image 1/1 /mnt/Info/COGAR_DATASETs/OCID-dataset/ARID10/floor/bottom/box/seq03/rgb/result_2018-08-27-15-54-58.png: 768x1024 21 objects, 3811.8ms
Speed: 4.3ms preprocess, 3811.8ms inference, 46.5ms postprocess per image at shape (1, 3, 1024, 1024)

image 1/1 /mnt/Info/COGAR_DATASETs/OCID-dataset/ARID10/floor/bottom/box/seq03/rgb/result_2018-08-27-15-55-23.png: 768x1024 25 objects, 3820.5ms
Speed: 4.2ms preprocess, 3820.5ms inference, 55.5ms postprocess per image at shape (1, 3, 1024, 1024)
[PROGRESS] ocid/fastsam_x/point/cpu: 3/3 images, last=3926.9ms, elapsed=11.8s
[DONE] ocid/fastsam_x/point/cpu: fps=0.255 mean=3918.2ms output=outputs/task7_inference_speed/cpu/ocid/fastsam_x/point_speed.json
[START] ocid/fastsam_x/box/cpu: loading 4 images
[LOAD] ocid/fastsam_x/box/cpu: building model
[WARMUP] ocid/fastsam_x/box/cpu: 1 images

image 1/1 /mnt/Info/COGAR_DATASETs/OCID-dataset/ARID10/floor/bottom/box/seq03/rgb/result_2018-08-27-15-54-17.png: 768x1024 20 objects, 3818.6ms
Speed: 4.2ms preprocess, 3818.6ms inference, 45.5ms postprocess per image at shape (1, 3, 1024, 1024)
[TIMING] ocid/fastsam_x/box/cpu: 3 images

image 1/1 /mnt/Info/COGAR_DATASETs/OCID-dataset/ARID10/floor/bottom/box/seq03/rgb/result_2018-08-27-15-54-36.png: 768x1024 23 objects, 3807.3ms
Speed: 4.2ms preprocess, 3807.3ms inference, 49.9ms postprocess per image at shape (1, 3, 1024, 1024)
[PROGRESS] ocid/fastsam_x/box/cpu: 1/3 images, last=3894.5ms, elapsed=3.9s

image 1/1 /mnt/Info/COGAR_DATASETs/OCID-dataset/ARID10/floor/bottom/box/seq03/rgb/result_2018-08-27-15-54-58.png: 768x1024 21 objects, 3802.6ms
Speed: 4.1ms preprocess, 3802.6ms inference, 46.7ms postprocess per image at shape (1, 3, 1024, 1024)

image 1/1 /mnt/Info/COGAR_DATASETs/OCID-dataset/ARID10/floor/bottom/box/seq03/rgb/result_2018-08-27-15-55-23.png: 768x1024 25 objects, 3815.5ms
Speed: 4.2ms preprocess, 3815.5ms inference, 56.0ms postprocess per image at shape (1, 3, 1024, 1024)
[PROGRESS] ocid/fastsam_x/box/cpu: 3/3 images, last=3909.2ms, elapsed=11.7s
[DONE] ocid/fastsam_x/box/cpu: fps=0.257 mean=3896.4ms output=outputs/task7_inference_speed/cpu/ocid/fastsam_x/box_speed.json
[START] ocid/fastsam_x/automatic/cpu: loading 2 images
[LOAD] ocid/fastsam_x/automatic/cpu: building model
[WARMUP] ocid/fastsam_x/automatic/cpu: 1 images

image 1/1 /mnt/Info/COGAR_DATASETs/OCID-dataset/ARID10/floor/bottom/box/seq03/rgb/result_2018-08-27-15-54-17.png: 768x1024 20 objects, 3816.2ms
Speed: 4.2ms preprocess, 3816.2ms inference, 46.0ms postprocess per image at shape (1, 3, 1024, 1024)
[TIMING] ocid/fastsam_x/automatic/cpu: 1 images

image 1/1 /mnt/Info/COGAR_DATASETs/OCID-dataset/ARID10/floor/bottom/box/seq03/rgb/result_2018-08-27-15-54-36.png: 768x1024 23 objects, 3821.3ms
Speed: 4.3ms preprocess, 3821.3ms inference, 53.1ms postprocess per image at shape (1, 3, 1024, 1024)
[PROGRESS] ocid/fastsam_x/automatic/cpu: 1/1 images, last=3921.6ms, elapsed=3.9s
[DONE] ocid/fastsam_x/automatic/cpu: fps=0.255 mean=3921.6ms output=outputs/task7_inference_speed/cpu/ocid/fastsam_x/automatic_speed.json
[START] ocid/yolo8_seg/inference/cpu: loading 4 images
[LOAD] ocid/yolo8_seg/inference/cpu: building model
[LOAD] yolo8_seg/ocid: ultralytics=/home/ubuntu/COGAR_Foundation-Model-Segmentation-for-Robotic-Scenes/.venv/lib/python3.12/site-packages/ultralytics/__init__.py
[WARMUP] ocid/yolo8_seg/inference/cpu: 1 images
[TIMING] ocid/yolo8_seg/inference/cpu: 3 images
[PROGRESS] ocid/yolo8_seg/inference/cpu: 1/3 images, last=718.1ms, elapsed=0.7s
[PROGRESS] ocid/yolo8_seg/inference/cpu: 3/3 images, last=667.0ms, elapsed=2.1s
[DONE] ocid/yolo8_seg/inference/cpu: fps=1.428 mean=700.3ms output=outputs/task7_inference_speed/cpu/ocid/yolo8_seg/inference_speed.json
[START] ocid/mask_rcnn/inference/cpu: loading 4 images
[LOAD] ocid/mask_rcnn/inference/cpu: building model
/home/ubuntu/COGAR_Foundation-Model-Segmentation-for-Robotic-Scenes/scripts/benchmarks/measure_task7_inference_speed.py:510: FutureWarning: You are using `torch.load` with `weights_only=False` (the current default value), which uses the default pickle module implicitly. It is possible to construct malicious pickle data which will execute arbitrary code during unpickling (See https://github.com/pytorch/pytorch/blob/main/SECURITY.md#untrusted-models for more details). In a future release, the default value for `weights_only` will be flipped to `True`. This limits the functions that could be executed during unpickling. Arbitrary objects will no longer be allowed to be loaded via this mode unless they are explicitly allowlisted by the user via `torch.serialization.add_safe_globals`. We recommend you start setting `weights_only=True` for any use case where you don't have full control of the loaded file. Please open an issue on GitHub for any issues related to this experimental feature.
  checkpoint = torch.load(checkpoint_path, map_location=device_obj)
/home/ubuntu/COGAR_Foundation-Model-Segmentation-for-Robotic-Scenes/.venv/lib/python3.12/site-packages/torchvision/models/detection/backbone_utils.py:162: UserWarning: Changing trainable_backbone_layers has no effect if neither pretrained nor pretrained_backbone have been set to True, falling back to trainable_backbone_layers=5 so that all layers are trainable
  warnings.warn(
[WARMUP] ocid/mask_rcnn/inference/cpu: 1 images
[TIMING] ocid/mask_rcnn/inference/cpu: 3 images
[PROGRESS] ocid/mask_rcnn/inference/cpu: 1/3 images, last=1792.9ms, elapsed=1.8s
[PROGRESS] ocid/mask_rcnn/inference/cpu: 3/3 images, last=1845.8ms, elapsed=5.4s
[DONE] ocid/mask_rcnn/inference/cpu: fps=0.551 mean=1816.4ms output=outputs/task7_inference_speed/cpu/ocid/mask_rcnn/inference_speed.json
[START] ocid/deeplabv3plus/inference/cpu: loading 4 images
[LOAD] ocid/deeplabv3plus/inference/cpu: building model
/home/ubuntu/COGAR_Foundation-Model-Segmentation-for-Robotic-Scenes/scripts/benchmarks/measure_task7_inference_speed.py:557: FutureWarning: You are using `torch.load` with `weights_only=False` (the current default value), which uses the default pickle module implicitly. It is possible to construct malicious pickle data which will execute arbitrary code during unpickling (See https://github.com/pytorch/pytorch/blob/main/SECURITY.md#untrusted-models for more details). In a future release, the default value for `weights_only` will be flipped to `True`. This limits the functions that could be executed during unpickling. Arbitrary objects will no longer be allowed to be loaded via this mode unless they are explicitly allowlisted by the user via `torch.serialization.add_safe_globals`. We recommend you start setting `weights_only=True` for any use case where you don't have full control of the loaded file. Please open an issue on GitHub for any issues related to this experimental feature.
  checkpoint = torch.load(checkpoint_path, map_location=device_obj)
[WARMUP] ocid/deeplabv3plus/inference/cpu: 1 images
[TIMING] ocid/deeplabv3plus/inference/cpu: 3 images
[PROGRESS] ocid/deeplabv3plus/inference/cpu: 1/3 images, last=506.8ms, elapsed=0.5s
[PROGRESS] ocid/deeplabv3plus/inference/cpu: 3/3 images, last=517.3ms, elapsed=1.5s
[DONE] ocid/deeplabv3plus/inference/cpu: fps=1.953 mean=511.9ms output=outputs/task7_inference_speed/cpu/ocid/deeplabv3plus/inference_speed.json
[DONE] wrote outputs/task7_inference_speed/summary.csv
[DONE] Task 7 inference-speed benchmark
