nohup: ignoring input
===== TASK 9 DATASET START: blenderproc_cogar_sim =====
[BATCH START] dataset=blenderproc_cogar_sim records=8768 images=1000 models=['mobile_sam_vit_t', 'efficient_sam_ti', 'efficient_sam_s'] prompt_modes=['point', 'box', 'automatic']
[SKIP] blenderproc_cogar_sim/mobile_sam_vit_t/point: complete with 8768 rows at results/task9_lightweight_sam/blenderproc_cogar_sim/mobile_sam_vit_t/point_predictions.jsonl
[SKIP] blenderproc_cogar_sim/mobile_sam_vit_t/box: complete with 8768 rows at results/task9_lightweight_sam/blenderproc_cogar_sim/mobile_sam_vit_t/box_predictions.jsonl
[SKIP] blenderproc_cogar_sim/mobile_sam_vit_t/automatic: complete with 1000 rows at results/task9_lightweight_sam/blenderproc_cogar_sim/mobile_sam_vit_t/automatic_predictions.jsonl
[SKIP] blenderproc_cogar_sim/efficient_sam_ti/point: complete with 8768 rows at results/task9_lightweight_sam/blenderproc_cogar_sim/efficient_sam_ti/point_predictions.jsonl
[SKIP] blenderproc_cogar_sim/efficient_sam_ti/box: complete with 8768 rows at results/task9_lightweight_sam/blenderproc_cogar_sim/efficient_sam_ti/box_predictions.jsonl
[SKIP] blenderproc_cogar_sim/efficient_sam_ti/automatic: complete with 1000 rows at results/task9_lightweight_sam/blenderproc_cogar_sim/efficient_sam_ti/automatic_predictions.jsonl
[SKIP] blenderproc_cogar_sim/efficient_sam_s/point: complete with 8768 rows at results/task9_lightweight_sam/blenderproc_cogar_sim/efficient_sam_s/point_predictions.jsonl
[SKIP] blenderproc_cogar_sim/efficient_sam_s/box: complete with 8768 rows at results/task9_lightweight_sam/blenderproc_cogar_sim/efficient_sam_s/box_predictions.jsonl
[SKIP] blenderproc_cogar_sim/efficient_sam_s/automatic: complete with 1000 rows at results/task9_lightweight_sam/blenderproc_cogar_sim/efficient_sam_s/automatic_predictions.jsonl
[BATCH OK] dataset=blenderproc_cogar_sim
===== TASK 9 DATASET DONE: blenderproc_cogar_sim =====
===== TASK 9 DATASET START: ocid =====
[BATCH START] dataset=ocid records=21487 images=2390 models=['mobile_sam_vit_t', 'efficient_sam_ti', 'efficient_sam_s'] prompt_modes=['point', 'box', 'automatic']
[SKIP] ocid/mobile_sam_vit_t/point: complete with 21487 rows at results/task9_lightweight_sam/ocid/mobile_sam_vit_t/point_predictions.jsonl
[SKIP] ocid/mobile_sam_vit_t/box: complete with 21487 rows at results/task9_lightweight_sam/ocid/mobile_sam_vit_t/box_predictions.jsonl
[SKIP] ocid/mobile_sam_vit_t/automatic: complete with 2390 rows at results/task9_lightweight_sam/ocid/mobile_sam_vit_t/automatic_predictions.jsonl
[SKIP] ocid/efficient_sam_ti/point: complete with 21487 rows at results/task9_lightweight_sam/ocid/efficient_sam_ti/point_predictions.jsonl
[SKIP] ocid/efficient_sam_ti/box: complete with 21487 rows at results/task9_lightweight_sam/ocid/efficient_sam_ti/box_predictions.jsonl
[SKIP] ocid/efficient_sam_ti/automatic: complete with 2390 rows at results/task9_lightweight_sam/ocid/efficient_sam_ti/automatic_predictions.jsonl
[SKIP] ocid/efficient_sam_s/point: complete with 21487 rows at results/task9_lightweight_sam/ocid/efficient_sam_s/point_predictions.jsonl
[SKIP] ocid/efficient_sam_s/box: complete with 21487 rows at results/task9_lightweight_sam/ocid/efficient_sam_s/box_predictions.jsonl
[RUN] ocid/efficient_sam_s/automatic: expected_rows=2390
+ /home/ubuntu/COGAR_Foundation-Model-Segmentation-for-Robotic-Scenes/.venv/bin/python /home/ubuntu/COGAR_Foundation-Model-Segmentation-for-Robotic-Scenes/scripts/benchmarks/run_zero_shot_sam.py --config configs/task9_lightweight_sam.yaml --dataset ocid --model efficient_sam_s --prompt-mode automatic --log-every 250
[START] dataset=ocid model=efficient_sam_s prompt_mode=automatic device=cuda records=21487 run_units=2390 output=results/task9_lightweight_sam/ocid/efficient_sam_s/automatic_predictions.jsonl
[LOAD] efficient_sam_s: loading checkpoint/model
/home/ubuntu/COGAR_Foundation-Model-Segmentation-for-Robotic-Scenes/.venv/lib/python3.12/site-packages/efficient_sam/efficient_sam.py:303: FutureWarning: You are using `torch.load` with `weights_only=False` (the current default value), which uses the default pickle module implicitly. It is possible to construct malicious pickle data which will execute arbitrary code during unpickling (See https://github.com/pytorch/pytorch/blob/main/SECURITY.md#untrusted-models for more details). In a future release, the default value for `weights_only` will be flipped to `True`. This limits the functions that could be executed during unpickling. Arbitrary objects will no longer be allowed to be loaded via this mode unless they are explicitly allowlisted by the user via `torch.serialization.add_safe_globals`. We recommend you start setting `weights_only=True` for any use case where you don't have full control of the loaded file. Please open an issue on GitHub for any issues related to this experimental feature.
  state_dict = torch.load(f, map_location="cpu")
[LOAD] efficient_sam_s: ready in 3.4s
[PROGRESS] ocid efficient_sam_s automatic: 1/2390 images, last=828.9ms, elapsed=0.8s
[PROGRESS] ocid efficient_sam_s automatic: 250/2390 images, last=499.1ms, elapsed=132.3s
[PROGRESS] ocid efficient_sam_s automatic: 500/2390 images, last=524.8ms, elapsed=266.3s
[PROGRESS] ocid efficient_sam_s automatic: 750/2390 images, last=530.4ms, elapsed=401.5s
[PROGRESS] ocid efficient_sam_s automatic: 1000/2390 images, last=529.2ms, elapsed=538.1s
[PROGRESS] ocid efficient_sam_s automatic: 1250/2390 images, last=536.4ms, elapsed=675.1s
[PROGRESS] ocid efficient_sam_s automatic: 1500/2390 images, last=541.3ms, elapsed=814.1s
[PROGRESS] ocid efficient_sam_s automatic: 1750/2390 images, last=532.0ms, elapsed=951.6s
[PROGRESS] ocid efficient_sam_s automatic: 2000/2390 images, last=516.2ms, elapsed=1087.5s
[PROGRESS] ocid efficient_sam_s automatic: 2250/2390 images, last=543.4ms, elapsed=1223.3s
[PROGRESS] ocid efficient_sam_s automatic: 2390/2390 images, last=556.4ms, elapsed=1301.9s
[WRITE] wrote 2390 records to results/task9_lightweight_sam/ocid/efficient_sam_s/automatic_predictions.jsonl
[OK] wrote results/task9_lightweight_sam/ocid/efficient_sam_s/automatic_predictions.jsonl
[OK] ocid/efficient_sam_s/automatic: 2390 rows
[BATCH OK] dataset=ocid
===== TASK 9 DATASET DONE: ocid =====
===== TASK 9 DATASET START: isaac_official_unitree_g1 =====
[BATCH START] dataset=isaac_official_unitree_g1 records=72695 images=1000 models=['mobile_sam_vit_t', 'efficient_sam_ti', 'efficient_sam_s'] prompt_modes=['point', 'box', 'automatic']
[RUN] isaac_official_unitree_g1/mobile_sam_vit_t/point: expected_rows=72695
+ /home/ubuntu/COGAR_Foundation-Model-Segmentation-for-Robotic-Scenes/.venv/bin/python /home/ubuntu/COGAR_Foundation-Model-Segmentation-for-Robotic-Scenes/scripts/benchmarks/run_zero_shot_sam.py --config configs/task9_lightweight_sam.yaml --dataset isaac_official_unitree_g1 --model mobile_sam_vit_t --prompt-mode point --log-every 250
[START] dataset=isaac_official_unitree_g1 model=mobile_sam_vit_t prompt_mode=point device=cuda records=72695 run_units=72695 output=results/task9_lightweight_sam/isaac_official_unitree_g1/mobile_sam_vit_t/point_predictions.jsonl
[LOAD] mobile_sam_vit_t: loading checkpoint/model
/home/ubuntu/COGAR_Foundation-Model-Segmentation-for-Robotic-Scenes/.venv/lib/python3.12/site-packages/timm/models/layers/__init__.py:49: FutureWarning: Importing from timm.models.layers is deprecated, please import via timm.layers
  warnings.warn(f"Importing from {__name__} is deprecated, please import via timm.layers", FutureWarning)
/home/ubuntu/COGAR_Foundation-Model-Segmentation-for-Robotic-Scenes/.venv/lib/python3.12/site-packages/timm/models/registry.py:4: FutureWarning: Importing from timm.models.registry is deprecated, please import via timm.models
  warnings.warn(f"Importing from {__name__} is deprecated, please import via timm.models", FutureWarning)
/home/ubuntu/COGAR_Foundation-Model-Segmentation-for-Robotic-Scenes/.venv/lib/python3.12/site-packages/mobile_sam/modeling/tiny_vit_sam.py:656: UserWarning: Overwriting tiny_vit_5m_224 in registry with mobile_sam.modeling.tiny_vit_sam.tiny_vit_5m_224. This is because the name being registered conflicts with an existing name. Please check if this is not expected.
  return register_model(fn_wrapper)
/home/ubuntu/COGAR_Foundation-Model-Segmentation-for-Robotic-Scenes/.venv/lib/python3.12/site-packages/mobile_sam/modeling/tiny_vit_sam.py:656: UserWarning: Overwriting tiny_vit_11m_224 in registry with mobile_sam.modeling.tiny_vit_sam.tiny_vit_11m_224. This is because the name being registered conflicts with an existing name. Please check if this is not expected.
  return register_model(fn_wrapper)
/home/ubuntu/COGAR_Foundation-Model-Segmentation-for-Robotic-Scenes/.venv/lib/python3.12/site-packages/mobile_sam/modeling/tiny_vit_sam.py:656: UserWarning: Overwriting tiny_vit_21m_224 in registry with mobile_sam.modeling.tiny_vit_sam.tiny_vit_21m_224. This is because the name being registered conflicts with an existing name. Please check if this is not expected.
  return register_model(fn_wrapper)
/home/ubuntu/COGAR_Foundation-Model-Segmentation-for-Robotic-Scenes/.venv/lib/python3.12/site-packages/mobile_sam/modeling/tiny_vit_sam.py:656: UserWarning: Overwriting tiny_vit_21m_384 in registry with mobile_sam.modeling.tiny_vit_sam.tiny_vit_21m_384. This is because the name being registered conflicts with an existing name. Please check if this is not expected.
  return register_model(fn_wrapper)
/home/ubuntu/COGAR_Foundation-Model-Segmentation-for-Robotic-Scenes/.venv/lib/python3.12/site-packages/mobile_sam/modeling/tiny_vit_sam.py:656: UserWarning: Overwriting tiny_vit_21m_512 in registry with mobile_sam.modeling.tiny_vit_sam.tiny_vit_21m_512. This is because the name being registered conflicts with an existing name. Please check if this is not expected.
  return register_model(fn_wrapper)
/home/ubuntu/COGAR_Foundation-Model-Segmentation-for-Robotic-Scenes/.venv/lib/python3.12/site-packages/mobile_sam/build_sam.py:91: FutureWarning: You are using `torch.load` with `weights_only=False` (the current default value), which uses the default pickle module implicitly. It is possible to construct malicious pickle data which will execute arbitrary code during unpickling (See https://github.com/pytorch/pytorch/blob/main/SECURITY.md#untrusted-models for more details). In a future release, the default value for `weights_only` will be flipped to `True`. This limits the functions that could be executed during unpickling. Arbitrary objects will no longer be allowed to be loaded via this mode unless they are explicitly allowlisted by the user via `torch.serialization.add_safe_globals`. We recommend you start setting `weights_only=True` for any use case where you don't have full control of the loaded file. Please open an issue on GitHub for any issues related to this experimental feature.
  state_dict = torch.load(f)
[LOAD] mobile_sam_vit_t: ready in 5.0s
[PROGRESS] isaac_official_unitree_g1 mobile_sam_vit_t point: 1/72695 records, last=490.2ms, elapsed=0.5s
[PROGRESS] isaac_official_unitree_g1 mobile_sam_vit_t point: 250/72695 records, last=15.1ms, elapsed=11.5s
[PROGRESS] isaac_official_unitree_g1 mobile_sam_vit_t point: 500/72695 records, last=15.0ms, elapsed=22.6s
[PROGRESS] isaac_official_unitree_g1 mobile_sam_vit_t point: 750/72695 records, last=15.2ms, elapsed=33.6s
[PROGRESS] isaac_official_unitree_g1 mobile_sam_vit_t point: 1000/72695 records, last=14.8ms, elapsed=45.1s
[PROGRESS] isaac_official_unitree_g1 mobile_sam_vit_t point: 1250/72695 records, last=15.4ms, elapsed=56.0s
[PROGRESS] isaac_official_unitree_g1 mobile_sam_vit_t point: 1500/72695 records, last=14.6ms, elapsed=67.5s
[PROGRESS] isaac_official_unitree_g1 mobile_sam_vit_t point: 1750/72695 records, last=15.1ms, elapsed=78.9s
[PROGRESS] isaac_official_unitree_g1 mobile_sam_vit_t point: 2000/72695 records, last=15.3ms, elapsed=90.1s
[PROGRESS] isaac_official_unitree_g1 mobile_sam_vit_t point: 2250/72695 records, last=15.0ms, elapsed=101.2s
[PROGRESS] isaac_official_unitree_g1 mobile_sam_vit_t point: 2500/72695 records, last=14.6ms, elapsed=112.3s
[PROGRESS] isaac_official_unitree_g1 mobile_sam_vit_t point: 2750/72695 records, last=14.6ms, elapsed=123.3s
[PROGRESS] isaac_official_unitree_g1 mobile_sam_vit_t point: 3000/72695 records, last=15.3ms, elapsed=134.5s
[PROGRESS] isaac_official_unitree_g1 mobile_sam_vit_t point: 3250/72695 records, last=14.4ms, elapsed=145.7s
[PROGRESS] isaac_official_unitree_g1 mobile_sam_vit_t point: 3500/72695 records, last=15.2ms, elapsed=156.9s
[PROGRESS] isaac_official_unitree_g1 mobile_sam_vit_t point: 3750/72695 records, last=14.9ms, elapsed=168.0s
[PROGRESS] isaac_official_unitree_g1 mobile_sam_vit_t point: 4000/72695 records, last=15.2ms, elapsed=179.0s
[PROGRESS] isaac_official_unitree_g1 mobile_sam_vit_t point: 4250/72695 records, last=15.4ms, elapsed=190.2s
[PROGRESS] isaac_official_unitree_g1 mobile_sam_vit_t point: 4500/72695 records, last=89.5ms, elapsed=201.3s
[PROGRESS] isaac_official_unitree_g1 mobile_sam_vit_t point: 4750/72695 records, last=15.4ms, elapsed=212.4s
[PROGRESS] isaac_official_unitree_g1 mobile_sam_vit_t point: 5000/72695 records, last=15.4ms, elapsed=223.4s
[PROGRESS] isaac_official_unitree_g1 mobile_sam_vit_t point: 5250/72695 records, last=14.4ms, elapsed=234.7s
[PROGRESS] isaac_official_unitree_g1 mobile_sam_vit_t point: 5500/72695 records, last=15.7ms, elapsed=245.9s
[PROGRESS] isaac_official_unitree_g1 mobile_sam_vit_t point: 5750/72695 records, last=15.1ms, elapsed=257.2s
[PROGRESS] isaac_official_unitree_g1 mobile_sam_vit_t point: 6000/72695 records, last=15.3ms, elapsed=268.4s
[PROGRESS] isaac_official_unitree_g1 mobile_sam_vit_t point: 6250/72695 records, last=14.5ms, elapsed=279.5s
[PROGRESS] isaac_official_unitree_g1 mobile_sam_vit_t point: 6500/72695 records, last=15.1ms, elapsed=290.5s
[PROGRESS] isaac_official_unitree_g1 mobile_sam_vit_t point: 6750/72695 records, last=14.4ms, elapsed=301.6s
[PROGRESS] isaac_official_unitree_g1 mobile_sam_vit_t point: 7000/72695 records, last=15.3ms, elapsed=312.6s
[PROGRESS] isaac_official_unitree_g1 mobile_sam_vit_t point: 7250/72695 records, last=14.4ms, elapsed=323.9s
[PROGRESS] isaac_official_unitree_g1 mobile_sam_vit_t point: 7500/72695 records, last=14.6ms, elapsed=334.8s
[PROGRESS] isaac_official_unitree_g1 mobile_sam_vit_t point: 7750/72695 records, last=14.6ms, elapsed=345.7s
[PROGRESS] isaac_official_unitree_g1 mobile_sam_vit_t point: 8000/72695 records, last=15.3ms, elapsed=357.1s
[PROGRESS] isaac_official_unitree_g1 mobile_sam_vit_t point: 8250/72695 records, last=14.5ms, elapsed=367.8s
[PROGRESS] isaac_official_unitree_g1 mobile_sam_vit_t point: 8500/72695 records, last=14.3ms, elapsed=378.6s
[PROGRESS] isaac_official_unitree_g1 mobile_sam_vit_t point: 8750/72695 records, last=15.4ms, elapsed=389.6s
[PROGRESS] isaac_official_unitree_g1 mobile_sam_vit_t point: 9000/72695 records, last=15.1ms, elapsed=400.6s
[PROGRESS] isaac_official_unitree_g1 mobile_sam_vit_t point: 9250/72695 records, last=14.6ms, elapsed=412.0s
[PROGRESS] isaac_official_unitree_g1 mobile_sam_vit_t point: 9500/72695 records, last=15.5ms, elapsed=423.2s
[PROGRESS] isaac_official_unitree_g1 mobile_sam_vit_t point: 9750/72695 records, last=14.9ms, elapsed=434.6s
[PROGRESS] isaac_official_unitree_g1 mobile_sam_vit_t point: 10000/72695 records, last=14.6ms, elapsed=445.7s
[PROGRESS] isaac_official_unitree_g1 mobile_sam_vit_t point: 10250/72695 records, last=15.4ms, elapsed=456.9s
[PROGRESS] isaac_official_unitree_g1 mobile_sam_vit_t point: 10500/72695 records, last=15.1ms, elapsed=468.1s
[PROGRESS] isaac_official_unitree_g1 mobile_sam_vit_t point: 10750/72695 records, last=15.2ms, elapsed=479.4s
[PROGRESS] isaac_official_unitree_g1 mobile_sam_vit_t point: 11000/72695 records, last=89.8ms, elapsed=490.6s
[PROGRESS] isaac_official_unitree_g1 mobile_sam_vit_t point: 11250/72695 records, last=15.7ms, elapsed=501.8s
[PROGRESS] isaac_official_unitree_g1 mobile_sam_vit_t point: 11500/72695 records, last=14.8ms, elapsed=512.9s
[PROGRESS] isaac_official_unitree_g1 mobile_sam_vit_t point: 11750/72695 records, last=15.0ms, elapsed=523.8s
[PROGRESS] isaac_official_unitree_g1 mobile_sam_vit_t point: 12000/72695 records, last=14.5ms, elapsed=535.1s
[PROGRESS] isaac_official_unitree_g1 mobile_sam_vit_t point: 12250/72695 records, last=15.3ms, elapsed=546.3s
[PROGRESS] isaac_official_unitree_g1 mobile_sam_vit_t point: 12500/72695 records, last=14.8ms, elapsed=557.6s
[PROGRESS] isaac_official_unitree_g1 mobile_sam_vit_t point: 12750/72695 records, last=15.2ms, elapsed=568.4s
[PROGRESS] isaac_official_unitree_g1 mobile_sam_vit_t point: 13000/72695 records, last=15.3ms, elapsed=579.6s
[PROGRESS] isaac_official_unitree_g1 mobile_sam_vit_t point: 13250/72695 records, last=15.6ms, elapsed=590.8s
[PROGRESS] isaac_official_unitree_g1 mobile_sam_vit_t point: 13500/72695 records, last=14.7ms, elapsed=602.2s
[PROGRESS] isaac_official_unitree_g1 mobile_sam_vit_t point: 13750/72695 records, last=14.8ms, elapsed=613.3s
[PROGRESS] isaac_official_unitree_g1 mobile_sam_vit_t point: 14000/72695 records, last=15.5ms, elapsed=624.5s
[PROGRESS] isaac_official_unitree_g1 mobile_sam_vit_t point: 14250/72695 records, last=14.7ms, elapsed=635.9s
[PROGRESS] isaac_official_unitree_g1 mobile_sam_vit_t point: 14500/72695 records, last=14.6ms, elapsed=647.3s
[PROGRESS] isaac_official_unitree_g1 mobile_sam_vit_t point: 14750/72695 records, last=15.4ms, elapsed=658.4s
[PROGRESS] isaac_official_unitree_g1 mobile_sam_vit_t point: 15000/72695 records, last=15.3ms, elapsed=669.4s
[PROGRESS] isaac_official_unitree_g1 mobile_sam_vit_t point: 15250/72695 records, last=15.4ms, elapsed=680.8s
[PROGRESS] isaac_official_unitree_g1 mobile_sam_vit_t point: 15500/72695 records, last=14.8ms, elapsed=692.0s
[PROGRESS] isaac_official_unitree_g1 mobile_sam_vit_t point: 15750/72695 records, last=14.7ms, elapsed=703.5s
[PROGRESS] isaac_official_unitree_g1 mobile_sam_vit_t point: 16000/72695 records, last=14.7ms, elapsed=714.4s
[PROGRESS] isaac_official_unitree_g1 mobile_sam_vit_t point: 16250/72695 records, last=15.3ms, elapsed=725.6s
[PROGRESS] isaac_official_unitree_g1 mobile_sam_vit_t point: 16500/72695 records, last=14.9ms, elapsed=736.7s
[PROGRESS] isaac_official_unitree_g1 mobile_sam_vit_t point: 16750/72695 records, last=14.8ms, elapsed=747.9s
[PROGRESS] isaac_official_unitree_g1 mobile_sam_vit_t point: 17000/72695 records, last=14.5ms, elapsed=759.0s
[PROGRESS] isaac_official_unitree_g1 mobile_sam_vit_t point: 17250/72695 records, last=14.8ms, elapsed=770.2s
[PROGRESS] isaac_official_unitree_g1 mobile_sam_vit_t point: 17500/72695 records, last=15.2ms, elapsed=781.5s
[PROGRESS] isaac_official_unitree_g1 mobile_sam_vit_t point: 17750/72695 records, last=15.1ms, elapsed=792.5s
[PROGRESS] isaac_official_unitree_g1 mobile_sam_vit_t point: 18000/72695 records, last=14.4ms, elapsed=803.8s
[PROGRESS] isaac_official_unitree_g1 mobile_sam_vit_t point: 18250/72695 records, last=14.6ms, elapsed=814.9s
[PROGRESS] isaac_official_unitree_g1 mobile_sam_vit_t point: 18500/72695 records, last=15.6ms, elapsed=826.2s
[PROGRESS] isaac_official_unitree_g1 mobile_sam_vit_t point: 18750/72695 records, last=15.5ms, elapsed=837.7s
[PROGRESS] isaac_official_unitree_g1 mobile_sam_vit_t point: 19000/72695 records, last=15.1ms, elapsed=849.2s
[PROGRESS] isaac_official_unitree_g1 mobile_sam_vit_t point: 19250/72695 records, last=15.1ms, elapsed=860.3s
[PROGRESS] isaac_official_unitree_g1 mobile_sam_vit_t point: 19500/72695 records, last=15.5ms, elapsed=872.0s
[PROGRESS] isaac_official_unitree_g1 mobile_sam_vit_t point: 19750/72695 records, last=15.2ms, elapsed=883.3s
[PROGRESS] isaac_official_unitree_g1 mobile_sam_vit_t point: 20000/72695 records, last=14.6ms, elapsed=894.6s
[PROGRESS] isaac_official_unitree_g1 mobile_sam_vit_t point: 20250/72695 records, last=14.9ms, elapsed=905.8s
[PROGRESS] isaac_official_unitree_g1 mobile_sam_vit_t point: 20500/72695 records, last=15.3ms, elapsed=916.8s
[PROGRESS] isaac_official_unitree_g1 mobile_sam_vit_t point: 20750/72695 records, last=15.4ms, elapsed=928.2s
[PROGRESS] isaac_official_unitree_g1 mobile_sam_vit_t point: 21000/72695 records, last=15.3ms, elapsed=939.2s
[PROGRESS] isaac_official_unitree_g1 mobile_sam_vit_t point: 21250/72695 records, last=15.4ms, elapsed=950.3s
[PROGRESS] isaac_official_unitree_g1 mobile_sam_vit_t point: 21500/72695 records, last=15.3ms, elapsed=961.7s
[PROGRESS] isaac_official_unitree_g1 mobile_sam_vit_t point: 21750/72695 records, last=15.6ms, elapsed=973.1s
[PROGRESS] isaac_official_unitree_g1 mobile_sam_vit_t point: 22000/72695 records, last=15.5ms, elapsed=984.0s
[PROGRESS] isaac_official_unitree_g1 mobile_sam_vit_t point: 22250/72695 records, last=15.3ms, elapsed=995.3s
[PROGRESS] isaac_official_unitree_g1 mobile_sam_vit_t point: 22500/72695 records, last=15.3ms, elapsed=1006.5s
[PROGRESS] isaac_official_unitree_g1 mobile_sam_vit_t point: 22750/72695 records, last=14.7ms, elapsed=1017.5s
[PROGRESS] isaac_official_unitree_g1 mobile_sam_vit_t point: 23000/72695 records, last=15.4ms, elapsed=1028.6s
[PROGRESS] isaac_official_unitree_g1 mobile_sam_vit_t point: 23250/72695 records, last=14.8ms, elapsed=1039.9s
[PROGRESS] isaac_official_unitree_g1 mobile_sam_vit_t point: 23500/72695 records, last=14.6ms, elapsed=1051.3s
[PROGRESS] isaac_official_unitree_g1 mobile_sam_vit_t point: 23750/72695 records, last=15.3ms, elapsed=1062.7s
[PROGRESS] isaac_official_unitree_g1 mobile_sam_vit_t point: 24000/72695 records, last=14.8ms, elapsed=1073.7s
[PROGRESS] isaac_official_unitree_g1 mobile_sam_vit_t point: 24250/72695 records, last=15.2ms, elapsed=1084.9s
[PROGRESS] isaac_official_unitree_g1 mobile_sam_vit_t point: 24500/72695 records, last=14.5ms, elapsed=1096.4s
[PROGRESS] isaac_official_unitree_g1 mobile_sam_vit_t point: 24750/72695 records, last=15.5ms, elapsed=1107.7s
[PROGRESS] isaac_official_unitree_g1 mobile_sam_vit_t point: 25000/72695 records, last=15.2ms, elapsed=1118.9s
[PROGRESS] isaac_official_unitree_g1 mobile_sam_vit_t point: 25250/72695 records, last=14.6ms, elapsed=1130.5s
[PROGRESS] isaac_official_unitree_g1 mobile_sam_vit_t point: 25500/72695 records, last=15.3ms, elapsed=1141.8s
[PROGRESS] isaac_official_unitree_g1 mobile_sam_vit_t point: 25750/72695 records, last=90.3ms, elapsed=1152.8s
[PROGRESS] isaac_official_unitree_g1 mobile_sam_vit_t point: 26000/72695 records, last=15.4ms, elapsed=1164.0s
[PROGRESS] isaac_official_unitree_g1 mobile_sam_vit_t point: 26250/72695 records, last=15.9ms, elapsed=1175.4s
[PROGRESS] isaac_official_unitree_g1 mobile_sam_vit_t point: 26500/72695 records, last=14.9ms, elapsed=1186.6s
[PROGRESS] isaac_official_unitree_g1 mobile_sam_vit_t point: 26750/72695 records, last=89.7ms, elapsed=1197.7s
[PROGRESS] isaac_official_unitree_g1 mobile_sam_vit_t point: 27000/72695 records, last=15.3ms, elapsed=1208.8s
[PROGRESS] isaac_official_unitree_g1 mobile_sam_vit_t point: 27250/72695 records, last=15.2ms, elapsed=1220.1s
[PROGRESS] isaac_official_unitree_g1 mobile_sam_vit_t point: 27500/72695 records, last=15.2ms, elapsed=1231.4s
[PROGRESS] isaac_official_unitree_g1 mobile_sam_vit_t point: 27750/72695 records, last=15.1ms, elapsed=1242.7s
[PROGRESS] isaac_official_unitree_g1 mobile_sam_vit_t point: 28000/72695 records, last=15.2ms, elapsed=1253.6s
[PROGRESS] isaac_official_unitree_g1 mobile_sam_vit_t point: 28250/72695 records, last=14.5ms, elapsed=1264.8s
[PROGRESS] isaac_official_unitree_g1 mobile_sam_vit_t point: 28500/72695 records, last=15.4ms, elapsed=1275.7s
[PROGRESS] isaac_official_unitree_g1 mobile_sam_vit_t point: 28750/72695 records, last=15.5ms, elapsed=1286.9s
[PROGRESS] isaac_official_unitree_g1 mobile_sam_vit_t point: 29000/72695 records, last=14.6ms, elapsed=1298.0s
[PROGRESS] isaac_official_unitree_g1 mobile_sam_vit_t point: 29250/72695 records, last=14.9ms, elapsed=1309.1s
[PROGRESS] isaac_official_unitree_g1 mobile_sam_vit_t point: 29500/72695 records, last=15.3ms, elapsed=1320.4s
[PROGRESS] isaac_official_unitree_g1 mobile_sam_vit_t point: 29750/72695 records, last=14.8ms, elapsed=1331.7s
[PROGRESS] isaac_official_unitree_g1 mobile_sam_vit_t point: 30000/72695 records, last=14.6ms, elapsed=1342.7s
[PROGRESS] isaac_official_unitree_g1 mobile_sam_vit_t point: 30250/72695 records, last=15.2ms, elapsed=1353.8s
[PROGRESS] isaac_official_unitree_g1 mobile_sam_vit_t point: 30500/72695 records, last=15.2ms, elapsed=1364.8s
[PROGRESS] isaac_official_unitree_g1 mobile_sam_vit_t point: 30750/72695 records, last=15.4ms, elapsed=1376.1s
[PROGRESS] isaac_official_unitree_g1 mobile_sam_vit_t point: 31000/72695 records, last=14.7ms, elapsed=1387.2s
[PROGRESS] isaac_official_unitree_g1 mobile_sam_vit_t point: 31250/72695 records, last=15.4ms, elapsed=1398.3s
[PROGRESS] isaac_official_unitree_g1 mobile_sam_vit_t point: 31500/72695 records, last=14.6ms, elapsed=1409.7s
[PROGRESS] isaac_official_unitree_g1 mobile_sam_vit_t point: 31750/72695 records, last=14.6ms, elapsed=1420.9s
[PROGRESS] isaac_official_unitree_g1 mobile_sam_vit_t point: 32000/72695 records, last=14.5ms, elapsed=1431.9s
[PROGRESS] isaac_official_unitree_g1 mobile_sam_vit_t point: 32250/72695 records, last=15.3ms, elapsed=1443.1s
[PROGRESS] isaac_official_unitree_g1 mobile_sam_vit_t point: 32500/72695 records, last=15.7ms, elapsed=1454.4s
[PROGRESS] isaac_official_unitree_g1 mobile_sam_vit_t point: 32750/72695 records, last=15.1ms, elapsed=1466.0s
[PROGRESS] isaac_official_unitree_g1 mobile_sam_vit_t point: 33000/72695 records, last=15.4ms, elapsed=1477.1s
[PROGRESS] isaac_official_unitree_g1 mobile_sam_vit_t point: 33250/72695 records, last=14.9ms, elapsed=1488.8s
[PROGRESS] isaac_official_unitree_g1 mobile_sam_vit_t point: 33500/72695 records, last=14.7ms, elapsed=1499.9s
[PROGRESS] isaac_official_unitree_g1 mobile_sam_vit_t point: 33750/72695 records, last=14.5ms, elapsed=1511.2s
[PROGRESS] isaac_official_unitree_g1 mobile_sam_vit_t point: 34000/72695 records, last=14.7ms, elapsed=1522.3s
[PROGRESS] isaac_official_unitree_g1 mobile_sam_vit_t point: 34250/72695 records, last=15.3ms, elapsed=1533.4s
[PROGRESS] isaac_official_unitree_g1 mobile_sam_vit_t point: 34500/72695 records, last=14.6ms, elapsed=1544.5s
[PROGRESS] isaac_official_unitree_g1 mobile_sam_vit_t point: 34750/72695 records, last=15.2ms, elapsed=1555.7s
[PROGRESS] isaac_official_unitree_g1 mobile_sam_vit_t point: 35000/72695 records, last=14.4ms, elapsed=1567.0s
[PROGRESS] isaac_official_unitree_g1 mobile_sam_vit_t point: 35250/72695 records, last=15.3ms, elapsed=1578.0s
[PROGRESS] isaac_official_unitree_g1 mobile_sam_vit_t point: 35500/72695 records, last=14.6ms, elapsed=1589.2s
[PROGRESS] isaac_official_unitree_g1 mobile_sam_vit_t point: 35750/72695 records, last=15.2ms, elapsed=1600.2s
[PROGRESS] isaac_official_unitree_g1 mobile_sam_vit_t point: 36000/72695 records, last=14.4ms, elapsed=1611.7s
[PROGRESS] isaac_official_unitree_g1 mobile_sam_vit_t point: 36250/72695 records, last=15.2ms, elapsed=1622.8s
[PROGRESS] isaac_official_unitree_g1 mobile_sam_vit_t point: 36500/72695 records, last=15.1ms, elapsed=1634.0s
[PROGRESS] isaac_official_unitree_g1 mobile_sam_vit_t point: 36750/72695 records, last=14.5ms, elapsed=1645.2s
[PROGRESS] isaac_official_unitree_g1 mobile_sam_vit_t point: 37000/72695 records, last=15.4ms, elapsed=1656.3s
[PROGRESS] isaac_official_unitree_g1 mobile_sam_vit_t point: 37250/72695 records, last=15.6ms, elapsed=1667.3s
[PROGRESS] isaac_official_unitree_g1 mobile_sam_vit_t point: 37500/72695 records, last=15.2ms, elapsed=1678.7s
[PROGRESS] isaac_official_unitree_g1 mobile_sam_vit_t point: 37750/72695 records, last=15.4ms, elapsed=1689.9s
[PROGRESS] isaac_official_unitree_g1 mobile_sam_vit_t point: 38000/72695 records, last=14.5ms, elapsed=1701.4s
[PROGRESS] isaac_official_unitree_g1 mobile_sam_vit_t point: 38250/72695 records, last=15.3ms, elapsed=1712.5s
[PROGRESS] isaac_official_unitree_g1 mobile_sam_vit_t point: 38500/72695 records, last=14.3ms, elapsed=1723.8s
[PROGRESS] isaac_official_unitree_g1 mobile_sam_vit_t point: 38750/72695 records, last=15.2ms, elapsed=1734.5s
[PROGRESS] isaac_official_unitree_g1 mobile_sam_vit_t point: 39000/72695 records, last=15.2ms, elapsed=1745.7s
[PROGRESS] isaac_official_unitree_g1 mobile_sam_vit_t point: 39250/72695 records, last=14.5ms, elapsed=1756.6s
[PROGRESS] isaac_official_unitree_g1 mobile_sam_vit_t point: 39500/72695 records, last=15.2ms, elapsed=1767.8s
[PROGRESS] isaac_official_unitree_g1 mobile_sam_vit_t point: 39750/72695 records, last=14.7ms, elapsed=1778.9s
[PROGRESS] isaac_official_unitree_g1 mobile_sam_vit_t point: 40000/72695 records, last=15.0ms, elapsed=1789.8s
[PROGRESS] isaac_official_unitree_g1 mobile_sam_vit_t point: 40250/72695 records, last=15.2ms, elapsed=1801.1s
[PROGRESS] isaac_official_unitree_g1 mobile_sam_vit_t point: 40500/72695 records, last=14.8ms, elapsed=1812.2s
[PROGRESS] isaac_official_unitree_g1 mobile_sam_vit_t point: 40750/72695 records, last=14.8ms, elapsed=1823.7s
[PROGRESS] isaac_official_unitree_g1 mobile_sam_vit_t point: 41000/72695 records, last=15.1ms, elapsed=1834.6s
[PROGRESS] isaac_official_unitree_g1 mobile_sam_vit_t point: 41250/72695 records, last=89.7ms, elapsed=1846.0s
[PROGRESS] isaac_official_unitree_g1 mobile_sam_vit_t point: 41500/72695 records, last=14.6ms, elapsed=1857.2s
[PROGRESS] isaac_official_unitree_g1 mobile_sam_vit_t point: 41750/72695 records, last=15.3ms, elapsed=1868.6s
[PROGRESS] isaac_official_unitree_g1 mobile_sam_vit_t point: 42000/72695 records, last=14.4ms, elapsed=1880.1s
[PROGRESS] isaac_official_unitree_g1 mobile_sam_vit_t point: 42250/72695 records, last=15.4ms, elapsed=1891.5s
[PROGRESS] isaac_official_unitree_g1 mobile_sam_vit_t point: 42500/72695 records, last=14.7ms, elapsed=1902.6s
[PROGRESS] isaac_official_unitree_g1 mobile_sam_vit_t point: 42750/72695 records, last=15.8ms, elapsed=1913.9s
[PROGRESS] isaac_official_unitree_g1 mobile_sam_vit_t point: 43000/72695 records, last=15.2ms, elapsed=1925.3s
[PROGRESS] isaac_official_unitree_g1 mobile_sam_vit_t point: 43250/72695 records, last=15.2ms, elapsed=1936.5s
[PROGRESS] isaac_official_unitree_g1 mobile_sam_vit_t point: 43500/72695 records, last=15.3ms, elapsed=1947.5s
[PROGRESS] isaac_official_unitree_g1 mobile_sam_vit_t point: 43750/72695 records, last=89.9ms, elapsed=1958.9s
[PROGRESS] isaac_official_unitree_g1 mobile_sam_vit_t point: 44000/72695 records, last=15.3ms, elapsed=1969.7s
[PROGRESS] isaac_official_unitree_g1 mobile_sam_vit_t point: 44250/72695 records, last=15.3ms, elapsed=1981.1s
[PROGRESS] isaac_official_unitree_g1 mobile_sam_vit_t point: 44500/72695 records, last=14.6ms, elapsed=1992.2s
[PROGRESS] isaac_official_unitree_g1 mobile_sam_vit_t point: 44750/72695 records, last=15.2ms, elapsed=2003.6s
[PROGRESS] isaac_official_unitree_g1 mobile_sam_vit_t point: 45000/72695 records, last=15.3ms, elapsed=2014.6s
[PROGRESS] isaac_official_unitree_g1 mobile_sam_vit_t point: 45250/72695 records, last=15.1ms, elapsed=2026.0s
[PROGRESS] isaac_official_unitree_g1 mobile_sam_vit_t point: 45500/72695 records, last=15.1ms, elapsed=2037.3s
[PROGRESS] isaac_official_unitree_g1 mobile_sam_vit_t point: 45750/72695 records, last=15.2ms, elapsed=2048.4s
[PROGRESS] isaac_official_unitree_g1 mobile_sam_vit_t point: 46000/72695 records, last=14.5ms, elapsed=2059.7s
[PROGRESS] isaac_official_unitree_g1 mobile_sam_vit_t point: 46250/72695 records, last=15.4ms, elapsed=2070.7s
[PROGRESS] isaac_official_unitree_g1 mobile_sam_vit_t point: 46500/72695 records, last=15.5ms, elapsed=2081.9s
[PROGRESS] isaac_official_unitree_g1 mobile_sam_vit_t point: 46750/72695 records, last=15.3ms, elapsed=2093.1s
[PROGRESS] isaac_official_unitree_g1 mobile_sam_vit_t point: 47000/72695 records, last=14.7ms, elapsed=2104.0s
[PROGRESS] isaac_official_unitree_g1 mobile_sam_vit_t point: 47250/72695 records, last=15.3ms, elapsed=2115.0s
[PROGRESS] isaac_official_unitree_g1 mobile_sam_vit_t point: 47500/72695 records, last=14.6ms, elapsed=2126.2s
[PROGRESS] isaac_official_unitree_g1 mobile_sam_vit_t point: 47750/72695 records, last=14.8ms, elapsed=2137.5s
[PROGRESS] isaac_official_unitree_g1 mobile_sam_vit_t point: 48000/72695 records, last=14.5ms, elapsed=2148.7s
[PROGRESS] isaac_official_unitree_g1 mobile_sam_vit_t point: 48250/72695 records, last=14.7ms, elapsed=2159.9s
[PROGRESS] isaac_official_unitree_g1 mobile_sam_vit_t point: 48500/72695 records, last=15.3ms, elapsed=2171.2s
[PROGRESS] isaac_official_unitree_g1 mobile_sam_vit_t point: 48750/72695 records, last=15.0ms, elapsed=2182.6s
[PROGRESS] isaac_official_unitree_g1 mobile_sam_vit_t point: 49000/72695 records, last=15.2ms, elapsed=2193.6s
[PROGRESS] isaac_official_unitree_g1 mobile_sam_vit_t point: 49250/72695 records, last=15.1ms, elapsed=2204.5s
[PROGRESS] isaac_official_unitree_g1 mobile_sam_vit_t point: 49500/72695 records, last=15.3ms, elapsed=2215.9s
[PROGRESS] isaac_official_unitree_g1 mobile_sam_vit_t point: 49750/72695 records, last=15.3ms, elapsed=2227.2s
[PROGRESS] isaac_official_unitree_g1 mobile_sam_vit_t point: 50000/72695 records, last=15.3ms, elapsed=2238.3s
[PROGRESS] isaac_official_unitree_g1 mobile_sam_vit_t point: 50250/72695 records, last=14.7ms, elapsed=2249.7s
[PROGRESS] isaac_official_unitree_g1 mobile_sam_vit_t point: 50500/72695 records, last=14.7ms, elapsed=2260.8s
[PROGRESS] isaac_official_unitree_g1 mobile_sam_vit_t point: 50750/72695 records, last=15.3ms, elapsed=2272.2s
[PROGRESS] isaac_official_unitree_g1 mobile_sam_vit_t point: 51000/72695 records, last=15.3ms, elapsed=2283.4s
[PROGRESS] isaac_official_unitree_g1 mobile_sam_vit_t point: 51250/72695 records, last=14.7ms, elapsed=2294.9s
[PROGRESS] isaac_official_unitree_g1 mobile_sam_vit_t point: 51500/72695 records, last=15.2ms, elapsed=2306.1s
[PROGRESS] isaac_official_unitree_g1 mobile_sam_vit_t point: 51750/72695 records, last=14.7ms, elapsed=2317.5s
[PROGRESS] isaac_official_unitree_g1 mobile_sam_vit_t point: 52000/72695 records, last=14.7ms, elapsed=2328.5s
[PROGRESS] isaac_official_unitree_g1 mobile_sam_vit_t point: 52250/72695 records, last=15.2ms, elapsed=2339.5s
[PROGRESS] isaac_official_unitree_g1 mobile_sam_vit_t point: 52500/72695 records, last=15.0ms, elapsed=2350.6s
[PROGRESS] isaac_official_unitree_g1 mobile_sam_vit_t point: 52750/72695 records, last=14.3ms, elapsed=2361.8s
[PROGRESS] isaac_official_unitree_g1 mobile_sam_vit_t point: 53000/72695 records, last=14.5ms, elapsed=2373.0s
[PROGRESS] isaac_official_unitree_g1 mobile_sam_vit_t point: 53250/72695 records, last=15.2ms, elapsed=2383.9s
[PROGRESS] isaac_official_unitree_g1 mobile_sam_vit_t point: 53500/72695 records, last=14.6ms, elapsed=2394.9s
[PROGRESS] isaac_official_unitree_g1 mobile_sam_vit_t point: 53750/72695 records, last=15.1ms, elapsed=2405.6s
[PROGRESS] isaac_official_unitree_g1 mobile_sam_vit_t point: 54000/72695 records, last=15.1ms, elapsed=2416.4s
[PROGRESS] isaac_official_unitree_g1 mobile_sam_vit_t point: 54250/72695 records, last=15.3ms, elapsed=2427.2s
[PROGRESS] isaac_official_unitree_g1 mobile_sam_vit_t point: 54500/72695 records, last=15.1ms, elapsed=2438.3s
[PROGRESS] isaac_official_unitree_g1 mobile_sam_vit_t point: 54750/72695 records, last=14.3ms, elapsed=2449.1s
[PROGRESS] isaac_official_unitree_g1 mobile_sam_vit_t point: 55000/72695 records, last=15.1ms, elapsed=2459.9s
[PROGRESS] isaac_official_unitree_g1 mobile_sam_vit_t point: 55250/72695 records, last=15.3ms, elapsed=2470.7s
[PROGRESS] isaac_official_unitree_g1 mobile_sam_vit_t point: 55500/72695 records, last=15.0ms, elapsed=2482.0s
[PROGRESS] isaac_official_unitree_g1 mobile_sam_vit_t point: 55750/72695 records, last=14.4ms, elapsed=2492.8s
[PROGRESS] isaac_official_unitree_g1 mobile_sam_vit_t point: 56000/72695 records, last=15.0ms, elapsed=2503.8s
[PROGRESS] isaac_official_unitree_g1 mobile_sam_vit_t point: 56250/72695 records, last=15.2ms, elapsed=2514.6s
[PROGRESS] isaac_official_unitree_g1 mobile_sam_vit_t point: 56500/72695 records, last=14.3ms, elapsed=2525.5s
[PROGRESS] isaac_official_unitree_g1 mobile_sam_vit_t point: 56750/72695 records, last=14.7ms, elapsed=2536.3s
[PROGRESS] isaac_official_unitree_g1 mobile_sam_vit_t point: 57000/72695 records, last=15.9ms, elapsed=2547.3s
[PROGRESS] isaac_official_unitree_g1 mobile_sam_vit_t point: 57250/72695 records, last=14.2ms, elapsed=2558.5s
[PROGRESS] isaac_official_unitree_g1 mobile_sam_vit_t point: 57500/72695 records, last=14.8ms, elapsed=2569.1s
[PROGRESS] isaac_official_unitree_g1 mobile_sam_vit_t point: 57750/72695 records, last=14.3ms, elapsed=2580.0s
[PROGRESS] isaac_official_unitree_g1 mobile_sam_vit_t point: 58000/72695 records, last=14.4ms, elapsed=2590.7s
[PROGRESS] isaac_official_unitree_g1 mobile_sam_vit_t point: 58250/72695 records, last=15.2ms, elapsed=2601.9s
[PROGRESS] isaac_official_unitree_g1 mobile_sam_vit_t point: 58500/72695 records, last=14.9ms, elapsed=2613.1s
[PROGRESS] isaac_official_unitree_g1 mobile_sam_vit_t point: 58750/72695 records, last=15.5ms, elapsed=2624.6s
[PROGRESS] isaac_official_unitree_g1 mobile_sam_vit_t point: 59000/72695 records, last=15.2ms, elapsed=2635.8s
[PROGRESS] isaac_official_unitree_g1 mobile_sam_vit_t point: 59250/72695 records, last=15.3ms, elapsed=2646.9s
[PROGRESS] isaac_official_unitree_g1 mobile_sam_vit_t point: 59500/72695 records, last=15.0ms, elapsed=2658.0s
[PROGRESS] isaac_official_unitree_g1 mobile_sam_vit_t point: 59750/72695 records, last=15.3ms, elapsed=2669.2s
[PROGRESS] isaac_official_unitree_g1 mobile_sam_vit_t point: 60000/72695 records, last=14.9ms, elapsed=2680.5s
[PROGRESS] isaac_official_unitree_g1 mobile_sam_vit_t point: 60250/72695 records, last=15.3ms, elapsed=2691.8s
[PROGRESS] isaac_official_unitree_g1 mobile_sam_vit_t point: 60500/72695 records, last=15.2ms, elapsed=2703.3s
[PROGRESS] isaac_official_unitree_g1 mobile_sam_vit_t point: 60750/72695 records, last=14.6ms, elapsed=2714.4s
[PROGRESS] isaac_official_unitree_g1 mobile_sam_vit_t point: 61000/72695 records, last=14.5ms, elapsed=2725.4s
[PROGRESS] isaac_official_unitree_g1 mobile_sam_vit_t point: 61250/72695 records, last=15.2ms, elapsed=2736.4s
[PROGRESS] isaac_official_unitree_g1 mobile_sam_vit_t point: 61500/72695 records, last=14.6ms, elapsed=2747.5s
[PROGRESS] isaac_official_unitree_g1 mobile_sam_vit_t point: 61750/72695 records, last=14.6ms, elapsed=2758.7s
[PROGRESS] isaac_official_unitree_g1 mobile_sam_vit_t point: 62000/72695 records, last=15.5ms, elapsed=2769.7s
[PROGRESS] isaac_official_unitree_g1 mobile_sam_vit_t point: 62250/72695 records, last=15.3ms, elapsed=2781.3s
[PROGRESS] isaac_official_unitree_g1 mobile_sam_vit_t point: 62500/72695 records, last=14.7ms, elapsed=2792.5s
[PROGRESS] isaac_official_unitree_g1 mobile_sam_vit_t point: 62750/72695 records, last=15.3ms, elapsed=2803.4s
[PROGRESS] isaac_official_unitree_g1 mobile_sam_vit_t point: 63000/72695 records, last=15.2ms, elapsed=2813.9s
[PROGRESS] isaac_official_unitree_g1 mobile_sam_vit_t point: 63250/72695 records, last=15.2ms, elapsed=2825.1s
[PROGRESS] isaac_official_unitree_g1 mobile_sam_vit_t point: 63500/72695 records, last=14.5ms, elapsed=2836.0s
[PROGRESS] isaac_official_unitree_g1 mobile_sam_vit_t point: 63750/72695 records, last=15.4ms, elapsed=2846.9s
[PROGRESS] isaac_official_unitree_g1 mobile_sam_vit_t point: 64000/72695 records, last=14.7ms, elapsed=2857.9s
[PROGRESS] isaac_official_unitree_g1 mobile_sam_vit_t point: 64250/72695 records, last=14.5ms, elapsed=2869.1s
[PROGRESS] isaac_official_unitree_g1 mobile_sam_vit_t point: 64500/72695 records, last=15.3ms, elapsed=2880.5s
[PROGRESS] isaac_official_unitree_g1 mobile_sam_vit_t point: 64750/72695 records, last=15.1ms, elapsed=2891.4s
[PROGRESS] isaac_official_unitree_g1 mobile_sam_vit_t point: 65000/72695 records, last=15.1ms, elapsed=2902.5s
[PROGRESS] isaac_official_unitree_g1 mobile_sam_vit_t point: 65250/72695 records, last=14.4ms, elapsed=2913.4s
[PROGRESS] isaac_official_unitree_g1 mobile_sam_vit_t point: 65500/72695 records, last=15.2ms, elapsed=2924.3s
[PROGRESS] isaac_official_unitree_g1 mobile_sam_vit_t point: 65750/72695 records, last=14.7ms, elapsed=2935.1s
[PROGRESS] isaac_official_unitree_g1 mobile_sam_vit_t point: 66000/72695 records, last=14.5ms, elapsed=2946.5s
[PROGRESS] isaac_official_unitree_g1 mobile_sam_vit_t point: 66250/72695 records, last=14.8ms, elapsed=2957.5s
[PROGRESS] isaac_official_unitree_g1 mobile_sam_vit_t point: 66500/72695 records, last=15.2ms, elapsed=2968.8s
[PROGRESS] isaac_official_unitree_g1 mobile_sam_vit_t point: 66750/72695 records, last=15.4ms, elapsed=2979.9s
[PROGRESS] isaac_official_unitree_g1 mobile_sam_vit_t point: 67000/72695 records, last=14.7ms, elapsed=2990.7s
[PROGRESS] isaac_official_unitree_g1 mobile_sam_vit_t point: 67250/72695 records, last=14.3ms, elapsed=3002.1s
[PROGRESS] isaac_official_unitree_g1 mobile_sam_vit_t point: 67500/72695 records, last=15.0ms, elapsed=3013.0s
[PROGRESS] isaac_official_unitree_g1 mobile_sam_vit_t point: 67750/72695 records, last=14.9ms, elapsed=3024.2s
[PROGRESS] isaac_official_unitree_g1 mobile_sam_vit_t point: 68000/72695 records, last=14.3ms, elapsed=3035.2s
[PROGRESS] isaac_official_unitree_g1 mobile_sam_vit_t point: 68250/72695 records, last=15.0ms, elapsed=3046.1s
[PROGRESS] isaac_official_unitree_g1 mobile_sam_vit_t point: 68500/72695 records, last=15.0ms, elapsed=3057.1s
[PROGRESS] isaac_official_unitree_g1 mobile_sam_vit_t point: 68750/72695 records, last=15.0ms, elapsed=3068.1s
[PROGRESS] isaac_official_unitree_g1 mobile_sam_vit_t point: 69000/72695 records, last=14.9ms, elapsed=3078.8s
[PROGRESS] isaac_official_unitree_g1 mobile_sam_vit_t point: 69250/72695 records, last=14.4ms, elapsed=3089.2s
[PROGRESS] isaac_official_unitree_g1 mobile_sam_vit_t point: 69500/72695 records, last=14.4ms, elapsed=3099.9s
[PROGRESS] isaac_official_unitree_g1 mobile_sam_vit_t point: 69750/72695 records, last=14.8ms, elapsed=3110.5s
[PROGRESS] isaac_official_unitree_g1 mobile_sam_vit_t point: 70000/72695 records, last=14.9ms, elapsed=3121.5s
[PROGRESS] isaac_official_unitree_g1 mobile_sam_vit_t point: 70250/72695 records, last=14.2ms, elapsed=3132.4s
[PROGRESS] isaac_official_unitree_g1 mobile_sam_vit_t point: 70500/72695 records, last=15.0ms, elapsed=3142.9s
[PROGRESS] isaac_official_unitree_g1 mobile_sam_vit_t point: 70750/72695 records, last=14.2ms, elapsed=3153.5s
[PROGRESS] isaac_official_unitree_g1 mobile_sam_vit_t point: 71000/72695 records, last=14.2ms, elapsed=3163.9s
[PROGRESS] isaac_official_unitree_g1 mobile_sam_vit_t point: 71250/72695 records, last=14.9ms, elapsed=3174.6s
[PROGRESS] isaac_official_unitree_g1 mobile_sam_vit_t point: 71500/72695 records, last=15.5ms, elapsed=3185.2s
[PROGRESS] isaac_official_unitree_g1 mobile_sam_vit_t point: 71750/72695 records, last=14.7ms, elapsed=3196.2s
[PROGRESS] isaac_official_unitree_g1 mobile_sam_vit_t point: 72000/72695 records, last=14.2ms, elapsed=3207.0s
[PROGRESS] isaac_official_unitree_g1 mobile_sam_vit_t point: 72250/72695 records, last=14.9ms, elapsed=3217.7s
[PROGRESS] isaac_official_unitree_g1 mobile_sam_vit_t point: 72500/72695 records, last=14.3ms, elapsed=3228.3s
[PROGRESS] isaac_official_unitree_g1 mobile_sam_vit_t point: 72695/72695 records, last=15.1ms, elapsed=3236.9s
[WRITE] wrote 72695 records to results/task9_lightweight_sam/isaac_official_unitree_g1/mobile_sam_vit_t/point_predictions.jsonl
[OK] wrote results/task9_lightweight_sam/isaac_official_unitree_g1/mobile_sam_vit_t/point_predictions.jsonl
[OK] isaac_official_unitree_g1/mobile_sam_vit_t/point: 72695 rows
[RUN] isaac_official_unitree_g1/mobile_sam_vit_t/box: expected_rows=72695
+ /home/ubuntu/COGAR_Foundation-Model-Segmentation-for-Robotic-Scenes/.venv/bin/python /home/ubuntu/COGAR_Foundation-Model-Segmentation-for-Robotic-Scenes/scripts/benchmarks/run_zero_shot_sam.py --config configs/task9_lightweight_sam.yaml --dataset isaac_official_unitree_g1 --model mobile_sam_vit_t --prompt-mode box --log-every 250
[START] dataset=isaac_official_unitree_g1 model=mobile_sam_vit_t prompt_mode=box device=cuda records=72695 run_units=72695 output=results/task9_lightweight_sam/isaac_official_unitree_g1/mobile_sam_vit_t/box_predictions.jsonl
[LOAD] mobile_sam_vit_t: loading checkpoint/model
/home/ubuntu/COGAR_Foundation-Model-Segmentation-for-Robotic-Scenes/.venv/lib/python3.12/site-packages/timm/models/layers/__init__.py:49: FutureWarning: Importing from timm.models.layers is deprecated, please import via timm.layers
  warnings.warn(f"Importing from {__name__} is deprecated, please import via timm.layers", FutureWarning)
/home/ubuntu/COGAR_Foundation-Model-Segmentation-for-Robotic-Scenes/.venv/lib/python3.12/site-packages/timm/models/registry.py:4: FutureWarning: Importing from timm.models.registry is deprecated, please import via timm.models
  warnings.warn(f"Importing from {__name__} is deprecated, please import via timm.models", FutureWarning)
/home/ubuntu/COGAR_Foundation-Model-Segmentation-for-Robotic-Scenes/.venv/lib/python3.12/site-packages/mobile_sam/modeling/tiny_vit_sam.py:656: UserWarning: Overwriting tiny_vit_5m_224 in registry with mobile_sam.modeling.tiny_vit_sam.tiny_vit_5m_224. This is because the name being registered conflicts with an existing name. Please check if this is not expected.
  return register_model(fn_wrapper)
/home/ubuntu/COGAR_Foundation-Model-Segmentation-for-Robotic-Scenes/.venv/lib/python3.12/site-packages/mobile_sam/modeling/tiny_vit_sam.py:656: UserWarning: Overwriting tiny_vit_11m_224 in registry with mobile_sam.modeling.tiny_vit_sam.tiny_vit_11m_224. This is because the name being registered conflicts with an existing name. Please check if this is not expected.
  return register_model(fn_wrapper)
/home/ubuntu/COGAR_Foundation-Model-Segmentation-for-Robotic-Scenes/.venv/lib/python3.12/site-packages/mobile_sam/modeling/tiny_vit_sam.py:656: UserWarning: Overwriting tiny_vit_21m_224 in registry with mobile_sam.modeling.tiny_vit_sam.tiny_vit_21m_224. This is because the name being registered conflicts with an existing name. Please check if this is not expected.
  return register_model(fn_wrapper)
/home/ubuntu/COGAR_Foundation-Model-Segmentation-for-Robotic-Scenes/.venv/lib/python3.12/site-packages/mobile_sam/modeling/tiny_vit_sam.py:656: UserWarning: Overwriting tiny_vit_21m_384 in registry with mobile_sam.modeling.tiny_vit_sam.tiny_vit_21m_384. This is because the name being registered conflicts with an existing name. Please check if this is not expected.
  return register_model(fn_wrapper)
/home/ubuntu/COGAR_Foundation-Model-Segmentation-for-Robotic-Scenes/.venv/lib/python3.12/site-packages/mobile_sam/modeling/tiny_vit_sam.py:656: UserWarning: Overwriting tiny_vit_21m_512 in registry with mobile_sam.modeling.tiny_vit_sam.tiny_vit_21m_512. This is because the name being registered conflicts with an existing name. Please check if this is not expected.
  return register_model(fn_wrapper)
/home/ubuntu/COGAR_Foundation-Model-Segmentation-for-Robotic-Scenes/.venv/lib/python3.12/site-packages/mobile_sam/build_sam.py:91: FutureWarning: You are using `torch.load` with `weights_only=False` (the current default value), which uses the default pickle module implicitly. It is possible to construct malicious pickle data which will execute arbitrary code during unpickling (See https://github.com/pytorch/pytorch/blob/main/SECURITY.md#untrusted-models for more details). In a future release, the default value for `weights_only` will be flipped to `True`. This limits the functions that could be executed during unpickling. Arbitrary objects will no longer be allowed to be loaded via this mode unless they are explicitly allowlisted by the user via `torch.serialization.add_safe_globals`. We recommend you start setting `weights_only=True` for any use case where you don't have full control of the loaded file. Please open an issue on GitHub for any issues related to this experimental feature.
  state_dict = torch.load(f)
[LOAD] mobile_sam_vit_t: ready in 4.9s
[PROGRESS] isaac_official_unitree_g1 mobile_sam_vit_t box: 1/72695 records, last=379.5ms, elapsed=0.4s
[PROGRESS] isaac_official_unitree_g1 mobile_sam_vit_t box: 250/72695 records, last=14.9ms, elapsed=10.9s
[PROGRESS] isaac_official_unitree_g1 mobile_sam_vit_t box: 500/72695 records, last=15.8ms, elapsed=21.6s
[PROGRESS] isaac_official_unitree_g1 mobile_sam_vit_t box: 750/72695 records, last=15.2ms, elapsed=32.0s
[PROGRESS] isaac_official_unitree_g1 mobile_sam_vit_t box: 1000/72695 records, last=14.8ms, elapsed=43.0s
[PROGRESS] isaac_official_unitree_g1 mobile_sam_vit_t box: 1250/72695 records, last=14.8ms, elapsed=53.4s
[PROGRESS] isaac_official_unitree_g1 mobile_sam_vit_t box: 1500/72695 records, last=14.7ms, elapsed=64.3s
[PROGRESS] isaac_official_unitree_g1 mobile_sam_vit_t box: 1750/72695 records, last=14.9ms, elapsed=75.1s
[PROGRESS] isaac_official_unitree_g1 mobile_sam_vit_t box: 2000/72695 records, last=14.7ms, elapsed=85.7s
[PROGRESS] isaac_official_unitree_g1 mobile_sam_vit_t box: 2250/72695 records, last=14.8ms, elapsed=96.3s
[PROGRESS] isaac_official_unitree_g1 mobile_sam_vit_t box: 2500/72695 records, last=15.0ms, elapsed=106.9s
[PROGRESS] isaac_official_unitree_g1 mobile_sam_vit_t box: 2750/72695 records, last=14.7ms, elapsed=117.4s
[PROGRESS] isaac_official_unitree_g1 mobile_sam_vit_t box: 3000/72695 records, last=15.7ms, elapsed=128.0s
[PROGRESS] isaac_official_unitree_g1 mobile_sam_vit_t box: 3250/72695 records, last=14.8ms, elapsed=138.8s
[PROGRESS] isaac_official_unitree_g1 mobile_sam_vit_t box: 3500/72695 records, last=14.4ms, elapsed=149.5s
[PROGRESS] isaac_official_unitree_g1 mobile_sam_vit_t box: 3750/72695 records, last=14.7ms, elapsed=160.1s
[PROGRESS] isaac_official_unitree_g1 mobile_sam_vit_t box: 4000/72695 records, last=14.6ms, elapsed=170.4s
[PROGRESS] isaac_official_unitree_g1 mobile_sam_vit_t box: 4250/72695 records, last=15.2ms, elapsed=181.0s
[PROGRESS] isaac_official_unitree_g1 mobile_sam_vit_t box: 4500/72695 records, last=89.7ms, elapsed=191.5s
[PROGRESS] isaac_official_unitree_g1 mobile_sam_vit_t box: 4750/72695 records, last=15.8ms, elapsed=202.2s
[PROGRESS] isaac_official_unitree_g1 mobile_sam_vit_t box: 5000/72695 records, last=15.7ms, elapsed=212.8s
[PROGRESS] isaac_official_unitree_g1 mobile_sam_vit_t box: 5250/72695 records, last=15.5ms, elapsed=224.0s
[PROGRESS] isaac_official_unitree_g1 mobile_sam_vit_t box: 5500/72695 records, last=16.0ms, elapsed=235.1s
[PROGRESS] isaac_official_unitree_g1 mobile_sam_vit_t box: 5750/72695 records, last=16.0ms, elapsed=246.2s
[PROGRESS] isaac_official_unitree_g1 mobile_sam_vit_t box: 6000/72695 records, last=16.1ms, elapsed=257.2s
[PROGRESS] isaac_official_unitree_g1 mobile_sam_vit_t box: 6250/72695 records, last=15.7ms, elapsed=268.2s
[PROGRESS] isaac_official_unitree_g1 mobile_sam_vit_t box: 6500/72695 records, last=16.0ms, elapsed=279.0s
[PROGRESS] isaac_official_unitree_g1 mobile_sam_vit_t box: 6750/72695 records, last=15.0ms, elapsed=289.9s
[PROGRESS] isaac_official_unitree_g1 mobile_sam_vit_t box: 7000/72695 records, last=15.1ms, elapsed=300.6s
[PROGRESS] isaac_official_unitree_g1 mobile_sam_vit_t box: 7250/72695 records, last=15.7ms, elapsed=311.6s
[PROGRESS] isaac_official_unitree_g1 mobile_sam_vit_t box: 7500/72695 records, last=15.6ms, elapsed=322.3s
[PROGRESS] isaac_official_unitree_g1 mobile_sam_vit_t box: 7750/72695 records, last=15.5ms, elapsed=333.0s
[PROGRESS] isaac_official_unitree_g1 mobile_sam_vit_t box: 8000/72695 records, last=15.2ms, elapsed=344.1s
[PROGRESS] isaac_official_unitree_g1 mobile_sam_vit_t box: 8250/72695 records, last=14.6ms, elapsed=354.3s
[PROGRESS] isaac_official_unitree_g1 mobile_sam_vit_t box: 8500/72695 records, last=14.7ms, elapsed=364.8s
[PROGRESS] isaac_official_unitree_g1 mobile_sam_vit_t box: 8750/72695 records, last=15.7ms, elapsed=375.3s
[PROGRESS] isaac_official_unitree_g1 mobile_sam_vit_t box: 9000/72695 records, last=15.4ms, elapsed=385.8s
[PROGRESS] isaac_official_unitree_g1 mobile_sam_vit_t box: 9250/72695 records, last=14.7ms, elapsed=396.6s
[PROGRESS] isaac_official_unitree_g1 mobile_sam_vit_t box: 9500/72695 records, last=15.7ms, elapsed=407.2s
[PROGRESS] isaac_official_unitree_g1 mobile_sam_vit_t box: 9750/72695 records, last=15.3ms, elapsed=417.9s
[PROGRESS] isaac_official_unitree_g1 mobile_sam_vit_t box: 10000/72695 records, last=14.6ms, elapsed=428.5s
[PROGRESS] isaac_official_unitree_g1 mobile_sam_vit_t box: 10250/72695 records, last=15.7ms, elapsed=439.2s
[PROGRESS] isaac_official_unitree_g1 mobile_sam_vit_t box: 10500/72695 records, last=15.5ms, elapsed=449.9s
[PROGRESS] isaac_official_unitree_g1 mobile_sam_vit_t box: 10750/72695 records, last=14.9ms, elapsed=460.6s
[PROGRESS] isaac_official_unitree_g1 mobile_sam_vit_t box: 11000/72695 records, last=89.8ms, elapsed=471.3s
[PROGRESS] isaac_official_unitree_g1 mobile_sam_vit_t box: 11250/72695 records, last=14.9ms, elapsed=481.9s
[PROGRESS] isaac_official_unitree_g1 mobile_sam_vit_t box: 11500/72695 records, last=14.8ms, elapsed=492.6s
[PROGRESS] isaac_official_unitree_g1 mobile_sam_vit_t box: 11750/72695 records, last=15.4ms, elapsed=503.2s
[PROGRESS] isaac_official_unitree_g1 mobile_sam_vit_t box: 12000/72695 records, last=14.9ms, elapsed=514.0s
[PROGRESS] isaac_official_unitree_g1 mobile_sam_vit_t box: 12250/72695 records, last=15.3ms, elapsed=524.7s
[PROGRESS] isaac_official_unitree_g1 mobile_sam_vit_t box: 12500/72695 records, last=15.8ms, elapsed=535.4s
[PROGRESS] isaac_official_unitree_g1 mobile_sam_vit_t box: 12750/72695 records, last=15.3ms, elapsed=545.8s
[PROGRESS] isaac_official_unitree_g1 mobile_sam_vit_t box: 13000/72695 records, last=16.0ms, elapsed=556.9s
[PROGRESS] isaac_official_unitree_g1 mobile_sam_vit_t box: 13250/72695 records, last=16.1ms, elapsed=567.8s
[PROGRESS] isaac_official_unitree_g1 mobile_sam_vit_t box: 13500/72695 records, last=16.0ms, elapsed=578.9s
[PROGRESS] isaac_official_unitree_g1 mobile_sam_vit_t box: 13750/72695 records, last=15.2ms, elapsed=589.9s
[PROGRESS] isaac_official_unitree_g1 mobile_sam_vit_t box: 14000/72695 records, last=16.0ms, elapsed=600.8s
[PROGRESS] isaac_official_unitree_g1 mobile_sam_vit_t box: 14250/72695 records, last=15.5ms, elapsed=611.9s
[PROGRESS] isaac_official_unitree_g1 mobile_sam_vit_t box: 14500/72695 records, last=15.1ms, elapsed=623.0s
[PROGRESS] isaac_official_unitree_g1 mobile_sam_vit_t box: 14750/72695 records, last=15.9ms, elapsed=633.8s
[PROGRESS] isaac_official_unitree_g1 mobile_sam_vit_t box: 15000/72695 records, last=15.6ms, elapsed=644.4s
[PROGRESS] isaac_official_unitree_g1 mobile_sam_vit_t box: 15250/72695 records, last=15.1ms, elapsed=655.6s
[PROGRESS] isaac_official_unitree_g1 mobile_sam_vit_t box: 15500/72695 records, last=15.6ms, elapsed=666.4s
[PROGRESS] isaac_official_unitree_g1 mobile_sam_vit_t box: 15750/72695 records, last=15.1ms, elapsed=677.6s
[PROGRESS] isaac_official_unitree_g1 mobile_sam_vit_t box: 16000/72695 records, last=15.3ms, elapsed=688.2s
[PROGRESS] isaac_official_unitree_g1 mobile_sam_vit_t box: 16250/72695 records, last=15.9ms, elapsed=699.0s
[PROGRESS] isaac_official_unitree_g1 mobile_sam_vit_t box: 16500/72695 records, last=15.4ms, elapsed=709.9s
[PROGRESS] isaac_official_unitree_g1 mobile_sam_vit_t box: 16750/72695 records, last=15.5ms, elapsed=720.9s
[PROGRESS] isaac_official_unitree_g1 mobile_sam_vit_t box: 17000/72695 records, last=15.8ms, elapsed=731.8s
[PROGRESS] isaac_official_unitree_g1 mobile_sam_vit_t box: 17250/72695 records, last=15.8ms, elapsed=742.9s
[PROGRESS] isaac_official_unitree_g1 mobile_sam_vit_t box: 17500/72695 records, last=15.8ms, elapsed=753.9s
[PROGRESS] isaac_official_unitree_g1 mobile_sam_vit_t box: 17750/72695 records, last=15.5ms, elapsed=764.6s
[PROGRESS] isaac_official_unitree_g1 mobile_sam_vit_t box: 18000/72695 records, last=15.6ms, elapsed=775.8s
[PROGRESS] isaac_official_unitree_g1 mobile_sam_vit_t box: 18250/72695 records, last=15.7ms, elapsed=787.1s
[PROGRESS] isaac_official_unitree_g1 mobile_sam_vit_t box: 18500/72695 records, last=16.8ms, elapsed=798.5s
[PROGRESS] isaac_official_unitree_g1 mobile_sam_vit_t box: 18750/72695 records, last=16.6ms, elapsed=810.2s
[PROGRESS] isaac_official_unitree_g1 mobile_sam_vit_t box: 19000/72695 records, last=16.7ms, elapsed=821.9s
[PROGRESS] isaac_official_unitree_g1 mobile_sam_vit_t box: 19250/72695 records, last=16.8ms, elapsed=833.3s
[PROGRESS] isaac_official_unitree_g1 mobile_sam_vit_t box: 19500/72695 records, last=15.8ms, elapsed=845.1s
[PROGRESS] isaac_official_unitree_g1 mobile_sam_vit_t box: 19750/72695 records, last=16.5ms, elapsed=856.5s
[PROGRESS] isaac_official_unitree_g1 mobile_sam_vit_t box: 20000/72695 records, last=15.3ms, elapsed=867.7s
[PROGRESS] isaac_official_unitree_g1 mobile_sam_vit_t box: 20250/72695 records, last=15.8ms, elapsed=878.5s
[PROGRESS] isaac_official_unitree_g1 mobile_sam_vit_t box: 20500/72695 records, last=15.8ms, elapsed=889.2s
[PROGRESS] isaac_official_unitree_g1 mobile_sam_vit_t box: 20750/72695 records, last=16.0ms, elapsed=900.2s
[PROGRESS] isaac_official_unitree_g1 mobile_sam_vit_t box: 21000/72695 records, last=15.6ms, elapsed=910.8s
[PROGRESS] isaac_official_unitree_g1 mobile_sam_vit_t box: 21250/72695 records, last=15.9ms, elapsed=921.5s
[PROGRESS] isaac_official_unitree_g1 mobile_sam_vit_t box: 21500/72695 records, last=15.7ms, elapsed=932.6s
[PROGRESS] isaac_official_unitree_g1 mobile_sam_vit_t box: 21750/72695 records, last=15.9ms, elapsed=943.8s
[PROGRESS] isaac_official_unitree_g1 mobile_sam_vit_t box: 22000/72695 records, last=16.1ms, elapsed=954.4s
[PROGRESS] isaac_official_unitree_g1 mobile_sam_vit_t box: 22250/72695 records, last=16.1ms, elapsed=965.5s
[PROGRESS] isaac_official_unitree_g1 mobile_sam_vit_t box: 22500/72695 records, last=16.1ms, elapsed=976.4s
[PROGRESS] isaac_official_unitree_g1 mobile_sam_vit_t box: 22750/72695 records, last=15.4ms, elapsed=987.1s
[PROGRESS] isaac_official_unitree_g1 mobile_sam_vit_t box: 23000/72695 records, last=15.1ms, elapsed=998.0s
[PROGRESS] isaac_official_unitree_g1 mobile_sam_vit_t box: 23250/72695 records, last=15.7ms, elapsed=1008.8s
[PROGRESS] isaac_official_unitree_g1 mobile_sam_vit_t box: 23500/72695 records, last=15.7ms, elapsed=1019.9s
[PROGRESS] isaac_official_unitree_g1 mobile_sam_vit_t box: 23750/72695 records, last=15.6ms, elapsed=1030.9s
[PROGRESS] isaac_official_unitree_g1 mobile_sam_vit_t box: 24000/72695 records, last=16.0ms, elapsed=1041.6s
[PROGRESS] isaac_official_unitree_g1 mobile_sam_vit_t box: 24250/72695 records, last=15.7ms, elapsed=1052.8s
[PROGRESS] isaac_official_unitree_g1 mobile_sam_vit_t box: 24500/72695 records, last=15.3ms, elapsed=1064.0s
[PROGRESS] isaac_official_unitree_g1 mobile_sam_vit_t box: 24750/72695 records, last=16.3ms, elapsed=1075.3s
[PROGRESS] isaac_official_unitree_g1 mobile_sam_vit_t box: 25000/72695 records, last=16.6ms, elapsed=1086.6s
[PROGRESS] isaac_official_unitree_g1 mobile_sam_vit_t box: 25250/72695 records, last=15.3ms, elapsed=1098.2s
[PROGRESS] isaac_official_unitree_g1 mobile_sam_vit_t box: 25500/72695 records, last=16.2ms, elapsed=1109.4s
[PROGRESS] isaac_official_unitree_g1 mobile_sam_vit_t box: 25750/72695 records, last=90.8ms, elapsed=1120.3s
[PROGRESS] isaac_official_unitree_g1 mobile_sam_vit_t box: 26000/72695 records, last=16.1ms, elapsed=1131.3s
[PROGRESS] isaac_official_unitree_g1 mobile_sam_vit_t box: 26250/72695 records, last=16.2ms, elapsed=1142.5s
[PROGRESS] isaac_official_unitree_g1 mobile_sam_vit_t box: 26500/72695 records, last=15.5ms, elapsed=1153.6s
[PROGRESS] isaac_official_unitree_g1 mobile_sam_vit_t box: 26750/72695 records, last=90.3ms, elapsed=1164.8s
[PROGRESS] isaac_official_unitree_g1 mobile_sam_vit_t box: 27000/72695 records, last=16.0ms, elapsed=1175.8s
[PROGRESS] isaac_official_unitree_g1 mobile_sam_vit_t box: 27250/72695 records, last=16.0ms, elapsed=1187.0s
[PROGRESS] isaac_official_unitree_g1 mobile_sam_vit_t box: 27500/72695 records, last=16.1ms, elapsed=1198.2s
[PROGRESS] isaac_official_unitree_g1 mobile_sam_vit_t box: 27750/72695 records, last=16.0ms, elapsed=1209.3s
[PROGRESS] isaac_official_unitree_g1 mobile_sam_vit_t box: 28000/72695 records, last=16.1ms, elapsed=1220.1s
[PROGRESS] isaac_official_unitree_g1 mobile_sam_vit_t box: 28250/72695 records, last=15.5ms, elapsed=1231.2s
[PROGRESS] isaac_official_unitree_g1 mobile_sam_vit_t box: 28500/72695 records, last=15.9ms, elapsed=1241.8s
[PROGRESS] isaac_official_unitree_g1 mobile_sam_vit_t box: 28750/72695 records, last=15.4ms, elapsed=1252.8s
[PROGRESS] isaac_official_unitree_g1 mobile_sam_vit_t box: 29000/72695 records, last=15.1ms, elapsed=1263.5s
[PROGRESS] isaac_official_unitree_g1 mobile_sam_vit_t box: 29250/72695 records, last=15.6ms, elapsed=1274.2s
[PROGRESS] isaac_official_unitree_g1 mobile_sam_vit_t box: 29500/72695 records, last=15.5ms, elapsed=1285.0s
[PROGRESS] isaac_official_unitree_g1 mobile_sam_vit_t box: 29750/72695 records, last=15.0ms, elapsed=1295.9s
[PROGRESS] isaac_official_unitree_g1 mobile_sam_vit_t box: 30000/72695 records, last=15.1ms, elapsed=1306.5s
[PROGRESS] isaac_official_unitree_g1 mobile_sam_vit_t box: 30250/72695 records, last=16.4ms, elapsed=1317.3s
[PROGRESS] isaac_official_unitree_g1 mobile_sam_vit_t box: 30500/72695 records, last=16.0ms, elapsed=1328.2s
[PROGRESS] isaac_official_unitree_g1 mobile_sam_vit_t box: 30750/72695 records, last=16.3ms, elapsed=1339.4s
[PROGRESS] isaac_official_unitree_g1 mobile_sam_vit_t box: 31000/72695 records, last=15.5ms, elapsed=1350.3s
[PROGRESS] isaac_official_unitree_g1 mobile_sam_vit_t box: 31250/72695 records, last=17.0ms, elapsed=1361.2s
[PROGRESS] isaac_official_unitree_g1 mobile_sam_vit_t box: 31500/72695 records, last=15.7ms, elapsed=1372.6s
[PROGRESS] isaac_official_unitree_g1 mobile_sam_vit_t box: 31750/72695 records, last=14.9ms, elapsed=1383.2s
[PROGRESS] isaac_official_unitree_g1 mobile_sam_vit_t box: 32000/72695 records, last=14.6ms, elapsed=1393.6s
[PROGRESS] isaac_official_unitree_g1 mobile_sam_vit_t box: 32250/72695 records, last=14.8ms, elapsed=1404.3s
[PROGRESS] isaac_official_unitree_g1 mobile_sam_vit_t box: 32500/72695 records, last=15.8ms, elapsed=1415.0s
[PROGRESS] isaac_official_unitree_g1 mobile_sam_vit_t box: 32750/72695 records, last=16.3ms, elapsed=1426.3s
[PROGRESS] isaac_official_unitree_g1 mobile_sam_vit_t box: 33000/72695 records, last=15.7ms, elapsed=1437.1s
[PROGRESS] isaac_official_unitree_g1 mobile_sam_vit_t box: 33250/72695 records, last=14.8ms, elapsed=1448.2s
[PROGRESS] isaac_official_unitree_g1 mobile_sam_vit_t box: 33500/72695 records, last=15.0ms, elapsed=1458.8s
[PROGRESS] isaac_official_unitree_g1 mobile_sam_vit_t box: 33750/72695 records, last=15.5ms, elapsed=1469.5s
[PROGRESS] isaac_official_unitree_g1 mobile_sam_vit_t box: 34000/72695 records, last=15.5ms, elapsed=1480.0s
[PROGRESS] isaac_official_unitree_g1 mobile_sam_vit_t box: 34250/72695 records, last=15.5ms, elapsed=1490.5s
[PROGRESS] isaac_official_unitree_g1 mobile_sam_vit_t box: 34500/72695 records, last=14.9ms, elapsed=1501.1s
[PROGRESS] isaac_official_unitree_g1 mobile_sam_vit_t box: 34750/72695 records, last=15.4ms, elapsed=1512.0s
[PROGRESS] isaac_official_unitree_g1 mobile_sam_vit_t box: 35000/72695 records, last=15.8ms, elapsed=1523.1s
[PROGRESS] isaac_official_unitree_g1 mobile_sam_vit_t box: 35250/72695 records, last=16.0ms, elapsed=1533.7s
[PROGRESS] isaac_official_unitree_g1 mobile_sam_vit_t box: 35500/72695 records, last=15.2ms, elapsed=1544.6s
[PROGRESS] isaac_official_unitree_g1 mobile_sam_vit_t box: 35750/72695 records, last=15.6ms, elapsed=1555.3s
[PROGRESS] isaac_official_unitree_g1 mobile_sam_vit_t box: 36000/72695 records, last=16.2ms, elapsed=1566.9s
[PROGRESS] isaac_official_unitree_g1 mobile_sam_vit_t box: 36250/72695 records, last=15.7ms, elapsed=1577.7s
[PROGRESS] isaac_official_unitree_g1 mobile_sam_vit_t box: 36500/72695 records, last=15.8ms, elapsed=1588.5s
[PROGRESS] isaac_official_unitree_g1 mobile_sam_vit_t box: 36750/72695 records, last=15.2ms, elapsed=1599.3s
[PROGRESS] isaac_official_unitree_g1 mobile_sam_vit_t box: 37000/72695 records, last=15.8ms, elapsed=1610.1s
[PROGRESS] isaac_official_unitree_g1 mobile_sam_vit_t box: 37250/72695 records, last=15.3ms, elapsed=1621.1s
[PROGRESS] isaac_official_unitree_g1 mobile_sam_vit_t box: 37500/72695 records, last=15.1ms, elapsed=1631.9s
[PROGRESS] isaac_official_unitree_g1 mobile_sam_vit_t box: 37750/72695 records, last=14.9ms, elapsed=1642.6s
[PROGRESS] isaac_official_unitree_g1 mobile_sam_vit_t box: 38000/72695 records, last=15.0ms, elapsed=1653.6s
[PROGRESS] isaac_official_unitree_g1 mobile_sam_vit_t box: 38250/72695 records, last=15.5ms, elapsed=1664.2s
[PROGRESS] isaac_official_unitree_g1 mobile_sam_vit_t box: 38500/72695 records, last=15.7ms, elapsed=1675.1s
[PROGRESS] isaac_official_unitree_g1 mobile_sam_vit_t box: 38750/72695 records, last=15.7ms, elapsed=1685.4s
[PROGRESS] isaac_official_unitree_g1 mobile_sam_vit_t box: 39000/72695 records, last=15.8ms, elapsed=1696.3s
[PROGRESS] isaac_official_unitree_g1 mobile_sam_vit_t box: 39250/72695 records, last=15.5ms, elapsed=1706.7s
[PROGRESS] isaac_official_unitree_g1 mobile_sam_vit_t box: 39500/72695 records, last=16.1ms, elapsed=1717.6s
[PROGRESS] isaac_official_unitree_g1 mobile_sam_vit_t box: 39750/72695 records, last=15.1ms, elapsed=1728.2s
[PROGRESS] isaac_official_unitree_g1 mobile_sam_vit_t box: 40000/72695 records, last=15.0ms, elapsed=1738.8s
[PROGRESS] isaac_official_unitree_g1 mobile_sam_vit_t box: 40250/72695 records, last=15.9ms, elapsed=1749.7s
[PROGRESS] isaac_official_unitree_g1 mobile_sam_vit_t box: 40500/72695 records, last=15.8ms, elapsed=1760.6s
[PROGRESS] isaac_official_unitree_g1 mobile_sam_vit_t box: 40750/72695 records, last=15.1ms, elapsed=1771.7s
[PROGRESS] isaac_official_unitree_g1 mobile_sam_vit_t box: 41000/72695 records, last=15.8ms, elapsed=1782.3s
[PROGRESS] isaac_official_unitree_g1 mobile_sam_vit_t box: 41250/72695 records, last=90.0ms, elapsed=1793.4s
[PROGRESS] isaac_official_unitree_g1 mobile_sam_vit_t box: 41500/72695 records, last=15.0ms, elapsed=1804.2s
[PROGRESS] isaac_official_unitree_g1 mobile_sam_vit_t box: 41750/72695 records, last=16.7ms, elapsed=1815.3s
[PROGRESS] isaac_official_unitree_g1 mobile_sam_vit_t box: 42000/72695 records, last=15.9ms, elapsed=1826.5s
[PROGRESS] isaac_official_unitree_g1 mobile_sam_vit_t box: 42250/72695 records, last=14.9ms, elapsed=1837.4s
[PROGRESS] isaac_official_unitree_g1 mobile_sam_vit_t box: 42500/72695 records, last=15.1ms, elapsed=1848.1s
[PROGRESS] isaac_official_unitree_g1 mobile_sam_vit_t box: 42750/72695 records, last=15.7ms, elapsed=1858.8s
[PROGRESS] isaac_official_unitree_g1 mobile_sam_vit_t box: 43000/72695 records, last=15.1ms, elapsed=1869.8s
[PROGRESS] isaac_official_unitree_g1 mobile_sam_vit_t box: 43250/72695 records, last=15.6ms, elapsed=1880.6s
[PROGRESS] isaac_official_unitree_g1 mobile_sam_vit_t box: 43500/72695 records, last=15.0ms, elapsed=1891.3s
[PROGRESS] isaac_official_unitree_g1 mobile_sam_vit_t box: 43750/72695 records, last=89.4ms, elapsed=1902.0s
[PROGRESS] isaac_official_unitree_g1 mobile_sam_vit_t box: 44000/72695 records, last=15.5ms, elapsed=1912.2s
[PROGRESS] isaac_official_unitree_g1 mobile_sam_vit_t box: 44250/72695 records, last=15.6ms, elapsed=1923.0s
[PROGRESS] isaac_official_unitree_g1 mobile_sam_vit_t box: 44500/72695 records, last=15.0ms, elapsed=1933.6s
[PROGRESS] isaac_official_unitree_g1 mobile_sam_vit_t box: 44750/72695 records, last=15.5ms, elapsed=1944.4s
[PROGRESS] isaac_official_unitree_g1 mobile_sam_vit_t box: 45000/72695 records, last=15.7ms, elapsed=1954.9s
[PROGRESS] isaac_official_unitree_g1 mobile_sam_vit_t box: 45250/72695 records, last=15.6ms, elapsed=1966.0s
[PROGRESS] isaac_official_unitree_g1 mobile_sam_vit_t box: 45500/72695 records, last=15.5ms, elapsed=1976.8s
[PROGRESS] isaac_official_unitree_g1 mobile_sam_vit_t box: 45750/72695 records, last=15.4ms, elapsed=1987.3s
[PROGRESS] isaac_official_unitree_g1 mobile_sam_vit_t box: 46000/72695 records, last=14.7ms, elapsed=1998.0s
[PROGRESS] isaac_official_unitree_g1 mobile_sam_vit_t box: 46250/72695 records, last=15.1ms, elapsed=2008.5s
[PROGRESS] isaac_official_unitree_g1 mobile_sam_vit_t box: 46500/72695 records, last=15.6ms, elapsed=2019.1s
[PROGRESS] isaac_official_unitree_g1 mobile_sam_vit_t box: 46750/72695 records, last=15.7ms, elapsed=2029.7s
[PROGRESS] isaac_official_unitree_g1 mobile_sam_vit_t box: 47000/72695 records, last=16.0ms, elapsed=2040.5s
[PROGRESS] isaac_official_unitree_g1 mobile_sam_vit_t box: 47250/72695 records, last=16.3ms, elapsed=2051.8s
[PROGRESS] isaac_official_unitree_g1 mobile_sam_vit_t box: 47500/72695 records, last=15.9ms, elapsed=2063.3s
[PROGRESS] isaac_official_unitree_g1 mobile_sam_vit_t box: 47750/72695 records, last=16.5ms, elapsed=2074.9s
[PROGRESS] isaac_official_unitree_g1 mobile_sam_vit_t box: 48000/72695 records, last=16.3ms, elapsed=2086.4s
[PROGRESS] isaac_official_unitree_g1 mobile_sam_vit_t box: 48250/72695 records, last=15.9ms, elapsed=2097.8s
[PROGRESS] isaac_official_unitree_g1 mobile_sam_vit_t box: 48500/72695 records, last=16.4ms, elapsed=2109.3s
[PROGRESS] isaac_official_unitree_g1 mobile_sam_vit_t box: 48750/72695 records, last=15.4ms, elapsed=2120.6s
[PROGRESS] isaac_official_unitree_g1 mobile_sam_vit_t box: 49000/72695 records, last=16.3ms, elapsed=2131.3s
[PROGRESS] isaac_official_unitree_g1 mobile_sam_vit_t box: 49250/72695 records, last=15.8ms, elapsed=2142.0s
[PROGRESS] isaac_official_unitree_g1 mobile_sam_vit_t box: 49500/72695 records, last=15.9ms, elapsed=2153.2s
[PROGRESS] isaac_official_unitree_g1 mobile_sam_vit_t box: 49750/72695 records, last=15.7ms, elapsed=2164.2s
[PROGRESS] isaac_official_unitree_g1 mobile_sam_vit_t box: 50000/72695 records, last=17.3ms, elapsed=2175.3s
[PROGRESS] isaac_official_unitree_g1 mobile_sam_vit_t box: 50250/72695 records, last=16.1ms, elapsed=2186.8s
[PROGRESS] isaac_official_unitree_g1 mobile_sam_vit_t box: 50500/72695 records, last=15.9ms, elapsed=2198.2s
[PROGRESS] isaac_official_unitree_g1 mobile_sam_vit_t box: 50750/72695 records, last=16.8ms, elapsed=2209.7s
[PROGRESS] isaac_official_unitree_g1 mobile_sam_vit_t box: 51000/72695 records, last=16.4ms, elapsed=2220.9s
[PROGRESS] isaac_official_unitree_g1 mobile_sam_vit_t box: 51250/72695 records, last=15.4ms, elapsed=2232.2s
[PROGRESS] isaac_official_unitree_g1 mobile_sam_vit_t box: 51500/72695 records, last=15.3ms, elapsed=2243.3s
[PROGRESS] isaac_official_unitree_g1 mobile_sam_vit_t box: 51750/72695 records, last=15.4ms, elapsed=2254.5s
[PROGRESS] isaac_official_unitree_g1 mobile_sam_vit_t box: 52000/72695 records, last=15.8ms, elapsed=2265.5s
[PROGRESS] isaac_official_unitree_g1 mobile_sam_vit_t box: 52250/72695 records, last=15.8ms, elapsed=2276.5s
[PROGRESS] isaac_official_unitree_g1 mobile_sam_vit_t box: 52500/72695 records, last=16.0ms, elapsed=2287.4s
[PROGRESS] isaac_official_unitree_g1 mobile_sam_vit_t box: 52750/72695 records, last=15.7ms, elapsed=2298.6s
[PROGRESS] isaac_official_unitree_g1 mobile_sam_vit_t box: 53000/72695 records, last=15.4ms, elapsed=2309.8s
[PROGRESS] isaac_official_unitree_g1 mobile_sam_vit_t box: 53250/72695 records, last=16.1ms, elapsed=2320.6s
[PROGRESS] isaac_official_unitree_g1 mobile_sam_vit_t box: 53500/72695 records, last=15.5ms, elapsed=2331.5s
[PROGRESS] isaac_official_unitree_g1 mobile_sam_vit_t box: 53750/72695 records, last=15.3ms, elapsed=2342.2s
[PROGRESS] isaac_official_unitree_g1 mobile_sam_vit_t box: 54000/72695 records, last=16.8ms, elapsed=2353.1s
[PROGRESS] isaac_official_unitree_g1 mobile_sam_vit_t box: 54250/72695 records, last=16.9ms, elapsed=2364.3s
[PROGRESS] isaac_official_unitree_g1 mobile_sam_vit_t box: 54500/72695 records, last=16.4ms, elapsed=2375.8s
[PROGRESS] isaac_official_unitree_g1 mobile_sam_vit_t box: 54750/72695 records, last=16.0ms, elapsed=2386.8s
[PROGRESS] isaac_official_unitree_g1 mobile_sam_vit_t box: 55000/72695 records, last=15.6ms, elapsed=2397.7s
[PROGRESS] isaac_official_unitree_g1 mobile_sam_vit_t box: 55250/72695 records, last=15.4ms, elapsed=2408.5s
[PROGRESS] isaac_official_unitree_g1 mobile_sam_vit_t box: 55500/72695 records, last=15.4ms, elapsed=2419.8s
[PROGRESS] isaac_official_unitree_g1 mobile_sam_vit_t box: 55750/72695 records, last=15.0ms, elapsed=2430.6s
[PROGRESS] isaac_official_unitree_g1 mobile_sam_vit_t box: 56000/72695 records, last=15.5ms, elapsed=2441.6s
[PROGRESS] isaac_official_unitree_g1 mobile_sam_vit_t box: 56250/72695 records, last=15.7ms, elapsed=2452.3s
[PROGRESS] isaac_official_unitree_g1 mobile_sam_vit_t box: 56500/72695 records, last=15.9ms, elapsed=2463.2s
[PROGRESS] isaac_official_unitree_g1 mobile_sam_vit_t box: 56750/72695 records, last=15.8ms, elapsed=2474.0s
[PROGRESS] isaac_official_unitree_g1 mobile_sam_vit_t box: 57000/72695 records, last=16.5ms, elapsed=2485.0s
[PROGRESS] isaac_official_unitree_g1 mobile_sam_vit_t box: 57250/72695 records, last=15.2ms, elapsed=2496.2s
[PROGRESS] isaac_official_unitree_g1 mobile_sam_vit_t box: 57500/72695 records, last=15.2ms, elapsed=2506.8s
[PROGRESS] isaac_official_unitree_g1 mobile_sam_vit_t box: 57750/72695 records, last=15.1ms, elapsed=2517.8s
[PROGRESS] isaac_official_unitree_g1 mobile_sam_vit_t box: 58000/72695 records, last=15.5ms, elapsed=2528.4s
[PROGRESS] isaac_official_unitree_g1 mobile_sam_vit_t box: 58250/72695 records, last=15.8ms, elapsed=2539.4s
[PROGRESS] isaac_official_unitree_g1 mobile_sam_vit_t box: 58500/72695 records, last=15.2ms, elapsed=2550.4s
[PROGRESS] isaac_official_unitree_g1 mobile_sam_vit_t box: 58750/72695 records, last=15.8ms, elapsed=2561.6s
[PROGRESS] isaac_official_unitree_g1 mobile_sam_vit_t box: 59000/72695 records, last=16.7ms, elapsed=2572.9s
[PROGRESS] isaac_official_unitree_g1 mobile_sam_vit_t box: 59250/72695 records, last=16.5ms, elapsed=2584.1s
[PROGRESS] isaac_official_unitree_g1 mobile_sam_vit_t box: 59500/72695 records, last=16.3ms, elapsed=2595.3s
[PROGRESS] isaac_official_unitree_g1 mobile_sam_vit_t box: 59750/72695 records, last=17.1ms, elapsed=2606.6s
[PROGRESS] isaac_official_unitree_g1 mobile_sam_vit_t box: 60000/72695 records, last=16.2ms, elapsed=2617.7s
[PROGRESS] isaac_official_unitree_g1 mobile_sam_vit_t box: 60250/72695 records, last=16.1ms, elapsed=2628.9s
[PROGRESS] isaac_official_unitree_g1 mobile_sam_vit_t box: 60500/72695 records, last=15.8ms, elapsed=2640.3s
[PROGRESS] isaac_official_unitree_g1 mobile_sam_vit_t box: 60750/72695 records, last=15.3ms, elapsed=2651.2s
[PROGRESS] isaac_official_unitree_g1 mobile_sam_vit_t box: 61000/72695 records, last=15.5ms, elapsed=2662.2s
[PROGRESS] isaac_official_unitree_g1 mobile_sam_vit_t box: 61250/72695 records, last=16.0ms, elapsed=2673.1s
[PROGRESS] isaac_official_unitree_g1 mobile_sam_vit_t box: 61500/72695 records, last=15.9ms, elapsed=2684.2s
[PROGRESS] isaac_official_unitree_g1 mobile_sam_vit_t box: 61750/72695 records, last=15.6ms, elapsed=2695.1s
[PROGRESS] isaac_official_unitree_g1 mobile_sam_vit_t box: 62000/72695 records, last=15.7ms, elapsed=2705.8s
[PROGRESS] isaac_official_unitree_g1 mobile_sam_vit_t box: 62250/72695 records, last=15.9ms, elapsed=2717.1s
[PROGRESS] isaac_official_unitree_g1 mobile_sam_vit_t box: 62500/72695 records, last=15.1ms, elapsed=2728.1s
[PROGRESS] isaac_official_unitree_g1 mobile_sam_vit_t box: 62750/72695 records, last=15.3ms, elapsed=2738.8s
[PROGRESS] isaac_official_unitree_g1 mobile_sam_vit_t box: 63000/72695 records, last=16.6ms, elapsed=2749.4s
[PROGRESS] isaac_official_unitree_g1 mobile_sam_vit_t box: 63250/72695 records, last=16.0ms, elapsed=2760.7s
[PROGRESS] isaac_official_unitree_g1 mobile_sam_vit_t box: 63500/72695 records, last=15.1ms, elapsed=2771.5s
[PROGRESS] isaac_official_unitree_g1 mobile_sam_vit_t box: 63750/72695 records, last=15.6ms, elapsed=2782.2s
[PROGRESS] isaac_official_unitree_g1 mobile_sam_vit_t box: 64000/72695 records, last=15.9ms, elapsed=2793.0s
[PROGRESS] isaac_official_unitree_g1 mobile_sam_vit_t box: 64250/72695 records, last=15.1ms, elapsed=2804.0s
[PROGRESS] isaac_official_unitree_g1 mobile_sam_vit_t box: 64500/72695 records, last=15.1ms, elapsed=2815.2s
[PROGRESS] isaac_official_unitree_g1 mobile_sam_vit_t box: 64750/72695 records, last=15.6ms, elapsed=2825.9s
[PROGRESS] isaac_official_unitree_g1 mobile_sam_vit_t box: 65000/72695 records, last=16.4ms, elapsed=2836.9s
[PROGRESS] isaac_official_unitree_g1 mobile_sam_vit_t box: 65250/72695 records, last=16.2ms, elapsed=2848.2s
[PROGRESS] isaac_official_unitree_g1 mobile_sam_vit_t box: 65500/72695 records, last=17.1ms, elapsed=2859.6s
[PROGRESS] isaac_official_unitree_g1 mobile_sam_vit_t box: 65750/72695 records, last=15.9ms, elapsed=2870.8s
[PROGRESS] isaac_official_unitree_g1 mobile_sam_vit_t box: 66000/72695 records, last=15.1ms, elapsed=2882.2s
[PROGRESS] isaac_official_unitree_g1 mobile_sam_vit_t box: 66250/72695 records, last=15.2ms, elapsed=2893.0s
[PROGRESS] isaac_official_unitree_g1 mobile_sam_vit_t box: 66500/72695 records, last=15.6ms, elapsed=2904.1s
[PROGRESS] isaac_official_unitree_g1 mobile_sam_vit_t box: 66750/72695 records, last=15.9ms, elapsed=2915.1s
[PROGRESS] isaac_official_unitree_g1 mobile_sam_vit_t box: 67000/72695 records, last=15.1ms, elapsed=2925.6s
[PROGRESS] isaac_official_unitree_g1 mobile_sam_vit_t box: 67250/72695 records, last=15.1ms, elapsed=2936.9s
[PROGRESS] isaac_official_unitree_g1 mobile_sam_vit_t box: 67500/72695 records, last=15.3ms, elapsed=2947.7s
[PROGRESS] isaac_official_unitree_g1 mobile_sam_vit_t box: 67750/72695 records, last=16.1ms, elapsed=2959.1s
[PROGRESS] isaac_official_unitree_g1 mobile_sam_vit_t box: 68000/72695 records, last=16.1ms, elapsed=2970.1s
[PROGRESS] isaac_official_unitree_g1 mobile_sam_vit_t box: 68250/72695 records, last=15.8ms, elapsed=2981.1s
[PROGRESS] isaac_official_unitree_g1 mobile_sam_vit_t box: 68500/72695 records, last=15.5ms, elapsed=2992.1s
[PROGRESS] isaac_official_unitree_g1 mobile_sam_vit_t box: 68750/72695 records, last=16.0ms, elapsed=3003.3s
[PROGRESS] isaac_official_unitree_g1 mobile_sam_vit_t box: 69000/72695 records, last=15.8ms, elapsed=3014.1s
[PROGRESS] isaac_official_unitree_g1 mobile_sam_vit_t box: 69250/72695 records, last=15.4ms, elapsed=3024.6s
[PROGRESS] isaac_official_unitree_g1 mobile_sam_vit_t box: 69500/72695 records, last=15.0ms, elapsed=3035.3s
[PROGRESS] isaac_official_unitree_g1 mobile_sam_vit_t box: 69750/72695 records, last=15.7ms, elapsed=3046.0s
[PROGRESS] isaac_official_unitree_g1 mobile_sam_vit_t box: 70000/72695 records, last=15.7ms, elapsed=3057.2s
[PROGRESS] isaac_official_unitree_g1 mobile_sam_vit_t box: 70250/72695 records, last=15.1ms, elapsed=3068.2s
[PROGRESS] isaac_official_unitree_g1 mobile_sam_vit_t box: 70500/72695 records, last=15.6ms, elapsed=3078.7s
[PROGRESS] isaac_official_unitree_g1 mobile_sam_vit_t box: 70750/72695 records, last=15.3ms, elapsed=3089.5s
[PROGRESS] isaac_official_unitree_g1 mobile_sam_vit_t box: 71000/72695 records, last=15.3ms, elapsed=3100.0s
[PROGRESS] isaac_official_unitree_g1 mobile_sam_vit_t box: 71250/72695 records, last=15.2ms, elapsed=3110.9s
[PROGRESS] isaac_official_unitree_g1 mobile_sam_vit_t box: 71500/72695 records, last=16.7ms, elapsed=3121.5s
[PROGRESS] isaac_official_unitree_g1 mobile_sam_vit_t box: 71750/72695 records, last=15.1ms, elapsed=3132.3s
[PROGRESS] isaac_official_unitree_g1 mobile_sam_vit_t box: 72000/72695 records, last=15.0ms, elapsed=3143.2s
[PROGRESS] isaac_official_unitree_g1 mobile_sam_vit_t box: 72250/72695 records, last=15.8ms, elapsed=3153.8s
[PROGRESS] isaac_official_unitree_g1 mobile_sam_vit_t box: 72500/72695 records, last=14.8ms, elapsed=3164.4s
[PROGRESS] isaac_official_unitree_g1 mobile_sam_vit_t box: 72695/72695 records, last=15.7ms, elapsed=3173.0s
[WRITE] wrote 72695 records to results/task9_lightweight_sam/isaac_official_unitree_g1/mobile_sam_vit_t/box_predictions.jsonl
[OK] wrote results/task9_lightweight_sam/isaac_official_unitree_g1/mobile_sam_vit_t/box_predictions.jsonl
[OK] isaac_official_unitree_g1/mobile_sam_vit_t/box: 72695 rows
[RUN] isaac_official_unitree_g1/mobile_sam_vit_t/automatic: expected_rows=1000
+ /home/ubuntu/COGAR_Foundation-Model-Segmentation-for-Robotic-Scenes/.venv/bin/python /home/ubuntu/COGAR_Foundation-Model-Segmentation-for-Robotic-Scenes/scripts/benchmarks/run_zero_shot_sam.py --config configs/task9_lightweight_sam.yaml --dataset isaac_official_unitree_g1 --model mobile_sam_vit_t --prompt-mode automatic --log-every 250
[START] dataset=isaac_official_unitree_g1 model=mobile_sam_vit_t prompt_mode=automatic device=cuda records=72695 run_units=1000 output=results/task9_lightweight_sam/isaac_official_unitree_g1/mobile_sam_vit_t/automatic_predictions.jsonl
[LOAD] mobile_sam_vit_t: loading checkpoint/model
/home/ubuntu/COGAR_Foundation-Model-Segmentation-for-Robotic-Scenes/.venv/lib/python3.12/site-packages/timm/models/layers/__init__.py:49: FutureWarning: Importing from timm.models.layers is deprecated, please import via timm.layers
  warnings.warn(f"Importing from {__name__} is deprecated, please import via timm.layers", FutureWarning)
/home/ubuntu/COGAR_Foundation-Model-Segmentation-for-Robotic-Scenes/.venv/lib/python3.12/site-packages/timm/models/registry.py:4: FutureWarning: Importing from timm.models.registry is deprecated, please import via timm.models
  warnings.warn(f"Importing from {__name__} is deprecated, please import via timm.models", FutureWarning)
/home/ubuntu/COGAR_Foundation-Model-Segmentation-for-Robotic-Scenes/.venv/lib/python3.12/site-packages/mobile_sam/modeling/tiny_vit_sam.py:656: UserWarning: Overwriting tiny_vit_5m_224 in registry with mobile_sam.modeling.tiny_vit_sam.tiny_vit_5m_224. This is because the name being registered conflicts with an existing name. Please check if this is not expected.
  return register_model(fn_wrapper)
/home/ubuntu/COGAR_Foundation-Model-Segmentation-for-Robotic-Scenes/.venv/lib/python3.12/site-packages/mobile_sam/modeling/tiny_vit_sam.py:656: UserWarning: Overwriting tiny_vit_11m_224 in registry with mobile_sam.modeling.tiny_vit_sam.tiny_vit_11m_224. This is because the name being registered conflicts with an existing name. Please check if this is not expected.
  return register_model(fn_wrapper)
/home/ubuntu/COGAR_Foundation-Model-Segmentation-for-Robotic-Scenes/.venv/lib/python3.12/site-packages/mobile_sam/modeling/tiny_vit_sam.py:656: UserWarning: Overwriting tiny_vit_21m_224 in registry with mobile_sam.modeling.tiny_vit_sam.tiny_vit_21m_224. This is because the name being registered conflicts with an existing name. Please check if this is not expected.
  return register_model(fn_wrapper)
/home/ubuntu/COGAR_Foundation-Model-Segmentation-for-Robotic-Scenes/.venv/lib/python3.12/site-packages/mobile_sam/modeling/tiny_vit_sam.py:656: UserWarning: Overwriting tiny_vit_21m_384 in registry with mobile_sam.modeling.tiny_vit_sam.tiny_vit_21m_384. This is because the name being registered conflicts with an existing name. Please check if this is not expected.
  return register_model(fn_wrapper)
/home/ubuntu/COGAR_Foundation-Model-Segmentation-for-Robotic-Scenes/.venv/lib/python3.12/site-packages/mobile_sam/modeling/tiny_vit_sam.py:656: UserWarning: Overwriting tiny_vit_21m_512 in registry with mobile_sam.modeling.tiny_vit_sam.tiny_vit_21m_512. This is because the name being registered conflicts with an existing name. Please check if this is not expected.
  return register_model(fn_wrapper)
/home/ubuntu/COGAR_Foundation-Model-Segmentation-for-Robotic-Scenes/.venv/lib/python3.12/site-packages/mobile_sam/build_sam.py:91: FutureWarning: You are using `torch.load` with `weights_only=False` (the current default value), which uses the default pickle module implicitly. It is possible to construct malicious pickle data which will execute arbitrary code during unpickling (See https://github.com/pytorch/pytorch/blob/main/SECURITY.md#untrusted-models for more details). In a future release, the default value for `weights_only` will be flipped to `True`. This limits the functions that could be executed during unpickling. Arbitrary objects will no longer be allowed to be loaded via this mode unless they are explicitly allowlisted by the user via `torch.serialization.add_safe_globals`. We recommend you start setting `weights_only=True` for any use case where you don't have full control of the loaded file. Please open an issue on GitHub for any issues related to this experimental feature.
  state_dict = torch.load(f)
[LOAD] mobile_sam_vit_t: ready in 5.0s
[PROGRESS] isaac_official_unitree_g1 mobile_sam_vit_t automatic: 1/1000 images, last=5052.5ms, elapsed=5.1s
[PROGRESS] isaac_official_unitree_g1 mobile_sam_vit_t automatic: 250/1000 images, last=4435.0ms, elapsed=1176.7s
[PROGRESS] isaac_official_unitree_g1 mobile_sam_vit_t automatic: 500/1000 images, last=4487.0ms, elapsed=2357.7s
[PROGRESS] isaac_official_unitree_g1 mobile_sam_vit_t automatic: 750/1000 images, last=4595.4ms, elapsed=3535.6s
[PROGRESS] isaac_official_unitree_g1 mobile_sam_vit_t automatic: 1000/1000 images, last=4405.3ms, elapsed=4718.0s
[WRITE] wrote 1000 records to results/task9_lightweight_sam/isaac_official_unitree_g1/mobile_sam_vit_t/automatic_predictions.jsonl
[OK] wrote results/task9_lightweight_sam/isaac_official_unitree_g1/mobile_sam_vit_t/automatic_predictions.jsonl
[OK] isaac_official_unitree_g1/mobile_sam_vit_t/automatic: 1000 rows
[RUN] isaac_official_unitree_g1/efficient_sam_ti/point: expected_rows=72695
+ /home/ubuntu/COGAR_Foundation-Model-Segmentation-for-Robotic-Scenes/.venv/bin/python /home/ubuntu/COGAR_Foundation-Model-Segmentation-for-Robotic-Scenes/scripts/benchmarks/run_zero_shot_sam.py --config configs/task9_lightweight_sam.yaml --dataset isaac_official_unitree_g1 --model efficient_sam_ti --prompt-mode point --log-every 250
[START] dataset=isaac_official_unitree_g1 model=efficient_sam_ti prompt_mode=point device=cuda records=72695 run_units=72695 output=results/task9_lightweight_sam/isaac_official_unitree_g1/efficient_sam_ti/point_predictions.jsonl
[LOAD] efficient_sam_ti: loading checkpoint/model
/home/ubuntu/COGAR_Foundation-Model-Segmentation-for-Robotic-Scenes/.venv/lib/python3.12/site-packages/efficient_sam/efficient_sam.py:303: FutureWarning: You are using `torch.load` with `weights_only=False` (the current default value), which uses the default pickle module implicitly. It is possible to construct malicious pickle data which will execute arbitrary code during unpickling (See https://github.com/pytorch/pytorch/blob/main/SECURITY.md#untrusted-models for more details). In a future release, the default value for `weights_only` will be flipped to `True`. This limits the functions that could be executed during unpickling. Arbitrary objects will no longer be allowed to be loaded via this mode unless they are explicitly allowlisted by the user via `torch.serialization.add_safe_globals`. We recommend you start setting `weights_only=True` for any use case where you don't have full control of the loaded file. Please open an issue on GitHub for any issues related to this experimental feature.
  state_dict = torch.load(f, map_location="cpu")
[LOAD] efficient_sam_ti: ready in 3.3s
[PROGRESS] isaac_official_unitree_g1 efficient_sam_ti point: 1/72695 records, last=521.4ms, elapsed=0.6s
[PROGRESS] isaac_official_unitree_g1 efficient_sam_ti point: 250/72695 records, last=13.2ms, elapsed=10.7s
[PROGRESS] isaac_official_unitree_g1 efficient_sam_ti point: 500/72695 records, last=13.7ms, elapsed=21.4s
[PROGRESS] isaac_official_unitree_g1 efficient_sam_ti point: 750/72695 records, last=14.4ms, elapsed=31.6s
[PROGRESS] isaac_official_unitree_g1 efficient_sam_ti point: 1000/72695 records, last=13.7ms, elapsed=42.5s
[PROGRESS] isaac_official_unitree_g1 efficient_sam_ti point: 1250/72695 records, last=13.3ms, elapsed=52.7s
[PROGRESS] isaac_official_unitree_g1 efficient_sam_ti point: 1500/72695 records, last=13.1ms, elapsed=63.5s
[PROGRESS] isaac_official_unitree_g1 efficient_sam_ti point: 1750/72695 records, last=13.1ms, elapsed=74.1s
[PROGRESS] isaac_official_unitree_g1 efficient_sam_ti point: 2000/72695 records, last=13.8ms, elapsed=84.6s
[PROGRESS] isaac_official_unitree_g1 efficient_sam_ti point: 2250/72695 records, last=13.2ms, elapsed=95.1s
[PROGRESS] isaac_official_unitree_g1 efficient_sam_ti point: 2500/72695 records, last=14.1ms, elapsed=105.5s
[PROGRESS] isaac_official_unitree_g1 efficient_sam_ti point: 2750/72695 records, last=13.4ms, elapsed=115.9s
[PROGRESS] isaac_official_unitree_g1 efficient_sam_ti point: 3000/72695 records, last=16.5ms, elapsed=126.4s
[PROGRESS] isaac_official_unitree_g1 efficient_sam_ti point: 3250/72695 records, last=13.1ms, elapsed=137.1s
[PROGRESS] isaac_official_unitree_g1 efficient_sam_ti point: 3500/72695 records, last=13.4ms, elapsed=147.6s
[PROGRESS] isaac_official_unitree_g1 efficient_sam_ti point: 3750/72695 records, last=14.4ms, elapsed=158.0s
[PROGRESS] isaac_official_unitree_g1 efficient_sam_ti point: 4000/72695 records, last=13.1ms, elapsed=168.1s
[PROGRESS] isaac_official_unitree_g1 efficient_sam_ti point: 4250/72695 records, last=13.1ms, elapsed=178.6s
[PROGRESS] isaac_official_unitree_g1 efficient_sam_ti point: 4500/72695 records, last=172.3ms, elapsed=188.8s
[PROGRESS] isaac_official_unitree_g1 efficient_sam_ti point: 4750/72695 records, last=16.0ms, elapsed=199.0s
[PROGRESS] isaac_official_unitree_g1 efficient_sam_ti point: 5000/72695 records, last=16.1ms, elapsed=209.2s
[PROGRESS] isaac_official_unitree_g1 efficient_sam_ti point: 5250/72695 records, last=13.5ms, elapsed=219.9s
[PROGRESS] isaac_official_unitree_g1 efficient_sam_ti point: 5500/72695 records, last=13.1ms, elapsed=230.3s
[PROGRESS] isaac_official_unitree_g1 efficient_sam_ti point: 5750/72695 records, last=13.2ms, elapsed=240.8s
[PROGRESS] isaac_official_unitree_g1 efficient_sam_ti point: 6000/72695 records, last=16.2ms, elapsed=251.1s
[PROGRESS] isaac_official_unitree_g1 efficient_sam_ti point: 6250/72695 records, last=13.6ms, elapsed=261.6s
[PROGRESS] isaac_official_unitree_g1 efficient_sam_ti point: 6500/72695 records, last=16.2ms, elapsed=271.6s
[PROGRESS] isaac_official_unitree_g1 efficient_sam_ti point: 6750/72695 records, last=12.9ms, elapsed=282.0s
[PROGRESS] isaac_official_unitree_g1 efficient_sam_ti point: 7000/72695 records, last=13.2ms, elapsed=292.2s
[PROGRESS] isaac_official_unitree_g1 efficient_sam_ti point: 7250/72695 records, last=12.9ms, elapsed=302.7s
[PROGRESS] isaac_official_unitree_g1 efficient_sam_ti point: 7500/72695 records, last=12.7ms, elapsed=312.8s
[PROGRESS] isaac_official_unitree_g1 efficient_sam_ti point: 7750/72695 records, last=13.6ms, elapsed=322.8s
[PROGRESS] isaac_official_unitree_g1 efficient_sam_ti point: 8000/72695 records, last=14.4ms, elapsed=333.4s
[PROGRESS] isaac_official_unitree_g1 efficient_sam_ti point: 8250/72695 records, last=12.9ms, elapsed=343.3s
[PROGRESS] isaac_official_unitree_g1 efficient_sam_ti point: 8500/72695 records, last=13.4ms, elapsed=353.4s
[PROGRESS] isaac_official_unitree_g1 efficient_sam_ti point: 8750/72695 records, last=16.8ms, elapsed=363.6s
[PROGRESS] isaac_official_unitree_g1 efficient_sam_ti point: 9000/72695 records, last=16.1ms, elapsed=373.9s
[PROGRESS] isaac_official_unitree_g1 efficient_sam_ti point: 9250/72695 records, last=14.3ms, elapsed=384.7s
[PROGRESS] isaac_official_unitree_g1 efficient_sam_ti point: 9500/72695 records, last=16.2ms, elapsed=395.1s
[PROGRESS] isaac_official_unitree_g1 efficient_sam_ti point: 9750/72695 records, last=13.0ms, elapsed=405.6s
[PROGRESS] isaac_official_unitree_g1 efficient_sam_ti point: 10000/72695 records, last=13.6ms, elapsed=415.9s
[PROGRESS] isaac_official_unitree_g1 efficient_sam_ti point: 10250/72695 records, last=16.3ms, elapsed=426.3s
[PROGRESS] isaac_official_unitree_g1 efficient_sam_ti point: 10500/72695 records, last=16.1ms, elapsed=436.8s
[PROGRESS] isaac_official_unitree_g1 efficient_sam_ti point: 10750/72695 records, last=12.9ms, elapsed=447.1s
[PROGRESS] isaac_official_unitree_g1 efficient_sam_ti point: 11000/72695 records, last=184.8ms, elapsed=457.5s
[PROGRESS] isaac_official_unitree_g1 efficient_sam_ti point: 11250/72695 records, last=14.5ms, elapsed=467.8s
[PROGRESS] isaac_official_unitree_g1 efficient_sam_ti point: 11500/72695 records, last=14.2ms, elapsed=478.3s
[PROGRESS] isaac_official_unitree_g1 efficient_sam_ti point: 11750/72695 records, last=14.0ms, elapsed=488.6s
[PROGRESS] isaac_official_unitree_g1 efficient_sam_ti point: 12000/72695 records, last=13.1ms, elapsed=499.1s
[PROGRESS] isaac_official_unitree_g1 efficient_sam_ti point: 12250/72695 records, last=16.2ms, elapsed=509.6s
[PROGRESS] isaac_official_unitree_g1 efficient_sam_ti point: 12500/72695 records, last=14.0ms, elapsed=520.1s
[PROGRESS] isaac_official_unitree_g1 efficient_sam_ti point: 12750/72695 records, last=12.9ms, elapsed=530.0s
[PROGRESS] isaac_official_unitree_g1 efficient_sam_ti point: 13000/72695 records, last=16.2ms, elapsed=540.5s
[PROGRESS] isaac_official_unitree_g1 efficient_sam_ti point: 13250/72695 records, last=16.1ms, elapsed=550.8s
[PROGRESS] isaac_official_unitree_g1 efficient_sam_ti point: 13500/72695 records, last=13.7ms, elapsed=561.2s
[PROGRESS] isaac_official_unitree_g1 efficient_sam_ti point: 13750/72695 records, last=12.8ms, elapsed=571.4s
[PROGRESS] isaac_official_unitree_g1 efficient_sam_ti point: 14000/72695 records, last=16.0ms, elapsed=581.6s
[PROGRESS] isaac_official_unitree_g1 efficient_sam_ti point: 14250/72695 records, last=13.9ms, elapsed=592.3s
[PROGRESS] isaac_official_unitree_g1 efficient_sam_ti point: 14500/72695 records, last=13.9ms, elapsed=602.8s
[PROGRESS] isaac_official_unitree_g1 efficient_sam_ti point: 14750/72695 records, last=15.4ms, elapsed=613.0s
[PROGRESS] isaac_official_unitree_g1 efficient_sam_ti point: 15000/72695 records, last=16.1ms, elapsed=623.1s
[PROGRESS] isaac_official_unitree_g1 efficient_sam_ti point: 15250/72695 records, last=13.1ms, elapsed=633.8s
[PROGRESS] isaac_official_unitree_g1 efficient_sam_ti point: 15500/72695 records, last=12.8ms, elapsed=644.1s
[PROGRESS] isaac_official_unitree_g1 efficient_sam_ti point: 15750/72695 records, last=13.1ms, elapsed=654.7s
[PROGRESS] isaac_official_unitree_g1 efficient_sam_ti point: 16000/72695 records, last=13.7ms, elapsed=664.7s
[PROGRESS] isaac_official_unitree_g1 efficient_sam_ti point: 16250/72695 records, last=16.2ms, elapsed=674.9s
[PROGRESS] isaac_official_unitree_g1 efficient_sam_ti point: 16500/72695 records, last=14.1ms, elapsed=685.3s
[PROGRESS] isaac_official_unitree_g1 efficient_sam_ti point: 16750/72695 records, last=13.1ms, elapsed=695.6s
[PROGRESS] isaac_official_unitree_g1 efficient_sam_ti point: 17000/72695 records, last=13.4ms, elapsed=706.0s
[PROGRESS] isaac_official_unitree_g1 efficient_sam_ti point: 17250/72695 records, last=12.9ms, elapsed=716.4s
[PROGRESS] isaac_official_unitree_g1 efficient_sam_ti point: 17500/72695 records, last=14.1ms, elapsed=726.7s
[PROGRESS] isaac_official_unitree_g1 efficient_sam_ti point: 17750/72695 records, last=16.0ms, elapsed=736.9s
[PROGRESS] isaac_official_unitree_g1 efficient_sam_ti point: 18000/72695 records, last=13.1ms, elapsed=747.5s
[PROGRESS] isaac_official_unitree_g1 efficient_sam_ti point: 18250/72695 records, last=13.3ms, elapsed=758.0s
[PROGRESS] isaac_official_unitree_g1 efficient_sam_ti point: 18500/72695 records, last=16.8ms, elapsed=768.3s
[PROGRESS] isaac_official_unitree_g1 efficient_sam_ti point: 18750/72695 records, last=16.2ms, elapsed=779.0s
[PROGRESS] isaac_official_unitree_g1 efficient_sam_ti point: 19000/72695 records, last=13.1ms, elapsed=789.6s
[PROGRESS] isaac_official_unitree_g1 efficient_sam_ti point: 19250/72695 records, last=13.9ms, elapsed=800.0s
[PROGRESS] isaac_official_unitree_g1 efficient_sam_ti point: 19500/72695 records, last=13.0ms, elapsed=810.8s
[PROGRESS] isaac_official_unitree_g1 efficient_sam_ti point: 19750/72695 records, last=16.2ms, elapsed=820.9s
[PROGRESS] isaac_official_unitree_g1 efficient_sam_ti point: 20000/72695 records, last=14.1ms, elapsed=831.4s
[PROGRESS] isaac_official_unitree_g1 efficient_sam_ti point: 20250/72695 records, last=13.6ms, elapsed=841.7s
[PROGRESS] isaac_official_unitree_g1 efficient_sam_ti point: 20500/72695 records, last=15.1ms, elapsed=851.8s
[PROGRESS] isaac_official_unitree_g1 efficient_sam_ti point: 20750/72695 records, last=16.1ms, elapsed=862.3s
[PROGRESS] isaac_official_unitree_g1 efficient_sam_ti point: 21000/72695 records, last=13.5ms, elapsed=872.4s
[PROGRESS] isaac_official_unitree_g1 efficient_sam_ti point: 21250/72695 records, last=15.8ms, elapsed=882.5s
[PROGRESS] isaac_official_unitree_g1 efficient_sam_ti point: 21500/72695 records, last=12.6ms, elapsed=892.9s
[PROGRESS] isaac_official_unitree_g1 efficient_sam_ti point: 21750/72695 records, last=13.2ms, elapsed=903.2s
[PROGRESS] isaac_official_unitree_g1 efficient_sam_ti point: 22000/72695 records, last=15.0ms, elapsed=912.9s
[PROGRESS] isaac_official_unitree_g1 efficient_sam_ti point: 22250/72695 records, last=15.9ms, elapsed=923.0s
[PROGRESS] isaac_official_unitree_g1 efficient_sam_ti point: 22500/72695 records, last=12.5ms, elapsed=933.0s
[PROGRESS] isaac_official_unitree_g1 efficient_sam_ti point: 22750/72695 records, last=14.1ms, elapsed=942.8s
[PROGRESS] isaac_official_unitree_g1 efficient_sam_ti point: 23000/72695 records, last=14.5ms, elapsed=953.0s
[PROGRESS] isaac_official_unitree_g1 efficient_sam_ti point: 23250/72695 records, last=13.3ms, elapsed=963.2s
[PROGRESS] isaac_official_unitree_g1 efficient_sam_ti point: 23500/72695 records, last=12.8ms, elapsed=973.5s
[PROGRESS] isaac_official_unitree_g1 efficient_sam_ti point: 23750/72695 records, last=13.7ms, elapsed=983.8s
[PROGRESS] isaac_official_unitree_g1 efficient_sam_ti point: 24000/72695 records, last=12.1ms, elapsed=993.8s
[PROGRESS] isaac_official_unitree_g1 efficient_sam_ti point: 24250/72695 records, last=13.2ms, elapsed=1003.8s
[PROGRESS] isaac_official_unitree_g1 efficient_sam_ti point: 24500/72695 records, last=13.1ms, elapsed=1014.3s
[PROGRESS] isaac_official_unitree_g1 efficient_sam_ti point: 24750/72695 records, last=16.0ms, elapsed=1024.6s
[PROGRESS] isaac_official_unitree_g1 efficient_sam_ti point: 25000/72695 records, last=16.1ms, elapsed=1034.9s
[PROGRESS] isaac_official_unitree_g1 efficient_sam_ti point: 25250/72695 records, last=14.4ms, elapsed=1045.6s
[PROGRESS] isaac_official_unitree_g1 efficient_sam_ti point: 25500/72695 records, last=16.1ms, elapsed=1055.9s
[PROGRESS] isaac_official_unitree_g1 efficient_sam_ti point: 25750/72695 records, last=184.4ms, elapsed=1066.1s
[PROGRESS] isaac_official_unitree_g1 efficient_sam_ti point: 26000/72695 records, last=15.9ms, elapsed=1076.0s
[PROGRESS] isaac_official_unitree_g1 efficient_sam_ti point: 26250/72695 records, last=16.2ms, elapsed=1086.5s
[PROGRESS] isaac_official_unitree_g1 efficient_sam_ti point: 26500/72695 records, last=13.1ms, elapsed=1096.6s
[PROGRESS] isaac_official_unitree_g1 efficient_sam_ti point: 26750/72695 records, last=172.5ms, elapsed=1106.8s
[PROGRESS] isaac_official_unitree_g1 efficient_sam_ti point: 27000/72695 records, last=16.0ms, elapsed=1116.7s
[PROGRESS] isaac_official_unitree_g1 efficient_sam_ti point: 27250/72695 records, last=12.9ms, elapsed=1127.1s
[PROGRESS] isaac_official_unitree_g1 efficient_sam_ti point: 27500/72695 records, last=16.0ms, elapsed=1137.5s
[PROGRESS] isaac_official_unitree_g1 efficient_sam_ti point: 27750/72695 records, last=15.8ms, elapsed=1147.7s
[PROGRESS] isaac_official_unitree_g1 efficient_sam_ti point: 28000/72695 records, last=13.3ms, elapsed=1157.7s
[PROGRESS] isaac_official_unitree_g1 efficient_sam_ti point: 28250/72695 records, last=13.2ms, elapsed=1167.8s
[PROGRESS] isaac_official_unitree_g1 efficient_sam_ti point: 28500/72695 records, last=16.0ms, elapsed=1177.8s
[PROGRESS] isaac_official_unitree_g1 efficient_sam_ti point: 28750/72695 records, last=13.2ms, elapsed=1188.1s
[PROGRESS] isaac_official_unitree_g1 efficient_sam_ti point: 29000/72695 records, last=12.8ms, elapsed=1198.1s
[PROGRESS] isaac_official_unitree_g1 efficient_sam_ti point: 29250/72695 records, last=12.8ms, elapsed=1208.2s
[PROGRESS] isaac_official_unitree_g1 efficient_sam_ti point: 29500/72695 records, last=15.9ms, elapsed=1218.4s
[PROGRESS] isaac_official_unitree_g1 efficient_sam_ti point: 29750/72695 records, last=13.8ms, elapsed=1228.8s
[PROGRESS] isaac_official_unitree_g1 efficient_sam_ti point: 30000/72695 records, last=13.2ms, elapsed=1238.9s
[PROGRESS] isaac_official_unitree_g1 efficient_sam_ti point: 30250/72695 records, last=15.9ms, elapsed=1249.0s
[PROGRESS] isaac_official_unitree_g1 efficient_sam_ti point: 30500/72695 records, last=16.0ms, elapsed=1259.1s
[PROGRESS] isaac_official_unitree_g1 efficient_sam_ti point: 30750/72695 records, last=16.1ms, elapsed=1269.6s
[PROGRESS] isaac_official_unitree_g1 efficient_sam_ti point: 31000/72695 records, last=13.2ms, elapsed=1279.8s
[PROGRESS] isaac_official_unitree_g1 efficient_sam_ti point: 31250/72695 records, last=16.0ms, elapsed=1290.0s
[PROGRESS] isaac_official_unitree_g1 efficient_sam_ti point: 31500/72695 records, last=14.0ms, elapsed=1300.6s
[PROGRESS] isaac_official_unitree_g1 efficient_sam_ti point: 31750/72695 records, last=12.9ms, elapsed=1310.9s
[PROGRESS] isaac_official_unitree_g1 efficient_sam_ti point: 32000/72695 records, last=13.8ms, elapsed=1321.0s
[PROGRESS] isaac_official_unitree_g1 efficient_sam_ti point: 32250/72695 records, last=13.7ms, elapsed=1331.3s
[PROGRESS] isaac_official_unitree_g1 efficient_sam_ti point: 32500/72695 records, last=16.5ms, elapsed=1341.7s
[PROGRESS] isaac_official_unitree_g1 efficient_sam_ti point: 32750/72695 records, last=13.3ms, elapsed=1352.5s
[PROGRESS] isaac_official_unitree_g1 efficient_sam_ti point: 33000/72695 records, last=16.0ms, elapsed=1362.6s
[PROGRESS] isaac_official_unitree_g1 efficient_sam_ti point: 33250/72695 records, last=13.3ms, elapsed=1373.6s
[PROGRESS] isaac_official_unitree_g1 efficient_sam_ti point: 33500/72695 records, last=13.0ms, elapsed=1383.9s
[PROGRESS] isaac_official_unitree_g1 efficient_sam_ti point: 33750/72695 records, last=13.5ms, elapsed=1394.4s
[PROGRESS] isaac_official_unitree_g1 efficient_sam_ti point: 34000/72695 records, last=13.3ms, elapsed=1404.6s
[PROGRESS] isaac_official_unitree_g1 efficient_sam_ti point: 34250/72695 records, last=16.4ms, elapsed=1415.0s
[PROGRESS] isaac_official_unitree_g1 efficient_sam_ti point: 34500/72695 records, last=13.1ms, elapsed=1425.3s
[PROGRESS] isaac_official_unitree_g1 efficient_sam_ti point: 34750/72695 records, last=14.0ms, elapsed=1435.8s
[PROGRESS] isaac_official_unitree_g1 efficient_sam_ti point: 35000/72695 records, last=13.7ms, elapsed=1446.3s
[PROGRESS] isaac_official_unitree_g1 efficient_sam_ti point: 35250/72695 records, last=16.0ms, elapsed=1456.4s
[PROGRESS] isaac_official_unitree_g1 efficient_sam_ti point: 35500/72695 records, last=13.4ms, elapsed=1466.9s
[PROGRESS] isaac_official_unitree_g1 efficient_sam_ti point: 35750/72695 records, last=12.4ms, elapsed=1476.9s
[PROGRESS] isaac_official_unitree_g1 efficient_sam_ti point: 36000/72695 records, last=13.3ms, elapsed=1487.7s
[PROGRESS] isaac_official_unitree_g1 efficient_sam_ti point: 36250/72695 records, last=16.1ms, elapsed=1497.8s
[PROGRESS] isaac_official_unitree_g1 efficient_sam_ti point: 36500/72695 records, last=16.2ms, elapsed=1508.3s
[PROGRESS] isaac_official_unitree_g1 efficient_sam_ti point: 36750/72695 records, last=14.5ms, elapsed=1518.8s
[PROGRESS] isaac_official_unitree_g1 efficient_sam_ti point: 37000/72695 records, last=13.2ms, elapsed=1529.1s
[PROGRESS] isaac_official_unitree_g1 efficient_sam_ti point: 37250/72695 records, last=14.0ms, elapsed=1539.2s
[PROGRESS] isaac_official_unitree_g1 efficient_sam_ti point: 37500/72695 records, last=12.8ms, elapsed=1549.7s
[PROGRESS] isaac_official_unitree_g1 efficient_sam_ti point: 37750/72695 records, last=13.2ms, elapsed=1559.9s
[PROGRESS] isaac_official_unitree_g1 efficient_sam_ti point: 38000/72695 records, last=12.8ms, elapsed=1570.6s
[PROGRESS] isaac_official_unitree_g1 efficient_sam_ti point: 38250/72695 records, last=16.4ms, elapsed=1580.8s
[PROGRESS] isaac_official_unitree_g1 efficient_sam_ti point: 38500/72695 records, last=13.3ms, elapsed=1591.3s
[PROGRESS] isaac_official_unitree_g1 efficient_sam_ti point: 38750/72695 records, last=16.0ms, elapsed=1601.2s
[PROGRESS] isaac_official_unitree_g1 efficient_sam_ti point: 39000/72695 records, last=16.3ms, elapsed=1611.6s
[PROGRESS] isaac_official_unitree_g1 efficient_sam_ti point: 39250/72695 records, last=13.1ms, elapsed=1621.8s
[PROGRESS] isaac_official_unitree_g1 efficient_sam_ti point: 39500/72695 records, last=16.2ms, elapsed=1632.3s
[PROGRESS] isaac_official_unitree_g1 efficient_sam_ti point: 39750/72695 records, last=13.6ms, elapsed=1642.6s
[PROGRESS] isaac_official_unitree_g1 efficient_sam_ti point: 40000/72695 records, last=13.8ms, elapsed=1652.7s
[PROGRESS] isaac_official_unitree_g1 efficient_sam_ti point: 40250/72695 records, last=12.7ms, elapsed=1663.2s
[PROGRESS] isaac_official_unitree_g1 efficient_sam_ti point: 40500/72695 records, last=12.9ms, elapsed=1673.5s
[PROGRESS] isaac_official_unitree_g1 efficient_sam_ti point: 40750/72695 records, last=12.7ms, elapsed=1684.2s
[PROGRESS] isaac_official_unitree_g1 efficient_sam_ti point: 41000/72695 records, last=13.7ms, elapsed=1694.3s
[PROGRESS] isaac_official_unitree_g1 efficient_sam_ti point: 41250/72695 records, last=134.7ms, elapsed=1704.9s
[PROGRESS] isaac_official_unitree_g1 efficient_sam_ti point: 41500/72695 records, last=12.6ms, elapsed=1715.2s
[PROGRESS] isaac_official_unitree_g1 efficient_sam_ti point: 41750/72695 records, last=16.5ms, elapsed=1725.7s
[PROGRESS] isaac_official_unitree_g1 efficient_sam_ti point: 42000/72695 records, last=13.9ms, elapsed=1736.3s
[PROGRESS] isaac_official_unitree_g1 efficient_sam_ti point: 42250/72695 records, last=13.2ms, elapsed=1746.6s
[PROGRESS] isaac_official_unitree_g1 efficient_sam_ti point: 42500/72695 records, last=13.4ms, elapsed=1756.7s
[PROGRESS] isaac_official_unitree_g1 efficient_sam_ti point: 42750/72695 records, last=16.6ms, elapsed=1767.0s
[PROGRESS] isaac_official_unitree_g1 efficient_sam_ti point: 43000/72695 records, last=14.1ms, elapsed=1777.5s
[PROGRESS] isaac_official_unitree_g1 efficient_sam_ti point: 43250/72695 records, last=16.2ms, elapsed=1787.9s
[PROGRESS] isaac_official_unitree_g1 efficient_sam_ti point: 43500/72695 records, last=13.2ms, elapsed=1798.2s
[PROGRESS] isaac_official_unitree_g1 efficient_sam_ti point: 43750/72695 records, last=173.3ms, elapsed=1808.6s
[PROGRESS] isaac_official_unitree_g1 efficient_sam_ti point: 44000/72695 records, last=13.3ms, elapsed=1818.6s
[PROGRESS] isaac_official_unitree_g1 efficient_sam_ti point: 44250/72695 records, last=16.0ms, elapsed=1828.9s
[PROGRESS] isaac_official_unitree_g1 efficient_sam_ti point: 44500/72695 records, last=13.6ms, elapsed=1839.1s
[PROGRESS] isaac_official_unitree_g1 efficient_sam_ti point: 44750/72695 records, last=16.0ms, elapsed=1849.6s
[PROGRESS] isaac_official_unitree_g1 efficient_sam_ti point: 45000/72695 records, last=15.9ms, elapsed=1859.5s
[PROGRESS] isaac_official_unitree_g1 efficient_sam_ti point: 45250/72695 records, last=12.7ms, elapsed=1870.1s
[PROGRESS] isaac_official_unitree_g1 efficient_sam_ti point: 45500/72695 records, last=16.0ms, elapsed=1880.6s
[PROGRESS] isaac_official_unitree_g1 efficient_sam_ti point: 45750/72695 records, last=16.0ms, elapsed=1890.7s
[PROGRESS] isaac_official_unitree_g1 efficient_sam_ti point: 46000/72695 records, last=13.1ms, elapsed=1901.1s
[PROGRESS] isaac_official_unitree_g1 efficient_sam_ti point: 46250/72695 records, last=13.9ms, elapsed=1911.2s
[PROGRESS] isaac_official_unitree_g1 efficient_sam_ti point: 46500/72695 records, last=16.2ms, elapsed=1921.4s
[PROGRESS] isaac_official_unitree_g1 efficient_sam_ti point: 46750/72695 records, last=16.0ms, elapsed=1931.7s
[PROGRESS] isaac_official_unitree_g1 efficient_sam_ti point: 47000/72695 records, last=12.9ms, elapsed=1941.7s
[PROGRESS] isaac_official_unitree_g1 efficient_sam_ti point: 47250/72695 records, last=12.9ms, elapsed=1951.8s
[PROGRESS] isaac_official_unitree_g1 efficient_sam_ti point: 47500/72695 records, last=13.5ms, elapsed=1962.1s
[PROGRESS] isaac_official_unitree_g1 efficient_sam_ti point: 47750/72695 records, last=12.6ms, elapsed=1972.5s
[PROGRESS] isaac_official_unitree_g1 efficient_sam_ti point: 48000/72695 records, last=13.9ms, elapsed=1982.6s
[PROGRESS] isaac_official_unitree_g1 efficient_sam_ti point: 48250/72695 records, last=12.6ms, elapsed=1992.6s
[PROGRESS] isaac_official_unitree_g1 efficient_sam_ti point: 48500/72695 records, last=16.0ms, elapsed=2002.9s
[PROGRESS] isaac_official_unitree_g1 efficient_sam_ti point: 48750/72695 records, last=13.3ms, elapsed=2013.2s
[PROGRESS] isaac_official_unitree_g1 efficient_sam_ti point: 49000/72695 records, last=16.2ms, elapsed=2023.2s
[PROGRESS] isaac_official_unitree_g1 efficient_sam_ti point: 49250/72695 records, last=16.2ms, elapsed=2033.2s
[PROGRESS] isaac_official_unitree_g1 efficient_sam_ti point: 49500/72695 records, last=15.5ms, elapsed=2043.6s
[PROGRESS] isaac_official_unitree_g1 efficient_sam_ti point: 49750/72695 records, last=13.1ms, elapsed=2054.1s
[PROGRESS] isaac_official_unitree_g1 efficient_sam_ti point: 50000/72695 records, last=15.4ms, elapsed=2064.0s
[PROGRESS] isaac_official_unitree_g1 efficient_sam_ti point: 50250/72695 records, last=14.8ms, elapsed=2074.4s
[PROGRESS] isaac_official_unitree_g1 efficient_sam_ti point: 50500/72695 records, last=12.8ms, elapsed=2084.5s
[PROGRESS] isaac_official_unitree_g1 efficient_sam_ti point: 50750/72695 records, last=16.1ms, elapsed=2094.7s
[PROGRESS] isaac_official_unitree_g1 efficient_sam_ti point: 51000/72695 records, last=16.1ms, elapsed=2104.9s
[PROGRESS] isaac_official_unitree_g1 efficient_sam_ti point: 51250/72695 records, last=13.2ms, elapsed=2115.4s
[PROGRESS] isaac_official_unitree_g1 efficient_sam_ti point: 51500/72695 records, last=13.6ms, elapsed=2125.5s
[PROGRESS] isaac_official_unitree_g1 efficient_sam_ti point: 51750/72695 records, last=13.9ms, elapsed=2135.8s
[PROGRESS] isaac_official_unitree_g1 efficient_sam_ti point: 52000/72695 records, last=13.3ms, elapsed=2146.0s
[PROGRESS] isaac_official_unitree_g1 efficient_sam_ti point: 52250/72695 records, last=14.0ms, elapsed=2156.1s
[PROGRESS] isaac_official_unitree_g1 efficient_sam_ti point: 52500/72695 records, last=15.9ms, elapsed=2166.1s
[PROGRESS] isaac_official_unitree_g1 efficient_sam_ti point: 52750/72695 records, last=13.5ms, elapsed=2176.5s
[PROGRESS] isaac_official_unitree_g1 efficient_sam_ti point: 53000/72695 records, last=13.9ms, elapsed=2186.9s
[PROGRESS] isaac_official_unitree_g1 efficient_sam_ti point: 53250/72695 records, last=15.8ms, elapsed=2196.8s
[PROGRESS] isaac_official_unitree_g1 efficient_sam_ti point: 53500/72695 records, last=13.0ms, elapsed=2207.0s
[PROGRESS] isaac_official_unitree_g1 efficient_sam_ti point: 53750/72695 records, last=12.8ms, elapsed=2217.0s
[PROGRESS] isaac_official_unitree_g1 efficient_sam_ti point: 54000/72695 records, last=16.0ms, elapsed=2227.0s
[PROGRESS] isaac_official_unitree_g1 efficient_sam_ti point: 54250/72695 records, last=16.2ms, elapsed=2237.0s
[PROGRESS] isaac_official_unitree_g1 efficient_sam_ti point: 54500/72695 records, last=13.6ms, elapsed=2247.3s
[PROGRESS] isaac_official_unitree_g1 efficient_sam_ti point: 54750/72695 records, last=13.8ms, elapsed=2257.3s
[PROGRESS] isaac_official_unitree_g1 efficient_sam_ti point: 55000/72695 records, last=14.4ms, elapsed=2267.5s
[PROGRESS] isaac_official_unitree_g1 efficient_sam_ti point: 55250/72695 records, last=12.9ms, elapsed=2277.7s
[PROGRESS] isaac_official_unitree_g1 efficient_sam_ti point: 55500/72695 records, last=14.2ms, elapsed=2288.4s
[PROGRESS] isaac_official_unitree_g1 efficient_sam_ti point: 55750/72695 records, last=14.5ms, elapsed=2298.7s
[PROGRESS] isaac_official_unitree_g1 efficient_sam_ti point: 56000/72695 records, last=15.0ms, elapsed=2309.2s
[PROGRESS] isaac_official_unitree_g1 efficient_sam_ti point: 56250/72695 records, last=16.3ms, elapsed=2319.3s
[PROGRESS] isaac_official_unitree_g1 efficient_sam_ti point: 56500/72695 records, last=14.1ms, elapsed=2329.7s
[PROGRESS] isaac_official_unitree_g1 efficient_sam_ti point: 56750/72695 records, last=12.7ms, elapsed=2340.0s
[PROGRESS] isaac_official_unitree_g1 efficient_sam_ti point: 57000/72695 records, last=16.6ms, elapsed=2350.2s
[PROGRESS] isaac_official_unitree_g1 efficient_sam_ti point: 57250/72695 records, last=12.8ms, elapsed=2360.8s
[PROGRESS] isaac_official_unitree_g1 efficient_sam_ti point: 57500/72695 records, last=13.0ms, elapsed=2370.7s
[PROGRESS] isaac_official_unitree_g1 efficient_sam_ti point: 57750/72695 records, last=14.5ms, elapsed=2381.0s
[PROGRESS] isaac_official_unitree_g1 efficient_sam_ti point: 58000/72695 records, last=13.8ms, elapsed=2391.1s
[PROGRESS] isaac_official_unitree_g1 efficient_sam_ti point: 58250/72695 records, last=14.1ms, elapsed=2401.6s
[PROGRESS] isaac_official_unitree_g1 efficient_sam_ti point: 58500/72695 records, last=13.4ms, elapsed=2412.0s
[PROGRESS] isaac_official_unitree_g1 efficient_sam_ti point: 58750/72695 records, last=13.1ms, elapsed=2422.7s
[PROGRESS] isaac_official_unitree_g1 efficient_sam_ti point: 59000/72695 records, last=12.9ms, elapsed=2432.9s
[PROGRESS] isaac_official_unitree_g1 efficient_sam_ti point: 59250/72695 records, last=15.9ms, elapsed=2443.2s
[PROGRESS] isaac_official_unitree_g1 efficient_sam_ti point: 59500/72695 records, last=14.0ms, elapsed=2453.4s
[PROGRESS] isaac_official_unitree_g1 efficient_sam_ti point: 59750/72695 records, last=16.1ms, elapsed=2463.6s
[PROGRESS] isaac_official_unitree_g1 efficient_sam_ti point: 60000/72695 records, last=14.2ms, elapsed=2474.1s
[PROGRESS] isaac_official_unitree_g1 efficient_sam_ti point: 60250/72695 records, last=12.8ms, elapsed=2484.4s
[PROGRESS] isaac_official_unitree_g1 efficient_sam_ti point: 60500/72695 records, last=16.1ms, elapsed=2495.1s
[PROGRESS] isaac_official_unitree_g1 efficient_sam_ti point: 60750/72695 records, last=13.4ms, elapsed=2505.5s
[PROGRESS] isaac_official_unitree_g1 efficient_sam_ti point: 61000/72695 records, last=13.4ms, elapsed=2515.5s
[PROGRESS] isaac_official_unitree_g1 efficient_sam_ti point: 61250/72695 records, last=15.9ms, elapsed=2525.4s
[PROGRESS] isaac_official_unitree_g1 efficient_sam_ti point: 61500/72695 records, last=13.4ms, elapsed=2535.5s
[PROGRESS] isaac_official_unitree_g1 efficient_sam_ti point: 61750/72695 records, last=14.2ms, elapsed=2545.5s
[PROGRESS] isaac_official_unitree_g1 efficient_sam_ti point: 62000/72695 records, last=13.1ms, elapsed=2555.4s
[PROGRESS] isaac_official_unitree_g1 efficient_sam_ti point: 62250/72695 records, last=16.0ms, elapsed=2566.0s
[PROGRESS] isaac_official_unitree_g1 efficient_sam_ti point: 62500/72695 records, last=13.1ms, elapsed=2576.4s
[PROGRESS] isaac_official_unitree_g1 efficient_sam_ti point: 62750/72695 records, last=14.1ms, elapsed=2586.4s
[PROGRESS] isaac_official_unitree_g1 efficient_sam_ti point: 63000/72695 records, last=15.9ms, elapsed=2596.0s
[PROGRESS] isaac_official_unitree_g1 efficient_sam_ti point: 63250/72695 records, last=16.0ms, elapsed=2606.1s
[PROGRESS] isaac_official_unitree_g1 efficient_sam_ti point: 63500/72695 records, last=12.8ms, elapsed=2616.2s
[PROGRESS] isaac_official_unitree_g1 efficient_sam_ti point: 63750/72695 records, last=12.6ms, elapsed=2626.2s
[PROGRESS] isaac_official_unitree_g1 efficient_sam_ti point: 64000/72695 records, last=12.3ms, elapsed=2636.4s
[PROGRESS] isaac_official_unitree_g1 efficient_sam_ti point: 64250/72695 records, last=13.2ms, elapsed=2646.6s
[PROGRESS] isaac_official_unitree_g1 efficient_sam_ti point: 64500/72695 records, last=15.1ms, elapsed=2657.3s
[PROGRESS] isaac_official_unitree_g1 efficient_sam_ti point: 64750/72695 records, last=15.9ms, elapsed=2667.3s
[PROGRESS] isaac_official_unitree_g1 efficient_sam_ti point: 65000/72695 records, last=12.8ms, elapsed=2677.6s
[PROGRESS] isaac_official_unitree_g1 efficient_sam_ti point: 65250/72695 records, last=12.6ms, elapsed=2687.7s
[PROGRESS] isaac_official_unitree_g1 efficient_sam_ti point: 65500/72695 records, last=16.1ms, elapsed=2697.5s
[PROGRESS] isaac_official_unitree_g1 efficient_sam_ti point: 65750/72695 records, last=12.7ms, elapsed=2707.5s
[PROGRESS] isaac_official_unitree_g1 efficient_sam_ti point: 66000/72695 records, last=13.4ms, elapsed=2718.2s
[PROGRESS] isaac_official_unitree_g1 efficient_sam_ti point: 66250/72695 records, last=13.7ms, elapsed=2728.5s
[PROGRESS] isaac_official_unitree_g1 efficient_sam_ti point: 66500/72695 records, last=16.0ms, elapsed=2738.9s
[PROGRESS] isaac_official_unitree_g1 efficient_sam_ti point: 66750/72695 records, last=16.1ms, elapsed=2749.2s
[PROGRESS] isaac_official_unitree_g1 efficient_sam_ti point: 67000/72695 records, last=13.7ms, elapsed=2759.1s
[PROGRESS] isaac_official_unitree_g1 efficient_sam_ti point: 67250/72695 records, last=14.4ms, elapsed=2769.7s
[PROGRESS] isaac_official_unitree_g1 efficient_sam_ti point: 67500/72695 records, last=13.8ms, elapsed=2779.9s
[PROGRESS] isaac_official_unitree_g1 efficient_sam_ti point: 67750/72695 records, last=15.9ms, elapsed=2790.3s
[PROGRESS] isaac_official_unitree_g1 efficient_sam_ti point: 68000/72695 records, last=13.8ms, elapsed=2800.6s
[PROGRESS] isaac_official_unitree_g1 efficient_sam_ti point: 68250/72695 records, last=13.0ms, elapsed=2810.8s
[PROGRESS] isaac_official_unitree_g1 efficient_sam_ti point: 68500/72695 records, last=13.9ms, elapsed=2821.0s
[PROGRESS] isaac_official_unitree_g1 efficient_sam_ti point: 68750/72695 records, last=12.6ms, elapsed=2831.4s
[PROGRESS] isaac_official_unitree_g1 efficient_sam_ti point: 69000/72695 records, last=15.6ms, elapsed=2841.2s
[PROGRESS] isaac_official_unitree_g1 efficient_sam_ti point: 69250/72695 records, last=13.5ms, elapsed=2851.1s
[PROGRESS] isaac_official_unitree_g1 efficient_sam_ti point: 69500/72695 records, last=12.6ms, elapsed=2861.2s
[PROGRESS] isaac_official_unitree_g1 efficient_sam_ti point: 69750/72695 records, last=15.8ms, elapsed=2871.1s
[PROGRESS] isaac_official_unitree_g1 efficient_sam_ti point: 70000/72695 records, last=16.3ms, elapsed=2881.5s
[PROGRESS] isaac_official_unitree_g1 efficient_sam_ti point: 70250/72695 records, last=12.9ms, elapsed=2891.9s
[PROGRESS] isaac_official_unitree_g1 efficient_sam_ti point: 70500/72695 records, last=16.0ms, elapsed=2901.9s
[PROGRESS] isaac_official_unitree_g1 efficient_sam_ti point: 70750/72695 records, last=14.2ms, elapsed=2911.9s
[PROGRESS] isaac_official_unitree_g1 efficient_sam_ti point: 71000/72695 records, last=14.2ms, elapsed=2921.9s
[PROGRESS] isaac_official_unitree_g1 efficient_sam_ti point: 71250/72695 records, last=13.6ms, elapsed=2932.1s
[PROGRESS] isaac_official_unitree_g1 efficient_sam_ti point: 71500/72695 records, last=15.0ms, elapsed=2942.1s
[PROGRESS] isaac_official_unitree_g1 efficient_sam_ti point: 71750/72695 records, last=13.0ms, elapsed=2952.3s
[PROGRESS] isaac_official_unitree_g1 efficient_sam_ti point: 72000/72695 records, last=12.8ms, elapsed=2962.7s
[PROGRESS] isaac_official_unitree_g1 efficient_sam_ti point: 72250/72695 records, last=16.0ms, elapsed=2972.6s
[PROGRESS] isaac_official_unitree_g1 efficient_sam_ti point: 72500/72695 records, last=14.1ms, elapsed=2982.7s
[PROGRESS] isaac_official_unitree_g1 efficient_sam_ti point: 72695/72695 records, last=16.3ms, elapsed=2990.8s
[WRITE] wrote 72695 records to results/task9_lightweight_sam/isaac_official_unitree_g1/efficient_sam_ti/point_predictions.jsonl
[OK] wrote results/task9_lightweight_sam/isaac_official_unitree_g1/efficient_sam_ti/point_predictions.jsonl
[OK] isaac_official_unitree_g1/efficient_sam_ti/point: 72695 rows
[RUN] isaac_official_unitree_g1/efficient_sam_ti/box: expected_rows=72695
+ /home/ubuntu/COGAR_Foundation-Model-Segmentation-for-Robotic-Scenes/.venv/bin/python /home/ubuntu/COGAR_Foundation-Model-Segmentation-for-Robotic-Scenes/scripts/benchmarks/run_zero_shot_sam.py --config configs/task9_lightweight_sam.yaml --dataset isaac_official_unitree_g1 --model efficient_sam_ti --prompt-mode box --log-every 250
[START] dataset=isaac_official_unitree_g1 model=efficient_sam_ti prompt_mode=box device=cuda records=72695 run_units=72695 output=results/task9_lightweight_sam/isaac_official_unitree_g1/efficient_sam_ti/box_predictions.jsonl
[LOAD] efficient_sam_ti: loading checkpoint/model
/home/ubuntu/COGAR_Foundation-Model-Segmentation-for-Robotic-Scenes/.venv/lib/python3.12/site-packages/efficient_sam/efficient_sam.py:303: FutureWarning: You are using `torch.load` with `weights_only=False` (the current default value), which uses the default pickle module implicitly. It is possible to construct malicious pickle data which will execute arbitrary code during unpickling (See https://github.com/pytorch/pytorch/blob/main/SECURITY.md#untrusted-models for more details). In a future release, the default value for `weights_only` will be flipped to `True`. This limits the functions that could be executed during unpickling. Arbitrary objects will no longer be allowed to be loaded via this mode unless they are explicitly allowlisted by the user via `torch.serialization.add_safe_globals`. We recommend you start setting `weights_only=True` for any use case where you don't have full control of the loaded file. Please open an issue on GitHub for any issues related to this experimental feature.
  state_dict = torch.load(f, map_location="cpu")
[LOAD] efficient_sam_ti: ready in 3.2s
[PROGRESS] isaac_official_unitree_g1 efficient_sam_ti box: 1/72695 records, last=500.4ms, elapsed=0.5s
[PROGRESS] isaac_official_unitree_g1 efficient_sam_ti box: 250/72695 records, last=13.6ms, elapsed=10.5s
[PROGRESS] isaac_official_unitree_g1 efficient_sam_ti box: 500/72695 records, last=13.2ms, elapsed=20.7s
[PROGRESS] isaac_official_unitree_g1 efficient_sam_ti box: 750/72695 records, last=16.2ms, elapsed=30.6s
[PROGRESS] isaac_official_unitree_g1 efficient_sam_ti box: 1000/72695 records, last=13.8ms, elapsed=41.2s
[PROGRESS] isaac_official_unitree_g1 efficient_sam_ti box: 1250/72695 records, last=13.7ms, elapsed=51.2s
[PROGRESS] isaac_official_unitree_g1 efficient_sam_ti box: 1500/72695 records, last=12.9ms, elapsed=61.7s
[PROGRESS] isaac_official_unitree_g1 efficient_sam_ti box: 1750/72695 records, last=12.6ms, elapsed=72.0s
[PROGRESS] isaac_official_unitree_g1 efficient_sam_ti box: 2000/72695 records, last=14.0ms, elapsed=82.4s
[PROGRESS] isaac_official_unitree_g1 efficient_sam_ti box: 2250/72695 records, last=15.3ms, elapsed=92.8s
[PROGRESS] isaac_official_unitree_g1 efficient_sam_ti box: 2500/72695 records, last=12.8ms, elapsed=103.1s
[PROGRESS] isaac_official_unitree_g1 efficient_sam_ti box: 2750/72695 records, last=13.7ms, elapsed=113.2s
[PROGRESS] isaac_official_unitree_g1 efficient_sam_ti box: 3000/72695 records, last=16.0ms, elapsed=123.6s
[PROGRESS] isaac_official_unitree_g1 efficient_sam_ti box: 3250/72695 records, last=13.7ms, elapsed=134.1s
[PROGRESS] isaac_official_unitree_g1 efficient_sam_ti box: 3500/72695 records, last=13.2ms, elapsed=144.4s
[PROGRESS] isaac_official_unitree_g1 efficient_sam_ti box: 3750/72695 records, last=12.7ms, elapsed=154.6s
[PROGRESS] isaac_official_unitree_g1 efficient_sam_ti box: 4000/72695 records, last=12.7ms, elapsed=164.5s
[PROGRESS] isaac_official_unitree_g1 efficient_sam_ti box: 4250/72695 records, last=13.6ms, elapsed=174.8s
[PROGRESS] isaac_official_unitree_g1 efficient_sam_ti box: 4500/72695 records, last=170.0ms, elapsed=185.0s
[PROGRESS] isaac_official_unitree_g1 efficient_sam_ti box: 4750/72695 records, last=15.9ms, elapsed=195.1s
[PROGRESS] isaac_official_unitree_g1 efficient_sam_ti box: 5000/72695 records, last=15.8ms, elapsed=205.0s
[PROGRESS] isaac_official_unitree_g1 efficient_sam_ti box: 5250/72695 records, last=13.9ms, elapsed=215.6s
[PROGRESS] isaac_official_unitree_g1 efficient_sam_ti box: 5500/72695 records, last=12.9ms, elapsed=225.7s
[PROGRESS] isaac_official_unitree_g1 efficient_sam_ti box: 5750/72695 records, last=14.1ms, elapsed=236.1s
[PROGRESS] isaac_official_unitree_g1 efficient_sam_ti box: 6000/72695 records, last=16.0ms, elapsed=246.3s
[PROGRESS] isaac_official_unitree_g1 efficient_sam_ti box: 6250/72695 records, last=16.1ms, elapsed=256.5s
[PROGRESS] isaac_official_unitree_g1 efficient_sam_ti box: 6500/72695 records, last=16.1ms, elapsed=266.3s
[PROGRESS] isaac_official_unitree_g1 efficient_sam_ti box: 6750/72695 records, last=12.8ms, elapsed=276.6s
[PROGRESS] isaac_official_unitree_g1 efficient_sam_ti box: 7000/72695 records, last=13.2ms, elapsed=286.6s
[PROGRESS] isaac_official_unitree_g1 efficient_sam_ti box: 7250/72695 records, last=12.9ms, elapsed=297.0s
[PROGRESS] isaac_official_unitree_g1 efficient_sam_ti box: 7500/72695 records, last=13.3ms, elapsed=307.0s
[PROGRESS] isaac_official_unitree_g1 efficient_sam_ti box: 7750/72695 records, last=12.9ms, elapsed=317.1s
[PROGRESS] isaac_official_unitree_g1 efficient_sam_ti box: 8000/72695 records, last=13.6ms, elapsed=327.6s
[PROGRESS] isaac_official_unitree_g1 efficient_sam_ti box: 8250/72695 records, last=13.5ms, elapsed=337.4s
[PROGRESS] isaac_official_unitree_g1 efficient_sam_ti box: 8500/72695 records, last=13.1ms, elapsed=347.3s
[PROGRESS] isaac_official_unitree_g1 efficient_sam_ti box: 8750/72695 records, last=16.2ms, elapsed=357.3s
[PROGRESS] isaac_official_unitree_g1 efficient_sam_ti box: 9000/72695 records, last=14.6ms, elapsed=367.5s
[PROGRESS] isaac_official_unitree_g1 efficient_sam_ti box: 9250/72695 records, last=12.7ms, elapsed=378.0s
[PROGRESS] isaac_official_unitree_g1 efficient_sam_ti box: 9500/72695 records, last=15.4ms, elapsed=388.1s
[PROGRESS] isaac_official_unitree_g1 efficient_sam_ti box: 9750/72695 records, last=13.2ms, elapsed=398.5s
[PROGRESS] isaac_official_unitree_g1 efficient_sam_ti box: 10000/72695 records, last=12.7ms, elapsed=408.7s
[PROGRESS] isaac_official_unitree_g1 efficient_sam_ti box: 10250/72695 records, last=15.9ms, elapsed=418.9s
[PROGRESS] isaac_official_unitree_g1 efficient_sam_ti box: 10500/72695 records, last=15.9ms, elapsed=429.2s
[PROGRESS] isaac_official_unitree_g1 efficient_sam_ti box: 10750/72695 records, last=12.7ms, elapsed=439.5s
[PROGRESS] isaac_official_unitree_g1 efficient_sam_ti box: 11000/72695 records, last=185.1ms, elapsed=449.9s
[PROGRESS] isaac_official_unitree_g1 efficient_sam_ti box: 11250/72695 records, last=14.6ms, elapsed=460.0s
[PROGRESS] isaac_official_unitree_g1 efficient_sam_ti box: 11500/72695 records, last=12.9ms, elapsed=470.4s
[PROGRESS] isaac_official_unitree_g1 efficient_sam_ti box: 11750/72695 records, last=16.1ms, elapsed=480.5s
[PROGRESS] isaac_official_unitree_g1 efficient_sam_ti box: 12000/72695 records, last=13.6ms, elapsed=491.1s
[PROGRESS] isaac_official_unitree_g1 efficient_sam_ti box: 12250/72695 records, last=16.1ms, elapsed=501.5s
[PROGRESS] isaac_official_unitree_g1 efficient_sam_ti box: 12500/72695 records, last=14.3ms, elapsed=511.8s
[PROGRESS] isaac_official_unitree_g1 efficient_sam_ti box: 12750/72695 records, last=13.7ms, elapsed=521.7s
[PROGRESS] isaac_official_unitree_g1 efficient_sam_ti box: 13000/72695 records, last=16.2ms, elapsed=532.0s
[PROGRESS] isaac_official_unitree_g1 efficient_sam_ti box: 13250/72695 records, last=16.0ms, elapsed=542.0s
[PROGRESS] isaac_official_unitree_g1 efficient_sam_ti box: 13500/72695 records, last=12.8ms, elapsed=552.3s
[PROGRESS] isaac_official_unitree_g1 efficient_sam_ti box: 13750/72695 records, last=13.1ms, elapsed=562.3s
[PROGRESS] isaac_official_unitree_g1 efficient_sam_ti box: 14000/72695 records, last=16.0ms, elapsed=572.3s
[PROGRESS] isaac_official_unitree_g1 efficient_sam_ti box: 14250/72695 records, last=12.9ms, elapsed=582.8s
[PROGRESS] isaac_official_unitree_g1 efficient_sam_ti box: 14500/72695 records, last=14.0ms, elapsed=593.1s
[PROGRESS] isaac_official_unitree_g1 efficient_sam_ti box: 14750/72695 records, last=16.0ms, elapsed=603.1s
[PROGRESS] isaac_official_unitree_g1 efficient_sam_ti box: 15000/72695 records, last=13.3ms, elapsed=613.1s
[PROGRESS] isaac_official_unitree_g1 efficient_sam_ti box: 15250/72695 records, last=12.3ms, elapsed=623.5s
[PROGRESS] isaac_official_unitree_g1 efficient_sam_ti box: 15500/72695 records, last=13.9ms, elapsed=633.8s
[PROGRESS] isaac_official_unitree_g1 efficient_sam_ti box: 15750/72695 records, last=12.7ms, elapsed=644.3s
[PROGRESS] isaac_official_unitree_g1 efficient_sam_ti box: 16000/72695 records, last=12.8ms, elapsed=654.2s
[PROGRESS] isaac_official_unitree_g1 efficient_sam_ti box: 16250/72695 records, last=16.1ms, elapsed=664.3s
[PROGRESS] isaac_official_unitree_g1 efficient_sam_ti box: 16500/72695 records, last=13.7ms, elapsed=674.6s
[PROGRESS] isaac_official_unitree_g1 efficient_sam_ti box: 16750/72695 records, last=13.7ms, elapsed=684.6s
[PROGRESS] isaac_official_unitree_g1 efficient_sam_ti box: 17000/72695 records, last=13.8ms, elapsed=694.8s
[PROGRESS] isaac_official_unitree_g1 efficient_sam_ti box: 17250/72695 records, last=13.7ms, elapsed=705.1s
[PROGRESS] isaac_official_unitree_g1 efficient_sam_ti box: 17500/72695 records, last=13.5ms, elapsed=715.3s
[PROGRESS] isaac_official_unitree_g1 efficient_sam_ti box: 17750/72695 records, last=15.9ms, elapsed=725.2s
[PROGRESS] isaac_official_unitree_g1 efficient_sam_ti box: 18000/72695 records, last=12.7ms, elapsed=735.6s
[PROGRESS] isaac_official_unitree_g1 efficient_sam_ti box: 18250/72695 records, last=13.6ms, elapsed=745.7s
[PROGRESS] isaac_official_unitree_g1 efficient_sam_ti box: 18500/72695 records, last=16.0ms, elapsed=756.0s
[PROGRESS] isaac_official_unitree_g1 efficient_sam_ti box: 18750/72695 records, last=15.9ms, elapsed=766.5s
[PROGRESS] isaac_official_unitree_g1 efficient_sam_ti box: 19000/72695 records, last=12.8ms, elapsed=777.0s
[PROGRESS] isaac_official_unitree_g1 efficient_sam_ti box: 19250/72695 records, last=14.1ms, elapsed=787.3s
[PROGRESS] isaac_official_unitree_g1 efficient_sam_ti box: 19500/72695 records, last=14.3ms, elapsed=798.0s
[PROGRESS] isaac_official_unitree_g1 efficient_sam_ti box: 19750/72695 records, last=15.9ms, elapsed=808.2s
[PROGRESS] isaac_official_unitree_g1 efficient_sam_ti box: 20000/72695 records, last=14.0ms, elapsed=818.3s
[PROGRESS] isaac_official_unitree_g1 efficient_sam_ti box: 20250/72695 records, last=13.3ms, elapsed=828.6s
[PROGRESS] isaac_official_unitree_g1 efficient_sam_ti box: 20500/72695 records, last=13.5ms, elapsed=838.5s
[PROGRESS] isaac_official_unitree_g1 efficient_sam_ti box: 20750/72695 records, last=15.8ms, elapsed=848.8s
[PROGRESS] isaac_official_unitree_g1 efficient_sam_ti box: 21000/72695 records, last=14.5ms, elapsed=859.0s
[PROGRESS] isaac_official_unitree_g1 efficient_sam_ti box: 21250/72695 records, last=16.1ms, elapsed=869.1s
[PROGRESS] isaac_official_unitree_g1 efficient_sam_ti box: 21500/72695 records, last=13.6ms, elapsed=879.6s
[PROGRESS] isaac_official_unitree_g1 efficient_sam_ti box: 21750/72695 records, last=12.7ms, elapsed=889.9s
[PROGRESS] isaac_official_unitree_g1 efficient_sam_ti box: 22000/72695 records, last=15.9ms, elapsed=899.8s
[PROGRESS] isaac_official_unitree_g1 efficient_sam_ti box: 22250/72695 records, last=16.2ms, elapsed=910.0s
[PROGRESS] isaac_official_unitree_g1 efficient_sam_ti box: 22500/72695 records, last=13.2ms, elapsed=920.3s
[PROGRESS] isaac_official_unitree_g1 efficient_sam_ti box: 22750/72695 records, last=12.6ms, elapsed=930.0s
[PROGRESS] isaac_official_unitree_g1 efficient_sam_ti box: 23000/72695 records, last=12.9ms, elapsed=940.1s
[PROGRESS] isaac_official_unitree_g1 efficient_sam_ti box: 23250/72695 records, last=13.5ms, elapsed=950.3s
[PROGRESS] isaac_official_unitree_g1 efficient_sam_ti box: 23500/72695 records, last=13.9ms, elapsed=960.8s
[PROGRESS] isaac_official_unitree_g1 efficient_sam_ti box: 23750/72695 records, last=13.2ms, elapsed=971.2s
[PROGRESS] isaac_official_unitree_g1 efficient_sam_ti box: 24000/72695 records, last=12.0ms, elapsed=981.2s
[PROGRESS] isaac_official_unitree_g1 efficient_sam_ti box: 24250/72695 records, last=13.7ms, elapsed=991.2s
[PROGRESS] isaac_official_unitree_g1 efficient_sam_ti box: 24500/72695 records, last=12.9ms, elapsed=1001.7s
[PROGRESS] isaac_official_unitree_g1 efficient_sam_ti box: 24750/72695 records, last=15.6ms, elapsed=1011.9s
[PROGRESS] isaac_official_unitree_g1 efficient_sam_ti box: 25000/72695 records, last=16.2ms, elapsed=1022.3s
[PROGRESS] isaac_official_unitree_g1 efficient_sam_ti box: 25250/72695 records, last=12.8ms, elapsed=1033.1s
[PROGRESS] isaac_official_unitree_g1 efficient_sam_ti box: 25500/72695 records, last=16.3ms, elapsed=1043.5s
[PROGRESS] isaac_official_unitree_g1 efficient_sam_ti box: 25750/72695 records, last=184.5ms, elapsed=1053.7s
[PROGRESS] isaac_official_unitree_g1 efficient_sam_ti box: 26000/72695 records, last=16.4ms, elapsed=1063.9s
[PROGRESS] isaac_official_unitree_g1 efficient_sam_ti box: 26250/72695 records, last=16.4ms, elapsed=1074.5s
[PROGRESS] isaac_official_unitree_g1 efficient_sam_ti box: 26500/72695 records, last=13.7ms, elapsed=1084.9s
[PROGRESS] isaac_official_unitree_g1 efficient_sam_ti box: 26750/72695 records, last=184.3ms, elapsed=1095.2s
[PROGRESS] isaac_official_unitree_g1 efficient_sam_ti box: 27000/72695 records, last=16.2ms, elapsed=1105.3s
[PROGRESS] isaac_official_unitree_g1 efficient_sam_ti box: 27250/72695 records, last=16.2ms, elapsed=1115.8s
[PROGRESS] isaac_official_unitree_g1 efficient_sam_ti box: 27500/72695 records, last=16.1ms, elapsed=1126.3s
[PROGRESS] isaac_official_unitree_g1 efficient_sam_ti box: 27750/72695 records, last=16.1ms, elapsed=1136.7s
[PROGRESS] isaac_official_unitree_g1 efficient_sam_ti box: 28000/72695 records, last=13.0ms, elapsed=1147.0s
[PROGRESS] isaac_official_unitree_g1 efficient_sam_ti box: 28250/72695 records, last=13.8ms, elapsed=1157.5s
[PROGRESS] isaac_official_unitree_g1 efficient_sam_ti box: 28500/72695 records, last=16.4ms, elapsed=1167.5s
[PROGRESS] isaac_official_unitree_g1 efficient_sam_ti box: 28750/72695 records, last=13.2ms, elapsed=1177.9s
[PROGRESS] isaac_official_unitree_g1 efficient_sam_ti box: 29000/72695 records, last=12.9ms, elapsed=1188.1s
[PROGRESS] isaac_official_unitree_g1 efficient_sam_ti box: 29250/72695 records, last=13.2ms, elapsed=1198.4s
[PROGRESS] isaac_official_unitree_g1 efficient_sam_ti box: 29500/72695 records, last=16.4ms, elapsed=1208.9s
[PROGRESS] isaac_official_unitree_g1 efficient_sam_ti box: 29750/72695 records, last=12.8ms, elapsed=1219.5s
[PROGRESS] isaac_official_unitree_g1 efficient_sam_ti box: 30000/72695 records, last=14.0ms, elapsed=1229.8s
[PROGRESS] isaac_official_unitree_g1 efficient_sam_ti box: 30250/72695 records, last=16.0ms, elapsed=1240.0s
[PROGRESS] isaac_official_unitree_g1 efficient_sam_ti box: 30500/72695 records, last=16.0ms, elapsed=1250.2s
[PROGRESS] isaac_official_unitree_g1 efficient_sam_ti box: 30750/72695 records, last=16.1ms, elapsed=1260.6s
[PROGRESS] isaac_official_unitree_g1 efficient_sam_ti box: 31000/72695 records, last=13.9ms, elapsed=1271.0s
[PROGRESS] isaac_official_unitree_g1 efficient_sam_ti box: 31250/72695 records, last=16.1ms, elapsed=1281.2s
[PROGRESS] isaac_official_unitree_g1 efficient_sam_ti box: 31500/72695 records, last=12.8ms, elapsed=1291.7s
[PROGRESS] isaac_official_unitree_g1 efficient_sam_ti box: 31750/72695 records, last=14.5ms, elapsed=1301.9s
[PROGRESS] isaac_official_unitree_g1 efficient_sam_ti box: 32000/72695 records, last=13.0ms, elapsed=1312.1s
[PROGRESS] isaac_official_unitree_g1 efficient_sam_ti box: 32250/72695 records, last=12.9ms, elapsed=1322.3s
[PROGRESS] isaac_official_unitree_g1 efficient_sam_ti box: 32500/72695 records, last=16.4ms, elapsed=1332.7s
[PROGRESS] isaac_official_unitree_g1 efficient_sam_ti box: 32750/72695 records, last=13.9ms, elapsed=1343.4s
[PROGRESS] isaac_official_unitree_g1 efficient_sam_ti box: 33000/72695 records, last=15.9ms, elapsed=1353.6s
[PROGRESS] isaac_official_unitree_g1 efficient_sam_ti box: 33250/72695 records, last=13.0ms, elapsed=1364.3s
[PROGRESS] isaac_official_unitree_g1 efficient_sam_ti box: 33500/72695 records, last=13.9ms, elapsed=1374.4s
[PROGRESS] isaac_official_unitree_g1 efficient_sam_ti box: 33750/72695 records, last=12.1ms, elapsed=1384.7s
[PROGRESS] isaac_official_unitree_g1 efficient_sam_ti box: 34000/72695 records, last=14.0ms, elapsed=1394.7s
[PROGRESS] isaac_official_unitree_g1 efficient_sam_ti box: 34250/72695 records, last=15.7ms, elapsed=1404.8s
[PROGRESS] isaac_official_unitree_g1 efficient_sam_ti box: 34500/72695 records, last=14.2ms, elapsed=1415.0s
[PROGRESS] isaac_official_unitree_g1 efficient_sam_ti box: 34750/72695 records, last=14.1ms, elapsed=1425.3s
[PROGRESS] isaac_official_unitree_g1 efficient_sam_ti box: 35000/72695 records, last=13.1ms, elapsed=1435.7s
[PROGRESS] isaac_official_unitree_g1 efficient_sam_ti box: 35250/72695 records, last=15.9ms, elapsed=1445.7s
[PROGRESS] isaac_official_unitree_g1 efficient_sam_ti box: 35500/72695 records, last=14.0ms, elapsed=1456.1s
[PROGRESS] isaac_official_unitree_g1 efficient_sam_ti box: 35750/72695 records, last=12.0ms, elapsed=1466.1s
[PROGRESS] isaac_official_unitree_g1 efficient_sam_ti box: 36000/72695 records, last=12.7ms, elapsed=1476.7s
[PROGRESS] isaac_official_unitree_g1 efficient_sam_ti box: 36250/72695 records, last=15.6ms, elapsed=1486.5s
[PROGRESS] isaac_official_unitree_g1 efficient_sam_ti box: 36500/72695 records, last=16.1ms, elapsed=1496.8s
[PROGRESS] isaac_official_unitree_g1 efficient_sam_ti box: 36750/72695 records, last=13.4ms, elapsed=1507.1s
[PROGRESS] isaac_official_unitree_g1 efficient_sam_ti box: 37000/72695 records, last=12.8ms, elapsed=1517.2s
[PROGRESS] isaac_official_unitree_g1 efficient_sam_ti box: 37250/72695 records, last=13.6ms, elapsed=1527.2s
[PROGRESS] isaac_official_unitree_g1 efficient_sam_ti box: 37500/72695 records, last=13.1ms, elapsed=1537.6s
[PROGRESS] isaac_official_unitree_g1 efficient_sam_ti box: 37750/72695 records, last=13.7ms, elapsed=1547.8s
[PROGRESS] isaac_official_unitree_g1 efficient_sam_ti box: 38000/72695 records, last=13.5ms, elapsed=1558.3s
[PROGRESS] isaac_official_unitree_g1 efficient_sam_ti box: 38250/72695 records, last=15.9ms, elapsed=1568.3s
[PROGRESS] isaac_official_unitree_g1 efficient_sam_ti box: 38500/72695 records, last=14.3ms, elapsed=1578.6s
[PROGRESS] isaac_official_unitree_g1 efficient_sam_ti box: 38750/72695 records, last=16.0ms, elapsed=1588.4s
[PROGRESS] isaac_official_unitree_g1 efficient_sam_ti box: 39000/72695 records, last=16.2ms, elapsed=1598.7s
[PROGRESS] isaac_official_unitree_g1 efficient_sam_ti box: 39250/72695 records, last=13.9ms, elapsed=1608.7s
[PROGRESS] isaac_official_unitree_g1 efficient_sam_ti box: 39500/72695 records, last=16.1ms, elapsed=1619.0s
[PROGRESS] isaac_official_unitree_g1 efficient_sam_ti box: 39750/72695 records, last=13.2ms, elapsed=1629.2s
[PROGRESS] isaac_official_unitree_g1 efficient_sam_ti box: 40000/72695 records, last=13.2ms, elapsed=1639.2s
[PROGRESS] isaac_official_unitree_g1 efficient_sam_ti box: 40250/72695 records, last=12.8ms, elapsed=1649.5s
[PROGRESS] isaac_official_unitree_g1 efficient_sam_ti box: 40500/72695 records, last=13.1ms, elapsed=1659.8s
[PROGRESS] isaac_official_unitree_g1 efficient_sam_ti box: 40750/72695 records, last=12.8ms, elapsed=1670.3s
[PROGRESS] isaac_official_unitree_g1 efficient_sam_ti box: 41000/72695 records, last=13.8ms, elapsed=1680.3s
[PROGRESS] isaac_official_unitree_g1 efficient_sam_ti box: 41250/72695 records, last=177.5ms, elapsed=1690.8s
[PROGRESS] isaac_official_unitree_g1 efficient_sam_ti box: 41500/72695 records, last=13.2ms, elapsed=1701.0s
[PROGRESS] isaac_official_unitree_g1 efficient_sam_ti box: 41750/72695 records, last=12.7ms, elapsed=1711.5s
[PROGRESS] isaac_official_unitree_g1 efficient_sam_ti box: 42000/72695 records, last=13.6ms, elapsed=1722.1s
[PROGRESS] isaac_official_unitree_g1 efficient_sam_ti box: 42250/72695 records, last=13.4ms, elapsed=1732.4s
[PROGRESS] isaac_official_unitree_g1 efficient_sam_ti box: 42500/72695 records, last=12.8ms, elapsed=1742.5s
[PROGRESS] isaac_official_unitree_g1 efficient_sam_ti box: 42750/72695 records, last=16.3ms, elapsed=1752.7s
[PROGRESS] isaac_official_unitree_g1 efficient_sam_ti box: 43000/72695 records, last=13.1ms, elapsed=1763.3s
[PROGRESS] isaac_official_unitree_g1 efficient_sam_ti box: 43250/72695 records, last=15.9ms, elapsed=1773.6s
[PROGRESS] isaac_official_unitree_g1 efficient_sam_ti box: 43500/72695 records, last=12.6ms, elapsed=1783.8s
[PROGRESS] isaac_official_unitree_g1 efficient_sam_ti box: 43750/72695 records, last=173.0ms, elapsed=1794.1s
[PROGRESS] isaac_official_unitree_g1 efficient_sam_ti box: 44000/72695 records, last=13.7ms, elapsed=1804.0s
[PROGRESS] isaac_official_unitree_g1 efficient_sam_ti box: 44250/72695 records, last=16.1ms, elapsed=1814.4s
[PROGRESS] isaac_official_unitree_g1 efficient_sam_ti box: 44500/72695 records, last=13.9ms, elapsed=1824.7s
[PROGRESS] isaac_official_unitree_g1 efficient_sam_ti box: 44750/72695 records, last=16.0ms, elapsed=1835.1s
[PROGRESS] isaac_official_unitree_g1 efficient_sam_ti box: 45000/72695 records, last=12.7ms, elapsed=1845.2s
[PROGRESS] isaac_official_unitree_g1 efficient_sam_ti box: 45250/72695 records, last=14.2ms, elapsed=1855.9s
[PROGRESS] isaac_official_unitree_g1 efficient_sam_ti box: 45500/72695 records, last=16.1ms, elapsed=1866.4s
[PROGRESS] isaac_official_unitree_g1 efficient_sam_ti box: 45750/72695 records, last=16.0ms, elapsed=1876.6s
[PROGRESS] isaac_official_unitree_g1 efficient_sam_ti box: 46000/72695 records, last=13.1ms, elapsed=1887.0s
[PROGRESS] isaac_official_unitree_g1 efficient_sam_ti box: 46250/72695 records, last=12.8ms, elapsed=1897.1s
[PROGRESS] isaac_official_unitree_g1 efficient_sam_ti box: 46500/72695 records, last=16.0ms, elapsed=1907.3s
[PROGRESS] isaac_official_unitree_g1 efficient_sam_ti box: 46750/72695 records, last=16.1ms, elapsed=1917.6s
[PROGRESS] isaac_official_unitree_g1 efficient_sam_ti box: 47000/72695 records, last=13.7ms, elapsed=1927.7s
[PROGRESS] isaac_official_unitree_g1 efficient_sam_ti box: 47250/72695 records, last=13.5ms, elapsed=1938.0s
[PROGRESS] isaac_official_unitree_g1 efficient_sam_ti box: 47500/72695 records, last=13.2ms, elapsed=1948.4s
[PROGRESS] isaac_official_unitree_g1 efficient_sam_ti box: 47750/72695 records, last=14.1ms, elapsed=1958.9s
[PROGRESS] isaac_official_unitree_g1 efficient_sam_ti box: 48000/72695 records, last=13.5ms, elapsed=1969.2s
[PROGRESS] isaac_official_unitree_g1 efficient_sam_ti box: 48250/72695 records, last=13.5ms, elapsed=1979.4s
[PROGRESS] isaac_official_unitree_g1 efficient_sam_ti box: 48500/72695 records, last=16.2ms, elapsed=1989.9s
[PROGRESS] isaac_official_unitree_g1 efficient_sam_ti box: 48750/72695 records, last=12.9ms, elapsed=2000.5s
[PROGRESS] isaac_official_unitree_g1 efficient_sam_ti box: 49000/72695 records, last=16.3ms, elapsed=2010.6s
[PROGRESS] isaac_official_unitree_g1 efficient_sam_ti box: 49250/72695 records, last=16.3ms, elapsed=2020.9s
[PROGRESS] isaac_official_unitree_g1 efficient_sam_ti box: 49500/72695 records, last=16.5ms, elapsed=2031.7s
[PROGRESS] isaac_official_unitree_g1 efficient_sam_ti box: 49750/72695 records, last=13.8ms, elapsed=2042.3s
[PROGRESS] isaac_official_unitree_g1 efficient_sam_ti box: 50000/72695 records, last=16.1ms, elapsed=2052.5s
[PROGRESS] isaac_official_unitree_g1 efficient_sam_ti box: 50250/72695 records, last=13.7ms, elapsed=2063.0s
[PROGRESS] isaac_official_unitree_g1 efficient_sam_ti box: 50500/72695 records, last=14.4ms, elapsed=2073.2s
[PROGRESS] isaac_official_unitree_g1 efficient_sam_ti box: 50750/72695 records, last=16.1ms, elapsed=2083.7s
[PROGRESS] isaac_official_unitree_g1 efficient_sam_ti box: 51000/72695 records, last=16.6ms, elapsed=2094.2s
[PROGRESS] isaac_official_unitree_g1 efficient_sam_ti box: 51250/72695 records, last=12.9ms, elapsed=2105.0s
[PROGRESS] isaac_official_unitree_g1 efficient_sam_ti box: 51500/72695 records, last=14.7ms, elapsed=2115.5s
[PROGRESS] isaac_official_unitree_g1 efficient_sam_ti box: 51750/72695 records, last=12.9ms, elapsed=2125.9s
[PROGRESS] isaac_official_unitree_g1 efficient_sam_ti box: 52000/72695 records, last=14.8ms, elapsed=2136.1s
[PROGRESS] isaac_official_unitree_g1 efficient_sam_ti box: 52250/72695 records, last=13.6ms, elapsed=2146.3s
[PROGRESS] isaac_official_unitree_g1 efficient_sam_ti box: 52500/72695 records, last=15.9ms, elapsed=2156.4s
[PROGRESS] isaac_official_unitree_g1 efficient_sam_ti box: 52750/72695 records, last=14.3ms, elapsed=2166.8s
[PROGRESS] isaac_official_unitree_g1 efficient_sam_ti box: 53000/72695 records, last=13.8ms, elapsed=2177.2s
[PROGRESS] isaac_official_unitree_g1 efficient_sam_ti box: 53250/72695 records, last=16.1ms, elapsed=2187.4s
[PROGRESS] isaac_official_unitree_g1 efficient_sam_ti box: 53500/72695 records, last=13.9ms, elapsed=2197.7s
[PROGRESS] isaac_official_unitree_g1 efficient_sam_ti box: 53750/72695 records, last=14.2ms, elapsed=2207.9s
[PROGRESS] isaac_official_unitree_g1 efficient_sam_ti box: 54000/72695 records, last=16.2ms, elapsed=2218.1s
[PROGRESS] isaac_official_unitree_g1 efficient_sam_ti box: 54250/72695 records, last=16.5ms, elapsed=2228.4s
[PROGRESS] isaac_official_unitree_g1 efficient_sam_ti box: 54500/72695 records, last=13.3ms, elapsed=2239.0s
[PROGRESS] isaac_official_unitree_g1 efficient_sam_ti box: 54750/72695 records, last=13.2ms, elapsed=2249.4s
[PROGRESS] isaac_official_unitree_g1 efficient_sam_ti box: 55000/72695 records, last=14.1ms, elapsed=2259.7s
[PROGRESS] isaac_official_unitree_g1 efficient_sam_ti box: 55250/72695 records, last=13.3ms, elapsed=2269.9s
[PROGRESS] isaac_official_unitree_g1 efficient_sam_ti box: 55500/72695 records, last=13.0ms, elapsed=2280.6s
[PROGRESS] isaac_official_unitree_g1 efficient_sam_ti box: 55750/72695 records, last=14.2ms, elapsed=2290.8s
[PROGRESS] isaac_official_unitree_g1 efficient_sam_ti box: 56000/72695 records, last=14.6ms, elapsed=2301.3s
[PROGRESS] isaac_official_unitree_g1 efficient_sam_ti box: 56250/72695 records, last=15.9ms, elapsed=2311.4s
[PROGRESS] isaac_official_unitree_g1 efficient_sam_ti box: 56500/72695 records, last=12.9ms, elapsed=2321.6s
[PROGRESS] isaac_official_unitree_g1 efficient_sam_ti box: 56750/72695 records, last=13.2ms, elapsed=2331.8s
[PROGRESS] isaac_official_unitree_g1 efficient_sam_ti box: 57000/72695 records, last=16.9ms, elapsed=2342.1s
[PROGRESS] isaac_official_unitree_g1 efficient_sam_ti box: 57250/72695 records, last=13.1ms, elapsed=2352.8s
[PROGRESS] isaac_official_unitree_g1 efficient_sam_ti box: 57500/72695 records, last=12.9ms, elapsed=2362.7s
[PROGRESS] isaac_official_unitree_g1 efficient_sam_ti box: 57750/72695 records, last=13.5ms, elapsed=2373.0s
[PROGRESS] isaac_official_unitree_g1 efficient_sam_ti box: 58000/72695 records, last=13.7ms, elapsed=2383.1s
[PROGRESS] isaac_official_unitree_g1 efficient_sam_ti box: 58250/72695 records, last=14.4ms, elapsed=2393.6s
[PROGRESS] isaac_official_unitree_g1 efficient_sam_ti box: 58500/72695 records, last=13.1ms, elapsed=2404.0s
[PROGRESS] isaac_official_unitree_g1 efficient_sam_ti box: 58750/72695 records, last=13.9ms, elapsed=2414.7s
[PROGRESS] isaac_official_unitree_g1 efficient_sam_ti box: 59000/72695 records, last=12.9ms, elapsed=2425.1s
[PROGRESS] isaac_official_unitree_g1 efficient_sam_ti box: 59250/72695 records, last=16.1ms, elapsed=2435.4s
[PROGRESS] isaac_official_unitree_g1 efficient_sam_ti box: 59500/72695 records, last=13.9ms, elapsed=2445.7s
[PROGRESS] isaac_official_unitree_g1 efficient_sam_ti box: 59750/72695 records, last=16.0ms, elapsed=2456.0s
[PROGRESS] isaac_official_unitree_g1 efficient_sam_ti box: 60000/72695 records, last=12.7ms, elapsed=2466.3s
[PROGRESS] isaac_official_unitree_g1 efficient_sam_ti box: 60250/72695 records, last=12.7ms, elapsed=2476.6s
[PROGRESS] isaac_official_unitree_g1 efficient_sam_ti box: 60500/72695 records, last=16.0ms, elapsed=2487.2s
[PROGRESS] isaac_official_unitree_g1 efficient_sam_ti box: 60750/72695 records, last=13.6ms, elapsed=2497.7s
[PROGRESS] isaac_official_unitree_g1 efficient_sam_ti box: 61000/72695 records, last=13.8ms, elapsed=2507.8s
[PROGRESS] isaac_official_unitree_g1 efficient_sam_ti box: 61250/72695 records, last=16.1ms, elapsed=2518.0s
[PROGRESS] isaac_official_unitree_g1 efficient_sam_ti box: 61500/72695 records, last=12.8ms, elapsed=2528.2s
[PROGRESS] isaac_official_unitree_g1 efficient_sam_ti box: 61750/72695 records, last=13.2ms, elapsed=2538.4s
[PROGRESS] isaac_official_unitree_g1 efficient_sam_ti box: 62000/72695 records, last=13.4ms, elapsed=2548.5s
[PROGRESS] isaac_official_unitree_g1 efficient_sam_ti box: 62250/72695 records, last=16.2ms, elapsed=2559.5s
[PROGRESS] isaac_official_unitree_g1 efficient_sam_ti box: 62500/72695 records, last=12.5ms, elapsed=2570.0s
[PROGRESS] isaac_official_unitree_g1 efficient_sam_ti box: 62750/72695 records, last=14.3ms, elapsed=2580.2s
[PROGRESS] isaac_official_unitree_g1 efficient_sam_ti box: 63000/72695 records, last=16.1ms, elapsed=2590.0s
[PROGRESS] isaac_official_unitree_g1 efficient_sam_ti box: 63250/72695 records, last=16.2ms, elapsed=2600.4s
[PROGRESS] isaac_official_unitree_g1 efficient_sam_ti box: 63500/72695 records, last=13.6ms, elapsed=2610.8s
[PROGRESS] isaac_official_unitree_g1 efficient_sam_ti box: 63750/72695 records, last=12.8ms, elapsed=2621.0s
[PROGRESS] isaac_official_unitree_g1 efficient_sam_ti box: 64000/72695 records, last=14.0ms, elapsed=2631.3s
[PROGRESS] isaac_official_unitree_g1 efficient_sam_ti box: 64250/72695 records, last=13.6ms, elapsed=2641.7s
[PROGRESS] isaac_official_unitree_g1 efficient_sam_ti box: 64500/72695 records, last=15.1ms, elapsed=2652.5s
[PROGRESS] isaac_official_unitree_g1 efficient_sam_ti box: 64750/72695 records, last=16.0ms, elapsed=2662.5s
[PROGRESS] isaac_official_unitree_g1 efficient_sam_ti box: 65000/72695 records, last=14.0ms, elapsed=2673.0s
[PROGRESS] isaac_official_unitree_g1 efficient_sam_ti box: 65250/72695 records, last=13.5ms, elapsed=2683.5s
[PROGRESS] isaac_official_unitree_g1 efficient_sam_ti box: 65500/72695 records, last=16.2ms, elapsed=2693.7s
[PROGRESS] isaac_official_unitree_g1 efficient_sam_ti box: 65750/72695 records, last=13.3ms, elapsed=2703.8s
[PROGRESS] isaac_official_unitree_g1 efficient_sam_ti box: 66000/72695 records, last=13.3ms, elapsed=2714.6s
[PROGRESS] isaac_official_unitree_g1 efficient_sam_ti box: 66250/72695 records, last=12.6ms, elapsed=2724.9s
[PROGRESS] isaac_official_unitree_g1 efficient_sam_ti box: 66500/72695 records, last=16.2ms, elapsed=2735.3s
[PROGRESS] isaac_official_unitree_g1 efficient_sam_ti box: 66750/72695 records, last=15.9ms, elapsed=2745.7s
[PROGRESS] isaac_official_unitree_g1 efficient_sam_ti box: 67000/72695 records, last=12.7ms, elapsed=2755.6s
[PROGRESS] isaac_official_unitree_g1 efficient_sam_ti box: 67250/72695 records, last=13.3ms, elapsed=2766.1s
[PROGRESS] isaac_official_unitree_g1 efficient_sam_ti box: 67500/72695 records, last=12.8ms, elapsed=2776.4s
[PROGRESS] isaac_official_unitree_g1 efficient_sam_ti box: 67750/72695 records, last=15.9ms, elapsed=2786.9s
[PROGRESS] isaac_official_unitree_g1 efficient_sam_ti box: 68000/72695 records, last=13.5ms, elapsed=2797.3s
[PROGRESS] isaac_official_unitree_g1 efficient_sam_ti box: 68250/72695 records, last=16.1ms, elapsed=2807.5s
[PROGRESS] isaac_official_unitree_g1 efficient_sam_ti box: 68500/72695 records, last=13.2ms, elapsed=2817.7s
[PROGRESS] isaac_official_unitree_g1 efficient_sam_ti box: 68750/72695 records, last=12.6ms, elapsed=2828.0s
[PROGRESS] isaac_official_unitree_g1 efficient_sam_ti box: 69000/72695 records, last=16.1ms, elapsed=2837.9s
[PROGRESS] isaac_official_unitree_g1 efficient_sam_ti box: 69250/72695 records, last=14.0ms, elapsed=2847.7s
[PROGRESS] isaac_official_unitree_g1 efficient_sam_ti box: 69500/72695 records, last=13.4ms, elapsed=2858.0s
[PROGRESS] isaac_official_unitree_g1 efficient_sam_ti box: 69750/72695 records, last=16.1ms, elapsed=2868.1s
[PROGRESS] isaac_official_unitree_g1 efficient_sam_ti box: 70000/72695 records, last=16.0ms, elapsed=2878.5s
[PROGRESS] isaac_official_unitree_g1 efficient_sam_ti box: 70250/72695 records, last=12.7ms, elapsed=2888.8s
[PROGRESS] isaac_official_unitree_g1 efficient_sam_ti box: 70500/72695 records, last=16.0ms, elapsed=2898.7s
[PROGRESS] isaac_official_unitree_g1 efficient_sam_ti box: 70750/72695 records, last=13.0ms, elapsed=2908.8s
[PROGRESS] isaac_official_unitree_g1 efficient_sam_ti box: 71000/72695 records, last=12.6ms, elapsed=2918.5s
[PROGRESS] isaac_official_unitree_g1 efficient_sam_ti box: 71250/72695 records, last=13.1ms, elapsed=2928.6s
[PROGRESS] isaac_official_unitree_g1 efficient_sam_ti box: 71500/72695 records, last=14.6ms, elapsed=2938.6s
[PROGRESS] isaac_official_unitree_g1 efficient_sam_ti box: 71750/72695 records, last=13.0ms, elapsed=2948.9s
[PROGRESS] isaac_official_unitree_g1 efficient_sam_ti box: 72000/72695 records, last=13.1ms, elapsed=2959.3s
[PROGRESS] isaac_official_unitree_g1 efficient_sam_ti box: 72250/72695 records, last=16.4ms, elapsed=2969.3s
[PROGRESS] isaac_official_unitree_g1 efficient_sam_ti box: 72500/72695 records, last=13.3ms, elapsed=2979.5s
[PROGRESS] isaac_official_unitree_g1 efficient_sam_ti box: 72695/72695 records, last=16.1ms, elapsed=2987.5s
[WRITE] wrote 72695 records to results/task9_lightweight_sam/isaac_official_unitree_g1/efficient_sam_ti/box_predictions.jsonl
[OK] wrote results/task9_lightweight_sam/isaac_official_unitree_g1/efficient_sam_ti/box_predictions.jsonl
[OK] isaac_official_unitree_g1/efficient_sam_ti/box: 72695 rows
[RUN] isaac_official_unitree_g1/efficient_sam_ti/automatic: expected_rows=1000
+ /home/ubuntu/COGAR_Foundation-Model-Segmentation-for-Robotic-Scenes/.venv/bin/python /home/ubuntu/COGAR_Foundation-Model-Segmentation-for-Robotic-Scenes/scripts/benchmarks/run_zero_shot_sam.py --config configs/task9_lightweight_sam.yaml --dataset isaac_official_unitree_g1 --model efficient_sam_ti --prompt-mode automatic --log-every 250
[START] dataset=isaac_official_unitree_g1 model=efficient_sam_ti prompt_mode=automatic device=cuda records=72695 run_units=1000 output=results/task9_lightweight_sam/isaac_official_unitree_g1/efficient_sam_ti/automatic_predictions.jsonl
[LOAD] efficient_sam_ti: loading checkpoint/model
/home/ubuntu/COGAR_Foundation-Model-Segmentation-for-Robotic-Scenes/.venv/lib/python3.12/site-packages/efficient_sam/efficient_sam.py:303: FutureWarning: You are using `torch.load` with `weights_only=False` (the current default value), which uses the default pickle module implicitly. It is possible to construct malicious pickle data which will execute arbitrary code during unpickling (See https://github.com/pytorch/pytorch/blob/main/SECURITY.md#untrusted-models for more details). In a future release, the default value for `weights_only` will be flipped to `True`. This limits the functions that could be executed during unpickling. Arbitrary objects will no longer be allowed to be loaded via this mode unless they are explicitly allowlisted by the user via `torch.serialization.add_safe_globals`. We recommend you start setting `weights_only=True` for any use case where you don't have full control of the loaded file. Please open an issue on GitHub for any issues related to this experimental feature.
  state_dict = torch.load(f, map_location="cpu")
[LOAD] efficient_sam_ti: ready in 3.3s
[PROGRESS] isaac_official_unitree_g1 efficient_sam_ti automatic: 1/1000 images, last=901.8ms, elapsed=0.9s
[PROGRESS] isaac_official_unitree_g1 efficient_sam_ti automatic: 250/1000 images, last=554.2ms, elapsed=148.8s
[PROGRESS] isaac_official_unitree_g1 efficient_sam_ti automatic: 500/1000 images, last=549.3ms, elapsed=297.0s
[PROGRESS] isaac_official_unitree_g1 efficient_sam_ti automatic: 750/1000 images, last=562.8ms, elapsed=447.2s
[PROGRESS] isaac_official_unitree_g1 efficient_sam_ti automatic: 1000/1000 images, last=566.8ms, elapsed=596.3s
[WRITE] wrote 1000 records to results/task9_lightweight_sam/isaac_official_unitree_g1/efficient_sam_ti/automatic_predictions.jsonl
[OK] wrote results/task9_lightweight_sam/isaac_official_unitree_g1/efficient_sam_ti/automatic_predictions.jsonl
[OK] isaac_official_unitree_g1/efficient_sam_ti/automatic: 1000 rows
[RUN] isaac_official_unitree_g1/efficient_sam_s/point: expected_rows=72695
+ /home/ubuntu/COGAR_Foundation-Model-Segmentation-for-Robotic-Scenes/.venv/bin/python /home/ubuntu/COGAR_Foundation-Model-Segmentation-for-Robotic-Scenes/scripts/benchmarks/run_zero_shot_sam.py --config configs/task9_lightweight_sam.yaml --dataset isaac_official_unitree_g1 --model efficient_sam_s --prompt-mode point --log-every 250
[START] dataset=isaac_official_unitree_g1 model=efficient_sam_s prompt_mode=point device=cuda records=72695 run_units=72695 output=results/task9_lightweight_sam/isaac_official_unitree_g1/efficient_sam_s/point_predictions.jsonl
[LOAD] efficient_sam_s: loading checkpoint/model
/home/ubuntu/COGAR_Foundation-Model-Segmentation-for-Robotic-Scenes/.venv/lib/python3.12/site-packages/efficient_sam/efficient_sam.py:303: FutureWarning: You are using `torch.load` with `weights_only=False` (the current default value), which uses the default pickle module implicitly. It is possible to construct malicious pickle data which will execute arbitrary code during unpickling (See https://github.com/pytorch/pytorch/blob/main/SECURITY.md#untrusted-models for more details). In a future release, the default value for `weights_only` will be flipped to `True`. This limits the functions that could be executed during unpickling. Arbitrary objects will no longer be allowed to be loaded via this mode unless they are explicitly allowlisted by the user via `torch.serialization.add_safe_globals`. We recommend you start setting `weights_only=True` for any use case where you don't have full control of the loaded file. Please open an issue on GitHub for any issues related to this experimental feature.
  state_dict = torch.load(f, map_location="cpu")
[LOAD] efficient_sam_s: ready in 3.5s
[PROGRESS] isaac_official_unitree_g1 efficient_sam_s point: 1/72695 records, last=621.1ms, elapsed=0.7s
[PROGRESS] isaac_official_unitree_g1 efficient_sam_s point: 250/72695 records, last=12.0ms, elapsed=10.7s
[PROGRESS] isaac_official_unitree_g1 efficient_sam_s point: 500/72695 records, last=12.0ms, elapsed=21.0s
[PROGRESS] isaac_official_unitree_g1 efficient_sam_s point: 750/72695 records, last=12.0ms, elapsed=30.9s
[PROGRESS] isaac_official_unitree_g1 efficient_sam_s point: 1000/72695 records, last=12.2ms, elapsed=41.5s
[PROGRESS] isaac_official_unitree_g1 efficient_sam_s point: 1250/72695 records, last=12.2ms, elapsed=51.5s
[PROGRESS] isaac_official_unitree_g1 efficient_sam_s point: 1500/72695 records, last=11.9ms, elapsed=62.2s
[PROGRESS] isaac_official_unitree_g1 efficient_sam_s point: 1750/72695 records, last=12.1ms, elapsed=72.6s
[PROGRESS] isaac_official_unitree_g1 efficient_sam_s point: 2000/72695 records, last=12.0ms, elapsed=82.8s
[PROGRESS] isaac_official_unitree_g1 efficient_sam_s point: 2250/72695 records, last=12.3ms, elapsed=93.2s
[PROGRESS] isaac_official_unitree_g1 efficient_sam_s point: 2500/72695 records, last=12.3ms, elapsed=103.7s
[PROGRESS] isaac_official_unitree_g1 efficient_sam_s point: 2750/72695 records, last=12.4ms, elapsed=114.1s
[PROGRESS] isaac_official_unitree_g1 efficient_sam_s point: 3000/72695 records, last=15.9ms, elapsed=124.7s
[PROGRESS] isaac_official_unitree_g1 efficient_sam_s point: 3250/72695 records, last=12.5ms, elapsed=135.6s
[PROGRESS] isaac_official_unitree_g1 efficient_sam_s point: 3500/72695 records, last=12.7ms, elapsed=146.3s
[PROGRESS] isaac_official_unitree_g1 efficient_sam_s point: 3750/72695 records, last=12.6ms, elapsed=156.9s
[PROGRESS] isaac_official_unitree_g1 efficient_sam_s point: 4000/72695 records, last=12.5ms, elapsed=167.3s
[PROGRESS] isaac_official_unitree_g1 efficient_sam_s point: 4250/72695 records, last=12.4ms, elapsed=178.0s
[PROGRESS] isaac_official_unitree_g1 efficient_sam_s point: 4500/72695 records, last=303.9ms, elapsed=188.4s
[PROGRESS] isaac_official_unitree_g1 efficient_sam_s point: 4750/72695 records, last=15.4ms, elapsed=198.8s
[PROGRESS] isaac_official_unitree_g1 efficient_sam_s point: 5000/72695 records, last=15.1ms, elapsed=209.1s
[PROGRESS] isaac_official_unitree_g1 efficient_sam_s point: 5250/72695 records, last=12.6ms, elapsed=220.0s
[PROGRESS] isaac_official_unitree_g1 efficient_sam_s point: 5500/72695 records, last=12.9ms, elapsed=230.5s
[PROGRESS] isaac_official_unitree_g1 efficient_sam_s point: 5750/72695 records, last=12.2ms, elapsed=241.0s
[PROGRESS] isaac_official_unitree_g1 efficient_sam_s point: 6000/72695 records, last=15.2ms, elapsed=251.3s
[PROGRESS] isaac_official_unitree_g1 efficient_sam_s point: 6250/72695 records, last=12.5ms, elapsed=261.8s
[PROGRESS] isaac_official_unitree_g1 efficient_sam_s point: 6500/72695 records, last=15.5ms, elapsed=271.8s
[PROGRESS] isaac_official_unitree_g1 efficient_sam_s point: 6750/72695 records, last=12.1ms, elapsed=282.4s
[PROGRESS] isaac_official_unitree_g1 efficient_sam_s point: 7000/72695 records, last=12.3ms, elapsed=292.5s
[PROGRESS] isaac_official_unitree_g1 efficient_sam_s point: 7250/72695 records, last=12.5ms, elapsed=303.0s
[PROGRESS] isaac_official_unitree_g1 efficient_sam_s point: 7500/72695 records, last=12.2ms, elapsed=313.2s
[PROGRESS] isaac_official_unitree_g1 efficient_sam_s point: 7750/72695 records, last=12.2ms, elapsed=323.3s
[PROGRESS] isaac_official_unitree_g1 efficient_sam_s point: 8000/72695 records, last=12.3ms, elapsed=334.0s
[PROGRESS] isaac_official_unitree_g1 efficient_sam_s point: 8250/72695 records, last=12.1ms, elapsed=344.0s
[PROGRESS] isaac_official_unitree_g1 efficient_sam_s point: 8500/72695 records, last=12.3ms, elapsed=354.2s
[PROGRESS] isaac_official_unitree_g1 efficient_sam_s point: 8750/72695 records, last=15.2ms, elapsed=364.3s
[PROGRESS] isaac_official_unitree_g1 efficient_sam_s point: 9000/72695 records, last=14.7ms, elapsed=374.6s
[PROGRESS] isaac_official_unitree_g1 efficient_sam_s point: 9250/72695 records, last=12.2ms, elapsed=385.4s
[PROGRESS] isaac_official_unitree_g1 efficient_sam_s point: 9500/72695 records, last=15.0ms, elapsed=395.7s
[PROGRESS] isaac_official_unitree_g1 efficient_sam_s point: 9750/72695 records, last=12.4ms, elapsed=406.5s
[PROGRESS] isaac_official_unitree_g1 efficient_sam_s point: 10000/72695 records, last=12.2ms, elapsed=416.9s
[PROGRESS] isaac_official_unitree_g1 efficient_sam_s point: 10250/72695 records, last=15.9ms, elapsed=427.4s
[PROGRESS] isaac_official_unitree_g1 efficient_sam_s point: 10500/72695 records, last=16.2ms, elapsed=438.0s
[PROGRESS] isaac_official_unitree_g1 efficient_sam_s point: 10750/72695 records, last=12.3ms, elapsed=448.7s
[PROGRESS] isaac_official_unitree_g1 efficient_sam_s point: 11000/72695 records, last=299.7ms, elapsed=459.4s
[PROGRESS] isaac_official_unitree_g1 efficient_sam_s point: 11250/72695 records, last=12.8ms, elapsed=469.7s
[PROGRESS] isaac_official_unitree_g1 efficient_sam_s point: 11500/72695 records, last=12.2ms, elapsed=480.3s
[PROGRESS] isaac_official_unitree_g1 efficient_sam_s point: 11750/72695 records, last=12.5ms, elapsed=490.6s
[PROGRESS] isaac_official_unitree_g1 efficient_sam_s point: 12000/72695 records, last=12.2ms, elapsed=501.1s
[PROGRESS] isaac_official_unitree_g1 efficient_sam_s point: 12250/72695 records, last=16.0ms, elapsed=511.5s
[PROGRESS] isaac_official_unitree_g1 efficient_sam_s point: 12500/72695 records, last=12.1ms, elapsed=522.0s
[PROGRESS] isaac_official_unitree_g1 efficient_sam_s point: 12750/72695 records, last=12.3ms, elapsed=531.8s
[PROGRESS] isaac_official_unitree_g1 efficient_sam_s point: 13000/72695 records, last=15.5ms, elapsed=542.0s
[PROGRESS] isaac_official_unitree_g1 efficient_sam_s point: 13250/72695 records, last=14.7ms, elapsed=552.1s
[PROGRESS] isaac_official_unitree_g1 efficient_sam_s point: 13500/72695 records, last=12.1ms, elapsed=562.5s
[PROGRESS] isaac_official_unitree_g1 efficient_sam_s point: 13750/72695 records, last=12.1ms, elapsed=572.4s
[PROGRESS] isaac_official_unitree_g1 efficient_sam_s point: 14000/72695 records, last=14.8ms, elapsed=582.4s
[PROGRESS] isaac_official_unitree_g1 efficient_sam_s point: 14250/72695 records, last=12.0ms, elapsed=592.9s
[PROGRESS] isaac_official_unitree_g1 efficient_sam_s point: 14500/72695 records, last=11.9ms, elapsed=603.2s
[PROGRESS] isaac_official_unitree_g1 efficient_sam_s point: 14750/72695 records, last=14.9ms, elapsed=613.2s
[PROGRESS] isaac_official_unitree_g1 efficient_sam_s point: 15000/72695 records, last=12.2ms, elapsed=623.2s
[PROGRESS] isaac_official_unitree_g1 efficient_sam_s point: 15250/72695 records, last=12.1ms, elapsed=633.7s
[PROGRESS] isaac_official_unitree_g1 efficient_sam_s point: 15500/72695 records, last=12.3ms, elapsed=644.0s
[PROGRESS] isaac_official_unitree_g1 efficient_sam_s point: 15750/72695 records, last=12.2ms, elapsed=654.4s
[PROGRESS] isaac_official_unitree_g1 efficient_sam_s point: 16000/72695 records, last=12.7ms, elapsed=664.3s
[PROGRESS] isaac_official_unitree_g1 efficient_sam_s point: 16250/72695 records, last=15.8ms, elapsed=674.2s
[PROGRESS] isaac_official_unitree_g1 efficient_sam_s point: 16500/72695 records, last=12.2ms, elapsed=684.5s
[PROGRESS] isaac_official_unitree_g1 efficient_sam_s point: 16750/72695 records, last=12.2ms, elapsed=694.6s
[PROGRESS] isaac_official_unitree_g1 efficient_sam_s point: 17000/72695 records, last=12.2ms, elapsed=704.9s
[PROGRESS] isaac_official_unitree_g1 efficient_sam_s point: 17250/72695 records, last=12.1ms, elapsed=715.1s
[PROGRESS] isaac_official_unitree_g1 efficient_sam_s point: 17500/72695 records, last=11.9ms, elapsed=725.2s
[PROGRESS] isaac_official_unitree_g1 efficient_sam_s point: 17750/72695 records, last=15.2ms, elapsed=735.2s
[PROGRESS] isaac_official_unitree_g1 efficient_sam_s point: 18000/72695 records, last=12.1ms, elapsed=745.8s
[PROGRESS] isaac_official_unitree_g1 efficient_sam_s point: 18250/72695 records, last=11.9ms, elapsed=756.1s
[PROGRESS] isaac_official_unitree_g1 efficient_sam_s point: 18500/72695 records, last=15.7ms, elapsed=766.2s
[PROGRESS] isaac_official_unitree_g1 efficient_sam_s point: 18750/72695 records, last=14.7ms, elapsed=776.8s
[PROGRESS] isaac_official_unitree_g1 efficient_sam_s point: 19000/72695 records, last=11.9ms, elapsed=787.3s
[PROGRESS] isaac_official_unitree_g1 efficient_sam_s point: 19250/72695 records, last=12.5ms, elapsed=797.5s
[PROGRESS] isaac_official_unitree_g1 efficient_sam_s point: 19500/72695 records, last=12.2ms, elapsed=808.2s
[PROGRESS] isaac_official_unitree_g1 efficient_sam_s point: 19750/72695 records, last=15.6ms, elapsed=818.2s
[PROGRESS] isaac_official_unitree_g1 efficient_sam_s point: 20000/72695 records, last=11.9ms, elapsed=828.5s
[PROGRESS] isaac_official_unitree_g1 efficient_sam_s point: 20250/72695 records, last=12.0ms, elapsed=838.7s
[PROGRESS] isaac_official_unitree_g1 efficient_sam_s point: 20500/72695 records, last=12.1ms, elapsed=848.7s
[PROGRESS] isaac_official_unitree_g1 efficient_sam_s point: 20750/72695 records, last=11.9ms, elapsed=858.8s
[PROGRESS] isaac_official_unitree_g1 efficient_sam_s point: 21000/72695 records, last=12.1ms, elapsed=868.9s
[PROGRESS] isaac_official_unitree_g1 efficient_sam_s point: 21250/72695 records, last=15.1ms, elapsed=878.8s
[PROGRESS] isaac_official_unitree_g1 efficient_sam_s point: 21500/72695 records, last=12.0ms, elapsed=889.3s
[PROGRESS] isaac_official_unitree_g1 efficient_sam_s point: 21750/72695 records, last=12.0ms, elapsed=899.6s
[PROGRESS] isaac_official_unitree_g1 efficient_sam_s point: 22000/72695 records, last=14.3ms, elapsed=909.4s
[PROGRESS] isaac_official_unitree_g1 efficient_sam_s point: 22250/72695 records, last=15.0ms, elapsed=919.7s
[PROGRESS] isaac_official_unitree_g1 efficient_sam_s point: 22500/72695 records, last=12.0ms, elapsed=929.9s
[PROGRESS] isaac_official_unitree_g1 efficient_sam_s point: 22750/72695 records, last=12.1ms, elapsed=939.8s
[PROGRESS] isaac_official_unitree_g1 efficient_sam_s point: 23000/72695 records, last=12.1ms, elapsed=950.0s
[PROGRESS] isaac_official_unitree_g1 efficient_sam_s point: 23250/72695 records, last=12.2ms, elapsed=960.1s
[PROGRESS] isaac_official_unitree_g1 efficient_sam_s point: 23500/72695 records, last=12.2ms, elapsed=970.7s
[PROGRESS] isaac_official_unitree_g1 efficient_sam_s point: 23750/72695 records, last=12.3ms, elapsed=981.3s
[PROGRESS] isaac_official_unitree_g1 efficient_sam_s point: 24000/72695 records, last=12.3ms, elapsed=991.6s
[PROGRESS] isaac_official_unitree_g1 efficient_sam_s point: 24250/72695 records, last=12.8ms, elapsed=1001.9s
[PROGRESS] isaac_official_unitree_g1 efficient_sam_s point: 24500/72695 records, last=12.4ms, elapsed=1012.6s
[PROGRESS] isaac_official_unitree_g1 efficient_sam_s point: 24750/72695 records, last=15.1ms, elapsed=1023.2s
[PROGRESS] isaac_official_unitree_g1 efficient_sam_s point: 25000/72695 records, last=15.6ms, elapsed=1034.0s
[PROGRESS] isaac_official_unitree_g1 efficient_sam_s point: 25250/72695 records, last=12.7ms, elapsed=1045.0s
[PROGRESS] isaac_official_unitree_g1 efficient_sam_s point: 25500/72695 records, last=15.3ms, elapsed=1055.6s
[PROGRESS] isaac_official_unitree_g1 efficient_sam_s point: 25750/72695 records, last=321.5ms, elapsed=1066.2s
[PROGRESS] isaac_official_unitree_g1 efficient_sam_s point: 26000/72695 records, last=15.9ms, elapsed=1076.5s
[PROGRESS] isaac_official_unitree_g1 efficient_sam_s point: 26250/72695 records, last=16.1ms, elapsed=1087.2s
[PROGRESS] isaac_official_unitree_g1 efficient_sam_s point: 26500/72695 records, last=12.3ms, elapsed=1097.8s
[PROGRESS] isaac_official_unitree_g1 efficient_sam_s point: 26750/72695 records, last=290.1ms, elapsed=1108.3s
[PROGRESS] isaac_official_unitree_g1 efficient_sam_s point: 27000/72695 records, last=15.4ms, elapsed=1118.4s
[PROGRESS] isaac_official_unitree_g1 efficient_sam_s point: 27250/72695 records, last=12.8ms, elapsed=1129.1s
[PROGRESS] isaac_official_unitree_g1 efficient_sam_s point: 27500/72695 records, last=16.0ms, elapsed=1139.8s
[PROGRESS] isaac_official_unitree_g1 efficient_sam_s point: 27750/72695 records, last=16.1ms, elapsed=1150.4s
[PROGRESS] isaac_official_unitree_g1 efficient_sam_s point: 28000/72695 records, last=12.2ms, elapsed=1160.6s
[PROGRESS] isaac_official_unitree_g1 efficient_sam_s point: 28250/72695 records, last=12.4ms, elapsed=1171.0s
[PROGRESS] isaac_official_unitree_g1 efficient_sam_s point: 28500/72695 records, last=15.8ms, elapsed=1181.0s
[PROGRESS] isaac_official_unitree_g1 efficient_sam_s point: 28750/72695 records, last=12.5ms, elapsed=1191.5s
[PROGRESS] isaac_official_unitree_g1 efficient_sam_s point: 29000/72695 records, last=12.3ms, elapsed=1201.7s
[PROGRESS] isaac_official_unitree_g1 efficient_sam_s point: 29250/72695 records, last=12.2ms, elapsed=1212.1s
[PROGRESS] isaac_official_unitree_g1 efficient_sam_s point: 29500/72695 records, last=15.2ms, elapsed=1222.6s
[PROGRESS] isaac_official_unitree_g1 efficient_sam_s point: 29750/72695 records, last=12.4ms, elapsed=1233.3s
[PROGRESS] isaac_official_unitree_g1 efficient_sam_s point: 30000/72695 records, last=12.3ms, elapsed=1243.8s
[PROGRESS] isaac_official_unitree_g1 efficient_sam_s point: 30250/72695 records, last=15.0ms, elapsed=1253.9s
[PROGRESS] isaac_official_unitree_g1 efficient_sam_s point: 30500/72695 records, last=15.0ms, elapsed=1264.1s
[PROGRESS] isaac_official_unitree_g1 efficient_sam_s point: 30750/72695 records, last=16.0ms, elapsed=1274.6s
[PROGRESS] isaac_official_unitree_g1 efficient_sam_s point: 31000/72695 records, last=12.2ms, elapsed=1285.2s
[PROGRESS] isaac_official_unitree_g1 efficient_sam_s point: 31250/72695 records, last=15.0ms, elapsed=1295.3s
[PROGRESS] isaac_official_unitree_g1 efficient_sam_s point: 31500/72695 records, last=12.5ms, elapsed=1306.1s
[PROGRESS] isaac_official_unitree_g1 efficient_sam_s point: 31750/72695 records, last=12.3ms, elapsed=1316.6s
[PROGRESS] isaac_official_unitree_g1 efficient_sam_s point: 32000/72695 records, last=12.3ms, elapsed=1326.8s
[PROGRESS] isaac_official_unitree_g1 efficient_sam_s point: 32250/72695 records, last=12.4ms, elapsed=1337.3s
[PROGRESS] isaac_official_unitree_g1 efficient_sam_s point: 32500/72695 records, last=15.3ms, elapsed=1347.8s
[PROGRESS] isaac_official_unitree_g1 efficient_sam_s point: 32750/72695 records, last=12.4ms, elapsed=1358.9s
[PROGRESS] isaac_official_unitree_g1 efficient_sam_s point: 33000/72695 records, last=15.4ms, elapsed=1369.2s
[PROGRESS] isaac_official_unitree_g1 efficient_sam_s point: 33250/72695 records, last=12.3ms, elapsed=1380.2s
[PROGRESS] isaac_official_unitree_g1 efficient_sam_s point: 33500/72695 records, last=12.3ms, elapsed=1390.5s
[PROGRESS] isaac_official_unitree_g1 efficient_sam_s point: 33750/72695 records, last=12.2ms, elapsed=1401.0s
[PROGRESS] isaac_official_unitree_g1 efficient_sam_s point: 34000/72695 records, last=12.1ms, elapsed=1411.2s
[PROGRESS] isaac_official_unitree_g1 efficient_sam_s point: 34250/72695 records, last=15.3ms, elapsed=1421.4s
[PROGRESS] isaac_official_unitree_g1 efficient_sam_s point: 34500/72695 records, last=12.3ms, elapsed=1431.8s
[PROGRESS] isaac_official_unitree_g1 efficient_sam_s point: 34750/72695 records, last=12.1ms, elapsed=1442.2s
[PROGRESS] isaac_official_unitree_g1 efficient_sam_s point: 35000/72695 records, last=12.5ms, elapsed=1452.7s
[PROGRESS] isaac_official_unitree_g1 efficient_sam_s point: 35250/72695 records, last=16.0ms, elapsed=1462.8s
[PROGRESS] isaac_official_unitree_g1 efficient_sam_s point: 35500/72695 records, last=12.4ms, elapsed=1473.5s
[PROGRESS] isaac_official_unitree_g1 efficient_sam_s point: 35750/72695 records, last=12.1ms, elapsed=1483.6s
[PROGRESS] isaac_official_unitree_g1 efficient_sam_s point: 36000/72695 records, last=12.2ms, elapsed=1494.5s
[PROGRESS] isaac_official_unitree_g1 efficient_sam_s point: 36250/72695 records, last=15.0ms, elapsed=1504.6s
[PROGRESS] isaac_official_unitree_g1 efficient_sam_s point: 36500/72695 records, last=16.2ms, elapsed=1515.1s
[PROGRESS] isaac_official_unitree_g1 efficient_sam_s point: 36750/72695 records, last=12.4ms, elapsed=1525.7s
[PROGRESS] isaac_official_unitree_g1 efficient_sam_s point: 37000/72695 records, last=12.1ms, elapsed=1536.0s
[PROGRESS] isaac_official_unitree_g1 efficient_sam_s point: 37250/72695 records, last=12.6ms, elapsed=1546.0s
[PROGRESS] isaac_official_unitree_g1 efficient_sam_s point: 37500/72695 records, last=12.1ms, elapsed=1556.5s
[PROGRESS] isaac_official_unitree_g1 efficient_sam_s point: 37750/72695 records, last=12.6ms, elapsed=1566.8s
[PROGRESS] isaac_official_unitree_g1 efficient_sam_s point: 38000/72695 records, last=12.3ms, elapsed=1577.5s
[PROGRESS] isaac_official_unitree_g1 efficient_sam_s point: 38250/72695 records, last=16.1ms, elapsed=1587.5s
[PROGRESS] isaac_official_unitree_g1 efficient_sam_s point: 38500/72695 records, last=12.2ms, elapsed=1598.1s
[PROGRESS] isaac_official_unitree_g1 efficient_sam_s point: 38750/72695 records, last=16.1ms, elapsed=1607.9s
[PROGRESS] isaac_official_unitree_g1 efficient_sam_s point: 39000/72695 records, last=15.9ms, elapsed=1618.4s
[PROGRESS] isaac_official_unitree_g1 efficient_sam_s point: 39250/72695 records, last=12.1ms, elapsed=1628.5s
[PROGRESS] isaac_official_unitree_g1 efficient_sam_s point: 39500/72695 records, last=14.6ms, elapsed=1639.0s
[PROGRESS] isaac_official_unitree_g1 efficient_sam_s point: 39750/72695 records, last=12.2ms, elapsed=1649.2s
[PROGRESS] isaac_official_unitree_g1 efficient_sam_s point: 40000/72695 records, last=12.4ms, elapsed=1659.4s
[PROGRESS] isaac_official_unitree_g1 efficient_sam_s point: 40250/72695 records, last=12.6ms, elapsed=1669.9s
[PROGRESS] isaac_official_unitree_g1 efficient_sam_s point: 40500/72695 records, last=12.4ms, elapsed=1680.4s
[PROGRESS] isaac_official_unitree_g1 efficient_sam_s point: 40750/72695 records, last=12.3ms, elapsed=1691.2s
[PROGRESS] isaac_official_unitree_g1 efficient_sam_s point: 41000/72695 records, last=12.4ms, elapsed=1701.3s
[PROGRESS] isaac_official_unitree_g1 efficient_sam_s point: 41250/72695 records, last=236.7ms, elapsed=1712.0s
[PROGRESS] isaac_official_unitree_g1 efficient_sam_s point: 41500/72695 records, last=12.3ms, elapsed=1722.4s
[PROGRESS] isaac_official_unitree_g1 efficient_sam_s point: 41750/72695 records, last=15.1ms, elapsed=1733.0s
[PROGRESS] isaac_official_unitree_g1 efficient_sam_s point: 42000/72695 records, last=12.2ms, elapsed=1743.7s
[PROGRESS] isaac_official_unitree_g1 efficient_sam_s point: 42250/72695 records, last=12.4ms, elapsed=1754.4s
[PROGRESS] isaac_official_unitree_g1 efficient_sam_s point: 42500/72695 records, last=12.5ms, elapsed=1764.7s
[PROGRESS] isaac_official_unitree_g1 efficient_sam_s point: 42750/72695 records, last=15.9ms, elapsed=1775.1s
[PROGRESS] isaac_official_unitree_g1 efficient_sam_s point: 43000/72695 records, last=12.4ms, elapsed=1785.9s
[PROGRESS] isaac_official_unitree_g1 efficient_sam_s point: 43250/72695 records, last=15.9ms, elapsed=1796.3s
[PROGRESS] isaac_official_unitree_g1 efficient_sam_s point: 43500/72695 records, last=12.3ms, elapsed=1806.8s
[PROGRESS] isaac_official_unitree_g1 efficient_sam_s point: 43750/72695 records, last=314.9ms, elapsed=1817.5s
[PROGRESS] isaac_official_unitree_g1 efficient_sam_s point: 44000/72695 records, last=12.5ms, elapsed=1827.5s
[PROGRESS] isaac_official_unitree_g1 efficient_sam_s point: 44250/72695 records, last=15.5ms, elapsed=1838.0s
[PROGRESS] isaac_official_unitree_g1 efficient_sam_s point: 44500/72695 records, last=12.3ms, elapsed=1848.6s
[PROGRESS] isaac_official_unitree_g1 efficient_sam_s point: 44750/72695 records, last=15.7ms, elapsed=1859.1s
[PROGRESS] isaac_official_unitree_g1 efficient_sam_s point: 45000/72695 records, last=12.3ms, elapsed=1869.4s
[PROGRESS] isaac_official_unitree_g1 efficient_sam_s point: 45250/72695 records, last=12.3ms, elapsed=1880.3s
[PROGRESS] isaac_official_unitree_g1 efficient_sam_s point: 45500/72695 records, last=15.3ms, elapsed=1890.9s
[PROGRESS] isaac_official_unitree_g1 efficient_sam_s point: 45750/72695 records, last=15.6ms, elapsed=1901.2s
[PROGRESS] isaac_official_unitree_g1 efficient_sam_s point: 46000/72695 records, last=12.3ms, elapsed=1911.9s
[PROGRESS] isaac_official_unitree_g1 efficient_sam_s point: 46250/72695 records, last=12.4ms, elapsed=1922.2s
[PROGRESS] isaac_official_unitree_g1 efficient_sam_s point: 46500/72695 records, last=15.3ms, elapsed=1932.6s
[PROGRESS] isaac_official_unitree_g1 efficient_sam_s point: 46750/72695 records, last=15.1ms, elapsed=1943.2s
[PROGRESS] isaac_official_unitree_g1 efficient_sam_s point: 47000/72695 records, last=12.6ms, elapsed=1953.7s
[PROGRESS] isaac_official_unitree_g1 efficient_sam_s point: 47250/72695 records, last=12.5ms, elapsed=1964.2s
[PROGRESS] isaac_official_unitree_g1 efficient_sam_s point: 47500/72695 records, last=12.6ms, elapsed=1975.0s
[PROGRESS] isaac_official_unitree_g1 efficient_sam_s point: 47750/72695 records, last=12.7ms, elapsed=1985.9s
[PROGRESS] isaac_official_unitree_g1 efficient_sam_s point: 48000/72695 records, last=12.6ms, elapsed=1996.5s
[PROGRESS] isaac_official_unitree_g1 efficient_sam_s point: 48250/72695 records, last=12.5ms, elapsed=2006.9s
[PROGRESS] isaac_official_unitree_g1 efficient_sam_s point: 48500/72695 records, last=15.6ms, elapsed=2017.5s
[PROGRESS] isaac_official_unitree_g1 efficient_sam_s point: 48750/72695 records, last=12.4ms, elapsed=2028.3s
[PROGRESS] isaac_official_unitree_g1 efficient_sam_s point: 49000/72695 records, last=15.1ms, elapsed=2038.5s
[PROGRESS] isaac_official_unitree_g1 efficient_sam_s point: 49250/72695 records, last=15.3ms, elapsed=2048.8s
[PROGRESS] isaac_official_unitree_g1 efficient_sam_s point: 49500/72695 records, last=15.0ms, elapsed=2059.6s
[PROGRESS] isaac_official_unitree_g1 efficient_sam_s point: 49750/72695 records, last=12.8ms, elapsed=2070.5s
[PROGRESS] isaac_official_unitree_g1 efficient_sam_s point: 50000/72695 records, last=14.7ms, elapsed=2080.8s
[PROGRESS] isaac_official_unitree_g1 efficient_sam_s point: 50250/72695 records, last=12.5ms, elapsed=2091.6s
[PROGRESS] isaac_official_unitree_g1 efficient_sam_s point: 50500/72695 records, last=12.4ms, elapsed=2102.1s
[PROGRESS] isaac_official_unitree_g1 efficient_sam_s point: 50750/72695 records, last=15.8ms, elapsed=2112.6s
[PROGRESS] isaac_official_unitree_g1 efficient_sam_s point: 51000/72695 records, last=16.3ms, elapsed=2123.1s
[PROGRESS] isaac_official_unitree_g1 efficient_sam_s point: 51250/72695 records, last=12.5ms, elapsed=2134.1s
[PROGRESS] isaac_official_unitree_g1 efficient_sam_s point: 51500/72695 records, last=12.5ms, elapsed=2144.7s
[PROGRESS] isaac_official_unitree_g1 efficient_sam_s point: 51750/72695 records, last=12.3ms, elapsed=2155.2s
[PROGRESS] isaac_official_unitree_g1 efficient_sam_s point: 52000/72695 records, last=12.9ms, elapsed=2165.7s
[PROGRESS] isaac_official_unitree_g1 efficient_sam_s point: 52250/72695 records, last=12.4ms, elapsed=2176.2s
[PROGRESS] isaac_official_unitree_g1 efficient_sam_s point: 52500/72695 records, last=15.2ms, elapsed=2186.5s
[PROGRESS] isaac_official_unitree_g1 efficient_sam_s point: 52750/72695 records, last=12.6ms, elapsed=2197.4s
[PROGRESS] isaac_official_unitree_g1 efficient_sam_s point: 53000/72695 records, last=12.7ms, elapsed=2208.1s
[PROGRESS] isaac_official_unitree_g1 efficient_sam_s point: 53250/72695 records, last=15.7ms, elapsed=2218.4s
[PROGRESS] isaac_official_unitree_g1 efficient_sam_s point: 53500/72695 records, last=12.5ms, elapsed=2229.1s
[PROGRESS] isaac_official_unitree_g1 efficient_sam_s point: 53750/72695 records, last=12.3ms, elapsed=2239.4s
[PROGRESS] isaac_official_unitree_g1 efficient_sam_s point: 54000/72695 records, last=16.1ms, elapsed=2249.6s
[PROGRESS] isaac_official_unitree_g1 efficient_sam_s point: 54250/72695 records, last=16.3ms, elapsed=2259.9s
[PROGRESS] isaac_official_unitree_g1 efficient_sam_s point: 54500/72695 records, last=12.3ms, elapsed=2270.7s
[PROGRESS] isaac_official_unitree_g1 efficient_sam_s point: 54750/72695 records, last=12.4ms, elapsed=2281.1s
[PROGRESS] isaac_official_unitree_g1 efficient_sam_s point: 55000/72695 records, last=12.4ms, elapsed=2291.6s
[PROGRESS] isaac_official_unitree_g1 efficient_sam_s point: 55250/72695 records, last=12.6ms, elapsed=2301.9s
[PROGRESS] isaac_official_unitree_g1 efficient_sam_s point: 55500/72695 records, last=12.3ms, elapsed=2312.7s
[PROGRESS] isaac_official_unitree_g1 efficient_sam_s point: 55750/72695 records, last=12.4ms, elapsed=2323.1s
[PROGRESS] isaac_official_unitree_g1 efficient_sam_s point: 56000/72695 records, last=13.0ms, elapsed=2333.6s
[PROGRESS] isaac_official_unitree_g1 efficient_sam_s point: 56250/72695 records, last=14.6ms, elapsed=2343.9s
[PROGRESS] isaac_official_unitree_g1 efficient_sam_s point: 56500/72695 records, last=12.3ms, elapsed=2354.4s
[PROGRESS] isaac_official_unitree_g1 efficient_sam_s point: 56750/72695 records, last=12.2ms, elapsed=2364.8s
[PROGRESS] isaac_official_unitree_g1 efficient_sam_s point: 57000/72695 records, last=15.7ms, elapsed=2375.3s
[PROGRESS] isaac_official_unitree_g1 efficient_sam_s point: 57250/72695 records, last=12.4ms, elapsed=2386.1s
[PROGRESS] isaac_official_unitree_g1 efficient_sam_s point: 57500/72695 records, last=12.5ms, elapsed=2396.2s
[PROGRESS] isaac_official_unitree_g1 efficient_sam_s point: 57750/72695 records, last=12.5ms, elapsed=2406.6s
[PROGRESS] isaac_official_unitree_g1 efficient_sam_s point: 58000/72695 records, last=12.7ms, elapsed=2416.8s
[PROGRESS] isaac_official_unitree_g1 efficient_sam_s point: 58250/72695 records, last=12.7ms, elapsed=2427.5s
[PROGRESS] isaac_official_unitree_g1 efficient_sam_s point: 58500/72695 records, last=12.2ms, elapsed=2437.9s
[PROGRESS] isaac_official_unitree_g1 efficient_sam_s point: 58750/72695 records, last=12.6ms, elapsed=2448.6s
[PROGRESS] isaac_official_unitree_g1 efficient_sam_s point: 59000/72695 records, last=12.4ms, elapsed=2459.0s
[PROGRESS] isaac_official_unitree_g1 efficient_sam_s point: 59250/72695 records, last=14.9ms, elapsed=2469.3s
[PROGRESS] isaac_official_unitree_g1 efficient_sam_s point: 59500/72695 records, last=12.3ms, elapsed=2479.6s
[PROGRESS] isaac_official_unitree_g1 efficient_sam_s point: 59750/72695 records, last=14.9ms, elapsed=2489.8s
[PROGRESS] isaac_official_unitree_g1 efficient_sam_s point: 60000/72695 records, last=12.2ms, elapsed=2500.3s
[PROGRESS] isaac_official_unitree_g1 efficient_sam_s point: 60250/72695 records, last=12.2ms, elapsed=2510.6s
[PROGRESS] isaac_official_unitree_g1 efficient_sam_s point: 60500/72695 records, last=15.1ms, elapsed=2521.3s
[PROGRESS] isaac_official_unitree_g1 efficient_sam_s point: 60750/72695 records, last=12.6ms, elapsed=2531.8s
[PROGRESS] isaac_official_unitree_g1 efficient_sam_s point: 61000/72695 records, last=12.2ms, elapsed=2542.2s
[PROGRESS] isaac_official_unitree_g1 efficient_sam_s point: 61250/72695 records, last=15.5ms, elapsed=2552.2s
[PROGRESS] isaac_official_unitree_g1 efficient_sam_s point: 61500/72695 records, last=12.4ms, elapsed=2562.6s
[PROGRESS] isaac_official_unitree_g1 efficient_sam_s point: 61750/72695 records, last=12.4ms, elapsed=2573.1s
[PROGRESS] isaac_official_unitree_g1 efficient_sam_s point: 62000/72695 records, last=12.4ms, elapsed=2583.3s
[PROGRESS] isaac_official_unitree_g1 efficient_sam_s point: 62250/72695 records, last=16.1ms, elapsed=2594.3s
[PROGRESS] isaac_official_unitree_g1 efficient_sam_s point: 62500/72695 records, last=12.4ms, elapsed=2605.2s
[PROGRESS] isaac_official_unitree_g1 efficient_sam_s point: 62750/72695 records, last=12.5ms, elapsed=2615.5s
[PROGRESS] isaac_official_unitree_g1 efficient_sam_s point: 63000/72695 records, last=15.8ms, elapsed=2625.3s
[PROGRESS] isaac_official_unitree_g1 efficient_sam_s point: 63250/72695 records, last=15.3ms, elapsed=2635.8s
[PROGRESS] isaac_official_unitree_g1 efficient_sam_s point: 63500/72695 records, last=12.3ms, elapsed=2646.3s
[PROGRESS] isaac_official_unitree_g1 efficient_sam_s point: 63750/72695 records, last=12.3ms, elapsed=2656.6s
[PROGRESS] isaac_official_unitree_g1 efficient_sam_s point: 64000/72695 records, last=12.7ms, elapsed=2667.2s
[PROGRESS] isaac_official_unitree_g1 efficient_sam_s point: 64250/72695 records, last=12.3ms, elapsed=2677.7s
[PROGRESS] isaac_official_unitree_g1 efficient_sam_s point: 64500/72695 records, last=12.3ms, elapsed=2688.6s
[PROGRESS] isaac_official_unitree_g1 efficient_sam_s point: 64750/72695 records, last=15.0ms, elapsed=2698.7s
[PROGRESS] isaac_official_unitree_g1 efficient_sam_s point: 65000/72695 records, last=12.3ms, elapsed=2709.3s
[PROGRESS] isaac_official_unitree_g1 efficient_sam_s point: 65250/72695 records, last=12.2ms, elapsed=2719.6s
[PROGRESS] isaac_official_unitree_g1 efficient_sam_s point: 65500/72695 records, last=14.7ms, elapsed=2729.7s
[PROGRESS] isaac_official_unitree_g1 efficient_sam_s point: 65750/72695 records, last=12.1ms, elapsed=2739.9s
[PROGRESS] isaac_official_unitree_g1 efficient_sam_s point: 66000/72695 records, last=12.4ms, elapsed=2750.7s
[PROGRESS] isaac_official_unitree_g1 efficient_sam_s point: 66250/72695 records, last=12.3ms, elapsed=2761.1s
[PROGRESS] isaac_official_unitree_g1 efficient_sam_s point: 66500/72695 records, last=15.3ms, elapsed=2771.5s
[PROGRESS] isaac_official_unitree_g1 efficient_sam_s point: 66750/72695 records, last=16.3ms, elapsed=2782.0s
[PROGRESS] isaac_official_unitree_g1 efficient_sam_s point: 67000/72695 records, last=12.3ms, elapsed=2792.2s
[PROGRESS] isaac_official_unitree_g1 efficient_sam_s point: 67250/72695 records, last=12.4ms, elapsed=2802.9s
[PROGRESS] isaac_official_unitree_g1 efficient_sam_s point: 67500/72695 records, last=12.3ms, elapsed=2813.2s
[PROGRESS] isaac_official_unitree_g1 efficient_sam_s point: 67750/72695 records, last=14.9ms, elapsed=2823.8s
[PROGRESS] isaac_official_unitree_g1 efficient_sam_s point: 68000/72695 records, last=12.3ms, elapsed=2834.3s
[PROGRESS] isaac_official_unitree_g1 efficient_sam_s point: 68250/72695 records, last=12.6ms, elapsed=2844.9s
[PROGRESS] isaac_official_unitree_g1 efficient_sam_s point: 68500/72695 records, last=12.6ms, elapsed=2855.3s
[PROGRESS] isaac_official_unitree_g1 efficient_sam_s point: 68750/72695 records, last=12.4ms, elapsed=2866.1s
[PROGRESS] isaac_official_unitree_g1 efficient_sam_s point: 69000/72695 records, last=14.9ms, elapsed=2876.3s
[PROGRESS] isaac_official_unitree_g1 efficient_sam_s point: 69250/72695 records, last=12.6ms, elapsed=2886.4s
[PROGRESS] isaac_official_unitree_g1 efficient_sam_s point: 69500/72695 records, last=12.3ms, elapsed=2896.8s
[PROGRESS] isaac_official_unitree_g1 efficient_sam_s point: 69750/72695 records, last=15.8ms, elapsed=2907.0s
[PROGRESS] isaac_official_unitree_g1 efficient_sam_s point: 70000/72695 records, last=15.3ms, elapsed=2917.7s
[PROGRESS] isaac_official_unitree_g1 efficient_sam_s point: 70250/72695 records, last=12.5ms, elapsed=2928.4s
[PROGRESS] isaac_official_unitree_g1 efficient_sam_s point: 70500/72695 records, last=15.1ms, elapsed=2938.5s
[PROGRESS] isaac_official_unitree_g1 efficient_sam_s point: 70750/72695 records, last=12.5ms, elapsed=2948.9s
[PROGRESS] isaac_official_unitree_g1 efficient_sam_s point: 71000/72695 records, last=12.4ms, elapsed=2958.9s
[PROGRESS] isaac_official_unitree_g1 efficient_sam_s point: 71250/72695 records, last=12.4ms, elapsed=2969.4s
[PROGRESS] isaac_official_unitree_g1 efficient_sam_s point: 71500/72695 records, last=12.9ms, elapsed=2979.6s
[PROGRESS] isaac_official_unitree_g1 efficient_sam_s point: 71750/72695 records, last=12.2ms, elapsed=2990.2s
[PROGRESS] isaac_official_unitree_g1 efficient_sam_s point: 72000/72695 records, last=12.4ms, elapsed=3001.0s
[PROGRESS] isaac_official_unitree_g1 efficient_sam_s point: 72250/72695 records, last=15.8ms, elapsed=3011.1s
[PROGRESS] isaac_official_unitree_g1 efficient_sam_s point: 72500/72695 records, last=12.3ms, elapsed=3021.5s
[PROGRESS] isaac_official_unitree_g1 efficient_sam_s point: 72695/72695 records, last=16.1ms, elapsed=3029.7s
[WRITE] wrote 72695 records to results/task9_lightweight_sam/isaac_official_unitree_g1/efficient_sam_s/point_predictions.jsonl
[OK] wrote results/task9_lightweight_sam/isaac_official_unitree_g1/efficient_sam_s/point_predictions.jsonl
[OK] isaac_official_unitree_g1/efficient_sam_s/point: 72695 rows
[RUN] isaac_official_unitree_g1/efficient_sam_s/box: expected_rows=72695
+ /home/ubuntu/COGAR_Foundation-Model-Segmentation-for-Robotic-Scenes/.venv/bin/python /home/ubuntu/COGAR_Foundation-Model-Segmentation-for-Robotic-Scenes/scripts/benchmarks/run_zero_shot_sam.py --config configs/task9_lightweight_sam.yaml --dataset isaac_official_unitree_g1 --model efficient_sam_s --prompt-mode box --log-every 250
[START] dataset=isaac_official_unitree_g1 model=efficient_sam_s prompt_mode=box device=cuda records=72695 run_units=72695 output=results/task9_lightweight_sam/isaac_official_unitree_g1/efficient_sam_s/box_predictions.jsonl
[LOAD] efficient_sam_s: loading checkpoint/model
/home/ubuntu/COGAR_Foundation-Model-Segmentation-for-Robotic-Scenes/.venv/lib/python3.12/site-packages/efficient_sam/efficient_sam.py:303: FutureWarning: You are using `torch.load` with `weights_only=False` (the current default value), which uses the default pickle module implicitly. It is possible to construct malicious pickle data which will execute arbitrary code during unpickling (See https://github.com/pytorch/pytorch/blob/main/SECURITY.md#untrusted-models for more details). In a future release, the default value for `weights_only` will be flipped to `True`. This limits the functions that could be executed during unpickling. Arbitrary objects will no longer be allowed to be loaded via this mode unless they are explicitly allowlisted by the user via `torch.serialization.add_safe_globals`. We recommend you start setting `weights_only=True` for any use case where you don't have full control of the loaded file. Please open an issue on GitHub for any issues related to this experimental feature.
  state_dict = torch.load(f, map_location="cpu")
[LOAD] efficient_sam_s: ready in 3.5s
[PROGRESS] isaac_official_unitree_g1 efficient_sam_s box: 1/72695 records, last=618.9ms, elapsed=0.7s
[PROGRESS] isaac_official_unitree_g1 efficient_sam_s box: 250/72695 records, last=12.3ms, elapsed=11.0s
[PROGRESS] isaac_official_unitree_g1 efficient_sam_s box: 500/72695 records, last=12.5ms, elapsed=21.8s
[PROGRESS] isaac_official_unitree_g1 efficient_sam_s box: 750/72695 records, last=12.4ms, elapsed=32.0s
[PROGRESS] isaac_official_unitree_g1 efficient_sam_s box: 1000/72695 records, last=12.2ms, elapsed=42.8s
[PROGRESS] isaac_official_unitree_g1 efficient_sam_s box: 1250/72695 records, last=12.5ms, elapsed=53.1s
[PROGRESS] isaac_official_unitree_g1 efficient_sam_s box: 1500/72695 records, last=12.1ms, elapsed=64.0s
[PROGRESS] isaac_official_unitree_g1 efficient_sam_s box: 1750/72695 records, last=12.5ms, elapsed=74.8s
[PROGRESS] isaac_official_unitree_g1 efficient_sam_s box: 2000/72695 records, last=12.3ms, elapsed=85.2s
[PROGRESS] isaac_official_unitree_g1 efficient_sam_s box: 2250/72695 records, last=12.3ms, elapsed=95.9s
[PROGRESS] isaac_official_unitree_g1 efficient_sam_s box: 2500/72695 records, last=12.3ms, elapsed=106.2s
[PROGRESS] isaac_official_unitree_g1 efficient_sam_s box: 2750/72695 records, last=12.5ms, elapsed=116.4s
[PROGRESS] isaac_official_unitree_g1 efficient_sam_s box: 3000/72695 records, last=15.6ms, elapsed=127.0s
[PROGRESS] isaac_official_unitree_g1 efficient_sam_s box: 3250/72695 records, last=12.4ms, elapsed=137.9s
[PROGRESS] isaac_official_unitree_g1 efficient_sam_s box: 3500/72695 records, last=12.5ms, elapsed=148.5s
[PROGRESS] isaac_official_unitree_g1 efficient_sam_s box: 3750/72695 records, last=12.4ms, elapsed=159.1s
[PROGRESS] isaac_official_unitree_g1 efficient_sam_s box: 4000/72695 records, last=12.4ms, elapsed=169.3s
[PROGRESS] isaac_official_unitree_g1 efficient_sam_s box: 4250/72695 records, last=12.3ms, elapsed=180.0s
[PROGRESS] isaac_official_unitree_g1 efficient_sam_s box: 4500/72695 records, last=315.1ms, elapsed=190.5s
[PROGRESS] isaac_official_unitree_g1 efficient_sam_s box: 4750/72695 records, last=15.2ms, elapsed=200.9s
[PROGRESS] isaac_official_unitree_g1 efficient_sam_s box: 5000/72695 records, last=15.2ms, elapsed=211.1s
[PROGRESS] isaac_official_unitree_g1 efficient_sam_s box: 5250/72695 records, last=12.4ms, elapsed=222.0s
[PROGRESS] isaac_official_unitree_g1 efficient_sam_s box: 5500/72695 records, last=12.4ms, elapsed=232.4s
[PROGRESS] isaac_official_unitree_g1 efficient_sam_s box: 5750/72695 records, last=12.3ms, elapsed=243.0s
[PROGRESS] isaac_official_unitree_g1 efficient_sam_s box: 6000/72695 records, last=15.1ms, elapsed=253.4s
[PROGRESS] isaac_official_unitree_g1 efficient_sam_s box: 6250/72695 records, last=12.8ms, elapsed=264.1s
[PROGRESS] isaac_official_unitree_g1 efficient_sam_s box: 6500/72695 records, last=15.7ms, elapsed=274.2s
[PROGRESS] isaac_official_unitree_g1 efficient_sam_s box: 6750/72695 records, last=12.3ms, elapsed=284.7s
[PROGRESS] isaac_official_unitree_g1 efficient_sam_s box: 7000/72695 records, last=12.6ms, elapsed=295.0s
[PROGRESS] isaac_official_unitree_g1 efficient_sam_s box: 7250/72695 records, last=12.5ms, elapsed=305.7s
[PROGRESS] isaac_official_unitree_g1 efficient_sam_s box: 7500/72695 records, last=12.3ms, elapsed=316.0s
[PROGRESS] isaac_official_unitree_g1 efficient_sam_s box: 7750/72695 records, last=12.5ms, elapsed=326.2s
[PROGRESS] isaac_official_unitree_g1 efficient_sam_s box: 8000/72695 records, last=12.4ms, elapsed=336.9s
[PROGRESS] isaac_official_unitree_g1 efficient_sam_s box: 8250/72695 records, last=12.4ms, elapsed=347.0s
[PROGRESS] isaac_official_unitree_g1 efficient_sam_s box: 8500/72695 records, last=12.4ms, elapsed=357.3s
[PROGRESS] isaac_official_unitree_g1 efficient_sam_s box: 8750/72695 records, last=14.9ms, elapsed=367.6s
[PROGRESS] isaac_official_unitree_g1 efficient_sam_s box: 9000/72695 records, last=12.5ms, elapsed=377.9s
[PROGRESS] isaac_official_unitree_g1 efficient_sam_s box: 9250/72695 records, last=12.2ms, elapsed=389.0s
[PROGRESS] isaac_official_unitree_g1 efficient_sam_s box: 9500/72695 records, last=14.9ms, elapsed=399.3s
[PROGRESS] isaac_official_unitree_g1 efficient_sam_s box: 9750/72695 records, last=12.2ms, elapsed=410.1s
[PROGRESS] isaac_official_unitree_g1 efficient_sam_s box: 10000/72695 records, last=12.9ms, elapsed=420.5s
[PROGRESS] isaac_official_unitree_g1 efficient_sam_s box: 10250/72695 records, last=15.8ms, elapsed=431.1s
[PROGRESS] isaac_official_unitree_g1 efficient_sam_s box: 10500/72695 records, last=16.0ms, elapsed=441.6s
[PROGRESS] isaac_official_unitree_g1 efficient_sam_s box: 10750/72695 records, last=12.1ms, elapsed=452.2s
[PROGRESS] isaac_official_unitree_g1 efficient_sam_s box: 11000/72695 records, last=287.5ms, elapsed=463.0s
[PROGRESS] isaac_official_unitree_g1 efficient_sam_s box: 11250/72695 records, last=12.7ms, elapsed=473.3s
[PROGRESS] isaac_official_unitree_g1 efficient_sam_s box: 11500/72695 records, last=12.3ms, elapsed=484.0s
[PROGRESS] isaac_official_unitree_g1 efficient_sam_s box: 11750/72695 records, last=12.4ms, elapsed=494.3s
[PROGRESS] isaac_official_unitree_g1 efficient_sam_s box: 12000/72695 records, last=12.3ms, elapsed=505.0s
[PROGRESS] isaac_official_unitree_g1 efficient_sam_s box: 12250/72695 records, last=16.0ms, elapsed=515.5s
[PROGRESS] isaac_official_unitree_g1 efficient_sam_s box: 12500/72695 records, last=12.4ms, elapsed=526.2s
[PROGRESS] isaac_official_unitree_g1 efficient_sam_s box: 12750/72695 records, last=12.3ms, elapsed=536.2s
[PROGRESS] isaac_official_unitree_g1 efficient_sam_s box: 13000/72695 records, last=16.1ms, elapsed=546.7s
[PROGRESS] isaac_official_unitree_g1 efficient_sam_s box: 13250/72695 records, last=15.3ms, elapsed=557.1s
[PROGRESS] isaac_official_unitree_g1 efficient_sam_s box: 13500/72695 records, last=12.6ms, elapsed=567.9s
[PROGRESS] isaac_official_unitree_g1 efficient_sam_s box: 13750/72695 records, last=12.3ms, elapsed=578.1s
[PROGRESS] isaac_official_unitree_g1 efficient_sam_s box: 14000/72695 records, last=15.3ms, elapsed=588.4s
[PROGRESS] isaac_official_unitree_g1 efficient_sam_s box: 14250/72695 records, last=12.6ms, elapsed=599.3s
[PROGRESS] isaac_official_unitree_g1 efficient_sam_s box: 14500/72695 records, last=12.2ms, elapsed=609.9s
[PROGRESS] isaac_official_unitree_g1 efficient_sam_s box: 14750/72695 records, last=15.2ms, elapsed=620.1s
[PROGRESS] isaac_official_unitree_g1 efficient_sam_s box: 15000/72695 records, last=12.2ms, elapsed=630.2s
[PROGRESS] isaac_official_unitree_g1 efficient_sam_s box: 15250/72695 records, last=12.2ms, elapsed=640.8s
[PROGRESS] isaac_official_unitree_g1 efficient_sam_s box: 15500/72695 records, last=12.4ms, elapsed=651.3s
[PROGRESS] isaac_official_unitree_g1 efficient_sam_s box: 15750/72695 records, last=12.3ms, elapsed=661.8s
[PROGRESS] isaac_official_unitree_g1 efficient_sam_s box: 16000/72695 records, last=12.3ms, elapsed=671.9s
[PROGRESS] isaac_official_unitree_g1 efficient_sam_s box: 16250/72695 records, last=16.0ms, elapsed=682.0s
[PROGRESS] isaac_official_unitree_g1 efficient_sam_s box: 16500/72695 records, last=12.4ms, elapsed=692.5s
[PROGRESS] isaac_official_unitree_g1 efficient_sam_s box: 16750/72695 records, last=12.2ms, elapsed=702.9s
[PROGRESS] isaac_official_unitree_g1 efficient_sam_s box: 17000/72695 records, last=12.4ms, elapsed=713.6s
[PROGRESS] isaac_official_unitree_g1 efficient_sam_s box: 17250/72695 records, last=12.4ms, elapsed=724.2s
[PROGRESS] isaac_official_unitree_g1 efficient_sam_s box: 17500/72695 records, last=12.8ms, elapsed=734.7s
[PROGRESS] isaac_official_unitree_g1 efficient_sam_s box: 17750/72695 records, last=16.0ms, elapsed=745.1s
[PROGRESS] isaac_official_unitree_g1 efficient_sam_s box: 18000/72695 records, last=12.3ms, elapsed=755.9s
[PROGRESS] isaac_official_unitree_g1 efficient_sam_s box: 18250/72695 records, last=12.4ms, elapsed=766.5s
[PROGRESS] isaac_official_unitree_g1 efficient_sam_s box: 18500/72695 records, last=15.9ms, elapsed=776.9s
[PROGRESS] isaac_official_unitree_g1 efficient_sam_s box: 18750/72695 records, last=15.4ms, elapsed=787.8s
[PROGRESS] isaac_official_unitree_g1 efficient_sam_s box: 19000/72695 records, last=12.4ms, elapsed=798.7s
[PROGRESS] isaac_official_unitree_g1 efficient_sam_s box: 19250/72695 records, last=13.1ms, elapsed=809.2s
[PROGRESS] isaac_official_unitree_g1 efficient_sam_s box: 19500/72695 records, last=12.4ms, elapsed=820.4s
[PROGRESS] isaac_official_unitree_g1 efficient_sam_s box: 19750/72695 records, last=15.8ms, elapsed=830.6s
[PROGRESS] isaac_official_unitree_g1 efficient_sam_s box: 20000/72695 records, last=12.4ms, elapsed=841.3s
[PROGRESS] isaac_official_unitree_g1 efficient_sam_s box: 20250/72695 records, last=12.4ms, elapsed=851.9s
[PROGRESS] isaac_official_unitree_g1 efficient_sam_s box: 20500/72695 records, last=12.6ms, elapsed=862.2s
[PROGRESS] isaac_official_unitree_g1 efficient_sam_s box: 20750/72695 records, last=15.0ms, elapsed=872.6s
[PROGRESS] isaac_official_unitree_g1 efficient_sam_s box: 21000/72695 records, last=12.4ms, elapsed=883.0s
[PROGRESS] isaac_official_unitree_g1 efficient_sam_s box: 21250/72695 records, last=15.5ms, elapsed=893.2s
[PROGRESS] isaac_official_unitree_g1 efficient_sam_s box: 21500/72695 records, last=12.3ms, elapsed=904.1s
[PROGRESS] isaac_official_unitree_g1 efficient_sam_s box: 21750/72695 records, last=12.4ms, elapsed=914.7s
[PROGRESS] isaac_official_unitree_g1 efficient_sam_s box: 22000/72695 records, last=15.1ms, elapsed=924.9s
[PROGRESS] isaac_official_unitree_g1 efficient_sam_s box: 22250/72695 records, last=15.5ms, elapsed=935.5s
[PROGRESS] isaac_official_unitree_g1 efficient_sam_s box: 22500/72695 records, last=12.8ms, elapsed=946.2s
[PROGRESS] isaac_official_unitree_g1 efficient_sam_s box: 22750/72695 records, last=12.2ms, elapsed=956.5s
[PROGRESS] isaac_official_unitree_g1 efficient_sam_s box: 23000/72695 records, last=12.3ms, elapsed=966.9s
[PROGRESS] isaac_official_unitree_g1 efficient_sam_s box: 23250/72695 records, last=12.7ms, elapsed=977.4s
[PROGRESS] isaac_official_unitree_g1 efficient_sam_s box: 23500/72695 records, last=12.2ms, elapsed=988.2s
[PROGRESS] isaac_official_unitree_g1 efficient_sam_s box: 23750/72695 records, last=12.7ms, elapsed=998.8s
[PROGRESS] isaac_official_unitree_g1 efficient_sam_s box: 24000/72695 records, last=12.5ms, elapsed=1009.3s
[PROGRESS] isaac_official_unitree_g1 efficient_sam_s box: 24250/72695 records, last=12.8ms, elapsed=1019.7s
[PROGRESS] isaac_official_unitree_g1 efficient_sam_s box: 24500/72695 records, last=12.4ms, elapsed=1030.4s
[PROGRESS] isaac_official_unitree_g1 efficient_sam_s box: 24750/72695 records, last=15.3ms, elapsed=1041.0s
[PROGRESS] isaac_official_unitree_g1 efficient_sam_s box: 25000/72695 records, last=15.0ms, elapsed=1051.5s
[PROGRESS] isaac_official_unitree_g1 efficient_sam_s box: 25250/72695 records, last=12.6ms, elapsed=1062.5s
[PROGRESS] isaac_official_unitree_g1 efficient_sam_s box: 25500/72695 records, last=12.4ms, elapsed=1073.0s
[PROGRESS] isaac_official_unitree_g1 efficient_sam_s box: 25750/72695 records, last=312.7ms, elapsed=1083.5s
[PROGRESS] isaac_official_unitree_g1 efficient_sam_s box: 26000/72695 records, last=15.4ms, elapsed=1093.7s
[PROGRESS] isaac_official_unitree_g1 efficient_sam_s box: 26250/72695 records, last=15.9ms, elapsed=1104.4s
[PROGRESS] isaac_official_unitree_g1 efficient_sam_s box: 26500/72695 records, last=12.3ms, elapsed=1115.1s
[PROGRESS] isaac_official_unitree_g1 efficient_sam_s box: 26750/72695 records, last=292.4ms, elapsed=1125.6s
[PROGRESS] isaac_official_unitree_g1 efficient_sam_s box: 27000/72695 records, last=15.4ms, elapsed=1135.9s
[PROGRESS] isaac_official_unitree_g1 efficient_sam_s box: 27250/72695 records, last=12.5ms, elapsed=1146.6s
[PROGRESS] isaac_official_unitree_g1 efficient_sam_s box: 27500/72695 records, last=16.2ms, elapsed=1157.4s
[PROGRESS] isaac_official_unitree_g1 efficient_sam_s box: 27750/72695 records, last=16.0ms, elapsed=1168.1s
[PROGRESS] isaac_official_unitree_g1 efficient_sam_s box: 28000/72695 records, last=12.6ms, elapsed=1178.5s
[PROGRESS] isaac_official_unitree_g1 efficient_sam_s box: 28250/72695 records, last=12.5ms, elapsed=1189.2s
[PROGRESS] isaac_official_unitree_g1 efficient_sam_s box: 28500/72695 records, last=15.9ms, elapsed=1199.3s
[PROGRESS] isaac_official_unitree_g1 efficient_sam_s box: 28750/72695 records, last=13.0ms, elapsed=1210.0s
[PROGRESS] isaac_official_unitree_g1 efficient_sam_s box: 29000/72695 records, last=12.4ms, elapsed=1220.4s
[PROGRESS] isaac_official_unitree_g1 efficient_sam_s box: 29250/72695 records, last=12.4ms, elapsed=1231.0s
[PROGRESS] isaac_official_unitree_g1 efficient_sam_s box: 29500/72695 records, last=15.4ms, elapsed=1241.6s
[PROGRESS] isaac_official_unitree_g1 efficient_sam_s box: 29750/72695 records, last=12.4ms, elapsed=1252.5s
[PROGRESS] isaac_official_unitree_g1 efficient_sam_s box: 30000/72695 records, last=12.5ms, elapsed=1262.9s
[PROGRESS] isaac_official_unitree_g1 efficient_sam_s box: 30250/72695 records, last=14.7ms, elapsed=1273.2s
[PROGRESS] isaac_official_unitree_g1 efficient_sam_s box: 30500/72695 records, last=15.9ms, elapsed=1283.6s
[PROGRESS] isaac_official_unitree_g1 efficient_sam_s box: 30750/72695 records, last=16.0ms, elapsed=1294.2s
[PROGRESS] isaac_official_unitree_g1 efficient_sam_s box: 31000/72695 records, last=12.4ms, elapsed=1304.9s
[PROGRESS] isaac_official_unitree_g1 efficient_sam_s box: 31250/72695 records, last=15.4ms, elapsed=1315.1s
[PROGRESS] isaac_official_unitree_g1 efficient_sam_s box: 31500/72695 records, last=12.2ms, elapsed=1326.1s
[PROGRESS] isaac_official_unitree_g1 efficient_sam_s box: 31750/72695 records, last=12.3ms, elapsed=1336.7s
[PROGRESS] isaac_official_unitree_g1 efficient_sam_s box: 32000/72695 records, last=12.3ms, elapsed=1346.9s
[PROGRESS] isaac_official_unitree_g1 efficient_sam_s box: 32250/72695 records, last=12.3ms, elapsed=1357.4s
[PROGRESS] isaac_official_unitree_g1 efficient_sam_s box: 32500/72695 records, last=15.4ms, elapsed=1368.0s
[PROGRESS] isaac_official_unitree_g1 efficient_sam_s box: 32750/72695 records, last=12.5ms, elapsed=1379.2s
[PROGRESS] isaac_official_unitree_g1 efficient_sam_s box: 33000/72695 records, last=15.6ms, elapsed=1389.7s
[PROGRESS] isaac_official_unitree_g1 efficient_sam_s box: 33250/72695 records, last=12.4ms, elapsed=1400.8s
[PROGRESS] isaac_official_unitree_g1 efficient_sam_s box: 33500/72695 records, last=12.4ms, elapsed=1411.3s
[PROGRESS] isaac_official_unitree_g1 efficient_sam_s box: 33750/72695 records, last=12.2ms, elapsed=1422.0s
[PROGRESS] isaac_official_unitree_g1 efficient_sam_s box: 34000/72695 records, last=12.5ms, elapsed=1432.3s
[PROGRESS] isaac_official_unitree_g1 efficient_sam_s box: 34250/72695 records, last=15.2ms, elapsed=1442.7s
[PROGRESS] isaac_official_unitree_g1 efficient_sam_s box: 34500/72695 records, last=12.3ms, elapsed=1453.2s
[PROGRESS] isaac_official_unitree_g1 efficient_sam_s box: 34750/72695 records, last=12.5ms, elapsed=1463.8s
[PROGRESS] isaac_official_unitree_g1 efficient_sam_s box: 35000/72695 records, last=12.4ms, elapsed=1474.4s
[PROGRESS] isaac_official_unitree_g1 efficient_sam_s box: 35250/72695 records, last=16.2ms, elapsed=1484.5s
[PROGRESS] isaac_official_unitree_g1 efficient_sam_s box: 35500/72695 records, last=12.7ms, elapsed=1495.4s
[PROGRESS] isaac_official_unitree_g1 efficient_sam_s box: 35750/72695 records, last=12.4ms, elapsed=1505.6s
[PROGRESS] isaac_official_unitree_g1 efficient_sam_s box: 36000/72695 records, last=12.5ms, elapsed=1516.7s
[PROGRESS] isaac_official_unitree_g1 efficient_sam_s box: 36250/72695 records, last=15.4ms, elapsed=1526.9s
[PROGRESS] isaac_official_unitree_g1 efficient_sam_s box: 36500/72695 records, last=16.1ms, elapsed=1537.5s
[PROGRESS] isaac_official_unitree_g1 efficient_sam_s box: 36750/72695 records, last=12.5ms, elapsed=1548.3s
[PROGRESS] isaac_official_unitree_g1 efficient_sam_s box: 37000/72695 records, last=12.6ms, elapsed=1558.6s
[PROGRESS] isaac_official_unitree_g1 efficient_sam_s box: 37250/72695 records, last=12.5ms, elapsed=1568.9s
[PROGRESS] isaac_official_unitree_g1 efficient_sam_s box: 37500/72695 records, last=12.2ms, elapsed=1579.5s
[PROGRESS] isaac_official_unitree_g1 efficient_sam_s box: 37750/72695 records, last=12.4ms, elapsed=1589.9s
[PROGRESS] isaac_official_unitree_g1 efficient_sam_s box: 38000/72695 records, last=12.1ms, elapsed=1600.7s
[PROGRESS] isaac_official_unitree_g1 efficient_sam_s box: 38250/72695 records, last=16.1ms, elapsed=1610.9s
[PROGRESS] isaac_official_unitree_g1 efficient_sam_s box: 38500/72695 records, last=12.3ms, elapsed=1621.6s
[PROGRESS] isaac_official_unitree_g1 efficient_sam_s box: 38750/72695 records, last=16.0ms, elapsed=1631.5s
[PROGRESS] isaac_official_unitree_g1 efficient_sam_s box: 39000/72695 records, last=15.8ms, elapsed=1642.0s
[PROGRESS] isaac_official_unitree_g1 efficient_sam_s box: 39250/72695 records, last=12.2ms, elapsed=1652.3s
[PROGRESS] isaac_official_unitree_g1 efficient_sam_s box: 39500/72695 records, last=14.9ms, elapsed=1662.8s
[PROGRESS] isaac_official_unitree_g1 efficient_sam_s box: 39750/72695 records, last=12.2ms, elapsed=1673.2s
[PROGRESS] isaac_official_unitree_g1 efficient_sam_s box: 40000/72695 records, last=12.4ms, elapsed=1683.5s
[PROGRESS] isaac_official_unitree_g1 efficient_sam_s box: 40250/72695 records, last=12.6ms, elapsed=1694.0s
[PROGRESS] isaac_official_unitree_g1 efficient_sam_s box: 40500/72695 records, last=12.3ms, elapsed=1704.6s
[PROGRESS] isaac_official_unitree_g1 efficient_sam_s box: 40750/72695 records, last=12.2ms, elapsed=1715.4s
[PROGRESS] isaac_official_unitree_g1 efficient_sam_s box: 41000/72695 records, last=12.2ms, elapsed=1725.5s
[PROGRESS] isaac_official_unitree_g1 efficient_sam_s box: 41250/72695 records, last=237.1ms, elapsed=1736.3s
[PROGRESS] isaac_official_unitree_g1 efficient_sam_s box: 41500/72695 records, last=12.1ms, elapsed=1746.8s
[PROGRESS] isaac_official_unitree_g1 efficient_sam_s box: 41750/72695 records, last=12.5ms, elapsed=1757.4s
[PROGRESS] isaac_official_unitree_g1 efficient_sam_s box: 42000/72695 records, last=12.5ms, elapsed=1768.2s
[PROGRESS] isaac_official_unitree_g1 efficient_sam_s box: 42250/72695 records, last=12.4ms, elapsed=1778.9s
[PROGRESS] isaac_official_unitree_g1 efficient_sam_s box: 42500/72695 records, last=12.2ms, elapsed=1789.2s
[PROGRESS] isaac_official_unitree_g1 efficient_sam_s box: 42750/72695 records, last=15.7ms, elapsed=1799.7s
[PROGRESS] isaac_official_unitree_g1 efficient_sam_s box: 43000/72695 records, last=12.2ms, elapsed=1810.5s
[PROGRESS] isaac_official_unitree_g1 efficient_sam_s box: 43250/72695 records, last=16.1ms, elapsed=1821.1s
[PROGRESS] isaac_official_unitree_g1 efficient_sam_s box: 43500/72695 records, last=12.3ms, elapsed=1831.7s
[PROGRESS] isaac_official_unitree_g1 efficient_sam_s box: 43750/72695 records, last=321.1ms, elapsed=1842.5s
[PROGRESS] isaac_official_unitree_g1 efficient_sam_s box: 44000/72695 records, last=12.3ms, elapsed=1852.5s
[PROGRESS] isaac_official_unitree_g1 efficient_sam_s box: 44250/72695 records, last=15.7ms, elapsed=1863.1s
[PROGRESS] isaac_official_unitree_g1 efficient_sam_s box: 44500/72695 records, last=12.4ms, elapsed=1873.7s
[PROGRESS] isaac_official_unitree_g1 efficient_sam_s box: 44750/72695 records, last=15.7ms, elapsed=1884.5s
[PROGRESS] isaac_official_unitree_g1 efficient_sam_s box: 45000/72695 records, last=12.3ms, elapsed=1894.8s
[PROGRESS] isaac_official_unitree_g1 efficient_sam_s box: 45250/72695 records, last=12.4ms, elapsed=1905.8s
[PROGRESS] isaac_official_unitree_g1 efficient_sam_s box: 45500/72695 records, last=15.7ms, elapsed=1916.4s
[PROGRESS] isaac_official_unitree_g1 efficient_sam_s box: 45750/72695 records, last=15.4ms, elapsed=1926.9s
[PROGRESS] isaac_official_unitree_g1 efficient_sam_s box: 46000/72695 records, last=12.2ms, elapsed=1937.6s
[PROGRESS] isaac_official_unitree_g1 efficient_sam_s box: 46250/72695 records, last=12.2ms, elapsed=1948.0s
[PROGRESS] isaac_official_unitree_g1 efficient_sam_s box: 46500/72695 records, last=15.0ms, elapsed=1958.5s
[PROGRESS] isaac_official_unitree_g1 efficient_sam_s box: 46750/72695 records, last=14.8ms, elapsed=1969.0s
[PROGRESS] isaac_official_unitree_g1 efficient_sam_s box: 47000/72695 records, last=12.2ms, elapsed=1979.4s
[PROGRESS] isaac_official_unitree_g1 efficient_sam_s box: 47250/72695 records, last=12.4ms, elapsed=1989.7s
[PROGRESS] isaac_official_unitree_g1 efficient_sam_s box: 47500/72695 records, last=12.7ms, elapsed=2000.4s
[PROGRESS] isaac_official_unitree_g1 efficient_sam_s box: 47750/72695 records, last=12.3ms, elapsed=2011.1s
[PROGRESS] isaac_official_unitree_g1 efficient_sam_s box: 48000/72695 records, last=12.3ms, elapsed=2021.5s
[PROGRESS] isaac_official_unitree_g1 efficient_sam_s box: 48250/72695 records, last=12.3ms, elapsed=2031.8s
[PROGRESS] isaac_official_unitree_g1 efficient_sam_s box: 48500/72695 records, last=15.5ms, elapsed=2042.4s
[PROGRESS] isaac_official_unitree_g1 efficient_sam_s box: 48750/72695 records, last=12.4ms, elapsed=2053.2s
[PROGRESS] isaac_official_unitree_g1 efficient_sam_s box: 49000/72695 records, last=15.1ms, elapsed=2063.3s
[PROGRESS] isaac_official_unitree_g1 efficient_sam_s box: 49250/72695 records, last=15.7ms, elapsed=2073.7s
[PROGRESS] isaac_official_unitree_g1 efficient_sam_s box: 49500/72695 records, last=15.0ms, elapsed=2084.5s
[PROGRESS] isaac_official_unitree_g1 efficient_sam_s box: 49750/72695 records, last=13.0ms, elapsed=2095.4s
[PROGRESS] isaac_official_unitree_g1 efficient_sam_s box: 50000/72695 records, last=14.9ms, elapsed=2105.6s
[PROGRESS] isaac_official_unitree_g1 efficient_sam_s box: 50250/72695 records, last=12.5ms, elapsed=2116.3s
[PROGRESS] isaac_official_unitree_g1 efficient_sam_s box: 50500/72695 records, last=12.4ms, elapsed=2126.8s
[PROGRESS] isaac_official_unitree_g1 efficient_sam_s box: 50750/72695 records, last=15.5ms, elapsed=2137.3s
[PROGRESS] isaac_official_unitree_g1 efficient_sam_s box: 51000/72695 records, last=16.6ms, elapsed=2147.8s
[PROGRESS] isaac_official_unitree_g1 efficient_sam_s box: 51250/72695 records, last=12.3ms, elapsed=2158.7s
[PROGRESS] isaac_official_unitree_g1 efficient_sam_s box: 51500/72695 records, last=12.3ms, elapsed=2169.3s
[PROGRESS] isaac_official_unitree_g1 efficient_sam_s box: 51750/72695 records, last=12.2ms, elapsed=2179.9s
[PROGRESS] isaac_official_unitree_g1 efficient_sam_s box: 52000/72695 records, last=12.9ms, elapsed=2190.3s
[PROGRESS] isaac_official_unitree_g1 efficient_sam_s box: 52250/72695 records, last=12.4ms, elapsed=2200.8s
[PROGRESS] isaac_official_unitree_g1 efficient_sam_s box: 52500/72695 records, last=14.9ms, elapsed=2211.0s
[PROGRESS] isaac_official_unitree_g1 efficient_sam_s box: 52750/72695 records, last=12.4ms, elapsed=2221.8s
[PROGRESS] isaac_official_unitree_g1 efficient_sam_s box: 53000/72695 records, last=12.4ms, elapsed=2232.5s
[PROGRESS] isaac_official_unitree_g1 efficient_sam_s box: 53250/72695 records, last=15.4ms, elapsed=2242.6s
[PROGRESS] isaac_official_unitree_g1 efficient_sam_s box: 53500/72695 records, last=12.6ms, elapsed=2253.1s
[PROGRESS] isaac_official_unitree_g1 efficient_sam_s box: 53750/72695 records, last=12.3ms, elapsed=2263.2s
[PROGRESS] isaac_official_unitree_g1 efficient_sam_s box: 54000/72695 records, last=15.6ms, elapsed=2273.2s
[PROGRESS] isaac_official_unitree_g1 efficient_sam_s box: 54250/72695 records, last=15.4ms, elapsed=2283.4s
[PROGRESS] isaac_official_unitree_g1 efficient_sam_s box: 54500/72695 records, last=12.1ms, elapsed=2294.0s
[PROGRESS] isaac_official_unitree_g1 efficient_sam_s box: 54750/72695 records, last=12.3ms, elapsed=2304.3s
[PROGRESS] isaac_official_unitree_g1 efficient_sam_s box: 55000/72695 records, last=12.2ms, elapsed=2314.6s
[PROGRESS] isaac_official_unitree_g1 efficient_sam_s box: 55250/72695 records, last=12.3ms, elapsed=2324.7s
[PROGRESS] isaac_official_unitree_g1 efficient_sam_s box: 55500/72695 records, last=12.3ms, elapsed=2335.5s
[PROGRESS] isaac_official_unitree_g1 efficient_sam_s box: 55750/72695 records, last=12.2ms, elapsed=2345.7s
[PROGRESS] isaac_official_unitree_g1 efficient_sam_s box: 56000/72695 records, last=13.0ms, elapsed=2356.1s
[PROGRESS] isaac_official_unitree_g1 efficient_sam_s box: 56250/72695 records, last=14.7ms, elapsed=2366.2s
[PROGRESS] isaac_official_unitree_g1 efficient_sam_s box: 56500/72695 records, last=12.2ms, elapsed=2376.5s
[PROGRESS] isaac_official_unitree_g1 efficient_sam_s box: 56750/72695 records, last=12.2ms, elapsed=2386.8s
[PROGRESS] isaac_official_unitree_g1 efficient_sam_s box: 57000/72695 records, last=15.3ms, elapsed=2397.1s
[PROGRESS] isaac_official_unitree_g1 efficient_sam_s box: 57250/72695 records, last=12.2ms, elapsed=2407.9s
[PROGRESS] isaac_official_unitree_g1 efficient_sam_s box: 57500/72695 records, last=12.4ms, elapsed=2417.8s
[PROGRESS] isaac_official_unitree_g1 efficient_sam_s box: 57750/72695 records, last=12.5ms, elapsed=2428.1s
[PROGRESS] isaac_official_unitree_g1 efficient_sam_s box: 58000/72695 records, last=12.2ms, elapsed=2438.2s
[PROGRESS] isaac_official_unitree_g1 efficient_sam_s box: 58250/72695 records, last=12.6ms, elapsed=2448.7s
[PROGRESS] isaac_official_unitree_g1 efficient_sam_s box: 58500/72695 records, last=12.5ms, elapsed=2459.3s
[PROGRESS] isaac_official_unitree_g1 efficient_sam_s box: 58750/72695 records, last=12.9ms, elapsed=2470.2s
[PROGRESS] isaac_official_unitree_g1 efficient_sam_s box: 59000/72695 records, last=12.3ms, elapsed=2480.8s
[PROGRESS] isaac_official_unitree_g1 efficient_sam_s box: 59250/72695 records, last=15.5ms, elapsed=2491.2s
[PROGRESS] isaac_official_unitree_g1 efficient_sam_s box: 59500/72695 records, last=12.5ms, elapsed=2501.9s
[PROGRESS] isaac_official_unitree_g1 efficient_sam_s box: 59750/72695 records, last=15.3ms, elapsed=2512.4s
[PROGRESS] isaac_official_unitree_g1 efficient_sam_s box: 60000/72695 records, last=12.6ms, elapsed=2523.1s
[PROGRESS] isaac_official_unitree_g1 efficient_sam_s box: 60250/72695 records, last=12.4ms, elapsed=2533.7s
[PROGRESS] isaac_official_unitree_g1 efficient_sam_s box: 60500/72695 records, last=15.2ms, elapsed=2544.5s
[PROGRESS] isaac_official_unitree_g1 efficient_sam_s box: 60750/72695 records, last=12.5ms, elapsed=2555.3s
[PROGRESS] isaac_official_unitree_g1 efficient_sam_s box: 61000/72695 records, last=12.2ms, elapsed=2565.8s
[PROGRESS] isaac_official_unitree_g1 efficient_sam_s box: 61250/72695 records, last=15.5ms, elapsed=2576.0s
[PROGRESS] isaac_official_unitree_g1 efficient_sam_s box: 61500/72695 records, last=12.3ms, elapsed=2586.3s
[PROGRESS] isaac_official_unitree_g1 efficient_sam_s box: 61750/72695 records, last=12.4ms, elapsed=2596.8s
[PROGRESS] isaac_official_unitree_g1 efficient_sam_s box: 62000/72695 records, last=12.4ms, elapsed=2607.0s
[PROGRESS] isaac_official_unitree_g1 efficient_sam_s box: 62250/72695 records, last=16.1ms, elapsed=2618.1s
[PROGRESS] isaac_official_unitree_g1 efficient_sam_s box: 62500/72695 records, last=12.1ms, elapsed=2628.8s
[PROGRESS] isaac_official_unitree_g1 efficient_sam_s box: 62750/72695 records, last=12.3ms, elapsed=2639.1s
[PROGRESS] isaac_official_unitree_g1 efficient_sam_s box: 63000/72695 records, last=15.6ms, elapsed=2648.7s
[PROGRESS] isaac_official_unitree_g1 efficient_sam_s box: 63250/72695 records, last=15.4ms, elapsed=2659.2s
[PROGRESS] isaac_official_unitree_g1 efficient_sam_s box: 63500/72695 records, last=12.3ms, elapsed=2669.9s
[PROGRESS] isaac_official_unitree_g1 efficient_sam_s box: 63750/72695 records, last=12.2ms, elapsed=2680.1s
[PROGRESS] isaac_official_unitree_g1 efficient_sam_s box: 64000/72695 records, last=12.6ms, elapsed=2690.7s
[PROGRESS] isaac_official_unitree_g1 efficient_sam_s box: 64250/72695 records, last=12.5ms, elapsed=2701.3s
[PROGRESS] isaac_official_unitree_g1 efficient_sam_s box: 64500/72695 records, last=12.5ms, elapsed=2712.4s
[PROGRESS] isaac_official_unitree_g1 efficient_sam_s box: 64750/72695 records, last=15.3ms, elapsed=2722.5s
[PROGRESS] isaac_official_unitree_g1 efficient_sam_s box: 65000/72695 records, last=12.2ms, elapsed=2733.2s
[PROGRESS] isaac_official_unitree_g1 efficient_sam_s box: 65250/72695 records, last=12.5ms, elapsed=2743.7s
[PROGRESS] isaac_official_unitree_g1 efficient_sam_s box: 65500/72695 records, last=15.0ms, elapsed=2754.0s
[PROGRESS] isaac_official_unitree_g1 efficient_sam_s box: 65750/72695 records, last=12.4ms, elapsed=2764.4s
[PROGRESS] isaac_official_unitree_g1 efficient_sam_s box: 66000/72695 records, last=12.2ms, elapsed=2775.4s
[PROGRESS] isaac_official_unitree_g1 efficient_sam_s box: 66250/72695 records, last=12.4ms, elapsed=2785.7s
[PROGRESS] isaac_official_unitree_g1 efficient_sam_s box: 66500/72695 records, last=15.3ms, elapsed=2796.2s
[PROGRESS] isaac_official_unitree_g1 efficient_sam_s box: 66750/72695 records, last=16.0ms, elapsed=2806.8s
[PROGRESS] isaac_official_unitree_g1 efficient_sam_s box: 67000/72695 records, last=12.3ms, elapsed=2817.0s
[PROGRESS] isaac_official_unitree_g1 efficient_sam_s box: 67250/72695 records, last=12.6ms, elapsed=2827.8s
[PROGRESS] isaac_official_unitree_g1 efficient_sam_s box: 67500/72695 records, last=12.3ms, elapsed=2838.3s
[PROGRESS] isaac_official_unitree_g1 efficient_sam_s box: 67750/72695 records, last=15.2ms, elapsed=2849.1s
[PROGRESS] isaac_official_unitree_g1 efficient_sam_s box: 68000/72695 records, last=12.5ms, elapsed=2859.8s
[PROGRESS] isaac_official_unitree_g1 efficient_sam_s box: 68250/72695 records, last=12.6ms, elapsed=2870.4s
[PROGRESS] isaac_official_unitree_g1 efficient_sam_s box: 68500/72695 records, last=12.8ms, elapsed=2880.9s
[PROGRESS] isaac_official_unitree_g1 efficient_sam_s box: 68750/72695 records, last=12.4ms, elapsed=2891.6s
[PROGRESS] isaac_official_unitree_g1 efficient_sam_s box: 69000/72695 records, last=14.8ms, elapsed=2901.8s
[PROGRESS] isaac_official_unitree_g1 efficient_sam_s box: 69250/72695 records, last=12.5ms, elapsed=2911.8s
[PROGRESS] isaac_official_unitree_g1 efficient_sam_s box: 69500/72695 records, last=12.4ms, elapsed=2922.2s
[PROGRESS] isaac_official_unitree_g1 efficient_sam_s box: 69750/72695 records, last=15.7ms, elapsed=2932.4s
[PROGRESS] isaac_official_unitree_g1 efficient_sam_s box: 70000/72695 records, last=15.2ms, elapsed=2943.0s
[PROGRESS] isaac_official_unitree_g1 efficient_sam_s box: 70250/72695 records, last=12.6ms, elapsed=2953.7s
[PROGRESS] isaac_official_unitree_g1 efficient_sam_s box: 70500/72695 records, last=15.3ms, elapsed=2963.8s
[PROGRESS] isaac_official_unitree_g1 efficient_sam_s box: 70750/72695 records, last=12.2ms, elapsed=2974.2s
[PROGRESS] isaac_official_unitree_g1 efficient_sam_s box: 71000/72695 records, last=12.3ms, elapsed=2984.1s
[PROGRESS] isaac_official_unitree_g1 efficient_sam_s box: 71250/72695 records, last=12.6ms, elapsed=2994.6s
[PROGRESS] isaac_official_unitree_g1 efficient_sam_s box: 71500/72695 records, last=12.8ms, elapsed=3004.8s
[PROGRESS] isaac_official_unitree_g1 efficient_sam_s box: 71750/72695 records, last=12.4ms, elapsed=3015.3s
[PROGRESS] isaac_official_unitree_g1 efficient_sam_s box: 72000/72695 records, last=12.5ms, elapsed=3025.9s
[PROGRESS] isaac_official_unitree_g1 efficient_sam_s box: 72250/72695 records, last=15.6ms, elapsed=3036.0s
[PROGRESS] isaac_official_unitree_g1 efficient_sam_s box: 72500/72695 records, last=12.5ms, elapsed=3046.4s
[PROGRESS] isaac_official_unitree_g1 efficient_sam_s box: 72695/72695 records, last=15.5ms, elapsed=3054.6s
[WRITE] wrote 72695 records to results/task9_lightweight_sam/isaac_official_unitree_g1/efficient_sam_s/box_predictions.jsonl
[OK] wrote results/task9_lightweight_sam/isaac_official_unitree_g1/efficient_sam_s/box_predictions.jsonl
[OK] isaac_official_unitree_g1/efficient_sam_s/box: 72695 rows
[RUN] isaac_official_unitree_g1/efficient_sam_s/automatic: expected_rows=1000
+ /home/ubuntu/COGAR_Foundation-Model-Segmentation-for-Robotic-Scenes/.venv/bin/python /home/ubuntu/COGAR_Foundation-Model-Segmentation-for-Robotic-Scenes/scripts/benchmarks/run_zero_shot_sam.py --config configs/task9_lightweight_sam.yaml --dataset isaac_official_unitree_g1 --model efficient_sam_s --prompt-mode automatic --log-every 250
[START] dataset=isaac_official_unitree_g1 model=efficient_sam_s prompt_mode=automatic device=cuda records=72695 run_units=1000 output=results/task9_lightweight_sam/isaac_official_unitree_g1/efficient_sam_s/automatic_predictions.jsonl
[LOAD] efficient_sam_s: loading checkpoint/model
/home/ubuntu/COGAR_Foundation-Model-Segmentation-for-Robotic-Scenes/.venv/lib/python3.12/site-packages/efficient_sam/efficient_sam.py:303: FutureWarning: You are using `torch.load` with `weights_only=False` (the current default value), which uses the default pickle module implicitly. It is possible to construct malicious pickle data which will execute arbitrary code during unpickling (See https://github.com/pytorch/pytorch/blob/main/SECURITY.md#untrusted-models for more details). In a future release, the default value for `weights_only` will be flipped to `True`. This limits the functions that could be executed during unpickling. Arbitrary objects will no longer be allowed to be loaded via this mode unless they are explicitly allowlisted by the user via `torch.serialization.add_safe_globals`. We recommend you start setting `weights_only=True` for any use case where you don't have full control of the loaded file. Please open an issue on GitHub for any issues related to this experimental feature.
  state_dict = torch.load(f, map_location="cpu")
[LOAD] efficient_sam_s: ready in 3.5s
[PROGRESS] isaac_official_unitree_g1 efficient_sam_s automatic: 1/1000 images, last=1003.1ms, elapsed=1.0s
[PROGRESS] isaac_official_unitree_g1 efficient_sam_s automatic: 250/1000 images, last=688.9ms, elapsed=183.8s
[PROGRESS] isaac_official_unitree_g1 efficient_sam_s automatic: 500/1000 images, last=715.8ms, elapsed=368.1s
[PROGRESS] isaac_official_unitree_g1 efficient_sam_s automatic: 750/1000 images, last=713.2ms, elapsed=554.0s
[PROGRESS] isaac_official_unitree_g1 efficient_sam_s automatic: 1000/1000 images, last=704.2ms, elapsed=739.8s
[WRITE] wrote 1000 records to results/task9_lightweight_sam/isaac_official_unitree_g1/efficient_sam_s/automatic_predictions.jsonl
[OK] wrote results/task9_lightweight_sam/isaac_official_unitree_g1/efficient_sam_s/automatic_predictions.jsonl
[OK] isaac_official_unitree_g1/efficient_sam_s/automatic: 1000 rows
[BATCH OK] dataset=isaac_official_unitree_g1
===== TASK 9 DATASET DONE: isaac_official_unitree_g1 =====
