model,prompt_type,split,image_path,instance_id,category,challenge,iou,boundary_f1,predicted_iou,elapsed_s,fps,device,num_generated_masks
SAM2.1-Tiny,auto,train,data/cogar_sim_500_final/rgb/000000.png,3,metal_part,reflective_metal,0.9774292272379494,0.9945155393053016,0.92873615026474,0.5757418088573364,1.736889669320143,cuda,12
SAM2.1-Tiny,auto,train,data/cogar_sim_500_final/rgb/000000.png,4,tool,reflective_metal,0.9252571908461054,0.8970666360360102,0.9174149036407471,0.5757418088573364,1.736889669320143,cuda,12
SAM2.1-Tiny,auto,train,data/cogar_sim_500_final/rgb/000000.png,5,box,reflective_metal,0.9741473792792212,1.0,0.941002368927002,0.5757418088573364,1.736889669320143,cuda,12
SAM2.1-Tiny,auto,train,data/cogar_sim_500_final/rgb/000000.png,6,metal_part,reflective_metal,0.977029702970297,1.0,0.9808563590049744,0.5757418088573364,1.736889669320143,cuda,12
SAM2.1-Tiny,auto,train,data/cogar_sim_500_final/rgb/000000.png,7,metal_part,reflective_metal,0.9875324675324675,1.0,0.9673936367034912,0.5757418088573364,1.736889669320143,cuda,12
SAM2.1-Tiny,auto,train,data/cogar_sim_500_final/rgb/000000.png,8,screw,reflective_metal;small_parts,0.0008960573476702509,0.15184381778741868,0.9673936367034912,0.5757418088573364,1.736889669320143,cuda,12
SAM2.1-Tiny,auto,train,data/cogar_sim_500_final/rgb/000000.png,9,metal_part,reflective_metal,0.9791274915381722,1.0,0.9491795897483826,0.5757418088573364,1.736889669320143,cuda,12
SAM2.1-Tiny,auto,train,data/cogar_sim_500_final/rgb/000001.png,11,connector,transparent_glass;partial_occlusion;small_parts,0.9155342392752465,0.7723376638563093,0.9551710486412048,0.5554363028578726,1.8003864616963725,cuda,9
SAM2.1-Tiny,auto,train,data/cogar_sim_500_final/rgb/000001.png,12,glass_object,transparent_glass;partial_occlusion,0.013043478260869565,0.10093363613424174,0.9551710486412048,0.5554363028578726,1.8003864616963725,cuda,9
SAM2.1-Tiny,auto,train,data/cogar_sim_500_final/rgb/000001.png,13,glass_object,transparent_glass;partial_occlusion,0.9912469033856317,1.0,0.9746948480606079,0.5554363028578726,1.8003864616963725,cuda,9
SAM2.1-Tiny,auto,train,data/cogar_sim_500_final/rgb/000001.png,14,cable,transparent_glass;partial_occlusion,0.9334894613583138,0.9557469972007475,0.9559313058853149,0.5554363028578726,1.8003864616963725,cuda,9
SAM2.1-Tiny,auto,train,data/cogar_sim_500_final/rgb/000001.png,15,robot_gripper,transparent_glass;partial_occlusion,0.6707204358612638,0.5432229589658383,0.8997126817703247,0.5554363028578726,1.8003864616963725,cuda,9
SAM2.1-Tiny,auto,train,data/cogar_sim_500_final/rgb/000001.png,16,robot_gripper,transparent_glass;partial_occlusion,0.28182650161360245,0.47936050777354133,0.8997126817703247,0.5554363028578726,1.8003864616963725,cuda,9
SAM2.1-Tiny,auto,train,data/cogar_sim_500_final/rgb/000001.png,17,robot_gripper,transparent_glass;partial_occlusion,0.039959016393442626,0.250650908346254,0.8997126817703247,0.5554363028578726,1.8003864616963725,cuda,9
SAM2.1-Tiny,auto,train,data/cogar_sim_500_final/rgb/000002.png,20,glass_object,partial_occlusion;transparent_glass,0.9750746268656716,0.9774236387782205,0.9293109178543091,0.4132384944443604,2.419910084476999,cuda,15
SAM2.1-Tiny,auto,train,data/cogar_sim_500_final/rgb/000002.png,21,box,partial_occlusion,0.9865340609047702,1.0,0.9821197390556335,0.4132384944443604,2.419910084476999,cuda,15
SAM2.1-Tiny,auto,train,data/cogar_sim_500_final/rgb/000002.png,22,screw,partial_occlusion;small_parts,0.0,0.0,0.9911098480224609,0.4132384944443604,2.419910084476999,cuda,15
SAM2.1-Tiny,auto,train,data/cogar_sim_500_final/rgb/000002.png,23,metal_part,partial_occlusion;reflective_metal,0.9881141045958796,1.0,0.9911098480224609,0.4132384944443604,2.419910084476999,cuda,15
SAM2.1-Tiny,auto,train,data/cogar_sim_500_final/rgb/000002.png,24,box,partial_occlusion,0.9876783398184177,1.0,0.983489990234375,0.4132384944443604,2.419910084476999,cuda,15
SAM2.1-Tiny,auto,train,data/cogar_sim_500_final/rgb/000002.png,25,metal_part,partial_occlusion;reflective_metal,0.9607272727272728,0.9831986438158933,0.9602366089820862,0.4132384944443604,2.419910084476999,cuda,15
SAM2.1-Tiny,auto,train,data/cogar_sim_500_final/rgb/000002.png,26,robot_gripper,partial_occlusion,0.7669547696060236,0.6755121223461442,0.9468221068382263,0.4132384944443604,2.419910084476999,cuda,15
SAM2.1-Tiny,auto,train,data/cogar_sim_500_final/rgb/000002.png,27,robot_gripper,partial_occlusion,0.7117088607594937,0.8174634326976485,0.9396858215332031,0.4132384944443604,2.419910084476999,cuda,15
SAM2.1-Tiny,auto,train,data/cogar_sim_500_final/rgb/000002.png,28,robot_gripper,partial_occlusion,0.0665533542253147,0.2669895272110903,0.9468221068382263,0.4132384944443604,2.419910084476999,cuda,15
SAM2.1-Tiny,auto,train,data/cogar_sim_500_final/rgb/000003.png,31,box,small_parts,0.975217812197483,0.9100277233534884,0.9720744490623474,0.33787351254564285,2.9596874654828453,cuda,14
SAM2.1-Tiny,auto,train,data/cogar_sim_500_final/rgb/000003.png,32,cable,small_parts,0.968,1.0,0.971785843372345,0.33787351254564285,2.9596874654828453,cuda,14
SAM2.1-Tiny,auto,train,data/cogar_sim_500_final/rgb/000003.png,33,metal_part,small_parts;reflective_metal,0.9078549848942599,0.8739837398373984,0.9277425408363342,0.33787351254564285,2.9596874654828453,cuda,14
SAM2.1-Tiny,auto,train,data/cogar_sim_500_final/rgb/000003.png,34,screw,small_parts,0.0,0.02638377397900291,0.9747864007949829,0.33787351254564285,2.9596874654828453,cuda,14
SAM2.1-Tiny,auto,train,data/cogar_sim_500_final/rgb/000003.png,35,connector,small_parts,0.9714942528735632,1.0,0.9241114854812622,0.33787351254564285,2.9596874654828453,cuda,14
SAM2.1-Tiny,auto,train,data/cogar_sim_500_final/rgb/000003.png,36,screw,small_parts,0.0,0.028934251127462614,0.9747864007949829,0.33787351254564285,2.9596874654828453,cuda,14
SAM2.1-Tiny,auto,train,data/cogar_sim_500_final/rgb/000003.png,37,plastic_object,small_parts,0.9770642201834863,1.0,0.9707086682319641,0.33787351254564285,2.9596874654828453,cuda,14
SAM2.1-Tiny,auto,train,data/cogar_sim_500_final/rgb/000003.png,38,tool,small_parts;reflective_metal,0.968944099378882,0.9956896551724138,0.959364116191864,0.33787351254564285,2.9596874654828453,cuda,14
SAM2.1-Tiny,auto,train,data/cogar_sim_500_final/rgb/000003.png,39,metal_part,small_parts;reflective_metal,0.7032418952618454,0.5600899742930592,0.9281978011131287,0.33787351254564285,2.9596874654828453,cuda,14
SAM2.1-Tiny,auto,train,data/cogar_sim_500_final/rgb/000003.png,40,plastic_object,small_parts,0.8022366097704532,0.6398885535175296,0.9266616106033325,0.33787351254564285,2.9596874654828453,cuda,14
SAM2.1-Tiny,auto,train,data/cogar_sim_500_final/rgb/000003.png,41,plastic_object,small_parts,0.24071322436849926,0.5940594059405941,0.8252842426300049,0.33787351254564285,2.9596874654828453,cuda,14
SAM2.1-Tiny,auto,train,data/cogar_sim_500_final/rgb/000004.png,44,glass_object,dynamic_scene;transparent_glass;partial_occlusion,0.15906056427430124,0.11267523193538001,0.8791245222091675,0.44605140824933187,2.2418940541513197,cuda,20
SAM2.1-Tiny,auto,train,data/cogar_sim_500_final/rgb/000004.png,45,plastic_object,dynamic_scene;partial_occlusion,0.9839009966049721,1.0,0.981245756149292,0.44605140824933187,2.2418940541513197,cuda,20
SAM2.1-Tiny,auto,train,data/cogar_sim_500_final/rgb/000004.png,46,plastic_object,dynamic_scene;partial_occlusion,0.9948746363762294,1.0,0.9927797913551331,0.44605140824933187,2.2418940541513197,cuda,20
SAM2.1-Tiny,auto,train,data/cogar_sim_500_final/rgb/000004.png,47,plastic_object,dynamic_scene;partial_occlusion,0.9827411167512691,1.0,0.9803158640861511,0.44605140824933187,2.2418940541513197,cuda,20
SAM2.1-Tiny,auto,train,data/cogar_sim_500_final/rgb/000004.png,48,box,dynamic_scene;partial_occlusion,0.5391983732006208,0.6018329405603561,0.9456236958503723,0.44605140824933187,2.2418940541513197,cuda,20
SAM2.1-Tiny,auto,train,data/cogar_sim_500_final/rgb/000004.png,49,robot_gripper,dynamic_scene;partial_occlusion,0.7425901427083627,0.6734366802498148,0.9740022420883179,0.44605140824933187,2.2418940541513197,cuda,20
SAM2.1-Tiny,auto,train,data/cogar_sim_500_final/rgb/000004.png,50,robot_gripper,dynamic_scene;partial_occlusion,0.9568788501026694,1.0,0.9556285738945007,0.44605140824933187,2.2418940541513197,cuda,20
SAM2.1-Tiny,auto,train,data/cogar_sim_500_final/rgb/000004.png,51,robot_gripper,dynamic_scene;partial_occlusion,0.18597888079507596,0.32105131468729264,0.9740022420883179,0.44605140824933187,2.2418940541513197,cuda,20
SAM2.1-Tiny,auto,train,data/cogar_sim_500_final/rgb/000005.png,54,box,reflective_metal;partial_occlusion,0.9809833024118738,0.9986263736263735,0.95453280210495,0.40620601255553385,2.461805017874487,cuda,17
SAM2.1-Tiny,auto,train,data/cogar_sim_500_final/rgb/000005.png,55,metal_part,reflective_metal;partial_occlusion,0.42782152230971127,0.5446820366371804,0.9160733222961426,0.40620601255553385,2.461805017874487,cuda,17
SAM2.1-Tiny,auto,train,data/cogar_sim_500_final/rgb/000005.png,56,screw,reflective_metal;partial_occlusion;small_parts,0.8801020408163265,0.8911323328785811,0.9097083210945129,0.40620601255553385,2.461805017874487,cuda,17
SAM2.1-Tiny,auto,train,data/cogar_sim_500_final/rgb/000005.png,57,plastic_object,reflective_metal;partial_occlusion,0.9755754700404147,1.0,0.9504892230033875,0.40620601255553385,2.461805017874487,cuda,17
SAM2.1-Tiny,auto,train,data/cogar_sim_500_final/rgb/000005.png,58,tool,reflective_metal;partial_occlusion,0.6551436901291129,0.5776322559521025,0.9110779166221619,0.40620601255553385,2.461805017874487,cuda,17
SAM2.1-Tiny,auto,train,data/cogar_sim_500_final/rgb/000005.png,59,tool,reflective_metal;partial_occlusion,0.9071126334878098,0.8623528491532715,0.9646425843238831,0.40620601255553385,2.461805017874487,cuda,17
SAM2.1-Tiny,auto,train,data/cogar_sim_500_final/rgb/000005.png,60,robot_gripper,reflective_metal;partial_occlusion,0.7435012185215272,0.6765793566895532,0.8941285014152527,0.40620601255553385,2.461805017874487,cuda,17
SAM2.1-Tiny,auto,train,data/cogar_sim_500_final/rgb/000005.png,61,robot_gripper,reflective_metal;partial_occlusion,0.9342294767162747,0.9208634783425726,0.9004343748092651,0.40620601255553385,2.461805017874487,cuda,17
SAM2.1-Tiny,auto,train,data/cogar_sim_500_final/rgb/000005.png,62,robot_gripper,reflective_metal;partial_occlusion,0.12022772940388479,0.39017916390179164,0.8941285014152527,0.40620601255553385,2.461805017874487,cuda,17
SAM2.1-Tiny,auto,train,data/cogar_sim_500_final/rgb/000006.png,65,plastic_object,transparent_glass;partial_occlusion,0.9746328437917223,1.0,0.8361549973487854,0.40048264533349237,2.49698710206849,cuda,17
SAM2.1-Tiny,auto,train,data/cogar_sim_500_final/rgb/000006.png,66,metal_part,transparent_glass;reflective_metal;partial_occlusion,0.0646335912608102,0.34941136898755465,0.9489360451698303,0.40048264533349237,2.49698710206849,cuda,17
SAM2.1-Tiny,auto,train,data/cogar_sim_500_final/rgb/000006.png,67,glass_object,transparent_glass;partial_occlusion,0.25076707057049247,0.37719772944468116,0.9471994638442993,0.40048264533349237,2.49698710206849,cuda,17
SAM2.1-Tiny,auto,train,data/cogar_sim_500_final/rgb/000006.png,68,glass_object,transparent_glass;partial_occlusion,0.26151172893136404,0.37123228853585233,0.8000736236572266,0.40048264533349237,2.49698710206849,cuda,17
SAM2.1-Tiny,auto,train,data/cogar_sim_500_final/rgb/000006.png,69,plastic_object,transparent_glass;partial_occlusion,0.9629856225145305,0.9776951672862453,0.8600954413414001,0.40048264533349237,2.49698710206849,cuda,17
SAM2.1-Tiny,auto,train,data/cogar_sim_500_final/rgb/000006.png,70,cable,transparent_glass;partial_occlusion,0.7626694473409802,0.5259010271629572,0.8948139548301697,0.40048264533349237,2.49698710206849,cuda,17
SAM2.1-Tiny,auto,train,data/cogar_sim_500_final/rgb/000006.png,71,robot_gripper,transparent_glass;partial_occlusion,0.7316731789817461,0.662326865460934,0.9596698880195618,0.40048264533349237,2.49698710206849,cuda,17
SAM2.1-Tiny,auto,train,data/cogar_sim_500_final/rgb/000006.png,72,robot_gripper,transparent_glass;partial_occlusion,0.12602387081675637,0.3293402278476555,0.9596698880195618,0.40048264533349237,2.49698710206849,cuda,17
SAM2.1-Tiny,auto,train,data/cogar_sim_500_final/rgb/000006.png,73,robot_gripper,transparent_glass;partial_occlusion,0.8405617513424205,0.763975792388963,0.9489360451698303,0.40048264533349237,2.49698710206849,cuda,17
SAM2.1-Tiny,auto,train,data/cogar_sim_500_final/rgb/000007.png,76,cable,partial_occlusion,0.0052202283849918435,0.16271186440677965,0.9593232274055481,0.46778130375059845,2.1377511071566007,cuda,9
SAM2.1-Tiny,auto,train,data/cogar_sim_500_final/rgb/000007.png,77,tool,partial_occlusion;reflective_metal,0.8921977367480644,1.0,0.939254105091095,0.46778130375059845,2.1377511071566007,cuda,9
SAM2.1-Tiny,auto,train,data/cogar_sim_500_final/rgb/000007.png,78,plastic_object,partial_occlusion,0.0,0.07996913471993265,0.987263023853302,0.46778130375059845,2.1377511071566007,cuda,9
SAM2.1-Tiny,auto,train,data/cogar_sim_500_final/rgb/000007.png,79,plastic_object,partial_occlusion,0.9717138103161398,1.0,0.9593232274055481,0.46778130375059845,2.1377511071566007,cuda,9
SAM2.1-Tiny,auto,train,data/cogar_sim_500_final/rgb/000007.png,80,connector,partial_occlusion;small_parts,0.0,0.01257685858021241,0.987263023853302,0.46778130375059845,2.1377511071566007,cuda,9
SAM2.1-Tiny,auto,train,data/cogar_sim_500_final/rgb/000007.png,81,robot_gripper,partial_occlusion,0.5750060081711127,0.6401539361368471,0.9587085843086243,0.46778130375059845,2.1377511071566007,cuda,9
SAM2.1-Tiny,auto,train,data/cogar_sim_500_final/rgb/000007.png,82,robot_gripper,partial_occlusion,0.2849356036853022,0.2650705658659382,0.9587085843086243,0.46778130375059845,2.1377511071566007,cuda,9
SAM2.1-Tiny,auto,train,data/cogar_sim_500_final/rgb/000007.png,83,robot_gripper,partial_occlusion,0.0626089482858803,0.0936152197496891,0.9587085843086243,0.46778130375059845,2.1377511071566007,cuda,9
SAM2.1-Tiny,auto,train,data/cogar_sim_500_final/rgb/000008.png,86,cable,small_parts;partial_occlusion,0.010862186014935505,0.10370155600657197,0.9452525973320007,0.31930584291694686,3.1317936147510625,cuda,13
SAM2.1-Tiny,auto,train,data/cogar_sim_500_final/rgb/000008.png,87,screw,small_parts;partial_occlusion,0.05038682801031542,0.27533130742811934,0.8320750594139099,0.31930584291694686,3.1317936147510625,cuda,13
SAM2.1-Tiny,auto,train,data/cogar_sim_500_final/rgb/000008.png,88,screw,small_parts;partial_occlusion,0.07955449482895784,0.2912237330037083,0.8320750594139099,0.31930584291694686,3.1317936147510625,cuda,13
SAM2.1-Tiny,auto,train,data/cogar_sim_500_final/rgb/000008.png,89,tool,small_parts;reflective_metal;partial_occlusion,0.9413861386138613,0.9816287878787879,0.9138334393501282,0.31930584291694686,3.1317936147510625,cuda,13
SAM2.1-Tiny,auto,train,data/cogar_sim_500_final/rgb/000008.png,90,connector,small_parts;partial_occlusion,0.9756763464879623,1.0,0.9461030960083008,0.31930584291694686,3.1317936147510625,cuda,13
SAM2.1-Tiny,auto,train,data/cogar_sim_500_final/rgb/000008.png,91,plastic_object,small_parts;partial_occlusion,0.9569105691056911,0.9032258064516129,0.9851933121681213,0.31930584291694686,3.1317936147510625,cuda,13
SAM2.1-Tiny,auto,train,data/cogar_sim_500_final/rgb/000008.png,92,box,small_parts;partial_occlusion,0.9569160997732427,0.9930104236208575,0.9010880589485168,0.31930584291694686,3.1317936147510625,cuda,13
SAM2.1-Tiny,auto,train,data/cogar_sim_500_final/rgb/000008.png,93,tool,small_parts;reflective_metal;partial_occlusion,0.9174813110983324,0.8931506849315067,0.9452525973320007,0.31930584291694686,3.1317936147510625,cuda,13
SAM2.1-Tiny,auto,train,data/cogar_sim_500_final/rgb/000008.png,94,box,small_parts;partial_occlusion,0.9897314375987362,1.0,0.9774504899978638,0.31930584291694686,3.1317936147510625,cuda,13
SAM2.1-Tiny,auto,train,data/cogar_sim_500_final/rgb/000008.png,95,robot_gripper,small_parts;partial_occlusion,0.8308414924583223,0.7530711374269281,0.9012515544891357,0.31930584291694686,3.1317936147510625,cuda,13
SAM2.1-Tiny,auto,train,data/cogar_sim_500_final/rgb/000008.png,96,robot_gripper,small_parts;partial_occlusion,0.5735578250069003,0.7034482758620689,0.9312984347343445,0.31930584291694686,3.1317936147510625,cuda,13
SAM2.1-Tiny,auto,train,data/cogar_sim_500_final/rgb/000008.png,97,robot_gripper,small_parts;partial_occlusion,0.04994994994994995,0.2129646290991679,0.9012515544891357,0.31930584291694686,3.1317936147510625,cuda,13
SAM2.1-Tiny,auto,train,data/cogar_sim_500_final/rgb/000009.png,100,glass_object,dynamic_scene;transparent_glass;partial_occlusion,0.7644924249296925,0.6395604395604396,0.9463321566581726,0.5441971612848907,1.8375693060193925,cuda,13
SAM2.1-Tiny,auto,train,data/cogar_sim_500_final/rgb/000009.png,101,plastic_object,dynamic_scene;partial_occlusion,0.9800796812749004,1.0,0.9738125205039978,0.5441971612848907,1.8375693060193925,cuda,13
SAM2.1-Tiny,auto,train,data/cogar_sim_500_final/rgb/000009.png,102,plastic_object,dynamic_scene;partial_occlusion,0.9795095367847412,1.0,0.9758408665657043,0.5441971612848907,1.8375693060193925,cuda,13
SAM2.1-Tiny,auto,train,data/cogar_sim_500_final/rgb/000009.png,103,plastic_object,dynamic_scene;partial_occlusion,0.8695652173913043,0.6984587260062407,0.8811086416244507,0.5441971612848907,1.8375693060193925,cuda,13
SAM2.1-Tiny,auto,train,data/cogar_sim_500_final/rgb/000009.png,104,plastic_object,dynamic_scene;partial_occlusion,0.9812646370023419,1.0,0.9665061831474304,0.5441971612848907,1.8375693060193925,cuda,13
SAM2.1-Tiny,auto,train,data/cogar_sim_500_final/rgb/000009.png,105,robot_gripper,dynamic_scene;partial_occlusion,0.8914074855034264,0.8463240470682893,0.9711394309997559,0.5441971612848907,1.8375693060193925,cuda,13
SAM2.1-Tiny,auto,train,data/cogar_sim_500_final/rgb/000009.png,106,robot_gripper,dynamic_scene;partial_occlusion,0.25890279114533205,0.47221487165916903,0.899402916431427,0.5441971612848907,1.8375693060193925,cuda,13
SAM2.1-Tiny,auto,train,data/cogar_sim_500_final/rgb/000011.png,110,glass_object,transparent_glass;partial_occlusion,0.7880360557224801,0.3529558961526431,0.9491269588470459,0.4711935041250399,2.122270343808966,cuda,17
SAM2.1-Tiny,auto,train,data/cogar_sim_500_final/rgb/000011.png,111,plastic_object,transparent_glass;partial_occlusion,0.9690391459074733,0.9844961240310077,0.9554873108863831,0.4711935041250399,2.122270343808966,cuda,17
SAM2.1-Tiny,auto,train,data/cogar_sim_500_final/rgb/000011.png,112,glass_object,transparent_glass;partial_occlusion,0.9865619809753888,1.0,0.9597100019454956,0.4711935041250399,2.122270343808966,cuda,17
SAM2.1-Tiny,auto,train,data/cogar_sim_500_final/rgb/000011.png,113,box,transparent_glass;partial_occlusion,0.9674733570159858,0.871866295264624,0.9720869660377502,0.4711935041250399,2.122270343808966,cuda,17
SAM2.1-Tiny,auto,train,data/cogar_sim_500_final/rgb/000011.png,114,glass_object,transparent_glass;partial_occlusion,0.9871648602395893,1.0,0.8906450271606445,0.4711935041250399,2.122270343808966,cuda,17
SAM2.1-Tiny,auto,train,data/cogar_sim_500_final/rgb/000011.png,115,plastic_object,transparent_glass;partial_occlusion,0.9728079911209767,1.0,0.962502658367157,0.4711935041250399,2.122270343808966,cuda,17
SAM2.1-Tiny,auto,train,data/cogar_sim_500_final/rgb/000011.png,116,robot_gripper,transparent_glass;partial_occlusion,0.8709751742411151,0.8586106061803526,0.9637718200683594,0.4711935041250399,2.122270343808966,cuda,17
SAM2.1-Tiny,auto,train,data/cogar_sim_500_final/rgb/000011.png,118,robot_gripper,transparent_glass;partial_occlusion,0.9736147757255936,1.0,0.9504744410514832,0.4711935041250399,2.122270343808966,cuda,17
SAM2.1-Tiny,auto,train,data/cogar_sim_500_final/rgb/000012.png,121,box,partial_occlusion,0.9918479325886733,1.0,0.9871134757995605,0.3866971655996167,2.5860029215610862,cuda,16
SAM2.1-Tiny,auto,train,data/cogar_sim_500_final/rgb/000012.png,122,connector,partial_occlusion;small_parts,0.9880418535127056,1.0,0.9851506352424622,0.3866971655996167,2.5860029215610862,cuda,16
SAM2.1-Tiny,auto,train,data/cogar_sim_500_final/rgb/000012.png,123,box,partial_occlusion,0.9794428595401913,0.9958630188992407,0.9784690737724304,0.3866971655996167,2.5860029215610862,cuda,16
SAM2.1-Tiny,auto,train,data/cogar_sim_500_final/rgb/000012.png,124,metal_part,partial_occlusion;reflective_metal,0.8849734994986391,0.7413887998948501,0.8498238921165466,0.3866971655996167,2.5860029215610862,cuda,16
SAM2.1-Tiny,auto,train,data/cogar_sim_500_final/rgb/000012.png,125,metal_part,partial_occlusion;reflective_metal,0.898964418481147,0.7744586150817427,0.8366520404815674,0.3866971655996167,2.5860029215610862,cuda,16
SAM2.1-Tiny,auto,train,data/cogar_sim_500_final/rgb/000012.png,126,cable,partial_occlusion,0.8146067415730337,0.8129546057870985,0.9114199280738831,0.3866971655996167,2.5860029215610862,cuda,16
SAM2.1-Tiny,auto,train,data/cogar_sim_500_final/rgb/000012.png,127,connector,partial_occlusion;small_parts,0.6003147128245476,0.654054054054054,0.9338687658309937,0.3866971655996167,2.5860029215610862,cuda,16
SAM2.1-Tiny,auto,train,data/cogar_sim_500_final/rgb/000012.png,128,robot_gripper,partial_occlusion,0.650593220338983,0.5225729259702397,0.9488046765327454,0.3866971655996167,2.5860029215610862,cuda,16
SAM2.1-Tiny,auto,train,data/cogar_sim_500_final/rgb/000012.png,129,robot_gripper,partial_occlusion,0.2709779805594128,0.5638629283489096,0.9565671682357788,0.3866971655996167,2.5860029215610862,cuda,16
SAM2.1-Tiny,auto,train,data/cogar_sim_500_final/rgb/000012.png,130,robot_gripper,partial_occlusion,0.7083460715377561,0.745799348646857,0.9271241426467896,0.3866971655996167,2.5860029215610862,cuda,16
SAM2.1-Tiny,auto,train,data/cogar_sim_500_final/rgb/000013.png,132,screw,small_parts,0.0076677316293929714,0.17725258493353027,0.9256894588470459,0.3095192069231416,3.23081727283023,cuda,14
SAM2.1-Tiny,auto,train,data/cogar_sim_500_final/rgb/000013.png,133,screw,small_parts,0.8071748878923767,0.8970588235294117,0.8523960113525391,0.3095192069231416,3.23081727283023,cuda,14
SAM2.1-Tiny,auto,train,data/cogar_sim_500_final/rgb/000013.png,134,connector,small_parts,0.9306029579067122,0.891616516713341,0.9605018496513367,0.3095192069231416,3.23081727283023,cuda,14
SAM2.1-Tiny,auto,train,data/cogar_sim_500_final/rgb/000013.png,135,screw,small_parts,0.953307392996109,1.0,0.8950213193893433,0.3095192069231416,3.23081727283023,cuda,14
SAM2.1-Tiny,auto,train,data/cogar_sim_500_final/rgb/000013.png,136,screw,small_parts,0.012515644555694618,0.3050211168465509,0.9572205543518066,0.3095192069231416,3.23081727283023,cuda,14
SAM2.1-Tiny,auto,train,data/cogar_sim_500_final/rgb/000013.png,137,box,small_parts,0.9835355285961872,0.9961904761904762,0.9610366225242615,0.3095192069231416,3.23081727283023,cuda,14
SAM2.1-Tiny,auto,train,data/cogar_sim_500_final/rgb/000013.png,138,connector,small_parts,0.9707792207792207,0.9800443458980045,0.9633360505104065,0.3095192069231416,3.23081727283023,cuda,14
SAM2.1-Tiny,auto,train,data/cogar_sim_500_final/rgb/000013.png,139,connector,small_parts,0.9635343618513323,1.0,0.9572205543518066,0.3095192069231416,3.23081727283023,cuda,14
SAM2.1-Tiny,auto,train,data/cogar_sim_500_final/rgb/000013.png,140,connector,small_parts,0.8735177865612648,0.7941530206309557,0.9256894588470459,0.3095192069231416,3.23081727283023,cuda,14
SAM2.1-Tiny,auto,train,data/cogar_sim_500_final/rgb/000013.png,141,screw,small_parts,0.0,0.031784117289624984,0.9861839413642883,0.3095192069231416,3.23081727283023,cuda,14
SAM2.1-Tiny,auto,train,data/cogar_sim_500_final/rgb/000013.png,142,box,small_parts,0.9656518345042935,1.0,0.9634667038917542,0.3095192069231416,3.23081727283023,cuda,14
SAM2.1-Tiny,auto,train,data/cogar_sim_500_final/rgb/000013.png,143,screw,small_parts,0.6826568265682657,0.7471435668156979,0.8557003736495972,0.3095192069231416,3.23081727283023,cuda,14
SAM2.1-Tiny,auto,train,data/cogar_sim_500_final/rgb/000013.png,144,connector,small_parts,0.943449575871819,1.0,0.9501030445098877,0.3095192069231416,3.23081727283023,cuda,14
SAM2.1-Tiny,auto,train,data/cogar_sim_500_final/rgb/000014.png,147,metal_part,dynamic_scene;reflective_metal;partial_occlusion,0.9706744868035191,1.0,0.9832542538642883,0.41557221266622135,2.406320657447755,cuda,18
SAM2.1-Tiny,auto,train,data/cogar_sim_500_final/rgb/000014.png,148,glass_object,dynamic_scene;transparent_glass;partial_occlusion,0.13197026022304834,0.41594454072790293,0.9460975527763367,0.41557221266622135,2.406320657447755,cuda,18
SAM2.1-Tiny,auto,train,data/cogar_sim_500_final/rgb/000014.png,149,plastic_object,dynamic_scene;partial_occlusion,0.971984110390968,1.0,0.9848317503929138,0.41557221266622135,2.406320657447755,cuda,18
SAM2.1-Tiny,auto,train,data/cogar_sim_500_final/rgb/000014.png,150,plastic_object,dynamic_scene;partial_occlusion,0.8969996341017197,0.8504129620435978,0.9766640067100525,0.41557221266622135,2.406320657447755,cuda,18
SAM2.1-Tiny,auto,train,data/cogar_sim_500_final/rgb/000014.png,151,connector,dynamic_scene;partial_occlusion;small_parts,0.9777206512425022,1.0,0.9517900347709656,0.41557221266622135,2.406320657447755,cuda,18
SAM2.1-Tiny,auto,train,data/cogar_sim_500_final/rgb/000014.png,152,box,dynamic_scene;partial_occlusion,0.9615699100572364,0.8534231403837896,0.8873100876808167,0.41557221266622135,2.406320657447755,cuda,18
SAM2.1-Tiny,auto,train,data/cogar_sim_500_final/rgb/000014.png,153,robot_gripper,dynamic_scene;partial_occlusion,0.9090355520164879,0.8700973684732385,0.9517201781272888,0.41557221266622135,2.406320657447755,cuda,18
SAM2.1-Tiny,auto,train,data/cogar_sim_500_final/rgb/000014.png,154,robot_gripper,dynamic_scene;partial_occlusion,0.029723185033949006,0.2415435646237513,0.9517201781272888,0.41557221266622135,2.406320657447755,cuda,18
SAM2.1-Tiny,auto,train,data/cogar_sim_500_final/rgb/000014.png,155,robot_gripper,dynamic_scene;partial_occlusion,0.6221950224398205,0.7285714285714285,0.9121275544166565,0.41557221266622135,2.406320657447755,cuda,18
SAM2.1-Tiny,auto,train,data/cogar_sim_500_final/rgb/000015.png,158,box,reflective_metal,0.9767401189227003,1.0,0.9029722809791565,0.4742570003745641,2.1085613901538798,cuda,15
SAM2.1-Tiny,auto,train,data/cogar_sim_500_final/rgb/000015.png,159,connector,reflective_metal;small_parts,0.9108061749571184,0.9603420261965925,0.9695744514465332,0.4742570003745641,2.1085613901538798,cuda,15
SAM2.1-Tiny,auto,train,data/cogar_sim_500_final/rgb/000015.png,160,tool,reflective_metal,0.5572562358276644,0.6258992805755396,0.920913577079773,0.4742570003745641,2.1085613901538798,cuda,15
SAM2.1-Tiny,auto,train,data/cogar_sim_500_final/rgb/000015.png,161,tool,reflective_metal,0.8662003953170139,0.8555555555555556,0.9396231770515442,0.4742570003745641,2.1085613901538798,cuda,15
SAM2.1-Tiny,auto,train,data/cogar_sim_500_final/rgb/000015.png,162,tool,reflective_metal,0.8941009239516702,0.9018223040036202,0.8486055135726929,0.4742570003745641,2.1085613901538798,cuda,15
SAM2.1-Tiny,auto,train,data/cogar_sim_500_final/rgb/000015.png,163,metal_part,reflective_metal,0.9553619302949061,0.8900505236186278,0.984583854675293,0.4742570003745641,2.1085613901538798,cuda,15
SAM2.1-Tiny,auto,train,data/cogar_sim_500_final/rgb/000015.png,164,screw,reflective_metal;small_parts,0.0014503263234227702,0.02238209432454037,0.9352631568908691,0.4742570003745641,2.1085613901538798,cuda,15
SAM2.1-Tiny,auto,train,data/cogar_sim_500_final/rgb/000015.png,165,metal_part,reflective_metal,0.9819986763732628,0.9918128654970759,0.9331615567207336,0.4742570003745641,2.1085613901538798,cuda,15
SAM2.1-Tiny,auto,train,data/cogar_sim_500_final/rgb/000016.png,167,cable,transparent_glass;partial_occlusion,0.9792268786127167,1.0,0.9618625044822693,0.6031923191670406,1.6578460438304625,cuda,8
SAM2.1-Tiny,auto,train,data/cogar_sim_500_final/rgb/000016.png,168,cable,transparent_glass;partial_occlusion,0.8161572052401747,0.6812424523267896,0.9586172103881836,0.6031923191670406,1.6578460438304625,cuda,8
SAM2.1-Tiny,auto,train,data/cogar_sim_500_final/rgb/000016.png,169,glass_object,transparent_glass;partial_occlusion,0.3866661507506578,0.37131474103585654,0.8632441759109497,0.6031923191670406,1.6578460438304625,cuda,8
SAM2.1-Tiny,auto,train,data/cogar_sim_500_final/rgb/000016.png,170,robot_gripper,transparent_glass;partial_occlusion,0.9744256801446272,0.9652005377939971,0.8488695025444031,0.6031923191670406,1.6578460438304625,cuda,8
SAM2.1-Tiny,auto,train,data/cogar_sim_500_final/rgb/000016.png,171,robot_gripper,transparent_glass;partial_occlusion,0.00238009700017963,0.08325791855203621,0.8488695025444031,0.6031923191670406,1.6578460438304625,cuda,8
SAM2.1-Tiny,auto,train,data/cogar_sim_500_final/rgb/000016.png,172,robot_gripper,transparent_glass;partial_occlusion,0.9530042383445525,1.0,0.9568153619766235,0.6031923191670406,1.6578460438304625,cuda,8
SAM2.1-Tiny,auto,train,data/cogar_sim_500_final/rgb/000018.png,177,connector,small_parts;partial_occlusion,0.20473130841121495,0.4850765210899589,0.8004213571548462,0.37806086089985913,2.6450767678510902,cuda,11
SAM2.1-Tiny,auto,train,data/cogar_sim_500_final/rgb/000018.png,178,connector,small_parts;partial_occlusion,0.9675889328063241,1.0,0.9311339259147644,0.37806086089985913,2.6450767678510902,cuda,11
SAM2.1-Tiny,auto,train,data/cogar_sim_500_final/rgb/000018.png,179,connector,small_parts;partial_occlusion,0.9188243526941917,0.8843918191603874,0.9452036023139954,0.37806086089985913,2.6450767678510902,cuda,11
SAM2.1-Tiny,auto,train,data/cogar_sim_500_final/rgb/000018.png,180,cable,small_parts;partial_occlusion,0.017777777777777778,0.19495679965331383,0.83775395154953,0.37806086089985913,2.6450767678510902,cuda,11
SAM2.1-Tiny,auto,train,data/cogar_sim_500_final/rgb/000018.png,181,connector,small_parts;partial_occlusion,0.8746081504702194,1.0,0.83775395154953,0.37806086089985913,2.6450767678510902,cuda,11
SAM2.1-Tiny,auto,train,data/cogar_sim_500_final/rgb/000018.png,182,connector,small_parts;partial_occlusion,0.9461279461279462,1.0,0.9742571115493774,0.37806086089985913,2.6450767678510902,cuda,11
SAM2.1-Tiny,auto,train,data/cogar_sim_500_final/rgb/000018.png,183,screw,small_parts;partial_occlusion,0.6558139534883721,0.7399926551597503,0.9040494561195374,0.37806086089985913,2.6450767678510902,cuda,11
SAM2.1-Tiny,auto,train,data/cogar_sim_500_final/rgb/000018.png,184,robot_gripper,small_parts;partial_occlusion,0.7956585455211577,0.7193027785075482,0.9226900339126587,0.37806086089985913,2.6450767678510902,cuda,11
SAM2.1-Tiny,auto,train,data/cogar_sim_500_final/rgb/000018.png,185,robot_gripper,small_parts;partial_occlusion,0.1040213000367242,0.374108441732695,0.9226900339126587,0.37806086089985913,2.6450767678510902,cuda,11
SAM2.1-Tiny,auto,train,data/cogar_sim_500_final/rgb/000018.png,186,robot_gripper,small_parts;partial_occlusion,0.09120758847136082,0.26542380914764196,0.9226900339126587,0.37806086089985913,2.6450767678510902,cuda,11
SAM2.1-Tiny,auto,train,data/cogar_sim_500_final/rgb/000020.png,191,metal_part,reflective_metal;partial_occlusion,0.9592786503781268,1.0,0.9746554493904114,0.6070790485003575,1.6472319419855765,cuda,11
SAM2.1-Tiny,auto,train,data/cogar_sim_500_final/rgb/000020.png,192,metal_part,reflective_metal;partial_occlusion,0.9595015576323987,1.0,0.9621301889419556,0.6070790485003575,1.6472319419855765,cuda,11
SAM2.1-Tiny,auto,train,data/cogar_sim_500_final/rgb/000020.png,193,tool,reflective_metal;partial_occlusion,0.9655977914631556,1.0,0.9699316620826721,0.6070790485003575,1.6472319419855765,cuda,11
SAM2.1-Tiny,auto,train,data/cogar_sim_500_final/rgb/000020.png,194,tool,reflective_metal;partial_occlusion,0.95690030474532,0.9779346866725508,0.96053546667099,0.6070790485003575,1.6472319419855765,cuda,11
SAM2.1-Tiny,auto,train,data/cogar_sim_500_final/rgb/000020.png,195,robot_gripper,reflective_metal;partial_occlusion,0.9349746288291675,0.8825520179727182,0.9711357951164246,0.6070790485003575,1.6472319419855765,cuda,11
SAM2.1-Tiny,auto,train,data/cogar_sim_500_final/rgb/000020.png,196,robot_gripper,reflective_metal;partial_occlusion,0.9554455445544554,1.0,0.9636699557304382,0.6070790485003575,1.6472319419855765,cuda,11
SAM2.1-Tiny,auto,train,data/cogar_sim_500_final/rgb/000022.png,201,box,partial_occlusion,0.8835441239164417,0.726927590408214,0.9636878967285156,0.47925123099958,2.0865882762873413,cuda,9
SAM2.1-Tiny,auto,train,data/cogar_sim_500_final/rgb/000022.png,202,box,partial_occlusion,0.6381877022653721,0.659456051695775,0.8959653973579407,0.47925123099958,2.0865882762873413,cuda,9
SAM2.1-Tiny,auto,train,data/cogar_sim_500_final/rgb/000022.png,203,cable,partial_occlusion,0.938912429378531,0.9970077625129603,0.9679104685783386,0.47925123099958,2.0865882762873413,cuda,9
SAM2.1-Tiny,auto,train,data/cogar_sim_500_final/rgb/000022.png,205,cable,partial_occlusion,0.7698833510074231,0.8122253223188722,0.8698598146438599,0.47925123099958,2.0865882762873413,cuda,9
SAM2.1-Tiny,auto,train,data/cogar_sim_500_final/rgb/000022.png,206,cable,partial_occlusion,0.7667304015296367,0.8418367346938775,0.9168969988822937,0.47925123099958,2.0865882762873413,cuda,9
SAM2.1-Tiny,auto,train,data/cogar_sim_500_final/rgb/000022.png,207,robot_gripper,partial_occlusion,0.8774129047142967,0.7837811985968961,0.9781420826911926,0.47925123099958,2.0865882762873413,cuda,9
SAM2.1-Tiny,auto,train,data/cogar_sim_500_final/rgb/000022.png,208,robot_gripper,partial_occlusion,0.012496604183645748,0.13713837915496638,0.9781420826911926,0.47925123099958,2.0865882762873413,cuda,9
SAM2.1-Tiny,auto,train,data/cogar_sim_500_final/rgb/000022.png,209,robot_gripper,partial_occlusion,0.9660014781966001,1.0,0.9354232549667358,0.47925123099958,2.0865882762873413,cuda,9
SAM2.1-Tiny,auto,train,data/cogar_sim_500_final/rgb/000023.png,211,screw,small_parts;partial_occlusion,0.0,0.018292523584289337,0.9838019609451294,0.28683320692317255,3.4863466846356013,cuda,14
SAM2.1-Tiny,auto,train,data/cogar_sim_500_final/rgb/000023.png,212,connector,small_parts;partial_occlusion,0.9742701632855022,1.0,0.9549117088317871,0.28683320692317255,3.4863466846356013,cuda,14
SAM2.1-Tiny,auto,train,data/cogar_sim_500_final/rgb/000023.png,213,cable,small_parts;partial_occlusion,0.0008669069671944153,0.0190622894002118,0.8481186032295227,0.28683320692317255,3.4863466846356013,cuda,14
SAM2.1-Tiny,auto,train,data/cogar_sim_500_final/rgb/000023.png,214,connector,small_parts;partial_occlusion,0.967327262988752,1.0,0.9548589587211609,0.28683320692317255,3.4863466846356013,cuda,14
SAM2.1-Tiny,auto,train,data/cogar_sim_500_final/rgb/000023.png,215,screw,small_parts;partial_occlusion,0.0,0.011290746848505694,0.9838019609451294,0.28683320692317255,3.4863466846356013,cuda,14
SAM2.1-Tiny,auto,train,data/cogar_sim_500_final/rgb/000023.png,216,connector,small_parts;partial_occlusion,0.9722564734895192,1.0,0.8875477910041809,0.28683320692317255,3.4863466846356013,cuda,14
SAM2.1-Tiny,auto,train,data/cogar_sim_500_final/rgb/000023.png,217,metal_part,small_parts;reflective_metal;partial_occlusion,0.4906080865966253,0.6222458882983534,0.9415210485458374,0.28683320692317255,3.4863466846356013,cuda,14
SAM2.1-Tiny,auto,train,data/cogar_sim_500_final/rgb/000023.png,218,screw,small_parts;partial_occlusion,0.0,0.002938475665748393,0.9838019609451294,0.28683320692317255,3.4863466846356013,cuda,14
SAM2.1-Tiny,auto,train,data/cogar_sim_500_final/rgb/000023.png,219,connector,small_parts;partial_occlusion,0.9681423251965247,1.0,0.9697905778884888,0.28683320692317255,3.4863466846356013,cuda,14
SAM2.1-Tiny,auto,train,data/cogar_sim_500_final/rgb/000023.png,220,screw,small_parts;partial_occlusion,0.0,0.009519886493661037,0.9838019609451294,0.28683320692317255,3.4863466846356013,cuda,14
SAM2.1-Tiny,auto,train,data/cogar_sim_500_final/rgb/000023.png,221,robot_gripper,small_parts;partial_occlusion,0.5844882455600041,0.4628806021211085,0.8481186032295227,0.28683320692317255,3.4863466846356013,cuda,14
SAM2.1-Tiny,auto,train,data/cogar_sim_500_final/rgb/000023.png,222,robot_gripper,small_parts;partial_occlusion,0.6622502172024327,0.7478991596638656,0.8738072514533997,0.28683320692317255,3.4863466846356013,cuda,14
SAM2.1-Tiny,auto,train,data/cogar_sim_500_final/rgb/000023.png,223,robot_gripper,small_parts;partial_occlusion,0.391304347826087,0.31784198068903335,0.9415210485458374,0.28683320692317255,3.4863466846356013,cuda,14
SAM2.1-Tiny,auto,train,data/cogar_sim_500_final/rgb/000024.png,226,connector,dynamic_scene;small_parts,0.8489208633093526,0.7864583333333334,0.9528399109840393,0.42418876622185864,2.3574410253876956,cuda,13
SAM2.1-Tiny,auto,train,data/cogar_sim_500_final/rgb/000024.png,227,plastic_object,dynamic_scene,0.9904834996162701,1.0,0.9818317890167236,0.42418876622185864,2.3574410253876956,cuda,13
SAM2.1-Tiny,auto,train,data/cogar_sim_500_final/rgb/000024.png,228,metal_part,dynamic_scene;reflective_metal,0.9630021141649049,1.0,0.9352754354476929,0.42418876622185864,2.3574410253876956,cuda,13
SAM2.1-Tiny,auto,train,data/cogar_sim_500_final/rgb/000024.png,229,plastic_object,dynamic_scene,0.9817692767483562,1.0,0.9811107516288757,0.42418876622185864,2.3574410253876956,cuda,13
SAM2.1-Tiny,auto,train,data/cogar_sim_500_final/rgb/000024.png,230,plastic_object,dynamic_scene,0.9907927240062879,1.0,0.9753820896148682,0.42418876622185864,2.3574410253876956,cuda,13
SAM2.1-Tiny,auto,train,data/cogar_sim_500_final/rgb/000024.png,231,connector,dynamic_scene;small_parts,0.12898089171974522,0.5617283950617283,0.9528399109840393,0.42418876622185864,2.3574410253876956,cuda,13
SAM2.1-Tiny,auto,train,data/cogar_sim_500_final/rgb/000024.png,232,plastic_object,dynamic_scene,0.9882154882154882,1.0,0.9835505485534668,0.42418876622185864,2.3574410253876956,cuda,13
SAM2.1-Tiny,auto,train,data/cogar_sim_500_final/rgb/000024.png,233,metal_part,dynamic_scene;reflective_metal,0.9794946905895277,1.0,0.9577165842056274,0.42418876622185864,2.3574410253876956,cuda,13
SAM2.1-Tiny,auto,train,data/cogar_sim_500_final/rgb/000024.png,234,plastic_object,dynamic_scene,0.5273904382470119,0.7797628581274237,0.9235803484916687,0.42418876622185864,2.3574410253876956,cuda,13
SAM2.1-Tiny,auto,train,data/cogar_sim_500_final/rgb/000025.png,237,metal_part,reflective_metal,0.97818092669772,1.0,0.9810137152671814,0.3589109200998791,2.7862066713426166,cuda,13
SAM2.1-Tiny,auto,train,data/cogar_sim_500_final/rgb/000025.png,238,metal_part,reflective_metal,0.9839530332681018,1.0,0.9732155203819275,0.3589109200998791,2.7862066713426166,cuda,13
SAM2.1-Tiny,auto,train,data/cogar_sim_500_final/rgb/000025.png,239,plastic_object,reflective_metal,0.9820592823712948,0.9686411149825784,0.9777315258979797,0.3589109200998791,2.7862066713426166,cuda,13
SAM2.1-Tiny,auto,train,data/cogar_sim_500_final/rgb/000025.png,240,screw,reflective_metal;small_parts,0.010554089709762533,0.3013993541442411,0.9578382968902588,0.3589109200998791,2.7862066713426166,cuda,13
SAM2.1-Tiny,auto,train,data/cogar_sim_500_final/rgb/000025.png,241,screw,reflective_metal;small_parts,0.9274193548387096,1.0,0.9213865399360657,0.3589109200998791,2.7862066713426166,cuda,13
SAM2.1-Tiny,auto,train,data/cogar_sim_500_final/rgb/000025.png,242,metal_part,reflective_metal,0.9870412844036697,1.0,0.936479389667511,0.3589109200998791,2.7862066713426166,cuda,13
SAM2.1-Tiny,auto,train,data/cogar_sim_500_final/rgb/000025.png,243,tool,reflective_metal,0.004512458308809104,0.1191037264848025,0.9096346497535706,0.3589109200998791,2.7862066713426166,cuda,13
SAM2.1-Tiny,auto,train,data/cogar_sim_500_final/rgb/000025.png,244,metal_part,reflective_metal,0.9496522027161312,0.982781416695795,0.9096346497535706,0.3589109200998791,2.7862066713426166,cuda,13
SAM2.1-Tiny,auto,train,data/cogar_sim_500_final/rgb/000025.png,245,metal_part,reflective_metal,0.9041916167664671,0.8360273546782718,0.9578382968902588,0.3589109200998791,2.7862066713426166,cuda,13
SAM2.1-Tiny,auto,train,data/cogar_sim_500_final/rgb/000025.png,246,metal_part,reflective_metal,0.9823123382226057,1.0,0.9781978726387024,0.3589109200998791,2.7862066713426166,cuda,13
SAM2.1-Tiny,auto,train,data/cogar_sim_500_final/rgb/000026.png,248,plastic_object,transparent_glass,0.9923024983119514,1.0,0.9698629975318909,0.6085836900007658,1.6431593820707577,cuda,10
SAM2.1-Tiny,auto,train,data/cogar_sim_500_final/rgb/000026.png,249,glass_object,transparent_glass,0.7658316275140526,0.703970692174912,0.9246655106544495,0.6085836900007658,1.6431593820707577,cuda,10
SAM2.1-Tiny,auto,train,data/cogar_sim_500_final/rgb/000026.png,250,tool,transparent_glass;reflective_metal,0.9695746662527166,0.9960552268244576,0.9725531339645386,0.6085836900007658,1.6431593820707577,cuda,10
SAM2.1-Tiny,auto,train,data/cogar_sim_500_final/rgb/000026.png,251,tool,transparent_glass;reflective_metal,0.0,0.0,0.991981565952301,0.6085836900007658,1.6431593820707577,cuda,10
SAM2.1-Tiny,auto,train,data/cogar_sim_500_final/rgb/000026.png,252,glass_object,transparent_glass,0.21263568048984136,0.38959791409359135,0.851704478263855,0.6085836900007658,1.6431593820707577,cuda,10
SAM2.1-Tiny,auto,train,data/cogar_sim_500_final/rgb/000026.png,253,connector,transparent_glass;small_parts,0.9635811836115327,1.0,0.9545757174491882,0.6085836900007658,1.6431593820707577,cuda,10
SAM2.1-Tiny,auto,train,data/cogar_sim_500_final/rgb/000027.png,256,cable,partial_occlusion,0.7826622843056696,0.6252706416611349,0.9374440312385559,0.30056947683381924,3.327017801454558,cuda,22
SAM2.1-Tiny,auto,train,data/cogar_sim_500_final/rgb/000027.png,257,box,partial_occlusion,0.9871226005594675,1.0,0.9793031811714172,0.30056947683381924,3.327017801454558,cuda,22
SAM2.1-Tiny,auto,train,data/cogar_sim_500_final/rgb/000027.png,258,box,partial_occlusion,0.8109127576934568,0.8068570057278542,0.9662468433380127,0.30056947683381924,3.327017801454558,cuda,22
SAM2.1-Tiny,auto,train,data/cogar_sim_500_final/rgb/000027.png,259,cable,partial_occlusion,0.8987490226739641,0.9220489977728286,0.956423282623291,0.30056947683381924,3.327017801454558,cuda,22
SAM2.1-Tiny,auto,train,data/cogar_sim_500_final/rgb/000027.png,260,cable,partial_occlusion,0.945024077046549,0.9865045015431253,0.9497383832931519,0.30056947683381924,3.327017801454558,cuda,22
SAM2.1-Tiny,auto,train,data/cogar_sim_500_final/rgb/000027.png,261,glass_object,partial_occlusion;transparent_glass,0.9774675267296987,0.9003019588613312,0.9094740748405457,0.30056947683381924,3.327017801454558,cuda,22
SAM2.1-Tiny,auto,train,data/cogar_sim_500_final/rgb/000027.png,262,box,partial_occlusion,0.9427927004305926,0.8532410232809421,0.9656642079353333,0.30056947683381924,3.327017801454558,cuda,22
SAM2.1-Tiny,auto,train,data/cogar_sim_500_final/rgb/000027.png,263,plastic_object,partial_occlusion,0.9750634957284692,1.0,0.983173668384552,0.30056947683381924,3.327017801454558,cuda,22
SAM2.1-Tiny,auto,train,data/cogar_sim_500_final/rgb/000027.png,264,metal_part,partial_occlusion;reflective_metal,0.975016880486158,1.0,0.9738913178443909,0.30056947683381924,3.327017801454558,cuda,22
SAM2.1-Tiny,auto,train,data/cogar_sim_500_final/rgb/000027.png,265,robot_gripper,partial_occlusion,0.8173064846987902,0.7776024834091637,0.9778969287872314,0.30056947683381924,3.327017801454558,cuda,22
SAM2.1-Tiny,auto,train,data/cogar_sim_500_final/rgb/000027.png,266,robot_gripper,partial_occlusion,0.020918907474063095,0.14762000401687084,0.9778969287872314,0.30056947683381924,3.327017801454558,cuda,22
SAM2.1-Tiny,auto,train,data/cogar_sim_500_final/rgb/000027.png,267,robot_gripper,partial_occlusion,0.14616786001779436,0.27934426229508197,0.9778969287872314,0.30056947683381924,3.327017801454558,cuda,22
SAM2.1-Tiny,auto,train,data/cogar_sim_500_final/rgb/000028.png,269,metal_part,small_parts;reflective_metal;partial_occlusion,0.0077279752704791345,0.29878869448183043,0.9133016467094421,0.38751130730015576,2.5805698599277958,cuda,16
SAM2.1-Tiny,auto,train,data/cogar_sim_500_final/rgb/000028.png,270,connector,small_parts;partial_occlusion,0.9757533772081746,0.9846938775510203,0.980120837688446,0.38751130730015576,2.5805698599277958,cuda,16
SAM2.1-Tiny,auto,train,data/cogar_sim_500_final/rgb/000028.png,271,connector,small_parts;partial_occlusion,0.9273318872017353,0.9949409780775718,0.9133016467094421,0.38751130730015576,2.5805698599277958,cuda,16
SAM2.1-Tiny,auto,train,data/cogar_sim_500_final/rgb/000028.png,272,box,small_parts;partial_occlusion,0.969937399912651,0.9580751764725208,0.9624156355857849,0.38751130730015576,2.5805698599277958,cuda,16
SAM2.1-Tiny,auto,train,data/cogar_sim_500_final/rgb/000028.png,273,cable,small_parts;partial_occlusion,0.9457627118644067,0.9991111111111112,0.9563339948654175,0.38751130730015576,2.5805698599277958,cuda,16
SAM2.1-Tiny,auto,train,data/cogar_sim_500_final/rgb/000028.png,274,screw,small_parts;partial_occlusion,0.5365079365079365,0.6682808716707023,0.9064642786979675,0.38751130730015576,2.5805698599277958,cuda,16
SAM2.1-Tiny,auto,train,data/cogar_sim_500_final/rgb/000028.png,275,plastic_object,small_parts;partial_occlusion,0.715653718433856,0.6909351587527813,0.9271016120910645,0.38751130730015576,2.5805698599277958,cuda,16
SAM2.1-Tiny,auto,train,data/cogar_sim_500_final/rgb/000028.png,276,connector,small_parts;partial_occlusion,0.9756651524983777,1.0,0.9661493301391602,0.38751130730015576,2.5805698599277958,cuda,16
SAM2.1-Tiny,auto,train,data/cogar_sim_500_final/rgb/000028.png,277,robot_gripper,small_parts;partial_occlusion,0.9701151485281598,0.9646096498725579,0.9855248332023621,0.38751130730015576,2.5805698599277958,cuda,16
SAM2.1-Tiny,auto,train,data/cogar_sim_500_final/rgb/000028.png,278,robot_gripper,small_parts;partial_occlusion,0.9645529736116581,0.9960159362549801,0.9648655652999878,0.38751130730015576,2.5805698599277958,cuda,16
SAM2.1-Tiny,auto,train,data/cogar_sim_500_final/rgb/000029.png,281,plastic_object,dynamic_scene;partial_occlusion,0.0043520623579084115,0.27385892116182575,0.909324049949646,0.63796505783345,1.5674839675326926,cuda,7
SAM2.1-Tiny,auto,train,data/cogar_sim_500_final/rgb/000029.png,282,connector,dynamic_scene;partial_occlusion;small_parts,0.00023043244488824027,0.10584919925768094,0.909324049949646,0.63796505783345,1.5674839675326926,cuda,7
SAM2.1-Tiny,auto,train,data/cogar_sim_500_final/rgb/000029.png,283,connector,dynamic_scene;partial_occlusion;small_parts,0.9692780337941628,1.0,0.9722439050674438,0.63796505783345,1.5674839675326926,cuda,7
SAM2.1-Tiny,auto,train,data/cogar_sim_500_final/rgb/000029.png,284,robot_gripper,dynamic_scene;partial_occlusion,0.687956906502501,0.46472521592906824,0.909324049949646,0.63796505783345,1.5674839675326926,cuda,7
SAM2.1-Tiny,auto,train,data/cogar_sim_500_final/rgb/000029.png,285,robot_gripper,dynamic_scene;partial_occlusion,0.11445596656864263,0.2580326596832787,0.909324049949646,0.63796505783345,1.5674839675326926,cuda,7
SAM2.1-Tiny,auto,train,data/cogar_sim_500_final/rgb/000029.png,286,robot_gripper,dynamic_scene;partial_occlusion,0.18459752321981424,0.4563622418708305,0.909324049949646,0.63796505783345,1.5674839675326926,cuda,7
SAM2.1-Tiny,auto,train,data/cogar_sim_500_final/rgb/000030.png,288,plastic_object,reflective_metal;partial_occlusion,0.9779975278121137,1.0,0.9597209692001343,0.5344287868574611,1.8711566902677206,cuda,14
SAM2.1-Tiny,auto,train,data/cogar_sim_500_final/rgb/000030.png,289,tool,reflective_metal;partial_occlusion,0.5910543130990416,0.7139055293431587,0.8138242959976196,0.5344287868574611,1.8711566902677206,cuda,14
SAM2.1-Tiny,auto,train,data/cogar_sim_500_final/rgb/000030.png,290,metal_part,reflective_metal;partial_occlusion,0.36356435643564355,0.5249088699878494,0.8138242959976196,0.5344287868574611,1.8711566902677206,cuda,14
SAM2.1-Tiny,auto,train,data/cogar_sim_500_final/rgb/000030.png,291,box,reflective_metal;partial_occlusion,0.9781958101752886,1.0,0.9367018342018127,0.5344287868574611,1.8711566902677206,cuda,14
SAM2.1-Tiny,auto,train,data/cogar_sim_500_final/rgb/000030.png,292,robot_gripper,reflective_metal;partial_occlusion,0.7350204498977505,0.6918505671453059,0.8999732136726379,0.5344287868574611,1.8711566902677206,cuda,14
SAM2.1-Tiny,auto,train,data/cogar_sim_500_final/rgb/000030.png,293,robot_gripper,reflective_metal;partial_occlusion,0.18679138321995464,0.420496632996633,0.9197020530700684,0.5344287868574611,1.8711566902677206,cuda,14
SAM2.1-Tiny,auto,train,data/cogar_sim_500_final/rgb/000030.png,294,robot_gripper,reflective_metal;partial_occlusion,0.8527131782945736,0.8409381273955101,0.9488935470581055,0.5344287868574611,1.8711566902677206,cuda,14
SAM2.1-Tiny,auto,train,data/cogar_sim_500_final/rgb/000032.png,298,plastic_object,partial_occlusion,0.9749283667621776,1.0,0.9724454283714294,0.33033708675005374,3.0272108101402493,cuda,13
SAM2.1-Tiny,auto,train,data/cogar_sim_500_final/rgb/000032.png,299,tool,partial_occlusion;reflective_metal,0.9601187950784896,0.9958847736625513,0.9594469666481018,0.33033708675005374,3.0272108101402493,cuda,13
SAM2.1-Tiny,auto,train,data/cogar_sim_500_final/rgb/000032.png,300,cable,partial_occlusion,0.02099867724867725,0.19716412793260518,0.9511212706565857,0.33033708675005374,3.0272108101402493,cuda,13
SAM2.1-Tiny,auto,train,data/cogar_sim_500_final/rgb/000032.png,301,connector,partial_occlusion;small_parts,0.973458904109589,1.0,0.9657984972000122,0.33033708675005374,3.0272108101402493,cuda,13
SAM2.1-Tiny,auto,train,data/cogar_sim_500_final/rgb/000032.png,302,box,partial_occlusion,0.9746337196588672,0.9726741886026082,0.974493682384491,0.33033708675005374,3.0272108101402493,cuda,13
SAM2.1-Tiny,auto,train,data/cogar_sim_500_final/rgb/000032.png,303,connector,partial_occlusion;small_parts,0.9242902208201893,1.0,0.8157113194465637,0.33033708675005374,3.0272108101402493,cuda,13
SAM2.1-Tiny,auto,train,data/cogar_sim_500_final/rgb/000032.png,304,connector,partial_occlusion;small_parts,0.9415337889141989,1.0,0.9727492332458496,0.33033708675005374,3.0272108101402493,cuda,13
SAM2.1-Tiny,auto,train,data/cogar_sim_500_final/rgb/000032.png,305,screw,partial_occlusion;small_parts,0.0036644951140065146,0.1386748844375963,0.9594469666481018,0.33033708675005374,3.0272108101402493,cuda,13
SAM2.1-Tiny,auto,train,data/cogar_sim_500_final/rgb/000032.png,306,tool,partial_occlusion;reflective_metal,0.8437316643849012,0.6419442308692072,0.9511212706565857,0.33033708675005374,3.0272108101402493,cuda,13
SAM2.1-Tiny,auto,train,data/cogar_sim_500_final/rgb/000032.png,307,robot_gripper,partial_occlusion,0.7922357343311506,0.6888111888111887,0.9665082097053528,0.33033708675005374,3.0272108101402493,cuda,13
SAM2.1-Tiny,auto,train,data/cogar_sim_500_final/rgb/000032.png,308,robot_gripper,partial_occlusion,0.48038176033934255,0.6714285714285714,0.8835372924804688,0.33033708675005374,3.0272108101402493,cuda,13
SAM2.1-Tiny,auto,train,data/cogar_sim_500_final/rgb/000032.png,309,robot_gripper,partial_occlusion,0.5330549756437022,0.6765578635014836,0.9065523147583008,0.33033708675005374,3.0272108101402493,cuda,13
SAM2.1-Tiny,auto,train,data/cogar_sim_500_final/rgb/000033.png,311,screw,small_parts;partial_occlusion,0.0,0.017395433918457805,0.9896699786186218,0.3396519192729928,2.944190635343524,cuda,10
SAM2.1-Tiny,auto,train,data/cogar_sim_500_final/rgb/000033.png,312,connector,small_parts;partial_occlusion,0.9725514660012476,0.9944954128440366,0.9655075669288635,0.3396519192729928,2.944190635343524,cuda,10
SAM2.1-Tiny,auto,train,data/cogar_sim_500_final/rgb/000033.png,313,cable,small_parts;partial_occlusion,0.0,0.06534920810371236,0.9896699786186218,0.3396519192729928,2.944190635343524,cuda,10
SAM2.1-Tiny,auto,train,data/cogar_sim_500_final/rgb/000033.png,314,cable,small_parts;partial_occlusion,0.0011560693641618498,0.06072242889715589,0.9231899380683899,0.3396519192729928,2.944190635343524,cuda,10
SAM2.1-Tiny,auto,train,data/cogar_sim_500_final/rgb/000033.png,315,plastic_object,small_parts;partial_occlusion,0.9875,1.0,0.9780521988868713,0.3396519192729928,2.944190635343524,cuda,10
SAM2.1-Tiny,auto,train,data/cogar_sim_500_final/rgb/000033.png,316,screw,small_parts;partial_occlusion,0.0,0.02748191522017387,0.9896699786186218,0.3396519192729928,2.944190635343524,cuda,10
SAM2.1-Tiny,auto,train,data/cogar_sim_500_final/rgb/000033.png,317,screw,small_parts;partial_occlusion,0.0014176447316365554,0.0202808112324493,0.912580132484436,0.3396519192729928,2.944190635343524,cuda,10
SAM2.1-Tiny,auto,train,data/cogar_sim_500_final/rgb/000033.png,318,screw,small_parts;partial_occlusion,0.0,0.0030143180105501126,0.9896699786186218,0.3396519192729928,2.944190635343524,cuda,10
SAM2.1-Tiny,auto,train,data/cogar_sim_500_final/rgb/000033.png,319,robot_gripper,small_parts;partial_occlusion,0.5096729158356601,0.5383274572907566,0.912580132484436,0.3396519192729928,2.944190635343524,cuda,10
SAM2.1-Tiny,auto,train,data/cogar_sim_500_final/rgb/000033.png,320,robot_gripper,small_parts;partial_occlusion,0.27843735491145455,0.36292883916564134,0.912580132484436,0.3396519192729928,2.944190635343524,cuda,10
SAM2.1-Tiny,auto,train,data/cogar_sim_500_final/rgb/000033.png,321,robot_gripper,small_parts;partial_occlusion,0.20585593079354517,0.35764941604492373,0.912580132484436,0.3396519192729928,2.944190635343524,cuda,10
SAM2.1-Tiny,auto,train,data/cogar_sim_500_final/rgb/000034.png,323,tool,dynamic_scene;reflective_metal;partial_occlusion,0.0037518759379689846,0.10964287468683989,0.9384286403656006,0.4075822252998478,2.4534926646134427,cuda,15
SAM2.1-Tiny,auto,train,data/cogar_sim_500_final/rgb/000034.png,324,cable,dynamic_scene;partial_occlusion,0.5292344786015672,0.46649295898351734,0.9202393889427185,0.4075822252998478,2.4534926646134427,cuda,15
SAM2.1-Tiny,auto,train,data/cogar_sim_500_final/rgb/000034.png,325,connector,dynamic_scene;partial_occlusion;small_parts,0.9173022882376556,0.9588138385502472,0.9648823738098145,0.4075822252998478,2.4534926646134427,cuda,15
SAM2.1-Tiny,auto,train,data/cogar_sim_500_final/rgb/000034.png,326,plastic_object,dynamic_scene;partial_occlusion,0.9733762434172031,1.0,0.9626932740211487,0.4075822252998478,2.4534926646134427,cuda,15
SAM2.1-Tiny,auto,train,data/cogar_sim_500_final/rgb/000034.png,327,cable,dynamic_scene;partial_occlusion,0.005957836846929423,0.15212527964205816,0.9648823738098145,0.4075822252998478,2.4534926646134427,cuda,15
SAM2.1-Tiny,auto,train,data/cogar_sim_500_final/rgb/000034.png,328,glass_object,dynamic_scene;transparent_glass;partial_occlusion,0.9298986486486487,0.9272878703750442,0.8822843432426453,0.4075822252998478,2.4534926646134427,cuda,15
SAM2.1-Tiny,auto,train,data/cogar_sim_500_final/rgb/000034.png,329,metal_part,dynamic_scene;reflective_metal;partial_occlusion,6.616819956328988e-05,0.04,0.8513845205307007,0.4075822252998478,2.4534926646134427,cuda,15
SAM2.1-Tiny,auto,train,data/cogar_sim_500_final/rgb/000034.png,330,robot_gripper,dynamic_scene;partial_occlusion,0.8866744066047472,0.8972916369175116,0.8513845205307007,0.4075822252998478,2.4534926646134427,cuda,15
SAM2.1-Tiny,auto,train,data/cogar_sim_500_final/rgb/000034.png,331,robot_gripper,dynamic_scene;partial_occlusion,0.08549940625412324,0.09195402298850575,0.8513845205307007,0.4075822252998478,2.4534926646134427,cuda,15
SAM2.1-Tiny,auto,train,data/cogar_sim_500_final/rgb/000034.png,332,robot_gripper,dynamic_scene;partial_occlusion,0.8330683624801272,0.8032491491004777,0.9384286403656006,0.4075822252998478,2.4534926646134427,cuda,15
SAM2.1-Tiny,auto,train,data/cogar_sim_500_final/rgb/000035.png,335,box,reflective_metal;partial_occlusion,0.9514824797843666,0.9243017573384252,0.9626293182373047,0.40062226011165575,2.496116915024378,cuda,12
SAM2.1-Tiny,auto,train,data/cogar_sim_500_final/rgb/000035.png,336,screw,reflective_metal;partial_occlusion;small_parts,0.0,0.0,0.9885409474372864,0.40062226011165575,2.496116915024378,cuda,12
SAM2.1-Tiny,auto,train,data/cogar_sim_500_final/rgb/000035.png,337,metal_part,reflective_metal;partial_occlusion,0.6555066079295154,0.737778424931799,0.9312621355056763,0.40062226011165575,2.496116915024378,cuda,12
SAM2.1-Tiny,auto,train,data/cogar_sim_500_final/rgb/000035.png,338,tool,reflective_metal;partial_occlusion,0.7921430056121388,0.7754394956691096,0.9090890884399414,0.40062226011165575,2.496116915024378,cuda,12
SAM2.1-Tiny,auto,train,data/cogar_sim_500_final/rgb/000035.png,339,tool,reflective_metal;partial_occlusion,0.7077678989237248,0.7151652762084513,0.9428768157958984,0.40062226011165575,2.496116915024378,cuda,12
SAM2.1-Tiny,auto,train,data/cogar_sim_500_final/rgb/000035.png,340,plastic_object,reflective_metal;partial_occlusion,0.9713919726729291,1.0,0.9812644720077515,0.40062226011165575,2.496116915024378,cuda,12
SAM2.1-Tiny,auto,train,data/cogar_sim_500_final/rgb/000035.png,341,robot_gripper,reflective_metal;partial_occlusion,0.5357456525557702,0.6364812419146183,0.9612416625022888,0.40062226011165575,2.496116915024378,cuda,12
SAM2.1-Tiny,auto,train,data/cogar_sim_500_final/rgb/000035.png,342,robot_gripper,reflective_metal;partial_occlusion,0.34875213876924893,0.3096060552786502,0.9612416625022888,0.40062226011165575,2.496116915024378,cuda,12
SAM2.1-Tiny,auto,train,data/cogar_sim_500_final/rgb/000035.png,343,robot_gripper,reflective_metal;partial_occlusion,0.25051166598444535,0.17880492625817243,0.8331363797187805,0.40062226011165575,2.496116915024378,cuda,12
SAM2.1-Tiny,auto,train,data/cogar_sim_500_final/rgb/000039.png,351,cable,dynamic_scene;partial_occlusion,0.925255338904364,0.9852930522350214,0.9421443343162537,0.47892866637539555,2.0879936203613596,cuda,12
SAM2.1-Tiny,auto,train,data/cogar_sim_500_final/rgb/000039.png,352,metal_part,dynamic_scene;reflective_metal;partial_occlusion,0.9387755102040817,1.0,0.9200129508972168,0.47892866637539555,2.0879936203613596,cuda,12
SAM2.1-Tiny,auto,train,data/cogar_sim_500_final/rgb/000039.png,353,box,dynamic_scene;partial_occlusion,0.9771643663739021,0.9770212765957447,0.9582457542419434,0.47892866637539555,2.0879936203613596,cuda,12
SAM2.1-Tiny,auto,train,data/cogar_sim_500_final/rgb/000039.png,354,connector,dynamic_scene;partial_occlusion;small_parts,0.8669950738916257,1.0,0.8867131471633911,0.47892866637539555,2.0879936203613596,cuda,12
SAM2.1-Tiny,auto,train,data/cogar_sim_500_final/rgb/000039.png,355,plastic_object,dynamic_scene;partial_occlusion,0.8961996596710153,0.8344671201814059,0.9499043226242065,0.47892866637539555,2.0879936203613596,cuda,12
SAM2.1-Tiny,auto,train,data/cogar_sim_500_final/rgb/000039.png,356,robot_gripper,dynamic_scene;partial_occlusion,0.3572947681837516,0.5183246073298429,0.9493863582611084,0.47892866637539555,2.0879936203613596,cuda,12
SAM2.1-Tiny,auto,train,data/cogar_sim_500_final/rgb/000039.png,357,robot_gripper,dynamic_scene;partial_occlusion,0.9588607594936709,0.9516648764769066,0.8176409602165222,0.47892866637539555,2.0879936203613596,cuda,12
SAM2.1-Tiny,auto,train,data/cogar_sim_500_final/rgb/000039.png,358,robot_gripper,dynamic_scene;partial_occlusion,0.002597964927473479,0.13505563371275098,0.8867131471633911,0.47892866637539555,2.0879936203613596,cuda,12
SAM2.1-Tiny,auto,train,data/cogar_sim_500_final/rgb/000040.png,360,connector,reflective_metal;small_parts,0.9291129643669447,0.9802371541501976,0.9808011651039124,0.38845479730007354,2.5743020988553273,cuda,11
SAM2.1-Tiny,auto,train,data/cogar_sim_500_final/rgb/000040.png,361,box,reflective_metal,0.9866666666666667,1.0,0.9813805222511292,0.38845479730007354,2.5743020988553273,cuda,11
SAM2.1-Tiny,auto,train,data/cogar_sim_500_final/rgb/000040.png,362,metal_part,reflective_metal,0.9052973513243379,0.90089501709396,0.9065114855766296,0.38845479730007354,2.5743020988553273,cuda,11
SAM2.1-Tiny,auto,train,data/cogar_sim_500_final/rgb/000040.png,363,metal_part,reflective_metal,0.005377921189009485,0.28567090760027936,0.9813805222511292,0.38845479730007354,2.5743020988553273,cuda,11
SAM2.1-Tiny,auto,train,data/cogar_sim_500_final/rgb/000040.png,364,metal_part,reflective_metal,0.9787326388888888,1.0,0.9599120616912842,0.38845479730007354,2.5743020988553273,cuda,11
SAM2.1-Tiny,auto,train,data/cogar_sim_500_final/rgb/000040.png,365,tool,reflective_metal,0.5954233409610984,0.726293558994304,0.8924017548561096,0.38845479730007354,2.5743020988553273,cuda,11
SAM2.1-Tiny,auto,train,data/cogar_sim_500_final/rgb/000040.png,366,tool,reflective_metal,0.9408174588496394,1.0,0.9807325005531311,0.38845479730007354,2.5743020988553273,cuda,11
SAM2.1-Tiny,auto,train,data/cogar_sim_500_final/rgb/000040.png,367,tool,reflective_metal,0.9528344163118978,0.9983660130718954,0.977919340133667,0.38845479730007354,2.5743020988553273,cuda,11
SAM2.1-Tiny,auto,train,data/cogar_sim_500_final/rgb/000040.png,368,tool,reflective_metal,0.9347545219638242,0.9821070678289425,0.8962719440460205,0.38845479730007354,2.5743020988553273,cuda,11
SAM2.1-Tiny,auto,train,data/cogar_sim_500_final/rgb/000040.png,369,metal_part,reflective_metal,0.9853945818610129,0.9978283831970265,0.9853079915046692,0.38845479730007354,2.5743020988553273,cuda,11
SAM2.1-Tiny,auto,train,data/cogar_sim_500_final/rgb/000042.png,374,cable,partial_occlusion,0.8809638554216868,1.0,0.9616215229034424,0.41107440188837546,2.432649650297474,cuda,12
SAM2.1-Tiny,auto,train,data/cogar_sim_500_final/rgb/000042.png,375,metal_part,partial_occlusion;reflective_metal,0.9541890218737102,0.9473150010337763,0.9593292474746704,0.41107440188837546,2.432649650297474,cuda,12
SAM2.1-Tiny,auto,train,data/cogar_sim_500_final/rgb/000042.png,376,box,partial_occlusion,0.9899710504549214,1.0,0.9631971120834351,0.41107440188837546,2.432649650297474,cuda,12
SAM2.1-Tiny,auto,train,data/cogar_sim_500_final/rgb/000042.png,377,connector,partial_occlusion;small_parts,0.9717828131680205,1.0,0.9537494778633118,0.41107440188837546,2.432649650297474,cuda,12
SAM2.1-Tiny,auto,train,data/cogar_sim_500_final/rgb/000042.png,378,plastic_object,partial_occlusion,0.9174381258265634,0.75116915844823,0.9753214120864868,0.41107440188837546,2.432649650297474,cuda,12
SAM2.1-Tiny,auto,train,data/cogar_sim_500_final/rgb/000042.png,379,connector,partial_occlusion;small_parts,0.9633802816901409,1.0,0.9448378682136536,0.41107440188837546,2.432649650297474,cuda,12
SAM2.1-Tiny,auto,train,data/cogar_sim_500_final/rgb/000042.png,380,robot_gripper,partial_occlusion,0.827187242709191,0.7064927759355756,0.9715852737426758,0.41107440188837546,2.432649650297474,cuda,12
SAM2.1-Tiny,auto,train,data/cogar_sim_500_final/rgb/000042.png,381,robot_gripper,partial_occlusion,0.9427869427869427,0.9520661157024793,0.8592830300331116,0.41107440188837546,2.432649650297474,cuda,12
SAM2.1-Tiny,auto,train,data/cogar_sim_500_final/rgb/000042.png,382,robot_gripper,partial_occlusion,0.045561562608998955,0.2581652587843601,0.9715852737426758,0.41107440188837546,2.432649650297474,cuda,12
SAM2.1-Tiny,auto,train,data/cogar_sim_500_final/rgb/000044.png,386,box,dynamic_scene;partial_occlusion,0.41450777202072536,0.545201668984701,0.9164456129074097,0.4574050686674632,2.1862459961653973,cuda,9
SAM2.1-Tiny,auto,train,data/cogar_sim_500_final/rgb/000044.png,387,plastic_object,dynamic_scene;partial_occlusion,0.9473200612557428,0.8352969294241642,0.9571834206581116,0.4574050686674632,2.1862459961653973,cuda,9
SAM2.1-Tiny,auto,train,data/cogar_sim_500_final/rgb/000044.png,388,screw,dynamic_scene;partial_occlusion;small_parts,0.881326352530541,0.910958904109589,0.9483215808868408,0.4574050686674632,2.1862459961653973,cuda,9
SAM2.1-Tiny,auto,train,data/cogar_sim_500_final/rgb/000044.png,389,cable,dynamic_scene;partial_occlusion,0.7985028072364317,0.9277530230799457,0.9475772976875305,0.4574050686674632,2.1862459961653973,cuda,9
SAM2.1-Tiny,auto,train,data/cogar_sim_500_final/rgb/000044.png,390,plastic_object,dynamic_scene;partial_occlusion,0.005878090023351316,0.2626905173714697,0.9226109981536865,0.4574050686674632,2.1862459961653973,cuda,9
SAM2.1-Tiny,auto,train,data/cogar_sim_500_final/rgb/000044.png,391,plastic_object,dynamic_scene;partial_occlusion,0.9708193041526375,1.0,0.9396734833717346,0.4574050686674632,2.1862459961653973,cuda,9
SAM2.1-Tiny,auto,train,data/cogar_sim_500_final/rgb/000044.png,392,robot_gripper,dynamic_scene;partial_occlusion,0.9600488292087449,0.919312242090784,0.9551167488098145,0.4574050686674632,2.1862459961653973,cuda,9
SAM2.1-Tiny,auto,train,data/cogar_sim_500_final/rgb/000044.png,393,robot_gripper,dynamic_scene;partial_occlusion,0.01772690976843226,0.25612209503988903,0.9551167488098145,0.4574050686674632,2.1862459961653973,cuda,9
SAM2.1-Tiny,auto,train,data/cogar_sim_500_final/rgb/000044.png,394,robot_gripper,dynamic_scene;partial_occlusion,0.00166333998669328,0.09417040358744393,0.9551167488098145,0.4574050686674632,2.1862459961653973,cuda,9
SAM2.1-Tiny,auto,train,data/cogar_sim_500_final/rgb/000045.png,397,box,reflective_metal;partial_occlusion,0.9826001110631208,1.0,0.9742376208305359,0.4233328182227625,2.3622075987356803,cuda,12
SAM2.1-Tiny,auto,train,data/cogar_sim_500_final/rgb/000045.png,398,tool,reflective_metal;partial_occlusion,0.0,0.0,0.9901126623153687,0.4233328182227625,2.3622075987356803,cuda,12
SAM2.1-Tiny,auto,train,data/cogar_sim_500_final/rgb/000045.png,399,tool,reflective_metal;partial_occlusion,0.6504494976203067,0.7589672097818826,0.9034348726272583,0.4233328182227625,2.3622075987356803,cuda,12
SAM2.1-Tiny,auto,train,data/cogar_sim_500_final/rgb/000045.png,400,metal_part,reflective_metal;partial_occlusion,0.006970335548711298,0.030196275792652237,0.9328477382659912,0.4233328182227625,2.3622075987356803,cuda,12
SAM2.1-Tiny,auto,train,data/cogar_sim_500_final/rgb/000045.png,401,box,reflective_metal;partial_occlusion,0.9110679252267259,0.8591294531179845,0.9634231328964233,0.4233328182227625,2.3622075987356803,cuda,12
SAM2.1-Tiny,auto,train,data/cogar_sim_500_final/rgb/000045.png,402,metal_part,reflective_metal;partial_occlusion,0.5840266222961731,0.6683976261127597,0.8458195328712463,0.4233328182227625,2.3622075987356803,cuda,12
SAM2.1-Tiny,auto,train,data/cogar_sim_500_final/rgb/000045.png,403,connector,reflective_metal;partial_occlusion;small_parts,0.0,0.0,0.9901126623153687,0.4233328182227625,2.3622075987356803,cuda,12
SAM2.1-Tiny,auto,train,data/cogar_sim_500_final/rgb/000045.png,404,robot_gripper,reflective_metal;partial_occlusion,0.17957811066952004,0.3474469528146497,0.9194142818450928,0.4233328182227625,2.3622075987356803,cuda,12
SAM2.1-Tiny,auto,train,data/cogar_sim_500_final/rgb/000045.png,405,robot_gripper,reflective_metal;partial_occlusion,0.0,0.0,0.9901126623153687,0.4233328182227625,2.3622075987356803,cuda,12
SAM2.1-Tiny,auto,train,data/cogar_sim_500_final/rgb/000046.png,408,connector,transparent_glass;partial_occlusion;small_parts,0.811816192560175,0.8930455635491605,0.8059591054916382,0.3565815704001579,2.8044074147685034,cuda,10
SAM2.1-Tiny,auto,train,data/cogar_sim_500_final/rgb/000046.png,409,cable,transparent_glass;partial_occlusion,0.2844252648097293,0.4688077430708315,0.9331226348876953,0.3565815704001579,2.8044074147685034,cuda,10
SAM2.1-Tiny,auto,train,data/cogar_sim_500_final/rgb/000046.png,410,glass_object,transparent_glass;partial_occlusion,0.9799957737550187,0.9818692075655601,0.8812554478645325,0.3565815704001579,2.8044074147685034,cuda,10
SAM2.1-Tiny,auto,train,data/cogar_sim_500_final/rgb/000046.png,411,glass_object,transparent_glass;partial_occlusion,0.8694206595008198,0.7168223492063491,0.8743821382522583,0.3565815704001579,2.8044074147685034,cuda,10
SAM2.1-Tiny,auto,train,data/cogar_sim_500_final/rgb/000046.png,412,glass_object,transparent_glass;partial_occlusion,0.03548153511947864,0.1834874919732761,0.9323477745056152,0.3565815704001579,2.8044074147685034,cuda,10
SAM2.1-Tiny,auto,train,data/cogar_sim_500_final/rgb/000046.png,413,glass_object,transparent_glass;partial_occlusion,0.0045637093829864915,0.0967519004837595,0.8105449080467224,0.3565815704001579,2.8044074147685034,cuda,10
SAM2.1-Tiny,auto,train,data/cogar_sim_500_final/rgb/000046.png,414,plastic_object,transparent_glass;partial_occlusion,0.8272283272283272,0.6933008628471857,0.9323477745056152,0.3565815704001579,2.8044074147685034,cuda,10
SAM2.1-Tiny,auto,train,data/cogar_sim_500_final/rgb/000046.png,415,robot_gripper,transparent_glass;partial_occlusion,0.8608462774504553,0.8215771238027423,0.9434566497802734,0.3565815704001579,2.8044074147685034,cuda,10
SAM2.1-Tiny,auto,train,data/cogar_sim_500_final/rgb/000046.png,416,robot_gripper,transparent_glass;partial_occlusion,0.11792196500380393,0.25613346418056915,0.9434566497802734,0.3565815704001579,2.8044074147685034,cuda,10
SAM2.1-Tiny,auto,train,data/cogar_sim_500_final/rgb/000046.png,417,robot_gripper,transparent_glass;partial_occlusion,0.003706934147405146,0.08193668528864059,0.9434566497802734,0.3565815704001579,2.8044074147685034,cuda,10
SAM2.1-Tiny,auto,train,data/cogar_sim_500_final/rgb/000047.png,419,metal_part,partial_occlusion;reflective_metal,0.0,0.011081835089894606,0.9885042309761047,0.5487663265718895,1.822269245722383,cuda,11
SAM2.1-Tiny,auto,train,data/cogar_sim_500_final/rgb/000047.png,420,connector,partial_occlusion;small_parts,0.9652118912080961,1.0,0.8969839215278625,0.5487663265718895,1.822269245722383,cuda,11
SAM2.1-Tiny,auto,train,data/cogar_sim_500_final/rgb/000047.png,421,glass_object,partial_occlusion;transparent_glass,0.9909920449227889,1.0,0.9786919951438904,0.5487663265718895,1.822269245722383,cuda,11
SAM2.1-Tiny,auto,train,data/cogar_sim_500_final/rgb/000047.png,422,box,partial_occlusion,0.9345016817135776,0.847307003464239,0.8736288547515869,0.5487663265718895,1.822269245722383,cuda,11
SAM2.1-Tiny,auto,train,data/cogar_sim_500_final/rgb/000047.png,423,cable,partial_occlusion,0.6376081622110293,0.5839639829619728,0.8923252820968628,0.5487663265718895,1.822269245722383,cuda,11
SAM2.1-Tiny,auto,train,data/cogar_sim_500_final/rgb/000047.png,424,robot_gripper,partial_occlusion,0.9741785308287771,0.9603959583716436,0.9739490747451782,0.5487663265718895,1.822269245722383,cuda,11
SAM2.1-Tiny,auto,train,data/cogar_sim_500_final/rgb/000047.png,425,robot_gripper,partial_occlusion,0.9364495798319328,1.0,0.9385160207748413,0.5487663265718895,1.822269245722383,cuda,11
SAM2.1-Tiny,auto,train,data/cogar_sim_500_final/rgb/000051.png,434,metal_part,transparent_glass;reflective_metal,0.9796393251890634,1.0,0.9694821238517761,0.6333900908333211,1.5788058804083085,cuda,7
SAM2.1-Tiny,auto,train,data/cogar_sim_500_final/rgb/000051.png,435,glass_object,transparent_glass,0.0,0.0,0.9910860657691956,0.6333900908333211,1.5788058804083085,cuda,7
SAM2.1-Tiny,auto,train,data/cogar_sim_500_final/rgb/000051.png,436,glass_object,transparent_glass,0.00038102495713469235,0.06899904635464388,0.9853823184967041,0.6333900908333211,1.5788058804083085,cuda,7
SAM2.1-Tiny,auto,train,data/cogar_sim_500_final/rgb/000051.png,437,glass_object,transparent_glass,0.00022278593815664889,0.07543588635057547,0.9853823184967041,0.6333900908333211,1.5788058804083085,cuda,7
SAM2.1-Tiny,auto,train,data/cogar_sim_500_final/rgb/000051.png,438,glass_object,transparent_glass,1.5319487920583775e-05,0.08832807570977919,0.9853823184967041,0.6333900908333211,1.5788058804083085,cuda,7
SAM2.1-Tiny,auto,train,data/cogar_sim_500_final/rgb/000051.png,439,cable,transparent_glass,0.0,0.0,0.9910860657691956,0.6333900908333211,1.5788058804083085,cuda,7
SAM2.1-Tiny,auto,train,data/cogar_sim_500_final/rgb/000053.png,444,connector,small_parts;partial_occlusion,0.9546742209631728,1.0,0.9598204493522644,0.3341865662496275,2.9923405097409854,cuda,16
SAM2.1-Tiny,auto,train,data/cogar_sim_500_final/rgb/000053.png,445,metal_part,small_parts;reflective_metal;partial_occlusion,0.7904955621301775,0.5864790079595532,0.8012900948524475,0.3341865662496275,2.9923405097409854,cuda,16
SAM2.1-Tiny,auto,train,data/cogar_sim_500_final/rgb/000053.png,446,connector,small_parts;partial_occlusion,0.9610516066212269,1.0,0.9738580584526062,0.3341865662496275,2.9923405097409854,cuda,16
SAM2.1-Tiny,auto,train,data/cogar_sim_500_final/rgb/000053.png,447,connector,small_parts;partial_occlusion,0.9712710388856646,1.0,0.9656566381454468,0.3341865662496275,2.9923405097409854,cuda,16
SAM2.1-Tiny,auto,train,data/cogar_sim_500_final/rgb/000053.png,448,tool,small_parts;reflective_metal;partial_occlusion,0.8548926954124828,0.8255459242067057,0.942216694355011,0.3341865662496275,2.9923405097409854,cuda,16
SAM2.1-Tiny,auto,train,data/cogar_sim_500_final/rgb/000053.png,449,cable,small_parts;partial_occlusion,0.00042154961638984906,0.16662045430308203,0.942216694355011,0.3341865662496275,2.9923405097409854,cuda,16
SAM2.1-Tiny,auto,train,data/cogar_sim_500_final/rgb/000053.png,450,connector,small_parts;partial_occlusion,0.8084291187739464,0.8218689379919285,0.9503016471862793,0.3341865662496275,2.9923405097409854,cuda,16
SAM2.1-Tiny,auto,train,data/cogar_sim_500_final/rgb/000053.png,451,screw,small_parts;partial_occlusion,0.625,0.7367716008037508,0.8923234939575195,0.3341865662496275,2.9923405097409854,cuda,16
SAM2.1-Tiny,auto,train,data/cogar_sim_500_final/rgb/000053.png,452,cable,small_parts;partial_occlusion,0.8345607124507621,0.8461104532487392,0.9366394877433777,0.3341865662496275,2.9923405097409854,cuda,16
SAM2.1-Tiny,auto,train,data/cogar_sim_500_final/rgb/000053.png,453,robot_gripper,small_parts;partial_occlusion,0.8932184965298102,0.8893355825143016,0.9455551505088806,0.3341865662496275,2.9923405097409854,cuda,16
SAM2.1-Tiny,auto,train,data/cogar_sim_500_final/rgb/000053.png,454,robot_gripper,small_parts;partial_occlusion,0.08857422290258112,0.12558387683329159,0.9455551505088806,0.3341865662496275,2.9923405097409854,cuda,16
SAM2.1-Tiny,auto,train,data/cogar_sim_500_final/rgb/000053.png,455,robot_gripper,small_parts;partial_occlusion,0.7976190476190477,0.757504414361389,0.9590972661972046,0.3341865662496275,2.9923405097409854,cuda,16
SAM2.1-Tiny,auto,train,data/cogar_sim_500_final/rgb/000055.png,460,metal_part,reflective_metal;partial_occlusion,0.9526248399487837,1.0,0.9384229779243469,0.5350935937136195,1.8688319422026138,cuda,10
SAM2.1-Tiny,auto,train,data/cogar_sim_500_final/rgb/000055.png,461,box,reflective_metal;partial_occlusion,0.9900288935471078,0.9939209726443768,0.9573790431022644,0.5350935937136195,1.8688319422026138,cuda,10
SAM2.1-Tiny,auto,train,data/cogar_sim_500_final/rgb/000055.png,462,tool,reflective_metal;partial_occlusion,0.9542192526602327,0.9937629937629938,0.9638729095458984,0.5350935937136195,1.8688319422026138,cuda,10
SAM2.1-Tiny,auto,train,data/cogar_sim_500_final/rgb/000055.png,463,screw,reflective_metal;partial_occlusion;small_parts,0.0,0.0,0.9927353858947754,0.5350935937136195,1.8688319422026138,cuda,10
SAM2.1-Tiny,auto,train,data/cogar_sim_500_final/rgb/000055.png,464,robot_gripper,reflective_metal;partial_occlusion,0.589448669201521,0.43038018116936594,0.9688410758972168,0.5350935937136195,1.8688319422026138,cuda,10
SAM2.1-Tiny,auto,train,data/cogar_sim_500_final/rgb/000055.png,465,robot_gripper,reflective_metal;partial_occlusion,0.059711474156873987,0.2,0.9688410758972168,0.5350935937136195,1.8688319422026138,cuda,10
SAM2.1-Tiny,auto,train,data/cogar_sim_500_final/rgb/000055.png,466,robot_gripper,reflective_metal;partial_occlusion,0.33500615472019696,0.5332305319969161,0.9688410758972168,0.5350935937136195,1.8688319422026138,cuda,10
SAM2.1-Tiny,auto,train,data/cogar_sim_500_final/rgb/000056.png,469,glass_object,transparent_glass,0.3495768145678379,0.4737976639760162,0.8480730652809143,0.47182144987527863,2.11944582058391,cuda,13
SAM2.1-Tiny,auto,train,data/cogar_sim_500_final/rgb/000056.png,470,plastic_object,transparent_glass,0.9249832551908909,0.926605504587156,0.952468991279602,0.47182144987527863,2.11944582058391,cuda,13
SAM2.1-Tiny,auto,train,data/cogar_sim_500_final/rgb/000056.png,471,cable,transparent_glass,0.9587737843551797,1.0,0.974768340587616,0.47182144987527863,2.11944582058391,cuda,13
SAM2.1-Tiny,auto,train,data/cogar_sim_500_final/rgb/000056.png,472,glass_object,transparent_glass,0.6308019517077442,0.6647387315516553,0.8480730652809143,0.47182144987527863,2.11944582058391,cuda,13
SAM2.1-Tiny,auto,train,data/cogar_sim_500_final/rgb/000056.png,473,box,transparent_glass,0.9613440786777763,0.9644641525241894,0.9119538068771362,0.47182144987527863,2.11944582058391,cuda,13
SAM2.1-Tiny,auto,train,data/cogar_sim_500_final/rgb/000056.png,474,cable,transparent_glass,0.04579630895420369,0.32857142857142857,0.952468991279602,0.47182144987527863,2.11944582058391,cuda,13
SAM2.1-Tiny,auto,train,data/cogar_sim_500_final/rgb/000056.png,475,box,transparent_glass,0.965603502188868,0.955448683056155,0.930505633354187,0.47182144987527863,2.11944582058391,cuda,13
SAM2.1-Tiny,auto,train,data/cogar_sim_500_final/rgb/000056.png,476,metal_part,transparent_glass;reflective_metal,0.982722143864598,1.0,0.9730642437934875,0.47182144987527863,2.11944582058391,cuda,13
SAM2.1-Tiny,auto,train,data/cogar_sim_500_final/rgb/000057.png,479,plastic_object,partial_occlusion,0.9681050656660413,1.0,0.9829232692718506,0.37213299619979806,2.6872113201783923,cuda,11
SAM2.1-Tiny,auto,train,data/cogar_sim_500_final/rgb/000057.png,480,box,partial_occlusion,0.975327957636298,0.9979437971213159,0.9102073907852173,0.37213299619979806,2.6872113201783923,cuda,11
SAM2.1-Tiny,auto,train,data/cogar_sim_500_final/rgb/000057.png,481,box,partial_occlusion,0.42783395799448415,0.5704371963913949,0.9411678314208984,0.37213299619979806,2.6872113201783923,cuda,11
SAM2.1-Tiny,auto,train,data/cogar_sim_500_final/rgb/000057.png,482,box,partial_occlusion,0.9676041295834816,1.0,0.9716448187828064,0.37213299619979806,2.6872113201783923,cuda,11
SAM2.1-Tiny,auto,train,data/cogar_sim_500_final/rgb/000057.png,483,cable,partial_occlusion,0.0006256517205422315,0.0553501482593257,0.9102073907852173,0.37213299619979806,2.6872113201783923,cuda,11
SAM2.1-Tiny,auto,train,data/cogar_sim_500_final/rgb/000057.png,484,box,partial_occlusion,0.5300375469336671,0.6314556062464429,0.9411678314208984,0.37213299619979806,2.6872113201783923,cuda,11
SAM2.1-Tiny,auto,train,data/cogar_sim_500_final/rgb/000057.png,485,metal_part,partial_occlusion;reflective_metal,0.9633227265114721,0.9883871401441945,0.9837983846664429,0.37213299619979806,2.6872113201783923,cuda,11
SAM2.1-Tiny,auto,train,data/cogar_sim_500_final/rgb/000057.png,486,robot_gripper,partial_occlusion,0.9597093791281374,0.9148326148388028,0.936970591545105,0.37213299619979806,2.6872113201783923,cuda,11
SAM2.1-Tiny,auto,train,data/cogar_sim_500_final/rgb/000057.png,487,robot_gripper,partial_occlusion,0.9716399506781751,1.0,0.960404634475708,0.37213299619979806,2.6872113201783923,cuda,11
SAM2.1-Tiny,auto,train,data/cogar_sim_500_final/rgb/000057.png,488,robot_gripper,partial_occlusion,0.0013153174698074853,0.11728646214772019,0.9102073907852173,0.37213299619979806,2.6872113201783923,cuda,11
SAM2.1-Tiny,auto,train,data/cogar_sim_500_final/rgb/000058.png,491,screw,small_parts;partial_occlusion,0.03685152057245081,0.2788461538461538,0.9436574578285217,0.2628861510000812,3.8039280357514573,cuda,14
SAM2.1-Tiny,auto,train,data/cogar_sim_500_final/rgb/000058.png,492,connector,small_parts;partial_occlusion,0.9568197395476353,1.0,0.9580221772193909,0.2628861510000812,3.8039280357514573,cuda,14
SAM2.1-Tiny,auto,train,data/cogar_sim_500_final/rgb/000058.png,493,plastic_object,small_parts;partial_occlusion,0.9793103448275862,1.0,0.9734228849411011,0.2628861510000812,3.8039280357514573,cuda,14
SAM2.1-Tiny,auto,train,data/cogar_sim_500_final/rgb/000058.png,494,plastic_object,small_parts;partial_occlusion,0.9822266934942991,1.0,0.970568060874939,0.2628861510000812,3.8039280357514573,cuda,14
SAM2.1-Tiny,auto,train,data/cogar_sim_500_final/rgb/000058.png,495,screw,small_parts;partial_occlusion,0.9209486166007905,1.0,0.9593272805213928,0.2628861510000812,3.8039280357514573,cuda,14
SAM2.1-Tiny,auto,train,data/cogar_sim_500_final/rgb/000058.png,496,screw,small_parts;partial_occlusion,0.0,0.0,0.9951013922691345,0.2628861510000812,3.8039280357514573,cuda,14
SAM2.1-Tiny,auto,train,data/cogar_sim_500_final/rgb/000058.png,497,screw,small_parts;partial_occlusion,0.0,0.0,0.9951013922691345,0.2628861510000812,3.8039280357514573,cuda,14
SAM2.1-Tiny,auto,train,data/cogar_sim_500_final/rgb/000058.png,498,screw,small_parts;partial_occlusion,0.9637681159420289,1.0,0.9286725521087646,0.2628861510000812,3.8039280357514573,cuda,14
SAM2.1-Tiny,auto,train,data/cogar_sim_500_final/rgb/000058.png,499,screw,small_parts;partial_occlusion,0.006384213580963436,0.17296892549606888,0.9580221772193909,0.2628861510000812,3.8039280357514573,cuda,14
SAM2.1-Tiny,auto,train,data/cogar_sim_500_final/rgb/000058.png,500,screw,small_parts;partial_occlusion,0.0,0.0,0.9951013922691345,0.2628861510000812,3.8039280357514573,cuda,14
SAM2.1-Tiny,auto,train,data/cogar_sim_500_final/rgb/000058.png,501,connector,small_parts;partial_occlusion,0.9759493670886076,1.0,0.9769120812416077,0.2628861510000812,3.8039280357514573,cuda,14
SAM2.1-Tiny,auto,train,data/cogar_sim_500_final/rgb/000058.png,502,cable,small_parts;partial_occlusion,0.9270231213872833,0.9333999205030727,0.9436574578285217,0.2628861510000812,3.8039280357514573,cuda,14
SAM2.1-Tiny,auto,train,data/cogar_sim_500_final/rgb/000058.png,503,robot_gripper,small_parts;partial_occlusion,0.6682453416149068,0.5690763410189367,0.8944704532623291,0.2628861510000812,3.8039280357514573,cuda,14
SAM2.1-Tiny,auto,train,data/cogar_sim_500_final/rgb/000058.png,504,robot_gripper,small_parts;partial_occlusion,0.31746031746031744,0.5549107790512114,0.8387905955314636,0.2628861510000812,3.8039280357514573,cuda,14
SAM2.1-Tiny,auto,train,data/cogar_sim_500_final/rgb/000058.png,505,robot_gripper,small_parts;partial_occlusion,0.06746743623742298,0.2589595375722543,0.8944704532623291,0.2628861510000812,3.8039280357514573,cuda,14
SAM2.1-Tiny,auto,train,data/cogar_sim_500_final/rgb/000059.png,508,tool,dynamic_scene;reflective_metal,0.9881646505961187,1.0,0.9904576539993286,0.4333865908888078,2.3074087224276068,cuda,11
SAM2.1-Tiny,auto,train,data/cogar_sim_500_final/rgb/000059.png,509,cable,dynamic_scene,0.0021141649048625794,0.20294453610864324,0.9514415264129639,0.4333865908888078,2.3074087224276068,cuda,11
SAM2.1-Tiny,auto,train,data/cogar_sim_500_final/rgb/000059.png,510,plastic_object,dynamic_scene,0.9771479447989316,0.9574043998228259,0.8061708807945251,0.4333865908888078,2.3074087224276068,cuda,11
SAM2.1-Tiny,auto,train,data/cogar_sim_500_final/rgb/000059.png,511,cable,dynamic_scene,0.007596685082872928,0.11518959435626101,0.966768741607666,0.4333865908888078,2.3074087224276068,cuda,11
SAM2.1-Tiny,auto,train,data/cogar_sim_500_final/rgb/000059.png,512,metal_part,dynamic_scene;reflective_metal,0.9661885245901639,0.9680589680589681,0.966768741607666,0.4333865908888078,2.3074087224276068,cuda,11
SAM2.1-Tiny,auto,train,data/cogar_sim_500_final/rgb/000059.png,513,connector,dynamic_scene;small_parts,0.9652106687282567,0.9963503649635036,0.9514415264129639,0.4333865908888078,2.3074087224276068,cuda,11
SAM2.1-Tiny,auto,train,data/cogar_sim_500_final/rgb/000059.png,514,plastic_object,dynamic_scene,0.968839427662957,0.9985528219971056,0.9206064343452454,0.4333865908888078,2.3074087224276068,cuda,11
SAM2.1-Tiny,auto,train,data/cogar_sim_500_final/rgb/000059.png,515,plastic_object,dynamic_scene,0.9564830131059932,0.9180945252102315,0.8566386103630066,0.4333865908888078,2.3074087224276068,cuda,11
SAM2.1-Tiny,auto,train,data/cogar_sim_500_final/rgb/000059.png,516,connector,dynamic_scene;small_parts,0.02599408055591301,0.21185372005044137,0.8566386103630066,0.4333865908888078,2.3074087224276068,cuda,11
SAM2.1-Tiny,auto,train,data/cogar_sim_500_final/rgb/000060.png,518,metal_part,reflective_metal,0.9048239895697523,0.6972901070946569,0.8545206785202026,0.5648603959998582,1.7703489341466438,cuda,13
SAM2.1-Tiny,auto,train,data/cogar_sim_500_final/rgb/000060.png,519,metal_part,reflective_metal,0.9815905743740795,1.0,0.9736725687980652,0.5648603959998582,1.7703489341466438,cuda,13
SAM2.1-Tiny,auto,train,data/cogar_sim_500_final/rgb/000060.png,520,metal_part,reflective_metal,0.9821452909908682,0.9684578183772167,0.9803857803344727,0.5648603959998582,1.7703489341466438,cuda,13
SAM2.1-Tiny,auto,train,data/cogar_sim_500_final/rgb/000060.png,521,plastic_object,reflective_metal,0.9879366080580304,0.9990817263544537,0.9813168048858643,0.5648603959998582,1.7703489341466438,cuda,13
SAM2.1-Tiny,auto,train,data/cogar_sim_500_final/rgb/000060.png,522,tool,reflective_metal,0.5829923869698068,0.5652047488688104,0.9451192617416382,0.5648603959998582,1.7703489341466438,cuda,13
SAM2.1-Tiny,auto,train,data/cogar_sim_500_final/rgb/000060.png,523,metal_part,reflective_metal,0.0016076213158678178,0.24375634782155786,0.8545206785202026,0.5648603959998582,1.7703489341466438,cuda,13
SAM2.1-Tiny,auto,train,data/cogar_sim_500_final/rgb/000060.png,524,metal_part,reflective_metal,0.9780163945532145,0.9413637828678572,0.9846832156181335,0.5648603959998582,1.7703489341466438,cuda,13
SAM2.1-Tiny,auto,train,data/cogar_sim_500_final/rgb/000061.png,527,glass_object,transparent_glass;partial_occlusion,0.9202037351443124,1.0,0.9059769511222839,0.5331718409995249,1.875567918450688,cuda,9
SAM2.1-Tiny,auto,train,data/cogar_sim_500_final/rgb/000061.png,528,glass_object,transparent_glass;partial_occlusion,0.40252539254479924,0.41776876469636837,0.8323524594306946,0.5331718409995249,1.875567918450688,cuda,9
SAM2.1-Tiny,auto,train,data/cogar_sim_500_final/rgb/000061.png,529,glass_object,transparent_glass;partial_occlusion,0.9152889739035387,0.8002122961956523,0.9644628167152405,0.5331718409995249,1.875567918450688,cuda,9
SAM2.1-Tiny,auto,train,data/cogar_sim_500_final/rgb/000061.png,530,glass_object,transparent_glass;partial_occlusion,0.3946505999798326,0.40689271817676487,0.8323524594306946,0.5331718409995249,1.875567918450688,cuda,9
SAM2.1-Tiny,auto,train,data/cogar_sim_500_final/rgb/000061.png,531,robot_gripper,transparent_glass;partial_occlusion,0.5777273464094667,0.6230394947561272,0.915331244468689,0.5331718409995249,1.875567918450688,cuda,9
SAM2.1-Tiny,auto,train,data/cogar_sim_500_final/rgb/000061.png,532,robot_gripper,transparent_glass;partial_occlusion,0.11445586555718715,0.281418353370872,0.915331244468689,0.5331718409995249,1.875567918450688,cuda,9
SAM2.1-Tiny,auto,train,data/cogar_sim_500_final/rgb/000061.png,533,robot_gripper,transparent_glass;partial_occlusion,0.299252882897515,0.16640769886221243,0.915331244468689,0.5331718409995249,1.875567918450688,cuda,9
SAM2.1-Tiny,auto,train,data/cogar_sim_500_final/rgb/000063.png,537,connector,small_parts,0.9326530612244898,0.936593581386645,0.9803046584129333,0.3165833124618915,3.1587261887670546,cuda,6
SAM2.1-Tiny,auto,train,data/cogar_sim_500_final/rgb/000063.png,538,screw,small_parts,0.9539877300613497,1.0,0.9591510891914368,0.3165833124618915,3.1587261887670546,cuda,6
SAM2.1-Tiny,auto,train,data/cogar_sim_500_final/rgb/000063.png,539,screw,small_parts,0.11258278145695365,0.43603659482090246,0.9427900314331055,0.3165833124618915,3.1587261887670546,cuda,6
SAM2.1-Tiny,auto,train,data/cogar_sim_500_final/rgb/000063.png,540,screw,small_parts,0.012103606874848705,0.1194499017681729,0.9671266674995422,0.3165833124618915,3.1587261887670546,cuda,6
SAM2.1-Tiny,auto,train,data/cogar_sim_500_final/rgb/000063.png,541,connector,small_parts,0.9445333333333333,1.0,0.963306188583374,0.3165833124618915,3.1587261887670546,cuda,6
SAM2.1-Tiny,auto,train,data/cogar_sim_500_final/rgb/000063.png,542,screw,small_parts,0.0,0.04381374622270854,0.9945170283317566,0.3165833124618915,3.1587261887670546,cuda,6
SAM2.1-Tiny,auto,train,data/cogar_sim_500_final/rgb/000063.png,543,screw,small_parts,0.004987531172069825,0.17445482866043613,0.963306188583374,0.3165833124618915,3.1587261887670546,cuda,6
SAM2.1-Tiny,auto,train,data/cogar_sim_500_final/rgb/000063.png,544,screw,small_parts,0.035266191929467616,0.2494146642020949,0.9803046584129333,0.3165833124618915,3.1587261887670546,cuda,6
SAM2.1-Tiny,auto,train,data/cogar_sim_500_final/rgb/000063.png,545,screw,small_parts,0.0,0.056073254522002326,0.9945170283317566,0.3165833124618915,3.1587261887670546,cuda,6
SAM2.1-Tiny,auto,train,data/cogar_sim_500_final/rgb/000063.png,546,tool,small_parts;reflective_metal,0.916321243523316,0.9637742207245155,0.9671266674995422,0.3165833124618915,3.1587261887670546,cuda,6
SAM2.1-Tiny,auto,train,data/cogar_sim_500_final/rgb/000063.png,547,screw,small_parts,0.0,0.027431270959232406,0.9945170283317566,0.3165833124618915,3.1587261887670546,cuda,6
SAM2.1-Tiny,auto,train,data/cogar_sim_500_final/rgb/000063.png,548,screw,small_parts,0.0,0.03940961848946747,0.9945170283317566,0.3165833124618915,3.1587261887670546,cuda,6
SAM2.1-Tiny,auto,train,data/cogar_sim_500_final/rgb/000063.png,549,metal_part,small_parts;reflective_metal,0.8692380056444027,0.8370905248326875,0.9427900314331055,0.3165833124618915,3.1587261887670546,cuda,6
SAM2.1-Tiny,auto,train,data/cogar_sim_500_final/rgb/000064.png,551,plastic_object,dynamic_scene;partial_occlusion,0.8907420494699647,0.7965941247639731,0.9816077947616577,0.6215417331671537,1.6089024222144486,cuda,10
SAM2.1-Tiny,auto,train,data/cogar_sim_500_final/rgb/000064.png,552,glass_object,dynamic_scene;transparent_glass;partial_occlusion,0.5234844082897541,0.5312826368988035,0.843778669834137,0.6215417331671537,1.6089024222144486,cuda,10
SAM2.1-Tiny,auto,train,data/cogar_sim_500_final/rgb/000064.png,553,tool,dynamic_scene;reflective_metal;partial_occlusion,0.6015578897674968,0.45713088036541566,0.8742072582244873,0.6215417331671537,1.6089024222144486,cuda,10
SAM2.1-Tiny,auto,train,data/cogar_sim_500_final/rgb/000064.png,554,robot_gripper,dynamic_scene;partial_occlusion,0.8160907577019151,0.7883440193958376,0.9733306169509888,0.6215417331671537,1.6089024222144486,cuda,10
SAM2.1-Tiny,auto,train,data/cogar_sim_500_final/rgb/000064.png,555,robot_gripper,dynamic_scene;partial_occlusion,0.8786170612551673,0.8280254777070064,0.9446606040000916,0.6215417331671537,1.6089024222144486,cuda,10
SAM2.1-Tiny,auto,train,data/cogar_sim_500_final/rgb/000064.png,556,robot_gripper,dynamic_scene;partial_occlusion,0.9755809373769201,1.0,0.9656298160552979,0.6215417331671537,1.6089024222144486,cuda,10
SAM2.1-Tiny,auto,train,data/cogar_sim_500_final/rgb/000068.png,564,screw,small_parts;partial_occlusion,0.7684931506849315,0.7308136656213896,0.9666282534599304,0.3140681759165697,3.184022058527967,cuda,18
SAM2.1-Tiny,auto,train,data/cogar_sim_500_final/rgb/000068.png,565,box,small_parts;partial_occlusion,0.9831267217630854,1.0,0.9722071886062622,0.3140681759165697,3.184022058527967,cuda,18
SAM2.1-Tiny,auto,train,data/cogar_sim_500_final/rgb/000068.png,566,metal_part,small_parts;reflective_metal;partial_occlusion,0.9758820902188478,0.9795770026752815,0.971738874912262,0.3140681759165697,3.184022058527967,cuda,18
SAM2.1-Tiny,auto,train,data/cogar_sim_500_final/rgb/000068.png,567,metal_part,small_parts;reflective_metal;partial_occlusion,0.0,0.10304056915389176,0.9901580214500427,0.3140681759165697,3.184022058527967,cuda,18
SAM2.1-Tiny,auto,train,data/cogar_sim_500_final/rgb/000068.png,568,connector,small_parts;partial_occlusion,0.9037267080745341,1.0,0.9279170632362366,0.3140681759165697,3.184022058527967,cuda,18
SAM2.1-Tiny,auto,train,data/cogar_sim_500_final/rgb/000068.png,569,tool,small_parts;reflective_metal;partial_occlusion,0.5005556790397866,0.6708727655099895,0.9153918623924255,0.3140681759165697,3.184022058527967,cuda,18
SAM2.1-Tiny,auto,train,data/cogar_sim_500_final/rgb/000068.png,570,screw,small_parts;partial_occlusion,0.0,0.0,0.9901580214500427,0.3140681759165697,3.184022058527967,cuda,18
SAM2.1-Tiny,auto,train,data/cogar_sim_500_final/rgb/000068.png,572,cable,small_parts;partial_occlusion,0.008355916892502258,0.16,0.971738874912262,0.3140681759165697,3.184022058527967,cuda,18
SAM2.1-Tiny,auto,train,data/cogar_sim_500_final/rgb/000068.png,573,metal_part,small_parts;reflective_metal;partial_occlusion,0.9698331193838254,1.0,0.9725278615951538,0.3140681759165697,3.184022058527967,cuda,18
SAM2.1-Tiny,auto,train,data/cogar_sim_500_final/rgb/000068.png,574,robot_gripper,small_parts;partial_occlusion,0.002619605680408107,0.1631710808876163,0.9377017617225647,0.3140681759165697,3.184022058527967,cuda,18
SAM2.1-Tiny,auto,train,data/cogar_sim_500_final/rgb/000068.png,575,robot_gripper,small_parts;partial_occlusion,0.5781645569620253,0.67524115755627,0.9379607439041138,0.3140681759165697,3.184022058527967,cuda,18
SAM2.1-Tiny,auto,train,data/cogar_sim_500_final/rgb/000068.png,576,robot_gripper,small_parts;partial_occlusion,0.6894227951948433,0.7413282130483783,0.9114648103713989,0.3140681759165697,3.184022058527967,cuda,18
SAM2.1-Tiny,auto,train,data/cogar_sim_500_final/rgb/000069.png,579,metal_part,dynamic_scene;reflective_metal;partial_occlusion,0.03376244838474617,0.0,0.9272903800010681,0.43002362277750056,2.325453642618634,cuda,13
SAM2.1-Tiny,auto,train,data/cogar_sim_500_final/rgb/000069.png,580,plastic_object,dynamic_scene;partial_occlusion,0.9933657673595754,1.0,0.9912386536598206,0.43002362277750056,2.325453642618634,cuda,13
SAM2.1-Tiny,auto,train,data/cogar_sim_500_final/rgb/000069.png,581,cable,dynamic_scene;partial_occlusion,0.21125835067352974,0.6632845038990023,0.8720625042915344,0.43002362277750056,2.325453642618634,cuda,13
SAM2.1-Tiny,auto,train,data/cogar_sim_500_final/rgb/000069.png,582,plastic_object,dynamic_scene;partial_occlusion,0.984399375975039,0.9913043478260869,0.9371110796928406,0.43002362277750056,2.325453642618634,cuda,13
SAM2.1-Tiny,auto,train,data/cogar_sim_500_final/rgb/000069.png,583,cable,dynamic_scene;partial_occlusion,0.8657074340527577,0.9432163245475527,0.9509063959121704,0.43002362277750056,2.325453642618634,cuda,13
SAM2.1-Tiny,auto,train,data/cogar_sim_500_final/rgb/000069.png,584,box,dynamic_scene;partial_occlusion,0.9485311774593772,0.9117117117117117,0.9272903800010681,0.43002362277750056,2.325453642618634,cuda,13
SAM2.1-Tiny,auto,train,data/cogar_sim_500_final/rgb/000069.png,585,robot_gripper,dynamic_scene;partial_occlusion,0.7526660670692535,0.6819174775074162,0.9667747616767883,0.43002362277750056,2.325453642618634,cuda,13
SAM2.1-Tiny,auto,train,data/cogar_sim_500_final/rgb/000069.png,586,robot_gripper,dynamic_scene;partial_occlusion,0.08727109745165834,0.28387435931134186,0.913200855255127,0.43002362277750056,2.325453642618634,cuda,13
SAM2.1-Tiny,auto,train,data/cogar_sim_500_final/rgb/000069.png,587,robot_gripper,dynamic_scene;partial_occlusion,0.15882465911273286,0.4296096904441453,0.913200855255127,0.43002362277750056,2.325453642618634,cuda,13
SAM2.1-Tiny,auto,train,data/cogar_sim_500_final/rgb/000070.png,590,plastic_object,reflective_metal,0.9754832626119755,1.0,0.9775574207305908,0.41586526400028057,2.404624974879665,cuda,16
SAM2.1-Tiny,auto,train,data/cogar_sim_500_final/rgb/000070.png,591,tool,reflective_metal,0.002881161937088053,0.09363277147001452,0.9664203524589539,0.41586526400028057,2.404624974879665,cuda,16
SAM2.1-Tiny,auto,train,data/cogar_sim_500_final/rgb/000070.png,592,metal_part,reflective_metal,0.9713614020089762,1.0,0.9744154214859009,0.41586526400028057,2.404624974879665,cuda,16
SAM2.1-Tiny,auto,train,data/cogar_sim_500_final/rgb/000070.png,593,tool,reflective_metal,0.2601814728845748,0.4352677126270583,0.920940637588501,0.41586526400028057,2.404624974879665,cuda,16
SAM2.1-Tiny,auto,train,data/cogar_sim_500_final/rgb/000070.png,594,plastic_object,reflective_metal,0.9571217348447512,1.0,0.9740493893623352,0.41586526400028057,2.404624974879665,cuda,16
SAM2.1-Tiny,auto,train,data/cogar_sim_500_final/rgb/000070.png,595,metal_part,reflective_metal,0.9792876500193574,1.0,0.9728180170059204,0.41586526400028057,2.404624974879665,cuda,16
SAM2.1-Tiny,auto,train,data/cogar_sim_500_final/rgb/000070.png,596,box,reflective_metal,0.9818010668340131,0.9906609249044491,0.9778207540512085,0.41586526400028057,2.404624974879665,cuda,16
SAM2.1-Tiny,auto,train,data/cogar_sim_500_final/rgb/000070.png,597,cable,reflective_metal,0.9648671808054842,1.0,0.9510087966918945,0.41586526400028057,2.404624974879665,cuda,16
SAM2.1-Tiny,auto,train,data/cogar_sim_500_final/rgb/000070.png,598,tool,reflective_metal,0.7073655576480435,0.7839441092410288,0.920940637588501,0.41586526400028057,2.404624974879665,cuda,16
SAM2.1-Tiny,auto,train,data/cogar_sim_500_final/rgb/000071.png,601,glass_object,transparent_glass;partial_occlusion,0.8290965975752835,0.7663854707344727,0.9262496829032898,0.48793526812551136,2.0494521821340665,cuda,10
SAM2.1-Tiny,auto,train,data/cogar_sim_500_final/rgb/000071.png,602,glass_object,transparent_glass;partial_occlusion,0.981453154875717,1.0,0.9796046018600464,0.48793526812551136,2.0494521821340665,cuda,10
SAM2.1-Tiny,auto,train,data/cogar_sim_500_final/rgb/000071.png,603,box,transparent_glass;partial_occlusion,0.3579853514696091,0.47488665622429876,0.9702161550521851,0.48793526812551136,2.0494521821340665,cuda,10
SAM2.1-Tiny,auto,train,data/cogar_sim_500_final/rgb/000071.png,604,box,transparent_glass;partial_occlusion,0.6107537205952952,0.5712230215827337,0.9702161550521851,0.48793526812551136,2.0494521821340665,cuda,10
SAM2.1-Tiny,auto,train,data/cogar_sim_500_final/rgb/000071.png,605,metal_part,transparent_glass;reflective_metal;partial_occlusion,0.9414348462664714,1.0,0.9183561205863953,0.48793526812551136,2.0494521821340665,cuda,10
SAM2.1-Tiny,auto,train,data/cogar_sim_500_final/rgb/000071.png,606,robot_gripper,transparent_glass;partial_occlusion,0.856510950480095,0.7430599405973013,0.9673094153404236,0.48793526812551136,2.0494521821340665,cuda,10
SAM2.1-Tiny,auto,train,data/cogar_sim_500_final/rgb/000071.png,607,robot_gripper,transparent_glass;partial_occlusion,0.0785323288710639,0.06478405315614619,0.9673094153404236,0.48793526812551136,2.0494521821340665,cuda,10
SAM2.1-Tiny,auto,train,data/cogar_sim_500_final/rgb/000071.png,608,robot_gripper,transparent_glass;partial_occlusion,0.9907763259031515,1.0,0.969071090221405,0.48793526812551136,2.0494521821340665,cuda,10
SAM2.1-Tiny,auto,train,data/cogar_sim_500_final/rgb/000072.png,610,metal_part,partial_occlusion;reflective_metal,0.002170053264943776,0.16699801192842942,0.9801441431045532,0.3809778256996651,2.6248246814981995,cuda,14
SAM2.1-Tiny,auto,train,data/cogar_sim_500_final/rgb/000072.png,611,cable,partial_occlusion,0.38233164373642287,0.4290924823189381,0.929277777671814,0.3809778256996651,2.6248246814981995,cuda,14
SAM2.1-Tiny,auto,train,data/cogar_sim_500_final/rgb/000072.png,613,box,partial_occlusion,0.9963116296575084,1.0,0.953453004360199,0.3809778256996651,2.6248246814981995,cuda,14
SAM2.1-Tiny,auto,train,data/cogar_sim_500_final/rgb/000072.png,614,plastic_object,partial_occlusion,0.987031195233088,1.0,0.9801441431045532,0.3809778256996651,2.6248246814981995,cuda,14
SAM2.1-Tiny,auto,train,data/cogar_sim_500_final/rgb/000072.png,615,box,partial_occlusion,0.9864270336047927,0.9511025886864813,0.9834360480308533,0.3809778256996651,2.6248246814981995,cuda,14
SAM2.1-Tiny,auto,train,data/cogar_sim_500_final/rgb/000072.png,616,glass_object,partial_occlusion;transparent_glass,0.9746610357857302,0.9835008944776295,0.9835224747657776,0.3809778256996651,2.6248246814981995,cuda,14
SAM2.1-Tiny,auto,train,data/cogar_sim_500_final/rgb/000072.png,617,glass_object,partial_occlusion;transparent_glass,0.8196063196063196,0.6999481531524454,0.9662368893623352,0.3809778256996651,2.6248246814981995,cuda,14
SAM2.1-Tiny,auto,train,data/cogar_sim_500_final/rgb/000072.png,618,robot_gripper,partial_occlusion,0.8144892144892145,0.8016145476454368,0.9659071564674377,0.3809778256996651,2.6248246814981995,cuda,14
SAM2.1-Tiny,auto,train,data/cogar_sim_500_final/rgb/000072.png,619,robot_gripper,partial_occlusion,0.07057377049180327,0.24086870681145112,0.9659071564674377,0.3809778256996651,2.6248246814981995,cuda,14
SAM2.1-Tiny,auto,train,data/cogar_sim_500_final/rgb/000072.png,620,robot_gripper,partial_occlusion,0.10412557527942143,0.11487248240348578,0.9659071564674377,0.3809778256996651,2.6248246814981995,cuda,14
SAM2.1-Tiny,auto,train,data/cogar_sim_500_final/rgb/000073.png,623,screw,small_parts;partial_occlusion,0.0,0.0,0.9931120276451111,0.2985241034609946,3.349813259319145,cuda,16
SAM2.1-Tiny,auto,train,data/cogar_sim_500_final/rgb/000073.png,624,cable,small_parts;partial_occlusion,0.9607347489046174,1.0,0.9640278816223145,0.2985241034609946,3.349813259319145,cuda,16
SAM2.1-Tiny,auto,train,data/cogar_sim_500_final/rgb/000073.png,626,screw,small_parts;partial_occlusion,0.9822134387351779,1.0,0.9677821397781372,0.2985241034609946,3.349813259319145,cuda,16
SAM2.1-Tiny,auto,train,data/cogar_sim_500_final/rgb/000073.png,627,box,small_parts;partial_occlusion,0.7902488572879635,0.8101441352551368,0.9280576109886169,0.2985241034609946,3.349813259319145,cuda,16
SAM2.1-Tiny,auto,train,data/cogar_sim_500_final/rgb/000073.png,628,screw,small_parts;partial_occlusion,0.0,0.0,0.9931120276451111,0.2985241034609946,3.349813259319145,cuda,16
SAM2.1-Tiny,auto,train,data/cogar_sim_500_final/rgb/000073.png,629,connector,small_parts;partial_occlusion,0.9885681069560163,1.0,0.9805034399032593,0.2985241034609946,3.349813259319145,cuda,16
SAM2.1-Tiny,auto,train,data/cogar_sim_500_final/rgb/000073.png,630,screw,small_parts;partial_occlusion,0.0,0.0,0.9931120276451111,0.2985241034609946,3.349813259319145,cuda,16
SAM2.1-Tiny,auto,train,data/cogar_sim_500_final/rgb/000073.png,631,plastic_object,small_parts;partial_occlusion,0.9728915662650602,1.0,0.9719518423080444,0.2985241034609946,3.349813259319145,cuda,16
SAM2.1-Tiny,auto,train,data/cogar_sim_500_final/rgb/000073.png,632,cable,small_parts;partial_occlusion,0.9513585407562227,0.9944270268686455,0.9654272794723511,0.2985241034609946,3.349813259319145,cuda,16
SAM2.1-Tiny,auto,train,data/cogar_sim_500_final/rgb/000073.png,633,screw,small_parts;partial_occlusion,0.0014856081708449396,0.078125,0.9654272794723511,0.2985241034609946,3.349813259319145,cuda,16
SAM2.1-Tiny,auto,train,data/cogar_sim_500_final/rgb/000073.png,634,robot_gripper,small_parts;partial_occlusion,0.6332085842933162,0.5523252044437804,0.9245867133140564,0.2985241034609946,3.349813259319145,cuda,16
SAM2.1-Tiny,auto,train,data/cogar_sim_500_final/rgb/000073.png,635,robot_gripper,small_parts;partial_occlusion,0.21829046810006444,0.34317018685105993,0.9245867133140564,0.2985241034609946,3.349813259319145,cuda,16
SAM2.1-Tiny,auto,train,data/cogar_sim_500_final/rgb/000073.png,636,robot_gripper,small_parts;partial_occlusion,0.5113104524180967,0.6355455820476857,0.975503146648407,0.2985241034609946,3.349813259319145,cuda,16
SAM2.1-Tiny,auto,train,data/cogar_sim_500_final/rgb/000074.png,639,plastic_object,dynamic_scene,0.5354235232981119,0.45642196749661884,0.9338287711143494,0.6326090438330235,1.580755143715506,cuda,8
SAM2.1-Tiny,auto,train,data/cogar_sim_500_final/rgb/000074.png,640,plastic_object,dynamic_scene,0.9710636922082121,0.9985228951255538,0.9672234654426575,0.6326090438330235,1.580755143715506,cuda,8
SAM2.1-Tiny,auto,train,data/cogar_sim_500_final/rgb/000074.png,641,connector,dynamic_scene;small_parts,0.08182288969445883,0.3693939460072892,0.9338287711143494,0.6326090438330235,1.580755143715506,cuda,8
SAM2.1-Tiny,auto,train,data/cogar_sim_500_final/rgb/000074.png,642,plastic_object,dynamic_scene,0.37452537107352435,0.5379081154655212,0.9338287711143494,0.6326090438330235,1.580755143715506,cuda,8
SAM2.1-Tiny,auto,train,data/cogar_sim_500_final/rgb/000074.png,643,plastic_object,dynamic_scene,0.9788135593220338,1.0,0.9778261184692383,0.6326090438330235,1.580755143715506,cuda,8
SAM2.1-Tiny,auto,train,data/cogar_sim_500_final/rgb/000074.png,644,cable,dynamic_scene,1.0116900788612417e-05,0.07965494116341565,0.9911523461341858,0.6326090438330235,1.580755143715506,cuda,8
SAM2.1-Tiny,auto,train,data/cogar_sim_500_final/rgb/000075.png,647,metal_part,reflective_metal;partial_occlusion,0.6540247678018576,0.609434914916554,0.94547438621521,0.41841806566662854,2.3899541679845693,cuda,12
SAM2.1-Tiny,auto,train,data/cogar_sim_500_final/rgb/000075.png,648,plastic_object,reflective_metal;partial_occlusion,0.9881032332341936,1.0,0.9815160036087036,0.41841806566662854,2.3899541679845693,cuda,12
SAM2.1-Tiny,auto,train,data/cogar_sim_500_final/rgb/000075.png,649,metal_part,reflective_metal;partial_occlusion,0.975647269930787,1.0,0.9604749083518982,0.41841806566662854,2.3899541679845693,cuda,12
SAM2.1-Tiny,auto,train,data/cogar_sim_500_final/rgb/000075.png,650,plastic_object,reflective_metal;partial_occlusion,0.9846014492753623,1.0,0.9746906757354736,0.41841806566662854,2.3899541679845693,cuda,12
SAM2.1-Tiny,auto,train,data/cogar_sim_500_final/rgb/000075.png,651,metal_part,reflective_metal;partial_occlusion,0.9868113167411189,1.0,0.9880391955375671,0.41841806566662854,2.3899541679845693,cuda,12
SAM2.1-Tiny,auto,train,data/cogar_sim_500_final/rgb/000075.png,652,tool,reflective_metal;partial_occlusion,0.0015817515817515818,0.14182975793642677,0.9501796960830688,0.41841806566662854,2.3899541679845693,cuda,12
SAM2.1-Tiny,auto,train,data/cogar_sim_500_final/rgb/000075.png,653,tool,reflective_metal;partial_occlusion,0.03631544068919815,0.06588809482307827,0.94547438621521,0.41841806566662854,2.3899541679845693,cuda,12
SAM2.1-Tiny,auto,train,data/cogar_sim_500_final/rgb/000075.png,654,robot_gripper,reflective_metal;partial_occlusion,0.981102744717027,1.0,0.9501796960830688,0.41841806566662854,2.3899541679845693,cuda,12
SAM2.1-Tiny,auto,train,data/cogar_sim_500_final/rgb/000075.png,656,robot_gripper,reflective_metal;partial_occlusion,0.00112139052425007,0.07846389914154189,0.9501796960830688,0.41841806566662854,2.3899541679845693,cuda,12
SAM2.1-Tiny,auto,train,data/cogar_sim_500_final/rgb/000076.png,658,metal_part,transparent_glass;reflective_metal;partial_occlusion,0.9793411501954216,1.0,0.9890105128288269,0.6656649626675062,1.5022572256059858,cuda,15
SAM2.1-Tiny,auto,train,data/cogar_sim_500_final/rgb/000076.png,659,glass_object,transparent_glass;partial_occlusion,0.008450704225352112,0.16173777950396717,0.9578133821487427,0.6656649626675062,1.5022572256059858,cuda,15
SAM2.1-Tiny,auto,train,data/cogar_sim_500_final/rgb/000076.png,660,box,transparent_glass;partial_occlusion,0.9841398942659618,1.0,0.9687309861183167,0.6656649626675062,1.5022572256059858,cuda,15
SAM2.1-Tiny,auto,train,data/cogar_sim_500_final/rgb/000076.png,661,robot_gripper,transparent_glass;partial_occlusion,0.9231902497823612,0.8227872606142789,0.8169915080070496,0.6656649626675062,1.5022572256059858,cuda,15
SAM2.1-Tiny,auto,train,data/cogar_sim_500_final/rgb/000076.png,662,robot_gripper,transparent_glass;partial_occlusion,0.7972420837589377,0.7814569536423841,0.9578133821487427,0.6656649626675062,1.5022572256059858,cuda,15
SAM2.1-Tiny,auto,train,data/cogar_sim_500_final/rgb/000076.png,663,robot_gripper,transparent_glass;partial_occlusion,0.6894090779332002,0.7622259696458684,0.927897572517395,0.6656649626675062,1.5022572256059858,cuda,15
SAM2.1-Tiny,auto,train,data/cogar_sim_500_final/rgb/000077.png,666,tool,partial_occlusion;reflective_metal,0.0069663512092534175,0.17699637221906553,0.9651676416397095,0.4258459220000077,2.3482671744358794,cuda,10
SAM2.1-Tiny,auto,train,data/cogar_sim_500_final/rgb/000077.png,667,tool,partial_occlusion;reflective_metal,0.9125042473666327,0.9785794813979706,0.9443187117576599,0.4258459220000077,2.3482671744358794,cuda,10
SAM2.1-Tiny,auto,train,data/cogar_sim_500_final/rgb/000077.png,668,tool,partial_occlusion;reflective_metal,0.7349177330895795,0.8092535934381074,0.90087890625,0.4258459220000077,2.3482671744358794,cuda,10
SAM2.1-Tiny,auto,train,data/cogar_sim_500_final/rgb/000077.png,669,cable,partial_occlusion,0.27912755383765875,0.521415270018622,0.8407239317893982,0.4258459220000077,2.3482671744358794,cuda,10
SAM2.1-Tiny,auto,train,data/cogar_sim_500_final/rgb/000077.png,670,tool,partial_occlusion;reflective_metal,0.6989132098576458,0.47375075405121764,0.8194829821586609,0.4258459220000077,2.3482671744358794,cuda,10
SAM2.1-Tiny,auto,train,data/cogar_sim_500_final/rgb/000077.png,671,screw,partial_occlusion;small_parts,1.0147236400166415e-05,0.02960703005822573,0.9837239980697632,0.4258459220000077,2.3482671744358794,cuda,10
SAM2.1-Tiny,auto,train,data/cogar_sim_500_final/rgb/000077.png,672,plastic_object,partial_occlusion,0.9389380530973451,0.8202959830866807,0.9651676416397095,0.4258459220000077,2.3482671744358794,cuda,10
SAM2.1-Tiny,auto,train,data/cogar_sim_500_final/rgb/000077.png,673,robot_gripper,partial_occlusion,0.0,0.0,0.9908230304718018,0.4258459220000077,2.3482671744358794,cuda,10
SAM2.1-Tiny,auto,train,data/cogar_sim_500_final/rgb/000077.png,675,robot_gripper,partial_occlusion,0.0,0.0,0.9908230304718018,0.4258459220000077,2.3482671744358794,cuda,10
SAM2.1-Tiny,auto,train,data/cogar_sim_500_final/rgb/000078.png,677,box,small_parts,0.2990687090947477,0.5382953933158638,0.8721737265586853,0.3709324817272401,2.6959084180051285,cuda,15
SAM2.1-Tiny,auto,train,data/cogar_sim_500_final/rgb/000078.png,678,plastic_object,small_parts,0.9915348985785019,1.0,0.9873774647712708,0.3709324817272401,2.6959084180051285,cuda,15
SAM2.1-Tiny,auto,train,data/cogar_sim_500_final/rgb/000078.png,679,connector,small_parts,0.9425326909841707,1.0,0.9420695900917053,0.3709324817272401,2.6959084180051285,cuda,15
SAM2.1-Tiny,auto,train,data/cogar_sim_500_final/rgb/000078.png,680,connector,small_parts,0.9757549978732454,1.0,0.9653148055076599,0.3709324817272401,2.6959084180051285,cuda,15
SAM2.1-Tiny,auto,train,data/cogar_sim_500_final/rgb/000078.png,681,connector,small_parts,0.9877888408792035,1.0,0.9845911264419556,0.3709324817272401,2.6959084180051285,cuda,15
SAM2.1-Tiny,auto,train,data/cogar_sim_500_final/rgb/000078.png,682,connector,small_parts,0.9844006568144499,1.0,0.9565832018852234,0.3709324817272401,2.6959084180051285,cuda,15
SAM2.1-Tiny,auto,train,data/cogar_sim_500_final/rgb/000078.png,683,screw,small_parts,0.9334719334719335,0.9751243781094527,0.9455699920654297,0.3709324817272401,2.6959084180051285,cuda,15
SAM2.1-Tiny,auto,train,data/cogar_sim_500_final/rgb/000078.png,684,box,small_parts,0.6961532142605675,0.6380866159967997,0.8292626738548279,0.3709324817272401,2.6959084180051285,cuda,15
SAM2.1-Tiny,auto,train,data/cogar_sim_500_final/rgb/000078.png,685,screw,small_parts,0.0009357162908206232,0.09565295010265108,0.8721737265586853,0.3709324817272401,2.6959084180051285,cuda,15
SAM2.1-Tiny,auto,train,data/cogar_sim_500_final/rgb/000078.png,687,tool,small_parts;reflective_metal,0.9616776315789474,0.9593870321272304,0.9201118350028992,0.3709324817272401,2.6959084180051285,cuda,15
SAM2.1-Tiny,auto,train,data/cogar_sim_500_final/rgb/000078.png,688,screw,small_parts,0.00686106346483705,0.18129614438063987,0.9420695900917053,0.3709324817272401,2.6959084180051285,cuda,15
SAM2.1-Tiny,auto,train,data/cogar_sim_500_final/rgb/000079.png,690,tool,dynamic_scene;reflective_metal;partial_occlusion,0.0,0.0,0.9868168234825134,0.3958934598890159,2.5259321037542226,cuda,14
SAM2.1-Tiny,auto,train,data/cogar_sim_500_final/rgb/000079.png,691,glass_object,dynamic_scene;transparent_glass;partial_occlusion,0.22266090584028606,0.27792201115595194,0.8403926491737366,0.3958934598890159,2.5259321037542226,cuda,14
SAM2.1-Tiny,auto,train,data/cogar_sim_500_final/rgb/000079.png,692,metal_part,dynamic_scene;reflective_metal;partial_occlusion,0.8108445777111444,0.8298487738589471,0.9589974880218506,0.3958934598890159,2.5259321037542226,cuda,14
SAM2.1-Tiny,auto,train,data/cogar_sim_500_final/rgb/000079.png,693,plastic_object,dynamic_scene;partial_occlusion,0.0006773607561809169,0.17249536918199287,0.9699904322624207,0.3958934598890159,2.5259321037542226,cuda,14
SAM2.1-Tiny,auto,train,data/cogar_sim_500_final/rgb/000079.png,694,box,dynamic_scene;partial_occlusion,0.957450911077546,0.903545929853256,0.926912248134613,0.3958934598890159,2.5259321037542226,cuda,14
SAM2.1-Tiny,auto,train,data/cogar_sim_500_final/rgb/000079.png,695,plastic_object,dynamic_scene;partial_occlusion,0.9816911250873515,0.9908015768725361,0.9859333634376526,0.3958934598890159,2.5259321037542226,cuda,14
SAM2.1-Tiny,auto,train,data/cogar_sim_500_final/rgb/000079.png,696,robot_gripper,dynamic_scene;partial_occlusion,0.509815891784211,0.5453324283313018,0.9699904322624207,0.3958934598890159,2.5259321037542226,cuda,14
SAM2.1-Tiny,auto,train,data/cogar_sim_500_final/rgb/000079.png,697,robot_gripper,dynamic_scene;partial_occlusion,0.1495811855670103,0.29032598248209496,0.9699904322624207,0.3958934598890159,2.5259321037542226,cuda,14
SAM2.1-Tiny,auto,train,data/cogar_sim_500_final/rgb/000079.png,698,robot_gripper,dynamic_scene;partial_occlusion,0.33365440184935463,0.4468268622577739,0.9699904322624207,0.3958934598890159,2.5259321037542226,cuda,14
SAM2.1-Tiny,auto,train,data/cogar_sim_500_final/rgb/000081.png,703,cable,transparent_glass;partial_occlusion,0.41813898704358066,0.5838773454694669,0.8027471899986267,0.5106194828570422,1.9584054928823964,cuda,10
SAM2.1-Tiny,auto,train,data/cogar_sim_500_final/rgb/000081.png,704,glass_object,transparent_glass;partial_occlusion,0.986346215266688,0.9981308411214953,0.9750911593437195,0.5106194828570422,1.9584054928823964,cuda,10
SAM2.1-Tiny,auto,train,data/cogar_sim_500_final/rgb/000081.png,705,glass_object,transparent_glass;partial_occlusion,0.9781021897810219,1.0,0.9606200456619263,0.5106194828570422,1.9584054928823964,cuda,10
SAM2.1-Tiny,auto,train,data/cogar_sim_500_final/rgb/000081.png,706,glass_object,transparent_glass;partial_occlusion,0.9555112881806109,0.8931736899393562,0.874836802482605,0.5106194828570422,1.9584054928823964,cuda,10
SAM2.1-Tiny,auto,train,data/cogar_sim_500_final/rgb/000081.png,707,robot_gripper,transparent_glass;partial_occlusion,0.6486366518706405,0.7285583688027976,0.949569821357727,0.5106194828570422,1.9584054928823964,cuda,10
SAM2.1-Tiny,auto,train,data/cogar_sim_500_final/rgb/000081.png,708,robot_gripper,transparent_glass;partial_occlusion,0.28044327717635004,0.29427329427329424,0.949569821357727,0.5106194828570422,1.9584054928823964,cuda,10
SAM2.1-Tiny,auto,train,data/cogar_sim_500_final/rgb/000081.png,709,robot_gripper,transparent_glass;partial_occlusion,0.04277834787070293,0.11145104895104896,0.949569821357727,0.5106194828570422,1.9584054928823964,cuda,10
SAM2.1-Tiny,auto,train,data/cogar_sim_500_final/rgb/000082.png,712,metal_part,partial_occlusion;reflective_metal,0.9152276295133438,0.9812206572769953,0.9407148957252502,0.38876474569988206,2.57224969872134,cuda,9
SAM2.1-Tiny,auto,train,data/cogar_sim_500_final/rgb/000082.png,713,box,partial_occlusion,0.9212625148481249,0.7332611487422256,0.97995525598526,0.38876474569988206,2.57224969872134,cuda,9
SAM2.1-Tiny,auto,train,data/cogar_sim_500_final/rgb/000082.png,714,cable,partial_occlusion,0.120233288470166,0.5663450590502839,0.8086736798286438,0.38876474569988206,2.57224969872134,cuda,9
SAM2.1-Tiny,auto,train,data/cogar_sim_500_final/rgb/000082.png,715,glass_object,partial_occlusion;transparent_glass,0.8629904559915165,0.6615188438651175,0.9171245694160461,0.38876474569988206,2.57224969872134,cuda,9
SAM2.1-Tiny,auto,train,data/cogar_sim_500_final/rgb/000082.png,716,connector,partial_occlusion;small_parts,0.014953714692618086,0.45163367133429905,0.9652230739593506,0.38876474569988206,2.57224969872134,cuda,9
SAM2.1-Tiny,auto,train,data/cogar_sim_500_final/rgb/000082.png,717,box,partial_occlusion,0.9414661339775156,0.8686060662954159,0.9627851247787476,0.38876474569988206,2.57224969872134,cuda,9
SAM2.1-Tiny,auto,train,data/cogar_sim_500_final/rgb/000082.png,718,metal_part,partial_occlusion;reflective_metal,0.9633649932157394,0.9415384615384615,0.9652230739593506,0.38876474569988206,2.57224969872134,cuda,9
SAM2.1-Tiny,auto,train,data/cogar_sim_500_final/rgb/000082.png,719,robot_gripper,partial_occlusion,0.9746578272027374,0.9730572486038819,0.8858780860900879,0.38876474569988206,2.57224969872134,cuda,9
SAM2.1-Tiny,auto,train,data/cogar_sim_500_final/rgb/000082.png,720,robot_gripper,partial_occlusion,0.02430720506730008,0.09909104914496997,0.8086736798286438,0.38876474569988206,2.57224969872134,cuda,9
SAM2.1-Tiny,auto,train,data/cogar_sim_500_final/rgb/000082.png,721,robot_gripper,partial_occlusion,0.027501371150983313,0.12721697459050493,0.8086736798286438,0.38876474569988206,2.57224969872134,cuda,9
SAM2.1-Tiny,auto,train,data/cogar_sim_500_final/rgb/000083.png,723,connector,small_parts,0.9525773195876288,1.0,0.9657229781150818,0.41841969339948265,2.3899448706044972,cuda,12
SAM2.1-Tiny,auto,train,data/cogar_sim_500_final/rgb/000083.png,724,screw,small_parts,0.908695652173913,1.0,0.9584082365036011,0.41841969339948265,2.3899448706044972,cuda,12
SAM2.1-Tiny,auto,train,data/cogar_sim_500_final/rgb/000083.png,725,metal_part,small_parts;reflective_metal,0.509492774156985,0.5291610010657454,0.8087006211280823,0.41841969339948265,2.3899448706044972,cuda,12
SAM2.1-Tiny,auto,train,data/cogar_sim_500_final/rgb/000083.png,726,screw,small_parts,0.0,0.05303647286172776,0.9935809373855591,0.41841969339948265,2.3899448706044972,cuda,12
SAM2.1-Tiny,auto,train,data/cogar_sim_500_final/rgb/000083.png,727,plastic_object,small_parts,0.9390191897654584,0.9875,0.9513192772865295,0.41841969339948265,2.3899448706044972,cuda,12
SAM2.1-Tiny,auto,train,data/cogar_sim_500_final/rgb/000083.png,728,connector,small_parts,0.9095920617420066,1.0,0.9629837274551392,0.41841969339948265,2.3899448706044972,cuda,12
SAM2.1-Tiny,auto,train,data/cogar_sim_500_final/rgb/000083.png,729,tool,small_parts;reflective_metal,0.9645243398027362,0.9781985276752518,0.8973112106323242,0.41841969339948265,2.3899448706044972,cuda,12
SAM2.1-Tiny,auto,train,data/cogar_sim_500_final/rgb/000083.png,730,screw,small_parts,0.012987012987012988,0.16091954022988506,0.9513192772865295,0.41841969339948265,2.3899448706044972,cuda,12
SAM2.1-Tiny,auto,train,data/cogar_sim_500_final/rgb/000083.png,731,cable,small_parts,0.8904797789500125,1.0,0.9054100513458252,0.41841969339948265,2.3899448706044972,cuda,12
SAM2.1-Tiny,auto,train,data/cogar_sim_500_final/rgb/000083.png,732,connector,small_parts,0.9128811449906659,0.9979381443298969,0.9551742672920227,0.41841969339948265,2.3899448706044972,cuda,12
SAM2.1-Tiny,auto,train,data/cogar_sim_500_final/rgb/000084.png,735,plastic_object,dynamic_scene;partial_occlusion,0.9893238434163701,1.0,0.987636923789978,0.3575739453997812,2.796624342643204,cuda,17
SAM2.1-Tiny,auto,train,data/cogar_sim_500_final/rgb/000084.png,736,box,dynamic_scene;partial_occlusion,0.9810597166784065,0.9881740704173472,0.9236272573471069,0.3575739453997812,2.796624342643204,cuda,17
SAM2.1-Tiny,auto,train,data/cogar_sim_500_final/rgb/000084.png,737,box,dynamic_scene;partial_occlusion,0.5079438000076567,0.6758864691990624,0.9494179487228394,0.3575739453997812,2.796624342643204,cuda,17
SAM2.1-Tiny,auto,train,data/cogar_sim_500_final/rgb/000084.png,738,plastic_object,dynamic_scene;partial_occlusion,0.9914817305536875,1.0,0.9831288456916809,0.3575739453997812,2.796624342643204,cuda,17
SAM2.1-Tiny,auto,train,data/cogar_sim_500_final/rgb/000084.png,739,plastic_object,dynamic_scene;partial_occlusion,0.984944991314418,1.0,0.9803786277770996,0.3575739453997812,2.796624342643204,cuda,17
SAM2.1-Tiny,auto,train,data/cogar_sim_500_final/rgb/000084.png,740,connector,dynamic_scene;partial_occlusion;small_parts,0.9758771929824561,1.0,0.9629353284835815,0.3575739453997812,2.796624342643204,cuda,17
SAM2.1-Tiny,auto,train,data/cogar_sim_500_final/rgb/000084.png,741,cable,dynamic_scene;partial_occlusion,0.5095805282237182,0.50682261208577,0.9341459274291992,0.3575739453997812,2.796624342643204,cuda,17
SAM2.1-Tiny,auto,train,data/cogar_sim_500_final/rgb/000084.png,742,robot_gripper,dynamic_scene;partial_occlusion,0.8437655240933929,0.8113912195794607,0.9058471322059631,0.3575739453997812,2.796624342643204,cuda,17
SAM2.1-Tiny,auto,train,data/cogar_sim_500_final/rgb/000084.png,743,robot_gripper,dynamic_scene;partial_occlusion,0.9159271368519384,0.9210042101980352,0.9041782021522522,0.3575739453997812,2.796624342643204,cuda,17
SAM2.1-Tiny,auto,train,data/cogar_sim_500_final/rgb/000084.png,744,robot_gripper,dynamic_scene;partial_occlusion,0.9672055427251732,1.0,0.9567863345146179,0.3575739453997812,2.796624342643204,cuda,17
SAM2.1-Tiny,auto,train,data/cogar_sim_500_final/rgb/000085.png,746,tool,reflective_metal,0.9169973544973545,0.9941520467836257,0.812323272228241,0.7058567290005158,1.4167180943588755,cuda,11
SAM2.1-Tiny,auto,train,data/cogar_sim_500_final/rgb/000085.png,747,tool,reflective_metal,0.8339146766836598,0.5979723202391727,0.9664394855499268,0.7058567290005158,1.4167180943588755,cuda,11
SAM2.1-Tiny,auto,train,data/cogar_sim_500_final/rgb/000085.png,748,connector,reflective_metal;small_parts,0.8706118355065195,0.6833023626227768,0.9588266015052795,0.7058567290005158,1.4167180943588755,cuda,11
SAM2.1-Tiny,auto,train,data/cogar_sim_500_final/rgb/000085.png,749,metal_part,reflective_metal,0.9386098427194317,1.0,0.9296653270721436,0.7058567290005158,1.4167180943588755,cuda,11
SAM2.1-Tiny,auto,train,data/cogar_sim_500_final/rgb/000085.png,750,metal_part,reflective_metal,0.9616184231568847,0.944797134452411,0.9452089071273804,0.7058567290005158,1.4167180943588755,cuda,11
SAM2.1-Tiny,auto,train,data/cogar_sim_500_final/rgb/000085.png,751,cable,reflective_metal,0.37820043891733723,0.43211617823747583,0.8189066052436829,0.7058567290005158,1.4167180943588755,cuda,11
SAM2.1-Tiny,auto,train,data/cogar_sim_500_final/rgb/000086.png,753,box,transparent_glass;partial_occlusion,0.9921529462120131,1.0,0.9117566347122192,0.45311126712567784,2.206963438237861,cuda,16
SAM2.1-Tiny,auto,train,data/cogar_sim_500_final/rgb/000086.png,754,connector,transparent_glass;partial_occlusion;small_parts,0.977980097395723,1.0,0.9469614624977112,0.45311126712567784,2.206963438237861,cuda,16
SAM2.1-Tiny,auto,train,data/cogar_sim_500_final/rgb/000086.png,755,box,transparent_glass;partial_occlusion,0.9515183803942462,0.9620192591041797,0.952049732208252,0.45311126712567784,2.206963438237861,cuda,16
SAM2.1-Tiny,auto,train,data/cogar_sim_500_final/rgb/000086.png,756,cable,transparent_glass;partial_occlusion,0.876628664495114,0.9546112549914564,0.9526708722114563,0.45311126712567784,2.206963438237861,cuda,16
SAM2.1-Tiny,auto,train,data/cogar_sim_500_final/rgb/000086.png,757,glass_object,transparent_glass;partial_occlusion,0.21544995408631773,0.25409977209420104,0.8115435242652893,0.45311126712567784,2.206963438237861,cuda,16
SAM2.1-Tiny,auto,train,data/cogar_sim_500_final/rgb/000086.png,758,robot_gripper,transparent_glass;partial_occlusion,0.7099808061420345,0.5722264593722499,0.9663649201393127,0.45311126712567784,2.206963438237861,cuda,16
SAM2.1-Tiny,auto,train,data/cogar_sim_500_final/rgb/000086.png,759,robot_gripper,transparent_glass;partial_occlusion,0.2361680964814124,0.4933199026167794,0.9546126127243042,0.45311126712567784,2.206963438237861,cuda,16
SAM2.1-Tiny,auto,train,data/cogar_sim_500_final/rgb/000086.png,760,robot_gripper,transparent_glass;partial_occlusion,0.060207137509358626,0.26999346789997014,0.9546126127243042,0.45311126712567784,2.206963438237861,cuda,16
SAM2.1-Tiny,auto,train,data/cogar_sim_500_final/rgb/000087.png,763,plastic_object,partial_occlusion,0.9672353625436215,0.9764914258111262,0.973972499370575,0.6500789061671336,1.5382748009714726,cuda,13
SAM2.1-Tiny,auto,train,data/cogar_sim_500_final/rgb/000087.png,764,connector,partial_occlusion;small_parts,0.7788018433179723,1.0,0.916806697845459,0.6500789061671336,1.5382748009714726,cuda,13
SAM2.1-Tiny,auto,train,data/cogar_sim_500_final/rgb/000087.png,765,plastic_object,partial_occlusion,0.9892772041302621,1.0,0.9810509085655212,0.6500789061671336,1.5382748009714726,cuda,13
SAM2.1-Tiny,auto,train,data/cogar_sim_500_final/rgb/000087.png,766,robot_gripper,partial_occlusion,0.9479381443298969,0.8627050481749253,0.8386838436126709,0.6500789061671336,1.5382748009714726,cuda,13
SAM2.1-Tiny,auto,train,data/cogar_sim_500_final/rgb/000087.png,767,robot_gripper,partial_occlusion,0.823891226934283,0.7597955706984668,0.9648944735527039,0.6500789061671336,1.5382748009714726,cuda,13
SAM2.1-Tiny,auto,train,data/cogar_sim_500_final/rgb/000087.png,768,robot_gripper,partial_occlusion,0.8134950720242609,0.8176943699731903,0.9679521322250366,0.6500789061671336,1.5382748009714726,cuda,13
SAM2.1-Tiny,auto,train,data/cogar_sim_500_final/rgb/000088.png,770,connector,small_parts;partial_occlusion,0.0,0.0,0.9874403476715088,0.2799387975714386,3.5722093853203982,cuda,13
SAM2.1-Tiny,auto,train,data/cogar_sim_500_final/rgb/000088.png,771,screw,small_parts;partial_occlusion,0.9331683168316832,1.0,0.9113763570785522,0.2799387975714386,3.5722093853203982,cuda,13
SAM2.1-Tiny,auto,train,data/cogar_sim_500_final/rgb/000088.png,772,connector,small_parts;partial_occlusion,0.9654415798134942,0.9900497512437811,0.8484838008880615,0.2799387975714386,3.5722093853203982,cuda,13
SAM2.1-Tiny,auto,train,data/cogar_sim_500_final/rgb/000088.png,773,plastic_object,small_parts;partial_occlusion,0.9724095646842428,1.0,0.9874403476715088,0.2799387975714386,3.5722093853203982,cuda,13
SAM2.1-Tiny,auto,train,data/cogar_sim_500_final/rgb/000088.png,774,screw,small_parts;partial_occlusion,0.9335443037974683,0.9941520467836257,0.9477213621139526,0.2799387975714386,3.5722093853203982,cuda,13
SAM2.1-Tiny,auto,train,data/cogar_sim_500_final/rgb/000088.png,775,connector,small_parts;partial_occlusion,0.9579945799457995,0.9893617021276596,0.9327102899551392,0.2799387975714386,3.5722093853203982,cuda,13
SAM2.1-Tiny,auto,train,data/cogar_sim_500_final/rgb/000088.png,776,screw,small_parts;partial_occlusion,0.008695652173913044,0.20508438367870116,0.9874403476715088,0.2799387975714386,3.5722093853203982,cuda,13
SAM2.1-Tiny,auto,train,data/cogar_sim_500_final/rgb/000088.png,777,cable,small_parts;partial_occlusion,0.604587869362364,0.516681919591081,0.937417209148407,0.2799387975714386,3.5722093853203982,cuda,13
SAM2.1-Tiny,auto,train,data/cogar_sim_500_final/rgb/000088.png,778,tool,small_parts;reflective_metal;partial_occlusion,0.9282009911259652,0.9864925647770796,0.9246783256530762,0.2799387975714386,3.5722093853203982,cuda,13
SAM2.1-Tiny,auto,train,data/cogar_sim_500_final/rgb/000088.png,779,connector,small_parts;partial_occlusion,0.008395522388059701,0.40760903836048346,0.8484838008880615,0.2799387975714386,3.5722093853203982,cuda,13
SAM2.1-Tiny,auto,train,data/cogar_sim_500_final/rgb/000088.png,780,connector,small_parts;partial_occlusion,0.0,0.0,0.9874403476715088,0.2799387975714386,3.5722093853203982,cuda,13
SAM2.1-Tiny,auto,train,data/cogar_sim_500_final/rgb/000088.png,781,robot_gripper,small_parts;partial_occlusion,0.000966183574879227,0.18697698744769875,0.9046482443809509,0.2799387975714386,3.5722093853203982,cuda,13
SAM2.1-Tiny,auto,train,data/cogar_sim_500_final/rgb/000088.png,782,robot_gripper,small_parts;partial_occlusion,0.732287723093564,0.7791495198902606,0.9547950625419617,0.2799387975714386,3.5722093853203982,cuda,13
SAM2.1-Tiny,auto,train,data/cogar_sim_500_final/rgb/000088.png,783,robot_gripper,small_parts;partial_occlusion,0.918007662835249,0.9414499491500798,0.9046482443809509,0.2799387975714386,3.5722093853203982,cuda,13
SAM2.1-Tiny,auto,train,data/cogar_sim_500_final/rgb/000089.png,786,box,dynamic_scene;partial_occlusion,0.9769762087490407,1.0,0.9828776121139526,0.5495126049998882,1.8197944704111082,cuda,12
SAM2.1-Tiny,auto,train,data/cogar_sim_500_final/rgb/000089.png,787,metal_part,dynamic_scene;reflective_metal;partial_occlusion,0.841679096526742,0.7797443959833655,0.9437333345413208,0.5495126049998882,1.8197944704111082,cuda,12
SAM2.1-Tiny,auto,train,data/cogar_sim_500_final/rgb/000089.png,788,connector,dynamic_scene;partial_occlusion;small_parts,0.9019297690604239,0.907002389266679,0.9782639145851135,0.5495126049998882,1.8197944704111082,cuda,12
SAM2.1-Tiny,auto,train,data/cogar_sim_500_final/rgb/000089.png,789,plastic_object,dynamic_scene;partial_occlusion,0.9780082245664223,1.0,0.9871411323547363,0.5495126049998882,1.8197944704111082,cuda,12
SAM2.1-Tiny,auto,train,data/cogar_sim_500_final/rgb/000089.png,790,robot_gripper,dynamic_scene;partial_occlusion,0.825640227290418,0.6987185921241928,0.921689510345459,0.5495126049998882,1.8197944704111082,cuda,12
SAM2.1-Tiny,auto,train,data/cogar_sim_500_final/rgb/000089.png,791,robot_gripper,dynamic_scene;partial_occlusion,0.11856863094178387,0.40460118183921095,0.9437333345413208,0.5495126049998882,1.8197944704111082,cuda,12
SAM2.1-Tiny,auto,train,data/cogar_sim_500_final/rgb/000089.png,792,robot_gripper,dynamic_scene;partial_occlusion,0.08734305544724323,0.36527347454947834,0.921689510345459,0.5495126049998882,1.8197944704111082,cuda,12
SAM2.1-Tiny,auto,train,data/cogar_sim_500_final/rgb/000094.png,803,metal_part,dynamic_scene;reflective_metal;partial_occlusion,0.9571810883140054,0.9885929890755933,0.9573055505752563,0.9934429142504086,1.0066003649082735,cuda,10
SAM2.1-Tiny,auto,train,data/cogar_sim_500_final/rgb/000094.png,804,plastic_object,dynamic_scene;partial_occlusion,0.9854532339504689,1.0,0.9807797074317932,0.9934429142504086,1.0066003649082735,cuda,10
SAM2.1-Tiny,auto,train,data/cogar_sim_500_final/rgb/000094.png,805,robot_gripper,dynamic_scene;partial_occlusion,0.9404430101217545,0.9007837580931544,0.9869645237922668,0.9934429142504086,1.0066003649082735,cuda,10
SAM2.1-Tiny,auto,train,data/cogar_sim_500_final/rgb/000094.png,806,robot_gripper,dynamic_scene;partial_occlusion,0.9794037940379404,1.0,0.9560363292694092,0.9934429142504086,1.0066003649082735,cuda,10
SAM2.1-Tiny,auto,train,data/cogar_sim_500_final/rgb/000095.png,809,metal_part,reflective_metal,0.9857420609202852,1.0,0.9824091196060181,0.5423452371438283,1.8438439789133854,cuda,14
SAM2.1-Tiny,auto,train,data/cogar_sim_500_final/rgb/000095.png,810,cable,reflective_metal,0.01988759187202767,0.2722908008188078,0.9327956438064575,0.5423452371438283,1.8438439789133854,cuda,14
SAM2.1-Tiny,auto,train,data/cogar_sim_500_final/rgb/000095.png,811,box,reflective_metal,0.9865131578947368,0.9981481481481481,0.9789946675300598,0.5423452371438283,1.8438439789133854,cuda,14
SAM2.1-Tiny,auto,train,data/cogar_sim_500_final/rgb/000095.png,812,tool,reflective_metal,0.9644280022766079,0.9696092619392185,0.9466693997383118,0.5423452371438283,1.8438439789133854,cuda,14
SAM2.1-Tiny,auto,train,data/cogar_sim_500_final/rgb/000095.png,813,tool,reflective_metal,0.9704963554321416,1.0,0.977968156337738,0.5423452371438283,1.8438439789133854,cuda,14
SAM2.1-Tiny,auto,train,data/cogar_sim_500_final/rgb/000095.png,814,metal_part,reflective_metal,0.9698492462311558,1.0,0.9748398661613464,0.5423452371438283,1.8438439789133854,cuda,14
SAM2.1-Tiny,auto,train,data/cogar_sim_500_final/rgb/000095.png,815,box,reflective_metal,0.9849168207024029,0.9846518130110465,0.9703124165534973,0.5423452371438283,1.8438439789133854,cuda,14
SAM2.1-Tiny,auto,train,data/cogar_sim_500_final/rgb/000096.png,817,glass_object,transparent_glass,0.9756406646015207,0.9523809523809523,0.9594069123268127,0.6438397921665455,1.553181415884473,cuda,11
SAM2.1-Tiny,auto,train,data/cogar_sim_500_final/rgb/000096.png,818,metal_part,transparent_glass;reflective_metal,0.9116847826086957,0.8401669918512568,0.9702094197273254,0.6438397921665455,1.553181415884473,cuda,11
SAM2.1-Tiny,auto,train,data/cogar_sim_500_final/rgb/000096.png,819,glass_object,transparent_glass,0.5374875041652782,0.5675607530808681,0.8230569362640381,0.6438397921665455,1.553181415884473,cuda,11
SAM2.1-Tiny,auto,train,data/cogar_sim_500_final/rgb/000096.png,820,glass_object,transparent_glass,0.44179750947482405,0.49152182523964194,0.8230569362640381,0.6438397921665455,1.553181415884473,cuda,11
SAM2.1-Tiny,auto,train,data/cogar_sim_500_final/rgb/000096.png,821,glass_object,transparent_glass,0.989900314795383,1.0,0.8663849830627441,0.6438397921665455,1.553181415884473,cuda,11
SAM2.1-Tiny,auto,train,data/cogar_sim_500_final/rgb/000096.png,822,connector,transparent_glass;small_parts,0.785011355034065,0.6539317022111736,0.8625808954238892,0.6438397921665455,1.553181415884473,cuda,11
SAM2.1-Tiny,auto,train,data/cogar_sim_500_final/rgb/000097.png,824,cable,partial_occlusion,0.9289318755256518,0.9970326409495549,0.9298057556152344,0.3893051273997116,2.5686792431409953,cuda,9
SAM2.1-Tiny,auto,train,data/cogar_sim_500_final/rgb/000097.png,825,box,partial_occlusion,0.9682274247491639,1.0,0.943099856376648,0.3893051273997116,2.5686792431409953,cuda,9
SAM2.1-Tiny,auto,train,data/cogar_sim_500_final/rgb/000097.png,826,cable,partial_occlusion,0.589906007355946,0.5028720348899054,0.898493766784668,0.3893051273997116,2.5686792431409953,cuda,9
SAM2.1-Tiny,auto,train,data/cogar_sim_500_final/rgb/000097.png,827,glass_object,partial_occlusion;transparent_glass,0.5474650432797489,0.3228454074986297,0.9073496460914612,0.3893051273997116,2.5686792431409953,cuda,9
SAM2.1-Tiny,auto,train,data/cogar_sim_500_final/rgb/000097.png,828,connector,partial_occlusion;small_parts,0.09529780564263322,0.545017365749399,0.9058645963668823,0.3893051273997116,2.5686792431409953,cuda,9
SAM2.1-Tiny,auto,train,data/cogar_sim_500_final/rgb/000097.png,829,plastic_object,partial_occlusion,0.9743589743589743,0.9982847341337907,0.9401970505714417,0.3893051273997116,2.5686792431409953,cuda,9
SAM2.1-Tiny,auto,train,data/cogar_sim_500_final/rgb/000097.png,830,screw,partial_occlusion;small_parts,0.003907925463470428,0.09092061078375467,0.9073496460914612,0.3893051273997116,2.5686792431409953,cuda,9
SAM2.1-Tiny,auto,train,data/cogar_sim_500_final/rgb/000097.png,831,robot_gripper,partial_occlusion,0.9261464628510487,0.797070726536905,0.8782719373703003,0.3893051273997116,2.5686792431409953,cuda,9
SAM2.1-Tiny,auto,train,data/cogar_sim_500_final/rgb/000097.png,832,robot_gripper,partial_occlusion,0.000901205362171905,0.07805231242646393,0.9298057556152344,0.3893051273997116,2.5686792431409953,cuda,9
SAM2.1-Tiny,auto,train,data/cogar_sim_500_final/rgb/000097.png,833,robot_gripper,partial_occlusion,0.04591052869408043,0.16074669432201194,0.8782719373703003,0.3893051273997116,2.5686792431409953,cuda,9
SAM2.1-Tiny,auto,train,data/cogar_sim_500_final/rgb/000098.png,835,screw,small_parts,0.0,0.019052659433712624,0.9899768233299255,0.2981749580716756,3.353735694194745,cuda,12
SAM2.1-Tiny,auto,train,data/cogar_sim_500_final/rgb/000098.png,836,connector,small_parts,0.9671052631578947,0.9155555555555556,0.9460899829864502,0.2981749580716756,3.353735694194745,cuda,12
SAM2.1-Tiny,auto,train,data/cogar_sim_500_final/rgb/000098.png,837,metal_part,small_parts;reflective_metal,0.9868563197695355,1.0,0.9801154136657715,0.2981749580716756,3.353735694194745,cuda,12
SAM2.1-Tiny,auto,train,data/cogar_sim_500_final/rgb/000098.png,838,screw,small_parts,0.0,0.028011325333692872,0.9899768233299255,0.2981749580716756,3.353735694194745,cuda,12
SAM2.1-Tiny,auto,train,data/cogar_sim_500_final/rgb/000098.png,839,screw,small_parts,0.031450381679389315,0.21939058171745154,0.9749226570129395,0.2981749580716756,3.353735694194745,cuda,12
SAM2.1-Tiny,auto,train,data/cogar_sim_500_final/rgb/000098.png,840,screw,small_parts,0.0009819967266775777,0.07112658542651082,0.9749226570129395,0.2981749580716756,3.353735694194745,cuda,12
SAM2.1-Tiny,auto,train,data/cogar_sim_500_final/rgb/000098.png,841,screw,small_parts,0.0,0.03809694369711302,0.9899768233299255,0.2981749580716756,3.353735694194745,cuda,12
SAM2.1-Tiny,auto,train,data/cogar_sim_500_final/rgb/000098.png,842,screw,small_parts,0.0,0.03646250617936349,0.9899768233299255,0.2981749580716756,3.353735694194745,cuda,12
SAM2.1-Tiny,auto,train,data/cogar_sim_500_final/rgb/000098.png,843,plastic_object,small_parts,0.8599173553719008,0.8330773484057259,0.9734166860580444,0.2981749580716756,3.353735694194745,cuda,12
SAM2.1-Tiny,auto,train,data/cogar_sim_500_final/rgb/000098.png,844,metal_part,small_parts;reflective_metal,0.9757869249394673,1.0,0.964957058429718,0.2981749580716756,3.353735694194745,cuda,12
SAM2.1-Tiny,auto,train,data/cogar_sim_500_final/rgb/000098.png,845,connector,small_parts,0.9392523364485982,1.0,0.974327027797699,0.2981749580716756,3.353735694194745,cuda,12
SAM2.1-Tiny,auto,train,data/cogar_sim_500_final/rgb/000098.png,846,connector,small_parts,0.9769509384260784,1.0,0.9690056443214417,0.2981749580716756,3.353735694194745,cuda,12
SAM2.1-Tiny,auto,train,data/cogar_sim_500_final/rgb/000098.png,847,connector,small_parts,0.12076418909496583,0.3168163518117064,0.9734166860580444,0.2981749580716756,3.353735694194745,cuda,12
SAM2.1-Tiny,auto,train,data/cogar_sim_500_final/rgb/000098.png,848,screw,small_parts,0.8893617021276595,0.9591836734693878,0.9559404850006104,0.2981749580716756,3.353735694194745,cuda,12
SAM2.1-Tiny,auto,train,data/cogar_sim_500_final/rgb/000099.png,851,box,dynamic_scene;partial_occlusion,0.9794096018489337,0.9318917803093835,0.9365180134773254,0.7583365967991995,1.318675643798305,cuda,10
SAM2.1-Tiny,auto,train,data/cogar_sim_500_final/rgb/000099.png,852,metal_part,dynamic_scene;reflective_metal;partial_occlusion,0.9850299401197605,1.0,0.9741207957267761,0.7583365967991995,1.318675643798305,cuda,10
SAM2.1-Tiny,auto,train,data/cogar_sim_500_final/rgb/000099.png,853,robot_gripper,dynamic_scene;partial_occlusion,0.9480142426732402,0.8778018037023364,0.9688235521316528,0.7583365967991995,1.318675643798305,cuda,10
SAM2.1-Tiny,auto,train,data/cogar_sim_500_final/rgb/000099.png,854,robot_gripper,dynamic_scene;partial_occlusion,0.030176211453744495,0.21647379169503064,0.9688235521316528,0.7583365967991995,1.318675643798305,cuda,10
SAM2.1-Tiny,auto,train,data/cogar_sim_500_final/rgb/000099.png,855,robot_gripper,dynamic_scene;partial_occlusion,0.008225939128050452,0.17987152034261242,0.9688235521316528,0.7583365967991995,1.318675643798305,cuda,10
SAM2.1-Tiny,auto,train,data/cogar_sim_500_final/rgb/000102.png,863,screw,partial_occlusion;small_parts,0.8161328588374852,0.7953386744355426,0.945384681224823,0.395431016555651,2.528886096771989,cuda,11
SAM2.1-Tiny,auto,train,data/cogar_sim_500_final/rgb/000102.png,864,box,partial_occlusion,0.5397832103321033,0.6404694872913279,0.9070216417312622,0.395431016555651,2.528886096771989,cuda,11
SAM2.1-Tiny,auto,train,data/cogar_sim_500_final/rgb/000102.png,865,glass_object,partial_occlusion;transparent_glass,0.8042980120146157,0.36411692312775146,0.9245415925979614,0.395431016555651,2.528886096771989,cuda,11
SAM2.1-Tiny,auto,train,data/cogar_sim_500_final/rgb/000102.png,866,box,partial_occlusion,0.002288432199587185,0.3060420112215404,0.9666891098022461,0.395431016555651,2.528886096771989,cuda,11
SAM2.1-Tiny,auto,train,data/cogar_sim_500_final/rgb/000102.png,867,box,partial_occlusion,0.4384963121579824,0.27930174563591026,0.9070216417312622,0.395431016555651,2.528886096771989,cuda,11
SAM2.1-Tiny,auto,train,data/cogar_sim_500_final/rgb/000102.png,868,connector,partial_occlusion;small_parts,0.952712100139082,1.0,0.9166165590286255,0.395431016555651,2.528886096771989,cuda,11
SAM2.1-Tiny,auto,train,data/cogar_sim_500_final/rgb/000102.png,869,robot_gripper,partial_occlusion,0.8699892001778794,0.7984955807926074,0.9810514450073242,0.395431016555651,2.528886096771989,cuda,11
SAM2.1-Tiny,auto,train,data/cogar_sim_500_final/rgb/000102.png,870,robot_gripper,partial_occlusion,0.03514972368590155,0.13244249709129255,0.9810514450073242,0.395431016555651,2.528886096771989,cuda,11
SAM2.1-Tiny,auto,train,data/cogar_sim_500_final/rgb/000102.png,871,robot_gripper,partial_occlusion,0.8106774338268282,0.8100755667506297,0.9045916199684143,0.395431016555651,2.528886096771989,cuda,11
SAM2.1-Tiny,auto,train,data/cogar_sim_500_final/rgb/000104.png,875,plastic_object,dynamic_scene;partial_occlusion,0.9891948414081562,1.0,0.9825438857078552,0.58867143185697,1.6987404957728114,cuda,14
SAM2.1-Tiny,auto,train,data/cogar_sim_500_final/rgb/000104.png,876,plastic_object,dynamic_scene;partial_occlusion,0.9930660762148934,0.9850467289719625,0.9069711565971375,0.58867143185697,1.6987404957728114,cuda,14
SAM2.1-Tiny,auto,train,data/cogar_sim_500_final/rgb/000104.png,877,plastic_object,dynamic_scene;partial_occlusion,0.8768460881240083,0.8754374230293357,0.9778878092765808,0.58867143185697,1.6987404957728114,cuda,14
SAM2.1-Tiny,auto,train,data/cogar_sim_500_final/rgb/000104.png,878,tool,dynamic_scene;reflective_metal;partial_occlusion,0.8818359375,0.8489208633093527,0.9332269430160522,0.58867143185697,1.6987404957728114,cuda,14
SAM2.1-Tiny,auto,train,data/cogar_sim_500_final/rgb/000104.png,879,robot_gripper,dynamic_scene;partial_occlusion,0.5268368479467258,0.5210487368702337,0.9435127973556519,0.58867143185697,1.6987404957728114,cuda,14
SAM2.1-Tiny,auto,train,data/cogar_sim_500_final/rgb/000104.png,880,robot_gripper,dynamic_scene;partial_occlusion,0.33164489469474806,0.3093001877233119,0.9435127973556519,0.58867143185697,1.6987404957728114,cuda,14
SAM2.1-Tiny,auto,train,data/cogar_sim_500_final/rgb/000104.png,881,robot_gripper,dynamic_scene;partial_occlusion,0.13522040526128687,0.34673083522625137,0.9435127973556519,0.58867143185697,1.6987404957728114,cuda,14
SAM2.1-Tiny,auto,train,data/cogar_sim_500_final/rgb/000105.png,884,plastic_object,reflective_metal,0.9881204921510395,1.0,0.9797366261482239,0.3586147496003832,2.7885077262280333,cuda,16
SAM2.1-Tiny,auto,train,data/cogar_sim_500_final/rgb/000105.png,885,tool,reflective_metal,0.723336853220697,0.7689621117484319,0.8675767183303833,0.3586147496003832,2.7885077262280333,cuda,16
SAM2.1-Tiny,auto,train,data/cogar_sim_500_final/rgb/000105.png,886,plastic_object,reflective_metal,0.9897679061642126,1.0,0.9767731428146362,0.3586147496003832,2.7885077262280333,cuda,16
SAM2.1-Tiny,auto,train,data/cogar_sim_500_final/rgb/000105.png,887,metal_part,reflective_metal,0.9794223826714802,1.0,0.9562248587608337,0.3586147496003832,2.7885077262280333,cuda,16
SAM2.1-Tiny,auto,train,data/cogar_sim_500_final/rgb/000105.png,888,screw,reflective_metal;small_parts,0.002131546894031669,0.06392694063926942,0.889187753200531,0.3586147496003832,2.7885077262280333,cuda,16
SAM2.1-Tiny,auto,train,data/cogar_sim_500_final/rgb/000105.png,889,tool,reflective_metal,0.188003663003663,0.3837253366344137,0.8675767183303833,0.3586147496003832,2.7885077262280333,cuda,16
SAM2.1-Tiny,auto,train,data/cogar_sim_500_final/rgb/000105.png,890,metal_part,reflective_metal,0.9885533846457469,1.0,0.9610875844955444,0.3586147496003832,2.7885077262280333,cuda,16
SAM2.1-Tiny,auto,train,data/cogar_sim_500_final/rgb/000105.png,891,tool,reflective_metal,0.944425618434429,1.0,0.889187753200531,0.3586147496003832,2.7885077262280333,cuda,16
SAM2.1-Tiny,auto,train,data/cogar_sim_500_final/rgb/000105.png,892,plastic_object,reflective_metal,0.987012987012987,1.0,0.971780002117157,0.3586147496003832,2.7885077262280333,cuda,16
SAM2.1-Tiny,auto,train,data/cogar_sim_500_final/rgb/000105.png,893,tool,reflective_metal,0.0018326693227091633,0.07262452026485598,0.8675767183303833,0.3586147496003832,2.7885077262280333,cuda,16
SAM2.1-Tiny,auto,train,data/cogar_sim_500_final/rgb/000106.png,895,glass_object,transparent_glass;partial_occlusion,0.12423483583750695,0.34400595681310503,0.8552242517471313,0.6075027165000696,1.6460831743455842,cuda,9
SAM2.1-Tiny,auto,train,data/cogar_sim_500_final/rgb/000106.png,896,glass_object,transparent_glass;partial_occlusion,0.9865207373271889,1.0,0.9666169285774231,0.6075027165000696,1.6460831743455842,cuda,9
SAM2.1-Tiny,auto,train,data/cogar_sim_500_final/rgb/000106.png,897,cable,transparent_glass;partial_occlusion,0.7241509433962264,0.7817099282254105,0.8944666385650635,0.6075027165000696,1.6460831743455842,cuda,9
SAM2.1-Tiny,auto,train,data/cogar_sim_500_final/rgb/000106.png,898,robot_gripper,transparent_glass;partial_occlusion,0.0,0.1078287741248628,0.9912480115890503,0.6075027165000696,1.6460831743455842,cuda,9
SAM2.1-Tiny,auto,train,data/cogar_sim_500_final/rgb/000106.png,899,robot_gripper,transparent_glass;partial_occlusion,0.0005810575246949448,0.10455563853622106,0.8552242517471313,0.6075027165000696,1.6460831743455842,cuda,9
SAM2.1-Tiny,auto,train,data/cogar_sim_500_final/rgb/000106.png,900,robot_gripper,transparent_glass;partial_occlusion,0.0,0.0,0.9912480115890503,0.6075027165000696,1.6460831743455842,cuda,9
SAM2.1-Tiny,auto,train,data/cogar_sim_500_final/rgb/000107.png,903,metal_part,partial_occlusion;reflective_metal,0.0,0.0598682436337019,0.9751021862030029,0.4562401454995779,2.1918281630061536,cuda,15
SAM2.1-Tiny,auto,train,data/cogar_sim_500_final/rgb/000107.png,904,cable,partial_occlusion,0.9752530933633295,1.0,0.9694979190826416,0.4562401454995779,2.1918281630061536,cuda,15
SAM2.1-Tiny,auto,train,data/cogar_sim_500_final/rgb/000107.png,905,screw,partial_occlusion;small_parts,0.0,0.0,0.9751021862030029,0.4562401454995779,2.1918281630061536,cuda,15
SAM2.1-Tiny,auto,train,data/cogar_sim_500_final/rgb/000107.png,906,box,partial_occlusion,0.9857901987797678,0.9893045390102698,0.9351916313171387,0.4562401454995779,2.1918281630061536,cuda,15
SAM2.1-Tiny,auto,train,data/cogar_sim_500_final/rgb/000107.png,907,box,partial_occlusion,0.9721270161290323,0.8920625812725653,0.9751021862030029,0.4562401454995779,2.1918281630061536,cuda,15
SAM2.1-Tiny,auto,train,data/cogar_sim_500_final/rgb/000107.png,908,robot_gripper,partial_occlusion,0.9736019825449844,0.9058213656770098,0.9744123816490173,0.4562401454995779,2.1918281630061536,cuda,15
SAM2.1-Tiny,auto,train,data/cogar_sim_500_final/rgb/000107.png,909,robot_gripper,partial_occlusion,0.0,0.036053688645047516,0.9751021862030029,0.4562401454995779,2.1918281630061536,cuda,15
SAM2.1-Tiny,auto,train,data/cogar_sim_500_final/rgb/000107.png,910,robot_gripper,partial_occlusion,0.7705791614079371,0.7834101382488479,0.9652857184410095,0.4562401454995779,2.1918281630061536,cuda,15
SAM2.1-Tiny,auto,train,data/cogar_sim_500_final/rgb/000109.png,915,cable,dynamic_scene;partial_occlusion,0.94801026957638,1.0,0.9736647605895996,0.4207953243336912,2.376452261163907,cuda,18
SAM2.1-Tiny,auto,train,data/cogar_sim_500_final/rgb/000109.png,916,glass_object,dynamic_scene;transparent_glass;partial_occlusion,0.0673289726061083,0.049501546923341355,0.9418739080429077,0.4207953243336912,2.376452261163907,cuda,18
SAM2.1-Tiny,auto,train,data/cogar_sim_500_final/rgb/000109.png,917,connector,dynamic_scene;partial_occlusion;small_parts,0.9468515309069901,0.9411764705882354,0.9603438377380371,0.4207953243336912,2.376452261163907,cuda,18
SAM2.1-Tiny,auto,train,data/cogar_sim_500_final/rgb/000109.png,918,plastic_object,dynamic_scene;partial_occlusion,0.9798678829820698,1.0,0.9651586413383484,0.4207953243336912,2.376452261163907,cuda,18
SAM2.1-Tiny,auto,train,data/cogar_sim_500_final/rgb/000109.png,919,plastic_object,dynamic_scene;partial_occlusion,0.5905805201579849,0.6085544912694438,0.9323728680610657,0.4207953243336912,2.376452261163907,cuda,18
SAM2.1-Tiny,auto,train,data/cogar_sim_500_final/rgb/000109.png,920,plastic_object,dynamic_scene;partial_occlusion,0.45476003147128247,0.5949524038076954,0.9418739080429077,0.4207953243336912,2.376452261163907,cuda,18
SAM2.1-Tiny,auto,train,data/cogar_sim_500_final/rgb/000109.png,921,robot_gripper,dynamic_scene;partial_occlusion,0.8386515092120737,0.6961542303466187,0.9719789624214172,0.4207953243336912,2.376452261163907,cuda,18
SAM2.1-Tiny,auto,train,data/cogar_sim_500_final/rgb/000109.png,922,robot_gripper,dynamic_scene;partial_occlusion,0.12070588235294118,0.5147647647647647,0.9719789624214172,0.4207953243336912,2.376452261163907,cuda,18
SAM2.1-Tiny,auto,train,data/cogar_sim_500_final/rgb/000109.png,923,robot_gripper,dynamic_scene;partial_occlusion,0.029183802594115786,0.18517479378261603,0.9719789624214172,0.4207953243336912,2.376452261163907,cuda,18
SAM2.1-Tiny,auto,train,data/cogar_sim_500_final/rgb/000110.png,925,metal_part,reflective_metal,0.921046138662719,0.7663168171833049,0.8450609445571899,0.4359645748886073,2.2937643505908905,cuda,14
SAM2.1-Tiny,auto,train,data/cogar_sim_500_final/rgb/000110.png,926,connector,reflective_metal;small_parts,0.9858156028368794,1.0,0.9693021178245544,0.4359645748886073,2.2937643505908905,cuda,14
SAM2.1-Tiny,auto,train,data/cogar_sim_500_final/rgb/000110.png,927,metal_part,reflective_metal,0.9488591660110149,1.0,0.9173353314399719,0.4359645748886073,2.2937643505908905,cuda,14
SAM2.1-Tiny,auto,train,data/cogar_sim_500_final/rgb/000110.png,928,metal_part,reflective_metal,0.9739819004524887,1.0,0.9714158177375793,0.4359645748886073,2.2937643505908905,cuda,14
SAM2.1-Tiny,auto,train,data/cogar_sim_500_final/rgb/000110.png,929,tool,reflective_metal,0.7033175355450237,0.7374117718798117,0.8788421154022217,0.4359645748886073,2.2937643505908905,cuda,14
SAM2.1-Tiny,auto,train,data/cogar_sim_500_final/rgb/000110.png,930,metal_part,reflective_metal,0.9825007954183901,1.0,0.9813342690467834,0.4359645748886073,2.2937643505908905,cuda,14
SAM2.1-Tiny,auto,train,data/cogar_sim_500_final/rgb/000110.png,931,plastic_object,reflective_metal,0.9654696132596685,1.0,0.9826305508613586,0.4359645748886073,2.2937643505908905,cuda,14
SAM2.1-Tiny,auto,train,data/cogar_sim_500_final/rgb/000110.png,932,metal_part,reflective_metal,0.9782953943885654,1.0,0.9822428226470947,0.4359645748886073,2.2937643505908905,cuda,14
SAM2.1-Tiny,auto,train,data/cogar_sim_500_final/rgb/000110.png,933,tool,reflective_metal,0.974804826117814,0.9942950285248573,0.9506420493125916,0.4359645748886073,2.2937643505908905,cuda,14
SAM2.1-Tiny,auto,train,data/cogar_sim_500_final/rgb/000114.png,941,box,dynamic_scene;partial_occlusion,0.4543256997455471,0.5309083873464255,0.823623776435852,0.5864608732850424,1.7051435919305769,cuda,8
SAM2.1-Tiny,auto,train,data/cogar_sim_500_final/rgb/000114.png,942,plastic_object,dynamic_scene;partial_occlusion,0.5786251043696076,0.5368265214402791,0.8967908620834351,0.5864608732850424,1.7051435919305769,cuda,8
SAM2.1-Tiny,auto,train,data/cogar_sim_500_final/rgb/000114.png,943,box,dynamic_scene;partial_occlusion,0.4156751163993792,0.38548805302808614,0.9548252820968628,0.5864608732850424,1.7051435919305769,cuda,8
SAM2.1-Tiny,auto,train,data/cogar_sim_500_final/rgb/000114.png,944,tool,dynamic_scene;reflective_metal;partial_occlusion,0.9432294090274547,0.9407894736842105,0.9383707046508789,0.5864608732850424,1.7051435919305769,cuda,8
SAM2.1-Tiny,auto,train,data/cogar_sim_500_final/rgb/000114.png,945,robot_gripper,dynamic_scene;partial_occlusion,0.8535099122521937,0.8541326669386645,0.9316249489784241,0.5864608732850424,1.7051435919305769,cuda,8
SAM2.1-Tiny,auto,train,data/cogar_sim_500_final/rgb/000114.png,946,robot_gripper,dynamic_scene;partial_occlusion,0.09969107455957252,0.13176895306859204,0.9316249489784241,0.5864608732850424,1.7051435919305769,cuda,8
SAM2.1-Tiny,auto,train,data/cogar_sim_500_final/rgb/000114.png,947,robot_gripper,dynamic_scene;partial_occlusion,0.018573667711598747,0.20470262793914246,0.9316249489784241,0.5864608732850424,1.7051435919305769,cuda,8
SAM2.1-Tiny,auto,train,data/cogar_sim_500_final/rgb/000117.png,951,metal_part,partial_occlusion;reflective_metal,0.9862570735650767,1.0,0.9732601642608643,0.6666453508332779,1.5000479621586547,cuda,11
SAM2.1-Tiny,auto,train,data/cogar_sim_500_final/rgb/000117.png,952,plastic_object,partial_occlusion,0.9843508168529664,1.0,0.9669094681739807,0.6666453508332779,1.5000479621586547,cuda,11
SAM2.1-Tiny,auto,train,data/cogar_sim_500_final/rgb/000117.png,953,screw,partial_occlusion;small_parts,0.0008764241893076249,0.20012300704925012,0.9557052254676819,0.6666453508332779,1.5000479621586547,cuda,11
SAM2.1-Tiny,auto,train,data/cogar_sim_500_final/rgb/000117.png,954,robot_gripper,partial_occlusion,0.635733769776323,0.5998727043079368,0.9290721416473389,0.6666453508332779,1.5000479621586547,cuda,11
SAM2.1-Tiny,auto,train,data/cogar_sim_500_final/rgb/000117.png,955,robot_gripper,partial_occlusion,0.14769180220141284,0.2994360091627508,0.9422301650047302,0.6666453508332779,1.5000479621586547,cuda,11
SAM2.1-Tiny,auto,train,data/cogar_sim_500_final/rgb/000117.png,956,robot_gripper,partial_occlusion,0.19853303410148337,0.14307588041868521,0.9422301650047302,0.6666453508332779,1.5000479621586547,cuda,11
SAM2.1-Tiny,auto,train,data/cogar_sim_500_final/rgb/000118.png,959,screw,small_parts,0.8690476190476191,0.9696969696969697,0.8113148808479309,0.4761512671248056,2.100172926218186,cuda,11
SAM2.1-Tiny,auto,train,data/cogar_sim_500_final/rgb/000118.png,960,screw,small_parts,0.0,0.0,0.99143385887146,0.4761512671248056,2.100172926218186,cuda,11
SAM2.1-Tiny,auto,train,data/cogar_sim_500_final/rgb/000118.png,961,metal_part,small_parts;reflective_metal,0.9506172839506173,0.9518496058217102,0.976493239402771,0.4761512671248056,2.100172926218186,cuda,11
SAM2.1-Tiny,auto,train,data/cogar_sim_500_final/rgb/000118.png,962,connector,small_parts,0.9445079157826016,0.9583814076149662,0.9826827049255371,0.4761512671248056,2.100172926218186,cuda,11
SAM2.1-Tiny,auto,train,data/cogar_sim_500_final/rgb/000118.png,963,metal_part,small_parts;reflective_metal,0.9896270307375487,0.9970674486803519,0.9748689532279968,0.4761512671248056,2.100172926218186,cuda,11
SAM2.1-Tiny,auto,train,data/cogar_sim_500_final/rgb/000118.png,964,connector,small_parts,0.8767772511848341,0.8823529411764706,0.8796053528785706,0.4761512671248056,2.100172926218186,cuda,11
SAM2.1-Tiny,auto,train,data/cogar_sim_500_final/rgb/000118.png,965,screw,small_parts,0.0272654370489174,0.32857142857142857,0.976493239402771,0.4761512671248056,2.100172926218186,cuda,11
SAM2.1-Tiny,auto,train,data/cogar_sim_500_final/rgb/000118.png,966,screw,small_parts,0.0,0.0,0.99143385887146,0.4761512671248056,2.100172926218186,cuda,11
SAM2.1-Tiny,auto,train,data/cogar_sim_500_final/rgb/000119.png,969,metal_part,dynamic_scene;reflective_metal;partial_occlusion,0.9517254384310767,0.9680612789835723,0.9478247165679932,0.501325541499682,1.9947118533170414,cuda,11
SAM2.1-Tiny,auto,train,data/cogar_sim_500_final/rgb/000119.png,970,tool,dynamic_scene;reflective_metal;partial_occlusion,0.874406604747162,0.5657805044308111,0.9375113844871521,0.501325541499682,1.9947118533170414,cuda,11
SAM2.1-Tiny,auto,train,data/cogar_sim_500_final/rgb/000119.png,971,cable,dynamic_scene;partial_occlusion,0.8168381665107577,0.7156236844923916,0.963151216506958,0.501325541499682,1.9947118533170414,cuda,11
SAM2.1-Tiny,auto,train,data/cogar_sim_500_final/rgb/000119.png,972,plastic_object,dynamic_scene;partial_occlusion,0.9820158929318277,0.9858276458870784,0.9776811599731445,0.501325541499682,1.9947118533170414,cuda,11
SAM2.1-Tiny,auto,train,data/cogar_sim_500_final/rgb/000119.png,973,plastic_object,dynamic_scene;partial_occlusion,0.9715536105032823,1.0,0.9732906222343445,0.501325541499682,1.9947118533170414,cuda,11
SAM2.1-Tiny,auto,train,data/cogar_sim_500_final/rgb/000119.png,974,robot_gripper,dynamic_scene;partial_occlusion,0.8548768430554958,0.8172907962044594,0.8990253806114197,0.501325541499682,1.9947118533170414,cuda,11
SAM2.1-Tiny,auto,train,data/cogar_sim_500_final/rgb/000119.png,975,robot_gripper,dynamic_scene;partial_occlusion,0.09706863261365631,0.16033744664533528,0.8990253806114197,0.501325541499682,1.9947118533170414,cuda,11
SAM2.1-Tiny,auto,train,data/cogar_sim_500_final/rgb/000119.png,976,robot_gripper,dynamic_scene;partial_occlusion,0.028420501178730465,0.14156307907649973,0.8990253806114197,0.501325541499682,1.9947118533170414,cuda,11
SAM2.1-Tiny,auto,train,data/cogar_sim_500_final/rgb/000120.png,979,screw,reflective_metal;partial_occlusion;small_parts,0.00972087210109707,0.13197969543147206,0.9613338708877563,0.3932534100000339,2.5428895835891514,cuda,14
SAM2.1-Tiny,auto,train,data/cogar_sim_500_final/rgb/000120.png,980,cable,reflective_metal;partial_occlusion,0.9221876389506447,1.0,0.9349744915962219,0.3932534100000339,2.5428895835891514,cuda,14
SAM2.1-Tiny,auto,train,data/cogar_sim_500_final/rgb/000120.png,981,metal_part,reflective_metal;partial_occlusion,0.019959632204530165,0.16405941895622453,0.9308878183364868,0.3932534100000339,2.5428895835891514,cuda,14
SAM2.1-Tiny,auto,train,data/cogar_sim_500_final/rgb/000120.png,982,metal_part,reflective_metal;partial_occlusion,0.9604922279792746,0.9467787114845938,0.9501317739486694,0.3932534100000339,2.5428895835891514,cuda,14
SAM2.1-Tiny,auto,train,data/cogar_sim_500_final/rgb/000120.png,983,metal_part,reflective_metal;partial_occlusion,0.9723567968082074,1.0,0.9791784286499023,0.3932534100000339,2.5428895835891514,cuda,14
SAM2.1-Tiny,auto,train,data/cogar_sim_500_final/rgb/000120.png,984,tool,reflective_metal;partial_occlusion,0.9163482532751092,0.9653383375648527,0.9613338708877563,0.3932534100000339,2.5428895835891514,cuda,14
SAM2.1-Tiny,auto,train,data/cogar_sim_500_final/rgb/000120.png,985,tool,reflective_metal;partial_occlusion,0.9300437226733291,0.9279837948576295,0.9308878183364868,0.3932534100000339,2.5428895835891514,cuda,14
SAM2.1-Tiny,auto,train,data/cogar_sim_500_final/rgb/000120.png,986,robot_gripper,reflective_metal;partial_occlusion,0.9570768482490273,0.9811715481171548,0.878143310546875,0.3932534100000339,2.5428895835891514,cuda,14
SAM2.1-Tiny,auto,train,data/cogar_sim_500_final/rgb/000120.png,987,robot_gripper,reflective_metal;partial_occlusion,0.6939978563772776,0.7864077669902912,0.9610397815704346,0.3932534100000339,2.5428895835891514,cuda,14
SAM2.1-Tiny,auto,train,data/cogar_sim_500_final/rgb/000120.png,988,robot_gripper,reflective_metal;partial_occlusion,0.698559670781893,0.780952380952381,0.9371972680091858,0.3932534100000339,2.5428895835891514,cuda,14
SAM2.1-Tiny,auto,train,data/cogar_sim_500_final/rgb/000121.png,990,glass_object,transparent_glass;partial_occlusion,0.7112429226206525,0.770094575265259,0.8515320420265198,0.6520349351667392,1.5336601554091251,cuda,8
SAM2.1-Tiny,auto,train,data/cogar_sim_500_final/rgb/000121.png,991,metal_part,transparent_glass;reflective_metal;partial_occlusion,0.9848928974069898,1.0,0.8934942483901978,0.6520349351667392,1.5336601554091251,cuda,8
SAM2.1-Tiny,auto,train,data/cogar_sim_500_final/rgb/000121.png,992,connector,transparent_glass;partial_occlusion;small_parts,0.9613423959218351,1.0,0.9750593304634094,0.6520349351667392,1.5336601554091251,cuda,8
SAM2.1-Tiny,auto,train,data/cogar_sim_500_final/rgb/000121.png,993,robot_gripper,transparent_glass;partial_occlusion,0.5911195445920303,0.6344164657312563,0.8764670491218567,0.6520349351667392,1.5336601554091251,cuda,8
SAM2.1-Tiny,auto,train,data/cogar_sim_500_final/rgb/000121.png,994,robot_gripper,transparent_glass;partial_occlusion,0.2040278202384592,0.3361642616859385,0.8764670491218567,0.6520349351667392,1.5336601554091251,cuda,8
SAM2.1-Tiny,auto,train,data/cogar_sim_500_final/rgb/000121.png,995,robot_gripper,transparent_glass;partial_occlusion,0.19422863485016648,0.32175008630635366,0.8764670491218567,0.6520349351667392,1.5336601554091251,cuda,8
SAM2.1-Tiny,auto,train,data/cogar_sim_500_final/rgb/000122.png,998,plastic_object,partial_occlusion,0.9927295388450353,1.0,0.9866750836372375,0.38340920799964806,2.6081794050207523,cuda,15
SAM2.1-Tiny,auto,train,data/cogar_sim_500_final/rgb/000122.png,999,plastic_object,partial_occlusion,0.9771760154738878,1.0,0.9823295474052429,0.38340920799964806,2.6081794050207523,cuda,15
SAM2.1-Tiny,auto,train,data/cogar_sim_500_final/rgb/000122.png,1000,screw,partial_occlusion;small_parts,0.9516908212560387,1.0,0.9645503163337708,0.38340920799964806,2.6081794050207523,cuda,15
SAM2.1-Tiny,auto,train,data/cogar_sim_500_final/rgb/000122.png,1001,plastic_object,partial_occlusion,0.9860305433881852,1.0,0.9810208082199097,0.38340920799964806,2.6081794050207523,cuda,15
SAM2.1-Tiny,auto,train,data/cogar_sim_500_final/rgb/000122.png,1002,cable,partial_occlusion,0.826074415921546,1.0,0.9671729207038879,0.38340920799964806,2.6081794050207523,cuda,15
SAM2.1-Tiny,auto,train,data/cogar_sim_500_final/rgb/000122.png,1003,cable,partial_occlusion,0.19464819342569953,0.6605894681949919,0.8657546043395996,0.38340920799964806,2.6081794050207523,cuda,15
SAM2.1-Tiny,auto,train,data/cogar_sim_500_final/rgb/000122.png,1004,plastic_object,partial_occlusion,0.98930850146577,1.0,0.9677298069000244,0.38340920799964806,2.6081794050207523,cuda,15
SAM2.1-Tiny,auto,train,data/cogar_sim_500_final/rgb/000122.png,1005,robot_gripper,partial_occlusion,0.8015829558464832,0.7123435681989997,0.9531395435333252,0.38340920799964806,2.6081794050207523,cuda,15
SAM2.1-Tiny,auto,train,data/cogar_sim_500_final/rgb/000122.png,1006,robot_gripper,partial_occlusion,0.2753215434083601,0.5694760820045558,0.9425967931747437,0.38340920799964806,2.6081794050207523,cuda,15
SAM2.1-Tiny,auto,train,data/cogar_sim_500_final/rgb/000122.png,1007,robot_gripper,partial_occlusion,0.9779837775202781,1.0,0.9677217602729797,0.38340920799964806,2.6081794050207523,cuda,15
SAM2.1-Tiny,auto,train,data/cogar_sim_500_final/rgb/000123.png,1009,connector,small_parts;partial_occlusion,0.8814432989690721,1.0,0.9412817358970642,0.5478058070002589,1.8254644022047166,cuda,8
SAM2.1-Tiny,auto,train,data/cogar_sim_500_final/rgb/000123.png,1010,screw,small_parts;partial_occlusion,0.7214765100671141,0.8135492202244958,0.9206724166870117,0.5478058070002589,1.8254644022047166,cuda,8
SAM2.1-Tiny,auto,train,data/cogar_sim_500_final/rgb/000123.png,1011,screw,small_parts;partial_occlusion,0.0,0.021825808752681645,0.9860618710517883,0.5478058070002589,1.8254644022047166,cuda,8
SAM2.1-Tiny,auto,train,data/cogar_sim_500_final/rgb/000123.png,1012,metal_part,small_parts;reflective_metal;partial_occlusion,0.9887687188019967,1.0,0.9751259684562683,0.5478058070002589,1.8254644022047166,cuda,8
SAM2.1-Tiny,auto,train,data/cogar_sim_500_final/rgb/000123.png,1013,robot_gripper,small_parts;partial_occlusion,0.5991356023770935,0.5676348547717842,0.9705687165260315,0.5478058070002589,1.8254644022047166,cuda,8
SAM2.1-Tiny,auto,train,data/cogar_sim_500_final/rgb/000123.png,1014,robot_gripper,small_parts;partial_occlusion,0.26424527165401757,0.4107934024145053,0.9705687165260315,0.5478058070002589,1.8254644022047166,cuda,8
SAM2.1-Tiny,auto,train,data/cogar_sim_500_final/rgb/000123.png,1015,robot_gripper,small_parts;partial_occlusion,0.1322882122399759,0.1794871794871795,0.9705687165260315,0.5478058070002589,1.8254644022047166,cuda,8
SAM2.1-Tiny,auto,train,data/cogar_sim_500_final/rgb/000124.png,1018,connector,dynamic_scene;partial_occlusion;small_parts,0.9832089552238806,1.0,0.9647060036659241,0.5736745279999533,1.7431486865668915,cuda,10
SAM2.1-Tiny,auto,train,data/cogar_sim_500_final/rgb/000124.png,1019,plastic_object,dynamic_scene;partial_occlusion,0.9651197162281998,1.0,0.9887503981590271,0.5736745279999533,1.7431486865668915,cuda,10
SAM2.1-Tiny,auto,train,data/cogar_sim_500_final/rgb/000124.png,1020,plastic_object,dynamic_scene;partial_occlusion,0.0,0.0,0.9904274940490723,0.5736745279999533,1.7431486865668915,cuda,10
SAM2.1-Tiny,auto,train,data/cogar_sim_500_final/rgb/000124.png,1021,connector,dynamic_scene;partial_occlusion;small_parts,0.9596103105337934,1.0,0.9870477318763733,0.5736745279999533,1.7431486865668915,cuda,10
SAM2.1-Tiny,auto,train,data/cogar_sim_500_final/rgb/000124.png,1022,robot_gripper,dynamic_scene;partial_occlusion,0.8565377841147362,0.8179799853074549,0.9670866131782532,0.5736745279999533,1.7431486865668915,cuda,10
SAM2.1-Tiny,auto,train,data/cogar_sim_500_final/rgb/000124.png,1023,robot_gripper,dynamic_scene;partial_occlusion,0.033068389509924766,0.2355150424474786,0.9670866131782532,0.5736745279999533,1.7431486865668915,cuda,10
SAM2.1-Tiny,auto,train,data/cogar_sim_500_final/rgb/000124.png,1024,robot_gripper,dynamic_scene;partial_occlusion,0.9773204535909282,1.0,0.966190755367279,0.5736745279999533,1.7431486865668915,cuda,10
SAM2.1-Tiny,auto,train,data/cogar_sim_500_final/rgb/000126.png,1027,cable,transparent_glass;partial_occlusion,0.7136735488897545,0.5348378560551214,0.9745070338249207,0.5503383271435658,1.8170640689161592,cuda,8
SAM2.1-Tiny,auto,train,data/cogar_sim_500_final/rgb/000126.png,1028,glass_object,transparent_glass;partial_occlusion,0.7002731267070419,0.7780287040945547,0.9523741602897644,0.5503383271435658,1.8170640689161592,cuda,8
SAM2.1-Tiny,auto,train,data/cogar_sim_500_final/rgb/000126.png,1029,glass_object,transparent_glass;partial_occlusion,0.28806486228687256,0.5241038318912237,0.9523741602897644,0.5503383271435658,1.8170640689161592,cuda,8
SAM2.1-Tiny,auto,train,data/cogar_sim_500_final/rgb/000126.png,1030,metal_part,transparent_glass;reflective_metal;partial_occlusion,0.9711409395973154,1.0,0.9598332643508911,0.5503383271435658,1.8170640689161592,cuda,8
SAM2.1-Tiny,auto,train,data/cogar_sim_500_final/rgb/000126.png,1031,robot_gripper,transparent_glass;partial_occlusion,0.6911628917494976,0.721674429192728,0.9568746089935303,0.5503383271435658,1.8170640689161592,cuda,8
SAM2.1-Tiny,auto,train,data/cogar_sim_500_final/rgb/000126.png,1032,robot_gripper,transparent_glass;partial_occlusion,0.9719438877755511,1.0,0.8493475914001465,0.5503383271435658,1.8170640689161592,cuda,8
SAM2.1-Tiny,auto,train,data/cogar_sim_500_final/rgb/000126.png,1033,robot_gripper,transparent_glass;partial_occlusion,0.19704245334497436,0.31942035142375,0.9568746089935303,0.5503383271435658,1.8170640689161592,cuda,8
SAM2.1-Tiny,auto,train,data/cogar_sim_500_final/rgb/000127.png,1035,connector,partial_occlusion;small_parts,0.7647058823529411,0.7562062380649267,0.9562094807624817,0.37526988530007654,2.664748862542944,cuda,15
SAM2.1-Tiny,auto,train,data/cogar_sim_500_final/rgb/000127.png,1036,cable,partial_occlusion,0.002832058906825262,0.12460176991150443,0.944756269454956,0.37526988530007654,2.664748862542944,cuda,15
SAM2.1-Tiny,auto,train,data/cogar_sim_500_final/rgb/000127.png,1037,metal_part,partial_occlusion;reflective_metal,0.9768534048976854,0.9876543209876543,0.944756269454956,0.37526988530007654,2.664748862542944,cuda,15
SAM2.1-Tiny,auto,train,data/cogar_sim_500_final/rgb/000127.png,1038,metal_part,partial_occlusion;reflective_metal,0.9418918918918919,1.0,0.9617807865142822,0.37526988530007654,2.664748862542944,cuda,15
SAM2.1-Tiny,auto,train,data/cogar_sim_500_final/rgb/000127.png,1039,cable,partial_occlusion,0.9599303135888502,0.9914364732931259,0.9620541334152222,0.37526988530007654,2.664748862542944,cuda,15
SAM2.1-Tiny,auto,train,data/cogar_sim_500_final/rgb/000127.png,1040,box,partial_occlusion,0.981334948699504,0.9968573224387177,0.9772549271583557,0.37526988530007654,2.664748862542944,cuda,15
SAM2.1-Tiny,auto,train,data/cogar_sim_500_final/rgb/000127.png,1041,box,partial_occlusion,0.9869593285990962,1.0,0.9776749014854431,0.37526988530007654,2.664748862542944,cuda,15
SAM2.1-Tiny,auto,train,data/cogar_sim_500_final/rgb/000127.png,1042,robot_gripper,partial_occlusion,0.7895705924903005,0.6281838984032381,0.9444141983985901,0.37526988530007654,2.664748862542944,cuda,15
SAM2.1-Tiny,auto,train,data/cogar_sim_500_final/rgb/000127.png,1043,robot_gripper,partial_occlusion,0.49182058047493404,0.6257974073432356,0.9358115196228027,0.37526988530007654,2.664748862542944,cuda,15
SAM2.1-Tiny,auto,train,data/cogar_sim_500_final/rgb/000127.png,1044,robot_gripper,partial_occlusion,0.0932108150988299,0.27425929305834396,0.9426324963569641,0.37526988530007654,2.664748862542944,cuda,15
SAM2.1-Tiny,auto,train,data/cogar_sim_500_final/rgb/000128.png,1047,screw,small_parts,4.483259508993419e-06,0.04242435100417436,0.9910895824432373,0.4008418475998042,2.494749502797393,cuda,16
SAM2.1-Tiny,auto,train,data/cogar_sim_500_final/rgb/000128.png,1048,metal_part,small_parts;reflective_metal,0.9671124753343565,0.9789787853385779,0.9631670713424683,0.4008418475998042,2.494749502797393,cuda,16
SAM2.1-Tiny,auto,train,data/cogar_sim_500_final/rgb/000128.png,1049,connector,small_parts,0.9100990099009901,1.0,0.9644448161125183,0.4008418475998042,2.494749502797393,cuda,16
SAM2.1-Tiny,auto,train,data/cogar_sim_500_final/rgb/000128.png,1050,plastic_object,small_parts,0.960960960960961,1.0,0.961456835269928,0.4008418475998042,2.494749502797393,cuda,16
SAM2.1-Tiny,auto,train,data/cogar_sim_500_final/rgb/000128.png,1051,connector,small_parts,0.9599121361889071,1.0,0.9749093055725098,0.4008418475998042,2.494749502797393,cuda,16
SAM2.1-Tiny,auto,train,data/cogar_sim_500_final/rgb/000128.png,1052,box,small_parts,0.9844166014095537,1.0,0.9842961430549622,0.4008418475998042,2.494749502797393,cuda,16
SAM2.1-Tiny,auto,train,data/cogar_sim_500_final/rgb/000128.png,1053,connector,small_parts,0.9191059073975519,0.989247311827957,0.9751446843147278,0.4008418475998042,2.494749502797393,cuda,16
SAM2.1-Tiny,auto,train,data/cogar_sim_500_final/rgb/000128.png,1054,plastic_object,small_parts,0.891771935814271,0.7771400281572475,0.9692278504371643,0.4008418475998042,2.494749502797393,cuda,16
SAM2.1-Tiny,auto,train,data/cogar_sim_500_final/rgb/000128.png,1055,plastic_object,small_parts,0.966528640441684,1.0,0.9494336247444153,0.4008418475998042,2.494749502797393,cuda,16
SAM2.1-Tiny,auto,train,data/cogar_sim_500_final/rgb/000128.png,1056,box,small_parts,0.9920146398269839,0.9991532599491956,0.9772501587867737,0.4008418475998042,2.494749502797393,cuda,16
SAM2.1-Tiny,auto,train,data/cogar_sim_500_final/rgb/000129.png,1059,metal_part,dynamic_scene;reflective_metal;partial_occlusion,0.940072202166065,0.9327626016367737,0.9388905763626099,0.5947772131670112,1.6813018015187542,cuda,10
SAM2.1-Tiny,auto,train,data/cogar_sim_500_final/rgb/000129.png,1060,box,dynamic_scene;partial_occlusion,0.989558903845536,1.0,0.9870338439941406,0.5947772131670112,1.6813018015187542,cuda,10
SAM2.1-Tiny,auto,train,data/cogar_sim_500_final/rgb/000129.png,1061,plastic_object,dynamic_scene;partial_occlusion,0.9922937443336355,1.0,0.979812741279602,0.5947772131670112,1.6813018015187542,cuda,10
SAM2.1-Tiny,auto,train,data/cogar_sim_500_final/rgb/000129.png,1062,robot_gripper,dynamic_scene;partial_occlusion,0.8002381154860108,0.7025351522975473,0.8715468645095825,0.5947772131670112,1.6813018015187542,cuda,10
SAM2.1-Tiny,auto,train,data/cogar_sim_500_final/rgb/000129.png,1063,robot_gripper,dynamic_scene;partial_occlusion,0.05074421996311071,0.1966101694915254,0.8715468645095825,0.5947772131670112,1.6813018015187542,cuda,10
SAM2.1-Tiny,auto,train,data/cogar_sim_500_final/rgb/000129.png,1064,robot_gripper,dynamic_scene;partial_occlusion,0.1370338619802829,0.23071054371598596,0.8715468645095825,0.5947772131670112,1.6813018015187542,cuda,10
SAM2.1-Tiny,auto,train,data/cogar_sim_500_final/rgb/000131.png,1069,metal_part,transparent_glass;reflective_metal;partial_occlusion,0.08226328426766887,0.43842516052135805,0.8896228671073914,0.518793426999764,1.9275494791503107,cuda,9
SAM2.1-Tiny,auto,train,data/cogar_sim_500_final/rgb/000131.png,1070,connector,transparent_glass;partial_occlusion;small_parts,0.9386094674556213,1.0,0.9500637650489807,0.518793426999764,1.9275494791503107,cuda,9
SAM2.1-Tiny,auto,train,data/cogar_sim_500_final/rgb/000131.png,1071,box,transparent_glass;partial_occlusion,0.009129564782391195,0.3937108526140866,0.9223371148109436,0.518793426999764,1.9275494791503107,cuda,9
SAM2.1-Tiny,auto,train,data/cogar_sim_500_final/rgb/000131.png,1072,glass_object,transparent_glass;partial_occlusion,0.7623223465376474,0.7310411311053986,0.8867592811584473,0.518793426999764,1.9275494791503107,cuda,9
SAM2.1-Tiny,auto,train,data/cogar_sim_500_final/rgb/000131.png,1073,robot_gripper,transparent_glass;partial_occlusion,0.7799666458203044,0.5587919559149789,0.8896228671073914,0.518793426999764,1.9275494791503107,cuda,9
SAM2.1-Tiny,auto,train,data/cogar_sim_500_final/rgb/000131.png,1074,robot_gripper,transparent_glass;partial_occlusion,0.10462566565730395,0.3958408031552528,0.8896228671073914,0.518793426999764,1.9275494791503107,cuda,9
SAM2.1-Tiny,auto,train,data/cogar_sim_500_final/rgb/000131.png,1075,robot_gripper,transparent_glass;partial_occlusion,0.020341483979763913,0.21938075954210642,0.8896228671073914,0.518793426999764,1.9275494791503107,cuda,9
SAM2.1-Tiny,auto,train,data/cogar_sim_500_final/rgb/000132.png,1077,metal_part,partial_occlusion;reflective_metal,0.8228228228228228,0.8587580991538335,0.9696210622787476,0.32528605008337763,3.074217291960965,cuda,14
SAM2.1-Tiny,auto,train,data/cogar_sim_500_final/rgb/000132.png,1078,tool,partial_occlusion;reflective_metal,0.945391000436872,0.9939956550668174,0.910442054271698,0.32528605008337763,3.074217291960965,cuda,14
SAM2.1-Tiny,auto,train,data/cogar_sim_500_final/rgb/000132.png,1079,box,partial_occlusion,0.9860489260917527,0.9754245205253612,0.9663795232772827,0.32528605008337763,3.074217291960965,cuda,14
SAM2.1-Tiny,auto,train,data/cogar_sim_500_final/rgb/000132.png,1080,connector,partial_occlusion;small_parts,0.9537037037037037,0.989010989010989,0.8878222703933716,0.32528605008337763,3.074217291960965,cuda,14
SAM2.1-Tiny,auto,train,data/cogar_sim_500_final/rgb/000132.png,1081,plastic_object,partial_occlusion,0.9656577415599534,0.9964539007092198,0.9001942873001099,0.32528605008337763,3.074217291960965,cuda,14
SAM2.1-Tiny,auto,train,data/cogar_sim_500_final/rgb/000132.png,1082,box,partial_occlusion,0.9567751335599806,0.95954459918044,0.9234517216682434,0.32528605008337763,3.074217291960965,cuda,14
SAM2.1-Tiny,auto,train,data/cogar_sim_500_final/rgb/000132.png,1083,connector,partial_occlusion;small_parts,0.0029806259314456036,0.11860637509266123,0.9696210622787476,0.32528605008337763,3.074217291960965,cuda,14
SAM2.1-Tiny,auto,train,data/cogar_sim_500_final/rgb/000132.png,1084,cable,partial_occlusion,0.2124117053481332,0.3002810116419109,0.9454129934310913,0.32528605008337763,3.074217291960965,cuda,14
SAM2.1-Tiny,auto,train,data/cogar_sim_500_final/rgb/000132.png,1085,connector,partial_occlusion;small_parts,0.9467926404773744,0.9634598511222439,0.9223261475563049,0.32528605008337763,3.074217291960965,cuda,14
SAM2.1-Tiny,auto,train,data/cogar_sim_500_final/rgb/000132.png,1086,robot_gripper,partial_occlusion,0.6457463178720598,0.6080041113957507,0.8937427997589111,0.32528605008337763,3.074217291960965,cuda,14
SAM2.1-Tiny,auto,train,data/cogar_sim_500_final/rgb/000132.png,1087,robot_gripper,partial_occlusion,0.23868312757201646,0.3334565315592789,0.8937427997589111,0.32528605008337763,3.074217291960965,cuda,14
SAM2.1-Tiny,auto,train,data/cogar_sim_500_final/rgb/000132.png,1088,robot_gripper,partial_occlusion,0.09279488028246717,0.221820137904054,0.8937427997589111,0.32528605008337763,3.074217291960965,cuda,14
SAM2.1-Tiny,auto,train,data/cogar_sim_500_final/rgb/000133.png,1090,connector,small_parts,0.008452346254736228,0.2829764934870489,0.9640130400657654,0.2591022928750135,3.859479547262759,cuda,10
SAM2.1-Tiny,auto,train,data/cogar_sim_500_final/rgb/000133.png,1091,connector,small_parts,0.9555698647778493,1.0,0.9391985535621643,0.2591022928750135,3.859479547262759,cuda,10
SAM2.1-Tiny,auto,train,data/cogar_sim_500_final/rgb/000133.png,1092,connector,small_parts,0.9722659943271352,0.9929078014184397,0.9361228346824646,0.2591022928750135,3.859479547262759,cuda,10
SAM2.1-Tiny,auto,train,data/cogar_sim_500_final/rgb/000133.png,1093,connector,small_parts,0.9174757281553398,1.0,0.9339709877967834,0.2591022928750135,3.859479547262759,cuda,10
SAM2.1-Tiny,auto,train,data/cogar_sim_500_final/rgb/000133.png,1094,screw,small_parts,0.0001950006703148042,0.032547607799697,0.9894183278083801,0.2591022928750135,3.859479547262759,cuda,10
SAM2.1-Tiny,auto,train,data/cogar_sim_500_final/rgb/000133.png,1095,screw,small_parts,0.0006505228577469141,0.02334558184284042,0.9894183278083801,0.2591022928750135,3.859479547262759,cuda,10
SAM2.1-Tiny,auto,train,data/cogar_sim_500_final/rgb/000133.png,1096,screw,small_parts,0.9329268292682927,1.0,0.866797149181366,0.2591022928750135,3.859479547262759,cuda,10
SAM2.1-Tiny,auto,train,data/cogar_sim_500_final/rgb/000133.png,1097,connector,small_parts,0.0021479713603818618,0.13793103448275865,0.9640130400657654,0.2591022928750135,3.859479547262759,cuda,10
SAM2.1-Tiny,auto,train,data/cogar_sim_500_final/rgb/000133.png,1098,cable,small_parts,0.004681187958019529,0.19493066041987592,0.9894183278083801,0.2591022928750135,3.859479547262759,cuda,10
SAM2.1-Tiny,auto,train,data/cogar_sim_500_final/rgb/000133.png,1099,screw,small_parts,0.0004715025485525685,0.027837101406583697,0.9894183278083801,0.2591022928750135,3.859479547262759,cuda,10
SAM2.1-Tiny,auto,train,data/cogar_sim_500_final/rgb/000133.png,1100,screw,small_parts,0.0006260493440710281,0.023412215460897,0.9894183278083801,0.2591022928750135,3.859479547262759,cuda,10
SAM2.1-Tiny,auto,train,data/cogar_sim_500_final/rgb/000133.png,1101,screw,small_parts,0.9158576051779935,1.0,0.9196587204933167,0.2591022928750135,3.859479547262759,cuda,10
SAM2.1-Tiny,auto,train,data/cogar_sim_500_final/rgb/000133.png,1102,screw,small_parts,0.8191780821917808,0.8588235294117647,0.9290621280670166,0.2591022928750135,3.859479547262759,cuda,10
SAM2.1-Tiny,auto,train,data/cogar_sim_500_final/rgb/000133.png,1103,screw,small_parts,0.0003455790278252102,0.02260738507912585,0.9894183278083801,0.2591022928750135,3.859479547262759,cuda,10
SAM2.1-Tiny,auto,train,data/cogar_sim_500_final/rgb/000133.png,1104,screw,small_parts,0.00036590423066602704,0.024356900800985827,0.9894183278083801,0.2591022928750135,3.859479547262759,cuda,10
SAM2.1-Tiny,auto,train,data/cogar_sim_500_final/rgb/000133.png,1105,plastic_object,small_parts,0.9753483386923901,1.0,0.9640130400657654,0.2591022928750135,3.859479547262759,cuda,10
SAM2.1-Tiny,auto,train,data/cogar_sim_500_final/rgb/000134.png,1107,plastic_object,dynamic_scene;partial_occlusion,0.001116227152225478,0.15803716399061882,0.9634560942649841,0.5597880809998189,1.7863903036555069,cuda,7
SAM2.1-Tiny,auto,train,data/cogar_sim_500_final/rgb/000134.png,1108,box,dynamic_scene;partial_occlusion,0.98646518958005,1.0,0.9696325063705444,0.5597880809998189,1.7863903036555069,cuda,7
SAM2.1-Tiny,auto,train,data/cogar_sim_500_final/rgb/000134.png,1109,box,dynamic_scene;partial_occlusion,0.8014138817480719,0.760337452471483,0.9036973118782043,0.5597880809998189,1.7863903036555069,cuda,7
SAM2.1-Tiny,auto,train,data/cogar_sim_500_final/rgb/000134.png,1110,cable,dynamic_scene;partial_occlusion,0.7679863771817795,0.9431559620996033,0.9633921384811401,0.5597880809998189,1.7863903036555069,cuda,7
SAM2.1-Tiny,auto,train,data/cogar_sim_500_final/rgb/000134.png,1111,robot_gripper,dynamic_scene;partial_occlusion,0.4891114290255921,0.569359647877325,0.9634560942649841,0.5597880809998189,1.7863903036555069,cuda,7
SAM2.1-Tiny,auto,train,data/cogar_sim_500_final/rgb/000134.png,1112,robot_gripper,dynamic_scene;partial_occlusion,0.20567319216939672,0.3301119442515273,0.9634560942649841,0.5597880809998189,1.7863903036555069,cuda,7
SAM2.1-Tiny,auto,train,data/cogar_sim_500_final/rgb/000134.png,1113,robot_gripper,dynamic_scene;partial_occlusion,0.29338446788111217,0.35982946995423004,0.9634560942649841,0.5597880809998189,1.7863903036555069,cuda,7
SAM2.1-Tiny,auto,train,data/cogar_sim_500_final/rgb/000135.png,1116,metal_part,reflective_metal;partial_occlusion,0.8267772511848341,0.6812375839708804,0.9468103647232056,0.3808192946002237,2.6259173686296005,cuda,21
SAM2.1-Tiny,auto,train,data/cogar_sim_500_final/rgb/000135.png,1117,plastic_object,reflective_metal;partial_occlusion,0.9865771812080537,1.0,0.953319787979126,0.3808192946002237,2.6259173686296005,cuda,21
SAM2.1-Tiny,auto,train,data/cogar_sim_500_final/rgb/000135.png,1118,metal_part,reflective_metal;partial_occlusion,0.15492163716315255,0.5484314910802712,0.9468103647232056,0.3808192946002237,2.6259173686296005,cuda,21
SAM2.1-Tiny,auto,train,data/cogar_sim_500_final/rgb/000135.png,1119,plastic_object,reflective_metal;partial_occlusion,0.9902975420439845,0.9989094874591058,0.9670839309692383,0.3808192946002237,2.6259173686296005,cuda,21
SAM2.1-Tiny,auto,train,data/cogar_sim_500_final/rgb/000135.png,1120,connector,reflective_metal;partial_occlusion;small_parts,0.9086799276672695,0.8968421052631579,0.9441183805465698,0.3808192946002237,2.6259173686296005,cuda,21
SAM2.1-Tiny,auto,train,data/cogar_sim_500_final/rgb/000135.png,1121,connector,reflective_metal;partial_occlusion;small_parts,0.9825054670415495,1.0,0.9562907218933105,0.3808192946002237,2.6259173686296005,cuda,21
SAM2.1-Tiny,auto,train,data/cogar_sim_500_final/rgb/000135.png,1122,tool,reflective_metal;partial_occlusion,0.8816416269695859,0.5881914716183911,0.9659174680709839,0.3808192946002237,2.6259173686296005,cuda,21
SAM2.1-Tiny,auto,train,data/cogar_sim_500_final/rgb/000135.png,1123,robot_gripper,reflective_metal;partial_occlusion,0.9728564515419471,0.960677696510989,0.838898241519928,0.3808192946002237,2.6259173686296005,cuda,21
SAM2.1-Tiny,auto,train,data/cogar_sim_500_final/rgb/000135.png,1124,robot_gripper,reflective_metal;partial_occlusion,0.7132888819972089,0.7523584905660378,0.9567390084266663,0.3808192946002237,2.6259173686296005,cuda,21
SAM2.1-Tiny,auto,train,data/cogar_sim_500_final/rgb/000135.png,1125,robot_gripper,reflective_metal;partial_occlusion,0.7201048598507763,0.7610146862483311,0.9423128962516785,0.3808192946002237,2.6259173686296005,cuda,21
SAM2.1-Tiny,auto,train,data/cogar_sim_500_final/rgb/000136.png,1127,glass_object,transparent_glass,0.0,0.0,0.9894030094146729,0.4013946428886912,2.491313767426899,cuda,15
SAM2.1-Tiny,auto,train,data/cogar_sim_500_final/rgb/000136.png,1128,glass_object,transparent_glass,0.0,0.0,0.9894030094146729,0.4013946428886912,2.491313767426899,cuda,15
SAM2.1-Tiny,auto,train,data/cogar_sim_500_final/rgb/000136.png,1129,glass_object,transparent_glass,0.0,0.0,0.9894030094146729,0.4013946428886912,2.491313767426899,cuda,15
SAM2.1-Tiny,auto,train,data/cogar_sim_500_final/rgb/000136.png,1130,cable,transparent_glass,0.6137978455191382,0.7439252336448599,0.9070308804512024,0.4013946428886912,2.491313767426899,cuda,15
SAM2.1-Tiny,auto,train,data/cogar_sim_500_final/rgb/000136.png,1131,glass_object,transparent_glass,0.12575423809979888,0.3271588709099166,0.8642520904541016,0.4013946428886912,2.491313767426899,cuda,15
SAM2.1-Tiny,auto,train,data/cogar_sim_500_final/rgb/000136.png,1132,glass_object,transparent_glass,0.9921553978333956,1.0,0.9673214554786682,0.4013946428886912,2.491313767426899,cuda,15
SAM2.1-Tiny,auto,train,data/cogar_sim_500_final/rgb/000136.png,1133,glass_object,transparent_glass,0.9226501305483029,0.8404840484048405,0.9459021091461182,0.4013946428886912,2.491313767426899,cuda,15
SAM2.1-Tiny,auto,train,data/cogar_sim_500_final/rgb/000136.png,1134,glass_object,transparent_glass,0.0,0.0,0.9894030094146729,0.4013946428886912,2.491313767426899,cuda,15
SAM2.1-Tiny,auto,train,data/cogar_sim_500_final/rgb/000136.png,1135,glass_object,transparent_glass,0.6680609672243869,0.6873027699859747,0.8958670496940613,0.4013946428886912,2.491313767426899,cuda,15
SAM2.1-Tiny,auto,train,data/cogar_sim_500_final/rgb/000138.png,1150,plastic_object,small_parts;partial_occlusion,0.9789758534554538,1.0,0.9537606239318848,0.32998538146113365,3.0304372744396315,cuda,13
SAM2.1-Tiny,auto,train,data/cogar_sim_500_final/rgb/000138.png,1151,connector,small_parts;partial_occlusion,0.9723629663749425,1.0,0.9741650223731995,0.32998538146113365,3.0304372744396315,cuda,13
SAM2.1-Tiny,auto,train,data/cogar_sim_500_final/rgb/000138.png,1152,plastic_object,small_parts;partial_occlusion,0.8351177730192719,0.7063466320683316,0.9594690203666687,0.32998538146113365,3.0304372744396315,cuda,13
SAM2.1-Tiny,auto,train,data/cogar_sim_500_final/rgb/000138.png,1153,cable,small_parts;partial_occlusion,0.17295653729207655,0.3665806985275574,0.946910560131073,0.32998538146113365,3.0304372744396315,cuda,13
SAM2.1-Tiny,auto,train,data/cogar_sim_500_final/rgb/000138.png,1154,screw,small_parts;partial_occlusion,0.0,0.03824401343353791,0.9917830228805542,0.32998538146113365,3.0304372744396315,cuda,13
SAM2.1-Tiny,auto,train,data/cogar_sim_500_final/rgb/000138.png,1155,plastic_object,small_parts;partial_occlusion,0.3809001097694841,0.7292225201072385,0.8876819014549255,0.32998538146113365,3.0304372744396315,cuda,13
SAM2.1-Tiny,auto,train,data/cogar_sim_500_final/rgb/000138.png,1156,screw,small_parts;partial_occlusion,0.9466089466089466,1.0,0.9489577412605286,0.32998538146113365,3.0304372744396315,cuda,13
SAM2.1-Tiny,auto,train,data/cogar_sim_500_final/rgb/000138.png,1157,screw,small_parts;partial_occlusion,0.9621052631578947,1.0,0.9196591973304749,0.32998538146113365,3.0304372744396315,cuda,13
SAM2.1-Tiny,auto,train,data/cogar_sim_500_final/rgb/000138.png,1158,connector,small_parts;partial_occlusion,0.9535714285714286,0.9800569800569799,0.9310210943222046,0.32998538146113365,3.0304372744396315,cuda,13
SAM2.1-Tiny,auto,train,data/cogar_sim_500_final/rgb/000138.png,1159,connector,small_parts;partial_occlusion,0.9467969598262758,1.0,0.9554824829101562,0.32998538146113365,3.0304372744396315,cuda,13
SAM2.1-Tiny,auto,train,data/cogar_sim_500_final/rgb/000138.png,1160,robot_gripper,small_parts;partial_occlusion,0.9745530735696665,0.9782199799230533,0.9518201351165771,0.32998538146113365,3.0304372744396315,cuda,13
SAM2.1-Tiny,auto,train,data/cogar_sim_500_final/rgb/000138.png,1161,robot_gripper,small_parts;partial_occlusion,0.8861955628594905,0.8791699092088198,0.948115348815918,0.32998538146113365,3.0304372744396315,cuda,13
SAM2.1-Tiny,auto,train,data/cogar_sim_500_final/rgb/000138.png,1162,robot_gripper,small_parts;partial_occlusion,0.007361268403171008,0.21483375959079284,0.9594690203666687,0.32998538146113365,3.0304372744396315,cuda,13
SAM2.1-Tiny,auto,train,data/cogar_sim_500_final/rgb/000139.png,1165,plastic_object,dynamic_scene;partial_occlusion,0.9663768115942029,1.0,0.9772812724113464,0.4869348145002732,2.0536629754565205,cuda,11
SAM2.1-Tiny,auto,train,data/cogar_sim_500_final/rgb/000139.png,1166,box,dynamic_scene;partial_occlusion,0.9739914289936457,1.0,0.982718288898468,0.4869348145002732,2.0536629754565205,cuda,11
SAM2.1-Tiny,auto,train,data/cogar_sim_500_final/rgb/000139.png,1167,plastic_object,dynamic_scene;partial_occlusion,0.9780114722753346,1.0,0.9691062569618225,0.4869348145002732,2.0536629754565205,cuda,11
SAM2.1-Tiny,auto,train,data/cogar_sim_500_final/rgb/000139.png,1168,metal_part,dynamic_scene;reflective_metal;partial_occlusion,0.9762510602205259,0.9977628635346756,0.9285525679588318,0.4869348145002732,2.0536629754565205,cuda,11
SAM2.1-Tiny,auto,train,data/cogar_sim_500_final/rgb/000139.png,1169,plastic_object,dynamic_scene;partial_occlusion,0.9747856782652546,1.0,0.9801310300827026,0.4869348145002732,2.0536629754565205,cuda,11
SAM2.1-Tiny,auto,train,data/cogar_sim_500_final/rgb/000139.png,1170,robot_gripper,dynamic_scene;partial_occlusion,0.8169190928352821,0.8191897278780186,0.9539530277252197,0.4869348145002732,2.0536629754565205,cuda,11
SAM2.1-Tiny,auto,train,data/cogar_sim_500_final/rgb/000139.png,1171,robot_gripper,dynamic_scene;partial_occlusion,0.08470663163760847,0.16672743961474143,0.9539530277252197,0.4869348145002732,2.0536629754565205,cuda,11
SAM2.1-Tiny,auto,train,data/cogar_sim_500_final/rgb/000139.png,1172,robot_gripper,dynamic_scene;partial_occlusion,0.8998272884283247,0.9234864186756845,0.925293505191803,0.4869348145002732,2.0536629754565205,cuda,11
SAM2.1-Tiny,auto,train,data/cogar_sim_500_final/rgb/000140.png,1175,tool,reflective_metal,0.3754327233993989,0.5824602619467592,0.9572027325630188,0.6340239268332274,1.5772275424915287,cuda,11
SAM2.1-Tiny,auto,train,data/cogar_sim_500_final/rgb/000140.png,1176,tool,reflective_metal,0.9604891815616181,0.983957219251337,0.8681296110153198,0.6340239268332274,1.5772275424915287,cuda,11
SAM2.1-Tiny,auto,train,data/cogar_sim_500_final/rgb/000140.png,1177,metal_part,reflective_metal,0.0,0.0,0.9887771010398865,0.6340239268332274,1.5772275424915287,cuda,11
SAM2.1-Tiny,auto,train,data/cogar_sim_500_final/rgb/000140.png,1178,metal_part,reflective_metal,0.9629200463499421,1.0,0.921334445476532,0.6340239268332274,1.5772275424915287,cuda,11
SAM2.1-Tiny,auto,train,data/cogar_sim_500_final/rgb/000140.png,1179,tool,reflective_metal,0.9224125725612347,0.860720446473871,0.9525541663169861,0.6340239268332274,1.5772275424915287,cuda,11
SAM2.1-Tiny,auto,train,data/cogar_sim_500_final/rgb/000140.png,1180,tool,reflective_metal,0.6143420498487691,0.7082270349677589,0.9001560211181641,0.6340239268332274,1.5772275424915287,cuda,11
SAM2.1-Tiny,auto,train,data/cogar_sim_500_final/rgb/000142.png,1185,plastic_object,partial_occlusion,0.9756602796478508,1.0,0.961513340473175,0.4011982159994659,2.492533516154347,cuda,16
SAM2.1-Tiny,auto,train,data/cogar_sim_500_final/rgb/000142.png,1186,screw,partial_occlusion;small_parts,0.8976377952755905,1.0,0.9259023666381836,0.4011982159994659,2.492533516154347,cuda,16
SAM2.1-Tiny,auto,train,data/cogar_sim_500_final/rgb/000142.png,1187,box,partial_occlusion,0.9832798900595511,0.997270245677889,0.9583602547645569,0.4011982159994659,2.492533516154347,cuda,16
SAM2.1-Tiny,auto,train,data/cogar_sim_500_final/rgb/000142.png,1188,plastic_object,partial_occlusion,0.9424591156874621,1.0,0.9684706330299377,0.4011982159994659,2.492533516154347,cuda,16
SAM2.1-Tiny,auto,train,data/cogar_sim_500_final/rgb/000142.png,1189,connector,partial_occlusion;small_parts,0.9836340746957617,1.0,0.9729888439178467,0.4011982159994659,2.492533516154347,cuda,16
SAM2.1-Tiny,auto,train,data/cogar_sim_500_final/rgb/000142.png,1190,plastic_object,partial_occlusion,0.9764373232799246,1.0,0.9459607601165771,0.4011982159994659,2.492533516154347,cuda,16
SAM2.1-Tiny,auto,train,data/cogar_sim_500_final/rgb/000142.png,1192,cable,partial_occlusion,0.9436475409836066,0.997946611909651,0.9109638333320618,0.4011982159994659,2.492533516154347,cuda,16
SAM2.1-Tiny,auto,train,data/cogar_sim_500_final/rgb/000142.png,1193,robot_gripper,partial_occlusion,0.6193844389218123,0.5182446048795759,0.964013934135437,0.4011982159994659,2.492533516154347,cuda,16
SAM2.1-Tiny,auto,train,data/cogar_sim_500_final/rgb/000142.png,1194,robot_gripper,partial_occlusion,0.2663507109004739,0.3381897161822486,0.9104865789413452,0.4011982159994659,2.492533516154347,cuda,16
SAM2.1-Tiny,auto,train,data/cogar_sim_500_final/rgb/000142.png,1195,robot_gripper,partial_occlusion,0.10762288786482335,0.29952210274790925,0.964013934135437,0.4011982159994659,2.492533516154347,cuda,16
SAM2.1-Tiny,auto,train,data/cogar_sim_500_final/rgb/000143.png,1198,connector,small_parts;partial_occlusion,0.8338577721837633,0.8639291465378421,0.9350327253341675,0.22419149074994493,4.460472592670182,cuda,15
SAM2.1-Tiny,auto,train,data/cogar_sim_500_final/rgb/000143.png,1199,screw,small_parts;partial_occlusion,0.9414634146341463,1.0,0.9423708915710449,0.22419149074994493,4.460472592670182,cuda,15
SAM2.1-Tiny,auto,train,data/cogar_sim_500_final/rgb/000143.png,1200,screw,small_parts;partial_occlusion,0.0,0.0,0.9862863421440125,0.22419149074994493,4.460472592670182,cuda,15
SAM2.1-Tiny,auto,train,data/cogar_sim_500_final/rgb/000143.png,1201,connector,small_parts;partial_occlusion,0.9589509692132269,1.0,0.9744276404380798,0.22419149074994493,4.460472592670182,cuda,15
SAM2.1-Tiny,auto,train,data/cogar_sim_500_final/rgb/000143.png,1202,screw,small_parts;partial_occlusion,0.0006552364311455717,0.09304603330068559,0.962843656539917,0.22419149074994493,4.460472592670182,cuda,15
SAM2.1-Tiny,auto,train,data/cogar_sim_500_final/rgb/000143.png,1203,connector,small_parts;partial_occlusion,0.9744172825469016,1.0,0.9438543915748596,0.22419149074994493,4.460472592670182,cuda,15
SAM2.1-Tiny,auto,train,data/cogar_sim_500_final/rgb/000143.png,1204,screw,small_parts;partial_occlusion,0.0,0.0,0.9862863421440125,0.22419149074994493,4.460472592670182,cuda,15
SAM2.1-Tiny,auto,train,data/cogar_sim_500_final/rgb/000143.png,1205,connector,small_parts;partial_occlusion,0.9738855183328937,1.0,0.9500898122787476,0.22419149074994493,4.460472592670182,cuda,15
SAM2.1-Tiny,auto,train,data/cogar_sim_500_final/rgb/000143.png,1206,cable,small_parts;partial_occlusion,0.6809815950920245,0.8198757763975156,0.8901899456977844,0.22419149074994493,4.460472592670182,cuda,15
SAM2.1-Tiny,auto,train,data/cogar_sim_500_final/rgb/000143.png,1207,connector,small_parts;partial_occlusion,0.9094827586206896,1.0,0.9257428050041199,0.22419149074994493,4.460472592670182,cuda,15
SAM2.1-Tiny,auto,train,data/cogar_sim_500_final/rgb/000143.png,1208,connector,small_parts;partial_occlusion,0.0,0.0,0.9862863421440125,0.22419149074994493,4.460472592670182,cuda,15
SAM2.1-Tiny,auto,train,data/cogar_sim_500_final/rgb/000143.png,1209,connector,small_parts;partial_occlusion,0.9887440758293838,1.0,0.983957052230835,0.22419149074994493,4.460472592670182,cuda,15
SAM2.1-Tiny,auto,train,data/cogar_sim_500_final/rgb/000143.png,1210,connector,small_parts;partial_occlusion,6.575054244197515e-05,0.08612360946255555,0.9453470706939697,0.22419149074994493,4.460472592670182,cuda,15
SAM2.1-Tiny,auto,train,data/cogar_sim_500_final/rgb/000143.png,1211,robot_gripper,small_parts;partial_occlusion,0.7975611475294283,0.7967484636368629,0.9453470706939697,0.22419149074994493,4.460472592670182,cuda,15
SAM2.1-Tiny,auto,train,data/cogar_sim_500_final/rgb/000143.png,1212,robot_gripper,small_parts;partial_occlusion,0.7630827783063748,0.6864786075623769,0.9337635636329651,0.22419149074994493,4.460472592670182,cuda,15
SAM2.1-Tiny,auto,train,data/cogar_sim_500_final/rgb/000143.png,1213,robot_gripper,small_parts;partial_occlusion,0.888848660391021,0.7207715663511342,0.8705523610115051,0.22419149074994493,4.460472592670182,cuda,15
SAM2.1-Tiny,auto,train,data/cogar_sim_500_final/rgb/000144.png,1216,metal_part,dynamic_scene;reflective_metal;partial_occlusion,0.9859229747675963,1.0,0.9667247533798218,0.3827742172994476,2.6125061584743343,cuda,13
SAM2.1-Tiny,auto,train,data/cogar_sim_500_final/rgb/000144.png,1217,connector,dynamic_scene;partial_occlusion;small_parts,0.0009532888465204957,0.09113924050632911,0.9507784247398376,0.3827742172994476,2.6125061584743343,cuda,13
SAM2.1-Tiny,auto,train,data/cogar_sim_500_final/rgb/000144.png,1218,plastic_object,dynamic_scene;partial_occlusion,0.9773336582988057,1.0,0.9402765035629272,0.3827742172994476,2.6125061584743343,cuda,13
SAM2.1-Tiny,auto,train,data/cogar_sim_500_final/rgb/000144.png,1219,cable,dynamic_scene;partial_occlusion,0.09419135605819264,0.3295785453032734,0.8405520915985107,0.3827742172994476,2.6125061584743343,cuda,13
SAM2.1-Tiny,auto,train,data/cogar_sim_500_final/rgb/000144.png,1220,plastic_object,dynamic_scene;partial_occlusion,0.9893383505801192,1.0,0.9808790683746338,0.3827742172994476,2.6125061584743343,cuda,13
SAM2.1-Tiny,auto,train,data/cogar_sim_500_final/rgb/000144.png,1221,box,dynamic_scene;partial_occlusion,0.9889035667107001,1.0,0.9664478898048401,0.3827742172994476,2.6125061584743343,cuda,13
SAM2.1-Tiny,auto,train,data/cogar_sim_500_final/rgb/000144.png,1222,connector,dynamic_scene;partial_occlusion;small_parts,0.9186274509803921,1.0,0.9507784247398376,0.3827742172994476,2.6125061584743343,cuda,13
SAM2.1-Tiny,auto,train,data/cogar_sim_500_final/rgb/000144.png,1223,robot_gripper,dynamic_scene;partial_occlusion,0.8249258160237388,0.7792296254454533,0.9530450105667114,0.3827742172994476,2.6125061584743343,cuda,13
SAM2.1-Tiny,auto,train,data/cogar_sim_500_final/rgb/000144.png,1224,robot_gripper,dynamic_scene;partial_occlusion,0.9407894736842105,0.9940476190476191,0.8841609358787537,0.3827742172994476,2.6125061584743343,cuda,13
SAM2.1-Tiny,auto,train,data/cogar_sim_500_final/rgb/000144.png,1225,robot_gripper,dynamic_scene;partial_occlusion,0.07689914763889753,0.2676406589990674,0.9530450105667114,0.3827742172994476,2.6125061584743343,cuda,13
SAM2.1-Tiny,auto,train,data/cogar_sim_500_final/rgb/000145.png,1228,connector,reflective_metal;partial_occlusion;small_parts,0.9823638613861386,0.973724884080371,0.9774496555328369,0.6212093398341191,1.6097633050189313,cuda,13
SAM2.1-Tiny,auto,train,data/cogar_sim_500_final/rgb/000145.png,1229,tool,reflective_metal;partial_occlusion,0.8605090475243588,0.5821468926553672,0.9731290340423584,0.6212093398341191,1.6097633050189313,cuda,13
SAM2.1-Tiny,auto,train,data/cogar_sim_500_final/rgb/000145.png,1230,metal_part,reflective_metal;partial_occlusion,0.967032967032967,1.0,0.8832187652587891,0.6212093398341191,1.6097633050189313,cuda,13
SAM2.1-Tiny,auto,train,data/cogar_sim_500_final/rgb/000145.png,1231,robot_gripper,reflective_metal;partial_occlusion,0.9107478391582112,0.8450321878408236,0.8582883477210999,0.6212093398341191,1.6097633050189313,cuda,13
SAM2.1-Tiny,auto,train,data/cogar_sim_500_final/rgb/000145.png,1232,robot_gripper,reflective_metal;partial_occlusion,0.7709090909090909,0.7843137254901961,0.8948550820350647,0.6212093398341191,1.6097633050189313,cuda,13
SAM2.1-Tiny,auto,train,data/cogar_sim_500_final/rgb/000145.png,1233,robot_gripper,reflective_metal;partial_occlusion,0.5451860602480804,0.6842442161733777,0.9090814590454102,0.6212093398341191,1.6097633050189313,cuda,13
SAM2.1-Tiny,auto,train,data/cogar_sim_500_final/rgb/000146.png,1235,glass_object,transparent_glass,0.1790002450379809,0.38438972353098044,0.8361530900001526,0.4900153582502753,2.0407523624785044,cuda,13
SAM2.1-Tiny,auto,train,data/cogar_sim_500_final/rgb/000146.png,1236,glass_object,transparent_glass,0.1581993569131833,0.32385469031584935,0.9312081336975098,0.4900153582502753,2.0407523624785044,cuda,13
SAM2.1-Tiny,auto,train,data/cogar_sim_500_final/rgb/000146.png,1237,plastic_object,transparent_glass,0.30579710144927535,0.6099760533958323,0.9341163039207458,0.4900153582502753,2.0407523624785044,cuda,13
SAM2.1-Tiny,auto,train,data/cogar_sim_500_final/rgb/000146.png,1238,glass_object,transparent_glass,0.26618990862137465,0.4955406538139146,0.8242397904396057,0.4900153582502753,2.0407523624785044,cuda,13
SAM2.1-Tiny,auto,train,data/cogar_sim_500_final/rgb/000146.png,1239,cable,transparent_glass,0.9445100354191264,1.0,0.9367846846580505,0.4900153582502753,2.0407523624785044,cuda,13
SAM2.1-Tiny,auto,train,data/cogar_sim_500_final/rgb/000146.png,1240,glass_object,transparent_glass,0.12059103908484271,0.3374149659863946,0.9417712688446045,0.4900153582502753,2.0407523624785044,cuda,13
SAM2.1-Tiny,auto,train,data/cogar_sim_500_final/rgb/000146.png,1241,glass_object,transparent_glass,0.715645727662895,0.44310234662885456,0.9417712688446045,0.4900153582502753,2.0407523624785044,cuda,13
SAM2.1-Tiny,auto,train,data/cogar_sim_500_final/rgb/000146.png,1242,box,transparent_glass,0.9636933740407624,0.9124419446697993,0.8061416745185852,0.4900153582502753,2.0407523624785044,cuda,13
SAM2.1-Tiny,auto,train,data/cogar_sim_500_final/rgb/000147.png,1244,screw,partial_occlusion;small_parts,0.0,0.0,0.992234468460083,0.5369931705718045,1.862221076173415,cuda,9
SAM2.1-Tiny,auto,train,data/cogar_sim_500_final/rgb/000147.png,1245,cable,partial_occlusion,0.000285807610648375,0.06389675794774945,0.9831151366233826,0.5369931705718045,1.862221076173415,cuda,9
SAM2.1-Tiny,auto,train,data/cogar_sim_500_final/rgb/000147.png,1246,screw,partial_occlusion;small_parts,0.0,0.0,0.992234468460083,0.5369931705718045,1.862221076173415,cuda,9
SAM2.1-Tiny,auto,train,data/cogar_sim_500_final/rgb/000147.png,1247,box,partial_occlusion,0.9883571042454987,1.0,0.9831151366233826,0.5369931705718045,1.862221076173415,cuda,9
SAM2.1-Tiny,auto,train,data/cogar_sim_500_final/rgb/000147.png,1248,robot_gripper,partial_occlusion,0.43379946444510564,0.5430918023043834,0.9655799269676208,0.5369931705718045,1.862221076173415,cuda,9
SAM2.1-Tiny,auto,train,data/cogar_sim_500_final/rgb/000147.png,1249,robot_gripper,partial_occlusion,0.3024800708591674,0.42314826169599606,0.9655799269676208,0.5369931705718045,1.862221076173415,cuda,9
SAM2.1-Tiny,auto,train,data/cogar_sim_500_final/rgb/000147.png,1250,robot_gripper,partial_occlusion,0.2560793674474116,0.35867446393762187,0.9655799269676208,0.5369931705718045,1.862221076173415,cuda,9
SAM2.1-Tiny,auto,train,data/cogar_sim_500_final/rgb/000149.png,1255,screw,dynamic_scene;partial_occlusion;small_parts,0.0,0.0,0.9859578013420105,0.468117752750004,2.136214647116887,cuda,10
SAM2.1-Tiny,auto,train,data/cogar_sim_500_final/rgb/000149.png,1256,plastic_object,dynamic_scene;partial_occlusion,0.827651069833059,0.772234471570722,0.9429094195365906,0.468117752750004,2.136214647116887,cuda,10
SAM2.1-Tiny,auto,train,data/cogar_sim_500_final/rgb/000149.png,1257,connector,dynamic_scene;partial_occlusion;small_parts,0.8538283062645011,0.8933092224231465,0.8771432042121887,0.468117752750004,2.136214647116887,cuda,10
SAM2.1-Tiny,auto,train,data/cogar_sim_500_final/rgb/000149.png,1258,connector,dynamic_scene;partial_occlusion;small_parts,0.8378586065573771,0.8115021549091798,0.891040027141571,0.468117752750004,2.136214647116887,cuda,10
SAM2.1-Tiny,auto,train,data/cogar_sim_500_final/rgb/000149.png,1259,plastic_object,dynamic_scene;partial_occlusion,0.0,0.0,0.9859578013420105,0.468117752750004,2.136214647116887,cuda,10
SAM2.1-Tiny,auto,train,data/cogar_sim_500_final/rgb/000149.png,1260,plastic_object,dynamic_scene;partial_occlusion,0.9740676710298839,1.0,0.9551321864128113,0.468117752750004,2.136214647116887,cuda,10
SAM2.1-Tiny,auto,train,data/cogar_sim_500_final/rgb/000149.png,1261,robot_gripper,dynamic_scene;partial_occlusion,0.9009623315919714,0.8958729674047111,0.9016318917274475,0.468117752750004,2.136214647116887,cuda,10
SAM2.1-Tiny,auto,train,data/cogar_sim_500_final/rgb/000149.png,1262,robot_gripper,dynamic_scene;partial_occlusion,0.0734993649566514,0.2247566687204588,0.9016318917274475,0.468117752750004,2.136214647116887,cuda,10
SAM2.1-Tiny,auto,train,data/cogar_sim_500_final/rgb/000150.png,1265,metal_part,reflective_metal,0.900235294117647,0.8713692946058091,0.9095327854156494,0.6303758426668841,1.5863552063946083,cuda,6
SAM2.1-Tiny,auto,train,data/cogar_sim_500_final/rgb/000150.png,1266,metal_part,reflective_metal,0.912468391363548,0.8536959733757943,0.9030086398124695,0.6303758426668841,1.5863552063946083,cuda,6
SAM2.1-Tiny,auto,train,data/cogar_sim_500_final/rgb/000150.png,1267,tool,reflective_metal,0.0,0.0,0.9855111837387085,0.6303758426668841,1.5863552063946083,cuda,6
SAM2.1-Tiny,auto,train,data/cogar_sim_500_final/rgb/000150.png,1268,tool,reflective_metal,0.008091071596575407,0.1917018938531447,0.9095327854156494,0.6303758426668841,1.5863552063946083,cuda,6
SAM2.1-Tiny,auto,train,data/cogar_sim_500_final/rgb/000150.png,1269,connector,reflective_metal;small_parts,0.945859872611465,1.0,0.9622801542282104,0.6303758426668841,1.5863552063946083,cuda,6
SAM2.1-Tiny,auto,train,data/cogar_sim_500_final/rgb/000150.png,1270,tool,reflective_metal,4.132760808202704e-06,0.08620097560091991,0.9690999984741211,0.6303758426668841,1.5863552063946083,cuda,6
SAM2.1-Tiny,auto,train,data/cogar_sim_500_final/rgb/000152.png,1275,connector,partial_occlusion;small_parts,0.9223619464188081,0.8878048780487805,0.9464353919029236,0.5655146282848104,1.768300853742672,cuda,16
SAM2.1-Tiny,auto,train,data/cogar_sim_500_final/rgb/000152.png,1276,box,partial_occlusion,0.8701360544217687,0.62426614481409,0.9203392863273621,0.5655146282848104,1.768300853742672,cuda,16
SAM2.1-Tiny,auto,train,data/cogar_sim_500_final/rgb/000152.png,1277,box,partial_occlusion,0.3445578970236802,0.6472491909385113,0.955426037311554,0.5655146282848104,1.768300853742672,cuda,16
SAM2.1-Tiny,auto,train,data/cogar_sim_500_final/rgb/000152.png,1278,connector,partial_occlusion;small_parts,0.9860793287566743,1.0,0.9751570224761963,0.5655146282848104,1.768300853742672,cuda,16
SAM2.1-Tiny,auto,train,data/cogar_sim_500_final/rgb/000152.png,1279,robot_gripper,partial_occlusion,0.5332170483846503,0.5007129949830555,0.9607126712799072,0.5655146282848104,1.768300853742672,cuda,16
SAM2.1-Tiny,auto,train,data/cogar_sim_500_final/rgb/000152.png,1280,robot_gripper,partial_occlusion,0.3471175081867337,0.33008307656304847,0.9607126712799072,0.5655146282848104,1.768300853742672,cuda,16
SAM2.1-Tiny,auto,train,data/cogar_sim_500_final/rgb/000152.png,1281,robot_gripper,partial_occlusion,0.630407911001236,0.7682403433476395,0.9432535767555237,0.5655146282848104,1.768300853742672,cuda,16
SAM2.1-Tiny,auto,train,data/cogar_sim_500_final/rgb/000154.png,1285,box,dynamic_scene;partial_occlusion,0.9910999860937283,1.0,0.9834938049316406,0.5486837234285693,1.8225435844010152,cuda,11
SAM2.1-Tiny,auto,train,data/cogar_sim_500_final/rgb/000154.png,1286,plastic_object,dynamic_scene;partial_occlusion,0.9831884057971014,1.0,0.9852185845375061,0.5486837234285693,1.8225435844010152,cuda,11
SAM2.1-Tiny,auto,train,data/cogar_sim_500_final/rgb/000154.png,1287,connector,dynamic_scene;partial_occlusion;small_parts,0.9836753731343284,1.0,0.9733292460441589,0.5486837234285693,1.8225435844010152,cuda,11
SAM2.1-Tiny,auto,train,data/cogar_sim_500_final/rgb/000154.png,1288,glass_object,dynamic_scene;transparent_glass;partial_occlusion,0.9883308842596594,0.9695251594613751,0.9689140915870667,0.5486837234285693,1.8225435844010152,cuda,11
SAM2.1-Tiny,auto,train,data/cogar_sim_500_final/rgb/000154.png,1289,robot_gripper,dynamic_scene;partial_occlusion,0.7365242022827626,0.630700242526595,0.9222421050071716,0.5486837234285693,1.8225435844010152,cuda,11
SAM2.1-Tiny,auto,train,data/cogar_sim_500_final/rgb/000154.png,1290,robot_gripper,dynamic_scene;partial_occlusion,0.7676861291319123,0.8106194690265487,0.9565009474754333,0.5486837234285693,1.8225435844010152,cuda,11
SAM2.1-Tiny,auto,train,data/cogar_sim_500_final/rgb/000154.png,1291,robot_gripper,dynamic_scene;partial_occlusion,0.8104838709677419,0.8197879858657243,0.9654759168624878,0.5486837234285693,1.8225435844010152,cuda,11
SAM2.1-Tiny,auto,train,data/cogar_sim_500_final/rgb/000155.png,1293,box,reflective_metal;partial_occlusion,0.9940674823878384,1.0,0.9541114568710327,0.5369643172858299,1.8623211409179967,cuda,7
SAM2.1-Tiny,auto,train,data/cogar_sim_500_final/rgb/000155.png,1294,screw,reflective_metal;partial_occlusion;small_parts,0.0,0.0,0.9856987595558167,0.5369643172858299,1.8623211409179967,cuda,7
SAM2.1-Tiny,auto,train,data/cogar_sim_500_final/rgb/000155.png,1295,tool,reflective_metal;partial_occlusion,3.413901406527379e-05,0.01303780964797914,0.8484233021736145,0.5369643172858299,1.8623211409179967,cuda,7
SAM2.1-Tiny,auto,train,data/cogar_sim_500_final/rgb/000155.png,1296,metal_part,reflective_metal;partial_occlusion,0.015587320448747072,0.26586577877424,0.8484233021736145,0.5369643172858299,1.8623211409179967,cuda,7
SAM2.1-Tiny,auto,train,data/cogar_sim_500_final/rgb/000155.png,1297,robot_gripper,reflective_metal;partial_occlusion,0.678644172014911,0.5712501950991103,0.8484233021736145,0.5369643172858299,1.8623211409179967,cuda,7
SAM2.1-Tiny,auto,train,data/cogar_sim_500_final/rgb/000155.png,1298,robot_gripper,reflective_metal;partial_occlusion,0.2370860927152318,0.35351882160392795,0.9381878972053528,0.5369643172858299,1.8623211409179967,cuda,7
SAM2.1-Tiny,auto,train,data/cogar_sim_500_final/rgb/000155.png,1299,robot_gripper,reflective_metal;partial_occlusion,0.10839700547966351,0.27259773248249797,0.8484233021736145,0.5369643172858299,1.8623211409179967,cuda,7
SAM2.1-Tiny,auto,train,data/cogar_sim_500_final/rgb/000157.png,1303,plastic_object,partial_occlusion,0.983902352733062,1.0,0.9551479816436768,0.345089477333507,2.897799167123151,cuda,15
SAM2.1-Tiny,auto,train,data/cogar_sim_500_final/rgb/000157.png,1304,cable,partial_occlusion,0.3159932252601016,0.2724329249442736,0.9036139845848083,0.345089477333507,2.897799167123151,cuda,15
SAM2.1-Tiny,auto,train,data/cogar_sim_500_final/rgb/000157.png,1305,plastic_object,partial_occlusion,0.838012958963283,0.6897494493962345,0.8937920331954956,0.345089477333507,2.897799167123151,cuda,15
SAM2.1-Tiny,auto,train,data/cogar_sim_500_final/rgb/000157.png,1306,plastic_object,partial_occlusion,0.9273885350318471,1.0,0.8467081189155579,0.345089477333507,2.897799167123151,cuda,15
SAM2.1-Tiny,auto,train,data/cogar_sim_500_final/rgb/000157.png,1307,plastic_object,partial_occlusion,0.8976426799007444,0.7619926899290493,0.9168028831481934,0.345089477333507,2.897799167123151,cuda,15
SAM2.1-Tiny,auto,train,data/cogar_sim_500_final/rgb/000157.png,1308,plastic_object,partial_occlusion,0.962291515591008,1.0,0.9279928207397461,0.345089477333507,2.897799167123151,cuda,15
SAM2.1-Tiny,auto,train,data/cogar_sim_500_final/rgb/000157.png,1309,metal_part,partial_occlusion;reflective_metal,0.9704163623082542,0.9749301625958026,0.9664931893348694,0.345089477333507,2.897799167123151,cuda,15
SAM2.1-Tiny,auto,train,data/cogar_sim_500_final/rgb/000157.png,1310,box,partial_occlusion,0.9758971612212105,0.9962444543563307,0.9572160840034485,0.345089477333507,2.897799167123151,cuda,15
SAM2.1-Tiny,auto,train,data/cogar_sim_500_final/rgb/000157.png,1311,plastic_object,partial_occlusion,0.8532265661799341,0.6920125333020559,0.9679633975028992,0.345089477333507,2.897799167123151,cuda,15
SAM2.1-Tiny,auto,train,data/cogar_sim_500_final/rgb/000157.png,1312,robot_gripper,partial_occlusion,0.9766253672244221,0.982817535906718,0.960048258304596,0.345089477333507,2.897799167123151,cuda,15
SAM2.1-Tiny,auto,train,data/cogar_sim_500_final/rgb/000157.png,1313,robot_gripper,partial_occlusion,0.004329004329004329,0.3160502890703864,0.8467081189155579,0.345089477333507,2.897799167123151,cuda,15
SAM2.1-Tiny,auto,train,data/cogar_sim_500_final/rgb/000157.png,1314,robot_gripper,partial_occlusion,0.9427655677655677,1.0,0.9460572004318237,0.345089477333507,2.897799167123151,cuda,15
SAM2.1-Tiny,auto,train,data/cogar_sim_500_final/rgb/000158.png,1317,cable,small_parts,0.7647893989588264,0.8368362831858407,0.9426717758178711,0.26192312313311655,3.8179141575513835,cuda,10
SAM2.1-Tiny,auto,train,data/cogar_sim_500_final/rgb/000158.png,1318,cable,small_parts,0.9730639730639731,0.9935851746258019,0.9525635242462158,0.26192312313311655,3.8179141575513835,cuda,10
SAM2.1-Tiny,auto,train,data/cogar_sim_500_final/rgb/000158.png,1319,screw,small_parts,0.7311827956989247,1.0,0.8497210144996643,0.26192312313311655,3.8179141575513835,cuda,10
SAM2.1-Tiny,auto,train,data/cogar_sim_500_final/rgb/000158.png,1320,metal_part,small_parts;reflective_metal,0.013726487036095577,0.44239183276616434,0.9560310244560242,0.26192312313311655,3.8179141575513835,cuda,10
SAM2.1-Tiny,auto,train,data/cogar_sim_500_final/rgb/000158.png,1321,tool,small_parts;reflective_metal,0.0034750951514148603,0.20994583948793696,0.9589061737060547,0.26192312313311655,3.8179141575513835,cuda,10
SAM2.1-Tiny,auto,train,data/cogar_sim_500_final/rgb/000158.png,1322,screw,small_parts,0.011230907457322551,0.14149821640903687,0.9426717758178711,0.26192312313311655,3.8179141575513835,cuda,10
SAM2.1-Tiny,auto,train,data/cogar_sim_500_final/rgb/000158.png,1323,box,small_parts,0.9623350022758307,0.9502822678734701,0.9560310244560242,0.26192312313311655,3.8179141575513835,cuda,10
SAM2.1-Tiny,auto,train,data/cogar_sim_500_final/rgb/000158.png,1324,screw,small_parts,0.00407147704139335,0.1298710601719198,0.9560310244560242,0.26192312313311655,3.8179141575513835,cuda,10
SAM2.1-Tiny,auto,train,data/cogar_sim_500_final/rgb/000158.png,1325,connector,small_parts,0.9635302698760029,1.0,0.9638350009918213,0.26192312313311655,3.8179141575513835,cuda,10
SAM2.1-Tiny,auto,train,data/cogar_sim_500_final/rgb/000158.png,1326,connector,small_parts,0.0003943217665615142,0.0677396985291434,0.9525635242462158,0.26192312313311655,3.8179141575513835,cuda,10
SAM2.1-Tiny,auto,train,data/cogar_sim_500_final/rgb/000158.png,1327,connector,small_parts,0.0,0.0,0.990465521812439,0.26192312313311655,3.8179141575513835,cuda,10
SAM2.1-Tiny,auto,train,data/cogar_sim_500_final/rgb/000158.png,1328,screw,small_parts,0.0,0.0,0.990465521812439,0.26192312313311655,3.8179141575513835,cuda,10
SAM2.1-Tiny,auto,train,data/cogar_sim_500_final/rgb/000158.png,1329,connector,small_parts,0.9672489082969432,1.0,0.9589061737060547,0.26192312313311655,3.8179141575513835,cuda,10
SAM2.1-Tiny,auto,train,data/cogar_sim_500_final/rgb/000158.png,1330,screw,small_parts,0.0,0.0,0.990465521812439,0.26192312313311655,3.8179141575513835,cuda,10
SAM2.1-Tiny,auto,train,data/cogar_sim_500_final/rgb/000158.png,1331,cable,small_parts,0.9122881355932203,0.9993328885923949,0.9315606951713562,0.26192312313311655,3.8179141575513835,cuda,10
SAM2.1-Tiny,auto,train,data/cogar_sim_500_final/rgb/000159.png,1333,connector,dynamic_scene;small_parts,0.9696969696969697,1.0,0.9487429857254028,0.6483580991662166,1.54235753557485,cuda,12
SAM2.1-Tiny,auto,train,data/cogar_sim_500_final/rgb/000159.png,1334,glass_object,dynamic_scene;transparent_glass,0.9514934289127838,0.8365638923543042,0.9164560437202454,0.6483580991662166,1.54235753557485,cuda,12
SAM2.1-Tiny,auto,train,data/cogar_sim_500_final/rgb/000159.png,1335,plastic_object,dynamic_scene,0.3108179419525066,0.5648287319041215,0.8813552260398865,0.6483580991662166,1.54235753557485,cuda,12
SAM2.1-Tiny,auto,train,data/cogar_sim_500_final/rgb/000159.png,1336,plastic_object,dynamic_scene,0.9878934624697336,1.0,0.9612645506858826,0.6483580991662166,1.54235753557485,cuda,12
SAM2.1-Tiny,auto,train,data/cogar_sim_500_final/rgb/000159.png,1337,plastic_object,dynamic_scene,0.9892857142857143,1.0,0.9791785478591919,0.6483580991662166,1.54235753557485,cuda,12
SAM2.1-Tiny,auto,train,data/cogar_sim_500_final/rgb/000159.png,1338,plastic_object,dynamic_scene,0.9865448083269865,1.0,0.9716135263442993,0.6483580991662166,1.54235753557485,cuda,12
SAM2.1-Tiny,auto,train,data/cogar_sim_500_final/rgb/000160.png,1341,metal_part,reflective_metal;partial_occlusion,0.9702179920171937,0.9970559371933267,0.8977075219154358,0.4219661266664237,2.3698584715794704,cuda,12
SAM2.1-Tiny,auto,train,data/cogar_sim_500_final/rgb/000160.png,1342,metal_part,reflective_metal;partial_occlusion,0.979702300405954,0.9627329192546584,0.9858123064041138,0.4219661266664237,2.3698584715794704,cuda,12
SAM2.1-Tiny,auto,train,data/cogar_sim_500_final/rgb/000160.png,1343,tool,reflective_metal;partial_occlusion,0.8302419354838709,0.7682081186832445,0.8877228498458862,0.4219661266664237,2.3698584715794704,cuda,12
SAM2.1-Tiny,auto,train,data/cogar_sim_500_final/rgb/000160.png,1344,metal_part,reflective_metal;partial_occlusion,0.002544529262086514,0.14116404417589587,0.8300745487213135,0.4219661266664237,2.3698584715794704,cuda,12
SAM2.1-Tiny,auto,train,data/cogar_sim_500_final/rgb/000160.png,1345,metal_part,reflective_metal;partial_occlusion,0.9621903520208605,1.0,0.9530425667762756,0.4219661266664237,2.3698584715794704,cuda,12
SAM2.1-Tiny,auto,train,data/cogar_sim_500_final/rgb/000160.png,1346,metal_part,reflective_metal;partial_occlusion,0.5174855181291569,0.5536233349341556,0.9179247617721558,0.4219661266664237,2.3698584715794704,cuda,12
SAM2.1-Tiny,auto,train,data/cogar_sim_500_final/rgb/000160.png,1347,robot_gripper,reflective_metal;partial_occlusion,0.6295626263701182,0.6472282283034902,0.8300745487213135,0.4219661266664237,2.3698584715794704,cuda,12
SAM2.1-Tiny,auto,train,data/cogar_sim_500_final/rgb/000160.png,1348,robot_gripper,reflective_metal;partial_occlusion,0.07405422784267496,0.14130529622197016,0.8300745487213135,0.4219661266664237,2.3698584715794704,cuda,12
SAM2.1-Tiny,auto,train,data/cogar_sim_500_final/rgb/000160.png,1349,robot_gripper,reflective_metal;partial_occlusion,0.2821506289475081,0.39427712913773977,0.8300745487213135,0.4219661266664237,2.3698584715794704,cuda,12
SAM2.1-Tiny,auto,train,data/cogar_sim_500_final/rgb/000161.png,1351,plastic_object,transparent_glass,0.9762171236709569,1.0,0.9260208606719971,0.6558928268326175,1.5246393299178402,cuda,10
SAM2.1-Tiny,auto,train,data/cogar_sim_500_final/rgb/000161.png,1352,box,transparent_glass,0.9192513772545469,0.8809033404778085,0.9782782793045044,0.6558928268326175,1.5246393299178402,cuda,10
SAM2.1-Tiny,auto,train,data/cogar_sim_500_final/rgb/000161.png,1353,cable,transparent_glass,0.4436250409701737,0.5125227368126487,0.9697270393371582,0.6558928268326175,1.5246393299178402,cuda,10
SAM2.1-Tiny,auto,train,data/cogar_sim_500_final/rgb/000161.png,1354,glass_object,transparent_glass,0.9143672692673644,0.763016344076636,0.8826321363449097,0.6558928268326175,1.5246393299178402,cuda,10
SAM2.1-Tiny,auto,train,data/cogar_sim_500_final/rgb/000161.png,1355,glass_object,transparent_glass,0.002974312753492564,0.19070904645476772,0.8826321363449097,0.6558928268326175,1.5246393299178402,cuda,10
SAM2.1-Tiny,auto,train,data/cogar_sim_500_final/rgb/000161.png,1356,box,transparent_glass,0.07079847908745247,0.20548101627176707,0.9782782793045044,0.6558928268326175,1.5246393299178402,cuda,10
SAM2.1-Tiny,auto,train,data/cogar_sim_500_final/rgb/000162.png,1359,box,partial_occlusion,0.971695573587663,0.9314546809012654,0.9769535660743713,0.35228640627280006,2.8385994525875344,cuda,14
SAM2.1-Tiny,auto,train,data/cogar_sim_500_final/rgb/000162.png,1360,glass_object,partial_occlusion;transparent_glass,0.01032267646949612,0.2764968744197562,0.9769535660743713,0.35228640627280006,2.8385994525875344,cuda,14
SAM2.1-Tiny,auto,train,data/cogar_sim_500_final/rgb/000162.png,1361,box,partial_occlusion,0.9876894957531448,1.0,0.9792917370796204,0.35228640627280006,2.8385994525875344,cuda,14
SAM2.1-Tiny,auto,train,data/cogar_sim_500_final/rgb/000162.png,1362,tool,partial_occlusion;reflective_metal,0.9759432767789313,1.0,0.9827228784561157,0.35228640627280006,2.8385994525875344,cuda,14
SAM2.1-Tiny,auto,train,data/cogar_sim_500_final/rgb/000162.png,1363,screw,partial_occlusion;small_parts,0.0,0.0,0.9924903512001038,0.35228640627280006,2.8385994525875344,cuda,14
SAM2.1-Tiny,auto,train,data/cogar_sim_500_final/rgb/000162.png,1364,cable,partial_occlusion,0.6631330977620731,0.7485674480798378,0.9498490691184998,0.35228640627280006,2.8385994525875344,cuda,14
SAM2.1-Tiny,auto,train,data/cogar_sim_500_final/rgb/000162.png,1365,box,partial_occlusion,0.9862121307950161,0.9788824883704084,0.9862781167030334,0.35228640627280006,2.8385994525875344,cuda,14
SAM2.1-Tiny,auto,train,data/cogar_sim_500_final/rgb/000162.png,1366,glass_object,partial_occlusion;transparent_glass,0.6665668961388805,0.602928608056521,0.9051491022109985,0.35228640627280006,2.8385994525875344,cuda,14
SAM2.1-Tiny,auto,train,data/cogar_sim_500_final/rgb/000162.png,1367,robot_gripper,partial_occlusion,0.8536309158684471,0.7945273311242779,0.9800414443016052,0.35228640627280006,2.8385994525875344,cuda,14
SAM2.1-Tiny,auto,train,data/cogar_sim_500_final/rgb/000162.png,1368,robot_gripper,partial_occlusion,0.03123358326567649,0.21017413796915185,0.9800414443016052,0.35228640627280006,2.8385994525875344,cuda,14
SAM2.1-Tiny,auto,train,data/cogar_sim_500_final/rgb/000162.png,1369,robot_gripper,partial_occlusion,0.9126534466477809,0.9007464307351142,0.9087142944335938,0.35228640627280006,2.8385994525875344,cuda,14
SAM2.1-Tiny,auto,train,data/cogar_sim_500_final/rgb/000163.png,1372,connector,small_parts,0.9746835443037974,1.0,0.9491284489631653,0.29774879646160674,3.358535825782742,cuda,12
SAM2.1-Tiny,auto,train,data/cogar_sim_500_final/rgb/000163.png,1373,screw,small_parts,0.9569377990430622,1.0,0.9362317323684692,0.29774879646160674,3.358535825782742,cuda,12
SAM2.1-Tiny,auto,train,data/cogar_sim_500_final/rgb/000163.png,1374,metal_part,small_parts;reflective_metal,0.9776707530647986,1.0,0.9802220463752747,0.29774879646160674,3.358535825782742,cuda,12
SAM2.1-Tiny,auto,train,data/cogar_sim_500_final/rgb/000163.png,1375,connector,small_parts,0.40266222961730447,0.5944798301486199,0.973953366279602,0.29774879646160674,3.358535825782742,cuda,12
SAM2.1-Tiny,auto,train,data/cogar_sim_500_final/rgb/000163.png,1376,box,small_parts,0.9824648799442064,1.0,0.9564151167869568,0.29774879646160674,3.358535825782742,cuda,12
SAM2.1-Tiny,auto,train,data/cogar_sim_500_final/rgb/000163.png,1377,cable,small_parts,0.0016769144773616546,0.09093597515895312,0.9417917728424072,0.29774879646160674,3.358535825782742,cuda,12
SAM2.1-Tiny,auto,train,data/cogar_sim_500_final/rgb/000163.png,1378,connector,small_parts,0.9637760702524698,1.0,0.9764135479927063,0.29774879646160674,3.358535825782742,cuda,12
SAM2.1-Tiny,auto,train,data/cogar_sim_500_final/rgb/000163.png,1379,screw,small_parts,0.0,0.0,0.9869042038917542,0.29774879646160674,3.358535825782742,cuda,12
SAM2.1-Tiny,auto,train,data/cogar_sim_500_final/rgb/000163.png,1380,screw,small_parts,0.9413265306122449,1.0,0.9417917728424072,0.29774879646160674,3.358535825782742,cuda,12
SAM2.1-Tiny,auto,train,data/cogar_sim_500_final/rgb/000163.png,1381,connector,small_parts,0.5770895770895771,0.6453537710830594,0.973953366279602,0.29774879646160674,3.358535825782742,cuda,12
SAM2.1-Tiny,auto,train,data/cogar_sim_500_final/rgb/000163.png,1382,metal_part,small_parts;reflective_metal,0.9793082149474984,1.0,0.9765733480453491,0.29774879646160674,3.358535825782742,cuda,12
SAM2.1-Tiny,auto,train,data/cogar_sim_500_final/rgb/000163.png,1383,plastic_object,small_parts,0.004391582799634035,0.24588328010286617,0.9564151167869568,0.29774879646160674,3.358535825782742,cuda,12
SAM2.1-Tiny,auto,train,data/cogar_sim_500_final/rgb/000163.png,1385,connector,small_parts,8.405056481979558e-06,0.025365098255701414,0.9832354784011841,0.29774879646160674,3.358535825782742,cuda,12
SAM2.1-Tiny,auto,train,data/cogar_sim_500_final/rgb/000165.png,1389,plastic_object,reflective_metal,0.9819338422391858,1.0,0.9809327125549316,0.4299047046661144,2.326096898094312,cuda,25
SAM2.1-Tiny,auto,train,data/cogar_sim_500_final/rgb/000165.png,1390,box,reflective_metal,0.989324358556798,0.9974619289340101,0.976807177066803,0.4299047046661144,2.326096898094312,cuda,25
SAM2.1-Tiny,auto,train,data/cogar_sim_500_final/rgb/000165.png,1391,metal_part,reflective_metal,0.9675052410901468,1.0,0.9611762166023254,0.4299047046661144,2.326096898094312,cuda,25
SAM2.1-Tiny,auto,train,data/cogar_sim_500_final/rgb/000165.png,1392,metal_part,reflective_metal,0.9919014486141211,1.0,0.990744948387146,0.4299047046661144,2.326096898094312,cuda,25
SAM2.1-Tiny,auto,train,data/cogar_sim_500_final/rgb/000165.png,1393,metal_part,reflective_metal,0.9750433275563258,0.9981515711645101,0.8963598608970642,0.4299047046661144,2.326096898094312,cuda,25
SAM2.1-Tiny,auto,train,data/cogar_sim_500_final/rgb/000165.png,1394,tool,reflective_metal,0.9613934279044711,0.9917743830787309,0.9767121076583862,0.4299047046661144,2.326096898094312,cuda,25
SAM2.1-Tiny,auto,train,data/cogar_sim_500_final/rgb/000165.png,1395,metal_part,reflective_metal,0.9876325088339223,1.0,0.9885106086730957,0.4299047046661144,2.326096898094312,cuda,25
SAM2.1-Tiny,auto,train,data/cogar_sim_500_final/rgb/000165.png,1396,box,reflective_metal,0.9929978830809314,1.0,0.919274091720581,0.4299047046661144,2.326096898094312,cuda,25
SAM2.1-Tiny,auto,train,data/cogar_sim_500_final/rgb/000165.png,1397,metal_part,reflective_metal,0.9750312109862672,1.0,0.9786531925201416,0.4299047046661144,2.326096898094312,cuda,25
SAM2.1-Tiny,auto,train,data/cogar_sim_500_final/rgb/000166.png,1400,connector,transparent_glass;partial_occlusion;small_parts,0.9410515135422198,0.997690531177829,0.9618580341339111,0.6136368879997462,1.6296282370827966,cuda,8
SAM2.1-Tiny,auto,train,data/cogar_sim_500_final/rgb/000166.png,1401,glass_object,transparent_glass;partial_occlusion,0.9722222222222222,1.0,0.941826581954956,0.6136368879997462,1.6296282370827966,cuda,8
SAM2.1-Tiny,auto,train,data/cogar_sim_500_final/rgb/000166.png,1402,glass_object,transparent_glass;partial_occlusion,0.0,0.0,0.9912228584289551,0.6136368879997462,1.6296282370827966,cuda,8
SAM2.1-Tiny,auto,train,data/cogar_sim_500_final/rgb/000166.png,1403,robot_gripper,transparent_glass;partial_occlusion,0.5534604904632152,0.5056947608200456,0.885116457939148,0.6136368879997462,1.6296282370827966,cuda,8
SAM2.1-Tiny,auto,train,data/cogar_sim_500_final/rgb/000166.png,1404,robot_gripper,transparent_glass;partial_occlusion,0.20015312260745927,0.39257453073242543,0.885116457939148,0.6136368879997462,1.6296282370827966,cuda,8
SAM2.1-Tiny,auto,train,data/cogar_sim_500_final/rgb/000166.png,1405,robot_gripper,transparent_glass;partial_occlusion,0.23534567765969103,0.2560752547687484,0.885116457939148,0.6136368879997462,1.6296282370827966,cuda,8
SAM2.1-Tiny,auto,train,data/cogar_sim_500_final/rgb/000167.png,1408,connector,partial_occlusion;small_parts,0.9330882352941177,1.0,0.9739677309989929,0.41727909722249024,2.39647757737265,cuda,12
SAM2.1-Tiny,auto,train,data/cogar_sim_500_final/rgb/000167.png,1409,tool,partial_occlusion;reflective_metal,0.6089860907759883,0.6266442630820931,0.9617663621902466,0.41727909722249024,2.39647757737265,cuda,12
SAM2.1-Tiny,auto,train,data/cogar_sim_500_final/rgb/000167.png,1410,glass_object,partial_occlusion;transparent_glass,0.993351320100212,1.0,0.944335401058197,0.41727909722249024,2.39647757737265,cuda,12
SAM2.1-Tiny,auto,train,data/cogar_sim_500_final/rgb/000167.png,1411,tool,partial_occlusion;reflective_metal,0.3659503827354053,0.461115896652929,0.9617663621902466,0.41727909722249024,2.39647757737265,cuda,12
SAM2.1-Tiny,auto,train,data/cogar_sim_500_final/rgb/000167.png,1412,plastic_object,partial_occlusion,0.9418742586002372,0.9954954954954954,0.9339147210121155,0.41727909722249024,2.39647757737265,cuda,12
SAM2.1-Tiny,auto,train,data/cogar_sim_500_final/rgb/000167.png,1413,metal_part,partial_occlusion;reflective_metal,0.9845053635280095,1.0,0.9681651592254639,0.41727909722249024,2.39647757737265,cuda,12
SAM2.1-Tiny,auto,train,data/cogar_sim_500_final/rgb/000167.png,1414,robot_gripper,partial_occlusion,0.76527950310559,0.7437097760040269,0.9712128043174744,0.41727909722249024,2.39647757737265,cuda,12
SAM2.1-Tiny,auto,train,data/cogar_sim_500_final/rgb/000167.png,1415,robot_gripper,partial_occlusion,0.956242707117853,1.0,0.8927944302558899,0.41727909722249024,2.39647757737265,cuda,12
SAM2.1-Tiny,auto,train,data/cogar_sim_500_final/rgb/000167.png,1416,robot_gripper,partial_occlusion,0.9802078179119248,1.0,0.8844582438468933,0.41727909722249024,2.39647757737265,cuda,12
SAM2.1-Tiny,auto,train,data/cogar_sim_500_final/rgb/000168.png,1419,plastic_object,small_parts;partial_occlusion,0.9789272030651341,1.0,0.9796080589294434,0.34716545454549225,2.8804709308107754,cuda,14
SAM2.1-Tiny,auto,train,data/cogar_sim_500_final/rgb/000168.png,1420,connector,small_parts;partial_occlusion,0.9193313953488372,1.0,0.9705249071121216,0.34716545454549225,2.8804709308107754,cuda,14
SAM2.1-Tiny,auto,train,data/cogar_sim_500_final/rgb/000168.png,1421,connector,small_parts;partial_occlusion,0.0,0.010120725800621703,0.9923742413520813,0.34716545454549225,2.8804709308107754,cuda,14
SAM2.1-Tiny,auto,train,data/cogar_sim_500_final/rgb/000168.png,1423,screw,small_parts;partial_occlusion,0.0,0.03114427399545813,0.9923742413520813,0.34716545454549225,2.8804709308107754,cuda,14
SAM2.1-Tiny,auto,train,data/cogar_sim_500_final/rgb/000168.png,1424,connector,small_parts;partial_occlusion,0.9629890729643991,1.0,0.984447717666626,0.34716545454549225,2.8804709308107754,cuda,14
SAM2.1-Tiny,auto,train,data/cogar_sim_500_final/rgb/000168.png,1425,metal_part,small_parts;reflective_metal;partial_occlusion,0.9793362554790231,1.0,0.9388222694396973,0.34716545454549225,2.8804709308107754,cuda,14
SAM2.1-Tiny,auto,train,data/cogar_sim_500_final/rgb/000168.png,1426,connector,small_parts;partial_occlusion,0.9356768885564697,0.9837837837837838,0.9229365587234497,0.34716545454549225,2.8804709308107754,cuda,14
SAM2.1-Tiny,auto,train,data/cogar_sim_500_final/rgb/000168.png,1427,connector,small_parts;partial_occlusion,0.9359205776173285,1.0,0.937382698059082,0.34716545454549225,2.8804709308107754,cuda,14
SAM2.1-Tiny,auto,train,data/cogar_sim_500_final/rgb/000168.png,1428,robot_gripper,small_parts;partial_occlusion,0.597911227154047,0.5114296883511384,0.954205334186554,0.34716545454549225,2.8804709308107754,cuda,14
SAM2.1-Tiny,auto,train,data/cogar_sim_500_final/rgb/000168.png,1429,robot_gripper,small_parts;partial_occlusion,0.93732667775929,1.0,0.8473068475723267,0.34716545454549225,2.8804709308107754,cuda,14
SAM2.1-Tiny,auto,train,data/cogar_sim_500_final/rgb/000168.png,1430,robot_gripper,small_parts;partial_occlusion,0.26850870552611655,0.6160483175150991,0.954205334186554,0.34716545454549225,2.8804709308107754,cuda,14
SAM2.1-Tiny,auto,train,data/cogar_sim_500_final/rgb/000169.png,1432,plastic_object,dynamic_scene,0.9869519832985386,1.0,0.9823978543281555,0.6208442986668766,1.6107098062223892,cuda,11
SAM2.1-Tiny,auto,train,data/cogar_sim_500_final/rgb/000169.png,1433,metal_part,dynamic_scene;reflective_metal,0.9888789036171647,0.9963724304715841,0.9666875600814819,0.6208442986668766,1.6107098062223892,cuda,11
SAM2.1-Tiny,auto,train,data/cogar_sim_500_final/rgb/000169.png,1434,glass_object,dynamic_scene;transparent_glass,0.9820448539873975,0.9255555555555556,0.9664046764373779,0.6208442986668766,1.6107098062223892,cuda,11
SAM2.1-Tiny,auto,train,data/cogar_sim_500_final/rgb/000169.png,1435,plastic_object,dynamic_scene,0.9731958762886598,1.0,0.9732494354248047,0.6208442986668766,1.6107098062223892,cuda,11
SAM2.1-Tiny,auto,train,data/cogar_sim_500_final/rgb/000169.png,1436,connector,dynamic_scene;small_parts,0.15787671232876713,0.41180031922505367,0.9327715039253235,0.6208442986668766,1.6107098062223892,cuda,11
SAM2.1-Tiny,auto,train,data/cogar_sim_500_final/rgb/000169.png,1437,metal_part,dynamic_scene;reflective_metal,0.9845977596741344,1.0,0.9593702554702759,0.6208442986668766,1.6107098062223892,cuda,11
SAM2.1-Tiny,auto,train,data/cogar_sim_500_final/rgb/000170.png,1439,plastic_object,reflective_metal;partial_occlusion,0.981168209383977,1.0,0.9739120006561279,0.6594123979994038,1.5165016657768455,cuda,9
SAM2.1-Tiny,auto,train,data/cogar_sim_500_final/rgb/000170.png,1440,box,reflective_metal;partial_occlusion,0.9801829268292683,1.0,0.971767246723175,0.6594123979994038,1.5165016657768455,cuda,9
SAM2.1-Tiny,auto,train,data/cogar_sim_500_final/rgb/000170.png,1441,tool,reflective_metal;partial_occlusion,0.9162272993555947,0.8856411635466916,0.8969631791114807,0.6594123979994038,1.5165016657768455,cuda,9
SAM2.1-Tiny,auto,train,data/cogar_sim_500_final/rgb/000170.png,1442,robot_gripper,reflective_metal;partial_occlusion,0.6308934618390206,0.6564684254364802,0.9449918866157532,0.6594123979994038,1.5165016657768455,cuda,9
SAM2.1-Tiny,auto,train,data/cogar_sim_500_final/rgb/000170.png,1443,robot_gripper,reflective_metal;partial_occlusion,0.9288240495137047,0.9954751131221719,0.8694444894790649,0.6594123979994038,1.5165016657768455,cuda,9
SAM2.1-Tiny,auto,train,data/cogar_sim_500_final/rgb/000170.png,1444,robot_gripper,reflective_metal;partial_occlusion,0.21977011494252874,0.32913669064748197,0.9449918866157532,0.6594123979994038,1.5165016657768455,cuda,9
SAM2.1-Tiny,auto,train,data/cogar_sim_500_final/rgb/000171.png,1446,box,transparent_glass;partial_occlusion,0.7144205558468799,0.7054190066370067,0.8943712115287781,0.810468117200071,1.2338548288052416,cuda,6
SAM2.1-Tiny,auto,train,data/cogar_sim_500_final/rgb/000171.png,1447,glass_object,transparent_glass;partial_occlusion,0.7947967479674797,0.7832703898277669,0.8790998458862305,0.810468117200071,1.2338548288052416,cuda,6
SAM2.1-Tiny,auto,train,data/cogar_sim_500_final/rgb/000171.png,1448,glass_object,transparent_glass;partial_occlusion,0.6655393980385526,0.6702256129118825,0.8061237335205078,0.810468117200071,1.2338548288052416,cuda,6
SAM2.1-Tiny,auto,train,data/cogar_sim_500_final/rgb/000171.png,1449,robot_gripper,transparent_glass;partial_occlusion,0.8863076047790631,0.854613878565483,0.9723228216171265,0.810468117200071,1.2338548288052416,cuda,6
SAM2.1-Tiny,auto,train,data/cogar_sim_500_final/rgb/000171.png,1450,robot_gripper,transparent_glass;partial_occlusion,0.09731078458552814,0.3304477334078005,0.9723228216171265,0.810468117200071,1.2338548288052416,cuda,6
SAM2.1-Tiny,auto,train,data/cogar_sim_500_final/rgb/000172.png,1453,box,partial_occlusion,0.9888348753332288,0.9929493825840551,0.9188181757926941,0.41012639500048764,2.4382727183379918,cuda,17
SAM2.1-Tiny,auto,train,data/cogar_sim_500_final/rgb/000172.png,1454,tool,partial_occlusion;reflective_metal,0.9765625,0.909270998415214,0.978225588798523,0.41012639500048764,2.4382727183379918,cuda,17
SAM2.1-Tiny,auto,train,data/cogar_sim_500_final/rgb/000172.png,1455,plastic_object,partial_occlusion,0.9870203160270881,1.0,0.9823984503746033,0.41012639500048764,2.4382727183379918,cuda,17
SAM2.1-Tiny,auto,train,data/cogar_sim_500_final/rgb/000172.png,1456,plastic_object,partial_occlusion,0.0,0.0,0.9837594032287598,0.41012639500048764,2.4382727183379918,cuda,17
SAM2.1-Tiny,auto,train,data/cogar_sim_500_final/rgb/000172.png,1457,metal_part,partial_occlusion;reflective_metal,0.9733606557377049,1.0,0.9703580141067505,0.41012639500048764,2.4382727183379918,cuda,17
SAM2.1-Tiny,auto,train,data/cogar_sim_500_final/rgb/000172.png,1458,plastic_object,partial_occlusion,0.0006917368884417055,0.2022718944668377,0.9188181757926941,0.41012639500048764,2.4382727183379918,cuda,17
SAM2.1-Tiny,auto,train,data/cogar_sim_500_final/rgb/000172.png,1459,robot_gripper,partial_occlusion,0.7442674853688958,0.6189373094983113,0.9787808656692505,0.41012639500048764,2.4382727183379918,cuda,17
SAM2.1-Tiny,auto,train,data/cogar_sim_500_final/rgb/000172.png,1460,robot_gripper,partial_occlusion,0.025286694496425316,0.16648464602338428,0.9787808656692505,0.41012639500048764,2.4382727183379918,cuda,17
SAM2.1-Tiny,auto,train,data/cogar_sim_500_final/rgb/000172.png,1461,robot_gripper,partial_occlusion,0.22298763801075777,0.3675604258957022,0.9787808656692505,0.41012639500048764,2.4382727183379918,cuda,17
SAM2.1-Tiny,auto,train,data/cogar_sim_500_final/rgb/000173.png,1463,connector,small_parts,0.0,0.0,0.993375837802887,0.3158263990771957,3.1662964303233423,cuda,12
SAM2.1-Tiny,auto,train,data/cogar_sim_500_final/rgb/000173.png,1464,screw,small_parts,0.0,0.030717844822865898,0.993375837802887,0.3158263990771957,3.1662964303233423,cuda,12
SAM2.1-Tiny,auto,train,data/cogar_sim_500_final/rgb/000173.png,1465,screw,small_parts,0.0,0.03820999213004423,0.993375837802887,0.3158263990771957,3.1662964303233423,cuda,12
SAM2.1-Tiny,auto,train,data/cogar_sim_500_final/rgb/000173.png,1466,screw,small_parts,0.0,0.02774929118658382,0.993375837802887,0.3158263990771957,3.1662964303233423,cuda,12
SAM2.1-Tiny,auto,train,data/cogar_sim_500_final/rgb/000173.png,1467,screw,small_parts,0.0,0.03491850914429994,0.993375837802887,0.3158263990771957,3.1662964303233423,cuda,12
SAM2.1-Tiny,auto,train,data/cogar_sim_500_final/rgb/000173.png,1468,box,small_parts,0.9793464559294095,1.0,0.9772950410842896,0.3158263990771957,3.1662964303233423,cuda,12
SAM2.1-Tiny,auto,train,data/cogar_sim_500_final/rgb/000173.png,1469,connector,small_parts,0.7586377097729516,0.5515854431251549,0.9300678968429565,0.3158263990771957,3.1662964303233423,cuda,12
SAM2.1-Tiny,auto,train,data/cogar_sim_500_final/rgb/000173.png,1470,screw,small_parts,0.579957356076759,0.658677818883706,0.8969624638557434,0.3158263990771957,3.1662964303233423,cuda,12
SAM2.1-Tiny,auto,train,data/cogar_sim_500_final/rgb/000173.png,1471,connector,small_parts,0.0,0.07354738310485105,0.993375837802887,0.3158263990771957,3.1662964303233423,cuda,12
SAM2.1-Tiny,auto,train,data/cogar_sim_500_final/rgb/000173.png,1472,screw,small_parts,0.0,0.037577128753599344,0.993375837802887,0.3158263990771957,3.1662964303233423,cuda,12
SAM2.1-Tiny,auto,train,data/cogar_sim_500_final/rgb/000173.png,1473,metal_part,small_parts;reflective_metal,0.9547723935389134,0.9789702957795384,0.9452426433563232,0.3158263990771957,3.1662964303233423,cuda,12
SAM2.1-Tiny,auto,train,data/cogar_sim_500_final/rgb/000173.png,1474,metal_part,small_parts;reflective_metal,0.9492119089316988,0.8739974514654073,0.9382116794586182,0.3158263990771957,3.1662964303233423,cuda,12
SAM2.1-Tiny,auto,train,data/cogar_sim_500_final/rgb/000173.png,1475,connector,small_parts,0.5909090909090909,0.8163265306122449,0.9165439605712891,0.3158263990771957,3.1662964303233423,cuda,12
SAM2.1-Tiny,auto,train,data/cogar_sim_500_final/rgb/000177.png,1484,metal_part,partial_occlusion;reflective_metal,0.9520437721274542,0.9745454545454545,0.9767668843269348,0.3476940554544192,2.8760917372977475,cuda,16
SAM2.1-Tiny,auto,train,data/cogar_sim_500_final/rgb/000177.png,1485,box,partial_occlusion,0.9896291379739484,1.0,0.970611035823822,0.3476940554544192,2.8760917372977475,cuda,16
SAM2.1-Tiny,auto,train,data/cogar_sim_500_final/rgb/000177.png,1486,tool,partial_occlusion;reflective_metal,0.20631747301079567,0.37324145851277635,0.8594550490379333,0.3476940554544192,2.8760917372977475,cuda,16
SAM2.1-Tiny,auto,train,data/cogar_sim_500_final/rgb/000177.png,1487,box,partial_occlusion,0.9863027037553962,0.9769639692852924,0.9832513332366943,0.3476940554544192,2.8760917372977475,cuda,16
SAM2.1-Tiny,auto,train,data/cogar_sim_500_final/rgb/000177.png,1488,screw,partial_occlusion;small_parts,0.9653179190751445,1.0,0.9515449404716492,0.3476940554544192,2.8760917372977475,cuda,16
SAM2.1-Tiny,auto,train,data/cogar_sim_500_final/rgb/000177.png,1489,screw,partial_occlusion;small_parts,0.0,0.0,0.9911292791366577,0.3476940554544192,2.8760917372977475,cuda,16
SAM2.1-Tiny,auto,train,data/cogar_sim_500_final/rgb/000177.png,1490,box,partial_occlusion,0.9746972989754734,0.9928432010409889,0.9765100479125977,0.3476940554544192,2.8760917372977475,cuda,16
SAM2.1-Tiny,auto,train,data/cogar_sim_500_final/rgb/000177.png,1491,connector,partial_occlusion;small_parts,0.9649122807017544,1.0,0.8514899015426636,0.3476940554544192,2.8760917372977475,cuda,16
SAM2.1-Tiny,auto,train,data/cogar_sim_500_final/rgb/000177.png,1492,robot_gripper,partial_occlusion,0.7715670281163036,0.7248457450058037,0.955781877040863,0.3476940554544192,2.8760917372977475,cuda,16
SAM2.1-Tiny,auto,train,data/cogar_sim_500_final/rgb/000177.png,1493,robot_gripper,partial_occlusion,0.6829667758540009,0.6946886584149569,0.9202423095703125,0.3476940554544192,2.8760917372977475,cuda,16
SAM2.1-Tiny,auto,train,data/cogar_sim_500_final/rgb/000177.png,1494,robot_gripper,partial_occlusion,0.018969012452939474,0.17211126384733563,0.955781877040863,0.3476940554544192,2.8760917372977475,cuda,16
SAM2.1-Tiny,auto,train,data/cogar_sim_500_final/rgb/000178.png,1497,connector,small_parts;partial_occlusion,0.9710144927536232,1.0,0.9254584312438965,0.3489675826362641,2.865595687844507,cuda,12
SAM2.1-Tiny,auto,train,data/cogar_sim_500_final/rgb/000178.png,1498,screw,small_parts;partial_occlusion,0.34600760456273766,0.5806451612903225,0.9140551686286926,0.3489675826362641,2.865595687844507,cuda,12
SAM2.1-Tiny,auto,train,data/cogar_sim_500_final/rgb/000178.png,1499,plastic_object,small_parts;partial_occlusion,0.9375661375661376,1.0,0.945564329624176,0.3489675826362641,2.865595687844507,cuda,12
SAM2.1-Tiny,auto,train,data/cogar_sim_500_final/rgb/000178.png,1500,screw,small_parts;partial_occlusion,7.318501170960187e-05,0.0026156612718652933,0.9826738238334656,0.3489675826362641,2.865595687844507,cuda,12
SAM2.1-Tiny,auto,train,data/cogar_sim_500_final/rgb/000178.png,1501,screw,small_parts;partial_occlusion,0.0,0.0,0.9887977242469788,0.3489675826362641,2.865595687844507,cuda,12
SAM2.1-Tiny,auto,train,data/cogar_sim_500_final/rgb/000178.png,1502,metal_part,small_parts;reflective_metal;partial_occlusion,0.9838426413768879,1.0,0.9742733836174011,0.3489675826362641,2.865595687844507,cuda,12
SAM2.1-Tiny,auto,train,data/cogar_sim_500_final/rgb/000178.png,1503,box,small_parts;partial_occlusion,0.9700545616038574,0.9936504674817631,0.9097719788551331,0.3489675826362641,2.865595687844507,cuda,12
SAM2.1-Tiny,auto,train,data/cogar_sim_500_final/rgb/000178.png,1504,screw,small_parts;partial_occlusion,0.5495049504950495,0.5698924731182795,0.9134223461151123,0.3489675826362641,2.865595687844507,cuda,12
SAM2.1-Tiny,auto,train,data/cogar_sim_500_final/rgb/000178.png,1505,robot_gripper,small_parts;partial_occlusion,0.7764593862154838,0.7815955485508125,0.9826738238334656,0.3489675826362641,2.865595687844507,cuda,12
SAM2.1-Tiny,auto,train,data/cogar_sim_500_final/rgb/000178.png,1506,robot_gripper,small_parts;partial_occlusion,0.09571545258780723,0.18201754385964913,0.9826738238334656,0.3489675826362641,2.865595687844507,cuda,12
SAM2.1-Tiny,auto,train,data/cogar_sim_500_final/rgb/000178.png,1507,robot_gripper,small_parts;partial_occlusion,0.11422845691382766,0.18016371875456802,0.9826738238334656,0.3489675826362641,2.865595687844507,cuda,12
SAM2.1-Tiny,auto,train,data/cogar_sim_500_final/rgb/000179.png,1509,plastic_object,dynamic_scene;partial_occlusion,0.9793554884189325,1.0,0.9529704451560974,0.4915451037495586,2.0344013039126887,cuda,10
SAM2.1-Tiny,auto,train,data/cogar_sim_500_final/rgb/000179.png,1510,metal_part,dynamic_scene;reflective_metal;partial_occlusion,0.988063977082836,1.0,0.9590983390808105,0.4915451037495586,2.0344013039126887,cuda,10
SAM2.1-Tiny,auto,train,data/cogar_sim_500_final/rgb/000179.png,1511,plastic_object,dynamic_scene;partial_occlusion,0.960166468489893,1.0,0.9434372186660767,0.4915451037495586,2.0344013039126887,cuda,10
SAM2.1-Tiny,auto,train,data/cogar_sim_500_final/rgb/000179.png,1512,plastic_object,dynamic_scene;partial_occlusion,0.989522700814901,1.0,0.9862318634986877,0.4915451037495586,2.0344013039126887,cuda,10
SAM2.1-Tiny,auto,train,data/cogar_sim_500_final/rgb/000179.png,1513,box,dynamic_scene;partial_occlusion,0.9815694744420447,1.0,0.9290619492530823,0.4915451037495586,2.0344013039126887,cuda,10
SAM2.1-Tiny,auto,train,data/cogar_sim_500_final/rgb/000179.png,1514,plastic_object,dynamic_scene;partial_occlusion,0.9851179673321234,1.0,0.9551279544830322,0.4915451037495586,2.0344013039126887,cuda,10
SAM2.1-Tiny,auto,train,data/cogar_sim_500_final/rgb/000179.png,1515,robot_gripper,dynamic_scene;partial_occlusion,0.9346169507300331,0.8380786452189224,0.9488517045974731,0.4915451037495586,2.0344013039126887,cuda,10
SAM2.1-Tiny,auto,train,data/cogar_sim_500_final/rgb/000179.png,1516,robot_gripper,dynamic_scene;partial_occlusion,0.9446212603437301,1.0,0.949671745300293,0.4915451037495586,2.0344013039126887,cuda,10
SAM2.1-Tiny,auto,train,data/cogar_sim_500_final/rgb/000181.png,1521,plastic_object,transparent_glass;partial_occlusion,0.9415347137637028,0.8684131614099174,0.9744267463684082,0.3858095361996675,2.591952521055548,cuda,11
SAM2.1-Tiny,auto,train,data/cogar_sim_500_final/rgb/000181.png,1522,glass_object,transparent_glass;partial_occlusion,0.012415232133541993,0.34514637904468415,0.9744267463684082,0.3858095361996675,2.591952521055548,cuda,11
SAM2.1-Tiny,auto,train,data/cogar_sim_500_final/rgb/000181.png,1523,box,transparent_glass;partial_occlusion,0.970886932972241,0.9671848013816926,0.9632312059402466,0.3858095361996675,2.591952521055548,cuda,11
SAM2.1-Tiny,auto,train,data/cogar_sim_500_final/rgb/000181.png,1524,tool,transparent_glass;reflective_metal;partial_occlusion,0.0015685328185328184,0.16867812011926736,0.9901633858680725,0.3858095361996675,2.591952521055548,cuda,11
SAM2.1-Tiny,auto,train,data/cogar_sim_500_final/rgb/000181.png,1525,box,transparent_glass;partial_occlusion,0.9804978188350013,1.0,0.9574530124664307,0.3858095361996675,2.591952521055548,cuda,11
SAM2.1-Tiny,auto,train,data/cogar_sim_500_final/rgb/000181.png,1526,plastic_object,transparent_glass;partial_occlusion,0.9861845972957084,1.0,0.9901633858680725,0.3858095361996675,2.591952521055548,cuda,11
SAM2.1-Tiny,auto,train,data/cogar_sim_500_final/rgb/000181.png,1527,glass_object,transparent_glass;partial_occlusion,0.005325273459988486,0.2827067669172932,0.9632312059402466,0.3858095361996675,2.591952521055548,cuda,11
SAM2.1-Tiny,auto,train,data/cogar_sim_500_final/rgb/000181.png,1528,robot_gripper,transparent_glass;partial_occlusion,0.9805537941238639,0.9991863303498779,0.9139633774757385,0.3858095361996675,2.591952521055548,cuda,11
SAM2.1-Tiny,auto,train,data/cogar_sim_500_final/rgb/000181.png,1529,robot_gripper,transparent_glass;partial_occlusion,0.9432251908396947,0.9166666666666666,0.9576840996742249,0.3858095361996675,2.591952521055548,cuda,11
SAM2.1-Tiny,auto,train,data/cogar_sim_500_final/rgb/000181.png,1530,robot_gripper,transparent_glass;partial_occlusion,0.025941059930658743,0.1338648316837686,0.960139274597168,0.3858095361996675,2.591952521055548,cuda,11
SAM2.1-Tiny,auto,train,data/cogar_sim_500_final/rgb/000184.png,1536,plastic_object,dynamic_scene;partial_occlusion,0.9814932992980216,1.0,0.9687036275863647,0.54757802874974,1.8262237480259287,cuda,8
SAM2.1-Tiny,auto,train,data/cogar_sim_500_final/rgb/000184.png,1537,tool,dynamic_scene;reflective_metal;partial_occlusion,0.7721662877557649,0.5816966307346838,0.8422042727470398,0.54757802874974,1.8262237480259287,cuda,8
SAM2.1-Tiny,auto,train,data/cogar_sim_500_final/rgb/000184.png,1538,cable,dynamic_scene;partial_occlusion,0.0022022022022022024,0.14640135045270858,0.9687036275863647,0.54757802874974,1.8262237480259287,cuda,8
SAM2.1-Tiny,auto,train,data/cogar_sim_500_final/rgb/000184.png,1539,glass_object,dynamic_scene;transparent_glass;partial_occlusion,0.010402047387104764,0.12877263581488932,0.8422042727470398,0.54757802874974,1.8262237480259287,cuda,8
SAM2.1-Tiny,auto,train,data/cogar_sim_500_final/rgb/000184.png,1540,metal_part,dynamic_scene;reflective_metal;partial_occlusion,0.970856102003643,1.0,0.9584614634513855,0.54757802874974,1.8262237480259287,cuda,8
SAM2.1-Tiny,auto,train,data/cogar_sim_500_final/rgb/000184.png,1541,robot_gripper,dynamic_scene;partial_occlusion,0.9667771400856843,0.9935476509525458,0.9531914591789246,0.54757802874974,1.8262237480259287,cuda,8
SAM2.1-Tiny,auto,train,data/cogar_sim_500_final/rgb/000184.png,1542,robot_gripper,dynamic_scene;partial_occlusion,0.0016568635572860575,0.10549943883277216,0.9531914591789246,0.54757802874974,1.8262237480259287,cuda,8
SAM2.1-Tiny,auto,train,data/cogar_sim_500_final/rgb/000184.png,1543,robot_gripper,dynamic_scene;partial_occlusion,0.9514370664023786,1.0,0.9317321181297302,0.54757802874974,1.8262237480259287,cuda,8
SAM2.1-Tiny,auto,train,data/cogar_sim_500_final/rgb/000185.png,1546,tool,reflective_metal,0.9602929838087895,0.9811320754716981,0.956628143787384,0.4755151699991984,2.10298232967349,cuda,16
SAM2.1-Tiny,auto,train,data/cogar_sim_500_final/rgb/000185.png,1547,tool,reflective_metal,0.9635321698358947,1.0,0.9631794095039368,0.4755151699991984,2.10298232967349,cuda,16
SAM2.1-Tiny,auto,train,data/cogar_sim_500_final/rgb/000185.png,1548,metal_part,reflective_metal,0.9818652849740933,1.0,0.9761602878570557,0.4755151699991984,2.10298232967349,cuda,16
SAM2.1-Tiny,auto,train,data/cogar_sim_500_final/rgb/000185.png,1549,plastic_object,reflective_metal,0.9873469387755102,1.0,0.979003369808197,0.4755151699991984,2.10298232967349,cuda,16
SAM2.1-Tiny,auto,train,data/cogar_sim_500_final/rgb/000185.png,1550,metal_part,reflective_metal,0.7429829389102917,0.7807779026011265,0.9522419571876526,0.4755151699991984,2.10298232967349,cuda,16
SAM2.1-Tiny,auto,train,data/cogar_sim_500_final/rgb/000185.png,1551,box,reflective_metal,0.9885489802741558,0.99830220713073,0.96723473072052,0.4755151699991984,2.10298232967349,cuda,16
SAM2.1-Tiny,auto,train,data/cogar_sim_500_final/rgb/000185.png,1552,tool,reflective_metal,0.5210571184995737,0.6913302938332019,0.9510794281959534,0.4755151699991984,2.10298232967349,cuda,16
SAM2.1-Tiny,auto,train,data/cogar_sim_500_final/rgb/000185.png,1553,metal_part,reflective_metal,0.2468862441184611,0.38958913079063673,0.9522419571876526,0.4755151699991984,2.10298232967349,cuda,16
SAM2.1-Tiny,auto,train,data/cogar_sim_500_final/rgb/000187.png,1558,metal_part,partial_occlusion;reflective_metal,0.9375,0.9771428571428572,0.8168216347694397,0.3814008852998086,2.6219131589427955,cuda,20
SAM2.1-Tiny,auto,train,data/cogar_sim_500_final/rgb/000187.png,1559,glass_object,partial_occlusion;transparent_glass,0.2625804564072557,0.38717948717948714,0.9541686177253723,0.3814008852998086,2.6219131589427955,cuda,20
SAM2.1-Tiny,auto,train,data/cogar_sim_500_final/rgb/000187.png,1560,connector,partial_occlusion;small_parts,0.9887850467289719,1.0,0.9830969572067261,0.3814008852998086,2.6219131589427955,cuda,20
SAM2.1-Tiny,auto,train,data/cogar_sim_500_final/rgb/000187.png,1561,plastic_object,partial_occlusion,0.9717365006048608,0.9388164493480441,0.9655135869979858,0.3814008852998086,2.6219131589427955,cuda,20
SAM2.1-Tiny,auto,train,data/cogar_sim_500_final/rgb/000187.png,1562,metal_part,partial_occlusion;reflective_metal,0.93006408470326,0.8651911468812877,0.9556389451026917,0.3814008852998086,2.6219131589427955,cuda,20
SAM2.1-Tiny,auto,train,data/cogar_sim_500_final/rgb/000187.png,1563,cable,partial_occlusion,0.4727474972191324,0.5852272727272727,0.8293895125389099,0.3814008852998086,2.6219131589427955,cuda,20
SAM2.1-Tiny,auto,train,data/cogar_sim_500_final/rgb/000187.png,1564,cable,partial_occlusion,0.9515845070422535,0.9957507082152974,0.9280996322631836,0.3814008852998086,2.6219131589427955,cuda,20
SAM2.1-Tiny,auto,train,data/cogar_sim_500_final/rgb/000187.png,1565,robot_gripper,partial_occlusion,0.7636876953584513,0.7247044837718414,0.955811083316803,0.3814008852998086,2.6219131589427955,cuda,20
SAM2.1-Tiny,auto,train,data/cogar_sim_500_final/rgb/000187.png,1566,robot_gripper,partial_occlusion,0.9196384953590621,0.8416422287390029,0.904083251953125,0.3814008852998086,2.6219131589427955,cuda,20
SAM2.1-Tiny,auto,train,data/cogar_sim_500_final/rgb/000187.png,1567,robot_gripper,partial_occlusion,0.9292397660818713,0.9432319727269961,0.9423333406448364,0.3814008852998086,2.6219131589427955,cuda,20
SAM2.1-Tiny,auto,train,data/cogar_sim_500_final/rgb/000189.png,1572,cable,dynamic_scene,0.0014496955639315744,0.08,0.9079970717430115,0.5932880167144633,1.685521992400663,cuda,6
SAM2.1-Tiny,auto,train,data/cogar_sim_500_final/rgb/000189.png,1573,screw,dynamic_scene;small_parts,0.012987012987012988,0.1896777003484321,0.9725891947746277,0.5932880167144633,1.685521992400663,cuda,6
SAM2.1-Tiny,auto,train,data/cogar_sim_500_final/rgb/000189.png,1574,plastic_object,dynamic_scene,0.9744509188704616,0.9875,0.9079970717430115,0.5932880167144633,1.685521992400663,cuda,6
SAM2.1-Tiny,auto,train,data/cogar_sim_500_final/rgb/000189.png,1575,plastic_object,dynamic_scene,0.778243474947609,0.665194564546016,0.9725891947746277,0.5932880167144633,1.685521992400663,cuda,6
SAM2.1-Tiny,auto,train,data/cogar_sim_500_final/rgb/000189.png,1576,connector,dynamic_scene;small_parts,0.012593901900132567,0.400520156046814,0.9079970717430115,0.5932880167144633,1.685521992400663,cuda,6
SAM2.1-Tiny,auto,train,data/cogar_sim_500_final/rgb/000189.png,1577,screw,dynamic_scene;small_parts,0.8664688427299704,0.927246790299572,0.9292882680892944,0.5932880167144633,1.685521992400663,cuda,6
SAM2.1-Tiny,auto,train,data/cogar_sim_500_final/rgb/000189.png,1578,cable,dynamic_scene,0.6844993141289437,0.5254377657831534,0.9543312788009644,0.5932880167144633,1.685521992400663,cuda,6
SAM2.1-Tiny,auto,train,data/cogar_sim_500_final/rgb/000190.png,1580,connector,reflective_metal;partial_occlusion;small_parts,0.9585342333654774,0.9968051118210862,0.9623395204544067,0.5335085238757529,1.8743842979964962,cuda,10
SAM2.1-Tiny,auto,train,data/cogar_sim_500_final/rgb/000190.png,1581,metal_part,reflective_metal;partial_occlusion,0.9623453469607316,1.0,0.9632773995399475,0.5335085238757529,1.8743842979964962,cuda,10
SAM2.1-Tiny,auto,train,data/cogar_sim_500_final/rgb/000190.png,1582,tool,reflective_metal;partial_occlusion,0.8165177598605361,0.550784010304391,0.9540294408798218,0.5335085238757529,1.8743842979964962,cuda,10
SAM2.1-Tiny,auto,train,data/cogar_sim_500_final/rgb/000190.png,1583,metal_part,reflective_metal;partial_occlusion,0.29297954671089,0.5817767004135178,0.9043800830841064,0.5335085238757529,1.8743842979964962,cuda,10
SAM2.1-Tiny,auto,train,data/cogar_sim_500_final/rgb/000190.png,1584,tool,reflective_metal;partial_occlusion,0.8950392221853939,0.7434637052018107,0.979107141494751,0.5335085238757529,1.8743842979964962,cuda,10
SAM2.1-Tiny,auto,train,data/cogar_sim_500_final/rgb/000190.png,1585,robot_gripper,reflective_metal;partial_occlusion,0.8428930984236322,0.7730826703137268,0.9691938161849976,0.5335085238757529,1.8743842979964962,cuda,10
SAM2.1-Tiny,auto,train,data/cogar_sim_500_final/rgb/000190.png,1586,robot_gripper,reflective_metal;partial_occlusion,0.6625835189309577,0.5981221785475206,0.9043800830841064,0.5335085238757529,1.8743842979964962,cuda,10
SAM2.1-Tiny,auto,train,data/cogar_sim_500_final/rgb/000190.png,1587,robot_gripper,reflective_metal;partial_occlusion,0.9357212953876349,0.9851380042462845,0.9474029541015625,0.5335085238757529,1.8743842979964962,cuda,10
SAM2.1-Tiny,auto,train,data/cogar_sim_500_final/rgb/000191.png,1590,glass_object,transparent_glass;partial_occlusion,0.952188695282618,0.9341728677733256,0.9609069228172302,0.6107621175708898,1.6372986654397932,cuda,11
SAM2.1-Tiny,auto,train,data/cogar_sim_500_final/rgb/000191.png,1591,glass_object,transparent_glass;partial_occlusion,0.9893029675638372,1.0,0.9703036546707153,0.6107621175708898,1.6372986654397932,cuda,11
SAM2.1-Tiny,auto,train,data/cogar_sim_500_final/rgb/000191.png,1592,glass_object,transparent_glass;partial_occlusion,0.6537602382725242,0.3395409268081421,0.9328728318214417,0.6107621175708898,1.6372986654397932,cuda,11
SAM2.1-Tiny,auto,train,data/cogar_sim_500_final/rgb/000191.png,1593,glass_object,transparent_glass;partial_occlusion,0.801914436413362,0.6535228725258551,0.9292013049125671,0.6107621175708898,1.6372986654397932,cuda,11
SAM2.1-Tiny,auto,train,data/cogar_sim_500_final/rgb/000191.png,1594,robot_gripper,transparent_glass;partial_occlusion,0.8800960512273213,0.8181012014571752,0.9159491062164307,0.6107621175708898,1.6372986654397932,cuda,11
SAM2.1-Tiny,auto,train,data/cogar_sim_500_final/rgb/000191.png,1595,robot_gripper,transparent_glass;partial_occlusion,0.08071845920796364,0.12201396545387726,0.9159491062164307,0.6107621175708898,1.6372986654397932,cuda,11
SAM2.1-Tiny,auto,train,data/cogar_sim_500_final/rgb/000191.png,1596,robot_gripper,transparent_glass;partial_occlusion,0.9705593719332679,1.0,0.9457149505615234,0.6107621175708898,1.6372986654397932,cuda,11
SAM2.1-Tiny,auto,train,data/cogar_sim_500_final/rgb/000192.png,1598,tool,partial_occlusion;reflective_metal,0.0,0.0,0.9882755279541016,0.49832757900003344,2.006712135031027,cuda,8
SAM2.1-Tiny,auto,train,data/cogar_sim_500_final/rgb/000192.png,1599,tool,partial_occlusion;reflective_metal,0.04745784779636742,0.32928070049227665,0.9745029211044312,0.49832757900003344,2.006712135031027,cuda,8
SAM2.1-Tiny,auto,train,data/cogar_sim_500_final/rgb/000192.png,1600,plastic_object,partial_occlusion,0.975699558173785,0.9970414201183432,0.9161690473556519,0.49832757900003344,2.006712135031027,cuda,8
SAM2.1-Tiny,auto,train,data/cogar_sim_500_final/rgb/000192.png,1601,box,partial_occlusion,0.9660187185025197,1.0,0.9702319502830505,0.49832757900003344,2.006712135031027,cuda,8
SAM2.1-Tiny,auto,train,data/cogar_sim_500_final/rgb/000192.png,1602,screw,partial_occlusion;small_parts,0.7746478873239436,1.0,0.9259406924247742,0.49832757900003344,2.006712135031027,cuda,8
SAM2.1-Tiny,auto,train,data/cogar_sim_500_final/rgb/000192.png,1603,robot_gripper,partial_occlusion,0.5792986129285528,0.5095467232905799,0.9745029211044312,0.49832757900003344,2.006712135031027,cuda,8
SAM2.1-Tiny,auto,train,data/cogar_sim_500_final/rgb/000192.png,1604,robot_gripper,partial_occlusion,0.0674983585029547,0.14610448653001842,0.9745029211044312,0.49832757900003344,2.006712135031027,cuda,8
SAM2.1-Tiny,auto,train,data/cogar_sim_500_final/rgb/000192.png,1605,robot_gripper,partial_occlusion,0.2875269801818301,0.41308743159516637,0.9745029211044312,0.49832757900003344,2.006712135031027,cuda,8
SAM2.1-Tiny,auto,train,data/cogar_sim_500_final/rgb/000193.png,1608,plastic_object,small_parts,0.9848831882730188,0.9929078014184397,0.9864615797996521,0.3567296673639,2.8032431599805796,cuda,17
SAM2.1-Tiny,auto,train,data/cogar_sim_500_final/rgb/000193.png,1609,metal_part,small_parts;reflective_metal,0.939077458659704,0.9163314561544651,0.9709930419921875,0.3567296673639,2.8032431599805796,cuda,17
SAM2.1-Tiny,auto,train,data/cogar_sim_500_final/rgb/000193.png,1610,screw,small_parts,0.9154929577464789,1.0,0.9602282643318176,0.3567296673639,2.8032431599805796,cuda,17
SAM2.1-Tiny,auto,train,data/cogar_sim_500_final/rgb/000193.png,1611,connector,small_parts,0.9836973239003384,1.0,0.977715790271759,0.3567296673639,2.8032431599805796,cuda,17
SAM2.1-Tiny,auto,train,data/cogar_sim_500_final/rgb/000193.png,1612,connector,small_parts,0.9775784753363229,1.0,0.981183648109436,0.3567296673639,2.8032431599805796,cuda,17
SAM2.1-Tiny,auto,train,data/cogar_sim_500_final/rgb/000193.png,1613,screw,small_parts,0.0,0.0,0.9922653436660767,0.3567296673639,2.8032431599805796,cuda,17
SAM2.1-Tiny,auto,train,data/cogar_sim_500_final/rgb/000193.png,1614,tool,small_parts;reflective_metal,0.9011990407673861,0.6650138999537598,0.9760500192642212,0.3567296673639,2.8032431599805796,cuda,17
SAM2.1-Tiny,auto,train,data/cogar_sim_500_final/rgb/000193.png,1615,metal_part,small_parts;reflective_metal,0.9834087481146304,1.0,0.9399452209472656,0.3567296673639,2.8032431599805796,cuda,17
SAM2.1-Tiny,auto,train,data/cogar_sim_500_final/rgb/000193.png,1616,tool,small_parts;reflective_metal,0.8983715319662243,0.81535254262527,0.9542456269264221,0.3567296673639,2.8032431599805796,cuda,17
SAM2.1-Tiny,auto,train,data/cogar_sim_500_final/rgb/000193.png,1617,connector,small_parts,0.9819128528363935,1.0,0.9874383807182312,0.3567296673639,2.8032431599805796,cuda,17
SAM2.1-Tiny,auto,train,data/cogar_sim_500_final/rgb/000193.png,1618,metal_part,small_parts;reflective_metal,0.9868830591373944,1.0,0.9845185279846191,0.3567296673639,2.8032431599805796,cuda,17
SAM2.1-Tiny,auto,train,data/cogar_sim_500_final/rgb/000194.png,1621,plastic_object,dynamic_scene;partial_occlusion,0.0,0.024865511057979676,0.9785743951797485,0.4531955628893532,2.20655293627433,cuda,11
SAM2.1-Tiny,auto,train,data/cogar_sim_500_final/rgb/000194.png,1622,plastic_object,dynamic_scene;partial_occlusion,0.9817671809256662,1.0,0.9624901413917542,0.4531955628893532,2.20655293627433,cuda,11
SAM2.1-Tiny,auto,train,data/cogar_sim_500_final/rgb/000194.png,1623,plastic_object,dynamic_scene;partial_occlusion,0.011522633744855968,0.13311267808317742,0.9481004476547241,0.4531955628893532,2.20655293627433,cuda,11
SAM2.1-Tiny,auto,train,data/cogar_sim_500_final/rgb/000194.png,1624,metal_part,dynamic_scene;reflective_metal;partial_occlusion,0.9800754716981132,1.0,0.9367347955703735,0.4531955628893532,2.20655293627433,cuda,11
SAM2.1-Tiny,auto,train,data/cogar_sim_500_final/rgb/000194.png,1625,metal_part,dynamic_scene;reflective_metal;partial_occlusion,0.9857142857142858,1.0,0.9781861901283264,0.4531955628893532,2.20655293627433,cuda,11
SAM2.1-Tiny,auto,train,data/cogar_sim_500_final/rgb/000194.png,1626,plastic_object,dynamic_scene;partial_occlusion,0.9501728110599078,0.9467018469656993,0.9688283205032349,0.4531955628893532,2.20655293627433,cuda,11
SAM2.1-Tiny,auto,train,data/cogar_sim_500_final/rgb/000194.png,1627,robot_gripper,dynamic_scene;partial_occlusion,0.9073835863133523,0.7588839436801764,0.9469379782676697,0.4531955628893532,2.20655293627433,cuda,11
SAM2.1-Tiny,auto,train,data/cogar_sim_500_final/rgb/000194.png,1628,robot_gripper,dynamic_scene;partial_occlusion,0.005787389582698751,0.12474367737525634,0.9469379782676697,0.4531955628893532,2.20655293627433,cuda,11
SAM2.1-Tiny,auto,train,data/cogar_sim_500_final/rgb/000194.png,1629,robot_gripper,dynamic_scene;partial_occlusion,0.9144050104384134,0.8291666666666667,0.9210363030433655,0.4531955628893532,2.20655293627433,cuda,11
SAM2.1-Tiny,auto,train,data/cogar_sim_500_final/rgb/000195.png,1632,metal_part,reflective_metal,0.9658119658119658,0.9411764705882353,0.9199586510658264,0.38791637850008553,2.5778751695573985,cuda,14
SAM2.1-Tiny,auto,train,data/cogar_sim_500_final/rgb/000195.png,1633,metal_part,reflective_metal,0.9577877325982082,0.9175597783232083,0.9556325078010559,0.38791637850008553,2.5778751695573985,cuda,14
SAM2.1-Tiny,auto,train,data/cogar_sim_500_final/rgb/000195.png,1634,connector,reflective_metal;small_parts,9.279020135473695e-05,0.08477569763334511,0.9577025771141052,0.38791637850008553,2.5778751695573985,cuda,14
SAM2.1-Tiny,auto,train,data/cogar_sim_500_final/rgb/000195.png,1635,tool,reflective_metal,0.04907644600242686,0.15607037101550253,0.8534718751907349,0.38791637850008553,2.5778751695573985,cuda,14
SAM2.1-Tiny,auto,train,data/cogar_sim_500_final/rgb/000195.png,1636,metal_part,reflective_metal,0.9667386609071275,0.9874410989537578,0.9487023949623108,0.38791637850008553,2.5778751695573985,cuda,14
SAM2.1-Tiny,auto,train,data/cogar_sim_500_final/rgb/000195.png,1637,metal_part,reflective_metal,0.9648553663152203,0.9950467683584279,0.9818208813667297,0.38791637850008553,2.5778751695573985,cuda,14
SAM2.1-Tiny,auto,train,data/cogar_sim_500_final/rgb/000195.png,1638,metal_part,reflective_metal,0.9853500761035008,1.0,0.9530957341194153,0.38791637850008553,2.5778751695573985,cuda,14
SAM2.1-Tiny,auto,train,data/cogar_sim_500_final/rgb/000195.png,1639,metal_part,reflective_metal,0.9525,1.0,0.9465411305427551,0.38791637850008553,2.5778751695573985,cuda,14
SAM2.1-Tiny,auto,train,data/cogar_sim_500_final/rgb/000195.png,1640,metal_part,reflective_metal,0.9795558688755728,1.0,0.9853339195251465,0.38791637850008553,2.5778751695573985,cuda,14
SAM2.1-Tiny,auto,train,data/cogar_sim_500_final/rgb/000195.png,1641,box,reflective_metal,0.9806858865649143,1.0,0.9577025771141052,0.38791637850008553,2.5778751695573985,cuda,14
SAM2.1-Tiny,auto,train,data/cogar_sim_500_final/rgb/000199.png,1650,plastic_object,dynamic_scene;partial_occlusion,0.002052713687494868,0.1537688442211055,0.9534433484077454,0.6124535403335661,1.6327769114623143,cuda,7
SAM2.1-Tiny,auto,train,data/cogar_sim_500_final/rgb/000199.png,1651,plastic_object,dynamic_scene;partial_occlusion,0.9842167255594817,1.0,0.9758118987083435,0.6124535403335661,1.6327769114623143,cuda,7
SAM2.1-Tiny,auto,train,data/cogar_sim_500_final/rgb/000199.png,1652,glass_object,dynamic_scene;transparent_glass;partial_occlusion,0.22497869519931823,0.2797300037660419,0.8554297089576721,0.6124535403335661,1.6327769114623143,cuda,7
SAM2.1-Tiny,auto,train,data/cogar_sim_500_final/rgb/000199.png,1653,robot_gripper,dynamic_scene;partial_occlusion,0.8327147641893726,0.6228327033310262,0.9534433484077454,0.6124535403335661,1.6327769114623143,cuda,7
SAM2.1-Tiny,auto,train,data/cogar_sim_500_final/rgb/000199.png,1654,robot_gripper,dynamic_scene;partial_occlusion,0.0813466787989081,0.2182727849755442,0.9534433484077454,0.6124535403335661,1.6327769114623143,cuda,7
SAM2.1-Tiny,auto,train,data/cogar_sim_500_final/rgb/000199.png,1655,robot_gripper,dynamic_scene;partial_occlusion,0.07454149264572363,0.3849867245957036,0.9534433484077454,0.6124535403335661,1.6327769114623143,cuda,7
SAM2.1-Tiny,auto,train,data/cogar_sim_500_final/rgb/000200.png,1658,tool,reflective_metal,0.0009916418756197763,0.1013101942305482,0.9412900805473328,0.6383978664998722,1.566421274999985,cuda,7
SAM2.1-Tiny,auto,train,data/cogar_sim_500_final/rgb/000200.png,1659,tool,reflective_metal,0.5814622913068509,0.6692439693090594,0.81089186668396,0.6383978664998722,1.566421274999985,cuda,7
SAM2.1-Tiny,auto,train,data/cogar_sim_500_final/rgb/000200.png,1660,tool,reflective_metal,0.02210144927536232,0.21152328334648776,0.9760797619819641,0.6383978664998722,1.566421274999985,cuda,7
SAM2.1-Tiny,auto,train,data/cogar_sim_500_final/rgb/000200.png,1661,metal_part,reflective_metal,0.9669724770642202,1.0,0.9412900805473328,0.6383978664998722,1.566421274999985,cuda,7
SAM2.1-Tiny,auto,train,data/cogar_sim_500_final/rgb/000200.png,1662,tool,reflective_metal,0.9236567452647855,0.9106078665077474,0.9510532021522522,0.6383978664998722,1.566421274999985,cuda,7
SAM2.1-Tiny,auto,train,data/cogar_sim_500_final/rgb/000200.png,1663,box,reflective_metal,0.9722171615959191,0.8964648626175424,0.9760797619819641,0.6383978664998722,1.566421274999985,cuda,7
SAM2.1-Tiny,auto,train,data/cogar_sim_500_final/rgb/000201.png,1666,plastic_object,transparent_glass;partial_occlusion,0.9847090029645811,1.0,0.9787499904632568,0.4280865986673032,2.335975952326346,cuda,9
SAM2.1-Tiny,auto,train,data/cogar_sim_500_final/rgb/000201.png,1667,glass_object,transparent_glass;partial_occlusion,0.0,0.031421838177533384,0.9935503005981445,0.4280865986673032,2.335975952326346,cuda,9
SAM2.1-Tiny,auto,train,data/cogar_sim_500_final/rgb/000201.png,1668,glass_object,transparent_glass;partial_occlusion,0.9788051209103841,1.0,0.9639735817909241,0.4280865986673032,2.335975952326346,cuda,9
SAM2.1-Tiny,auto,train,data/cogar_sim_500_final/rgb/000201.png,1669,glass_object,transparent_glass;partial_occlusion,0.9755320504651459,0.9962264150943396,0.9698185920715332,0.4280865986673032,2.335975952326346,cuda,9
SAM2.1-Tiny,auto,train,data/cogar_sim_500_final/rgb/000201.png,1670,box,transparent_glass;partial_occlusion,0.0011229646266142617,0.19999999999999998,0.9639735817909241,0.4280865986673032,2.335975952326346,cuda,9
SAM2.1-Tiny,auto,train,data/cogar_sim_500_final/rgb/000201.png,1671,glass_object,transparent_glass;partial_occlusion,0.19498515341471462,0.28905343920064236,0.8846099972724915,0.4280865986673032,2.335975952326346,cuda,9
SAM2.1-Tiny,auto,train,data/cogar_sim_500_final/rgb/000201.png,1672,robot_gripper,transparent_glass;partial_occlusion,0.0003295978905735003,0.21201413427561838,0.8846099972724915,0.4280865986673032,2.335975952326346,cuda,9
SAM2.1-Tiny,auto,train,data/cogar_sim_500_final/rgb/000201.png,1673,robot_gripper,transparent_glass;partial_occlusion,0.0,0.0,0.9935503005981445,0.4280865986673032,2.335975952326346,cuda,9
SAM2.1-Tiny,auto,train,data/cogar_sim_500_final/rgb/000201.png,1674,robot_gripper,transparent_glass;partial_occlusion,0.0,0.0,0.9935503005981445,0.4280865986673032,2.335975952326346,cuda,9
SAM2.1-Tiny,auto,train,data/cogar_sim_500_final/rgb/000202.png,1677,plastic_object,partial_occlusion,0.8873685966961455,0.8100263852242744,0.9253995418548584,0.4674206202498681,2.1394006953853086,cuda,10
SAM2.1-Tiny,auto,train,data/cogar_sim_500_final/rgb/000202.png,1678,glass_object,partial_occlusion;transparent_glass,0.9091490138787436,0.772960403713904,0.8593653440475464,0.4674206202498681,2.1394006953853086,cuda,10
SAM2.1-Tiny,auto,train,data/cogar_sim_500_final/rgb/000202.png,1679,glass_object,partial_occlusion;transparent_glass,0.9252136752136753,0.8352067460352173,0.9361767768859863,0.4674206202498681,2.1394006953853086,cuda,10
SAM2.1-Tiny,auto,train,data/cogar_sim_500_final/rgb/000202.png,1680,plastic_object,partial_occlusion,0.0,0.0,0.9920926690101624,0.4674206202498681,2.1394006953853086,cuda,10
SAM2.1-Tiny,auto,train,data/cogar_sim_500_final/rgb/000202.png,1681,metal_part,partial_occlusion;reflective_metal,0.029718107978977545,0.2461035696329814,0.8593653440475464,0.4674206202498681,2.1394006953853086,cuda,10
SAM2.1-Tiny,auto,train,data/cogar_sim_500_final/rgb/000202.png,1682,robot_gripper,partial_occlusion,0.72946789348133,0.7304949319013231,0.8710188269615173,0.4674206202498681,2.1394006953853086,cuda,10
SAM2.1-Tiny,auto,train,data/cogar_sim_500_final/rgb/000202.png,1683,robot_gripper,partial_occlusion,0.053553038105046344,0.06520468975187942,0.8710188269615173,0.4674206202498681,2.1394006953853086,cuda,10
SAM2.1-Tiny,auto,train,data/cogar_sim_500_final/rgb/000202.png,1684,robot_gripper,partial_occlusion,0.20718650696651186,0.36034467751762556,0.8710188269615173,0.4674206202498681,2.1394006953853086,cuda,10
SAM2.1-Tiny,auto,train,data/cogar_sim_500_final/rgb/000203.png,1687,connector,small_parts;partial_occlusion,0.9403973509933775,1.0,0.9595338106155396,0.261483485600426,3.824333294715614,cuda,12
SAM2.1-Tiny,auto,train,data/cogar_sim_500_final/rgb/000203.png,1688,cable,small_parts;partial_occlusion,0.9374466875177708,1.0,0.9438760876655579,0.261483485600426,3.824333294715614,cuda,12
SAM2.1-Tiny,auto,train,data/cogar_sim_500_final/rgb/000203.png,1689,plastic_object,small_parts;partial_occlusion,0.4962302947224126,0.5996781004976152,0.9496593475341797,0.261483485600426,3.824333294715614,cuda,12
SAM2.1-Tiny,auto,train,data/cogar_sim_500_final/rgb/000203.png,1690,plastic_object,small_parts;partial_occlusion,0.45503176195252426,0.569436013999561,0.9496593475341797,0.261483485600426,3.824333294715614,cuda,12
SAM2.1-Tiny,auto,train,data/cogar_sim_500_final/rgb/000203.png,1691,screw,small_parts;partial_occlusion,0.0,0.0,0.9944447875022888,0.261483485600426,3.824333294715614,cuda,12
SAM2.1-Tiny,auto,train,data/cogar_sim_500_final/rgb/000203.png,1692,connector,small_parts;partial_occlusion,0.971824480369515,1.0,0.9687806963920593,0.261483485600426,3.824333294715614,cuda,12
SAM2.1-Tiny,auto,train,data/cogar_sim_500_final/rgb/000203.png,1693,metal_part,small_parts;reflective_metal;partial_occlusion,0.9524357499041043,0.9704263594334777,0.9726651906967163,0.261483485600426,3.824333294715614,cuda,12
SAM2.1-Tiny,auto,train,data/cogar_sim_500_final/rgb/000203.png,1694,connector,small_parts;partial_occlusion,0.7651747394236664,0.6087297169130532,0.947218120098114,0.261483485600426,3.824333294715614,cuda,12
SAM2.1-Tiny,auto,train,data/cogar_sim_500_final/rgb/000203.png,1695,metal_part,small_parts;reflective_metal;partial_occlusion,0.976988382484361,1.0,0.968602180480957,0.261483485600426,3.824333294715614,cuda,12
SAM2.1-Tiny,auto,train,data/cogar_sim_500_final/rgb/000203.png,1696,connector,small_parts;partial_occlusion,0.0,0.0,0.9944447875022888,0.261483485600426,3.824333294715614,cuda,12
SAM2.1-Tiny,auto,train,data/cogar_sim_500_final/rgb/000203.png,1697,connector,small_parts;partial_occlusion,0.8358662613981763,0.8099136447311313,0.8467105031013489,0.261483485600426,3.824333294715614,cuda,12
SAM2.1-Tiny,auto,train,data/cogar_sim_500_final/rgb/000203.png,1698,screw,small_parts;partial_occlusion,0.0,0.0,0.9944447875022888,0.261483485600426,3.824333294715614,cuda,12
SAM2.1-Tiny,auto,train,data/cogar_sim_500_final/rgb/000203.png,1699,robot_gripper,small_parts;partial_occlusion,0.005428789549580117,0.22541009725072328,0.9312667846679688,0.261483485600426,3.824333294715614,cuda,12
SAM2.1-Tiny,auto,train,data/cogar_sim_500_final/rgb/000203.png,1700,robot_gripper,small_parts;partial_occlusion,0.8802053622361665,0.947612890053425,0.9312667846679688,0.261483485600426,3.824333294715614,cuda,12
SAM2.1-Tiny,auto,train,data/cogar_sim_500_final/rgb/000203.png,1701,robot_gripper,small_parts;partial_occlusion,0.006399620763214032,0.20396776193428393,0.9496593475341797,0.261483485600426,3.824333294715614,cuda,12
SAM2.1-Tiny,auto,train,data/cogar_sim_500_final/rgb/000204.png,1704,plastic_object,dynamic_scene;partial_occlusion,0.0011246485473289597,0.19890795631825275,0.8669019341468811,0.4780126571258734,2.091994814557125,cuda,16
SAM2.1-Tiny,auto,train,data/cogar_sim_500_final/rgb/000204.png,1705,plastic_object,dynamic_scene;partial_occlusion,0.9855257556406982,1.0,0.9349600076675415,0.4780126571258734,2.091994814557125,cuda,16
SAM2.1-Tiny,auto,train,data/cogar_sim_500_final/rgb/000204.png,1706,plastic_object,dynamic_scene;partial_occlusion,0.9781420765027322,1.0,0.8315366506576538,0.4780126571258734,2.091994814557125,cuda,16
SAM2.1-Tiny,auto,train,data/cogar_sim_500_final/rgb/000204.png,1707,plastic_object,dynamic_scene;partial_occlusion,0.9511429852084267,0.9645390070921985,0.9210114479064941,0.4780126571258734,2.091994814557125,cuda,16
SAM2.1-Tiny,auto,train,data/cogar_sim_500_final/rgb/000204.png,1708,plastic_object,dynamic_scene;partial_occlusion,0.9854368932038835,1.0,0.9801470637321472,0.4780126571258734,2.091994814557125,cuda,16
SAM2.1-Tiny,auto,train,data/cogar_sim_500_final/rgb/000204.png,1709,robot_gripper,dynamic_scene;partial_occlusion,0.9707860656560586,0.9981360265516143,0.865315854549408,0.4780126571258734,2.091994814557125,cuda,16
SAM2.1-Tiny,auto,train,data/cogar_sim_500_final/rgb/000204.png,1710,robot_gripper,dynamic_scene;partial_occlusion,0.7241497767090347,0.7786259541984732,0.9371556639671326,0.4780126571258734,2.091994814557125,cuda,16
SAM2.1-Tiny,auto,train,data/cogar_sim_500_final/rgb/000204.png,1711,robot_gripper,dynamic_scene;partial_occlusion,0.7758554402153018,0.7886178861788617,0.9301944375038147,0.4780126571258734,2.091994814557125,cuda,16
SAM2.1-Tiny,auto,train,data/cogar_sim_500_final/rgb/000205.png,1714,box,reflective_metal,0.9913371161259583,0.9993493819128172,0.9885661005973816,0.5487497121430351,1.822324418348567,cuda,12
SAM2.1-Tiny,auto,train,data/cogar_sim_500_final/rgb/000205.png,1715,tool,reflective_metal,0.0003240440699935191,0.07508477313095431,0.9609929323196411,0.5487497121430351,1.822324418348567,cuda,12
SAM2.1-Tiny,auto,train,data/cogar_sim_500_final/rgb/000205.png,1716,metal_part,reflective_metal,0.9284646594063635,0.7529812606473595,0.9072784185409546,0.5487497121430351,1.822324418348567,cuda,12
SAM2.1-Tiny,auto,train,data/cogar_sim_500_final/rgb/000205.png,1717,box,reflective_metal,0.9932862465072959,1.0,0.9801367521286011,0.5487497121430351,1.822324418348567,cuda,12
SAM2.1-Tiny,auto,train,data/cogar_sim_500_final/rgb/000205.png,1718,plastic_object,reflective_metal,0.959825327510917,1.0,0.9609929323196411,0.5487497121430351,1.822324418348567,cuda,12
SAM2.1-Tiny,auto,train,data/cogar_sim_500_final/rgb/000205.png,1719,connector,reflective_metal;small_parts,0.0008992805755395684,0.15894039735099338,0.8803537487983704,0.5487497121430351,1.822324418348567,cuda,12
SAM2.1-Tiny,auto,train,data/cogar_sim_500_final/rgb/000205.png,1720,metal_part,reflective_metal,0.0,0.0,0.9928868412971497,0.5487497121430351,1.822324418348567,cuda,12
SAM2.1-Tiny,auto,train,data/cogar_sim_500_final/rgb/000206.png,1722,box,transparent_glass;partial_occlusion,0.9822145202480846,0.993676603432701,0.9281895756721497,0.5924791054286678,1.6878232343341197,cuda,12
SAM2.1-Tiny,auto,train,data/cogar_sim_500_final/rgb/000206.png,1723,box,transparent_glass;partial_occlusion,0.9626453774886655,0.8457453365108061,0.9734362363815308,0.5924791054286678,1.6878232343341197,cuda,12
SAM2.1-Tiny,auto,train,data/cogar_sim_500_final/rgb/000206.png,1724,cable,transparent_glass;partial_occlusion,0.8003527336860671,0.8228852927663485,0.951361894607544,0.5924791054286678,1.6878232343341197,cuda,12
SAM2.1-Tiny,auto,train,data/cogar_sim_500_final/rgb/000206.png,1725,glass_object,transparent_glass;partial_occlusion,0.9833658024876367,1.0,0.8210238218307495,0.5924791054286678,1.6878232343341197,cuda,12
SAM2.1-Tiny,auto,train,data/cogar_sim_500_final/rgb/000206.png,1726,robot_gripper,transparent_glass;partial_occlusion,0.8570121672308114,0.8221844610106533,0.9763301610946655,0.5924791054286678,1.6878232343341197,cuda,12
SAM2.1-Tiny,auto,train,data/cogar_sim_500_final/rgb/000206.png,1727,robot_gripper,transparent_glass;partial_occlusion,0.10435833101012917,0.21924308933444062,0.9763301610946655,0.5924791054286678,1.6878232343341197,cuda,12
SAM2.1-Tiny,auto,train,data/cogar_sim_500_final/rgb/000206.png,1728,robot_gripper,transparent_glass;partial_occlusion,0.02045496239222161,0.1637407228307718,0.9763301610946655,0.5924791054286678,1.6878232343341197,cuda,12
SAM2.1-Tiny,auto,train,data/cogar_sim_500_final/rgb/000207.png,1731,connector,partial_occlusion;small_parts,0.8106666666666666,0.802170734598717,0.9494238495826721,0.5516725740006743,1.8126694114012232,cuda,8
SAM2.1-Tiny,auto,train,data/cogar_sim_500_final/rgb/000207.png,1732,plastic_object,partial_occlusion,0.9752475247524752,1.0,0.9492283463478088,0.5516725740006743,1.8126694114012232,cuda,8
SAM2.1-Tiny,auto,train,data/cogar_sim_500_final/rgb/000207.png,1733,screw,partial_occlusion;small_parts,0.0,0.0,0.9908695220947266,0.5516725740006743,1.8126694114012232,cuda,8
SAM2.1-Tiny,auto,train,data/cogar_sim_500_final/rgb/000207.png,1734,glass_object,partial_occlusion;transparent_glass,0.9568445475638051,0.9804432855280313,0.9068042039871216,0.5516725740006743,1.8126694114012232,cuda,8
SAM2.1-Tiny,auto,train,data/cogar_sim_500_final/rgb/000207.png,1735,robot_gripper,partial_occlusion,0.8047968589962444,0.7338704038772764,0.9302031397819519,0.5516725740006743,1.8126694114012232,cuda,8
SAM2.1-Tiny,auto,train,data/cogar_sim_500_final/rgb/000207.png,1736,robot_gripper,partial_occlusion,0.10723814441862467,0.09641756439618852,0.9302031397819519,0.5516725740006743,1.8126694114012232,cuda,8
SAM2.1-Tiny,auto,train,data/cogar_sim_500_final/rgb/000207.png,1737,robot_gripper,partial_occlusion,0.9789473684210527,1.0,0.8251657485961914,0.5516725740006743,1.8126694114012232,cuda,8
SAM2.1-Tiny,auto,train,data/cogar_sim_500_final/rgb/000208.png,1740,screw,small_parts,0.0,0.06384966306605357,0.9909880757331848,0.9706773244997748,1.0302084686230166,cuda,6
SAM2.1-Tiny,auto,train,data/cogar_sim_500_final/rgb/000208.png,1741,connector,small_parts,0.9366197183098591,1.0,0.9379588961601257,0.9706773244997748,1.0302084686230166,cuda,6
SAM2.1-Tiny,auto,train,data/cogar_sim_500_final/rgb/000208.png,1742,screw,small_parts,0.0,0.05488257681240138,0.9909880757331848,0.9706773244997748,1.0302084686230166,cuda,6
SAM2.1-Tiny,auto,train,data/cogar_sim_500_final/rgb/000208.png,1743,metal_part,small_parts;reflective_metal,0.9830645161290322,1.0,0.9803317785263062,0.9706773244997748,1.0302084686230166,cuda,6
SAM2.1-Tiny,auto,train,data/cogar_sim_500_final/rgb/000209.png,1746,plastic_object,dynamic_scene;partial_occlusion,0.9637462235649547,0.9704142011834319,0.9529529213905334,0.7524757025996223,1.328946564713307,cuda,8
SAM2.1-Tiny,auto,train,data/cogar_sim_500_final/rgb/000209.png,1747,plastic_object,dynamic_scene;partial_occlusion,0.9863829787234043,1.0,0.9714660048484802,0.7524757025996223,1.328946564713307,cuda,8
SAM2.1-Tiny,auto,train,data/cogar_sim_500_final/rgb/000209.png,1749,robot_gripper,dynamic_scene;partial_occlusion,0.7659404585376982,0.6960238440403419,0.915891170501709,0.7524757025996223,1.328946564713307,cuda,8
SAM2.1-Tiny,auto,train,data/cogar_sim_500_final/rgb/000209.png,1750,robot_gripper,dynamic_scene;partial_occlusion,0.06645334552311297,0.24097291202448387,0.915891170501709,0.7524757025996223,1.328946564713307,cuda,8
SAM2.1-Tiny,auto,train,data/cogar_sim_500_final/rgb/000209.png,1751,robot_gripper,dynamic_scene;partial_occlusion,0.15244946899623157,0.33760119423551704,0.915891170501709,0.7524757025996223,1.328946564713307,cuda,8
SAM2.1-Tiny,auto,train,data/cogar_sim_500_final/rgb/000210.png,1754,metal_part,reflective_metal;partial_occlusion,0.9844184283668829,1.0,0.9840899109840393,0.5563034931432672,1.7975799403123032,cuda,10
SAM2.1-Tiny,auto,train,data/cogar_sim_500_final/rgb/000210.png,1755,metal_part,reflective_metal;partial_occlusion,0.08972073677956031,0.5937377690802348,0.8554381728172302,0.5563034931432672,1.7975799403123032,cuda,10
SAM2.1-Tiny,auto,train,data/cogar_sim_500_final/rgb/000210.png,1756,tool,reflective_metal;partial_occlusion,0.9712714776632302,0.9993098688750862,0.9712119102478027,0.5563034931432672,1.7975799403123032,cuda,10
SAM2.1-Tiny,auto,train,data/cogar_sim_500_final/rgb/000210.png,1757,plastic_object,reflective_metal;partial_occlusion,0.9857651245551602,1.0,0.9843308329582214,0.5563034931432672,1.7975799403123032,cuda,10
SAM2.1-Tiny,auto,train,data/cogar_sim_500_final/rgb/000210.png,1758,robot_gripper,reflective_metal;partial_occlusion,0.8139317729083665,0.7675988848231399,0.981202244758606,0.5563034931432672,1.7975799403123032,cuda,10
SAM2.1-Tiny,auto,train,data/cogar_sim_500_final/rgb/000210.png,1759,robot_gripper,reflective_metal;partial_occlusion,0.8735971647962197,0.7711762133799738,0.8554381728172302,0.5563034931432672,1.7975799403123032,cuda,10
SAM2.1-Tiny,auto,train,data/cogar_sim_500_final/rgb/000210.png,1760,robot_gripper,reflective_metal;partial_occlusion,0.9556650246305419,1.0,0.9004903435707092,0.5563034931432672,1.7975799403123032,cuda,10
SAM2.1-Tiny,auto,train,data/cogar_sim_500_final/rgb/000211.png,1762,glass_object,transparent_glass;partial_occlusion,0.9807443783923494,1.0,0.9537432789802551,0.6481836689999909,1.5427725933650667,cuda,10
SAM2.1-Tiny,auto,train,data/cogar_sim_500_final/rgb/000211.png,1763,plastic_object,transparent_glass;partial_occlusion,0.9867795909935964,1.0,0.9874405860900879,0.6481836689999909,1.5427725933650667,cuda,10
SAM2.1-Tiny,auto,train,data/cogar_sim_500_final/rgb/000211.png,1764,glass_object,transparent_glass;partial_occlusion,0.9901130948147094,1.0,0.9653210639953613,0.6481836689999909,1.5427725933650667,cuda,10
SAM2.1-Tiny,auto,train,data/cogar_sim_500_final/rgb/000211.png,1765,robot_gripper,transparent_glass;partial_occlusion,0.9000309693403531,0.7577349678925862,0.8221206665039062,0.6481836689999909,1.5427725933650667,cuda,10
SAM2.1-Tiny,auto,train,data/cogar_sim_500_final/rgb/000211.png,1766,robot_gripper,transparent_glass;partial_occlusion,0.707345971563981,0.7250632096413985,0.9293654561042786,0.6481836689999909,1.5427725933650667,cuda,10
SAM2.1-Tiny,auto,train,data/cogar_sim_500_final/rgb/000211.png,1767,robot_gripper,transparent_glass;partial_occlusion,0.045755546410266,0.2335237974976587,0.8562043309211731,0.6481836689999909,1.5427725933650667,cuda,10
SAM2.1-Tiny,auto,train,data/cogar_sim_500_final/rgb/000212.png,1769,box,partial_occlusion,0.9713465369741006,0.9188568837994173,0.9827308058738708,0.47448127155560843,2.1075647448032133,cuda,16
SAM2.1-Tiny,auto,train,data/cogar_sim_500_final/rgb/000212.png,1770,tool,partial_occlusion;reflective_metal,0.9711200728502667,0.9796122705056658,0.9644078016281128,0.47448127155560843,2.1075647448032133,cuda,16
SAM2.1-Tiny,auto,train,data/cogar_sim_500_final/rgb/000212.png,1771,metal_part,partial_occlusion;reflective_metal,0.9695919104369809,0.9629183319131944,0.9824655055999756,0.47448127155560843,2.1075647448032133,cuda,16
SAM2.1-Tiny,auto,train,data/cogar_sim_500_final/rgb/000212.png,1772,plastic_object,partial_occlusion,0.9832939894679499,1.0,0.9731519818305969,0.47448127155560843,2.1075647448032133,cuda,16
SAM2.1-Tiny,auto,train,data/cogar_sim_500_final/rgb/000212.png,1773,plastic_object,partial_occlusion,0.93127776326104,0.8707124010554089,0.9691684246063232,0.47448127155560843,2.1075647448032133,cuda,16
SAM2.1-Tiny,auto,train,data/cogar_sim_500_final/rgb/000212.png,1774,plastic_object,partial_occlusion,0.9069244604316546,0.8553207343551267,0.9627683162689209,0.47448127155560843,2.1075647448032133,cuda,16
SAM2.1-Tiny,auto,train,data/cogar_sim_500_final/rgb/000212.png,1775,robot_gripper,partial_occlusion,0.8736263736263736,0.8426008293530772,0.962061882019043,0.47448127155560843,2.1075647448032133,cuda,16
SAM2.1-Tiny,auto,train,data/cogar_sim_500_final/rgb/000212.png,1776,robot_gripper,partial_occlusion,0.9519388312397596,1.0,0.9477608799934387,0.47448127155560843,2.1075647448032133,cuda,16
SAM2.1-Tiny,auto,train,data/cogar_sim_500_final/rgb/000212.png,1777,robot_gripper,partial_occlusion,0.03742136920887093,0.18704087510615178,0.9592559337615967,0.47448127155560843,2.1075647448032133,cuda,16
SAM2.1-Tiny,auto,train,data/cogar_sim_500_final/rgb/000213.png,1780,screw,small_parts;partial_occlusion,0.8208232445520581,0.7681862269641124,0.9279348254203796,0.3309087669161575,3.021980980798162,cuda,14
SAM2.1-Tiny,auto,train,data/cogar_sim_500_final/rgb/000213.png,1781,cable,small_parts;partial_occlusion,0.42010215249908794,0.6078431372549019,0.8790640830993652,0.3309087669161575,3.021980980798162,cuda,14
SAM2.1-Tiny,auto,train,data/cogar_sim_500_final/rgb/000213.png,1782,connector,small_parts;partial_occlusion,0.975132490827558,0.9853862212943633,0.9741606116294861,0.3309087669161575,3.021980980798162,cuda,14
SAM2.1-Tiny,auto,train,data/cogar_sim_500_final/rgb/000213.png,1783,plastic_object,small_parts;partial_occlusion,0.003484320557491289,0.31020408163265306,0.8281692862510681,0.3309087669161575,3.021980980798162,cuda,14
SAM2.1-Tiny,auto,train,data/cogar_sim_500_final/rgb/000213.png,1784,plastic_object,small_parts;partial_occlusion,0.0,0.0,0.9864543080329895,0.3309087669161575,3.021980980798162,cuda,14
SAM2.1-Tiny,auto,train,data/cogar_sim_500_final/rgb/000213.png,1785,cable,small_parts;partial_occlusion,0.9729878721058435,1.0,0.966508686542511,0.3309087669161575,3.021980980798162,cuda,14
SAM2.1-Tiny,auto,train,data/cogar_sim_500_final/rgb/000213.png,1786,box,small_parts;partial_occlusion,0.9835864641620037,0.9755784061696657,0.9650912880897522,0.3309087669161575,3.021980980798162,cuda,14
SAM2.1-Tiny,auto,train,data/cogar_sim_500_final/rgb/000213.png,1787,tool,small_parts;reflective_metal;partial_occlusion,0.005568445475638051,0.19632914002887192,0.8790640830993652,0.3309087669161575,3.021980980798162,cuda,14
SAM2.1-Tiny,auto,train,data/cogar_sim_500_final/rgb/000213.png,1788,screw,small_parts;partial_occlusion,0.9602564102564103,1.0,0.9651365876197815,0.3309087669161575,3.021980980798162,cuda,14
SAM2.1-Tiny,auto,train,data/cogar_sim_500_final/rgb/000213.png,1789,robot_gripper,small_parts;partial_occlusion,0.426220621829868,0.46081128517433073,0.8018442988395691,0.3309087669161575,3.021980980798162,cuda,14
SAM2.1-Tiny,auto,train,data/cogar_sim_500_final/rgb/000213.png,1790,robot_gripper,small_parts;partial_occlusion,0.44811222578362403,0.3123871208818584,0.8018442988395691,0.3309087669161575,3.021980980798162,cuda,14
SAM2.1-Tiny,auto,train,data/cogar_sim_500_final/rgb/000213.png,1791,robot_gripper,small_parts;partial_occlusion,0.07562214887067463,0.1913834356284088,0.8018442988395691,0.3309087669161575,3.021980980798162,cuda,14
SAM2.1-Tiny,auto,train,data/cogar_sim_500_final/rgb/000214.png,1794,metal_part,dynamic_scene;reflective_metal;partial_occlusion,0.949309705336905,0.9773437903767637,0.9376415014266968,0.4623324787498859,2.1629455985959036,cuda,12
SAM2.1-Tiny,auto,train,data/cogar_sim_500_final/rgb/000214.png,1795,plastic_object,dynamic_scene;partial_occlusion,0.9875111507582516,1.0,0.9766546487808228,0.4623324787498859,2.1629455985959036,cuda,12
SAM2.1-Tiny,auto,train,data/cogar_sim_500_final/rgb/000214.png,1796,tool,dynamic_scene;reflective_metal;partial_occlusion,0.9029901848892947,0.6341423816868252,0.9800863265991211,0.4623324787498859,2.1629455985959036,cuda,12
SAM2.1-Tiny,auto,train,data/cogar_sim_500_final/rgb/000214.png,1797,cable,dynamic_scene;partial_occlusion,0.6155244029075805,0.5160454098507196,0.8926679491996765,0.4623324787498859,2.1629455985959036,cuda,12
SAM2.1-Tiny,auto,train,data/cogar_sim_500_final/rgb/000214.png,1798,connector,dynamic_scene;partial_occlusion;small_parts,0.9715527459502173,1.0,0.9654744863510132,0.4623324787498859,2.1629455985959036,cuda,12
SAM2.1-Tiny,auto,train,data/cogar_sim_500_final/rgb/000214.png,1799,robot_gripper,dynamic_scene;partial_occlusion,0.9767998468215471,0.9487829764995475,0.8531064987182617,0.4623324787498859,2.1629455985959036,cuda,12
SAM2.1-Tiny,auto,train,data/cogar_sim_500_final/rgb/000214.png,1800,robot_gripper,dynamic_scene;partial_occlusion,0.6105683836589698,0.6923076923076924,0.9516137838363647,0.4623324787498859,2.1629455985959036,cuda,12
SAM2.1-Tiny,auto,train,data/cogar_sim_500_final/rgb/000214.png,1801,robot_gripper,dynamic_scene;partial_occlusion,0.5580828594638505,0.7037037037037037,0.9619287252426147,0.4623324787498859,2.1629455985959036,cuda,12
SAM2.1-Tiny,auto,train,data/cogar_sim_500_final/rgb/000216.png,1806,glass_object,transparent_glass;partial_occlusion,0.0,0.0,0.9904441237449646,0.4170365701114254,2.3978712459984415,cuda,12
SAM2.1-Tiny,auto,train,data/cogar_sim_500_final/rgb/000216.png,1807,glass_object,transparent_glass;partial_occlusion,0.02452526552944963,0.08370397375136711,0.9194599986076355,0.4170365701114254,2.3978712459984415,cuda,12
SAM2.1-Tiny,auto,train,data/cogar_sim_500_final/rgb/000216.png,1808,glass_object,transparent_glass;partial_occlusion,0.9935006460201246,1.0,0.9629508852958679,0.4170365701114254,2.3978712459984415,cuda,12
SAM2.1-Tiny,auto,train,data/cogar_sim_500_final/rgb/000216.png,1809,box,transparent_glass;partial_occlusion,0.0005810575246949448,0.38179519595448796,0.9386662840843201,0.4170365701114254,2.3978712459984415,cuda,12
SAM2.1-Tiny,auto,train,data/cogar_sim_500_final/rgb/000216.png,1810,glass_object,transparent_glass;partial_occlusion,6.501527859046876e-05,0.09631147540983608,0.9629508852958679,0.4170365701114254,2.3978712459984415,cuda,12
SAM2.1-Tiny,auto,train,data/cogar_sim_500_final/rgb/000216.png,1811,glass_object,transparent_glass;partial_occlusion,0.9847183289628357,0.9772109554672799,0.8946138620376587,0.4170365701114254,2.3978712459984415,cuda,12
SAM2.1-Tiny,auto,train,data/cogar_sim_500_final/rgb/000216.png,1812,robot_gripper,transparent_glass;partial_occlusion,0.9366732698574989,0.8412300012619711,0.8585748076438904,0.4170365701114254,2.3978712459984415,cuda,12
SAM2.1-Tiny,auto,train,data/cogar_sim_500_final/rgb/000216.png,1813,robot_gripper,transparent_glass;partial_occlusion,0.20641489912053804,0.35968379446640314,0.8233917355537415,0.4170365701114254,2.3978712459984415,cuda,12
SAM2.1-Tiny,auto,train,data/cogar_sim_500_final/rgb/000216.png,1814,robot_gripper,transparent_glass;partial_occlusion,0.7293712316968131,0.7765293383270911,0.9386662840843201,0.4170365701114254,2.3978712459984415,cuda,12
SAM2.1-Tiny,auto,train,data/cogar_sim_500_final/rgb/000217.png,1817,box,partial_occlusion,0.9838152783772119,0.9933142311365807,0.9770227670669556,0.4320420980002382,2.314589260233267,cuda,15
SAM2.1-Tiny,auto,train,data/cogar_sim_500_final/rgb/000217.png,1818,metal_part,partial_occlusion;reflective_metal,0.9543918918918919,1.0,0.9288914799690247,0.4320420980002382,2.314589260233267,cuda,15
SAM2.1-Tiny,auto,train,data/cogar_sim_500_final/rgb/000217.png,1819,screw,partial_occlusion;small_parts,0.042091152815013404,0.23176214648295868,0.9700583815574646,0.4320420980002382,2.314589260233267,cuda,15
SAM2.1-Tiny,auto,train,data/cogar_sim_500_final/rgb/000217.png,1820,glass_object,partial_occlusion;transparent_glass,0.9497303543913713,0.935251798561151,0.955345630645752,0.4320420980002382,2.314589260233267,cuda,15
SAM2.1-Tiny,auto,train,data/cogar_sim_500_final/rgb/000217.png,1821,tool,partial_occlusion;reflective_metal,0.20748299319727892,0.47813411078717205,0.9135522842407227,0.4320420980002382,2.314589260233267,cuda,15
SAM2.1-Tiny,auto,train,data/cogar_sim_500_final/rgb/000217.png,1822,plastic_object,partial_occlusion,0.9812200492164227,1.0,0.9727258682250977,0.4320420980002382,2.314589260233267,cuda,15
SAM2.1-Tiny,auto,train,data/cogar_sim_500_final/rgb/000217.png,1823,robot_gripper,partial_occlusion,0.9540715393252419,0.903480622068625,0.805290937423706,0.4320420980002382,2.314589260233267,cuda,15
SAM2.1-Tiny,auto,train,data/cogar_sim_500_final/rgb/000217.png,1824,robot_gripper,partial_occlusion,0.6559362079149439,0.7375886524822695,0.9522969722747803,0.4320420980002382,2.314589260233267,cuda,15
SAM2.1-Tiny,auto,train,data/cogar_sim_500_final/rgb/000217.png,1825,robot_gripper,partial_occlusion,0.7581192438196801,0.8032238065716057,0.9135522842407227,0.4320420980002382,2.314589260233267,cuda,15
SAM2.1-Tiny,auto,train,data/cogar_sim_500_final/rgb/000218.png,1828,screw,small_parts;partial_occlusion,0.0,0.014588859416445625,0.9895015358924866,0.298942552153536,3.3451243150102066,cuda,15
SAM2.1-Tiny,auto,train,data/cogar_sim_500_final/rgb/000218.png,1829,connector,small_parts;partial_occlusion,0.9515467759970183,0.948511856398205,0.9726734161376953,0.298942552153536,3.3451243150102066,cuda,15
SAM2.1-Tiny,auto,train,data/cogar_sim_500_final/rgb/000218.png,1830,screw,small_parts;partial_occlusion,0.029654654654654656,0.14960441141213138,0.9726734161376953,0.298942552153536,3.3451243150102066,cuda,15
SAM2.1-Tiny,auto,train,data/cogar_sim_500_final/rgb/000218.png,1831,box,small_parts;partial_occlusion,0.2582334664891256,0.42243415871904805,0.875158429145813,0.298942552153536,3.3451243150102066,cuda,15
SAM2.1-Tiny,auto,train,data/cogar_sim_500_final/rgb/000218.png,1832,screw,small_parts;partial_occlusion,0.9333333333333333,1.0,0.9586212635040283,0.298942552153536,3.3451243150102066,cuda,15
SAM2.1-Tiny,auto,train,data/cogar_sim_500_final/rgb/000218.png,1833,connector,small_parts;partial_occlusion,0.0,0.0,0.9895015358924866,0.298942552153536,3.3451243150102066,cuda,15
SAM2.1-Tiny,auto,train,data/cogar_sim_500_final/rgb/000218.png,1834,connector,small_parts;partial_occlusion,0.9351432880844646,0.9200779727095516,0.9011966586112976,0.298942552153536,3.3451243150102066,cuda,15
SAM2.1-Tiny,auto,train,data/cogar_sim_500_final/rgb/000218.png,1835,plastic_object,small_parts;partial_occlusion,0.9739952718676123,1.0,0.8499950766563416,0.298942552153536,3.3451243150102066,cuda,15
SAM2.1-Tiny,auto,train,data/cogar_sim_500_final/rgb/000218.png,1836,screw,small_parts;partial_occlusion,0.0,0.032392208360691614,0.9895015358924866,0.298942552153536,3.3451243150102066,cuda,15
SAM2.1-Tiny,auto,train,data/cogar_sim_500_final/rgb/000218.png,1837,connector,small_parts;partial_occlusion,0.953083109919571,1.0,0.9529383778572083,0.298942552153536,3.3451243150102066,cuda,15
SAM2.1-Tiny,auto,train,data/cogar_sim_500_final/rgb/000218.png,1838,robot_gripper,small_parts;partial_occlusion,0.8461594413732907,0.7935367263945512,0.9703806638717651,0.298942552153536,3.3451243150102066,cuda,15
SAM2.1-Tiny,auto,train,data/cogar_sim_500_final/rgb/000218.png,1839,robot_gripper,small_parts;partial_occlusion,0.966228226093139,1.0,0.9583120942115784,0.298942552153536,3.3451243150102066,cuda,15
SAM2.1-Tiny,auto,train,data/cogar_sim_500_final/rgb/000218.png,1840,robot_gripper,small_parts;partial_occlusion,0.9267015706806283,0.8669724770642202,0.9543589353561401,0.298942552153536,3.3451243150102066,cuda,15
SAM2.1-Tiny,auto,train,data/cogar_sim_500_final/rgb/000219.png,1843,metal_part,dynamic_scene;reflective_metal;partial_occlusion,0.001251137397634213,0.1471035386631717,0.9731491804122925,0.4608165244999327,2.170061069500875,cuda,11
SAM2.1-Tiny,auto,train,data/cogar_sim_500_final/rgb/000219.png,1844,plastic_object,dynamic_scene;partial_occlusion,0.9751672862453532,1.0,0.9535986185073853,0.4608165244999327,2.170061069500875,cuda,11
SAM2.1-Tiny,auto,train,data/cogar_sim_500_final/rgb/000219.png,1845,cable,dynamic_scene;partial_occlusion,0.0006600369620698759,0.06992990516581257,0.9731491804122925,0.4608165244999327,2.170061069500875,cuda,11
SAM2.1-Tiny,auto,train,data/cogar_sim_500_final/rgb/000219.png,1846,plastic_object,dynamic_scene;partial_occlusion,0.9925405879771829,1.0,0.977633535861969,0.4608165244999327,2.170061069500875,cuda,11
SAM2.1-Tiny,auto,train,data/cogar_sim_500_final/rgb/000219.png,1847,plastic_object,dynamic_scene;partial_occlusion,0.9734632683658171,1.0,0.9774462580680847,0.4608165244999327,2.170061069500875,cuda,11
SAM2.1-Tiny,auto,train,data/cogar_sim_500_final/rgb/000219.png,1848,robot_gripper,dynamic_scene;partial_occlusion,0.9036018792413433,0.8423634262367877,0.9734302163124084,0.4608165244999327,2.170061069500875,cuda,11
SAM2.1-Tiny,auto,train,data/cogar_sim_500_final/rgb/000219.png,1849,robot_gripper,dynamic_scene;partial_occlusion,0.03120884155070721,0.20426493769146123,0.9731491804122925,0.4608165244999327,2.170061069500875,cuda,11
SAM2.1-Tiny,auto,train,data/cogar_sim_500_final/rgb/000219.png,1850,robot_gripper,dynamic_scene;partial_occlusion,0.053861613551536035,0.19131405311361324,0.9731491804122925,0.4608165244999327,2.170061069500875,cuda,11
SAM2.1-Tiny,auto,train,data/cogar_sim_500_final/rgb/000220.png,1852,metal_part,reflective_metal,0.9745019920318725,1.0,0.9574159979820251,0.4297181592002744,2.3271066828105353,cuda,11
SAM2.1-Tiny,auto,train,data/cogar_sim_500_final/rgb/000220.png,1853,metal_part,reflective_metal,0.9153415453527436,0.8595746269353168,0.9320951104164124,0.4297181592002744,2.3271066828105353,cuda,11
SAM2.1-Tiny,auto,train,data/cogar_sim_500_final/rgb/000220.png,1854,metal_part,reflective_metal,0.9667888227210261,1.0,0.966548502445221,0.4297181592002744,2.3271066828105353,cuda,11
SAM2.1-Tiny,auto,train,data/cogar_sim_500_final/rgb/000220.png,1855,metal_part,reflective_metal,0.9637085341650128,0.9735041765884265,0.9449604749679565,0.4297181592002744,2.3271066828105353,cuda,11
SAM2.1-Tiny,auto,train,data/cogar_sim_500_final/rgb/000220.png,1856,metal_part,reflective_metal,0.9342338352524358,0.8765412200821983,0.9203031063079834,0.4297181592002744,2.3271066828105353,cuda,11
SAM2.1-Tiny,auto,train,data/cogar_sim_500_final/rgb/000220.png,1857,tool,reflective_metal,0.29347117444351306,0.6168928439781761,0.945412278175354,0.4297181592002744,2.3271066828105353,cuda,11
SAM2.1-Tiny,auto,train,data/cogar_sim_500_final/rgb/000220.png,1858,metal_part,reflective_metal,0.6618249534450652,0.5077448601711149,0.945412278175354,0.4297181592002744,2.3271066828105353,cuda,11
SAM2.1-Tiny,auto,train,data/cogar_sim_500_final/rgb/000220.png,1859,metal_part,reflective_metal,0.9126074498567335,1.0,0.9660549759864807,0.4297181592002744,2.3271066828105353,cuda,11
SAM2.1-Tiny,auto,train,data/cogar_sim_500_final/rgb/000220.png,1860,connector,reflective_metal;small_parts,0.897203947368421,1.0,0.9365620017051697,0.4297181592002744,2.3271066828105353,cuda,11
SAM2.1-Tiny,auto,train,data/cogar_sim_500_final/rgb/000220.png,1861,metal_part,reflective_metal,0.887459807073955,0.9144736842105263,0.9480101466178894,0.4297181592002744,2.3271066828105353,cuda,11
SAM2.1-Tiny,auto,train,data/cogar_sim_500_final/rgb/000221.png,1864,metal_part,transparent_glass;reflective_metal;partial_occlusion,0.960981308411215,0.9177877428998504,0.8850646018981934,0.45104823144437334,2.2170578006652213,cuda,17
SAM2.1-Tiny,auto,train,data/cogar_sim_500_final/rgb/000221.png,1865,tool,transparent_glass;reflective_metal;partial_occlusion,0.9502457002457002,0.9221178885880086,0.960570216178894,0.45104823144437334,2.2170578006652213,cuda,17
SAM2.1-Tiny,auto,train,data/cogar_sim_500_final/rgb/000221.png,1866,plastic_object,transparent_glass;partial_occlusion,0.00199203187250996,0.2051563357103675,0.9046130776405334,0.45104823144437334,2.2170578006652213,cuda,17
SAM2.1-Tiny,auto,train,data/cogar_sim_500_final/rgb/000221.png,1867,glass_object,transparent_glass;partial_occlusion,0.9807726386673755,1.0,0.923407256603241,0.45104823144437334,2.2170578006652213,cuda,17
SAM2.1-Tiny,auto,train,data/cogar_sim_500_final/rgb/000221.png,1868,metal_part,transparent_glass;reflective_metal;partial_occlusion,0.9845207382417146,0.9924812030075187,0.9666773080825806,0.45104823144437334,2.2170578006652213,cuda,17
SAM2.1-Tiny,auto,train,data/cogar_sim_500_final/rgb/000221.png,1869,glass_object,transparent_glass;partial_occlusion,0.9101294744859101,0.9393830559878688,0.8345434665679932,0.45104823144437334,2.2170578006652213,cuda,17
SAM2.1-Tiny,auto,train,data/cogar_sim_500_final/rgb/000221.png,1870,robot_gripper,transparent_glass;partial_occlusion,0.010292099588316016,0.4030131826741997,0.9325201511383057,0.45104823144437334,2.2170578006652213,cuda,17
SAM2.1-Tiny,auto,train,data/cogar_sim_500_final/rgb/000221.png,1871,robot_gripper,transparent_glass;partial_occlusion,0.9140088817117481,0.9826727623077796,0.9325201511383057,0.45104823144437334,2.2170578006652213,cuda,17
SAM2.1-Tiny,auto,train,data/cogar_sim_500_final/rgb/000221.png,1872,robot_gripper,transparent_glass;partial_occlusion,0.9679561200923787,1.0,0.9524345397949219,0.45104823144437334,2.2170578006652213,cuda,17
SAM2.1-Tiny,auto,train,data/cogar_sim_500_final/rgb/000223.png,1876,connector,small_parts;partial_occlusion,0.9551770506499327,0.985663082437276,0.9533718228340149,0.2845394131999152,3.5144516141157838,cuda,15
SAM2.1-Tiny,auto,train,data/cogar_sim_500_final/rgb/000223.png,1877,cable,small_parts;partial_occlusion,0.00249708673214583,0.14595597302194915,0.9533718228340149,0.2845394131999152,3.5144516141157838,cuda,15
SAM2.1-Tiny,auto,train,data/cogar_sim_500_final/rgb/000223.png,1878,metal_part,small_parts;reflective_metal;partial_occlusion,0.9717628075837031,1.0,0.9729887843132019,0.2845394131999152,3.5144516141157838,cuda,15
SAM2.1-Tiny,auto,train,data/cogar_sim_500_final/rgb/000223.png,1879,connector,small_parts;partial_occlusion,0.9759694156198798,1.0,0.8715513944625854,0.2845394131999152,3.5144516141157838,cuda,15
SAM2.1-Tiny,auto,train,data/cogar_sim_500_final/rgb/000223.png,1880,connector,small_parts;partial_occlusion,0.9674092409240924,1.0,0.9456296563148499,0.2845394131999152,3.5144516141157838,cuda,15
SAM2.1-Tiny,auto,train,data/cogar_sim_500_final/rgb/000223.png,1881,screw,small_parts;partial_occlusion,0.5737483085250338,0.6454545454545454,0.8655330538749695,0.2845394131999152,3.5144516141157838,cuda,15
SAM2.1-Tiny,auto,train,data/cogar_sim_500_final/rgb/000223.png,1882,connector,small_parts;partial_occlusion,0.9582132564841499,1.0,0.9665629863739014,0.2845394131999152,3.5144516141157838,cuda,15
SAM2.1-Tiny,auto,train,data/cogar_sim_500_final/rgb/000223.png,1883,screw,small_parts;partial_occlusion,0.006172839506172839,0.1843806294373212,0.9533718228340149,0.2845394131999152,3.5144516141157838,cuda,15
SAM2.1-Tiny,auto,train,data/cogar_sim_500_final/rgb/000223.png,1884,connector,small_parts;partial_occlusion,0.9577072899276572,0.992094861660079,0.8782885670661926,0.2845394131999152,3.5144516141157838,cuda,15
SAM2.1-Tiny,auto,train,data/cogar_sim_500_final/rgb/000223.png,1885,connector,small_parts;partial_occlusion,0.8959183673469387,1.0,0.9417040944099426,0.2845394131999152,3.5144516141157838,cuda,15
SAM2.1-Tiny,auto,train,data/cogar_sim_500_final/rgb/000223.png,1886,metal_part,small_parts;reflective_metal;partial_occlusion,0.9782222222222222,1.0,0.8892117142677307,0.2845394131999152,3.5144516141157838,cuda,15
SAM2.1-Tiny,auto,train,data/cogar_sim_500_final/rgb/000223.png,1887,connector,small_parts;partial_occlusion,0.9001956947162426,0.9902912621359222,0.8526092171669006,0.2845394131999152,3.5144516141157838,cuda,15
SAM2.1-Tiny,auto,train,data/cogar_sim_500_final/rgb/000223.png,1888,robot_gripper,small_parts;partial_occlusion,0.9133296383538867,0.8435037993566734,0.8530492186546326,0.2845394131999152,3.5144516141157838,cuda,15
SAM2.1-Tiny,auto,train,data/cogar_sim_500_final/rgb/000223.png,1889,robot_gripper,small_parts;partial_occlusion,0.02916143435189061,0.16961784775607408,0.9228084087371826,0.2845394131999152,3.5144516141157838,cuda,15
SAM2.1-Tiny,auto,train,data/cogar_sim_500_final/rgb/000223.png,1890,robot_gripper,small_parts;partial_occlusion,0.042100084340736574,0.18967373393386794,0.8530492186546326,0.2845394131999152,3.5144516141157838,cuda,15
SAM2.1-Tiny,auto,train,data/cogar_sim_500_final/rgb/000224.png,1892,plastic_object,dynamic_scene;partial_occlusion,0.9759183673469388,1.0,0.9796482920646667,0.4838561713750096,2.066729865526416,cuda,9
SAM2.1-Tiny,auto,train,data/cogar_sim_500_final/rgb/000224.png,1893,connector,dynamic_scene;partial_occlusion;small_parts,0.02553191489361702,0.16506189821182943,0.8911281228065491,0.4838561713750096,2.066729865526416,cuda,9
SAM2.1-Tiny,auto,train,data/cogar_sim_500_final/rgb/000224.png,1895,cable,dynamic_scene;partial_occlusion,0.7433297758804696,0.6130067926130334,0.9615457653999329,0.4838561713750096,2.066729865526416,cuda,9
SAM2.1-Tiny,auto,train,data/cogar_sim_500_final/rgb/000224.png,1896,connector,dynamic_scene;partial_occlusion;small_parts,0.0,0.0,0.9916695356369019,0.4838561713750096,2.066729865526416,cuda,9
SAM2.1-Tiny,auto,train,data/cogar_sim_500_final/rgb/000224.png,1897,cable,dynamic_scene;partial_occlusion,0.0017937219730941704,0.04466501240694789,0.8911281228065491,0.4838561713750096,2.066729865526416,cuda,9
SAM2.1-Tiny,auto,train,data/cogar_sim_500_final/rgb/000224.png,1898,robot_gripper,dynamic_scene;partial_occlusion,0.8707695511819223,0.7508332925318157,0.8464047908782959,0.4838561713750096,2.066729865526416,cuda,9
SAM2.1-Tiny,auto,train,data/cogar_sim_500_final/rgb/000224.png,1899,robot_gripper,dynamic_scene;partial_occlusion,0.6402569593147751,0.6420166742219682,0.9282146692276001,0.4838561713750096,2.066729865526416,cuda,9
SAM2.1-Tiny,auto,train,data/cogar_sim_500_final/rgb/000224.png,1900,robot_gripper,dynamic_scene;partial_occlusion,0.0473866359038069,0.27320292246052325,0.8464047908782959,0.4838561713750096,2.066729865526416,cuda,9
SAM2.1-Tiny,auto,train,data/cogar_sim_500_final/rgb/000225.png,1902,tool,reflective_metal;partial_occlusion,0.6846977672898893,0.6528647532351447,0.9255329966545105,0.701984266834188,1.4245333510248097,cuda,8
SAM2.1-Tiny,auto,train,data/cogar_sim_500_final/rgb/000225.png,1903,box,reflective_metal;partial_occlusion,0.9550886277633938,0.8649067337965204,0.9492737650871277,0.701984266834188,1.4245333510248097,cuda,8
SAM2.1-Tiny,auto,train,data/cogar_sim_500_final/rgb/000225.png,1904,screw,reflective_metal;partial_occlusion;small_parts,0.7852760736196319,0.814070351758794,0.9636346101760864,0.701984266834188,1.4245333510248097,cuda,8
SAM2.1-Tiny,auto,train,data/cogar_sim_500_final/rgb/000225.png,1905,robot_gripper,reflective_metal;partial_occlusion,0.8221150278293136,0.775990099009901,0.9130186438560486,0.701984266834188,1.4245333510248097,cuda,8
SAM2.1-Tiny,auto,train,data/cogar_sim_500_final/rgb/000225.png,1906,robot_gripper,reflective_metal;partial_occlusion,0.10035410231296617,0.09416833358978305,0.9130186438560486,0.701984266834188,1.4245333510248097,cuda,8
SAM2.1-Tiny,auto,train,data/cogar_sim_500_final/rgb/000225.png,1907,robot_gripper,reflective_metal;partial_occlusion,0.8283450704225352,0.8105900074038143,0.9412010908126831,0.701984266834188,1.4245333510248097,cuda,8
SAM2.1-Tiny,auto,train,data/cogar_sim_500_final/rgb/000227.png,1911,plastic_object,partial_occlusion,0.9761904761904762,1.0,0.96417236328125,0.4780657938883653,2.0917622904296587,cuda,12
SAM2.1-Tiny,auto,train,data/cogar_sim_500_final/rgb/000227.png,1912,metal_part,partial_occlusion;reflective_metal,0.0702447281190493,0.21443835514911452,0.911777675151825,0.4780657938883653,2.0917622904296587,cuda,12
SAM2.1-Tiny,auto,train,data/cogar_sim_500_final/rgb/000227.png,1913,screw,partial_occlusion;small_parts,0.0025550942190993293,0.1347233360064154,0.96417236328125,0.4780657938883653,2.0917622904296587,cuda,12
SAM2.1-Tiny,auto,train,data/cogar_sim_500_final/rgb/000227.png,1914,plastic_object,partial_occlusion,0.9664729548502459,1.0,0.9715059399604797,0.4780657938883653,2.0917622904296587,cuda,12
SAM2.1-Tiny,auto,train,data/cogar_sim_500_final/rgb/000227.png,1915,metal_part,partial_occlusion;reflective_metal,0.9599309153713299,0.9957805152777529,0.9689009785652161,0.4780657938883653,2.0917622904296587,cuda,12
SAM2.1-Tiny,auto,train,data/cogar_sim_500_final/rgb/000227.png,1916,connector,partial_occlusion;small_parts,0.9567567567567568,1.0,0.964918315410614,0.4780657938883653,2.0917622904296587,cuda,12
SAM2.1-Tiny,auto,train,data/cogar_sim_500_final/rgb/000227.png,1917,robot_gripper,partial_occlusion,0.7237809187279152,0.6624523013143637,0.911777675151825,0.4780657938883653,2.0917622904296587,cuda,12
SAM2.1-Tiny,auto,train,data/cogar_sim_500_final/rgb/000227.png,1918,robot_gripper,partial_occlusion,0.8257328990228013,0.7979002624671916,0.9030910730361938,0.4780657938883653,2.0917622904296587,cuda,12
SAM2.1-Tiny,auto,train,data/cogar_sim_500_final/rgb/000227.png,1919,robot_gripper,partial_occlusion,0.15445769449176605,0.25287705904640156,0.911777675151825,0.4780657938883653,2.0917622904296587,cuda,12
SAM2.1-Tiny,auto,train,data/cogar_sim_500_final/rgb/000228.png,1922,connector,small_parts;partial_occlusion,0.9440298507462687,0.9944341372912803,0.8951871395111084,0.3498720904542345,2.858187398433847,cuda,15
SAM2.1-Tiny,auto,train,data/cogar_sim_500_final/rgb/000228.png,1923,screw,small_parts;partial_occlusion,0.0,0.0,0.9898483157157898,0.3498720904542345,2.858187398433847,cuda,15
SAM2.1-Tiny,auto,train,data/cogar_sim_500_final/rgb/000228.png,1924,screw,small_parts;partial_occlusion,0.0004282838665467472,0.04104477611940298,0.9812664985656738,0.3498720904542345,2.858187398433847,cuda,15
SAM2.1-Tiny,auto,train,data/cogar_sim_500_final/rgb/000228.png,1925,connector,small_parts;partial_occlusion,0.9683333333333334,1.0,0.9581508636474609,0.3498720904542345,2.858187398433847,cuda,15
SAM2.1-Tiny,auto,train,data/cogar_sim_500_final/rgb/000228.png,1926,screw,small_parts;partial_occlusion,0.009345794392523364,0.12686905301314003,0.8951871395111084,0.3498720904542345,2.858187398433847,cuda,15
SAM2.1-Tiny,auto,train,data/cogar_sim_500_final/rgb/000228.png,1927,connector,small_parts;partial_occlusion,0.8925353925353925,0.8879712813645072,0.9732213020324707,0.3498720904542345,2.858187398433847,cuda,15
SAM2.1-Tiny,auto,train,data/cogar_sim_500_final/rgb/000228.png,1928,plastic_object,small_parts;partial_occlusion,0.9781786441664242,1.0,0.971352756023407,0.3498720904542345,2.858187398433847,cuda,15
SAM2.1-Tiny,auto,train,data/cogar_sim_500_final/rgb/000228.png,1929,tool,small_parts;reflective_metal;partial_occlusion,0.9755578266053483,0.9911400406387566,0.9466707706451416,0.3498720904542345,2.858187398433847,cuda,15
SAM2.1-Tiny,auto,train,data/cogar_sim_500_final/rgb/000228.png,1930,robot_gripper,small_parts;partial_occlusion,0.9688762299326774,0.9691704404267505,0.8214157223701477,0.3498720904542345,2.858187398433847,cuda,15
SAM2.1-Tiny,auto,train,data/cogar_sim_500_final/rgb/000228.png,1931,robot_gripper,small_parts;partial_occlusion,0.6279654924514737,0.7096569115683742,0.9140836000442505,0.3498720904542345,2.858187398433847,cuda,15
SAM2.1-Tiny,auto,train,data/cogar_sim_500_final/rgb/000228.png,1932,robot_gripper,small_parts;partial_occlusion,0.9310964649490713,0.9971509971509972,0.8705053329467773,0.3498720904542345,2.858187398433847,cuda,15
SAM2.1-Tiny,auto,train,data/cogar_sim_500_final/rgb/000229.png,1935,cable,dynamic_scene;partial_occlusion,0.9565714285714285,1.0,0.9518274068832397,0.5258462024285109,1.9016967230755093,cuda,11
SAM2.1-Tiny,auto,train,data/cogar_sim_500_final/rgb/000229.png,1936,cable,dynamic_scene;partial_occlusion,0.7615507169410515,0.5450333919715988,0.9464563131332397,0.5258462024285109,1.9016967230755093,cuda,11
SAM2.1-Tiny,auto,train,data/cogar_sim_500_final/rgb/000229.png,1937,plastic_object,dynamic_scene;partial_occlusion,0.9812314784326638,1.0,0.9282817244529724,0.5258462024285109,1.9016967230755093,cuda,11
SAM2.1-Tiny,auto,train,data/cogar_sim_500_final/rgb/000229.png,1938,cable,dynamic_scene;partial_occlusion,0.004397634885439763,0.14580521549511213,0.8883609771728516,0.5258462024285109,1.9016967230755093,cuda,11
SAM2.1-Tiny,auto,train,data/cogar_sim_500_final/rgb/000229.png,1939,robot_gripper,dynamic_scene;partial_occlusion,0.7759310557094491,0.7162124150189088,0.9403197169303894,0.5258462024285109,1.9016967230755093,cuda,11
SAM2.1-Tiny,auto,train,data/cogar_sim_500_final/rgb/000229.png,1940,robot_gripper,dynamic_scene;partial_occlusion,0.12700571117759044,0.23833452979181627,0.9403197169303894,0.5258462024285109,1.9016967230755093,cuda,11
SAM2.1-Tiny,auto,train,data/cogar_sim_500_final/rgb/000229.png,1941,robot_gripper,dynamic_scene;partial_occlusion,0.9692847740236946,1.0,0.9501793384552002,0.5258462024285109,1.9016967230755093,cuda,11
SAM2.1-Tiny,auto,train,data/cogar_sim_500_final/rgb/000231.png,1947,glass_object,transparent_glass,0.9893095768374165,1.0,0.973806619644165,0.4748766663751667,2.1058099308883924,cuda,19
SAM2.1-Tiny,auto,train,data/cogar_sim_500_final/rgb/000231.png,1948,metal_part,transparent_glass;reflective_metal,0.9663178154697462,0.8242424242424242,0.9634504318237305,0.4748766663751667,2.1058099308883924,cuda,19
SAM2.1-Tiny,auto,train,data/cogar_sim_500_final/rgb/000231.png,1949,glass_object,transparent_glass,0.2538531970090035,0.39961413567750437,0.8760368227958679,0.4748766663751667,2.1058099308883924,cuda,19
SAM2.1-Tiny,auto,train,data/cogar_sim_500_final/rgb/000231.png,1950,glass_object,transparent_glass,0.9118179467287303,0.8742331288343559,0.8439620733261108,0.4748766663751667,2.1058099308883924,cuda,19
SAM2.1-Tiny,auto,train,data/cogar_sim_500_final/rgb/000231.png,1951,glass_object,transparent_glass,0.9304857621440537,1.0,0.9505789279937744,0.4748766663751667,2.1058099308883924,cuda,19
SAM2.1-Tiny,auto,train,data/cogar_sim_500_final/rgb/000231.png,1952,glass_object,transparent_glass,0.8568527918781725,0.9691629955947136,0.9354786276817322,0.4748766663751667,2.1058099308883924,cuda,19
SAM2.1-Tiny,auto,train,data/cogar_sim_500_final/rgb/000231.png,1953,box,transparent_glass,0.9798012183392113,1.0,0.9014343023300171,0.4748766663751667,2.1058099308883924,cuda,19
SAM2.1-Tiny,auto,train,data/cogar_sim_500_final/rgb/000231.png,1954,glass_object,transparent_glass,0.9753667813801847,1.0,0.8381280899047852,0.4748766663751667,2.1058099308883924,cuda,19
SAM2.1-Tiny,auto,train,data/cogar_sim_500_final/rgb/000232.png,1957,metal_part,partial_occlusion;reflective_metal,0.972641715911578,0.9786628733997155,0.95977783203125,0.3258993430909785,3.0684320824814875,cuda,14
SAM2.1-Tiny,auto,train,data/cogar_sim_500_final/rgb/000232.png,1958,glass_object,partial_occlusion;transparent_glass,0.9326815194742747,0.771021899123675,0.871292769908905,0.3258993430909785,3.0684320824814875,cuda,14
SAM2.1-Tiny,auto,train,data/cogar_sim_500_final/rgb/000232.png,1959,box,partial_occlusion,0.8470167064439141,0.8234201490438068,0.9497508406639099,0.3258993430909785,3.0684320824814875,cuda,14
SAM2.1-Tiny,auto,train,data/cogar_sim_500_final/rgb/000232.png,1960,cable,partial_occlusion,0.28545780969479356,0.4543610547667343,0.8092924952507019,0.3258993430909785,3.0684320824814875,cuda,14
SAM2.1-Tiny,auto,train,data/cogar_sim_500_final/rgb/000232.png,1961,tool,partial_occlusion;reflective_metal,0.9802361776767626,1.0,0.9762962460517883,0.3258993430909785,3.0684320824814875,cuda,14
SAM2.1-Tiny,auto,train,data/cogar_sim_500_final/rgb/000232.png,1962,box,partial_occlusion,0.9878944732008682,0.9990243902439024,0.9351674318313599,0.3258993430909785,3.0684320824814875,cuda,14
SAM2.1-Tiny,auto,train,data/cogar_sim_500_final/rgb/000232.png,1963,plastic_object,partial_occlusion,0.5910095799557848,0.5321481158313792,0.9316826462745667,0.3258993430909785,3.0684320824814875,cuda,14
SAM2.1-Tiny,auto,train,data/cogar_sim_500_final/rgb/000232.png,1964,plastic_object,partial_occlusion,0.3742690058479532,0.7039971191933742,0.9316826462745667,0.3258993430909785,3.0684320824814875,cuda,14
SAM2.1-Tiny,auto,train,data/cogar_sim_500_final/rgb/000232.png,1965,robot_gripper,partial_occlusion,0.0016114341764170111,0.25417595743848526,0.9316826462745667,0.3258993430909785,3.0684320824814875,cuda,14
SAM2.1-Tiny,auto,train,data/cogar_sim_500_final/rgb/000232.png,1966,robot_gripper,partial_occlusion,0.0,0.0,0.9762962460517883,0.3258993430909785,3.0684320824814875,cuda,14
SAM2.1-Tiny,auto,train,data/cogar_sim_500_final/rgb/000232.png,1967,robot_gripper,partial_occlusion,0.6948408342480791,0.7638888888888888,0.8515649437904358,0.3258993430909785,3.0684320824814875,cuda,14
SAM2.1-Tiny,auto,train,data/cogar_sim_500_final/rgb/000234.png,1985,plastic_object,dynamic_scene,0.9918689876316995,1.0,0.9842928051948547,0.421941193333219,2.3699985111675774,cuda,18
SAM2.1-Tiny,auto,train,data/cogar_sim_500_final/rgb/000234.png,1986,plastic_object,dynamic_scene,0.9829189599544506,1.0,0.9811695218086243,0.421941193333219,2.3699985111675774,cuda,18
SAM2.1-Tiny,auto,train,data/cogar_sim_500_final/rgb/000234.png,1987,plastic_object,dynamic_scene,0.9775865972379443,0.9959514170040485,0.975741982460022,0.421941193333219,2.3699985111675774,cuda,18
SAM2.1-Tiny,auto,train,data/cogar_sim_500_final/rgb/000234.png,1988,cable,dynamic_scene,0.9779605263157894,1.0,0.9592236280441284,0.421941193333219,2.3699985111675774,cuda,18
SAM2.1-Tiny,auto,train,data/cogar_sim_500_final/rgb/000234.png,1989,cable,dynamic_scene,0.3498684704998121,0.482897384305835,0.9500292539596558,0.421941193333219,2.3699985111675774,cuda,18
SAM2.1-Tiny,auto,train,data/cogar_sim_500_final/rgb/000234.png,1990,connector,dynamic_scene;small_parts,0.9734453781512605,1.0,0.9821163415908813,0.421941193333219,2.3699985111675774,cuda,18
SAM2.1-Tiny,auto,train,data/cogar_sim_500_final/rgb/000234.png,1991,plastic_object,dynamic_scene,0.988808501017409,0.9916247906197655,0.9813870787620544,0.421941193333219,2.3699985111675774,cuda,18
SAM2.1-Tiny,auto,train,data/cogar_sim_500_final/rgb/000234.png,1992,box,dynamic_scene,0.976995414626564,0.9884678747940692,0.9566898941993713,0.421941193333219,2.3699985111675774,cuda,18
SAM2.1-Tiny,auto,train,data/cogar_sim_500_final/rgb/000234.png,1993,plastic_object,dynamic_scene,0.9914638712092849,1.0,0.9892084002494812,0.421941193333219,2.3699985111675774,cuda,18
SAM2.1-Tiny,auto,train,data/cogar_sim_500_final/rgb/000236.png,1998,connector,transparent_glass;small_parts,0.0,0.0,0.9906314611434937,0.3588673853999353,2.7865446699358385,cuda,21
SAM2.1-Tiny,auto,train,data/cogar_sim_500_final/rgb/000236.png,1999,plastic_object,transparent_glass,0.9844089204657588,1.0,0.9843018054962158,0.3588673853999353,2.7865446699358385,cuda,21
SAM2.1-Tiny,auto,train,data/cogar_sim_500_final/rgb/000236.png,2000,glass_object,transparent_glass,0.9906194163192377,0.9814323607427056,0.9179779291152954,0.3588673853999353,2.7865446699358385,cuda,21
SAM2.1-Tiny,auto,train,data/cogar_sim_500_final/rgb/000236.png,2001,cable,transparent_glass,0.6094023749270002,0.5229555994548969,0.9276276230812073,0.3588673853999353,2.7865446699358385,cuda,21
SAM2.1-Tiny,auto,train,data/cogar_sim_500_final/rgb/000236.png,2002,glass_object,transparent_glass,0.068581791204715,0.28596491228070176,0.8537926077842712,0.3588673853999353,2.7865446699358385,cuda,21
SAM2.1-Tiny,auto,train,data/cogar_sim_500_final/rgb/000236.png,2003,glass_object,transparent_glass,0.6551027975773557,0.5844875346260389,0.8537926077842712,0.3588673853999353,2.7865446699358385,cuda,21
SAM2.1-Tiny,auto,train,data/cogar_sim_500_final/rgb/000236.png,2004,connector,transparent_glass;small_parts,0.9721135029354208,1.0,0.9763070940971375,0.3588673853999353,2.7865446699358385,cuda,21
SAM2.1-Tiny,auto,train,data/cogar_sim_500_final/rgb/000236.png,2005,tool,transparent_glass;reflective_metal,0.6844553913519431,0.7427854454203261,0.8057065606117249,0.3588673853999353,2.7865446699358385,cuda,21
SAM2.1-Tiny,auto,train,data/cogar_sim_500_final/rgb/000236.png,2006,glass_object,transparent_glass,0.9587744426454103,0.794515927421355,0.9052301049232483,0.3588673853999353,2.7865446699358385,cuda,21
SAM2.1-Tiny,auto,train,data/cogar_sim_500_final/rgb/000236.png,2007,glass_object,transparent_glass,0.9607305071915215,0.9672396082996645,0.937821626663208,0.3588673853999353,2.7865446699358385,cuda,21
SAM2.1-Tiny,auto,train,data/cogar_sim_500_final/rgb/000237.png,2009,plastic_object,partial_occlusion,0.989437090520123,1.0,0.9735686182975769,0.32629237763599533,3.064736011441794,cuda,19
SAM2.1-Tiny,auto,train,data/cogar_sim_500_final/rgb/000237.png,2010,glass_object,partial_occlusion;transparent_glass,0.7116372570918026,0.4685788070749621,0.8151019811630249,0.32629237763599533,3.064736011441794,cuda,19
SAM2.1-Tiny,auto,train,data/cogar_sim_500_final/rgb/000237.png,2011,metal_part,partial_occlusion;reflective_metal,0.9855559287873699,1.0,0.9685910940170288,0.32629237763599533,3.064736011441794,cuda,19
SAM2.1-Tiny,auto,train,data/cogar_sim_500_final/rgb/000237.png,2012,box,partial_occlusion,0.9662433945894786,0.8501081816052822,0.9243606328964233,0.32629237763599533,3.064736011441794,cuda,19
SAM2.1-Tiny,auto,train,data/cogar_sim_500_final/rgb/000237.png,2013,metal_part,partial_occlusion;reflective_metal,0.983451536643026,0.9982300884955753,0.9728944301605225,0.32629237763599533,3.064736011441794,cuda,19
SAM2.1-Tiny,auto,train,data/cogar_sim_500_final/rgb/000237.png,2014,glass_object,partial_occlusion;transparent_glass,0.9744262850368363,1.0,0.9740411639213562,0.32629237763599533,3.064736011441794,cuda,19
SAM2.1-Tiny,auto,train,data/cogar_sim_500_final/rgb/000237.png,2015,connector,partial_occlusion;small_parts,0.25225767609873573,0.5122476170954188,0.9584372639656067,0.32629237763599533,3.064736011441794,cuda,19
SAM2.1-Tiny,auto,train,data/cogar_sim_500_final/rgb/000237.png,2016,box,partial_occlusion,0.9758153676064124,0.9357240277599861,0.9587953686714172,0.32629237763599533,3.064736011441794,cuda,19
SAM2.1-Tiny,auto,train,data/cogar_sim_500_final/rgb/000237.png,2017,robot_gripper,partial_occlusion,0.8417999324718377,0.8364378063821912,0.9637153148651123,0.32629237763599533,3.064736011441794,cuda,19
SAM2.1-Tiny,auto,train,data/cogar_sim_500_final/rgb/000237.png,2018,robot_gripper,partial_occlusion,0.06899557880316333,0.2012873025160913,0.9637153148651123,0.32629237763599533,3.064736011441794,cuda,19
SAM2.1-Tiny,auto,train,data/cogar_sim_500_final/rgb/000237.png,2019,robot_gripper,partial_occlusion,0.8865497076023392,0.8165514373343037,0.9059379696846008,0.32629237763599533,3.064736011441794,cuda,19
SAM2.1-Tiny,auto,train,data/cogar_sim_500_final/rgb/000238.png,2022,plastic_object,small_parts,0.20925925925925926,0.44316666172678504,0.8218479752540588,0.28835920364300754,3.467896940227415,cuda,17
SAM2.1-Tiny,auto,train,data/cogar_sim_500_final/rgb/000238.png,2023,cable,small_parts,0.7678391959798995,0.8798901853122855,0.9514473676681519,0.28835920364300754,3.467896940227415,cuda,17
SAM2.1-Tiny,auto,train,data/cogar_sim_500_final/rgb/000238.png,2024,plastic_object,small_parts,0.9882028665931643,0.9988165680473373,0.9613867402076721,0.28835920364300754,3.467896940227415,cuda,17
SAM2.1-Tiny,auto,train,data/cogar_sim_500_final/rgb/000238.png,2025,screw,small_parts,0.956882255389718,1.0,0.9657078981399536,0.28835920364300754,3.467896940227415,cuda,17
SAM2.1-Tiny,auto,train,data/cogar_sim_500_final/rgb/000238.png,2026,plastic_object,small_parts,0.9607250755287009,1.0,0.9698708653450012,0.28835920364300754,3.467896940227415,cuda,17
SAM2.1-Tiny,auto,train,data/cogar_sim_500_final/rgb/000238.png,2027,cable,small_parts,0.5881462799495586,0.5413801568891978,0.8600805997848511,0.28835920364300754,3.467896940227415,cuda,17
SAM2.1-Tiny,auto,train,data/cogar_sim_500_final/rgb/000238.png,2028,screw,small_parts,0.0,0.0,0.9935970306396484,0.28835920364300754,3.467896940227415,cuda,17
SAM2.1-Tiny,auto,train,data/cogar_sim_500_final/rgb/000238.png,2029,screw,small_parts,0.0,0.0,0.9935970306396484,0.28835920364300754,3.467896940227415,cuda,17
SAM2.1-Tiny,auto,train,data/cogar_sim_500_final/rgb/000238.png,2030,metal_part,small_parts;reflective_metal,0.9837943559653535,1.0,0.9618402719497681,0.28835920364300754,3.467896940227415,cuda,17
SAM2.1-Tiny,auto,train,data/cogar_sim_500_final/rgb/000238.png,2031,connector,small_parts,0.9527005433045701,0.8749678531987958,0.9089962244033813,0.28835920364300754,3.467896940227415,cuda,17
SAM2.1-Tiny,auto,train,data/cogar_sim_500_final/rgb/000238.png,2032,screw,small_parts,0.0007083825265643448,0.07092492741600996,0.8600805997848511,0.28835920364300754,3.467896940227415,cuda,17
SAM2.1-Tiny,auto,train,data/cogar_sim_500_final/rgb/000238.png,2033,metal_part,small_parts;reflective_metal,0.9830443159922929,1.0,0.9798399806022644,0.28835920364300754,3.467896940227415,cuda,17
SAM2.1-Tiny,auto,train,data/cogar_sim_500_final/rgb/000238.png,2034,plastic_object,small_parts,0.924440862381624,0.7872722522266283,0.9663087129592896,0.28835920364300754,3.467896940227415,cuda,17
SAM2.1-Tiny,auto,train,data/cogar_sim_500_final/rgb/000238.png,2035,connector,small_parts,0.96,0.9971181556195965,0.972032904624939,0.28835920364300754,3.467896940227415,cuda,17
SAM2.1-Tiny,auto,train,data/cogar_sim_500_final/rgb/000239.png,2037,plastic_object,dynamic_scene;partial_occlusion,0.99135210938413,1.0,0.9896565675735474,0.5501010315721422,1.8178478908539486,cuda,9
SAM2.1-Tiny,auto,train,data/cogar_sim_500_final/rgb/000239.png,2038,plastic_object,dynamic_scene;partial_occlusion,0.9898049645390071,1.0,0.9826909899711609,0.5501010315721422,1.8178478908539486,cuda,9
SAM2.1-Tiny,auto,train,data/cogar_sim_500_final/rgb/000239.png,2039,plastic_object,dynamic_scene;partial_occlusion,0.776821297624741,0.7574710005473261,0.8605000376701355,0.5501010315721422,1.8178478908539486,cuda,9
SAM2.1-Tiny,auto,train,data/cogar_sim_500_final/rgb/000239.png,2040,screw,dynamic_scene;partial_occlusion;small_parts,0.0,0.0219337760129912,0.9908322691917419,0.5501010315721422,1.8178478908539486,cuda,9
SAM2.1-Tiny,auto,train,data/cogar_sim_500_final/rgb/000239.png,2041,robot_gripper,dynamic_scene;partial_occlusion,0.694809147030693,0.6768284084353569,0.8500063419342041,0.5501010315721422,1.8178478908539486,cuda,9
SAM2.1-Tiny,auto,train,data/cogar_sim_500_final/rgb/000239.png,2042,robot_gripper,dynamic_scene;partial_occlusion,0.06636373243157562,0.2711833117961972,0.8720011115074158,0.5501010315721422,1.8178478908539486,cuda,9
SAM2.1-Tiny,auto,train,data/cogar_sim_500_final/rgb/000239.png,2043,robot_gripper,dynamic_scene;partial_occlusion,0.6381630012936611,0.6949312674193396,0.9435445070266724,0.5501010315721422,1.8178478908539486,cuda,9
SAM2.1-Tiny,auto,train,data/cogar_sim_500_final/rgb/000240.png,2046,metal_part,reflective_metal,0.9865106129736163,1.0,0.9808080196380615,0.39791344960030983,2.5131093231567445,cuda,12
SAM2.1-Tiny,auto,train,data/cogar_sim_500_final/rgb/000240.png,2047,plastic_object,reflective_metal,0.9940648303150206,1.0,0.9823768138885498,0.39791344960030983,2.5131093231567445,cuda,12
SAM2.1-Tiny,auto,train,data/cogar_sim_500_final/rgb/000240.png,2048,metal_part,reflective_metal,0.9746074173070498,0.958904109589041,0.9726400375366211,0.39791344960030983,2.5131093231567445,cuda,12
SAM2.1-Tiny,auto,train,data/cogar_sim_500_final/rgb/000240.png,2049,tool,reflective_metal,0.6828393881453155,0.7642860403334033,0.9243564605712891,0.39791344960030983,2.5131093231567445,cuda,12
SAM2.1-Tiny,auto,train,data/cogar_sim_500_final/rgb/000240.png,2050,metal_part,reflective_metal,0.0,0.0,0.9945124387741089,0.39791344960030983,2.5131093231567445,cuda,12
SAM2.1-Tiny,auto,train,data/cogar_sim_500_final/rgb/000240.png,2051,metal_part,reflective_metal,0.0,0.0,0.9945124387741089,0.39791344960030983,2.5131093231567445,cuda,12
SAM2.1-Tiny,auto,train,data/cogar_sim_500_final/rgb/000240.png,2052,metal_part,reflective_metal,0.5078418378617185,0.5064478311840562,0.8768255710601807,0.39791344960030983,2.5131093231567445,cuda,12
SAM2.1-Tiny,auto,train,data/cogar_sim_500_final/rgb/000240.png,2053,cable,reflective_metal,0.7778284671532847,0.8396349413298565,0.8461533784866333,0.39791344960030983,2.5131093231567445,cuda,12
SAM2.1-Tiny,auto,train,data/cogar_sim_500_final/rgb/000240.png,2054,box,reflective_metal,0.9850182982616651,0.9953488372093023,0.9754182696342468,0.39791344960030983,2.5131093231567445,cuda,12
SAM2.1-Tiny,auto,train,data/cogar_sim_500_final/rgb/000240.png,2055,tool,reflective_metal,0.9252016621852848,0.8500815943162081,0.9794628024101257,0.39791344960030983,2.5131093231567445,cuda,12
SAM2.1-Tiny,auto,train,data/cogar_sim_500_final/rgb/000242.png,2060,box,partial_occlusion,0.9839748389995507,1.0,0.9718716144561768,0.4165842053334927,2.4004750712991125,cuda,10
SAM2.1-Tiny,auto,train,data/cogar_sim_500_final/rgb/000242.png,2061,glass_object,partial_occlusion;transparent_glass,0.7805885389778007,0.760655737704918,0.8720627427101135,0.4165842053334927,2.4004750712991125,cuda,10
SAM2.1-Tiny,auto,train,data/cogar_sim_500_final/rgb/000242.png,2062,plastic_object,partial_occlusion,0.9932069063119162,1.0,0.9687800407409668,0.4165842053334927,2.4004750712991125,cuda,10
SAM2.1-Tiny,auto,train,data/cogar_sim_500_final/rgb/000242.png,2063,metal_part,partial_occlusion;reflective_metal,0.004474971380996982,0.3516209476309228,0.9718716144561768,0.4165842053334927,2.4004750712991125,cuda,10
SAM2.1-Tiny,auto,train,data/cogar_sim_500_final/rgb/000242.png,2064,plastic_object,partial_occlusion,0.9809747755451047,1.0,0.9695177674293518,0.4165842053334927,2.4004750712991125,cuda,10
SAM2.1-Tiny,auto,train,data/cogar_sim_500_final/rgb/000242.png,2065,metal_part,partial_occlusion;reflective_metal,0.0005323679727427598,0.1761006289308176,0.9687800407409668,0.4165842053334927,2.4004750712991125,cuda,10
SAM2.1-Tiny,auto,train,data/cogar_sim_500_final/rgb/000242.png,2066,robot_gripper,partial_occlusion,0.6260971328262142,0.3679485537866177,0.8552494049072266,0.4165842053334927,2.4004750712991125,cuda,10
SAM2.1-Tiny,auto,train,data/cogar_sim_500_final/rgb/000242.png,2067,robot_gripper,partial_occlusion,0.21413187541418158,0.5170061301166701,0.8552494049072266,0.4165842053334927,2.4004750712991125,cuda,10
SAM2.1-Tiny,auto,train,data/cogar_sim_500_final/rgb/000242.png,2068,robot_gripper,partial_occlusion,0.14580018423917596,0.3168149089368911,0.8552494049072266,0.4165842053334927,2.4004750712991125,cuda,10
SAM2.1-Tiny,auto,train,data/cogar_sim_500_final/rgb/000243.png,2070,tool,small_parts;reflective_metal;partial_occlusion,0.7701778385772914,0.6632594323989605,0.9197801351547241,0.30005352757143555,3.332738688639226,cuda,13
SAM2.1-Tiny,auto,train,data/cogar_sim_500_final/rgb/000243.png,2071,cable,small_parts;partial_occlusion,0.702020202020202,0.6983592575135232,0.9405209422111511,0.30005352757143555,3.332738688639226,cuda,13
SAM2.1-Tiny,auto,train,data/cogar_sim_500_final/rgb/000243.png,2072,screw,small_parts;partial_occlusion,0.01830776843146957,0.0757692561837845,0.8682313561439514,0.30005352757143555,3.332738688639226,cuda,13
SAM2.1-Tiny,auto,train,data/cogar_sim_500_final/rgb/000243.png,2073,screw,small_parts;partial_occlusion,0.0,0.0,0.9914360642433167,0.30005352757143555,3.332738688639226,cuda,13
SAM2.1-Tiny,auto,train,data/cogar_sim_500_final/rgb/000243.png,2074,connector,small_parts;partial_occlusion,0.007364544976328248,0.3089620918851801,0.8178805112838745,0.30005352757143555,3.332738688639226,cuda,13
SAM2.1-Tiny,auto,train,data/cogar_sim_500_final/rgb/000243.png,2075,screw,small_parts;partial_occlusion,0.0006983240223463687,0.12306721363206058,0.8178805112838745,0.30005352757143555,3.332738688639226,cuda,13
SAM2.1-Tiny,auto,train,data/cogar_sim_500_final/rgb/000243.png,2076,screw,small_parts;partial_occlusion,0.0214123006833713,0.17675562305633902,0.9405209422111511,0.30005352757143555,3.332738688639226,cuda,13
SAM2.1-Tiny,auto,train,data/cogar_sim_500_final/rgb/000243.png,2077,plastic_object,small_parts;partial_occlusion,0.9620637329286799,0.9730668983492615,0.9170775413513184,0.30005352757143555,3.332738688639226,cuda,13
SAM2.1-Tiny,auto,train,data/cogar_sim_500_final/rgb/000243.png,2078,connector,small_parts;partial_occlusion,0.9525756336876533,1.0,0.8178805112838745,0.30005352757143555,3.332738688639226,cuda,13
SAM2.1-Tiny,auto,train,data/cogar_sim_500_final/rgb/000243.png,2079,connector,small_parts;partial_occlusion,0.9712548369264787,1.0,0.9643296599388123,0.30005352757143555,3.332738688639226,cuda,13
SAM2.1-Tiny,auto,train,data/cogar_sim_500_final/rgb/000243.png,2080,cable,small_parts;partial_occlusion,0.9409852463115779,0.971875,0.8682313561439514,0.30005352757143555,3.332738688639226,cuda,13
SAM2.1-Tiny,auto,train,data/cogar_sim_500_final/rgb/000243.png,2081,robot_gripper,small_parts;partial_occlusion,0.8104561101549054,0.7129747214568108,0.9680222868919373,0.30005352757143555,3.332738688639226,cuda,13
SAM2.1-Tiny,auto,train,data/cogar_sim_500_final/rgb/000243.png,2082,robot_gripper,small_parts;partial_occlusion,0.1499405855028627,0.43293219354303264,0.9680222868919373,0.30005352757143555,3.332738688639226,cuda,13
SAM2.1-Tiny,auto,train,data/cogar_sim_500_final/rgb/000243.png,2083,robot_gripper,small_parts;partial_occlusion,0.02616782006920415,0.15894039735099336,0.9680222868919373,0.30005352757143555,3.332738688639226,cuda,13
SAM2.1-Tiny,auto,train,data/cogar_sim_500_final/rgb/000244.png,2085,cable,dynamic_scene;partial_occlusion,0.6934984520123839,0.5796533281061858,0.818143367767334,0.45824889344496317,2.1822202176689,cuda,13
SAM2.1-Tiny,auto,train,data/cogar_sim_500_final/rgb/000244.png,2086,plastic_object,dynamic_scene;partial_occlusion,0.9822320932815103,1.0,0.9681868553161621,0.45824889344496317,2.1822202176689,cuda,13
SAM2.1-Tiny,auto,train,data/cogar_sim_500_final/rgb/000244.png,2087,plastic_object,dynamic_scene;partial_occlusion,0.981832111196235,0.9989888776541962,0.9652880430221558,0.45824889344496317,2.1822202176689,cuda,13
SAM2.1-Tiny,auto,train,data/cogar_sim_500_final/rgb/000244.png,2088,plastic_object,dynamic_scene;partial_occlusion,0.7426470588235294,0.8,0.9367709755897522,0.45824889344496317,2.1822202176689,cuda,13
SAM2.1-Tiny,auto,train,data/cogar_sim_500_final/rgb/000244.png,2089,plastic_object,dynamic_scene;partial_occlusion,0.977020340846619,1.0,0.9470824003219604,0.45824889344496317,2.1822202176689,cuda,13
SAM2.1-Tiny,auto,train,data/cogar_sim_500_final/rgb/000244.png,2090,connector,dynamic_scene;partial_occlusion;small_parts,0.9336870026525199,0.8918918918918919,0.9401038885116577,0.45824889344496317,2.1822202176689,cuda,13
SAM2.1-Tiny,auto,train,data/cogar_sim_500_final/rgb/000244.png,2091,robot_gripper,dynamic_scene;partial_occlusion,0.9074930017576981,0.9056361210397654,0.9827436208724976,0.45824889344496317,2.1822202176689,cuda,13
SAM2.1-Tiny,auto,train,data/cogar_sim_500_final/rgb/000244.png,2092,robot_gripper,dynamic_scene;partial_occlusion,6.620105259673629e-05,0.08727272727272728,0.9827436208724976,0.45824889344496317,2.1822202176689,cuda,13
SAM2.1-Tiny,auto,train,data/cogar_sim_500_final/rgb/000244.png,2093,robot_gripper,dynamic_scene;partial_occlusion,0.07524392260625104,0.24167406043358164,0.9827436208724976,0.45824889344496317,2.1822202176689,cuda,13
SAM2.1-Tiny,auto,train,data/cogar_sim_500_final/rgb/000245.png,2095,metal_part,reflective_metal,0.9797074954296161,1.0,0.9826321601867676,0.6781198405005853,1.4746655978415322,cuda,9
SAM2.1-Tiny,auto,train,data/cogar_sim_500_final/rgb/000245.png,2096,metal_part,reflective_metal,0.9567607182117992,0.9873940564317134,0.9836909174919128,0.6781198405005853,1.4746655978415322,cuda,9
SAM2.1-Tiny,auto,train,data/cogar_sim_500_final/rgb/000245.png,2097,metal_part,reflective_metal,0.9863873334620583,1.0,0.9110736846923828,0.6781198405005853,1.4746655978415322,cuda,9
SAM2.1-Tiny,auto,train,data/cogar_sim_500_final/rgb/000245.png,2098,metal_part,reflective_metal,0.9596510359869138,0.9964662744000289,0.9755724668502808,0.6781198405005853,1.4746655978415322,cuda,9
SAM2.1-Tiny,auto,train,data/cogar_sim_500_final/rgb/000245.png,2099,plastic_object,reflective_metal,0.9888194049649423,1.0,0.9549222588539124,0.6781198405005853,1.4746655978415322,cuda,9
SAM2.1-Tiny,auto,train,data/cogar_sim_500_final/rgb/000245.png,2100,tool,reflective_metal,0.9227653254118282,0.9212533790607822,0.9387012720108032,0.6781198405005853,1.4746655978415322,cuda,9
SAM2.1-Tiny,auto,train,data/cogar_sim_500_final/rgb/000246.png,2102,box,transparent_glass;partial_occlusion,0.00016490765171503957,0.03343653250773994,0.9833374619483948,0.5512425554282215,1.8140834559174597,cuda,10
SAM2.1-Tiny,auto,train,data/cogar_sim_500_final/rgb/000246.png,2103,glass_object,transparent_glass;partial_occlusion,0.9556361877116594,0.8582096123703352,0.9806976318359375,0.5512425554282215,1.8140834559174597,cuda,10
SAM2.1-Tiny,auto,train,data/cogar_sim_500_final/rgb/000246.png,2104,glass_object,transparent_glass;partial_occlusion,0.001791521218668737,0.1799718793938447,0.9833374619483948,0.5512425554282215,1.8140834559174597,cuda,10
SAM2.1-Tiny,auto,train,data/cogar_sim_500_final/rgb/000246.png,2105,box,transparent_glass;partial_occlusion,0.9825710158883004,1.0,0.9761027097702026,0.5512425554282215,1.8140834559174597,cuda,10
SAM2.1-Tiny,auto,train,data/cogar_sim_500_final/rgb/000246.png,2106,robot_gripper,transparent_glass;partial_occlusion,0.7211871641641139,0.6179822757695036,0.9251718521118164,0.5512425554282215,1.8140834559174597,cuda,10
SAM2.1-Tiny,auto,train,data/cogar_sim_500_final/rgb/000246.png,2107,robot_gripper,transparent_glass;partial_occlusion,0.9685826490539093,1.0,0.9531406760215759,0.5512425554282215,1.8140834559174597,cuda,10
SAM2.1-Tiny,auto,train,data/cogar_sim_500_final/rgb/000246.png,2108,robot_gripper,transparent_glass;partial_occlusion,0.7620817843866171,0.7761732851985559,0.9610671997070312,0.5512425554282215,1.8140834559174597,cuda,10
SAM2.1-Tiny,auto,train,data/cogar_sim_500_final/rgb/000247.png,2110,cable,partial_occlusion,0.8890536932660932,1.0,0.9589711427688599,0.3527481285458304,2.8348839273007687,cuda,17
SAM2.1-Tiny,auto,train,data/cogar_sim_500_final/rgb/000247.png,2111,plastic_object,partial_occlusion,0.9766718506998445,1.0,0.9839903116226196,0.3527481285458304,2.8348839273007687,cuda,17
SAM2.1-Tiny,auto,train,data/cogar_sim_500_final/rgb/000247.png,2112,screw,partial_occlusion;small_parts,0.9829545454545454,1.0,0.9640743732452393,0.3527481285458304,2.8348839273007687,cuda,17
SAM2.1-Tiny,auto,train,data/cogar_sim_500_final/rgb/000247.png,2113,box,partial_occlusion,0.9842515175810331,1.0,0.963621199131012,0.3527481285458304,2.8348839273007687,cuda,17
SAM2.1-Tiny,auto,train,data/cogar_sim_500_final/rgb/000247.png,2114,cable,partial_occlusion,0.9642477876106195,1.0,0.9189687967300415,0.3527481285458304,2.8348839273007687,cuda,17
SAM2.1-Tiny,auto,train,data/cogar_sim_500_final/rgb/000247.png,2115,plastic_object,partial_occlusion,0.9687427645288261,0.9719626168224299,0.9245859384536743,0.3527481285458304,2.8348839273007687,cuda,17
SAM2.1-Tiny,auto,train,data/cogar_sim_500_final/rgb/000247.png,2116,metal_part,partial_occlusion;reflective_metal,0.9606741573033708,0.9886363636363636,0.9347995519638062,0.3527481285458304,2.8348839273007687,cuda,17
SAM2.1-Tiny,auto,train,data/cogar_sim_500_final/rgb/000247.png,2117,connector,partial_occlusion;small_parts,0.004474799811587376,0.08695652173913045,0.9245859384536743,0.3527481285458304,2.8348839273007687,cuda,17
SAM2.1-Tiny,auto,train,data/cogar_sim_500_final/rgb/000247.png,2118,robot_gripper,partial_occlusion,0.9283229546918618,0.8927262612591873,0.9051273465156555,0.3527481285458304,2.8348839273007687,cuda,17
SAM2.1-Tiny,auto,train,data/cogar_sim_500_final/rgb/000247.png,2119,robot_gripper,partial_occlusion,0.07178072746078262,0.31447914391788595,0.8246593475341797,0.3527481285458304,2.8348839273007687,cuda,17
SAM2.1-Tiny,auto,train,data/cogar_sim_500_final/rgb/000247.png,2120,robot_gripper,partial_occlusion,0.20768282662284307,0.4513347221549343,0.943297803401947,0.3527481285458304,2.8348839273007687,cuda,17
SAM2.1-Tiny,auto,train,data/cogar_sim_500_final/rgb/000248.png,2123,connector,small_parts;partial_occlusion,0.0,0.0,0.9917886853218079,0.355028209999463,2.816677581766003,cuda,10
SAM2.1-Tiny,auto,train,data/cogar_sim_500_final/rgb/000248.png,2124,screw,small_parts;partial_occlusion,0.0,0.0,0.9917886853218079,0.355028209999463,2.816677581766003,cuda,10
SAM2.1-Tiny,auto,train,data/cogar_sim_500_final/rgb/000248.png,2125,connector,small_parts;partial_occlusion,0.9472803347280335,0.9971509971509972,0.9784817099571228,0.355028209999463,2.816677581766003,cuda,10
SAM2.1-Tiny,auto,train,data/cogar_sim_500_final/rgb/000248.png,2126,connector,small_parts;partial_occlusion,0.9774153074027604,1.0,0.9690151214599609,0.355028209999463,2.816677581766003,cuda,10
SAM2.1-Tiny,auto,train,data/cogar_sim_500_final/rgb/000248.png,2127,screw,small_parts;partial_occlusion,0.0005681818181818182,0.06342640468803862,0.9209307432174683,0.355028209999463,2.816677581766003,cuda,10
SAM2.1-Tiny,auto,train,data/cogar_sim_500_final/rgb/000248.png,2128,screw,small_parts;partial_occlusion,0.0,0.0,0.9917886853218079,0.355028209999463,2.816677581766003,cuda,10
SAM2.1-Tiny,auto,train,data/cogar_sim_500_final/rgb/000248.png,2129,connector,small_parts;partial_occlusion,0.9347290640394089,1.0,0.9772046208381653,0.355028209999463,2.816677581766003,cuda,10
SAM2.1-Tiny,auto,train,data/cogar_sim_500_final/rgb/000248.png,2130,connector,small_parts;partial_occlusion,0.975609756097561,1.0,0.9701157212257385,0.355028209999463,2.816677581766003,cuda,10
SAM2.1-Tiny,auto,train,data/cogar_sim_500_final/rgb/000248.png,2131,robot_gripper,small_parts;partial_occlusion,0.9742036553524804,0.9978307923738206,0.8079556226730347,0.355028209999463,2.816677581766003,cuda,10
SAM2.1-Tiny,auto,train,data/cogar_sim_500_final/rgb/000248.png,2132,robot_gripper,small_parts;partial_occlusion,0.09691091368489689,0.315237010913332,0.9209307432174683,0.355028209999463,2.816677581766003,cuda,10
SAM2.1-Tiny,auto,train,data/cogar_sim_500_final/rgb/000248.png,2133,robot_gripper,small_parts;partial_occlusion,0.6739674593241552,0.7608695652173912,0.9620351791381836,0.355028209999463,2.816677581766003,cuda,10
SAM2.1-Tiny,auto,train,data/cogar_sim_500_final/rgb/000249.png,2136,plastic_object,dynamic_scene;partial_occlusion,0.9556848701880036,1.0,0.9743358492851257,0.645890732666885,1.5482494939523233,cuda,12
SAM2.1-Tiny,auto,train,data/cogar_sim_500_final/rgb/000249.png,2137,plastic_object,dynamic_scene;partial_occlusion,0.974288997414536,1.0,0.9921407699584961,0.645890732666885,1.5482494939523233,cuda,12
SAM2.1-Tiny,auto,train,data/cogar_sim_500_final/rgb/000249.png,2138,connector,dynamic_scene;partial_occlusion;small_parts,5.070916771043037e-06,0.06537960440601681,0.9926880598068237,0.645890732666885,1.5482494939523233,cuda,12
SAM2.1-Tiny,auto,train,data/cogar_sim_500_final/rgb/000249.png,2139,robot_gripper,dynamic_scene;partial_occlusion,0.7212561867636109,0.6511497397477447,0.9379293918609619,0.645890732666885,1.5482494939523233,cuda,12
SAM2.1-Tiny,auto,train,data/cogar_sim_500_final/rgb/000249.png,2140,robot_gripper,dynamic_scene;partial_occlusion,0.6920324427480916,0.7514970059880239,0.950904130935669,0.645890732666885,1.5482494939523233,cuda,12
SAM2.1-Tiny,auto,train,data/cogar_sim_500_final/rgb/000249.png,2141,robot_gripper,dynamic_scene;partial_occlusion,0.9599236641221374,1.0,0.9581742882728577,0.645890732666885,1.5482494939523233,cuda,12
SAM2.1-Tiny,auto,train,data/cogar_sim_500_final/rgb/000250.png,2144,box,reflective_metal,0.9435459718478586,0.9283429513602638,0.9446031451225281,0.6341219950008963,1.5769836212645274,cuda,8
SAM2.1-Tiny,auto,train,data/cogar_sim_500_final/rgb/000250.png,2145,metal_part,reflective_metal,0.0009853511134467583,0.1586402266288952,0.9374492168426514,0.6341219950008963,1.5769836212645274,cuda,8
SAM2.1-Tiny,auto,train,data/cogar_sim_500_final/rgb/000250.png,2146,tool,reflective_metal,0.9699769053117783,1.0,0.9219918251037598,0.6341219950008963,1.5769836212645274,cuda,8
SAM2.1-Tiny,auto,train,data/cogar_sim_500_final/rgb/000250.png,2147,metal_part,reflective_metal,0.9475592747559275,1.0,0.9756675362586975,0.6341219950008963,1.5769836212645274,cuda,8
SAM2.1-Tiny,auto,train,data/cogar_sim_500_final/rgb/000250.png,2148,tool,reflective_metal,0.003073967339097022,0.11379310344827585,0.9219918251037598,0.6341219950008963,1.5769836212645274,cuda,8
SAM2.1-Tiny,auto,train,data/cogar_sim_500_final/rgb/000250.png,2149,box,reflective_metal,0.9709936227113762,0.940357192220938,0.9374492168426514,0.6341219950008963,1.5769836212645274,cuda,8
SAM2.1-Tiny,auto,train,data/cogar_sim_500_final/rgb/000251.png,2151,metal_part,transparent_glass;reflective_metal,0.0,0.05696317348975026,0.9896223545074463,0.4302282016667757,2.324347860335128,cuda,11
SAM2.1-Tiny,auto,train,data/cogar_sim_500_final/rgb/000251.png,2152,glass_object,transparent_glass,0.851876453005646,0.5553700547388996,0.8971347212791443,0.4302282016667757,2.324347860335128,cuda,11
SAM2.1-Tiny,auto,train,data/cogar_sim_500_final/rgb/000251.png,2153,plastic_object,transparent_glass,0.9790554414784394,0.9986648865153538,0.946632981300354,0.4302282016667757,2.324347860335128,cuda,11
SAM2.1-Tiny,auto,train,data/cogar_sim_500_final/rgb/000251.png,2154,glass_object,transparent_glass,0.14012679470445646,0.5589031551706977,0.8256271481513977,0.4302282016667757,2.324347860335128,cuda,11
SAM2.1-Tiny,auto,train,data/cogar_sim_500_final/rgb/000251.png,2155,glass_object,transparent_glass,0.9908958075755873,0.991869918699187,0.9796180129051208,0.4302282016667757,2.324347860335128,cuda,11
SAM2.1-Tiny,auto,train,data/cogar_sim_500_final/rgb/000251.png,2156,plastic_object,transparent_glass,8.044405116241654e-05,0.19097796268372,0.946632981300354,0.4302282016667757,2.324347860335128,cuda,11
SAM2.1-Tiny,auto,train,data/cogar_sim_500_final/rgb/000251.png,2157,tool,transparent_glass;reflective_metal,0.9250269687162891,0.8333087258231212,0.9365388751029968,0.4302282016667757,2.324347860335128,cuda,11
SAM2.1-Tiny,auto,train,data/cogar_sim_500_final/rgb/000251.png,2158,glass_object,transparent_glass,0.9738885762521103,1.0,0.9598270058631897,0.4302282016667757,2.324347860335128,cuda,11
SAM2.1-Tiny,auto,train,data/cogar_sim_500_final/rgb/000251.png,2159,glass_object,transparent_glass,0.8471505023002535,0.7353685561704548,0.8256271481513977,0.4302282016667757,2.324347860335128,cuda,11
SAM2.1-Tiny,auto,train,data/cogar_sim_500_final/rgb/000252.png,2161,metal_part,partial_occlusion;reflective_metal,0.059996730423410166,0.3827154672425662,0.9493008255958557,0.5110289627500606,1.956836251743114,cuda,10
SAM2.1-Tiny,auto,train,data/cogar_sim_500_final/rgb/000252.png,2162,plastic_object,partial_occlusion,0.980336187757691,1.0,0.9853175282478333,0.5110289627500606,1.956836251743114,cuda,10
SAM2.1-Tiny,auto,train,data/cogar_sim_500_final/rgb/000252.png,2163,plastic_object,partial_occlusion,0.9691038188447515,0.9928263988522239,0.9815370440483093,0.5110289627500606,1.956836251743114,cuda,10
SAM2.1-Tiny,auto,train,data/cogar_sim_500_final/rgb/000252.png,2164,box,partial_occlusion,0.905115872321819,0.8385371535057069,0.9493008255958557,0.5110289627500606,1.956836251743114,cuda,10
SAM2.1-Tiny,auto,train,data/cogar_sim_500_final/rgb/000252.png,2165,tool,partial_occlusion;reflective_metal,0.8108288770053476,0.7387016910746507,0.9318314790725708,0.5110289627500606,1.956836251743114,cuda,10
SAM2.1-Tiny,auto,train,data/cogar_sim_500_final/rgb/000252.png,2166,robot_gripper,partial_occlusion,0.6513860926126684,0.6868603400900004,0.9369076490402222,0.5110289627500606,1.956836251743114,cuda,10
SAM2.1-Tiny,auto,train,data/cogar_sim_500_final/rgb/000252.png,2167,robot_gripper,partial_occlusion,0.18072993839195195,0.27798893432764016,0.9369076490402222,0.5110289627500606,1.956836251743114,cuda,10
SAM2.1-Tiny,auto,train,data/cogar_sim_500_final/rgb/000252.png,2168,robot_gripper,partial_occlusion,0.15744647601187686,0.2606813063426407,0.9369076490402222,0.5110289627500606,1.956836251743114,cuda,10
SAM2.1-Tiny,auto,train,data/cogar_sim_500_final/rgb/000253.png,2171,connector,small_parts;partial_occlusion,0.0012189176011701609,0.16777350576721425,0.9590093493461609,0.3133593211428628,3.1912246821089223,cuda,11
SAM2.1-Tiny,auto,train,data/cogar_sim_500_final/rgb/000253.png,2172,connector,small_parts;partial_occlusion,0.7689097548252478,0.6929925012005468,0.966076672077179,0.3133593211428628,3.1912246821089223,cuda,11
SAM2.1-Tiny,auto,train,data/cogar_sim_500_final/rgb/000253.png,2173,plastic_object,small_parts;partial_occlusion,0.6954413191076625,0.718204488778055,0.9590093493461609,0.3133593211428628,3.1912246821089223,cuda,11
SAM2.1-Tiny,auto,train,data/cogar_sim_500_final/rgb/000253.png,2174,connector,small_parts;partial_occlusion,0.9316708229426434,0.9380300469774726,0.9703370928764343,0.3133593211428628,3.1912246821089223,cuda,11
SAM2.1-Tiny,auto,train,data/cogar_sim_500_final/rgb/000253.png,2175,connector,small_parts;partial_occlusion,9.498519469900018e-05,0.017262765001081058,0.9885335564613342,0.3133593211428628,3.1912246821089223,cuda,11
SAM2.1-Tiny,auto,train,data/cogar_sim_500_final/rgb/000253.png,2176,metal_part,small_parts;reflective_metal;partial_occlusion,0.9651980747871158,1.0,0.9776684045791626,0.3133593211428628,3.1912246821089223,cuda,11
SAM2.1-Tiny,auto,train,data/cogar_sim_500_final/rgb/000253.png,2178,tool,small_parts;reflective_metal;partial_occlusion,0.9530131729073748,0.9524279684205288,0.9577756524085999,0.3133593211428628,3.1912246821089223,cuda,11
SAM2.1-Tiny,auto,train,data/cogar_sim_500_final/rgb/000253.png,2179,connector,small_parts;partial_occlusion,0.4952879581151832,0.6688741721854305,0.9519109725952148,0.3133593211428628,3.1912246821089223,cuda,11
SAM2.1-Tiny,auto,train,data/cogar_sim_500_final/rgb/000253.png,2180,metal_part,small_parts;reflective_metal;partial_occlusion,0.9709842154131848,0.9956584659913169,0.8455988764762878,0.3133593211428628,3.1912246821089223,cuda,11
SAM2.1-Tiny,auto,train,data/cogar_sim_500_final/rgb/000253.png,2181,connector,small_parts;partial_occlusion,0.0004960590861489279,0.14002003864596005,0.9116158485412598,0.3133593211428628,3.1912246821089223,cuda,11
SAM2.1-Tiny,auto,train,data/cogar_sim_500_final/rgb/000253.png,2182,connector,small_parts;partial_occlusion,0.0040254583038677036,0.12538699690402477,0.9116158485412598,0.3133593211428628,3.1912246821089223,cuda,11
SAM2.1-Tiny,auto,train,data/cogar_sim_500_final/rgb/000253.png,2183,robot_gripper,small_parts;partial_occlusion,0.9018219201553487,0.9074062621089021,0.9116158485412598,0.3133593211428628,3.1912246821089223,cuda,11
SAM2.1-Tiny,auto,train,data/cogar_sim_500_final/rgb/000253.png,2184,robot_gripper,small_parts;partial_occlusion,0.948768472906404,1.0,0.9489679336547852,0.3133593211428628,3.1912246821089223,cuda,11
SAM2.1-Tiny,auto,train,data/cogar_sim_500_final/rgb/000253.png,2185,robot_gripper,small_parts;partial_occlusion,0.07339078133132844,0.07710828205894849,0.9116158485412598,0.3133593211428628,3.1912246821089223,cuda,11
SAM2.1-Tiny,auto,train,data/cogar_sim_500_final/rgb/000254.png,2187,plastic_object,dynamic_scene;partial_occlusion,0.9705705705705706,1.0,0.9837194085121155,0.49650653287517343,2.0140721899653427,cuda,16
SAM2.1-Tiny,auto,train,data/cogar_sim_500_final/rgb/000254.png,2188,cable,dynamic_scene;partial_occlusion,0.00025075225677031093,0.13847752663029358,0.9145687818527222,0.49650653287517343,2.0140721899653427,cuda,16
SAM2.1-Tiny,auto,train,data/cogar_sim_500_final/rgb/000254.png,2189,plastic_object,dynamic_scene;partial_occlusion,0.9851668726823238,1.0,0.991085946559906,0.49650653287517343,2.0140721899653427,cuda,16
SAM2.1-Tiny,auto,train,data/cogar_sim_500_final/rgb/000254.png,2190,plastic_object,dynamic_scene;partial_occlusion,0.9842154131847726,1.0,0.9815188646316528,0.49650653287517343,2.0140721899653427,cuda,16
SAM2.1-Tiny,auto,train,data/cogar_sim_500_final/rgb/000254.png,2191,cable,dynamic_scene;partial_occlusion,0.888842631140716,1.0,0.9495832324028015,0.49650653287517343,2.0140721899653427,cuda,16
SAM2.1-Tiny,auto,train,data/cogar_sim_500_final/rgb/000254.png,2192,robot_gripper,dynamic_scene;partial_occlusion,0.822536231884058,0.7690567648314128,0.9380037784576416,0.49650653287517343,2.0140721899653427,cuda,16
SAM2.1-Tiny,auto,train,data/cogar_sim_500_final/rgb/000254.png,2193,robot_gripper,dynamic_scene;partial_occlusion,0.1141946235780016,0.35538461538461535,0.9380037784576416,0.49650653287517343,2.0140721899653427,cuda,16
SAM2.1-Tiny,auto,train,data/cogar_sim_500_final/rgb/000254.png,2194,robot_gripper,dynamic_scene;partial_occlusion,0.04731999415802541,0.22545445648716755,0.9380037784576416,0.49650653287517343,2.0140721899653427,cuda,16
SAM2.1-Tiny,auto,train,data/cogar_sim_500_final/rgb/000255.png,2196,metal_part,reflective_metal,0.9211549139367018,0.9846117771199109,0.8642066121101379,0.5705154532863942,1.7528009000275195,cuda,15
SAM2.1-Tiny,auto,train,data/cogar_sim_500_final/rgb/000255.png,2197,metal_part,reflective_metal,0.9843221294834198,1.0,0.9840600490570068,0.5705154532863942,1.7528009000275195,cuda,15
SAM2.1-Tiny,auto,train,data/cogar_sim_500_final/rgb/000255.png,2198,box,reflective_metal,0.9904300114839862,1.0,0.9797024130821228,0.5705154532863942,1.7528009000275195,cuda,15
SAM2.1-Tiny,auto,train,data/cogar_sim_500_final/rgb/000255.png,2199,metal_part,reflective_metal,0.9689234184239733,0.9966216216216216,0.9832051396369934,0.5705154532863942,1.7528009000275195,cuda,15
SAM2.1-Tiny,auto,train,data/cogar_sim_500_final/rgb/000255.png,2200,connector,reflective_metal;small_parts,0.9783869267264101,1.0,0.9573485851287842,0.5705154532863942,1.7528009000275195,cuda,15
SAM2.1-Tiny,auto,train,data/cogar_sim_500_final/rgb/000255.png,2201,tool,reflective_metal,0.9736503856041131,1.0,0.9658598899841309,0.5705154532863942,1.7528009000275195,cuda,15
SAM2.1-Tiny,auto,train,data/cogar_sim_500_final/rgb/000255.png,2202,metal_part,reflective_metal,0.7899270247637277,0.7372262773722628,0.9526165723800659,0.5705154532863942,1.7528009000275195,cuda,15
SAM2.1-Tiny,auto,train,data/cogar_sim_500_final/rgb/000256.png,2204,box,transparent_glass;partial_occlusion,0.8600389863547758,0.795273234942162,0.912696897983551,0.42675990255520446,2.3432379518613344,cuda,16
SAM2.1-Tiny,auto,train,data/cogar_sim_500_final/rgb/000256.png,2205,box,transparent_glass;partial_occlusion,0.9714077315827863,0.9248025308914614,0.899113655090332,0.42675990255520446,2.3432379518613344,cuda,16
SAM2.1-Tiny,auto,train,data/cogar_sim_500_final/rgb/000256.png,2206,glass_object,transparent_glass;partial_occlusion,0.20251483219693617,0.10146862483311081,0.8449478149414062,0.42675990255520446,2.3432379518613344,cuda,16
SAM2.1-Tiny,auto,train,data/cogar_sim_500_final/rgb/000256.png,2207,plastic_object,transparent_glass;partial_occlusion,0.05457102672292546,0.25306286402892153,0.8449478149414062,0.42675990255520446,2.3432379518613344,cuda,16
SAM2.1-Tiny,auto,train,data/cogar_sim_500_final/rgb/000256.png,2208,glass_object,transparent_glass;partial_occlusion,0.0522996720760111,0.2534943115857906,0.912696897983551,0.42675990255520446,2.3432379518613344,cuda,16
SAM2.1-Tiny,auto,train,data/cogar_sim_500_final/rgb/000256.png,2209,tool,transparent_glass;reflective_metal;partial_occlusion,0.964634847613571,1.0,0.9368952512741089,0.42675990255520446,2.3432379518613344,cuda,16
SAM2.1-Tiny,auto,train,data/cogar_sim_500_final/rgb/000256.png,2210,robot_gripper,transparent_glass;partial_occlusion,0.7696783309783061,0.671973776633107,0.9005621075630188,0.42675990255520446,2.3432379518613344,cuda,16
SAM2.1-Tiny,auto,train,data/cogar_sim_500_final/rgb/000256.png,2211,robot_gripper,transparent_glass;partial_occlusion,0.18997163357250124,0.377920066775763,0.9005621075630188,0.42675990255520446,2.3432379518613344,cuda,16
SAM2.1-Tiny,auto,train,data/cogar_sim_500_final/rgb/000256.png,2212,robot_gripper,transparent_glass;partial_occlusion,0.8508064516129032,0.8617021276595744,0.9617500305175781,0.42675990255520446,2.3432379518613344,cuda,16
SAM2.1-Tiny,auto,train,data/cogar_sim_500_final/rgb/000257.png,2215,screw,partial_occlusion;small_parts,0.0,0.0,0.9924017190933228,0.34549584345487266,2.894390826819357,cuda,8
SAM2.1-Tiny,auto,train,data/cogar_sim_500_final/rgb/000257.png,2216,metal_part,partial_occlusion;reflective_metal,0.0,0.0,0.9924017190933228,0.34549584345487266,2.894390826819357,cuda,8
SAM2.1-Tiny,auto,train,data/cogar_sim_500_final/rgb/000257.png,2217,plastic_object,partial_occlusion,0.9816069699903195,1.0,0.9705560207366943,0.34549584345487266,2.894390826819357,cuda,8
SAM2.1-Tiny,auto,train,data/cogar_sim_500_final/rgb/000257.png,2218,plastic_object,partial_occlusion,0.9763007354944157,1.0,0.9808331727981567,0.34549584345487266,2.894390826819357,cuda,8
SAM2.1-Tiny,auto,train,data/cogar_sim_500_final/rgb/000257.png,2219,screw,partial_occlusion;small_parts,0.0,0.0,0.9924017190933228,0.34549584345487266,2.894390826819357,cuda,8
SAM2.1-Tiny,auto,train,data/cogar_sim_500_final/rgb/000257.png,2220,plastic_object,partial_occlusion,0.984624367458155,1.0,0.9797132015228271,0.34549584345487266,2.894390826819357,cuda,8
SAM2.1-Tiny,auto,train,data/cogar_sim_500_final/rgb/000257.png,2221,glass_object,partial_occlusion;transparent_glass,0.008490716503888843,0.1517642150871312,0.986422598361969,0.34549584345487266,2.894390826819357,cuda,8
SAM2.1-Tiny,auto,train,data/cogar_sim_500_final/rgb/000257.png,2222,glass_object,partial_occlusion;transparent_glass,0.00023100458709108653,0.0764414398689012,0.986422598361969,0.34549584345487266,2.894390826819357,cuda,8
SAM2.1-Tiny,auto,train,data/cogar_sim_500_final/rgb/000257.png,2223,robot_gripper,partial_occlusion,0.5557017956190655,0.6264660843432228,0.9674542546272278,0.34549584345487266,2.894390826819357,cuda,8
SAM2.1-Tiny,auto,train,data/cogar_sim_500_final/rgb/000257.png,2224,robot_gripper,partial_occlusion,0.4325800376647834,0.5302571609168636,0.9674542546272278,0.34549584345487266,2.894390826819357,cuda,8
SAM2.1-Tiny,auto,train,data/cogar_sim_500_final/rgb/000257.png,2225,robot_gripper,partial_occlusion,0.0038829434605549768,0.0,0.9674542546272278,0.34549584345487266,2.894390826819357,cuda,8
SAM2.1-Tiny,auto,train,data/cogar_sim_500_final/rgb/000258.png,2227,screw,small_parts,0.009934395501405811,0.114029541927697,0.9364004135131836,0.39616098619953843,2.524226349477835,cuda,9
SAM2.1-Tiny,auto,train,data/cogar_sim_500_final/rgb/000258.png,2229,screw,small_parts,8.233468224987753e-05,0.023265142398716406,0.9872637391090393,0.39616098619953843,2.524226349477835,cuda,9
SAM2.1-Tiny,auto,train,data/cogar_sim_500_final/rgb/000258.png,2230,metal_part,small_parts;reflective_metal,0.9784349969192853,1.0,0.9730385541915894,0.39616098619953843,2.524226349477835,cuda,9
SAM2.1-Tiny,auto,train,data/cogar_sim_500_final/rgb/000258.png,2231,screw,small_parts,0.9509043927648578,1.0,0.9388486742973328,0.39616098619953843,2.524226349477835,cuda,9
SAM2.1-Tiny,auto,train,data/cogar_sim_500_final/rgb/000258.png,2232,screw,small_parts,0.0008578781812982557,0.017723244717109746,0.8231621384620667,0.39616098619953843,2.524226349477835,cuda,9
SAM2.1-Tiny,auto,train,data/cogar_sim_500_final/rgb/000258.png,2233,tool,small_parts;reflective_metal,0.8469461948618516,0.6969690369570142,0.9322923421859741,0.39616098619953843,2.524226349477835,cuda,9
SAM2.1-Tiny,auto,train,data/cogar_sim_500_final/rgb/000258.png,2234,screw,small_parts,0.005164034021871203,0.11586061616782235,0.8231621384620667,0.39616098619953843,2.524226349477835,cuda,9
SAM2.1-Tiny,auto,train,data/cogar_sim_500_final/rgb/000258.png,2235,connector,small_parts,0.9807073954983923,1.0,0.9420692920684814,0.39616098619953843,2.524226349477835,cuda,9
SAM2.1-Tiny,auto,train,data/cogar_sim_500_final/rgb/000258.png,2236,metal_part,small_parts;reflective_metal,0.9698328577252344,0.9914039402747759,0.9499796032905579,0.39616098619953843,2.524226349477835,cuda,9
SAM2.1-Tiny,auto,train,data/cogar_sim_500_final/rgb/000258.png,2237,screw,small_parts,0.10800744878957169,0.3638089212274597,0.8231621384620667,0.39616098619953843,2.524226349477835,cuda,9
SAM2.1-Tiny,auto,train,data/cogar_sim_500_final/rgb/000259.png,2240,screw,dynamic_scene;partial_occlusion;small_parts,0.0,0.0,0.9891793727874756,0.43746398211078485,2.2859024763020526,cuda,15
SAM2.1-Tiny,auto,train,data/cogar_sim_500_final/rgb/000259.png,2241,plastic_object,dynamic_scene;partial_occlusion,0.9897843359818388,1.0,0.9854661226272583,0.43746398211078485,2.2859024763020526,cuda,15
SAM2.1-Tiny,auto,train,data/cogar_sim_500_final/rgb/000259.png,2242,connector,dynamic_scene;partial_occlusion;small_parts,0.9699413489736071,1.0,0.9681164622306824,0.43746398211078485,2.2859024763020526,cuda,15
SAM2.1-Tiny,auto,train,data/cogar_sim_500_final/rgb/000259.png,2243,plastic_object,dynamic_scene;partial_occlusion,0.9891696750902527,1.0,0.9151617884635925,0.43746398211078485,2.2859024763020526,cuda,15
SAM2.1-Tiny,auto,train,data/cogar_sim_500_final/rgb/000259.png,2244,plastic_object,dynamic_scene;partial_occlusion,0.992972302604382,1.0,0.9839322566986084,0.43746398211078485,2.2859024763020526,cuda,15
SAM2.1-Tiny,auto,train,data/cogar_sim_500_final/rgb/000259.png,2245,metal_part,dynamic_scene;reflective_metal;partial_occlusion,0.9402724414949354,0.9432366253617274,0.9592766761779785,0.43746398211078485,2.2859024763020526,cuda,15
SAM2.1-Tiny,auto,train,data/cogar_sim_500_final/rgb/000259.png,2246,robot_gripper,dynamic_scene;partial_occlusion,0.7398226886195043,0.5727274608682454,0.9302500486373901,0.43746398211078485,2.2859024763020526,cuda,15
SAM2.1-Tiny,auto,train,data/cogar_sim_500_final/rgb/000259.png,2247,robot_gripper,dynamic_scene;partial_occlusion,0.007139831790403582,0.19368729096989967,0.9302500486373901,0.43746398211078485,2.2859024763020526,cuda,15
SAM2.1-Tiny,auto,train,data/cogar_sim_500_final/rgb/000259.png,2248,robot_gripper,dynamic_scene;partial_occlusion,0.3293251533742331,0.5825503355704698,0.8741719126701355,0.43746398211078485,2.2859024763020526,cuda,15
SAM2.1-Tiny,auto,train,data/cogar_sim_500_final/rgb/000260.png,2250,tool,reflective_metal,0.18806945160735775,0.3625128733264676,0.8496046662330627,0.41909193120009147,2.386111317238793,cuda,14
SAM2.1-Tiny,auto,train,data/cogar_sim_500_final/rgb/000260.png,2251,plastic_object,reflective_metal,0.9718472811415348,0.9948051948051948,0.9652292132377625,0.41909193120009147,2.386111317238793,cuda,14
SAM2.1-Tiny,auto,train,data/cogar_sim_500_final/rgb/000260.png,2252,plastic_object,reflective_metal,0.978266702441642,1.0,0.9661508798599243,0.41909193120009147,2.386111317238793,cuda,14
SAM2.1-Tiny,auto,train,data/cogar_sim_500_final/rgb/000260.png,2253,metal_part,reflective_metal,0.9536014140521432,1.0,0.9522153735160828,0.41909193120009147,2.386111317238793,cuda,14
SAM2.1-Tiny,auto,train,data/cogar_sim_500_final/rgb/000260.png,2254,metal_part,reflective_metal,0.9706874736398144,0.9779005524861878,0.963854968547821,0.41909193120009147,2.386111317238793,cuda,14
SAM2.1-Tiny,auto,train,data/cogar_sim_500_final/rgb/000260.png,2255,metal_part,reflective_metal,0.003544528134692069,0.4146962531829757,0.8865785598754883,0.41909193120009147,2.386111317238793,cuda,14
SAM2.1-Tiny,auto,train,data/cogar_sim_500_final/rgb/000260.png,2256,plastic_object,reflective_metal,0.970461334218387,1.0,0.9687925577163696,0.41909193120009147,2.386111317238793,cuda,14
SAM2.1-Tiny,auto,train,data/cogar_sim_500_final/rgb/000260.png,2257,plastic_object,reflective_metal,0.9776416031798609,0.9985652797704447,0.9619977474212646,0.41909193120009147,2.386111317238793,cuda,14
SAM2.1-Tiny,auto,train,data/cogar_sim_500_final/rgb/000260.png,2258,plastic_object,reflective_metal,0.8667736757624398,1.0,0.8895595669746399,0.41909193120009147,2.386111317238793,cuda,14
SAM2.1-Tiny,auto,train,data/cogar_sim_500_final/rgb/000260.png,2259,tool,reflective_metal,0.760360054347826,0.8487482945711837,0.8169242739677429,0.41909193120009147,2.386111317238793,cuda,14
SAM2.1-Tiny,auto,train,data/cogar_sim_500_final/rgb/000261.png,2261,plastic_object,transparent_glass,0.9824890556597874,1.0,0.9587277770042419,0.49960528187511954,2.0015801199034526,cuda,15
SAM2.1-Tiny,auto,train,data/cogar_sim_500_final/rgb/000261.png,2262,glass_object,transparent_glass,0.9516905153855895,0.8739542242088029,0.9205347895622253,0.49960528187511954,2.0015801199034526,cuda,15
SAM2.1-Tiny,auto,train,data/cogar_sim_500_final/rgb/000261.png,2263,glass_object,transparent_glass,0.00015315812044354592,0.09446990913127541,0.9861717820167542,0.49960528187511954,2.0015801199034526,cuda,15
SAM2.1-Tiny,auto,train,data/cogar_sim_500_final/rgb/000261.png,2264,glass_object,transparent_glass,0.9754350051177073,0.9405209937721823,0.9583413600921631,0.49960528187511954,2.0015801199034526,cuda,15
SAM2.1-Tiny,auto,train,data/cogar_sim_500_final/rgb/000261.png,2265,glass_object,transparent_glass,0.9756073077695242,0.9906436647892518,0.9722579121589661,0.49960528187511954,2.0015801199034526,cuda,15
SAM2.1-Tiny,auto,train,data/cogar_sim_500_final/rgb/000261.png,2266,box,transparent_glass,0.9609622744669218,0.802322955993006,0.9417539238929749,0.49960528187511954,2.0015801199034526,cuda,15
SAM2.1-Tiny,auto,train,data/cogar_sim_500_final/rgb/000261.png,2267,glass_object,transparent_glass,0.6943885944068726,0.7150120047060577,0.8591375350952148,0.49960528187511954,2.0015801199034526,cuda,15
SAM2.1-Tiny,auto,train,data/cogar_sim_500_final/rgb/000261.png,2268,connector,transparent_glass;small_parts,0.9427297668038409,0.9641682788856931,0.9732373356819153,0.49960528187511954,2.0015801199034526,cuda,15
SAM2.1-Tiny,auto,train,data/cogar_sim_500_final/rgb/000262.png,2271,plastic_object,partial_occlusion,0.9787465940054496,1.0,0.9726746678352356,0.29833217424978403,3.3519683303173724,cuda,18
SAM2.1-Tiny,auto,train,data/cogar_sim_500_final/rgb/000262.png,2272,connector,partial_occlusion;small_parts,0.9280453257790369,0.9543676662320731,0.89829421043396,0.29833217424978403,3.3519683303173724,cuda,18
SAM2.1-Tiny,auto,train,data/cogar_sim_500_final/rgb/000262.png,2273,tool,partial_occlusion;reflective_metal,0.6290604261264408,0.7686642115835286,0.8777741193771362,0.29833217424978403,3.3519683303173724,cuda,18
SAM2.1-Tiny,auto,train,data/cogar_sim_500_final/rgb/000262.png,2274,plastic_object,partial_occlusion,0.0,0.0,0.9912119507789612,0.29833217424978403,3.3519683303173724,cuda,18
SAM2.1-Tiny,auto,train,data/cogar_sim_500_final/rgb/000262.png,2275,plastic_object,partial_occlusion,0.975293542074364,1.0,0.9607722163200378,0.29833217424978403,3.3519683303173724,cuda,18
SAM2.1-Tiny,auto,train,data/cogar_sim_500_final/rgb/000262.png,2276,cable,partial_occlusion,0.9814126394052045,1.0,0.9569323658943176,0.29833217424978403,3.3519683303173724,cuda,18
SAM2.1-Tiny,auto,train,data/cogar_sim_500_final/rgb/000262.png,2277,plastic_object,partial_occlusion,0.0,0.0,0.9912119507789612,0.29833217424978403,3.3519683303173724,cuda,18
SAM2.1-Tiny,auto,train,data/cogar_sim_500_final/rgb/000262.png,2278,plastic_object,partial_occlusion,0.0008653014133256418,0.1318781264211005,0.89829421043396,0.29833217424978403,3.3519683303173724,cuda,18
SAM2.1-Tiny,auto,train,data/cogar_sim_500_final/rgb/000262.png,2279,tool,partial_occlusion;reflective_metal,0.7086238532110092,0.7759197324414716,0.9543647766113281,0.29833217424978403,3.3519683303173724,cuda,18
SAM2.1-Tiny,auto,train,data/cogar_sim_500_final/rgb/000262.png,2280,robot_gripper,partial_occlusion,0.0003145973154362416,0.14217098943323725,0.8777741193771362,0.29833217424978403,3.3519683303173724,cuda,18
SAM2.1-Tiny,auto,train,data/cogar_sim_500_final/rgb/000262.png,2281,robot_gripper,partial_occlusion,0.0,0.0,0.9912119507789612,0.29833217424978403,3.3519683303173724,cuda,18
SAM2.1-Tiny,auto,train,data/cogar_sim_500_final/rgb/000262.png,2282,robot_gripper,partial_occlusion,0.17326203208556148,0.24672897196261687,0.8829197287559509,0.29833217424978403,3.3519683303173724,cuda,18
SAM2.1-Tiny,auto,train,data/cogar_sim_500_final/rgb/000267.png,2293,metal_part,partial_occlusion;reflective_metal,0.98005698005698,1.0,0.9812297821044922,0.4791525857499437,2.0870178513903963,cuda,11
SAM2.1-Tiny,auto,train,data/cogar_sim_500_final/rgb/000267.png,2294,box,partial_occlusion,0.9883879781420765,0.9814810770675461,0.9775964021682739,0.4791525857499437,2.0870178513903963,cuda,11
SAM2.1-Tiny,auto,train,data/cogar_sim_500_final/rgb/000267.png,2295,screw,partial_occlusion;small_parts,0.73,0.7640404040404042,0.9234169721603394,0.4791525857499437,2.0870178513903963,cuda,11
SAM2.1-Tiny,auto,train,data/cogar_sim_500_final/rgb/000267.png,2296,plastic_object,partial_occlusion,0.9833285836420632,1.0,0.9830905199050903,0.4791525857499437,2.0870178513903963,cuda,11
SAM2.1-Tiny,auto,train,data/cogar_sim_500_final/rgb/000267.png,2297,cable,partial_occlusion,0.7315039944425148,0.557660046539315,0.8628948330879211,0.4791525857499437,2.0870178513903963,cuda,11
SAM2.1-Tiny,auto,train,data/cogar_sim_500_final/rgb/000267.png,2298,robot_gripper,partial_occlusion,0.7311075057638118,0.6647944610553393,0.9498316049575806,0.4791525857499437,2.0870178513903963,cuda,11
SAM2.1-Tiny,auto,train,data/cogar_sim_500_final/rgb/000267.png,2299,robot_gripper,partial_occlusion,0.08340418296208128,0.3233434400377858,0.9498316049575806,0.4791525857499437,2.0870178513903963,cuda,11
SAM2.1-Tiny,auto,train,data/cogar_sim_500_final/rgb/000267.png,2300,robot_gripper,partial_occlusion,0.7807914628723878,0.7118533309130513,0.901680052280426,0.4791525857499437,2.0870178513903963,cuda,11
SAM2.1-Tiny,auto,train,data/cogar_sim_500_final/rgb/000270.png,2307,tool,reflective_metal;partial_occlusion,0.0,0.004514672686230248,0.9884729981422424,0.4820479094996699,2.074482598706685,cuda,14
SAM2.1-Tiny,auto,train,data/cogar_sim_500_final/rgb/000270.png,2308,metal_part,reflective_metal;partial_occlusion,0.9827121332275971,1.0,0.929476261138916,0.4820479094996699,2.074482598706685,cuda,14
SAM2.1-Tiny,auto,train,data/cogar_sim_500_final/rgb/000270.png,2309,metal_part,reflective_metal;partial_occlusion,0.00020234722784297855,0.12508497620666215,0.9835154414176941,0.4820479094996699,2.074482598706685,cuda,14
SAM2.1-Tiny,auto,train,data/cogar_sim_500_final/rgb/000270.png,2310,connector,reflective_metal;partial_occlusion;small_parts,0.9017964071856287,0.977831406442923,0.923889696598053,0.4820479094996699,2.074482598706685,cuda,14
SAM2.1-Tiny,auto,train,data/cogar_sim_500_final/rgb/000270.png,2311,box,reflective_metal;partial_occlusion,0.9836676606126321,0.9923076923076923,0.9835154414176941,0.4820479094996699,2.074482598706685,cuda,14
SAM2.1-Tiny,auto,train,data/cogar_sim_500_final/rgb/000270.png,2312,robot_gripper,reflective_metal;partial_occlusion,0.922274315131458,0.7419171866137266,0.9821105599403381,0.4820479094996699,2.074482598706685,cuda,14
SAM2.1-Tiny,auto,train,data/cogar_sim_500_final/rgb/000270.png,2313,robot_gripper,reflective_metal;partial_occlusion,0.04357506361323155,0.21572381137345203,0.9491446614265442,0.4820479094996699,2.074482598706685,cuda,14
SAM2.1-Tiny,auto,train,data/cogar_sim_500_final/rgb/000270.png,2314,robot_gripper,reflective_metal;partial_occlusion,0.9735169491525424,1.0,0.9056638479232788,0.4820479094996699,2.074482598706685,cuda,14
SAM2.1-Tiny,auto,train,data/cogar_sim_500_final/rgb/000272.png,2317,tool,partial_occlusion;reflective_metal,0.7393319700068166,0.7675081863314671,0.8015217781066895,0.39132548670022516,2.5554175078968213,cuda,17
SAM2.1-Tiny,auto,train,data/cogar_sim_500_final/rgb/000272.png,2318,glass_object,partial_occlusion;transparent_glass,0.10297202797202797,0.3902764370337868,0.9238480925559998,0.39132548670022516,2.5554175078968213,cuda,17
SAM2.1-Tiny,auto,train,data/cogar_sim_500_final/rgb/000272.png,2319,connector,partial_occlusion;small_parts,0.11971830985915492,0.3831090690296466,0.9700661301612854,0.39132548670022516,2.5554175078968213,cuda,17
SAM2.1-Tiny,auto,train,data/cogar_sim_500_final/rgb/000272.png,2320,box,partial_occlusion,0.9769367991845056,0.9456043492086876,0.9270012974739075,0.39132548670022516,2.5554175078968213,cuda,17
SAM2.1-Tiny,auto,train,data/cogar_sim_500_final/rgb/000272.png,2321,metal_part,partial_occlusion;reflective_metal,0.20635775862068967,0.38418817379941195,0.8015217781066895,0.39132548670022516,2.5554175078968213,cuda,17
SAM2.1-Tiny,auto,train,data/cogar_sim_500_final/rgb/000272.png,2322,plastic_object,partial_occlusion,0.8637685596203888,0.7984743030160041,0.9700661301612854,0.39132548670022516,2.5554175078968213,cuda,17
SAM2.1-Tiny,auto,train,data/cogar_sim_500_final/rgb/000272.png,2323,plastic_object,partial_occlusion,0.9884543761638733,1.0,0.9732369780540466,0.39132548670022516,2.5554175078968213,cuda,17
SAM2.1-Tiny,auto,train,data/cogar_sim_500_final/rgb/000272.png,2324,robot_gripper,partial_occlusion,0.6676830817705951,0.6192686619414147,0.9082559943199158,0.39132548670022516,2.5554175078968213,cuda,17
SAM2.1-Tiny,auto,train,data/cogar_sim_500_final/rgb/000272.png,2325,robot_gripper,partial_occlusion,0.9458713062689865,0.9707261617166406,0.953981339931488,0.39132548670022516,2.5554175078968213,cuda,17
SAM2.1-Tiny,auto,train,data/cogar_sim_500_final/rgb/000272.png,2326,robot_gripper,partial_occlusion,0.6768603465851172,0.763157894736842,0.9642291069030762,0.39132548670022516,2.5554175078968213,cuda,17
SAM2.1-Tiny,auto,train,data/cogar_sim_500_final/rgb/000273.png,2329,screw,small_parts,0.0,0.0,0.9859189987182617,0.3313090079093606,3.018330247976776,cuda,17
SAM2.1-Tiny,auto,train,data/cogar_sim_500_final/rgb/000273.png,2330,cable,small_parts,0.9345399698340875,0.9910022110331687,0.8418900966644287,0.3313090079093606,3.018330247976776,cuda,17
SAM2.1-Tiny,auto,train,data/cogar_sim_500_final/rgb/000273.png,2331,box,small_parts,0.9914916727009413,1.0,0.888862133026123,0.3313090079093606,3.018330247976776,cuda,17
SAM2.1-Tiny,auto,train,data/cogar_sim_500_final/rgb/000273.png,2332,connector,small_parts,0.9724310776942355,1.0,0.978980541229248,0.3313090079093606,3.018330247976776,cuda,17
SAM2.1-Tiny,auto,train,data/cogar_sim_500_final/rgb/000273.png,2333,metal_part,small_parts;reflective_metal,0.9726787620064035,0.9956791096146032,0.9698549509048462,0.3313090079093606,3.018330247976776,cuda,17
SAM2.1-Tiny,auto,train,data/cogar_sim_500_final/rgb/000273.png,2334,plastic_object,small_parts,0.9824206264649478,1.0,0.9646235108375549,0.3313090079093606,3.018330247976776,cuda,17
SAM2.1-Tiny,auto,train,data/cogar_sim_500_final/rgb/000273.png,2335,connector,small_parts,0.9684656084656085,1.0,0.9759743809700012,0.3313090079093606,3.018330247976776,cuda,17
SAM2.1-Tiny,auto,train,data/cogar_sim_500_final/rgb/000273.png,2336,screw,small_parts,0.8554216867469879,1.0,0.8016108274459839,0.3313090079093606,3.018330247976776,cuda,17
SAM2.1-Tiny,auto,train,data/cogar_sim_500_final/rgb/000273.png,2337,screw,small_parts,0.8232931726907631,0.9857113273969768,0.9397882223129272,0.3313090079093606,3.018330247976776,cuda,17
SAM2.1-Tiny,auto,train,data/cogar_sim_500_final/rgb/000273.png,2338,connector,small_parts,0.0016137708445400753,0.2519381783624269,0.888862133026123,0.3313090079093606,3.018330247976776,cuda,17
SAM2.1-Tiny,auto,train,data/cogar_sim_500_final/rgb/000273.png,2339,screw,small_parts,0.005193681021423934,0.11956521739130435,0.9698549509048462,0.3313090079093606,3.018330247976776,cuda,17
SAM2.1-Tiny,auto,train,data/cogar_sim_500_final/rgb/000274.png,2341,cable,dynamic_scene,0.9749256268593285,1.0,0.9260993599891663,0.6625089931670421,1.5094134725924608,cuda,10
SAM2.1-Tiny,auto,train,data/cogar_sim_500_final/rgb/000274.png,2342,plastic_object,dynamic_scene,0.9826795720835456,1.0,0.9649556875228882,0.6625089931670421,1.5094134725924608,cuda,10
SAM2.1-Tiny,auto,train,data/cogar_sim_500_final/rgb/000274.png,2343,plastic_object,dynamic_scene,0.9842849659507595,1.0,0.9775837659835815,0.6625089931670421,1.5094134725924608,cuda,10
SAM2.1-Tiny,auto,train,data/cogar_sim_500_final/rgb/000274.png,2344,box,dynamic_scene,0.9884054830145744,0.9976209357652657,0.9777096509933472,0.6625089931670421,1.5094134725924608,cuda,10
SAM2.1-Tiny,auto,train,data/cogar_sim_500_final/rgb/000274.png,2345,box,dynamic_scene,0.9721067600087508,1.0,0.964522123336792,0.6625089931670421,1.5094134725924608,cuda,10
SAM2.1-Tiny,auto,train,data/cogar_sim_500_final/rgb/000274.png,2346,plastic_object,dynamic_scene,0.9855907780979827,1.0,0.960921049118042,0.6625089931670421,1.5094134725924608,cuda,10
SAM2.1-Tiny,auto,train,data/cogar_sim_500_final/rgb/000276.png,2351,glass_object,transparent_glass,0.9163153646066912,0.8831940945055917,0.9732722043991089,0.3839149430001271,2.604743624161743,cuda,14
SAM2.1-Tiny,auto,train,data/cogar_sim_500_final/rgb/000276.png,2352,tool,transparent_glass;reflective_metal,0.971047227926078,0.9598114171873207,0.93468177318573,0.3839149430001271,2.604743624161743,cuda,14
SAM2.1-Tiny,auto,train,data/cogar_sim_500_final/rgb/000276.png,2353,glass_object,transparent_glass,0.2992715920915713,0.07885043218206353,0.8914431929588318,0.3839149430001271,2.604743624161743,cuda,14
SAM2.1-Tiny,auto,train,data/cogar_sim_500_final/rgb/000276.png,2354,plastic_object,transparent_glass,0.991760418317224,1.0,0.9653382897377014,0.3839149430001271,2.604743624161743,cuda,14
SAM2.1-Tiny,auto,train,data/cogar_sim_500_final/rgb/000276.png,2355,glass_object,transparent_glass,0.8063913510075917,0.6211093423587508,0.8498324155807495,0.3839149430001271,2.604743624161743,cuda,14
SAM2.1-Tiny,auto,train,data/cogar_sim_500_final/rgb/000276.png,2356,plastic_object,transparent_glass,0.9894194248507867,1.0,0.983803391456604,0.3839149430001271,2.604743624161743,cuda,14
SAM2.1-Tiny,auto,train,data/cogar_sim_500_final/rgb/000276.png,2357,metal_part,transparent_glass;reflective_metal,0.971496953872933,1.0,0.8877716660499573,0.3839149430001271,2.604743624161743,cuda,14
SAM2.1-Tiny,auto,train,data/cogar_sim_500_final/rgb/000276.png,2358,connector,transparent_glass;small_parts,0.6800151114469211,0.7359055380009978,0.9319275617599487,0.3839149430001271,2.604743624161743,cuda,14
SAM2.1-Tiny,auto,train,data/cogar_sim_500_final/rgb/000276.png,2359,glass_object,transparent_glass,0.18782870022539444,0.523146036511993,0.8498324155807495,0.3839149430001271,2.604743624161743,cuda,14
SAM2.1-Tiny,auto,train,data/cogar_sim_500_final/rgb/000276.png,2360,metal_part,transparent_glass;reflective_metal,0.1485322038849131,0.38073262186328244,0.8914431929588318,0.3839149430001271,2.604743624161743,cuda,14
SAM2.1-Tiny,auto,train,data/cogar_sim_500_final/rgb/000277.png,2363,connector,partial_occlusion;small_parts,0.9707792207792207,1.0,0.9178904294967651,0.5267341007150078,1.8984910956829337,cuda,10
SAM2.1-Tiny,auto,train,data/cogar_sim_500_final/rgb/000277.png,2364,plastic_object,partial_occlusion,0.9775587248322147,1.0,0.9836888313293457,0.5267341007150078,1.8984910956829337,cuda,10
SAM2.1-Tiny,auto,train,data/cogar_sim_500_final/rgb/000277.png,2365,tool,partial_occlusion;reflective_metal,0.0022904260192395786,0.0878925362512232,0.9580315947532654,0.5267341007150078,1.8984910956829337,cuda,10
SAM2.1-Tiny,auto,train,data/cogar_sim_500_final/rgb/000277.png,2367,plastic_object,partial_occlusion,0.8989113530326595,1.0,0.9493917226791382,0.5267341007150078,1.8984910956829337,cuda,10
SAM2.1-Tiny,auto,train,data/cogar_sim_500_final/rgb/000277.png,2368,glass_object,partial_occlusion;transparent_glass,0.7245930488341399,0.5012743294055797,0.9419654011726379,0.5267341007150078,1.8984910956829337,cuda,10
SAM2.1-Tiny,auto,train,data/cogar_sim_500_final/rgb/000277.png,2369,robot_gripper,partial_occlusion,0.9157048249763482,0.8468532048169944,0.953469455242157,0.5267341007150078,1.8984910956829337,cuda,10
SAM2.1-Tiny,auto,train,data/cogar_sim_500_final/rgb/000277.png,2370,robot_gripper,partial_occlusion,0.9258426966292135,1.0,0.9580315947532654,0.5267341007150078,1.8984910956829337,cuda,10
SAM2.1-Tiny,auto,train,data/cogar_sim_500_final/rgb/000279.png,2375,metal_part,dynamic_scene;reflective_metal;partial_occlusion,0.9686593151479976,1.0,0.9402025938034058,0.425107181000284,2.3523479364591866,cuda,8
SAM2.1-Tiny,auto,train,data/cogar_sim_500_final/rgb/000279.png,2376,plastic_object,dynamic_scene;partial_occlusion,0.0019083969465648854,0.264366642849852,0.877737283706665,0.425107181000284,2.3523479364591866,cuda,8
SAM2.1-Tiny,auto,train,data/cogar_sim_500_final/rgb/000279.png,2377,plastic_object,dynamic_scene;partial_occlusion,0.0003935458480913026,0.5020410924919371,0.9402025938034058,0.425107181000284,2.3523479364591866,cuda,8
SAM2.1-Tiny,auto,train,data/cogar_sim_500_final/rgb/000279.png,2378,connector,dynamic_scene;partial_occlusion;small_parts,0.0,0.0,0.9933034777641296,0.425107181000284,2.3523479364591866,cuda,8
SAM2.1-Tiny,auto,train,data/cogar_sim_500_final/rgb/000279.png,2379,cable,dynamic_scene;partial_occlusion,0.872528616024974,0.9742713166248584,0.9339463710784912,0.425107181000284,2.3523479364591866,cuda,8
SAM2.1-Tiny,auto,train,data/cogar_sim_500_final/rgb/000279.png,2380,connector,dynamic_scene;partial_occlusion;small_parts,0.9891737891737892,1.0,0.9796885848045349,0.425107181000284,2.3523479364591866,cuda,8
SAM2.1-Tiny,auto,train,data/cogar_sim_500_final/rgb/000279.png,2381,robot_gripper,dynamic_scene;partial_occlusion,0.002245789145352464,0.19894736842105265,0.9016758799552917,0.425107181000284,2.3523479364591866,cuda,8
SAM2.1-Tiny,auto,train,data/cogar_sim_500_final/rgb/000279.png,2382,robot_gripper,dynamic_scene;partial_occlusion,0.9588955130216504,0.9983305509181971,0.9016758799552917,0.425107181000284,2.3523479364591866,cuda,8
SAM2.1-Tiny,auto,train,data/cogar_sim_500_final/rgb/000279.png,2383,robot_gripper,dynamic_scene;partial_occlusion,0.0010435301132975551,0.050726817042606516,0.9339463710784912,0.425107181000284,2.3523479364591866,cuda,8
SAM2.1-Tiny,auto,train,data/cogar_sim_500_final/rgb/000280.png,2386,plastic_object,reflective_metal,0.9885312615612283,1.0,0.9851464629173279,0.531945217874636,1.8798928280537168,cuda,11
SAM2.1-Tiny,auto,train,data/cogar_sim_500_final/rgb/000280.png,2387,tool,reflective_metal,0.41002087682672234,0.5927351455376473,0.9642696380615234,0.531945217874636,1.8798928280537168,cuda,11
SAM2.1-Tiny,auto,train,data/cogar_sim_500_final/rgb/000280.png,2388,metal_part,reflective_metal,0.9757085020242915,1.0,0.9723720550537109,0.531945217874636,1.8798928280537168,cuda,11
SAM2.1-Tiny,auto,train,data/cogar_sim_500_final/rgb/000280.png,2389,metal_part,reflective_metal,0.972758529489553,1.0,0.985014021396637,0.531945217874636,1.8798928280537168,cuda,11
SAM2.1-Tiny,auto,train,data/cogar_sim_500_final/rgb/000280.png,2390,tool,reflective_metal,0.9684496447973255,0.9954233409610984,0.9477559924125671,0.531945217874636,1.8798928280537168,cuda,11
SAM2.1-Tiny,auto,train,data/cogar_sim_500_final/rgb/000280.png,2391,tool,reflective_metal,0.5672914147521161,0.7046145935986974,0.9642696380615234,0.531945217874636,1.8798928280537168,cuda,11
SAM2.1-Tiny,auto,train,data/cogar_sim_500_final/rgb/000280.png,2392,cable,reflective_metal,0.9102296450939458,0.9924528301886792,0.928597092628479,0.531945217874636,1.8798928280537168,cuda,11
SAM2.1-Tiny,auto,train,data/cogar_sim_500_final/rgb/000280.png,2393,metal_part,reflective_metal,0.9828098140334427,1.0,0.9735852479934692,0.531945217874636,1.8798928280537168,cuda,11
SAM2.1-Tiny,auto,train,data/cogar_sim_500_final/rgb/000281.png,2396,plastic_object,transparent_glass;partial_occlusion,0.937155119558553,0.8940536572343833,0.9176973104476929,0.5452842247146431,1.8339059790759906,cuda,11
SAM2.1-Tiny,auto,train,data/cogar_sim_500_final/rgb/000281.png,2397,box,transparent_glass;partial_occlusion,0.6539019437191761,0.6762586148012576,0.9181763529777527,0.5452842247146431,1.8339059790759906,cuda,11
SAM2.1-Tiny,auto,train,data/cogar_sim_500_final/rgb/000281.png,2398,glass_object,transparent_glass;partial_occlusion,0.9215208840606856,0.7765095789421874,0.91460120677948,0.5452842247146431,1.8339059790759906,cuda,11
SAM2.1-Tiny,auto,train,data/cogar_sim_500_final/rgb/000281.png,2399,plastic_object,transparent_glass;partial_occlusion,0.9666948913350268,1.0,0.9727147221565247,0.5452842247146431,1.8339059790759906,cuda,11
SAM2.1-Tiny,auto,train,data/cogar_sim_500_final/rgb/000281.png,2400,robot_gripper,transparent_glass;partial_occlusion,0.0248790601243953,0.14705882352941177,0.9171708822250366,0.5452842247146431,1.8339059790759906,cuda,11
SAM2.1-Tiny,auto,train,data/cogar_sim_500_final/rgb/000281.png,2401,robot_gripper,transparent_glass;partial_occlusion,0.0003773584905660377,0.17243335224049913,0.91460120677948,0.5452842247146431,1.8339059790759906,cuda,11
SAM2.1-Tiny,auto,train,data/cogar_sim_500_final/rgb/000281.png,2402,robot_gripper,transparent_glass;partial_occlusion,0.0019837691614066726,0.11585722644821533,0.9727147221565247,0.5452842247146431,1.8339059790759906,cuda,11
SAM2.1-Tiny,auto,train,data/cogar_sim_500_final/rgb/000283.png,2406,connector,small_parts;partial_occlusion,0.950439648281375,1.0,0.9561389088630676,0.35919257454555586,2.784021917115582,cuda,16
SAM2.1-Tiny,auto,train,data/cogar_sim_500_final/rgb/000283.png,2407,plastic_object,small_parts;partial_occlusion,0.9748561042108452,1.0,0.9778017401695251,0.35919257454555586,2.784021917115582,cuda,16
SAM2.1-Tiny,auto,train,data/cogar_sim_500_final/rgb/000283.png,2409,connector,small_parts;partial_occlusion,0.9503105590062112,1.0,0.9692967534065247,0.35919257454555586,2.784021917115582,cuda,16
SAM2.1-Tiny,auto,train,data/cogar_sim_500_final/rgb/000283.png,2410,connector,small_parts;partial_occlusion,0.6457867263236391,0.6248783336577769,0.9086694121360779,0.35919257454555586,2.784021917115582,cuda,16
SAM2.1-Tiny,auto,train,data/cogar_sim_500_final/rgb/000283.png,2411,connector,small_parts;partial_occlusion,0.911070780399274,1.0,0.8799356818199158,0.35919257454555586,2.784021917115582,cuda,16
SAM2.1-Tiny,auto,train,data/cogar_sim_500_final/rgb/000283.png,2412,cable,small_parts;partial_occlusion,0.8337349397590361,0.9865225966534472,0.8834528923034668,0.35919257454555586,2.784021917115582,cuda,16
SAM2.1-Tiny,auto,train,data/cogar_sim_500_final/rgb/000283.png,2413,connector,small_parts;partial_occlusion,0.9396551724137931,0.991869918699187,0.8966584205627441,0.35919257454555586,2.784021917115582,cuda,16
SAM2.1-Tiny,auto,train,data/cogar_sim_500_final/rgb/000283.png,2414,metal_part,small_parts;reflective_metal;partial_occlusion,0.978201930376315,1.0,0.9649507999420166,0.35919257454555586,2.784021917115582,cuda,16
SAM2.1-Tiny,auto,train,data/cogar_sim_500_final/rgb/000283.png,2415,robot_gripper,small_parts;partial_occlusion,0.7648652571483865,0.7159710483503842,0.936923623085022,0.35919257454555586,2.784021917115582,cuda,16
SAM2.1-Tiny,auto,train,data/cogar_sim_500_final/rgb/000283.png,2416,robot_gripper,small_parts;partial_occlusion,0.2578288100208768,0.5541400253192956,0.9327244758605957,0.35919257454555586,2.784021917115582,cuda,16
SAM2.1-Tiny,auto,train,data/cogar_sim_500_final/rgb/000283.png,2417,robot_gripper,small_parts;partial_occlusion,0.9078685258964143,0.8401464729048156,0.8959627747535706,0.35919257454555586,2.784021917115582,cuda,16
SAM2.1-Tiny,auto,train,data/cogar_sim_500_final/rgb/000285.png,2421,metal_part,reflective_metal,0.954225352112676,1.0,0.9552221298217773,0.40105882869975173,2.4933997918510826,cuda,12
SAM2.1-Tiny,auto,train,data/cogar_sim_500_final/rgb/000285.png,2422,box,reflective_metal,0.9833098260460743,0.9933880610974811,0.9574708342552185,0.40105882869975173,2.4933997918510826,cuda,12
SAM2.1-Tiny,auto,train,data/cogar_sim_500_final/rgb/000285.png,2423,plastic_object,reflective_metal,0.0009038867128653209,0.015362106803218726,0.936326265335083,0.40105882869975173,2.4933997918510826,cuda,12
SAM2.1-Tiny,auto,train,data/cogar_sim_500_final/rgb/000285.png,2424,metal_part,reflective_metal,0.5320160451641658,0.6199701937406855,0.9488587975502014,0.40105882869975173,2.4933997918510826,cuda,12
SAM2.1-Tiny,auto,train,data/cogar_sim_500_final/rgb/000285.png,2425,metal_part,reflective_metal,0.9507211538461539,1.0,0.9407336115837097,0.40105882869975173,2.4933997918510826,cuda,12
SAM2.1-Tiny,auto,train,data/cogar_sim_500_final/rgb/000285.png,2426,metal_part,reflective_metal,0.4236246439814121,0.4311551018292999,0.9488587975502014,0.40105882869975173,2.4933997918510826,cuda,12
SAM2.1-Tiny,auto,train,data/cogar_sim_500_final/rgb/000285.png,2427,tool,reflective_metal,0.575453209211171,0.6689729076616586,0.936326265335083,0.40105882869975173,2.4933997918510826,cuda,12
SAM2.1-Tiny,auto,train,data/cogar_sim_500_final/rgb/000285.png,2428,metal_part,reflective_metal,0.08123162617979267,0.236235368304891,0.9527632594108582,0.40105882869975173,2.4933997918510826,cuda,12
SAM2.1-Tiny,auto,train,data/cogar_sim_500_final/rgb/000285.png,2429,metal_part,reflective_metal,0.894357944081701,0.7534711729363865,0.9527632594108582,0.40105882869975173,2.4933997918510826,cuda,12
SAM2.1-Tiny,auto,train,data/cogar_sim_500_final/rgb/000285.png,2430,metal_part,reflective_metal,0.7463625639009045,0.6423184072840933,0.9471274018287659,0.40105882869975173,2.4933997918510826,cuda,12
SAM2.1-Tiny,auto,train,data/cogar_sim_500_final/rgb/000287.png,2435,box,partial_occlusion,0.9843517520907086,0.9958223003554211,0.9273672699928284,0.5130505279999592,1.9491257594029403,cuda,12
SAM2.1-Tiny,auto,train,data/cogar_sim_500_final/rgb/000287.png,2436,tool,partial_occlusion;reflective_metal,0.9008888464111632,0.939180241296665,0.9713620543479919,0.5130505279999592,1.9491257594029403,cuda,12
SAM2.1-Tiny,auto,train,data/cogar_sim_500_final/rgb/000287.png,2437,plastic_object,partial_occlusion,0.9728948319479581,1.0,0.9478111267089844,0.5130505279999592,1.9491257594029403,cuda,12
SAM2.1-Tiny,auto,train,data/cogar_sim_500_final/rgb/000287.png,2438,plastic_object,partial_occlusion,0.979678703830839,1.0,0.9710458517074585,0.5130505279999592,1.9491257594029403,cuda,12
SAM2.1-Tiny,auto,train,data/cogar_sim_500_final/rgb/000287.png,2439,glass_object,partial_occlusion;transparent_glass,0.9266362982498202,0.7593360995850622,0.9673202633857727,0.5130505279999592,1.9491257594029403,cuda,12
SAM2.1-Tiny,auto,train,data/cogar_sim_500_final/rgb/000287.png,2440,robot_gripper,partial_occlusion,0.9802897933091839,0.988704318936877,0.9576259255409241,0.5130505279999592,1.9491257594029403,cuda,12
SAM2.1-Tiny,auto,train,data/cogar_sim_500_final/rgb/000287.png,2441,robot_gripper,partial_occlusion,0.9658007234462348,0.9915780062583818,0.9497419595718384,0.5130505279999592,1.9491257594029403,cuda,12
SAM2.1-Tiny,auto,train,data/cogar_sim_500_final/rgb/000288.png,2444,screw,small_parts,1.37211855104281e-05,0.052673862167732025,0.8832542300224304,0.3370026365453007,2.9673358352660175,cuda,20
SAM2.1-Tiny,auto,train,data/cogar_sim_500_final/rgb/000288.png,2445,screw,small_parts,0.9760479041916168,1.0,0.9116874933242798,0.3370026365453007,2.9673358352660175,cuda,20
SAM2.1-Tiny,auto,train,data/cogar_sim_500_final/rgb/000288.png,2446,screw,small_parts,0.9236641221374046,1.0,0.947580099105835,0.3370026365453007,2.9673358352660175,cuda,20
SAM2.1-Tiny,auto,train,data/cogar_sim_500_final/rgb/000288.png,2447,metal_part,small_parts;reflective_metal,0.9904214559386973,1.0,0.9618322253227234,0.3370026365453007,2.9673358352660175,cuda,20
SAM2.1-Tiny,auto,train,data/cogar_sim_500_final/rgb/000288.png,2448,connector,small_parts,0.979235880398671,1.0,0.9769611954689026,0.3370026365453007,2.9673358352660175,cuda,20
SAM2.1-Tiny,auto,train,data/cogar_sim_500_final/rgb/000288.png,2449,connector,small_parts,0.9860943168077388,1.0,0.9647940397262573,0.3370026365453007,2.9673358352660175,cuda,20
SAM2.1-Tiny,auto,train,data/cogar_sim_500_final/rgb/000288.png,2450,screw,small_parts,0.0,0.0,0.9810605049133301,0.3370026365453007,2.9673358352660175,cuda,20
SAM2.1-Tiny,auto,train,data/cogar_sim_500_final/rgb/000288.png,2451,screw,small_parts,0.9726443768996961,0.9842931937172774,0.9688426852226257,0.3370026365453007,2.9673358352660175,cuda,20
SAM2.1-Tiny,auto,train,data/cogar_sim_500_final/rgb/000288.png,2452,box,small_parts,0.980977528695371,1.0,0.9684293866157532,0.3370026365453007,2.9673358352660175,cuda,20
SAM2.1-Tiny,auto,train,data/cogar_sim_500_final/rgb/000288.png,2453,plastic_object,small_parts,0.9901490275322051,0.9930555555555556,0.9793035984039307,0.3370026365453007,2.9673358352660175,cuda,20
SAM2.1-Tiny,auto,train,data/cogar_sim_500_final/rgb/000288.png,2454,box,small_parts,0.9936010714485016,1.0,0.9488097429275513,0.3370026365453007,2.9673358352660175,cuda,20
SAM2.1-Tiny,auto,train,data/cogar_sim_500_final/rgb/000289.png,2457,plastic_object,dynamic_scene;partial_occlusion,0.9888888888888889,1.0,0.9889516234397888,0.4118779685555233,2.427903593647046,cuda,20
SAM2.1-Tiny,auto,train,data/cogar_sim_500_final/rgb/000289.png,2458,plastic_object,dynamic_scene;partial_occlusion,0.9835345773874863,1.0,0.9788868427276611,0.4118779685555233,2.427903593647046,cuda,20
SAM2.1-Tiny,auto,train,data/cogar_sim_500_final/rgb/000289.png,2459,box,dynamic_scene;partial_occlusion,0.9894587993315336,1.0,0.9868074059486389,0.4118779685555233,2.427903593647046,cuda,20
SAM2.1-Tiny,auto,train,data/cogar_sim_500_final/rgb/000289.png,2460,cable,dynamic_scene;partial_occlusion,0.6102831594634873,0.774468085106383,0.8498520851135254,0.4118779685555233,2.427903593647046,cuda,20
SAM2.1-Tiny,auto,train,data/cogar_sim_500_final/rgb/000289.png,2461,plastic_object,dynamic_scene;partial_occlusion,0.9742189869578405,0.9981378026070763,0.971737802028656,0.4118779685555233,2.427903593647046,cuda,20
SAM2.1-Tiny,auto,train,data/cogar_sim_500_final/rgb/000289.png,2462,metal_part,dynamic_scene;reflective_metal;partial_occlusion,0.9821384878884267,1.0,0.8795202374458313,0.4118779685555233,2.427903593647046,cuda,20
SAM2.1-Tiny,auto,train,data/cogar_sim_500_final/rgb/000289.png,2463,robot_gripper,dynamic_scene;partial_occlusion,0.9003394194756554,0.8139584723812555,0.9778444766998291,0.4118779685555233,2.427903593647046,cuda,20
SAM2.1-Tiny,auto,train,data/cogar_sim_500_final/rgb/000289.png,2464,robot_gripper,dynamic_scene;partial_occlusion,0.08469363614856873,0.2071703284558596,0.9778444766998291,0.4118779685555233,2.427903593647046,cuda,20
SAM2.1-Tiny,auto,train,data/cogar_sim_500_final/rgb/000289.png,2465,robot_gripper,dynamic_scene;partial_occlusion,0.9824756606397774,1.0,0.9746258854866028,0.4118779685555233,2.427903593647046,cuda,20
SAM2.1-Tiny,auto,train,data/cogar_sim_500_final/rgb/000290.png,2468,metal_part,reflective_metal;partial_occlusion,0.9369797859690844,0.8773678963110668,0.9666752815246582,0.6464425205000831,1.5469279453127673,cuda,5
SAM2.1-Tiny,auto,train,data/cogar_sim_500_final/rgb/000290.png,2469,tool,reflective_metal;partial_occlusion,0.7509162879343205,0.8052802898204188,0.8600167036056519,0.6464425205000831,1.5469279453127673,cuda,5
SAM2.1-Tiny,auto,train,data/cogar_sim_500_final/rgb/000290.png,2470,metal_part,reflective_metal;partial_occlusion,0.0,0.034102905891762195,0.9904352426528931,0.6464425205000831,1.5469279453127673,cuda,5
SAM2.1-Tiny,auto,train,data/cogar_sim_500_final/rgb/000290.png,2471,robot_gripper,reflective_metal;partial_occlusion,0.0,0.08171013756500581,0.9904352426528931,0.6464425205000831,1.5469279453127673,cuda,5
SAM2.1-Tiny,auto,train,data/cogar_sim_500_final/rgb/000290.png,2472,robot_gripper,reflective_metal;partial_occlusion,0.0,0.021494148180047787,0.9904352426528931,0.6464425205000831,1.5469279453127673,cuda,5
SAM2.1-Tiny,auto,train,data/cogar_sim_500_final/rgb/000290.png,2473,robot_gripper,reflective_metal;partial_occlusion,4.346975591732053e-06,0.022899812024218758,0.9904352426528931,0.6464425205000831,1.5469279453127673,cuda,5
SAM2.1-Tiny,auto,train,data/cogar_sim_500_final/rgb/000294.png,2482,plastic_object,dynamic_scene;partial_occlusion,0.03651152281970176,0.2277051501486987,0.9296132922172546,0.4795073657505782,2.085473699522194,cuda,10
SAM2.1-Tiny,auto,train,data/cogar_sim_500_final/rgb/000294.png,2483,cable,dynamic_scene;partial_occlusion,0.0058267184597196415,0.23989929361203988,0.9296132922172546,0.4795073657505782,2.085473699522194,cuda,10
SAM2.1-Tiny,auto,train,data/cogar_sim_500_final/rgb/000294.png,2484,plastic_object,dynamic_scene;partial_occlusion,0.9800903119868637,1.0,0.8916787505149841,0.4795073657505782,2.085473699522194,cuda,10
SAM2.1-Tiny,auto,train,data/cogar_sim_500_final/rgb/000294.png,2485,cable,dynamic_scene;partial_occlusion,0.0027202248719227456,0.07832499788081716,0.9296132922172546,0.4795073657505782,2.085473699522194,cuda,10
SAM2.1-Tiny,auto,train,data/cogar_sim_500_final/rgb/000294.png,2486,plastic_object,dynamic_scene;partial_occlusion,0.9885895404120444,1.0,0.9853743314743042,0.4795073657505782,2.085473699522194,cuda,10
SAM2.1-Tiny,auto,train,data/cogar_sim_500_final/rgb/000294.png,2487,robot_gripper,dynamic_scene;partial_occlusion,0.7452125492326498,0.6371152354102492,0.9296132922172546,0.4795073657505782,2.085473699522194,cuda,10
SAM2.1-Tiny,auto,train,data/cogar_sim_500_final/rgb/000294.png,2488,robot_gripper,dynamic_scene;partial_occlusion,0.6714207350521119,0.751671861615209,0.9048863053321838,0.4795073657505782,2.085473699522194,cuda,10
SAM2.1-Tiny,auto,train,data/cogar_sim_500_final/rgb/000294.png,2489,robot_gripper,dynamic_scene;partial_occlusion,0.7274529236868187,0.7544051146109466,0.9351514577865601,0.4795073657505782,2.085473699522194,cuda,10
SAM2.1-Tiny,auto,train,data/cogar_sim_500_final/rgb/000296.png,2493,glass_object,transparent_glass,0.897818871503082,0.7370100273473108,0.96675705909729,0.6341444345712911,1.5769278187800275,cuda,11
SAM2.1-Tiny,auto,train,data/cogar_sim_500_final/rgb/000296.png,2494,metal_part,transparent_glass;reflective_metal,0.9100830367734283,0.746095989160833,0.9655414819717407,0.6341444345712911,1.5769278187800275,cuda,11
SAM2.1-Tiny,auto,train,data/cogar_sim_500_final/rgb/000296.png,2495,glass_object,transparent_glass,0.0006329464448189378,0.13581065527868152,0.9927915334701538,0.6341444345712911,1.5769278187800275,cuda,11
SAM2.1-Tiny,auto,train,data/cogar_sim_500_final/rgb/000296.png,2496,plastic_object,transparent_glass,0.9640287769784173,0.9933481152993348,0.9776083827018738,0.6341444345712911,1.5769278187800275,cuda,11
SAM2.1-Tiny,auto,train,data/cogar_sim_500_final/rgb/000296.png,2497,plastic_object,transparent_glass,0.9033140772271208,0.8197951456560749,0.9705939888954163,0.6341444345712911,1.5769278187800275,cuda,11
SAM2.1-Tiny,auto,train,data/cogar_sim_500_final/rgb/000296.png,2498,box,transparent_glass,0.8742906607675291,0.5800926313439916,0.9520885944366455,0.6341444345712911,1.5769278187800275,cuda,11
SAM2.1-Tiny,auto,train,data/cogar_sim_500_final/rgb/000296.png,2499,glass_object,transparent_glass,0.7869589657110736,0.6212229160554881,0.9141842126846313,0.6341444345712911,1.5769278187800275,cuda,11
SAM2.1-Tiny,auto,train,data/cogar_sim_500_final/rgb/000297.png,2502,box,partial_occlusion,0.5973117085092202,0.5294603433934476,0.86130291223526,0.38401630999942427,2.6040560621018916,cuda,18
SAM2.1-Tiny,auto,train,data/cogar_sim_500_final/rgb/000297.png,2503,cable,partial_occlusion,0.002281947261663286,0.06770064007877893,0.9382269382476807,0.38401630999942427,2.6040560621018916,cuda,18
SAM2.1-Tiny,auto,train,data/cogar_sim_500_final/rgb/000297.png,2504,screw,partial_occlusion;small_parts,0.0,0.0,0.9905776977539062,0.38401630999942427,2.6040560621018916,cuda,18
SAM2.1-Tiny,auto,train,data/cogar_sim_500_final/rgb/000297.png,2505,cable,partial_occlusion,0.7986628462273161,0.8589137829912024,0.8964332342147827,0.38401630999942427,2.6040560621018916,cuda,18
SAM2.1-Tiny,auto,train,data/cogar_sim_500_final/rgb/000297.png,2506,glass_object,partial_occlusion;transparent_glass,0.842355175688509,0.8269846589968382,0.8594763875007629,0.38401630999942427,2.6040560621018916,cuda,18
SAM2.1-Tiny,auto,train,data/cogar_sim_500_final/rgb/000297.png,2507,tool,partial_occlusion;reflective_metal,0.8345016763181957,0.7515236998408363,0.9382269382476807,0.38401630999942427,2.6040560621018916,cuda,18
SAM2.1-Tiny,auto,train,data/cogar_sim_500_final/rgb/000297.png,2508,box,partial_occlusion,0.519980715663167,0.4304812834224599,0.9180948734283447,0.38401630999942427,2.6040560621018916,cuda,18
SAM2.1-Tiny,auto,train,data/cogar_sim_500_final/rgb/000297.png,2509,robot_gripper,partial_occlusion,0.9753819419303453,0.996875,0.9415618181228638,0.38401630999942427,2.6040560621018916,cuda,18
SAM2.1-Tiny,auto,train,data/cogar_sim_500_final/rgb/000297.png,2510,robot_gripper,partial_occlusion,0.6954585930543188,0.738562091503268,0.9243156313896179,0.38401630999942427,2.6040560621018916,cuda,18
SAM2.1-Tiny,auto,train,data/cogar_sim_500_final/rgb/000297.png,2511,robot_gripper,partial_occlusion,0.6919321088119043,0.7781065088757396,0.9176734685897827,0.38401630999942427,2.6040560621018916,cuda,18
SAM2.1-Tiny,auto,train,data/cogar_sim_500_final/rgb/000298.png,2513,connector,small_parts,0.6555625392834695,0.6856946179537516,0.8840851187705994,0.30357226315391017,3.2941085908530554,cuda,16
SAM2.1-Tiny,auto,train,data/cogar_sim_500_final/rgb/000298.png,2514,cable,small_parts,0.9348998459167951,1.0,0.9264015555381775,0.30357226315391017,3.2941085908530554,cuda,16
SAM2.1-Tiny,auto,train,data/cogar_sim_500_final/rgb/000298.png,2515,box,small_parts,0.9917563143124415,0.9981447124304267,0.9861508011817932,0.30357226315391017,3.2941085908530554,cuda,16
SAM2.1-Tiny,auto,train,data/cogar_sim_500_final/rgb/000298.png,2516,plastic_object,small_parts,0.959114139693356,0.9837133550488599,0.9615954756736755,0.30357226315391017,3.2941085908530554,cuda,16
SAM2.1-Tiny,auto,train,data/cogar_sim_500_final/rgb/000298.png,2517,connector,small_parts,0.3246793869252424,0.5420560747663551,0.8840851187705994,0.30357226315391017,3.2941085908530554,cuda,16
SAM2.1-Tiny,auto,train,data/cogar_sim_500_final/rgb/000298.png,2518,screw,small_parts,0.8863636363636364,1.0,0.8974350094795227,0.30357226315391017,3.2941085908530554,cuda,16
SAM2.1-Tiny,auto,train,data/cogar_sim_500_final/rgb/000298.png,2519,connector,small_parts,0.9838709677419355,1.0,0.9621833562850952,0.30357226315391017,3.2941085908530554,cuda,16
SAM2.1-Tiny,auto,train,data/cogar_sim_500_final/rgb/000298.png,2520,metal_part,small_parts;reflective_metal,0.8347457627118644,0.8251509989159052,0.956588864326477,0.30357226315391017,3.2941085908530554,cuda,16
SAM2.1-Tiny,auto,train,data/cogar_sim_500_final/rgb/000298.png,2521,screw,small_parts,0.0,0.0,0.9897430539131165,0.30357226315391017,3.2941085908530554,cuda,16
SAM2.1-Tiny,auto,train,data/cogar_sim_500_final/rgb/000298.png,2522,connector,small_parts,0.15222690006647463,0.37477585176329953,0.956588864326477,0.30357226315391017,3.2941085908530554,cuda,16
SAM2.1-Tiny,auto,train,data/cogar_sim_500_final/rgb/000298.png,2523,plastic_object,small_parts,0.979767014101778,1.0,0.9716601371765137,0.30357226315391017,3.2941085908530554,cuda,16
SAM2.1-Tiny,auto,train,data/cogar_sim_500_final/rgb/000298.png,2524,screw,small_parts,0.8851851851851852,1.0,0.9318076968193054,0.30357226315391017,3.2941085908530554,cuda,16
SAM2.1-Tiny,auto,train,data/cogar_sim_500_final/rgb/000298.png,2525,screw,small_parts,0.0008916629514043691,0.10298102981029811,0.956588864326477,0.30357226315391017,3.2941085908530554,cuda,16
SAM2.1-Tiny,auto,train,data/cogar_sim_500_final/rgb/000300.png,2529,metal_part,reflective_metal;partial_occlusion,0.9747279099797086,1.0,0.9598410725593567,0.6460181031676863,1.5479442373156391,cuda,12
SAM2.1-Tiny,auto,train,data/cogar_sim_500_final/rgb/000300.png,2530,connector,reflective_metal;partial_occlusion;small_parts,0.9553710430721328,0.990521327014218,0.9744894504547119,0.6460181031676863,1.5479442373156391,cuda,12
SAM2.1-Tiny,auto,train,data/cogar_sim_500_final/rgb/000300.png,2531,tool,reflective_metal;partial_occlusion,0.9362037871956718,0.886782356088984,0.9833902716636658,0.6460181031676863,1.5479442373156391,cuda,12
SAM2.1-Tiny,auto,train,data/cogar_sim_500_final/rgb/000300.png,2532,robot_gripper,reflective_metal;partial_occlusion,0.7565730280915726,0.6515456437578447,0.9559229016304016,0.6460181031676863,1.5479442373156391,cuda,12
SAM2.1-Tiny,auto,train,data/cogar_sim_500_final/rgb/000300.png,2533,robot_gripper,reflective_metal;partial_occlusion,0.1500748502994012,0.44680851063829785,0.9235596060752869,0.6460181031676863,1.5479442373156391,cuda,12
SAM2.1-Tiny,auto,train,data/cogar_sim_500_final/rgb/000300.png,2534,robot_gripper,reflective_metal;partial_occlusion,0.22715998346424143,0.43677670524238715,0.8383764028549194,0.6460181031676863,1.5479442373156391,cuda,12
SAM2.1-Tiny,auto,train,data/cogar_sim_500_final/rgb/000301.png,2536,glass_object,transparent_glass,0.2678787878787879,0.1590909090909091,0.8793141841888428,0.36436135550029575,2.7445281583907937,cuda,14
SAM2.1-Tiny,auto,train,data/cogar_sim_500_final/rgb/000301.png,2537,plastic_object,transparent_glass,0.981051634296542,1.0,0.9677146077156067,0.36436135550029575,2.7445281583907937,cuda,14
SAM2.1-Tiny,auto,train,data/cogar_sim_500_final/rgb/000301.png,2538,glass_object,transparent_glass,0.6504716141662218,0.48782404441597266,0.8690549731254578,0.36436135550029575,2.7445281583907937,cuda,14
SAM2.1-Tiny,auto,train,data/cogar_sim_500_final/rgb/000301.png,2539,plastic_object,transparent_glass,0.0009140767824497258,0.16969696969696968,0.8793141841888428,0.36436135550029575,2.7445281583907937,cuda,14
SAM2.1-Tiny,auto,train,data/cogar_sim_500_final/rgb/000301.png,2540,box,transparent_glass,0.9861139753901148,0.9958391123439667,0.9663081765174866,0.36436135550029575,2.7445281583907937,cuda,14
SAM2.1-Tiny,auto,train,data/cogar_sim_500_final/rgb/000301.png,2541,metal_part,transparent_glass;reflective_metal,0.9841097378785821,1.0,0.9710285663604736,0.36436135550029575,2.7445281583907937,cuda,14
SAM2.1-Tiny,auto,train,data/cogar_sim_500_final/rgb/000301.png,2542,glass_object,transparent_glass,0.6654122476907287,0.6082213715629613,0.819771409034729,0.36436135550029575,2.7445281583907937,cuda,14
SAM2.1-Tiny,auto,train,data/cogar_sim_500_final/rgb/000301.png,2543,glass_object,transparent_glass,0.6759031918625044,0.5673150895702824,0.9241645932197571,0.36436135550029575,2.7445281583907937,cuda,14
SAM2.1-Tiny,auto,train,data/cogar_sim_500_final/rgb/000301.png,2544,glass_object,transparent_glass,0.0009869841465671458,0.13589998836472703,0.8245351314544678,0.36436135550029575,2.7445281583907937,cuda,14
SAM2.1-Tiny,auto,train,data/cogar_sim_500_final/rgb/000301.png,2545,box,transparent_glass,0.9525149489975379,0.974304068522484,0.9504254460334778,0.36436135550029575,2.7445281583907937,cuda,14
SAM2.1-Tiny,auto,train,data/cogar_sim_500_final/rgb/000302.png,2548,metal_part,partial_occlusion;reflective_metal,0.0046892385948179936,0.21022520414001142,0.9733465313911438,0.4323933240003599,2.3127091573670264,cuda,13
SAM2.1-Tiny,auto,train,data/cogar_sim_500_final/rgb/000302.png,2549,screw,partial_occlusion;small_parts,0.9595959595959596,1.0,0.9392988085746765,0.4323933240003599,2.3127091573670264,cuda,13
SAM2.1-Tiny,auto,train,data/cogar_sim_500_final/rgb/000302.png,2550,glass_object,partial_occlusion;transparent_glass,0.9908300583541741,1.0,0.9766735434532166,0.4323933240003599,2.3127091573670264,cuda,13
SAM2.1-Tiny,auto,train,data/cogar_sim_500_final/rgb/000302.png,2551,plastic_object,partial_occlusion,0.9668737060041408,1.0,0.9690235257148743,0.4323933240003599,2.3127091573670264,cuda,13
SAM2.1-Tiny,auto,train,data/cogar_sim_500_final/rgb/000302.png,2552,box,partial_occlusion,0.9687032967032967,0.9357573381682756,0.9625789523124695,0.4323933240003599,2.3127091573670264,cuda,13
SAM2.1-Tiny,auto,train,data/cogar_sim_500_final/rgb/000302.png,2553,plastic_object,partial_occlusion,0.9888268156424581,1.0,0.9847692251205444,0.4323933240003599,2.3127091573670264,cuda,13
SAM2.1-Tiny,auto,train,data/cogar_sim_500_final/rgb/000302.png,2554,robot_gripper,partial_occlusion,0.9482587885789734,0.8999963480102743,0.9733465313911438,0.4323933240003599,2.3127091573670264,cuda,13
SAM2.1-Tiny,auto,train,data/cogar_sim_500_final/rgb/000302.png,2555,robot_gripper,partial_occlusion,0.009181969949916527,0.1640463957173184,0.9733465313911438,0.4323933240003599,2.3127091573670264,cuda,13
SAM2.1-Tiny,auto,train,data/cogar_sim_500_final/rgb/000302.png,2556,robot_gripper,partial_occlusion,0.00894349715814109,0.10766066576949444,0.9733465313911438,0.4323933240003599,2.3127091573670264,cuda,13
SAM2.1-Tiny,auto,train,data/cogar_sim_500_final/rgb/000303.png,2559,plastic_object,small_parts;partial_occlusion,0.9730820995962315,1.0,0.9813156723976135,0.26176914846679816,3.820159884604722,cuda,15
SAM2.1-Tiny,auto,train,data/cogar_sim_500_final/rgb/000303.png,2560,screw,small_parts;partial_occlusion,0.0,0.022877734014916617,0.989722728729248,0.26176914846679816,3.820159884604722,cuda,15
SAM2.1-Tiny,auto,train,data/cogar_sim_500_final/rgb/000303.png,2561,connector,small_parts;partial_occlusion,0.9438491213030433,0.9822222222222223,0.9689224362373352,0.26176914846679816,3.820159884604722,cuda,15
SAM2.1-Tiny,auto,train,data/cogar_sim_500_final/rgb/000303.png,2562,metal_part,small_parts;reflective_metal;partial_occlusion,0.021296440230063735,0.24917125808737794,0.9373598694801331,0.26176914846679816,3.820159884604722,cuda,15
SAM2.1-Tiny,auto,train,data/cogar_sim_500_final/rgb/000303.png,2563,connector,small_parts;partial_occlusion,0.9668874172185431,1.0,0.9795511960983276,0.26176914846679816,3.820159884604722,cuda,15
SAM2.1-Tiny,auto,train,data/cogar_sim_500_final/rgb/000303.png,2564,screw,small_parts;partial_occlusion,0.8596059113300493,1.0,0.8909417986869812,0.26176914846679816,3.820159884604722,cuda,15
SAM2.1-Tiny,auto,train,data/cogar_sim_500_final/rgb/000303.png,2565,connector,small_parts;partial_occlusion,0.6908267270668177,0.7503002161556321,0.8506864309310913,0.26176914846679816,3.820159884604722,cuda,15
SAM2.1-Tiny,auto,train,data/cogar_sim_500_final/rgb/000303.png,2566,screw,small_parts;partial_occlusion,0.0,0.028894019954667737,0.989722728729248,0.26176914846679816,3.820159884604722,cuda,15
SAM2.1-Tiny,auto,train,data/cogar_sim_500_final/rgb/000303.png,2567,connector,small_parts;partial_occlusion,0.1466346153846154,0.499926625250697,0.8506864309310913,0.26176914846679816,3.820159884604722,cuda,15
SAM2.1-Tiny,auto,train,data/cogar_sim_500_final/rgb/000303.png,2568,screw,small_parts;partial_occlusion,0.7695035460992907,0.8661233993015134,0.9468746781349182,0.26176914846679816,3.820159884604722,cuda,15
SAM2.1-Tiny,auto,train,data/cogar_sim_500_final/rgb/000303.png,2569,connector,small_parts;partial_occlusion,0.8507992895204263,0.8887172626846321,0.9550981521606445,0.26176914846679816,3.820159884604722,cuda,15
SAM2.1-Tiny,auto,train,data/cogar_sim_500_final/rgb/000303.png,2570,screw,small_parts;partial_occlusion,0.0522202486678508,0.2949852507374631,0.8372420072555542,0.26176914846679816,3.820159884604722,cuda,15
SAM2.1-Tiny,auto,train,data/cogar_sim_500_final/rgb/000303.png,2571,robot_gripper,small_parts;partial_occlusion,0.833192448577064,0.7857755323532158,0.9373598694801331,0.26176914846679816,3.820159884604722,cuda,15
SAM2.1-Tiny,auto,train,data/cogar_sim_500_final/rgb/000303.png,2572,robot_gripper,small_parts;partial_occlusion,0.7741935483870968,0.665750634486995,0.9382316470146179,0.26176914846679816,3.820159884604722,cuda,15
SAM2.1-Tiny,auto,train,data/cogar_sim_500_final/rgb/000303.png,2573,robot_gripper,small_parts;partial_occlusion,0.9442508710801394,1.0,0.9062560796737671,0.26176914846679816,3.820159884604722,cuda,15
SAM2.1-Tiny,auto,train,data/cogar_sim_500_final/rgb/000304.png,2576,plastic_object,dynamic_scene,0.9562759140595553,1.0,0.9736853837966919,0.4296276870001748,2.327596731445274,cuda,17
SAM2.1-Tiny,auto,train,data/cogar_sim_500_final/rgb/000304.png,2577,connector,dynamic_scene;small_parts,0.7211961301671064,0.6558013369803312,0.9550402164459229,0.4296276870001748,2.327596731445274,cuda,17
SAM2.1-Tiny,auto,train,data/cogar_sim_500_final/rgb/000304.png,2578,plastic_object,dynamic_scene,0.7983991064780342,0.5790699542205445,0.986019492149353,0.4296276870001748,2.327596731445274,cuda,17
SAM2.1-Tiny,auto,train,data/cogar_sim_500_final/rgb/000304.png,2579,plastic_object,dynamic_scene,0.9697277529459569,1.0,0.929133951663971,0.4296276870001748,2.327596731445274,cuda,17
SAM2.1-Tiny,auto,train,data/cogar_sim_500_final/rgb/000304.png,2580,connector,dynamic_scene;small_parts,0.7225201072386059,0.6484242085350911,0.9623861312866211,0.4296276870001748,2.327596731445274,cuda,17
SAM2.1-Tiny,auto,train,data/cogar_sim_500_final/rgb/000304.png,2581,plastic_object,dynamic_scene,0.9482598607888632,0.9439396265743571,0.8242145776748657,0.4296276870001748,2.327596731445274,cuda,17
SAM2.1-Tiny,auto,train,data/cogar_sim_500_final/rgb/000304.png,2582,cable,dynamic_scene,0.3676300578034682,0.39793416950282023,0.8294141292572021,0.4296276870001748,2.327596731445274,cuda,17
SAM2.1-Tiny,auto,train,data/cogar_sim_500_final/rgb/000304.png,2583,cable,dynamic_scene,0.0012711094970038134,0.10363588428444744,0.9550402164459229,0.4296276870001748,2.327596731445274,cuda,17
SAM2.1-Tiny,auto,train,data/cogar_sim_500_final/rgb/000304.png,2584,cable,dynamic_scene,0.8845903771131339,0.9722607489597782,0.9519255757331848,0.4296276870001748,2.327596731445274,cuda,17
SAM2.1-Tiny,auto,train,data/cogar_sim_500_final/rgb/000304.png,2585,plastic_object,dynamic_scene,0.9683872120021433,0.9577702702702703,0.9114614129066467,0.4296276870001748,2.327596731445274,cuda,17
SAM2.1-Tiny,auto,train,data/cogar_sim_500_final/rgb/000305.png,2587,tool,reflective_metal;partial_occlusion,4.714690504141855e-06,0.07046260529287784,0.9875257015228271,0.5566764051431424,1.7963757593477712,cuda,4
SAM2.1-Tiny,auto,train,data/cogar_sim_500_final/rgb/000305.png,2588,screw,reflective_metal;partial_occlusion;small_parts,0.0,0.0,0.9883654117584229,0.5566764051431424,1.7963757593477712,cuda,4
SAM2.1-Tiny,auto,train,data/cogar_sim_500_final/rgb/000305.png,2589,metal_part,reflective_metal;partial_occlusion,1.8555457623973652e-05,0.05572951761861351,0.9875257015228271,0.5566764051431424,1.7963757593477712,cuda,4
SAM2.1-Tiny,auto,train,data/cogar_sim_500_final/rgb/000305.png,2590,tool,reflective_metal;partial_occlusion,0.0,0.0,0.9883654117584229,0.5566764051431424,1.7963757593477712,cuda,4
SAM2.1-Tiny,auto,train,data/cogar_sim_500_final/rgb/000305.png,2591,robot_gripper,reflective_metal;partial_occlusion,0.4660039184384297,0.5444444444444445,0.951482892036438,0.5566764051431424,1.7963757593477712,cuda,4
SAM2.1-Tiny,auto,train,data/cogar_sim_500_final/rgb/000305.png,2592,robot_gripper,reflective_metal;partial_occlusion,0.339368819080861,0.40985544946643415,0.951482892036438,0.5566764051431424,1.7963757593477712,cuda,4
SAM2.1-Tiny,auto,train,data/cogar_sim_500_final/rgb/000305.png,2593,robot_gripper,reflective_metal;partial_occlusion,0.18550386466384716,0.31025972499706195,0.951482892036438,0.5566764051431424,1.7963757593477712,cuda,4
SAM2.1-Tiny,auto,train,data/cogar_sim_500_final/rgb/000306.png,2595,glass_object,transparent_glass;partial_occlusion,0.9866041113648991,1.0,0.9441882967948914,0.5571253067142347,1.794928336495273,cuda,16
SAM2.1-Tiny,auto,train,data/cogar_sim_500_final/rgb/000306.png,2596,box,transparent_glass;partial_occlusion,0.9923577941815024,1.0,0.9684802889823914,0.5571253067142347,1.794928336495273,cuda,16
SAM2.1-Tiny,auto,train,data/cogar_sim_500_final/rgb/000306.png,2597,glass_object,transparent_glass;partial_occlusion,0.9875440021662605,0.9918470410973138,0.9535672068595886,0.5571253067142347,1.794928336495273,cuda,16
SAM2.1-Tiny,auto,train,data/cogar_sim_500_final/rgb/000306.png,2598,cable,transparent_glass;partial_occlusion,0.924892703862661,1.0,0.8278347253799438,0.5571253067142347,1.794928336495273,cuda,16
SAM2.1-Tiny,auto,train,data/cogar_sim_500_final/rgb/000306.png,2599,robot_gripper,transparent_glass;partial_occlusion,0.44059315030759344,0.5472362061033919,0.8290697336196899,0.5571253067142347,1.794928336495273,cuda,16
SAM2.1-Tiny,auto,train,data/cogar_sim_500_final/rgb/000306.png,2600,robot_gripper,transparent_glass;partial_occlusion,0.25898128232117523,0.339863110691527,0.8290697336196899,0.5571253067142347,1.794928336495273,cuda,16
SAM2.1-Tiny,auto,train,data/cogar_sim_500_final/rgb/000306.png,2601,robot_gripper,transparent_glass;partial_occlusion,0.2925276034269483,0.4401915395427509,0.8290697336196899,0.5571253067142347,1.794928336495273,cuda,16
SAM2.1-Tiny,auto,train,data/cogar_sim_500_final/rgb/000307.png,2604,box,partial_occlusion,0.9799019607843137,1.0,0.9785035252571106,0.3416820369086715,2.9266976076570597,cuda,13
SAM2.1-Tiny,auto,train,data/cogar_sim_500_final/rgb/000307.png,2605,connector,partial_occlusion;small_parts,0.9478173607626693,1.0,0.9774215221405029,0.3416820369086715,2.9266976076570597,cuda,13
SAM2.1-Tiny,auto,train,data/cogar_sim_500_final/rgb/000307.png,2606,connector,partial_occlusion;small_parts,0.9324090121317158,1.0,0.9705139398574829,0.3416820369086715,2.9266976076570597,cuda,13
SAM2.1-Tiny,auto,train,data/cogar_sim_500_final/rgb/000307.png,2607,box,partial_occlusion,0.10415523197623737,0.3955022009685363,0.9689701199531555,0.3416820369086715,2.9266976076570597,cuda,13
SAM2.1-Tiny,auto,train,data/cogar_sim_500_final/rgb/000307.png,2608,connector,partial_occlusion;small_parts,0.9033760186263097,0.8657260773586716,0.8792807459831238,0.3416820369086715,2.9266976076570597,cuda,13
SAM2.1-Tiny,auto,train,data/cogar_sim_500_final/rgb/000307.png,2609,connector,partial_occlusion;small_parts,0.9545192861255037,0.9912434325744308,0.9835097193717957,0.3416820369086715,2.9266976076570597,cuda,13
SAM2.1-Tiny,auto,train,data/cogar_sim_500_final/rgb/000307.png,2610,plastic_object,partial_occlusion,0.9794675090252708,0.9765395894428152,0.964549720287323,0.3416820369086715,2.9266976076570597,cuda,13
SAM2.1-Tiny,auto,train,data/cogar_sim_500_final/rgb/000307.png,2611,box,partial_occlusion,0.8900235157684502,0.7472546001425052,0.9689701199531555,0.3416820369086715,2.9266976076570597,cuda,13
SAM2.1-Tiny,auto,train,data/cogar_sim_500_final/rgb/000307.png,2612,robot_gripper,partial_occlusion,0.8837806536079359,0.7676341022947946,0.9758105278015137,0.3416820369086715,2.9266976076570597,cuda,13
SAM2.1-Tiny,auto,train,data/cogar_sim_500_final/rgb/000307.png,2613,robot_gripper,partial_occlusion,0.025936599423631124,0.22983198468095623,0.9758105278015137,0.3416820369086715,2.9266976076570597,cuda,13
SAM2.1-Tiny,auto,train,data/cogar_sim_500_final/rgb/000307.png,2614,robot_gripper,partial_occlusion,0.5047003525264395,0.6266552755232807,0.8765490055084229,0.3416820369086715,2.9266976076570597,cuda,13
SAM2.1-Tiny,auto,train,data/cogar_sim_500_final/rgb/000308.png,2617,metal_part,small_parts;reflective_metal;partial_occlusion,0.9861623616236163,1.0,0.9456839561462402,0.43092679166713627,2.320579781385319,cuda,12
SAM2.1-Tiny,auto,train,data/cogar_sim_500_final/rgb/000308.png,2618,screw,small_parts;partial_occlusion,5.675497741151899e-06,0.03620810055865922,0.9857913255691528,0.43092679166713627,2.320579781385319,cuda,12
SAM2.1-Tiny,auto,train,data/cogar_sim_500_final/rgb/000308.png,2619,metal_part,small_parts;reflective_metal;partial_occlusion,0.9730606945796819,1.0,0.9512099027633667,0.43092679166713627,2.320579781385319,cuda,12
SAM2.1-Tiny,auto,train,data/cogar_sim_500_final/rgb/000308.png,2620,screw,small_parts;partial_occlusion,0.011988424968995453,0.22053231939163498,0.8851298093795776,0.43092679166713627,2.320579781385319,cuda,12
SAM2.1-Tiny,auto,train,data/cogar_sim_500_final/rgb/000308.png,2621,plastic_object,small_parts;partial_occlusion,6.252344629235963e-05,0.0059719499321369334,0.9857913255691528,0.43092679166713627,2.320579781385319,cuda,12
SAM2.1-Tiny,auto,train,data/cogar_sim_500_final/rgb/000308.png,2622,connector,small_parts;partial_occlusion,0.9430704619692021,1.0,0.9748801589012146,0.43092679166713627,2.320579781385319,cuda,12
SAM2.1-Tiny,auto,train,data/cogar_sim_500_final/rgb/000308.png,2623,robot_gripper,small_parts;partial_occlusion,0.7447034799625627,0.6532876752822641,0.9250973463058472,0.43092679166713627,2.320579781385319,cuda,12
SAM2.1-Tiny,auto,train,data/cogar_sim_500_final/rgb/000308.png,2624,robot_gripper,small_parts;partial_occlusion,0.5367041198501873,0.6918489065606362,0.8166643381118774,0.43092679166713627,2.320579781385319,cuda,12
SAM2.1-Tiny,auto,train,data/cogar_sim_500_final/rgb/000308.png,2625,robot_gripper,small_parts;partial_occlusion,0.6645660269263821,0.743897464522639,0.8851298093795776,0.43092679166713627,2.320579781385319,cuda,12
SAM2.1-Tiny,auto,train,data/cogar_sim_500_final/rgb/000310.png,2629,metal_part,reflective_metal,0.9569914814045294,1.0,0.9119071364402771,0.4703725731111869,2.1259742960472727,cuda,11
SAM2.1-Tiny,auto,train,data/cogar_sim_500_final/rgb/000310.png,2630,tool,reflective_metal,0.0011151587242584195,0.08771721724690115,0.8260778784751892,0.4703725731111869,2.1259742960472727,cuda,11
SAM2.1-Tiny,auto,train,data/cogar_sim_500_final/rgb/000310.png,2631,metal_part,reflective_metal,0.9805641787015792,1.0,0.9819106459617615,0.4703725731111869,2.1259742960472727,cuda,11
SAM2.1-Tiny,auto,train,data/cogar_sim_500_final/rgb/000310.png,2632,connector,reflective_metal;small_parts,0.9463414634146341,1.0,0.9834274053573608,0.4703725731111869,2.1259742960472727,cuda,11
SAM2.1-Tiny,auto,train,data/cogar_sim_500_final/rgb/000310.png,2633,metal_part,reflective_metal,0.6399311108377415,0.5429805986378985,0.9276542067527771,0.4703725731111869,2.1259742960472727,cuda,11
SAM2.1-Tiny,auto,train,data/cogar_sim_500_final/rgb/000310.png,2634,metal_part,reflective_metal,0.825029960623181,0.6638697703193874,0.8161467909812927,0.4703725731111869,2.1259742960472727,cuda,11
SAM2.1-Tiny,auto,train,data/cogar_sim_500_final/rgb/000310.png,2635,tool,reflective_metal,0.0007900974453515934,0.10341261633919338,0.9119071364402771,0.4703725731111869,2.1259742960472727,cuda,11
SAM2.1-Tiny,auto,train,data/cogar_sim_500_final/rgb/000310.png,2636,tool,reflective_metal,0.9624212421242124,0.9730062910311226,0.8260778784751892,0.4703725731111869,2.1259742960472727,cuda,11
SAM2.1-Tiny,auto,train,data/cogar_sim_500_final/rgb/000310.png,2637,metal_part,reflective_metal,0.9617496686233667,1.0,0.9650030136108398,0.4703725731111869,2.1259742960472727,cuda,11
SAM2.1-Tiny,auto,train,data/cogar_sim_500_final/rgb/000311.png,2640,plastic_object,transparent_glass;partial_occlusion,0.580155192339442,0.4172461752433937,0.9675908088684082,0.5502009128571704,1.8175178859792174,cuda,7
SAM2.1-Tiny,auto,train,data/cogar_sim_500_final/rgb/000311.png,2641,glass_object,transparent_glass;partial_occlusion,0.9717716452496313,0.9445663581719302,0.9186906218528748,0.5502009128571704,1.8175178859792174,cuda,7
SAM2.1-Tiny,auto,train,data/cogar_sim_500_final/rgb/000311.png,2642,glass_object,transparent_glass;partial_occlusion,0.976023764056864,0.9954614220877459,0.9674408435821533,0.5502009128571704,1.8175178859792174,cuda,7
SAM2.1-Tiny,auto,train,data/cogar_sim_500_final/rgb/000311.png,2643,plastic_object,transparent_glass;partial_occlusion,0.32952286282306165,0.4546238093930993,0.9675908088684082,0.5502009128571704,1.8175178859792174,cuda,7
SAM2.1-Tiny,auto,train,data/cogar_sim_500_final/rgb/000311.png,2644,robot_gripper,transparent_glass;partial_occlusion,0.5875288683602772,0.4370370146857811,0.9595783352851868,0.5502009128571704,1.8175178859792174,cuda,7
SAM2.1-Tiny,auto,train,data/cogar_sim_500_final/rgb/000311.png,2645,robot_gripper,transparent_glass;partial_occlusion,0.9368279569892473,1.0,0.8789878487586975,0.5502009128571704,1.8175178859792174,cuda,7
SAM2.1-Tiny,auto,train,data/cogar_sim_500_final/rgb/000311.png,2646,robot_gripper,transparent_glass;partial_occlusion,0.05035118896505035,0.0,0.9595783352851868,0.5502009128571704,1.8175178859792174,cuda,7
SAM2.1-Tiny,auto,train,data/cogar_sim_500_final/rgb/000312.png,2649,plastic_object,partial_occlusion,0.9884043357701033,1.0,0.9851967096328735,0.39088174589996927,2.55831849527174,cuda,16
SAM2.1-Tiny,auto,train,data/cogar_sim_500_final/rgb/000312.png,2650,plastic_object,partial_occlusion,0.9896024464831804,1.0,0.953874409198761,0.39088174589996927,2.55831849527174,cuda,16
SAM2.1-Tiny,auto,train,data/cogar_sim_500_final/rgb/000312.png,2651,glass_object,partial_occlusion;transparent_glass,0.00016522651662312726,0.030437019254323648,0.9896161556243896,0.39088174589996927,2.55831849527174,cuda,16
SAM2.1-Tiny,auto,train,data/cogar_sim_500_final/rgb/000312.png,2652,plastic_object,partial_occlusion,0.9872468117029257,1.0,0.9787656664848328,0.39088174589996927,2.55831849527174,cuda,16
SAM2.1-Tiny,auto,train,data/cogar_sim_500_final/rgb/000312.png,2653,metal_part,partial_occlusion;reflective_metal,0.9781659388646288,1.0,0.9711018800735474,0.39088174589996927,2.55831849527174,cuda,16
SAM2.1-Tiny,auto,train,data/cogar_sim_500_final/rgb/000312.png,2654,metal_part,partial_occlusion;reflective_metal,0.958109559613319,1.0,0.9634647369384766,0.39088174589996927,2.55831849527174,cuda,16
SAM2.1-Tiny,auto,train,data/cogar_sim_500_final/rgb/000312.png,2655,plastic_object,partial_occlusion,0.9819004524886877,1.0,0.9748486876487732,0.39088174589996927,2.55831849527174,cuda,16
SAM2.1-Tiny,auto,train,data/cogar_sim_500_final/rgb/000312.png,2656,robot_gripper,partial_occlusion,0.883518195644916,0.8528579232259027,0.9486181735992432,0.39088174589996927,2.55831849527174,cuda,16
SAM2.1-Tiny,auto,train,data/cogar_sim_500_final/rgb/000312.png,2657,robot_gripper,partial_occlusion,0.9678416821273964,1.0,0.959688663482666,0.39088174589996927,2.55831849527174,cuda,16
SAM2.1-Tiny,auto,train,data/cogar_sim_500_final/rgb/000312.png,2658,robot_gripper,partial_occlusion,0.8926957831325302,0.8941806903179774,0.9503836631774902,0.39088174589996927,2.55831849527174,cuda,16
SAM2.1-Tiny,auto,train,data/cogar_sim_500_final/rgb/000313.png,2660,plastic_object,small_parts;partial_occlusion,0.986051342929218,0.998696219035202,0.9800783395767212,0.2779512490000343,3.5977532160680328,cuda,22
SAM2.1-Tiny,auto,train,data/cogar_sim_500_final/rgb/000313.png,2661,plastic_object,small_parts;partial_occlusion,0.9806978470675576,1.0,0.9759392738342285,0.2779512490000343,3.5977532160680328,cuda,22
SAM2.1-Tiny,auto,train,data/cogar_sim_500_final/rgb/000313.png,2662,screw,small_parts;partial_occlusion,0.6421800947867299,0.7048951048951049,0.9188520908355713,0.2779512490000343,3.5977532160680328,cuda,22
SAM2.1-Tiny,auto,train,data/cogar_sim_500_final/rgb/000313.png,2663,plastic_object,small_parts;partial_occlusion,0.98,1.0,0.9316689968109131,0.2779512490000343,3.5977532160680328,cuda,22
SAM2.1-Tiny,auto,train,data/cogar_sim_500_final/rgb/000313.png,2664,connector,small_parts;partial_occlusion,0.0003588087549336204,0.0098159509202454,0.9139852523803711,0.2779512490000343,3.5977532160680328,cuda,22
SAM2.1-Tiny,auto,train,data/cogar_sim_500_final/rgb/000313.png,2665,metal_part,small_parts;reflective_metal;partial_occlusion,0.9734204793028323,1.0,0.9538099765777588,0.2779512490000343,3.5977532160680328,cuda,22
SAM2.1-Tiny,auto,train,data/cogar_sim_500_final/rgb/000313.png,2666,plastic_object,small_parts;partial_occlusion,0.9732163472639114,0.9971264367816092,0.9538493156433105,0.2779512490000343,3.5977532160680328,cuda,22
SAM2.1-Tiny,auto,train,data/cogar_sim_500_final/rgb/000313.png,2667,connector,small_parts;partial_occlusion,0.6894966118102613,0.7392979509125572,0.900746762752533,0.2779512490000343,3.5977532160680328,cuda,22
SAM2.1-Tiny,auto,train,data/cogar_sim_500_final/rgb/000313.png,2668,connector,small_parts;partial_occlusion,0.8805528134254689,0.7358178221019905,0.9139852523803711,0.2779512490000343,3.5977532160680328,cuda,22
SAM2.1-Tiny,auto,train,data/cogar_sim_500_final/rgb/000313.png,2669,connector,small_parts;partial_occlusion,0.2928709055876686,0.5385731500381181,0.900746762752533,0.2779512490000343,3.5977532160680328,cuda,22
SAM2.1-Tiny,auto,train,data/cogar_sim_500_final/rgb/000313.png,2670,connector,small_parts;partial_occlusion,0.9687628442252363,1.0,0.918044924736023,0.2779512490000343,3.5977532160680328,cuda,22
SAM2.1-Tiny,auto,train,data/cogar_sim_500_final/rgb/000313.png,2671,cable,small_parts;partial_occlusion,0.24460114587924195,0.46411012782694194,0.9424799680709839,0.2779512490000343,3.5977532160680328,cuda,22
SAM2.1-Tiny,auto,train,data/cogar_sim_500_final/rgb/000313.png,2672,metal_part,small_parts;reflective_metal;partial_occlusion,0.9717552118359112,1.0,0.9625956416130066,0.2779512490000343,3.5977532160680328,cuda,22
SAM2.1-Tiny,auto,train,data/cogar_sim_500_final/rgb/000313.png,2673,robot_gripper,small_parts;partial_occlusion,0.8384292345096883,0.7737020316027088,0.970541775226593,0.2779512490000343,3.5977532160680328,cuda,22
SAM2.1-Tiny,auto,train,data/cogar_sim_500_final/rgb/000313.png,2674,robot_gripper,small_parts;partial_occlusion,0.14444444444444443,0.38534719892653474,0.970541775226593,0.2779512490000343,3.5977532160680328,cuda,22
SAM2.1-Tiny,auto,train,data/cogar_sim_500_final/rgb/000314.png,2677,plastic_object,dynamic_scene;partial_occlusion,0.9691536533641797,0.9873417721518987,0.9726426601409912,0.6158843428335482,1.623681477920384,cuda,11
SAM2.1-Tiny,auto,train,data/cogar_sim_500_final/rgb/000314.png,2678,cable,dynamic_scene;partial_occlusion,0.9309769923307769,1.0,0.9494107365608215,0.6158843428335482,1.623681477920384,cuda,11
SAM2.1-Tiny,auto,train,data/cogar_sim_500_final/rgb/000314.png,2679,plastic_object,dynamic_scene;partial_occlusion,0.9779049122114816,1.0,0.9870761036872864,0.6158843428335482,1.623681477920384,cuda,11
SAM2.1-Tiny,auto,train,data/cogar_sim_500_final/rgb/000314.png,2680,robot_gripper,dynamic_scene;partial_occlusion,0.7748331622176592,0.6061053293088181,0.8945876955986023,0.6158843428335482,1.623681477920384,cuda,11
SAM2.1-Tiny,auto,train,data/cogar_sim_500_final/rgb/000314.png,2681,robot_gripper,dynamic_scene;partial_occlusion,0.10048830634798252,0.334298413272865,0.8945876955986023,0.6158843428335482,1.623681477920384,cuda,11
SAM2.1-Tiny,auto,train,data/cogar_sim_500_final/rgb/000314.png,2682,robot_gripper,dynamic_scene;partial_occlusion,0.4358316221765914,0.4991534988713318,0.8886218667030334,0.6158843428335482,1.623681477920384,cuda,11
SAM2.1-Tiny,auto,train,data/cogar_sim_500_final/rgb/000315.png,2685,plastic_object,reflective_metal;partial_occlusion,0.9757815940114487,1.0,0.9773392081260681,0.4799472374998004,2.0835623624157558,cuda,8
SAM2.1-Tiny,auto,train,data/cogar_sim_500_final/rgb/000315.png,2686,tool,reflective_metal;partial_occlusion,0.9434000404285425,0.9884615384615385,0.9503863453865051,0.4799472374998004,2.0835623624157558,cuda,8
SAM2.1-Tiny,auto,train,data/cogar_sim_500_final/rgb/000315.png,2687,metal_part,reflective_metal;partial_occlusion,0.9882092851879145,1.0,0.9697838425636292,0.4799472374998004,2.0835623624157558,cuda,8
SAM2.1-Tiny,auto,train,data/cogar_sim_500_final/rgb/000315.png,2688,tool,reflective_metal;partial_occlusion,0.9624388308424812,0.9983552631578947,0.9054984450340271,0.4799472374998004,2.0835623624157558,cuda,8
SAM2.1-Tiny,auto,train,data/cogar_sim_500_final/rgb/000315.png,2689,metal_part,reflective_metal;partial_occlusion,0.9729265148259562,1.0,0.9276679158210754,0.4799472374998004,2.0835623624157558,cuda,8
SAM2.1-Tiny,auto,train,data/cogar_sim_500_final/rgb/000315.png,2690,robot_gripper,reflective_metal;partial_occlusion,0.8760300533204072,0.8622637261523703,0.9645828008651733,0.4799472374998004,2.0835623624157558,cuda,8
SAM2.1-Tiny,auto,train,data/cogar_sim_500_final/rgb/000315.png,2691,robot_gripper,reflective_metal;partial_occlusion,0.030979694497270106,0.15638230036691303,0.9645828008651733,0.4799472374998004,2.0835623624157558,cuda,8
SAM2.1-Tiny,auto,train,data/cogar_sim_500_final/rgb/000315.png,2692,robot_gripper,reflective_metal;partial_occlusion,0.07586249157423862,0.14040069411579112,0.9645828008651733,0.4799472374998004,2.0835623624157558,cuda,8
SAM2.1-Tiny,auto,train,data/cogar_sim_500_final/rgb/000316.png,2695,glass_object,transparent_glass;partial_occlusion,0.944506379288988,0.8657062645806698,0.861190140247345,0.6629492981664953,1.508410979189025,cuda,11
SAM2.1-Tiny,auto,train,data/cogar_sim_500_final/rgb/000316.png,2696,glass_object,transparent_glass;partial_occlusion,0.0008175890386683367,0.20120431471565245,0.9842904806137085,0.6629492981664953,1.508410979189025,cuda,11
SAM2.1-Tiny,auto,train,data/cogar_sim_500_final/rgb/000316.png,2697,plastic_object,transparent_glass;partial_occlusion,0.987521891418564,1.0,0.9772993326187134,0.6629492981664953,1.508410979189025,cuda,11
SAM2.1-Tiny,auto,train,data/cogar_sim_500_final/rgb/000316.png,2698,robot_gripper,transparent_glass;partial_occlusion,0.8107911928381321,0.8002263723825693,0.9745851159095764,0.6629492981664953,1.508410979189025,cuda,11
SAM2.1-Tiny,auto,train,data/cogar_sim_500_final/rgb/000316.png,2699,robot_gripper,transparent_glass;partial_occlusion,0.08798712383553627,0.12220807776877676,0.9745851159095764,0.6629492981664953,1.508410979189025,cuda,11
SAM2.1-Tiny,auto,train,data/cogar_sim_500_final/rgb/000316.png,2700,robot_gripper,transparent_glass;partial_occlusion,0.9200193892389724,0.9894727905594702,0.9596273899078369,0.6629492981664953,1.508410979189025,cuda,11
SAM2.1-Tiny,auto,train,data/cogar_sim_500_final/rgb/000317.png,2703,cable,partial_occlusion,0.9622781065088757,1.0,0.9622492790222168,0.386722655199992,2.5858324733596336,cuda,14
SAM2.1-Tiny,auto,train,data/cogar_sim_500_final/rgb/000317.png,2704,connector,partial_occlusion;small_parts,0.976073187895848,1.0,0.9780689477920532,0.386722655199992,2.5858324733596336,cuda,14
SAM2.1-Tiny,auto,train,data/cogar_sim_500_final/rgb/000317.png,2705,plastic_object,partial_occlusion,0.9869248797335636,1.0,0.9837315082550049,0.386722655199992,2.5858324733596336,cuda,14
SAM2.1-Tiny,auto,train,data/cogar_sim_500_final/rgb/000317.png,2706,box,partial_occlusion,0.9902073732718893,1.0,0.9866119623184204,0.386722655199992,2.5858324733596336,cuda,14
SAM2.1-Tiny,auto,train,data/cogar_sim_500_final/rgb/000317.png,2707,plastic_object,partial_occlusion,0.9768690623709211,1.0,0.9769375324249268,0.386722655199992,2.5858324733596336,cuda,14
SAM2.1-Tiny,auto,train,data/cogar_sim_500_final/rgb/000317.png,2708,box,partial_occlusion,0.9900079205507829,1.0,0.9893679022789001,0.386722655199992,2.5858324733596336,cuda,14
SAM2.1-Tiny,auto,train,data/cogar_sim_500_final/rgb/000317.png,2709,plastic_object,partial_occlusion,0.9760956175298805,1.0,0.9598849415779114,0.386722655199992,2.5858324733596336,cuda,14
SAM2.1-Tiny,auto,train,data/cogar_sim_500_final/rgb/000317.png,2710,robot_gripper,partial_occlusion,0.7722716096084736,0.5111111111111111,0.9762606024742126,0.386722655199992,2.5858324733596336,cuda,14
SAM2.1-Tiny,auto,train,data/cogar_sim_500_final/rgb/000317.png,2711,robot_gripper,partial_occlusion,0.06049687085150768,0.23144821342688207,0.9762606024742126,0.386722655199992,2.5858324733596336,cuda,14
SAM2.1-Tiny,auto,train,data/cogar_sim_500_final/rgb/000317.png,2712,robot_gripper,partial_occlusion,0.15323105532310552,0.5240644267074511,0.9762606024742126,0.386722655199992,2.5858324733596336,cuda,14
SAM2.1-Tiny,auto,train,data/cogar_sim_500_final/rgb/000319.png,2716,plastic_object,dynamic_scene;partial_occlusion,0.9052567237163814,0.8159043897954493,0.9742892384529114,0.6946534348341326,1.439566767907478,cuda,8
SAM2.1-Tiny,auto,train,data/cogar_sim_500_final/rgb/000319.png,2717,plastic_object,dynamic_scene;partial_occlusion,0.9856552923277548,1.0,0.8975223302841187,0.6946534348341326,1.439566767907478,cuda,8
SAM2.1-Tiny,auto,train,data/cogar_sim_500_final/rgb/000319.png,2718,connector,dynamic_scene;partial_occlusion;small_parts,0.8988225032708242,0.858695652173913,0.9718765020370483,0.6946534348341326,1.439566767907478,cuda,8
SAM2.1-Tiny,auto,train,data/cogar_sim_500_final/rgb/000319.png,2719,robot_gripper,dynamic_scene;partial_occlusion,0.845967126707816,0.8171761207569992,0.9704437255859375,0.6946534348341326,1.439566767907478,cuda,8
SAM2.1-Tiny,auto,train,data/cogar_sim_500_final/rgb/000319.png,2720,robot_gripper,dynamic_scene;partial_occlusion,0.055283757338551856,0.22975861295867275,0.9704437255859375,0.6946534348341326,1.439566767907478,cuda,8
SAM2.1-Tiny,auto,train,data/cogar_sim_500_final/rgb/000319.png,2721,robot_gripper,dynamic_scene;partial_occlusion,0.9345011424219345,1.0,0.9553058743476868,0.6946534348341326,1.439566767907478,cuda,8
SAM2.1-Tiny,auto,train,data/cogar_sim_500_final/rgb/000320.png,2723,plastic_object,reflective_metal,0.9536637931034483,1.0,0.9435644745826721,0.3639280649993452,2.7477957766236005,cuda,15
SAM2.1-Tiny,auto,train,data/cogar_sim_500_final/rgb/000320.png,2724,box,reflective_metal,0.9943958155422715,1.0,0.965698778629303,0.3639280649993452,2.7477957766236005,cuda,15
SAM2.1-Tiny,auto,train,data/cogar_sim_500_final/rgb/000320.png,2725,metal_part,reflective_metal,0.9733719247467438,1.0,0.8729686737060547,0.3639280649993452,2.7477957766236005,cuda,15
SAM2.1-Tiny,auto,train,data/cogar_sim_500_final/rgb/000320.png,2726,metal_part,reflective_metal,0.9630601912619539,0.9378204750397832,0.9363977909088135,0.3639280649993452,2.7477957766236005,cuda,15
SAM2.1-Tiny,auto,train,data/cogar_sim_500_final/rgb/000320.png,2727,metal_part,reflective_metal,0.9761832981609888,0.9899328859060402,0.9278388023376465,0.3639280649993452,2.7477957766236005,cuda,15
SAM2.1-Tiny,auto,train,data/cogar_sim_500_final/rgb/000320.png,2728,tool,reflective_metal,0.008613127043623893,0.25120247743295776,0.9363977909088135,0.3639280649993452,2.7477957766236005,cuda,15
SAM2.1-Tiny,auto,train,data/cogar_sim_500_final/rgb/000320.png,2729,connector,reflective_metal;small_parts,0.9710459645313065,1.0,0.9426971077919006,0.3639280649993452,2.7477957766236005,cuda,15
SAM2.1-Tiny,auto,train,data/cogar_sim_500_final/rgb/000320.png,2730,metal_part,reflective_metal,0.9796991118361428,1.0,0.9788991808891296,0.3639280649993452,2.7477957766236005,cuda,15
SAM2.1-Tiny,auto,train,data/cogar_sim_500_final/rgb/000320.png,2731,metal_part,reflective_metal,0.031331592689295036,0.5708519532939311,0.9242879152297974,0.3639280649993452,2.7477957766236005,cuda,15
SAM2.1-Tiny,auto,train,data/cogar_sim_500_final/rgb/000320.png,2732,metal_part,reflective_metal,0.9838791442765893,1.0,0.9674015641212463,0.3639280649993452,2.7477957766236005,cuda,15
SAM2.1-Tiny,auto,train,data/cogar_sim_500_final/rgb/000321.png,2734,glass_object,transparent_glass,0.09965950759559979,0.09249346141624501,0.9565954208374023,0.5955172994993821,1.6792123433536585,cuda,14
SAM2.1-Tiny,auto,train,data/cogar_sim_500_final/rgb/000321.png,2735,glass_object,transparent_glass,0.2158618484170131,0.4052068267283772,0.9673289656639099,0.5955172994993821,1.6792123433536585,cuda,14
SAM2.1-Tiny,auto,train,data/cogar_sim_500_final/rgb/000321.png,2736,box,transparent_glass,0.9833490213898536,1.0,0.9740075469017029,0.5955172994993821,1.6792123433536585,cuda,14
SAM2.1-Tiny,auto,train,data/cogar_sim_500_final/rgb/000321.png,2737,plastic_object,transparent_glass,0.0,0.0,0.9878801703453064,0.5955172994993821,1.6792123433536585,cuda,14
SAM2.1-Tiny,auto,train,data/cogar_sim_500_final/rgb/000321.png,2738,metal_part,transparent_glass;reflective_metal,0.9786124152321335,1.0,0.9705116748809814,0.5955172994993821,1.6792123433536585,cuda,14
SAM2.1-Tiny,auto,train,data/cogar_sim_500_final/rgb/000321.png,2739,metal_part,transparent_glass;reflective_metal,0.9704444444444444,1.0,0.9711632132530212,0.5955172994993821,1.6792123433536585,cuda,14
SAM2.1-Tiny,auto,train,data/cogar_sim_500_final/rgb/000322.png,2742,metal_part,partial_occlusion;reflective_metal,0.09209927140255009,0.36854451444923425,0.9480457901954651,0.35670288410037754,2.8034536432808776,cuda,8
SAM2.1-Tiny,auto,train,data/cogar_sim_500_final/rgb/000322.png,2743,screw,partial_occlusion;small_parts,0.08286674132138858,0.15503105590062113,0.931297779083252,0.35670288410037754,2.8034536432808776,cuda,8
SAM2.1-Tiny,auto,train,data/cogar_sim_500_final/rgb/000322.png,2744,glass_object,partial_occlusion;transparent_glass,0.9834909573585532,1.0,0.9732807874679565,0.35670288410037754,2.8034536432808776,cuda,8
SAM2.1-Tiny,auto,train,data/cogar_sim_500_final/rgb/000322.png,2745,glass_object,partial_occlusion;transparent_glass,0.0020833333333333333,0.18354271005288048,0.9732807874679565,0.35670288410037754,2.8034536432808776,cuda,8
SAM2.1-Tiny,auto,train,data/cogar_sim_500_final/rgb/000322.png,2746,tool,partial_occlusion;reflective_metal,0.943340818794265,1.0,0.9600564241409302,0.35670288410037754,2.8034536432808776,cuda,8
SAM2.1-Tiny,auto,train,data/cogar_sim_500_final/rgb/000322.png,2747,box,partial_occlusion,0.000887941751021133,0.22156987023384597,0.931297779083252,0.35670288410037754,2.8034536432808776,cuda,8
SAM2.1-Tiny,auto,train,data/cogar_sim_500_final/rgb/000322.png,2748,box,partial_occlusion,0.9792845594179467,1.0,0.9698771238327026,0.35670288410037754,2.8034536432808776,cuda,8
SAM2.1-Tiny,auto,train,data/cogar_sim_500_final/rgb/000322.png,2749,robot_gripper,partial_occlusion,0.7589684813753582,0.7125499402776061,0.9480457901954651,0.35670288410037754,2.8034536432808776,cuda,8
SAM2.1-Tiny,auto,train,data/cogar_sim_500_final/rgb/000322.png,2750,robot_gripper,partial_occlusion,0.01688878676470588,0.11362291395431412,0.9480457901954651,0.35670288410037754,2.8034536432808776,cuda,8
SAM2.1-Tiny,auto,train,data/cogar_sim_500_final/rgb/000322.png,2751,robot_gripper,partial_occlusion,0.12415375788869765,0.2553132121099381,0.9480457901954651,0.35670288410037754,2.8034536432808776,cuda,8
SAM2.1-Tiny,auto,train,data/cogar_sim_500_final/rgb/000323.png,2754,plastic_object,small_parts,0.9864552362074661,1.0,0.9730039834976196,0.30244535607146517,3.3063823924732665,cuda,14
SAM2.1-Tiny,auto,train,data/cogar_sim_500_final/rgb/000323.png,2755,tool,small_parts;reflective_metal,0.9843130494742286,0.9965477560414269,0.9777044057846069,0.30244535607146517,3.3063823924732665,cuda,14
SAM2.1-Tiny,auto,train,data/cogar_sim_500_final/rgb/000323.png,2756,screw,small_parts,0.6259946949602122,0.6842105263157896,0.8426806926727295,0.30244535607146517,3.3063823924732665,cuda,14
SAM2.1-Tiny,auto,train,data/cogar_sim_500_final/rgb/000323.png,2757,box,small_parts,0.9948619139370585,1.0,0.984750509262085,0.30244535607146517,3.3063823924732665,cuda,14
SAM2.1-Tiny,auto,train,data/cogar_sim_500_final/rgb/000323.png,2758,screw,small_parts,0.0,0.02965854647773074,0.9906133413314819,0.30244535607146517,3.3063823924732665,cuda,14
SAM2.1-Tiny,auto,train,data/cogar_sim_500_final/rgb/000323.png,2759,connector,small_parts,0.946983546617916,1.0,0.9423468708992004,0.30244535607146517,3.3063823924732665,cuda,14
SAM2.1-Tiny,auto,train,data/cogar_sim_500_final/rgb/000323.png,2760,screw,small_parts,0.0,0.031267142073505214,0.9906133413314819,0.30244535607146517,3.3063823924732665,cuda,14
SAM2.1-Tiny,auto,train,data/cogar_sim_500_final/rgb/000323.png,2761,screw,small_parts,0.48947368421052634,0.6577565632458234,0.9096912741661072,0.30244535607146517,3.3063823924732665,cuda,14
SAM2.1-Tiny,auto,train,data/cogar_sim_500_final/rgb/000323.png,2762,screw,small_parts,0.0,0.03155400349214268,0.9906133413314819,0.30244535607146517,3.3063823924732665,cuda,14
SAM2.1-Tiny,auto,train,data/cogar_sim_500_final/rgb/000323.png,2763,screw,small_parts,0.0,0.01897760942129543,0.9906133413314819,0.30244535607146517,3.3063823924732665,cuda,14
SAM2.1-Tiny,auto,train,data/cogar_sim_500_final/rgb/000323.png,2764,connector,small_parts,0.9497658578118349,0.8745980707395499,0.9550267457962036,0.30244535607146517,3.3063823924732665,cuda,14
SAM2.1-Tiny,auto,train,data/cogar_sim_500_final/rgb/000323.png,2766,screw,small_parts,0.003306072733600139,0.08771929824561404,0.9777044057846069,0.30244535607146517,3.3063823924732665,cuda,14
SAM2.1-Tiny,auto,train,data/cogar_sim_500_final/rgb/000323.png,2767,screw,small_parts,0.972972972972973,1.0,0.9089382886886597,0.30244535607146517,3.3063823924732665,cuda,14
SAM2.1-Tiny,auto,train,data/cogar_sim_500_final/rgb/000323.png,2768,screw,small_parts,0.0,0.0271660835562873,0.9906133413314819,0.30244535607146517,3.3063823924732665,cuda,14
SAM2.1-Tiny,auto,train,data/cogar_sim_500_final/rgb/000324.png,2771,metal_part,dynamic_scene;reflective_metal;partial_occlusion,0.9761826000661594,1.0,0.8790338039398193,0.49114107862442324,2.036074854094423,cuda,10
SAM2.1-Tiny,auto,train,data/cogar_sim_500_final/rgb/000324.png,2772,connector,dynamic_scene;partial_occlusion;small_parts,0.9766169154228855,1.0,0.8665755987167358,0.49114107862442324,2.036074854094423,cuda,10
SAM2.1-Tiny,auto,train,data/cogar_sim_500_final/rgb/000324.png,2773,connector,dynamic_scene;partial_occlusion;small_parts,0.6492693110647182,0.6720188413523126,0.9291016459465027,0.49114107862442324,2.036074854094423,cuda,10
SAM2.1-Tiny,auto,train,data/cogar_sim_500_final/rgb/000324.png,2774,plastic_object,dynamic_scene;partial_occlusion,0.3130615065653075,0.6588066679178965,0.9291016459465027,0.49114107862442324,2.036074854094423,cuda,10
SAM2.1-Tiny,auto,train,data/cogar_sim_500_final/rgb/000324.png,2775,glass_object,dynamic_scene;transparent_glass;partial_occlusion,0.9846357908699016,0.999088422971741,0.9504357576370239,0.49114107862442324,2.036074854094423,cuda,10
SAM2.1-Tiny,auto,train,data/cogar_sim_500_final/rgb/000324.png,2776,robot_gripper,dynamic_scene;partial_occlusion,0.8934107103504003,0.8376060830123713,0.919981837272644,0.49114107862442324,2.036074854094423,cuda,10
SAM2.1-Tiny,auto,train,data/cogar_sim_500_final/rgb/000324.png,2777,robot_gripper,dynamic_scene;partial_occlusion,0.9719438877755511,1.0,0.9272066354751587,0.49114107862442324,2.036074854094423,cuda,10
SAM2.1-Tiny,auto,train,data/cogar_sim_500_final/rgb/000324.png,2778,robot_gripper,dynamic_scene;partial_occlusion,0.08276374442793462,0.26971428571428574,0.919981837272644,0.49114107862442324,2.036074854094423,cuda,10
SAM2.1-Tiny,auto,train,data/cogar_sim_500_final/rgb/000325.png,2780,tool,reflective_metal,0.9428353658536586,0.9754098360655737,0.9412810206413269,0.437077548999999,2.2879235098849753,cuda,15
SAM2.1-Tiny,auto,train,data/cogar_sim_500_final/rgb/000325.png,2781,plastic_object,reflective_metal,0.9342703596527491,0.804374240583232,0.974794864654541,0.437077548999999,2.2879235098849753,cuda,15
SAM2.1-Tiny,auto,train,data/cogar_sim_500_final/rgb/000325.png,2782,metal_part,reflective_metal,0.9795832456324984,0.9983739837398374,0.8153436183929443,0.437077548999999,2.2879235098849753,cuda,15
SAM2.1-Tiny,auto,train,data/cogar_sim_500_final/rgb/000325.png,2783,metal_part,reflective_metal,0.9697167046564636,1.0,0.97897869348526,0.437077548999999,2.2879235098849753,cuda,15
SAM2.1-Tiny,auto,train,data/cogar_sim_500_final/rgb/000325.png,2784,metal_part,reflective_metal,0.9625256673511293,1.0,0.9578660726547241,0.437077548999999,2.2879235098849753,cuda,15
SAM2.1-Tiny,auto,train,data/cogar_sim_500_final/rgb/000325.png,2785,screw,reflective_metal;small_parts,0.0,0.0,0.9899439811706543,0.437077548999999,2.2879235098849753,cuda,15
SAM2.1-Tiny,auto,train,data/cogar_sim_500_final/rgb/000325.png,2786,connector,reflective_metal;small_parts,0.9417989417989417,0.9916666666666667,0.9331387877464294,0.437077548999999,2.2879235098849753,cuda,15
SAM2.1-Tiny,auto,train,data/cogar_sim_500_final/rgb/000325.png,2787,metal_part,reflective_metal,0.9786396000605969,1.0,0.9726203083992004,0.437077548999999,2.2879235098849753,cuda,15
SAM2.1-Tiny,auto,train,data/cogar_sim_500_final/rgb/000325.png,2788,metal_part,reflective_metal,0.9683426443202979,1.0,0.9634701609611511,0.437077548999999,2.2879235098849753,cuda,15
SAM2.1-Tiny,auto,train,data/cogar_sim_500_final/rgb/000326.png,2791,glass_object,transparent_glass;partial_occlusion,0.0001845585973546601,0.06968980280918956,0.9821427464485168,0.4707626166245973,2.124212850990747,cuda,12
SAM2.1-Tiny,auto,train,data/cogar_sim_500_final/rgb/000326.png,2792,tool,transparent_glass;reflective_metal;partial_occlusion,0.0,0.0,0.9903033375740051,0.4707626166245973,2.124212850990747,cuda,12
SAM2.1-Tiny,auto,train,data/cogar_sim_500_final/rgb/000326.png,2793,plastic_object,transparent_glass;partial_occlusion,0.9770013268465281,0.9691991786447639,0.9603902101516724,0.4707626166245973,2.124212850990747,cuda,12
SAM2.1-Tiny,auto,train,data/cogar_sim_500_final/rgb/000326.png,2794,box,transparent_glass;partial_occlusion,0.9944775789706207,1.0,0.9791903495788574,0.4707626166245973,2.124212850990747,cuda,12
SAM2.1-Tiny,auto,train,data/cogar_sim_500_final/rgb/000326.png,2795,cable,transparent_glass;partial_occlusion,0.005755831566192063,0.07923930269413629,0.9452083706855774,0.4707626166245973,2.124212850990747,cuda,12
SAM2.1-Tiny,auto,train,data/cogar_sim_500_final/rgb/000326.png,2796,glass_object,transparent_glass;partial_occlusion,4.593688272313841e-05,0.12536728697355531,0.9207397699356079,0.4707626166245973,2.124212850990747,cuda,12
SAM2.1-Tiny,auto,train,data/cogar_sim_500_final/rgb/000326.png,2797,robot_gripper,transparent_glass;partial_occlusion,0.787672623883022,0.7232464076314986,0.9207397699356079,0.4707626166245973,2.124212850990747,cuda,12
SAM2.1-Tiny,auto,train,data/cogar_sim_500_final/rgb/000326.png,2798,robot_gripper,transparent_glass;partial_occlusion,0.20285132382892057,0.46813426185682694,0.9207397699356079,0.4707626166245973,2.124212850990747,cuda,12
SAM2.1-Tiny,auto,train,data/cogar_sim_500_final/rgb/000327.png,2801,metal_part,partial_occlusion;reflective_metal,0.29013452914798205,0.02127659574468085,0.8035286068916321,0.3656272111998987,2.7350261943531105,cuda,13
SAM2.1-Tiny,auto,train,data/cogar_sim_500_final/rgb/000327.png,2802,screw,partial_occlusion;small_parts,0.0,0.0,0.9886893630027771,0.3656272111998987,2.7350261943531105,cuda,13
SAM2.1-Tiny,auto,train,data/cogar_sim_500_final/rgb/000327.png,2803,metal_part,partial_occlusion;reflective_metal,0.9884334925823485,1.0,0.9080238938331604,0.3656272111998987,2.7350261943531105,cuda,13
SAM2.1-Tiny,auto,train,data/cogar_sim_500_final/rgb/000327.png,2804,plastic_object,partial_occlusion,0.9672209026128266,1.0,0.9254297614097595,0.3656272111998987,2.7350261943531105,cuda,13
SAM2.1-Tiny,auto,train,data/cogar_sim_500_final/rgb/000327.png,2805,plastic_object,partial_occlusion,0.9667774086378738,0.9848484848484849,0.90708327293396,0.3656272111998987,2.7350261943531105,cuda,13
SAM2.1-Tiny,auto,train,data/cogar_sim_500_final/rgb/000327.png,2806,box,partial_occlusion,0.9762782694198623,1.0,0.9736211895942688,0.3656272111998987,2.7350261943531105,cuda,13
SAM2.1-Tiny,auto,train,data/cogar_sim_500_final/rgb/000327.png,2807,glass_object,partial_occlusion;transparent_glass,0.9853331793509643,1.0,0.9800469279289246,0.3656272111998987,2.7350261943531105,cuda,13
SAM2.1-Tiny,auto,train,data/cogar_sim_500_final/rgb/000327.png,2808,robot_gripper,partial_occlusion,0.7371121574308825,0.6600721087177591,0.9479862451553345,0.3656272111998987,2.7350261943531105,cuda,13
SAM2.1-Tiny,auto,train,data/cogar_sim_500_final/rgb/000327.png,2809,robot_gripper,partial_occlusion,0.15687220948473513,0.3741922248435737,0.9479862451553345,0.3656272111998987,2.7350261943531105,cuda,13
SAM2.1-Tiny,auto,train,data/cogar_sim_500_final/rgb/000327.png,2810,robot_gripper,partial_occlusion,0.09966114002178386,0.33708023373149043,0.9479862451553345,0.3656272111998987,2.7350261943531105,cuda,13
SAM2.1-Tiny,auto,train,data/cogar_sim_500_final/rgb/000328.png,2813,cable,small_parts,0.0,0.0,0.9928856492042542,0.27681861235708183,3.612473856021109,cuda,11
SAM2.1-Tiny,auto,train,data/cogar_sim_500_final/rgb/000328.png,2814,box,small_parts,0.9478325149163103,0.8532419526386849,0.9461222290992737,0.27681861235708183,3.612473856021109,cuda,11
SAM2.1-Tiny,auto,train,data/cogar_sim_500_final/rgb/000328.png,2815,plastic_object,small_parts,0.8254460822342902,0.7725295374398311,0.9740328788757324,0.27681861235708183,3.612473856021109,cuda,11
SAM2.1-Tiny,auto,train,data/cogar_sim_500_final/rgb/000328.png,2816,screw,small_parts,0.0,0.0,0.9928856492042542,0.27681861235708183,3.612473856021109,cuda,11
SAM2.1-Tiny,auto,train,data/cogar_sim_500_final/rgb/000328.png,2817,screw,small_parts,0.8923076923076924,1.0,0.9606166481971741,0.27681861235708183,3.612473856021109,cuda,11
SAM2.1-Tiny,auto,train,data/cogar_sim_500_final/rgb/000328.png,2818,metal_part,small_parts;reflective_metal,0.7290960451977401,0.7336298183555316,0.9393625259399414,0.27681861235708183,3.612473856021109,cuda,11
SAM2.1-Tiny,auto,train,data/cogar_sim_500_final/rgb/000328.png,2819,connector,small_parts,0.9538696149447198,1.0,0.9796247482299805,0.27681861235708183,3.612473856021109,cuda,11
SAM2.1-Tiny,auto,train,data/cogar_sim_500_final/rgb/000328.png,2820,cable,small_parts,0.7675016056518946,0.8551026531819277,0.8832364678382874,0.27681861235708183,3.612473856021109,cuda,11
SAM2.1-Tiny,auto,train,data/cogar_sim_500_final/rgb/000328.png,2821,screw,small_parts,0.0,0.0,0.9928856492042542,0.27681861235708183,3.612473856021109,cuda,11
SAM2.1-Tiny,auto,train,data/cogar_sim_500_final/rgb/000328.png,2822,screw,small_parts,0.9170212765957447,1.0,0.94545978307724,0.27681861235708183,3.612473856021109,cuda,11
SAM2.1-Tiny,auto,train,data/cogar_sim_500_final/rgb/000328.png,2823,screw,small_parts,0.016280752532561504,0.18070318887980374,0.9393625259399414,0.27681861235708183,3.612473856021109,cuda,11
SAM2.1-Tiny,auto,train,data/cogar_sim_500_final/rgb/000328.png,2824,metal_part,small_parts;reflective_metal,0.9790038314176245,0.9967105263157894,0.9794405698776245,0.27681861235708183,3.612473856021109,cuda,11
SAM2.1-Tiny,auto,train,data/cogar_sim_500_final/rgb/000328.png,2825,connector,small_parts,0.9098949695964621,0.9910554561717352,0.9690678715705872,0.27681861235708183,3.612473856021109,cuda,11
SAM2.1-Tiny,auto,train,data/cogar_sim_500_final/rgb/000328.png,2826,screw,small_parts,0.0,0.0,0.9928856492042542,0.27681861235708183,3.612473856021109,cuda,11
SAM2.1-Tiny,auto,train,data/cogar_sim_500_final/rgb/000329.png,2829,tool,dynamic_scene;reflective_metal,0.9608201771274547,0.9501823939258999,0.9751546382904053,0.6467451693339777,1.5462040497802347,cuda,14
SAM2.1-Tiny,auto,train,data/cogar_sim_500_final/rgb/000329.png,2830,plastic_object,dynamic_scene,0.9742300439974858,1.0,0.980974018573761,0.6467451693339777,1.5462040497802347,cuda,14
SAM2.1-Tiny,auto,train,data/cogar_sim_500_final/rgb/000329.png,2831,cable,dynamic_scene,0.31549609810479373,0.4886877828054298,0.9051864147186279,0.6467451693339777,1.5462040497802347,cuda,14
SAM2.1-Tiny,auto,train,data/cogar_sim_500_final/rgb/000329.png,2832,plastic_object,dynamic_scene,0.00018467220683287164,0.2973270597657423,0.923693835735321,0.6467451693339777,1.5462040497802347,cuda,14
SAM2.1-Tiny,auto,train,data/cogar_sim_500_final/rgb/000329.png,2833,box,dynamic_scene,0.9866603595080417,1.0,0.923693835735321,0.6467451693339777,1.5462040497802347,cuda,14
SAM2.1-Tiny,auto,train,data/cogar_sim_500_final/rgb/000329.png,2834,plastic_object,dynamic_scene,0.9852379477650459,1.0,0.9843891263008118,0.6467451693339777,1.5462040497802347,cuda,14
SAM2.1-Tiny,auto,train,data/cogar_sim_500_final/rgb/000330.png,2836,metal_part,reflective_metal;partial_occlusion,0.6741966893865629,0.6379552086096479,0.8301271796226501,0.5622579817136284,1.7785430043202557,cuda,13
SAM2.1-Tiny,auto,train,data/cogar_sim_500_final/rgb/000330.png,2837,metal_part,reflective_metal;partial_occlusion,0.9728202368137783,1.0,0.9608930945396423,0.5622579817136284,1.7785430043202557,cuda,13
SAM2.1-Tiny,auto,train,data/cogar_sim_500_final/rgb/000330.png,2838,box,reflective_metal;partial_occlusion,0.4857000746083064,0.5874476773210788,0.919025182723999,0.5622579817136284,1.7785430043202557,cuda,13
SAM2.1-Tiny,auto,train,data/cogar_sim_500_final/rgb/000330.png,2839,tool,reflective_metal;partial_occlusion,0.9614167294649586,1.0,0.9276316165924072,0.5622579817136284,1.7785430043202557,cuda,13
SAM2.1-Tiny,auto,train,data/cogar_sim_500_final/rgb/000330.png,2840,robot_gripper,reflective_metal;partial_occlusion,0.8604344421087342,0.8107672474575944,0.8703742623329163,0.5622579817136284,1.7785430043202557,cuda,13
SAM2.1-Tiny,auto,train,data/cogar_sim_500_final/rgb/000330.png,2841,robot_gripper,reflective_metal;partial_occlusion,0.3612791702679343,0.5628700801114593,0.9359384775161743,0.5622579817136284,1.7785430043202557,cuda,13
SAM2.1-Tiny,auto,train,data/cogar_sim_500_final/rgb/000330.png,2842,robot_gripper,reflective_metal;partial_occlusion,0.07136556474986348,0.0,0.8703742623329163,0.5622579817136284,1.7785430043202557,cuda,13
SAM2.1-Tiny,auto,train,data/cogar_sim_500_final/rgb/000331.png,2845,glass_object,transparent_glass;partial_occlusion,0.9757489300998573,1.0,0.9672662615776062,0.4040792979996897,2.474761773122977,cuda,10
SAM2.1-Tiny,auto,train,data/cogar_sim_500_final/rgb/000331.png,2846,glass_object,transparent_glass;partial_occlusion,0.0017588549247937895,0.2339955849889625,0.8771479725837708,0.4040792979996897,2.474761773122977,cuda,10
SAM2.1-Tiny,auto,train,data/cogar_sim_500_final/rgb/000331.png,2847,glass_object,transparent_glass;partial_occlusion,0.9709090909090909,0.9531812725090036,0.8771479725837708,0.4040792979996897,2.474761773122977,cuda,10
SAM2.1-Tiny,auto,train,data/cogar_sim_500_final/rgb/000331.png,2848,cable,transparent_glass;partial_occlusion,0.4039577443832763,0.24548238044870013,0.8889474868774414,0.4040792979996897,2.474761773122977,cuda,10
SAM2.1-Tiny,auto,train,data/cogar_sim_500_final/rgb/000331.png,2849,metal_part,transparent_glass;reflective_metal;partial_occlusion,0.9686450167973124,0.8723809523809524,0.9634772539138794,0.4040792979996897,2.474761773122977,cuda,10
SAM2.1-Tiny,auto,train,data/cogar_sim_500_final/rgb/000331.png,2850,glass_object,transparent_glass;partial_occlusion,0.00028293879090823354,0.26063190540802483,0.9672662615776062,0.4040792979996897,2.474761773122977,cuda,10
SAM2.1-Tiny,auto,train,data/cogar_sim_500_final/rgb/000331.png,2851,robot_gripper,transparent_glass;partial_occlusion,0.9689929176023493,0.9052600406796568,0.9775330424308777,0.4040792979996897,2.474761773122977,cuda,10
SAM2.1-Tiny,auto,train,data/cogar_sim_500_final/rgb/000331.png,2852,robot_gripper,transparent_glass;partial_occlusion,0.9841560024375381,1.0,0.9682745933532715,0.4040792979996897,2.474761773122977,cuda,10
SAM2.1-Tiny,auto,train,data/cogar_sim_500_final/rgb/000331.png,2853,robot_gripper,transparent_glass;partial_occlusion,0.008297732500821558,0.08615032660064417,0.9377333521842957,0.4040792979996897,2.474761773122977,cuda,10
SAM2.1-Tiny,auto,train,data/cogar_sim_500_final/rgb/000332.png,2855,box,partial_occlusion,0.9846220489495343,1.0,0.9050741195678711,0.3741586602726867,2.6726629801143726,cuda,21
SAM2.1-Tiny,auto,train,data/cogar_sim_500_final/rgb/000332.png,2856,connector,partial_occlusion;small_parts,0.9607116382505559,0.9978308026030369,0.9477241635322571,0.3741586602726867,2.6726629801143726,cuda,21
SAM2.1-Tiny,auto,train,data/cogar_sim_500_final/rgb/000332.png,2857,cable,partial_occlusion,0.8084084084084084,0.7987731537166226,0.8999345898628235,0.3741586602726867,2.6726629801143726,cuda,21
SAM2.1-Tiny,auto,train,data/cogar_sim_500_final/rgb/000332.png,2858,plastic_object,partial_occlusion,0.9938825772622547,1.0,0.9826709628105164,0.3741586602726867,2.6726629801143726,cuda,21
SAM2.1-Tiny,auto,train,data/cogar_sim_500_final/rgb/000332.png,2859,connector,partial_occlusion;small_parts,0.856628674265147,0.7586921427366696,0.9313675761222839,0.3741586602726867,2.6726629801143726,cuda,21
SAM2.1-Tiny,auto,train,data/cogar_sim_500_final/rgb/000332.png,2860,cable,partial_occlusion,0.753978606835377,0.8542127465347701,0.9050150513648987,0.3741586602726867,2.6726629801143726,cuda,21
SAM2.1-Tiny,auto,train,data/cogar_sim_500_final/rgb/000332.png,2861,connector,partial_occlusion;small_parts,0.9267255479228002,0.8589147286821704,0.972269594669342,0.3741586602726867,2.6726629801143726,cuda,21
SAM2.1-Tiny,auto,train,data/cogar_sim_500_final/rgb/000332.png,2863,plastic_object,partial_occlusion,0.004030547305897327,0.32282129535435744,0.8999345898628235,0.3741586602726867,2.6726629801143726,cuda,21
SAM2.1-Tiny,auto,train,data/cogar_sim_500_final/rgb/000332.png,2864,robot_gripper,partial_occlusion,0.7385072358650226,0.606438469479139,0.9396247267723083,0.3741586602726867,2.6726629801143726,cuda,21
SAM2.1-Tiny,auto,train,data/cogar_sim_500_final/rgb/000332.png,2865,robot_gripper,partial_occlusion,0.5551891976762443,0.6225002755101174,0.8306915163993835,0.3741586602726867,2.6726629801143726,cuda,21
SAM2.1-Tiny,auto,train,data/cogar_sim_500_final/rgb/000332.png,2866,robot_gripper,partial_occlusion,0.5005800464037123,0.5810934141961316,0.8933442831039429,0.3741586602726867,2.6726629801143726,cuda,21
SAM2.1-Tiny,auto,train,data/cogar_sim_500_final/rgb/000333.png,2869,metal_part,small_parts;reflective_metal;partial_occlusion,0.9565832940066069,0.9606785476031641,0.9626094698905945,0.2799688984289657,3.5718253192103124,cuda,14
SAM2.1-Tiny,auto,train,data/cogar_sim_500_final/rgb/000333.png,2870,metal_part,small_parts;reflective_metal;partial_occlusion,0.9890222108756701,1.0,0.9862372875213623,0.2799688984289657,3.5718253192103124,cuda,14
SAM2.1-Tiny,auto,train,data/cogar_sim_500_final/rgb/000333.png,2871,tool,small_parts;reflective_metal;partial_occlusion,0.0005768121515093252,0.16639416425606843,0.8681891560554504,0.2799688984289657,3.5718253192103124,cuda,14
SAM2.1-Tiny,auto,train,data/cogar_sim_500_final/rgb/000333.png,2872,metal_part,small_parts;reflective_metal;partial_occlusion,0.00022977941176470588,0.2151898734177215,0.8681891560554504,0.2799688984289657,3.5718253192103124,cuda,14
SAM2.1-Tiny,auto,train,data/cogar_sim_500_final/rgb/000333.png,2873,connector,small_parts;partial_occlusion,0.9412442396313364,1.0,0.9544932842254639,0.2799688984289657,3.5718253192103124,cuda,14
SAM2.1-Tiny,auto,train,data/cogar_sim_500_final/rgb/000333.png,2874,connector,small_parts;partial_occlusion,0.9730815588589795,1.0,0.9656757712364197,0.2799688984289657,3.5718253192103124,cuda,14
SAM2.1-Tiny,auto,train,data/cogar_sim_500_final/rgb/000333.png,2875,cable,small_parts;partial_occlusion,0.8978817578248498,1.0,0.9352676272392273,0.2799688984289657,3.5718253192103124,cuda,14
SAM2.1-Tiny,auto,train,data/cogar_sim_500_final/rgb/000333.png,2876,connector,small_parts;partial_occlusion,0.9682343234323433,1.0,0.9733563661575317,0.2799688984289657,3.5718253192103124,cuda,14
SAM2.1-Tiny,auto,train,data/cogar_sim_500_final/rgb/000333.png,2877,screw,small_parts;partial_occlusion,0.7430683918669131,0.8157894736842105,0.9250166416168213,0.2799688984289657,3.5718253192103124,cuda,14
SAM2.1-Tiny,auto,train,data/cogar_sim_500_final/rgb/000333.png,2878,cable,small_parts;partial_occlusion,0.7476695596271296,0.8259693417493237,0.9246930480003357,0.2799688984289657,3.5718253192103124,cuda,14
SAM2.1-Tiny,auto,train,data/cogar_sim_500_final/rgb/000333.png,2879,plastic_object,small_parts;partial_occlusion,0.839503224265584,0.803402376611681,0.8681891560554504,0.2799688984289657,3.5718253192103124,cuda,14
SAM2.1-Tiny,auto,train,data/cogar_sim_500_final/rgb/000333.png,2880,robot_gripper,small_parts;partial_occlusion,0.7999182714409766,0.7149780489195506,0.8947865962982178,0.2799688984289657,3.5718253192103124,cuda,14
SAM2.1-Tiny,auto,train,data/cogar_sim_500_final/rgb/000333.png,2881,robot_gripper,small_parts;partial_occlusion,0.060948081264108354,0.2610476298223781,0.8947865962982178,0.2799688984289657,3.5718253192103124,cuda,14
SAM2.1-Tiny,auto,train,data/cogar_sim_500_final/rgb/000333.png,2882,robot_gripper,small_parts;partial_occlusion,0.8770074422248335,0.7601120070425832,0.9413498044013977,0.2799688984289657,3.5718253192103124,cuda,14
SAM2.1-Tiny,auto,train,data/cogar_sim_500_final/rgb/000335.png,2887,metal_part,reflective_metal,0.9749148898046945,1.0,0.9803923964500427,0.3907751658996858,2.5590162509372605,cuda,17
SAM2.1-Tiny,auto,train,data/cogar_sim_500_final/rgb/000335.png,2888,tool,reflective_metal,0.3499222395023328,0.47385620915032683,0.9172323346138,0.3907751658996858,2.5590162509372605,cuda,17
SAM2.1-Tiny,auto,train,data/cogar_sim_500_final/rgb/000335.png,2889,metal_part,reflective_metal,0.9776886437703685,1.0,0.9788745045661926,0.3907751658996858,2.5590162509372605,cuda,17
SAM2.1-Tiny,auto,train,data/cogar_sim_500_final/rgb/000335.png,2890,metal_part,reflective_metal,0.9829448550312677,1.0,0.9811034202575684,0.3907751658996858,2.5590162509372605,cuda,17
SAM2.1-Tiny,auto,train,data/cogar_sim_500_final/rgb/000335.png,2891,metal_part,reflective_metal,0.9638805970149253,0.9970501474926253,0.8279925584793091,0.3907751658996858,2.5590162509372605,cuda,17
SAM2.1-Tiny,auto,train,data/cogar_sim_500_final/rgb/000335.png,2892,tool,reflective_metal,0.9779299847792998,1.0,0.9703015089035034,0.3907751658996858,2.5590162509372605,cuda,17
SAM2.1-Tiny,auto,train,data/cogar_sim_500_final/rgb/000335.png,2893,box,reflective_metal,0.0010950252747112825,0.16517878360608987,0.9762006998062134,0.3907751658996858,2.5590162509372605,cuda,17
SAM2.1-Tiny,auto,train,data/cogar_sim_500_final/rgb/000335.png,2894,tool,reflective_metal,0.799408687741642,0.8427672955974843,0.9708758592605591,0.3907751658996858,2.5590162509372605,cuda,17
SAM2.1-Tiny,auto,train,data/cogar_sim_500_final/rgb/000335.png,2895,box,reflective_metal,0.985407443843253,1.0,0.9812745451927185,0.3907751658996858,2.5590162509372605,cuda,17
SAM2.1-Tiny,auto,train,data/cogar_sim_500_final/rgb/000335.png,2896,tool,reflective_metal,0.9696158690176322,1.0,0.976147472858429,0.3907751658996858,2.5590162509372605,cuda,17
SAM2.1-Tiny,auto,train,data/cogar_sim_500_final/rgb/000336.png,2899,glass_object,transparent_glass;partial_occlusion,0.9894179894179894,1.0,0.8618690967559814,0.6464537128328326,1.5469011626801368,cuda,15
SAM2.1-Tiny,auto,train,data/cogar_sim_500_final/rgb/000336.png,2900,metal_part,transparent_glass;reflective_metal;partial_occlusion,0.9841500302480338,1.0,0.9842128157615662,0.6464537128328326,1.5469011626801368,cuda,15
SAM2.1-Tiny,auto,train,data/cogar_sim_500_final/rgb/000336.png,2901,box,transparent_glass;partial_occlusion,0.9604826018534709,0.9285099052540913,0.9698059558868408,0.6464537128328326,1.5469011626801368,cuda,15
SAM2.1-Tiny,auto,train,data/cogar_sim_500_final/rgb/000336.png,2902,robot_gripper,transparent_glass;partial_occlusion,0.9631507357487326,0.9600473186419853,0.8357304930686951,0.6464537128328326,1.5469011626801368,cuda,15
SAM2.1-Tiny,auto,train,data/cogar_sim_500_final/rgb/000336.png,2903,robot_gripper,transparent_glass;partial_occlusion,0.9222290263319045,0.9492095526404305,0.9430409073829651,0.6464537128328326,1.5469011626801368,cuda,15
SAM2.1-Tiny,auto,train,data/cogar_sim_500_final/rgb/000336.png,2904,robot_gripper,transparent_glass;partial_occlusion,0.9726394849785408,1.0,0.965200662612915,0.6464537128328326,1.5469011626801368,cuda,15
SAM2.1-Tiny,auto,train,data/cogar_sim_500_final/rgb/000337.png,2906,box,partial_occlusion,0.7236349644968344,0.6774678380361073,0.974007248878479,0.3633034375452553,2.7525200607974813,cuda,11
SAM2.1-Tiny,auto,train,data/cogar_sim_500_final/rgb/000337.png,2907,box,partial_occlusion,0.2676740991228997,0.5069356872635561,0.974007248878479,0.3633034375452553,2.7525200607974813,cuda,11
SAM2.1-Tiny,auto,train,data/cogar_sim_500_final/rgb/000337.png,2908,connector,partial_occlusion;small_parts,0.9855334538878843,1.0,0.9526666402816772,0.3633034375452553,2.7525200607974813,cuda,11
SAM2.1-Tiny,auto,train,data/cogar_sim_500_final/rgb/000337.png,2909,plastic_object,partial_occlusion,0.9669272399278412,0.9975786924939467,0.9747238755226135,0.3633034375452553,2.7525200607974813,cuda,11
SAM2.1-Tiny,auto,train,data/cogar_sim_500_final/rgb/000337.png,2910,plastic_object,partial_occlusion,0.9679324894514768,1.0,0.9547006487846375,0.3633034375452553,2.7525200607974813,cuda,11
SAM2.1-Tiny,auto,train,data/cogar_sim_500_final/rgb/000337.png,2911,connector,partial_occlusion;small_parts,0.975254730713246,0.9982238010657194,0.9419592022895813,0.3633034375452553,2.7525200607974813,cuda,11
SAM2.1-Tiny,auto,train,data/cogar_sim_500_final/rgb/000337.png,2912,plastic_object,partial_occlusion,0.9677077818951826,1.0,0.9317745566368103,0.3633034375452553,2.7525200607974813,cuda,11
SAM2.1-Tiny,auto,train,data/cogar_sim_500_final/rgb/000337.png,2913,plastic_object,partial_occlusion,0.9886685552407932,1.0,0.9798907041549683,0.3633034375452553,2.7525200607974813,cuda,11
SAM2.1-Tiny,auto,train,data/cogar_sim_500_final/rgb/000337.png,2914,robot_gripper,partial_occlusion,0.8130103522498207,0.7602452765586578,0.9791364073753357,0.3633034375452553,2.7525200607974813,cuda,11
SAM2.1-Tiny,auto,train,data/cogar_sim_500_final/rgb/000337.png,2915,robot_gripper,partial_occlusion,0.09004804867088388,0.15218355999895586,0.9791364073753357,0.3633034375452553,2.7525200607974813,cuda,11
SAM2.1-Tiny,auto,train,data/cogar_sim_500_final/rgb/000337.png,2916,robot_gripper,partial_occlusion,0.08514755684567005,0.21605401350337583,0.9791364073753357,0.3633034375452553,2.7525200607974813,cuda,11
SAM2.1-Tiny,auto,train,data/cogar_sim_500_final/rgb/000338.png,2919,screw,small_parts,0.0077108433734939755,0.08666291502532357,0.8831326961517334,0.3506687438336182,2.8516941346630826,cuda,10
SAM2.1-Tiny,auto,train,data/cogar_sim_500_final/rgb/000338.png,2920,screw,small_parts,0.0,0.0,0.994037389755249,0.3506687438336182,2.8516941346630826,cuda,10
SAM2.1-Tiny,auto,train,data/cogar_sim_500_final/rgb/000338.png,2922,connector,small_parts,0.2863693205502293,0.5909510618651892,0.9367315173149109,0.3506687438336182,2.8516941346630826,cuda,10
SAM2.1-Tiny,auto,train,data/cogar_sim_500_final/rgb/000338.png,2923,connector,small_parts,0.7150259067357513,0.7798228595529312,0.9410859942436218,0.3506687438336182,2.8516941346630826,cuda,10
SAM2.1-Tiny,auto,train,data/cogar_sim_500_final/rgb/000338.png,2924,connector,small_parts,0.9270976616231087,0.961133765128725,0.9576503038406372,0.3506687438336182,2.8516941346630826,cuda,10
SAM2.1-Tiny,auto,train,data/cogar_sim_500_final/rgb/000338.png,2925,cable,small_parts,0.917936117936118,0.9719827586206896,0.8831326961517334,0.3506687438336182,2.8516941346630826,cuda,10
SAM2.1-Tiny,auto,train,data/cogar_sim_500_final/rgb/000338.png,2926,connector,small_parts,0.6191462909241608,0.5893816643002312,0.9367315173149109,0.3506687438336182,2.8516941346630826,cuda,10
SAM2.1-Tiny,auto,train,data/cogar_sim_500_final/rgb/000338.png,2927,connector,small_parts,0.23948661933369744,0.44648359008707295,0.9410859942436218,0.3506687438336182,2.8516941346630826,cuda,10
SAM2.1-Tiny,auto,train,data/cogar_sim_500_final/rgb/000338.png,2928,screw,small_parts,5.604595768530195e-06,0.03128441188029433,0.9866387844085693,0.3506687438336182,2.8516941346630826,cuda,10
SAM2.1-Tiny,auto,train,data/cogar_sim_500_final/rgb/000338.png,2929,metal_part,small_parts;reflective_metal,0.9644691780821918,0.9684684684684686,0.9730132222175598,0.3506687438336182,2.8516941346630826,cuda,10
SAM2.1-Tiny,auto,train,data/cogar_sim_500_final/rgb/000338.png,2930,plastic_object,small_parts,0.9877643504531722,1.0,0.9862767457962036,0.3506687438336182,2.8516941346630826,cuda,10
SAM2.1-Tiny,auto,train,data/cogar_sim_500_final/rgb/000338.png,2931,metal_part,small_parts;reflective_metal,0.9792585333986608,1.0,0.9586323499679565,0.3506687438336182,2.8516941346630826,cuda,10
SAM2.1-Tiny,auto,train,data/cogar_sim_500_final/rgb/000339.png,2934,cable,dynamic_scene;partial_occlusion,0.01564015518913676,0.2369146005509642,0.9446566700935364,0.6414149581663272,1.5590531328717268,cuda,10
SAM2.1-Tiny,auto,train,data/cogar_sim_500_final/rgb/000339.png,2935,plastic_object,dynamic_scene;partial_occlusion,0.94874022589053,1.0,0.9468780755996704,0.6414149581663272,1.5590531328717268,cuda,10
SAM2.1-Tiny,auto,train,data/cogar_sim_500_final/rgb/000339.png,2936,tool,dynamic_scene;reflective_metal;partial_occlusion,0.9892959611564776,1.0,0.9891054034233093,0.6414149581663272,1.5590531328717268,cuda,10
SAM2.1-Tiny,auto,train,data/cogar_sim_500_final/rgb/000339.png,2937,robot_gripper,dynamic_scene;partial_occlusion,0.5555284056200367,0.6358403709579274,0.9446566700935364,0.6414149581663272,1.5590531328717268,cuda,10
SAM2.1-Tiny,auto,train,data/cogar_sim_500_final/rgb/000339.png,2938,robot_gripper,dynamic_scene;partial_occlusion,0.3507734023541012,0.2977072648270217,0.9446566700935364,0.6414149581663272,1.5590531328717268,cuda,10
SAM2.1-Tiny,auto,train,data/cogar_sim_500_final/rgb/000339.png,2939,robot_gripper,dynamic_scene;partial_occlusion,0.06697915381768842,0.17483941720194265,0.9446566700935364,0.6414149581663272,1.5590531328717268,cuda,10
SAM2.1-Tiny,auto,train,data/cogar_sim_500_final/rgb/000340.png,2942,connector,reflective_metal;partial_occlusion;small_parts,0.9590218109715797,1.0,0.9605249166488647,0.4303881120002997,2.323484250883081,cuda,12
SAM2.1-Tiny,auto,train,data/cogar_sim_500_final/rgb/000340.png,2943,screw,reflective_metal;partial_occlusion;small_parts,0.0,0.0,0.9941645264625549,0.4303881120002997,2.323484250883081,cuda,12
SAM2.1-Tiny,auto,train,data/cogar_sim_500_final/rgb/000340.png,2944,metal_part,reflective_metal;partial_occlusion,0.0004197271773347324,0.1645096347425942,0.827915608882904,0.4303881120002997,2.323484250883081,cuda,12
SAM2.1-Tiny,auto,train,data/cogar_sim_500_final/rgb/000340.png,2945,plastic_object,reflective_metal;partial_occlusion,0.9863514033064206,1.0,0.9798069000244141,0.4303881120002997,2.323484250883081,cuda,12
SAM2.1-Tiny,auto,train,data/cogar_sim_500_final/rgb/000340.png,2946,tool,reflective_metal;partial_occlusion,0.754207263064659,0.7589512673396761,0.827915608882904,0.4303881120002997,2.323484250883081,cuda,12
SAM2.1-Tiny,auto,train,data/cogar_sim_500_final/rgb/000340.png,2947,metal_part,reflective_metal;partial_occlusion,0.007038440714672442,0.1778681234912972,0.9071293473243713,0.4303881120002997,2.323484250883081,cuda,12
SAM2.1-Tiny,auto,train,data/cogar_sim_500_final/rgb/000340.png,2948,metal_part,reflective_metal;partial_occlusion,0.989185291997116,1.0,0.9825270771980286,0.4303881120002997,2.323484250883081,cuda,12
SAM2.1-Tiny,auto,train,data/cogar_sim_500_final/rgb/000340.png,2949,robot_gripper,reflective_metal;partial_occlusion,0.923626302921117,0.913711859535726,0.9425695538520813,0.4303881120002997,2.323484250883081,cuda,12
SAM2.1-Tiny,auto,train,data/cogar_sim_500_final/rgb/000340.png,2950,robot_gripper,reflective_metal;partial_occlusion,0.06544723357332814,0.2255005268703899,0.9425695538520813,0.4303881120002997,2.323484250883081,cuda,12
SAM2.1-Tiny,auto,train,data/cogar_sim_500_final/rgb/000341.png,2954,glass_object,transparent_glass;partial_occlusion,0.30206161686356264,0.25096030729833546,0.9593958258628845,0.5155340762503329,1.939735986558569,cuda,11
SAM2.1-Tiny,auto,train,data/cogar_sim_500_final/rgb/000341.png,2955,glass_object,transparent_glass;partial_occlusion,0.5376344086021505,0.36278622187129883,0.9481853246688843,0.5155340762503329,1.939735986558569,cuda,11
SAM2.1-Tiny,auto,train,data/cogar_sim_500_final/rgb/000341.png,2956,glass_object,transparent_glass;partial_occlusion,0.2284851010627214,0.41320922051885906,0.9481853246688843,0.5155340762503329,1.939735986558569,cuda,11
SAM2.1-Tiny,auto,train,data/cogar_sim_500_final/rgb/000341.png,2957,cable,transparent_glass;partial_occlusion,0.927843347639485,1.0,0.8973775506019592,0.5155340762503329,1.939735986558569,cuda,11
SAM2.1-Tiny,auto,train,data/cogar_sim_500_final/rgb/000341.png,2958,glass_object,transparent_glass;partial_occlusion,0.7616054849307242,0.166771391609684,0.9636827707290649,0.5155340762503329,1.939735986558569,cuda,11
SAM2.1-Tiny,auto,train,data/cogar_sim_500_final/rgb/000341.png,2959,robot_gripper,transparent_glass;partial_occlusion,0.8383700025682732,0.8764825842238355,0.9171057939529419,0.5155340762503329,1.939735986558569,cuda,11
SAM2.1-Tiny,auto,train,data/cogar_sim_500_final/rgb/000341.png,2960,robot_gripper,transparent_glass;partial_occlusion,0.20446851726472579,0.46502540054708874,0.9171779751777649,0.5155340762503329,1.939735986558569,cuda,11
SAM2.1-Tiny,auto,train,data/cogar_sim_500_final/rgb/000341.png,2961,robot_gripper,transparent_glass;partial_occlusion,0.8792588164973102,0.9877750611246945,0.950957179069519,0.5155340762503329,1.939735986558569,cuda,11
SAM2.1-Tiny,auto,train,data/cogar_sim_500_final/rgb/000342.png,2964,cable,partial_occlusion,3.943373161402263e-05,0.05270960303080218,0.944373607635498,0.31863785325003846,3.1383590800660133,cuda,15
SAM2.1-Tiny,auto,train,data/cogar_sim_500_final/rgb/000342.png,2965,connector,partial_occlusion;small_parts,0.9284023668639053,1.0,0.9691483378410339,0.31863785325003846,3.1383590800660133,cuda,15
SAM2.1-Tiny,auto,train,data/cogar_sim_500_final/rgb/000342.png,2966,box,partial_occlusion,0.8567195681292366,0.7427460226968725,0.944373607635498,0.31863785325003846,3.1383590800660133,cuda,15
SAM2.1-Tiny,auto,train,data/cogar_sim_500_final/rgb/000342.png,2967,tool,partial_occlusion;reflective_metal,0.042598187311178246,0.2944194996792816,0.8491149544715881,0.31863785325003846,3.1383590800660133,cuda,15
SAM2.1-Tiny,auto,train,data/cogar_sim_500_final/rgb/000342.png,2968,box,partial_occlusion,0.9006290454918406,0.8296107983778223,0.9732778668403625,0.31863785325003846,3.1383590800660133,cuda,15
SAM2.1-Tiny,auto,train,data/cogar_sim_500_final/rgb/000342.png,2969,glass_object,partial_occlusion;transparent_glass,0.6293062765455404,0.6902797127853392,0.9411513209342957,0.31863785325003846,3.1383590800660133,cuda,15
SAM2.1-Tiny,auto,train,data/cogar_sim_500_final/rgb/000342.png,2970,cable,partial_occlusion,0.7564625850340136,0.8687474089428486,0.9006962180137634,0.31863785325003846,3.1383590800660133,cuda,15
SAM2.1-Tiny,auto,train,data/cogar_sim_500_final/rgb/000342.png,2971,screw,partial_occlusion;small_parts,0.0,0.0,0.9885475635528564,0.31863785325003846,3.1383590800660133,cuda,15
SAM2.1-Tiny,auto,train,data/cogar_sim_500_final/rgb/000342.png,2972,plastic_object,partial_occlusion,0.917312661498708,1.0,0.9356464147567749,0.31863785325003846,3.1383590800660133,cuda,15
SAM2.1-Tiny,auto,train,data/cogar_sim_500_final/rgb/000342.png,2973,robot_gripper,partial_occlusion,0.6592994494534429,0.694889309965812,0.9628559350967407,0.31863785325003846,3.1383590800660133,cuda,15
SAM2.1-Tiny,auto,train,data/cogar_sim_500_final/rgb/000342.png,2974,robot_gripper,partial_occlusion,0.060557255596714446,0.14561423783658847,0.9628559350967407,0.31863785325003846,3.1383590800660133,cuda,15
SAM2.1-Tiny,auto,train,data/cogar_sim_500_final/rgb/000342.png,2975,robot_gripper,partial_occlusion,0.8982658959537573,0.8397802228067034,0.9128315448760986,0.31863785325003846,3.1383590800660133,cuda,15
SAM2.1-Tiny,auto,train,data/cogar_sim_500_final/rgb/000343.png,2978,metal_part,small_parts;reflective_metal;partial_occlusion,0.9481354479211316,0.956417521886484,0.8699827194213867,0.2710169728001347,3.689805806876399,cuda,16
SAM2.1-Tiny,auto,train,data/cogar_sim_500_final/rgb/000343.png,2979,connector,small_parts;partial_occlusion,0.8742046010768477,0.8523460136461352,0.958879292011261,0.2710169728001347,3.689805806876399,cuda,16
SAM2.1-Tiny,auto,train,data/cogar_sim_500_final/rgb/000343.png,2980,screw,small_parts;partial_occlusion,0.6975806451612904,0.9436924126948014,0.8243698477745056,0.2710169728001347,3.689805806876399,cuda,16
SAM2.1-Tiny,auto,train,data/cogar_sim_500_final/rgb/000343.png,2981,screw,small_parts;partial_occlusion,0.8504098360655737,0.967741935483871,0.95991051197052,0.2710169728001347,3.689805806876399,cuda,16
SAM2.1-Tiny,auto,train,data/cogar_sim_500_final/rgb/000343.png,2982,connector,small_parts;partial_occlusion,0.9337511190689346,0.9207624003167241,0.9562147259712219,0.2710169728001347,3.689805806876399,cuda,16
SAM2.1-Tiny,auto,train,data/cogar_sim_500_final/rgb/000343.png,2983,connector,small_parts;partial_occlusion,0.725314183123878,0.6238095238095239,0.9528875350952148,0.2710169728001347,3.689805806876399,cuda,16
SAM2.1-Tiny,auto,train,data/cogar_sim_500_final/rgb/000343.png,2984,screw,small_parts;partial_occlusion,0.48412698412698413,0.8484848484848485,0.8688957691192627,0.2710169728001347,3.689805806876399,cuda,16
SAM2.1-Tiny,auto,train,data/cogar_sim_500_final/rgb/000343.png,2985,screw,small_parts;partial_occlusion,0.9327146171693735,1.0,0.9529623985290527,0.2710169728001347,3.689805806876399,cuda,16
SAM2.1-Tiny,auto,train,data/cogar_sim_500_final/rgb/000343.png,2986,plastic_object,small_parts;partial_occlusion,0.96303180503924,1.0,0.9032095074653625,0.2710169728001347,3.689805806876399,cuda,16
SAM2.1-Tiny,auto,train,data/cogar_sim_500_final/rgb/000343.png,2987,screw,small_parts;partial_occlusion,0.9090909090909091,0.9826589595375723,0.9003379344940186,0.2710169728001347,3.689805806876399,cuda,16
SAM2.1-Tiny,auto,train,data/cogar_sim_500_final/rgb/000343.png,2988,metal_part,small_parts;reflective_metal;partial_occlusion,0.9408427876823339,0.9809277921212626,0.9648045301437378,0.2710169728001347,3.689805806876399,cuda,16
SAM2.1-Tiny,auto,train,data/cogar_sim_500_final/rgb/000343.png,2989,screw,small_parts;partial_occlusion,0.0,0.0,0.9926882982254028,0.2710169728001347,3.689805806876399,cuda,16
SAM2.1-Tiny,auto,train,data/cogar_sim_500_final/rgb/000343.png,2990,robot_gripper,small_parts;partial_occlusion,0.7751224289911851,0.7578049307996505,0.9653682708740234,0.2710169728001347,3.689805806876399,cuda,16
SAM2.1-Tiny,auto,train,data/cogar_sim_500_final/rgb/000343.png,2991,robot_gripper,small_parts;partial_occlusion,0.11542525092445853,0.21635708943427942,0.9653682708740234,0.2710169728001347,3.689805806876399,cuda,16
SAM2.1-Tiny,auto,train,data/cogar_sim_500_final/rgb/000343.png,2992,robot_gripper,small_parts;partial_occlusion,0.9598420013166556,1.0,0.9425221085548401,0.2710169728001347,3.689805806876399,cuda,16
SAM2.1-Tiny,auto,train,data/cogar_sim_500_final/rgb/000344.png,2994,connector,dynamic_scene;partial_occlusion;small_parts,0.9487908961593172,1.0,0.9734414219856262,0.40371120322217596,2.4770182051392466,cuda,13
SAM2.1-Tiny,auto,train,data/cogar_sim_500_final/rgb/000344.png,2995,connector,dynamic_scene;partial_occlusion;small_parts,0.5710191082802548,0.6472685817304505,0.8995623588562012,0.40371120322217596,2.4770182051392466,cuda,13
SAM2.1-Tiny,auto,train,data/cogar_sim_500_final/rgb/000344.png,2996,metal_part,dynamic_scene;reflective_metal;partial_occlusion,0.0013390295224128036,0.1749515637973983,0.9365968108177185,0.40371120322217596,2.4770182051392466,cuda,13
SAM2.1-Tiny,auto,train,data/cogar_sim_500_final/rgb/000344.png,2997,glass_object,dynamic_scene;transparent_glass;partial_occlusion,0.9462465245597775,0.9507502447687789,0.8598405718803406,0.40371120322217596,2.4770182051392466,cuda,13
SAM2.1-Tiny,auto,train,data/cogar_sim_500_final/rgb/000344.png,2998,plastic_object,dynamic_scene;partial_occlusion,0.9868613138686131,1.0,0.9854869842529297,0.40371120322217596,2.4770182051392466,cuda,13
SAM2.1-Tiny,auto,train,data/cogar_sim_500_final/rgb/000344.png,2999,box,dynamic_scene;partial_occlusion,0.9576776994031471,0.8860294117647058,0.9740176200866699,0.40371120322217596,2.4770182051392466,cuda,13
SAM2.1-Tiny,auto,train,data/cogar_sim_500_final/rgb/000344.png,3000,robot_gripper,dynamic_scene;partial_occlusion,0.8347746708945902,0.8480629017837757,0.9463611841201782,0.40371120322217596,2.4770182051392466,cuda,13
SAM2.1-Tiny,auto,train,data/cogar_sim_500_final/rgb/000344.png,3001,robot_gripper,dynamic_scene;partial_occlusion,0.06939371804236669,0.04755028001831566,0.9463611841201782,0.40371120322217596,2.4770182051392466,cuda,13
SAM2.1-Tiny,auto,train,data/cogar_sim_500_final/rgb/000344.png,3002,robot_gripper,dynamic_scene;partial_occlusion,0.08191340445045132,0.23010380622837373,0.9463611841201782,0.40371120322217596,2.4770182051392466,cuda,13
SAM2.1-Tiny,auto,train,data/cogar_sim_500_final/rgb/000346.png,3015,glass_object,transparent_glass,0.38971080669710806,0.5178262220840918,0.9460763335227966,0.5544237935713942,1.80367439420009,cuda,11
SAM2.1-Tiny,auto,train,data/cogar_sim_500_final/rgb/000346.png,3016,glass_object,transparent_glass,0.6052367179174912,0.5532683946948435,0.9460763335227966,0.5544237935713942,1.80367439420009,cuda,11
SAM2.1-Tiny,auto,train,data/cogar_sim_500_final/rgb/000346.png,3017,tool,transparent_glass;reflective_metal,0.9138303619665046,0.9083413445943156,0.9095177054405212,0.5544237935713942,1.80367439420009,cuda,11
SAM2.1-Tiny,auto,train,data/cogar_sim_500_final/rgb/000346.png,3018,glass_object,transparent_glass,0.0001505797319680771,0.21423933453837107,0.8538534641265869,0.5544237935713942,1.80367439420009,cuda,11
SAM2.1-Tiny,auto,train,data/cogar_sim_500_final/rgb/000346.png,3019,glass_object,transparent_glass,0.23793493102311786,0.34863451481696683,0.9691883325576782,0.5544237935713942,1.80367439420009,cuda,11
SAM2.1-Tiny,auto,train,data/cogar_sim_500_final/rgb/000346.png,3020,tool,transparent_glass;reflective_metal,0.0003811701924909472,0.2323097463284379,0.9095177054405212,0.5544237935713942,1.80367439420009,cuda,11
SAM2.1-Tiny,auto,train,data/cogar_sim_500_final/rgb/000346.png,3021,glass_object,transparent_glass,0.737427681352915,0.5934625330900218,0.9691883325576782,0.5544237935713942,1.80367439420009,cuda,11
SAM2.1-Tiny,auto,train,data/cogar_sim_500_final/rgb/000347.png,3024,connector,partial_occlusion;small_parts,0.9460966542750929,1.0,0.9723169207572937,0.4506928951110846,2.2188057784969626,cuda,10
SAM2.1-Tiny,auto,train,data/cogar_sim_500_final/rgb/000347.png,3025,cable,partial_occlusion,0.9001283697047496,0.9934102141680395,0.9059024453163147,0.4506928951110846,2.2188057784969626,cuda,10
SAM2.1-Tiny,auto,train,data/cogar_sim_500_final/rgb/000347.png,3026,connector,partial_occlusion;small_parts,0.9764551994767822,1.0,0.9821449518203735,0.4506928951110846,2.2188057784969626,cuda,10
SAM2.1-Tiny,auto,train,data/cogar_sim_500_final/rgb/000347.png,3027,metal_part,partial_occlusion;reflective_metal,0.9833607429621747,1.0,0.9816126823425293,0.4506928951110846,2.2188057784969626,cuda,10
SAM2.1-Tiny,auto,train,data/cogar_sim_500_final/rgb/000347.png,3028,connector,partial_occlusion;small_parts,0.9565903709550119,1.0,0.9806617498397827,0.4506928951110846,2.2188057784969626,cuda,10
SAM2.1-Tiny,auto,train,data/cogar_sim_500_final/rgb/000347.png,3029,metal_part,partial_occlusion;reflective_metal,0.9750577367205543,1.0,0.9820426106452942,0.4506928951110846,2.2188057784969626,cuda,10
SAM2.1-Tiny,auto,train,data/cogar_sim_500_final/rgb/000347.png,3030,robot_gripper,partial_occlusion,0.7091643215465557,0.4471343638525565,0.9661628007888794,0.4506928951110846,2.2188057784969626,cuda,10
SAM2.1-Tiny,auto,train,data/cogar_sim_500_final/rgb/000347.png,3031,robot_gripper,partial_occlusion,0.16263843847518816,0.3872985325956218,0.9661628007888794,0.4506928951110846,2.2188057784969626,cuda,10
SAM2.1-Tiny,auto,train,data/cogar_sim_500_final/rgb/000347.png,3032,robot_gripper,partial_occlusion,0.12082622471362418,0.48018537034391906,0.9661628007888794,0.4506928951110846,2.2188057784969626,cuda,10
SAM2.1-Tiny,auto,train,data/cogar_sim_500_final/rgb/000348.png,3035,connector,small_parts,0.87851929092805,0.7468123861566484,0.9669615626335144,0.38775694650030346,2.578935101035559,cuda,17
SAM2.1-Tiny,auto,train,data/cogar_sim_500_final/rgb/000348.png,3036,metal_part,small_parts;reflective_metal,0.9725705329153606,1.0,0.9760611057281494,0.38775694650030346,2.578935101035559,cuda,17
SAM2.1-Tiny,auto,train,data/cogar_sim_500_final/rgb/000348.png,3037,box,small_parts,0.9854328358208955,0.9989868287740628,0.9606031179428101,0.38775694650030346,2.578935101035559,cuda,17
SAM2.1-Tiny,auto,train,data/cogar_sim_500_final/rgb/000348.png,3038,screw,small_parts,0.00027046520014424813,0.05214557305812058,0.9600887894630432,0.38775694650030346,2.578935101035559,cuda,17
SAM2.1-Tiny,auto,train,data/cogar_sim_500_final/rgb/000348.png,3039,box,small_parts,0.9659313289450275,0.8617021276595744,0.9600887894630432,0.38775694650030346,2.578935101035559,cuda,17
SAM2.1-Tiny,auto,train,data/cogar_sim_500_final/rgb/000348.png,3040,connector,small_parts,0.9735503560528993,1.0,0.9466866850852966,0.38775694650030346,2.578935101035559,cuda,17
SAM2.1-Tiny,auto,train,data/cogar_sim_500_final/rgb/000348.png,3041,screw,small_parts,0.1429801894918174,0.44336310440406534,0.8190034031867981,0.38775694650030346,2.578935101035559,cuda,17
SAM2.1-Tiny,auto,train,data/cogar_sim_500_final/rgb/000348.png,3042,plastic_object,small_parts,0.9558375634517766,1.0,0.9775928854942322,0.38775694650030346,2.578935101035559,cuda,17
SAM2.1-Tiny,auto,train,data/cogar_sim_500_final/rgb/000348.png,3043,cable,small_parts,0.8364409551848218,0.9404848693259972,0.8509469032287598,0.38775694650030346,2.578935101035559,cuda,17
SAM2.1-Tiny,auto,train,data/cogar_sim_500_final/rgb/000348.png,3044,metal_part,small_parts;reflective_metal,0.9800157770181436,0.9982238010657194,0.9803770780563354,0.38775694650030346,2.578935101035559,cuda,17
SAM2.1-Tiny,auto,train,data/cogar_sim_500_final/rgb/000349.png,3046,plastic_object,dynamic_scene;partial_occlusion,0.9874951904578684,1.0,0.9403427839279175,0.6577967315000327,1.5202264652784312,cuda,8
SAM2.1-Tiny,auto,train,data/cogar_sim_500_final/rgb/000349.png,3047,connector,dynamic_scene;partial_occlusion;small_parts,0.7421472105016409,0.588235294117647,0.9261459708213806,0.6577967315000327,1.5202264652784312,cuda,8
SAM2.1-Tiny,auto,train,data/cogar_sim_500_final/rgb/000349.png,3048,plastic_object,dynamic_scene;partial_occlusion,0.0008711968904972524,0.22078017484144286,0.9624097943305969,0.6577967315000327,1.5202264652784312,cuda,8
SAM2.1-Tiny,auto,train,data/cogar_sim_500_final/rgb/000349.png,3049,robot_gripper,dynamic_scene;partial_occlusion,0.7793478260869565,0.758357947227122,0.9624097943305969,0.6577967315000327,1.5202264652784312,cuda,8
SAM2.1-Tiny,auto,train,data/cogar_sim_500_final/rgb/000349.png,3050,robot_gripper,dynamic_scene;partial_occlusion,0.10433884297520661,0.1284790130886114,0.9624097943305969,0.6577967315000327,1.5202264652784312,cuda,8
SAM2.1-Tiny,auto,train,data/cogar_sim_500_final/rgb/000349.png,3051,robot_gripper,dynamic_scene;partial_occlusion,0.33811074918566775,0.5695364238410596,0.9202660918235779,0.6577967315000327,1.5202264652784312,cuda,8
SAM2.1-Tiny,auto,train,data/cogar_sim_500_final/rgb/000350.png,3054,metal_part,reflective_metal;partial_occlusion,0.954228855721393,1.0,0.9690582156181335,0.5130074421426148,1.949289460253098,cuda,7
SAM2.1-Tiny,auto,train,data/cogar_sim_500_final/rgb/000350.png,3055,metal_part,reflective_metal;partial_occlusion,0.9675324675324676,0.9822485207100593,0.968122124671936,0.5130074421426148,1.949289460253098,cuda,7
SAM2.1-Tiny,auto,train,data/cogar_sim_500_final/rgb/000350.png,3056,tool,reflective_metal;partial_occlusion,0.00024770869457517957,0.08316925257934946,0.9690582156181335,0.5130074421426148,1.949289460253098,cuda,7
SAM2.1-Tiny,auto,train,data/cogar_sim_500_final/rgb/000350.png,3057,tool,reflective_metal;partial_occlusion,0.6302569255059567,0.7693548387096775,0.9574971795082092,0.5130074421426148,1.949289460253098,cuda,7
SAM2.1-Tiny,auto,train,data/cogar_sim_500_final/rgb/000350.png,3058,robot_gripper,reflective_metal;partial_occlusion,0.01747088186356073,0.09262291247602562,0.9584308862686157,0.5130074421426148,1.949289460253098,cuda,7
SAM2.1-Tiny,auto,train,data/cogar_sim_500_final/rgb/000350.png,3059,robot_gripper,reflective_metal;partial_occlusion,0.0,0.0,0.9894008040428162,0.5130074421426148,1.949289460253098,cuda,7
SAM2.1-Tiny,auto,train,data/cogar_sim_500_final/rgb/000350.png,3060,robot_gripper,reflective_metal;partial_occlusion,0.8099112426035503,0.7857142857142856,0.9584308862686157,0.5130074421426148,1.949289460253098,cuda,7
SAM2.1-Tiny,auto,train,data/cogar_sim_500_final/rgb/000351.png,3063,glass_object,transparent_glass;partial_occlusion,0.557444225223858,0.5223880597014926,0.9431411623954773,0.6792327556662107,1.4722493749865933,cuda,10
SAM2.1-Tiny,auto,train,data/cogar_sim_500_final/rgb/000351.png,3064,cable,transparent_glass;partial_occlusion,0.8648088438507601,0.9984,0.9721848964691162,0.6792327556662107,1.4722493749865933,cuda,10
SAM2.1-Tiny,auto,train,data/cogar_sim_500_final/rgb/000351.png,3065,box,transparent_glass;partial_occlusion,0.98812184686123,1.0,0.9871470928192139,0.6792327556662107,1.4722493749865933,cuda,10
SAM2.1-Tiny,auto,train,data/cogar_sim_500_final/rgb/000351.png,3066,robot_gripper,transparent_glass;partial_occlusion,0.7525946856490789,0.7479332992994453,0.9863894581794739,0.6792327556662107,1.4722493749865933,cuda,10
SAM2.1-Tiny,auto,train,data/cogar_sim_500_final/rgb/000351.png,3067,robot_gripper,transparent_glass;partial_occlusion,0.1334719107269843,0.320887392294741,0.9863894581794739,0.6792327556662107,1.4722493749865933,cuda,10
SAM2.1-Tiny,auto,train,data/cogar_sim_500_final/rgb/000351.png,3068,robot_gripper,transparent_glass;partial_occlusion,0.10233982068663897,0.10787537184906842,0.9863894581794739,0.6792327556662107,1.4722493749865933,cuda,10
SAM2.1-Tiny,auto,train,data/cogar_sim_500_final/rgb/000352.png,3071,box,partial_occlusion,0.9783074265975821,0.9742911282050835,0.9643936157226562,0.40486140833268613,2.4699810340487467,cuda,13
SAM2.1-Tiny,auto,train,data/cogar_sim_500_final/rgb/000352.png,3072,box,partial_occlusion,0.8269292734009989,0.6898517673888255,0.9693925976753235,0.40486140833268613,2.4699810340487467,cuda,13
SAM2.1-Tiny,auto,train,data/cogar_sim_500_final/rgb/000352.png,3073,box,partial_occlusion,0.9138636363636363,0.8621727978077653,0.961457371711731,0.40486140833268613,2.4699810340487467,cuda,13
SAM2.1-Tiny,auto,train,data/cogar_sim_500_final/rgb/000352.png,3074,box,partial_occlusion,0.9716839134524929,0.9949676291267329,0.865875244140625,0.40486140833268613,2.4699810340487467,cuda,13
SAM2.1-Tiny,auto,train,data/cogar_sim_500_final/rgb/000352.png,3075,connector,partial_occlusion;small_parts,0.9589322381930184,1.0,0.95014888048172,0.40486140833268613,2.4699810340487467,cuda,13
SAM2.1-Tiny,auto,train,data/cogar_sim_500_final/rgb/000352.png,3076,cable,partial_occlusion,0.0,0.04080279529072138,0.9847604632377625,0.40486140833268613,2.4699810340487467,cuda,13
SAM2.1-Tiny,auto,train,data/cogar_sim_500_final/rgb/000352.png,3077,robot_gripper,partial_occlusion,0.8903001265593925,0.8389230280999366,0.9767791032791138,0.40486140833268613,2.4699810340487467,cuda,13
SAM2.1-Tiny,auto,train,data/cogar_sim_500_final/rgb/000352.png,3078,robot_gripper,partial_occlusion,0.9709302325581395,1.0,0.9503174424171448,0.40486140833268613,2.4699810340487467,cuda,13
SAM2.1-Tiny,auto,train,data/cogar_sim_500_final/rgb/000352.png,3079,robot_gripper,partial_occlusion,0.07547779521743145,0.0,0.9767791032791138,0.40486140833268613,2.4699810340487467,cuda,13
SAM2.1-Tiny,auto,train,data/cogar_sim_500_final/rgb/000353.png,3081,connector,small_parts;partial_occlusion,0.917462482946794,0.9731037469571839,0.9733040928840637,0.4264606149998144,2.3448824224962372,cuda,9
SAM2.1-Tiny,auto,train,data/cogar_sim_500_final/rgb/000353.png,3082,connector,small_parts;partial_occlusion,0.9717560376586164,1.0,0.9478687644004822,0.4264606149998144,2.3448824224962372,cuda,9
SAM2.1-Tiny,auto,train,data/cogar_sim_500_final/rgb/000353.png,3083,screw,small_parts;partial_occlusion,3.900794982017335e-06,0.040385003701958674,0.9906706809997559,0.4264606149998144,2.3448824224962372,cuda,9
SAM2.1-Tiny,auto,train,data/cogar_sim_500_final/rgb/000353.png,3084,connector,small_parts;partial_occlusion,0.7875787578757876,0.6497409736228101,0.8872644305229187,0.4264606149998144,2.3448824224962372,cuda,9
SAM2.1-Tiny,auto,train,data/cogar_sim_500_final/rgb/000353.png,3085,screw,small_parts;partial_occlusion,1.1704530823881924e-05,0.04585751792505033,0.9906706809997559,0.4264606149998144,2.3448824224962372,cuda,9
SAM2.1-Tiny,auto,train,data/cogar_sim_500_final/rgb/000353.png,3086,metal_part,small_parts;reflective_metal;partial_occlusion,0.18447412353923207,0.4876568667884287,0.8132532238960266,0.4264606149998144,2.3448824224962372,cuda,9
SAM2.1-Tiny,auto,train,data/cogar_sim_500_final/rgb/000353.png,3087,screw,small_parts;partial_occlusion,0.0,0.043453770016898687,0.9906706809997559,0.4264606149998144,2.3448824224962372,cuda,9
SAM2.1-Tiny,auto,train,data/cogar_sim_500_final/rgb/000353.png,3088,robot_gripper,small_parts;partial_occlusion,0.7669103436685992,0.6467264698561908,0.9605889320373535,0.4264606149998144,2.3448824224962372,cuda,9
SAM2.1-Tiny,auto,train,data/cogar_sim_500_final/rgb/000353.png,3089,robot_gripper,small_parts;partial_occlusion,0.7800083647009619,0.7716412549388756,0.8132532238960266,0.4264606149998144,2.3448824224962372,cuda,9
SAM2.1-Tiny,auto,train,data/cogar_sim_500_final/rgb/000353.png,3090,robot_gripper,small_parts;partial_occlusion,0.6947674418604651,0.7344827586206897,0.9362173676490784,0.4264606149998144,2.3448824224962372,cuda,9
SAM2.1-Tiny,auto,train,data/cogar_sim_500_final/rgb/000354.png,3092,glass_object,dynamic_scene;transparent_glass;partial_occlusion,0.9744448164267381,0.9500438125072918,0.902869462966919,0.6483767219991327,1.5423132356089393,cuda,12
SAM2.1-Tiny,auto,train,data/cogar_sim_500_final/rgb/000354.png,3093,metal_part,dynamic_scene;reflective_metal;partial_occlusion,0.9716228586373742,0.9727464403779577,0.8983209133148193,0.6483767219991327,1.5423132356089393,cuda,12
SAM2.1-Tiny,auto,train,data/cogar_sim_500_final/rgb/000354.png,3094,plastic_object,dynamic_scene;partial_occlusion,0.963963963963964,0.9982668977469671,0.9659994840621948,0.6483767219991327,1.5423132356089393,cuda,12
SAM2.1-Tiny,auto,train,data/cogar_sim_500_final/rgb/000354.png,3095,robot_gripper,dynamic_scene;partial_occlusion,0.9742189598066422,0.9951927940619953,0.8661069869995117,0.6483767219991327,1.5423132356089393,cuda,12
SAM2.1-Tiny,auto,train,data/cogar_sim_500_final/rgb/000354.png,3096,robot_gripper,dynamic_scene;partial_occlusion,0.8307639602603631,0.8436363636363636,0.9616397023200989,0.6483767219991327,1.5423132356089393,cuda,12
SAM2.1-Tiny,auto,train,data/cogar_sim_500_final/rgb/000354.png,3097,robot_gripper,dynamic_scene;partial_occlusion,0.9794685990338164,1.0,0.9651796817779541,0.6483767219991327,1.5423132356089393,cuda,12
SAM2.1-Tiny,auto,train,data/cogar_sim_500_final/rgb/000355.png,3099,metal_part,reflective_metal,0.9729108101201125,1.0,0.9499087333679199,0.45011409911158906,2.221658912648473,cuda,10
SAM2.1-Tiny,auto,train,data/cogar_sim_500_final/rgb/000355.png,3100,plastic_object,reflective_metal,0.9778534923339012,1.0,0.9678969383239746,0.45011409911158906,2.221658912648473,cuda,10
SAM2.1-Tiny,auto,train,data/cogar_sim_500_final/rgb/000355.png,3101,tool,reflective_metal,0.00013440860215053763,0.12724757952973723,0.9678969383239746,0.45011409911158906,2.221658912648473,cuda,10
SAM2.1-Tiny,auto,train,data/cogar_sim_500_final/rgb/000355.png,3102,tool,reflective_metal,0.7099489443907824,0.558899457357664,0.8435696959495544,0.45011409911158906,2.221658912648473,cuda,10
SAM2.1-Tiny,auto,train,data/cogar_sim_500_final/rgb/000355.png,3103,box,reflective_metal,0.981162196679438,1.0,0.9750922918319702,0.45011409911158906,2.221658912648473,cuda,10
SAM2.1-Tiny,auto,train,data/cogar_sim_500_final/rgb/000355.png,3104,metal_part,reflective_metal,0.961139896373057,1.0,0.958277702331543,0.45011409911158906,2.221658912648473,cuda,10
SAM2.1-Tiny,auto,train,data/cogar_sim_500_final/rgb/000355.png,3105,tool,reflective_metal,0.0008619863997701369,0.14384619481280292,0.958277702331543,0.45011409911158906,2.221658912648473,cuda,10
SAM2.1-Tiny,auto,train,data/cogar_sim_500_final/rgb/000355.png,3106,tool,reflective_metal,0.7336729967577582,0.7844976879856376,0.9195480346679688,0.45011409911158906,2.221658912648473,cuda,10
SAM2.1-Tiny,auto,train,data/cogar_sim_500_final/rgb/000355.png,3107,screw,reflective_metal;small_parts,0.0,0.0011612154054577125,0.9905304312705994,0.45011409911158906,2.221658912648473,cuda,10
SAM2.1-Tiny,auto,train,data/cogar_sim_500_final/rgb/000356.png,3110,connector,transparent_glass;partial_occlusion;small_parts,0.0007292763957539907,0.07748092504665391,0.9824268817901611,0.6607826591668223,1.5133569050690512,cuda,9
SAM2.1-Tiny,auto,train,data/cogar_sim_500_final/rgb/000356.png,3111,glass_object,transparent_glass;partial_occlusion,0.9845766129032258,1.0,0.9563667178153992,0.6607826591668223,1.5133569050690512,cuda,9
SAM2.1-Tiny,auto,train,data/cogar_sim_500_final/rgb/000356.png,3112,connector,transparent_glass;partial_occlusion;small_parts,0.894257064721969,0.8322760328021043,0.9681534171104431,0.6607826591668223,1.5133569050690512,cuda,9
SAM2.1-Tiny,auto,train,data/cogar_sim_500_final/rgb/000356.png,3113,robot_gripper,transparent_glass;partial_occlusion,0.9749128288728887,0.9949326980057325,0.8275067210197449,0.6607826591668223,1.5133569050690512,cuda,9
SAM2.1-Tiny,auto,train,data/cogar_sim_500_final/rgb/000356.png,3114,robot_gripper,transparent_glass;partial_occlusion,0.04312023365244199,0.25199310925043067,0.9824268817901611,0.6607826591668223,1.5133569050690512,cuda,9
SAM2.1-Tiny,auto,train,data/cogar_sim_500_final/rgb/000356.png,3115,robot_gripper,transparent_glass;partial_occlusion,0.964527027027027,0.9639175257731958,0.9594084620475769,0.6607826591668223,1.5133569050690512,cuda,9
SAM2.1-Tiny,auto,train,data/cogar_sim_500_final/rgb/000357.png,3118,tool,partial_occlusion;reflective_metal,0.7120682302771855,0.5513305060537477,0.9317846298217773,0.46583819512488844,2.1466681145196906,cuda,11
SAM2.1-Tiny,auto,train,data/cogar_sim_500_final/rgb/000357.png,3119,cable,partial_occlusion,0.2956723338485317,0.6904541241890639,0.8754783868789673,0.46583819512488844,2.1466681145196906,cuda,11
SAM2.1-Tiny,auto,train,data/cogar_sim_500_final/rgb/000357.png,3120,connector,partial_occlusion;small_parts,0.9709580838323353,1.0,0.9729865193367004,0.46583819512488844,2.1466681145196906,cuda,11
SAM2.1-Tiny,auto,train,data/cogar_sim_500_final/rgb/000357.png,3121,tool,partial_occlusion;reflective_metal,0.6133467212481656,0.45893754529717934,0.8754783868789673,0.46583819512488844,2.1466681145196906,cuda,11
SAM2.1-Tiny,auto,train,data/cogar_sim_500_final/rgb/000357.png,3122,connector,partial_occlusion;small_parts,0.19986380660537964,0.3884971636738187,0.9317846298217773,0.46583819512488844,2.1466681145196906,cuda,11
SAM2.1-Tiny,auto,train,data/cogar_sim_500_final/rgb/000357.png,3123,robot_gripper,partial_occlusion,0.8215784671532846,0.7536536422838105,0.9690855741500854,0.46583819512488844,2.1466681145196906,cuda,11
SAM2.1-Tiny,auto,train,data/cogar_sim_500_final/rgb/000357.png,3124,robot_gripper,partial_occlusion,0.8861218021281413,0.7547169811320756,0.9448936581611633,0.46583819512488844,2.1466681145196906,cuda,11
SAM2.1-Tiny,auto,train,data/cogar_sim_500_final/rgb/000357.png,3125,robot_gripper,partial_occlusion,0.07620201650700748,0.27033371040723986,0.9690855741500854,0.46583819512488844,2.1466681145196906,cuda,11
SAM2.1-Tiny,auto,train,data/cogar_sim_500_final/rgb/000358.png,3128,cable,small_parts;partial_occlusion,0.6646141215106732,0.7905514142874399,0.8549416661262512,0.36268528772713826,2.7572113726111147,cuda,17
SAM2.1-Tiny,auto,train,data/cogar_sim_500_final/rgb/000358.png,3129,metal_part,small_parts;reflective_metal;partial_occlusion,0.9753365431856146,1.0,0.9833782911300659,0.36268528772713826,2.7572113726111147,cuda,17
SAM2.1-Tiny,auto,train,data/cogar_sim_500_final/rgb/000358.png,3130,box,small_parts;partial_occlusion,0.9902427223610999,0.9991158267020336,0.986070454120636,0.36268528772713826,2.7572113726111147,cuda,17
SAM2.1-Tiny,auto,train,data/cogar_sim_500_final/rgb/000358.png,3131,plastic_object,small_parts;partial_occlusion,0.982486433152442,1.0,0.9852951765060425,0.36268528772713826,2.7572113726111147,cuda,17
SAM2.1-Tiny,auto,train,data/cogar_sim_500_final/rgb/000358.png,3132,screw,small_parts;partial_occlusion,0.0014563106796116505,0.10843941537010844,0.8549416661262512,0.36268528772713826,2.7572113726111147,cuda,17
SAM2.1-Tiny,auto,train,data/cogar_sim_500_final/rgb/000358.png,3133,connector,small_parts;partial_occlusion,0.9714978775015161,1.0,0.9751003384590149,0.36268528772713826,2.7572113726111147,cuda,17
SAM2.1-Tiny,auto,train,data/cogar_sim_500_final/rgb/000358.png,3134,connector,small_parts;partial_occlusion,0.9723465894126943,1.0,0.9734178185462952,0.36268528772713826,2.7572113726111147,cuda,17
SAM2.1-Tiny,auto,train,data/cogar_sim_500_final/rgb/000358.png,3135,screw,small_parts;partial_occlusion,0.004943524920997465,0.07917695801131383,0.9281003475189209,0.36268528772713826,2.7572113726111147,cuda,17
SAM2.1-Tiny,auto,train,data/cogar_sim_500_final/rgb/000358.png,3136,robot_gripper,small_parts;partial_occlusion,0.7588063862138875,0.7242716170513895,0.949094831943512,0.36268528772713826,2.7572113726111147,cuda,17
SAM2.1-Tiny,auto,train,data/cogar_sim_500_final/rgb/000358.png,3137,robot_gripper,small_parts;partial_occlusion,0.17523401808248937,0.30989778566073617,0.949094831943512,0.36268528772713826,2.7572113726111147,cuda,17
SAM2.1-Tiny,auto,train,data/cogar_sim_500_final/rgb/000358.png,3138,robot_gripper,small_parts;partial_occlusion,0.9316702819956616,0.8837209302325582,0.9742006659507751,0.36268528772713826,2.7572113726111147,cuda,17
SAM2.1-Tiny,auto,train,data/cogar_sim_500_final/rgb/000359.png,3140,plastic_object,dynamic_scene;partial_occlusion,0.9924538848518726,1.0,0.9661785960197449,0.7652846154000145,1.306703388356108,cuda,9
SAM2.1-Tiny,auto,train,data/cogar_sim_500_final/rgb/000359.png,3141,plastic_object,dynamic_scene;partial_occlusion,0.9876690533015116,1.0,0.9550926089286804,0.7652846154000145,1.306703388356108,cuda,9
SAM2.1-Tiny,auto,train,data/cogar_sim_500_final/rgb/000359.png,3142,robot_gripper,dynamic_scene;partial_occlusion,0.4506839786691398,0.5742971776040872,0.9761290550231934,0.7652846154000145,1.306703388356108,cuda,9
SAM2.1-Tiny,auto,train,data/cogar_sim_500_final/rgb/000359.png,3143,robot_gripper,dynamic_scene;partial_occlusion,0.2606688120889884,0.33646131551973985,0.9761290550231934,0.7652846154000145,1.306703388356108,cuda,9
SAM2.1-Tiny,auto,train,data/cogar_sim_500_final/rgb/000359.png,3144,robot_gripper,dynamic_scene;partial_occlusion,0.28375414197041116,0.3402602746772285,0.9761290550231934,0.7652846154000145,1.306703388356108,cuda,9
SAM2.1-Tiny,auto,train,data/cogar_sim_500_final/rgb/000360.png,3146,tool,reflective_metal;partial_occlusion,0.6964285714285714,0.7071219910448903,0.9348887205123901,0.47887433537562174,2.0882305150381786,cuda,9
SAM2.1-Tiny,auto,train,data/cogar_sim_500_final/rgb/000360.png,3147,metal_part,reflective_metal;partial_occlusion,0.9557702084392475,1.0,0.9291208982467651,0.47887433537562174,2.0882305150381786,cuda,9
SAM2.1-Tiny,auto,train,data/cogar_sim_500_final/rgb/000360.png,3148,metal_part,reflective_metal;partial_occlusion,0.8882297104888467,0.820171707015237,0.9247041344642639,0.47887433537562174,2.0882305150381786,cuda,9
SAM2.1-Tiny,auto,train,data/cogar_sim_500_final/rgb/000360.png,3149,tool,reflective_metal;partial_occlusion,0.9486678392287148,0.99581589958159,0.9437910914421082,0.47887433537562174,2.0882305150381786,cuda,9
SAM2.1-Tiny,auto,train,data/cogar_sim_500_final/rgb/000360.png,3150,metal_part,reflective_metal;partial_occlusion,0.8401013154669499,0.733739837398374,0.9196310043334961,0.47887433537562174,2.0882305150381786,cuda,9
SAM2.1-Tiny,auto,train,data/cogar_sim_500_final/rgb/000360.png,3151,robot_gripper,reflective_metal;partial_occlusion,0.5813748531139835,0.6554871318631966,0.923056960105896,0.47887433537562174,2.0882305150381786,cuda,9
SAM2.1-Tiny,auto,train,data/cogar_sim_500_final/rgb/000360.png,3152,robot_gripper,reflective_metal;partial_occlusion,0.0699976431769974,0.22831225737018102,0.923056960105896,0.47887433537562174,2.0882305150381786,cuda,9
SAM2.1-Tiny,auto,train,data/cogar_sim_500_final/rgb/000360.png,3153,robot_gripper,reflective_metal;partial_occlusion,0.34054181113004645,0.33465461481051495,0.923056960105896,0.47887433537562174,2.0882305150381786,cuda,9
SAM2.1-Tiny,auto,train,data/cogar_sim_500_final/rgb/000361.png,3155,connector,transparent_glass;partial_occlusion;small_parts,0.9545454545454546,0.9968847352024921,0.9687122106552124,0.38925397439961673,2.569016800772284,cuda,10
SAM2.1-Tiny,auto,train,data/cogar_sim_500_final/rgb/000361.png,3156,cable,transparent_glass;partial_occlusion,0.0,0.0,0.9911365509033203,0.38925397439961673,2.569016800772284,cuda,10
SAM2.1-Tiny,auto,train,data/cogar_sim_500_final/rgb/000361.png,3157,plastic_object,transparent_glass;partial_occlusion,0.9922496158214739,1.0,0.9903399348258972,0.38925397439961673,2.569016800772284,cuda,10
SAM2.1-Tiny,auto,train,data/cogar_sim_500_final/rgb/000361.png,3158,glass_object,transparent_glass;partial_occlusion,0.9210134128166915,0.8385079520678758,0.8673967719078064,0.38925397439961673,2.569016800772284,cuda,10
SAM2.1-Tiny,auto,train,data/cogar_sim_500_final/rgb/000361.png,3159,cable,transparent_glass;partial_occlusion,0.6643137254901961,0.574369613788701,0.8277973532676697,0.38925397439961673,2.569016800772284,cuda,10
SAM2.1-Tiny,auto,train,data/cogar_sim_500_final/rgb/000361.png,3160,tool,transparent_glass;reflective_metal;partial_occlusion,0.8555399719495091,0.8124117796088746,0.9236504435539246,0.38925397439961673,2.569016800772284,cuda,10
SAM2.1-Tiny,auto,train,data/cogar_sim_500_final/rgb/000361.png,3161,glass_object,transparent_glass;partial_occlusion,0.022556390977443608,0.07810461642048562,0.8195221424102783,0.38925397439961673,2.569016800772284,cuda,10
SAM2.1-Tiny,auto,train,data/cogar_sim_500_final/rgb/000361.png,3162,robot_gripper,transparent_glass;partial_occlusion,0.0,0.07378070203455875,0.9911365509033203,0.38925397439961673,2.569016800772284,cuda,10
SAM2.1-Tiny,auto,train,data/cogar_sim_500_final/rgb/000361.png,3163,robot_gripper,transparent_glass;partial_occlusion,0.002533394748963611,0.3705863297700033,0.8673967719078064,0.38925397439961673,2.569016800772284,cuda,10
SAM2.1-Tiny,auto,train,data/cogar_sim_500_final/rgb/000361.png,3164,robot_gripper,transparent_glass;partial_occlusion,0.00025075225677031093,0.0908594070228173,0.8277973532676697,0.38925397439961673,2.569016800772284,cuda,10
SAM2.1-Tiny,auto,train,data/cogar_sim_500_final/rgb/000362.png,3166,box,partial_occlusion,0.034217722267386,0.18779944025425738,0.9000861644744873,0.35082366472753085,2.850434849589339,cuda,14
SAM2.1-Tiny,auto,train,data/cogar_sim_500_final/rgb/000362.png,3167,box,partial_occlusion,0.9206552251003802,0.7923912101039489,0.9000861644744873,0.35082366472753085,2.850434849589339,cuda,14
SAM2.1-Tiny,auto,train,data/cogar_sim_500_final/rgb/000362.png,3168,tool,partial_occlusion;reflective_metal,0.9603118355776046,0.9956331877729258,0.9616855382919312,0.35082366472753085,2.850434849589339,cuda,14
SAM2.1-Tiny,auto,train,data/cogar_sim_500_final/rgb/000362.png,3169,screw,partial_occlusion;small_parts,6.339626469208434e-06,0.03817804964359739,0.9776771664619446,0.35082366472753085,2.850434849589339,cuda,14
SAM2.1-Tiny,auto,train,data/cogar_sim_500_final/rgb/000362.png,3170,screw,partial_occlusion;small_parts,0.006080114449213162,0.09205020920502091,0.9413354396820068,0.35082366472753085,2.850434849589339,cuda,14
SAM2.1-Tiny,auto,train,data/cogar_sim_500_final/rgb/000362.png,3171,metal_part,partial_occlusion;reflective_metal,0.0010993541294489488,0.19798479759589888,0.9616855382919312,0.35082366472753085,2.850434849589339,cuda,14
SAM2.1-Tiny,auto,train,data/cogar_sim_500_final/rgb/000362.png,3172,cable,partial_occlusion,0.9248291571753986,0.9217391304347826,0.9625949859619141,0.35082366472753085,2.850434849589339,cuda,14
SAM2.1-Tiny,auto,train,data/cogar_sim_500_final/rgb/000362.png,3173,glass_object,partial_occlusion;transparent_glass,0.8117461982170949,0.645155213984328,0.8283066153526306,0.35082366472753085,2.850434849589339,cuda,14
SAM2.1-Tiny,auto,train,data/cogar_sim_500_final/rgb/000362.png,3174,robot_gripper,partial_occlusion,0.27462351510616406,0.3866511385084936,0.9036147594451904,0.35082366472753085,2.850434849589339,cuda,14
SAM2.1-Tiny,auto,train,data/cogar_sim_500_final/rgb/000362.png,3175,robot_gripper,partial_occlusion,0.906575423980958,0.8825752562462316,0.9282050132751465,0.35082366472753085,2.850434849589339,cuda,14
SAM2.1-Tiny,auto,train,data/cogar_sim_500_final/rgb/000362.png,3176,robot_gripper,partial_occlusion,0.004307250538406317,0.21428571428571427,0.9412388801574707,0.35082366472753085,2.850434849589339,cuda,14
SAM2.1-Tiny,auto,train,data/cogar_sim_500_final/rgb/000363.png,3179,metal_part,small_parts;reflective_metal;partial_occlusion,0.0,0.035650153163620996,0.9917110204696655,0.4946903366661799,2.0214666143252487,cuda,9
SAM2.1-Tiny,auto,train,data/cogar_sim_500_final/rgb/000363.png,3180,screw,small_parts;partial_occlusion,0.0,0.01799634856695743,0.9917110204696655,0.4946903366661799,2.0214666143252487,cuda,9
SAM2.1-Tiny,auto,train,data/cogar_sim_500_final/rgb/000363.png,3181,connector,small_parts;partial_occlusion,3.7671168371287036e-06,0.04050102187193646,0.9917110204696655,0.4946903366661799,2.0214666143252487,cuda,9
SAM2.1-Tiny,auto,train,data/cogar_sim_500_final/rgb/000363.png,3182,connector,small_parts;partial_occlusion,0.9584462511291779,1.0,0.9719993472099304,0.4946903366661799,2.0214666143252487,cuda,9
SAM2.1-Tiny,auto,train,data/cogar_sim_500_final/rgb/000363.png,3183,plastic_object,small_parts;partial_occlusion,0.9886331344131856,1.0,0.9753722548484802,0.4946903366661799,2.0214666143252487,cuda,9
SAM2.1-Tiny,auto,train,data/cogar_sim_500_final/rgb/000363.png,3184,metal_part,small_parts;reflective_metal;partial_occlusion,0.926576717916536,0.8680981595092024,0.9550319314002991,0.4946903366661799,2.0214666143252487,cuda,9
SAM2.1-Tiny,auto,train,data/cogar_sim_500_final/rgb/000363.png,3186,robot_gripper,small_parts;partial_occlusion,0.8327908868999186,0.7684466072742853,0.9554732441902161,0.4946903366661799,2.0214666143252487,cuda,9
SAM2.1-Tiny,auto,train,data/cogar_sim_500_final/rgb/000363.png,3187,robot_gripper,small_parts;partial_occlusion,0.13355317394888705,0.2129547471162378,0.9554732441902161,0.4946903366661799,2.0214666143252487,cuda,9
SAM2.1-Tiny,auto,train,data/cogar_sim_500_final/rgb/000363.png,3188,robot_gripper,small_parts;partial_occlusion,0.8740849194729137,1.0,0.8861209750175476,0.4946903366661799,2.0214666143252487,cuda,9
SAM2.1-Tiny,auto,train,data/cogar_sim_500_final/rgb/000364.png,3191,plastic_object,dynamic_scene;partial_occlusion,0.9743290548424738,1.0,0.9407740831375122,0.3990201183332829,2.5061392998854926,cuda,13
SAM2.1-Tiny,auto,train,data/cogar_sim_500_final/rgb/000364.png,3192,glass_object,dynamic_scene;transparent_glass;partial_occlusion,0.9754592102327657,0.9153656532456862,0.9114471673965454,0.3990201183332829,2.5061392998854926,cuda,13
SAM2.1-Tiny,auto,train,data/cogar_sim_500_final/rgb/000364.png,3193,connector,dynamic_scene;partial_occlusion;small_parts,0.973314606741573,1.0,0.9323263168334961,0.3990201183332829,2.5061392998854926,cuda,13
SAM2.1-Tiny,auto,train,data/cogar_sim_500_final/rgb/000364.png,3194,cable,dynamic_scene;partial_occlusion,0.7245629762438368,0.5900026349445056,0.9388827085494995,0.3990201183332829,2.5061392998854926,cuda,13
SAM2.1-Tiny,auto,train,data/cogar_sim_500_final/rgb/000364.png,3195,plastic_object,dynamic_scene;partial_occlusion,0.9816457632303457,1.0,0.9361412525177002,0.3990201183332829,2.5061392998854926,cuda,13
SAM2.1-Tiny,auto,train,data/cogar_sim_500_final/rgb/000364.png,3196,plastic_object,dynamic_scene;partial_occlusion,0.9881450488145049,1.0,0.9831096529960632,0.3990201183332829,2.5061392998854926,cuda,13
SAM2.1-Tiny,auto,train,data/cogar_sim_500_final/rgb/000364.png,3197,robot_gripper,dynamic_scene;partial_occlusion,0.89506031455184,0.8876738893469326,0.9778071045875549,0.3990201183332829,2.5061392998854926,cuda,13
SAM2.1-Tiny,auto,train,data/cogar_sim_500_final/rgb/000364.png,3198,robot_gripper,dynamic_scene;partial_occlusion,0.09065955308126498,0.17834478139778007,0.9778071045875549,0.3990201183332829,2.5061392998854926,cuda,13
SAM2.1-Tiny,auto,train,data/cogar_sim_500_final/rgb/000364.png,3199,robot_gripper,dynamic_scene;partial_occlusion,0.0057306590257879654,0.31797235023041476,0.9361412525177002,0.3990201183332829,2.5061392998854926,cuda,13
SAM2.1-Tiny,auto,train,data/cogar_sim_500_final/rgb/000365.png,3201,tool,reflective_metal;partial_occlusion,0.4678423236514523,0.4860320944442797,0.9420168399810791,0.5339609778748127,1.872796030863608,cuda,13
SAM2.1-Tiny,auto,train,data/cogar_sim_500_final/rgb/000365.png,3202,box,reflective_metal;partial_occlusion,0.8256252141144228,0.5506937033084311,0.9381879568099976,0.5339609778748127,1.872796030863608,cuda,13
SAM2.1-Tiny,auto,train,data/cogar_sim_500_final/rgb/000365.png,3203,tool,reflective_metal;partial_occlusion,0.5573709270843058,0.7655146411964309,0.8772845268249512,0.5339609778748127,1.872796030863608,cuda,13
SAM2.1-Tiny,auto,train,data/cogar_sim_500_final/rgb/000365.png,3204,tool,reflective_metal;partial_occlusion,0.3211219232970807,0.5346358792184726,0.8611031174659729,0.5339609778748127,1.872796030863608,cuda,13
SAM2.1-Tiny,auto,train,data/cogar_sim_500_final/rgb/000365.png,3205,tool,reflective_metal;partial_occlusion,0.7776598969384662,0.835161746320976,0.9499417543411255,0.5339609778748127,1.872796030863608,cuda,13
SAM2.1-Tiny,auto,train,data/cogar_sim_500_final/rgb/000365.png,3206,metal_part,reflective_metal;partial_occlusion,0.41924496168038605,0.46876893490344856,0.8772845268249512,0.5339609778748127,1.872796030863608,cuda,13
SAM2.1-Tiny,auto,train,data/cogar_sim_500_final/rgb/000365.png,3207,robot_gripper,reflective_metal;partial_occlusion,0.9658340511053689,0.9365170895365905,0.9246277809143066,0.5339609778748127,1.872796030863608,cuda,13
SAM2.1-Tiny,auto,train,data/cogar_sim_500_final/rgb/000365.png,3208,robot_gripper,reflective_metal;partial_occlusion,0.9623824451410659,1.0,0.9473962187767029,0.5339609778748127,1.872796030863608,cuda,13
SAM2.1-Tiny,auto,train,data/cogar_sim_500_final/rgb/000366.png,3211,glass_object,transparent_glass;partial_occlusion,0.9886242984984074,0.9932776920319802,0.9701716899871826,0.47107780024998647,2.122791605695133,cuda,13
SAM2.1-Tiny,auto,train,data/cogar_sim_500_final/rgb/000366.png,3212,glass_object,transparent_glass;partial_occlusion,0.9062029055398155,0.6204797647340434,0.9200500845909119,0.47107780024998647,2.122791605695133,cuda,13
SAM2.1-Tiny,auto,train,data/cogar_sim_500_final/rgb/000366.png,3213,glass_object,transparent_glass;partial_occlusion,0.9687799773262405,0.9705437317595733,0.852689802646637,0.47107780024998647,2.122791605695133,cuda,13
SAM2.1-Tiny,auto,train,data/cogar_sim_500_final/rgb/000366.png,3214,glass_object,transparent_glass;partial_occlusion,0.6688722669735327,0.750413223140496,0.9676543474197388,0.47107780024998647,2.122791605695133,cuda,13
SAM2.1-Tiny,auto,train,data/cogar_sim_500_final/rgb/000366.png,3215,plastic_object,transparent_glass;partial_occlusion,0.015016311648436,0.2737653932416616,0.840884804725647,0.47107780024998647,2.122791605695133,cuda,13
SAM2.1-Tiny,auto,train,data/cogar_sim_500_final/rgb/000366.png,3216,robot_gripper,transparent_glass;partial_occlusion,0.9534831960827954,0.9274792858973264,0.9309174418449402,0.47107780024998647,2.122791605695133,cuda,13
SAM2.1-Tiny,auto,train,data/cogar_sim_500_final/rgb/000366.png,3217,robot_gripper,transparent_glass;partial_occlusion,0.7067381316998469,0.757433489827856,0.9491901993751526,0.47107780024998647,2.122791605695133,cuda,13
SAM2.1-Tiny,auto,train,data/cogar_sim_500_final/rgb/000366.png,3218,robot_gripper,transparent_glass;partial_occlusion,0.165478515625,0.3070026786202372,0.840884804725647,0.47107780024998647,2.122791605695133,cuda,13
SAM2.1-Tiny,auto,train,data/cogar_sim_500_final/rgb/000369.png,3223,plastic_object,dynamic_scene;partial_occlusion,0.9781512605042016,1.0,0.857873797416687,0.4616937574448659,2.1659378838784,cuda,14
SAM2.1-Tiny,auto,train,data/cogar_sim_500_final/rgb/000369.png,3224,tool,dynamic_scene;reflective_metal;partial_occlusion,0.8420731707317073,0.853932728710173,0.9346282482147217,0.4616937574448659,2.1659378838784,cuda,14
SAM2.1-Tiny,auto,train,data/cogar_sim_500_final/rgb/000369.png,3225,plastic_object,dynamic_scene;partial_occlusion,0.985625,1.0,0.9757983088493347,0.4616937574448659,2.1659378838784,cuda,14
SAM2.1-Tiny,auto,train,data/cogar_sim_500_final/rgb/000369.png,3226,plastic_object,dynamic_scene;partial_occlusion,0.9702030124426981,1.0,0.9866225123405457,0.4616937574448659,2.1659378838784,cuda,14
SAM2.1-Tiny,auto,train,data/cogar_sim_500_final/rgb/000369.png,3227,plastic_object,dynamic_scene;partial_occlusion,0.9783037475345168,1.0,0.9539868831634521,0.4616937574448659,2.1659378838784,cuda,14
SAM2.1-Tiny,auto,train,data/cogar_sim_500_final/rgb/000369.png,3228,box,dynamic_scene;partial_occlusion,0.7907256447948684,0.5855142549135447,0.9493699073791504,0.4616937574448659,2.1659378838784,cuda,14
SAM2.1-Tiny,auto,train,data/cogar_sim_500_final/rgb/000369.png,3229,robot_gripper,dynamic_scene;partial_occlusion,0.9372605052932389,0.8369691571430727,0.8601526618003845,0.4616937574448659,2.1659378838784,cuda,14
SAM2.1-Tiny,auto,train,data/cogar_sim_500_final/rgb/000369.png,3230,robot_gripper,dynamic_scene;partial_occlusion,0.8576567317574512,0.6667586968525676,0.8430866599082947,0.4616937574448659,2.1659378838784,cuda,14
SAM2.1-Tiny,auto,train,data/cogar_sim_500_final/rgb/000369.png,3231,robot_gripper,dynamic_scene;partial_occlusion,0.9543937708565072,1.0,0.949442982673645,0.4616937574448659,2.1659378838784,cuda,14
SAM2.1-Tiny,auto,train,data/cogar_sim_500_final/rgb/000370.png,3233,metal_part,reflective_metal,0.8475807698253207,0.7673210847384426,0.9626792669296265,0.4716945369000314,2.1200160734783644,cuda,16
SAM2.1-Tiny,auto,train,data/cogar_sim_500_final/rgb/000370.png,3234,metal_part,reflective_metal,0.9516471838469713,0.9584899854329059,0.9142406582832336,0.4716945369000314,2.1200160734783644,cuda,16
SAM2.1-Tiny,auto,train,data/cogar_sim_500_final/rgb/000370.png,3235,tool,reflective_metal,0.48269581056466304,0.6502116982907323,0.8523977994918823,0.4716945369000314,2.1200160734783644,cuda,16
SAM2.1-Tiny,auto,train,data/cogar_sim_500_final/rgb/000370.png,3236,metal_part,reflective_metal,0.9687003855749603,0.9785932721712538,0.9688758850097656,0.4716945369000314,2.1200160734783644,cuda,16
SAM2.1-Tiny,auto,train,data/cogar_sim_500_final/rgb/000370.png,3237,cable,reflective_metal,0.756352343308865,0.5658776850458339,0.9497429132461548,0.4716945369000314,2.1200160734783644,cuda,16
SAM2.1-Tiny,auto,train,data/cogar_sim_500_final/rgb/000370.png,3238,tool,reflective_metal,0.28470031545741326,0.41971617279543016,0.8441158533096313,0.4716945369000314,2.1200160734783644,cuda,16
SAM2.1-Tiny,auto,train,data/cogar_sim_500_final/rgb/000370.png,3239,metal_part,reflective_metal,0.014044943820224719,0.14893617021276595,0.9661029577255249,0.4716945369000314,2.1200160734783644,cuda,16
SAM2.1-Tiny,auto,train,data/cogar_sim_500_final/rgb/000370.png,3240,metal_part,reflective_metal,0.9657310142930945,0.9985052316890882,0.9625455737113953,0.4716945369000314,2.1200160734783644,cuda,16
SAM2.1-Tiny,auto,train,data/cogar_sim_500_final/rgb/000370.png,3241,metal_part,reflective_metal,0.9630931458699473,1.0,0.9394598603248596,0.4716945369000314,2.1200160734783644,cuda,16
SAM2.1-Tiny,auto,train,data/cogar_sim_500_final/rgb/000370.png,3242,tool,reflective_metal,0.89418217012582,0.7513703297037136,0.9326803088188171,0.4716945369000314,2.1200160734783644,cuda,16
SAM2.1-Tiny,auto,train,data/cogar_sim_500_final/rgb/000372.png,3253,metal_part,partial_occlusion;reflective_metal,0.988302116437893,0.999131190269331,0.9593783020973206,0.463519138124866,2.1574082227660103,cuda,20
SAM2.1-Tiny,auto,train,data/cogar_sim_500_final/rgb/000372.png,3254,tool,partial_occlusion;reflective_metal,0.9029194512838551,0.7168682321288243,0.9531329870223999,0.463519138124866,2.1574082227660103,cuda,20
SAM2.1-Tiny,auto,train,data/cogar_sim_500_final/rgb/000372.png,3255,glass_object,partial_occlusion;transparent_glass,0.8794064927305317,0.6738182556653247,0.8468889594078064,0.463519138124866,2.1574082227660103,cuda,20
SAM2.1-Tiny,auto,train,data/cogar_sim_500_final/rgb/000372.png,3256,connector,partial_occlusion;small_parts,0.9800184445127574,0.9817578772802654,0.9642177820205688,0.463519138124866,2.1574082227660103,cuda,20
SAM2.1-Tiny,auto,train,data/cogar_sim_500_final/rgb/000372.png,3257,plastic_object,partial_occlusion,0.9750201450443191,1.0,0.963840901851654,0.463519138124866,2.1574082227660103,cuda,20
SAM2.1-Tiny,auto,train,data/cogar_sim_500_final/rgb/000372.png,3258,robot_gripper,partial_occlusion,0.7864124939140856,0.7525506995906177,0.9400087594985962,0.463519138124866,2.1574082227660103,cuda,20
SAM2.1-Tiny,auto,train,data/cogar_sim_500_final/rgb/000372.png,3259,robot_gripper,partial_occlusion,0.9499058380414312,0.9393979631129582,0.9386639595031738,0.463519138124866,2.1574082227660103,cuda,20
SAM2.1-Tiny,auto,train,data/cogar_sim_500_final/rgb/000372.png,3260,robot_gripper,partial_occlusion,0.16970052847915443,0.6289198151387766,0.8232860565185547,0.463519138124866,2.1574082227660103,cuda,20
SAM2.1-Tiny,auto,train,data/cogar_sim_500_final/rgb/000373.png,3263,cable,small_parts,0.0010550378055213644,0.14037232281559578,0.9494066834449768,0.6414213133333154,1.559037685859292,cuda,11
SAM2.1-Tiny,auto,train,data/cogar_sim_500_final/rgb/000373.png,3264,metal_part,small_parts;reflective_metal,0.9678552133981632,1.0,0.9494066834449768,0.6414213133333154,1.559037685859292,cuda,11
SAM2.1-Tiny,auto,train,data/cogar_sim_500_final/rgb/000373.png,3265,connector,small_parts,0.9681753889674681,1.0,0.9505306482315063,0.6414213133333154,1.559037685859292,cuda,11
SAM2.1-Tiny,auto,train,data/cogar_sim_500_final/rgb/000373.png,3267,connector,small_parts,0.9589358010410642,1.0,0.9582940340042114,0.6414213133333154,1.559037685859292,cuda,11
SAM2.1-Tiny,auto,train,data/cogar_sim_500_final/rgb/000373.png,3268,metal_part,small_parts;reflective_metal,0.9494500846023689,0.9418996235350835,0.9442145824432373,0.6414213133333154,1.559037685859292,cuda,11
SAM2.1-Tiny,auto,train,data/cogar_sim_500_final/rgb/000373.png,3269,box,small_parts,0.9893632847366856,1.0,0.9815245270729065,0.6414213133333154,1.559037685859292,cuda,11
SAM2.1-Tiny,auto,train,data/cogar_sim_500_final/rgb/000375.png,3274,metal_part,reflective_metal;partial_occlusion,0.7682520074119827,0.7726990791545398,0.93356853723526,0.5398283468571857,1.852440698644073,cuda,9
SAM2.1-Tiny,auto,train,data/cogar_sim_500_final/rgb/000375.png,3275,screw,reflective_metal;partial_occlusion;small_parts,0.0,0.0,0.9837566614151001,0.5398283468571857,1.852440698644073,cuda,9
SAM2.1-Tiny,auto,train,data/cogar_sim_500_final/rgb/000375.png,3276,tool,reflective_metal;partial_occlusion,0.9133243606998654,0.8371388464682925,0.9703812003135681,0.5398283468571857,1.852440698644073,cuda,9
SAM2.1-Tiny,auto,train,data/cogar_sim_500_final/rgb/000375.png,3277,metal_part,reflective_metal;partial_occlusion,0.21640402034991935,0.2857142857142857,0.93356853723526,0.5398283468571857,1.852440698644073,cuda,9
SAM2.1-Tiny,auto,train,data/cogar_sim_500_final/rgb/000375.png,3278,robot_gripper,reflective_metal;partial_occlusion,0.537290299051787,0.6407317097055338,0.9280003309249878,0.5398283468571857,1.852440698644073,cuda,9
SAM2.1-Tiny,auto,train,data/cogar_sim_500_final/rgb/000375.png,3279,robot_gripper,reflective_metal;partial_occlusion,0.056422734367826646,0.24497858360710276,0.9280003309249878,0.5398283468571857,1.852440698644073,cuda,9
SAM2.1-Tiny,auto,train,data/cogar_sim_500_final/rgb/000375.png,3280,robot_gripper,reflective_metal;partial_occlusion,0.3961231470923603,0.46413161204667747,0.9280003309249878,0.5398283468571857,1.852440698644073,cuda,9
SAM2.1-Tiny,auto,train,data/cogar_sim_500_final/rgb/000376.png,3283,glass_object,transparent_glass;partial_occlusion,0.9865373044524669,0.996497276001108,0.9541696310043335,0.5219631512861399,1.9158440543857482,cuda,15
SAM2.1-Tiny,auto,train,data/cogar_sim_500_final/rgb/000376.png,3284,metal_part,transparent_glass;reflective_metal;partial_occlusion,0.9910099464422342,1.0,0.9816473126411438,0.5219631512861399,1.9158440543857482,cuda,15
SAM2.1-Tiny,auto,train,data/cogar_sim_500_final/rgb/000376.png,3285,glass_object,transparent_glass;partial_occlusion,0.9900595335627287,1.0,0.9478772282600403,0.5219631512861399,1.9158440543857482,cuda,15
SAM2.1-Tiny,auto,train,data/cogar_sim_500_final/rgb/000376.png,3286,connector,transparent_glass;partial_occlusion;small_parts,0.9898714452668484,1.0,0.9526667594909668,0.5219631512861399,1.9158440543857482,cuda,15
SAM2.1-Tiny,auto,train,data/cogar_sim_500_final/rgb/000376.png,3287,robot_gripper,transparent_glass;partial_occlusion,0.7698785600693943,0.6318531764761497,0.9238483905792236,0.5219631512861399,1.9158440543857482,cuda,15
SAM2.1-Tiny,auto,train,data/cogar_sim_500_final/rgb/000376.png,3288,robot_gripper,transparent_glass;partial_occlusion,0.9756674552213586,1.0,0.9139225482940674,0.5219631512861399,1.9158440543857482,cuda,15
SAM2.1-Tiny,auto,train,data/cogar_sim_500_final/rgb/000376.png,3289,robot_gripper,transparent_glass;partial_occlusion,0.6659707724425887,0.7602641484706619,0.8833624124526978,0.5219631512861399,1.9158440543857482,cuda,15
SAM2.1-Tiny,auto,train,data/cogar_sim_500_final/rgb/000378.png,3292,connector,small_parts;partial_occlusion,0.9698524695317511,1.0,0.9428254961967468,0.33908624075047555,2.9491022631492534,cuda,15
SAM2.1-Tiny,auto,train,data/cogar_sim_500_final/rgb/000378.png,3293,screw,small_parts;partial_occlusion,0.0,0.0,0.9917062520980835,0.33908624075047555,2.9491022631492534,cuda,15
SAM2.1-Tiny,auto,train,data/cogar_sim_500_final/rgb/000378.png,3294,screw,small_parts;partial_occlusion,0.9476439790575916,1.0,0.9525355100631714,0.33908624075047555,2.9491022631492534,cuda,15
SAM2.1-Tiny,auto,train,data/cogar_sim_500_final/rgb/000378.png,3295,plastic_object,small_parts;partial_occlusion,0.9708310401761144,0.9933993399339933,0.975714385509491,0.33908624075047555,2.9491022631492534,cuda,15
SAM2.1-Tiny,auto,train,data/cogar_sim_500_final/rgb/000378.png,3296,connector,small_parts;partial_occlusion,0.9837750135208221,1.0,0.9804050326347351,0.33908624075047555,2.9491022631492534,cuda,15
SAM2.1-Tiny,auto,train,data/cogar_sim_500_final/rgb/000378.png,3297,screw,small_parts;partial_occlusion,0.0,0.0,0.9917062520980835,0.33908624075047555,2.9491022631492534,cuda,15
SAM2.1-Tiny,auto,train,data/cogar_sim_500_final/rgb/000378.png,3298,plastic_object,small_parts;partial_occlusion,0.9847107438016529,1.0,0.9708396792411804,0.33908624075047555,2.9491022631492534,cuda,15
SAM2.1-Tiny,auto,train,data/cogar_sim_500_final/rgb/000378.png,3299,box,small_parts;partial_occlusion,0.9934650379530489,1.0,0.9621241092681885,0.33908624075047555,2.9491022631492534,cuda,15
SAM2.1-Tiny,auto,train,data/cogar_sim_500_final/rgb/000378.png,3300,cable,small_parts;partial_occlusion,0.8723363774733638,1.0,0.9760367274284363,0.33908624075047555,2.9491022631492534,cuda,15
SAM2.1-Tiny,auto,train,data/cogar_sim_500_final/rgb/000378.png,3301,robot_gripper,small_parts;partial_occlusion,0.7809441316587267,0.7042407120377486,0.9258787631988525,0.33908624075047555,2.9491022631492534,cuda,15
SAM2.1-Tiny,auto,train,data/cogar_sim_500_final/rgb/000378.png,3302,robot_gripper,small_parts;partial_occlusion,0.9482248520710059,1.0,0.9350132346153259,0.33908624075047555,2.9491022631492534,cuda,15
SAM2.1-Tiny,auto,train,data/cogar_sim_500_final/rgb/000378.png,3303,robot_gripper,small_parts;partial_occlusion,0.9222497932175352,0.896,0.9253876805305481,0.33908624075047555,2.9491022631492534,cuda,15
SAM2.1-Tiny,auto,train,data/cogar_sim_500_final/rgb/000379.png,3305,connector,dynamic_scene;partial_occlusion;small_parts,0.9430336307481125,0.918918918918919,0.9626017212867737,0.4277590538004006,2.337764662408797,cuda,15
SAM2.1-Tiny,auto,train,data/cogar_sim_500_final/rgb/000379.png,3306,plastic_object,dynamic_scene;partial_occlusion,0.9848761408083442,1.0,0.9578867554664612,0.4277590538004006,2.337764662408797,cuda,15
SAM2.1-Tiny,auto,train,data/cogar_sim_500_final/rgb/000379.png,3307,glass_object,dynamic_scene;transparent_glass;partial_occlusion,0.9851224105461394,1.0,0.9655092358589172,0.4277590538004006,2.337764662408797,cuda,15
SAM2.1-Tiny,auto,train,data/cogar_sim_500_final/rgb/000379.png,3308,metal_part,dynamic_scene;reflective_metal;partial_occlusion,0.03996535511012126,0.5135311379197913,0.9281160235404968,0.4277590538004006,2.337764662408797,cuda,15
SAM2.1-Tiny,auto,train,data/cogar_sim_500_final/rgb/000379.png,3309,plastic_object,dynamic_scene;partial_occlusion,0.9625260235947258,1.0,0.9767416715621948,0.4277590538004006,2.337764662408797,cuda,15
SAM2.1-Tiny,auto,train,data/cogar_sim_500_final/rgb/000379.png,3310,plastic_object,dynamic_scene;partial_occlusion,0.9900790005511666,1.0,0.9886811971664429,0.4277590538004006,2.337764662408797,cuda,15
SAM2.1-Tiny,auto,train,data/cogar_sim_500_final/rgb/000379.png,3311,cable,dynamic_scene;partial_occlusion,0.0006524575902566333,0.08500590318772136,0.9281160235404968,0.4277590538004006,2.337764662408797,cuda,15
SAM2.1-Tiny,auto,train,data/cogar_sim_500_final/rgb/000379.png,3312,robot_gripper,dynamic_scene;partial_occlusion,0.5916951538306857,0.44429915961808253,0.9803596138954163,0.4277590538004006,2.337764662408797,cuda,15
SAM2.1-Tiny,auto,train,data/cogar_sim_500_final/rgb/000379.png,3313,robot_gripper,dynamic_scene;partial_occlusion,0.3004322042416323,0.5491448579449352,0.9803596138954163,0.4277590538004006,2.337764662408797,cuda,15
SAM2.1-Tiny,auto,train,data/cogar_sim_500_final/rgb/000379.png,3314,robot_gripper,dynamic_scene;partial_occlusion,0.10163504238998788,0.3338036473908099,0.9803596138954163,0.4277590538004006,2.337764662408797,cuda,15
SAM2.1-Tiny,auto,train,data/cogar_sim_500_final/rgb/000380.png,3317,tool,reflective_metal;partial_occlusion,0.7175009002520706,0.7440435748257178,0.8758020401000977,0.3686853872000938,2.712339666061345,cuda,10
SAM2.1-Tiny,auto,train,data/cogar_sim_500_final/rgb/000380.png,3318,tool,reflective_metal;partial_occlusion,0.8564142194744977,0.47385003150598615,0.9753236174583435,0.3686853872000938,2.712339666061345,cuda,10
SAM2.1-Tiny,auto,train,data/cogar_sim_500_final/rgb/000380.png,3319,metal_part,reflective_metal;partial_occlusion,0.9926308032424466,1.0,0.977950930595398,0.3686853872000938,2.712339666061345,cuda,10
SAM2.1-Tiny,auto,train,data/cogar_sim_500_final/rgb/000380.png,3320,connector,reflective_metal;partial_occlusion;small_parts,0.8716387620497209,0.795662908046143,0.9469305872917175,0.3686853872000938,2.712339666061345,cuda,10
SAM2.1-Tiny,auto,train,data/cogar_sim_500_final/rgb/000380.png,3321,plastic_object,reflective_metal;partial_occlusion,0.9512868983568417,0.8284474202675278,0.9037042856216431,0.3686853872000938,2.712339666061345,cuda,10
SAM2.1-Tiny,auto,train,data/cogar_sim_500_final/rgb/000380.png,3322,metal_part,reflective_metal;partial_occlusion,0.0034256970643077055,0.21024124291772084,0.9454855918884277,0.3686853872000938,2.712339666061345,cuda,10
SAM2.1-Tiny,auto,train,data/cogar_sim_500_final/rgb/000380.png,3323,metal_part,reflective_metal;partial_occlusion,0.9742448330683625,1.0,0.954655110836029,0.3686853872000938,2.712339666061345,cuda,10
SAM2.1-Tiny,auto,train,data/cogar_sim_500_final/rgb/000380.png,3324,robot_gripper,reflective_metal;partial_occlusion,0.8606753522999202,0.8323441855686269,0.9454855918884277,0.3686853872000938,2.712339666061345,cuda,10
SAM2.1-Tiny,auto,train,data/cogar_sim_500_final/rgb/000380.png,3325,robot_gripper,reflective_metal;partial_occlusion,0.0205208801077683,0.11708092279122918,0.9454855918884277,0.3686853872000938,2.712339666061345,cuda,10
SAM2.1-Tiny,auto,train,data/cogar_sim_500_final/rgb/000380.png,3326,robot_gripper,reflective_metal;partial_occlusion,0.0967337807606264,0.22499675730860796,0.9454855918884277,0.3686853872000938,2.712339666061345,cuda,10
SAM2.1-Tiny,auto,train,data/cogar_sim_500_final/rgb/000382.png,3330,metal_part,partial_occlusion;reflective_metal,0.0,0.0,0.9921870231628418,0.3571170402726487,2.8002024188947368,cuda,13
SAM2.1-Tiny,auto,train,data/cogar_sim_500_final/rgb/000382.png,3331,metal_part,partial_occlusion;reflective_metal,0.9158215010141988,0.9891302905225158,0.8695196509361267,0.3571170402726487,2.8002024188947368,cuda,13
SAM2.1-Tiny,auto,train,data/cogar_sim_500_final/rgb/000382.png,3332,metal_part,partial_occlusion;reflective_metal,0.975963177633822,0.9662618083670715,0.9574215412139893,0.3571170402726487,2.8002024188947368,cuda,13
SAM2.1-Tiny,auto,train,data/cogar_sim_500_final/rgb/000382.png,3333,box,partial_occlusion,0.5799457994579946,0.5391860364641838,0.8248471617698669,0.3571170402726487,2.8002024188947368,cuda,13
SAM2.1-Tiny,auto,train,data/cogar_sim_500_final/rgb/000382.png,3334,plastic_object,partial_occlusion,0.9216710182767625,0.9156136528685548,0.9047926664352417,0.3571170402726487,2.8002024188947368,cuda,13
SAM2.1-Tiny,auto,train,data/cogar_sim_500_final/rgb/000382.png,3335,plastic_object,partial_occlusion,0.9733483483483484,1.0,0.9734885096549988,0.3571170402726487,2.8002024188947368,cuda,13
SAM2.1-Tiny,auto,train,data/cogar_sim_500_final/rgb/000382.png,3336,cable,partial_occlusion,0.028203062046736505,0.29897444811402746,0.9047926664352417,0.3571170402726487,2.8002024188947368,cuda,13
SAM2.1-Tiny,auto,train,data/cogar_sim_500_final/rgb/000382.png,3337,screw,partial_occlusion;small_parts,0.0,0.0,0.9921870231628418,0.3571170402726487,2.8002024188947368,cuda,13
SAM2.1-Tiny,auto,train,data/cogar_sim_500_final/rgb/000382.png,3338,robot_gripper,partial_occlusion,0.012015744769007665,0.3841705221414409,0.8653526306152344,0.3571170402726487,2.8002024188947368,cuda,13
SAM2.1-Tiny,auto,train,data/cogar_sim_500_final/rgb/000382.png,3339,robot_gripper,partial_occlusion,0.26586294416243655,0.3720899859601005,0.8653526306152344,0.3571170402726487,2.8002024188947368,cuda,13
SAM2.1-Tiny,auto,train,data/cogar_sim_500_final/rgb/000382.png,3340,robot_gripper,partial_occlusion,0.00030204636411689195,0.13629257436219525,0.991910994052887,0.3571170402726487,2.8002024188947368,cuda,13
SAM2.1-Tiny,auto,train,data/cogar_sim_500_final/rgb/000383.png,3342,screw,small_parts;partial_occlusion,0.0,0.0,0.988879919052124,0.30406021838448044,3.2888222119722093,cuda,7
SAM2.1-Tiny,auto,train,data/cogar_sim_500_final/rgb/000383.png,3343,connector,small_parts;partial_occlusion,0.17925469217517453,0.4841938637739187,0.9700509905815125,0.30406021838448044,3.2888222119722093,cuda,7
SAM2.1-Tiny,auto,train,data/cogar_sim_500_final/rgb/000383.png,3344,connector,small_parts;partial_occlusion,1.242066301499174e-05,0.056781081568971305,0.9831103086471558,0.30406021838448044,3.2888222119722093,cuda,7
SAM2.1-Tiny,auto,train,data/cogar_sim_500_final/rgb/000383.png,3345,screw,small_parts;partial_occlusion,0.0,0.0,0.988879919052124,0.30406021838448044,3.2888222119722093,cuda,7
SAM2.1-Tiny,auto,train,data/cogar_sim_500_final/rgb/000383.png,3347,plastic_object,small_parts;partial_occlusion,0.8045573268485995,0.743511182722089,0.9700509905815125,0.30406021838448044,3.2888222119722093,cuda,7
SAM2.1-Tiny,auto,train,data/cogar_sim_500_final/rgb/000383.png,3348,connector,small_parts;partial_occlusion,0.9477351916376306,1.0,0.9489259719848633,0.30406021838448044,3.2888222119722093,cuda,7
SAM2.1-Tiny,auto,train,data/cogar_sim_500_final/rgb/000383.png,3349,screw,small_parts;partial_occlusion,0.0,0.0,0.988879919052124,0.30406021838448044,3.2888222119722093,cuda,7
SAM2.1-Tiny,auto,train,data/cogar_sim_500_final/rgb/000383.png,3350,screw,small_parts;partial_occlusion,0.0,0.0,0.988879919052124,0.30406021838448044,3.2888222119722093,cuda,7
SAM2.1-Tiny,auto,train,data/cogar_sim_500_final/rgb/000383.png,3351,screw,small_parts;partial_occlusion,0.0,0.0,0.988879919052124,0.30406021838448044,3.2888222119722093,cuda,7
SAM2.1-Tiny,auto,train,data/cogar_sim_500_final/rgb/000383.png,3352,connector,small_parts;partial_occlusion,0.9622641509433962,0.9836065573770492,0.9458276629447937,0.30406021838448044,3.2888222119722093,cuda,7
SAM2.1-Tiny,auto,train,data/cogar_sim_500_final/rgb/000383.png,3353,robot_gripper,small_parts;partial_occlusion,0.5757416091469519,0.6258115088537375,0.945308268070221,0.30406021838448044,3.2888222119722093,cuda,7
SAM2.1-Tiny,auto,train,data/cogar_sim_500_final/rgb/000383.png,3354,robot_gripper,small_parts;partial_occlusion,0.20799164272656046,0.25644947709304816,0.945308268070221,0.30406021838448044,3.2888222119722093,cuda,7
SAM2.1-Tiny,auto,train,data/cogar_sim_500_final/rgb/000383.png,3355,robot_gripper,small_parts;partial_occlusion,0.20780317829048098,0.3218537332343556,0.945308268070221,0.30406021838448044,3.2888222119722093,cuda,7
SAM2.1-Tiny,auto,train,data/cogar_sim_500_final/rgb/000384.png,3358,plastic_object,dynamic_scene;partial_occlusion,0.9588014981273408,1.0,0.9080732464790344,0.7137835433325866,1.4009849475249825,cuda,8
SAM2.1-Tiny,auto,train,data/cogar_sim_500_final/rgb/000384.png,3359,plastic_object,dynamic_scene;partial_occlusion,0.9917216220008419,1.0,0.9882132411003113,0.7137835433325866,1.4009849475249825,cuda,8
SAM2.1-Tiny,auto,train,data/cogar_sim_500_final/rgb/000384.png,3360,plastic_object,dynamic_scene;partial_occlusion,0.9033662703064813,0.8560700876095118,0.972821056842804,0.7137835433325866,1.4009849475249825,cuda,8
SAM2.1-Tiny,auto,train,data/cogar_sim_500_final/rgb/000384.png,3361,robot_gripper,dynamic_scene;partial_occlusion,0.6958513992905005,0.6670766273771762,0.9040544033050537,0.7137835433325866,1.4009849475249825,cuda,8
SAM2.1-Tiny,auto,train,data/cogar_sim_500_final/rgb/000384.png,3362,robot_gripper,dynamic_scene;partial_occlusion,0.27419674732249105,0.3193745314340795,0.9040544033050537,0.7137835433325866,1.4009849475249825,cuda,8
SAM2.1-Tiny,auto,train,data/cogar_sim_500_final/rgb/000384.png,3363,robot_gripper,dynamic_scene;partial_occlusion,0.021327249280825314,0.18425690435736974,0.9040544033050537,0.7137835433325866,1.4009849475249825,cuda,8
SAM2.1-Tiny,auto,train,data/cogar_sim_500_final/rgb/000387.png,3370,plastic_object,partial_occlusion,0.9720846465556056,1.0,0.976733922958374,0.4741507661256037,2.1090338167567095,cuda,17
SAM2.1-Tiny,auto,train,data/cogar_sim_500_final/rgb/000387.png,3371,plastic_object,partial_occlusion,0.9490291262135923,1.0,0.9738019108772278,0.4741507661256037,2.1090338167567095,cuda,17
SAM2.1-Tiny,auto,train,data/cogar_sim_500_final/rgb/000387.png,3372,screw,partial_occlusion;small_parts,0.019656786271450857,0.18246550956831334,0.9735211730003357,0.4741507661256037,2.1090338167567095,cuda,17
SAM2.1-Tiny,auto,train,data/cogar_sim_500_final/rgb/000387.png,3373,metal_part,partial_occlusion;reflective_metal,0.957994787674383,0.937481826112242,0.9735211730003357,0.4741507661256037,2.1090338167567095,cuda,17
SAM2.1-Tiny,auto,train,data/cogar_sim_500_final/rgb/000387.png,3374,tool,partial_occlusion;reflective_metal,0.9798263534218591,1.0,0.9700648784637451,0.4741507661256037,2.1090338167567095,cuda,17
SAM2.1-Tiny,auto,train,data/cogar_sim_500_final/rgb/000387.png,3375,robot_gripper,partial_occlusion,0.6724923076923077,0.5579933572219378,0.924720048904419,0.4741507661256037,2.1090338167567095,cuda,17
SAM2.1-Tiny,auto,train,data/cogar_sim_500_final/rgb/000387.png,3376,robot_gripper,partial_occlusion,0.8286953379110951,0.8053949903660885,0.952356219291687,0.4741507661256037,2.1090338167567095,cuda,17
SAM2.1-Tiny,auto,train,data/cogar_sim_500_final/rgb/000387.png,3377,robot_gripper,partial_occlusion,0.8277721604314122,0.762532777038635,0.8406458497047424,0.4741507661256037,2.1090338167567095,cuda,17
SAM2.1-Tiny,auto,train,data/cogar_sim_500_final/rgb/000388.png,3379,plastic_object,small_parts,0.9837461300309598,1.0,0.9682743549346924,0.40168659600021783,2.489503035345142,cuda,10
SAM2.1-Tiny,auto,train,data/cogar_sim_500_final/rgb/000388.png,3380,cable,small_parts,0.5525441063666582,0.4877323420074349,0.8918099403381348,0.40168659600021783,2.489503035345142,cuda,10
SAM2.1-Tiny,auto,train,data/cogar_sim_500_final/rgb/000388.png,3381,connector,small_parts,0.0,0.05354436773867654,0.9943656921386719,0.40168659600021783,2.489503035345142,cuda,10
SAM2.1-Tiny,auto,train,data/cogar_sim_500_final/rgb/000388.png,3382,screw,small_parts,0.9006928406466512,1.0,0.8451152443885803,0.40168659600021783,2.489503035345142,cuda,10
SAM2.1-Tiny,auto,train,data/cogar_sim_500_final/rgb/000388.png,3383,plastic_object,small_parts,0.9902615470228158,1.0,0.9789090156555176,0.40168659600021783,2.489503035345142,cuda,10
SAM2.1-Tiny,auto,train,data/cogar_sim_500_final/rgb/000388.png,3384,screw,small_parts,0.9405940594059405,1.0,0.9574957489967346,0.40168659600021783,2.489503035345142,cuda,10
SAM2.1-Tiny,auto,train,data/cogar_sim_500_final/rgb/000388.png,3385,metal_part,small_parts;reflective_metal,0.0,0.05819444089946144,0.9943656921386719,0.40168659600021783,2.489503035345142,cuda,10
SAM2.1-Tiny,auto,train,data/cogar_sim_500_final/rgb/000388.png,3386,screw,small_parts,0.0,0.005023863350916855,0.9943656921386719,0.40168659600021783,2.489503035345142,cuda,10
SAM2.1-Tiny,auto,train,data/cogar_sim_500_final/rgb/000388.png,3387,plastic_object,small_parts,0.9838235294117647,1.0,0.9693649411201477,0.40168659600021783,2.489503035345142,cuda,10
SAM2.1-Tiny,auto,train,data/cogar_sim_500_final/rgb/000388.png,3388,screw,small_parts,0.0,0.023946974556339533,0.9943656921386719,0.40168659600021783,2.489503035345142,cuda,10
SAM2.1-Tiny,auto,train,data/cogar_sim_500_final/rgb/000388.png,3389,connector,small_parts,0.0,0.02870487496351075,0.9943656921386719,0.40168659600021783,2.489503035345142,cuda,10
SAM2.1-Tiny,auto,train,data/cogar_sim_500_final/rgb/000391.png,3396,glass_object,transparent_glass,0.0,0.021301775147928994,0.9902558922767639,0.36945593369964624,2.706682742881489,cuda,7
SAM2.1-Tiny,auto,train,data/cogar_sim_500_final/rgb/000391.png,3397,glass_object,transparent_glass,0.0,0.022885572139303485,0.9902558922767639,0.36945593369964624,2.706682742881489,cuda,7
SAM2.1-Tiny,auto,train,data/cogar_sim_500_final/rgb/000391.png,3398,cable,transparent_glass,0.0,0.0,0.9902558922767639,0.36945593369964624,2.706682742881489,cuda,7
SAM2.1-Tiny,auto,train,data/cogar_sim_500_final/rgb/000391.png,3399,glass_object,transparent_glass,0.0012494143370295175,0.17828364222401288,0.8118033409118652,0.36945593369964624,2.706682742881489,cuda,7
SAM2.1-Tiny,auto,train,data/cogar_sim_500_final/rgb/000391.png,3400,glass_object,transparent_glass,8.120077203195563e-05,0.0302526990153043,0.966620147228241,0.36945593369964624,2.706682742881489,cuda,7
SAM2.1-Tiny,auto,train,data/cogar_sim_500_final/rgb/000391.png,3401,connector,transparent_glass;small_parts,0.28051181102362205,0.417967332123412,0.917670726776123,0.36945593369964624,2.706682742881489,cuda,7
SAM2.1-Tiny,auto,train,data/cogar_sim_500_final/rgb/000391.png,3402,metal_part,transparent_glass;reflective_metal,0.0,0.0,0.9902558922767639,0.36945593369964624,2.706682742881489,cuda,7
SAM2.1-Tiny,auto,train,data/cogar_sim_500_final/rgb/000391.png,3403,glass_object,transparent_glass,0.0,0.014876978828914745,0.9902558922767639,0.36945593369964624,2.706682742881489,cuda,7
SAM2.1-Tiny,auto,train,data/cogar_sim_500_final/rgb/000391.png,3404,glass_object,transparent_glass,0.0006272201107881859,0.12857676342868765,0.966620147228241,0.36945593369964624,2.706682742881489,cuda,7
SAM2.1-Tiny,auto,train,data/cogar_sim_500_final/rgb/000391.png,3405,glass_object,transparent_glass,0.9001111419838844,0.7702395618449622,0.9456741213798523,0.36945593369964624,2.706682742881489,cuda,7
SAM2.1-Tiny,auto,train,data/cogar_sim_500_final/rgb/000392.png,3408,metal_part,partial_occlusion;reflective_metal,0.0,0.0,0.9917421340942383,0.4363926811113035,2.291514141468716,cuda,10
SAM2.1-Tiny,auto,train,data/cogar_sim_500_final/rgb/000392.png,3409,connector,partial_occlusion;small_parts,0.9425947187141217,1.0,0.9710540771484375,0.4363926811113035,2.291514141468716,cuda,10
SAM2.1-Tiny,auto,train,data/cogar_sim_500_final/rgb/000392.png,3410,connector,partial_occlusion;small_parts,0.9610350981558596,1.0,0.9843883514404297,0.4363926811113035,2.291514141468716,cuda,10
SAM2.1-Tiny,auto,train,data/cogar_sim_500_final/rgb/000392.png,3411,tool,partial_occlusion;reflective_metal,0.0,0.0,0.9917421340942383,0.4363926811113035,2.291514141468716,cuda,10
SAM2.1-Tiny,auto,train,data/cogar_sim_500_final/rgb/000392.png,3412,plastic_object,partial_occlusion,0.9782677165354331,1.0,0.9852896332740784,0.4363926811113035,2.291514141468716,cuda,10
SAM2.1-Tiny,auto,train,data/cogar_sim_500_final/rgb/000392.png,3413,metal_part,partial_occlusion;reflective_metal,0.9660755589822668,1.0,0.9757894277572632,0.4363926811113035,2.291514141468716,cuda,10
SAM2.1-Tiny,auto,train,data/cogar_sim_500_final/rgb/000392.png,3414,robot_gripper,partial_occlusion,0.5399794684612752,0.6521200825401052,0.8869034647941589,0.4363926811113035,2.291514141468716,cuda,10
SAM2.1-Tiny,auto,train,data/cogar_sim_500_final/rgb/000392.png,3415,robot_gripper,partial_occlusion,5.439719745638705e-06,0.02616894124051917,0.990222692489624,0.4363926811113035,2.291514141468716,cuda,10
SAM2.1-Tiny,auto,train,data/cogar_sim_500_final/rgb/000392.png,3416,robot_gripper,partial_occlusion,0.003987695112225134,0.3416037020575701,0.8869034647941589,0.4363926811113035,2.291514141468716,cuda,10
SAM2.1-Tiny,auto,train,data/cogar_sim_500_final/rgb/000393.png,3419,cable,small_parts;partial_occlusion,0.690957190957191,0.5761035750300902,0.9277204871177673,0.26280981493328,3.8050329294355762,cuda,20
SAM2.1-Tiny,auto,train,data/cogar_sim_500_final/rgb/000393.png,3420,screw,small_parts;partial_occlusion,0.00031746031746031746,0.006484149855907781,0.9308245778083801,0.26280981493328,3.8050329294355762,cuda,20
SAM2.1-Tiny,auto,train,data/cogar_sim_500_final/rgb/000393.png,3421,screw,small_parts;partial_occlusion,0.0,0.0,0.9940006136894226,0.26280981493328,3.8050329294355762,cuda,20
SAM2.1-Tiny,auto,train,data/cogar_sim_500_final/rgb/000393.png,3422,screw,small_parts;partial_occlusion,0.001325088339222615,0.16455696202531644,0.9492485523223877,0.26280981493328,3.8050329294355762,cuda,20
SAM2.1-Tiny,auto,train,data/cogar_sim_500_final/rgb/000393.png,3423,screw,small_parts;partial_occlusion,0.8877005347593583,1.0,0.870594322681427,0.26280981493328,3.8050329294355762,cuda,20
SAM2.1-Tiny,auto,train,data/cogar_sim_500_final/rgb/000393.png,3424,screw,small_parts;partial_occlusion,0.7748917748917749,0.9383886255924171,0.9175876975059509,0.26280981493328,3.8050329294355762,cuda,20
SAM2.1-Tiny,auto,train,data/cogar_sim_500_final/rgb/000393.png,3425,connector,small_parts;partial_occlusion,0.9675486769845232,0.9910313901345292,0.9492485523223877,0.26280981493328,3.8050329294355762,cuda,20
SAM2.1-Tiny,auto,train,data/cogar_sim_500_final/rgb/000393.png,3426,connector,small_parts;partial_occlusion,0.9840121811952798,0.9980353634577603,0.9788868427276611,0.26280981493328,3.8050329294355762,cuda,20
SAM2.1-Tiny,auto,train,data/cogar_sim_500_final/rgb/000393.png,3427,connector,small_parts;partial_occlusion,0.965331059960216,1.0,0.9852367043495178,0.26280981493328,3.8050329294355762,cuda,20
SAM2.1-Tiny,auto,train,data/cogar_sim_500_final/rgb/000393.png,3428,metal_part,small_parts;reflective_metal;partial_occlusion,0.9832980737111681,1.0,0.9853376746177673,0.26280981493328,3.8050329294355762,cuda,20
SAM2.1-Tiny,auto,train,data/cogar_sim_500_final/rgb/000393.png,3429,connector,small_parts;partial_occlusion,0.9603642206748795,1.0,0.9755980968475342,0.26280981493328,3.8050329294355762,cuda,20
SAM2.1-Tiny,auto,train,data/cogar_sim_500_final/rgb/000393.png,3430,screw,small_parts;partial_occlusion,0.9578947368421052,1.0,0.8525884747505188,0.26280981493328,3.8050329294355762,cuda,20
SAM2.1-Tiny,auto,train,data/cogar_sim_500_final/rgb/000393.png,3431,robot_gripper,small_parts;partial_occlusion,0.6609855502037791,0.5486291790113245,0.9500000476837158,0.26280981493328,3.8050329294355762,cuda,20
SAM2.1-Tiny,auto,train,data/cogar_sim_500_final/rgb/000393.png,3432,robot_gripper,small_parts;partial_occlusion,0.25623157330474405,0.5434929197572488,0.8983418345451355,0.26280981493328,3.8050329294355762,cuda,20
SAM2.1-Tiny,auto,train,data/cogar_sim_500_final/rgb/000393.png,3433,robot_gripper,small_parts;partial_occlusion,0.6108850457782299,0.7073252883308749,0.8690627217292786,0.26280981493328,3.8050329294355762,cuda,20
SAM2.1-Tiny,auto,train,data/cogar_sim_500_final/rgb/000396.png,3439,glass_object,transparent_glass,0.9784611772991373,0.9197749050120344,0.9816277623176575,0.4013215924448256,2.4917672480766946,cuda,20
SAM2.1-Tiny,auto,train,data/cogar_sim_500_final/rgb/000396.png,3440,glass_object,transparent_glass,0.022187944945420028,0.16175407597783312,0.9190799593925476,0.4013215924448256,2.4917672480766946,cuda,20
SAM2.1-Tiny,auto,train,data/cogar_sim_500_final/rgb/000396.png,3441,glass_object,transparent_glass,0.16180688336520077,0.0,0.8988142013549805,0.4013215924448256,2.4917672480766946,cuda,20
SAM2.1-Tiny,auto,train,data/cogar_sim_500_final/rgb/000396.png,3442,glass_object,transparent_glass,0.8142405539665813,0.4891891891891892,0.9289201498031616,0.4013215924448256,2.4917672480766946,cuda,20
SAM2.1-Tiny,auto,train,data/cogar_sim_500_final/rgb/000396.png,3443,plastic_object,transparent_glass,0.8770500257864878,0.7623328995622856,0.9207433462142944,0.4013215924448256,2.4917672480766946,cuda,20
SAM2.1-Tiny,auto,train,data/cogar_sim_500_final/rgb/000396.png,3444,box,transparent_glass,0.9409987410826689,0.7838368935496385,0.9639597535133362,0.4013215924448256,2.4917672480766946,cuda,20
SAM2.1-Tiny,auto,train,data/cogar_sim_500_final/rgb/000396.png,3445,box,transparent_glass,0.98689293598234,1.0,0.9844695329666138,0.4013215924448256,2.4917672480766946,cuda,20
SAM2.1-Tiny,auto,train,data/cogar_sim_500_final/rgb/000396.png,3446,glass_object,transparent_glass,0.9895420122610891,1.0,0.9670794010162354,0.4013215924448256,2.4917672480766946,cuda,20
SAM2.1-Tiny,auto,train,data/cogar_sim_500_final/rgb/000396.png,3447,connector,transparent_glass;small_parts,0.04497946995147443,0.30968356691944254,0.9532084465026855,0.4013215924448256,2.4917672480766946,cuda,20
SAM2.1-Tiny,auto,train,data/cogar_sim_500_final/rgb/000398.png,3452,box,small_parts,0.9742280285035629,0.9430050010596805,0.9895209074020386,0.3462823249168044,2.887817044200144,cuda,16
SAM2.1-Tiny,auto,train,data/cogar_sim_500_final/rgb/000398.png,3453,connector,small_parts,0.9726381001548787,1.0,0.975915789604187,0.3462823249168044,2.887817044200144,cuda,16
SAM2.1-Tiny,auto,train,data/cogar_sim_500_final/rgb/000398.png,3454,connector,small_parts,0.9274028629856851,1.0,0.9677725434303284,0.3462823249168044,2.887817044200144,cuda,16
SAM2.1-Tiny,auto,train,data/cogar_sim_500_final/rgb/000398.png,3455,metal_part,small_parts;reflective_metal,0.9922063961300726,1.0,0.9653196930885315,0.3462823249168044,2.887817044200144,cuda,16
SAM2.1-Tiny,auto,train,data/cogar_sim_500_final/rgb/000398.png,3456,connector,small_parts,0.9915458937198067,1.0,0.9742193222045898,0.3462823249168044,2.887817044200144,cuda,16
SAM2.1-Tiny,auto,train,data/cogar_sim_500_final/rgb/000398.png,3457,connector,small_parts,0.9620148637489678,1.0,0.9671524167060852,0.3462823249168044,2.887817044200144,cuda,16
SAM2.1-Tiny,auto,train,data/cogar_sim_500_final/rgb/000398.png,3458,screw,small_parts,0.9646643109540636,1.0,0.9517974853515625,0.3462823249168044,2.887817044200144,cuda,16
SAM2.1-Tiny,auto,train,data/cogar_sim_500_final/rgb/000398.png,3459,screw,small_parts,0.0,0.0,0.9933794736862183,0.3462823249168044,2.887817044200144,cuda,16
SAM2.1-Tiny,auto,train,data/cogar_sim_500_final/rgb/000398.png,3460,screw,small_parts,0.001807346619773349,0.041568284506631685,0.8839643597602844,0.3462823249168044,2.887817044200144,cuda,16
SAM2.1-Tiny,auto,train,data/cogar_sim_500_final/rgb/000398.png,3461,screw,small_parts,0.0017736786094359701,0.02883229216722729,0.9631710052490234,0.3462823249168044,2.887817044200144,cuda,16
SAM2.1-Tiny,auto,train,data/cogar_sim_500_final/rgb/000398.png,3462,screw,small_parts,0.13107080163838503,0.38650306748466257,0.8931469917297363,0.3462823249168044,2.887817044200144,cuda,16
SAM2.1-Tiny,auto,train,data/cogar_sim_500_final/rgb/000398.png,3463,connector,small_parts,0.9471571906354515,1.0,0.9731437563896179,0.3462823249168044,2.887817044200144,cuda,16
SAM2.1-Tiny,auto,train,data/cogar_sim_500_final/rgb/000399.png,3465,plastic_object,dynamic_scene;partial_occlusion,0.9669438247819915,0.966199036290251,0.9751313328742981,0.7228797444998539,1.383355955964543,cuda,7
SAM2.1-Tiny,auto,train,data/cogar_sim_500_final/rgb/000399.png,3466,metal_part,dynamic_scene;reflective_metal;partial_occlusion,0.9220532319391636,1.0,0.9004632830619812,0.7228797444998539,1.383355955964543,cuda,7
SAM2.1-Tiny,auto,train,data/cogar_sim_500_final/rgb/000399.png,3467,connector,dynamic_scene;partial_occlusion;small_parts,8.15278315635e-06,0.026064696299744002,0.9900012016296387,0.7228797444998539,1.383355955964543,cuda,7
SAM2.1-Tiny,auto,train,data/cogar_sim_500_final/rgb/000399.png,3468,robot_gripper,dynamic_scene;partial_occlusion,0.7148053236339589,0.5357563828204571,0.944356381893158,0.7228797444998539,1.383355955964543,cuda,7
SAM2.1-Tiny,auto,train,data/cogar_sim_500_final/rgb/000399.png,3469,robot_gripper,dynamic_scene;partial_occlusion,0.17946598330164504,0.39538309561359425,0.944356381893158,0.7228797444998539,1.383355955964543,cuda,7
SAM2.1-Tiny,auto,train,data/cogar_sim_500_final/rgb/000399.png,3470,robot_gripper,dynamic_scene;partial_occlusion,0.09606481481481481,0.37355273501598946,0.944356381893158,0.7228797444998539,1.383355955964543,cuda,7
SAM2.1-Tiny,auto,train,data/cogar_sim_500_final/rgb/000400.png,3472,tool,reflective_metal,0.7212475633528265,0.7770781685351352,0.9405243396759033,0.530821909000224,1.8838709990012452,cuda,13
SAM2.1-Tiny,auto,train,data/cogar_sim_500_final/rgb/000400.png,3473,tool,reflective_metal,0.9630606860158312,0.9324164448388051,0.9865559339523315,0.530821909000224,1.8838709990012452,cuda,13
SAM2.1-Tiny,auto,train,data/cogar_sim_500_final/rgb/000400.png,3474,connector,reflective_metal;small_parts,0.8669698692438885,0.9131313131313131,0.9638935923576355,0.530821909000224,1.8838709990012452,cuda,13
SAM2.1-Tiny,auto,train,data/cogar_sim_500_final/rgb/000400.png,3475,metal_part,reflective_metal,0.802425578831312,0.5603007843419444,0.9455918073654175,0.530821909000224,1.8838709990012452,cuda,13
SAM2.1-Tiny,auto,train,data/cogar_sim_500_final/rgb/000400.png,3476,metal_part,reflective_metal,0.9006886553098948,0.8830331646356979,0.9124010801315308,0.530821909000224,1.8838709990012452,cuda,13
SAM2.1-Tiny,auto,train,data/cogar_sim_500_final/rgb/000400.png,3477,box,reflective_metal,0.9684858902735998,1.0,0.9721274375915527,0.530821909000224,1.8838709990012452,cuda,13
SAM2.1-Tiny,auto,train,data/cogar_sim_500_final/rgb/000400.png,3478,tool,reflective_metal,0.9609101516919487,1.0,0.9657996296882629,0.530821909000224,1.8838709990012452,cuda,13
SAM2.1-Tiny,auto,train,data/cogar_sim_500_final/rgb/000400.png,3479,tool,reflective_metal,0.6221345822035987,0.7652173913043477,0.9522363543510437,0.530821909000224,1.8838709990012452,cuda,13
SAM2.1-Tiny,auto,train,data/cogar_sim_500_final/rgb/000402.png,3484,cable,partial_occlusion,0.8987854251012146,0.9825033647375505,0.9308200478553772,0.3179982851670502,3.144671045866433,cuda,15
SAM2.1-Tiny,auto,train,data/cogar_sim_500_final/rgb/000402.png,3485,cable,partial_occlusion,0.9183925049309665,1.0,0.8102534413337708,0.3179982851670502,3.144671045866433,cuda,15
SAM2.1-Tiny,auto,train,data/cogar_sim_500_final/rgb/000402.png,3486,metal_part,partial_occlusion;reflective_metal,0.9866666666666667,1.0,0.9757945537567139,0.3179982851670502,3.144671045866433,cuda,15
SAM2.1-Tiny,auto,train,data/cogar_sim_500_final/rgb/000402.png,3487,cable,partial_occlusion,0.5929796355841372,0.5009806668534603,0.886164128780365,0.3179982851670502,3.144671045866433,cuda,15
SAM2.1-Tiny,auto,train,data/cogar_sim_500_final/rgb/000402.png,3488,plastic_object,partial_occlusion,0.9721030042918455,1.0,0.9788433313369751,0.3179982851670502,3.144671045866433,cuda,15
SAM2.1-Tiny,auto,train,data/cogar_sim_500_final/rgb/000402.png,3489,cable,partial_occlusion,0.0,0.059871579343660525,0.9883430600166321,0.3179982851670502,3.144671045866433,cuda,15
SAM2.1-Tiny,auto,train,data/cogar_sim_500_final/rgb/000402.png,3490,connector,partial_occlusion;small_parts,0.0017344686218858404,0.0690624897812367,0.9437724351882935,0.3179982851670502,3.144671045866433,cuda,15
SAM2.1-Tiny,auto,train,data/cogar_sim_500_final/rgb/000402.png,3491,connector,partial_occlusion;small_parts,0.9516565246788371,1.0,0.973330020904541,0.3179982851670502,3.144671045866433,cuda,15
SAM2.1-Tiny,auto,train,data/cogar_sim_500_final/rgb/000402.png,3492,box,partial_occlusion,0.9673161033797216,0.9948735616073189,0.9231355786323547,0.3179982851670502,3.144671045866433,cuda,15
SAM2.1-Tiny,auto,train,data/cogar_sim_500_final/rgb/000402.png,3493,robot_gripper,partial_occlusion,0.9575945626477541,0.8969103425050875,0.9510096311569214,0.3179982851670502,3.144671045866433,cuda,15
SAM2.1-Tiny,auto,train,data/cogar_sim_500_final/rgb/000402.png,3494,robot_gripper,partial_occlusion,0.0028021015761821367,0.07907425265188042,0.9744033217430115,0.3179982851670502,3.144671045866433,cuda,15
SAM2.1-Tiny,auto,train,data/cogar_sim_500_final/rgb/000402.png,3495,robot_gripper,partial_occlusion,0.9313063063063063,1.0,0.9459089636802673,0.3179982851670502,3.144671045866433,cuda,15
SAM2.1-Tiny,auto,train,data/cogar_sim_500_final/rgb/000403.png,3497,connector,small_parts;partial_occlusion,0.013480392156862746,0.18571428571428572,0.891941487789154,0.39571073459956096,2.527098490294808,cuda,13
SAM2.1-Tiny,auto,train,data/cogar_sim_500_final/rgb/000403.png,3498,connector,small_parts;partial_occlusion,0.9779029462738301,1.0,0.9596734046936035,0.39571073459956096,2.527098490294808,cuda,13
SAM2.1-Tiny,auto,train,data/cogar_sim_500_final/rgb/000403.png,3499,screw,small_parts;partial_occlusion,0.0,0.0,0.9873433113098145,0.39571073459956096,2.527098490294808,cuda,13
SAM2.1-Tiny,auto,train,data/cogar_sim_500_final/rgb/000403.png,3500,connector,small_parts;partial_occlusion,0.9831460674157303,1.0,0.9814730286598206,0.39571073459956096,2.527098490294808,cuda,13
SAM2.1-Tiny,auto,train,data/cogar_sim_500_final/rgb/000403.png,3501,plastic_object,small_parts;partial_occlusion,0.9855227882037534,1.0,0.9653137922286987,0.39571073459956096,2.527098490294808,cuda,13
SAM2.1-Tiny,auto,train,data/cogar_sim_500_final/rgb/000403.png,3502,connector,small_parts;partial_occlusion,0.0,0.0,0.9873433113098145,0.39571073459956096,2.527098490294808,cuda,13
SAM2.1-Tiny,auto,train,data/cogar_sim_500_final/rgb/000403.png,3503,screw,small_parts;partial_occlusion,0.9594594594594594,1.0,0.8738661408424377,0.39571073459956096,2.527098490294808,cuda,13
SAM2.1-Tiny,auto,train,data/cogar_sim_500_final/rgb/000403.png,3504,robot_gripper,small_parts;partial_occlusion,0.7524717234833505,0.6850449935723468,0.9760067462921143,0.39571073459956096,2.527098490294808,cuda,13
SAM2.1-Tiny,auto,train,data/cogar_sim_500_final/rgb/000403.png,3505,robot_gripper,small_parts;partial_occlusion,0.09335134920319517,0.2663158437806325,0.9760067462921143,0.39571073459956096,2.527098490294808,cuda,13
SAM2.1-Tiny,auto,train,data/cogar_sim_500_final/rgb/000403.png,3506,robot_gripper,small_parts;partial_occlusion,0.5847665847665847,0.6421354041736628,0.8303298950195312,0.39571073459956096,2.527098490294808,cuda,13
SAM2.1-Tiny,auto,train,data/cogar_sim_500_final/rgb/000404.png,3508,cable,dynamic_scene,0.9339024390243903,1.0,0.9754108190536499,0.5286693011248644,1.8915416459254815,cuda,13
SAM2.1-Tiny,auto,train,data/cogar_sim_500_final/rgb/000404.png,3509,plastic_object,dynamic_scene,0.9843779058954808,0.9954887218045112,0.923474133014679,0.5286693011248644,1.8915416459254815,cuda,13
SAM2.1-Tiny,auto,train,data/cogar_sim_500_final/rgb/000404.png,3510,plastic_object,dynamic_scene,0.9879554351099067,1.0,0.977064847946167,0.5286693011248644,1.8915416459254815,cuda,13
SAM2.1-Tiny,auto,train,data/cogar_sim_500_final/rgb/000404.png,3511,screw,dynamic_scene;small_parts,0.0,0.04055717596956826,0.9925194978713989,0.5286693011248644,1.8915416459254815,cuda,13
SAM2.1-Tiny,auto,train,data/cogar_sim_500_final/rgb/000404.png,3512,plastic_object,dynamic_scene,0.9952934396311593,1.0,0.9726724028587341,0.5286693011248644,1.8915416459254815,cuda,13
SAM2.1-Tiny,auto,train,data/cogar_sim_500_final/rgb/000404.png,3513,metal_part,dynamic_scene;reflective_metal,0.9784100836141271,0.9636215651061928,0.9788990616798401,0.5286693011248644,1.8915416459254815,cuda,13
SAM2.1-Tiny,auto,train,data/cogar_sim_500_final/rgb/000404.png,3514,tool,dynamic_scene;reflective_metal,0.8632313056954669,0.8995532620400678,0.9661878347396851,0.5286693011248644,1.8915416459254815,cuda,13
SAM2.1-Tiny,auto,train,data/cogar_sim_500_final/rgb/000404.png,3515,plastic_object,dynamic_scene,0.9906159769008662,1.0,0.983031153678894,0.5286693011248644,1.8915416459254815,cuda,13
SAM2.1-Tiny,auto,train,data/cogar_sim_500_final/rgb/000405.png,3518,box,reflective_metal,0.43929712460063897,0.605781551819764,0.8020867109298706,0.6362951613336918,1.5715976810258514,cuda,9
SAM2.1-Tiny,auto,train,data/cogar_sim_500_final/rgb/000405.png,3519,box,reflective_metal,0.3983631349524064,0.31295973033166796,0.8020867109298706,0.6362951613336918,1.5715976810258514,cuda,9
SAM2.1-Tiny,auto,train,data/cogar_sim_500_final/rgb/000405.png,3520,metal_part,reflective_metal,0.9901369863013698,1.0,0.9800966382026672,0.6362951613336918,1.5715976810258514,cuda,9
SAM2.1-Tiny,auto,train,data/cogar_sim_500_final/rgb/000405.png,3521,tool,reflective_metal,0.9821057676945198,0.999043062200957,0.9811752438545227,0.6362951613336918,1.5715976810258514,cuda,9
SAM2.1-Tiny,auto,train,data/cogar_sim_500_final/rgb/000405.png,3522,box,reflective_metal,0.9940507970406529,1.0,0.9825887680053711,0.6362951613336918,1.5715976810258514,cuda,9
SAM2.1-Tiny,auto,train,data/cogar_sim_500_final/rgb/000405.png,3523,plastic_object,reflective_metal,0.9904135853190906,1.0,0.975382924079895,0.6362951613336918,1.5715976810258514,cuda,9
SAM2.1-Tiny,auto,train,data/cogar_sim_500_final/rgb/000406.png,3526,glass_object,transparent_glass;partial_occlusion,0.7884036144578314,0.5945156021662512,0.9701433181762695,0.5634018048565069,1.7749321911645108,cuda,19
SAM2.1-Tiny,auto,train,data/cogar_sim_500_final/rgb/000406.png,3527,glass_object,transparent_glass;partial_occlusion,0.9791756581786794,0.9937929543980981,0.9129541516304016,0.5634018048565069,1.7749321911645108,cuda,19
SAM2.1-Tiny,auto,train,data/cogar_sim_500_final/rgb/000406.png,3528,connector,transparent_glass;partial_occlusion;small_parts,0.6095297029702971,0.5849769096088969,0.9278786778450012,0.5634018048565069,1.7749321911645108,cuda,19
SAM2.1-Tiny,auto,train,data/cogar_sim_500_final/rgb/000406.png,3529,glass_object,transparent_glass;partial_occlusion,0.9369461486025903,0.9983525535420099,0.956901490688324,0.5634018048565069,1.7749321911645108,cuda,19
SAM2.1-Tiny,auto,train,data/cogar_sim_500_final/rgb/000406.png,3530,glass_object,transparent_glass;partial_occlusion,0.688337801608579,0.466197197308286,0.8037271499633789,0.5634018048565069,1.7749321911645108,cuda,19
SAM2.1-Tiny,auto,train,data/cogar_sim_500_final/rgb/000406.png,3531,robot_gripper,transparent_glass;partial_occlusion,0.9693342008241163,0.981648169941824,0.9710646271705627,0.5634018048565069,1.7749321911645108,cuda,19
SAM2.1-Tiny,auto,train,data/cogar_sim_500_final/rgb/000406.png,3532,robot_gripper,transparent_glass;partial_occlusion,0.9612664196699225,0.9737146736001261,0.9562020897865295,0.5634018048565069,1.7749321911645108,cuda,19
SAM2.1-Tiny,auto,train,data/cogar_sim_500_final/rgb/000407.png,3535,metal_part,partial_occlusion;reflective_metal,0.004123550921963744,0.2737819025522042,0.9440297484397888,0.4039736677772857,2.4754088688555536,cuda,10
SAM2.1-Tiny,auto,train,data/cogar_sim_500_final/rgb/000407.png,3536,metal_part,partial_occlusion;reflective_metal,0.18594009983361065,0.44122573986023444,0.8593940734863281,0.4039736677772857,2.4754088688555536,cuda,10
SAM2.1-Tiny,auto,train,data/cogar_sim_500_final/rgb/000407.png,3537,glass_object,partial_occlusion;transparent_glass,0.4211686879823594,0.4340044742729307,0.8269163370132446,0.4039736677772857,2.4754088688555536,cuda,10
SAM2.1-Tiny,auto,train,data/cogar_sim_500_final/rgb/000407.png,3538,metal_part,partial_occlusion;reflective_metal,0.07542677267040639,0.2830762894839641,0.9364143013954163,0.4039736677772857,2.4754088688555536,cuda,10
SAM2.1-Tiny,auto,train,data/cogar_sim_500_final/rgb/000407.png,3539,box,partial_occlusion,0.9762861342479177,0.9896907216494846,0.9440297484397888,0.4039736677772857,2.4754088688555536,cuda,10
SAM2.1-Tiny,auto,train,data/cogar_sim_500_final/rgb/000407.png,3540,metal_part,partial_occlusion;reflective_metal,0.8240069585387069,0.711111111111111,0.9379881620407104,0.4039736677772857,2.4754088688555536,cuda,10
SAM2.1-Tiny,auto,train,data/cogar_sim_500_final/rgb/000407.png,3541,robot_gripper,partial_occlusion,0.968933082504703,0.9343943403856687,0.8407807946205139,0.4039736677772857,2.4754088688555536,cuda,10
SAM2.1-Tiny,auto,train,data/cogar_sim_500_final/rgb/000407.png,3542,robot_gripper,partial_occlusion,0.570446735395189,0.6894736842105263,0.8894193768501282,0.4039736677772857,2.4754088688555536,cuda,10
SAM2.1-Tiny,auto,train,data/cogar_sim_500_final/rgb/000407.png,3543,robot_gripper,partial_occlusion,0.094918665101459,0.18892754593883918,0.9364143013954163,0.4039736677772857,2.4754088688555536,cuda,10
SAM2.1-Tiny,auto,train,data/cogar_sim_500_final/rgb/000408.png,3546,metal_part,small_parts;reflective_metal,0.04016323024054983,0.46890531631685384,0.9333635568618774,0.31969604700013105,3.1279711131354406,cuda,18
SAM2.1-Tiny,auto,train,data/cogar_sim_500_final/rgb/000408.png,3547,connector,small_parts,0.00028370403994552884,0.09111233515860415,0.9724627733230591,0.31969604700013105,3.1279711131354406,cuda,18
SAM2.1-Tiny,auto,train,data/cogar_sim_500_final/rgb/000408.png,3548,cable,small_parts,0.782618991238456,0.7434039042136253,0.8216311931610107,0.31969604700013105,3.1279711131354406,cuda,18
SAM2.1-Tiny,auto,train,data/cogar_sim_500_final/rgb/000408.png,3549,connector,small_parts,0.9573367808661927,0.9957627118644067,0.9614139795303345,0.31969604700013105,3.1279711131354406,cuda,18
SAM2.1-Tiny,auto,train,data/cogar_sim_500_final/rgb/000408.png,3550,box,small_parts,0.9502242482170429,0.8615384615384615,0.9333635568618774,0.31969604700013105,3.1279711131354406,cuda,18
SAM2.1-Tiny,auto,train,data/cogar_sim_500_final/rgb/000408.png,3551,box,small_parts,0.9662867541423236,0.8765382656898117,0.8754652142524719,0.31969604700013105,3.1279711131354406,cuda,18
SAM2.1-Tiny,auto,train,data/cogar_sim_500_final/rgb/000408.png,3552,connector,small_parts,0.9690493736182756,1.0,0.9596975445747375,0.31969604700013105,3.1279711131354406,cuda,18
SAM2.1-Tiny,auto,train,data/cogar_sim_500_final/rgb/000408.png,3553,cable,small_parts,0.0,0.10638720281199654,0.9814791679382324,0.31969604700013105,3.1279711131354406,cuda,18
SAM2.1-Tiny,auto,train,data/cogar_sim_500_final/rgb/000408.png,3554,box,small_parts,0.9828221625335749,0.9861417178077354,0.9724627733230591,0.31969604700013105,3.1279711131354406,cuda,18
SAM2.1-Tiny,auto,train,data/cogar_sim_500_final/rgb/000408.png,3555,screw,small_parts,0.6788432267884322,0.5969191270860077,0.9554720520973206,0.31969604700013105,3.1279711131354406,cuda,18
SAM2.1-Tiny,auto,train,data/cogar_sim_500_final/rgb/000408.png,3556,cable,small_parts,0.0013338075760270319,0.11371046625366808,0.8216311931610107,0.31969604700013105,3.1279711131354406,cuda,18
SAM2.1-Tiny,auto,train,data/cogar_sim_500_final/rgb/000408.png,3557,cable,small_parts,0.19002242152466367,0.29588431590656283,0.8851220607757568,0.31969604700013105,3.1279711131354406,cuda,18
SAM2.1-Tiny,auto,train,data/cogar_sim_500_final/rgb/000410.png,3562,tool,reflective_metal;partial_occlusion,0.0021548821548821547,0.10209494631434123,0.8732709884643555,0.5112836561247605,1.9558614636333804,cuda,8
SAM2.1-Tiny,auto,train,data/cogar_sim_500_final/rgb/000410.png,3563,metal_part,reflective_metal;partial_occlusion,0.9809420092567384,1.0,0.9691378474235535,0.5112836561247605,1.9558614636333804,cuda,8
SAM2.1-Tiny,auto,train,data/cogar_sim_500_final/rgb/000410.png,3564,tool,reflective_metal;partial_occlusion,0.9368452559114038,0.9957537154989385,0.8732709884643555,0.5112836561247605,1.9558614636333804,cuda,8
SAM2.1-Tiny,auto,train,data/cogar_sim_500_final/rgb/000410.png,3565,metal_part,reflective_metal;partial_occlusion,0.9620493358633776,1.0,0.9678556323051453,0.5112836561247605,1.9558614636333804,cuda,8
SAM2.1-Tiny,auto,train,data/cogar_sim_500_final/rgb/000410.png,3566,metal_part,reflective_metal;partial_occlusion,0.9855185909980431,0.9984962406015038,0.9613282680511475,0.5112836561247605,1.9558614636333804,cuda,8
SAM2.1-Tiny,auto,train,data/cogar_sim_500_final/rgb/000410.png,3567,robot_gripper,reflective_metal;partial_occlusion,0.0007277137659187386,0.06842334577279358,0.9678556323051453,0.5112836561247605,1.9558614636333804,cuda,8
SAM2.1-Tiny,auto,train,data/cogar_sim_500_final/rgb/000410.png,3568,robot_gripper,reflective_metal;partial_occlusion,0.0,0.0,0.9903139472007751,0.5112836561247605,1.9558614636333804,cuda,8
SAM2.1-Tiny,auto,train,data/cogar_sim_500_final/rgb/000410.png,3569,robot_gripper,reflective_metal;partial_occlusion,0.0,0.0,0.9903139472007751,0.5112836561247605,1.9558614636333804,cuda,8
SAM2.1-Tiny,auto,train,data/cogar_sim_500_final/rgb/000411.png,3571,connector,transparent_glass;small_parts,0.9569425901201603,0.9113906741419391,0.9803922772407532,0.5004857202502535,1.998059004560567,cuda,14
SAM2.1-Tiny,auto,train,data/cogar_sim_500_final/rgb/000411.png,3572,cable,transparent_glass,0.807746589305316,0.7615666532374233,0.9821896553039551,0.5004857202502535,1.998059004560567,cuda,14
SAM2.1-Tiny,auto,train,data/cogar_sim_500_final/rgb/000411.png,3573,box,transparent_glass,0.8588654425870101,0.8135922330097087,0.9789206385612488,0.5004857202502535,1.998059004560567,cuda,14
SAM2.1-Tiny,auto,train,data/cogar_sim_500_final/rgb/000411.png,3574,glass_object,transparent_glass,0.9756448867356292,0.9598968524838832,0.9789451956748962,0.5004857202502535,1.998059004560567,cuda,14
SAM2.1-Tiny,auto,train,data/cogar_sim_500_final/rgb/000411.png,3575,box,transparent_glass,0.9859827020578587,0.9975267930750207,0.9828562140464783,0.5004857202502535,1.998059004560567,cuda,14
SAM2.1-Tiny,auto,train,data/cogar_sim_500_final/rgb/000411.png,3576,cable,transparent_glass,0.8599595551061678,0.9153515064562411,0.8205274939537048,0.5004857202502535,1.998059004560567,cuda,14
SAM2.1-Tiny,auto,train,data/cogar_sim_500_final/rgb/000411.png,3577,glass_object,transparent_glass,0.9883800410116199,0.9965397923875432,0.960581362247467,0.5004857202502535,1.998059004560567,cuda,14
SAM2.1-Tiny,auto,train,data/cogar_sim_500_final/rgb/000411.png,3578,glass_object,transparent_glass,0.8589121773774467,0.7934926110472296,0.969242513179779,0.5004857202502535,1.998059004560567,cuda,14
SAM2.1-Tiny,auto,train,data/cogar_sim_500_final/rgb/000412.png,3580,cable,partial_occlusion,0.0,0.032763962640085624,0.9833198189735413,0.43440335511048844,2.3020080030129018,cuda,10
SAM2.1-Tiny,auto,train,data/cogar_sim_500_final/rgb/000412.png,3581,connector,partial_occlusion;small_parts,0.9403166869671132,0.9946524064171123,0.9599423408508301,0.43440335511048844,2.3020080030129018,cuda,10
SAM2.1-Tiny,auto,train,data/cogar_sim_500_final/rgb/000412.png,3582,box,partial_occlusion,0.9767610748002905,1.0,0.9623805284500122,0.43440335511048844,2.3020080030129018,cuda,10
SAM2.1-Tiny,auto,train,data/cogar_sim_500_final/rgb/000412.png,3583,glass_object,partial_occlusion;transparent_glass,0.06996007136182142,0.006968641114982578,0.9626247882843018,0.43440335511048844,2.3020080030129018,cuda,10
SAM2.1-Tiny,auto,train,data/cogar_sim_500_final/rgb/000412.png,3584,glass_object,partial_occlusion;transparent_glass,0.9604812030075188,0.8607784431137725,0.9407756924629211,0.43440335511048844,2.3020080030129018,cuda,10
SAM2.1-Tiny,auto,train,data/cogar_sim_500_final/rgb/000412.png,3585,cable,partial_occlusion,0.0004510599909788002,0.04049493813273341,0.8849150538444519,0.43440335511048844,2.3020080030129018,cuda,10
SAM2.1-Tiny,auto,train,data/cogar_sim_500_final/rgb/000412.png,3586,robot_gripper,partial_occlusion,0.0007236217267423455,0.201966332159505,0.9592727422714233,0.43440335511048844,2.3020080030129018,cuda,10
SAM2.1-Tiny,auto,train,data/cogar_sim_500_final/rgb/000412.png,3587,robot_gripper,partial_occlusion,0.0,0.03245120192000817,0.9833198189735413,0.43440335511048844,2.3020080030129018,cuda,10
SAM2.1-Tiny,auto,train,data/cogar_sim_500_final/rgb/000412.png,3588,robot_gripper,partial_occlusion,0.6151691014608766,0.7423822714681441,0.9358711242675781,0.43440335511048844,2.3020080030129018,cuda,10
SAM2.1-Tiny,auto,train,data/cogar_sim_500_final/rgb/000413.png,3590,plastic_object,small_parts,0.9573105656350054,1.0,0.9674865007400513,0.3265255407688808,3.062547565636875,cuda,12
SAM2.1-Tiny,auto,train,data/cogar_sim_500_final/rgb/000413.png,3591,screw,small_parts,1.5247737616931088e-05,0.03391134416256223,0.989837646484375,0.3265255407688808,3.062547565636875,cuda,12
SAM2.1-Tiny,auto,train,data/cogar_sim_500_final/rgb/000413.png,3592,screw,small_parts,0.0,0.05873289485088065,0.989837646484375,0.3265255407688808,3.062547565636875,cuda,12
SAM2.1-Tiny,auto,train,data/cogar_sim_500_final/rgb/000413.png,3593,cable,small_parts,0.7562097516099356,0.6002378305715689,0.9298697710037231,0.3265255407688808,3.062547565636875,cuda,12
SAM2.1-Tiny,auto,train,data/cogar_sim_500_final/rgb/000413.png,3594,connector,small_parts,0.83446519524618,0.7065073041168659,0.9285932779312134,0.3265255407688808,3.062547565636875,cuda,12
SAM2.1-Tiny,auto,train,data/cogar_sim_500_final/rgb/000413.png,3595,connector,small_parts,0.9807692307692307,1.0,0.9426498413085938,0.3265255407688808,3.062547565636875,cuda,12
SAM2.1-Tiny,auto,train,data/cogar_sim_500_final/rgb/000413.png,3596,connector,small_parts,0.9682395644283122,1.0,0.8938502669334412,0.3265255407688808,3.062547565636875,cuda,12
SAM2.1-Tiny,auto,train,data/cogar_sim_500_final/rgb/000413.png,3597,connector,small_parts,0.8117461982170949,0.7948717948717949,0.9199966788291931,0.3265255407688808,3.062547565636875,cuda,12
SAM2.1-Tiny,auto,train,data/cogar_sim_500_final/rgb/000413.png,3598,plastic_object,small_parts,0.9622950819672131,0.9468090414649967,0.9611162543296814,0.3265255407688808,3.062547565636875,cuda,12
SAM2.1-Tiny,auto,train,data/cogar_sim_500_final/rgb/000413.png,3599,screw,small_parts,0.0030596634370219276,0.2475502836513667,0.9426498413085938,0.3265255407688808,3.062547565636875,cuda,12
SAM2.1-Tiny,auto,train,data/cogar_sim_500_final/rgb/000413.png,3600,screw,small_parts,0.0,0.04049718704957922,0.989837646484375,0.3265255407688808,3.062547565636875,cuda,12
SAM2.1-Tiny,auto,train,data/cogar_sim_500_final/rgb/000413.png,3601,screw,small_parts,0.015891294334408106,0.2702416278083934,0.9611162543296814,0.3265255407688808,3.062547565636875,cuda,12
SAM2.1-Tiny,auto,train,data/cogar_sim_500_final/rgb/000413.png,3602,screw,small_parts,4.1947748359271026e-05,0.028830758887109915,0.989837646484375,0.3265255407688808,3.062547565636875,cuda,12
SAM2.1-Tiny,auto,train,data/cogar_sim_500_final/rgb/000414.png,3605,connector,dynamic_scene;partial_occlusion;small_parts,0.8931888544891641,0.7482517482517482,0.9518505930900574,0.47440457255531027,2.1079054837385893,cuda,15
SAM2.1-Tiny,auto,train,data/cogar_sim_500_final/rgb/000414.png,3606,tool,dynamic_scene;reflective_metal;partial_occlusion,0.7195767195767195,0.6678942604787615,0.8452873229980469,0.47440457255531027,2.1079054837385893,cuda,15
SAM2.1-Tiny,auto,train,data/cogar_sim_500_final/rgb/000414.png,3607,plastic_object,dynamic_scene;partial_occlusion,0.9525440313111546,0.9343065693430657,0.9723740816116333,0.47440457255531027,2.1079054837385893,cuda,15
SAM2.1-Tiny,auto,train,data/cogar_sim_500_final/rgb/000414.png,3608,glass_object,dynamic_scene;transparent_glass;partial_occlusion,0.8684490353941972,0.7805229441981322,0.9515138268470764,0.47440457255531027,2.1079054837385893,cuda,15
SAM2.1-Tiny,auto,train,data/cogar_sim_500_final/rgb/000414.png,3609,plastic_object,dynamic_scene;partial_occlusion,0.984160191273162,1.0,0.9732142090797424,0.47440457255531027,2.1079054837385893,cuda,15
SAM2.1-Tiny,auto,train,data/cogar_sim_500_final/rgb/000414.png,3610,plastic_object,dynamic_scene;partial_occlusion,0.9248836225137537,0.864406779661017,0.9789052605628967,0.47440457255531027,2.1079054837385893,cuda,15
SAM2.1-Tiny,auto,train,data/cogar_sim_500_final/rgb/000414.png,3611,robot_gripper,dynamic_scene;partial_occlusion,0.9407781110808109,0.9206106429643311,0.8231697082519531,0.47440457255531027,2.1079054837385893,cuda,15
SAM2.1-Tiny,auto,train,data/cogar_sim_500_final/rgb/000414.png,3612,robot_gripper,dynamic_scene;partial_occlusion,0.2970230040595399,0.5541666666666667,0.8760176301002502,0.47440457255531027,2.1079054837385893,cuda,15
SAM2.1-Tiny,auto,train,data/cogar_sim_500_final/rgb/000414.png,3613,robot_gripper,dynamic_scene;partial_occlusion,0.8140077821011673,0.7811634349030471,0.9270942211151123,0.47440457255531027,2.1079054837385893,cuda,15
SAM2.1-Tiny,auto,train,data/cogar_sim_500_final/rgb/000415.png,3616,metal_part,reflective_metal,0.988684268915021,0.9789303079416531,0.9375259280204773,0.525693357999054,1.902249638089967,cuda,15
SAM2.1-Tiny,auto,train,data/cogar_sim_500_final/rgb/000415.png,3617,cable,reflective_metal,0.31774543202229794,0.4906567196298554,0.847009539604187,0.525693357999054,1.902249638089967,cuda,15
SAM2.1-Tiny,auto,train,data/cogar_sim_500_final/rgb/000415.png,3618,metal_part,reflective_metal,0.992468134414832,1.0,0.9687018990516663,0.525693357999054,1.902249638089967,cuda,15
SAM2.1-Tiny,auto,train,data/cogar_sim_500_final/rgb/000415.png,3619,metal_part,reflective_metal,0.8768472906403941,0.8326820176757048,0.9644290804862976,0.525693357999054,1.902249638089967,cuda,15
SAM2.1-Tiny,auto,train,data/cogar_sim_500_final/rgb/000415.png,3620,metal_part,reflective_metal,0.98301329394387,1.0,0.8036087155342102,0.525693357999054,1.902249638089967,cuda,15
SAM2.1-Tiny,auto,train,data/cogar_sim_500_final/rgb/000415.png,3621,tool,reflective_metal,0.9170221843003413,0.9792177030451136,0.9580288529396057,0.525693357999054,1.902249638089967,cuda,15
SAM2.1-Tiny,auto,train,data/cogar_sim_500_final/rgb/000415.png,3622,metal_part,reflective_metal,0.9933110367892977,1.0,0.9695399403572083,0.525693357999054,1.902249638089967,cuda,15
SAM2.1-Tiny,auto,train,data/cogar_sim_500_final/rgb/000416.png,3625,glass_object,transparent_glass,0.15346590270756094,0.3287250384024577,0.8296473026275635,0.40168926455549403,2.4894864967491515,cuda,16
SAM2.1-Tiny,auto,train,data/cogar_sim_500_final/rgb/000416.png,3626,glass_object,transparent_glass,0.0,0.0,0.9815179705619812,0.40168926455549403,2.4894864967491515,cuda,16
SAM2.1-Tiny,auto,train,data/cogar_sim_500_final/rgb/000416.png,3627,glass_object,transparent_glass,0.003958479943701619,0.22073785447011163,0.9430277347564697,0.40168926455549403,2.4894864967491515,cuda,16
SAM2.1-Tiny,auto,train,data/cogar_sim_500_final/rgb/000416.png,3628,glass_object,transparent_glass,0.0006694934166480696,0.15589534782985356,0.8706804513931274,0.40168926455549403,2.4894864967491515,cuda,16
SAM2.1-Tiny,auto,train,data/cogar_sim_500_final/rgb/000416.png,3629,glass_object,transparent_glass,0.23924941360437843,0.3260511581951916,0.8706804513931274,0.40168926455549403,2.4894864967491515,cuda,16
SAM2.1-Tiny,auto,train,data/cogar_sim_500_final/rgb/000416.png,3630,plastic_object,transparent_glass,0.9256387665198238,0.7905992240150272,0.9345853328704834,0.40168926455549403,2.4894864967491515,cuda,16
SAM2.1-Tiny,auto,train,data/cogar_sim_500_final/rgb/000416.png,3631,glass_object,transparent_glass,0.0,0.0,0.9815179705619812,0.40168926455549403,2.4894864967491515,cuda,16
SAM2.1-Tiny,auto,train,data/cogar_sim_500_final/rgb/000416.png,3632,plastic_object,transparent_glass,0.9830016583747927,1.0,0.9815179705619812,0.40168926455549403,2.4894864967491515,cuda,16
SAM2.1-Tiny,auto,train,data/cogar_sim_500_final/rgb/000416.png,3633,glass_object,transparent_glass,0.7059964441571036,0.7564372579658944,0.8488681316375732,0.40168926455549403,2.4894864967491515,cuda,16
SAM2.1-Tiny,auto,train,data/cogar_sim_500_final/rgb/000417.png,3636,box,partial_occlusion,0.988849912302681,1.0,0.9809653162956238,0.35467847469990377,2.819455003143644,cuda,12
SAM2.1-Tiny,auto,train,data/cogar_sim_500_final/rgb/000417.png,3637,plastic_object,partial_occlusion,0.9911591355599214,1.0,0.9761066436767578,0.35467847469990377,2.819455003143644,cuda,12
SAM2.1-Tiny,auto,train,data/cogar_sim_500_final/rgb/000417.png,3638,metal_part,partial_occlusion;reflective_metal,0.5057359517791172,0.40966748447042856,0.9135854244232178,0.35467847469990377,2.819455003143644,cuda,12
SAM2.1-Tiny,auto,train,data/cogar_sim_500_final/rgb/000417.png,3639,metal_part,partial_occlusion;reflective_metal,0.8486795146324054,0.7637910741505393,0.8524976372718811,0.35467847469990377,2.819455003143644,cuda,12
SAM2.1-Tiny,auto,train,data/cogar_sim_500_final/rgb/000417.png,3640,connector,partial_occlusion;small_parts,0.9553384508025122,1.0,0.9054546356201172,0.35467847469990377,2.819455003143644,cuda,12
SAM2.1-Tiny,auto,train,data/cogar_sim_500_final/rgb/000417.png,3641,plastic_object,partial_occlusion,0.9802933088909258,1.0,0.9273517727851868,0.35467847469990377,2.819455003143644,cuda,12
SAM2.1-Tiny,auto,train,data/cogar_sim_500_final/rgb/000417.png,3642,plastic_object,partial_occlusion,0.8523588039867109,0.7285971179315205,0.8125845789909363,0.35467847469990377,2.819455003143644,cuda,12
SAM2.1-Tiny,auto,train,data/cogar_sim_500_final/rgb/000417.png,3643,robot_gripper,partial_occlusion,0.8678891229918356,0.7524200949682773,0.8981825113296509,0.35467847469990377,2.819455003143644,cuda,12
SAM2.1-Tiny,auto,train,data/cogar_sim_500_final/rgb/000417.png,3644,robot_gripper,partial_occlusion,0.9778325123152709,0.9976580796252927,0.9001527428627014,0.35467847469990377,2.819455003143644,cuda,12
SAM2.1-Tiny,auto,train,data/cogar_sim_500_final/rgb/000417.png,3645,robot_gripper,partial_occlusion,0.087248322147651,0.06305497571896734,0.8981825113296509,0.35467847469990377,2.819455003143644,cuda,12
SAM2.1-Tiny,auto,train,data/cogar_sim_500_final/rgb/000418.png,3648,screw,small_parts,0.0002635740643120717,0.04347826086956522,0.9723246097564697,0.298144006000187,3.354083865094953,cuda,9
SAM2.1-Tiny,auto,train,data/cogar_sim_500_final/rgb/000418.png,3649,screw,small_parts,5.319872086631162e-05,0.039859841848572365,0.9893218278884888,0.298144006000187,3.354083865094953,cuda,9
SAM2.1-Tiny,auto,train,data/cogar_sim_500_final/rgb/000418.png,3650,screw,small_parts,1.1817327747676418e-05,0.0448041775456919,0.9893218278884888,0.298144006000187,3.354083865094953,cuda,9
SAM2.1-Tiny,auto,train,data/cogar_sim_500_final/rgb/000418.png,3651,connector,small_parts,0.9905963870329126,1.0,0.9879564642906189,0.298144006000187,3.354083865094953,cuda,9
SAM2.1-Tiny,auto,train,data/cogar_sim_500_final/rgb/000418.png,3652,screw,small_parts,0.008023535704733886,0.19875776397515527,0.9723246097564697,0.298144006000187,3.354083865094953,cuda,9
SAM2.1-Tiny,auto,train,data/cogar_sim_500_final/rgb/000418.png,3653,connector,small_parts,0.9664107485604606,1.0,0.9719486832618713,0.298144006000187,3.354083865094953,cuda,9
SAM2.1-Tiny,auto,train,data/cogar_sim_500_final/rgb/000418.png,3654,screw,small_parts,2.3600351645239516e-05,0.057656286235869866,0.9893218278884888,0.298144006000187,3.354083865094953,cuda,9
SAM2.1-Tiny,auto,train,data/cogar_sim_500_final/rgb/000418.png,3655,connector,small_parts,5.8960178295579165e-05,0.06658192571161128,0.9893218278884888,0.298144006000187,3.354083865094953,cuda,9
SAM2.1-Tiny,auto,train,data/cogar_sim_500_final/rgb/000418.png,3656,metal_part,small_parts;reflective_metal,0.0053273230201823585,0.2607418288652222,0.9771421551704407,0.298144006000187,3.354083865094953,cuda,9
SAM2.1-Tiny,auto,train,data/cogar_sim_500_final/rgb/000418.png,3657,plastic_object,small_parts,0.9591236975687951,0.9930614358380799,0.9723246097564697,0.298144006000187,3.354083865094953,cuda,9
SAM2.1-Tiny,auto,train,data/cogar_sim_500_final/rgb/000418.png,3658,metal_part,small_parts;reflective_metal,0.971028334925183,0.9870740305522915,0.9771421551704407,0.298144006000187,3.354083865094953,cuda,9
SAM2.1-Tiny,auto,train,data/cogar_sim_500_final/rgb/000418.png,3659,connector,small_parts,0.0001765214679525275,0.0619867976171309,0.9893218278884888,0.298144006000187,3.354083865094953,cuda,9
SAM2.1-Tiny,auto,train,data/cogar_sim_500_final/rgb/000418.png,3660,connector,small_parts,0.979982593559617,1.0,0.9836249351501465,0.298144006000187,3.354083865094953,cuda,9
SAM2.1-Tiny,auto,train,data/cogar_sim_500_final/rgb/000419.png,3662,plastic_object,dynamic_scene;partial_occlusion,0.9830790568654646,0.9933184855233852,0.970485270023346,0.5334777927500909,1.8744922723867772,cuda,12
SAM2.1-Tiny,auto,train,data/cogar_sim_500_final/rgb/000419.png,3663,plastic_object,dynamic_scene;partial_occlusion,0.9768303985171455,0.9864130434782609,0.8368903994560242,0.5334777927500909,1.8744922723867772,cuda,12
SAM2.1-Tiny,auto,train,data/cogar_sim_500_final/rgb/000419.png,3664,plastic_object,dynamic_scene;partial_occlusion,0.9764350453172206,1.0,0.9305405616760254,0.5334777927500909,1.8744922723867772,cuda,12
SAM2.1-Tiny,auto,train,data/cogar_sim_500_final/rgb/000419.png,3665,metal_part,dynamic_scene;reflective_metal;partial_occlusion,0.7184639872662156,0.579089152204892,0.9069328904151917,0.5334777927500909,1.8744922723867772,cuda,12
SAM2.1-Tiny,auto,train,data/cogar_sim_500_final/rgb/000419.png,3666,plastic_object,dynamic_scene;partial_occlusion,0.975,1.0,0.9862724542617798,0.5334777927500909,1.8744922723867772,cuda,12
SAM2.1-Tiny,auto,train,data/cogar_sim_500_final/rgb/000419.png,3667,robot_gripper,dynamic_scene;partial_occlusion,0.8396698478204797,0.7518858980172306,0.9780139923095703,0.5334777927500909,1.8744922723867772,cuda,12
SAM2.1-Tiny,auto,train,data/cogar_sim_500_final/rgb/000419.png,3668,robot_gripper,dynamic_scene;partial_occlusion,0.11572992890134413,0.28705375342146644,0.9780139923095703,0.5334777927500909,1.8744922723867772,cuda,12
SAM2.1-Tiny,auto,train,data/cogar_sim_500_final/rgb/000419.png,3669,robot_gripper,dynamic_scene;partial_occlusion,0.03476408231136978,0.2438521384175568,0.9780139923095703,0.5334777927500909,1.8744922723867772,cuda,12
SAM2.1-Tiny,auto,train,data/cogar_sim_500_final/rgb/000421.png,3674,cable,transparent_glass;partial_occlusion,0.6019480519480519,0.45468053491827637,0.8791533708572388,0.4828494721250536,2.0710388179548618,cuda,14
SAM2.1-Tiny,auto,train,data/cogar_sim_500_final/rgb/000421.png,3675,plastic_object,transparent_glass;partial_occlusion,0.9633235962349886,0.970178926441352,0.8935202956199646,0.4828494721250536,2.0710388179548618,cuda,14
SAM2.1-Tiny,auto,train,data/cogar_sim_500_final/rgb/000421.png,3676,plastic_object,transparent_glass;partial_occlusion,0.9697986577181208,1.0,0.9655436873435974,0.4828494721250536,2.0710388179548618,cuda,14
SAM2.1-Tiny,auto,train,data/cogar_sim_500_final/rgb/000421.png,3677,plastic_object,transparent_glass;partial_occlusion,0.0014360938247965534,0.1230811511130305,0.9736360907554626,0.4828494721250536,2.0710388179548618,cuda,14
SAM2.1-Tiny,auto,train,data/cogar_sim_500_final/rgb/000421.png,3678,glass_object,transparent_glass;partial_occlusion,0.7454217536071032,0.5853658536585366,0.9581059217453003,0.4828494721250536,2.0710388179548618,cuda,14
SAM2.1-Tiny,auto,train,data/cogar_sim_500_final/rgb/000421.png,3679,glass_object,transparent_glass;partial_occlusion,0.0009832841691248771,0.3056650909892478,0.9763378500938416,0.4828494721250536,2.0710388179548618,cuda,14
SAM2.1-Tiny,auto,train,data/cogar_sim_500_final/rgb/000421.png,3680,robot_gripper,transparent_glass;partial_occlusion,0.8978012717382977,0.9024103516572143,0.9763378500938416,0.4828494721250536,2.0710388179548618,cuda,14
SAM2.1-Tiny,auto,train,data/cogar_sim_500_final/rgb/000421.png,3681,robot_gripper,transparent_glass;partial_occlusion,0.8557993730407524,0.8435627195701592,0.9161787033081055,0.4828494721250536,2.0710388179548618,cuda,14
SAM2.1-Tiny,auto,train,data/cogar_sim_500_final/rgb/000422.png,3684,metal_part,partial_occlusion;reflective_metal,0.0,0.0,0.9789077639579773,0.5273211578574514,1.8963775397578984,cuda,5
SAM2.1-Tiny,auto,train,data/cogar_sim_500_final/rgb/000422.png,3685,screw,partial_occlusion;small_parts,0.0,0.0,0.9789077639579773,0.5273211578574514,1.8963775397578984,cuda,5
SAM2.1-Tiny,auto,train,data/cogar_sim_500_final/rgb/000422.png,3686,box,partial_occlusion,0.9596764875794338,0.9115699115699115,0.8603492379188538,0.5273211578574514,1.8963775397578984,cuda,5
SAM2.1-Tiny,auto,train,data/cogar_sim_500_final/rgb/000422.png,3687,metal_part,partial_occlusion;reflective_metal,0.0,0.0023724792408066427,0.9789077639579773,0.5273211578574514,1.8963775397578984,cuda,5
SAM2.1-Tiny,auto,train,data/cogar_sim_500_final/rgb/000422.png,3688,robot_gripper,partial_occlusion,0.0,0.009162053827066237,0.9789077639579773,0.5273211578574514,1.8963775397578984,cuda,5
SAM2.1-Tiny,auto,train,data/cogar_sim_500_final/rgb/000422.png,3689,robot_gripper,partial_occlusion,0.0006607201850016518,0.1787564766839378,0.8603492379188538,0.5273211578574514,1.8963775397578984,cuda,5
SAM2.1-Tiny,auto,train,data/cogar_sim_500_final/rgb/000422.png,3690,robot_gripper,partial_occlusion,0.0,0.0,0.9789077639579773,0.5273211578574514,1.8963775397578984,cuda,5
SAM2.1-Tiny,auto,train,data/cogar_sim_500_final/rgb/000423.png,3692,screw,small_parts;partial_occlusion,0.0,0.0,0.9918463826179504,0.3583023342732552,2.7909391157841617,cuda,10
SAM2.1-Tiny,auto,train,data/cogar_sim_500_final/rgb/000423.png,3693,screw,small_parts;partial_occlusion,4.810652709359606e-06,0.02924570856403571,0.9837763905525208,0.3583023342732552,2.7909391157841617,cuda,10
SAM2.1-Tiny,auto,train,data/cogar_sim_500_final/rgb/000423.png,3694,cable,small_parts;partial_occlusion,0.781679942070963,0.7872337651160911,0.9559147357940674,0.3583023342732552,2.7909391157841617,cuda,10
SAM2.1-Tiny,auto,train,data/cogar_sim_500_final/rgb/000423.png,3695,connector,small_parts;partial_occlusion,0.718595450049456,0.5871853960507886,0.8801780343055725,0.3583023342732552,2.7909391157841617,cuda,10
SAM2.1-Tiny,auto,train,data/cogar_sim_500_final/rgb/000423.png,3696,connector,small_parts;partial_occlusion,0.023759015697921087,0.4213333333333333,0.9200559258460999,0.3583023342732552,2.7909391157841617,cuda,10
SAM2.1-Tiny,auto,train,data/cogar_sim_500_final/rgb/000423.png,3697,screw,small_parts;partial_occlusion,0.0,0.0,0.9918463826179504,0.3583023342732552,2.7909391157841617,cuda,10
SAM2.1-Tiny,auto,train,data/cogar_sim_500_final/rgb/000423.png,3698,metal_part,small_parts;reflective_metal;partial_occlusion,0.9787650602409639,1.0,0.9850281476974487,0.3583023342732552,2.7909391157841617,cuda,10
SAM2.1-Tiny,auto,train,data/cogar_sim_500_final/rgb/000423.png,3699,metal_part,small_parts;reflective_metal;partial_occlusion,0.9755896873285793,0.9788121400710943,0.9542899131774902,0.3583023342732552,2.7909391157841617,cuda,10
SAM2.1-Tiny,auto,train,data/cogar_sim_500_final/rgb/000423.png,3700,robot_gripper,small_parts;partial_occlusion,0.704011704011704,0.6236621420836586,0.9678767323493958,0.3583023342732552,2.7909391157841617,cuda,10
SAM2.1-Tiny,auto,train,data/cogar_sim_500_final/rgb/000423.png,3701,robot_gripper,small_parts;partial_occlusion,0.11006556112610875,0.2975387295676977,0.9678767323493958,0.3583023342732552,2.7909391157841617,cuda,10
SAM2.1-Tiny,auto,train,data/cogar_sim_500_final/rgb/000423.png,3702,robot_gripper,small_parts;partial_occlusion,0.7534921939194741,0.7252996130980466,0.9200559258460999,0.3583023342732552,2.7909391157841617,cuda,10
SAM2.1-Tiny,auto,train,data/cogar_sim_500_final/rgb/000424.png,3705,box,dynamic_scene;partial_occlusion,0.9487652045705861,0.9499953878019941,0.9562654495239258,0.38701063570042604,2.5839083160858443,cuda,19
SAM2.1-Tiny,auto,train,data/cogar_sim_500_final/rgb/000424.png,3706,plastic_object,dynamic_scene;partial_occlusion,0.9813736903376019,0.9730726796303958,0.9783408045768738,0.38701063570042604,2.5839083160858443,cuda,19
SAM2.1-Tiny,auto,train,data/cogar_sim_500_final/rgb/000424.png,3707,plastic_object,dynamic_scene;partial_occlusion,0.9308885754583921,0.8737598956126368,0.9469708800315857,0.38701063570042604,2.5839083160858443,cuda,19
SAM2.1-Tiny,auto,train,data/cogar_sim_500_final/rgb/000424.png,3708,box,dynamic_scene;partial_occlusion,0.975841315588709,0.8797489741733044,0.9601956605911255,0.38701063570042604,2.5839083160858443,cuda,19
SAM2.1-Tiny,auto,train,data/cogar_sim_500_final/rgb/000424.png,3709,plastic_object,dynamic_scene;partial_occlusion,0.9878603945371776,1.0,0.9926087260246277,0.38701063570042604,2.5839083160858443,cuda,19
SAM2.1-Tiny,auto,train,data/cogar_sim_500_final/rgb/000424.png,3710,metal_part,dynamic_scene;reflective_metal;partial_occlusion,0.08388520971302428,0.3939245467907888,0.8090813755989075,0.38701063570042604,2.5839083160858443,cuda,19
SAM2.1-Tiny,auto,train,data/cogar_sim_500_final/rgb/000424.png,3711,metal_part,dynamic_scene;reflective_metal;partial_occlusion,0.957889552422582,0.9232376982720824,0.9760252237319946,0.38701063570042604,2.5839083160858443,cuda,19
SAM2.1-Tiny,auto,train,data/cogar_sim_500_final/rgb/000424.png,3712,robot_gripper,dynamic_scene;partial_occlusion,0.7976291638341264,0.6852028546746465,0.9373014569282532,0.38701063570042604,2.5839083160858443,cuda,19
SAM2.1-Tiny,auto,train,data/cogar_sim_500_final/rgb/000424.png,3713,robot_gripper,dynamic_scene;partial_occlusion,0.9619890653475658,1.0,0.9698185920715332,0.38701063570042604,2.5839083160858443,cuda,19
SAM2.1-Tiny,auto,train,data/cogar_sim_500_final/rgb/000424.png,3714,robot_gripper,dynamic_scene;partial_occlusion,0.9081527347781218,0.9643432252127905,0.8200564384460449,0.38701063570042604,2.5839083160858443,cuda,19
SAM2.1-Tiny,auto,train,data/cogar_sim_500_final/rgb/000426.png,3719,box,transparent_glass;partial_occlusion,0.9760191846522782,1.0,0.9642332196235657,0.4487216663746949,2.2285529648683657,cuda,11
SAM2.1-Tiny,auto,train,data/cogar_sim_500_final/rgb/000426.png,3720,glass_object,transparent_glass;partial_occlusion,0.0014224172965943266,0.2478894686163424,0.9449689984321594,0.4487216663746949,2.2285529648683657,cuda,11
SAM2.1-Tiny,auto,train,data/cogar_sim_500_final/rgb/000426.png,3721,glass_object,transparent_glass;partial_occlusion,0.28074572127139363,0.0,0.8976821303367615,0.4487216663746949,2.2285529648683657,cuda,11
SAM2.1-Tiny,auto,train,data/cogar_sim_500_final/rgb/000426.png,3722,glass_object,transparent_glass;partial_occlusion,0.984707867538494,1.0,0.9673641920089722,0.4487216663746949,2.2285529648683657,cuda,11
SAM2.1-Tiny,auto,train,data/cogar_sim_500_final/rgb/000426.png,3723,glass_object,transparent_glass;partial_occlusion,0.0,0.0,0.9852964282035828,0.4487216663746949,2.2285529648683657,cuda,11
SAM2.1-Tiny,auto,train,data/cogar_sim_500_final/rgb/000426.png,3724,glass_object,transparent_glass;partial_occlusion,0.0,0.0,0.9852964282035828,0.4487216663746949,2.2285529648683657,cuda,11
SAM2.1-Tiny,auto,train,data/cogar_sim_500_final/rgb/000426.png,3725,robot_gripper,transparent_glass;partial_occlusion,0.6976140561046221,0.6915757130030276,0.9449689984321594,0.4487216663746949,2.2285529648683657,cuda,11
SAM2.1-Tiny,auto,train,data/cogar_sim_500_final/rgb/000426.png,3726,robot_gripper,transparent_glass;partial_occlusion,0.29484804486056176,0.4356462210359449,0.9449689984321594,0.4487216663746949,2.2285529648683657,cuda,11
SAM2.1-Tiny,auto,train,data/cogar_sim_500_final/rgb/000427.png,3729,glass_object,partial_occlusion;transparent_glass,0.8844706145417955,0.7259659672765872,0.90828937292099,0.42129644088870716,2.3736255589782385,cuda,13
SAM2.1-Tiny,auto,train,data/cogar_sim_500_final/rgb/000427.png,3730,tool,partial_occlusion;reflective_metal,0.8506876227897839,0.7311881478011361,0.9132130742073059,0.42129644088870716,2.3736255589782385,cuda,13
SAM2.1-Tiny,auto,train,data/cogar_sim_500_final/rgb/000427.png,3731,screw,partial_occlusion;small_parts,0.8616352201257862,0.9811320754716981,0.905397355556488,0.42129644088870716,2.3736255589782385,cuda,13
SAM2.1-Tiny,auto,train,data/cogar_sim_500_final/rgb/000427.png,3732,plastic_object,partial_occlusion,0.00011629710032563188,0.058789200479159635,0.9687008261680603,0.42129644088870716,2.3736255589782385,cuda,13
SAM2.1-Tiny,auto,train,data/cogar_sim_500_final/rgb/000427.png,3733,cable,partial_occlusion,0.015323517290472445,0.08648987426064475,0.90828937292099,0.42129644088870716,2.3736255589782385,cuda,13
SAM2.1-Tiny,auto,train,data/cogar_sim_500_final/rgb/000427.png,3734,glass_object,partial_occlusion;transparent_glass,0.9637137989778535,0.8859114915119616,0.9527096152305603,0.42129644088870716,2.3736255589782385,cuda,13
SAM2.1-Tiny,auto,train,data/cogar_sim_500_final/rgb/000427.png,3735,robot_gripper,partial_occlusion,0.7594341440851097,0.698893827643908,0.9687008261680603,0.42129644088870716,2.3736255589782385,cuda,13
SAM2.1-Tiny,auto,train,data/cogar_sim_500_final/rgb/000427.png,3736,robot_gripper,partial_occlusion,0.7802310654685494,0.7767584097859327,0.8812507390975952,0.42129644088870716,2.3736255589782385,cuda,13
SAM2.1-Tiny,auto,train,data/cogar_sim_500_final/rgb/000427.png,3737,robot_gripper,partial_occlusion,0.93711467324291,0.9314219208129098,0.9603520631790161,0.42129644088870716,2.3736255589782385,cuda,13
SAM2.1-Tiny,auto,train,data/cogar_sim_500_final/rgb/000429.png,3742,plastic_object,dynamic_scene;partial_occlusion,0.9847461320549139,1.0,0.9813574552536011,0.40179086100074024,2.488857007621579,cuda,13
SAM2.1-Tiny,auto,train,data/cogar_sim_500_final/rgb/000429.png,3743,metal_part,dynamic_scene;reflective_metal;partial_occlusion,0.002004008016032064,0.22712719716727095,0.8631746172904968,0.40179086100074024,2.488857007621579,cuda,13
SAM2.1-Tiny,auto,train,data/cogar_sim_500_final/rgb/000429.png,3744,plastic_object,dynamic_scene;partial_occlusion,0.9123931623931624,0.9960474308300395,0.912695586681366,0.40179086100074024,2.488857007621579,cuda,13
SAM2.1-Tiny,auto,train,data/cogar_sim_500_final/rgb/000429.png,3745,box,dynamic_scene;partial_occlusion,0.9568553260812445,0.8181549274110533,0.9393818974494934,0.40179086100074024,2.488857007621579,cuda,13
SAM2.1-Tiny,auto,train,data/cogar_sim_500_final/rgb/000429.png,3746,box,dynamic_scene;partial_occlusion,0.9071596082218237,0.7187386908783633,0.9572508931159973,0.40179086100074024,2.488857007621579,cuda,13
SAM2.1-Tiny,auto,train,data/cogar_sim_500_final/rgb/000429.png,3747,cable,dynamic_scene;partial_occlusion,0.7109762824048539,0.6690050169377249,0.9162781238555908,0.40179086100074024,2.488857007621579,cuda,13
SAM2.1-Tiny,auto,train,data/cogar_sim_500_final/rgb/000429.png,3748,robot_gripper,dynamic_scene;partial_occlusion,0.6473236128779724,0.5704401673412223,0.8631746172904968,0.40179086100074024,2.488857007621579,cuda,13
SAM2.1-Tiny,auto,train,data/cogar_sim_500_final/rgb/000429.png,3749,robot_gripper,dynamic_scene;partial_occlusion,0.832272990167727,0.7281795511221946,0.9042924046516418,0.40179086100074024,2.488857007621579,cuda,13
SAM2.1-Tiny,auto,train,data/cogar_sim_500_final/rgb/000429.png,3750,robot_gripper,dynamic_scene;partial_occlusion,0.8169834457388105,0.7128331371079953,0.9314793944358826,0.40179086100074024,2.488857007621579,cuda,13
SAM2.1-Tiny,auto,train,data/cogar_sim_500_final/rgb/000430.png,3753,metal_part,reflective_metal,0.9774002954209748,0.997468208018198,0.979732871055603,0.5563838040002987,1.7973204698091159,cuda,10
SAM2.1-Tiny,auto,train,data/cogar_sim_500_final/rgb/000430.png,3754,metal_part,reflective_metal,0.9811399832355406,1.0,0.9733908176422119,0.5563838040002987,1.7973204698091159,cuda,10
SAM2.1-Tiny,auto,train,data/cogar_sim_500_final/rgb/000430.png,3755,metal_part,reflective_metal,0.9884169884169884,1.0,0.9522742629051208,0.5563838040002987,1.7973204698091159,cuda,10
SAM2.1-Tiny,auto,train,data/cogar_sim_500_final/rgb/000430.png,3756,metal_part,reflective_metal,0.9774685222001326,1.0,0.9732421040534973,0.5563838040002987,1.7973204698091159,cuda,10
SAM2.1-Tiny,auto,train,data/cogar_sim_500_final/rgb/000430.png,3757,tool,reflective_metal,0.9581143232588699,0.971164699846075,0.9618011116981506,0.5563838040002987,1.7973204698091159,cuda,10
SAM2.1-Tiny,auto,train,data/cogar_sim_500_final/rgb/000430.png,3758,metal_part,reflective_metal,0.9844619422572178,0.9948320413436693,0.9827179312705994,0.5563838040002987,1.7973204698091159,cuda,10
SAM2.1-Tiny,auto,train,data/cogar_sim_500_final/rgb/000430.png,3759,cable,reflective_metal,0.7181682799702159,0.6173362495683203,0.907882571220398,0.5563838040002987,1.7973204698091159,cuda,10
SAM2.1-Tiny,auto,train,data/cogar_sim_500_final/rgb/000431.png,3762,connector,transparent_glass;partial_occlusion;small_parts,0.9896060352053646,1.0,0.987470805644989,0.7675732707997668,1.3028072212025545,cuda,11
SAM2.1-Tiny,auto,train,data/cogar_sim_500_final/rgb/000431.png,3763,glass_object,transparent_glass;partial_occlusion,0.9511263543534181,0.8402075241310342,0.9537118077278137,0.7675732707997668,1.3028072212025545,cuda,11
SAM2.1-Tiny,auto,train,data/cogar_sim_500_final/rgb/000431.png,3764,robot_gripper,transparent_glass;partial_occlusion,0.40686244581476283,0.44569179440295403,0.9009754061698914,0.7675732707997668,1.3028072212025545,cuda,11
SAM2.1-Tiny,auto,train,data/cogar_sim_500_final/rgb/000431.png,3765,robot_gripper,transparent_glass;partial_occlusion,0.33219407995117484,0.2855983313355922,0.9009754061698914,0.7675732707997668,1.3028072212025545,cuda,11
SAM2.1-Tiny,auto,train,data/cogar_sim_500_final/rgb/000431.png,3766,robot_gripper,transparent_glass;partial_occlusion,0.25205479452054796,0.41846868214722344,0.9009754061698914,0.7675732707997668,1.3028072212025545,cuda,11
SAM2.1-Tiny,auto,train,data/cogar_sim_500_final/rgb/000432.png,3768,connector,partial_occlusion;small_parts,0.9839128178515828,1.0,0.9737333655357361,0.32518453966622474,3.0751769473001946,cuda,13
SAM2.1-Tiny,auto,train,data/cogar_sim_500_final/rgb/000432.png,3769,plastic_object,partial_occlusion,0.6687032418952619,0.5207401792730332,0.8634064197540283,0.32518453966622474,3.0751769473001946,cuda,13
SAM2.1-Tiny,auto,train,data/cogar_sim_500_final/rgb/000432.png,3770,screw,partial_occlusion;small_parts,0.0,0.0,0.9893646240234375,0.32518453966622474,3.0751769473001946,cuda,13
SAM2.1-Tiny,auto,train,data/cogar_sim_500_final/rgb/000432.png,3771,glass_object,partial_occlusion;transparent_glass,0.9865618661257607,0.975609756097561,0.9509316086769104,0.32518453966622474,3.0751769473001946,cuda,13
SAM2.1-Tiny,auto,train,data/cogar_sim_500_final/rgb/000432.png,3772,screw,partial_occlusion;small_parts,0.011010052656773576,0.10439970171513795,0.9520312547683716,0.32518453966622474,3.0751769473001946,cuda,13
SAM2.1-Tiny,auto,train,data/cogar_sim_500_final/rgb/000432.png,3773,screw,partial_occlusion;small_parts,0.0,0.0,0.9893646240234375,0.32518453966622474,3.0751769473001946,cuda,13
SAM2.1-Tiny,auto,train,data/cogar_sim_500_final/rgb/000432.png,3774,plastic_object,partial_occlusion,0.9778422033547318,0.9952,0.9773009419441223,0.32518453966622474,3.0751769473001946,cuda,13
SAM2.1-Tiny,auto,train,data/cogar_sim_500_final/rgb/000432.png,3775,cable,partial_occlusion,0.7751716247139588,0.8537659327925841,0.9334664940834045,0.32518453966622474,3.0751769473001946,cuda,13
SAM2.1-Tiny,auto,train,data/cogar_sim_500_final/rgb/000432.png,3776,glass_object,partial_occlusion;transparent_glass,0.785695212664505,0.8124733702599063,0.9255993366241455,0.32518453966622474,3.0751769473001946,cuda,13
SAM2.1-Tiny,auto,train,data/cogar_sim_500_final/rgb/000432.png,3777,robot_gripper,partial_occlusion,0.0012586115527291998,0.30162402767678104,0.9509316086769104,0.32518453966622474,3.0751769473001946,cuda,13
SAM2.1-Tiny,auto,train,data/cogar_sim_500_final/rgb/000432.png,3778,robot_gripper,partial_occlusion,0.9516129032258065,1.0,0.9359806776046753,0.32518453966622474,3.0751769473001946,cuda,13
SAM2.1-Tiny,auto,train,data/cogar_sim_500_final/rgb/000432.png,3779,robot_gripper,partial_occlusion,0.01332267519317879,0.23728018757327077,0.9334664940834045,0.32518453966622474,3.0751769473001946,cuda,13
SAM2.1-Tiny,auto,train,data/cogar_sim_500_final/rgb/000434.png,3783,plastic_object,dynamic_scene,0.9808871258564731,0.9962962962962962,0.9655272364616394,0.43894635722244857,2.278182706259985,cuda,13
SAM2.1-Tiny,auto,train,data/cogar_sim_500_final/rgb/000434.png,3784,box,dynamic_scene,0.9867583541714026,1.0,0.8945066332817078,0.43894635722244857,2.278182706259985,cuda,13
SAM2.1-Tiny,auto,train,data/cogar_sim_500_final/rgb/000434.png,3785,box,dynamic_scene,0.9832312481172808,1.0,0.9745732545852661,0.43894635722244857,2.278182706259985,cuda,13
SAM2.1-Tiny,auto,train,data/cogar_sim_500_final/rgb/000434.png,3786,plastic_object,dynamic_scene,0.9821511001692568,0.9856733524355301,0.9605391025543213,0.43894635722244857,2.278182706259985,cuda,13
SAM2.1-Tiny,auto,train,data/cogar_sim_500_final/rgb/000434.png,3787,cable,dynamic_scene,0.7957522123893805,0.8962659899528719,0.8690744042396545,0.43894635722244857,2.278182706259985,cuda,13
SAM2.1-Tiny,auto,train,data/cogar_sim_500_final/rgb/000434.png,3788,tool,dynamic_scene;reflective_metal,0.9377123442808607,0.9435399523671509,0.8400393724441528,0.43894635722244857,2.278182706259985,cuda,13
SAM2.1-Tiny,auto,train,data/cogar_sim_500_final/rgb/000434.png,3789,screw,dynamic_scene;small_parts,0.00934959349593496,0.12237762237762238,0.8690744042396545,0.43894635722244857,2.278182706259985,cuda,13
SAM2.1-Tiny,auto,train,data/cogar_sim_500_final/rgb/000434.png,3790,plastic_object,dynamic_scene,0.0014072614691809737,0.1737089201877934,0.9655272364616394,0.43894635722244857,2.278182706259985,cuda,13
SAM2.1-Tiny,auto,train,data/cogar_sim_500_final/rgb/000434.png,3791,tool,dynamic_scene;reflective_metal,0.9857170808061044,1.0,0.9835073947906494,0.43894635722244857,2.278182706259985,cuda,13
SAM2.1-Tiny,auto,train,data/cogar_sim_500_final/rgb/000435.png,3794,metal_part,reflective_metal,0.9817157313707452,1.0,0.9818536639213562,0.4380778318890306,2.2826993908546136,cuda,17
SAM2.1-Tiny,auto,train,data/cogar_sim_500_final/rgb/000435.png,3795,metal_part,reflective_metal,0.49927205668251967,0.491751443497388,0.9658842086791992,0.4380778318890306,2.2826993908546136,cuda,17
SAM2.1-Tiny,auto,train,data/cogar_sim_500_final/rgb/000435.png,3796,plastic_object,reflective_metal,0.0,0.0,0.9927307963371277,0.4380778318890306,2.2826993908546136,cuda,17
SAM2.1-Tiny,auto,train,data/cogar_sim_500_final/rgb/000435.png,3797,metal_part,reflective_metal,0.7429854096520763,0.7556838779843597,0.946001410484314,0.4380778318890306,2.2826993908546136,cuda,17
SAM2.1-Tiny,auto,train,data/cogar_sim_500_final/rgb/000435.png,3798,tool,reflective_metal,0.45962732919254656,0.7748267468516622,0.9658842086791992,0.4380778318890306,2.2826993908546136,cuda,17
SAM2.1-Tiny,auto,train,data/cogar_sim_500_final/rgb/000435.png,3799,plastic_object,reflective_metal,0.0,0.0,0.9927307963371277,0.4380778318890306,2.2826993908546136,cuda,17
SAM2.1-Tiny,auto,train,data/cogar_sim_500_final/rgb/000435.png,3800,metal_part,reflective_metal,0.9675150703281983,1.0,0.9174134135246277,0.4380778318890306,2.2826993908546136,cuda,17
SAM2.1-Tiny,auto,train,data/cogar_sim_500_final/rgb/000435.png,3801,box,reflective_metal,0.9852025551871917,1.0,0.9709770679473877,0.4380778318890306,2.2826993908546136,cuda,17
SAM2.1-Tiny,auto,train,data/cogar_sim_500_final/rgb/000435.png,3802,metal_part,reflective_metal,0.9503885236102809,1.0,0.9378532767295837,0.4380778318890306,2.2826993908546136,cuda,17
SAM2.1-Tiny,auto,train,data/cogar_sim_500_final/rgb/000436.png,3805,glass_object,transparent_glass;partial_occlusion,0.8803154041115179,0.7495495495495496,0.9309334754943848,0.6184808751677338,1.6168648702820394,cuda,12
SAM2.1-Tiny,auto,train,data/cogar_sim_500_final/rgb/000436.png,3806,glass_object,transparent_glass;partial_occlusion,0.975926538716082,0.9156675331054668,0.8350603580474854,0.6184808751677338,1.6168648702820394,cuda,12
SAM2.1-Tiny,auto,train,data/cogar_sim_500_final/rgb/000436.png,3807,plastic_object,transparent_glass;partial_occlusion,0.7569166189658462,0.681063122923588,0.9861985445022583,0.6184808751677338,1.6168648702820394,cuda,12
SAM2.1-Tiny,auto,train,data/cogar_sim_500_final/rgb/000436.png,3808,robot_gripper,transparent_glass;partial_occlusion,0.968214897260274,0.9080107400322345,0.9772935509681702,0.6184808751677338,1.6168648702820394,cuda,12
SAM2.1-Tiny,auto,train,data/cogar_sim_500_final/rgb/000436.png,3809,robot_gripper,transparent_glass;partial_occlusion,0.027391553403114097,0.18598972711974393,0.9689069986343384,0.6184808751677338,1.6168648702820394,cuda,12
SAM2.1-Tiny,auto,train,data/cogar_sim_500_final/rgb/000436.png,3810,robot_gripper,transparent_glass;partial_occlusion,0.8541160125043418,0.8494623655913979,0.9723382592201233,0.6184808751677338,1.6168648702820394,cuda,12
SAM2.1-Tiny,auto,train,data/cogar_sim_500_final/rgb/000438.png,3815,metal_part,small_parts;reflective_metal;partial_occlusion,0.004836589030803907,0.2353112319117985,0.9850688576698303,0.3591532227001153,2.784326957954035,cuda,12
SAM2.1-Tiny,auto,train,data/cogar_sim_500_final/rgb/000438.png,3816,connector,small_parts;partial_occlusion,0.8535649363764896,0.7294064194460552,0.9618216156959534,0.3591532227001153,2.784326957954035,cuda,12
SAM2.1-Tiny,auto,train,data/cogar_sim_500_final/rgb/000438.png,3817,box,small_parts;partial_occlusion,0.9807600723878465,0.9994385176866928,0.9850688576698303,0.3591532227001153,2.784326957954035,cuda,12
SAM2.1-Tiny,auto,train,data/cogar_sim_500_final/rgb/000438.png,3818,screw,small_parts;partial_occlusion,0.946969696969697,1.0,0.8062031269073486,0.3591532227001153,2.784326957954035,cuda,12
SAM2.1-Tiny,auto,train,data/cogar_sim_500_final/rgb/000438.png,3819,tool,small_parts;reflective_metal;partial_occlusion,0.7122198120028923,0.5479948084243131,0.9514972567558289,0.3591532227001153,2.784326957954035,cuda,12
SAM2.1-Tiny,auto,train,data/cogar_sim_500_final/rgb/000438.png,3820,connector,small_parts;partial_occlusion,0.0007829320806420043,0.021314387211367674,0.9618216156959534,0.3591532227001153,2.784326957954035,cuda,12
SAM2.1-Tiny,auto,train,data/cogar_sim_500_final/rgb/000438.png,3821,screw,small_parts;partial_occlusion,0.53,0.6572164948453608,0.8956084251403809,0.3591532227001153,2.784326957954035,cuda,12
SAM2.1-Tiny,auto,train,data/cogar_sim_500_final/rgb/000438.png,3822,robot_gripper,small_parts;partial_occlusion,0.8215130023640662,0.7882972245839575,0.9620963931083679,0.3591532227001153,2.784326957954035,cuda,12
SAM2.1-Tiny,auto,train,data/cogar_sim_500_final/rgb/000438.png,3823,robot_gripper,small_parts;partial_occlusion,0.0856562792046663,0.21837855413851653,0.9620963931083679,0.3591532227001153,2.784326957954035,cuda,12
SAM2.1-Tiny,auto,train,data/cogar_sim_500_final/rgb/000438.png,3824,robot_gripper,small_parts;partial_occlusion,0.08089756854630109,0.08352151857306496,0.9620963931083679,0.3591532227001153,2.784326957954035,cuda,12
SAM2.1-Tiny,auto,train,data/cogar_sim_500_final/rgb/000439.png,3826,cable,dynamic_scene;partial_occlusion,0.6143690512741787,0.6016983420946219,0.8468208909034729,0.6327392000000275,1.5804299781014937,cuda,10
SAM2.1-Tiny,auto,train,data/cogar_sim_500_final/rgb/000439.png,3827,plastic_object,dynamic_scene;partial_occlusion,0.983459682977257,1.0,0.9653596878051758,0.6327392000000275,1.5804299781014937,cuda,10
SAM2.1-Tiny,auto,train,data/cogar_sim_500_final/rgb/000439.png,3828,plastic_object,dynamic_scene;partial_occlusion,0.9599292869770183,0.9967532467532468,0.8710235953330994,0.6327392000000275,1.5804299781014937,cuda,10
SAM2.1-Tiny,auto,train,data/cogar_sim_500_final/rgb/000439.png,3829,metal_part,dynamic_scene;reflective_metal;partial_occlusion,0.9273333333333333,1.0,0.946063220500946,0.6327392000000275,1.5804299781014937,cuda,10
SAM2.1-Tiny,auto,train,data/cogar_sim_500_final/rgb/000439.png,3830,robot_gripper,dynamic_scene;partial_occlusion,0.8849869098131263,0.8396620872088063,0.9605251550674438,0.6327392000000275,1.5804299781014937,cuda,10
SAM2.1-Tiny,auto,train,data/cogar_sim_500_final/rgb/000439.png,3831,robot_gripper,dynamic_scene;partial_occlusion,0.02243911338137371,0.1426834999918967,0.9605251550674438,0.6327392000000275,1.5804299781014937,cuda,10
SAM2.1-Tiny,auto,train,data/cogar_sim_500_final/rgb/000439.png,3832,robot_gripper,dynamic_scene;partial_occlusion,0.9285714285714286,1.0,0.9464796781539917,0.6327392000000275,1.5804299781014937,cuda,10
SAM2.1-Tiny,auto,train,data/cogar_sim_500_final/rgb/000440.png,3834,metal_part,reflective_metal;partial_occlusion,0.973354864755753,1.0,0.9132299423217773,0.4415424384448367,2.2647879635808397,cuda,10
SAM2.1-Tiny,auto,train,data/cogar_sim_500_final/rgb/000440.png,3835,tool,reflective_metal;partial_occlusion,0.9471142236174837,1.0,0.8051592707633972,0.4415424384448367,2.2647879635808397,cuda,10
SAM2.1-Tiny,auto,train,data/cogar_sim_500_final/rgb/000440.png,3836,cable,reflective_metal;partial_occlusion,0.6089952153110048,0.518238959511838,0.9365903735160828,0.4415424384448367,2.2647879635808397,cuda,10
SAM2.1-Tiny,auto,train,data/cogar_sim_500_final/rgb/000440.png,3837,metal_part,reflective_metal;partial_occlusion,0.9547738693467337,1.0,0.903921365737915,0.4415424384448367,2.2647879635808397,cuda,10
SAM2.1-Tiny,auto,train,data/cogar_sim_500_final/rgb/000440.png,3838,tool,reflective_metal;partial_occlusion,0.4821696953135674,0.5551472459460286,0.8387865424156189,0.4415424384448367,2.2647879635808397,cuda,10
SAM2.1-Tiny,auto,train,data/cogar_sim_500_final/rgb/000440.png,3839,metal_part,reflective_metal;partial_occlusion,0.9796046438657044,0.9836460802828787,0.9590886831283569,0.4415424384448367,2.2647879635808397,cuda,10
SAM2.1-Tiny,auto,train,data/cogar_sim_500_final/rgb/000440.png,3840,robot_gripper,reflective_metal;partial_occlusion,0.5481404690942075,0.4445761707172496,0.945862889289856,0.4415424384448367,2.2647879635808397,cuda,10
SAM2.1-Tiny,auto,train,data/cogar_sim_500_final/rgb/000440.png,3841,robot_gripper,reflective_metal;partial_occlusion,0.11231813773035887,0.23814773980154358,0.945862889289856,0.4415424384448367,2.2647879635808397,cuda,10
SAM2.1-Tiny,auto,train,data/cogar_sim_500_final/rgb/000440.png,3842,robot_gripper,reflective_metal;partial_occlusion,0.31719034017138403,0.4007351139426611,0.945862889289856,0.4415424384448367,2.2647879635808397,cuda,10
SAM2.1-Tiny,auto,train,data/cogar_sim_500_final/rgb/000442.png,3847,connector,partial_occlusion;small_parts,0.9788381742738589,1.0,0.9893060326576233,0.3969702635553808,2.5190803740403878,cuda,15
SAM2.1-Tiny,auto,train,data/cogar_sim_500_final/rgb/000442.png,3848,metal_part,partial_occlusion;reflective_metal,0.9824491424012765,1.0,0.9644225239753723,0.3969702635553808,2.5190803740403878,cuda,15
SAM2.1-Tiny,auto,train,data/cogar_sim_500_final/rgb/000442.png,3849,cable,partial_occlusion,0.6852320675105485,0.7872954764196344,0.9515537023544312,0.3969702635553808,2.5190803740403878,cuda,15
SAM2.1-Tiny,auto,train,data/cogar_sim_500_final/rgb/000442.png,3850,glass_object,partial_occlusion;transparent_glass,0.988541712573267,1.0,0.9721187353134155,0.3969702635553808,2.5190803740403878,cuda,15
SAM2.1-Tiny,auto,train,data/cogar_sim_500_final/rgb/000442.png,3851,cable,partial_occlusion,0.0,0.0,0.9893060326576233,0.3969702635553808,2.5190803740403878,cuda,15
SAM2.1-Tiny,auto,train,data/cogar_sim_500_final/rgb/000442.png,3852,cable,partial_occlusion,0.0,0.0,0.9893060326576233,0.3969702635553808,2.5190803740403878,cuda,15
SAM2.1-Tiny,auto,train,data/cogar_sim_500_final/rgb/000442.png,3853,robot_gripper,partial_occlusion,0.6916773004395292,0.6620160427663399,0.8976026773452759,0.3969702635553808,2.5190803740403878,cuda,15
SAM2.1-Tiny,auto,train,data/cogar_sim_500_final/rgb/000442.png,3854,robot_gripper,partial_occlusion,0.07196947966266995,0.08524274955936549,0.8976026773452759,0.3969702635553808,2.5190803740403878,cuda,15
SAM2.1-Tiny,auto,train,data/cogar_sim_500_final/rgb/000442.png,3855,robot_gripper,partial_occlusion,0.2259445268804931,0.3854827876528962,0.8976026773452759,0.3969702635553808,2.5190803740403878,cuda,15
SAM2.1-Tiny,auto,train,data/cogar_sim_500_final/rgb/000443.png,3858,plastic_object,small_parts;partial_occlusion,0.7320307048150733,0.7077966101694915,0.8733988404273987,0.3557431302727888,2.811017037021027,cuda,13
SAM2.1-Tiny,auto,train,data/cogar_sim_500_final/rgb/000443.png,3859,connector,small_parts;partial_occlusion,0.14580908032596043,0.41958252960763814,0.9046162962913513,0.3557431302727888,2.811017037021027,cuda,13
SAM2.1-Tiny,auto,train,data/cogar_sim_500_final/rgb/000443.png,3860,tool,small_parts;reflective_metal;partial_occlusion,0.0018552875695732839,0.16882174710877823,0.8355859518051147,0.3557431302727888,2.811017037021027,cuda,13
SAM2.1-Tiny,auto,train,data/cogar_sim_500_final/rgb/000443.png,3861,screw,small_parts;partial_occlusion,0.0,0.023311852059400392,0.9868523478507996,0.3557431302727888,2.811017037021027,cuda,13
SAM2.1-Tiny,auto,train,data/cogar_sim_500_final/rgb/000443.png,3862,connector,small_parts;partial_occlusion,0.31543167912984366,0.5905707196029777,0.8355859518051147,0.3557431302727888,2.811017037021027,cuda,13
SAM2.1-Tiny,auto,train,data/cogar_sim_500_final/rgb/000443.png,3863,connector,small_parts;partial_occlusion,0.6527050610820244,0.5872151643476508,0.9046162962913513,0.3557431302727888,2.811017037021027,cuda,13
SAM2.1-Tiny,auto,train,data/cogar_sim_500_final/rgb/000443.png,3864,plastic_object,small_parts;partial_occlusion,0.8957345971563981,1.0,0.8707781434059143,0.3557431302727888,2.811017037021027,cuda,13
SAM2.1-Tiny,auto,train,data/cogar_sim_500_final/rgb/000443.png,3865,box,small_parts;partial_occlusion,0.9839766532679919,0.9946996466431096,0.972234308719635,0.3557431302727888,2.811017037021027,cuda,13
SAM2.1-Tiny,auto,train,data/cogar_sim_500_final/rgb/000443.png,3866,robot_gripper,small_parts;partial_occlusion,0.0032580525731210662,0.11458333333333334,0.8707781434059143,0.3557431302727888,2.811017037021027,cuda,13
SAM2.1-Tiny,auto,train,data/cogar_sim_500_final/rgb/000443.png,3867,robot_gripper,small_parts;partial_occlusion,0.0024306258861656878,0.1445138865679623,0.9046162962913513,0.3557431302727888,2.811017037021027,cuda,13
SAM2.1-Tiny,auto,train,data/cogar_sim_500_final/rgb/000443.png,3868,robot_gripper,small_parts;partial_occlusion,0.0,0.0019314340898116853,0.9868523478507996,0.3557431302727888,2.811017037021027,cuda,13
SAM2.1-Tiny,auto,train,data/cogar_sim_500_final/rgb/000444.png,3871,connector,dynamic_scene;small_parts,0.9599521817095039,1.0,0.9636916518211365,0.5229585078580256,1.9121975930669497,cuda,11
SAM2.1-Tiny,auto,train,data/cogar_sim_500_final/rgb/000444.png,3872,tool,dynamic_scene;reflective_metal,0.44116122343182995,0.6388443017656501,0.8596045970916748,0.5229585078580256,1.9121975930669497,cuda,11
SAM2.1-Tiny,auto,train,data/cogar_sim_500_final/rgb/000444.png,3873,glass_object,dynamic_scene;transparent_glass,0.7260265843816758,0.7242084922875444,0.9222419857978821,0.5229585078580256,1.9121975930669497,cuda,11
SAM2.1-Tiny,auto,train,data/cogar_sim_500_final/rgb/000444.png,3874,connector,dynamic_scene;small_parts,0.0,0.08729519204942252,0.9892035126686096,0.5229585078580256,1.9121975930669497,cuda,11
SAM2.1-Tiny,auto,train,data/cogar_sim_500_final/rgb/000444.png,3875,plastic_object,dynamic_scene,0.9649805447470817,1.0,0.9340624213218689,0.5229585078580256,1.9121975930669497,cuda,11
SAM2.1-Tiny,auto,train,data/cogar_sim_500_final/rgb/000444.png,3876,plastic_object,dynamic_scene,0.9802285506983494,1.0,0.9478625059127808,0.5229585078580256,1.9121975930669497,cuda,11
SAM2.1-Tiny,auto,train,data/cogar_sim_500_final/rgb/000444.png,3877,glass_object,dynamic_scene;transparent_glass,0.1539027027027027,0.1478526167566299,0.8578526377677917,0.5229585078580256,1.9121975930669497,cuda,11
SAM2.1-Tiny,auto,train,data/cogar_sim_500_final/rgb/000445.png,3880,tool,reflective_metal,0.9544782507197883,0.99721059972106,0.9866724014282227,0.6477561311670191,1.543790868020603,cuda,12
SAM2.1-Tiny,auto,train,data/cogar_sim_500_final/rgb/000445.png,3881,metal_part,reflective_metal,0.9724103750206509,0.9802497915705463,0.9839994311332703,0.6477561311670191,1.543790868020603,cuda,12
SAM2.1-Tiny,auto,train,data/cogar_sim_500_final/rgb/000445.png,3882,box,reflective_metal,0.9945744541770166,1.0,0.9893723130226135,0.6477561311670191,1.543790868020603,cuda,12
SAM2.1-Tiny,auto,train,data/cogar_sim_500_final/rgb/000445.png,3883,box,reflective_metal,0.9940909090909091,0.9884444444444445,0.9609327912330627,0.6477561311670191,1.543790868020603,cuda,12
SAM2.1-Tiny,auto,train,data/cogar_sim_500_final/rgb/000445.png,3884,metal_part,reflective_metal,0.9222236721910478,0.8547189819724285,0.9746324419975281,0.6477561311670191,1.543790868020603,cuda,12
SAM2.1-Tiny,auto,train,data/cogar_sim_500_final/rgb/000445.png,3885,cable,reflective_metal,0.7962962962962963,0.7451160418260647,0.9182281494140625,0.6477561311670191,1.543790868020603,cuda,12
SAM2.1-Tiny,auto,train,data/cogar_sim_500_final/rgb/000446.png,3887,plastic_object,transparent_glass;partial_occlusion,0.9846375915042788,1.0,0.8982486724853516,0.45114120599949575,2.2166008928058716,cuda,19
SAM2.1-Tiny,auto,train,data/cogar_sim_500_final/rgb/000446.png,3888,glass_object,transparent_glass;partial_occlusion,0.372619143293418,0.31895314016928067,0.8030272126197815,0.45114120599949575,2.2166008928058716,cuda,19
SAM2.1-Tiny,auto,train,data/cogar_sim_500_final/rgb/000446.png,3889,box,transparent_glass;partial_occlusion,0.9873395228999156,1.0,0.9114186763763428,0.45114120599949575,2.2166008928058716,cuda,19
SAM2.1-Tiny,auto,train,data/cogar_sim_500_final/rgb/000446.png,3890,box,transparent_glass;partial_occlusion,0.988499659529394,0.9991111111111112,0.9880155920982361,0.45114120599949575,2.2166008928058716,cuda,19
SAM2.1-Tiny,auto,train,data/cogar_sim_500_final/rgb/000446.png,3891,glass_object,transparent_glass;partial_occlusion,0.004152882381924404,0.37012427710102125,0.8030272126197815,0.45114120599949575,2.2166008928058716,cuda,19
SAM2.1-Tiny,auto,train,data/cogar_sim_500_final/rgb/000446.png,3892,cable,transparent_glass;partial_occlusion,0.7196942118674918,0.6471591462820387,0.8686323761940002,0.45114120599949575,2.2166008928058716,cuda,19
SAM2.1-Tiny,auto,train,data/cogar_sim_500_final/rgb/000446.png,3893,robot_gripper,transparent_glass;partial_occlusion,0.6083081788127066,0.6503145682950603,0.8550215363502502,0.45114120599949575,2.2166008928058716,cuda,19
SAM2.1-Tiny,auto,train,data/cogar_sim_500_final/rgb/000446.png,3894,robot_gripper,transparent_glass;partial_occlusion,0.05831721470019342,0.13400941687794277,0.8550215363502502,0.45114120599949575,2.2166008928058716,cuda,19
SAM2.1-Tiny,auto,train,data/cogar_sim_500_final/rgb/000446.png,3895,robot_gripper,transparent_glass;partial_occlusion,0.3209328945485763,0.45696472131534155,0.8550215363502502,0.45114120599949575,2.2166008928058716,cuda,19
SAM2.1-Tiny,auto,train,data/cogar_sim_500_final/rgb/000447.png,3898,plastic_object,partial_occlusion,0.9922515273431679,1.0,0.982151985168457,0.428116974333534,2.3358102106480083,cuda,17
SAM2.1-Tiny,auto,train,data/cogar_sim_500_final/rgb/000447.png,3899,box,partial_occlusion,0.9916964594625765,1.0,0.9750231504440308,0.428116974333534,2.3358102106480083,cuda,17
SAM2.1-Tiny,auto,train,data/cogar_sim_500_final/rgb/000447.png,3900,plastic_object,partial_occlusion,0.9853469726292508,1.0,0.9883435964584351,0.428116974333534,2.3358102106480083,cuda,17
SAM2.1-Tiny,auto,train,data/cogar_sim_500_final/rgb/000447.png,3901,tool,partial_occlusion;reflective_metal,0.9767252604166666,1.0,0.9884420037269592,0.428116974333534,2.3358102106480083,cuda,17
SAM2.1-Tiny,auto,train,data/cogar_sim_500_final/rgb/000447.png,3902,screw,partial_occlusion;small_parts,0.0,0.0,0.9884420037269592,0.428116974333534,2.3358102106480083,cuda,17
SAM2.1-Tiny,auto,train,data/cogar_sim_500_final/rgb/000447.png,3903,glass_object,partial_occlusion;transparent_glass,0.9703658905352283,0.9411500196728684,0.9756888747215271,0.428116974333534,2.3358102106480083,cuda,17
SAM2.1-Tiny,auto,train,data/cogar_sim_500_final/rgb/000447.png,3904,robot_gripper,partial_occlusion,0.9507509419943746,0.8806635661888095,0.8702325224876404,0.428116974333534,2.3358102106480083,cuda,17
SAM2.1-Tiny,auto,train,data/cogar_sim_500_final/rgb/000447.png,3905,robot_gripper,partial_occlusion,0.9645654606490116,1.0,0.9394596219062805,0.428116974333534,2.3358102106480083,cuda,17
SAM2.1-Tiny,auto,train,data/cogar_sim_500_final/rgb/000447.png,3906,robot_gripper,partial_occlusion,0.8258176891813431,0.8071967005355036,0.861187756061554,0.428116974333534,2.3358102106480083,cuda,17
SAM2.1-Tiny,auto,train,data/cogar_sim_500_final/rgb/000448.png,3909,metal_part,small_parts;reflective_metal;partial_occlusion,0.6312928385724415,0.7106399941426746,0.906457245349884,0.31865740566657524,3.1381665143108033,cuda,22
SAM2.1-Tiny,auto,train,data/cogar_sim_500_final/rgb/000448.png,3910,connector,small_parts;partial_occlusion,0.9869209809264305,1.0,0.983913779258728,0.31865740566657524,3.1381665143108033,cuda,22
SAM2.1-Tiny,auto,train,data/cogar_sim_500_final/rgb/000448.png,3911,screw,small_parts;partial_occlusion,0.0,0.0,0.9883329272270203,0.31865740566657524,3.1381665143108033,cuda,22
SAM2.1-Tiny,auto,train,data/cogar_sim_500_final/rgb/000448.png,3912,screw,small_parts;partial_occlusion,0.0,0.0,0.9883329272270203,0.31865740566657524,3.1381665143108033,cuda,22
SAM2.1-Tiny,auto,train,data/cogar_sim_500_final/rgb/000448.png,3913,screw,small_parts;partial_occlusion,0.7616580310880829,0.8030700112317484,0.9278571605682373,0.31865740566657524,3.1381665143108033,cuda,22
SAM2.1-Tiny,auto,train,data/cogar_sim_500_final/rgb/000448.png,3914,connector,small_parts;partial_occlusion,0.9629302736098853,1.0,0.9542505741119385,0.31865740566657524,3.1381665143108033,cuda,22
SAM2.1-Tiny,auto,train,data/cogar_sim_500_final/rgb/000448.png,3915,box,small_parts;partial_occlusion,0.9881839198561521,0.9935298346513299,0.9365085959434509,0.31865740566657524,3.1381665143108033,cuda,22
SAM2.1-Tiny,auto,train,data/cogar_sim_500_final/rgb/000448.png,3916,screw,small_parts;partial_occlusion,0.8578431372549019,0.9618320610687023,0.8898484706878662,0.31865740566657524,3.1381665143108033,cuda,22
SAM2.1-Tiny,auto,train,data/cogar_sim_500_final/rgb/000448.png,3917,box,small_parts;partial_occlusion,0.9799957437752713,0.9882772378082425,0.957404613494873,0.31865740566657524,3.1381665143108033,cuda,22
SAM2.1-Tiny,auto,train,data/cogar_sim_500_final/rgb/000448.png,3918,robot_gripper,small_parts;partial_occlusion,0.7936699685914472,0.7427832158176421,0.9719306230545044,0.31865740566657524,3.1381665143108033,cuda,22
SAM2.1-Tiny,auto,train,data/cogar_sim_500_final/rgb/000448.png,3919,robot_gripper,small_parts;partial_occlusion,0.9240282685512368,0.9264011263511672,0.9289339780807495,0.31865740566657524,3.1381665143108033,cuda,22
SAM2.1-Tiny,auto,train,data/cogar_sim_500_final/rgb/000448.png,3920,robot_gripper,small_parts;partial_occlusion,0.7954945441745864,0.8238829498990098,0.9207424521446228,0.31865740566657524,3.1381665143108033,cuda,22
SAM2.1-Tiny,auto,train,data/cogar_sim_500_final/rgb/000449.png,3923,plastic_object,dynamic_scene,0.9819015444015444,1.0,0.9666032195091248,0.4800744445001328,2.083010273627934,cuda,20
SAM2.1-Tiny,auto,train,data/cogar_sim_500_final/rgb/000449.png,3924,plastic_object,dynamic_scene,0.9896719319562576,1.0,0.9858664870262146,0.4800744445001328,2.083010273627934,cuda,20
SAM2.1-Tiny,auto,train,data/cogar_sim_500_final/rgb/000449.png,3925,metal_part,dynamic_scene;reflective_metal,0.9761374482978047,1.0,0.9732192754745483,0.4800744445001328,2.083010273627934,cuda,20
SAM2.1-Tiny,auto,train,data/cogar_sim_500_final/rgb/000449.png,3926,metal_part,dynamic_scene;reflective_metal,0.959498003422704,1.0,0.8942203521728516,0.4800744445001328,2.083010273627934,cuda,20
SAM2.1-Tiny,auto,train,data/cogar_sim_500_final/rgb/000449.png,3927,plastic_object,dynamic_scene,0.9805589307411907,1.0,0.9575192928314209,0.4800744445001328,2.083010273627934,cuda,20
SAM2.1-Tiny,auto,train,data/cogar_sim_500_final/rgb/000449.png,3928,plastic_object,dynamic_scene,0.9860816944024205,1.0,0.9870457649230957,0.4800744445001328,2.083010273627934,cuda,20
SAM2.1-Tiny,auto,train,data/cogar_sim_500_final/rgb/000449.png,3929,metal_part,dynamic_scene;reflective_metal,0.976878612716763,1.0,0.9726110696792603,0.4800744445001328,2.083010273627934,cuda,20
SAM2.1-Tiny,auto,train,data/cogar_sim_500_final/rgb/000449.png,3930,plastic_object,dynamic_scene,0.9901679019815459,1.0,0.9725138545036316,0.4800744445001328,2.083010273627934,cuda,20
SAM2.1-Tiny,auto,train,data/cogar_sim_500_final/rgb/000450.png,3933,metal_part,reflective_metal;partial_occlusion,0.9434007134363852,0.9283346878202183,0.9158489108085632,0.6910089096672891,1.4471593434033805,cuda,8
SAM2.1-Tiny,auto,train,data/cogar_sim_500_final/rgb/000450.png,3934,tool,reflective_metal;partial_occlusion,8.447113390978483e-05,0.22123886990125574,0.9845786094665527,0.6910089096672891,1.4471593434033805,cuda,8
SAM2.1-Tiny,auto,train,data/cogar_sim_500_final/rgb/000450.png,3935,connector,reflective_metal;partial_occlusion;small_parts,0.9706430568499534,1.0,0.9770298004150391,0.6910089096672891,1.4471593434033805,cuda,8
SAM2.1-Tiny,auto,train,data/cogar_sim_500_final/rgb/000450.png,3936,robot_gripper,reflective_metal;partial_occlusion,0.8114641477028768,0.7950202015460771,0.9053620100021362,0.6910089096672891,1.4471593434033805,cuda,8
SAM2.1-Tiny,auto,train,data/cogar_sim_500_final/rgb/000450.png,3937,robot_gripper,reflective_metal;partial_occlusion,0.5850580514891469,0.6108144694291946,0.8456178903579712,0.6910089096672891,1.4471593434033805,cuda,8
SAM2.1-Tiny,auto,train,data/cogar_sim_500_final/rgb/000450.png,3938,robot_gripper,reflective_metal;partial_occlusion,0.8842062193126022,0.8940695788018987,0.9399873614311218,0.6910089096672891,1.4471593434033805,cuda,8
SAM2.1-Tiny,auto,train,data/cogar_sim_500_final/rgb/000452.png,3941,plastic_object,partial_occlusion,0.980859208847299,1.0,0.9839600920677185,0.5047765190001883,1.9810747179379535,cuda,15
SAM2.1-Tiny,auto,train,data/cogar_sim_500_final/rgb/000452.png,3942,plastic_object,partial_occlusion,0.9870728273390503,1.0,0.9776516556739807,0.5047765190001883,1.9810747179379535,cuda,15
SAM2.1-Tiny,auto,train,data/cogar_sim_500_final/rgb/000452.png,3943,plastic_object,partial_occlusion,0.992503554349231,1.0,0.9851899743080139,0.5047765190001883,1.9810747179379535,cuda,15
SAM2.1-Tiny,auto,train,data/cogar_sim_500_final/rgb/000452.png,3944,box,partial_occlusion,0.0014979029358897543,0.05010130779149014,0.9280634522438049,0.5047765190001883,1.9810747179379535,cuda,15
SAM2.1-Tiny,auto,train,data/cogar_sim_500_final/rgb/000452.png,3945,cable,partial_occlusion,0.9566041311351147,0.9987684729064039,0.8982849717140198,0.5047765190001883,1.9810747179379535,cuda,15
SAM2.1-Tiny,auto,train,data/cogar_sim_500_final/rgb/000452.png,3946,robot_gripper,partial_occlusion,0.014692751034986606,0.3162566650508968,0.9060897827148438,0.5047765190001883,1.9810747179379535,cuda,15
SAM2.1-Tiny,auto,train,data/cogar_sim_500_final/rgb/000452.png,3947,robot_gripper,partial_occlusion,0.9723716381418093,1.0,0.9792056679725647,0.5047765190001883,1.9810747179379535,cuda,15
SAM2.1-Tiny,auto,train,data/cogar_sim_500_final/rgb/000452.png,3948,robot_gripper,partial_occlusion,0.6878718535469107,0.7692307692307693,0.9581745266914368,0.5047765190001883,1.9810747179379535,cuda,15
SAM2.1-Tiny,auto,val,data/cogar_sim_500_final/rgb/000453.png,3951,connector,small_parts;partial_occlusion,0.0,0.0,0.9884995818138123,0.3827780090003216,2.612480279657758,cuda,10
SAM2.1-Tiny,auto,val,data/cogar_sim_500_final/rgb/000453.png,3952,connector,small_parts;partial_occlusion,0.9667405764966741,1.0,0.9838913083076477,0.3827780090003216,2.612480279657758,cuda,10
SAM2.1-Tiny,auto,val,data/cogar_sim_500_final/rgb/000453.png,3953,screw,small_parts;partial_occlusion,0.9774011299435028,1.0,0.9684726595878601,0.3827780090003216,2.612480279657758,cuda,10
SAM2.1-Tiny,auto,val,data/cogar_sim_500_final/rgb/000453.png,3954,screw,small_parts;partial_occlusion,0.9661016949152542,1.0,0.9524725675582886,0.3827780090003216,2.612480279657758,cuda,10
SAM2.1-Tiny,auto,val,data/cogar_sim_500_final/rgb/000453.png,3955,cable,small_parts;partial_occlusion,0.9784063260340633,1.0,0.9520254731178284,0.3827780090003216,2.612480279657758,cuda,10
SAM2.1-Tiny,auto,val,data/cogar_sim_500_final/rgb/000453.png,3956,cable,small_parts;partial_occlusion,0.6896918172157279,0.7956349206349207,0.935069739818573,0.3827780090003216,2.612480279657758,cuda,10
SAM2.1-Tiny,auto,val,data/cogar_sim_500_final/rgb/000453.png,3957,tool,small_parts;reflective_metal;partial_occlusion,0.9310639753677729,1.0,0.9019586443901062,0.3827780090003216,2.612480279657758,cuda,10
SAM2.1-Tiny,auto,val,data/cogar_sim_500_final/rgb/000453.png,3958,robot_gripper,small_parts;partial_occlusion,0.9077459399710909,0.892193136272545,0.9379165172576904,0.3827780090003216,2.612480279657758,cuda,10
SAM2.1-Tiny,auto,val,data/cogar_sim_500_final/rgb/000453.png,3959,robot_gripper,small_parts;partial_occlusion,0.0011953833470733717,0.1307157315617377,0.9379165172576904,0.3827780090003216,2.612480279657758,cuda,10
SAM2.1-Tiny,auto,val,data/cogar_sim_500_final/rgb/000453.png,3960,robot_gripper,small_parts;partial_occlusion,0.07961388971938667,0.1521914648212226,0.9379165172576904,0.3827780090003216,2.612480279657758,cuda,10
SAM2.1-Tiny,auto,val,data/cogar_sim_500_final/rgb/000454.png,3962,plastic_object,dynamic_scene;partial_occlusion,0.0004148035075784601,0.10361443919342236,0.9920539855957031,0.45137690466637853,2.2154434346593774,cuda,10
SAM2.1-Tiny,auto,val,data/cogar_sim_500_final/rgb/000454.png,3963,plastic_object,dynamic_scene;partial_occlusion,0.9289617486338798,0.9342337366142224,0.9670168161392212,0.45137690466637853,2.2154434346593774,cuda,10
SAM2.1-Tiny,auto,val,data/cogar_sim_500_final/rgb/000454.png,3964,plastic_object,dynamic_scene;partial_occlusion,2.4895645751558052e-05,0.030333919329502194,0.9920539855957031,0.45137690466637853,2.2154434346593774,cuda,10
SAM2.1-Tiny,auto,val,data/cogar_sim_500_final/rgb/000454.png,3965,plastic_object,dynamic_scene;partial_occlusion,0.9759547383309759,0.9766666666666667,0.8524699807167053,0.45137690466637853,2.2154434346593774,cuda,10
SAM2.1-Tiny,auto,val,data/cogar_sim_500_final/rgb/000454.png,3966,metal_part,dynamic_scene;reflective_metal;partial_occlusion,0.9785247432306255,1.0,0.9772207140922546,0.45137690466637853,2.2154434346593774,cuda,10
SAM2.1-Tiny,auto,val,data/cogar_sim_500_final/rgb/000454.png,3967,plastic_object,dynamic_scene;partial_occlusion,0.9874253379440427,1.0,0.9779883623123169,0.45137690466637853,2.2154434346593774,cuda,10
SAM2.1-Tiny,auto,val,data/cogar_sim_500_final/rgb/000454.png,3968,robot_gripper,dynamic_scene;partial_occlusion,0.27910346826393584,0.4487028365649771,0.8594043254852295,0.45137690466637853,2.2154434346593774,cuda,10
SAM2.1-Tiny,auto,val,data/cogar_sim_500_final/rgb/000454.png,3969,robot_gripper,dynamic_scene;partial_occlusion,0.046331435800126504,0.17455189201150695,0.8594043254852295,0.45137690466637853,2.2154434346593774,cuda,10
SAM2.1-Tiny,auto,val,data/cogar_sim_500_final/rgb/000454.png,3970,robot_gripper,dynamic_scene;partial_occlusion,0.003728766744924734,0.08794974300399772,0.8594043254852295,0.45137690466637853,2.2154434346593774,cuda,10
SAM2.1-Tiny,auto,val,data/cogar_sim_500_final/rgb/000456.png,3975,glass_object,transparent_glass,0.9844908199338579,1.0,0.9075673818588257,0.39373080877703615,2.5398063288623294,cuda,13
SAM2.1-Tiny,auto,val,data/cogar_sim_500_final/rgb/000456.png,3976,cable,transparent_glass,0.8326537013801757,0.9423944266087839,0.9558616876602173,0.39373080877703615,2.5398063288623294,cuda,13
SAM2.1-Tiny,auto,val,data/cogar_sim_500_final/rgb/000456.png,3977,plastic_object,transparent_glass,0.9641812865497076,1.0,0.936296820640564,0.39373080877703615,2.5398063288623294,cuda,13
SAM2.1-Tiny,auto,val,data/cogar_sim_500_final/rgb/000456.png,3978,glass_object,transparent_glass,0.27269331341053415,0.0,0.905479371547699,0.39373080877703615,2.5398063288623294,cuda,13
SAM2.1-Tiny,auto,val,data/cogar_sim_500_final/rgb/000456.png,3980,box,transparent_glass,0.0,0.0,0.9806963801383972,0.39373080877703615,2.5398063288623294,cuda,13
SAM2.1-Tiny,auto,val,data/cogar_sim_500_final/rgb/000456.png,3981,plastic_object,transparent_glass,0.7051024507834471,0.7407601229803101,0.9587852954864502,0.39373080877703615,2.5398063288623294,cuda,13
SAM2.1-Tiny,auto,val,data/cogar_sim_500_final/rgb/000456.png,3982,plastic_object,transparent_glass,0.9873966128397007,1.0,0.9806963801383972,0.39373080877703615,2.5398063288623294,cuda,13
SAM2.1-Tiny,auto,val,data/cogar_sim_500_final/rgb/000456.png,3983,metal_part,transparent_glass;reflective_metal,0.9634089856415007,1.0,0.9178335070610046,0.39373080877703615,2.5398063288623294,cuda,13
SAM2.1-Tiny,auto,val,data/cogar_sim_500_final/rgb/000456.png,3984,glass_object,transparent_glass,0.0,0.0,0.9806963801383972,0.39373080877703615,2.5398063288623294,cuda,13
SAM2.1-Tiny,auto,val,data/cogar_sim_500_final/rgb/000457.png,3986,plastic_object,partial_occlusion,0.9536231884057971,1.0,0.9443436861038208,0.5336777334996441,1.8737899995234988,cuda,14
SAM2.1-Tiny,auto,val,data/cogar_sim_500_final/rgb/000457.png,3987,cable,partial_occlusion,0.7294990723562153,0.6247125600349295,0.9623971581459045,0.5336777334996441,1.8737899995234988,cuda,14
SAM2.1-Tiny,auto,val,data/cogar_sim_500_final/rgb/000457.png,3988,tool,partial_occlusion;reflective_metal,0.917644981904846,0.75177304964539,0.9783454537391663,0.5336777334996441,1.8737899995234988,cuda,14
SAM2.1-Tiny,auto,val,data/cogar_sim_500_final/rgb/000457.png,3989,metal_part,partial_occlusion;reflective_metal,0.9732348869404707,1.0,0.9741908311843872,0.5336777334996441,1.8737899995234988,cuda,14
SAM2.1-Tiny,auto,val,data/cogar_sim_500_final/rgb/000457.png,3990,metal_part,partial_occlusion;reflective_metal,0.9697667722430175,1.0,0.974412739276886,0.5336777334996441,1.8737899995234988,cuda,14
SAM2.1-Tiny,auto,val,data/cogar_sim_500_final/rgb/000457.png,3991,robot_gripper,partial_occlusion,0.6816926503340758,0.7015532900213771,0.95316481590271,0.5336777334996441,1.8737899995234988,cuda,14
SAM2.1-Tiny,auto,val,data/cogar_sim_500_final/rgb/000457.png,3992,robot_gripper,partial_occlusion,0.9570877531340405,1.0,0.9466469883918762,0.5336777334996441,1.8737899995234988,cuda,14
SAM2.1-Tiny,auto,val,data/cogar_sim_500_final/rgb/000457.png,3993,robot_gripper,partial_occlusion,0.976568551510457,1.0,0.9464303851127625,0.5336777334996441,1.8737899995234988,cuda,14
SAM2.1-Tiny,auto,val,data/cogar_sim_500_final/rgb/000458.png,3995,screw,small_parts,0.8913043478260869,0.9424103498084532,0.9536781311035156,0.3257165408459304,3.0701541819241456,cuda,10
SAM2.1-Tiny,auto,val,data/cogar_sim_500_final/rgb/000458.png,3996,screw,small_parts,0.8264462809917356,0.9563691473239211,0.9564164280891418,0.3257165408459304,3.0701541819241456,cuda,10
SAM2.1-Tiny,auto,val,data/cogar_sim_500_final/rgb/000458.png,3997,screw,small_parts,3.500689635858264e-06,0.03522281393165684,0.9924875497817993,0.3257165408459304,3.0701541819241456,cuda,10
SAM2.1-Tiny,auto,val,data/cogar_sim_500_final/rgb/000458.png,3998,connector,small_parts,0.8469733656174334,0.8247017175822734,0.9559499621391296,0.3257165408459304,3.0701541819241456,cuda,10
SAM2.1-Tiny,auto,val,data/cogar_sim_500_final/rgb/000458.png,3999,connector,small_parts,0.896280775275013,0.8642905178211163,0.9595873355865479,0.3257165408459304,3.0701541819241456,cuda,10
SAM2.1-Tiny,auto,val,data/cogar_sim_500_final/rgb/000458.png,4000,connector,small_parts,0.8461318869540394,0.6946885045155365,0.9642406105995178,0.3257165408459304,3.0701541819241456,cuda,10
SAM2.1-Tiny,auto,val,data/cogar_sim_500_final/rgb/000458.png,4001,connector,small_parts,0.8199802176063303,0.708502024291498,0.9495988488197327,0.3257165408459304,3.0701541819241456,cuda,10
SAM2.1-Tiny,auto,val,data/cogar_sim_500_final/rgb/000458.png,4002,screw,small_parts,0.7385057471264368,0.7599999999999999,0.9544734954833984,0.3257165408459304,3.0701541819241456,cuda,10
SAM2.1-Tiny,auto,val,data/cogar_sim_500_final/rgb/000458.png,4003,screw,small_parts,0.0,0.028341571143127565,0.9924875497817993,0.3257165408459304,3.0701541819241456,cuda,10
SAM2.1-Tiny,auto,val,data/cogar_sim_500_final/rgb/000458.png,4004,screw,small_parts,0.0,0.013415742184432804,0.9924875497817993,0.3257165408459304,3.0701541819241456,cuda,10
SAM2.1-Tiny,auto,val,data/cogar_sim_500_final/rgb/000458.png,4005,connector,small_parts,0.8465346534653465,0.7856269204379345,0.9630971550941467,0.3257165408459304,3.0701541819241456,cuda,10
SAM2.1-Tiny,auto,val,data/cogar_sim_500_final/rgb/000458.png,4006,cable,small_parts,0.8365251179572578,0.9968414403032217,0.9482035636901855,0.3257165408459304,3.0701541819241456,cuda,10
SAM2.1-Tiny,auto,val,data/cogar_sim_500_final/rgb/000458.png,4007,screw,small_parts,0.0,0.03646739905835355,0.9924875497817993,0.3257165408459304,3.0701541819241456,cuda,10
SAM2.1-Tiny,auto,val,data/cogar_sim_500_final/rgb/000459.png,4009,glass_object,dynamic_scene;transparent_glass,0.989747131321717,1.0,0.9718635082244873,0.6693947466665122,1.4938868358018247,cuda,14
SAM2.1-Tiny,auto,val,data/cogar_sim_500_final/rgb/000459.png,4010,box,dynamic_scene,0.9792763526380643,1.0,0.9701910018920898,0.6693947466665122,1.4938868358018247,cuda,14
SAM2.1-Tiny,auto,val,data/cogar_sim_500_final/rgb/000459.png,4011,plastic_object,dynamic_scene,0.9811827956989247,1.0,0.986639142036438,0.6693947466665122,1.4938868358018247,cuda,14
SAM2.1-Tiny,auto,val,data/cogar_sim_500_final/rgb/000459.png,4012,connector,dynamic_scene;small_parts,0.9640287769784173,1.0,0.9540027379989624,0.6693947466665122,1.4938868358018247,cuda,14
SAM2.1-Tiny,auto,val,data/cogar_sim_500_final/rgb/000459.png,4013,plastic_object,dynamic_scene,0.9800977653631285,1.0,0.9767377972602844,0.6693947466665122,1.4938868358018247,cuda,14
SAM2.1-Tiny,auto,val,data/cogar_sim_500_final/rgb/000459.png,4014,cable,dynamic_scene,0.9570871261378413,1.0,0.9329039454460144,0.6693947466665122,1.4938868358018247,cuda,14
SAM2.1-Tiny,auto,val,data/cogar_sim_500_final/rgb/000461.png,4019,glass_object,transparent_glass;partial_occlusion,0.03237105930667955,0.1776807980049875,0.9456709027290344,0.587716792286041,1.7014997922899253,cuda,14
SAM2.1-Tiny,auto,val,data/cogar_sim_500_final/rgb/000461.png,4020,connector,transparent_glass;partial_occlusion;small_parts,0.9534974599452911,0.9852941176470589,0.9593179225921631,0.587716792286041,1.7014997922899253,cuda,14
SAM2.1-Tiny,auto,val,data/cogar_sim_500_final/rgb/000461.png,4021,plastic_object,transparent_glass;partial_occlusion,0.9831539074960127,1.0,0.9911302328109741,0.587716792286041,1.7014997922899253,cuda,14
SAM2.1-Tiny,auto,val,data/cogar_sim_500_final/rgb/000461.png,4022,box,transparent_glass;partial_occlusion,0.9885220889104653,0.9822901063019651,0.9735986590385437,0.587716792286041,1.7014997922899253,cuda,14
SAM2.1-Tiny,auto,val,data/cogar_sim_500_final/rgb/000461.png,4023,robot_gripper,transparent_glass;partial_occlusion,0.9730757047830219,0.9002517421284979,0.9338628649711609,0.587716792286041,1.7014997922899253,cuda,14
SAM2.1-Tiny,auto,val,data/cogar_sim_500_final/rgb/000461.png,4024,robot_gripper,transparent_glass;partial_occlusion,0.008356844398414342,0.32850841220934096,0.9338628649711609,0.587716792286041,1.7014997922899253,cuda,14
SAM2.1-Tiny,auto,val,data/cogar_sim_500_final/rgb/000461.png,4025,robot_gripper,transparent_glass;partial_occlusion,0.894659191501918,0.8147480212403566,0.9456709027290344,0.587716792286041,1.7014997922899253,cuda,14
SAM2.1-Tiny,auto,val,data/cogar_sim_500_final/rgb/000462.png,4028,cable,partial_occlusion,0.9035433070866141,1.0,0.9645608067512512,0.471253601999706,2.1219996956131997,cuda,15
SAM2.1-Tiny,auto,val,data/cogar_sim_500_final/rgb/000462.png,4029,box,partial_occlusion,0.9911545427741039,1.0,0.9554241895675659,0.471253601999706,2.1219996956131997,cuda,15
SAM2.1-Tiny,auto,val,data/cogar_sim_500_final/rgb/000462.png,4030,plastic_object,partial_occlusion,0.9817656616717819,1.0,0.9661903977394104,0.471253601999706,2.1219996956131997,cuda,15
SAM2.1-Tiny,auto,val,data/cogar_sim_500_final/rgb/000462.png,4031,cable,partial_occlusion,0.9465804695474651,0.9990485252140818,0.9586188197135925,0.471253601999706,2.1219996956131997,cuda,15
SAM2.1-Tiny,auto,val,data/cogar_sim_500_final/rgb/000462.png,4032,tool,partial_occlusion;reflective_metal,0.9071207430340558,0.8024517757346313,0.9589706063270569,0.471253601999706,2.1219996956131997,cuda,15
SAM2.1-Tiny,auto,val,data/cogar_sim_500_final/rgb/000462.png,4033,glass_object,partial_occlusion;transparent_glass,0.9702627939142462,0.9806735084580862,0.9711200594902039,0.471253601999706,2.1219996956131997,cuda,15
SAM2.1-Tiny,auto,val,data/cogar_sim_500_final/rgb/000462.png,4034,robot_gripper,partial_occlusion,0.8731808731808732,0.8588265768682813,0.9824652671813965,0.471253601999706,2.1219996956131997,cuda,15
SAM2.1-Tiny,auto,val,data/cogar_sim_500_final/rgb/000462.png,4035,robot_gripper,partial_occlusion,0.9821667409719126,1.0,0.915368914604187,0.471253601999706,2.1219996956131997,cuda,15
SAM2.1-Tiny,auto,val,data/cogar_sim_500_final/rgb/000463.png,4038,screw,small_parts;partial_occlusion,0.010972379871358306,0.29729729729729726,0.953009843826294,0.2631977756667766,3.799424206631811,cuda,20
SAM2.1-Tiny,auto,val,data/cogar_sim_500_final/rgb/000463.png,4039,tool,small_parts;reflective_metal;partial_occlusion,0.969449485783424,1.0,0.9652220606803894,0.2631977756667766,3.799424206631811,cuda,20
SAM2.1-Tiny,auto,val,data/cogar_sim_500_final/rgb/000463.png,4040,connector,small_parts;partial_occlusion,0.9725848563968669,1.0,0.9479973912239075,0.2631977756667766,3.799424206631811,cuda,20
SAM2.1-Tiny,auto,val,data/cogar_sim_500_final/rgb/000463.png,4041,connector,small_parts;partial_occlusion,0.0008852168781351431,0.10670790643727045,0.9460225701332092,0.2631977756667766,3.799424206631811,cuda,20
SAM2.1-Tiny,auto,val,data/cogar_sim_500_final/rgb/000463.png,4042,connector,small_parts;partial_occlusion,0.958041958041958,0.9866666666666666,0.907745897769928,0.2631977756667766,3.799424206631811,cuda,20
SAM2.1-Tiny,auto,val,data/cogar_sim_500_final/rgb/000463.png,4043,connector,small_parts;partial_occlusion,0.9585605234460196,1.0,0.9598130583763123,0.2631977756667766,3.799424206631811,cuda,20
SAM2.1-Tiny,auto,val,data/cogar_sim_500_final/rgb/000463.png,4044,screw,small_parts;partial_occlusion,0.015359297860669226,0.2232142857142857,0.9675154089927673,0.2631977756667766,3.799424206631811,cuda,20
SAM2.1-Tiny,auto,val,data/cogar_sim_500_final/rgb/000463.png,4045,box,small_parts;partial_occlusion,0.8777493606138107,0.7254394727181142,0.9291506409645081,0.2631977756667766,3.799424206631811,cuda,20
SAM2.1-Tiny,auto,val,data/cogar_sim_500_final/rgb/000463.png,4046,connector,small_parts;partial_occlusion,0.9459757442116868,0.9873800328093313,0.9675154089927673,0.2631977756667766,3.799424206631811,cuda,20
SAM2.1-Tiny,auto,val,data/cogar_sim_500_final/rgb/000463.png,4047,metal_part,small_parts;reflective_metal;partial_occlusion,0.9659217877094972,0.998165137614679,0.9669502973556519,0.2631977756667766,3.799424206631811,cuda,20
SAM2.1-Tiny,auto,val,data/cogar_sim_500_final/rgb/000463.png,4048,metal_part,small_parts;reflective_metal;partial_occlusion,0.009558823529411765,0.2277106323349098,0.9364258050918579,0.2631977756667766,3.799424206631811,cuda,20
SAM2.1-Tiny,auto,val,data/cogar_sim_500_final/rgb/000463.png,4049,connector,small_parts;partial_occlusion,0.9457917261055635,1.0,0.9566190838813782,0.2631977756667766,3.799424206631811,cuda,20
SAM2.1-Tiny,auto,val,data/cogar_sim_500_final/rgb/000463.png,4050,robot_gripper,small_parts;partial_occlusion,0.9577410679984633,0.9247115986526365,0.9234503507614136,0.2631977756667766,3.799424206631811,cuda,20
SAM2.1-Tiny,auto,val,data/cogar_sim_500_final/rgb/000463.png,4051,robot_gripper,small_parts;partial_occlusion,0.7201834862385321,0.7795859248530289,0.9364258050918579,0.2631977756667766,3.799424206631811,cuda,20
SAM2.1-Tiny,auto,val,data/cogar_sim_500_final/rgb/000463.png,4052,robot_gripper,small_parts;partial_occlusion,0.925207756232687,0.9158686730506155,0.9454087615013123,0.2631977756667766,3.799424206631811,cuda,20
SAM2.1-Tiny,auto,val,data/cogar_sim_500_final/rgb/000464.png,4055,cable,dynamic_scene;partial_occlusion,0.006917755572636433,0.1417322834645669,0.8759996891021729,0.524037302999724,1.9082610994975806,cuda,13
SAM2.1-Tiny,auto,val,data/cogar_sim_500_final/rgb/000464.png,4056,metal_part,dynamic_scene;reflective_metal;partial_occlusion,0.9763406940063092,1.0,0.8596276044845581,0.524037302999724,1.9082610994975806,cuda,13
SAM2.1-Tiny,auto,val,data/cogar_sim_500_final/rgb/000464.png,4057,plastic_object,dynamic_scene;partial_occlusion,0.9737742303306728,0.9971988795518207,0.974363386631012,0.524037302999724,1.9082610994975806,cuda,13
SAM2.1-Tiny,auto,val,data/cogar_sim_500_final/rgb/000464.png,4058,glass_object,dynamic_scene;transparent_glass;partial_occlusion,0.13665565896127288,0.3385650039874703,0.9367173314094543,0.524037302999724,1.9082610994975806,cuda,13
SAM2.1-Tiny,auto,val,data/cogar_sim_500_final/rgb/000464.png,4059,robot_gripper,dynamic_scene;partial_occlusion,0.0019818799546998866,0.2036948115949354,0.9478493332862854,0.524037302999724,1.9082610994975806,cuda,13
SAM2.1-Tiny,auto,val,data/cogar_sim_500_final/rgb/000464.png,4060,robot_gripper,dynamic_scene;partial_occlusion,0.7576257213520198,0.7932330827067668,0.943389892578125,0.524037302999724,1.9082610994975806,cuda,13
SAM2.1-Tiny,auto,val,data/cogar_sim_500_final/rgb/000464.png,4061,robot_gripper,dynamic_scene;partial_occlusion,0.6034712950600801,0.7085123586954799,0.9478493332862854,0.524037302999724,1.9082610994975806,cuda,13
SAM2.1-Tiny,auto,val,data/cogar_sim_500_final/rgb/000465.png,4064,tool,reflective_metal;partial_occlusion,0.8611681136543015,0.7333648244370964,0.9755131006240845,0.631575661333045,1.5833415712843248,cuda,11
SAM2.1-Tiny,auto,val,data/cogar_sim_500_final/rgb/000465.png,4065,box,reflective_metal;partial_occlusion,0.6537792894935752,0.46839439101387564,0.8894794583320618,0.631575661333045,1.5833415712843248,cuda,11
SAM2.1-Tiny,auto,val,data/cogar_sim_500_final/rgb/000465.png,4066,metal_part,reflective_metal;partial_occlusion,0.9800258923617533,1.0,0.967011570930481,0.631575661333045,1.5833415712843248,cuda,11
SAM2.1-Tiny,auto,val,data/cogar_sim_500_final/rgb/000465.png,4067,robot_gripper,reflective_metal;partial_occlusion,0.9296697138453994,0.9123511584801671,0.9834783673286438,0.631575661333045,1.5833415712843248,cuda,11
SAM2.1-Tiny,auto,val,data/cogar_sim_500_final/rgb/000465.png,4068,robot_gripper,reflective_metal;partial_occlusion,0.9402495075508864,0.990521327014218,0.940148651599884,0.631575661333045,1.5833415712843248,cuda,11
SAM2.1-Tiny,auto,val,data/cogar_sim_500_final/rgb/000465.png,4069,robot_gripper,reflective_metal;partial_occlusion,0.004564109821681291,0.14700479708210543,0.9834783673286438,0.631575661333045,1.5833415712843248,cuda,11
SAM2.1-Tiny,auto,val,data/cogar_sim_500_final/rgb/000466.png,4071,plastic_object,transparent_glass;partial_occlusion,0.9909570459683497,1.0,0.9792912602424622,0.58450311528577,1.7108548677470932,cuda,10
SAM2.1-Tiny,auto,val,data/cogar_sim_500_final/rgb/000466.png,4072,metal_part,transparent_glass;reflective_metal;partial_occlusion,0.9712135465663218,0.957647552154314,0.9685040712356567,0.58450311528577,1.7108548677470932,cuda,10
SAM2.1-Tiny,auto,val,data/cogar_sim_500_final/rgb/000466.png,4073,connector,transparent_glass;partial_occlusion;small_parts,0.9656239257476796,1.0,0.9594619870185852,0.58450311528577,1.7108548677470932,cuda,10
SAM2.1-Tiny,auto,val,data/cogar_sim_500_final/rgb/000466.png,4074,glass_object,transparent_glass;partial_occlusion,0.9666169193307674,0.8761585102489623,0.9491825699806213,0.58450311528577,1.7108548677470932,cuda,10
SAM2.1-Tiny,auto,val,data/cogar_sim_500_final/rgb/000466.png,4075,robot_gripper,transparent_glass;partial_occlusion,0.7232768562050919,0.6802914897661746,0.8482913374900818,0.58450311528577,1.7108548677470932,cuda,10
SAM2.1-Tiny,auto,val,data/cogar_sim_500_final/rgb/000466.png,4076,robot_gripper,transparent_glass;partial_occlusion,0.2103322672352523,0.361731843575419,0.8482913374900818,0.58450311528577,1.7108548677470932,cuda,10
SAM2.1-Tiny,auto,val,data/cogar_sim_500_final/rgb/000466.png,4077,robot_gripper,transparent_glass;partial_occlusion,0.7485549132947977,0.8063660477453581,0.8863047957420349,0.58450311528577,1.7108548677470932,cuda,10
SAM2.1-Tiny,auto,val,data/cogar_sim_500_final/rgb/000467.png,4080,plastic_object,partial_occlusion,0.9487534626038782,0.9914523616535259,0.9832707047462463,0.45889449511095237,2.1791501328823264,cuda,16
SAM2.1-Tiny,auto,val,data/cogar_sim_500_final/rgb/000467.png,4081,tool,partial_occlusion;reflective_metal,0.9205288796102993,0.8862777309157442,0.9848610162734985,0.45889449511095237,2.1791501328823264,cuda,16
SAM2.1-Tiny,auto,val,data/cogar_sim_500_final/rgb/000467.png,4082,box,partial_occlusion,0.5810122791254867,0.6762234305486899,0.8882112503051758,0.45889449511095237,2.1791501328823264,cuda,16
SAM2.1-Tiny,auto,val,data/cogar_sim_500_final/rgb/000467.png,4083,metal_part,partial_occlusion;reflective_metal,0.9750124937531235,1.0,0.9728910326957703,0.45889449511095237,2.1791501328823264,cuda,16
SAM2.1-Tiny,auto,val,data/cogar_sim_500_final/rgb/000467.png,4084,box,partial_occlusion,0.9903149812407295,0.9959839357429718,0.8865739107131958,0.45889449511095237,2.1791501328823264,cuda,16
SAM2.1-Tiny,auto,val,data/cogar_sim_500_final/rgb/000467.png,4085,glass_object,partial_occlusion;transparent_glass,0.9888630641100136,1.0,0.9197474122047424,0.45889449511095237,2.1791501328823264,cuda,16
SAM2.1-Tiny,auto,val,data/cogar_sim_500_final/rgb/000467.png,4086,robot_gripper,partial_occlusion,0.8295867196956597,0.6789220608910365,0.9183818101882935,0.45889449511095237,2.1791501328823264,cuda,16
SAM2.1-Tiny,auto,val,data/cogar_sim_500_final/rgb/000467.png,4087,robot_gripper,partial_occlusion,0.135656233788691,0.19660596026490068,0.9183818101882935,0.45889449511095237,2.1791501328823264,cuda,16
SAM2.1-Tiny,auto,val,data/cogar_sim_500_final/rgb/000467.png,4088,robot_gripper,partial_occlusion,0.7685411572942136,0.8089828616455447,0.9479508996009827,0.45889449511095237,2.1791501328823264,cuda,16
SAM2.1-Tiny,auto,val,data/cogar_sim_500_final/rgb/000468.png,4090,screw,small_parts,0.9397260273972603,1.0,0.9411798715591431,0.5267995971253185,1.8982550583881965,cuda,11
SAM2.1-Tiny,auto,val,data/cogar_sim_500_final/rgb/000468.png,4091,cable,small_parts,0.7908163265306123,0.7621951219512196,0.953068196773529,0.5267995971253185,1.8982550583881965,cuda,11
SAM2.1-Tiny,auto,val,data/cogar_sim_500_final/rgb/000468.png,4092,connector,small_parts,0.9542280837858805,1.0,0.885814368724823,0.5267995971253185,1.8982550583881965,cuda,11
SAM2.1-Tiny,auto,val,data/cogar_sim_500_final/rgb/000468.png,4093,connector,small_parts,0.9408713692946058,1.0,0.9364603757858276,0.5267995971253185,1.8982550583881965,cuda,11
SAM2.1-Tiny,auto,val,data/cogar_sim_500_final/rgb/000468.png,4095,cable,small_parts,0.6923701298701299,0.7940074906367041,0.9492883682250977,0.5267995971253185,1.8982550583881965,cuda,11
SAM2.1-Tiny,auto,val,data/cogar_sim_500_final/rgb/000468.png,4096,box,small_parts,0.9909313790103603,0.9780851066926515,0.9620979428291321,0.5267995971253185,1.8982550583881965,cuda,11
SAM2.1-Tiny,auto,val,data/cogar_sim_500_final/rgb/000468.png,4097,metal_part,small_parts;reflective_metal,0.9840581077256862,0.998965873836608,0.9720866084098816,0.5267995971253185,1.8982550583881965,cuda,11
SAM2.1-Tiny,auto,val,data/cogar_sim_500_final/rgb/000468.png,4098,connector,small_parts,0.9741290100034494,0.9726027397260273,0.9299928545951843,0.5267995971253185,1.8982550583881965,cuda,11
SAM2.1-Tiny,auto,val,data/cogar_sim_500_final/rgb/000470.png,4102,metal_part,reflective_metal;partial_occlusion,0.9863435039370079,1.0,0.977272629737854,0.6852736419993258,1.4592710688279817,cuda,11
SAM2.1-Tiny,auto,val,data/cogar_sim_500_final/rgb/000470.png,4103,box,reflective_metal;partial_occlusion,0.9827414282426938,1.0,0.9873139262199402,0.6852736419993258,1.4592710688279817,cuda,11
SAM2.1-Tiny,auto,val,data/cogar_sim_500_final/rgb/000470.png,4104,tool,reflective_metal;partial_occlusion,0.9755106647105293,0.9974025347158325,0.9703660607337952,0.6852736419993258,1.4592710688279817,cuda,11
SAM2.1-Tiny,auto,val,data/cogar_sim_500_final/rgb/000470.png,4105,robot_gripper,reflective_metal;partial_occlusion,0.9703958497800834,0.9023498824128023,0.8060177564620972,0.6852736419993258,1.4592710688279817,cuda,11
SAM2.1-Tiny,auto,val,data/cogar_sim_500_final/rgb/000470.png,4106,robot_gripper,reflective_metal;partial_occlusion,0.6710893854748603,0.7736943907156673,0.9207668900489807,0.6852736419993258,1.4592710688279817,cuda,11
SAM2.1-Tiny,auto,val,data/cogar_sim_500_final/rgb/000470.png,4107,robot_gripper,reflective_metal;partial_occlusion,0.6310706401766004,0.6735233617396416,0.9470794200897217,0.6852736419993258,1.4592710688279817,cuda,11
SAM2.1-Tiny,auto,val,data/cogar_sim_500_final/rgb/000471.png,4110,box,transparent_glass;partial_occlusion,0.9822965330710598,0.9700680272108844,0.9674931764602661,0.6101614801676382,1.6389104073322625,cuda,8
SAM2.1-Tiny,auto,val,data/cogar_sim_500_final/rgb/000471.png,4111,tool,transparent_glass;reflective_metal;partial_occlusion,0.9405116002379535,1.0,0.9445972442626953,0.6101614801676382,1.6389104073322625,cuda,8
SAM2.1-Tiny,auto,val,data/cogar_sim_500_final/rgb/000471.png,4112,connector,transparent_glass;partial_occlusion;small_parts,0.9592577652279145,1.0,0.9500058889389038,0.6101614801676382,1.6389104073322625,cuda,8
SAM2.1-Tiny,auto,val,data/cogar_sim_500_final/rgb/000471.png,4113,robot_gripper,transparent_glass;partial_occlusion,0.7144832126398947,0.5499576875915526,0.8947380781173706,0.6101614801676382,1.6389104073322625,cuda,8
SAM2.1-Tiny,auto,val,data/cogar_sim_500_final/rgb/000471.png,4114,robot_gripper,transparent_glass;partial_occlusion,0.1289872269142179,0.21953694308643112,0.8947380781173706,0.6101614801676382,1.6389104073322625,cuda,8
SAM2.1-Tiny,auto,val,data/cogar_sim_500_final/rgb/000471.png,4115,robot_gripper,transparent_glass;partial_occlusion,0.10750733957779952,0.16246522576503317,0.8947380781173706,0.6101614801676382,1.6389104073322625,cuda,8
SAM2.1-Tiny,auto,val,data/cogar_sim_500_final/rgb/000473.png,4119,metal_part,small_parts;reflective_metal;partial_occlusion,0.9479618386816999,1.0,0.9176425933837891,0.31669001738471425,3.1576618936655727,cuda,15
SAM2.1-Tiny,auto,val,data/cogar_sim_500_final/rgb/000473.png,4120,box,small_parts;partial_occlusion,0.7548830811554332,0.7584715648768391,0.8821064233779907,0.31669001738471425,3.1576618936655727,cuda,15
SAM2.1-Tiny,auto,val,data/cogar_sim_500_final/rgb/000473.png,4121,box,small_parts;partial_occlusion,0.9900389052857527,0.9918127298311314,0.9897298812866211,0.31669001738471425,3.1576618936655727,cuda,15
SAM2.1-Tiny,auto,val,data/cogar_sim_500_final/rgb/000473.png,4122,screw,small_parts;partial_occlusion,0.11793882612289887,0.19970631424375918,0.9515694379806519,0.31669001738471425,3.1576618936655727,cuda,15
SAM2.1-Tiny,auto,val,data/cogar_sim_500_final/rgb/000473.png,4123,connector,small_parts;partial_occlusion,0.9855769230769231,1.0,0.9738250374794006,0.31669001738471425,3.1576618936655727,cuda,15
SAM2.1-Tiny,auto,val,data/cogar_sim_500_final/rgb/000473.png,4124,screw,small_parts;partial_occlusion,0.0,0.027775205999444497,0.9904933571815491,0.31669001738471425,3.1576618936655727,cuda,15
SAM2.1-Tiny,auto,val,data/cogar_sim_500_final/rgb/000473.png,4125,connector,small_parts;partial_occlusion,0.9634291142246497,1.0,0.9894356727600098,0.31669001738471425,3.1576618936655727,cuda,15
SAM2.1-Tiny,auto,val,data/cogar_sim_500_final/rgb/000473.png,4126,screw,small_parts;partial_occlusion,0.9106145251396648,0.9950738916256158,0.9479987025260925,0.31669001738471425,3.1576618936655727,cuda,15
SAM2.1-Tiny,auto,val,data/cogar_sim_500_final/rgb/000473.png,4127,connector,small_parts;partial_occlusion,0.9050632911392406,1.0,0.9415848851203918,0.31669001738471425,3.1576618936655727,cuda,15
SAM2.1-Tiny,auto,val,data/cogar_sim_500_final/rgb/000473.png,4128,cable,small_parts;partial_occlusion,0.6629967776584318,0.5917255569985327,0.9515694379806519,0.31669001738471425,3.1576618936655727,cuda,15
SAM2.1-Tiny,auto,val,data/cogar_sim_500_final/rgb/000473.png,4129,robot_gripper,small_parts;partial_occlusion,0.7191917749535913,0.5857852219669458,0.9779695272445679,0.31669001738471425,3.1576618936655727,cuda,15
SAM2.1-Tiny,auto,val,data/cogar_sim_500_final/rgb/000473.png,4130,robot_gripper,small_parts;partial_occlusion,0.8066561014263075,0.8529170090386197,0.8874331116676331,0.31669001738471425,3.1576618936655727,cuda,15
SAM2.1-Tiny,auto,val,data/cogar_sim_500_final/rgb/000473.png,4131,robot_gripper,small_parts;partial_occlusion,0.19940790864876295,0.24989329090838538,0.9779695272445679,0.31669001738471425,3.1576618936655727,cuda,15
SAM2.1-Tiny,auto,val,data/cogar_sim_500_final/rgb/000474.png,4134,plastic_object,dynamic_scene;partial_occlusion,0.051705069124423964,0.0,0.9795499444007874,0.5441930040002002,1.8375833438675226,cuda,11
SAM2.1-Tiny,auto,val,data/cogar_sim_500_final/rgb/000474.png,4135,plastic_object,dynamic_scene;partial_occlusion,0.9850119904076738,1.0,0.9768807888031006,0.5441930040002002,1.8375833438675226,cuda,11
SAM2.1-Tiny,auto,val,data/cogar_sim_500_final/rgb/000474.png,4136,box,dynamic_scene;partial_occlusion,0.9166592308378692,0.8865692414752957,0.9795499444007874,0.5441930040002002,1.8375833438675226,cuda,11
SAM2.1-Tiny,auto,val,data/cogar_sim_500_final/rgb/000474.png,4137,plastic_object,dynamic_scene;partial_occlusion,0.988247493950916,1.0,0.9852104783058167,0.5441930040002002,1.8375833438675226,cuda,11
SAM2.1-Tiny,auto,val,data/cogar_sim_500_final/rgb/000474.png,4138,robot_gripper,dynamic_scene;partial_occlusion,0.9658190338364,0.9717508670693202,0.8277106881141663,0.5441930040002002,1.8375833438675226,cuda,11
SAM2.1-Tiny,auto,val,data/cogar_sim_500_final/rgb/000474.png,4139,robot_gripper,dynamic_scene;partial_occlusion,0.003519029830545179,0.1825401529070112,0.9095997214317322,0.5441930040002002,1.8375833438675226,cuda,11
SAM2.1-Tiny,auto,val,data/cogar_sim_500_final/rgb/000474.png,4140,robot_gripper,dynamic_scene;partial_occlusion,0.04597242793665261,0.25286285155715826,0.9095997214317322,0.5441930040002002,1.8375833438675226,cuda,11
SAM2.1-Tiny,auto,val,data/cogar_sim_500_final/rgb/000475.png,4143,metal_part,reflective_metal,0.9885343968095713,1.0,0.9790830016136169,0.3898585301998537,2.565033012070734,cuda,16
SAM2.1-Tiny,auto,val,data/cogar_sim_500_final/rgb/000475.png,4144,screw,reflective_metal;small_parts,0.0025380710659898475,0.17323159414312228,0.9732626080513,0.3898585301998537,2.565033012070734,cuda,16
SAM2.1-Tiny,auto,val,data/cogar_sim_500_final/rgb/000475.png,4145,metal_part,reflective_metal,0.9738393515106853,1.0,0.9732626080513,0.3898585301998537,2.565033012070734,cuda,16
SAM2.1-Tiny,auto,val,data/cogar_sim_500_final/rgb/000475.png,4146,metal_part,reflective_metal,0.977866473149492,1.0,0.976302981376648,0.3898585301998537,2.565033012070734,cuda,16
SAM2.1-Tiny,auto,val,data/cogar_sim_500_final/rgb/000475.png,4147,metal_part,reflective_metal,0.9877026271660145,1.0,0.9695172905921936,0.3898585301998537,2.565033012070734,cuda,16
SAM2.1-Tiny,auto,val,data/cogar_sim_500_final/rgb/000475.png,4148,metal_part,reflective_metal,0.9818456883509834,0.9833333333333333,0.9680651426315308,0.3898585301998537,2.565033012070734,cuda,16
SAM2.1-Tiny,auto,val,data/cogar_sim_500_final/rgb/000475.png,4149,box,reflective_metal,0.9919605809128631,0.9979632639318983,0.9759934544563293,0.3898585301998537,2.565033012070734,cuda,16
SAM2.1-Tiny,auto,val,data/cogar_sim_500_final/rgb/000475.png,4150,tool,reflective_metal,0.9452796151533374,1.0,0.941733717918396,0.3898585301998537,2.565033012070734,cuda,16
SAM2.1-Tiny,auto,val,data/cogar_sim_500_final/rgb/000475.png,4151,tool,reflective_metal,0.9547325102880658,0.9530954344922958,0.8891368508338928,0.3898585301998537,2.565033012070734,cuda,16
SAM2.1-Tiny,auto,val,data/cogar_sim_500_final/rgb/000475.png,4152,tool,reflective_metal,0.8839066339066339,0.9401359651323943,0.9586921334266663,0.3898585301998537,2.565033012070734,cuda,16
SAM2.1-Tiny,auto,val,data/cogar_sim_500_final/rgb/000477.png,4157,metal_part,partial_occlusion;reflective_metal,0.9841331269349846,1.0,0.9607915878295898,0.381307766300597,2.622553455183675,cuda,11
SAM2.1-Tiny,auto,val,data/cogar_sim_500_final/rgb/000477.png,4158,plastic_object,partial_occlusion,0.9109947643979057,0.8972173006774362,0.8980918526649475,0.381307766300597,2.622553455183675,cuda,11
SAM2.1-Tiny,auto,val,data/cogar_sim_500_final/rgb/000477.png,4159,glass_object,partial_occlusion;transparent_glass,0.9479630263608353,0.6158518651901204,0.9669573307037354,0.381307766300597,2.622553455183675,cuda,11
SAM2.1-Tiny,auto,val,data/cogar_sim_500_final/rgb/000477.png,4160,plastic_object,partial_occlusion,0.8160988845342176,0.8129349963383903,0.8147013783454895,0.381307766300597,2.622553455183675,cuda,11
SAM2.1-Tiny,auto,val,data/cogar_sim_500_final/rgb/000477.png,4161,cable,partial_occlusion,0.00204862059546572,0.1814344473624252,0.8980918526649475,0.381307766300597,2.622553455183675,cuda,11
SAM2.1-Tiny,auto,val,data/cogar_sim_500_final/rgb/000477.png,4162,box,partial_occlusion,0.9870234113712375,1.0,0.9277762770652771,0.381307766300597,2.622553455183675,cuda,11
SAM2.1-Tiny,auto,val,data/cogar_sim_500_final/rgb/000477.png,4163,cable,partial_occlusion,0.6952899166808366,0.5140747411076092,0.9556652903556824,0.381307766300597,2.622553455183675,cuda,11
SAM2.1-Tiny,auto,val,data/cogar_sim_500_final/rgb/000477.png,4164,robot_gripper,partial_occlusion,0.8116671126572117,0.8249840061220064,0.8844659924507141,0.381307766300597,2.622553455183675,cuda,11
SAM2.1-Tiny,auto,val,data/cogar_sim_500_final/rgb/000477.png,4165,robot_gripper,partial_occlusion,0.06320141760189013,0.25146918501475873,0.8844659924507141,0.381307766300597,2.622553455183675,cuda,11
SAM2.1-Tiny,auto,val,data/cogar_sim_500_final/rgb/000477.png,4166,robot_gripper,partial_occlusion,0.11089990767392603,0.07259259259259258,0.8844659924507141,0.381307766300597,2.622553455183675,cuda,11
SAM2.1-Tiny,auto,val,data/cogar_sim_500_final/rgb/000478.png,4169,box,small_parts,0.9758636295067129,0.993234100135318,0.977830708026886,0.32704373299990647,3.0576950392144835,cuda,15
SAM2.1-Tiny,auto,val,data/cogar_sim_500_final/rgb/000478.png,4170,connector,small_parts,0.9500860585197934,1.0,0.9728192687034607,0.32704373299990647,3.0576950392144835,cuda,15
SAM2.1-Tiny,auto,val,data/cogar_sim_500_final/rgb/000478.png,4171,connector,small_parts,0.8915187376725838,0.8720181749337371,0.9223038554191589,0.32704373299990647,3.0576950392144835,cuda,15
SAM2.1-Tiny,auto,val,data/cogar_sim_500_final/rgb/000478.png,4172,screw,small_parts,0.8042553191489362,1.0,0.9127858877182007,0.32704373299990647,3.0576950392144835,cuda,15
SAM2.1-Tiny,auto,val,data/cogar_sim_500_final/rgb/000478.png,4173,plastic_object,small_parts,0.951378809869376,1.0,0.9606320858001709,0.32704373299990647,3.0576950392144835,cuda,15
SAM2.1-Tiny,auto,val,data/cogar_sim_500_final/rgb/000478.png,4174,connector,small_parts,0.9572981366459627,1.0,0.9809881448745728,0.32704373299990647,3.0576950392144835,cuda,15
SAM2.1-Tiny,auto,val,data/cogar_sim_500_final/rgb/000478.png,4175,cable,small_parts,0.6916780354706685,0.6474157513146839,0.8761423826217651,0.32704373299990647,3.0576950392144835,cuda,15
SAM2.1-Tiny,auto,val,data/cogar_sim_500_final/rgb/000478.png,4176,screw,small_parts,0.0,0.0,0.9940112233161926,0.32704373299990647,3.0576950392144835,cuda,15
SAM2.1-Tiny,auto,val,data/cogar_sim_500_final/rgb/000478.png,4177,box,small_parts,0.9375195251483911,0.8608799048751486,0.9631145000457764,0.32704373299990647,3.0576950392144835,cuda,15
SAM2.1-Tiny,auto,val,data/cogar_sim_500_final/rgb/000478.png,4178,screw,small_parts,0.0,0.0,0.9940112233161926,0.32704373299990647,3.0576950392144835,cuda,15
SAM2.1-Tiny,auto,val,data/cogar_sim_500_final/rgb/000478.png,4179,box,small_parts,0.9750095748755266,0.9756764670650713,0.9820461869239807,0.32704373299990647,3.0576950392144835,cuda,15
SAM2.1-Tiny,auto,val,data/cogar_sim_500_final/rgb/000478.png,4180,tool,small_parts;reflective_metal,0.9652268828941213,0.9805352798053527,0.9692358374595642,0.32704373299990647,3.0576950392144835,cuda,15
SAM2.1-Tiny,auto,val,data/cogar_sim_500_final/rgb/000480.png,4185,box,reflective_metal;partial_occlusion,0.9924032864043598,0.9993957703927493,0.9448302388191223,0.3928592320000462,2.5454410092617663,cuda,18
SAM2.1-Tiny,auto,val,data/cogar_sim_500_final/rgb/000480.png,4186,metal_part,reflective_metal;partial_occlusion,0.5684349631867095,0.49514563106796117,0.9630654454231262,0.3928592320000462,2.5454410092617663,cuda,18
SAM2.1-Tiny,auto,val,data/cogar_sim_500_final/rgb/000480.png,4187,tool,reflective_metal;partial_occlusion,0.7113604488078541,0.5495118549511855,0.9358006715774536,0.3928592320000462,2.5454410092617663,cuda,18
SAM2.1-Tiny,auto,val,data/cogar_sim_500_final/rgb/000480.png,4188,metal_part,reflective_metal;partial_occlusion,0.9711361310133061,1.0,0.9712851643562317,0.3928592320000462,2.5454410092617663,cuda,18
SAM2.1-Tiny,auto,val,data/cogar_sim_500_final/rgb/000480.png,4189,plastic_object,reflective_metal;partial_occlusion,0.9812834224598931,0.9965753424657535,0.9728937149047852,0.3928592320000462,2.5454410092617663,cuda,18
SAM2.1-Tiny,auto,val,data/cogar_sim_500_final/rgb/000480.png,4190,metal_part,reflective_metal;partial_occlusion,0.42120128036151383,0.6443148688046646,0.9630654454231262,0.3928592320000462,2.5454410092617663,cuda,18
SAM2.1-Tiny,auto,val,data/cogar_sim_500_final/rgb/000480.png,4191,metal_part,reflective_metal;partial_occlusion,0.9708029197080292,1.0,0.9693067073822021,0.3928592320000462,2.5454410092617663,cuda,18
SAM2.1-Tiny,auto,val,data/cogar_sim_500_final/rgb/000480.png,4192,robot_gripper,reflective_metal;partial_occlusion,0.7694066196203161,0.6753789480587321,0.9542792439460754,0.3928592320000462,2.5454410092617663,cuda,18
SAM2.1-Tiny,auto,val,data/cogar_sim_500_final/rgb/000480.png,4193,robot_gripper,reflective_metal;partial_occlusion,0.6356534090909091,0.7539682539682538,0.9138652682304382,0.3928592320000462,2.5454410092617663,cuda,18
SAM2.1-Tiny,auto,val,data/cogar_sim_500_final/rgb/000480.png,4194,robot_gripper,reflective_metal;partial_occlusion,0.6724606192286801,0.743718592964824,0.8774360418319702,0.3928592320000462,2.5454410092617663,cuda,18
SAM2.1-Tiny,auto,val,data/cogar_sim_500_final/rgb/000481.png,4197,glass_object,transparent_glass;partial_occlusion,0.0,0.019193857965451058,0.9881147146224976,0.38223531620024004,2.6161894456558645,cuda,15
SAM2.1-Tiny,auto,val,data/cogar_sim_500_final/rgb/000481.png,4198,box,transparent_glass;partial_occlusion,0.9862541668227275,0.9640997469049815,0.9815093278884888,0.38223531620024004,2.6161894456558645,cuda,15
SAM2.1-Tiny,auto,val,data/cogar_sim_500_final/rgb/000481.png,4199,metal_part,transparent_glass;reflective_metal;partial_occlusion,0.9866134335368718,1.0,0.976727306842804,0.38223531620024004,2.6161894456558645,cuda,15
SAM2.1-Tiny,auto,val,data/cogar_sim_500_final/rgb/000481.png,4200,connector,transparent_glass;partial_occlusion;small_parts,0.14903357070193285,0.3690207646480421,0.9360459446907043,0.38223531620024004,2.6161894456558645,cuda,15
SAM2.1-Tiny,auto,val,data/cogar_sim_500_final/rgb/000481.png,4201,glass_object,transparent_glass;partial_occlusion,0.9797047970479705,1.0,0.9747026562690735,0.38223531620024004,2.6161894456558645,cuda,15
SAM2.1-Tiny,auto,val,data/cogar_sim_500_final/rgb/000481.png,4202,glass_object,transparent_glass;partial_occlusion,0.15863015911477263,0.24455205811138014,0.8310455083847046,0.38223531620024004,2.6161894456558645,cuda,15
SAM2.1-Tiny,auto,val,data/cogar_sim_500_final/rgb/000481.png,4203,glass_object,transparent_glass;partial_occlusion,0.9782683010206573,0.9487178902430125,0.9151529669761658,0.38223531620024004,2.6161894456558645,cuda,15
SAM2.1-Tiny,auto,val,data/cogar_sim_500_final/rgb/000481.png,4204,robot_gripper,transparent_glass;partial_occlusion,0.9197745259921426,0.8230905965422484,0.8682503700256348,0.38223531620024004,2.6161894456558645,cuda,15
SAM2.1-Tiny,auto,val,data/cogar_sim_500_final/rgb/000481.png,4205,robot_gripper,transparent_glass;partial_occlusion,0.03172229639519359,0.20109433914357175,0.9691016674041748,0.38223531620024004,2.6161894456558645,cuda,15
SAM2.1-Tiny,auto,val,data/cogar_sim_500_final/rgb/000481.png,4206,robot_gripper,transparent_glass;partial_occlusion,0.062978222483814,0.22836473573395238,0.9691016674041748,0.38223531620024004,2.6161894456558645,cuda,15
SAM2.1-Tiny,auto,val,data/cogar_sim_500_final/rgb/000482.png,4209,cable,partial_occlusion,0.02121236844252264,0.09437453737971872,0.9162381291389465,0.4870888102504978,2.053013698848316,cuda,12
SAM2.1-Tiny,auto,val,data/cogar_sim_500_final/rgb/000482.png,4210,tool,partial_occlusion;reflective_metal,0.9412260020208825,0.9221262503840769,0.9162381291389465,0.4870888102504978,2.053013698848316,cuda,12
SAM2.1-Tiny,auto,val,data/cogar_sim_500_final/rgb/000482.png,4211,tool,partial_occlusion;reflective_metal,0.581058495821727,0.7103274559193955,0.9616223573684692,0.4870888102504978,2.053013698848316,cuda,12
SAM2.1-Tiny,auto,val,data/cogar_sim_500_final/rgb/000482.png,4212,box,partial_occlusion,0.9841074541166821,0.9988331388564761,0.9548714756965637,0.4870888102504978,2.053013698848316,cuda,12
SAM2.1-Tiny,auto,val,data/cogar_sim_500_final/rgb/000482.png,4213,box,partial_occlusion,0.9906030397123713,1.0,0.9813955426216125,0.4870888102504978,2.053013698848316,cuda,12
SAM2.1-Tiny,auto,val,data/cogar_sim_500_final/rgb/000482.png,4214,robot_gripper,partial_occlusion,0.5805909536479484,0.6199630498826585,0.962816059589386,0.4870888102504978,2.053013698848316,cuda,12
SAM2.1-Tiny,auto,val,data/cogar_sim_500_final/rgb/000482.png,4215,robot_gripper,partial_occlusion,0.3535063113604488,0.48275862068965514,0.962816059589386,0.4870888102504978,2.053013698848316,cuda,12
SAM2.1-Tiny,auto,val,data/cogar_sim_500_final/rgb/000482.png,4216,robot_gripper,partial_occlusion,0.058566186847304545,0.10356239050029199,0.962816059589386,0.4870888102504978,2.053013698848316,cuda,12
SAM2.1-Tiny,auto,val,data/cogar_sim_500_final/rgb/000483.png,4219,tool,small_parts;reflective_metal;partial_occlusion,0.9618346166722465,0.9657267460560224,0.9751663208007812,0.34720953354553785,2.880105248806039,cuda,14
SAM2.1-Tiny,auto,val,data/cogar_sim_500_final/rgb/000483.png,4220,box,small_parts;partial_occlusion,0.9892406628741034,1.0,0.9226381778717041,0.34720953354553785,2.880105248806039,cuda,14
SAM2.1-Tiny,auto,val,data/cogar_sim_500_final/rgb/000483.png,4221,box,small_parts;partial_occlusion,0.9887976101568334,0.9538461538461539,0.9777190089225769,0.34720953354553785,2.880105248806039,cuda,14
SAM2.1-Tiny,auto,val,data/cogar_sim_500_final/rgb/000483.png,4222,plastic_object,small_parts;partial_occlusion,0.9862955032119914,1.0,0.9753806591033936,0.34720953354553785,2.880105248806039,cuda,14
SAM2.1-Tiny,auto,val,data/cogar_sim_500_final/rgb/000483.png,4223,connector,small_parts;partial_occlusion,0.9631277813095995,1.0,0.9688422083854675,0.34720953354553785,2.880105248806039,cuda,14
SAM2.1-Tiny,auto,val,data/cogar_sim_500_final/rgb/000483.png,4224,metal_part,small_parts;reflective_metal;partial_occlusion,0.9751789976133651,1.0,0.976442277431488,0.34720953354553785,2.880105248806039,cuda,14
SAM2.1-Tiny,auto,val,data/cogar_sim_500_final/rgb/000483.png,4225,connector,small_parts;partial_occlusion,0.9663110612015722,0.9929411764705882,0.9704118967056274,0.34720953354553785,2.880105248806039,cuda,14
SAM2.1-Tiny,auto,val,data/cogar_sim_500_final/rgb/000483.png,4226,screw,small_parts;partial_occlusion,0.0,0.0,0.992682158946991,0.34720953354553785,2.880105248806039,cuda,14
SAM2.1-Tiny,auto,val,data/cogar_sim_500_final/rgb/000483.png,4227,robot_gripper,small_parts;partial_occlusion,0.002581943897422432,0.23531792609381957,0.8849743604660034,0.34720953354553785,2.880105248806039,cuda,14
SAM2.1-Tiny,auto,val,data/cogar_sim_500_final/rgb/000483.png,4228,robot_gripper,small_parts;partial_occlusion,0.0027662517289073307,0.14615732457778738,0.8849743604660034,0.34720953354553785,2.880105248806039,cuda,14
SAM2.1-Tiny,auto,val,data/cogar_sim_500_final/rgb/000483.png,4229,robot_gripper,small_parts;partial_occlusion,0.9554124940391034,0.9708703269293583,0.9182060956954956,0.34720953354553785,2.880105248806039,cuda,14
SAM2.1-Tiny,auto,val,data/cogar_sim_500_final/rgb/000484.png,4231,screw,dynamic_scene;partial_occlusion;small_parts,0.0,0.013254943880277925,0.980761706829071,0.4992596291249356,2.002965875195485,cuda,13
SAM2.1-Tiny,auto,val,data/cogar_sim_500_final/rgb/000484.png,4232,metal_part,dynamic_scene;reflective_metal;partial_occlusion,0.029664445043726163,0.24002966560752692,0.9747152328491211,0.4992596291249356,2.002965875195485,cuda,13
SAM2.1-Tiny,auto,val,data/cogar_sim_500_final/rgb/000484.png,4233,metal_part,dynamic_scene;reflective_metal;partial_occlusion,0.9781914893617021,1.0,0.931108832359314,0.4992596291249356,2.002965875195485,cuda,13
SAM2.1-Tiny,auto,val,data/cogar_sim_500_final/rgb/000484.png,4234,plastic_object,dynamic_scene;partial_occlusion,0.9786452353616533,1.0,0.9717261791229248,0.4992596291249356,2.002965875195485,cuda,13
SAM2.1-Tiny,auto,val,data/cogar_sim_500_final/rgb/000484.png,4235,glass_object,dynamic_scene;transparent_glass;partial_occlusion,0.548772472453122,0.5101317895151373,0.9747152328491211,0.4992596291249356,2.002965875195485,cuda,13
SAM2.1-Tiny,auto,val,data/cogar_sim_500_final/rgb/000484.png,4236,robot_gripper,dynamic_scene;partial_occlusion,0.7406752348386589,0.6624413733354633,0.9673014283180237,0.4992596291249356,2.002965875195485,cuda,13
SAM2.1-Tiny,auto,val,data/cogar_sim_500_final/rgb/000484.png,4237,robot_gripper,dynamic_scene;partial_occlusion,0.1326458036984353,0.3219426010514522,0.9673014283180237,0.4992596291249356,2.002965875195485,cuda,13
SAM2.1-Tiny,auto,val,data/cogar_sim_500_final/rgb/000484.png,4238,robot_gripper,dynamic_scene;partial_occlusion,0.35961188599151,0.5211234609678007,0.9274467825889587,0.4992596291249356,2.002965875195485,cuda,13
SAM2.1-Tiny,auto,val,data/cogar_sim_500_final/rgb/000486.png,4243,glass_object,transparent_glass,0.961489415965315,0.9189280638830616,0.9557996392250061,0.6640004563329663,1.5060230613735377,cuda,11
SAM2.1-Tiny,auto,val,data/cogar_sim_500_final/rgb/000486.png,4244,box,transparent_glass,0.9771099658657386,0.9908255154178389,0.965428352355957,0.6640004563329663,1.5060230613735377,cuda,11
SAM2.1-Tiny,auto,val,data/cogar_sim_500_final/rgb/000486.png,4245,glass_object,transparent_glass,0.7060911543376402,0.536741214057508,0.9724929928779602,0.6640004563329663,1.5060230613735377,cuda,11
SAM2.1-Tiny,auto,val,data/cogar_sim_500_final/rgb/000486.png,4246,plastic_object,transparent_glass,0.9830016583747927,1.0,0.958885669708252,0.6640004563329663,1.5060230613735377,cuda,11
SAM2.1-Tiny,auto,val,data/cogar_sim_500_final/rgb/000486.png,4247,glass_object,transparent_glass,0.24910071942446044,0.27550392893747866,0.9724929928779602,0.6640004563329663,1.5060230613735377,cuda,11
SAM2.1-Tiny,auto,val,data/cogar_sim_500_final/rgb/000486.png,4248,glass_object,transparent_glass,0.7848360655737705,0.5282392026578073,0.9121606349945068,0.6640004563329663,1.5060230613735377,cuda,11
SAM2.1-Tiny,auto,val,data/cogar_sim_500_final/rgb/000487.png,4251,metal_part,partial_occlusion;reflective_metal,0.983300198807157,1.0,0.9546521902084351,0.4033934361108954,2.478969438969983,cuda,15
SAM2.1-Tiny,auto,val,data/cogar_sim_500_final/rgb/000487.png,4252,box,partial_occlusion,0.9735914687171038,0.9664204896860333,0.9709501266479492,0.4033934361108954,2.478969438969983,cuda,15
SAM2.1-Tiny,auto,val,data/cogar_sim_500_final/rgb/000487.png,4253,metal_part,partial_occlusion;reflective_metal,0.9916425586628094,1.0,0.982575535774231,0.4033934361108954,2.478969438969983,cuda,15
SAM2.1-Tiny,auto,val,data/cogar_sim_500_final/rgb/000487.png,4254,plastic_object,partial_occlusion,0.9878240377062059,1.0,0.9691696166992188,0.4033934361108954,2.478969438969983,cuda,15
SAM2.1-Tiny,auto,val,data/cogar_sim_500_final/rgb/000487.png,4255,tool,partial_occlusion;reflective_metal,0.9613776960374519,0.9786368260427264,0.8056461811065674,0.4033934361108954,2.478969438969983,cuda,15
SAM2.1-Tiny,auto,val,data/cogar_sim_500_final/rgb/000487.png,4256,tool,partial_occlusion;reflective_metal,0.9701020049243757,1.0,0.9120786190032959,0.4033934361108954,2.478969438969983,cuda,15
SAM2.1-Tiny,auto,val,data/cogar_sim_500_final/rgb/000487.png,4257,robot_gripper,partial_occlusion,0.7283979448855675,0.5370127233551959,0.9569205045700073,0.4033934361108954,2.478969438969983,cuda,15
SAM2.1-Tiny,auto,val,data/cogar_sim_500_final/rgb/000487.png,4258,robot_gripper,partial_occlusion,0.06640746500777606,0.21062481723364854,0.9575821161270142,0.4033934361108954,2.478969438969983,cuda,15
SAM2.1-Tiny,auto,val,data/cogar_sim_500_final/rgb/000487.png,4259,robot_gripper,partial_occlusion,0.19874804381846636,0.40325865580448067,0.9569205045700073,0.4033934361108954,2.478969438969983,cuda,15
SAM2.1-Tiny,auto,val,data/cogar_sim_500_final/rgb/000488.png,4262,screw,small_parts;partial_occlusion,0.6101426307448494,0.7043644472762026,0.9287815093994141,0.3337446622727756,2.9963026020853083,cuda,12
SAM2.1-Tiny,auto,val,data/cogar_sim_500_final/rgb/000488.png,4263,cable,small_parts;partial_occlusion,0.9725900831536803,1.0,0.9476701021194458,0.3337446622727756,2.9963026020853083,cuda,12
SAM2.1-Tiny,auto,val,data/cogar_sim_500_final/rgb/000488.png,4264,connector,small_parts;partial_occlusion,0.9735491512041058,1.0,0.9644476175308228,0.3337446622727756,2.9963026020853083,cuda,12
SAM2.1-Tiny,auto,val,data/cogar_sim_500_final/rgb/000488.png,4265,screw,small_parts;partial_occlusion,0.0,0.0,0.9890151619911194,0.3337446622727756,2.9963026020853083,cuda,12
SAM2.1-Tiny,auto,val,data/cogar_sim_500_final/rgb/000488.png,4266,connector,small_parts;partial_occlusion,0.9825581395348837,1.0,0.9743647575378418,0.3337446622727756,2.9963026020853083,cuda,12
SAM2.1-Tiny,auto,val,data/cogar_sim_500_final/rgb/000488.png,4267,plastic_object,small_parts;partial_occlusion,9.47014536673138e-05,0.11695830351915695,0.9749748110771179,0.3337446622727756,2.9963026020853083,cuda,12
SAM2.1-Tiny,auto,val,data/cogar_sim_500_final/rgb/000488.png,4268,connector,small_parts;partial_occlusion,0.0,0.0,0.9890151619911194,0.3337446622727756,2.9963026020853083,cuda,12
SAM2.1-Tiny,auto,val,data/cogar_sim_500_final/rgb/000488.png,4269,connector,small_parts;partial_occlusion,0.9694244604316546,0.9813333333333333,0.9551071524620056,0.3337446622727756,2.9963026020853083,cuda,12
SAM2.1-Tiny,auto,val,data/cogar_sim_500_final/rgb/000488.png,4270,robot_gripper,small_parts;partial_occlusion,0.8423570650371844,0.7442165229256594,0.9749748110771179,0.3337446622727756,2.9963026020853083,cuda,12
SAM2.1-Tiny,auto,val,data/cogar_sim_500_final/rgb/000488.png,4271,robot_gripper,small_parts;partial_occlusion,0.09573098020510375,0.26778752436647174,0.9749748110771179,0.3337446622727756,2.9963026020853083,cuda,12
SAM2.1-Tiny,auto,val,data/cogar_sim_500_final/rgb/000488.png,4272,robot_gripper,small_parts;partial_occlusion,0.052325304078225617,0.20523829297147378,0.9749748110771179,0.3337446622727756,2.9963026020853083,cuda,12
SAM2.1-Tiny,auto,val,data/cogar_sim_500_final/rgb/000490.png,4276,plastic_object,reflective_metal,0.973717542748575,1.0,0.8932140469551086,0.4952169966660828,2.019316797953695,cuda,13
SAM2.1-Tiny,auto,val,data/cogar_sim_500_final/rgb/000490.png,4277,connector,reflective_metal;small_parts,0.7869934024505184,0.6956863515770855,0.9618874788284302,0.4952169966660828,2.019316797953695,cuda,13
SAM2.1-Tiny,auto,val,data/cogar_sim_500_final/rgb/000490.png,4278,metal_part,reflective_metal,0.6188010899182561,0.612147779766562,0.869140625,0.4952169966660828,2.019316797953695,cuda,13
SAM2.1-Tiny,auto,val,data/cogar_sim_500_final/rgb/000490.png,4279,tool,reflective_metal,0.9286322602623063,0.9354388800542246,0.9668737053871155,0.4952169966660828,2.019316797953695,cuda,13
SAM2.1-Tiny,auto,val,data/cogar_sim_500_final/rgb/000490.png,4280,metal_part,reflective_metal,0.3499597747385358,0.5205770949482913,0.869140625,0.4952169966660828,2.019316797953695,cuda,13
SAM2.1-Tiny,auto,val,data/cogar_sim_500_final/rgb/000490.png,4281,tool,reflective_metal,0.005206349206349207,0.2621744653821724,0.9214962720870972,0.4952169966660828,2.019316797953695,cuda,13
SAM2.1-Tiny,auto,val,data/cogar_sim_500_final/rgb/000490.png,4282,connector,reflective_metal;small_parts,0.7279596977329975,0.6132172131147541,0.9732887148857117,0.4952169966660828,2.019316797953695,cuda,13
SAM2.1-Tiny,auto,val,data/cogar_sim_500_final/rgb/000490.png,4283,metal_part,reflective_metal,0.9545306917830464,1.0,0.9229559302330017,0.4952169966660828,2.019316797953695,cuda,13
SAM2.1-Tiny,auto,val,data/cogar_sim_500_final/rgb/000490.png,4284,metal_part,reflective_metal,0.9674196350999131,0.868131868131868,0.9295713305473328,0.4952169966660828,2.019316797953695,cuda,13
SAM2.1-Tiny,auto,val,data/cogar_sim_500_final/rgb/000491.png,4287,glass_object,transparent_glass,0.9776615297610632,0.9669491497270954,0.8882123827934265,0.6463827605002734,1.5470709633809563,cuda,13
SAM2.1-Tiny,auto,val,data/cogar_sim_500_final/rgb/000491.png,4288,metal_part,transparent_glass;reflective_metal,0.9441117764471058,1.0,0.8898990750312805,0.6463827605002734,1.5470709633809563,cuda,13
SAM2.1-Tiny,auto,val,data/cogar_sim_500_final/rgb/000491.png,4289,connector,transparent_glass;small_parts,0.9433962264150944,0.9947643979057591,0.9519062042236328,0.6463827605002734,1.5470709633809563,cuda,13
SAM2.1-Tiny,auto,val,data/cogar_sim_500_final/rgb/000491.png,4290,plastic_object,transparent_glass,0.9247780197688055,0.8974969932148773,0.9816499352455139,0.6463827605002734,1.5470709633809563,cuda,13
SAM2.1-Tiny,auto,val,data/cogar_sim_500_final/rgb/000491.png,4291,box,transparent_glass,0.9866956942428641,1.0,0.9389857649803162,0.6463827605002734,1.5470709633809563,cuda,13
SAM2.1-Tiny,auto,val,data/cogar_sim_500_final/rgb/000491.png,4292,glass_object,transparent_glass,0.9892287129491312,1.0,0.9629942178726196,0.6463827605002734,1.5470709633809563,cuda,13
SAM2.1-Tiny,auto,val,data/cogar_sim_500_final/rgb/000492.png,4295,box,partial_occlusion,0.9766698161203576,0.9944375090524109,0.9839645624160767,0.36116080799984046,2.768849714170652,cuda,15
SAM2.1-Tiny,auto,val,data/cogar_sim_500_final/rgb/000492.png,4296,screw,partial_occlusion;small_parts,0.9184952978056427,1.0,0.908485472202301,0.36116080799984046,2.768849714170652,cuda,15
SAM2.1-Tiny,auto,val,data/cogar_sim_500_final/rgb/000492.png,4297,metal_part,partial_occlusion;reflective_metal,0.9899689950756885,1.0,0.8944897651672363,0.36116080799984046,2.768849714170652,cuda,15
SAM2.1-Tiny,auto,val,data/cogar_sim_500_final/rgb/000492.png,4298,box,partial_occlusion,0.8752144082332761,0.8321259404872348,0.9305151700973511,0.36116080799984046,2.768849714170652,cuda,15
SAM2.1-Tiny,auto,val,data/cogar_sim_500_final/rgb/000492.png,4299,tool,partial_occlusion;reflective_metal,0.8831695856471593,0.6395099617135273,0.9736454486846924,0.36116080799984046,2.768849714170652,cuda,15
SAM2.1-Tiny,auto,val,data/cogar_sim_500_final/rgb/000492.png,4300,metal_part,partial_occlusion;reflective_metal,0.9527872582480091,1.0,0.9658182859420776,0.36116080799984046,2.768849714170652,cuda,15
SAM2.1-Tiny,auto,val,data/cogar_sim_500_final/rgb/000492.png,4301,plastic_object,partial_occlusion,0.970508658008658,1.0,0.9563630819320679,0.36116080799984046,2.768849714170652,cuda,15
SAM2.1-Tiny,auto,val,data/cogar_sim_500_final/rgb/000492.png,4302,robot_gripper,partial_occlusion,0.875,0.7943621076718215,0.9734348654747009,0.36116080799984046,2.768849714170652,cuda,15
SAM2.1-Tiny,auto,val,data/cogar_sim_500_final/rgb/000492.png,4303,robot_gripper,partial_occlusion,0.012208989167514513,0.11549893001505905,0.9734348654747009,0.36116080799984046,2.768849714170652,cuda,15
SAM2.1-Tiny,auto,val,data/cogar_sim_500_final/rgb/000492.png,4304,robot_gripper,partial_occlusion,0.09814651368049426,0.2992985190958691,0.9734348654747009,0.36116080799984046,2.768849714170652,cuda,15
SAM2.1-Tiny,auto,val,data/cogar_sim_500_final/rgb/000494.png,4309,plastic_object,dynamic_scene;partial_occlusion,0.0011641443538998836,0.13672951813871428,0.9005139470100403,0.5421788311422071,1.8444098931219832,cuda,12
SAM2.1-Tiny,auto,val,data/cogar_sim_500_final/rgb/000494.png,4310,plastic_object,dynamic_scene;partial_occlusion,0.08364568948510555,0.6007054796912653,0.9413170218467712,0.5421788311422071,1.8444098931219832,cuda,12
SAM2.1-Tiny,auto,val,data/cogar_sim_500_final/rgb/000494.png,4311,plastic_object,dynamic_scene;partial_occlusion,0.981021897810219,1.0,0.9774839878082275,0.5421788311422071,1.8444098931219832,cuda,12
SAM2.1-Tiny,auto,val,data/cogar_sim_500_final/rgb/000494.png,4312,plastic_object,dynamic_scene;partial_occlusion,0.8987397744859607,0.7298305467923092,0.9413170218467712,0.5421788311422071,1.8444098931219832,cuda,12
SAM2.1-Tiny,auto,val,data/cogar_sim_500_final/rgb/000494.png,4313,box,dynamic_scene;partial_occlusion,0.9915758896151053,1.0,0.9706453084945679,0.5421788311422071,1.8444098931219832,cuda,12
SAM2.1-Tiny,auto,val,data/cogar_sim_500_final/rgb/000494.png,4314,robot_gripper,dynamic_scene;partial_occlusion,0.8751726996407847,0.8715099864059396,0.8885001540184021,0.5421788311422071,1.8444098931219832,cuda,12
SAM2.1-Tiny,auto,val,data/cogar_sim_500_final/rgb/000494.png,4315,robot_gripper,dynamic_scene;partial_occlusion,0.9578313253012049,1.0,0.960806667804718,0.5421788311422071,1.8444098931219832,cuda,12
SAM2.1-Tiny,auto,val,data/cogar_sim_500_final/rgb/000496.png,4319,glass_object,transparent_glass;partial_occlusion,0.0,0.0,0.989936113357544,0.5155126362858157,1.9398166594030297,cuda,11
SAM2.1-Tiny,auto,val,data/cogar_sim_500_final/rgb/000496.png,4320,box,transparent_glass;partial_occlusion,0.8950026453754029,0.6990932620086582,0.8810023069381714,0.5155126362858157,1.9398166594030297,cuda,11
SAM2.1-Tiny,auto,val,data/cogar_sim_500_final/rgb/000496.png,4321,glass_object,transparent_glass;partial_occlusion,0.9746100053792361,0.937266239772641,0.8947404623031616,0.5155126362858157,1.9398166594030297,cuda,11
SAM2.1-Tiny,auto,val,data/cogar_sim_500_final/rgb/000496.png,4322,glass_object,transparent_glass;partial_occlusion,0.0,0.0,0.989936113357544,0.5155126362858157,1.9398166594030297,cuda,11
SAM2.1-Tiny,auto,val,data/cogar_sim_500_final/rgb/000496.png,4323,robot_gripper,transparent_glass;partial_occlusion,0.6693589963911325,0.6993975941912891,0.958293080329895,0.5155126362858157,1.9398166594030297,cuda,11
SAM2.1-Tiny,auto,val,data/cogar_sim_500_final/rgb/000496.png,4324,robot_gripper,transparent_glass;partial_occlusion,0.22873880082701586,0.34185309376476475,0.958293080329895,0.5155126362858157,1.9398166594030297,cuda,11
SAM2.1-Tiny,auto,val,data/cogar_sim_500_final/rgb/000496.png,4325,robot_gripper,transparent_glass;partial_occlusion,0.09049522154648132,0.1789090909090909,0.958293080329895,0.5155126362858157,1.9398166594030297,cuda,11
SAM2.1-Tiny,auto,val,data/cogar_sim_500_final/rgb/000498.png,4329,metal_part,small_parts;reflective_metal;partial_occlusion,0.9726694915254237,1.0,0.9312484860420227,0.32433911975022056,3.0831926804577816,cuda,18
SAM2.1-Tiny,auto,val,data/cogar_sim_500_final/rgb/000498.png,4330,box,small_parts;partial_occlusion,0.9892770434313461,1.0,0.9795106053352356,0.32433911975022056,3.0831926804577816,cuda,18
SAM2.1-Tiny,auto,val,data/cogar_sim_500_final/rgb/000498.png,4331,cable,small_parts;partial_occlusion,0.9109325881942019,1.0,0.8739248514175415,0.32433911975022056,3.0831926804577816,cuda,18
SAM2.1-Tiny,auto,val,data/cogar_sim_500_final/rgb/000498.png,4333,screw,small_parts;partial_occlusion,0.9113082039911308,0.967741935483871,0.9515461325645447,0.32433911975022056,3.0831926804577816,cuda,18
SAM2.1-Tiny,auto,val,data/cogar_sim_500_final/rgb/000498.png,4334,plastic_object,small_parts;partial_occlusion,0.9692504804612428,0.9637462235649548,0.9338201284408569,0.32433911975022056,3.0831926804577816,cuda,18
SAM2.1-Tiny,auto,val,data/cogar_sim_500_final/rgb/000498.png,4335,screw,small_parts;partial_occlusion,0.0,0.0,0.9889609217643738,0.32433911975022056,3.0831926804577816,cuda,18
SAM2.1-Tiny,auto,val,data/cogar_sim_500_final/rgb/000498.png,4336,screw,small_parts;partial_occlusion,0.00018687746444656238,0.050236152855302696,0.9767447113990784,0.32433911975022056,3.0831926804577816,cuda,18
SAM2.1-Tiny,auto,val,data/cogar_sim_500_final/rgb/000498.png,4337,cable,small_parts;partial_occlusion,0.5191381495564005,0.4595124684785654,0.806369960308075,0.32433911975022056,3.0831926804577816,cuda,18
SAM2.1-Tiny,auto,val,data/cogar_sim_500_final/rgb/000498.png,4338,connector,small_parts;partial_occlusion,0.9642126789366053,0.9872958257713249,0.9556703567504883,0.32433911975022056,3.0831926804577816,cuda,18
SAM2.1-Tiny,auto,val,data/cogar_sim_500_final/rgb/000498.png,4339,robot_gripper,small_parts;partial_occlusion,0.8199697428139183,0.7081394521932833,0.9725510478019714,0.32433911975022056,3.0831926804577816,cuda,18
SAM2.1-Tiny,auto,val,data/cogar_sim_500_final/rgb/000498.png,4340,robot_gripper,small_parts;partial_occlusion,0.9346049046321526,0.9757575757575757,0.8429601192474365,0.32433911975022056,3.0831926804577816,cuda,18
SAM2.1-Tiny,auto,val,data/cogar_sim_500_final/rgb/000498.png,4341,robot_gripper,small_parts;partial_occlusion,0.5716547901821061,0.7345309381237526,0.8284909129142761,0.32433911975022056,3.0831926804577816,cuda,18
SAM2.1-Tiny,auto,val,data/cogar_sim_500_final/rgb/000499.png,4344,metal_part,dynamic_scene;reflective_metal,0.9845126456379654,1.0,0.9613737463951111,0.36906195869960357,2.7095721366773153,cuda,20
SAM2.1-Tiny,auto,val,data/cogar_sim_500_final/rgb/000499.png,4345,cable,dynamic_scene,0.5147756293323604,0.7018348623853211,0.8978651762008667,0.36906195869960357,2.7095721366773153,cuda,20
SAM2.1-Tiny,auto,val,data/cogar_sim_500_final/rgb/000499.png,4346,connector,dynamic_scene;small_parts,0.13010842368640535,0.5516847515705311,0.9834227561950684,0.36906195869960357,2.7095721366773153,cuda,20
SAM2.1-Tiny,auto,val,data/cogar_sim_500_final/rgb/000499.png,4347,plastic_object,dynamic_scene,5.192916861401049e-05,0.08187134502923978,0.9754565358161926,0.36906195869960357,2.7095721366773153,cuda,20
SAM2.1-Tiny,auto,val,data/cogar_sim_500_final/rgb/000499.png,4348,connector,dynamic_scene;small_parts,0.9377027903958468,1.0,0.9647327661514282,0.36906195869960357,2.7095721366773153,cuda,20
SAM2.1-Tiny,auto,val,data/cogar_sim_500_final/rgb/000499.png,4349,plastic_object,dynamic_scene,0.9898584298584299,0.9992486851990984,0.9754565358161926,0.36906195869960357,2.7095721366773153,cuda,20
SAM2.1-Tiny,auto,val,data/cogar_sim_500_final/rgb/000499.png,4350,connector,dynamic_scene;small_parts,0.8432929377350606,0.7793505898857249,0.9834227561950684,0.36906195869960357,2.7095721366773153,cuda,20
SAM2.1-Tiny,auto,val,data/cogar_sim_500_final/rgb/000499.png,4351,plastic_object,dynamic_scene,0.9894387447193723,1.0,0.9842891097068787,0.36906195869960357,2.7095721366773153,cuda,20
SAM2.1-Tiny,auto,val,data/cogar_sim_500_final/rgb/000499.png,4352,box,dynamic_scene,0.683774705101164,0.6548216408411441,0.948549747467041,0.36906195869960357,2.7095721366773153,cuda,20
SAM2.1-Tiny,auto,val,data/cogar_sim_500_final/rgb/000499.png,4353,cable,dynamic_scene,0.3569083101793382,0.5483146067415731,0.9333037734031677,0.36906195869960357,2.7095721366773153,cuda,20
SAM2.1-Tiny,auto,val,data/cogar_sim_500_final/rgb/000500.png,4356,tool,reflective_metal;partial_occlusion,0.5550574390585599,0.6834837177146302,0.8916965126991272,0.6203896729991053,1.6118901450531433,cuda,8
SAM2.1-Tiny,auto,val,data/cogar_sim_500_final/rgb/000500.png,4357,tool,reflective_metal;partial_occlusion,0.5467387298857634,0.6300936818530755,0.9533326029777527,0.6203896729991053,1.6118901450531433,cuda,8
SAM2.1-Tiny,auto,val,data/cogar_sim_500_final/rgb/000500.png,4358,metal_part,reflective_metal;partial_occlusion,0.9778846153846154,1.0,0.9830984473228455,0.6203896729991053,1.6118901450531433,cuda,8
SAM2.1-Tiny,auto,val,data/cogar_sim_500_final/rgb/000500.png,4359,robot_gripper,reflective_metal;partial_occlusion,0.775532048860345,0.6632375565259282,0.9779174327850342,0.6203896729991053,1.6118901450531433,cuda,8
SAM2.1-Tiny,auto,val,data/cogar_sim_500_final/rgb/000500.png,4360,robot_gripper,reflective_metal;partial_occlusion,0.18653275219506033,0.3934884903980668,0.9779174327850342,0.6203896729991053,1.6118901450531433,cuda,8
SAM2.1-Tiny,auto,val,data/cogar_sim_500_final/rgb/000500.png,4361,robot_gripper,reflective_metal;partial_occlusion,0.02907382720751603,0.18265895953757225,0.9779174327850342,0.6203896729991053,1.6118901450531433,cuda,8
SAM2.1-Tiny,auto,val,data/cogar_sim_500_final/rgb/000501.png,4364,glass_object,transparent_glass;partial_occlusion,0.4129013924410344,0.31865069954944275,0.8382018208503723,0.3900308160998975,2.5638999759031162,cuda,19
SAM2.1-Tiny,auto,val,data/cogar_sim_500_final/rgb/000501.png,4365,glass_object,transparent_glass;partial_occlusion,0.5682241250930752,0.7028968849584646,0.903150200843811,0.3900308160998975,2.5638999759031162,cuda,19
SAM2.1-Tiny,auto,val,data/cogar_sim_500_final/rgb/000501.png,4366,glass_object,transparent_glass;partial_occlusion,0.9728902953586498,0.9062181147888595,0.9766787886619568,0.3900308160998975,2.5638999759031162,cuda,19
SAM2.1-Tiny,auto,val,data/cogar_sim_500_final/rgb/000501.png,4367,plastic_object,transparent_glass;partial_occlusion,0.9913101604278075,1.0,0.9879276156425476,0.3900308160998975,2.5638999759031162,cuda,19
SAM2.1-Tiny,auto,val,data/cogar_sim_500_final/rgb/000501.png,4368,box,transparent_glass;partial_occlusion,0.9558768070395978,0.9795495728708258,0.8475919365882874,0.3900308160998975,2.5638999759031162,cuda,19
SAM2.1-Tiny,auto,val,data/cogar_sim_500_final/rgb/000501.png,4369,glass_object,transparent_glass;partial_occlusion,0.928282456785583,0.7963206307490145,0.967036247253418,0.3900308160998975,2.5638999759031162,cuda,19
SAM2.1-Tiny,auto,val,data/cogar_sim_500_final/rgb/000501.png,4370,box,transparent_glass;partial_occlusion,0.9686003785769959,0.9518005806002736,0.9829756617546082,0.3900308160998975,2.5638999759031162,cuda,19
SAM2.1-Tiny,auto,val,data/cogar_sim_500_final/rgb/000501.png,4371,robot_gripper,transparent_glass;partial_occlusion,0.8590777371802948,0.8446222335270048,0.9782907962799072,0.3900308160998975,2.5638999759031162,cuda,19
SAM2.1-Tiny,auto,val,data/cogar_sim_500_final/rgb/000501.png,4372,robot_gripper,transparent_glass;partial_occlusion,0.9486166007905138,0.9631728045325779,0.8357239961624146,0.3900308160998975,2.5638999759031162,cuda,19
SAM2.1-Tiny,auto,val,data/cogar_sim_500_final/rgb/000501.png,4373,robot_gripper,transparent_glass;partial_occlusion,0.07553042815398298,0.09437128184268063,0.9782907962799072,0.3900308160998975,2.5638999759031162,cuda,19
SAM2.1-Tiny,auto,val,data/cogar_sim_500_final/rgb/000502.png,4376,connector,partial_occlusion;small_parts,0.9801036269430052,1.0,0.9804332256317139,0.38052417159997276,2.6279539504556184,cuda,13
SAM2.1-Tiny,auto,val,data/cogar_sim_500_final/rgb/000502.png,4377,screw,partial_occlusion;small_parts,0.9034941763727121,1.0,0.9594765901565552,0.38052417159997276,2.6279539504556184,cuda,13
SAM2.1-Tiny,auto,val,data/cogar_sim_500_final/rgb/000502.png,4378,box,partial_occlusion,0.07429971525064566,0.36630635908353754,0.9146099090576172,0.38052417159997276,2.6279539504556184,cuda,13
SAM2.1-Tiny,auto,val,data/cogar_sim_500_final/rgb/000502.png,4379,box,partial_occlusion,0.9176174952458571,0.8046095526914329,0.9146099090576172,0.38052417159997276,2.6279539504556184,cuda,13
SAM2.1-Tiny,auto,val,data/cogar_sim_500_final/rgb/000502.png,4380,plastic_object,partial_occlusion,0.9888712241653418,1.0,0.9754979014396667,0.38052417159997276,2.6279539504556184,cuda,13
SAM2.1-Tiny,auto,val,data/cogar_sim_500_final/rgb/000502.png,4381,plastic_object,partial_occlusion,0.0,0.0,0.9862268567085266,0.38052417159997276,2.6279539504556184,cuda,13
SAM2.1-Tiny,auto,val,data/cogar_sim_500_final/rgb/000502.png,4382,metal_part,partial_occlusion;reflective_metal,0.915345122646891,0.9113927602000379,0.9635244011878967,0.38052417159997276,2.6279539504556184,cuda,13
SAM2.1-Tiny,auto,val,data/cogar_sim_500_final/rgb/000502.png,4383,robot_gripper,partial_occlusion,0.8464584427653643,0.7653871294226795,0.9053430557250977,0.38052417159997276,2.6279539504556184,cuda,13
SAM2.1-Tiny,auto,val,data/cogar_sim_500_final/rgb/000502.png,4384,robot_gripper,partial_occlusion,0.5077962577962578,0.6428571428571429,0.8726838231086731,0.38052417159997276,2.6279539504556184,cuda,13
SAM2.1-Tiny,auto,val,data/cogar_sim_500_final/rgb/000502.png,4385,robot_gripper,partial_occlusion,0.5667934093789607,0.6208058141693854,0.8871266841888428,0.38052417159997276,2.6279539504556184,cuda,13
SAM2.1-Tiny,auto,val,data/cogar_sim_500_final/rgb/000503.png,4387,metal_part,small_parts;reflective_metal;partial_occlusion,0.9697460831982712,1.0,0.9817750453948975,0.35346109927261504,2.829165648095059,cuda,16
SAM2.1-Tiny,auto,val,data/cogar_sim_500_final/rgb/000503.png,4388,metal_part,small_parts;reflective_metal;partial_occlusion,0.8403250188964475,0.8177906372876326,0.8476542234420776,0.35346109927261504,2.829165648095059,cuda,16
SAM2.1-Tiny,auto,val,data/cogar_sim_500_final/rgb/000503.png,4389,screw,small_parts;partial_occlusion,0.0001392757660167131,0.003557452863749555,0.8839752078056335,0.35346109927261504,2.829165648095059,cuda,16
SAM2.1-Tiny,auto,val,data/cogar_sim_500_final/rgb/000503.png,4390,connector,small_parts;partial_occlusion,0.9653696498054475,0.9953632148377125,0.9545461535453796,0.35346109927261504,2.829165648095059,cuda,16
SAM2.1-Tiny,auto,val,data/cogar_sim_500_final/rgb/000503.png,4391,cable,small_parts;partial_occlusion,0.19927113702623905,0.5424921018961514,0.8839752078056335,0.35346109927261504,2.829165648095059,cuda,16
SAM2.1-Tiny,auto,val,data/cogar_sim_500_final/rgb/000503.png,4393,tool,small_parts;reflective_metal;partial_occlusion,0.11728631659639709,0.12272727272727273,0.8476542234420776,0.35346109927261504,2.829165648095059,cuda,16
SAM2.1-Tiny,auto,val,data/cogar_sim_500_final/rgb/000503.png,4394,cable,small_parts;partial_occlusion,0.5673101673101673,0.7849372384937239,0.8837441205978394,0.35346109927261504,2.829165648095059,cuda,16
SAM2.1-Tiny,auto,val,data/cogar_sim_500_final/rgb/000503.png,4395,box,small_parts;partial_occlusion,0.9589405187425534,0.9026702124153596,0.9711752533912659,0.35346109927261504,2.829165648095059,cuda,16
SAM2.1-Tiny,auto,val,data/cogar_sim_500_final/rgb/000503.png,4396,robot_gripper,small_parts;partial_occlusion,0.6124041003159049,0.6350545391050022,0.8452920913696289,0.35346109927261504,2.829165648095059,cuda,16
SAM2.1-Tiny,auto,val,data/cogar_sim_500_final/rgb/000503.png,4397,robot_gripper,small_parts;partial_occlusion,0.9597875569044007,0.9961389961389961,0.9416536092758179,0.35346109927261504,2.829165648095059,cuda,16
SAM2.1-Tiny,auto,val,data/cogar_sim_500_final/rgb/000503.png,4398,robot_gripper,small_parts;partial_occlusion,0.9555165349721978,1.0,0.9067394137382507,0.35346109927261504,2.829165648095059,cuda,16
SAM2.1-Tiny,auto,val,data/cogar_sim_500_final/rgb/000506.png,4404,glass_object,transparent_glass,0.9002686366689053,0.8299071209609585,0.8716995716094971,0.561454432856408,1.7810884400938556,cuda,7
SAM2.1-Tiny,auto,val,data/cogar_sim_500_final/rgb/000506.png,4405,glass_object,transparent_glass,0.9693329925888066,0.9702539558260825,0.9694951176643372,0.561454432856408,1.7810884400938556,cuda,7
SAM2.1-Tiny,auto,val,data/cogar_sim_500_final/rgb/000506.png,4406,box,transparent_glass,7.389344565137072e-05,0.3404756685664182,0.8716995716094971,0.561454432856408,1.7810884400938556,cuda,7
SAM2.1-Tiny,auto,val,data/cogar_sim_500_final/rgb/000506.png,4407,glass_object,transparent_glass,0.0021922428330522765,0.15625,0.9015895128250122,0.561454432856408,1.7810884400938556,cuda,7
SAM2.1-Tiny,auto,val,data/cogar_sim_500_final/rgb/000506.png,4408,glass_object,transparent_glass,0.9604948124501197,0.9071128499502935,0.9015895128250122,0.561454432856408,1.7810884400938556,cuda,7
SAM2.1-Tiny,auto,val,data/cogar_sim_500_final/rgb/000506.png,4409,glass_object,transparent_glass,0.9247144340602285,0.7509685824980858,0.9102610349655151,0.561454432856408,1.7810884400938556,cuda,7
SAM2.1-Tiny,auto,val,data/cogar_sim_500_final/rgb/000506.png,4410,connector,transparent_glass;small_parts,0.0,0.0,0.9926243424415588,0.561454432856408,1.7810884400938556,cuda,7
SAM2.1-Tiny,auto,val,data/cogar_sim_500_final/rgb/000507.png,4412,box,partial_occlusion,0.466106148187073,0.22290748898678414,0.8623384237289429,0.577255120999845,1.7323362991876663,cuda,11
SAM2.1-Tiny,auto,val,data/cogar_sim_500_final/rgb/000507.png,4413,connector,partial_occlusion;small_parts,0.7591725214676034,0.5739874225405549,0.9215375781059265,0.577255120999845,1.7323362991876663,cuda,11
SAM2.1-Tiny,auto,val,data/cogar_sim_500_final/rgb/000507.png,4414,tool,partial_occlusion;reflective_metal,0.555793991416309,0.5021061499578771,0.8836002349853516,0.577255120999845,1.7323362991876663,cuda,11
SAM2.1-Tiny,auto,val,data/cogar_sim_500_final/rgb/000507.png,4415,plastic_object,partial_occlusion,0.8277595205876668,0.6639760447858352,0.978789210319519,0.577255120999845,1.7323362991876663,cuda,11
SAM2.1-Tiny,auto,val,data/cogar_sim_500_final/rgb/000507.png,4417,robot_gripper,partial_occlusion,0.5902313161921334,0.5683746016180438,0.8524103760719299,0.577255120999845,1.7323362991876663,cuda,11
SAM2.1-Tiny,auto,val,data/cogar_sim_500_final/rgb/000507.png,4418,robot_gripper,partial_occlusion,0.052534645693064826,0.07229480894184982,0.8524103760719299,0.577255120999845,1.7323362991876663,cuda,11
SAM2.1-Tiny,auto,val,data/cogar_sim_500_final/rgb/000507.png,4419,robot_gripper,partial_occlusion,0.9554216867469879,1.0,0.8265968561172485,0.577255120999845,1.7323362991876663,cuda,11
SAM2.1-Tiny,auto,val,data/cogar_sim_500_final/rgb/000509.png,4424,glass_object,dynamic_scene;transparent_glass;partial_occlusion,0.7716551653105366,0.7013258009517267,0.9307702779769897,0.6594831961665477,1.5163388632383852,cuda,10
SAM2.1-Tiny,auto,val,data/cogar_sim_500_final/rgb/000509.png,4425,plastic_object,dynamic_scene;partial_occlusion,0.9680255795363709,1.0,0.9795993566513062,0.6594831961665477,1.5163388632383852,cuda,10
SAM2.1-Tiny,auto,val,data/cogar_sim_500_final/rgb/000509.png,4426,box,dynamic_scene;partial_occlusion,0.987067810238542,1.0,0.9731383323669434,0.6594831961665477,1.5163388632383852,cuda,10
SAM2.1-Tiny,auto,val,data/cogar_sim_500_final/rgb/000509.png,4427,robot_gripper,dynamic_scene;partial_occlusion,0.692901300362396,0.668071324174218,0.976003110408783,0.6594831961665477,1.5163388632383852,cuda,10
SAM2.1-Tiny,auto,val,data/cogar_sim_500_final/rgb/000509.png,4428,robot_gripper,dynamic_scene;partial_occlusion,0.20711890637090533,0.24160049403718095,0.976003110408783,0.6594831961665477,1.5163388632383852,cuda,10
SAM2.1-Tiny,auto,val,data/cogar_sim_500_final/rgb/000509.png,4429,robot_gripper,dynamic_scene;partial_occlusion,0.09248430647519133,0.2794063328968134,0.976003110408783,0.6594831961665477,1.5163388632383852,cuda,10
SAM2.1-Tiny,auto,val,data/cogar_sim_500_final/rgb/000510.png,4432,screw,reflective_metal;partial_occlusion;small_parts,0.8222222222222222,1.0,0.8801588416099548,0.5568501150004782,1.7958153784329223,cuda,13
SAM2.1-Tiny,auto,val,data/cogar_sim_500_final/rgb/000510.png,4433,tool,reflective_metal;partial_occlusion,0.9633194116578899,0.9778390534416708,0.9236716032028198,0.5568501150004782,1.7958153784329223,cuda,13
SAM2.1-Tiny,auto,val,data/cogar_sim_500_final/rgb/000510.png,4434,metal_part,reflective_metal;partial_occlusion,0.9801757152511827,1.0,0.8821638226509094,0.5568501150004782,1.7958153784329223,cuda,13
SAM2.1-Tiny,auto,val,data/cogar_sim_500_final/rgb/000510.png,4435,metal_part,reflective_metal;partial_occlusion,0.9860075846737283,1.0,0.984481930732727,0.5568501150004782,1.7958153784329223,cuda,13
SAM2.1-Tiny,auto,val,data/cogar_sim_500_final/rgb/000510.png,4436,robot_gripper,reflective_metal;partial_occlusion,0.7895304522902136,0.6929850794600185,0.9782981276512146,0.5568501150004782,1.7958153784329223,cuda,13
SAM2.1-Tiny,auto,val,data/cogar_sim_500_final/rgb/000510.png,4437,robot_gripper,reflective_metal;partial_occlusion,0.7996729354047425,0.7536281518900637,0.9178266525268555,0.5568501150004782,1.7958153784329223,cuda,13
SAM2.1-Tiny,auto,val,data/cogar_sim_500_final/rgb/000510.png,4438,robot_gripper,reflective_metal;partial_occlusion,0.12092518973617636,0.2586238891523536,0.9782981276512146,0.5568501150004782,1.7958153784329223,cuda,13
SAM2.1-Tiny,auto,val,data/cogar_sim_500_final/rgb/000511.png,4441,connector,transparent_glass;small_parts,0.9063761097659403,1.0,0.9383954405784607,0.4827358534994346,2.071526265867408,cuda,12
SAM2.1-Tiny,auto,val,data/cogar_sim_500_final/rgb/000511.png,4442,plastic_object,transparent_glass,0.9731543624161074,1.0,0.959087073802948,0.4827358534994346,2.071526265867408,cuda,12
SAM2.1-Tiny,auto,val,data/cogar_sim_500_final/rgb/000511.png,4443,connector,transparent_glass;small_parts,0.9699059561128527,1.0,0.9692785739898682,0.4827358534994346,2.071526265867408,cuda,12
SAM2.1-Tiny,auto,val,data/cogar_sim_500_final/rgb/000511.png,4444,plastic_object,transparent_glass,0.11003117549972492,0.4601847080740418,0.8910101056098938,0.4827358534994346,2.071526265867408,cuda,12
SAM2.1-Tiny,auto,val,data/cogar_sim_500_final/rgb/000511.png,4445,cable,transparent_glass,0.8494208494208494,1.0,0.8901000022888184,0.4827358534994346,2.071526265867408,cuda,12
SAM2.1-Tiny,auto,val,data/cogar_sim_500_final/rgb/000511.png,4446,plastic_object,transparent_glass,0.8518657416088505,0.8122375843380157,0.8910101056098938,0.4827358534994346,2.071526265867408,cuda,12
SAM2.1-Tiny,auto,val,data/cogar_sim_500_final/rgb/000511.png,4447,glass_object,transparent_glass,0.14065014483424526,0.13808509895633356,0.8571673035621643,0.4827358534994346,2.071526265867408,cuda,12
SAM2.1-Tiny,auto,val,data/cogar_sim_500_final/rgb/000511.png,4448,plastic_object,transparent_glass,0.9399736147757256,0.9937369519832986,0.9505313038825989,0.4827358534994346,2.071526265867408,cuda,12
SAM2.1-Tiny,auto,val,data/cogar_sim_500_final/rgb/000512.png,4451,plastic_object,partial_occlusion,6.76178240584218e-05,0.1944690732531138,0.8843054175376892,0.35275580945414153,2.834822200511486,cuda,11
SAM2.1-Tiny,auto,val,data/cogar_sim_500_final/rgb/000512.png,4452,connector,partial_occlusion;small_parts,0.0,0.0,0.9926559925079346,0.35275580945414153,2.834822200511486,cuda,11
SAM2.1-Tiny,auto,val,data/cogar_sim_500_final/rgb/000512.png,4453,metal_part,partial_occlusion;reflective_metal,0.9743003997715591,0.9965576489753208,0.9565959572792053,0.35275580945414153,2.834822200511486,cuda,11
SAM2.1-Tiny,auto,val,data/cogar_sim_500_final/rgb/000512.png,4454,metal_part,partial_occlusion;reflective_metal,0.984933094510589,1.0,0.984481930732727,0.35275580945414153,2.834822200511486,cuda,11
SAM2.1-Tiny,auto,val,data/cogar_sim_500_final/rgb/000512.png,4455,screw,partial_occlusion;small_parts,0.7967914438502673,0.8375,0.8171023726463318,0.35275580945414153,2.834822200511486,cuda,11
SAM2.1-Tiny,auto,val,data/cogar_sim_500_final/rgb/000512.png,4456,plastic_object,partial_occlusion,0.9787951807228915,1.0,0.9778803586959839,0.35275580945414153,2.834822200511486,cuda,11
SAM2.1-Tiny,auto,val,data/cogar_sim_500_final/rgb/000512.png,4457,screw,partial_occlusion;small_parts,5.219915019783478e-06,0.03291209852174473,0.9892571568489075,0.35275580945414153,2.834822200511486,cuda,11
SAM2.1-Tiny,auto,val,data/cogar_sim_500_final/rgb/000512.png,4458,plastic_object,partial_occlusion,0.9745882352941176,1.0,0.9382830262184143,0.35275580945414153,2.834822200511486,cuda,11
SAM2.1-Tiny,auto,val,data/cogar_sim_500_final/rgb/000512.png,4459,robot_gripper,partial_occlusion,0.7613759284632581,0.6501220779326066,0.8843054175376892,0.35275580945414153,2.834822200511486,cuda,11
SAM2.1-Tiny,auto,val,data/cogar_sim_500_final/rgb/000512.png,4460,robot_gripper,partial_occlusion,0.021961620469083155,0.2660342338626521,0.8843054175376892,0.35275580945414153,2.834822200511486,cuda,11
SAM2.1-Tiny,auto,val,data/cogar_sim_500_final/rgb/000512.png,4461,robot_gripper,partial_occlusion,0.2050687907313541,0.3405900887997708,0.8843054175376892,0.35275580945414153,2.834822200511486,cuda,11
SAM2.1-Tiny,auto,val,data/cogar_sim_500_final/rgb/000513.png,4464,screw,small_parts;partial_occlusion,0.0,0.0,0.9870908260345459,0.2803132141426821,3.5674379570668058,cuda,19
SAM2.1-Tiny,auto,val,data/cogar_sim_500_final/rgb/000513.png,4465,connector,small_parts;partial_occlusion,0.9274691358024691,1.0,0.9040847420692444,0.2803132141426821,3.5674379570668058,cuda,19
SAM2.1-Tiny,auto,val,data/cogar_sim_500_final/rgb/000513.png,4466,cable,small_parts;partial_occlusion,0.4155844155844156,0.5955056179775281,0.8628292679786682,0.2803132141426821,3.5674379570668058,cuda,19
SAM2.1-Tiny,auto,val,data/cogar_sim_500_final/rgb/000513.png,4467,plastic_object,small_parts;partial_occlusion,0.9742405400604015,0.9987325728770595,0.9611061215400696,0.2803132141426821,3.5674379570668058,cuda,19
SAM2.1-Tiny,auto,val,data/cogar_sim_500_final/rgb/000513.png,4468,screw,small_parts;partial_occlusion,0.05838008415147265,0.1779033515198753,0.9392916560173035,0.2803132141426821,3.5674379570668058,cuda,19
SAM2.1-Tiny,auto,val,data/cogar_sim_500_final/rgb/000513.png,4469,metal_part,small_parts;reflective_metal;partial_occlusion,0.9548254620123203,1.0,0.9428873062133789,0.2803132141426821,3.5674379570668058,cuda,19
SAM2.1-Tiny,auto,val,data/cogar_sim_500_final/rgb/000513.png,4470,cable,small_parts;partial_occlusion,0.8879570613887957,0.9398184220332667,0.9392916560173035,0.2803132141426821,3.5674379570668058,cuda,19
SAM2.1-Tiny,auto,val,data/cogar_sim_500_final/rgb/000513.png,4471,metal_part,small_parts;reflective_metal;partial_occlusion,0.13991967871485944,0.19926088236256012,0.829163134098053,0.2803132141426821,3.5674379570668058,cuda,19
SAM2.1-Tiny,auto,val,data/cogar_sim_500_final/rgb/000513.png,4472,connector,small_parts;partial_occlusion,0.735768903993203,0.7704918032786886,0.805864155292511,0.2803132141426821,3.5674379570668058,cuda,19
SAM2.1-Tiny,auto,val,data/cogar_sim_500_final/rgb/000513.png,4473,plastic_object,small_parts;partial_occlusion,0.0,0.0,0.9870908260345459,0.2803132141426821,3.5674379570668058,cuda,19
SAM2.1-Tiny,auto,val,data/cogar_sim_500_final/rgb/000513.png,4474,screw,small_parts;partial_occlusion,0.9365558912386707,1.0,0.9655297994613647,0.2803132141426821,3.5674379570668058,cuda,19
SAM2.1-Tiny,auto,val,data/cogar_sim_500_final/rgb/000513.png,4475,robot_gripper,small_parts;partial_occlusion,0.9165139143476088,0.7872634060870882,0.9670640826225281,0.2803132141426821,3.5674379570668058,cuda,19
SAM2.1-Tiny,auto,val,data/cogar_sim_500_final/rgb/000513.png,4476,robot_gripper,small_parts;partial_occlusion,0.39340885684860966,0.5852631578947368,0.9577741026878357,0.2803132141426821,3.5674379570668058,cuda,19
SAM2.1-Tiny,auto,val,data/cogar_sim_500_final/rgb/000513.png,4477,robot_gripper,small_parts;partial_occlusion,0.6538461538461539,0.7375886524822695,0.9322556853294373,0.2803132141426821,3.5674379570668058,cuda,19
SAM2.1-Tiny,auto,val,data/cogar_sim_500_final/rgb/000515.png,4482,cable,reflective_metal;partial_occlusion,0.40042674253200566,0.5429451351659632,0.9221408367156982,0.5069842153752688,1.9724479967483834,cuda,8
SAM2.1-Tiny,auto,val,data/cogar_sim_500_final/rgb/000515.png,4483,metal_part,reflective_metal;partial_occlusion,0.0,0.012892677799836506,0.9889799356460571,0.5069842153752688,1.9724479967483834,cuda,8
SAM2.1-Tiny,auto,val,data/cogar_sim_500_final/rgb/000515.png,4484,plastic_object,reflective_metal;partial_occlusion,0.9661111111111111,1.0,0.8724595904350281,0.5069842153752688,1.9724479967483834,cuda,8
SAM2.1-Tiny,auto,val,data/cogar_sim_500_final/rgb/000515.png,4485,plastic_object,reflective_metal;partial_occlusion,0.8962639109697933,0.8767092705251995,0.9455064535140991,0.5069842153752688,1.9724479967483834,cuda,8
SAM2.1-Tiny,auto,val,data/cogar_sim_500_final/rgb/000515.png,4486,tool,reflective_metal;partial_occlusion,0.9165385460136174,0.9323588964819033,0.9732574224472046,0.5069842153752688,1.9724479967483834,cuda,8
SAM2.1-Tiny,auto,val,data/cogar_sim_500_final/rgb/000515.png,4487,robot_gripper,reflective_metal;partial_occlusion,0.0,0.08140048568433655,0.9889799356460571,0.5069842153752688,1.9724479967483834,cuda,8
SAM2.1-Tiny,auto,val,data/cogar_sim_500_final/rgb/000515.png,4488,robot_gripper,reflective_metal;partial_occlusion,0.0,0.018372224728592134,0.9889799356460571,0.5069842153752688,1.9724479967483834,cuda,8
SAM2.1-Tiny,auto,val,data/cogar_sim_500_final/rgb/000515.png,4489,robot_gripper,reflective_metal;partial_occlusion,0.0,0.04140230132272287,0.9889799356460571,0.5069842153752688,1.9724479967483834,cuda,8
SAM2.1-Tiny,auto,val,data/cogar_sim_500_final/rgb/000516.png,4492,plastic_object,transparent_glass;partial_occlusion,0.0,0.0,0.9907626509666443,0.450105134250407,2.2217031620076346,cuda,14
SAM2.1-Tiny,auto,val,data/cogar_sim_500_final/rgb/000516.png,4493,glass_object,transparent_glass;partial_occlusion,0.0,0.0,0.9907626509666443,0.450105134250407,2.2217031620076346,cuda,14
SAM2.1-Tiny,auto,val,data/cogar_sim_500_final/rgb/000516.png,4494,glass_object,transparent_glass;partial_occlusion,0.9890869407057111,0.9856733524355301,0.9907626509666443,0.450105134250407,2.2217031620076346,cuda,14
SAM2.1-Tiny,auto,val,data/cogar_sim_500_final/rgb/000516.png,4495,glass_object,transparent_glass;partial_occlusion,0.0,0.0,0.9907626509666443,0.450105134250407,2.2217031620076346,cuda,14
SAM2.1-Tiny,auto,val,data/cogar_sim_500_final/rgb/000516.png,4496,tool,transparent_glass;reflective_metal;partial_occlusion,0.9351572453564004,0.974114742308324,0.9720879793167114,0.450105134250407,2.2217031620076346,cuda,14
SAM2.1-Tiny,auto,val,data/cogar_sim_500_final/rgb/000516.png,4497,robot_gripper,transparent_glass;partial_occlusion,0.6502555265034466,0.5442632349880423,0.9556252956390381,0.450105134250407,2.2217031620076346,cuda,14
SAM2.1-Tiny,auto,val,data/cogar_sim_500_final/rgb/000516.png,4498,robot_gripper,transparent_glass;partial_occlusion,0.13061492145816567,0.32936315221954254,0.9556252956390381,0.450105134250407,2.2217031620076346,cuda,14
SAM2.1-Tiny,auto,val,data/cogar_sim_500_final/rgb/000516.png,4499,robot_gripper,transparent_glass;partial_occlusion,0.6743341404358354,0.7105270088756617,0.900593101978302,0.450105134250407,2.2217031620076346,cuda,14
SAM2.1-Tiny,auto,val,data/cogar_sim_500_final/rgb/000518.png,4504,box,small_parts,0.7149956784788245,0.7791931290689338,0.8766403198242188,0.35374338127307553,2.826908015638717,cuda,13
SAM2.1-Tiny,auto,val,data/cogar_sim_500_final/rgb/000518.png,4505,connector,small_parts,0.9617391304347827,1.0,0.9747682809829712,0.35374338127307553,2.826908015638717,cuda,13
SAM2.1-Tiny,auto,val,data/cogar_sim_500_final/rgb/000518.png,4506,screw,small_parts,0.015372168284789644,0.2745098039215686,0.9758691191673279,0.35374338127307553,2.826908015638717,cuda,13
SAM2.1-Tiny,auto,val,data/cogar_sim_500_final/rgb/000518.png,4507,plastic_object,small_parts,0.00666513445185015,0.02945508100147275,0.9423418045043945,0.35374338127307553,2.826908015638717,cuda,13
SAM2.1-Tiny,auto,val,data/cogar_sim_500_final/rgb/000518.png,4508,plastic_object,small_parts,0.9723733779824194,1.0,0.9410580992698669,0.35374338127307553,2.826908015638717,cuda,13
SAM2.1-Tiny,auto,val,data/cogar_sim_500_final/rgb/000518.png,4509,box,small_parts,0.9627471146154725,0.9060939498335081,0.8768336772918701,0.35374338127307553,2.826908015638717,cuda,13
SAM2.1-Tiny,auto,val,data/cogar_sim_500_final/rgb/000518.png,4510,plastic_object,small_parts,0.8350068461889548,0.8064641195544905,0.959364116191864,0.35374338127307553,2.826908015638717,cuda,13
SAM2.1-Tiny,auto,val,data/cogar_sim_500_final/rgb/000518.png,4511,connector,small_parts,0.14240362811791382,0.41988192725195206,0.959364116191864,0.35374338127307553,2.826908015638717,cuda,13
SAM2.1-Tiny,auto,val,data/cogar_sim_500_final/rgb/000518.png,4513,cable,small_parts,0.44920525224602625,0.5945121951219512,0.8359076976776123,0.35374338127307553,2.826908015638717,cuda,13
SAM2.1-Tiny,auto,val,data/cogar_sim_500_final/rgb/000518.png,4514,box,small_parts,0.9685546875,0.9955022488755623,0.9355414509773254,0.35374338127307553,2.826908015638717,cuda,13
SAM2.1-Tiny,auto,val,data/cogar_sim_500_final/rgb/000518.png,4515,connector,small_parts,0.9494290375203915,1.0,0.9758691191673279,0.35374338127307553,2.826908015638717,cuda,13
SAM2.1-Tiny,auto,val,data/cogar_sim_500_final/rgb/000519.png,4518,plastic_object,dynamic_scene;partial_occlusion,0.9898485604925944,1.0,0.986391544342041,0.5338720748571048,1.8731078981189608,cuda,12
SAM2.1-Tiny,auto,val,data/cogar_sim_500_final/rgb/000519.png,4519,cable,dynamic_scene;partial_occlusion,0.9680495946590367,1.0,0.9609346985816956,0.5338720748571048,1.8731078981189608,cuda,12
SAM2.1-Tiny,auto,val,data/cogar_sim_500_final/rgb/000519.png,4520,plastic_object,dynamic_scene;partial_occlusion,0.9877845641310383,1.0,0.9707833528518677,0.5338720748571048,1.8731078981189608,cuda,12
SAM2.1-Tiny,auto,val,data/cogar_sim_500_final/rgb/000519.png,4521,box,dynamic_scene;partial_occlusion,0.9883583447021373,0.9979591836734694,0.9394219517707825,0.5338720748571048,1.8731078981189608,cuda,12
SAM2.1-Tiny,auto,val,data/cogar_sim_500_final/rgb/000519.png,4522,robot_gripper,dynamic_scene;partial_occlusion,0.6513568023469014,0.7551130714462068,0.9723791480064392,0.5338720748571048,1.8731078981189608,cuda,12
SAM2.1-Tiny,auto,val,data/cogar_sim_500_final/rgb/000519.png,4523,robot_gripper,dynamic_scene;partial_occlusion,0.3212440014765596,0.31342872867363786,0.9723791480064392,0.5338720748571048,1.8731078981189608,cuda,12
SAM2.1-Tiny,auto,val,data/cogar_sim_500_final/rgb/000519.png,4524,robot_gripper,dynamic_scene;partial_occlusion,0.020049893744802736,0.18485005170630817,0.9723791480064392,0.5338720748571048,1.8731078981189608,cuda,12
SAM2.1-Tiny,auto,val,data/cogar_sim_500_final/rgb/000520.png,4526,tool,reflective_metal,4.208329125004209e-06,0.09143429869096147,0.985529363155365,0.4149398427995038,2.4099878990969623,cuda,10
SAM2.1-Tiny,auto,val,data/cogar_sim_500_final/rgb/000520.png,4527,plastic_object,reflective_metal,0.0030162013098931403,0.3145120724346077,0.8725748062133789,0.4149398427995038,2.4099878990969623,cuda,10
SAM2.1-Tiny,auto,val,data/cogar_sim_500_final/rgb/000520.png,4528,metal_part,reflective_metal,0.9801324503311258,1.0,0.9390684962272644,0.4149398427995038,2.4099878990969623,cuda,10
SAM2.1-Tiny,auto,val,data/cogar_sim_500_final/rgb/000520.png,4529,tool,reflective_metal,0.9765238879736409,0.9785126648794357,0.9790436029434204,0.4149398427995038,2.4099878990969623,cuda,10
SAM2.1-Tiny,auto,val,data/cogar_sim_500_final/rgb/000520.png,4530,tool,reflective_metal,0.9627593101724569,1.0,0.9655436873435974,0.4149398427995038,2.4099878990969623,cuda,10
SAM2.1-Tiny,auto,val,data/cogar_sim_500_final/rgb/000520.png,4531,connector,reflective_metal;small_parts,9.288500835965076e-05,0.2951643516521439,0.9741623997688293,0.4149398427995038,2.4099878990969623,cuda,10
SAM2.1-Tiny,auto,val,data/cogar_sim_500_final/rgb/000520.png,4532,metal_part,reflective_metal,0.9798380432986283,1.0,0.8725748062133789,0.4149398427995038,2.4099878990969623,cuda,10
SAM2.1-Tiny,auto,val,data/cogar_sim_500_final/rgb/000520.png,4533,connector,reflective_metal;small_parts,0.0,0.05840472236381275,0.985529363155365,0.4149398427995038,2.4099878990969623,cuda,10
SAM2.1-Tiny,auto,val,data/cogar_sim_500_final/rgb/000520.png,4534,plastic_object,reflective_metal,0.9871817079508055,0.9886363636363636,0.9817178249359131,0.4149398427995038,2.4099878990969623,cuda,10
SAM2.1-Tiny,auto,val,data/cogar_sim_500_final/rgb/000520.png,4535,tool,reflective_metal,0.9647644051402515,0.9865539530172206,0.9741623997688293,0.4149398427995038,2.4099878990969623,cuda,10
SAM2.1-Tiny,auto,val,data/cogar_sim_500_final/rgb/000521.png,4537,glass_object,transparent_glass;partial_occlusion,0.9650660123846244,0.9337930652657351,0.9411667585372925,0.7160536418341508,1.3965434173877376,cuda,6
SAM2.1-Tiny,auto,val,data/cogar_sim_500_final/rgb/000521.png,4538,metal_part,transparent_glass;reflective_metal;partial_occlusion,0.9772076061474342,0.9779621499235583,0.9737592935562134,0.7160536418341508,1.3965434173877376,cuda,6
SAM2.1-Tiny,auto,val,data/cogar_sim_500_final/rgb/000521.png,4539,connector,transparent_glass;partial_occlusion;small_parts,0.9478885893980233,1.0,0.9734520316123962,0.7160536418341508,1.3965434173877376,cuda,6
SAM2.1-Tiny,auto,val,data/cogar_sim_500_final/rgb/000521.png,4540,robot_gripper,transparent_glass;partial_occlusion,0.5854294916221615,0.6377068601845892,0.9665349721908569,0.7160536418341508,1.3965434173877376,cuda,6
SAM2.1-Tiny,auto,val,data/cogar_sim_500_final/rgb/000521.png,4541,robot_gripper,transparent_glass;partial_occlusion,0.26177410107297894,0.3078719526087947,0.9665349721908569,0.7160536418341508,1.3965434173877376,cuda,6
SAM2.1-Tiny,auto,val,data/cogar_sim_500_final/rgb/000521.png,4542,robot_gripper,transparent_glass;partial_occlusion,0.1447844685751892,0.2765636063252301,0.9665349721908569,0.7160536418341508,1.3965434173877376,cuda,6
SAM2.1-Tiny,auto,val,data/cogar_sim_500_final/rgb/000522.png,4545,plastic_object,partial_occlusion,0.9901477832512315,1.0,0.9756664037704468,0.3996800928887549,2.5020010197964386,cuda,11
SAM2.1-Tiny,auto,val,data/cogar_sim_500_final/rgb/000522.png,4546,metal_part,partial_occlusion;reflective_metal,0.9861378513669619,1.0,0.9759835600852966,0.3996800928887549,2.5020010197964386,cuda,11
SAM2.1-Tiny,auto,val,data/cogar_sim_500_final/rgb/000522.png,4547,plastic_object,partial_occlusion,0.9947536496350365,1.0,0.9790102243423462,0.3996800928887549,2.5020010197964386,cuda,11
SAM2.1-Tiny,auto,val,data/cogar_sim_500_final/rgb/000522.png,4548,plastic_object,partial_occlusion,0.9596354166666666,0.9939148073022313,0.8443896770477295,0.3996800928887549,2.5020010197964386,cuda,11
SAM2.1-Tiny,auto,val,data/cogar_sim_500_final/rgb/000522.png,4549,glass_object,partial_occlusion;transparent_glass,0.948318878460259,0.9387782928824653,0.9710355401039124,0.3996800928887549,2.5020010197964386,cuda,11
SAM2.1-Tiny,auto,val,data/cogar_sim_500_final/rgb/000522.png,4550,plastic_object,partial_occlusion,0.0,0.0,0.9817445874214172,0.3996800928887549,2.5020010197964386,cuda,11
SAM2.1-Tiny,auto,val,data/cogar_sim_500_final/rgb/000522.png,4551,robot_gripper,partial_occlusion,0.001338782412626832,0.06674622794305686,0.8443896770477295,0.3996800928887549,2.5020010197964386,cuda,11
SAM2.1-Tiny,auto,val,data/cogar_sim_500_final/rgb/000522.png,4552,robot_gripper,partial_occlusion,0.0,0.0,0.9817445874214172,0.3996800928887549,2.5020010197964386,cuda,11
SAM2.1-Tiny,auto,val,data/cogar_sim_500_final/rgb/000522.png,4553,robot_gripper,partial_occlusion,0.0,0.0,0.9817445874214172,0.3996800928887549,2.5020010197964386,cuda,11
SAM2.1-Tiny,auto,val,data/cogar_sim_500_final/rgb/000523.png,4556,cable,small_parts;partial_occlusion,0.9535460992907802,1.0,0.9285680055618286,0.2508927471329419,3.9857668722090422,cuda,12
SAM2.1-Tiny,auto,val,data/cogar_sim_500_final/rgb/000523.png,4557,screw,small_parts;partial_occlusion,0.0,0.0,0.9848206639289856,0.2508927471329419,3.9857668722090422,cuda,12
SAM2.1-Tiny,auto,val,data/cogar_sim_500_final/rgb/000523.png,4558,cable,small_parts;partial_occlusion,0.8212343343580043,0.5881838791620005,0.954952597618103,0.2508927471329419,3.9857668722090422,cuda,12
SAM2.1-Tiny,auto,val,data/cogar_sim_500_final/rgb/000523.png,4559,screw,small_parts;partial_occlusion,0.0,0.0,0.9848206639289856,0.2508927471329419,3.9857668722090422,cuda,12
SAM2.1-Tiny,auto,val,data/cogar_sim_500_final/rgb/000523.png,4560,connector,small_parts;partial_occlusion,0.8783204798628963,0.7853451638065524,0.9024328589439392,0.2508927471329419,3.9857668722090422,cuda,12
SAM2.1-Tiny,auto,val,data/cogar_sim_500_final/rgb/000523.png,4561,plastic_object,small_parts;partial_occlusion,0.9896151496640195,1.0,0.9600571393966675,0.2508927471329419,3.9857668722090422,cuda,12
SAM2.1-Tiny,auto,val,data/cogar_sim_500_final/rgb/000523.png,4562,cable,small_parts;partial_occlusion,0.002614689802709769,0.07442527151441646,0.9285680055618286,0.2508927471329419,3.9857668722090422,cuda,12
SAM2.1-Tiny,auto,val,data/cogar_sim_500_final/rgb/000523.png,4563,cable,small_parts;partial_occlusion,0.36218643542892537,0.6297478806561709,0.8222461938858032,0.2508927471329419,3.9857668722090422,cuda,12
SAM2.1-Tiny,auto,val,data/cogar_sim_500_final/rgb/000523.png,4564,cable,small_parts;partial_occlusion,0.5352354225132523,0.6662491228618157,0.8222461938858032,0.2508927471329419,3.9857668722090422,cuda,12
SAM2.1-Tiny,auto,val,data/cogar_sim_500_final/rgb/000523.png,4565,connector,small_parts;partial_occlusion,0.9233060312732688,1.0,0.9288353323936462,0.2508927471329419,3.9857668722090422,cuda,12
SAM2.1-Tiny,auto,val,data/cogar_sim_500_final/rgb/000523.png,4566,screw,small_parts;partial_occlusion,0.0,0.0,0.9848206639289856,0.2508927471329419,3.9857668722090422,cuda,12
SAM2.1-Tiny,auto,val,data/cogar_sim_500_final/rgb/000523.png,4567,connector,small_parts;partial_occlusion,0.9260355029585798,0.9972451790633609,0.9482573866844177,0.2508927471329419,3.9857668722090422,cuda,12
SAM2.1-Tiny,auto,val,data/cogar_sim_500_final/rgb/000523.png,4568,robot_gripper,small_parts;partial_occlusion,0.5586241111294857,0.6190093403427401,0.9534314274787903,0.2508927471329419,3.9857668722090422,cuda,12
SAM2.1-Tiny,auto,val,data/cogar_sim_500_final/rgb/000523.png,4569,robot_gripper,small_parts;partial_occlusion,0.3651997347919775,0.4524675857120894,0.9534314274787903,0.2508927471329419,3.9857668722090422,cuda,12
SAM2.1-Tiny,auto,val,data/cogar_sim_500_final/rgb/000523.png,4570,robot_gripper,small_parts;partial_occlusion,0.06717569992072434,0.03135888501742161,0.9534314274787903,0.2508927471329419,3.9857668722090422,cuda,12
SAM2.1-Tiny,auto,val,data/cogar_sim_500_final/rgb/000524.png,4573,glass_object,dynamic_scene;transparent_glass,0.9873434410019776,1.0,0.9718533754348755,0.4354437301113244,2.296507977607905,cuda,15
SAM2.1-Tiny,auto,val,data/cogar_sim_500_final/rgb/000524.png,4574,box,dynamic_scene,0.9762886597938144,0.9973285841495992,0.9264082312583923,0.4354437301113244,2.296507977607905,cuda,15
SAM2.1-Tiny,auto,val,data/cogar_sim_500_final/rgb/000524.png,4575,plastic_object,dynamic_scene,0.032407407407407406,0.5140845070422535,0.9572091698646545,0.4354437301113244,2.296507977607905,cuda,15
SAM2.1-Tiny,auto,val,data/cogar_sim_500_final/rgb/000524.png,4576,screw,dynamic_scene;small_parts,0.0,0.0,0.9941022992134094,0.4354437301113244,2.296507977607905,cuda,15
SAM2.1-Tiny,auto,val,data/cogar_sim_500_final/rgb/000524.png,4577,glass_object,dynamic_scene;transparent_glass,0.24704336399474375,0.38110135859332006,0.8831513524055481,0.4354437301113244,2.296507977607905,cuda,15
SAM2.1-Tiny,auto,val,data/cogar_sim_500_final/rgb/000524.png,4578,metal_part,dynamic_scene;reflective_metal,0.9474232170744404,1.0,0.9572091698646545,0.4354437301113244,2.296507977607905,cuda,15
SAM2.1-Tiny,auto,val,data/cogar_sim_500_final/rgb/000524.png,4579,plastic_object,dynamic_scene,0.9928074802205706,1.0,0.9823361039161682,0.4354437301113244,2.296507977607905,cuda,15
SAM2.1-Tiny,auto,val,data/cogar_sim_500_final/rgb/000524.png,4580,metal_part,dynamic_scene;reflective_metal,0.9682179341657208,0.9819819819819819,0.9658533334732056,0.4354437301113244,2.296507977607905,cuda,15
SAM2.1-Tiny,auto,val,data/cogar_sim_500_final/rgb/000524.png,4581,plastic_object,dynamic_scene,0.9931767484582076,1.0,0.9857287406921387,0.4354437301113244,2.296507977607905,cuda,15
SAM2.1-Tiny,auto,val,data/cogar_sim_500_final/rgb/000525.png,4584,metal_part,reflective_metal,0.0,0.140059898749414,0.9878730773925781,0.9476683394987049,1.0552214929212231,cuda,8
SAM2.1-Tiny,auto,val,data/cogar_sim_500_final/rgb/000525.png,4585,metal_part,reflective_metal,0.0,0.07982842307258156,0.9878730773925781,0.9476683394987049,1.0552214929212231,cuda,8
SAM2.1-Tiny,auto,val,data/cogar_sim_500_final/rgb/000525.png,4586,metal_part,reflective_metal,0.5441635455680399,0.5472038484666266,0.8273477554321289,0.9476683394987049,1.0552214929212231,cuda,8
SAM2.1-Tiny,auto,val,data/cogar_sim_500_final/rgb/000525.png,4587,connector,reflective_metal;small_parts,0.9538763493621197,1.0,0.9599846601486206,0.9476683394987049,1.0552214929212231,cuda,8
SAM2.1-Tiny,auto,val,data/cogar_sim_500_final/rgb/000527.png,4593,metal_part,partial_occlusion;reflective_metal,0.9892072213500785,1.0,0.9874073266983032,0.4812510657502571,2.077917476278266,cuda,13
SAM2.1-Tiny,auto,val,data/cogar_sim_500_final/rgb/000527.png,4594,metal_part,partial_occlusion;reflective_metal,0.5942408376963351,0.7273813078530904,0.8536244034767151,0.4812510657502571,2.077917476278266,cuda,13
SAM2.1-Tiny,auto,val,data/cogar_sim_500_final/rgb/000527.png,4595,plastic_object,partial_occlusion,0.990530303030303,1.0,0.981208086013794,0.4812510657502571,2.077917476278266,cuda,13
SAM2.1-Tiny,auto,val,data/cogar_sim_500_final/rgb/000527.png,4596,metal_part,partial_occlusion;reflective_metal,0.9804749340369393,1.0,0.9793018102645874,0.4812510657502571,2.077917476278266,cuda,13
SAM2.1-Tiny,auto,val,data/cogar_sim_500_final/rgb/000527.png,4597,tool,partial_occlusion;reflective_metal,0.625366568914956,0.7278454362894345,0.9390698671340942,0.4812510657502571,2.077917476278266,cuda,13
SAM2.1-Tiny,auto,val,data/cogar_sim_500_final/rgb/000527.png,4598,robot_gripper,partial_occlusion,0.663617481992134,0.5291554264370201,0.8610250353813171,0.4812510657502571,2.077917476278266,cuda,13
SAM2.1-Tiny,auto,val,data/cogar_sim_500_final/rgb/000527.png,4599,robot_gripper,partial_occlusion,0.08484418635577819,0.1631852330739907,0.8610250353813171,0.4812510657502571,2.077917476278266,cuda,13
SAM2.1-Tiny,auto,val,data/cogar_sim_500_final/rgb/000527.png,4600,robot_gripper,partial_occlusion,0.6212624584717608,0.7247863247863249,0.8715921640396118,0.4812510657502571,2.077917476278266,cuda,13
SAM2.1-Tiny,auto,val,data/cogar_sim_500_final/rgb/000528.png,4603,box,small_parts;partial_occlusion,0.9748401445649152,0.9791315603096685,0.9543858766555786,0.23411376125022798,4.2714276796876085,cuda,15
SAM2.1-Tiny,auto,val,data/cogar_sim_500_final/rgb/000528.png,4604,connector,small_parts;partial_occlusion,0.9529411764705882,1.0,0.9557632803916931,0.23411376125022798,4.2714276796876085,cuda,15
SAM2.1-Tiny,auto,val,data/cogar_sim_500_final/rgb/000528.png,4605,connector,small_parts;partial_occlusion,0.972972972972973,1.0,0.9614883661270142,0.23411376125022798,4.2714276796876085,cuda,15
SAM2.1-Tiny,auto,val,data/cogar_sim_500_final/rgb/000528.png,4606,box,small_parts;partial_occlusion,0.4658088235294118,0.6678966789667897,0.9187856912612915,0.23411376125022798,4.2714276796876085,cuda,15
SAM2.1-Tiny,auto,val,data/cogar_sim_500_final/rgb/000528.png,4607,cable,small_parts;partial_occlusion,0.7329842931937173,0.8333333333333333,0.9493454098701477,0.23411376125022798,4.2714276796876085,cuda,15
SAM2.1-Tiny,auto,val,data/cogar_sim_500_final/rgb/000528.png,4608,screw,small_parts;partial_occlusion,0.0044932601098352475,0.16850551654964896,0.9669422507286072,0.23411376125022798,4.2714276796876085,cuda,15
SAM2.1-Tiny,auto,val,data/cogar_sim_500_final/rgb/000528.png,4609,connector,small_parts;partial_occlusion,0.9611378205128205,0.9504132231404958,0.9412893652915955,0.23411376125022798,4.2714276796876085,cuda,15
SAM2.1-Tiny,auto,val,data/cogar_sim_500_final/rgb/000528.png,4610,screw,small_parts;partial_occlusion,0.009021512838306732,0.20833333333333334,0.9614472389221191,0.23411376125022798,4.2714276796876085,cuda,15
SAM2.1-Tiny,auto,val,data/cogar_sim_500_final/rgb/000528.png,4611,connector,small_parts;partial_occlusion,0.0040137614678899085,0.3661016949152542,0.9557632803916931,0.23411376125022798,4.2714276796876085,cuda,15
SAM2.1-Tiny,auto,val,data/cogar_sim_500_final/rgb/000528.png,4612,connector,small_parts;partial_occlusion,0.9579967689822294,1.0,0.9651190042495728,0.23411376125022798,4.2714276796876085,cuda,15
SAM2.1-Tiny,auto,val,data/cogar_sim_500_final/rgb/000528.png,4613,screw,small_parts;partial_occlusion,0.0,0.0,0.9921513795852661,0.23411376125022798,4.2714276796876085,cuda,15
SAM2.1-Tiny,auto,val,data/cogar_sim_500_final/rgb/000528.png,4614,connector,small_parts;partial_occlusion,0.9395790902919212,1.0,0.9614472389221191,0.23411376125022798,4.2714276796876085,cuda,15
SAM2.1-Tiny,auto,val,data/cogar_sim_500_final/rgb/000528.png,4615,connector,small_parts;partial_occlusion,0.9564782391195598,0.9953051643192489,0.9669422507286072,0.23411376125022798,4.2714276796876085,cuda,15
SAM2.1-Tiny,auto,val,data/cogar_sim_500_final/rgb/000528.png,4616,robot_gripper,small_parts;partial_occlusion,0.8212706071572176,0.6803455723542116,0.9005378484725952,0.23411376125022798,4.2714276796876085,cuda,15
SAM2.1-Tiny,auto,val,data/cogar_sim_500_final/rgb/000528.png,4617,robot_gripper,small_parts;partial_occlusion,0.14315956602275734,0.23755656108597287,0.9174787402153015,0.23411376125022798,4.2714276796876085,cuda,15
SAM2.1-Tiny,auto,val,data/cogar_sim_500_final/rgb/000528.png,4618,robot_gripper,small_parts;partial_occlusion,0.42994914957040153,0.37079783438955805,0.9174787402153015,0.23411376125022798,4.2714276796876085,cuda,15
SAM2.1-Tiny,auto,val,data/cogar_sim_500_final/rgb/000529.png,4621,metal_part,dynamic_scene;reflective_metal,0.9825719120135363,1.0,0.977381706237793,0.379478992499935,2.6351919862867543,cuda,15
SAM2.1-Tiny,auto,val,data/cogar_sim_500_final/rgb/000529.png,4622,plastic_object,dynamic_scene,0.9638771824202288,1.0,0.9268996715545654,0.379478992499935,2.6351919862867543,cuda,15
SAM2.1-Tiny,auto,val,data/cogar_sim_500_final/rgb/000529.png,4623,box,dynamic_scene,0.9671641791044776,0.995697888843867,0.9661808013916016,0.379478992499935,2.6351919862867543,cuda,15
SAM2.1-Tiny,auto,val,data/cogar_sim_500_final/rgb/000529.png,4624,cable,dynamic_scene,0.0,0.15519585950326772,0.9878191947937012,0.379478992499935,2.6351919862867543,cuda,15
SAM2.1-Tiny,auto,val,data/cogar_sim_500_final/rgb/000529.png,4625,plastic_object,dynamic_scene,0.9904727664928995,1.0,0.9830867052078247,0.379478992499935,2.6351919862867543,cuda,15
SAM2.1-Tiny,auto,val,data/cogar_sim_500_final/rgb/000529.png,4626,cable,dynamic_scene,0.0,0.08184976118106817,0.9878191947937012,0.379478992499935,2.6351919862867543,cuda,15
SAM2.1-Tiny,auto,val,data/cogar_sim_500_final/rgb/000529.png,4627,box,dynamic_scene,0.9738447319778188,0.9741839226656022,0.9821962118148804,0.379478992499935,2.6351919862867543,cuda,15
SAM2.1-Tiny,auto,val,data/cogar_sim_500_final/rgb/000529.png,4628,metal_part,dynamic_scene;reflective_metal,0.009085852030409791,0.27729984301412874,0.9821962118148804,0.379478992499935,2.6351919862867543,cuda,15
SAM2.1-Tiny,auto,val,data/cogar_sim_500_final/rgb/000529.png,4629,plastic_object,dynamic_scene,0.9605809128630706,1.0,0.9585853219032288,0.379478992499935,2.6351919862867543,cuda,15
SAM2.1-Tiny,auto,val,data/cogar_sim_500_final/rgb/000529.png,4630,plastic_object,dynamic_scene,0.9908095424325382,1.0,0.9775162935256958,0.379478992499935,2.6351919862867543,cuda,15
SAM2.1-Tiny,auto,val,data/cogar_sim_500_final/rgb/000530.png,4632,box,reflective_metal,0.9878960890665144,1.0,0.9743669033050537,0.6822710076667136,1.4656932344522189,cuda,9
SAM2.1-Tiny,auto,val,data/cogar_sim_500_final/rgb/000530.png,4633,tool,reflective_metal,0.9209911648217731,0.9514281981892149,0.963727593421936,0.6822710076667136,1.4656932344522189,cuda,9
SAM2.1-Tiny,auto,val,data/cogar_sim_500_final/rgb/000530.png,4634,metal_part,reflective_metal,0.9748858447488584,1.0,0.9515970945358276,0.6822710076667136,1.4656932344522189,cuda,9
SAM2.1-Tiny,auto,val,data/cogar_sim_500_final/rgb/000530.png,4635,screw,reflective_metal;small_parts,0.7441176470588236,0.7221600447677672,0.8477057814598083,0.6822710076667136,1.4656932344522189,cuda,9
SAM2.1-Tiny,auto,val,data/cogar_sim_500_final/rgb/000530.png,4636,metal_part,reflective_metal,0.6786087866108786,0.5802835476425982,0.8328327536582947,0.6822710076667136,1.4656932344522189,cuda,9
SAM2.1-Tiny,auto,val,data/cogar_sim_500_final/rgb/000530.png,4637,metal_part,reflective_metal,0.9306472919418758,0.9163911886025217,0.9502137899398804,0.6822710076667136,1.4656932344522189,cuda,9
SAM2.1-Tiny,auto,val,data/cogar_sim_500_final/rgb/000533.png,4644,connector,small_parts;partial_occlusion,0.9775700934579439,1.0,0.9631105065345764,0.4523675596255998,2.210591760442871,cuda,9
SAM2.1-Tiny,auto,val,data/cogar_sim_500_final/rgb/000533.png,4645,screw,small_parts;partial_occlusion,0.6042780748663101,0.5841584158415842,0.9585586190223694,0.4523675596255998,2.210591760442871,cuda,9
SAM2.1-Tiny,auto,val,data/cogar_sim_500_final/rgb/000533.png,4646,box,small_parts;partial_occlusion,0.9921093148575828,1.0,0.9820596575737,0.4523675596255998,2.210591760442871,cuda,9
SAM2.1-Tiny,auto,val,data/cogar_sim_500_final/rgb/000533.png,4647,metal_part,small_parts;reflective_metal;partial_occlusion,0.00750917313763973,0.29314813438869924,0.9438089728355408,0.4523675596255998,2.210591760442871,cuda,9
SAM2.1-Tiny,auto,val,data/cogar_sim_500_final/rgb/000533.png,4648,connector,small_parts;partial_occlusion,0.0,0.0,0.9866625666618347,0.4523675596255998,2.210591760442871,cuda,9
SAM2.1-Tiny,auto,val,data/cogar_sim_500_final/rgb/000533.png,4649,connector,small_parts;partial_occlusion,0.00010354646647683147,0.060729553717687484,0.9438089728355408,0.4523675596255998,2.210591760442871,cuda,9
SAM2.1-Tiny,auto,val,data/cogar_sim_500_final/rgb/000533.png,4650,robot_gripper,small_parts;partial_occlusion,0.972250994929946,0.9635106012184406,0.9438089728355408,0.4523675596255998,2.210591760442871,cuda,9
SAM2.1-Tiny,auto,val,data/cogar_sim_500_final/rgb/000533.png,4651,robot_gripper,small_parts;partial_occlusion,0.9636363636363636,1.0,0.8453839421272278,0.4523675596255998,2.210591760442871,cuda,9
SAM2.1-Tiny,auto,val,data/cogar_sim_500_final/rgb/000534.png,4653,plastic_object,dynamic_scene;partial_occlusion,0.9853994490358127,1.0,0.965201735496521,0.5559013515719146,1.7988803178339354,cuda,11
SAM2.1-Tiny,auto,val,data/cogar_sim_500_final/rgb/000534.png,4654,screw,dynamic_scene;partial_occlusion;small_parts,0.0007293281064819036,0.08212411238036431,0.965201735496521,0.5559013515719146,1.7988803178339354,cuda,11
SAM2.1-Tiny,auto,val,data/cogar_sim_500_final/rgb/000534.png,4655,plastic_object,dynamic_scene;partial_occlusion,0.9814084507042253,1.0,0.97350013256073,0.5559013515719146,1.7988803178339354,cuda,11
SAM2.1-Tiny,auto,val,data/cogar_sim_500_final/rgb/000534.png,4656,cable,dynamic_scene;partial_occlusion,0.6325606912632012,0.5238871171245427,0.9273466467857361,0.5559013515719146,1.7988803178339354,cuda,11
SAM2.1-Tiny,auto,val,data/cogar_sim_500_final/rgb/000534.png,4657,robot_gripper,dynamic_scene;partial_occlusion,0.7135938004520503,0.4596703837440661,0.9614065885543823,0.5559013515719146,1.7988803178339354,cuda,11
SAM2.1-Tiny,auto,val,data/cogar_sim_500_final/rgb/000534.png,4658,robot_gripper,dynamic_scene;partial_occlusion,0.9179559306141585,0.8312336800606891,0.9385613799095154,0.5559013515719146,1.7988803178339354,cuda,11
SAM2.1-Tiny,auto,val,data/cogar_sim_500_final/rgb/000534.png,4659,robot_gripper,dynamic_scene;partial_occlusion,0.0003266550522648084,0.12065490088025871,0.9614065885543823,0.5559013515719146,1.7988803178339354,cuda,11
SAM2.1-Tiny,auto,val,data/cogar_sim_500_final/rgb/000536.png,4663,glass_object,transparent_glass;partial_occlusion,0.9664969177164299,0.9151169213772785,0.8789417743682861,0.49560115824988316,2.017751539425979,cuda,14
SAM2.1-Tiny,auto,val,data/cogar_sim_500_final/rgb/000536.png,4664,box,transparent_glass;partial_occlusion,0.3444776119402985,0.5970457514848265,0.8779919147491455,0.49560115824988316,2.017751539425979,cuda,14
SAM2.1-Tiny,auto,val,data/cogar_sim_500_final/rgb/000536.png,4665,glass_object,transparent_glass;partial_occlusion,0.9725416336241078,0.9336646912636207,0.8036300539970398,0.49560115824988316,2.017751539425979,cuda,14
SAM2.1-Tiny,auto,val,data/cogar_sim_500_final/rgb/000536.png,4666,metal_part,transparent_glass;reflective_metal;partial_occlusion,0.01589950808151792,0.1842251147526443,0.8789417743682861,0.49560115824988316,2.017751539425979,cuda,14
SAM2.1-Tiny,auto,val,data/cogar_sim_500_final/rgb/000536.png,4667,plastic_object,transparent_glass;partial_occlusion,0.9771251931993817,1.0,0.9654161334037781,0.49560115824988316,2.017751539425979,cuda,14
SAM2.1-Tiny,auto,val,data/cogar_sim_500_final/rgb/000536.png,4668,robot_gripper,transparent_glass;partial_occlusion,0.6292838312829525,0.658662571548234,0.8165855407714844,0.49560115824988316,2.017751539425979,cuda,14
SAM2.1-Tiny,auto,val,data/cogar_sim_500_final/rgb/000536.png,4669,robot_gripper,transparent_glass;partial_occlusion,0.09451271306415991,0.15466767710789267,0.8165855407714844,0.49560115824988316,2.017751539425979,cuda,14
SAM2.1-Tiny,auto,val,data/cogar_sim_500_final/rgb/000536.png,4670,robot_gripper,transparent_glass;partial_occlusion,0.24233920754293412,0.29792772809362916,0.8165855407714844,0.49560115824988316,2.017751539425979,cuda,14
SAM2.1-Tiny,auto,val,data/cogar_sim_500_final/rgb/000537.png,4672,glass_object,partial_occlusion;transparent_glass,0.9624476869132451,0.8556510750922858,0.9025411009788513,0.46261695587418217,2.161615538086697,cuda,16
SAM2.1-Tiny,auto,val,data/cogar_sim_500_final/rgb/000537.png,4673,plastic_object,partial_occlusion,0.9828467153284671,1.0,0.9672896862030029,0.46261695587418217,2.161615538086697,cuda,16
SAM2.1-Tiny,auto,val,data/cogar_sim_500_final/rgb/000537.png,4674,box,partial_occlusion,0.2818585582507687,0.5802310654685494,0.9556276798248291,0.46261695587418217,2.161615538086697,cuda,16
SAM2.1-Tiny,auto,val,data/cogar_sim_500_final/rgb/000537.png,4675,metal_part,partial_occlusion;reflective_metal,0.007963246554364471,0.09906390506375765,0.8638173341751099,0.46261695587418217,2.161615538086697,cuda,16
SAM2.1-Tiny,auto,val,data/cogar_sim_500_final/rgb/000537.png,4676,glass_object,partial_occlusion;transparent_glass,0.10893690443512019,0.281100310726332,0.8684479594230652,0.46261695587418217,2.161615538086697,cuda,16
SAM2.1-Tiny,auto,val,data/cogar_sim_500_final/rgb/000537.png,4677,robot_gripper,partial_occlusion,0.008423686405337782,0.20055347550056976,0.8643674850463867,0.46261695587418217,2.161615538086697,cuda,16
SAM2.1-Tiny,auto,val,data/cogar_sim_500_final/rgb/000537.png,4678,robot_gripper,partial_occlusion,0.8677105831533477,0.7990634958485985,0.9630568027496338,0.46261695587418217,2.161615538086697,cuda,16
SAM2.1-Tiny,auto,val,data/cogar_sim_500_final/rgb/000537.png,4679,robot_gripper,partial_occlusion,0.7197750702905342,0.6527647418894104,0.8894155621528625,0.46261695587418217,2.161615538086697,cuda,16
SAM2.1-Tiny,auto,val,data/cogar_sim_500_final/rgb/000538.png,4681,tool,small_parts;reflective_metal,0.8236048749198204,0.5625897615660542,0.9543130397796631,0.25433586356257365,3.931808853036459,cuda,15
SAM2.1-Tiny,auto,val,data/cogar_sim_500_final/rgb/000538.png,4682,plastic_object,small_parts,0.9733096085409253,1.0,0.9602230191230774,0.25433586356257365,3.931808853036459,cuda,15
SAM2.1-Tiny,auto,val,data/cogar_sim_500_final/rgb/000538.png,4683,metal_part,small_parts;reflective_metal,0.005668696199874029,0.2064777327935223,0.8024786114692688,0.25433586356257365,3.931808853036459,cuda,15
SAM2.1-Tiny,auto,val,data/cogar_sim_500_final/rgb/000538.png,4684,connector,small_parts,8.11816805419689e-06,0.05131734172237514,0.990916907787323,0.25433586356257365,3.931808853036459,cuda,15
SAM2.1-Tiny,auto,val,data/cogar_sim_500_final/rgb/000538.png,4685,screw,small_parts,0.0,0.02805203199482912,0.990916907787323,0.25433586356257365,3.931808853036459,cuda,15
SAM2.1-Tiny,auto,val,data/cogar_sim_500_final/rgb/000538.png,4686,plastic_object,small_parts,0.7088039014373717,0.5079565443526943,0.9773589372634888,0.25433586356257365,3.931808853036459,cuda,15
SAM2.1-Tiny,auto,val,data/cogar_sim_500_final/rgb/000538.png,4687,screw,small_parts,4.078004061692045e-06,0.039127615954768734,0.990916907787323,0.25433586356257365,3.931808853036459,cuda,15
SAM2.1-Tiny,auto,val,data/cogar_sim_500_final/rgb/000538.png,4688,cable,small_parts,0.3564309444708116,0.5301775147928994,0.8755625486373901,0.25433586356257365,3.931808853036459,cuda,15
SAM2.1-Tiny,auto,val,data/cogar_sim_500_final/rgb/000538.png,4689,metal_part,small_parts;reflective_metal,0.8867235079171741,0.9623929299796057,0.8024786114692688,0.25433586356257365,3.931808853036459,cuda,15
SAM2.1-Tiny,auto,val,data/cogar_sim_500_final/rgb/000538.png,4690,screw,small_parts,0.0,0.009627701891829939,0.990916907787323,0.25433586356257365,3.931808853036459,cuda,15
SAM2.1-Tiny,auto,val,data/cogar_sim_500_final/rgb/000538.png,4691,cable,small_parts,0.0003074085459575776,0.08612550374208404,0.9773589372634888,0.25433586356257365,3.931808853036459,cuda,15
SAM2.1-Tiny,auto,val,data/cogar_sim_500_final/rgb/000538.png,4692,screw,small_parts,0.0,0.018051446622875195,0.990916907787323,0.25433586356257365,3.931808853036459,cuda,15
SAM2.1-Tiny,auto,val,data/cogar_sim_500_final/rgb/000538.png,4693,plastic_object,small_parts,0.9930375969763279,1.0,0.9765340089797974,0.25433586356257365,3.931808853036459,cuda,15
SAM2.1-Tiny,auto,val,data/cogar_sim_500_final/rgb/000538.png,4694,screw,small_parts,2.0398505197539123e-05,0.02856256561992937,0.990916907787323,0.25433586356257365,3.931808853036459,cuda,15
SAM2.1-Tiny,auto,val,data/cogar_sim_500_final/rgb/000538.png,4695,screw,small_parts,0.8968531468531469,0.9952606635071091,0.9423838257789612,0.25433586356257365,3.931808853036459,cuda,15
SAM2.1-Tiny,auto,val,data/cogar_sim_500_final/rgb/000538.png,4696,plastic_object,small_parts,0.28075141533710757,0.5875713562447455,0.9773589372634888,0.25433586356257365,3.931808853036459,cuda,15
SAM2.1-Tiny,auto,val,data/cogar_sim_500_final/rgb/000539.png,4698,metal_part,dynamic_scene;reflective_metal,0.9885291396854764,1.0,0.9787688851356506,0.6659725710002627,1.5015633429137212,cuda,11
SAM2.1-Tiny,auto,val,data/cogar_sim_500_final/rgb/000539.png,4699,cable,dynamic_scene,0.0,0.0,0.9929482936859131,0.6659725710002627,1.5015633429137212,cuda,11
SAM2.1-Tiny,auto,val,data/cogar_sim_500_final/rgb/000539.png,4700,plastic_object,dynamic_scene,0.989863375936536,1.0,0.9880483746528625,0.6659725710002627,1.5015633429137212,cuda,11
SAM2.1-Tiny,auto,val,data/cogar_sim_500_final/rgb/000539.png,4701,cable,dynamic_scene,0.3028571428571429,0.5173383317713215,0.9431042075157166,0.6659725710002627,1.5015633429137212,cuda,11
SAM2.1-Tiny,auto,val,data/cogar_sim_500_final/rgb/000539.png,4702,plastic_object,dynamic_scene,0.9863329238329238,1.0,0.9738372564315796,0.6659725710002627,1.5015633429137212,cuda,11
SAM2.1-Tiny,auto,val,data/cogar_sim_500_final/rgb/000539.png,4703,plastic_object,dynamic_scene,0.9844961240310077,1.0,0.9677725434303284,0.6659725710002627,1.5015633429137212,cuda,11
SAM2.1-Tiny,auto,val,data/cogar_sim_500_final/rgb/000541.png,4707,connector,transparent_glass;partial_occlusion;small_parts,0.9528301886792453,1.0,0.9461421370506287,0.5554010164289919,1.8005008460906378,cuda,11
SAM2.1-Tiny,auto,val,data/cogar_sim_500_final/rgb/000541.png,4708,box,transparent_glass;partial_occlusion,0.9327067669172933,0.9134146883537405,0.9013939499855042,0.5554010164289919,1.8005008460906378,cuda,11
SAM2.1-Tiny,auto,val,data/cogar_sim_500_final/rgb/000541.png,4709,box,transparent_glass;partial_occlusion,0.6192438631069701,0.5943530805049391,0.8936814665794373,0.5554010164289919,1.8005008460906378,cuda,11
SAM2.1-Tiny,auto,val,data/cogar_sim_500_final/rgb/000541.png,4710,glass_object,transparent_glass;partial_occlusion,0.9896930315930988,1.0,0.9418721199035645,0.5554010164289919,1.8005008460906378,cuda,11
SAM2.1-Tiny,auto,val,data/cogar_sim_500_final/rgb/000541.png,4711,robot_gripper,transparent_glass;partial_occlusion,0.9335984393757503,0.9358290939891764,0.9643347263336182,0.5554010164289919,1.8005008460906378,cuda,11
SAM2.1-Tiny,auto,val,data/cogar_sim_500_final/rgb/000541.png,4712,robot_gripper,transparent_glass;partial_occlusion,0.0005369745320650506,0.07961399276236429,0.9643347263336182,0.5554010164289919,1.8005008460906378,cuda,11
SAM2.1-Tiny,auto,val,data/cogar_sim_500_final/rgb/000541.png,4713,robot_gripper,transparent_glass;partial_occlusion,0.7802641232575201,0.7876447876447876,0.9638398885726929,0.5554010164289919,1.8005008460906378,cuda,11
SAM2.1-Tiny,auto,val,data/cogar_sim_500_final/rgb/000542.png,4716,screw,partial_occlusion;small_parts,0.8767123287671232,1.0,0.9443145990371704,0.44045089799975456,2.270400638394333,cuda,12
SAM2.1-Tiny,auto,val,data/cogar_sim_500_final/rgb/000542.png,4717,connector,partial_occlusion;small_parts,0.9422283356258597,1.0,0.9707927107810974,0.44045089799975456,2.270400638394333,cuda,12
SAM2.1-Tiny,auto,val,data/cogar_sim_500_final/rgb/000542.png,4718,metal_part,partial_occlusion;reflective_metal,0.02581553625909411,0.1767857142857143,0.9270482063293457,0.44045089799975456,2.270400638394333,cuda,12
SAM2.1-Tiny,auto,val,data/cogar_sim_500_final/rgb/000542.png,4719,plastic_object,partial_occlusion,0.9566724436741768,1.0,0.9658329486846924,0.44045089799975456,2.270400638394333,cuda,12
SAM2.1-Tiny,auto,val,data/cogar_sim_500_final/rgb/000542.png,4720,connector,partial_occlusion;small_parts,0.9862097785206854,1.0,0.9778891801834106,0.44045089799975456,2.270400638394333,cuda,12
SAM2.1-Tiny,auto,val,data/cogar_sim_500_final/rgb/000542.png,4721,glass_object,partial_occlusion;transparent_glass,0.9876273156059882,0.9934148635936031,0.9466033577919006,0.44045089799975456,2.270400638394333,cuda,12
SAM2.1-Tiny,auto,val,data/cogar_sim_500_final/rgb/000542.png,4722,robot_gripper,partial_occlusion,0.9734353569623908,0.9934893889303615,0.8021168112754822,0.44045089799975456,2.270400638394333,cuda,12
SAM2.1-Tiny,auto,val,data/cogar_sim_500_final/rgb/000542.png,4723,robot_gripper,partial_occlusion,0.07796949531829692,0.2849009210159084,0.9270482063293457,0.44045089799975456,2.270400638394333,cuda,12
SAM2.1-Tiny,auto,val,data/cogar_sim_500_final/rgb/000542.png,4724,robot_gripper,partial_occlusion,0.9190414507772021,0.989010989010989,0.89865642786026,0.44045089799975456,2.270400638394333,cuda,12
SAM2.1-Tiny,auto,val,data/cogar_sim_500_final/rgb/000543.png,4726,metal_part,small_parts;reflective_metal;partial_occlusion,0.0003920031360250882,0.09261709446943636,0.9585978984832764,0.32951177891663974,3.0347928783844207,cuda,15
SAM2.1-Tiny,auto,val,data/cogar_sim_500_final/rgb/000543.png,4727,plastic_object,small_parts;partial_occlusion,0.9856410256410256,1.0,0.98736572265625,0.32951177891663974,3.0347928783844207,cuda,15
SAM2.1-Tiny,auto,val,data/cogar_sim_500_final/rgb/000543.png,4728,screw,small_parts;partial_occlusion,0.9135254988913526,0.9447236180904524,0.9671612977981567,0.32951177891663974,3.0347928783844207,cuda,15
SAM2.1-Tiny,auto,val,data/cogar_sim_500_final/rgb/000543.png,4729,metal_part,small_parts;reflective_metal;partial_occlusion,0.0027041644131963224,0.1391703307207035,0.897477388381958,0.32951177891663974,3.0347928783844207,cuda,15
SAM2.1-Tiny,auto,val,data/cogar_sim_500_final/rgb/000543.png,4730,connector,small_parts;partial_occlusion,0.9771595900439238,1.0,0.987856388092041,0.32951177891663974,3.0347928783844207,cuda,15
SAM2.1-Tiny,auto,val,data/cogar_sim_500_final/rgb/000543.png,4731,box,small_parts;partial_occlusion,0.9625597450876261,0.9935691318327975,0.9753010272979736,0.32951177891663974,3.0347928783844207,cuda,15
SAM2.1-Tiny,auto,val,data/cogar_sim_500_final/rgb/000543.png,4732,screw,small_parts;partial_occlusion,0.9098360655737705,1.0,0.897477388381958,0.32951177891663974,3.0347928783844207,cuda,15
SAM2.1-Tiny,auto,val,data/cogar_sim_500_final/rgb/000543.png,4733,metal_part,small_parts;reflective_metal;partial_occlusion,0.9898789878987899,0.9880239520958084,0.9670544862747192,0.32951177891663974,3.0347928783844207,cuda,15
SAM2.1-Tiny,auto,val,data/cogar_sim_500_final/rgb/000543.png,4734,screw,small_parts;partial_occlusion,0.0,0.0,0.992915153503418,0.32951177891663974,3.0347928783844207,cuda,15
SAM2.1-Tiny,auto,val,data/cogar_sim_500_final/rgb/000543.png,4735,robot_gripper,small_parts;partial_occlusion,0.542030377094972,0.5996527486373163,0.9585978984832764,0.32951177891663974,3.0347928783844207,cuda,15
SAM2.1-Tiny,auto,val,data/cogar_sim_500_final/rgb/000543.png,4736,robot_gripper,small_parts;partial_occlusion,0.7995863884188757,0.7604910329897414,0.9365375638008118,0.32951177891663974,3.0347928783844207,cuda,15
SAM2.1-Tiny,auto,val,data/cogar_sim_500_final/rgb/000543.png,4737,robot_gripper,small_parts;partial_occlusion,0.9241379310344827,0.8837736953816878,0.8046624064445496,0.32951177891663974,3.0347928783844207,cuda,15
SAM2.1-Tiny,auto,val,data/cogar_sim_500_final/rgb/000544.png,4740,plastic_object,dynamic_scene;partial_occlusion,0.922930542340628,0.9479945668295577,0.8960810303688049,0.4933230007500242,2.02706948283305,cuda,10
SAM2.1-Tiny,auto,val,data/cogar_sim_500_final/rgb/000544.png,4741,box,dynamic_scene;partial_occlusion,0.9899352477477478,1.0,0.9712638854980469,0.4933230007500242,2.02706948283305,cuda,10
SAM2.1-Tiny,auto,val,data/cogar_sim_500_final/rgb/000544.png,4742,plastic_object,dynamic_scene;partial_occlusion,0.9766686355581807,1.0,0.9687802195549011,0.4933230007500242,2.02706948283305,cuda,10
SAM2.1-Tiny,auto,val,data/cogar_sim_500_final/rgb/000544.png,4743,tool,dynamic_scene;reflective_metal;partial_occlusion,0.9022324865280985,0.9936011198869497,0.9654197096824646,0.4933230007500242,2.02706948283305,cuda,10
SAM2.1-Tiny,auto,val,data/cogar_sim_500_final/rgb/000544.png,4744,glass_object,dynamic_scene;transparent_glass;partial_occlusion,0.9653526970954357,0.9945760818985574,0.9315722584724426,0.4933230007500242,2.02706948283305,cuda,10
SAM2.1-Tiny,auto,val,data/cogar_sim_500_final/rgb/000544.png,4745,robot_gripper,dynamic_scene;partial_occlusion,0.9691580137760872,0.9434746079163554,0.95676189661026,0.4933230007500242,2.02706948283305,cuda,10
SAM2.1-Tiny,auto,val,data/cogar_sim_500_final/rgb/000544.png,4746,robot_gripper,dynamic_scene;partial_occlusion,0.012748002513690637,0.24008081261574724,0.95676189661026,0.4933230007500242,2.02706948283305,cuda,10
SAM2.1-Tiny,auto,val,data/cogar_sim_500_final/rgb/000544.png,4747,robot_gripper,dynamic_scene;partial_occlusion,0.8767605633802817,0.9223744292237444,0.8628108501434326,0.4933230007500242,2.02706948283305,cuda,10
SAM2.1-Tiny,auto,val,data/cogar_sim_500_final/rgb/000545.png,4749,tool,reflective_metal;partial_occlusion,0.7087172218284904,0.8107074569789675,0.9680059552192688,0.4031243276670769,2.4806242922304036,cuda,20
SAM2.1-Tiny,auto,val,data/cogar_sim_500_final/rgb/000545.png,4750,metal_part,reflective_metal;partial_occlusion,0.9752965395549456,1.0,0.8985937237739563,0.4031243276670769,2.4806242922304036,cuda,20
SAM2.1-Tiny,auto,val,data/cogar_sim_500_final/rgb/000545.png,4751,box,reflective_metal;partial_occlusion,0.9812373878322098,0.9767167164089748,0.9776257872581482,0.4031243276670769,2.4806242922304036,cuda,20
SAM2.1-Tiny,auto,val,data/cogar_sim_500_final/rgb/000545.png,4752,screw,reflective_metal;partial_occlusion;small_parts,0.0,0.0,0.982134222984314,0.4031243276670769,2.4806242922304036,cuda,20
SAM2.1-Tiny,auto,val,data/cogar_sim_500_final/rgb/000545.png,4753,metal_part,reflective_metal;partial_occlusion,0.9790454016298021,1.0,0.9755921959877014,0.4031243276670769,2.4806242922304036,cuda,20
SAM2.1-Tiny,auto,val,data/cogar_sim_500_final/rgb/000545.png,4754,tool,reflective_metal;partial_occlusion,0.007834534628643058,0.3038524145415084,0.9391905069351196,0.4031243276670769,2.4806242922304036,cuda,20
SAM2.1-Tiny,auto,val,data/cogar_sim_500_final/rgb/000545.png,4755,robot_gripper,reflective_metal;partial_occlusion,0.2949179002536868,0.340406734183014,0.9473882913589478,0.4031243276670769,2.4806242922304036,cuda,20
SAM2.1-Tiny,auto,val,data/cogar_sim_500_final/rgb/000545.png,4756,robot_gripper,reflective_metal;partial_occlusion,0.8825714033071005,0.8625188821144103,0.936514139175415,0.4031243276670769,2.4806242922304036,cuda,20
SAM2.1-Tiny,auto,val,data/cogar_sim_500_final/rgb/000545.png,4757,robot_gripper,reflective_metal;partial_occlusion,0.9353003910415926,0.9072836477455375,0.9490064978599548,0.4031243276670769,2.4806242922304036,cuda,20
SAM2.1-Tiny,auto,val,data/cogar_sim_500_final/rgb/000546.png,4760,connector,transparent_glass;partial_occlusion;small_parts,0.9471332836932241,1.0,0.8077150583267212,0.4762623773333164,2.099682963830127,cuda,15
SAM2.1-Tiny,auto,val,data/cogar_sim_500_final/rgb/000546.png,4761,box,transparent_glass;partial_occlusion,0.9892774599325579,1.0,0.9908784031867981,0.4762623773333164,2.099682963830127,cuda,15
SAM2.1-Tiny,auto,val,data/cogar_sim_500_final/rgb/000546.png,4762,glass_object,transparent_glass;partial_occlusion,0.0,0.0,0.9908784031867981,0.4762623773333164,2.099682963830127,cuda,15
SAM2.1-Tiny,auto,val,data/cogar_sim_500_final/rgb/000546.png,4763,glass_object,transparent_glass;partial_occlusion,0.0,0.0,0.9908784031867981,0.4762623773333164,2.099682963830127,cuda,15
SAM2.1-Tiny,auto,val,data/cogar_sim_500_final/rgb/000546.png,4764,metal_part,transparent_glass;reflective_metal;partial_occlusion,0.8141909137314957,0.8557816324919061,0.9078382849693298,0.4762623773333164,2.099682963830127,cuda,15
SAM2.1-Tiny,auto,val,data/cogar_sim_500_final/rgb/000546.png,4765,glass_object,transparent_glass;partial_occlusion,0.782051282051282,0.7130264272026382,0.9443444609642029,0.4762623773333164,2.099682963830127,cuda,15
SAM2.1-Tiny,auto,val,data/cogar_sim_500_final/rgb/000546.png,4766,glass_object,transparent_glass;partial_occlusion,0.0,0.0,0.9908784031867981,0.4762623773333164,2.099682963830127,cuda,15
SAM2.1-Tiny,auto,val,data/cogar_sim_500_final/rgb/000546.png,4767,robot_gripper,transparent_glass;partial_occlusion,0.9012237358577696,0.9183639410788045,0.9176667928695679,0.4762623773333164,2.099682963830127,cuda,15
SAM2.1-Tiny,auto,val,data/cogar_sim_500_final/rgb/000546.png,4768,robot_gripper,transparent_glass;partial_occlusion,0.9182115594329335,0.9075768960717409,0.9684162139892578,0.4762623773333164,2.099682963830127,cuda,15
SAM2.1-Tiny,auto,val,data/cogar_sim_500_final/rgb/000548.png,4772,metal_part,small_parts;reflective_metal;partial_occlusion,0.010526315789473684,0.482611781405252,0.9440442323684692,0.26417840719999125,3.7853207254859744,cuda,13
SAM2.1-Tiny,auto,val,data/cogar_sim_500_final/rgb/000548.png,4773,screw,small_parts;partial_occlusion,0.8687150837988827,1.0,0.9044245481491089,0.26417840719999125,3.7853207254859744,cuda,13
SAM2.1-Tiny,auto,val,data/cogar_sim_500_final/rgb/000548.png,4774,connector,small_parts;partial_occlusion,0.9546716003700277,0.9784735812133072,0.9537034034729004,0.26417840719999125,3.7853207254859744,cuda,13
SAM2.1-Tiny,auto,val,data/cogar_sim_500_final/rgb/000548.png,4775,connector,small_parts;partial_occlusion,0.0,0.0,0.9849416017532349,0.26417840719999125,3.7853207254859744,cuda,13
SAM2.1-Tiny,auto,val,data/cogar_sim_500_final/rgb/000548.png,4776,screw,small_parts;partial_occlusion,0.720532319391635,0.8084645161290323,0.9335127472877502,0.26417840719999125,3.7853207254859744,cuda,13
SAM2.1-Tiny,auto,val,data/cogar_sim_500_final/rgb/000548.png,4777,screw,small_parts;partial_occlusion,0.5842956120092379,0.6417877586966094,0.9501414895057678,0.26417840719999125,3.7853207254859744,cuda,13
SAM2.1-Tiny,auto,val,data/cogar_sim_500_final/rgb/000548.png,4778,plastic_object,small_parts;partial_occlusion,0.9607920792079208,1.0,0.9440442323684692,0.26417840719999125,3.7853207254859744,cuda,13
SAM2.1-Tiny,auto,val,data/cogar_sim_500_final/rgb/000548.png,4779,cable,small_parts;partial_occlusion,0.7255384615384616,0.8132943703129951,0.9104967713356018,0.26417840719999125,3.7853207254859744,cuda,13
SAM2.1-Tiny,auto,val,data/cogar_sim_500_final/rgb/000548.png,4780,box,small_parts;partial_occlusion,0.9836994656447348,1.0,0.9803716540336609,0.26417840719999125,3.7853207254859744,cuda,13
SAM2.1-Tiny,auto,val,data/cogar_sim_500_final/rgb/000548.png,4781,cable,small_parts;partial_occlusion,0.1561626823967712,0.5081288081084658,0.9104967713356018,0.26417840719999125,3.7853207254859744,cuda,13
SAM2.1-Tiny,auto,val,data/cogar_sim_500_final/rgb/000548.png,4782,screw,small_parts;partial_occlusion,0.0,0.013456805425217344,0.9849416017532349,0.26417840719999125,3.7853207254859744,cuda,13
SAM2.1-Tiny,auto,val,data/cogar_sim_500_final/rgb/000548.png,4783,screw,small_parts;partial_occlusion,0.010065645514223195,0.18691588785046728,0.9537034034729004,0.26417840719999125,3.7853207254859744,cuda,13
SAM2.1-Tiny,auto,val,data/cogar_sim_500_final/rgb/000548.png,4784,robot_gripper,small_parts;partial_occlusion,0.8456740844227123,0.8151848151848151,0.9502158164978027,0.26417840719999125,3.7853207254859744,cuda,13
SAM2.1-Tiny,auto,val,data/cogar_sim_500_final/rgb/000548.png,4785,robot_gripper,small_parts;partial_occlusion,0.058365956581422546,0.20780154856702504,0.9502158164978027,0.26417840719999125,3.7853207254859744,cuda,13
SAM2.1-Tiny,auto,val,data/cogar_sim_500_final/rgb/000548.png,4786,robot_gripper,small_parts;partial_occlusion,0.8472639807576668,0.7455603577388848,0.9491442441940308,0.26417840719999125,3.7853207254859744,cuda,13
SAM2.1-Tiny,auto,val,data/cogar_sim_500_final/rgb/000549.png,4789,plastic_object,dynamic_scene,0.9285571742167232,0.8153178248940934,0.96540367603302,0.73303850933371,1.3641848105755627,cuda,13
SAM2.1-Tiny,auto,val,data/cogar_sim_500_final/rgb/000549.png,4790,screw,dynamic_scene;small_parts,0.6561797752808989,0.6834532374100719,0.9153335094451904,0.73303850933371,1.3641848105755627,cuda,13
SAM2.1-Tiny,auto,val,data/cogar_sim_500_final/rgb/000549.png,4791,plastic_object,dynamic_scene,0.9721465334544354,0.7706422018348624,0.9315733909606934,0.73303850933371,1.3641848105755627,cuda,13
SAM2.1-Tiny,auto,val,data/cogar_sim_500_final/rgb/000549.png,4792,plastic_object,dynamic_scene,0.9640559969731366,1.0,0.9650803804397583,0.73303850933371,1.3641848105755627,cuda,13
SAM2.1-Tiny,auto,val,data/cogar_sim_500_final/rgb/000549.png,4793,plastic_object,dynamic_scene,0.9887942626624832,1.0,0.9883072972297668,0.73303850933371,1.3641848105755627,cuda,13
SAM2.1-Tiny,auto,val,data/cogar_sim_500_final/rgb/000549.png,4794,plastic_object,dynamic_scene,0.9807929081507017,1.0,0.9762720465660095,0.73303850933371,1.3641848105755627,cuda,13
SAM2.1-Tiny,auto,test,data/cogar_sim_500_final/rgb/000550.png,4797,box,reflective_metal,0.9722202511885333,0.9091526095091612,0.9771026372909546,0.4325213253331539,2.312024729022875,cuda,14
SAM2.1-Tiny,auto,test,data/cogar_sim_500_final/rgb/000550.png,4798,box,reflective_metal,0.9892186056063251,1.0,0.9834997653961182,0.4325213253331539,2.312024729022875,cuda,14
SAM2.1-Tiny,auto,test,data/cogar_sim_500_final/rgb/000550.png,4799,metal_part,reflective_metal,0.983364794714488,1.0,0.9861738681793213,0.4325213253331539,2.312024729022875,cuda,14
SAM2.1-Tiny,auto,test,data/cogar_sim_500_final/rgb/000550.png,4800,plastic_object,reflective_metal,0.98835655659477,1.0,0.9805749654769897,0.4325213253331539,2.312024729022875,cuda,14
SAM2.1-Tiny,auto,test,data/cogar_sim_500_final/rgb/000550.png,4801,box,reflective_metal,0.9916461065662469,1.0,0.9869145750999451,0.4325213253331539,2.312024729022875,cuda,14
SAM2.1-Tiny,auto,test,data/cogar_sim_500_final/rgb/000550.png,4802,metal_part,reflective_metal,0.9714231642694928,1.0,0.9564914703369141,0.4325213253331539,2.312024729022875,cuda,14
SAM2.1-Tiny,auto,test,data/cogar_sim_500_final/rgb/000550.png,4803,metal_part,reflective_metal,0.9625905068382945,0.975338505560636,0.9351580739021301,0.4325213253331539,2.312024729022875,cuda,14
SAM2.1-Tiny,auto,test,data/cogar_sim_500_final/rgb/000550.png,4804,metal_part,reflective_metal,0.0,0.0,0.9869145750999451,0.4325213253331539,2.312024729022875,cuda,14
SAM2.1-Tiny,auto,test,data/cogar_sim_500_final/rgb/000550.png,4805,tool,reflective_metal,0.9789837197829304,1.0,0.9809086322784424,0.4325213253331539,2.312024729022875,cuda,14
SAM2.1-Tiny,auto,test,data/cogar_sim_500_final/rgb/000551.png,4808,glass_object,transparent_glass;partial_occlusion,0.9129014697876974,0.8931743212382645,0.921344518661499,0.3633012395002879,2.7525367140928996,cuda,13
SAM2.1-Tiny,auto,test,data/cogar_sim_500_final/rgb/000551.png,4809,connector,transparent_glass;partial_occlusion;small_parts,0.9374104156712852,0.9156541437439323,0.8941867351531982,0.3633012395002879,2.7525367140928996,cuda,13
SAM2.1-Tiny,auto,test,data/cogar_sim_500_final/rgb/000551.png,4810,metal_part,transparent_glass;reflective_metal;partial_occlusion,0.7603305785123967,0.7515100583013814,0.8773159384727478,0.3633012395002879,2.7525367140928996,cuda,13
SAM2.1-Tiny,auto,test,data/cogar_sim_500_final/rgb/000551.png,4811,plastic_object,transparent_glass;partial_occlusion,0.9779028852920478,1.0,0.9707415699958801,0.3633012395002879,2.7525367140928996,cuda,13
SAM2.1-Tiny,auto,test,data/cogar_sim_500_final/rgb/000551.png,4812,glass_object,transparent_glass;partial_occlusion,7.129362278544184e-05,0.2646588012094622,0.9409128427505493,0.3633012395002879,2.7525367140928996,cuda,13
SAM2.1-Tiny,auto,test,data/cogar_sim_500_final/rgb/000551.png,4813,glass_object,transparent_glass;partial_occlusion,0.03351639476659667,0.07484836753129437,0.8773159384727478,0.3633012395002879,2.7525367140928996,cuda,13
SAM2.1-Tiny,auto,test,data/cogar_sim_500_final/rgb/000551.png,4814,glass_object,transparent_glass;partial_occlusion,0.9576854448126434,0.9772237354410708,0.9483460187911987,0.3633012395002879,2.7525367140928996,cuda,13
SAM2.1-Tiny,auto,test,data/cogar_sim_500_final/rgb/000551.png,4815,robot_gripper,transparent_glass;partial_occlusion,0.8360076895915886,0.8391565306237708,0.9409128427505493,0.3633012395002879,2.7525367140928996,cuda,13
SAM2.1-Tiny,auto,test,data/cogar_sim_500_final/rgb/000551.png,4816,robot_gripper,transparent_glass;partial_occlusion,0.907920792079208,0.9788850734273399,0.8876032829284668,0.3633012395002879,2.7525367140928996,cuda,13
SAM2.1-Tiny,auto,test,data/cogar_sim_500_final/rgb/000551.png,4817,robot_gripper,transparent_glass;partial_occlusion,0.9653266331658291,1.0,0.9229374527931213,0.3633012395002879,2.7525367140928996,cuda,13
SAM2.1-Tiny,auto,test,data/cogar_sim_500_final/rgb/000553.png,4821,connector,small_parts;partial_occlusion,0.0005199757344657249,0.18078739051831572,0.9536361694335938,0.36155270018207375,2.7658485180622674,cuda,9
SAM2.1-Tiny,auto,test,data/cogar_sim_500_final/rgb/000553.png,4822,screw,small_parts;partial_occlusion,0.6894117647058824,0.78125,0.9230965971946716,0.36155270018207375,2.7658485180622674,cuda,9
SAM2.1-Tiny,auto,test,data/cogar_sim_500_final/rgb/000553.png,4823,cable,small_parts;partial_occlusion,0.0014228606274137815,0.1160235562977938,0.8894392251968384,0.36155270018207375,2.7658485180622674,cuda,9
SAM2.1-Tiny,auto,test,data/cogar_sim_500_final/rgb/000553.png,4824,connector,small_parts;partial_occlusion,4.534448202998177e-06,0.013726281792490918,0.9828575849533081,0.36155270018207375,2.7658485180622674,cuda,9
SAM2.1-Tiny,auto,test,data/cogar_sim_500_final/rgb/000553.png,4825,connector,small_parts;partial_occlusion,0.9743119266055046,1.0,0.9593274593353271,0.36155270018207375,2.7658485180622674,cuda,9
SAM2.1-Tiny,auto,test,data/cogar_sim_500_final/rgb/000553.png,4826,metal_part,small_parts;reflective_metal;partial_occlusion,0.7363450740173558,0.7127723676793593,0.9476704001426697,0.36155270018207375,2.7658485180622674,cuda,9
SAM2.1-Tiny,auto,test,data/cogar_sim_500_final/rgb/000553.png,4827,screw,small_parts;partial_occlusion,0.0,0.0,0.9849693775177002,0.36155270018207375,2.7658485180622674,cuda,9
SAM2.1-Tiny,auto,test,data/cogar_sim_500_final/rgb/000553.png,4828,screw,small_parts;partial_occlusion,0.0,0.0,0.9849693775177002,0.36155270018207375,2.7658485180622674,cuda,9
SAM2.1-Tiny,auto,test,data/cogar_sim_500_final/rgb/000553.png,4829,robot_gripper,small_parts;partial_occlusion,0.7222147288912868,0.5877735709668483,0.8894392251968384,0.36155270018207375,2.7658485180622674,cuda,9
SAM2.1-Tiny,auto,test,data/cogar_sim_500_final/rgb/000553.png,4830,robot_gripper,small_parts;partial_occlusion,0.15557337610264635,0.5136986301369864,0.859302818775177,0.36155270018207375,2.7658485180622674,cuda,9
SAM2.1-Tiny,auto,test,data/cogar_sim_500_final/rgb/000553.png,4831,robot_gripper,small_parts;partial_occlusion,0.24644862900561612,0.5316455696202532,0.9047912359237671,0.36155270018207375,2.7658485180622674,cuda,9
SAM2.1-Tiny,auto,test,data/cogar_sim_500_final/rgb/000555.png,4843,metal_part,reflective_metal;partial_occlusion,0.9667832167832168,1.0,0.94776850938797,0.48871710049934336,2.0461735408445025,cuda,11
SAM2.1-Tiny,auto,test,data/cogar_sim_500_final/rgb/000555.png,4844,metal_part,reflective_metal;partial_occlusion,0.9809560823940925,1.0,0.9837077260017395,0.48871710049934336,2.0461735408445025,cuda,11
SAM2.1-Tiny,auto,test,data/cogar_sim_500_final/rgb/000555.png,4845,metal_part,reflective_metal;partial_occlusion,0.9806374739350611,1.0,0.9686946272850037,0.48871710049934336,2.0461735408445025,cuda,11
SAM2.1-Tiny,auto,test,data/cogar_sim_500_final/rgb/000555.png,4846,tool,reflective_metal;partial_occlusion,0.9660107334525939,1.0,0.9642996191978455,0.48871710049934336,2.0461735408445025,cuda,11
SAM2.1-Tiny,auto,test,data/cogar_sim_500_final/rgb/000555.png,4847,metal_part,reflective_metal;partial_occlusion,0.8878441907320349,0.9220514719496389,0.9086588025093079,0.48871710049934336,2.0461735408445025,cuda,11
SAM2.1-Tiny,auto,test,data/cogar_sim_500_final/rgb/000555.png,4848,robot_gripper,reflective_metal;partial_occlusion,0.0013848881010414358,0.07596601008010519,0.9214180111885071,0.48871710049934336,2.0461735408445025,cuda,11
SAM2.1-Tiny,auto,test,data/cogar_sim_500_final/rgb/000555.png,4849,robot_gripper,reflective_metal;partial_occlusion,0.6537691794529686,0.8007246376811594,0.9214180111885071,0.48871710049934336,2.0461735408445025,cuda,11
SAM2.1-Tiny,auto,test,data/cogar_sim_500_final/rgb/000555.png,4850,robot_gripper,reflective_metal;partial_occlusion,0.030922065202182734,0.38453808534869705,0.9086588025093079,0.48871710049934336,2.0461735408445025,cuda,11
SAM2.1-Tiny,auto,test,data/cogar_sim_500_final/rgb/000556.png,4853,glass_object,transparent_glass,0.20569054635041786,0.36124176857949203,0.9253931045532227,0.5052926808576947,1.9790510290047707,cuda,12
SAM2.1-Tiny,auto,test,data/cogar_sim_500_final/rgb/000556.png,4854,plastic_object,transparent_glass,0.9794142614601019,0.977034737555473,0.9741361737251282,0.5052926808576947,1.9790510290047707,cuda,12
SAM2.1-Tiny,auto,test,data/cogar_sim_500_final/rgb/000556.png,4855,glass_object,transparent_glass,0.36960618051629923,0.3733739366455927,0.9253931045532227,0.5052926808576947,1.9790510290047707,cuda,12
SAM2.1-Tiny,auto,test,data/cogar_sim_500_final/rgb/000556.png,4856,plastic_object,transparent_glass,0.9884125144843569,1.0,0.9838200807571411,0.5052926808576947,1.9790510290047707,cuda,12
SAM2.1-Tiny,auto,test,data/cogar_sim_500_final/rgb/000556.png,4857,glass_object,transparent_glass,0.7232896136121942,0.5489222593220635,0.8009756207466125,0.5052926808576947,1.9790510290047707,cuda,12
SAM2.1-Tiny,auto,test,data/cogar_sim_500_final/rgb/000556.png,4858,glass_object,transparent_glass,0.41017488076311603,0.3810845609752019,0.9253931045532227,0.5052926808576947,1.9790510290047707,cuda,12
SAM2.1-Tiny,auto,test,data/cogar_sim_500_final/rgb/000556.png,4859,plastic_object,transparent_glass,0.9892836999435984,1.0,0.9764977693557739,0.5052926808576947,1.9790510290047707,cuda,12
SAM2.1-Tiny,auto,test,data/cogar_sim_500_final/rgb/000558.png,4865,screw,small_parts,0.9416909620991254,1.0,0.9511511325836182,0.23916467656226814,4.181219460891597,cuda,17
SAM2.1-Tiny,auto,test,data/cogar_sim_500_final/rgb/000558.png,4866,connector,small_parts,0.976882430647292,1.0,0.9764741063117981,0.23916467656226814,4.181219460891597,cuda,17
SAM2.1-Tiny,auto,test,data/cogar_sim_500_final/rgb/000558.png,4867,screw,small_parts,7.389289963127443e-06,0.02502742453175151,0.9767302870750427,0.23916467656226814,4.181219460891597,cuda,17
SAM2.1-Tiny,auto,test,data/cogar_sim_500_final/rgb/000558.png,4868,connector,small_parts,0.9649253731343284,1.0,0.8180637955665588,0.23916467656226814,4.181219460891597,cuda,17
SAM2.1-Tiny,auto,test,data/cogar_sim_500_final/rgb/000558.png,4869,tool,small_parts;reflective_metal,0.9856257299434014,1.0,0.9830127358436584,0.23916467656226814,4.181219460891597,cuda,17
SAM2.1-Tiny,auto,test,data/cogar_sim_500_final/rgb/000558.png,4870,metal_part,small_parts;reflective_metal,0.9899454179833381,1.0,0.9784502387046814,0.23916467656226814,4.181219460891597,cuda,17
SAM2.1-Tiny,auto,test,data/cogar_sim_500_final/rgb/000558.png,4871,screw,small_parts,0.8366890380313199,0.8994708994708994,0.8955211639404297,0.23916467656226814,4.181219460891597,cuda,17
SAM2.1-Tiny,auto,test,data/cogar_sim_500_final/rgb/000558.png,4872,screw,small_parts,0.9275456919060052,0.8660325253145137,0.9697921276092529,0.23916467656226814,4.181219460891597,cuda,17
SAM2.1-Tiny,auto,test,data/cogar_sim_500_final/rgb/000558.png,4873,connector,small_parts,0.9543230016313213,1.0,0.9673036336898804,0.23916467656226814,4.181219460891597,cuda,17
SAM2.1-Tiny,auto,test,data/cogar_sim_500_final/rgb/000558.png,4874,connector,small_parts,0.9527528309254197,1.0,0.9757757782936096,0.23916467656226814,4.181219460891597,cuda,17
SAM2.1-Tiny,auto,test,data/cogar_sim_500_final/rgb/000558.png,4875,connector,small_parts,0.9858551777835453,1.0,0.9787771105766296,0.23916467656226814,4.181219460891597,cuda,17
SAM2.1-Tiny,auto,test,data/cogar_sim_500_final/rgb/000558.png,4876,screw,small_parts,0.0,0.0,0.9921122789382935,0.23916467656226814,4.181219460891597,cuda,17
SAM2.1-Tiny,auto,test,data/cogar_sim_500_final/rgb/000558.png,4877,connector,small_parts,0.9715886354541817,1.0,0.9703471064567566,0.23916467656226814,4.181219460891597,cuda,17
SAM2.1-Tiny,auto,test,data/cogar_sim_500_final/rgb/000558.png,4878,screw,small_parts,0.07166853303471445,0.34933939025560634,0.9451306462287903,0.23916467656226814,4.181219460891597,cuda,17
SAM2.1-Tiny,auto,test,data/cogar_sim_500_final/rgb/000558.png,4879,screw,small_parts,0.0,0.0,0.9921122789382935,0.23916467656226814,4.181219460891597,cuda,17
SAM2.1-Tiny,auto,test,data/cogar_sim_500_final/rgb/000558.png,4880,cable,small_parts,0.8974263334576651,0.9302041399563438,0.9451306462287903,0.23916467656226814,4.181219460891597,cuda,17
SAM2.1-Tiny,auto,test,data/cogar_sim_500_final/rgb/000559.png,4882,cable,dynamic_scene,0.6228790366721402,0.8065480609857409,0.8431928753852844,0.4337596487772923,2.305424220115587,cuda,10
SAM2.1-Tiny,auto,test,data/cogar_sim_500_final/rgb/000559.png,4883,connector,dynamic_scene;small_parts,0.9022757697456493,0.964109318406322,0.9550725817680359,0.4337596487772923,2.305424220115587,cuda,10
SAM2.1-Tiny,auto,test,data/cogar_sim_500_final/rgb/000559.png,4884,plastic_object,dynamic_scene,0.9451840250587314,1.0,0.9571985006332397,0.4337596487772923,2.305424220115587,cuda,10
SAM2.1-Tiny,auto,test,data/cogar_sim_500_final/rgb/000559.png,4885,plastic_object,dynamic_scene,0.9461626575028637,0.8835488296678169,0.9582033157348633,0.4337596487772923,2.305424220115587,cuda,10
SAM2.1-Tiny,auto,test,data/cogar_sim_500_final/rgb/000559.png,4886,plastic_object,dynamic_scene,0.9463527595522964,0.9412116431733755,0.8695142865180969,0.4337596487772923,2.305424220115587,cuda,10
SAM2.1-Tiny,auto,test,data/cogar_sim_500_final/rgb/000559.png,4887,plastic_object,dynamic_scene,0.6775968309859155,0.6329375018416477,0.8931851983070374,0.4337596487772923,2.305424220115587,cuda,10
SAM2.1-Tiny,auto,test,data/cogar_sim_500_final/rgb/000559.png,4888,plastic_object,dynamic_scene,0.3152915291529153,0.5565862708719852,0.8931851983070374,0.4337596487772923,2.305424220115587,cuda,10
SAM2.1-Tiny,auto,test,data/cogar_sim_500_final/rgb/000559.png,4889,plastic_object,dynamic_scene,0.010571356657437704,0.24076029567053853,0.8695142865180969,0.4337596487772923,2.305424220115587,cuda,10
SAM2.1-Tiny,auto,test,data/cogar_sim_500_final/rgb/000559.png,4890,plastic_object,dynamic_scene,0.9851046698872786,1.0,0.9844560623168945,0.4337596487772923,2.305424220115587,cuda,10
SAM2.1-Tiny,auto,test,data/cogar_sim_500_final/rgb/000560.png,4893,metal_part,reflective_metal;partial_occlusion,0.9750297265160524,1.0,0.9752960205078125,0.36019275750004454,2.776291247332691,cuda,21
SAM2.1-Tiny,auto,test,data/cogar_sim_500_final/rgb/000560.png,4894,box,reflective_metal;partial_occlusion,0.976319582675544,0.9985507246376812,0.9844218492507935,0.36019275750004454,2.776291247332691,cuda,21
SAM2.1-Tiny,auto,test,data/cogar_sim_500_final/rgb/000560.png,4895,metal_part,reflective_metal;partial_occlusion,0.949307774227902,0.9890875659152595,0.925471305847168,0.36019275750004454,2.776291247332691,cuda,21
SAM2.1-Tiny,auto,test,data/cogar_sim_500_final/rgb/000560.png,4896,tool,reflective_metal;partial_occlusion,0.8880680905733098,0.9000752237522835,0.8035484552383423,0.36019275750004454,2.776291247332691,cuda,21
SAM2.1-Tiny,auto,test,data/cogar_sim_500_final/rgb/000560.png,4897,metal_part,reflective_metal;partial_occlusion,0.9756616975965926,1.0,0.9751976132392883,0.36019275750004454,2.776291247332691,cuda,21
SAM2.1-Tiny,auto,test,data/cogar_sim_500_final/rgb/000560.png,4898,box,reflective_metal;partial_occlusion,0.9904418011894648,0.9979381443298969,0.9775495529174805,0.36019275750004454,2.776291247332691,cuda,21
SAM2.1-Tiny,auto,test,data/cogar_sim_500_final/rgb/000560.png,4899,metal_part,reflective_metal;partial_occlusion,0.19359918119907096,0.38948233360723084,0.9510699510574341,0.36019275750004454,2.776291247332691,cuda,21
SAM2.1-Tiny,auto,test,data/cogar_sim_500_final/rgb/000560.png,4900,robot_gripper,reflective_metal;partial_occlusion,0.574468085106383,0.5904855617489475,0.9510699510574341,0.36019275750004454,2.776291247332691,cuda,21
SAM2.1-Tiny,auto,test,data/cogar_sim_500_final/rgb/000560.png,4901,robot_gripper,reflective_metal;partial_occlusion,0.7459986082115518,0.8827791194501208,0.9564687609672546,0.36019275750004454,2.776291247332691,cuda,21
SAM2.1-Tiny,auto,test,data/cogar_sim_500_final/rgb/000560.png,4902,robot_gripper,reflective_metal;partial_occlusion,0.7109428768066071,0.7383158233522609,0.8870936036109924,0.36019275750004454,2.776291247332691,cuda,21
SAM2.1-Tiny,auto,test,data/cogar_sim_500_final/rgb/000561.png,4904,glass_object,transparent_glass,0.9716618635926993,0.9236405024084883,0.9696391224861145,0.5956113814286904,1.6789470973528149,cuda,11
SAM2.1-Tiny,auto,test,data/cogar_sim_500_final/rgb/000561.png,4905,glass_object,transparent_glass,0.379583746283449,0.4650646950092422,0.8092561364173889,0.5956113814286904,1.6789470973528149,cuda,11
SAM2.1-Tiny,auto,test,data/cogar_sim_500_final/rgb/000561.png,4906,plastic_object,transparent_glass,0.0,0.0,0.9875631332397461,0.5956113814286904,1.6789470973528149,cuda,11
SAM2.1-Tiny,auto,test,data/cogar_sim_500_final/rgb/000561.png,4907,tool,transparent_glass;reflective_metal,0.45481504604339,0.6493448506809087,0.9295327067375183,0.5956113814286904,1.6789470973528149,cuda,11
SAM2.1-Tiny,auto,test,data/cogar_sim_500_final/rgb/000561.png,4908,box,transparent_glass,0.9791419365779209,0.9789238790766734,0.9029110670089722,0.5956113814286904,1.6789470973528149,cuda,11
SAM2.1-Tiny,auto,test,data/cogar_sim_500_final/rgb/000561.png,4909,metal_part,transparent_glass;reflective_metal,0.00441326241937309,0.19440112868493356,0.9029110670089722,0.5956113814286904,1.6789470973528149,cuda,11
SAM2.1-Tiny,auto,test,data/cogar_sim_500_final/rgb/000561.png,4910,plastic_object,transparent_glass,0.9757738896366084,1.0,0.9633427858352661,0.5956113814286904,1.6789470973528149,cuda,11
SAM2.1-Tiny,auto,test,data/cogar_sim_500_final/rgb/000563.png,4915,connector,small_parts;partial_occlusion,0.0,0.004403346543372964,0.9851585030555725,0.37962429439940026,2.6341833616894563,cuda,10
SAM2.1-Tiny,auto,test,data/cogar_sim_500_final/rgb/000563.png,4916,plastic_object,small_parts;partial_occlusion,0.9668982427462198,0.905982905982906,0.9800706505775452,0.37962429439940026,2.6341833616894563,cuda,10
SAM2.1-Tiny,auto,test,data/cogar_sim_500_final/rgb/000563.png,4917,connector,small_parts;partial_occlusion,0.0,0.026739932591089886,0.9851585030555725,0.37962429439940026,2.6341833616894563,cuda,10
SAM2.1-Tiny,auto,test,data/cogar_sim_500_final/rgb/000563.png,4918,metal_part,small_parts;reflective_metal;partial_occlusion,0.9721380981223501,1.0,0.9627755880355835,0.37962429439940026,2.6341833616894563,cuda,10
SAM2.1-Tiny,auto,test,data/cogar_sim_500_final/rgb/000563.png,4919,cable,small_parts;partial_occlusion,0.9479041916167664,0.9913644214162349,0.9186384677886963,0.37962429439940026,2.6341833616894563,cuda,10
SAM2.1-Tiny,auto,test,data/cogar_sim_500_final/rgb/000563.png,4920,plastic_object,small_parts;partial_occlusion,0.0,0.029227557411273485,0.9851585030555725,0.37962429439940026,2.6341833616894563,cuda,10
SAM2.1-Tiny,auto,test,data/cogar_sim_500_final/rgb/000563.png,4921,connector,small_parts;partial_occlusion,0.018494544109487702,0.3910979722696423,0.9800706505775452,0.37962429439940026,2.6341833616894563,cuda,10
SAM2.1-Tiny,auto,test,data/cogar_sim_500_final/rgb/000563.png,4922,robot_gripper,small_parts;partial_occlusion,0.8015595590212423,0.7353819672961069,0.9199286103248596,0.37962429439940026,2.6341833616894563,cuda,10
SAM2.1-Tiny,auto,test,data/cogar_sim_500_final/rgb/000563.png,4923,robot_gripper,small_parts;partial_occlusion,0.12110442864953526,0.14682294879703886,0.9199286103248596,0.37962429439940026,2.6341833616894563,cuda,10
SAM2.1-Tiny,auto,test,data/cogar_sim_500_final/rgb/000563.png,4924,robot_gripper,small_parts;partial_occlusion,0.05948252867431315,0.35271705947002074,0.9199286103248596,0.37962429439940026,2.6341833616894563,cuda,10
SAM2.1-Tiny,auto,test,data/cogar_sim_500_final/rgb/000564.png,4926,plastic_object,dynamic_scene;partial_occlusion,0.8356713426853707,0.9103675450762829,0.9412548542022705,0.39727711460000137,2.517134673128228,cuda,10
SAM2.1-Tiny,auto,test,data/cogar_sim_500_final/rgb/000564.png,4927,metal_part,dynamic_scene;reflective_metal;partial_occlusion,0.0005652272213429799,0.09745998885261566,0.9573468565940857,0.39727711460000137,2.517134673128228,cuda,10
SAM2.1-Tiny,auto,test,data/cogar_sim_500_final/rgb/000564.png,4928,plastic_object,dynamic_scene;partial_occlusion,0.0008296787957804907,0.1576260674586136,0.9573468565940857,0.39727711460000137,2.517134673128228,cuda,10
SAM2.1-Tiny,auto,test,data/cogar_sim_500_final/rgb/000564.png,4929,box,dynamic_scene;partial_occlusion,0.9716173232199657,0.9813463098134632,0.9573468565940857,0.39727711460000137,2.517134673128228,cuda,10
SAM2.1-Tiny,auto,test,data/cogar_sim_500_final/rgb/000564.png,4930,plastic_object,dynamic_scene;partial_occlusion,0.9762162162162162,1.0,0.9672379493713379,0.39727711460000137,2.517134673128228,cuda,10
SAM2.1-Tiny,auto,test,data/cogar_sim_500_final/rgb/000564.png,4931,plastic_object,dynamic_scene;partial_occlusion,0.978137166816412,1.0,0.9811997413635254,0.39727711460000137,2.517134673128228,cuda,10
SAM2.1-Tiny,auto,test,data/cogar_sim_500_final/rgb/000564.png,4932,tool,dynamic_scene;reflective_metal;partial_occlusion,0.0033470936070512107,0.2817058234049661,0.9573468565940857,0.39727711460000137,2.517134673128228,cuda,10
SAM2.1-Tiny,auto,test,data/cogar_sim_500_final/rgb/000564.png,4933,robot_gripper,dynamic_scene;partial_occlusion,0.6386015451093361,0.4894155757619248,0.9704745411872864,0.39727711460000137,2.517134673128228,cuda,10
SAM2.1-Tiny,auto,test,data/cogar_sim_500_final/rgb/000564.png,4934,robot_gripper,dynamic_scene;partial_occlusion,0.2678058961648839,0.42668054245666526,0.9704745411872864,0.39727711460000137,2.517134673128228,cuda,10
SAM2.1-Tiny,auto,test,data/cogar_sim_500_final/rgb/000564.png,4935,robot_gripper,dynamic_scene;partial_occlusion,0.08221846993115989,0.4153517255420951,0.9704745411872864,0.39727711460000137,2.517134673128228,cuda,10
SAM2.1-Tiny,auto,test,data/cogar_sim_500_final/rgb/000565.png,4938,cable,reflective_metal,0.48782549881636794,0.6391298964203542,0.8151522874832153,0.4940288177504044,2.0241734167524306,cuda,9
SAM2.1-Tiny,auto,test,data/cogar_sim_500_final/rgb/000565.png,4939,tool,reflective_metal,0.7911536162582188,0.5753861188417496,0.9671374559402466,0.4940288177504044,2.0241734167524306,cuda,9
SAM2.1-Tiny,auto,test,data/cogar_sim_500_final/rgb/000565.png,4940,tool,reflective_metal,0.0,0.07213652140377942,0.9774927496910095,0.4940288177504044,2.0241734167524306,cuda,9
SAM2.1-Tiny,auto,test,data/cogar_sim_500_final/rgb/000565.png,4941,tool,reflective_metal,0.004172461752433936,0.23098262867756492,0.8843984603881836,0.4940288177504044,2.0241734167524306,cuda,9
SAM2.1-Tiny,auto,test,data/cogar_sim_500_final/rgb/000565.png,4942,metal_part,reflective_metal,0.9322465613856342,0.9629993129845912,0.8500710129737854,0.4940288177504044,2.0241734167524306,cuda,9
SAM2.1-Tiny,auto,test,data/cogar_sim_500_final/rgb/000565.png,4943,metal_part,reflective_metal,0.007580445544554455,0.40409664910012927,0.8843984603881836,0.4940288177504044,2.0241734167524306,cuda,9
SAM2.1-Tiny,auto,test,data/cogar_sim_500_final/rgb/000565.png,4944,plastic_object,reflective_metal,0.9684452094090649,1.0,0.8843984603881836,0.4940288177504044,2.0241734167524306,cuda,9
SAM2.1-Tiny,auto,test,data/cogar_sim_500_final/rgb/000565.png,4945,metal_part,reflective_metal,0.8566520924422236,0.7246981762137168,0.942672073841095,0.4940288177504044,2.0241734167524306,cuda,9
SAM2.1-Tiny,auto,test,data/cogar_sim_500_final/rgb/000567.png,4949,metal_part,partial_occlusion;reflective_metal,0.0041841004184100415,0.23063425590155112,0.8708602786064148,0.48803515937561315,2.0490326993640973,cuda,12
SAM2.1-Tiny,auto,test,data/cogar_sim_500_final/rgb/000567.png,4950,cable,partial_occlusion,0.8248384781048098,0.9237668161434976,0.8016256093978882,0.48803515937561315,2.0490326993640973,cuda,12
SAM2.1-Tiny,auto,test,data/cogar_sim_500_final/rgb/000567.png,4951,box,partial_occlusion,0.9689531185174941,0.9221434132333898,0.9500285983085632,0.48803515937561315,2.0490326993640973,cuda,12
SAM2.1-Tiny,auto,test,data/cogar_sim_500_final/rgb/000567.png,4952,cable,partial_occlusion,0.9542743538767395,1.0,0.9401406645774841,0.48803515937561315,2.0490326993640973,cuda,12
SAM2.1-Tiny,auto,test,data/cogar_sim_500_final/rgb/000567.png,4953,plastic_object,partial_occlusion,0.9855997996493864,0.9922680412371134,0.8647350668907166,0.48803515937561315,2.0490326993640973,cuda,12
SAM2.1-Tiny,auto,test,data/cogar_sim_500_final/rgb/000567.png,4954,robot_gripper,partial_occlusion,0.7114441668979554,0.6057592014752288,0.8708602786064148,0.48803515937561315,2.0490326993640973,cuda,12
SAM2.1-Tiny,auto,test,data/cogar_sim_500_final/rgb/000567.png,4955,robot_gripper,partial_occlusion,0.1153810452056066,0.28834610031554453,0.8708602786064148,0.48803515937561315,2.0490326993640973,cuda,12
SAM2.1-Tiny,auto,test,data/cogar_sim_500_final/rgb/000567.png,4956,robot_gripper,partial_occlusion,0.15086485986495235,0.3005173890204149,0.8708602786064148,0.48803515937561315,2.0490326993640973,cuda,12
SAM2.1-Tiny,auto,test,data/cogar_sim_500_final/rgb/000568.png,4958,plastic_object,small_parts;partial_occlusion,0.39607512133361467,0.4530386740331491,0.9018921256065369,0.35845848690885096,2.789723319493564,cuda,13
SAM2.1-Tiny,auto,test,data/cogar_sim_500_final/rgb/000568.png,4959,plastic_object,small_parts;partial_occlusion,0.9742729306487695,0.9840239034146578,0.983859121799469,0.35845848690885096,2.789723319493564,cuda,13
SAM2.1-Tiny,auto,test,data/cogar_sim_500_final/rgb/000568.png,4960,screw,small_parts;partial_occlusion,0.8560794044665012,0.8973252804141502,0.954866886138916,0.35845848690885096,2.789723319493564,cuda,13
SAM2.1-Tiny,auto,test,data/cogar_sim_500_final/rgb/000568.png,4961,box,small_parts;partial_occlusion,0.9816026165167621,1.0,0.9721475839614868,0.35845848690885096,2.789723319493564,cuda,13
SAM2.1-Tiny,auto,test,data/cogar_sim_500_final/rgb/000568.png,4962,connector,small_parts;partial_occlusion,0.9275766016713092,0.9946524064171123,0.9712282419204712,0.35845848690885096,2.789723319493564,cuda,13
SAM2.1-Tiny,auto,test,data/cogar_sim_500_final/rgb/000568.png,4963,connector,small_parts;partial_occlusion,0.9801206957756479,1.0,0.983027458190918,0.35845848690885096,2.789723319493564,cuda,13
SAM2.1-Tiny,auto,test,data/cogar_sim_500_final/rgb/000568.png,4964,connector,small_parts;partial_occlusion,0.9716548561900792,1.0,0.9831521511077881,0.35845848690885096,2.789723319493564,cuda,13
SAM2.1-Tiny,auto,test,data/cogar_sim_500_final/rgb/000568.png,4965,tool,small_parts;reflective_metal;partial_occlusion,0.46393061138142583,0.3634227372174054,0.9018921256065369,0.35845848690885096,2.789723319493564,cuda,13
SAM2.1-Tiny,auto,test,data/cogar_sim_500_final/rgb/000568.png,4966,robot_gripper,small_parts;partial_occlusion,0.5840553472132419,0.6823558501205037,0.9607835412025452,0.35845848690885096,2.789723319493564,cuda,13
SAM2.1-Tiny,auto,test,data/cogar_sim_500_final/rgb/000568.png,4967,robot_gripper,small_parts;partial_occlusion,0.2609346524342619,0.2840983754396362,0.9607835412025452,0.35845848690885096,2.789723319493564,cuda,13
SAM2.1-Tiny,auto,test,data/cogar_sim_500_final/rgb/000568.png,4968,robot_gripper,small_parts;partial_occlusion,0.14622395833333332,0.22640706458133847,0.9607835412025452,0.35845848690885096,2.789723319493564,cuda,13
SAM2.1-Tiny,auto,test,data/cogar_sim_500_final/rgb/000571.png,4974,plastic_object,transparent_glass,0.0057904411764705885,0.24615384615384614,0.9766867160797119,0.48203438237487717,2.0745408140249673,cuda,11
SAM2.1-Tiny,auto,test,data/cogar_sim_500_final/rgb/000571.png,4975,glass_object,transparent_glass,0.94561261625556,0.8862356386573552,0.9007829427719116,0.48203438237487717,2.0745408140249673,cuda,11
SAM2.1-Tiny,auto,test,data/cogar_sim_500_final/rgb/000571.png,4976,glass_object,transparent_glass,0.958603210363278,0.9436039745770297,0.9521965384483337,0.48203438237487717,2.0745408140249673,cuda,11
SAM2.1-Tiny,auto,test,data/cogar_sim_500_final/rgb/000571.png,4977,box,transparent_glass,0.9852035658487271,0.9760479041916168,0.9766867160797119,0.48203438237487717,2.0745408140249673,cuda,11
SAM2.1-Tiny,auto,test,data/cogar_sim_500_final/rgb/000571.png,4978,connector,transparent_glass;small_parts,0.0,0.022070705080203368,0.9908682107925415,0.48203438237487717,2.0745408140249673,cuda,11
SAM2.1-Tiny,auto,test,data/cogar_sim_500_final/rgb/000571.png,4979,cable,transparent_glass,0.0006064281382656155,0.05977327378907593,0.9007829427719116,0.48203438237487717,2.0745408140249673,cuda,11
SAM2.1-Tiny,auto,test,data/cogar_sim_500_final/rgb/000571.png,4980,plastic_object,transparent_glass,0.9768099547511312,1.0,0.9561447501182556,0.48203438237487717,2.0745408140249673,cuda,11
SAM2.1-Tiny,auto,test,data/cogar_sim_500_final/rgb/000571.png,4981,connector,transparent_glass;small_parts,0.9208333333333333,1.0,0.8405063152313232,0.48203438237487717,2.0745408140249673,cuda,11
SAM2.1-Tiny,auto,test,data/cogar_sim_500_final/rgb/000572.png,4984,cable,partial_occlusion,0.978513356562137,1.0,0.9323151111602783,0.7620432569994591,1.3122614639193768,cuda,7
SAM2.1-Tiny,auto,test,data/cogar_sim_500_final/rgb/000572.png,4985,box,partial_occlusion,0.006554690700532569,0.20831287841597118,0.955409049987793,0.7620432569994591,1.3122614639193768,cuda,7
SAM2.1-Tiny,auto,test,data/cogar_sim_500_final/rgb/000572.png,4986,screw,partial_occlusion;small_parts,0.9769874476987448,1.0,0.9223707914352417,0.7620432569994591,1.3122614639193768,cuda,7
SAM2.1-Tiny,auto,test,data/cogar_sim_500_final/rgb/000572.png,4987,robot_gripper,partial_occlusion,0.964720974983964,0.8997082843173921,0.955409049987793,0.7620432569994591,1.3122614639193768,cuda,7
SAM2.1-Tiny,auto,test,data/cogar_sim_500_final/rgb/000572.png,4988,robot_gripper,partial_occlusion,0.02001712695354314,0.2765788347496485,0.955409049987793,0.7620432569994591,1.3122614639193768,cuda,7
SAM2.1-Tiny,auto,test,data/cogar_sim_500_final/rgb/000573.png,4990,metal_part,small_parts;reflective_metal;partial_occlusion,0.976201586560896,1.0,0.9861336350440979,0.3342591892499816,2.9916903772902184,cuda,14
SAM2.1-Tiny,auto,test,data/cogar_sim_500_final/rgb/000573.png,4991,metal_part,small_parts;reflective_metal;partial_occlusion,0.9833839040601069,1.0,0.9782088994979858,0.3342591892499816,2.9916903772902184,cuda,14
SAM2.1-Tiny,auto,test,data/cogar_sim_500_final/rgb/000573.png,4992,screw,small_parts;partial_occlusion,8.47931894110265e-06,0.04033952432977561,0.9909667372703552,0.3342591892499816,2.9916903772902184,cuda,14
SAM2.1-Tiny,auto,test,data/cogar_sim_500_final/rgb/000573.png,4993,screw,small_parts;partial_occlusion,0.0,0.0,0.9912787079811096,0.3342591892499816,2.9916903772902184,cuda,14
SAM2.1-Tiny,auto,test,data/cogar_sim_500_final/rgb/000573.png,4994,connector,small_parts;partial_occlusion,0.9502212389380531,1.0,0.9761397242546082,0.3342591892499816,2.9916903772902184,cuda,14
SAM2.1-Tiny,auto,test,data/cogar_sim_500_final/rgb/000573.png,4995,connector,small_parts;partial_occlusion,0.9447887323943662,0.9922879177377892,0.9722703099250793,0.3342591892499816,2.9916903772902184,cuda,14
SAM2.1-Tiny,auto,test,data/cogar_sim_500_final/rgb/000573.png,4996,screw,small_parts;partial_occlusion,0.7879341864716636,0.7754137115839242,0.9476689100265503,0.3342591892499816,2.9916903772902184,cuda,14
SAM2.1-Tiny,auto,test,data/cogar_sim_500_final/rgb/000573.png,4997,screw,small_parts;partial_occlusion,0.01937046004842615,0.35185185185185186,0.8764144778251648,0.3342591892499816,2.9916903772902184,cuda,14
SAM2.1-Tiny,auto,test,data/cogar_sim_500_final/rgb/000573.png,4998,screw,small_parts;partial_occlusion,0.9390243902439024,0.9393939393939393,0.8764144778251648,0.3342591892499816,2.9916903772902184,cuda,14
SAM2.1-Tiny,auto,test,data/cogar_sim_500_final/rgb/000573.png,4999,robot_gripper,small_parts;partial_occlusion,0.590948489351164,0.5691973475591061,0.9022522568702698,0.3342591892499816,2.9916903772902184,cuda,14
SAM2.1-Tiny,auto,test,data/cogar_sim_500_final/rgb/000573.png,5000,robot_gripper,small_parts;partial_occlusion,0.3022952853598015,0.40062524423602974,0.9022522568702698,0.3342591892499816,2.9916903772902184,cuda,14
SAM2.1-Tiny,auto,test,data/cogar_sim_500_final/rgb/000573.png,5001,robot_gripper,small_parts;partial_occlusion,0.33724340175953077,0.5870646766169154,0.9354472160339355,0.3342591892499816,2.9916903772902184,cuda,14
SAM2.1-Tiny,auto,test,data/cogar_sim_500_final/rgb/000575.png,5005,cable,reflective_metal;partial_occlusion,0.6340425531914894,0.761795166858458,0.9480310082435608,0.40523893870049504,2.4676799401527463,cuda,16
SAM2.1-Tiny,auto,test,data/cogar_sim_500_final/rgb/000575.png,5006,tool,reflective_metal;partial_occlusion,0.9010199350950394,0.9474105712760277,0.9185471534729004,0.40523893870049504,2.4676799401527463,cuda,16
SAM2.1-Tiny,auto,test,data/cogar_sim_500_final/rgb/000575.png,5007,metal_part,reflective_metal;partial_occlusion,0.6792896876337184,0.6802222199897529,0.9582259654998779,0.40523893870049504,2.4676799401527463,cuda,16
SAM2.1-Tiny,auto,test,data/cogar_sim_500_final/rgb/000575.png,5008,plastic_object,reflective_metal;partial_occlusion,0.9630004043671654,0.9510268562401264,0.970788300037384,0.40523893870049504,2.4676799401527463,cuda,16
SAM2.1-Tiny,auto,test,data/cogar_sim_500_final/rgb/000575.png,5009,metal_part,reflective_metal;partial_occlusion,0.7024793388429752,0.744922826969943,0.8950061202049255,0.40523893870049504,2.4676799401527463,cuda,16
SAM2.1-Tiny,auto,test,data/cogar_sim_500_final/rgb/000575.png,5010,cable,reflective_metal;partial_occlusion,0.6547196593328601,0.714919943860453,0.8788037300109863,0.40523893870049504,2.4676799401527463,cuda,16
SAM2.1-Tiny,auto,test,data/cogar_sim_500_final/rgb/000575.png,5011,metal_part,reflective_metal;partial_occlusion,0.9580584354382657,0.9002557544757033,0.9078793525695801,0.40523893870049504,2.4676799401527463,cuda,16
SAM2.1-Tiny,auto,test,data/cogar_sim_500_final/rgb/000575.png,5012,robot_gripper,reflective_metal;partial_occlusion,0.8191620656057161,0.8079270380388263,0.9232904314994812,0.40523893870049504,2.4676799401527463,cuda,16
SAM2.1-Tiny,auto,test,data/cogar_sim_500_final/rgb/000575.png,5013,robot_gripper,reflective_metal;partial_occlusion,0.8670779584969153,0.839558659783379,0.9519568681716919,0.40523893870049504,2.4676799401527463,cuda,16
SAM2.1-Tiny,auto,test,data/cogar_sim_500_final/rgb/000575.png,5014,robot_gripper,reflective_metal;partial_occlusion,0.2977339017276195,0.4732510288065844,0.9184748530387878,0.40523893870049504,2.4676799401527463,cuda,16
SAM2.1-Tiny,auto,test,data/cogar_sim_500_final/rgb/000576.png,5016,metal_part,transparent_glass;reflective_metal;partial_occlusion,0.9795484727755644,1.0,0.9792982339859009,0.5967184788574481,1.6758321309484585,cuda,12
SAM2.1-Tiny,auto,test,data/cogar_sim_500_final/rgb/000576.png,5017,box,transparent_glass;partial_occlusion,0.8225530876250915,0.7798273701795906,0.917808473110199,0.5967184788574481,1.6758321309484585,cuda,12
SAM2.1-Tiny,auto,test,data/cogar_sim_500_final/rgb/000576.png,5018,glass_object,transparent_glass;partial_occlusion,0.8188075618031992,0.6217481921509396,0.8676310777664185,0.5967184788574481,1.6758321309484585,cuda,12
SAM2.1-Tiny,auto,test,data/cogar_sim_500_final/rgb/000576.png,5019,metal_part,transparent_glass;reflective_metal;partial_occlusion,0.935471100554236,0.998003992015968,0.9252680540084839,0.5967184788574481,1.6758321309484585,cuda,12
SAM2.1-Tiny,auto,test,data/cogar_sim_500_final/rgb/000576.png,5020,robot_gripper,transparent_glass;partial_occlusion,0.9726584854072614,0.9577464788732395,0.9455602765083313,0.5967184788574481,1.6758321309484585,cuda,12
SAM2.1-Tiny,auto,test,data/cogar_sim_500_final/rgb/000576.png,5021,robot_gripper,transparent_glass;partial_occlusion,0.0027037466203167246,0.12563323201621074,0.9455602765083313,0.5967184788574481,1.6758321309484585,cuda,12
SAM2.1-Tiny,auto,test,data/cogar_sim_500_final/rgb/000576.png,5022,robot_gripper,transparent_glass;partial_occlusion,0.944069431051109,0.9966329966329966,0.8502607345581055,0.5967184788574481,1.6758321309484585,cuda,12
SAM2.1-Tiny,auto,test,data/cogar_sim_500_final/rgb/000577.png,5025,tool,partial_occlusion;reflective_metal,0.921760391198044,0.9709487217211213,0.9606024622917175,0.4356524202222418,2.29540788385811,cuda,12
SAM2.1-Tiny,auto,test,data/cogar_sim_500_final/rgb/000577.png,5026,box,partial_occlusion,0.7476190476190476,0.6574628976396442,0.9617391228675842,0.4356524202222418,2.29540788385811,cuda,12
SAM2.1-Tiny,auto,test,data/cogar_sim_500_final/rgb/000577.png,5027,connector,partial_occlusion;small_parts,8.354916868577158e-05,0.09991460290350128,0.8201131820678711,0.4356524202222418,2.29540788385811,cuda,12
SAM2.1-Tiny,auto,test,data/cogar_sim_500_final/rgb/000577.png,5028,metal_part,partial_occlusion;reflective_metal,0.9207191780821918,0.8998203529536087,0.9689536690711975,0.4356524202222418,2.29540788385811,cuda,12
SAM2.1-Tiny,auto,test,data/cogar_sim_500_final/rgb/000577.png,5029,box,partial_occlusion,0.9553303607620591,0.9048843187660667,0.8201131820678711,0.4356524202222418,2.29540788385811,cuda,12
SAM2.1-Tiny,auto,test,data/cogar_sim_500_final/rgb/000577.png,5030,box,partial_occlusion,0.7383297644539615,0.7665427699131507,0.8697900772094727,0.4356524202222418,2.29540788385811,cuda,12
SAM2.1-Tiny,auto,test,data/cogar_sim_500_final/rgb/000577.png,5031,robot_gripper,partial_occlusion,0.7767523775977457,0.7408521926281117,0.9646413326263428,0.4356524202222418,2.29540788385811,cuda,12
SAM2.1-Tiny,auto,test,data/cogar_sim_500_final/rgb/000577.png,5032,robot_gripper,partial_occlusion,0.861288450377249,0.8460838541292531,0.9476890563964844,0.4356524202222418,2.29540788385811,cuda,12
SAM2.1-Tiny,auto,test,data/cogar_sim_500_final/rgb/000577.png,5033,robot_gripper,partial_occlusion,0.10652406417112299,0.158995358995359,0.9646413326263428,0.4356524202222418,2.29540788385811,cuda,12
SAM2.1-Tiny,auto,test,data/cogar_sim_500_final/rgb/000578.png,5035,screw,small_parts;partial_occlusion,0.0,0.0,0.9876426458358765,0.30654166784594195,3.2621992534553836,cuda,8
SAM2.1-Tiny,auto,test,data/cogar_sim_500_final/rgb/000578.png,5036,connector,small_parts;partial_occlusion,0.94275802254987,0.9951456310679612,0.879658043384552,0.30654166784594195,3.2621992534553836,cuda,8
SAM2.1-Tiny,auto,test,data/cogar_sim_500_final/rgb/000578.png,5037,connector,small_parts;partial_occlusion,0.049418409197875345,0.18853027473993064,0.9525399804115295,0.30654166784594195,3.2621992534553836,cuda,8
SAM2.1-Tiny,auto,test,data/cogar_sim_500_final/rgb/000578.png,5038,screw,small_parts;partial_occlusion,0.007644197359277276,0.2035087719298246,0.879658043384552,0.30654166784594195,3.2621992534553836,cuda,8
SAM2.1-Tiny,auto,test,data/cogar_sim_500_final/rgb/000578.png,5039,box,small_parts;partial_occlusion,0.9880022637238257,0.9989743589743589,0.978340208530426,0.30654166784594195,3.2621992534553836,cuda,8
SAM2.1-Tiny,auto,test,data/cogar_sim_500_final/rgb/000578.png,5040,screw,small_parts;partial_occlusion,0.0,0.0,0.9876426458358765,0.30654166784594195,3.2621992534553836,cuda,8
SAM2.1-Tiny,auto,test,data/cogar_sim_500_final/rgb/000578.png,5041,screw,small_parts;partial_occlusion,0.0,0.0,0.9876426458358765,0.30654166784594195,3.2621992534553836,cuda,8
SAM2.1-Tiny,auto,test,data/cogar_sim_500_final/rgb/000578.png,5042,connector,small_parts;partial_occlusion,0.9044995408631772,0.8660583963527807,0.9580042362213135,0.30654166784594195,3.2621992534553836,cuda,8
SAM2.1-Tiny,auto,test,data/cogar_sim_500_final/rgb/000578.png,5043,screw,small_parts;partial_occlusion,0.0008046346958480849,0.20604395604395606,0.9230295419692993,0.30654166784594195,3.2621992534553836,cuda,8
SAM2.1-Tiny,auto,test,data/cogar_sim_500_final/rgb/000578.png,5044,connector,small_parts;partial_occlusion,0.9553734061930783,1.0,0.9509557485580444,0.30654166784594195,3.2621992534553836,cuda,8
SAM2.1-Tiny,auto,test,data/cogar_sim_500_final/rgb/000578.png,5045,robot_gripper,small_parts;partial_occlusion,0.6798955963057154,0.6052388450077425,0.9525399804115295,0.30654166784594195,3.2621992534553836,cuda,8
SAM2.1-Tiny,auto,test,data/cogar_sim_500_final/rgb/000578.png,5046,robot_gripper,small_parts;partial_occlusion,0.10060483870967742,0.3542509115389308,0.9525399804115295,0.30654166784594195,3.2621992534553836,cuda,8
SAM2.1-Tiny,auto,test,data/cogar_sim_500_final/rgb/000578.png,5047,robot_gripper,small_parts;partial_occlusion,0.15681527805796516,0.2731176937655398,0.9525399804115295,0.30654166784594195,3.2621992534553836,cuda,8
SAM2.1-Tiny,auto,test,data/cogar_sim_500_final/rgb/000581.png,5054,plastic_object,transparent_glass,0.9957264957264957,1.0,0.9822025299072266,0.5275765475713082,1.8954595396696214,cuda,18
SAM2.1-Tiny,auto,test,data/cogar_sim_500_final/rgb/000581.png,5055,glass_object,transparent_glass,0.965948717948718,0.9668141697851008,0.9833032488822937,0.5275765475713082,1.8954595396696214,cuda,18
SAM2.1-Tiny,auto,test,data/cogar_sim_500_final/rgb/000581.png,5056,plastic_object,transparent_glass,0.9923602734217933,1.0,0.9701060652732849,0.5275765475713082,1.8954595396696214,cuda,18
SAM2.1-Tiny,auto,test,data/cogar_sim_500_final/rgb/000581.png,5057,glass_object,transparent_glass,0.9545672385699223,0.9912947294327209,0.9789541363716125,0.5275765475713082,1.8954595396696214,cuda,18
SAM2.1-Tiny,auto,test,data/cogar_sim_500_final/rgb/000581.png,5058,box,transparent_glass,0.9705153405691821,0.9642117895009792,0.9436457753181458,0.5275765475713082,1.8954595396696214,cuda,18
SAM2.1-Tiny,auto,test,data/cogar_sim_500_final/rgb/000581.png,5059,connector,transparent_glass;small_parts,0.9232012934518997,1.0,0.9616085886955261,0.5275765475713082,1.8954595396696214,cuda,18
SAM2.1-Tiny,auto,test,data/cogar_sim_500_final/rgb/000581.png,5060,glass_object,transparent_glass,0.9733384117310988,0.994677645476633,0.9059895277023315,0.5275765475713082,1.8954595396696214,cuda,18
SAM2.1-Tiny,auto,test,data/cogar_sim_500_final/rgb/000583.png,5076,plastic_object,small_parts;partial_occlusion,0.9512295081967214,0.9987261146496815,0.962080180644989,0.3539190648185798,2.8255047535023396,cuda,17
SAM2.1-Tiny,auto,test,data/cogar_sim_500_final/rgb/000583.png,5077,connector,small_parts;partial_occlusion,0.9404761904761905,1.0,0.9103915095329285,0.3539190648185798,2.8255047535023396,cuda,17
SAM2.1-Tiny,auto,test,data/cogar_sim_500_final/rgb/000583.png,5078,connector,small_parts;partial_occlusion,0.9296482412060302,0.9913883163452579,0.9655637145042419,0.3539190648185798,2.8255047535023396,cuda,17
SAM2.1-Tiny,auto,test,data/cogar_sim_500_final/rgb/000583.png,5079,plastic_object,small_parts;partial_occlusion,0.9810238305383936,0.9974293059125964,0.9666510224342346,0.3539190648185798,2.8255047535023396,cuda,17
SAM2.1-Tiny,auto,test,data/cogar_sim_500_final/rgb/000583.png,5080,screw,small_parts;partial_occlusion,0.8223270440251572,0.873328738800827,0.9486103653907776,0.3539190648185798,2.8255047535023396,cuda,17
SAM2.1-Tiny,auto,test,data/cogar_sim_500_final/rgb/000583.png,5081,tool,small_parts;reflective_metal;partial_occlusion,0.3010204081632653,0.47642497744199913,0.8269855380058289,0.3539190648185798,2.8255047535023396,cuda,17
SAM2.1-Tiny,auto,test,data/cogar_sim_500_final/rgb/000583.png,5082,connector,small_parts;partial_occlusion,0.9750636132315522,1.0,0.9754670858383179,0.3539190648185798,2.8255047535023396,cuda,17
SAM2.1-Tiny,auto,test,data/cogar_sim_500_final/rgb/000583.png,5083,plastic_object,small_parts;partial_occlusion,0.9620107444359172,0.9879518072289156,0.8259177803993225,0.3539190648185798,2.8255047535023396,cuda,17
SAM2.1-Tiny,auto,test,data/cogar_sim_500_final/rgb/000583.png,5084,robot_gripper,small_parts;partial_occlusion,0.8132144061762171,0.7279088139036226,0.9556456804275513,0.3539190648185798,2.8255047535023396,cuda,17
SAM2.1-Tiny,auto,test,data/cogar_sim_500_final/rgb/000583.png,5085,robot_gripper,small_parts;partial_occlusion,0.9541547277936963,0.9219713302318544,0.9220889210700989,0.3539190648185798,2.8255047535023396,cuda,17
SAM2.1-Tiny,auto,test,data/cogar_sim_500_final/rgb/000583.png,5086,robot_gripper,small_parts;partial_occlusion,0.8115154807170016,0.7584126247389186,0.9185032844543457,0.3539190648185798,2.8255047535023396,cuda,17
SAM2.1-Tiny,auto,test,data/cogar_sim_500_final/rgb/000584.png,5089,box,dynamic_scene;partial_occlusion,0.9902896642527979,1.0,0.9787958264350891,0.36105757069963146,2.76964141220546,cuda,17
SAM2.1-Tiny,auto,test,data/cogar_sim_500_final/rgb/000584.png,5090,cable,dynamic_scene;partial_occlusion,0.806674338319908,0.9097744360902255,0.8936101198196411,0.36105757069963146,2.76964141220546,cuda,17
SAM2.1-Tiny,auto,test,data/cogar_sim_500_final/rgb/000584.png,5091,plastic_object,dynamic_scene;partial_occlusion,0.9643636363636363,1.0,0.9603778719902039,0.36105757069963146,2.76964141220546,cuda,17
SAM2.1-Tiny,auto,test,data/cogar_sim_500_final/rgb/000584.png,5092,plastic_object,dynamic_scene;partial_occlusion,0.9922765722692166,1.0,0.9832126498222351,0.36105757069963146,2.76964141220546,cuda,17
SAM2.1-Tiny,auto,test,data/cogar_sim_500_final/rgb/000584.png,5093,metal_part,dynamic_scene;reflective_metal;partial_occlusion,0.0007674597083653108,0.35772604485992654,0.9621186852455139,0.36105757069963146,2.76964141220546,cuda,17
SAM2.1-Tiny,auto,test,data/cogar_sim_500_final/rgb/000584.png,5094,plastic_object,dynamic_scene;partial_occlusion,0.9492490937338167,0.9651533072513875,0.9538302421569824,0.36105757069963146,2.76964141220546,cuda,17
SAM2.1-Tiny,auto,test,data/cogar_sim_500_final/rgb/000584.png,5095,plastic_object,dynamic_scene;partial_occlusion,0.0029123386079021453,0.22178462122470283,0.8281445503234863,0.36105757069963146,2.76964141220546,cuda,17
SAM2.1-Tiny,auto,test,data/cogar_sim_500_final/rgb/000584.png,5096,robot_gripper,dynamic_scene;partial_occlusion,0.7729500163345312,0.8123978901180974,0.9100450873374939,0.36105757069963146,2.76964141220546,cuda,17
SAM2.1-Tiny,auto,test,data/cogar_sim_500_final/rgb/000584.png,5097,robot_gripper,dynamic_scene;partial_occlusion,0.9760166840458812,1.0,0.9616355895996094,0.36105757069963146,2.76964141220546,cuda,17
SAM2.1-Tiny,auto,test,data/cogar_sim_500_final/rgb/000584.png,5098,robot_gripper,dynamic_scene;partial_occlusion,0.38714859437751004,0.41585718036229985,0.9371122121810913,0.36105757069963146,2.76964141220546,cuda,17
SAM2.1-Tiny,auto,test,data/cogar_sim_500_final/rgb/000585.png,5101,connector,reflective_metal;partial_occlusion;small_parts,0.9570552147239264,1.0,0.9654942750930786,0.6444411254997249,1.5517321294859339,cuda,8
SAM2.1-Tiny,auto,test,data/cogar_sim_500_final/rgb/000585.png,5102,tool,reflective_metal;partial_occlusion,0.941301775147929,1.0,0.9703154563903809,0.6444411254997249,1.5517321294859339,cuda,8
SAM2.1-Tiny,auto,test,data/cogar_sim_500_final/rgb/000585.png,5103,metal_part,reflective_metal;partial_occlusion,0.8420799229658161,0.7794239364343652,0.8985692858695984,0.6444411254997249,1.5517321294859339,cuda,8
SAM2.1-Tiny,auto,test,data/cogar_sim_500_final/rgb/000585.png,5104,robot_gripper,reflective_metal;partial_occlusion,0.6193940250017657,0.4910162887886018,0.952548623085022,0.6444411254997249,1.5517321294859339,cuda,8
SAM2.1-Tiny,auto,test,data/cogar_sim_500_final/rgb/000585.png,5105,robot_gripper,reflective_metal;partial_occlusion,0.09439966058549003,0.1321033327511472,0.952548623085022,0.6444411254997249,1.5517321294859339,cuda,8
SAM2.1-Tiny,auto,test,data/cogar_sim_500_final/rgb/000585.png,5106,robot_gripper,reflective_metal;partial_occlusion,0.1097836844337622,0.194378633379604,0.952548623085022,0.6444411254997249,1.5517321294859339,cuda,8
SAM2.1-Tiny,auto,test,data/cogar_sim_500_final/rgb/000586.png,5109,glass_object,transparent_glass;partial_occlusion,0.9797838105454245,0.9989847715736041,0.8810453414916992,0.47030860599988955,2.12626345179028,cuda,11
SAM2.1-Tiny,auto,test,data/cogar_sim_500_final/rgb/000586.png,5110,metal_part,transparent_glass;reflective_metal;partial_occlusion,0.1662938105891126,0.6554155095065156,0.8479182720184326,0.47030860599988955,2.12626345179028,cuda,11
SAM2.1-Tiny,auto,test,data/cogar_sim_500_final/rgb/000586.png,5111,glass_object,transparent_glass;partial_occlusion,0.9720343630049351,0.9939145805821304,0.9554198384284973,0.47030860599988955,2.12626345179028,cuda,11
SAM2.1-Tiny,auto,test,data/cogar_sim_500_final/rgb/000586.png,5112,plastic_object,transparent_glass;partial_occlusion,0.9572419106317411,0.9922779922779923,0.9673739075660706,0.47030860599988955,2.12626345179028,cuda,11
SAM2.1-Tiny,auto,test,data/cogar_sim_500_final/rgb/000586.png,5113,glass_object,transparent_glass;partial_occlusion,0.9867040448538246,1.0,0.9598609805107117,0.47030860599988955,2.12626345179028,cuda,11
SAM2.1-Tiny,auto,test,data/cogar_sim_500_final/rgb/000586.png,5114,robot_gripper,transparent_glass;partial_occlusion,0.9809369724254361,1.0,0.8431839942932129,0.47030860599988955,2.12626345179028,cuda,11
SAM2.1-Tiny,auto,test,data/cogar_sim_500_final/rgb/000586.png,5115,robot_gripper,transparent_glass;partial_occlusion,0.7451997924234561,0.711322347088349,0.8479182720184326,0.47030860599988955,2.12626345179028,cuda,11
SAM2.1-Tiny,auto,test,data/cogar_sim_500_final/rgb/000586.png,5116,robot_gripper,transparent_glass;partial_occlusion,0.9747847478474785,1.0,0.9520952105522156,0.47030860599988955,2.12626345179028,cuda,11
SAM2.1-Tiny,auto,test,data/cogar_sim_500_final/rgb/000588.png,5120,plastic_object,small_parts,0.9859402460456942,1.0,0.9411036968231201,0.35335203054538317,2.8300389231004117,cuda,16
SAM2.1-Tiny,auto,test,data/cogar_sim_500_final/rgb/000588.png,5121,plastic_object,small_parts,0.9421800947867298,0.9205607476635514,0.9456644058227539,0.35335203054538317,2.8300389231004117,cuda,16
SAM2.1-Tiny,auto,test,data/cogar_sim_500_final/rgb/000588.png,5122,screw,small_parts,0.6078886310904872,0.70812209001552,0.9526104927062988,0.35335203054538317,2.8300389231004117,cuda,16
SAM2.1-Tiny,auto,test,data/cogar_sim_500_final/rgb/000588.png,5123,screw,small_parts,0.35336194563662376,0.4873096446700508,0.8445795178413391,0.35335203054538317,2.8300389231004117,cuda,16
SAM2.1-Tiny,auto,test,data/cogar_sim_500_final/rgb/000588.png,5124,connector,small_parts,0.9632063074901446,1.0,0.9419588446617126,0.35335203054538317,2.8300389231004117,cuda,16
SAM2.1-Tiny,auto,test,data/cogar_sim_500_final/rgb/000588.png,5125,plastic_object,small_parts,0.9863414634146341,1.0,0.9693965315818787,0.35335203054538317,2.8300389231004117,cuda,16
SAM2.1-Tiny,auto,test,data/cogar_sim_500_final/rgb/000588.png,5126,screw,small_parts,0.0,0.013402654404848993,0.9937299489974976,0.35335203054538317,2.8300389231004117,cuda,16
SAM2.1-Tiny,auto,test,data/cogar_sim_500_final/rgb/000588.png,5127,screw,small_parts,0.7911764705882353,0.88911774802609,0.8344337344169617,0.35335203054538317,2.8300389231004117,cuda,16
SAM2.1-Tiny,auto,test,data/cogar_sim_500_final/rgb/000588.png,5128,screw,small_parts,0.0,0.018863553628752028,0.9937299489974976,0.35335203054538317,2.8300389231004117,cuda,16
SAM2.1-Tiny,auto,test,data/cogar_sim_500_final/rgb/000588.png,5129,box,small_parts,0.9910233393177738,0.9967426710097721,0.9874744415283203,0.35335203054538317,2.8300389231004117,cuda,16
SAM2.1-Tiny,auto,test,data/cogar_sim_500_final/rgb/000588.png,5130,metal_part,small_parts;reflective_metal,0.9813342550985137,0.980722891566265,0.9259300827980042,0.35335203054538317,2.8300389231004117,cuda,16
SAM2.1-Tiny,auto,test,data/cogar_sim_500_final/rgb/000589.png,5132,tool,dynamic_scene;reflective_metal;partial_occlusion,0.9377059986816084,0.6627199771031751,0.9546076655387878,0.4901935237494399,2.040010631619738,cuda,9
SAM2.1-Tiny,auto,test,data/cogar_sim_500_final/rgb/000589.png,5133,screw,dynamic_scene;partial_occlusion;small_parts,0.9283276450511946,1.0,0.9615871906280518,0.4901935237494399,2.040010631619738,cuda,9
SAM2.1-Tiny,auto,test,data/cogar_sim_500_final/rgb/000589.png,5134,tool,dynamic_scene;reflective_metal;partial_occlusion,0.9078168180023687,0.5771327731977771,0.9738906621932983,0.4901935237494399,2.040010631619738,cuda,9
SAM2.1-Tiny,auto,test,data/cogar_sim_500_final/rgb/000589.png,5135,plastic_object,dynamic_scene;partial_occlusion,0.008597485034751516,0.15887899286964244,0.9645081162452698,0.4901935237494399,2.040010631619738,cuda,9
SAM2.1-Tiny,auto,test,data/cogar_sim_500_final/rgb/000589.png,5136,glass_object,dynamic_scene;transparent_glass;partial_occlusion,0.9721809642326683,0.9398132608765056,0.9645081162452698,0.4901935237494399,2.040010631619738,cuda,9
SAM2.1-Tiny,auto,test,data/cogar_sim_500_final/rgb/000589.png,5137,robot_gripper,dynamic_scene;partial_occlusion,0.6692480277918507,0.6279418737077751,0.9587195515632629,0.4901935237494399,2.040010631619738,cuda,9
SAM2.1-Tiny,auto,test,data/cogar_sim_500_final/rgb/000589.png,5138,robot_gripper,dynamic_scene;partial_occlusion,0.25896820199374226,0.34545484449268926,0.9587195515632629,0.4901935237494399,2.040010631619738,cuda,9
SAM2.1-Tiny,auto,test,data/cogar_sim_500_final/rgb/000589.png,5139,robot_gripper,dynamic_scene;partial_occlusion,0.04269811044382599,0.0,0.9587195515632629,0.4901935237494399,2.040010631619738,cuda,9
SAM2.1-Tiny,auto,test,data/cogar_sim_500_final/rgb/000590.png,5142,box,reflective_metal;partial_occlusion,0.9846452730379421,0.9924539642920815,0.9678421020507812,0.631509547666307,1.583507333650647,cuda,8
SAM2.1-Tiny,auto,test,data/cogar_sim_500_final/rgb/000590.png,5143,tool,reflective_metal;partial_occlusion,0.9256988465135613,0.7444517235541357,0.9582199454307556,0.631509547666307,1.583507333650647,cuda,8
SAM2.1-Tiny,auto,test,data/cogar_sim_500_final/rgb/000590.png,5144,cable,reflective_metal;partial_occlusion,0.5716867469879519,0.8076923076923077,0.944635272026062,0.631509547666307,1.583507333650647,cuda,8
SAM2.1-Tiny,auto,test,data/cogar_sim_500_final/rgb/000590.png,5145,robot_gripper,reflective_metal;partial_occlusion,0.4929988974641676,0.18202935957412486,0.9737561345100403,0.631509547666307,1.583507333650647,cuda,8
SAM2.1-Tiny,auto,test,data/cogar_sim_500_final/rgb/000590.png,5146,robot_gripper,reflective_metal;partial_occlusion,0.3391161130936042,0.6126489552037269,0.9737561345100403,0.631509547666307,1.583507333650647,cuda,8
SAM2.1-Tiny,auto,test,data/cogar_sim_500_final/rgb/000590.png,5147,robot_gripper,reflective_metal;partial_occlusion,0.16470394012766895,0.38017847717480696,0.9737561345100403,0.631509547666307,1.583507333650647,cuda,8
SAM2.1-Tiny,auto,test,data/cogar_sim_500_final/rgb/000591.png,5149,glass_object,transparent_glass,0.9632953999038307,0.9931463509464745,0.949043869972229,0.35479705429970637,2.8185126902301554,cuda,9
SAM2.1-Tiny,auto,test,data/cogar_sim_500_final/rgb/000591.png,5150,metal_part,transparent_glass;reflective_metal,0.9659294680215182,0.9919137466307278,0.8751822710037231,0.35479705429970637,2.8185126902301554,cuda,9
SAM2.1-Tiny,auto,test,data/cogar_sim_500_final/rgb/000591.png,5151,cable,transparent_glass,0.0,0.0,0.977035403251648,0.35479705429970637,2.8185126902301554,cuda,9
SAM2.1-Tiny,auto,test,data/cogar_sim_500_final/rgb/000591.png,5152,glass_object,transparent_glass,0.9144309517085569,0.8617021276595744,0.8815886974334717,0.35479705429970637,2.8185126902301554,cuda,9
SAM2.1-Tiny,auto,test,data/cogar_sim_500_final/rgb/000591.png,5153,connector,transparent_glass;small_parts,0.0,0.0,0.977035403251648,0.35479705429970637,2.8185126902301554,cuda,9
SAM2.1-Tiny,auto,test,data/cogar_sim_500_final/rgb/000591.png,5154,glass_object,transparent_glass,0.009444171175602558,0.14833379745660444,0.8815886974334717,0.35479705429970637,2.8185126902301554,cuda,9
SAM2.1-Tiny,auto,test,data/cogar_sim_500_final/rgb/000591.png,5155,tool,transparent_glass;reflective_metal,0.5037743345252285,0.49598504514459135,0.977035403251648,0.35479705429970637,2.8185126902301554,cuda,9
SAM2.1-Tiny,auto,test,data/cogar_sim_500_final/rgb/000591.png,5156,tool,transparent_glass;reflective_metal,0.0,0.0,0.977035403251648,0.35479705429970637,2.8185126902301554,cuda,9
SAM2.1-Tiny,auto,test,data/cogar_sim_500_final/rgb/000591.png,5157,connector,transparent_glass;small_parts,0.9409131602506714,1.0,0.8046144247055054,0.35479705429970637,2.8185126902301554,cuda,9
SAM2.1-Tiny,auto,test,data/cogar_sim_500_final/rgb/000591.png,5158,glass_object,transparent_glass,0.9331563706563707,0.8328079168836865,0.9455439448356628,0.35479705429970637,2.8185126902301554,cuda,9
SAM2.1-Tiny,auto,test,data/cogar_sim_500_final/rgb/000592.png,5161,tool,partial_occlusion;reflective_metal,0.0,0.0,0.9851169586181641,0.3899373116997594,2.564514782237539,cuda,18
SAM2.1-Tiny,auto,test,data/cogar_sim_500_final/rgb/000592.png,5162,metal_part,partial_occlusion;reflective_metal,0.9574652777777778,1.0,0.9534494280815125,0.3899373116997594,2.564514782237539,cuda,18
SAM2.1-Tiny,auto,test,data/cogar_sim_500_final/rgb/000592.png,5163,tool,partial_occlusion;reflective_metal,0.4962015934778581,0.6800422386483632,0.9628202319145203,0.3899373116997594,2.564514782237539,cuda,18
SAM2.1-Tiny,auto,test,data/cogar_sim_500_final/rgb/000592.png,5164,connector,partial_occlusion;small_parts,0.8941076003415884,0.8464606244871737,0.8278205990791321,0.3899373116997594,2.564514782237539,cuda,18
SAM2.1-Tiny,auto,test,data/cogar_sim_500_final/rgb/000592.png,5165,plastic_object,partial_occlusion,0.37318840579710144,0.500281690140845,0.9045373797416687,0.3899373116997594,2.564514782237539,cuda,18
SAM2.1-Tiny,auto,test,data/cogar_sim_500_final/rgb/000592.png,5166,glass_object,partial_occlusion;transparent_glass,0.7093547754461659,0.7044666848397524,0.9285162687301636,0.3899373116997594,2.564514782237539,cuda,18
SAM2.1-Tiny,auto,test,data/cogar_sim_500_final/rgb/000592.png,5167,box,partial_occlusion,0.9901728844404004,1.0,0.9781635999679565,0.3899373116997594,2.564514782237539,cuda,18
SAM2.1-Tiny,auto,test,data/cogar_sim_500_final/rgb/000592.png,5168,robot_gripper,partial_occlusion,0.0970394156462825,0.39260048663636193,0.8853808045387268,0.3899373116997594,2.564514782237539,cuda,18
SAM2.1-Tiny,auto,test,data/cogar_sim_500_final/rgb/000592.png,5169,robot_gripper,partial_occlusion,0.7237806419004296,0.7833572453371592,0.9229331612586975,0.3899373116997594,2.564514782237539,cuda,18
SAM2.1-Tiny,auto,test,data/cogar_sim_500_final/rgb/000592.png,5170,robot_gripper,partial_occlusion,0.42330796956347616,0.6275303643724697,0.8891091346740723,0.3899373116997594,2.564514782237539,cuda,18
SAM2.1-Tiny,auto,test,data/cogar_sim_500_final/rgb/000593.png,5173,box,small_parts,0.9827525929378861,1.0,0.9737170934677124,0.3494360203635138,2.8617542031291245,cuda,10
SAM2.1-Tiny,auto,test,data/cogar_sim_500_final/rgb/000593.png,5174,screw,small_parts,0.003543307086614173,0.12154842119170302,0.9672818779945374,0.3494360203635138,2.8617542031291245,cuda,10
SAM2.1-Tiny,auto,test,data/cogar_sim_500_final/rgb/000593.png,5175,connector,small_parts,0.9837807606263982,1.0,0.9686672687530518,0.3494360203635138,2.8617542031291245,cuda,10
SAM2.1-Tiny,auto,test,data/cogar_sim_500_final/rgb/000593.png,5176,metal_part,small_parts;reflective_metal,0.926954732510288,1.0,0.8032394647598267,0.3494360203635138,2.8617542031291245,cuda,10
SAM2.1-Tiny,auto,test,data/cogar_sim_500_final/rgb/000593.png,5177,connector,small_parts,0.6769732753262896,0.7510852770215584,0.9716182351112366,0.3494360203635138,2.8617542031291245,cuda,10
SAM2.1-Tiny,auto,test,data/cogar_sim_500_final/rgb/000593.png,5178,screw,small_parts,0.0,0.0,0.990086019039154,0.3494360203635138,2.8617542031291245,cuda,10
SAM2.1-Tiny,auto,test,data/cogar_sim_500_final/rgb/000593.png,5179,screw,small_parts,0.0,0.0,0.990086019039154,0.3494360203635138,2.8617542031291245,cuda,10
SAM2.1-Tiny,auto,test,data/cogar_sim_500_final/rgb/000593.png,5180,connector,small_parts,0.30355472404115996,0.5399751464583703,0.9716182351112366,0.3494360203635138,2.8617542031291245,cuda,10
SAM2.1-Tiny,auto,test,data/cogar_sim_500_final/rgb/000593.png,5181,connector,small_parts,0.9631298648095044,1.0,0.9672818779945374,0.3494360203635138,2.8617542031291245,cuda,10
SAM2.1-Tiny,auto,test,data/cogar_sim_500_final/rgb/000593.png,5182,metal_part,small_parts;reflective_metal,0.0026114530871106136,0.2681164817159455,0.8032394647598267,0.3494360203635138,2.8617542031291245,cuda,10
SAM2.1-Tiny,auto,test,data/cogar_sim_500_final/rgb/000593.png,5183,screw,small_parts,0.0,0.0,0.990086019039154,0.3494360203635138,2.8617542031291245,cuda,10
SAM2.1-Tiny,auto,test,data/cogar_sim_500_final/rgb/000594.png,5186,connector,dynamic_scene;partial_occlusion;small_parts,0.9809725158562368,1.0,0.9751758575439453,0.4549337297503371,2.1981223519056052,cuda,14
SAM2.1-Tiny,auto,test,data/cogar_sim_500_final/rgb/000594.png,5187,plastic_object,dynamic_scene;partial_occlusion,0.9826355079519636,1.0,0.976976215839386,0.4549337297503371,2.1981223519056052,cuda,14
SAM2.1-Tiny,auto,test,data/cogar_sim_500_final/rgb/000594.png,5188,tool,dynamic_scene;reflective_metal;partial_occlusion,0.9613565954671449,0.9982174688057042,0.9547327160835266,0.4549337297503371,2.1981223519056052,cuda,14
SAM2.1-Tiny,auto,test,data/cogar_sim_500_final/rgb/000594.png,5189,plastic_object,dynamic_scene;partial_occlusion,0.9883540372670807,1.0,0.9777132868766785,0.4549337297503371,2.1981223519056052,cuda,14
SAM2.1-Tiny,auto,test,data/cogar_sim_500_final/rgb/000594.png,5190,plastic_object,dynamic_scene;partial_occlusion,0.9841580633677466,1.0,0.9880059361457825,0.4549337297503371,2.1981223519056052,cuda,14
SAM2.1-Tiny,auto,test,data/cogar_sim_500_final/rgb/000594.png,5191,robot_gripper,dynamic_scene;partial_occlusion,0.8157719080766663,0.7048154449293588,0.9843413233757019,0.4549337297503371,2.1981223519056052,cuda,14
SAM2.1-Tiny,auto,test,data/cogar_sim_500_final/rgb/000594.png,5192,robot_gripper,dynamic_scene;partial_occlusion,0.10892230817277664,0.2968437061551479,0.9843413233757019,0.4549337297503371,2.1981223519056052,cuda,14
SAM2.1-Tiny,auto,test,data/cogar_sim_500_final/rgb/000594.png,5193,robot_gripper,dynamic_scene;partial_occlusion,0.621676891615542,0.7419459811259355,0.8655072450637817,0.4549337297503371,2.1981223519056052,cuda,14
SAM2.1-Tiny,auto,test,data/cogar_sim_500_final/rgb/000595.png,5195,tool,reflective_metal;partial_occlusion,0.764196054991034,0.7837389075330956,0.9170931577682495,0.44380256088900044,2.2532542353898455,cuda,16
SAM2.1-Tiny,auto,test,data/cogar_sim_500_final/rgb/000595.png,5196,tool,reflective_metal;partial_occlusion,0.6286334056399132,0.5418707944139004,0.858719527721405,0.44380256088900044,2.2532542353898455,cuda,16
SAM2.1-Tiny,auto,test,data/cogar_sim_500_final/rgb/000595.png,5197,box,reflective_metal;partial_occlusion,0.9195714578634406,0.7955256579662393,0.9658846855163574,0.44380256088900044,2.2532542353898455,cuda,16
SAM2.1-Tiny,auto,test,data/cogar_sim_500_final/rgb/000595.png,5198,metal_part,reflective_metal;partial_occlusion,0.9660724554341575,1.0,0.8653855323791504,0.44380256088900044,2.2532542353898455,cuda,16
SAM2.1-Tiny,auto,test,data/cogar_sim_500_final/rgb/000595.png,5199,box,reflective_metal;partial_occlusion,0.00963855421686747,0.12228557563993693,0.9658846855163574,0.44380256088900044,2.2532542353898455,cuda,16
SAM2.1-Tiny,auto,test,data/cogar_sim_500_final/rgb/000595.png,5200,box,reflective_metal;partial_occlusion,0.9802924348378894,0.9926813040585496,0.9851745963096619,0.44380256088900044,2.2532542353898455,cuda,16
SAM2.1-Tiny,auto,test,data/cogar_sim_500_final/rgb/000595.png,5201,robot_gripper,reflective_metal;partial_occlusion,0.8220934386535943,0.779050654467706,0.9264504909515381,0.44380256088900044,2.2532542353898455,cuda,16
SAM2.1-Tiny,auto,test,data/cogar_sim_500_final/rgb/000595.png,5202,robot_gripper,reflective_metal;partial_occlusion,0.940552016985138,0.9475950601234968,0.8951638340950012,0.44380256088900044,2.2532542353898455,cuda,16
SAM2.1-Tiny,auto,test,data/cogar_sim_500_final/rgb/000595.png,5203,robot_gripper,reflective_metal;partial_occlusion,0.08319877280800904,0.08803506481395132,0.9264504909515381,0.44380256088900044,2.2532542353898455,cuda,16
SAM2.1-Tiny,auto,test,data/cogar_sim_500_final/rgb/000596.png,5206,cable,transparent_glass;partial_occlusion,0.9477652127086699,1.0,0.9074768424034119,0.45185961550032516,2.2130767293570637,cuda,14
SAM2.1-Tiny,auto,test,data/cogar_sim_500_final/rgb/000596.png,5207,cable,transparent_glass;partial_occlusion,0.01059361582975546,0.18771292300704065,0.9097318053245544,0.45185961550032516,2.2130767293570637,cuda,14
SAM2.1-Tiny,auto,test,data/cogar_sim_500_final/rgb/000596.png,5208,plastic_object,transparent_glass;partial_occlusion,0.9702179176755448,1.0,0.9697320461273193,0.45185961550032516,2.2130767293570637,cuda,14
SAM2.1-Tiny,auto,test,data/cogar_sim_500_final/rgb/000596.png,5209,box,transparent_glass;partial_occlusion,0.9758540009358915,0.9440879926672777,0.9692341089248657,0.45185961550032516,2.2130767293570637,cuda,14
SAM2.1-Tiny,auto,test,data/cogar_sim_500_final/rgb/000596.png,5210,glass_object,transparent_glass;partial_occlusion,0.9699594544784371,0.944942135484374,0.876405656337738,0.45185961550032516,2.2130767293570637,cuda,14
SAM2.1-Tiny,auto,test,data/cogar_sim_500_final/rgb/000596.png,5211,robot_gripper,transparent_glass;partial_occlusion,0.7603646122524523,0.6473584591798657,0.9097318053245544,0.45185961550032516,2.2130767293570637,cuda,14
SAM2.1-Tiny,auto,test,data/cogar_sim_500_final/rgb/000596.png,5212,robot_gripper,transparent_glass;partial_occlusion,0.6979166666666666,0.7474048442906575,0.9156322479248047,0.45185961550032516,2.2130767293570637,cuda,14
SAM2.1-Tiny,auto,test,data/cogar_sim_500_final/rgb/000596.png,5213,robot_gripper,transparent_glass;partial_occlusion,0.9592161016949152,0.9956521739130434,0.9307374358177185,0.45185961550032516,2.2130767293570637,cuda,14
SAM2.1-Tiny,auto,test,data/cogar_sim_500_final/rgb/000597.png,5216,plastic_object,partial_occlusion,0.9726171669299631,0.9902022541599232,0.9666052460670471,0.35483869349991437,2.818181946665975,cuda,15
SAM2.1-Tiny,auto,test,data/cogar_sim_500_final/rgb/000597.png,5217,tool,partial_occlusion;reflective_metal,0.9533360622185837,1.0,0.933340847492218,0.35483869349991437,2.818181946665975,cuda,15
SAM2.1-Tiny,auto,test,data/cogar_sim_500_final/rgb/000597.png,5218,glass_object,partial_occlusion;transparent_glass,0.9925250221715444,1.0,0.9620273113250732,0.35483869349991437,2.818181946665975,cuda,15
SAM2.1-Tiny,auto,test,data/cogar_sim_500_final/rgb/000597.png,5219,glass_object,partial_occlusion;transparent_glass,0.29373398555788494,0.4733809203318972,0.8406086564064026,0.35483869349991437,2.818181946665975,cuda,15
SAM2.1-Tiny,auto,test,data/cogar_sim_500_final/rgb/000597.png,5220,box,partial_occlusion,0.9929241978422306,1.0,0.9557406306266785,0.35483869349991437,2.818181946665975,cuda,15
SAM2.1-Tiny,auto,test,data/cogar_sim_500_final/rgb/000597.png,5221,connector,partial_occlusion;small_parts,0.9798615481434865,1.0,0.978905439376831,0.35483869349991437,2.818181946665975,cuda,15
SAM2.1-Tiny,auto,test,data/cogar_sim_500_final/rgb/000597.png,5222,screw,partial_occlusion;small_parts,0.8705357142857143,1.0,0.8379025459289551,0.35483869349991437,2.818181946665975,cuda,15
SAM2.1-Tiny,auto,test,data/cogar_sim_500_final/rgb/000597.png,5223,robot_gripper,partial_occlusion,0.00033027616168288405,0.1262305980287308,0.8358325958251953,0.35483869349991437,2.818181946665975,cuda,15
SAM2.1-Tiny,auto,test,data/cogar_sim_500_final/rgb/000597.png,5224,robot_gripper,partial_occlusion,0.0001523383943533235,0.14035946379530684,0.8208351731300354,0.35483869349991437,2.818181946665975,cuda,15
SAM2.1-Tiny,auto,test,data/cogar_sim_500_final/rgb/000597.png,5225,robot_gripper,partial_occlusion,0.0,0.0,0.9835689663887024,0.35483869349991437,2.818181946665975,cuda,15
SAM2.1-Tiny,auto,test,data/cogar_sim_500_final/rgb/000598.png,5229,metal_part,small_parts;reflective_metal,0.9866524292578751,1.0,0.9805724620819092,0.48624811275021784,2.056563251925037,cuda,11
SAM2.1-Tiny,auto,test,data/cogar_sim_500_final/rgb/000598.png,5230,plastic_object,small_parts,0.9770114942528736,1.0,0.9695203304290771,0.48624811275021784,2.056563251925037,cuda,11
SAM2.1-Tiny,auto,test,data/cogar_sim_500_final/rgb/000598.png,5231,cable,small_parts,0.8811111111111111,0.9076923076923077,0.8905274868011475,0.48624811275021784,2.056563251925037,cuda,11
SAM2.1-Tiny,auto,test,data/cogar_sim_500_final/rgb/000598.png,5232,box,small_parts,0.9920764218009479,1.0,0.9841746687889099,0.48624811275021784,2.056563251925037,cuda,11
SAM2.1-Tiny,auto,test,data/cogar_sim_500_final/rgb/000598.png,5233,cable,small_parts,0.929735234215886,1.0,0.9670900702476501,0.48624811275021784,2.056563251925037,cuda,11
SAM2.1-Tiny,auto,test,data/cogar_sim_500_final/rgb/000598.png,5234,connector,small_parts,0.9309637730690362,1.0,0.9716295003890991,0.48624811275021784,2.056563251925037,cuda,11
SAM2.1-Tiny,auto,test,data/cogar_sim_500_final/rgb/000598.png,5235,plastic_object,small_parts,0.9829007004532344,0.9955156950672646,0.9510188102722168,0.48624811275021784,2.056563251925037,cuda,11
SAM2.1-Tiny,auto,test,data/cogar_sim_500_final/rgb/000598.png,5236,connector,small_parts,0.0005402485143165856,0.3006725570354741,0.8905274868011475,0.48624811275021784,2.056563251925037,cuda,11
SAM2.1-Tiny,auto,test,data/cogar_sim_500_final/rgb/000599.png,5239,glass_object,dynamic_scene;transparent_glass;partial_occlusion,0.3679594768277009,0.5230439442658092,0.8486078977584839,0.6419386438331761,1.5577812764608623,cuda,12
SAM2.1-Tiny,auto,test,data/cogar_sim_500_final/rgb/000599.png,5240,plastic_object,dynamic_scene;partial_occlusion,0.9734054541356773,0.9522342064714947,0.9579771161079407,0.6419386438331761,1.5577812764608623,cuda,12
SAM2.1-Tiny,auto,test,data/cogar_sim_500_final/rgb/000599.png,5241,connector,dynamic_scene;partial_occlusion;small_parts,0.9774755631109222,1.0,0.9636127948760986,0.6419386438331761,1.5577812764608623,cuda,12
SAM2.1-Tiny,auto,test,data/cogar_sim_500_final/rgb/000599.png,5242,robot_gripper,dynamic_scene;partial_occlusion,0.6547498991528842,0.5382955077748285,0.9407848715782166,0.6419386438331761,1.5577812764608623,cuda,12
SAM2.1-Tiny,auto,test,data/cogar_sim_500_final/rgb/000599.png,5243,robot_gripper,dynamic_scene;partial_occlusion,0.9590200445434298,1.0,0.9676094651222229,0.6419386438331761,1.5577812764608623,cuda,12
SAM2.1-Tiny,auto,test,data/cogar_sim_500_final/rgb/000599.png,5244,robot_gripper,dynamic_scene;partial_occlusion,0.9715678310316815,1.0,0.9766483902931213,0.6419386438331761,1.5577812764608623,cuda,12
SAM2.1-Tiny,auto,test,data/cogar_sim_500_final/rgb/000600.png,5247,tool,reflective_metal,0.639501686997145,0.7669322709163346,0.9497153759002686,0.4850941598751888,2.0614554507464957,cuda,13
SAM2.1-Tiny,auto,test,data/cogar_sim_500_final/rgb/000600.png,5248,metal_part,reflective_metal,0.0009520076160609284,0.19489248810067883,0.8493450880050659,0.4850941598751888,2.0614554507464957,cuda,13
SAM2.1-Tiny,auto,test,data/cogar_sim_500_final/rgb/000600.png,5249,box,reflective_metal,0.17918645231420563,0.4121601278073059,0.8493450880050659,0.4850941598751888,2.0614554507464957,cuda,13
SAM2.1-Tiny,auto,test,data/cogar_sim_500_final/rgb/000600.png,5250,box,reflective_metal,0.9859600553687957,1.0,0.9597423672676086,0.4850941598751888,2.0614554507464957,cuda,13
SAM2.1-Tiny,auto,test,data/cogar_sim_500_final/rgb/000600.png,5251,metal_part,reflective_metal,0.9477015323117921,0.8970835299669655,0.9014793634414673,0.4850941598751888,2.0614554507464957,cuda,13
SAM2.1-Tiny,auto,test,data/cogar_sim_500_final/rgb/000600.png,5252,metal_part,reflective_metal,0.972176759410802,0.9705372616984402,0.9256263375282288,0.4850941598751888,2.0614554507464957,cuda,13
SAM2.1-Tiny,auto,test,data/cogar_sim_500_final/rgb/000600.png,5253,box,reflective_metal,0.8144228544991904,0.6924841317876375,0.8487351536750793,0.4850941598751888,2.0614554507464957,cuda,13
SAM2.1-Tiny,auto,test,data/cogar_sim_500_final/rgb/000600.png,5254,metal_part,reflective_metal,0.9687869073730386,0.9900426742532006,0.9392080307006836,0.4850941598751888,2.0614554507464957,cuda,13
SAM2.1-Tiny,auto,test,data/cogar_sim_500_final/rgb/000601.png,5257,plastic_object,transparent_glass;partial_occlusion,0.9770852428964253,1.0,0.9789553880691528,0.4711600662218795,2.1224209598635175,cuda,13
SAM2.1-Tiny,auto,test,data/cogar_sim_500_final/rgb/000601.png,5258,plastic_object,transparent_glass;partial_occlusion,0.9641943734015346,1.0,0.9696438312530518,0.4711600662218795,2.1224209598635175,cuda,13
SAM2.1-Tiny,auto,test,data/cogar_sim_500_final/rgb/000601.png,5259,glass_object,transparent_glass;partial_occlusion,0.6185048608783105,0.5048017937978593,0.8212277293205261,0.4711600662218795,2.1224209598635175,cuda,13
SAM2.1-Tiny,auto,test,data/cogar_sim_500_final/rgb/000601.png,5260,box,transparent_glass;partial_occlusion,0.9851996105160662,0.9913473423980221,0.8498214483261108,0.4711600662218795,2.1224209598635175,cuda,13
SAM2.1-Tiny,auto,test,data/cogar_sim_500_final/rgb/000601.png,5261,glass_object,transparent_glass;partial_occlusion,0.9787601078167116,0.9775467598312813,0.9258219599723816,0.4711600662218795,2.1224209598635175,cuda,13
SAM2.1-Tiny,auto,test,data/cogar_sim_500_final/rgb/000601.png,5262,plastic_object,transparent_glass;partial_occlusion,0.9929252537680714,1.0,0.9808564186096191,0.4711600662218795,2.1224209598635175,cuda,13
SAM2.1-Tiny,auto,test,data/cogar_sim_500_final/rgb/000601.png,5263,robot_gripper,transparent_glass;partial_occlusion,0.9604962815698402,0.8755099159074786,0.972167432308197,0.4711600662218795,2.1224209598635175,cuda,13
SAM2.1-Tiny,auto,test,data/cogar_sim_500_final/rgb/000601.png,5264,robot_gripper,transparent_glass;partial_occlusion,0.9227941176470589,1.0,0.832417368888855,0.4711600662218795,2.1224209598635175,cuda,13
SAM2.1-Tiny,auto,test,data/cogar_sim_500_final/rgb/000601.png,5265,robot_gripper,transparent_glass;partial_occlusion,0.9315610859728507,0.9788135593220338,0.925772488117218,0.4711600662218795,2.1224209598635175,cuda,13
SAM2.1-Tiny,auto,test,data/cogar_sim_500_final/rgb/000602.png,5268,plastic_object,partial_occlusion,0.9935336629897299,1.0,0.9882130026817322,0.363573217800149,2.750477623326165,cuda,13
SAM2.1-Tiny,auto,test,data/cogar_sim_500_final/rgb/000602.png,5269,box,partial_occlusion,0.9804886623308139,0.9977827050997783,0.9731827974319458,0.363573217800149,2.750477623326165,cuda,13
SAM2.1-Tiny,auto,test,data/cogar_sim_500_final/rgb/000602.png,5270,plastic_object,partial_occlusion,0.9851742031134173,1.0,0.9822115302085876,0.363573217800149,2.750477623326165,cuda,13
SAM2.1-Tiny,auto,test,data/cogar_sim_500_final/rgb/000602.png,5271,box,partial_occlusion,0.9720948012232415,0.9666666666666666,0.9471418261528015,0.363573217800149,2.750477623326165,cuda,13
SAM2.1-Tiny,auto,test,data/cogar_sim_500_final/rgb/000602.png,5272,connector,partial_occlusion;small_parts,0.9744408945686901,1.0,0.8063077926635742,0.363573217800149,2.750477623326165,cuda,13
SAM2.1-Tiny,auto,test,data/cogar_sim_500_final/rgb/000602.png,5273,tool,partial_occlusion;reflective_metal,0.9626980071538068,0.9987937273823884,0.9060253500938416,0.363573217800149,2.750477623326165,cuda,13
SAM2.1-Tiny,auto,test,data/cogar_sim_500_final/rgb/000602.png,5274,screw,partial_occlusion;small_parts,0.0,0.0,0.9912113547325134,0.363573217800149,2.750477623326165,cuda,13
SAM2.1-Tiny,auto,test,data/cogar_sim_500_final/rgb/000602.png,5275,robot_gripper,partial_occlusion,0.8116602832998967,0.7781155015197568,0.9340541958808899,0.363573217800149,2.750477623326165,cuda,13
SAM2.1-Tiny,auto,test,data/cogar_sim_500_final/rgb/000602.png,5276,robot_gripper,partial_occlusion,0.08312186668317138,0.11566407017084505,0.9340541958808899,0.363573217800149,2.750477623326165,cuda,13
SAM2.1-Tiny,auto,test,data/cogar_sim_500_final/rgb/000602.png,5277,robot_gripper,partial_occlusion,0.08808765915768854,0.2602094857008356,0.9340541958808899,0.363573217800149,2.750477623326165,cuda,13
SAM2.1-Tiny,auto,test,data/cogar_sim_500_final/rgb/000603.png,5280,screw,small_parts,0.0,0.026586505597453968,0.9859805107116699,0.4011536796002474,2.4928102391993696,cuda,13
SAM2.1-Tiny,auto,test,data/cogar_sim_500_final/rgb/000603.png,5281,tool,small_parts;reflective_metal,0.7533962533962534,0.8452721765613226,0.8801726698875427,0.4011536796002474,2.4928102391993696,cuda,13
SAM2.1-Tiny,auto,test,data/cogar_sim_500_final/rgb/000603.png,5282,metal_part,small_parts;reflective_metal,0.9366952789699571,0.9777777777777777,0.9643110036849976,0.4011536796002474,2.4928102391993696,cuda,13
SAM2.1-Tiny,auto,test,data/cogar_sim_500_final/rgb/000603.png,5283,screw,small_parts,0.014360313315926894,0.2424465281608139,0.9628761410713196,0.4011536796002474,2.4928102391993696,cuda,13
SAM2.1-Tiny,auto,test,data/cogar_sim_500_final/rgb/000603.png,5284,connector,small_parts,0.9763853904282116,1.0,0.9676737785339355,0.4011536796002474,2.4928102391993696,cuda,13
SAM2.1-Tiny,auto,test,data/cogar_sim_500_final/rgb/000603.png,5285,screw,small_parts,0.9424920127795527,1.0,0.8865737915039062,0.4011536796002474,2.4928102391993696,cuda,13
SAM2.1-Tiny,auto,test,data/cogar_sim_500_final/rgb/000603.png,5286,connector,small_parts,0.9518716577540107,0.9891304347826088,0.9628761410713196,0.4011536796002474,2.4928102391993696,cuda,13
SAM2.1-Tiny,auto,test,data/cogar_sim_500_final/rgb/000603.png,5287,cable,small_parts,0.9561466570812365,1.0,0.9676594734191895,0.4011536796002474,2.4928102391993696,cuda,13
SAM2.1-Tiny,auto,test,data/cogar_sim_500_final/rgb/000603.png,5288,connector,small_parts,0.9677301063439677,1.0,0.9726616740226746,0.4011536796002474,2.4928102391993696,cuda,13
SAM2.1-Tiny,auto,test,data/cogar_sim_500_final/rgb/000603.png,5289,metal_part,small_parts;reflective_metal,0.9750922509225092,1.0,0.863533079624176,0.4011536796002474,2.4928102391993696,cuda,13
SAM2.1-Tiny,auto,test,data/cogar_sim_500_final/rgb/000604.png,5292,glass_object,dynamic_scene;transparent_glass;partial_occlusion,0.9432029795158287,0.9373180167582225,0.9650148749351501,0.4648199303755973,2.1513707452086894,cuda,11
SAM2.1-Tiny,auto,test,data/cogar_sim_500_final/rgb/000604.png,5293,plastic_object,dynamic_scene;partial_occlusion,0.9820821748532592,1.0,0.967074453830719,0.4648199303755973,2.1513707452086894,cuda,11
SAM2.1-Tiny,auto,test,data/cogar_sim_500_final/rgb/000604.png,5294,plastic_object,dynamic_scene;partial_occlusion,0.9928558344019051,1.0,0.9880714416503906,0.4648199303755973,2.1513707452086894,cuda,11
SAM2.1-Tiny,auto,test,data/cogar_sim_500_final/rgb/000604.png,5295,connector,dynamic_scene;partial_occlusion;small_parts,0.015529141104294479,0.11458133742096187,0.9650148749351501,0.4648199303755973,2.1513707452086894,cuda,11
SAM2.1-Tiny,auto,test,data/cogar_sim_500_final/rgb/000604.png,5296,glass_object,dynamic_scene;transparent_glass;partial_occlusion,0.9917766130489789,1.0,0.9590045213699341,0.4648199303755973,2.1513707452086894,cuda,11
SAM2.1-Tiny,auto,test,data/cogar_sim_500_final/rgb/000604.png,5297,robot_gripper,dynamic_scene;partial_occlusion,0.0036063110443275734,0.11032791909285934,0.8652699589729309,0.4648199303755973,2.1513707452086894,cuda,11
SAM2.1-Tiny,auto,test,data/cogar_sim_500_final/rgb/000604.png,5298,robot_gripper,dynamic_scene;partial_occlusion,0.759493670886076,0.7699757869249395,0.8117762207984924,0.4648199303755973,2.1513707452086894,cuda,11
SAM2.1-Tiny,auto,test,data/cogar_sim_500_final/rgb/000604.png,5299,robot_gripper,dynamic_scene;partial_occlusion,0.7572433192686358,0.7623348566121293,0.8652699589729309,0.4648199303755973,2.1513707452086894,cuda,11
SAM2.1-Tiny,auto,test,data/cogar_sim_500_final/rgb/000605.png,5301,metal_part,reflective_metal,0.9653297076818491,1.0,0.9476274847984314,0.40068684259967996,2.4957145922534933,cuda,14
SAM2.1-Tiny,auto,test,data/cogar_sim_500_final/rgb/000605.png,5302,metal_part,reflective_metal,0.9677318295739349,1.0,0.9469226598739624,0.40068684259967996,2.4957145922534933,cuda,14
SAM2.1-Tiny,auto,test,data/cogar_sim_500_final/rgb/000605.png,5303,metal_part,reflective_metal,0.9736737136019147,0.9913043478260869,0.9078104496002197,0.40068684259967996,2.4957145922534933,cuda,14
SAM2.1-Tiny,auto,test,data/cogar_sim_500_final/rgb/000605.png,5304,tool,reflective_metal,0.8959397687550417,0.8579795021961933,0.9112118482589722,0.40068684259967996,2.4957145922534933,cuda,14
SAM2.1-Tiny,auto,test,data/cogar_sim_500_final/rgb/000605.png,5305,tool,reflective_metal,0.9730603448275862,1.0,0.8894380927085876,0.40068684259967996,2.4957145922534933,cuda,14
SAM2.1-Tiny,auto,test,data/cogar_sim_500_final/rgb/000605.png,5306,plastic_object,reflective_metal,0.9855731739017416,1.0,0.9260212779045105,0.40068684259967996,2.4957145922534933,cuda,14
SAM2.1-Tiny,auto,test,data/cogar_sim_500_final/rgb/000605.png,5307,metal_part,reflective_metal,0.825653798256538,0.8313417860074797,0.8975211977958679,0.40068684259967996,2.4957145922534933,cuda,14
SAM2.1-Tiny,auto,test,data/cogar_sim_500_final/rgb/000605.png,5308,tool,reflective_metal,0.5881781061637177,0.7020148462354189,0.9479331970214844,0.40068684259967996,2.4957145922534933,cuda,14
SAM2.1-Tiny,auto,test,data/cogar_sim_500_final/rgb/000605.png,5309,cable,reflective_metal,0.5103366804489072,0.4662061908416475,0.8210265636444092,0.40068684259967996,2.4957145922534933,cuda,14
SAM2.1-Tiny,auto,test,data/cogar_sim_500_final/rgb/000605.png,5310,metal_part,reflective_metal,0.9766536964980544,1.0,0.9815977811813354,0.40068684259967996,2.4957145922534933,cuda,14
SAM2.1-Tiny,auto,test,data/cogar_sim_500_final/rgb/000606.png,5312,metal_part,transparent_glass;reflective_metal,0.9838100377765785,1.0,0.9672834277153015,0.6027484258338518,1.6590669625002903,cuda,13
SAM2.1-Tiny,auto,test,data/cogar_sim_500_final/rgb/000606.png,5313,cable,transparent_glass,0.00016350555918901244,0.05094814698245338,0.8348658084869385,0.6027484258338518,1.6590669625002903,cuda,13
SAM2.1-Tiny,auto,test,data/cogar_sim_500_final/rgb/000606.png,5314,glass_object,transparent_glass,0.9842375366568915,1.0,0.8348658084869385,0.6027484258338518,1.6590669625002903,cuda,13
SAM2.1-Tiny,auto,test,data/cogar_sim_500_final/rgb/000606.png,5315,plastic_object,transparent_glass,0.9925570228091236,1.0,0.9736794829368591,0.6027484258338518,1.6590669625002903,cuda,13
SAM2.1-Tiny,auto,test,data/cogar_sim_500_final/rgb/000606.png,5316,glass_object,transparent_glass,0.7399519942801696,0.6819672131147542,0.8033332228660583,0.6027484258338518,1.6590669625002903,cuda,13
SAM2.1-Tiny,auto,test,data/cogar_sim_500_final/rgb/000606.png,5317,box,transparent_glass,0.24989781320253424,0.4388356923376671,0.8033332228660583,0.6027484258338518,1.6590669625002903,cuda,13
SAM2.1-Tiny,auto,test,data/cogar_sim_500_final/rgb/000609.png,5324,cable,dynamic_scene,0.0,0.0,0.9930118918418884,0.5589251394287983,1.789148366133548,cuda,10
SAM2.1-Tiny,auto,test,data/cogar_sim_500_final/rgb/000609.png,5325,box,dynamic_scene,0.9939523096417463,1.0,0.9761905074119568,0.5589251394287983,1.789148366133548,cuda,10
SAM2.1-Tiny,auto,test,data/cogar_sim_500_final/rgb/000609.png,5326,plastic_object,dynamic_scene,0.9351535836177475,1.0,0.9143456220626831,0.5589251394287983,1.789148366133548,cuda,10
SAM2.1-Tiny,auto,test,data/cogar_sim_500_final/rgb/000609.png,5327,tool,dynamic_scene;reflective_metal,0.0037641154328732747,0.21476510067114093,0.9143456220626831,0.5589251394287983,1.789148366133548,cuda,10
SAM2.1-Tiny,auto,test,data/cogar_sim_500_final/rgb/000609.png,5328,plastic_object,dynamic_scene,0.9823237338629592,1.0,0.9862732291221619,0.5589251394287983,1.789148366133548,cuda,10
SAM2.1-Tiny,auto,test,data/cogar_sim_500_final/rgb/000609.png,5329,metal_part,dynamic_scene;reflective_metal,0.9703491152558584,1.0,0.9354450106620789,0.5589251394287983,1.789148366133548,cuda,10
SAM2.1-Tiny,auto,test,data/cogar_sim_500_final/rgb/000609.png,5330,plastic_object,dynamic_scene,0.012363290537327628,0.3161512027491409,0.9143456220626831,0.5589251394287983,1.789148366133548,cuda,10
SAM2.1-Tiny,auto,test,data/cogar_sim_500_final/rgb/000611.png,5334,glass_object,transparent_glass;partial_occlusion,0.0,0.000550357732526142,0.9868418574333191,0.481324688249515,2.0775996420146385,cuda,7
SAM2.1-Tiny,auto,test,data/cogar_sim_500_final/rgb/000611.png,5335,glass_object,transparent_glass;partial_occlusion,0.9317807574688308,0.864283566997349,0.8895924091339111,0.481324688249515,2.0775996420146385,cuda,7
SAM2.1-Tiny,auto,test,data/cogar_sim_500_final/rgb/000611.png,5336,tool,transparent_glass;reflective_metal;partial_occlusion,0.8522386851267104,0.6521483225426722,0.9492907524108887,0.481324688249515,2.0775996420146385,cuda,7
SAM2.1-Tiny,auto,test,data/cogar_sim_500_final/rgb/000611.png,5337,glass_object,transparent_glass;partial_occlusion,0.005471630783870584,0.3509681066566166,0.8895924091339111,0.481324688249515,2.0775996420146385,cuda,7
SAM2.1-Tiny,auto,test,data/cogar_sim_500_final/rgb/000611.png,5338,glass_object,transparent_glass;partial_occlusion,0.0,0.02058589006613543,0.9868418574333191,0.481324688249515,2.0775996420146385,cuda,7
SAM2.1-Tiny,auto,test,data/cogar_sim_500_final/rgb/000611.png,5339,glass_object,transparent_glass;partial_occlusion,0.9728209934395501,0.9583706929678494,0.9104596376419067,0.481324688249515,2.0775996420146385,cuda,7
SAM2.1-Tiny,auto,test,data/cogar_sim_500_final/rgb/000611.png,5340,robot_gripper,transparent_glass;partial_occlusion,0.893331744234551,0.8952629199700743,0.982723593711853,0.481324688249515,2.0775996420146385,cuda,7
SAM2.1-Tiny,auto,test,data/cogar_sim_500_final/rgb/000611.png,5341,robot_gripper,transparent_glass;partial_occlusion,0.09343144942397008,0.2686088295687885,0.982723593711853,0.481324688249515,2.0775996420146385,cuda,7
SAM2.1-Tiny,auto,test,data/cogar_sim_500_final/rgb/000613.png,5345,tool,small_parts;reflective_metal;partial_occlusion,0.8949897589412321,0.8302511856299469,0.9733691215515137,0.3352685586360167,2.982683506226562,cuda,9
SAM2.1-Tiny,auto,test,data/cogar_sim_500_final/rgb/000613.png,5346,cable,small_parts;partial_occlusion,0.010582010582010581,0.33701868089973314,0.9512402415275574,0.3352685586360167,2.982683506226562,cuda,9
SAM2.1-Tiny,auto,test,data/cogar_sim_500_final/rgb/000613.png,5347,cable,small_parts;partial_occlusion,0.06715035504785427,0.39771080386328295,0.9733691215515137,0.3352685586360167,2.982683506226562,cuda,9
SAM2.1-Tiny,auto,test,data/cogar_sim_500_final/rgb/000613.png,5348,connector,small_parts;partial_occlusion,0.9455901711276876,1.0,0.9632154703140259,0.3352685586360167,2.982683506226562,cuda,9
SAM2.1-Tiny,auto,test,data/cogar_sim_500_final/rgb/000613.png,5349,connector,small_parts;partial_occlusion,0.9462599854756718,1.0,0.9512402415275574,0.3352685586360167,2.982683506226562,cuda,9
SAM2.1-Tiny,auto,test,data/cogar_sim_500_final/rgb/000613.png,5350,box,small_parts;partial_occlusion,0.9840871418422922,0.9919737966539305,0.9716468453407288,0.3352685586360167,2.982683506226562,cuda,9
SAM2.1-Tiny,auto,test,data/cogar_sim_500_final/rgb/000613.png,5351,screw,small_parts;partial_occlusion,0.7751004016064257,0.8166533226581264,0.9407125115394592,0.3352685586360167,2.982683506226562,cuda,9
SAM2.1-Tiny,auto,test,data/cogar_sim_500_final/rgb/000613.png,5352,connector,small_parts;partial_occlusion,0.8622603430877901,0.7751114886387768,0.9627361297607422,0.3352685586360167,2.982683506226562,cuda,9
SAM2.1-Tiny,auto,test,data/cogar_sim_500_final/rgb/000613.png,5353,robot_gripper,small_parts;partial_occlusion,0.5959635672629578,0.5114138767928644,0.9478280544281006,0.3352685586360167,2.982683506226562,cuda,9
SAM2.1-Tiny,auto,test,data/cogar_sim_500_final/rgb/000613.png,5354,robot_gripper,small_parts;partial_occlusion,0.03147459727385378,0.3588039867109635,0.9478280544281006,0.3352685586360167,2.982683506226562,cuda,9
SAM2.1-Tiny,auto,test,data/cogar_sim_500_final/rgb/000613.png,5355,robot_gripper,small_parts;partial_occlusion,0.362163591879918,0.4135403874341402,0.9478280544281006,0.3352685586360167,2.982683506226562,cuda,9
SAM2.1-Tiny,auto,test,data/cogar_sim_500_final/rgb/000614.png,5357,glass_object,dynamic_scene;transparent_glass,0.9619521912350597,0.8838864532128781,0.9527229070663452,0.4136106720001812,2.4177325869376065,cuda,15
SAM2.1-Tiny,auto,test,data/cogar_sim_500_final/rgb/000614.png,5358,plastic_object,dynamic_scene,0.9804001633319722,1.0,0.9844881296157837,0.4136106720001812,2.4177325869376065,cuda,15
SAM2.1-Tiny,auto,test,data/cogar_sim_500_final/rgb/000614.png,5359,cable,dynamic_scene,0.9359318996415771,0.9450494790303157,0.9310699701309204,0.4136106720001812,2.4177325869376065,cuda,15
SAM2.1-Tiny,auto,test,data/cogar_sim_500_final/rgb/000614.png,5360,connector,dynamic_scene;small_parts,0.9705463182897862,1.0,0.9829480051994324,0.4136106720001812,2.4177325869376065,cuda,15
SAM2.1-Tiny,auto,test,data/cogar_sim_500_final/rgb/000614.png,5361,plastic_object,dynamic_scene,0.9661157024793389,0.9919137466307278,0.9605135917663574,0.4136106720001812,2.4177325869376065,cuda,15
SAM2.1-Tiny,auto,test,data/cogar_sim_500_final/rgb/000614.png,5362,box,dynamic_scene,0.9865246004387339,0.997979797979798,0.9798873662948608,0.4136106720001812,2.4177325869376065,cuda,15
SAM2.1-Tiny,auto,test,data/cogar_sim_500_final/rgb/000614.png,5363,plastic_object,dynamic_scene,0.9892944892944893,1.0,0.9835957288742065,0.4136106720001812,2.4177325869376065,cuda,15
SAM2.1-Tiny,auto,test,data/cogar_sim_500_final/rgb/000614.png,5364,cable,dynamic_scene,0.0004693121969025395,0.08266003729024238,0.9798873662948608,0.4136106720001812,2.4177325869376065,cuda,15
SAM2.1-Tiny,auto,test,data/cogar_sim_500_final/rgb/000614.png,5365,plastic_object,dynamic_scene,0.9896269031286599,1.0,0.9798633456230164,0.4136106720001812,2.4177325869376065,cuda,15
SAM2.1-Tiny,auto,test,data/cogar_sim_500_final/rgb/000615.png,5367,metal_part,reflective_metal,0.9395866454689984,0.9158221302998966,0.9450143575668335,0.49820959599946946,2.0071873525315738,cuda,16
SAM2.1-Tiny,auto,test,data/cogar_sim_500_final/rgb/000615.png,5368,box,reflective_metal,0.4954286231556079,0.5990394411293842,0.8822776675224304,0.49820959599946946,2.0071873525315738,cuda,16
SAM2.1-Tiny,auto,test,data/cogar_sim_500_final/rgb/000615.png,5369,metal_part,reflective_metal,0.00949367088607595,0.26744186046511625,0.9861120581626892,0.49820959599946946,2.0071873525315738,cuda,16
SAM2.1-Tiny,auto,test,data/cogar_sim_500_final/rgb/000615.png,5370,tool,reflective_metal,0.937406985905629,1.0,0.9439862370491028,0.49820959599946946,2.0071873525315738,cuda,16
SAM2.1-Tiny,auto,test,data/cogar_sim_500_final/rgb/000615.png,5371,tool,reflective_metal,0.9456607755209707,0.995732574679943,0.9666632413864136,0.49820959599946946,2.0071873525315738,cuda,16
SAM2.1-Tiny,auto,test,data/cogar_sim_500_final/rgb/000615.png,5372,plastic_object,reflective_metal,0.9677487352445194,0.9983193277310924,0.9861120581626892,0.49820959599946946,2.0071873525315738,cuda,16
SAM2.1-Tiny,auto,test,data/cogar_sim_500_final/rgb/000615.png,5373,tool,reflective_metal,0.006417516043790109,0.13440455608664703,0.9450143575668335,0.49820959599946946,2.0071873525315738,cuda,16
SAM2.1-Tiny,auto,test,data/cogar_sim_500_final/rgb/000615.png,5374,metal_part,reflective_metal,0.9829033260801989,1.0,0.9841561913490295,0.49820959599946946,2.0071873525315738,cuda,16
SAM2.1-Tiny,auto,test,data/cogar_sim_500_final/rgb/000616.png,5377,connector,transparent_glass;partial_occlusion;small_parts,0.8102815177478581,0.591715976331361,0.9363059997558594,0.4093853587997728,2.4426862820199005,cuda,16
SAM2.1-Tiny,auto,test,data/cogar_sim_500_final/rgb/000616.png,5378,plastic_object,transparent_glass;partial_occlusion,0.8615384615384616,0.7774086378737541,0.9543381929397583,0.4093853587997728,2.4426862820199005,cuda,16
SAM2.1-Tiny,auto,test,data/cogar_sim_500_final/rgb/000616.png,5379,glass_object,transparent_glass;partial_occlusion,0.7365547161343406,0.7398818734607588,0.9410144090652466,0.4093853587997728,2.4426862820199005,cuda,16
SAM2.1-Tiny,auto,test,data/cogar_sim_500_final/rgb/000616.png,5380,box,transparent_glass;partial_occlusion,0.8242359738482591,0.8333333333333333,0.9580577611923218,0.4093853587997728,2.4426862820199005,cuda,16
SAM2.1-Tiny,auto,test,data/cogar_sim_500_final/rgb/000616.png,5381,box,transparent_glass;partial_occlusion,0.9632600444030652,0.9256461232604374,0.9847096800804138,0.4093853587997728,2.4426862820199005,cuda,16
SAM2.1-Tiny,auto,test,data/cogar_sim_500_final/rgb/000616.png,5382,box,transparent_glass;partial_occlusion,0.9412762560494936,0.7751834556370913,0.9321422576904297,0.4093853587997728,2.4426862820199005,cuda,16
SAM2.1-Tiny,auto,test,data/cogar_sim_500_final/rgb/000616.png,5383,connector,transparent_glass;partial_occlusion;small_parts,0.953443258971872,1.0,0.9642532467842102,0.4093853587997728,2.4426862820199005,cuda,16
SAM2.1-Tiny,auto,test,data/cogar_sim_500_final/rgb/000616.png,5384,robot_gripper,transparent_glass;partial_occlusion,0.915649725090519,0.8694326732809637,0.9565861225128174,0.4093853587997728,2.4426862820199005,cuda,16
SAM2.1-Tiny,auto,test,data/cogar_sim_500_final/rgb/000616.png,5385,robot_gripper,transparent_glass;partial_occlusion,0.8984105044920525,0.9852475916248977,0.9604791402816772,0.4093853587997728,2.4426862820199005,cuda,16
SAM2.1-Tiny,auto,test,data/cogar_sim_500_final/rgb/000616.png,5386,robot_gripper,transparent_glass;partial_occlusion,0.023844625344529198,0.14074914869466515,0.9136592745780945,0.4093853587997728,2.4426862820199005,cuda,16
SAM2.1-Tiny,auto,test,data/cogar_sim_500_final/rgb/000617.png,5389,tool,partial_occlusion;reflective_metal,0.9871225577264654,1.0,0.9816805124282837,0.34983434863666346,2.8584957534818742,cuda,18
SAM2.1-Tiny,auto,test,data/cogar_sim_500_final/rgb/000617.png,5390,metal_part,partial_occlusion;reflective_metal,0.31530645689937725,0.6005155369232077,0.912998378276825,0.34983434863666346,2.8584957534818742,cuda,18
SAM2.1-Tiny,auto,test,data/cogar_sim_500_final/rgb/000617.png,5391,box,partial_occlusion,0.9907246376811594,1.0,0.9896584153175354,0.34983434863666346,2.8584957534818742,cuda,18
SAM2.1-Tiny,auto,test,data/cogar_sim_500_final/rgb/000617.png,5392,cable,partial_occlusion,0.011396011396011397,0.112419293581466,0.9115522503852844,0.34983434863666346,2.8584957534818742,cuda,18
SAM2.1-Tiny,auto,test,data/cogar_sim_500_final/rgb/000617.png,5393,connector,partial_occlusion;small_parts,0.9773060029282576,1.0,0.9764469861984253,0.34983434863666346,2.8584957534818742,cuda,18
SAM2.1-Tiny,auto,test,data/cogar_sim_500_final/rgb/000617.png,5394,box,partial_occlusion,0.9883323026180169,1.0,0.9877340793609619,0.34983434863666346,2.8584957534818742,cuda,18
SAM2.1-Tiny,auto,test,data/cogar_sim_500_final/rgb/000617.png,5395,metal_part,partial_occlusion;reflective_metal,0.026543974517784463,0.1645872046721529,0.9115522503852844,0.34983434863666346,2.8584957534818742,cuda,18
SAM2.1-Tiny,auto,test,data/cogar_sim_500_final/rgb/000617.png,5396,box,partial_occlusion,0.9890309207116946,1.0,0.9832983613014221,0.34983434863666346,2.8584957534818742,cuda,18
SAM2.1-Tiny,auto,test,data/cogar_sim_500_final/rgb/000617.png,5397,robot_gripper,partial_occlusion,0.5380540349638001,0.4655342161824863,0.9115522503852844,0.34983434863666346,2.8584957534818742,cuda,18
SAM2.1-Tiny,auto,test,data/cogar_sim_500_final/rgb/000617.png,5398,robot_gripper,partial_occlusion,0.06718984216559386,0.34888428279949474,0.9115522503852844,0.34983434863666346,2.8584957534818742,cuda,18
SAM2.1-Tiny,auto,test,data/cogar_sim_500_final/rgb/000617.png,5399,robot_gripper,partial_occlusion,0.16209231865977544,0.07672634271099744,0.9115522503852844,0.34983434863666346,2.8584957534818742,cuda,18
SAM2.1-Tiny,auto,test,data/cogar_sim_500_final/rgb/000618.png,5402,connector,small_parts;partial_occlusion,0.9557324840764331,0.9860139860139859,0.9713160395622253,0.3850692624000658,2.5969354026524583,cuda,9
SAM2.1-Tiny,auto,test,data/cogar_sim_500_final/rgb/000618.png,5403,screw,small_parts;partial_occlusion,0.014430785676109033,0.12007062978222485,0.9201207160949707,0.3850692624000658,2.5969354026524583,cuda,9
SAM2.1-Tiny,auto,test,data/cogar_sim_500_final/rgb/000618.png,5404,screw,small_parts;partial_occlusion,4.929216451752829e-06,0.034745599567110826,0.9704656600952148,0.3850692624000658,2.5969354026524583,cuda,9
SAM2.1-Tiny,auto,test,data/cogar_sim_500_final/rgb/000618.png,5405,plastic_object,small_parts;partial_occlusion,0.9805825242718447,1.0,0.9615443348884583,0.3850692624000658,2.5969354026524583,cuda,9
SAM2.1-Tiny,auto,test,data/cogar_sim_500_final/rgb/000618.png,5406,connector,small_parts;partial_occlusion,0.0,0.0,0.9875827431678772,0.3850692624000658,2.5969354026524583,cuda,9
SAM2.1-Tiny,auto,test,data/cogar_sim_500_final/rgb/000618.png,5407,screw,small_parts;partial_occlusion,0.7153284671532847,0.698235214872693,0.9534608721733093,0.3850692624000658,2.5969354026524583,cuda,9
SAM2.1-Tiny,auto,test,data/cogar_sim_500_final/rgb/000618.png,5408,cable,small_parts;partial_occlusion,0.9094560058415481,0.9603576490795849,0.9201207160949707,0.3850692624000658,2.5969354026524583,cuda,9
SAM2.1-Tiny,auto,test,data/cogar_sim_500_final/rgb/000618.png,5409,robot_gripper,small_parts;partial_occlusion,0.8140361378175153,0.7430564293841285,0.9648563861846924,0.3850692624000658,2.5969354026524583,cuda,9
SAM2.1-Tiny,auto,test,data/cogar_sim_500_final/rgb/000618.png,5410,robot_gripper,small_parts;partial_occlusion,0.9357218124341412,0.9765013054830286,0.9156529307365417,0.3850692624000658,2.5969354026524583,cuda,9
SAM2.1-Tiny,auto,test,data/cogar_sim_500_final/rgb/000618.png,5411,robot_gripper,small_parts;partial_occlusion,0.334375,0.5590551181102362,0.9407374858856201,0.3850692624000658,2.5969354026524583,cuda,9
SAM2.1-Tiny,auto,test,data/cogar_sim_500_final/rgb/000619.png,5414,cable,dynamic_scene;partial_occlusion,0.7960390592765781,0.5310470478498514,0.9656567573547363,0.6344141133328473,1.5762574933060278,cuda,11
SAM2.1-Tiny,auto,test,data/cogar_sim_500_final/rgb/000619.png,5415,plastic_object,dynamic_scene;partial_occlusion,0.9660082682590722,0.976271186440678,0.8648546934127808,0.6344141133328473,1.5762574933060278,cuda,11
SAM2.1-Tiny,auto,test,data/cogar_sim_500_final/rgb/000619.png,5416,plastic_object,dynamic_scene;partial_occlusion,0.985471451402005,0.9755301794453508,0.9844375848770142,0.6344141133328473,1.5762574933060278,cuda,11
SAM2.1-Tiny,auto,test,data/cogar_sim_500_final/rgb/000619.png,5418,robot_gripper,dynamic_scene;partial_occlusion,0.6667925668529989,0.5135142239770355,0.9476585388183594,0.6344141133328473,1.5762574933060278,cuda,11
SAM2.1-Tiny,auto,test,data/cogar_sim_500_final/rgb/000619.png,5419,robot_gripper,dynamic_scene;partial_occlusion,0.028172205438066464,0.24561970995741012,0.9476585388183594,0.6344141133328473,1.5762574933060278,cuda,11
SAM2.1-Tiny,auto,test,data/cogar_sim_500_final/rgb/000619.png,5420,robot_gripper,dynamic_scene;partial_occlusion,0.29786592263026923,0.4467005076142132,0.9476585388183594,0.6344141133328473,1.5762574933060278,cuda,11
SAM2.1-Tiny,auto,test,data/cogar_sim_500_final/rgb/000621.png,5425,tool,transparent_glass;reflective_metal;partial_occlusion,0.9806629834254144,1.0,0.9821755290031433,0.5500376832850244,1.8180572538732938,cuda,9
SAM2.1-Tiny,auto,test,data/cogar_sim_500_final/rgb/000621.png,5426,connector,transparent_glass;partial_occlusion;small_parts,0.9692540322580645,0.9901960784313726,0.9756844639778137,0.5500376832850244,1.8180572538732938,cuda,9
SAM2.1-Tiny,auto,test,data/cogar_sim_500_final/rgb/000621.png,5427,metal_part,transparent_glass;reflective_metal;partial_occlusion,0.19739696312364424,0.33928049137174615,0.9758864641189575,0.5500376832850244,1.8180572538732938,cuda,9
SAM2.1-Tiny,auto,test,data/cogar_sim_500_final/rgb/000621.png,5428,glass_object,transparent_glass;partial_occlusion,0.9865297801077617,0.9477477477477477,0.9223946332931519,0.5500376832850244,1.8180572538732938,cuda,9
SAM2.1-Tiny,auto,test,data/cogar_sim_500_final/rgb/000621.png,5429,robot_gripper,transparent_glass;partial_occlusion,0.5513682189150264,0.5527905484050281,0.9758864641189575,0.5500376832850244,1.8180572538732938,cuda,9
SAM2.1-Tiny,auto,test,data/cogar_sim_500_final/rgb/000621.png,5430,robot_gripper,transparent_glass;partial_occlusion,0.14341894060995183,0.2876502434539821,0.9758864641189575,0.5500376832850244,1.8180572538732938,cuda,9
SAM2.1-Tiny,auto,test,data/cogar_sim_500_final/rgb/000621.png,5431,robot_gripper,transparent_glass;partial_occlusion,0.10113353163437576,0.2618291653288621,0.9758864641189575,0.5500376832850244,1.8180572538732938,cuda,9
SAM2.1-Tiny,auto,test,data/cogar_sim_500_final/rgb/000622.png,5434,connector,partial_occlusion;small_parts,0.9485981308411215,1.0,0.9633741974830627,0.4295998361113662,2.327747629169876,cuda,10
SAM2.1-Tiny,auto,test,data/cogar_sim_500_final/rgb/000622.png,5435,screw,partial_occlusion;small_parts,0.0,0.0,0.9915522933006287,0.4295998361113662,2.327747629169876,cuda,10
SAM2.1-Tiny,auto,test,data/cogar_sim_500_final/rgb/000622.png,5436,plastic_object,partial_occlusion,0.9753475440222428,1.0,0.9831163287162781,0.4295998361113662,2.327747629169876,cuda,10
SAM2.1-Tiny,auto,test,data/cogar_sim_500_final/rgb/000622.png,5437,box,partial_occlusion,0.9874055415617129,1.0,0.9721411466598511,0.4295998361113662,2.327747629169876,cuda,10
SAM2.1-Tiny,auto,test,data/cogar_sim_500_final/rgb/000622.png,5438,metal_part,partial_occlusion;reflective_metal,0.9696285140562249,0.9720279720279721,0.9471349716186523,0.4295998361113662,2.327747629169876,cuda,10
SAM2.1-Tiny,auto,test,data/cogar_sim_500_final/rgb/000622.png,5439,metal_part,partial_occlusion;reflective_metal,0.976170451359686,1.0,0.9742533564567566,0.4295998361113662,2.327747629169876,cuda,10
SAM2.1-Tiny,auto,test,data/cogar_sim_500_final/rgb/000622.png,5440,robot_gripper,partial_occlusion,0.5282214156079855,0.391304347826087,0.9287585020065308,0.4295998361113662,2.327747629169876,cuda,10
SAM2.1-Tiny,auto,test,data/cogar_sim_500_final/rgb/000622.png,5441,robot_gripper,partial_occlusion,0.7644110275689223,0.7119856887298748,0.8582926988601685,0.4295998361113662,2.327747629169876,cuda,10
SAM2.1-Tiny,auto,test,data/cogar_sim_500_final/rgb/000622.png,5442,robot_gripper,partial_occlusion,0.1760007261504947,0.4956037424325812,0.9287585020065308,0.4295998361113662,2.327747629169876,cuda,10
SAM2.1-Tiny,auto,test,data/cogar_sim_500_final/rgb/000623.png,5445,screw,small_parts,0.0,0.0,0.9912219047546387,0.2841620652308428,3.519118567735763,cuda,13
SAM2.1-Tiny,auto,test,data/cogar_sim_500_final/rgb/000623.png,5446,connector,small_parts,0.0024267313795034535,0.044261057255954785,0.9728345274925232,0.2841620652308428,3.519118567735763,cuda,13
SAM2.1-Tiny,auto,test,data/cogar_sim_500_final/rgb/000623.png,5447,plastic_object,small_parts,0.97521750593198,1.0,0.9730724096298218,0.2841620652308428,3.519118567735763,cuda,13
SAM2.1-Tiny,auto,test,data/cogar_sim_500_final/rgb/000623.png,5448,connector,small_parts,0.7951515151515152,0.9182862190812721,0.929168164730072,0.2841620652308428,3.519118567735763,cuda,13
SAM2.1-Tiny,auto,test,data/cogar_sim_500_final/rgb/000623.png,5449,tool,small_parts;reflective_metal,0.9213678516228748,0.9860812704343764,0.9312556982040405,0.2841620652308428,3.519118567735763,cuda,13
SAM2.1-Tiny,auto,test,data/cogar_sim_500_final/rgb/000623.png,5450,cable,small_parts,0.9595319356411507,1.0,0.9135665893554688,0.2841620652308428,3.519118567735763,cuda,13
SAM2.1-Tiny,auto,test,data/cogar_sim_500_final/rgb/000623.png,5451,plastic_object,small_parts,0.9820679130103014,0.9984496124031007,0.9665822982788086,0.2841620652308428,3.519118567735763,cuda,13
SAM2.1-Tiny,auto,test,data/cogar_sim_500_final/rgb/000623.png,5452,screw,small_parts,0.9597701149425287,1.0,0.9149725437164307,0.2841620652308428,3.519118567735763,cuda,13
SAM2.1-Tiny,auto,test,data/cogar_sim_500_final/rgb/000623.png,5453,connector,small_parts,0.002856122813280971,0.34046812442254387,0.929168164730072,0.2841620652308428,3.519118567735763,cuda,13
SAM2.1-Tiny,auto,test,data/cogar_sim_500_final/rgb/000623.png,5454,screw,small_parts,0.15647921760391198,0.35613463626492947,0.929168164730072,0.2841620652308428,3.519118567735763,cuda,13
SAM2.1-Tiny,auto,test,data/cogar_sim_500_final/rgb/000623.png,5455,metal_part,small_parts;reflective_metal,0.971218487394958,0.9892434142664063,0.940017819404602,0.2841620652308428,3.519118567735763,cuda,13
SAM2.1-Tiny,auto,test,data/cogar_sim_500_final/rgb/000623.png,5456,screw,small_parts,0.0,0.0,0.9912219047546387,0.2841620652308428,3.519118567735763,cuda,13
SAM2.1-Tiny,auto,test,data/cogar_sim_500_final/rgb/000623.png,5457,connector,small_parts,0.0025857223159078133,0.4467552474484883,0.9730724096298218,0.2841620652308428,3.519118567735763,cuda,13
SAM2.1-Tiny,auto,test,data/cogar_sim_500_final/rgb/000626.png,5463,glass_object,transparent_glass;partial_occlusion,0.9230769230769231,0.8794999343465343,0.8888312578201294,0.5643297091425795,1.7720137426742266,cuda,10
SAM2.1-Tiny,auto,test,data/cogar_sim_500_final/rgb/000626.png,5464,cable,transparent_glass;partial_occlusion,0.8402014652014652,0.9080509776842911,0.9310262799263,0.5643297091425795,1.7720137426742266,cuda,10
SAM2.1-Tiny,auto,test,data/cogar_sim_500_final/rgb/000626.png,5465,metal_part,transparent_glass;reflective_metal;partial_occlusion,0.9802631578947368,1.0,0.9262805581092834,0.5643297091425795,1.7720137426742266,cuda,10
SAM2.1-Tiny,auto,test,data/cogar_sim_500_final/rgb/000626.png,5466,glass_object,transparent_glass;partial_occlusion,0.9808526393737438,0.9831163376732465,0.9707677364349365,0.5643297091425795,1.7720137426742266,cuda,10
SAM2.1-Tiny,auto,test,data/cogar_sim_500_final/rgb/000626.png,5467,robot_gripper,transparent_glass;partial_occlusion,0.8754313553014412,0.7589435004725367,0.8715106248855591,0.5643297091425795,1.7720137426742266,cuda,10
SAM2.1-Tiny,auto,test,data/cogar_sim_500_final/rgb/000626.png,5468,robot_gripper,transparent_glass;partial_occlusion,0.9458023379383634,0.9101030700545665,0.9513478875160217,0.5643297091425795,1.7720137426742266,cuda,10
SAM2.1-Tiny,auto,test,data/cogar_sim_500_final/rgb/000626.png,5469,robot_gripper,transparent_glass;partial_occlusion,0.08965564549320894,0.212584179314504,0.8715106248855591,0.5643297091425795,1.7720137426742266,cuda,10
SAM2.1-Tiny,auto,test,data/cogar_sim_500_final/rgb/000627.png,5471,screw,partial_occlusion;small_parts,0.8262910798122066,1.0,0.9381444454193115,0.4099321049005084,2.439428354221494,cuda,14
SAM2.1-Tiny,auto,test,data/cogar_sim_500_final/rgb/000627.png,5472,screw,partial_occlusion;small_parts,0.0,0.0,0.9886385798454285,0.4099321049005084,2.439428354221494,cuda,14
SAM2.1-Tiny,auto,test,data/cogar_sim_500_final/rgb/000627.png,5473,box,partial_occlusion,0.9559285327558202,0.8853691434918872,0.9501623511314392,0.4099321049005084,2.439428354221494,cuda,14
SAM2.1-Tiny,auto,test,data/cogar_sim_500_final/rgb/000627.png,5474,box,partial_occlusion,0.4753224901850813,0.558278721902089,0.8106474876403809,0.4099321049005084,2.439428354221494,cuda,14
SAM2.1-Tiny,auto,test,data/cogar_sim_500_final/rgb/000627.png,5475,glass_object,partial_occlusion;transparent_glass,0.9910996086352734,0.9897260273972603,0.9710137248039246,0.4099321049005084,2.439428354221494,cuda,14
SAM2.1-Tiny,auto,test,data/cogar_sim_500_final/rgb/000627.png,5476,connector,partial_occlusion;small_parts,0.9687339825730394,1.0,0.9869982004165649,0.4099321049005084,2.439428354221494,cuda,14
SAM2.1-Tiny,auto,test,data/cogar_sim_500_final/rgb/000627.png,5477,plastic_object,partial_occlusion,0.9726125609406366,1.0,0.981206476688385,0.4099321049005084,2.439428354221494,cuda,14
SAM2.1-Tiny,auto,test,data/cogar_sim_500_final/rgb/000627.png,5478,robot_gripper,partial_occlusion,0.8563994076581342,0.6053012048192771,0.9792673587799072,0.4099321049005084,2.439428354221494,cuda,14
SAM2.1-Tiny,auto,test,data/cogar_sim_500_final/rgb/000627.png,5479,robot_gripper,partial_occlusion,0.0829980944315054,0.2842457834827474,0.9792673587799072,0.4099321049005084,2.439428354221494,cuda,14
SAM2.1-Tiny,auto,test,data/cogar_sim_500_final/rgb/000627.png,5480,robot_gripper,partial_occlusion,0.023335181946162707,0.15623268698060944,0.9792673587799072,0.4099321049005084,2.439428354221494,cuda,14
SAM2.1-Tiny,auto,test,data/cogar_sim_500_final/rgb/000628.png,5483,connector,small_parts;partial_occlusion,0.0,0.0,0.9865990877151489,0.2764903543570004,3.6167626980173573,cuda,10
SAM2.1-Tiny,auto,test,data/cogar_sim_500_final/rgb/000628.png,5484,connector,small_parts;partial_occlusion,0.7686496694995278,0.6198054213817544,0.933811604976654,0.2764903543570004,3.6167626980173573,cuda,10
SAM2.1-Tiny,auto,test,data/cogar_sim_500_final/rgb/000628.png,5485,connector,small_parts;partial_occlusion,0.6490939044481054,0.6125502147111789,0.9391529560089111,0.2764903543570004,3.6167626980173573,cuda,10
SAM2.1-Tiny,auto,test,data/cogar_sim_500_final/rgb/000628.png,5486,cable,small_parts;partial_occlusion,0.7227429699062654,0.5152217339192968,0.958452582359314,0.2764903543570004,3.6167626980173573,cuda,10
SAM2.1-Tiny,auto,test,data/cogar_sim_500_final/rgb/000628.png,5487,screw,small_parts;partial_occlusion,0.0,0.0,0.9865990877151489,0.2764903543570004,3.6167626980173573,cuda,10
SAM2.1-Tiny,auto,test,data/cogar_sim_500_final/rgb/000628.png,5488,screw,small_parts;partial_occlusion,0.0,0.0,0.9865990877151489,0.2764903543570004,3.6167626980173573,cuda,10
SAM2.1-Tiny,auto,test,data/cogar_sim_500_final/rgb/000628.png,5489,connector,small_parts;partial_occlusion,6.891323823306458e-05,0.07472959685349065,0.944446325302124,0.2764903543570004,3.6167626980173573,cuda,10
SAM2.1-Tiny,auto,test,data/cogar_sim_500_final/rgb/000628.png,5490,box,small_parts;partial_occlusion,0.9760587648499138,1.0,0.8498894572257996,0.2764903543570004,3.6167626980173573,cuda,10
SAM2.1-Tiny,auto,test,data/cogar_sim_500_final/rgb/000628.png,5491,connector,small_parts;partial_occlusion,0.15745079662605435,0.47803495512517713,0.933811604976654,0.2764903543570004,3.6167626980173573,cuda,10
SAM2.1-Tiny,auto,test,data/cogar_sim_500_final/rgb/000628.png,5492,screw,small_parts;partial_occlusion,0.7951807228915663,0.906474820143885,0.9213734865188599,0.2764903543570004,3.6167626980173573,cuda,10
SAM2.1-Tiny,auto,test,data/cogar_sim_500_final/rgb/000628.png,5493,screw,small_parts;partial_occlusion,0.0,0.0,0.9865990877151489,0.2764903543570004,3.6167626980173573,cuda,10
SAM2.1-Tiny,auto,test,data/cogar_sim_500_final/rgb/000628.png,5494,robot_gripper,small_parts;partial_occlusion,0.8982763492512009,0.8719823558253281,0.944446325302124,0.2764903543570004,3.6167626980173573,cuda,10
SAM2.1-Tiny,auto,test,data/cogar_sim_500_final/rgb/000628.png,5495,robot_gripper,small_parts;partial_occlusion,0.964516129032258,0.993421052631579,0.8727243542671204,0.2764903543570004,3.6167626980173573,cuda,10
SAM2.1-Tiny,auto,test,data/cogar_sim_500_final/rgb/000628.png,5496,robot_gripper,small_parts;partial_occlusion,0.07271294505337059,0.08028215103806857,0.944446325302124,0.2764903543570004,3.6167626980173573,cuda,10
SAM2.1-Tiny,auto,test,data/cogar_sim_500_final/rgb/000629.png,5499,connector,dynamic_scene;small_parts,0.9905,1.0,0.9664812684059143,0.4190534846671249,2.3863302337035806,cuda,13
SAM2.1-Tiny,auto,test,data/cogar_sim_500_final/rgb/000629.png,5500,plastic_object,dynamic_scene,0.9848017098076466,1.0,0.9634760022163391,0.4190534846671249,2.3863302337035806,cuda,13
SAM2.1-Tiny,auto,test,data/cogar_sim_500_final/rgb/000629.png,5501,screw,dynamic_scene;small_parts,0.0021314131987961904,0.05612278506027272,0.9873718023300171,0.4190534846671249,2.3863302337035806,cuda,13
SAM2.1-Tiny,auto,test,data/cogar_sim_500_final/rgb/000629.png,5502,connector,dynamic_scene;small_parts,0.0,0.004660194174757282,0.9873718023300171,0.4190534846671249,2.3863302337035806,cuda,13
SAM2.1-Tiny,auto,test,data/cogar_sim_500_final/rgb/000629.png,5503,plastic_object,dynamic_scene,0.9880357243161265,0.9890848026868179,0.9468369483947754,0.4190534846671249,2.3863302337035806,cuda,13
SAM2.1-Tiny,auto,test,data/cogar_sim_500_final/rgb/000629.png,5504,connector,dynamic_scene;small_parts,0.0,0.005617362757614445,0.9873718023300171,0.4190534846671249,2.3863302337035806,cuda,13
SAM2.1-Tiny,auto,test,data/cogar_sim_500_final/rgb/000629.png,5505,plastic_object,dynamic_scene,0.9914893617021276,1.0,0.9836102724075317,0.4190534846671249,2.3863302337035806,cuda,13
SAM2.1-Tiny,auto,test,data/cogar_sim_500_final/rgb/000629.png,5506,plastic_object,dynamic_scene,0.9915373765867419,1.0,0.9768922328948975,0.4190534846671249,2.3863302337035806,cuda,13
SAM2.1-Tiny,auto,test,data/cogar_sim_500_final/rgb/000629.png,5507,cable,dynamic_scene,7.852190368503293e-06,0.014827367083245077,0.9873718023300171,0.4190534846671249,2.3863302337035806,cuda,13
SAM2.1-Tiny,auto,test,data/cogar_sim_500_final/rgb/000630.png,5510,metal_part,reflective_metal;partial_occlusion,0.943317230273752,0.8996809641970932,0.9773502349853516,0.44305486666659516,2.257056800941346,cuda,12
SAM2.1-Tiny,auto,test,data/cogar_sim_500_final/rgb/000630.png,5511,metal_part,reflective_metal;partial_occlusion,0.9815367906597882,1.0,0.9651505351066589,0.44305486666659516,2.257056800941346,cuda,12
SAM2.1-Tiny,auto,test,data/cogar_sim_500_final/rgb/000630.png,5512,tool,reflective_metal;partial_occlusion,0.6345267922088418,0.8344168254203189,0.9061762094497681,0.44305486666659516,2.257056800941346,cuda,12
SAM2.1-Tiny,auto,test,data/cogar_sim_500_final/rgb/000630.png,5513,box,reflective_metal;partial_occlusion,0.9815090963316433,1.0,0.9860267639160156,0.44305486666659516,2.257056800941346,cuda,12
SAM2.1-Tiny,auto,test,data/cogar_sim_500_final/rgb/000630.png,5514,metal_part,reflective_metal;partial_occlusion,0.9571428571428572,1.0,0.9276230931282043,0.44305486666659516,2.257056800941346,cuda,12
SAM2.1-Tiny,auto,test,data/cogar_sim_500_final/rgb/000630.png,5515,tool,reflective_metal;partial_occlusion,0.8774179037336932,0.8437504236702178,0.9397165179252625,0.44305486666659516,2.257056800941346,cuda,12
SAM2.1-Tiny,auto,test,data/cogar_sim_500_final/rgb/000630.png,5516,robot_gripper,reflective_metal;partial_occlusion,0.8622490782466202,0.8299202539320841,0.888654887676239,0.44305486666659516,2.257056800941346,cuda,12
SAM2.1-Tiny,auto,test,data/cogar_sim_500_final/rgb/000630.png,5517,robot_gripper,reflective_metal;partial_occlusion,0.8309090909090909,0.79683412703736,0.9266194701194763,0.44305486666659516,2.257056800941346,cuda,12
SAM2.1-Tiny,auto,test,data/cogar_sim_500_final/rgb/000630.png,5518,robot_gripper,reflective_metal;partial_occlusion,0.07667930801600083,0.11827200000000002,0.888654887676239,0.44305486666659516,2.257056800941346,cuda,12
SAM2.1-Tiny,auto,test,data/cogar_sim_500_final/rgb/000631.png,5520,glass_object,transparent_glass;partial_occlusion,0.845872899926954,0.6765992878275197,0.9573768973350525,0.45522718337542756,2.1967053737546607,cuda,13
SAM2.1-Tiny,auto,test,data/cogar_sim_500_final/rgb/000631.png,5521,metal_part,transparent_glass;reflective_metal;partial_occlusion,0.9801125703564728,1.0,0.9737002849578857,0.45522718337542756,2.1967053737546607,cuda,13
SAM2.1-Tiny,auto,test,data/cogar_sim_500_final/rgb/000631.png,5522,plastic_object,transparent_glass;partial_occlusion,0.9764221556886228,0.9707207207207207,0.9641117453575134,0.45522718337542756,2.1967053737546607,cuda,13
SAM2.1-Tiny,auto,test,data/cogar_sim_500_final/rgb/000631.png,5523,glass_object,transparent_glass;partial_occlusion,0.04980296235901617,0.26338656419564754,0.9573768973350525,0.45522718337542756,2.1967053737546607,cuda,13
SAM2.1-Tiny,auto,test,data/cogar_sim_500_final/rgb/000631.png,5524,glass_object,transparent_glass;partial_occlusion,0.8298509148407499,0.6916828756430271,0.930048406124115,0.45522718337542756,2.1967053737546607,cuda,13
SAM2.1-Tiny,auto,test,data/cogar_sim_500_final/rgb/000631.png,5525,robot_gripper,transparent_glass;partial_occlusion,0.5032258064516129,0.6335616438356164,0.9639568328857422,0.45522718337542756,2.1967053737546607,cuda,13
SAM2.1-Tiny,auto,test,data/cogar_sim_500_final/rgb/000631.png,5526,robot_gripper,transparent_glass;partial_occlusion,0.0,0.0,0.9872283935546875,0.45522718337542756,2.1967053737546607,cuda,13
SAM2.1-Tiny,auto,test,data/cogar_sim_500_final/rgb/000631.png,5527,robot_gripper,transparent_glass;partial_occlusion,0.9761273209549072,0.983098455130999,0.958687424659729,0.45522718337542756,2.1967053737546607,cuda,13
SAM2.1-Tiny,auto,test,data/cogar_sim_500_final/rgb/000633.png,5532,screw,small_parts;partial_occlusion,0.9584664536741214,1.0,0.9249816536903381,0.30514472216661187,3.2771335283131346,cuda,15
SAM2.1-Tiny,auto,test,data/cogar_sim_500_final/rgb/000633.png,5533,cable,small_parts;partial_occlusion,0.9596303501945526,0.9835234474017743,0.8715331554412842,0.30514472216661187,3.2771335283131346,cuda,15
SAM2.1-Tiny,auto,test,data/cogar_sim_500_final/rgb/000633.png,5534,cable,small_parts;partial_occlusion,0.0,0.0,0.9890919923782349,0.30514472216661187,3.2771335283131346,cuda,15
SAM2.1-Tiny,auto,test,data/cogar_sim_500_final/rgb/000633.png,5535,connector,small_parts;partial_occlusion,0.9423942394239424,0.9935483870967742,0.9216917753219604,0.30514472216661187,3.2771335283131346,cuda,15
SAM2.1-Tiny,auto,test,data/cogar_sim_500_final/rgb/000633.png,5536,plastic_object,small_parts;partial_occlusion,0.9877300613496932,1.0,0.9339051842689514,0.30514472216661187,3.2771335283131346,cuda,15
SAM2.1-Tiny,auto,test,data/cogar_sim_500_final/rgb/000633.png,5537,connector,small_parts;partial_occlusion,0.9443892750744787,1.0,0.9589446187019348,0.30514472216661187,3.2771335283131346,cuda,15
SAM2.1-Tiny,auto,test,data/cogar_sim_500_final/rgb/000633.png,5538,screw,small_parts;partial_occlusion,0.0,0.0,0.9890919923782349,0.30514472216661187,3.2771335283131346,cuda,15
SAM2.1-Tiny,auto,test,data/cogar_sim_500_final/rgb/000633.png,5539,metal_part,small_parts;reflective_metal;partial_occlusion,0.9805666120346523,1.0,0.9471280574798584,0.30514472216661187,3.2771335283131346,cuda,15
SAM2.1-Tiny,auto,test,data/cogar_sim_500_final/rgb/000633.png,5540,connector,small_parts;partial_occlusion,0.0,0.0,0.9890919923782349,0.30514472216661187,3.2771335283131346,cuda,15
SAM2.1-Tiny,auto,test,data/cogar_sim_500_final/rgb/000633.png,5541,robot_gripper,small_parts;partial_occlusion,0.9169274537695591,0.8436852262168536,0.8443170189857483,0.30514472216661187,3.2771335283131346,cuda,15
SAM2.1-Tiny,auto,test,data/cogar_sim_500_final/rgb/000633.png,5542,robot_gripper,small_parts;partial_occlusion,0.1429122096945167,0.3485088413829506,0.8838240504264832,0.30514472216661187,3.2771335283131346,cuda,15
SAM2.1-Tiny,auto,test,data/cogar_sim_500_final/rgb/000633.png,5543,robot_gripper,small_parts;partial_occlusion,0.5084175084175084,0.48908651173969864,0.8838240504264832,0.30514472216661187,3.2771335283131346,cuda,15
SAM2.1-Tiny,auto,test,data/cogar_sim_500_final/rgb/000636.png,5548,glass_object,transparent_glass;partial_occlusion,0.00041470713980333476,0.017471736896197326,0.9860314130783081,0.3951130045003083,2.530921505012675,cuda,7
SAM2.1-Tiny,auto,test,data/cogar_sim_500_final/rgb/000636.png,5549,metal_part,transparent_glass;reflective_metal;partial_occlusion,0.987290289781393,1.0,0.9469873309135437,0.3951130045003083,2.530921505012675,cuda,7
SAM2.1-Tiny,auto,test,data/cogar_sim_500_final/rgb/000636.png,5550,box,transparent_glass;partial_occlusion,0.9543369687085924,0.9052103612632224,0.9768610596656799,0.3951130045003083,2.530921505012675,cuda,7
SAM2.1-Tiny,auto,test,data/cogar_sim_500_final/rgb/000636.png,5551,glass_object,transparent_glass;partial_occlusion,0.9759014314187353,0.9615025839437317,0.8095927834510803,0.3951130045003083,2.530921505012675,cuda,7
SAM2.1-Tiny,auto,test,data/cogar_sim_500_final/rgb/000636.png,5552,glass_object,transparent_glass;partial_occlusion,0.013854927295301024,0.06293686011775285,0.9860314130783081,0.3951130045003083,2.530921505012675,cuda,7
SAM2.1-Tiny,auto,test,data/cogar_sim_500_final/rgb/000636.png,5553,cable,transparent_glass;partial_occlusion,0.0,0.010431154381084839,0.9860314130783081,0.3951130045003083,2.530921505012675,cuda,7
SAM2.1-Tiny,auto,test,data/cogar_sim_500_final/rgb/000636.png,5554,plastic_object,transparent_glass;partial_occlusion,0.028797696184305256,0.3980858936669418,0.9768610596656799,0.3951130045003083,2.530921505012675,cuda,7
SAM2.1-Tiny,auto,test,data/cogar_sim_500_final/rgb/000636.png,5555,robot_gripper,transparent_glass;partial_occlusion,5.609154139555755e-05,0.13609958506224065,0.8095927834510803,0.3951130045003083,2.530921505012675,cuda,7
SAM2.1-Tiny,auto,test,data/cogar_sim_500_final/rgb/000636.png,5556,robot_gripper,transparent_glass;partial_occlusion,0.0,0.013310580204778155,0.9860314130783081,0.3951130045003083,2.530921505012675,cuda,7
SAM2.1-Tiny,auto,test,data/cogar_sim_500_final/rgb/000636.png,5557,robot_gripper,transparent_glass;partial_occlusion,0.0,0.030910488128624035,0.9860314130783081,0.3951130045003083,2.530921505012675,cuda,7
SAM2.1-Tiny,auto,test,data/cogar_sim_500_final/rgb/000638.png,5562,screw,small_parts;partial_occlusion,0.0,0.0,0.9919652938842773,0.34999651709089946,2.8571712893368155,cuda,10
SAM2.1-Tiny,auto,test,data/cogar_sim_500_final/rgb/000638.png,5563,screw,small_parts;partial_occlusion,0.0015814777327935222,0.07018569966369352,0.9426285624504089,0.34999651709089946,2.8571712893368155,cuda,10
SAM2.1-Tiny,auto,test,data/cogar_sim_500_final/rgb/000638.png,5564,connector,small_parts;partial_occlusion,0.9255573248407644,0.9233576642335767,0.9680888652801514,0.34999651709089946,2.8571712893368155,cuda,10
SAM2.1-Tiny,auto,test,data/cogar_sim_500_final/rgb/000638.png,5565,tool,small_parts;reflective_metal;partial_occlusion,0.14331550802139037,0.3897316219369895,0.8945947885513306,0.34999651709089946,2.8571712893368155,cuda,10
SAM2.1-Tiny,auto,test,data/cogar_sim_500_final/rgb/000638.png,5566,screw,small_parts;partial_occlusion,0.017422804899085733,0.08739869696488162,0.8945947885513306,0.34999651709089946,2.8571712893368155,cuda,10
SAM2.1-Tiny,auto,test,data/cogar_sim_500_final/rgb/000638.png,5567,connector,small_parts;partial_occlusion,0.9615894039735099,0.9978947368421053,0.9498492479324341,0.34999651709089946,2.8571712893368155,cuda,10
SAM2.1-Tiny,auto,test,data/cogar_sim_500_final/rgb/000638.png,5568,metal_part,small_parts;reflective_metal;partial_occlusion,0.8069247825345386,0.7398212512413108,0.8945947885513306,0.34999651709089946,2.8571712893368155,cuda,10
SAM2.1-Tiny,auto,test,data/cogar_sim_500_final/rgb/000638.png,5569,metal_part,small_parts;reflective_metal;partial_occlusion,0.9447225698790155,0.800154749568221,0.9787607789039612,0.34999651709089946,2.8571712893368155,cuda,10
SAM2.1-Tiny,auto,test,data/cogar_sim_500_final/rgb/000638.png,5570,robot_gripper,small_parts;partial_occlusion,0.6108036724940259,0.6714436570872061,0.9426285624504089,0.34999651709089946,2.8571712893368155,cuda,10
SAM2.1-Tiny,auto,test,data/cogar_sim_500_final/rgb/000638.png,5571,robot_gripper,small_parts;partial_occlusion,0.014279395968913882,0.09465758336321263,0.9426285624504089,0.34999651709089946,2.8571712893368155,cuda,10
SAM2.1-Tiny,auto,test,data/cogar_sim_500_final/rgb/000638.png,5572,robot_gripper,small_parts;partial_occlusion,0.3615141955835962,0.42869411232125265,0.9426285624504089,0.34999651709089946,2.8571712893368155,cuda,10
SAM2.1-Tiny,auto,test,data/cogar_sim_500_final/rgb/000639.png,5576,metal_part,dynamic_scene;reflective_metal;partial_occlusion,0.9830360604885614,1.0,0.9875045418739319,0.45317215137492894,2.2066669299205386,cuda,13
SAM2.1-Tiny,auto,test,data/cogar_sim_500_final/rgb/000639.png,5577,plastic_object,dynamic_scene;partial_occlusion,0.955310504933256,0.9986684420772304,0.9638842940330505,0.45317215137492894,2.2066669299205386,cuda,13
SAM2.1-Tiny,auto,test,data/cogar_sim_500_final/rgb/000639.png,5578,box,dynamic_scene;partial_occlusion,0.9675951570784205,0.8315377450155791,0.9803788661956787,0.45317215137492894,2.2066669299205386,cuda,13
SAM2.1-Tiny,auto,test,data/cogar_sim_500_final/rgb/000639.png,5579,plastic_object,dynamic_scene;partial_occlusion,0.990990990990991,1.0,0.9633147120475769,0.45317215137492894,2.2066669299205386,cuda,13
SAM2.1-Tiny,auto,test,data/cogar_sim_500_final/rgb/000639.png,5580,tool,dynamic_scene;reflective_metal;partial_occlusion,0.9331020812685827,0.9104367135455218,0.9419488906860352,0.45317215137492894,2.2066669299205386,cuda,13
SAM2.1-Tiny,auto,test,data/cogar_sim_500_final/rgb/000639.png,5581,robot_gripper,dynamic_scene;partial_occlusion,0.844647418530846,0.7917191899807468,0.9677222967147827,0.45317215137492894,2.2066669299205386,cuda,13
SAM2.1-Tiny,auto,test,data/cogar_sim_500_final/rgb/000639.png,5582,robot_gripper,dynamic_scene;partial_occlusion,0.935361216730038,0.951156579602553,0.9685268998146057,0.45317215137492894,2.2066669299205386,cuda,13
SAM2.1-Tiny,auto,test,data/cogar_sim_500_final/rgb/000639.png,5583,robot_gripper,dynamic_scene;partial_occlusion,0.06749354409578215,0.24123355102306931,0.9677222967147827,0.45317215137492894,2.2066669299205386,cuda,13
SAM2.1-Tiny,auto,test,data/cogar_sim_500_final/rgb/000640.png,5586,metal_part,reflective_metal,0.9869192602616148,1.0,0.9477217197418213,0.7914095082000131,1.2635683418492234,cuda,11
SAM2.1-Tiny,auto,test,data/cogar_sim_500_final/rgb/000640.png,5587,metal_part,reflective_metal,0.9849780448347585,0.9985052316890882,0.9488502144813538,0.7914095082000131,1.2635683418492234,cuda,11
SAM2.1-Tiny,auto,test,data/cogar_sim_500_final/rgb/000640.png,5589,plastic_object,reflective_metal,0.9844175656532635,0.9948506694129764,0.9666306972503662,0.7914095082000131,1.2635683418492234,cuda,11
SAM2.1-Tiny,auto,test,data/cogar_sim_500_final/rgb/000640.png,5590,tool,reflective_metal,0.6895173685828466,0.5414435490858678,0.9210240840911865,0.7914095082000131,1.2635683418492234,cuda,11
SAM2.1-Tiny,auto,test,data/cogar_sim_500_final/rgb/000640.png,5591,metal_part,reflective_metal,0.973630237327864,0.969283276450512,0.9601636528968811,0.7914095082000131,1.2635683418492234,cuda,11
SAM2.1-Tiny,auto,test,data/cogar_sim_500_final/rgb/000642.png,5596,plastic_object,partial_occlusion,0.9278598419787015,0.891156462585034,0.9464166760444641,0.4322180255557113,2.313647143046105,cuda,15
SAM2.1-Tiny,auto,test,data/cogar_sim_500_final/rgb/000642.png,5597,plastic_object,partial_occlusion,0.05763293310463122,0.3282051282051282,0.9464166760444641,0.4322180255557113,2.313647143046105,cuda,15
SAM2.1-Tiny,auto,test,data/cogar_sim_500_final/rgb/000642.png,5598,connector,partial_occlusion;small_parts,0.9719940253920837,1.0,0.974636971950531,0.4322180255557113,2.313647143046105,cuda,15
SAM2.1-Tiny,auto,test,data/cogar_sim_500_final/rgb/000642.png,5599,connector,partial_occlusion;small_parts,0.9752454118651301,0.9980806142034548,0.9649631381034851,0.4322180255557113,2.313647143046105,cuda,15
SAM2.1-Tiny,auto,test,data/cogar_sim_500_final/rgb/000642.png,5600,connector,partial_occlusion;small_parts,0.0007342143906020558,0.013395847287340924,0.93604576587677,0.4322180255557113,2.313647143046105,cuda,15
SAM2.1-Tiny,auto,test,data/cogar_sim_500_final/rgb/000642.png,5601,plastic_object,partial_occlusion,0.9777008842752788,0.9942196531791908,0.966753363609314,0.4322180255557113,2.313647143046105,cuda,15
SAM2.1-Tiny,auto,test,data/cogar_sim_500_final/rgb/000642.png,5602,robot_gripper,partial_occlusion,0.7000182315405652,0.5537148887104025,0.8669650554656982,0.4322180255557113,2.313647143046105,cuda,15
SAM2.1-Tiny,auto,test,data/cogar_sim_500_final/rgb/000642.png,5603,robot_gripper,partial_occlusion,0.5321100917431193,0.6688144855430039,0.9613813757896423,0.4322180255557113,2.313647143046105,cuda,15
SAM2.1-Tiny,auto,test,data/cogar_sim_500_final/rgb/000642.png,5604,robot_gripper,partial_occlusion,0.611740473738414,0.6608996539792387,0.8559212684631348,0.4322180255557113,2.313647143046105,cuda,15
SAM2.1-Tiny,auto,test,data/cogar_sim_500_final/rgb/000643.png,5607,screw,small_parts;partial_occlusion,0.0,0.0,0.9841216802597046,0.31367638525019476,3.1879989920260634,cuda,10
SAM2.1-Tiny,auto,test,data/cogar_sim_500_final/rgb/000643.png,5608,cable,small_parts;partial_occlusion,0.0,0.0,0.9841216802597046,0.31367638525019476,3.1879989920260634,cuda,10
SAM2.1-Tiny,auto,test,data/cogar_sim_500_final/rgb/000643.png,5609,plastic_object,small_parts;partial_occlusion,0.9350801720766523,1.0,0.8369112014770508,0.31367638525019476,3.1879989920260634,cuda,10
SAM2.1-Tiny,auto,test,data/cogar_sim_500_final/rgb/000643.png,5610,cable,small_parts;partial_occlusion,0.0,0.0,0.9841216802597046,0.31367638525019476,3.1879989920260634,cuda,10
SAM2.1-Tiny,auto,test,data/cogar_sim_500_final/rgb/000643.png,5611,screw,small_parts;partial_occlusion,0.0,0.0,0.9841216802597046,0.31367638525019476,3.1879989920260634,cuda,10
SAM2.1-Tiny,auto,test,data/cogar_sim_500_final/rgb/000643.png,5612,tool,small_parts;reflective_metal;partial_occlusion,9.023641941887746e-05,0.17073056801195816,0.9369494915008545,0.31367638525019476,3.1879989920260634,cuda,10
SAM2.1-Tiny,auto,test,data/cogar_sim_500_final/rgb/000643.png,5613,screw,small_parts;partial_occlusion,0.0,0.0,0.9841216802597046,0.31367638525019476,3.1879989920260634,cuda,10
SAM2.1-Tiny,auto,test,data/cogar_sim_500_final/rgb/000643.png,5614,screw,small_parts;partial_occlusion,0.0,0.0,0.9841216802597046,0.31367638525019476,3.1879989920260634,cuda,10
SAM2.1-Tiny,auto,test,data/cogar_sim_500_final/rgb/000643.png,5615,connector,small_parts;partial_occlusion,0.9573353293413174,0.9754598057449888,0.9374043941497803,0.31367638525019476,3.1879989920260634,cuda,10
SAM2.1-Tiny,auto,test,data/cogar_sim_500_final/rgb/000643.png,5616,robot_gripper,small_parts;partial_occlusion,0.7811687919260288,0.745669759992432,0.8494250178337097,0.31367638525019476,3.1879989920260634,cuda,10
SAM2.1-Tiny,auto,test,data/cogar_sim_500_final/rgb/000643.png,5617,robot_gripper,small_parts;partial_occlusion,0.0891715868281697,0.30031855973986493,0.8494250178337097,0.31367638525019476,3.1879989920260634,cuda,10
SAM2.1-Tiny,auto,test,data/cogar_sim_500_final/rgb/000643.png,5618,robot_gripper,small_parts;partial_occlusion,0.11718184013523304,0.4015753735411972,0.8494250178337097,0.31367638525019476,3.1879989920260634,cuda,10
SAM2.1-Tiny,auto,test,data/cogar_sim_500_final/rgb/000644.png,5620,plastic_object,dynamic_scene;partial_occlusion,0.974811737211114,1.0,0.9724205136299133,0.7132010841669398,1.402129108045395,cuda,11
SAM2.1-Tiny,auto,test,data/cogar_sim_500_final/rgb/000644.png,5621,glass_object,dynamic_scene;transparent_glass;partial_occlusion,0.5528409090909091,0.6367191318799492,0.8610042929649353,0.7132010841669398,1.402129108045395,cuda,11
SAM2.1-Tiny,auto,test,data/cogar_sim_500_final/rgb/000644.png,5622,connector,dynamic_scene;partial_occlusion;small_parts,0.9164383561643835,0.8739270128998226,0.9457274079322815,0.7132010841669398,1.402129108045395,cuda,11
SAM2.1-Tiny,auto,test,data/cogar_sim_500_final/rgb/000644.png,5623,cable,dynamic_scene;partial_occlusion,0.8892380204241949,0.9622641509433962,0.9359688758850098,0.7132010841669398,1.402129108045395,cuda,11
SAM2.1-Tiny,auto,test,data/cogar_sim_500_final/rgb/000644.png,5624,robot_gripper,dynamic_scene;partial_occlusion,0.7824134994968651,0.756107197647888,0.8475268483161926,0.7132010841669398,1.402129108045395,cuda,11
SAM2.1-Tiny,auto,test,data/cogar_sim_500_final/rgb/000644.png,5625,robot_gripper,dynamic_scene;partial_occlusion,0.8546845124282982,0.8613376835236541,0.9346739649772644,0.7132010841669398,1.402129108045395,cuda,11
SAM2.1-Tiny,auto,test,data/cogar_sim_500_final/rgb/000645.png,5628,tool,reflective_metal;partial_occlusion,0.8607399071599381,0.6197188467953301,0.9671756029129028,0.8430764260003343,1.18613208620259,cuda,9
SAM2.1-Tiny,auto,test,data/cogar_sim_500_final/rgb/000645.png,5629,metal_part,reflective_metal;partial_occlusion,0.9697265625,1.0,0.9222723841667175,0.8430764260003343,1.18613208620259,cuda,9
SAM2.1-Tiny,auto,test,data/cogar_sim_500_final/rgb/000645.png,5630,plastic_object,reflective_metal;partial_occlusion,0.7990285367334548,0.5703971119133575,0.9633851647377014,0.8430764260003343,1.18613208620259,cuda,9
SAM2.1-Tiny,auto,test,data/cogar_sim_500_final/rgb/000645.png,5631,robot_gripper,reflective_metal;partial_occlusion,0.9262290579511123,0.8344691784933842,0.9396064281463623,0.8430764260003343,1.18613208620259,cuda,9
SAM2.1-Tiny,auto,test,data/cogar_sim_500_final/rgb/000645.png,5632,robot_gripper,reflective_metal;partial_occlusion,0.9345396487493347,0.9526315789473685,0.9281864166259766,0.8430764260003343,1.18613208620259,cuda,9
SAM2.1-Tiny,auto,test,data/cogar_sim_500_final/rgb/000647.png,5637,metal_part,partial_occlusion;reflective_metal,0.9749096748293858,0.9954751131221719,0.9754025340080261,0.4777896763753233,2.0929711323742772,cuda,16
SAM2.1-Tiny,auto,test,data/cogar_sim_500_final/rgb/000647.png,5638,box,partial_occlusion,0.9838651846539979,0.8960645812310797,0.9768747091293335,0.4777896763753233,2.0929711323742772,cuda,16
SAM2.1-Tiny,auto,test,data/cogar_sim_500_final/rgb/000647.png,5639,plastic_object,partial_occlusion,0.9798476284099288,1.0,0.9355201721191406,0.4777896763753233,2.0929711323742772,cuda,16
SAM2.1-Tiny,auto,test,data/cogar_sim_500_final/rgb/000647.png,5640,cable,partial_occlusion,0.9129493287137289,0.9814158174417362,0.9639140963554382,0.4777896763753233,2.0929711323742772,cuda,16
SAM2.1-Tiny,auto,test,data/cogar_sim_500_final/rgb/000647.png,5641,box,partial_occlusion,0.9834792084080284,0.9825013961651995,0.9776060581207275,0.4777896763753233,2.0929711323742772,cuda,16
SAM2.1-Tiny,auto,test,data/cogar_sim_500_final/rgb/000647.png,5642,robot_gripper,partial_occlusion,0.7447000451059991,0.7609580581309602,0.9705326557159424,0.4777896763753233,2.0929711323742772,cuda,16
SAM2.1-Tiny,auto,test,data/cogar_sim_500_final/rgb/000647.png,5643,robot_gripper,partial_occlusion,0.1122190726867787,0.10835558946966807,0.9705326557159424,0.4777896763753233,2.0929711323742772,cuda,16
SAM2.1-Tiny,auto,test,data/cogar_sim_500_final/rgb/000647.png,5644,robot_gripper,partial_occlusion,0.9510615329255128,0.9798814216157133,0.949152410030365,0.4777896763753233,2.0929711323742772,cuda,16
SAM2.1-Tiny,auto,test,data/cogar_sim_500_final/rgb/000648.png,5646,connector,small_parts;partial_occlusion,0.902020202020202,1.0,0.9515237808227539,0.32732390530817124,3.0550778106429863,cuda,15
SAM2.1-Tiny,auto,test,data/cogar_sim_500_final/rgb/000648.png,5647,metal_part,small_parts;reflective_metal;partial_occlusion,0.9504873294346978,0.8917752972096534,0.9801518321037292,0.32732390530817124,3.0550778106429863,cuda,15
SAM2.1-Tiny,auto,test,data/cogar_sim_500_final/rgb/000648.png,5648,plastic_object,small_parts;partial_occlusion,0.9523429179978701,0.9364864662890281,0.9854096174240112,0.32732390530817124,3.0550778106429863,cuda,15
SAM2.1-Tiny,auto,test,data/cogar_sim_500_final/rgb/000648.png,5649,connector,small_parts;partial_occlusion,0.6991869918699187,0.7496617050067659,0.963883638381958,0.32732390530817124,3.0550778106429863,cuda,15
SAM2.1-Tiny,auto,test,data/cogar_sim_500_final/rgb/000648.png,5650,screw,small_parts;partial_occlusion,4.410707433365237e-06,0.04345819251470772,0.9908437728881836,0.32732390530817124,3.0550778106429863,cuda,15
SAM2.1-Tiny,auto,test,data/cogar_sim_500_final/rgb/000648.png,5651,screw,small_parts;partial_occlusion,0.9482961222091657,1.0,0.9652422666549683,0.32732390530817124,3.0550778106429863,cuda,15
SAM2.1-Tiny,auto,test,data/cogar_sim_500_final/rgb/000648.png,5652,screw,small_parts;partial_occlusion,0.002325581395348837,0.1348143503381556,0.9474231600761414,0.32732390530817124,3.0550778106429863,cuda,15
SAM2.1-Tiny,auto,test,data/cogar_sim_500_final/rgb/000648.png,5653,connector,small_parts;partial_occlusion,0.28991130820399114,0.4733722516719229,0.963883638381958,0.32732390530817124,3.0550778106429863,cuda,15
SAM2.1-Tiny,auto,test,data/cogar_sim_500_final/rgb/000648.png,5654,cable,small_parts;partial_occlusion,0.6680408970976254,0.5156980222901225,0.9573044180870056,0.32732390530817124,3.0550778106429863,cuda,15
SAM2.1-Tiny,auto,test,data/cogar_sim_500_final/rgb/000648.png,5655,plastic_object,small_parts;partial_occlusion,0.849920092982711,0.8169860711631064,0.9474231600761414,0.32732390530817124,3.0550778106429863,cuda,15
SAM2.1-Tiny,auto,test,data/cogar_sim_500_final/rgb/000648.png,5656,robot_gripper,small_parts;partial_occlusion,0.48119186154245264,0.4957286272032275,0.8732515573501587,0.32732390530817124,3.0550778106429863,cuda,15
SAM2.1-Tiny,auto,test,data/cogar_sim_500_final/rgb/000648.png,5657,robot_gripper,small_parts;partial_occlusion,0.23846581434130074,0.37502048844451724,0.8732515573501587,0.32732390530817124,3.0550778106429863,cuda,15
SAM2.1-Tiny,auto,test,data/cogar_sim_500_final/rgb/000648.png,5658,robot_gripper,small_parts;partial_occlusion,0.9024847047072044,0.8877165767815808,0.8188379406929016,0.32732390530817124,3.0550778106429863,cuda,15
SAM2.1-Tiny,auto,test,data/cogar_sim_500_final/rgb/000649.png,5661,cable,dynamic_scene;partial_occlusion,0.04017242628414113,0.3748942546110293,0.8693411350250244,0.4815441561249827,2.076652758175004,cuda,16
SAM2.1-Tiny,auto,test,data/cogar_sim_500_final/rgb/000649.png,5662,glass_object,dynamic_scene;transparent_glass;partial_occlusion,0.986624107007144,0.9783783783783784,0.9488651156425476,0.4815441561249827,2.076652758175004,cuda,16
SAM2.1-Tiny,auto,test,data/cogar_sim_500_final/rgb/000649.png,5663,plastic_object,dynamic_scene;partial_occlusion,0.967397747480735,1.0,0.9393623471260071,0.4815441561249827,2.076652758175004,cuda,16
SAM2.1-Tiny,auto,test,data/cogar_sim_500_final/rgb/000649.png,5664,plastic_object,dynamic_scene;partial_occlusion,0.978586403114705,0.9814814814814815,0.9615802764892578,0.4815441561249827,2.076652758175004,cuda,16
SAM2.1-Tiny,auto,test,data/cogar_sim_500_final/rgb/000649.png,5665,plastic_object,dynamic_scene;partial_occlusion,0.9644924739482825,1.0,0.9709425568580627,0.4815441561249827,2.076652758175004,cuda,16
SAM2.1-Tiny,auto,test,data/cogar_sim_500_final/rgb/000649.png,5666,robot_gripper,dynamic_scene;partial_occlusion,0.9724587137142271,0.9844491957157164,0.9240801334381104,0.4815441561249827,2.076652758175004,cuda,16
SAM2.1-Tiny,auto,test,data/cogar_sim_500_final/rgb/000649.png,5667,robot_gripper,dynamic_scene;partial_occlusion,0.6409102937284996,0.7308970099667774,0.9387893676757812,0.4815441561249827,2.076652758175004,cuda,16
SAM2.1-Tiny,auto,test,data/cogar_sim_500_final/rgb/000649.png,5668,robot_gripper,dynamic_scene;partial_occlusion,0.9443037974683545,0.9182879377431907,0.9639748930931091,0.4815441561249827,2.076652758175004,cuda,16
