row_index,file_name,object_id,image_path,gt_mask_path,bbox_xmin,bbox_ymin,bbox_xmax,bbox_ymax,sam_mask_path,sam_visualization_path,sam_score,iou,boundary_f1,latency_sec,fps,device,model_type
0,result_2018-08-27-15-54-36.png,3,/mnt/Info/COGAR_DATASETs/OCID-dataset/ARID10/floor/bottom/box/seq03/rgb/result_2018-08-27-15-54-36.png,/home/amir/Desktop/COGAR/COGAR_Foundation-Model-Segmentation-for-Robotic-Scenes/outputs/ocid_full/gt_binary_masks/00000_result_2018-08-27-15-54-36_obj3.png,398.0,127.0,529.0,268.0,/home/amir/Desktop/COGAR/COGAR_Foundation-Model-Segmentation-for-Robotic-Scenes/outputs/ocid_full/pilot500/sam_vit_b_box/masks/row_0000_object_3_sam_mask.png,,0.9476010799407959,0.8610683102208526,0.4959878042651567,0.04604983599983825,21.71560393838346,cuda,vit_b
1,result_2018-08-27-15-54-58.png,3,/mnt/Info/COGAR_DATASETs/OCID-dataset/ARID10/floor/bottom/box/seq03/rgb/result_2018-08-27-15-54-58.png,/home/amir/Desktop/COGAR/COGAR_Foundation-Model-Segmentation-for-Robotic-Scenes/outputs/ocid_full/gt_binary_masks/00001_result_2018-08-27-15-54-58_obj3.png,397.0,127.0,529.0,268.0,/home/amir/Desktop/COGAR/COGAR_Foundation-Model-Segmentation-for-Robotic-Scenes/outputs/ocid_full/pilot500/sam_vit_b_box/masks/row_0001_object_3_sam_mask.png,,0.9732482433319092,0.9020362765229295,0.672078742406433,0.1567883730003814,6.378023962258779,cuda,vit_b
2,result_2018-08-27-15-54-58.png,4,/mnt/Info/COGAR_DATASETs/OCID-dataset/ARID10/floor/bottom/box/seq03/rgb/result_2018-08-27-15-54-58.png,/home/amir/Desktop/COGAR/COGAR_Foundation-Model-Segmentation-for-Robotic-Scenes/outputs/ocid_full/gt_binary_masks/00002_result_2018-08-27-15-54-58_obj4.png,183.0,164.0,378.0,308.0,/home/amir/Desktop/COGAR/COGAR_Foundation-Model-Segmentation-for-Robotic-Scenes/outputs/ocid_full/pilot500/sam_vit_b_box/masks/row_0002_object_4_sam_mask.png,,0.9307767152786255,0.833183910106987,0.5745869319276214,0.012015733999760414,83.22421252167695,cuda,vit_b
3,result_2018-08-27-15-55-23.png,3,/mnt/Info/COGAR_DATASETs/OCID-dataset/ARID10/floor/bottom/box/seq03/rgb/result_2018-08-27-15-55-23.png,/home/amir/Desktop/COGAR/COGAR_Foundation-Model-Segmentation-for-Robotic-Scenes/outputs/ocid_full/gt_binary_masks/00003_result_2018-08-27-15-55-23_obj3.png,397.0,127.0,529.0,268.0,/home/amir/Desktop/COGAR/COGAR_Foundation-Model-Segmentation-for-Robotic-Scenes/outputs/ocid_full/pilot500/sam_vit_b_box/masks/row_0003_object_3_sam_mask.png,,0.9869399666786194,0.9008723913787204,0.7103842591113809,0.1576078989992311,6.3448596570967455,cuda,vit_b
4,result_2018-08-27-15-55-23.png,4,/mnt/Info/COGAR_DATASETs/OCID-dataset/ARID10/floor/bottom/box/seq03/rgb/result_2018-08-27-15-55-23.png,/home/amir/Desktop/COGAR/COGAR_Foundation-Model-Segmentation-for-Robotic-Scenes/outputs/ocid_full/gt_binary_masks/00004_result_2018-08-27-15-55-23_obj4.png,183.0,164.0,378.0,308.0,/home/amir/Desktop/COGAR/COGAR_Foundation-Model-Segmentation-for-Robotic-Scenes/outputs/ocid_full/pilot500/sam_vit_b_box/masks/row_0004_object_4_sam_mask.png,,0.9383647441864014,0.8476829122260807,0.5573586772692264,0.011830219999865221,84.52928178946738,cuda,vit_b
5,result_2018-08-27-15-55-23.png,5,/mnt/Info/COGAR_DATASETs/OCID-dataset/ARID10/floor/bottom/box/seq03/rgb/result_2018-08-27-15-55-23.png,/home/amir/Desktop/COGAR/COGAR_Foundation-Model-Segmentation-for-Robotic-Scenes/outputs/ocid_full/gt_binary_masks/00005_result_2018-08-27-15-55-23_obj5.png,132.0,15.0,249.0,149.0,/home/amir/Desktop/COGAR/COGAR_Foundation-Model-Segmentation-for-Robotic-Scenes/outputs/ocid_full/pilot500/sam_vit_b_box/masks/row_0005_object_5_sam_mask.png,,0.9206904172897339,0.7512443850916596,0.44541867230891297,0.011674251999465923,85.65859294846028,cuda,vit_b
6,result_2018-08-27-15-55-46.png,3,/mnt/Info/COGAR_DATASETs/OCID-dataset/ARID10/floor/bottom/box/seq03/rgb/result_2018-08-27-15-55-46.png,/home/amir/Desktop/COGAR/COGAR_Foundation-Model-Segmentation-for-Robotic-Scenes/outputs/ocid_full/gt_binary_masks/00006_result_2018-08-27-15-55-46_obj3.png,397.0,127.0,529.0,268.0,/home/amir/Desktop/COGAR/COGAR_Foundation-Model-Segmentation-for-Robotic-Scenes/outputs/ocid_full/pilot500/sam_vit_b_box/masks/row_0006_object_3_sam_mask.png,,0.9782946705818176,0.8997867803837953,0.6840071791111025,0.15719203099979495,6.361645648571742,cuda,vit_b
7,result_2018-08-27-15-55-46.png,4,/mnt/Info/COGAR_DATASETs/OCID-dataset/ARID10/floor/bottom/box/seq03/rgb/result_2018-08-27-15-55-46.png,/home/amir/Desktop/COGAR/COGAR_Foundation-Model-Segmentation-for-Robotic-Scenes/outputs/ocid_full/gt_binary_masks/00007_result_2018-08-27-15-55-46_obj4.png,182.0,164.0,378.0,308.0,/home/amir/Desktop/COGAR/COGAR_Foundation-Model-Segmentation-for-Robotic-Scenes/outputs/ocid_full/pilot500/sam_vit_b_box/masks/row_0007_object_4_sam_mask.png,,0.9307748079299927,0.8136984659635667,0.6114829548190479,0.011788976999923761,84.82500220387799,cuda,vit_b
8,result_2018-08-27-15-55-46.png,5,/mnt/Info/COGAR_DATASETs/OCID-dataset/ARID10/floor/bottom/box/seq03/rgb/result_2018-08-27-15-55-46.png,/home/amir/Desktop/COGAR/COGAR_Foundation-Model-Segmentation-for-Robotic-Scenes/outputs/ocid_full/gt_binary_masks/00008_result_2018-08-27-15-55-46_obj5.png,134.0,15.0,249.0,124.0,/home/amir/Desktop/COGAR/COGAR_Foundation-Model-Segmentation-for-Robotic-Scenes/outputs/ocid_full/pilot500/sam_vit_b_box/masks/row_0008_object_5_sam_mask.png,,0.8605025410652161,0.7635095874491574,0.4305595467794245,0.0117979730002844,84.7603228093414,cuda,vit_b
9,result_2018-08-27-15-55-46.png,6,/mnt/Info/COGAR_DATASETs/OCID-dataset/ARID10/floor/bottom/box/seq03/rgb/result_2018-08-27-15-55-46.png,/home/amir/Desktop/COGAR/COGAR_Foundation-Model-Segmentation-for-Robotic-Scenes/outputs/ocid_full/gt_binary_masks/00009_result_2018-08-27-15-55-46_obj6.png,43.0,115.0,200.0,265.0,/home/amir/Desktop/COGAR/COGAR_Foundation-Model-Segmentation-for-Robotic-Scenes/outputs/ocid_full/pilot500/sam_vit_b_box/masks/row_0009_object_6_sam_mask.png,,0.9913174510002136,0.9502762430939227,0.8637077444416893,0.01169772799948987,85.4866859653096,cuda,vit_b
10,result_2018-08-27-15-56-34.png,3,/mnt/Info/COGAR_DATASETs/OCID-dataset/ARID10/floor/bottom/box/seq03/rgb/result_2018-08-27-15-56-34.png,/home/amir/Desktop/COGAR/COGAR_Foundation-Model-Segmentation-for-Robotic-Scenes/outputs/ocid_full/gt_binary_masks/00010_result_2018-08-27-15-56-34_obj3.png,398.0,127.0,529.0,258.0,/home/amir/Desktop/COGAR/COGAR_Foundation-Model-Segmentation-for-Robotic-Scenes/outputs/ocid_full/pilot500/sam_vit_b_box/masks/row_0010_object_3_sam_mask.png,,0.947760283946991,0.8312927619733526,0.49588297529785175,0.15666101399983745,6.38320903502538,cuda,vit_b
11,result_2018-08-27-15-56-34.png,4,/mnt/Info/COGAR_DATASETs/OCID-dataset/ARID10/floor/bottom/box/seq03/rgb/result_2018-08-27-15-56-34.png,/home/amir/Desktop/COGAR/COGAR_Foundation-Model-Segmentation-for-Robotic-Scenes/outputs/ocid_full/gt_binary_masks/00011_result_2018-08-27-15-56-34_obj4.png,181.0,164.0,378.0,308.0,/home/amir/Desktop/COGAR/COGAR_Foundation-Model-Segmentation-for-Robotic-Scenes/outputs/ocid_full/pilot500/sam_vit_b_box/masks/row_0011_object_4_sam_mask.png,,0.9615997076034546,0.7204566091581268,0.686840077356827,0.011741146000531444,85.17056171133011,cuda,vit_b
12,result_2018-08-27-15-56-34.png,5,/mnt/Info/COGAR_DATASETs/OCID-dataset/ARID10/floor/bottom/box/seq03/rgb/result_2018-08-27-15-56-34.png,/home/amir/Desktop/COGAR/COGAR_Foundation-Model-Segmentation-for-Robotic-Scenes/outputs/ocid_full/gt_binary_masks/00012_result_2018-08-27-15-56-34_obj5.png,134.0,15.0,249.0,124.0,/home/amir/Desktop/COGAR/COGAR_Foundation-Model-Segmentation-for-Robotic-Scenes/outputs/ocid_full/pilot500/sam_vit_b_box/masks/row_0012_object_5_sam_mask.png,,0.8556535243988037,0.7766037735849056,0.44826597879048435,0.011686422999446222,85.56938252597791,cuda,vit_b
13,result_2018-08-27-15-56-34.png,6,/mnt/Info/COGAR_DATASETs/OCID-dataset/ARID10/floor/bottom/box/seq03/rgb/result_2018-08-27-15-56-34.png,/home/amir/Desktop/COGAR/COGAR_Foundation-Model-Segmentation-for-Robotic-Scenes/outputs/ocid_full/gt_binary_masks/00013_result_2018-08-27-15-56-34_obj6.png,43.0,115.0,199.0,265.0,/home/amir/Desktop/COGAR/COGAR_Foundation-Model-Segmentation-for-Robotic-Scenes/outputs/ocid_full/pilot500/sam_vit_b_box/masks/row_0013_object_6_sam_mask.png,,0.9905471205711365,0.9493153975498438,0.8507985975847293,0.011738510999748542,85.18968036247712,cuda,vit_b
14,result_2018-08-27-15-56-34.png,7,/mnt/Info/COGAR_DATASETs/OCID-dataset/ARID10/floor/bottom/box/seq03/rgb/result_2018-08-27-15-56-34.png,/home/amir/Desktop/COGAR/COGAR_Foundation-Model-Segmentation-for-Robotic-Scenes/outputs/ocid_full/gt_binary_masks/00014_result_2018-08-27-15-56-34_obj7.png,275.0,239.0,487.0,368.0,/home/amir/Desktop/COGAR/COGAR_Foundation-Model-Segmentation-for-Robotic-Scenes/outputs/ocid_full/pilot500/sam_vit_b_box/masks/row_0014_object_7_sam_mask.png,,0.937485933303833,0.9219210651450309,0.6023344757961381,0.011841704999824287,84.44729876439571,cuda,vit_b
15,result_2018-08-27-15-56-58.png,3,/mnt/Info/COGAR_DATASETs/OCID-dataset/ARID10/floor/bottom/box/seq03/rgb/result_2018-08-27-15-56-58.png,/home/amir/Desktop/COGAR/COGAR_Foundation-Model-Segmentation-for-Robotic-Scenes/outputs/ocid_full/gt_binary_masks/00015_result_2018-08-27-15-56-58_obj3.png,397.0,127.0,529.0,259.0,/home/amir/Desktop/COGAR/COGAR_Foundation-Model-Segmentation-for-Robotic-Scenes/outputs/ocid_full/pilot500/sam_vit_b_box/masks/row_0015_object_3_sam_mask.png,,0.9251303672790527,0.763290683005947,0.41019083492014957,0.15533614099967963,6.437651879108175,cuda,vit_b
16,result_2018-08-27-15-56-58.png,4,/mnt/Info/COGAR_DATASETs/OCID-dataset/ARID10/floor/bottom/box/seq03/rgb/result_2018-08-27-15-56-58.png,/home/amir/Desktop/COGAR/COGAR_Foundation-Model-Segmentation-for-Robotic-Scenes/outputs/ocid_full/gt_binary_masks/00016_result_2018-08-27-15-56-58_obj4.png,191.0,164.0,360.0,308.0,/home/amir/Desktop/COGAR/COGAR_Foundation-Model-Segmentation-for-Robotic-Scenes/outputs/ocid_full/pilot500/sam_vit_b_box/masks/row_0016_object_4_sam_mask.png,,0.904935359954834,0.8093933463796478,0.7531551438405644,0.011922083999706956,83.87795288345393,cuda,vit_b
17,result_2018-08-27-15-56-58.png,5,/mnt/Info/COGAR_DATASETs/OCID-dataset/ARID10/floor/bottom/box/seq03/rgb/result_2018-08-27-15-56-58.png,/home/amir/Desktop/COGAR/COGAR_Foundation-Model-Segmentation-for-Robotic-Scenes/outputs/ocid_full/gt_binary_masks/00017_result_2018-08-27-15-56-58_obj5.png,134.0,15.0,249.0,124.0,/home/amir/Desktop/COGAR/COGAR_Foundation-Model-Segmentation-for-Robotic-Scenes/outputs/ocid_full/pilot500/sam_vit_b_box/masks/row_0017_object_5_sam_mask.png,,0.8739036321640015,0.7690181818181818,0.4211969211667042,0.01178409800013469,84.86012251328614,cuda,vit_b
18,result_2018-08-27-15-56-58.png,6,/mnt/Info/COGAR_DATASETs/OCID-dataset/ARID10/floor/bottom/box/seq03/rgb/result_2018-08-27-15-56-58.png,/home/amir/Desktop/COGAR/COGAR_Foundation-Model-Segmentation-for-Robotic-Scenes/outputs/ocid_full/gt_binary_masks/00018_result_2018-08-27-15-56-58_obj6.png,43.0,115.0,196.0,265.0,/home/amir/Desktop/COGAR/COGAR_Foundation-Model-Segmentation-for-Robotic-Scenes/outputs/ocid_full/pilot500/sam_vit_b_box/masks/row_0018_object_6_sam_mask.png,,0.9847515225410461,0.939540762586897,0.8862114084193979,0.011759304999941378,85.0390392973892,cuda,vit_b
19,result_2018-08-27-15-56-58.png,7,/mnt/Info/COGAR_DATASETs/OCID-dataset/ARID10/floor/bottom/box/seq03/rgb/result_2018-08-27-15-56-58.png,/home/amir/Desktop/COGAR/COGAR_Foundation-Model-Segmentation-for-Robotic-Scenes/outputs/ocid_full/gt_binary_masks/00019_result_2018-08-27-15-56-58_obj7.png,275.0,239.0,488.0,368.0,/home/amir/Desktop/COGAR/COGAR_Foundation-Model-Segmentation-for-Robotic-Scenes/outputs/ocid_full/pilot500/sam_vit_b_box/masks/row_0019_object_7_sam_mask.png,,0.9268386960029602,0.8701332636529919,0.686839314283808,0.011786688000029244,84.84147539983402,cuda,vit_b
20,result_2018-08-27-15-56-58.png,8,/mnt/Info/COGAR_DATASETs/OCID-dataset/ARID10/floor/bottom/box/seq03/rgb/result_2018-08-27-15-56-58.png,/home/amir/Desktop/COGAR/COGAR_Foundation-Model-Segmentation-for-Robotic-Scenes/outputs/ocid_full/gt_binary_masks/00020_result_2018-08-27-15-56-58_obj8.png,142.0,151.0,397.0,285.0,/home/amir/Desktop/COGAR/COGAR_Foundation-Model-Segmentation-for-Robotic-Scenes/outputs/ocid_full/pilot500/sam_vit_b_box/masks/row_0020_object_8_sam_mask.png,,0.9172770380973816,0.8657167072783134,0.5288741914839072,0.011763312000766746,85.01007198778872,cuda,vit_b
21,result_2018-08-27-15-57-26.png,3,/mnt/Info/COGAR_DATASETs/OCID-dataset/ARID10/floor/bottom/box/seq03/rgb/result_2018-08-27-15-57-26.png,/home/amir/Desktop/COGAR/COGAR_Foundation-Model-Segmentation-for-Robotic-Scenes/outputs/ocid_full/gt_binary_masks/00021_result_2018-08-27-15-57-26_obj3.png,397.0,127.0,529.0,259.0,/home/amir/Desktop/COGAR/COGAR_Foundation-Model-Segmentation-for-Robotic-Scenes/outputs/ocid_full/pilot500/sam_vit_b_box/masks/row_0021_object_3_sam_mask.png,,0.9310951828956604,0.7877671995688881,0.4258001775170764,0.15714928600027633,6.363376032126812,cuda,vit_b
22,result_2018-08-27-15-57-26.png,4,/mnt/Info/COGAR_DATASETs/OCID-dataset/ARID10/floor/bottom/box/seq03/rgb/result_2018-08-27-15-57-26.png,/home/amir/Desktop/COGAR/COGAR_Foundation-Model-Segmentation-for-Robotic-Scenes/outputs/ocid_full/gt_binary_masks/00022_result_2018-08-27-15-57-26_obj4.png,188.0,164.0,360.0,308.0,/home/amir/Desktop/COGAR/COGAR_Foundation-Model-Segmentation-for-Robotic-Scenes/outputs/ocid_full/pilot500/sam_vit_b_box/masks/row_0022_object_4_sam_mask.png,,0.8878425359725952,0.7836695485110471,0.7005343929843793,0.012936007000462268,77.3036068985016,cuda,vit_b
23,result_2018-08-27-15-57-26.png,5,/mnt/Info/COGAR_DATASETs/OCID-dataset/ARID10/floor/bottom/box/seq03/rgb/result_2018-08-27-15-57-26.png,/home/amir/Desktop/COGAR/COGAR_Foundation-Model-Segmentation-for-Robotic-Scenes/outputs/ocid_full/gt_binary_masks/00023_result_2018-08-27-15-57-26_obj5.png,132.0,15.0,248.0,124.0,/home/amir/Desktop/COGAR/COGAR_Foundation-Model-Segmentation-for-Robotic-Scenes/outputs/ocid_full/pilot500/sam_vit_b_box/masks/row_0023_object_5_sam_mask.png,,0.8608703017234802,0.7670556552962298,0.4106610681217683,0.01197424299971317,83.51258614210134,cuda,vit_b
24,result_2018-08-27-15-57-26.png,6,/mnt/Info/COGAR_DATASETs/OCID-dataset/ARID10/floor/bottom/box/seq03/rgb/result_2018-08-27-15-57-26.png,/home/amir/Desktop/COGAR/COGAR_Foundation-Model-Segmentation-for-Robotic-Scenes/outputs/ocid_full/gt_binary_masks/00024_result_2018-08-27-15-57-26_obj6.png,43.0,115.0,197.0,264.0,/home/amir/Desktop/COGAR/COGAR_Foundation-Model-Segmentation-for-Robotic-Scenes/outputs/ocid_full/pilot500/sam_vit_b_box/masks/row_0024_object_6_sam_mask.png,,0.89173823595047,0.8512493259032896,0.7822473451710116,0.01180589300020074,84.70346122762561,cuda,vit_b
25,result_2018-08-27-15-57-26.png,7,/mnt/Info/COGAR_DATASETs/OCID-dataset/ARID10/floor/bottom/box/seq03/rgb/result_2018-08-27-15-57-26.png,/home/amir/Desktop/COGAR/COGAR_Foundation-Model-Segmentation-for-Robotic-Scenes/outputs/ocid_full/gt_binary_masks/00025_result_2018-08-27-15-57-26_obj7.png,273.0,239.0,488.0,368.0,/home/amir/Desktop/COGAR/COGAR_Foundation-Model-Segmentation-for-Robotic-Scenes/outputs/ocid_full/pilot500/sam_vit_b_box/masks/row_0025_object_7_sam_mask.png,,0.9131689667701721,0.8121483642425505,0.6862539763793922,0.012093774999812013,82.68716757303193,cuda,vit_b
26,result_2018-08-27-15-57-26.png,8,/mnt/Info/COGAR_DATASETs/OCID-dataset/ARID10/floor/bottom/box/seq03/rgb/result_2018-08-27-15-57-26.png,/home/amir/Desktop/COGAR/COGAR_Foundation-Model-Segmentation-for-Robotic-Scenes/outputs/ocid_full/gt_binary_masks/00026_result_2018-08-27-15-57-26_obj8.png,141.0,155.0,397.0,286.0,/home/amir/Desktop/COGAR/COGAR_Foundation-Model-Segmentation-for-Robotic-Scenes/outputs/ocid_full/pilot500/sam_vit_b_box/masks/row_0026_object_8_sam_mask.png,,0.9247980713844299,0.8089573128061581,0.4840261355686865,0.017045566000888357,58.66628306433963,cuda,vit_b
27,result_2018-08-27-15-57-26.png,9,/mnt/Info/COGAR_DATASETs/OCID-dataset/ARID10/floor/bottom/box/seq03/rgb/result_2018-08-27-15-57-26.png,/home/amir/Desktop/COGAR/COGAR_Foundation-Model-Segmentation-for-Robotic-Scenes/outputs/ocid_full/gt_binary_masks/00027_result_2018-08-27-15-57-26_obj9.png,103.0,132.0,191.0,193.0,/home/amir/Desktop/COGAR/COGAR_Foundation-Model-Segmentation-for-Robotic-Scenes/outputs/ocid_full/pilot500/sam_vit_b_box/masks/row_0027_object_9_sam_mask.png,,0.9697315692901611,0.8826132222800624,0.8748639825897715,0.013283842999953777,75.27942027043527,cuda,vit_b
28,result_2018-08-27-15-57-50.png,3,/mnt/Info/COGAR_DATASETs/OCID-dataset/ARID10/floor/bottom/box/seq03/rgb/result_2018-08-27-15-57-50.png,/home/amir/Desktop/COGAR/COGAR_Foundation-Model-Segmentation-for-Robotic-Scenes/outputs/ocid_full/gt_binary_masks/00028_result_2018-08-27-15-57-50_obj3.png,397.0,127.0,529.0,259.0,/home/amir/Desktop/COGAR/COGAR_Foundation-Model-Segmentation-for-Robotic-Scenes/outputs/ocid_full/pilot500/sam_vit_b_box/masks/row_0028_object_3_sam_mask.png,,0.9176128506660461,0.6959982064790943,0.4259297966602295,0.15563501499946142,6.4252893219656295,cuda,vit_b
29,result_2018-08-27-15-57-50.png,4,/mnt/Info/COGAR_DATASETs/OCID-dataset/ARID10/floor/bottom/box/seq03/rgb/result_2018-08-27-15-57-50.png,/home/amir/Desktop/COGAR/COGAR_Foundation-Model-Segmentation-for-Robotic-Scenes/outputs/ocid_full/gt_binary_masks/00029_result_2018-08-27-15-57-50_obj4.png,189.0,164.0,360.0,308.0,/home/amir/Desktop/COGAR/COGAR_Foundation-Model-Segmentation-for-Robotic-Scenes/outputs/ocid_full/pilot500/sam_vit_b_box/masks/row_0029_object_4_sam_mask.png,,0.8863620758056641,0.8107311320754716,0.7270301726492352,0.011798874999840336,84.75384305821802,cuda,vit_b
30,result_2018-08-27-15-57-50.png,5,/mnt/Info/COGAR_DATASETs/OCID-dataset/ARID10/floor/bottom/box/seq03/rgb/result_2018-08-27-15-57-50.png,/home/amir/Desktop/COGAR/COGAR_Foundation-Model-Segmentation-for-Robotic-Scenes/outputs/ocid_full/gt_binary_masks/00030_result_2018-08-27-15-57-50_obj5.png,134.0,15.0,248.0,124.0,/home/amir/Desktop/COGAR/COGAR_Foundation-Model-Segmentation-for-Robotic-Scenes/outputs/ocid_full/pilot500/sam_vit_b_box/masks/row_0030_object_5_sam_mask.png,,0.8714377880096436,0.7638929298807099,0.4075187473159129,0.011949251999794797,83.6872467010632,cuda,vit_b
31,result_2018-08-27-15-57-50.png,6,/mnt/Info/COGAR_DATASETs/OCID-dataset/ARID10/floor/bottom/box/seq03/rgb/result_2018-08-27-15-57-50.png,/home/amir/Desktop/COGAR/COGAR_Foundation-Model-Segmentation-for-Robotic-Scenes/outputs/ocid_full/gt_binary_masks/00031_result_2018-08-27-15-57-50_obj6.png,43.0,115.0,197.0,264.0,/home/amir/Desktop/COGAR/COGAR_Foundation-Model-Segmentation-for-Robotic-Scenes/outputs/ocid_full/pilot500/sam_vit_b_box/masks/row_0031_object_6_sam_mask.png,,0.9073151350021362,0.8581811574452621,0.7885669944459059,0.011859205999826372,84.32267725298311,cuda,vit_b
32,result_2018-08-27-15-57-50.png,7,/mnt/Info/COGAR_DATASETs/OCID-dataset/ARID10/floor/bottom/box/seq03/rgb/result_2018-08-27-15-57-50.png,/home/amir/Desktop/COGAR/COGAR_Foundation-Model-Segmentation-for-Robotic-Scenes/outputs/ocid_full/gt_binary_masks/00032_result_2018-08-27-15-57-50_obj7.png,274.0,239.0,488.0,368.0,/home/amir/Desktop/COGAR/COGAR_Foundation-Model-Segmentation-for-Robotic-Scenes/outputs/ocid_full/pilot500/sam_vit_b_box/masks/row_0032_object_7_sam_mask.png,,0.9163879156112671,0.8225074346533103,0.7024551154033404,0.01178675800019846,84.84097153629203,cuda,vit_b
33,result_2018-08-27-15-57-50.png,8,/mnt/Info/COGAR_DATASETs/OCID-dataset/ARID10/floor/bottom/box/seq03/rgb/result_2018-08-27-15-57-50.png,/home/amir/Desktop/COGAR/COGAR_Foundation-Model-Segmentation-for-Robotic-Scenes/outputs/ocid_full/gt_binary_masks/00033_result_2018-08-27-15-57-50_obj8.png,141.0,154.0,397.0,285.0,/home/amir/Desktop/COGAR/COGAR_Foundation-Model-Segmentation-for-Robotic-Scenes/outputs/ocid_full/pilot500/sam_vit_b_box/masks/row_0033_object_8_sam_mask.png,,0.932892382144928,0.8043962008141112,0.5266334504455871,0.011807440000666247,84.69236345419277,cuda,vit_b
34,result_2018-08-27-15-57-50.png,9,/mnt/Info/COGAR_DATASETs/OCID-dataset/ARID10/floor/bottom/box/seq03/rgb/result_2018-08-27-15-57-50.png,/home/amir/Desktop/COGAR/COGAR_Foundation-Model-Segmentation-for-Robotic-Scenes/outputs/ocid_full/gt_binary_masks/00034_result_2018-08-27-15-57-50_obj9.png,103.0,133.0,191.0,194.0,/home/amir/Desktop/COGAR/COGAR_Foundation-Model-Segmentation-for-Robotic-Scenes/outputs/ocid_full/pilot500/sam_vit_b_box/masks/row_0034_object_9_sam_mask.png,,0.9711799025535583,0.8906372934697089,0.8771482212487361,0.01176103600028,85.02652317161451,cuda,vit_b
35,result_2018-08-27-15-57-50.png,10,/mnt/Info/COGAR_DATASETs/OCID-dataset/ARID10/floor/bottom/box/seq03/rgb/result_2018-08-27-15-57-50.png,/home/amir/Desktop/COGAR/COGAR_Foundation-Model-Segmentation-for-Robotic-Scenes/outputs/ocid_full/gt_binary_masks/00035_result_2018-08-27-15-57-50_obj10.png,424.0,129.0,504.0,192.0,/home/amir/Desktop/COGAR/COGAR_Foundation-Model-Segmentation-for-Robotic-Scenes/outputs/ocid_full/pilot500/sam_vit_b_box/masks/row_0035_object_10_sam_mask.png,,0.9696350693702698,0.9015353805073432,0.979012470850654,0.011842768999485997,84.43971169609085,cuda,vit_b
36,result_2018-08-27-15-58-44.png,2,/mnt/Info/COGAR_DATASETs/OCID-dataset/ARID10/floor/bottom/box/seq03/rgb/result_2018-08-27-15-58-44.png,/home/amir/Desktop/COGAR/COGAR_Foundation-Model-Segmentation-for-Robotic-Scenes/outputs/ocid_full/gt_binary_masks/00036_result_2018-08-27-15-58-44_obj2.png,184.0,38.0,446.0,192.0,/home/amir/Desktop/COGAR/COGAR_Foundation-Model-Segmentation-for-Robotic-Scenes/outputs/ocid_full/pilot500/sam_vit_b_box/masks/row_0036_object_2_sam_mask.png,,0.69901442527771,0.10458174494713371,0.10120239389456667,0.15617291600028693,6.40315891904178,cuda,vit_b
37,result_2018-08-27-15-58-44.png,3,/mnt/Info/COGAR_DATASETs/OCID-dataset/ARID10/floor/bottom/box/seq03/rgb/result_2018-08-27-15-58-44.png,/home/amir/Desktop/COGAR/COGAR_Foundation-Model-Segmentation-for-Robotic-Scenes/outputs/ocid_full/gt_binary_masks/00037_result_2018-08-27-15-58-44_obj3.png,390.0,127.0,529.0,258.0,/home/amir/Desktop/COGAR/COGAR_Foundation-Model-Segmentation-for-Robotic-Scenes/outputs/ocid_full/pilot500/sam_vit_b_box/masks/row_0037_object_3_sam_mask.png,,0.799929678440094,0.42511574074074077,0.5807018093258207,0.011761622999983956,85.02227966339034,cuda,vit_b
38,result_2018-08-27-15-58-44.png,4,/mnt/Info/COGAR_DATASETs/OCID-dataset/ARID10/floor/bottom/box/seq03/rgb/result_2018-08-27-15-58-44.png,/home/amir/Desktop/COGAR/COGAR_Foundation-Model-Segmentation-for-Robotic-Scenes/outputs/ocid_full/gt_binary_masks/00038_result_2018-08-27-15-58-44_obj4.png,188.0,164.0,360.0,308.0,/home/amir/Desktop/COGAR/COGAR_Foundation-Model-Segmentation-for-Robotic-Scenes/outputs/ocid_full/pilot500/sam_vit_b_box/masks/row_0038_object_4_sam_mask.png,,0.868071436882019,0.7750672301190934,0.7167232798799272,0.011825197999314696,84.56518022429331,cuda,vit_b
39,result_2018-08-27-15-58-44.png,5,/mnt/Info/COGAR_DATASETs/OCID-dataset/ARID10/floor/bottom/box/seq03/rgb/result_2018-08-27-15-58-44.png,/home/amir/Desktop/COGAR/COGAR_Foundation-Model-Segmentation-for-Robotic-Scenes/outputs/ocid_full/gt_binary_masks/00039_result_2018-08-27-15-58-44_obj5.png,133.0,15.0,249.0,124.0,/home/amir/Desktop/COGAR/COGAR_Foundation-Model-Segmentation-for-Robotic-Scenes/outputs/ocid_full/pilot500/sam_vit_b_box/masks/row_0039_object_5_sam_mask.png,,0.819564938545227,0.7235348266339368,0.403821165107483,0.011795389999861072,84.77888395481439,cuda,vit_b
40,result_2018-08-27-15-58-44.png,6,/mnt/Info/COGAR_DATASETs/OCID-dataset/ARID10/floor/bottom/box/seq03/rgb/result_2018-08-27-15-58-44.png,/home/amir/Desktop/COGAR/COGAR_Foundation-Model-Segmentation-for-Robotic-Scenes/outputs/ocid_full/gt_binary_masks/00040_result_2018-08-27-15-58-44_obj6.png,43.0,115.0,196.0,264.0,/home/amir/Desktop/COGAR/COGAR_Foundation-Model-Segmentation-for-Robotic-Scenes/outputs/ocid_full/pilot500/sam_vit_b_box/masks/row_0040_object_6_sam_mask.png,,0.9122083783149719,0.8664855072463769,0.8416827570640321,0.011781649999647925,84.8777548161661,cuda,vit_b
41,result_2018-08-27-15-58-44.png,7,/mnt/Info/COGAR_DATASETs/OCID-dataset/ARID10/floor/bottom/box/seq03/rgb/result_2018-08-27-15-58-44.png,/home/amir/Desktop/COGAR/COGAR_Foundation-Model-Segmentation-for-Robotic-Scenes/outputs/ocid_full/gt_binary_masks/00041_result_2018-08-27-15-58-44_obj7.png,275.0,239.0,488.0,368.0,/home/amir/Desktop/COGAR/COGAR_Foundation-Model-Segmentation-for-Robotic-Scenes/outputs/ocid_full/pilot500/sam_vit_b_box/masks/row_0041_object_7_sam_mask.png,,0.9475158452987671,0.8929700046624877,0.7732242540543282,0.012241833000189217,81.68711335831352,cuda,vit_b
42,result_2018-08-27-15-58-44.png,8,/mnt/Info/COGAR_DATASETs/OCID-dataset/ARID10/floor/bottom/box/seq03/rgb/result_2018-08-27-15-58-44.png,/home/amir/Desktop/COGAR/COGAR_Foundation-Model-Segmentation-for-Robotic-Scenes/outputs/ocid_full/gt_binary_masks/00042_result_2018-08-27-15-58-44_obj8.png,141.0,154.0,396.0,285.0,/home/amir/Desktop/COGAR/COGAR_Foundation-Model-Segmentation-for-Robotic-Scenes/outputs/ocid_full/pilot500/sam_vit_b_box/masks/row_0042_object_8_sam_mask.png,,0.9158884286880493,0.8042235889620639,0.5036396519258314,0.01859806100037531,53.76904613764951,cuda,vit_b
43,result_2018-08-27-15-58-44.png,9,/mnt/Info/COGAR_DATASETs/OCID-dataset/ARID10/floor/bottom/box/seq03/rgb/result_2018-08-27-15-58-44.png,/home/amir/Desktop/COGAR/COGAR_Foundation-Model-Segmentation-for-Robotic-Scenes/outputs/ocid_full/gt_binary_masks/00043_result_2018-08-27-15-58-44_obj9.png,102.0,132.0,191.0,194.0,/home/amir/Desktop/COGAR/COGAR_Foundation-Model-Segmentation-for-Robotic-Scenes/outputs/ocid_full/pilot500/sam_vit_b_box/masks/row_0043_object_9_sam_mask.png,,0.9724031686782837,0.8927732846334464,0.9033752481800132,0.016382282999984454,61.04155324388847,cuda,vit_b
44,result_2018-08-27-15-58-44.png,10,/mnt/Info/COGAR_DATASETs/OCID-dataset/ARID10/floor/bottom/box/seq03/rgb/result_2018-08-27-15-58-44.png,/home/amir/Desktop/COGAR/COGAR_Foundation-Model-Segmentation-for-Robotic-Scenes/outputs/ocid_full/gt_binary_masks/00044_result_2018-08-27-15-58-44_obj10.png,424.0,129.0,505.0,192.0,/home/amir/Desktop/COGAR/COGAR_Foundation-Model-Segmentation-for-Robotic-Scenes/outputs/ocid_full/pilot500/sam_vit_b_box/masks/row_0044_object_10_sam_mask.png,,0.971142053604126,0.9154312668463612,0.981116061956291,0.013030588000219723,76.74250770442116,cuda,vit_b
45,result_2018-08-27-15-58-44.png,11,/mnt/Info/COGAR_DATASETs/OCID-dataset/ARID10/floor/bottom/box/seq03/rgb/result_2018-08-27-15-58-44.png,/home/amir/Desktop/COGAR/COGAR_Foundation-Model-Segmentation-for-Robotic-Scenes/outputs/ocid_full/gt_binary_masks/00045_result_2018-08-27-15-58-44_obj11.png,236.0,13.0,462.0,110.0,/home/amir/Desktop/COGAR/COGAR_Foundation-Model-Segmentation-for-Robotic-Scenes/outputs/ocid_full/pilot500/sam_vit_b_box/masks/row_0045_object_11_sam_mask.png,,0.8623623847961426,0.5398866167240332,0.21257160753200316,0.012640029000067443,79.11374253925085,cuda,vit_b
46,result_2018-08-27-16-01-55.png,2,/mnt/Info/COGAR_DATASETs/OCID-dataset/ARID10/floor/bottom/box/seq04/rgb/result_2018-08-27-16-01-55.png,/home/amir/Desktop/COGAR/COGAR_Foundation-Model-Segmentation-for-Robotic-Scenes/outputs/ocid_full/gt_binary_masks/00046_result_2018-08-27-16-01-55_obj2.png,194.0,14.0,333.0,145.0,/home/amir/Desktop/COGAR/COGAR_Foundation-Model-Segmentation-for-Robotic-Scenes/outputs/ocid_full/pilot500/sam_vit_b_box/masks/row_0046_object_2_sam_mask.png,,0.947985827922821,0.9274523981682333,0.6688625335735524,0.15980100799970387,6.257782804485521,cuda,vit_b
47,result_2018-08-27-16-02-15.png,2,/mnt/Info/COGAR_DATASETs/OCID-dataset/ARID10/floor/bottom/box/seq04/rgb/result_2018-08-27-16-02-15.png,/home/amir/Desktop/COGAR/COGAR_Foundation-Model-Segmentation-for-Robotic-Scenes/outputs/ocid_full/gt_binary_masks/00047_result_2018-08-27-16-02-15_obj2.png,193.0,14.0,334.0,145.0,/home/amir/Desktop/COGAR/COGAR_Foundation-Model-Segmentation-for-Robotic-Scenes/outputs/ocid_full/pilot500/sam_vit_b_box/masks/row_0047_object_2_sam_mask.png,,0.9016436338424683,0.8600252206809584,0.3735808667065914,0.1553373670003566,6.437601069919669,cuda,vit_b
48,result_2018-08-27-16-02-15.png,3,/mnt/Info/COGAR_DATASETs/OCID-dataset/ARID10/floor/bottom/box/seq04/rgb/result_2018-08-27-16-02-15.png,/home/amir/Desktop/COGAR/COGAR_Foundation-Model-Segmentation-for-Robotic-Scenes/outputs/ocid_full/gt_binary_masks/00048_result_2018-08-27-16-02-15_obj3.png,324.0,13.0,428.0,131.0,/home/amir/Desktop/COGAR/COGAR_Foundation-Model-Segmentation-for-Robotic-Scenes/outputs/ocid_full/pilot500/sam_vit_b_box/masks/row_0048_object_3_sam_mask.png,,0.8668884038925171,0.5917468308909467,0.4603557857214918,0.012590369999998074,79.42578335665695,cuda,vit_b
49,result_2018-08-27-16-02-37.png,2,/mnt/Info/COGAR_DATASETs/OCID-dataset/ARID10/floor/bottom/box/seq04/rgb/result_2018-08-27-16-02-37.png,/home/amir/Desktop/COGAR/COGAR_Foundation-Model-Segmentation-for-Robotic-Scenes/outputs/ocid_full/gt_binary_masks/00049_result_2018-08-27-16-02-37_obj2.png,193.0,14.0,334.0,145.0,/home/amir/Desktop/COGAR/COGAR_Foundation-Model-Segmentation-for-Robotic-Scenes/outputs/ocid_full/pilot500/sam_vit_b_box/masks/row_0049_object_2_sam_mask.png,,0.8937535285949707,0.8943716729469466,0.4268344870988043,0.15598115699958726,6.41103078881923,cuda,vit_b
50,result_2018-08-27-16-02-37.png,3,/mnt/Info/COGAR_DATASETs/OCID-dataset/ARID10/floor/bottom/box/seq04/rgb/result_2018-08-27-16-02-37.png,/home/amir/Desktop/COGAR/COGAR_Foundation-Model-Segmentation-for-Robotic-Scenes/outputs/ocid_full/gt_binary_masks/00050_result_2018-08-27-16-02-37_obj3.png,324.0,13.0,428.0,126.0,/home/amir/Desktop/COGAR/COGAR_Foundation-Model-Segmentation-for-Robotic-Scenes/outputs/ocid_full/pilot500/sam_vit_b_box/masks/row_0050_object_3_sam_mask.png,,0.9048862457275391,0.48770210681038706,0.4735058120607442,0.01260720099980972,79.31974750105856,cuda,vit_b
51,result_2018-08-27-16-02-37.png,4,/mnt/Info/COGAR_DATASETs/OCID-dataset/ARID10/floor/bottom/box/seq04/rgb/result_2018-08-27-16-02-37.png,/home/amir/Desktop/COGAR/COGAR_Foundation-Model-Segmentation-for-Robotic-Scenes/outputs/ocid_full/gt_binary_masks/00051_result_2018-08-27-16-02-37_obj4.png,364.0,86.0,536.0,198.0,/home/amir/Desktop/COGAR/COGAR_Foundation-Model-Segmentation-for-Robotic-Scenes/outputs/ocid_full/pilot500/sam_vit_b_box/masks/row_0051_object_4_sam_mask.png,,0.9706934094429016,0.956046511627907,0.9834119488268529,0.013154252999811433,76.02104049650977,cuda,vit_b
52,result_2018-08-27-16-02-58.png,2,/mnt/Info/COGAR_DATASETs/OCID-dataset/ARID10/floor/bottom/box/seq04/rgb/result_2018-08-27-16-02-58.png,/home/amir/Desktop/COGAR/COGAR_Foundation-Model-Segmentation-for-Robotic-Scenes/outputs/ocid_full/gt_binary_masks/00052_result_2018-08-27-16-02-58_obj2.png,194.0,14.0,334.0,145.0,/home/amir/Desktop/COGAR/COGAR_Foundation-Model-Segmentation-for-Robotic-Scenes/outputs/ocid_full/pilot500/sam_vit_b_box/masks/row_0052_object_2_sam_mask.png,,0.9562523365020752,0.9204102441072393,0.5943469930616269,0.15681760600000416,6.37683500920154,cuda,vit_b
53,result_2018-08-27-16-02-58.png,3,/mnt/Info/COGAR_DATASETs/OCID-dataset/ARID10/floor/bottom/box/seq04/rgb/result_2018-08-27-16-02-58.png,/home/amir/Desktop/COGAR/COGAR_Foundation-Model-Segmentation-for-Robotic-Scenes/outputs/ocid_full/gt_binary_masks/00053_result_2018-08-27-16-02-58_obj3.png,325.0,13.0,428.0,128.0,/home/amir/Desktop/COGAR/COGAR_Foundation-Model-Segmentation-for-Robotic-Scenes/outputs/ocid_full/pilot500/sam_vit_b_box/masks/row_0053_object_3_sam_mask.png,,0.892803966999054,0.5754114230396902,0.47792207792207797,0.012839229000746855,77.88629675051595,cuda,vit_b
54,result_2018-08-27-16-02-58.png,4,/mnt/Info/COGAR_DATASETs/OCID-dataset/ARID10/floor/bottom/box/seq04/rgb/result_2018-08-27-16-02-58.png,/home/amir/Desktop/COGAR/COGAR_Foundation-Model-Segmentation-for-Robotic-Scenes/outputs/ocid_full/gt_binary_masks/00054_result_2018-08-27-16-02-58_obj4.png,363.0,86.0,536.0,170.0,/home/amir/Desktop/COGAR/COGAR_Foundation-Model-Segmentation-for-Robotic-Scenes/outputs/ocid_full/pilot500/sam_vit_b_box/masks/row_0054_object_4_sam_mask.png,,0.933068037033081,0.92992700729927,0.8148106017517917,0.01190888599921891,83.9709104668219,cuda,vit_b
55,result_2018-08-27-16-02-58.png,5,/mnt/Info/COGAR_DATASETs/OCID-dataset/ARID10/floor/bottom/box/seq04/rgb/result_2018-08-27-16-02-58.png,/home/amir/Desktop/COGAR/COGAR_Foundation-Model-Segmentation-for-Robotic-Scenes/outputs/ocid_full/gt_binary_masks/00055_result_2018-08-27-16-02-58_obj5.png,355.0,167.0,545.0,274.0,/home/amir/Desktop/COGAR/COGAR_Foundation-Model-Segmentation-for-Robotic-Scenes/outputs/ocid_full/pilot500/sam_vit_b_box/masks/row_0055_object_5_sam_mask.png,,0.9801893830299377,0.9607296957780327,0.9196102488201653,0.014164551999783725,70.59877361566174,cuda,vit_b
56,result_2018-08-27-16-03-25.png,2,/mnt/Info/COGAR_DATASETs/OCID-dataset/ARID10/floor/bottom/box/seq04/rgb/result_2018-08-27-16-03-25.png,/home/amir/Desktop/COGAR/COGAR_Foundation-Model-Segmentation-for-Robotic-Scenes/outputs/ocid_full/gt_binary_masks/00056_result_2018-08-27-16-03-25_obj2.png,193.0,14.0,334.0,136.0,/home/amir/Desktop/COGAR/COGAR_Foundation-Model-Segmentation-for-Robotic-Scenes/outputs/ocid_full/pilot500/sam_vit_b_box/masks/row_0056_object_2_sam_mask.png,,0.915941596031189,0.8753136970017171,0.3683453237410072,0.15640336700016633,6.393724247630401,cuda,vit_b
57,result_2018-08-27-16-03-25.png,3,/mnt/Info/COGAR_DATASETs/OCID-dataset/ARID10/floor/bottom/box/seq04/rgb/result_2018-08-27-16-03-25.png,/home/amir/Desktop/COGAR/COGAR_Foundation-Model-Segmentation-for-Robotic-Scenes/outputs/ocid_full/gt_binary_masks/00057_result_2018-08-27-16-03-25_obj3.png,325.0,13.0,428.0,128.0,/home/amir/Desktop/COGAR/COGAR_Foundation-Model-Segmentation-for-Robotic-Scenes/outputs/ocid_full/pilot500/sam_vit_b_box/masks/row_0057_object_3_sam_mask.png,,0.8976062536239624,0.5679779158040028,0.45429169416081067,0.012273960999664268,81.47329130566352,cuda,vit_b
58,result_2018-08-27-16-03-25.png,4,/mnt/Info/COGAR_DATASETs/OCID-dataset/ARID10/floor/bottom/box/seq04/rgb/result_2018-08-27-16-03-25.png,/home/amir/Desktop/COGAR/COGAR_Foundation-Model-Segmentation-for-Robotic-Scenes/outputs/ocid_full/gt_binary_masks/00058_result_2018-08-27-16-03-25_obj4.png,364.0,86.0,536.0,170.0,/home/amir/Desktop/COGAR/COGAR_Foundation-Model-Segmentation-for-Robotic-Scenes/outputs/ocid_full/pilot500/sam_vit_b_box/masks/row_0058_object_4_sam_mask.png,,0.9293336272239685,0.9103241077931536,0.7625014791885951,0.01192447900029947,83.86110621477769,cuda,vit_b
59,result_2018-08-27-16-03-25.png,5,/mnt/Info/COGAR_DATASETs/OCID-dataset/ARID10/floor/bottom/box/seq04/rgb/result_2018-08-27-16-03-25.png,/home/amir/Desktop/COGAR/COGAR_Foundation-Model-Segmentation-for-Robotic-Scenes/outputs/ocid_full/gt_binary_masks/00059_result_2018-08-27-16-03-25_obj5.png,355.0,167.0,545.0,274.0,/home/amir/Desktop/COGAR/COGAR_Foundation-Model-Segmentation-for-Robotic-Scenes/outputs/ocid_full/pilot500/sam_vit_b_box/masks/row_0059_object_5_sam_mask.png,,0.9815028309822083,0.9648199901364458,0.9426132966097087,0.011968065000473871,83.55569592581637,cuda,vit_b
60,result_2018-08-27-16-03-25.png,6,/mnt/Info/COGAR_DATASETs/OCID-dataset/ARID10/floor/bottom/box/seq04/rgb/result_2018-08-27-16-03-25.png,/home/amir/Desktop/COGAR/COGAR_Foundation-Model-Segmentation-for-Robotic-Scenes/outputs/ocid_full/gt_binary_masks/00060_result_2018-08-27-16-03-25_obj6.png,194.0,117.0,368.0,219.0,/home/amir/Desktop/COGAR/COGAR_Foundation-Model-Segmentation-for-Robotic-Scenes/outputs/ocid_full/pilot500/sam_vit_b_box/masks/row_0060_object_6_sam_mask.png,,0.8963708877563477,0.7481853713009492,0.6782023923176279,0.01186722100010229,84.26572657502379,cuda,vit_b
61,result_2018-08-27-16-03-50.png,2,/mnt/Info/COGAR_DATASETs/OCID-dataset/ARID10/floor/bottom/box/seq04/rgb/result_2018-08-27-16-03-50.png,/home/amir/Desktop/COGAR/COGAR_Foundation-Model-Segmentation-for-Robotic-Scenes/outputs/ocid_full/gt_binary_masks/00061_result_2018-08-27-16-03-50_obj2.png,193.0,14.0,333.0,136.0,/home/amir/Desktop/COGAR/COGAR_Foundation-Model-Segmentation-for-Robotic-Scenes/outputs/ocid_full/pilot500/sam_vit_b_box/masks/row_0061_object_2_sam_mask.png,,0.9036861658096313,0.8654678654678655,0.36492585428755636,0.15790205099983723,6.333039967929428,cuda,vit_b
62,result_2018-08-27-16-03-50.png,3,/mnt/Info/COGAR_DATASETs/OCID-dataset/ARID10/floor/bottom/box/seq04/rgb/result_2018-08-27-16-03-50.png,/home/amir/Desktop/COGAR/COGAR_Foundation-Model-Segmentation-for-Robotic-Scenes/outputs/ocid_full/gt_binary_masks/00062_result_2018-08-27-16-03-50_obj3.png,325.0,13.0,429.0,126.0,/home/amir/Desktop/COGAR/COGAR_Foundation-Model-Segmentation-for-Robotic-Scenes/outputs/ocid_full/pilot500/sam_vit_b_box/masks/row_0062_object_3_sam_mask.png,,0.9007129073143005,0.5659653952025168,0.4662576687116564,0.012010588000521238,83.25987037075969,cuda,vit_b
63,result_2018-08-27-16-03-50.png,4,/mnt/Info/COGAR_DATASETs/OCID-dataset/ARID10/floor/bottom/box/seq04/rgb/result_2018-08-27-16-03-50.png,/home/amir/Desktop/COGAR/COGAR_Foundation-Model-Segmentation-for-Robotic-Scenes/outputs/ocid_full/gt_binary_masks/00063_result_2018-08-27-16-03-50_obj4.png,363.0,86.0,536.0,170.0,/home/amir/Desktop/COGAR/COGAR_Foundation-Model-Segmentation-for-Robotic-Scenes/outputs/ocid_full/pilot500/sam_vit_b_box/masks/row_0063_object_4_sam_mask.png,,0.9278783798217773,0.9081455805892548,0.7504041323696092,0.012494312999479007,80.03641336996267,cuda,vit_b
64,result_2018-08-27-16-03-50.png,5,/mnt/Info/COGAR_DATASETs/OCID-dataset/ARID10/floor/bottom/box/seq04/rgb/result_2018-08-27-16-03-50.png,/home/amir/Desktop/COGAR/COGAR_Foundation-Model-Segmentation-for-Robotic-Scenes/outputs/ocid_full/gt_binary_masks/00064_result_2018-08-27-16-03-50_obj5.png,355.0,167.0,544.0,274.0,/home/amir/Desktop/COGAR/COGAR_Foundation-Model-Segmentation-for-Robotic-Scenes/outputs/ocid_full/pilot500/sam_vit_b_box/masks/row_0064_object_5_sam_mask.png,,0.9818761348724365,0.9654945054945054,0.9347099452091816,0.014038523000635905,71.23256484707849,cuda,vit_b
65,result_2018-08-27-16-03-50.png,6,/mnt/Info/COGAR_DATASETs/OCID-dataset/ARID10/floor/bottom/box/seq04/rgb/result_2018-08-27-16-03-50.png,/home/amir/Desktop/COGAR/COGAR_Foundation-Model-Segmentation-for-Robotic-Scenes/outputs/ocid_full/gt_binary_masks/00065_result_2018-08-27-16-03-50_obj6.png,195.0,117.0,368.0,219.0,/home/amir/Desktop/COGAR/COGAR_Foundation-Model-Segmentation-for-Robotic-Scenes/outputs/ocid_full/pilot500/sam_vit_b_box/masks/row_0065_object_6_sam_mask.png,,0.9019487500190735,0.7475207933461292,0.6903923399754717,0.012242600000718085,81.6819956497268,cuda,vit_b
66,result_2018-08-27-16-03-50.png,7,/mnt/Info/COGAR_DATASETs/OCID-dataset/ARID10/floor/bottom/box/seq04/rgb/result_2018-08-27-16-03-50.png,/home/amir/Desktop/COGAR/COGAR_Foundation-Model-Segmentation-for-Robotic-Scenes/outputs/ocid_full/gt_binary_masks/00066_result_2018-08-27-16-03-50_obj7.png,87.0,78.0,208.0,198.0,/home/amir/Desktop/COGAR/COGAR_Foundation-Model-Segmentation-for-Robotic-Scenes/outputs/ocid_full/pilot500/sam_vit_b_box/masks/row_0066_object_7_sam_mask.png,,0.986774206161499,0.9281639928698753,0.827269127030808,0.012130048000472016,82.4399046039296,cuda,vit_b
67,result_2018-08-27-16-04-15.png,2,/mnt/Info/COGAR_DATASETs/OCID-dataset/ARID10/floor/bottom/box/seq04/rgb/result_2018-08-27-16-04-15.png,/home/amir/Desktop/COGAR/COGAR_Foundation-Model-Segmentation-for-Robotic-Scenes/outputs/ocid_full/gt_binary_masks/00067_result_2018-08-27-16-04-15_obj2.png,194.0,14.0,334.0,107.0,/home/amir/Desktop/COGAR/COGAR_Foundation-Model-Segmentation-for-Robotic-Scenes/outputs/ocid_full/pilot500/sam_vit_b_box/masks/row_0067_object_2_sam_mask.png,,0.9637784361839294,0.8393042820682484,0.543101758055029,0.15763789199991152,6.343652451280947,cuda,vit_b
68,result_2018-08-27-16-04-15.png,3,/mnt/Info/COGAR_DATASETs/OCID-dataset/ARID10/floor/bottom/box/seq04/rgb/result_2018-08-27-16-04-15.png,/home/amir/Desktop/COGAR/COGAR_Foundation-Model-Segmentation-for-Robotic-Scenes/outputs/ocid_full/gt_binary_masks/00068_result_2018-08-27-16-04-15_obj3.png,326.0,13.0,428.0,128.0,/home/amir/Desktop/COGAR/COGAR_Foundation-Model-Segmentation-for-Robotic-Scenes/outputs/ocid_full/pilot500/sam_vit_b_box/masks/row_0068_object_3_sam_mask.png,,0.8917255401611328,0.49850746268656715,0.4404727156714341,0.011984162999397086,83.44345784101145,cuda,vit_b
69,result_2018-08-27-16-04-15.png,4,/mnt/Info/COGAR_DATASETs/OCID-dataset/ARID10/floor/bottom/box/seq04/rgb/result_2018-08-27-16-04-15.png,/home/amir/Desktop/COGAR/COGAR_Foundation-Model-Segmentation-for-Robotic-Scenes/outputs/ocid_full/gt_binary_masks/00069_result_2018-08-27-16-04-15_obj4.png,364.0,87.0,536.0,170.0,/home/amir/Desktop/COGAR/COGAR_Foundation-Model-Segmentation-for-Robotic-Scenes/outputs/ocid_full/pilot500/sam_vit_b_box/masks/row_0069_object_4_sam_mask.png,,0.9333263635635376,0.9126788806854434,0.7747041312713279,0.012583282999912626,79.47051655811474,cuda,vit_b
70,result_2018-08-27-16-04-15.png,5,/mnt/Info/COGAR_DATASETs/OCID-dataset/ARID10/floor/bottom/box/seq04/rgb/result_2018-08-27-16-04-15.png,/home/amir/Desktop/COGAR/COGAR_Foundation-Model-Segmentation-for-Robotic-Scenes/outputs/ocid_full/gt_binary_masks/00070_result_2018-08-27-16-04-15_obj5.png,354.0,167.0,544.0,274.0,/home/amir/Desktop/COGAR/COGAR_Foundation-Model-Segmentation-for-Robotic-Scenes/outputs/ocid_full/pilot500/sam_vit_b_box/masks/row_0070_object_5_sam_mask.png,,0.9813008904457092,0.9620183887915937,0.9379902125092178,0.011880549999659706,84.17118736326542,cuda,vit_b
71,result_2018-08-27-16-04-15.png,6,/mnt/Info/COGAR_DATASETs/OCID-dataset/ARID10/floor/bottom/box/seq04/rgb/result_2018-08-27-16-04-15.png,/home/amir/Desktop/COGAR/COGAR_Foundation-Model-Segmentation-for-Robotic-Scenes/outputs/ocid_full/gt_binary_masks/00071_result_2018-08-27-16-04-15_obj6.png,200.0,117.0,367.0,219.0,/home/amir/Desktop/COGAR/COGAR_Foundation-Model-Segmentation-for-Robotic-Scenes/outputs/ocid_full/pilot500/sam_vit_b_box/masks/row_0071_object_6_sam_mask.png,,0.9782891869544983,0.9100278889293076,0.8961347734528904,0.01199555900075211,83.36418502358256,cuda,vit_b
72,result_2018-08-27-16-04-15.png,7,/mnt/Info/COGAR_DATASETs/OCID-dataset/ARID10/floor/bottom/box/seq04/rgb/result_2018-08-27-16-04-15.png,/home/amir/Desktop/COGAR/COGAR_Foundation-Model-Segmentation-for-Robotic-Scenes/outputs/ocid_full/gt_binary_masks/00072_result_2018-08-27-16-04-15_obj7.png,88.0,102.0,204.0,197.0,/home/amir/Desktop/COGAR/COGAR_Foundation-Model-Segmentation-for-Robotic-Scenes/outputs/ocid_full/pilot500/sam_vit_b_box/masks/row_0072_object_7_sam_mask.png,,0.9800816178321838,0.9050898203592814,0.8741018601574746,0.011877675000505405,84.19156105529484,cuda,vit_b
73,result_2018-08-27-16-04-15.png,8,/mnt/Info/COGAR_DATASETs/OCID-dataset/ARID10/floor/bottom/box/seq04/rgb/result_2018-08-27-16-04-15.png,/home/amir/Desktop/COGAR/COGAR_Foundation-Model-Segmentation-for-Robotic-Scenes/outputs/ocid_full/gt_binary_masks/00073_result_2018-08-27-16-04-15_obj8.png,103.0,51.0,332.0,177.0,/home/amir/Desktop/COGAR/COGAR_Foundation-Model-Segmentation-for-Robotic-Scenes/outputs/ocid_full/pilot500/sam_vit_b_box/masks/row_0073_object_8_sam_mask.png,,0.9904637336730957,0.9478539649306464,0.9378325016470122,0.011964457999965816,83.58088598771938,cuda,vit_b
74,result_2018-08-27-16-04-53.png,2,/mnt/Info/COGAR_DATASETs/OCID-dataset/ARID10/floor/bottom/box/seq04/rgb/result_2018-08-27-16-04-53.png,/home/amir/Desktop/COGAR/COGAR_Foundation-Model-Segmentation-for-Robotic-Scenes/outputs/ocid_full/gt_binary_masks/00074_result_2018-08-27-16-04-53_obj2.png,194.0,14.0,333.0,107.0,/home/amir/Desktop/COGAR/COGAR_Foundation-Model-Segmentation-for-Robotic-Scenes/outputs/ocid_full/pilot500/sam_vit_b_box/masks/row_0074_object_2_sam_mask.png,,0.9614061117172241,0.8394208932626798,0.5263458883849339,0.1592665569996825,6.278782054678268,cuda,vit_b
75,result_2018-08-27-16-04-53.png,3,/mnt/Info/COGAR_DATASETs/OCID-dataset/ARID10/floor/bottom/box/seq04/rgb/result_2018-08-27-16-04-53.png,/home/amir/Desktop/COGAR/COGAR_Foundation-Model-Segmentation-for-Robotic-Scenes/outputs/ocid_full/gt_binary_masks/00075_result_2018-08-27-16-04-53_obj3.png,325.0,13.0,428.0,118.0,/home/amir/Desktop/COGAR/COGAR_Foundation-Model-Segmentation-for-Robotic-Scenes/outputs/ocid_full/pilot500/sam_vit_b_box/masks/row_0075_object_3_sam_mask.png,,0.9060298204421997,0.5164118246687054,0.4444713818910087,0.011891704999470676,84.09223068050477,cuda,vit_b
76,result_2018-08-27-16-04-53.png,4,/mnt/Info/COGAR_DATASETs/OCID-dataset/ARID10/floor/bottom/box/seq04/rgb/result_2018-08-27-16-04-53.png,/home/amir/Desktop/COGAR/COGAR_Foundation-Model-Segmentation-for-Robotic-Scenes/outputs/ocid_full/gt_binary_masks/00076_result_2018-08-27-16-04-53_obj4.png,365.0,86.0,536.0,170.0,/home/amir/Desktop/COGAR/COGAR_Foundation-Model-Segmentation-for-Robotic-Scenes/outputs/ocid_full/pilot500/sam_vit_b_box/masks/row_0076_object_4_sam_mask.png,,0.9496819376945496,0.9274389650812178,0.810595730768924,0.012072823000380595,82.83066851625962,cuda,vit_b
77,result_2018-08-27-16-04-53.png,5,/mnt/Info/COGAR_DATASETs/OCID-dataset/ARID10/floor/bottom/box/seq04/rgb/result_2018-08-27-16-04-53.png,/home/amir/Desktop/COGAR/COGAR_Foundation-Model-Segmentation-for-Robotic-Scenes/outputs/ocid_full/gt_binary_masks/00077_result_2018-08-27-16-04-53_obj5.png,355.0,166.0,544.0,274.0,/home/amir/Desktop/COGAR/COGAR_Foundation-Model-Segmentation-for-Robotic-Scenes/outputs/ocid_full/pilot500/sam_vit_b_box/masks/row_0077_object_5_sam_mask.png,,0.9784089922904968,0.9572150914041229,0.92896666692755,0.01191792100053135,83.90725194062084,cuda,vit_b
78,result_2018-08-27-16-04-53.png,6,/mnt/Info/COGAR_DATASETs/OCID-dataset/ARID10/floor/bottom/box/seq04/rgb/result_2018-08-27-16-04-53.png,/home/amir/Desktop/COGAR/COGAR_Foundation-Model-Segmentation-for-Robotic-Scenes/outputs/ocid_full/gt_binary_masks/00078_result_2018-08-27-16-04-53_obj6.png,195.0,144.0,357.0,219.0,/home/amir/Desktop/COGAR/COGAR_Foundation-Model-Segmentation-for-Robotic-Scenes/outputs/ocid_full/pilot500/sam_vit_b_box/masks/row_0078_object_6_sam_mask.png,,0.978664755821228,0.9053281853281854,0.8827761064885151,0.012467552999623877,80.20820124287165,cuda,vit_b
79,result_2018-08-27-16-04-53.png,7,/mnt/Info/COGAR_DATASETs/OCID-dataset/ARID10/floor/bottom/box/seq04/rgb/result_2018-08-27-16-04-53.png,/home/amir/Desktop/COGAR/COGAR_Foundation-Model-Segmentation-for-Robotic-Scenes/outputs/ocid_full/gt_binary_masks/00079_result_2018-08-27-16-04-53_obj7.png,87.0,100.0,205.0,198.0,/home/amir/Desktop/COGAR/COGAR_Foundation-Model-Segmentation-for-Robotic-Scenes/outputs/ocid_full/pilot500/sam_vit_b_box/masks/row_0079_object_7_sam_mask.png,,0.979254424571991,0.9062594041528739,0.8458617198304635,0.011921601000722148,83.88135116578933,cuda,vit_b
80,result_2018-08-27-16-04-53.png,8,/mnt/Info/COGAR_DATASETs/OCID-dataset/ARID10/floor/bottom/box/seq04/rgb/result_2018-08-27-16-04-53.png,/home/amir/Desktop/COGAR/COGAR_Foundation-Model-Segmentation-for-Robotic-Scenes/outputs/ocid_full/gt_binary_masks/00080_result_2018-08-27-16-04-53_obj8.png,103.0,51.0,332.0,176.0,/home/amir/Desktop/COGAR/COGAR_Foundation-Model-Segmentation-for-Robotic-Scenes/outputs/ocid_full/pilot500/sam_vit_b_box/masks/row_0080_object_8_sam_mask.png,,0.9838674068450928,0.945088587806149,0.931400128036968,0.014608028999646194,68.45550484765741,cuda,vit_b
81,result_2018-08-27-16-04-53.png,9,/mnt/Info/COGAR_DATASETs/OCID-dataset/ARID10/floor/bottom/box/seq04/rgb/result_2018-08-27-16-04-53.png,/home/amir/Desktop/COGAR/COGAR_Foundation-Model-Segmentation-for-Robotic-Scenes/outputs/ocid_full/gt_binary_masks/00081_result_2018-08-27-16-04-53_obj9.png,323.0,114.0,387.0,185.0,/home/amir/Desktop/COGAR/COGAR_Foundation-Model-Segmentation-for-Robotic-Scenes/outputs/ocid_full/pilot500/sam_vit_b_box/masks/row_0081_object_9_sam_mask.png,,0.9791348576545715,0.9027108433734939,0.8473404255319149,0.011984526000560436,83.44093040919905,cuda,vit_b
82,result_2018-08-27-16-05-09.png,2,/mnt/Info/COGAR_DATASETs/OCID-dataset/ARID10/floor/bottom/box/seq04/rgb/result_2018-08-27-16-05-09.png,/home/amir/Desktop/COGAR/COGAR_Foundation-Model-Segmentation-for-Robotic-Scenes/outputs/ocid_full/gt_binary_masks/00082_result_2018-08-27-16-05-09_obj2.png,193.0,14.0,333.0,107.0,/home/amir/Desktop/COGAR/COGAR_Foundation-Model-Segmentation-for-Robotic-Scenes/outputs/ocid_full/pilot500/sam_vit_b_box/masks/row_0082_object_2_sam_mask.png,,0.9651831984519958,0.8665032525690581,0.5136716671986382,0.15634460900037084,6.396127160339939,cuda,vit_b
83,result_2018-08-27-16-05-09.png,3,/mnt/Info/COGAR_DATASETs/OCID-dataset/ARID10/floor/bottom/box/seq04/rgb/result_2018-08-27-16-05-09.png,/home/amir/Desktop/COGAR/COGAR_Foundation-Model-Segmentation-for-Robotic-Scenes/outputs/ocid_full/gt_binary_masks/00083_result_2018-08-27-16-05-09_obj3.png,325.0,13.0,428.0,118.0,/home/amir/Desktop/COGAR/COGAR_Foundation-Model-Segmentation-for-Robotic-Scenes/outputs/ocid_full/pilot500/sam_vit_b_box/masks/row_0083_object_3_sam_mask.png,,0.8707819581031799,0.5871094558245397,0.39935611781303804,0.01430336300018098,69.91362800394194,cuda,vit_b
84,result_2018-08-27-16-05-09.png,4,/mnt/Info/COGAR_DATASETs/OCID-dataset/ARID10/floor/bottom/box/seq04/rgb/result_2018-08-27-16-05-09.png,/home/amir/Desktop/COGAR/COGAR_Foundation-Model-Segmentation-for-Robotic-Scenes/outputs/ocid_full/gt_binary_masks/00084_result_2018-08-27-16-05-09_obj4.png,366.0,86.0,536.0,170.0,/home/amir/Desktop/COGAR/COGAR_Foundation-Model-Segmentation-for-Robotic-Scenes/outputs/ocid_full/pilot500/sam_vit_b_box/masks/row_0084_object_4_sam_mask.png,,0.9676342010498047,0.9475224346468981,0.9178358862535524,0.012068482999893604,82.86045561888898,cuda,vit_b
85,result_2018-08-27-16-05-09.png,5,/mnt/Info/COGAR_DATASETs/OCID-dataset/ARID10/floor/bottom/box/seq04/rgb/result_2018-08-27-16-05-09.png,/home/amir/Desktop/COGAR/COGAR_Foundation-Model-Segmentation-for-Robotic-Scenes/outputs/ocid_full/gt_binary_masks/00085_result_2018-08-27-16-05-09_obj5.png,355.0,166.0,543.0,274.0,/home/amir/Desktop/COGAR/COGAR_Foundation-Model-Segmentation-for-Robotic-Scenes/outputs/ocid_full/pilot500/sam_vit_b_box/masks/row_0085_object_5_sam_mask.png,,0.982911229133606,0.9632320071524363,0.938723553682732,0.0119486980001966,83.6911268477575,cuda,vit_b
86,result_2018-08-27-16-05-09.png,6,/mnt/Info/COGAR_DATASETs/OCID-dataset/ARID10/floor/bottom/box/seq04/rgb/result_2018-08-27-16-05-09.png,/home/amir/Desktop/COGAR/COGAR_Foundation-Model-Segmentation-for-Robotic-Scenes/outputs/ocid_full/gt_binary_masks/00086_result_2018-08-27-16-05-09_obj6.png,195.0,144.0,356.0,216.0,/home/amir/Desktop/COGAR/COGAR_Foundation-Model-Segmentation-for-Robotic-Scenes/outputs/ocid_full/pilot500/sam_vit_b_box/masks/row_0086_object_6_sam_mask.png,,0.9721225500106812,0.8948297158990648,0.885331347728965,0.01196115800030384,83.60394536838304,cuda,vit_b
87,result_2018-08-27-16-05-09.png,7,/mnt/Info/COGAR_DATASETs/OCID-dataset/ARID10/floor/bottom/box/seq04/rgb/result_2018-08-27-16-05-09.png,/home/amir/Desktop/COGAR/COGAR_Foundation-Model-Segmentation-for-Robotic-Scenes/outputs/ocid_full/gt_binary_masks/00087_result_2018-08-27-16-05-09_obj7.png,87.0,102.0,204.0,198.0,/home/amir/Desktop/COGAR/COGAR_Foundation-Model-Segmentation-for-Robotic-Scenes/outputs/ocid_full/pilot500/sam_vit_b_box/masks/row_0087_object_7_sam_mask.png,,0.9722588658332825,0.8905055849500294,0.7990298797050833,0.011956905999795708,83.63367580351353,cuda,vit_b
88,result_2018-08-27-16-05-09.png,8,/mnt/Info/COGAR_DATASETs/OCID-dataset/ARID10/floor/bottom/box/seq04/rgb/result_2018-08-27-16-05-09.png,/home/amir/Desktop/COGAR/COGAR_Foundation-Model-Segmentation-for-Robotic-Scenes/outputs/ocid_full/gt_binary_masks/00088_result_2018-08-27-16-05-09_obj8.png,103.0,51.0,333.0,176.0,/home/amir/Desktop/COGAR/COGAR_Foundation-Model-Segmentation-for-Robotic-Scenes/outputs/ocid_full/pilot500/sam_vit_b_box/masks/row_0088_object_8_sam_mask.png,,0.9761543273925781,0.9382418155732359,0.9127062509042644,0.01201528599995072,83.22731560481385,cuda,vit_b
89,result_2018-08-27-16-05-09.png,9,/mnt/Info/COGAR_DATASETs/OCID-dataset/ARID10/floor/bottom/box/seq04/rgb/result_2018-08-27-16-05-09.png,/home/amir/Desktop/COGAR/COGAR_Foundation-Model-Segmentation-for-Robotic-Scenes/outputs/ocid_full/gt_binary_masks/00089_result_2018-08-27-16-05-09_obj9.png,324.0,114.0,386.0,185.0,/home/amir/Desktop/COGAR/COGAR_Foundation-Model-Segmentation-for-Robotic-Scenes/outputs/ocid_full/pilot500/sam_vit_b_box/masks/row_0089_object_9_sam_mask.png,,0.9789239764213562,0.9002116722104626,0.8279426616989315,0.012078718999873672,82.79023628337232,cuda,vit_b
90,result_2018-08-27-16-05-09.png,10,/mnt/Info/COGAR_DATASETs/OCID-dataset/ARID10/floor/bottom/box/seq04/rgb/result_2018-08-27-16-05-09.png,/home/amir/Desktop/COGAR/COGAR_Foundation-Model-Segmentation-for-Robotic-Scenes/outputs/ocid_full/gt_binary_masks/00090_result_2018-08-27-16-05-09_obj10.png,190.0,177.0,234.0,243.0,/home/amir/Desktop/COGAR/COGAR_Foundation-Model-Segmentation-for-Robotic-Scenes/outputs/ocid_full/pilot500/sam_vit_b_box/masks/row_0090_object_10_sam_mask.png,,0.9795799255371094,0.8682926829268293,0.8123873983541899,0.014999834000263945,66.66740445143616,cuda,vit_b
91,result_2018-08-27-16-05-49.png,2,/mnt/Info/COGAR_DATASETs/OCID-dataset/ARID10/floor/bottom/box/seq04/rgb/result_2018-08-27-16-05-49.png,/home/amir/Desktop/COGAR/COGAR_Foundation-Model-Segmentation-for-Robotic-Scenes/outputs/ocid_full/gt_binary_masks/00091_result_2018-08-27-16-05-49_obj2.png,194.0,14.0,334.0,107.0,/home/amir/Desktop/COGAR/COGAR_Foundation-Model-Segmentation-for-Robotic-Scenes/outputs/ocid_full/pilot500/sam_vit_b_box/masks/row_0091_object_2_sam_mask.png,,0.970500111579895,0.8532552206368704,0.5398257291085085,0.1549081599996498,6.455437854289023,cuda,vit_b
92,result_2018-08-27-16-05-49.png,3,/mnt/Info/COGAR_DATASETs/OCID-dataset/ARID10/floor/bottom/box/seq04/rgb/result_2018-08-27-16-05-49.png,/home/amir/Desktop/COGAR/COGAR_Foundation-Model-Segmentation-for-Robotic-Scenes/outputs/ocid_full/gt_binary_masks/00092_result_2018-08-27-16-05-49_obj3.png,325.0,13.0,428.0,118.0,/home/amir/Desktop/COGAR/COGAR_Foundation-Model-Segmentation-for-Robotic-Scenes/outputs/ocid_full/pilot500/sam_vit_b_box/masks/row_0092_object_3_sam_mask.png,,0.8735427260398865,0.535012853470437,0.35645390458495,0.014446043000134523,69.22310836197067,cuda,vit_b
93,result_2018-08-27-16-05-49.png,4,/mnt/Info/COGAR_DATASETs/OCID-dataset/ARID10/floor/bottom/box/seq04/rgb/result_2018-08-27-16-05-49.png,/home/amir/Desktop/COGAR/COGAR_Foundation-Model-Segmentation-for-Robotic-Scenes/outputs/ocid_full/gt_binary_masks/00093_result_2018-08-27-16-05-49_obj4.png,366.0,87.0,536.0,170.0,/home/amir/Desktop/COGAR/COGAR_Foundation-Model-Segmentation-for-Robotic-Scenes/outputs/ocid_full/pilot500/sam_vit_b_box/masks/row_0093_object_4_sam_mask.png,,0.9686242938041687,0.9466900995899239,0.9151380494071563,0.012785724999957893,78.21222496208024,cuda,vit_b
94,result_2018-08-27-16-05-49.png,5,/mnt/Info/COGAR_DATASETs/OCID-dataset/ARID10/floor/bottom/box/seq04/rgb/result_2018-08-27-16-05-49.png,/home/amir/Desktop/COGAR/COGAR_Foundation-Model-Segmentation-for-Robotic-Scenes/outputs/ocid_full/gt_binary_masks/00094_result_2018-08-27-16-05-49_obj5.png,360.0,166.0,544.0,274.0,/home/amir/Desktop/COGAR/COGAR_Foundation-Model-Segmentation-for-Robotic-Scenes/outputs/ocid_full/pilot500/sam_vit_b_box/masks/row_0094_object_5_sam_mask.png,,0.9474911689758301,0.9580249768732655,0.8968845754264146,0.012739574000079301,78.49556036911244,cuda,vit_b
95,result_2018-08-27-16-05-49.png,6,/mnt/Info/COGAR_DATASETs/OCID-dataset/ARID10/floor/bottom/box/seq04/rgb/result_2018-08-27-16-05-49.png,/home/amir/Desktop/COGAR/COGAR_Foundation-Model-Segmentation-for-Robotic-Scenes/outputs/ocid_full/gt_binary_masks/00095_result_2018-08-27-16-05-49_obj6.png,195.0,144.0,319.0,217.0,/home/amir/Desktop/COGAR/COGAR_Foundation-Model-Segmentation-for-Robotic-Scenes/outputs/ocid_full/pilot500/sam_vit_b_box/masks/row_0095_object_6_sam_mask.png,,0.9687743782997131,0.902863436123348,0.933546552949538,0.013166531000024406,75.95014966342663,cuda,vit_b
96,result_2018-08-27-16-05-49.png,7,/mnt/Info/COGAR_DATASETs/OCID-dataset/ARID10/floor/bottom/box/seq04/rgb/result_2018-08-27-16-05-49.png,/home/amir/Desktop/COGAR/COGAR_Foundation-Model-Segmentation-for-Robotic-Scenes/outputs/ocid_full/gt_binary_masks/00096_result_2018-08-27-16-05-49_obj7.png,88.0,102.0,204.0,198.0,/home/amir/Desktop/COGAR/COGAR_Foundation-Model-Segmentation-for-Robotic-Scenes/outputs/ocid_full/pilot500/sam_vit_b_box/masks/row_0096_object_7_sam_mask.png,,0.9659223556518555,0.8919601723881706,0.8033049104619417,0.012728145000437507,78.56604398878444,cuda,vit_b
97,result_2018-08-27-16-05-49.png,8,/mnt/Info/COGAR_DATASETs/OCID-dataset/ARID10/floor/bottom/box/seq04/rgb/result_2018-08-27-16-05-49.png,/home/amir/Desktop/COGAR/COGAR_Foundation-Model-Segmentation-for-Robotic-Scenes/outputs/ocid_full/gt_binary_masks/00097_result_2018-08-27-16-05-49_obj8.png,103.0,51.0,333.0,177.0,/home/amir/Desktop/COGAR/COGAR_Foundation-Model-Segmentation-for-Robotic-Scenes/outputs/ocid_full/pilot500/sam_vit_b_box/masks/row_0097_object_8_sam_mask.png,,0.9811851382255554,0.9385307346326837,0.900976290097629,0.012829297000280349,77.94659364251586,cuda,vit_b
98,result_2018-08-27-16-05-49.png,9,/mnt/Info/COGAR_DATASETs/OCID-dataset/ARID10/floor/bottom/box/seq04/rgb/result_2018-08-27-16-05-49.png,/home/amir/Desktop/COGAR/COGAR_Foundation-Model-Segmentation-for-Robotic-Scenes/outputs/ocid_full/gt_binary_masks/00098_result_2018-08-27-16-05-49_obj9.png,324.0,114.0,386.0,180.0,/home/amir/Desktop/COGAR/COGAR_Foundation-Model-Segmentation-for-Robotic-Scenes/outputs/ocid_full/pilot500/sam_vit_b_box/masks/row_0098_object_9_sam_mask.png,,0.9768079519271851,0.9227272727272727,0.9416747882150087,0.012406842000018514,80.60068791063091,cuda,vit_b
99,result_2018-08-27-16-05-49.png,10,/mnt/Info/COGAR_DATASETs/OCID-dataset/ARID10/floor/bottom/box/seq04/rgb/result_2018-08-27-16-05-49.png,/home/amir/Desktop/COGAR/COGAR_Foundation-Model-Segmentation-for-Robotic-Scenes/outputs/ocid_full/gt_binary_masks/00099_result_2018-08-27-16-05-49_obj10.png,190.0,177.0,235.0,242.0,/home/amir/Desktop/COGAR/COGAR_Foundation-Model-Segmentation-for-Robotic-Scenes/outputs/ocid_full/pilot500/sam_vit_b_box/masks/row_0099_object_10_sam_mask.png,,0.9794236421585083,0.8702723146747352,0.8790079033605345,0.01334706699981325,74.92282761553469,cuda,vit_b
100,result_2018-08-27-16-05-49.png,11,/mnt/Info/COGAR_DATASETs/OCID-dataset/ARID10/floor/bottom/box/seq04/rgb/result_2018-08-27-16-05-49.png,/home/amir/Desktop/COGAR/COGAR_Foundation-Model-Segmentation-for-Robotic-Scenes/outputs/ocid_full/gt_binary_masks/00100_result_2018-08-27-16-05-49_obj11.png,289.0,163.0,372.0,251.0,/home/amir/Desktop/COGAR/COGAR_Foundation-Model-Segmentation-for-Robotic-Scenes/outputs/ocid_full/pilot500/sam_vit_b_box/masks/row_0100_object_11_sam_mask.png,,0.9759217500686646,0.9200404858299596,0.916515484261116,0.013568618999670434,73.69946786952222,cuda,vit_b
101,result_2018-08-23-15-03-05.png,4,/mnt/Info/COGAR_DATASETs/OCID-dataset/ARID10/floor/bottom/box/seq33/rgb/result_2018-08-23-15-03-05.png,/home/amir/Desktop/COGAR/COGAR_Foundation-Model-Segmentation-for-Robotic-Scenes/outputs/ocid_full/gt_binary_masks/00101_result_2018-08-23-15-03-05_obj4.png,128.0,72.0,277.0,155.0,/home/amir/Desktop/COGAR/COGAR_Foundation-Model-Segmentation-for-Robotic-Scenes/outputs/ocid_full/pilot500/sam_vit_b_box/masks/row_0101_object_4_sam_mask.png,,0.9377396106719971,0.8482512222640091,0.5551747772446881,0.15885905399954936,6.294888297665658,cuda,vit_b
102,result_2018-08-23-15-03-35.png,4,/mnt/Info/COGAR_DATASETs/OCID-dataset/ARID10/floor/bottom/box/seq33/rgb/result_2018-08-23-15-03-35.png,/home/amir/Desktop/COGAR/COGAR_Foundation-Model-Segmentation-for-Robotic-Scenes/outputs/ocid_full/gt_binary_masks/00102_result_2018-08-23-15-03-35_obj4.png,128.0,72.0,277.0,154.0,/home/amir/Desktop/COGAR/COGAR_Foundation-Model-Segmentation-for-Robotic-Scenes/outputs/ocid_full/pilot500/sam_vit_b_box/masks/row_0102_object_4_sam_mask.png,,0.9130584597587585,0.8659705027451825,0.6295132599227518,0.15534946400021,6.437099776531242,cuda,vit_b
103,result_2018-08-23-15-03-35.png,5,/mnt/Info/COGAR_DATASETs/OCID-dataset/ARID10/floor/bottom/box/seq33/rgb/result_2018-08-23-15-03-35.png,/home/amir/Desktop/COGAR/COGAR_Foundation-Model-Segmentation-for-Robotic-Scenes/outputs/ocid_full/gt_binary_masks/00103_result_2018-08-23-15-03-35_obj5.png,127.0,127.0,296.0,251.0,/home/amir/Desktop/COGAR/COGAR_Foundation-Model-Segmentation-for-Robotic-Scenes/outputs/ocid_full/pilot500/sam_vit_b_box/masks/row_0103_object_5_sam_mask.png,,0.9969476461410522,0.9663286325463476,0.9889575738363184,0.013184424999963085,75.84706955387132,cuda,vit_b
104,result_2018-08-23-15-03-59.png,4,/mnt/Info/COGAR_DATASETs/OCID-dataset/ARID10/floor/bottom/box/seq33/rgb/result_2018-08-23-15-03-59.png,/home/amir/Desktop/COGAR/COGAR_Foundation-Model-Segmentation-for-Robotic-Scenes/outputs/ocid_full/gt_binary_masks/00104_result_2018-08-23-15-03-59_obj4.png,128.0,72.0,277.0,154.0,/home/amir/Desktop/COGAR/COGAR_Foundation-Model-Segmentation-for-Robotic-Scenes/outputs/ocid_full/pilot500/sam_vit_b_box/masks/row_0104_object_4_sam_mask.png,,0.9240735769271851,0.874217231699417,0.6518325034691046,0.1539463760000217,6.495768370668622,cuda,vit_b
105,result_2018-08-23-15-03-59.png,5,/mnt/Info/COGAR_DATASETs/OCID-dataset/ARID10/floor/bottom/box/seq33/rgb/result_2018-08-23-15-03-59.png,/home/amir/Desktop/COGAR/COGAR_Foundation-Model-Segmentation-for-Robotic-Scenes/outputs/ocid_full/gt_binary_masks/00105_result_2018-08-23-15-03-59_obj5.png,127.0,126.0,296.0,233.0,/home/amir/Desktop/COGAR/COGAR_Foundation-Model-Segmentation-for-Robotic-Scenes/outputs/ocid_full/pilot500/sam_vit_b_box/masks/row_0105_object_5_sam_mask.png,,0.8601722121238708,0.7695930443183191,0.6494616227050399,0.012974852999832365,77.07216413264335,cuda,vit_b
106,result_2018-08-23-15-03-59.png,6,/mnt/Info/COGAR_DATASETs/OCID-dataset/ARID10/floor/bottom/box/seq33/rgb/result_2018-08-23-15-03-59.png,/home/amir/Desktop/COGAR/COGAR_Foundation-Model-Segmentation-for-Robotic-Scenes/outputs/ocid_full/gt_binary_masks/00106_result_2018-08-23-15-03-59_obj6.png,133.0,162.0,324.0,358.0,/home/amir/Desktop/COGAR/COGAR_Foundation-Model-Segmentation-for-Robotic-Scenes/outputs/ocid_full/pilot500/sam_vit_b_box/masks/row_0106_object_6_sam_mask.png,,0.9671950340270996,0.9497556421942782,0.9458182451927731,0.01198851699973602,83.41315277127433,cuda,vit_b
107,result_2018-08-23-15-04-29.png,4,/mnt/Info/COGAR_DATASETs/OCID-dataset/ARID10/floor/bottom/box/seq33/rgb/result_2018-08-23-15-04-29.png,/home/amir/Desktop/COGAR/COGAR_Foundation-Model-Segmentation-for-Robotic-Scenes/outputs/ocid_full/gt_binary_masks/00107_result_2018-08-23-15-04-29_obj4.png,204.0,72.0,276.0,148.0,/home/amir/Desktop/COGAR/COGAR_Foundation-Model-Segmentation-for-Robotic-Scenes/outputs/ocid_full/pilot500/sam_vit_b_box/masks/row_0107_object_4_sam_mask.png,,0.9640847444534302,0.8764838892029395,0.8286684623492212,0.15304624500004138,6.533972787112351,cuda,vit_b
108,result_2018-08-23-15-04-29.png,5,/mnt/Info/COGAR_DATASETs/OCID-dataset/ARID10/floor/bottom/box/seq33/rgb/result_2018-08-23-15-04-29.png,/home/amir/Desktop/COGAR/COGAR_Foundation-Model-Segmentation-for-Robotic-Scenes/outputs/ocid_full/gt_binary_masks/00108_result_2018-08-23-15-04-29_obj5.png,139.0,136.0,297.0,233.0,/home/amir/Desktop/COGAR/COGAR_Foundation-Model-Segmentation-for-Robotic-Scenes/outputs/ocid_full/pilot500/sam_vit_b_box/masks/row_0108_object_5_sam_mask.png,,0.9024885892868042,0.9076120319214241,0.9568469525829735,0.012503380000453035,79.97837384481372,cuda,vit_b
109,result_2018-08-23-15-04-29.png,6,/mnt/Info/COGAR_DATASETs/OCID-dataset/ARID10/floor/bottom/box/seq33/rgb/result_2018-08-23-15-04-29.png,/home/amir/Desktop/COGAR/COGAR_Foundation-Model-Segmentation-for-Robotic-Scenes/outputs/ocid_full/gt_binary_masks/00109_result_2018-08-23-15-04-29_obj6.png,133.0,161.0,324.0,359.0,/home/amir/Desktop/COGAR/COGAR_Foundation-Model-Segmentation-for-Robotic-Scenes/outputs/ocid_full/pilot500/sam_vit_b_box/masks/row_0109_object_6_sam_mask.png,,0.9662070870399475,0.9453154875717017,0.9339036464694003,0.012076144999809912,82.80788281490001,cuda,vit_b
110,result_2018-08-23-15-04-29.png,7,/mnt/Info/COGAR_DATASETs/OCID-dataset/ARID10/floor/bottom/box/seq33/rgb/result_2018-08-23-15-04-29.png,/home/amir/Desktop/COGAR/COGAR_Foundation-Model-Segmentation-for-Robotic-Scenes/outputs/ocid_full/gt_binary_masks/00110_result_2018-08-23-15-04-29_obj7.png,67.0,59.0,235.0,186.0,/home/amir/Desktop/COGAR/COGAR_Foundation-Model-Segmentation-for-Robotic-Scenes/outputs/ocid_full/pilot500/sam_vit_b_box/masks/row_0110_object_7_sam_mask.png,,0.9207988977432251,0.8805874840357599,0.5173822998460568,0.012597595000443107,79.38023090636158,cuda,vit_b
111,result_2018-08-23-15-05-19.png,4,/mnt/Info/COGAR_DATASETs/OCID-dataset/ARID10/floor/bottom/box/seq33/rgb/result_2018-08-23-15-05-19.png,/home/amir/Desktop/COGAR/COGAR_Foundation-Model-Segmentation-for-Robotic-Scenes/outputs/ocid_full/gt_binary_masks/00111_result_2018-08-23-15-05-19_obj4.png,204.0,72.0,277.0,148.0,/home/amir/Desktop/COGAR/COGAR_Foundation-Model-Segmentation-for-Robotic-Scenes/outputs/ocid_full/pilot500/sam_vit_b_box/masks/row_0111_object_4_sam_mask.png,,0.9586896896362305,0.8736604624929498,0.8186652626036593,0.15551332900031412,6.430316979440264,cuda,vit_b
112,result_2018-08-23-15-05-19.png,5,/mnt/Info/COGAR_DATASETs/OCID-dataset/ARID10/floor/bottom/box/seq33/rgb/result_2018-08-23-15-05-19.png,/home/amir/Desktop/COGAR/COGAR_Foundation-Model-Segmentation-for-Robotic-Scenes/outputs/ocid_full/gt_binary_masks/00112_result_2018-08-23-15-05-19_obj5.png,137.0,136.0,296.0,233.0,/home/amir/Desktop/COGAR/COGAR_Foundation-Model-Segmentation-for-Robotic-Scenes/outputs/ocid_full/pilot500/sam_vit_b_box/masks/row_0112_object_5_sam_mask.png,,0.9820393323898315,0.9001839926402944,0.8726151448075238,0.013105583000651677,76.30335864877395,cuda,vit_b
113,result_2018-08-23-15-05-19.png,6,/mnt/Info/COGAR_DATASETs/OCID-dataset/ARID10/floor/bottom/box/seq33/rgb/result_2018-08-23-15-05-19.png,/home/amir/Desktop/COGAR/COGAR_Foundation-Model-Segmentation-for-Robotic-Scenes/outputs/ocid_full/gt_binary_masks/00113_result_2018-08-23-15-05-19_obj6.png,133.0,161.0,324.0,359.0,/home/amir/Desktop/COGAR/COGAR_Foundation-Model-Segmentation-for-Robotic-Scenes/outputs/ocid_full/pilot500/sam_vit_b_box/masks/row_0113_object_6_sam_mask.png,,0.9704731702804565,0.9480932784636489,0.9482718081354337,0.012088012999811326,82.7265821120153,cuda,vit_b
114,result_2018-08-23-15-05-19.png,7,/mnt/Info/COGAR_DATASETs/OCID-dataset/ARID10/floor/bottom/box/seq33/rgb/result_2018-08-23-15-05-19.png,/home/amir/Desktop/COGAR/COGAR_Foundation-Model-Segmentation-for-Robotic-Scenes/outputs/ocid_full/gt_binary_masks/00114_result_2018-08-23-15-05-19_obj7.png,111.0,59.0,235.0,186.0,/home/amir/Desktop/COGAR/COGAR_Foundation-Model-Segmentation-for-Robotic-Scenes/outputs/ocid_full/pilot500/sam_vit_b_box/masks/row_0114_object_7_sam_mask.png,,0.9262744784355164,0.8118663963291004,0.45976269271127623,0.011954140999478113,83.65302032522933,cuda,vit_b
115,result_2018-08-23-15-05-44.png,2,/mnt/Info/COGAR_DATASETs/OCID-dataset/ARID10/floor/bottom/box/seq33/rgb/result_2018-08-23-15-05-44.png,/home/amir/Desktop/COGAR/COGAR_Foundation-Model-Segmentation-for-Robotic-Scenes/outputs/ocid_full/gt_binary_masks/00115_result_2018-08-23-15-05-44_obj2.png,265.0,14.0,496.0,197.0,/home/amir/Desktop/COGAR/COGAR_Foundation-Model-Segmentation-for-Robotic-Scenes/outputs/ocid_full/pilot500/sam_vit_b_box/masks/row_0115_object_2_sam_mask.png,,0.8967551589012146,0.8813469363684614,0.6537794537260161,0.15647739599990018,6.390699395333994,cuda,vit_b
116,result_2018-08-23-15-05-44.png,4,/mnt/Info/COGAR_DATASETs/OCID-dataset/ARID10/floor/bottom/box/seq33/rgb/result_2018-08-23-15-05-44.png,/home/amir/Desktop/COGAR/COGAR_Foundation-Model-Segmentation-for-Robotic-Scenes/outputs/ocid_full/gt_binary_masks/00116_result_2018-08-23-15-05-44_obj4.png,204.0,72.0,274.0,148.0,/home/amir/Desktop/COGAR/COGAR_Foundation-Model-Segmentation-for-Robotic-Scenes/outputs/ocid_full/pilot500/sam_vit_b_box/masks/row_0116_object_4_sam_mask.png,,0.9582765698432922,0.8812960235640648,0.9059868413081146,0.012693313999989186,78.78163259814198,cuda,vit_b
117,result_2018-08-23-15-05-44.png,5,/mnt/Info/COGAR_DATASETs/OCID-dataset/ARID10/floor/bottom/box/seq33/rgb/result_2018-08-23-15-05-44.png,/home/amir/Desktop/COGAR/COGAR_Foundation-Model-Segmentation-for-Robotic-Scenes/outputs/ocid_full/gt_binary_masks/00117_result_2018-08-23-15-05-44_obj5.png,139.0,136.0,296.0,233.0,/home/amir/Desktop/COGAR/COGAR_Foundation-Model-Segmentation-for-Robotic-Scenes/outputs/ocid_full/pilot500/sam_vit_b_box/masks/row_0117_object_5_sam_mask.png,,0.9729004502296448,0.8936558649018713,0.8550299046284822,0.012700430999757373,78.73748536715831,cuda,vit_b
118,result_2018-08-23-15-05-44.png,6,/mnt/Info/COGAR_DATASETs/OCID-dataset/ARID10/floor/bottom/box/seq33/rgb/result_2018-08-23-15-05-44.png,/home/amir/Desktop/COGAR/COGAR_Foundation-Model-Segmentation-for-Robotic-Scenes/outputs/ocid_full/gt_binary_masks/00118_result_2018-08-23-15-05-44_obj6.png,133.0,162.0,324.0,358.0,/home/amir/Desktop/COGAR/COGAR_Foundation-Model-Segmentation-for-Robotic-Scenes/outputs/ocid_full/pilot500/sam_vit_b_box/masks/row_0118_object_6_sam_mask.png,,0.9785768389701843,0.9456736035049288,0.9343858021354,0.011994120000053954,83.37418668443384,cuda,vit_b
119,result_2018-08-23-15-05-44.png,7,/mnt/Info/COGAR_DATASETs/OCID-dataset/ARID10/floor/bottom/box/seq33/rgb/result_2018-08-23-15-05-44.png,/home/amir/Desktop/COGAR/COGAR_Foundation-Model-Segmentation-for-Robotic-Scenes/outputs/ocid_full/gt_binary_masks/00119_result_2018-08-23-15-05-44_obj7.png,111.0,59.0,235.0,186.0,/home/amir/Desktop/COGAR/COGAR_Foundation-Model-Segmentation-for-Robotic-Scenes/outputs/ocid_full/pilot500/sam_vit_b_box/masks/row_0119_object_7_sam_mask.png,,0.9352071285247803,0.8674339300937767,0.6111218257794921,0.012186121000013372,82.06056709915343,cuda,vit_b
120,result_2018-08-23-15-05-44.png,9,/mnt/Info/COGAR_DATASETs/OCID-dataset/ARID10/floor/bottom/box/seq33/rgb/result_2018-08-23-15-05-44.png,/home/amir/Desktop/COGAR/COGAR_Foundation-Model-Segmentation-for-Robotic-Scenes/outputs/ocid_full/gt_binary_masks/00120_result_2018-08-23-15-05-44_obj9.png,266.0,38.0,394.0,200.0,/home/amir/Desktop/COGAR/COGAR_Foundation-Model-Segmentation-for-Robotic-Scenes/outputs/ocid_full/pilot500/sam_vit_b_box/masks/row_0120_object_9_sam_mask.png,,0.9640793800354004,0.9260473154162445,0.6349033170770736,0.012175127999398683,82.13466010783533,cuda,vit_b
121,result_2018-08-23-15-06-55.png,2,/mnt/Info/COGAR_DATASETs/OCID-dataset/ARID10/floor/bottom/box/seq33/rgb/result_2018-08-23-15-06-55.png,/home/amir/Desktop/COGAR/COGAR_Foundation-Model-Segmentation-for-Robotic-Scenes/outputs/ocid_full/gt_binary_masks/00121_result_2018-08-23-15-06-55_obj2.png,265.0,14.0,494.0,196.0,/home/amir/Desktop/COGAR/COGAR_Foundation-Model-Segmentation-for-Robotic-Scenes/outputs/ocid_full/pilot500/sam_vit_b_box/masks/row_0121_object_2_sam_mask.png,,0.9040989279747009,0.8812669576501121,0.6531968266566667,0.15777111900024465,6.338295667399363,cuda,vit_b
122,result_2018-08-23-15-06-55.png,4,/mnt/Info/COGAR_DATASETs/OCID-dataset/ARID10/floor/bottom/box/seq33/rgb/result_2018-08-23-15-06-55.png,/home/amir/Desktop/COGAR/COGAR_Foundation-Model-Segmentation-for-Robotic-Scenes/outputs/ocid_full/gt_binary_masks/00122_result_2018-08-23-15-06-55_obj4.png,203.0,72.0,274.0,148.0,/home/amir/Desktop/COGAR/COGAR_Foundation-Model-Segmentation-for-Robotic-Scenes/outputs/ocid_full/pilot500/sam_vit_b_box/masks/row_0122_object_4_sam_mask.png,,0.9570593237876892,0.8917084685748008,0.934443523047155,0.01194169799964584,83.74018502474752,cuda,vit_b
123,result_2018-08-23-15-06-55.png,5,/mnt/Info/COGAR_DATASETs/OCID-dataset/ARID10/floor/bottom/box/seq33/rgb/result_2018-08-23-15-06-55.png,/home/amir/Desktop/COGAR/COGAR_Foundation-Model-Segmentation-for-Robotic-Scenes/outputs/ocid_full/gt_binary_masks/00123_result_2018-08-23-15-06-55_obj5.png,141.0,136.0,297.0,233.0,/home/amir/Desktop/COGAR/COGAR_Foundation-Model-Segmentation-for-Robotic-Scenes/outputs/ocid_full/pilot500/sam_vit_b_box/masks/row_0123_object_5_sam_mask.png,,0.9731727242469788,0.9157452110263199,0.8828371941088412,0.011840092000056757,84.45880319132709,cuda,vit_b
124,result_2018-08-23-15-06-55.png,6,/mnt/Info/COGAR_DATASETs/OCID-dataset/ARID10/floor/bottom/box/seq33/rgb/result_2018-08-23-15-06-55.png,/home/amir/Desktop/COGAR/COGAR_Foundation-Model-Segmentation-for-Robotic-Scenes/outputs/ocid_full/gt_binary_masks/00124_result_2018-08-23-15-06-55_obj6.png,147.0,160.0,324.0,360.0,/home/amir/Desktop/COGAR/COGAR_Foundation-Model-Segmentation-for-Robotic-Scenes/outputs/ocid_full/pilot500/sam_vit_b_box/masks/row_0124_object_6_sam_mask.png,,1.0005985498428345,0.9424523351408081,0.9082899643486457,0.01189685500048654,84.05582819653627,cuda,vit_b
125,result_2018-08-23-15-06-55.png,7,/mnt/Info/COGAR_DATASETs/OCID-dataset/ARID10/floor/bottom/box/seq33/rgb/result_2018-08-23-15-06-55.png,/home/amir/Desktop/COGAR/COGAR_Foundation-Model-Segmentation-for-Robotic-Scenes/outputs/ocid_full/gt_binary_masks/00125_result_2018-08-23-15-06-55_obj7.png,111.0,59.0,235.0,182.0,/home/amir/Desktop/COGAR/COGAR_Foundation-Model-Segmentation-for-Robotic-Scenes/outputs/ocid_full/pilot500/sam_vit_b_box/masks/row_0125_object_7_sam_mask.png,,0.9321907162666321,0.8419647624132408,0.5755659114888573,0.01191457100048865,83.93084400260716,cuda,vit_b
126,result_2018-08-23-15-06-55.png,8,/mnt/Info/COGAR_DATASETs/OCID-dataset/ARID10/floor/bottom/box/seq33/rgb/result_2018-08-23-15-06-55.png,/home/amir/Desktop/COGAR/COGAR_Foundation-Model-Segmentation-for-Robotic-Scenes/outputs/ocid_full/gt_binary_masks/00126_result_2018-08-23-15-06-55_obj8.png,0.0,47.0,131.0,314.0,/home/amir/Desktop/COGAR/COGAR_Foundation-Model-Segmentation-for-Robotic-Scenes/outputs/ocid_full/pilot500/sam_vit_b_box/masks/row_0126_object_8_sam_mask.png,,0.9302641153335571,0.879116483711835,0.43219246470595674,0.011895209999238432,84.0674523664587,cuda,vit_b
127,result_2018-08-23-15-06-55.png,9,/mnt/Info/COGAR_DATASETs/OCID-dataset/ARID10/floor/bottom/box/seq33/rgb/result_2018-08-23-15-06-55.png,/home/amir/Desktop/COGAR/COGAR_Foundation-Model-Segmentation-for-Robotic-Scenes/outputs/ocid_full/gt_binary_masks/00127_result_2018-08-23-15-06-55_obj9.png,265.0,37.0,394.0,200.0,/home/amir/Desktop/COGAR/COGAR_Foundation-Model-Segmentation-for-Robotic-Scenes/outputs/ocid_full/pilot500/sam_vit_b_box/masks/row_0127_object_9_sam_mask.png,,0.9699251651763916,0.920952380952381,0.632971121855343,0.011843860999761091,84.43192638111606,cuda,vit_b
128,result_2018-08-23-15-06-55.png,10,/mnt/Info/COGAR_DATASETs/OCID-dataset/ARID10/floor/bottom/box/seq33/rgb/result_2018-08-23-15-06-55.png,/home/amir/Desktop/COGAR/COGAR_Foundation-Model-Segmentation-for-Robotic-Scenes/outputs/ocid_full/gt_binary_masks/00128_result_2018-08-23-15-06-55_obj10.png,46.0,179.0,174.0,321.0,/home/amir/Desktop/COGAR/COGAR_Foundation-Model-Segmentation-for-Robotic-Scenes/outputs/ocid_full/pilot500/sam_vit_b_box/masks/row_0128_object_10_sam_mask.png,,0.9059669971466064,0.9337156350143363,0.8097264437689969,0.011915163000594475,83.92667393220786,cuda,vit_b
129,result_2018-08-23-15-07-26.png,2,/mnt/Info/COGAR_DATASETs/OCID-dataset/ARID10/floor/bottom/box/seq33/rgb/result_2018-08-23-15-07-26.png,/home/amir/Desktop/COGAR/COGAR_Foundation-Model-Segmentation-for-Robotic-Scenes/outputs/ocid_full/gt_binary_masks/00129_result_2018-08-23-15-07-26_obj2.png,266.0,14.0,494.0,196.0,/home/amir/Desktop/COGAR/COGAR_Foundation-Model-Segmentation-for-Robotic-Scenes/outputs/ocid_full/pilot500/sam_vit_b_box/masks/row_0129_object_2_sam_mask.png,,0.9110081195831299,0.7825282140084792,0.5697800422045208,0.15664719600044918,6.383772104016037,cuda,vit_b
130,result_2018-08-23-15-07-26.png,3,/mnt/Info/COGAR_DATASETs/OCID-dataset/ARID10/floor/bottom/box/seq33/rgb/result_2018-08-23-15-07-26.png,/home/amir/Desktop/COGAR/COGAR_Foundation-Model-Segmentation-for-Robotic-Scenes/outputs/ocid_full/gt_binary_masks/00130_result_2018-08-23-15-07-26_obj3.png,302.0,194.0,522.0,334.0,/home/amir/Desktop/COGAR/COGAR_Foundation-Model-Segmentation-for-Robotic-Scenes/outputs/ocid_full/pilot500/sam_vit_b_box/masks/row_0130_object_3_sam_mask.png,,0.9034912586212158,0.7016702497106003,0.4740751427960458,0.011941798999941966,83.7394767743838,cuda,vit_b
131,result_2018-08-23-15-07-26.png,4,/mnt/Info/COGAR_DATASETs/OCID-dataset/ARID10/floor/bottom/box/seq33/rgb/result_2018-08-23-15-07-26.png,/home/amir/Desktop/COGAR/COGAR_Foundation-Model-Segmentation-for-Robotic-Scenes/outputs/ocid_full/gt_binary_masks/00131_result_2018-08-23-15-07-26_obj4.png,203.0,72.0,273.0,148.0,/home/amir/Desktop/COGAR/COGAR_Foundation-Model-Segmentation-for-Robotic-Scenes/outputs/ocid_full/pilot500/sam_vit_b_box/masks/row_0131_object_4_sam_mask.png,,0.9564365148544312,0.8810858660371791,0.8918279165883901,0.012386269000671746,80.73456179142944,cuda,vit_b
132,result_2018-08-23-15-07-26.png,5,/mnt/Info/COGAR_DATASETs/OCID-dataset/ARID10/floor/bottom/box/seq33/rgb/result_2018-08-23-15-07-26.png,/home/amir/Desktop/COGAR/COGAR_Foundation-Model-Segmentation-for-Robotic-Scenes/outputs/ocid_full/gt_binary_masks/00132_result_2018-08-23-15-07-26_obj5.png,141.0,136.0,296.0,233.0,/home/amir/Desktop/COGAR/COGAR_Foundation-Model-Segmentation-for-Robotic-Scenes/outputs/ocid_full/pilot500/sam_vit_b_box/masks/row_0132_object_5_sam_mask.png,,0.9684696197509766,0.9092463092463092,0.8933973651095303,0.012325892999797361,81.13002441416943,cuda,vit_b
133,result_2018-08-23-15-07-26.png,6,/mnt/Info/COGAR_DATASETs/OCID-dataset/ARID10/floor/bottom/box/seq33/rgb/result_2018-08-23-15-07-26.png,/home/amir/Desktop/COGAR/COGAR_Foundation-Model-Segmentation-for-Robotic-Scenes/outputs/ocid_full/gt_binary_masks/00133_result_2018-08-23-15-07-26_obj6.png,148.0,160.0,325.0,359.0,/home/amir/Desktop/COGAR/COGAR_Foundation-Model-Segmentation-for-Robotic-Scenes/outputs/ocid_full/pilot500/sam_vit_b_box/masks/row_0133_object_6_sam_mask.png,,1.00042724609375,0.9413241475945819,0.8958693411252256,0.015139651000026788,66.05172074298348,cuda,vit_b
134,result_2018-08-23-15-07-26.png,7,/mnt/Info/COGAR_DATASETs/OCID-dataset/ARID10/floor/bottom/box/seq33/rgb/result_2018-08-23-15-07-26.png,/home/amir/Desktop/COGAR/COGAR_Foundation-Model-Segmentation-for-Robotic-Scenes/outputs/ocid_full/gt_binary_masks/00134_result_2018-08-23-15-07-26_obj7.png,105.0,59.0,235.0,182.0,/home/amir/Desktop/COGAR/COGAR_Foundation-Model-Segmentation-for-Robotic-Scenes/outputs/ocid_full/pilot500/sam_vit_b_box/masks/row_0134_object_7_sam_mask.png,,0.943115770816803,0.8805715504371935,0.6624766556529235,0.012114291000216326,82.54713379281898,cuda,vit_b
135,result_2018-08-23-15-07-26.png,8,/mnt/Info/COGAR_DATASETs/OCID-dataset/ARID10/floor/bottom/box/seq33/rgb/result_2018-08-23-15-07-26.png,/home/amir/Desktop/COGAR/COGAR_Foundation-Model-Segmentation-for-Robotic-Scenes/outputs/ocid_full/gt_binary_masks/00135_result_2018-08-23-15-07-26_obj8.png,0.0,46.0,140.0,314.0,/home/amir/Desktop/COGAR/COGAR_Foundation-Model-Segmentation-for-Robotic-Scenes/outputs/ocid_full/pilot500/sam_vit_b_box/masks/row_0135_object_8_sam_mask.png,,0.8876132965087891,0.8618133095131755,0.4182228243608865,0.01215846299965051,82.24723799617966,cuda,vit_b
136,result_2018-08-23-15-07-26.png,9,/mnt/Info/COGAR_DATASETs/OCID-dataset/ARID10/floor/bottom/box/seq33/rgb/result_2018-08-23-15-07-26.png,/home/amir/Desktop/COGAR/COGAR_Foundation-Model-Segmentation-for-Robotic-Scenes/outputs/ocid_full/gt_binary_masks/00136_result_2018-08-23-15-07-26_obj9.png,266.0,37.0,394.0,200.0,/home/amir/Desktop/COGAR/COGAR_Foundation-Model-Segmentation-for-Robotic-Scenes/outputs/ocid_full/pilot500/sam_vit_b_box/masks/row_0136_object_9_sam_mask.png,,0.9145488739013672,0.8535179541539685,0.530772538828482,0.014470799000264378,69.10468454310852,cuda,vit_b
137,result_2018-08-23-15-07-26.png,10,/mnt/Info/COGAR_DATASETs/OCID-dataset/ARID10/floor/bottom/box/seq33/rgb/result_2018-08-23-15-07-26.png,/home/amir/Desktop/COGAR/COGAR_Foundation-Model-Segmentation-for-Robotic-Scenes/outputs/ocid_full/gt_binary_masks/00137_result_2018-08-23-15-07-26_obj10.png,45.0,179.0,176.0,322.0,/home/amir/Desktop/COGAR/COGAR_Foundation-Model-Segmentation-for-Robotic-Scenes/outputs/ocid_full/pilot500/sam_vit_b_box/masks/row_0137_object_10_sam_mask.png,,0.9153568744659424,0.929469976517947,0.8055712764630836,0.01682813199931843,59.42430211746032,cuda,vit_b
138,result_2018-08-23-15-07-26.png,11,/mnt/Info/COGAR_DATASETs/OCID-dataset/ARID10/floor/bottom/box/seq33/rgb/result_2018-08-23-15-07-26.png,/home/amir/Desktop/COGAR/COGAR_Foundation-Model-Segmentation-for-Robotic-Scenes/outputs/ocid_full/gt_binary_masks/00138_result_2018-08-23-15-07-26_obj11.png,328.0,159.0,386.0,254.0,/home/amir/Desktop/COGAR/COGAR_Foundation-Model-Segmentation-for-Robotic-Scenes/outputs/ocid_full/pilot500/sam_vit_b_box/masks/row_0138_object_11_sam_mask.png,,0.9672400951385498,0.9122250423011844,0.8346510978939478,0.015815935999853536,63.22736763788501,cuda,vit_b
139,result_2018-08-23-15-10-09.png,2,/mnt/Info/COGAR_DATASETs/OCID-dataset/ARID10/floor/bottom/box/seq34/rgb/result_2018-08-23-15-10-09.png,/home/amir/Desktop/COGAR/COGAR_Foundation-Model-Segmentation-for-Robotic-Scenes/outputs/ocid_full/gt_binary_masks/00139_result_2018-08-23-15-10-09_obj2.png,311.0,123.0,463.0,275.0,/home/amir/Desktop/COGAR/COGAR_Foundation-Model-Segmentation-for-Robotic-Scenes/outputs/ocid_full/pilot500/sam_vit_b_box/masks/row_0139_object_2_sam_mask.png,,0.9426569938659668,0.8340036744624857,0.5206750268552046,0.15492321600049763,6.4548104913907025,cuda,vit_b
140,result_2018-08-23-15-10-45.png,2,/mnt/Info/COGAR_DATASETs/OCID-dataset/ARID10/floor/bottom/box/seq34/rgb/result_2018-08-23-15-10-45.png,/home/amir/Desktop/COGAR/COGAR_Foundation-Model-Segmentation-for-Robotic-Scenes/outputs/ocid_full/gt_binary_masks/00140_result_2018-08-23-15-10-45_obj2.png,310.0,123.0,463.0,275.0,/home/amir/Desktop/COGAR/COGAR_Foundation-Model-Segmentation-for-Robotic-Scenes/outputs/ocid_full/pilot500/sam_vit_b_box/masks/row_0140_object_2_sam_mask.png,,0.9396200180053711,0.7881554657486404,0.4751149075091997,0.15847575899988442,6.310113334120263,cuda,vit_b
141,result_2018-08-23-15-10-45.png,3,/mnt/Info/COGAR_DATASETs/OCID-dataset/ARID10/floor/bottom/box/seq34/rgb/result_2018-08-23-15-10-45.png,/home/amir/Desktop/COGAR/COGAR_Foundation-Model-Segmentation-for-Robotic-Scenes/outputs/ocid_full/gt_binary_masks/00141_result_2018-08-23-15-10-45_obj3.png,247.0,61.0,344.0,173.0,/home/amir/Desktop/COGAR/COGAR_Foundation-Model-Segmentation-for-Robotic-Scenes/outputs/ocid_full/pilot500/sam_vit_b_box/masks/row_0141_object_3_sam_mask.png,,0.9740133881568909,0.9455198051531855,0.923860079567994,0.013784994000161532,72.5426503622912,cuda,vit_b
142,result_2018-08-23-15-11-09.png,2,/mnt/Info/COGAR_DATASETs/OCID-dataset/ARID10/floor/bottom/box/seq34/rgb/result_2018-08-23-15-11-09.png,/home/amir/Desktop/COGAR/COGAR_Foundation-Model-Segmentation-for-Robotic-Scenes/outputs/ocid_full/gt_binary_masks/00142_result_2018-08-23-15-11-09_obj2.png,310.0,124.0,463.0,275.0,/home/amir/Desktop/COGAR/COGAR_Foundation-Model-Segmentation-for-Robotic-Scenes/outputs/ocid_full/pilot500/sam_vit_b_box/masks/row_0142_object_2_sam_mask.png,,0.9343756437301636,0.78143384185861,0.44125997025821284,0.15662669599987566,6.384607640582509,cuda,vit_b
143,result_2018-08-23-15-11-09.png,3,/mnt/Info/COGAR_DATASETs/OCID-dataset/ARID10/floor/bottom/box/seq34/rgb/result_2018-08-23-15-11-09.png,/home/amir/Desktop/COGAR/COGAR_Foundation-Model-Segmentation-for-Robotic-Scenes/outputs/ocid_full/gt_binary_masks/00143_result_2018-08-23-15-11-09_obj3.png,247.0,61.0,344.0,174.0,/home/amir/Desktop/COGAR/COGAR_Foundation-Model-Segmentation-for-Robotic-Scenes/outputs/ocid_full/pilot500/sam_vit_b_box/masks/row_0143_object_3_sam_mask.png,,0.9806948900222778,0.9476196619790995,0.9663395661165817,0.014353790000313893,69.66801102552927,cuda,vit_b
144,result_2018-08-23-15-11-09.png,4,/mnt/Info/COGAR_DATASETs/OCID-dataset/ARID10/floor/bottom/box/seq34/rgb/result_2018-08-23-15-11-09.png,/home/amir/Desktop/COGAR/COGAR_Foundation-Model-Segmentation-for-Robotic-Scenes/outputs/ocid_full/gt_binary_masks/00144_result_2018-08-23-15-11-09_obj4.png,118.0,15.0,256.0,135.0,/home/amir/Desktop/COGAR/COGAR_Foundation-Model-Segmentation-for-Robotic-Scenes/outputs/ocid_full/pilot500/sam_vit_b_box/masks/row_0144_object_4_sam_mask.png,,0.9350754022598267,0.8446918273146891,0.36694406812463715,0.013911189999816997,71.8845763743544,cuda,vit_b
145,result_2018-08-23-15-11-36.png,2,/mnt/Info/COGAR_DATASETs/OCID-dataset/ARID10/floor/bottom/box/seq34/rgb/result_2018-08-23-15-11-36.png,/home/amir/Desktop/COGAR/COGAR_Foundation-Model-Segmentation-for-Robotic-Scenes/outputs/ocid_full/gt_binary_masks/00145_result_2018-08-23-15-11-36_obj2.png,311.0,124.0,463.0,275.0,/home/amir/Desktop/COGAR/COGAR_Foundation-Model-Segmentation-for-Robotic-Scenes/outputs/ocid_full/pilot500/sam_vit_b_box/masks/row_0145_object_2_sam_mask.png,,0.9397732019424438,0.8056637698531616,0.47996882108982153,0.15649930900053732,6.3898045709362625,cuda,vit_b
146,result_2018-08-23-15-11-36.png,3,/mnt/Info/COGAR_DATASETs/OCID-dataset/ARID10/floor/bottom/box/seq34/rgb/result_2018-08-23-15-11-36.png,/home/amir/Desktop/COGAR/COGAR_Foundation-Model-Segmentation-for-Robotic-Scenes/outputs/ocid_full/gt_binary_masks/00146_result_2018-08-23-15-11-36_obj3.png,248.0,60.0,344.0,174.0,/home/amir/Desktop/COGAR/COGAR_Foundation-Model-Segmentation-for-Robotic-Scenes/outputs/ocid_full/pilot500/sam_vit_b_box/masks/row_0146_object_3_sam_mask.png,,0.9790332317352295,0.9442297784647089,0.9386599969941101,0.013182048000089708,75.8607463721263,cuda,vit_b
147,result_2018-08-23-15-11-36.png,4,/mnt/Info/COGAR_DATASETs/OCID-dataset/ARID10/floor/bottom/box/seq34/rgb/result_2018-08-23-15-11-36.png,/home/amir/Desktop/COGAR/COGAR_Foundation-Model-Segmentation-for-Robotic-Scenes/outputs/ocid_full/gt_binary_masks/00147_result_2018-08-23-15-11-36_obj4.png,178.0,15.0,258.0,131.0,/home/amir/Desktop/COGAR/COGAR_Foundation-Model-Segmentation-for-Robotic-Scenes/outputs/ocid_full/pilot500/sam_vit_b_box/masks/row_0147_object_4_sam_mask.png,,0.8202722668647766,0.6335740072202166,0.2460730073118519,0.012024318999465322,83.16479295371875,cuda,vit_b
148,result_2018-08-23-15-12-03.png,2,/mnt/Info/COGAR_DATASETs/OCID-dataset/ARID10/floor/bottom/box/seq34/rgb/result_2018-08-23-15-12-03.png,/home/amir/Desktop/COGAR/COGAR_Foundation-Model-Segmentation-for-Robotic-Scenes/outputs/ocid_full/gt_binary_masks/00148_result_2018-08-23-15-12-03_obj2.png,311.0,123.0,463.0,275.0,/home/amir/Desktop/COGAR/COGAR_Foundation-Model-Segmentation-for-Robotic-Scenes/outputs/ocid_full/pilot500/sam_vit_b_box/masks/row_0148_object_2_sam_mask.png,,0.9368936419487,0.7867508199980121,0.4146135828437493,0.15620644600039668,6.401784469236696,cuda,vit_b
149,result_2018-08-23-15-12-03.png,3,/mnt/Info/COGAR_DATASETs/OCID-dataset/ARID10/floor/bottom/box/seq34/rgb/result_2018-08-23-15-12-03.png,/home/amir/Desktop/COGAR/COGAR_Foundation-Model-Segmentation-for-Robotic-Scenes/outputs/ocid_full/gt_binary_masks/00149_result_2018-08-23-15-12-03_obj3.png,248.0,60.0,344.0,174.0,/home/amir/Desktop/COGAR/COGAR_Foundation-Model-Segmentation-for-Robotic-Scenes/outputs/ocid_full/pilot500/sam_vit_b_box/masks/row_0149_object_3_sam_mask.png,,0.9735881686210632,0.916300129366106,0.8280440745734345,0.012111188000744733,82.56828313940042,cuda,vit_b
150,result_2018-08-23-15-12-03.png,4,/mnt/Info/COGAR_DATASETs/OCID-dataset/ARID10/floor/bottom/box/seq34/rgb/result_2018-08-23-15-12-03.png,/home/amir/Desktop/COGAR/COGAR_Foundation-Model-Segmentation-for-Robotic-Scenes/outputs/ocid_full/gt_binary_masks/00150_result_2018-08-23-15-12-03_obj4.png,180.0,15.0,255.0,131.0,/home/amir/Desktop/COGAR/COGAR_Foundation-Model-Segmentation-for-Robotic-Scenes/outputs/ocid_full/pilot500/sam_vit_b_box/masks/row_0150_object_4_sam_mask.png,,0.8491584062576294,0.7527703477264043,0.29485884298988646,0.012592678000146407,79.41122610999612,cuda,vit_b
151,result_2018-08-23-15-12-03.png,6,/mnt/Info/COGAR_DATASETs/OCID-dataset/ARID10/floor/bottom/box/seq34/rgb/result_2018-08-23-15-12-03.png,/home/amir/Desktop/COGAR/COGAR_Foundation-Model-Segmentation-for-Robotic-Scenes/outputs/ocid_full/gt_binary_masks/00151_result_2018-08-23-15-12-03_obj6.png,317.0,51.0,456.0,132.0,/home/amir/Desktop/COGAR/COGAR_Foundation-Model-Segmentation-for-Robotic-Scenes/outputs/ocid_full/pilot500/sam_vit_b_box/masks/row_0151_object_6_sam_mask.png,,0.9447507262229919,0.7466455056990333,0.6715688728979049,0.012517826000475907,79.88607606160859,cuda,vit_b
152,result_2018-08-23-15-12-31.png,2,/mnt/Info/COGAR_DATASETs/OCID-dataset/ARID10/floor/bottom/box/seq34/rgb/result_2018-08-23-15-12-31.png,/home/amir/Desktop/COGAR/COGAR_Foundation-Model-Segmentation-for-Robotic-Scenes/outputs/ocid_full/gt_binary_masks/00152_result_2018-08-23-15-12-31_obj2.png,310.0,123.0,463.0,275.0,/home/amir/Desktop/COGAR/COGAR_Foundation-Model-Segmentation-for-Robotic-Scenes/outputs/ocid_full/pilot500/sam_vit_b_box/masks/row_0152_object_2_sam_mask.png,,0.9373698830604553,0.7296665007466401,0.43781077836275667,0.15815760499936005,6.322806924169384,cuda,vit_b
153,result_2018-08-23-15-12-31.png,3,/mnt/Info/COGAR_DATASETs/OCID-dataset/ARID10/floor/bottom/box/seq34/rgb/result_2018-08-23-15-12-31.png,/home/amir/Desktop/COGAR/COGAR_Foundation-Model-Segmentation-for-Robotic-Scenes/outputs/ocid_full/gt_binary_masks/00153_result_2018-08-23-15-12-31_obj3.png,247.0,60.0,343.0,174.0,/home/amir/Desktop/COGAR/COGAR_Foundation-Model-Segmentation-for-Robotic-Scenes/outputs/ocid_full/pilot500/sam_vit_b_box/masks/row_0153_object_3_sam_mask.png,,0.9731484651565552,0.9223060905778241,0.8700337440366143,0.012347231999228825,80.989812134611,cuda,vit_b
154,result_2018-08-23-15-12-31.png,4,/mnt/Info/COGAR_DATASETs/OCID-dataset/ARID10/floor/bottom/box/seq34/rgb/result_2018-08-23-15-12-31.png,/home/amir/Desktop/COGAR/COGAR_Foundation-Model-Segmentation-for-Robotic-Scenes/outputs/ocid_full/gt_binary_masks/00154_result_2018-08-23-15-12-31_obj4.png,180.0,15.0,256.0,131.0,/home/amir/Desktop/COGAR/COGAR_Foundation-Model-Segmentation-for-Robotic-Scenes/outputs/ocid_full/pilot500/sam_vit_b_box/masks/row_0154_object_4_sam_mask.png,,0.8165141344070435,0.663936524187356,0.2674845820758431,0.011990240999693924,83.40115932828432,cuda,vit_b
155,result_2018-08-23-15-12-31.png,5,/mnt/Info/COGAR_DATASETs/OCID-dataset/ARID10/floor/bottom/box/seq34/rgb/result_2018-08-23-15-12-31.png,/home/amir/Desktop/COGAR/COGAR_Foundation-Model-Segmentation-for-Robotic-Scenes/outputs/ocid_full/gt_binary_masks/00155_result_2018-08-23-15-12-31_obj5.png,67.0,15.0,200.0,162.0,/home/amir/Desktop/COGAR/COGAR_Foundation-Model-Segmentation-for-Robotic-Scenes/outputs/ocid_full/pilot500/sam_vit_b_box/masks/row_0155_object_5_sam_mask.png,,0.9721152782440186,0.9103028813663452,0.5308974392847965,0.015348227000686165,65.15410541916623,cuda,vit_b
156,result_2018-08-23-15-12-31.png,6,/mnt/Info/COGAR_DATASETs/OCID-dataset/ARID10/floor/bottom/box/seq34/rgb/result_2018-08-23-15-12-31.png,/home/amir/Desktop/COGAR/COGAR_Foundation-Model-Segmentation-for-Robotic-Scenes/outputs/ocid_full/gt_binary_masks/00156_result_2018-08-23-15-12-31_obj6.png,316.0,55.0,456.0,132.0,/home/amir/Desktop/COGAR/COGAR_Foundation-Model-Segmentation-for-Robotic-Scenes/outputs/ocid_full/pilot500/sam_vit_b_box/masks/row_0156_object_6_sam_mask.png,,0.9251478910446167,0.6868284918424195,0.753882271211005,0.011987134000264632,83.42277645164587,cuda,vit_b
157,result_2018-08-23-15-12-31.png,7,/mnt/Info/COGAR_DATASETs/OCID-dataset/ARID10/floor/bottom/box/seq34/rgb/result_2018-08-23-15-12-31.png,/home/amir/Desktop/COGAR/COGAR_Foundation-Model-Segmentation-for-Robotic-Scenes/outputs/ocid_full/gt_binary_masks/00157_result_2018-08-23-15-12-31_obj7.png,329.0,13.0,441.0,98.0,/home/amir/Desktop/COGAR/COGAR_Foundation-Model-Segmentation-for-Robotic-Scenes/outputs/ocid_full/pilot500/sam_vit_b_box/masks/row_0157_object_7_sam_mask.png,,0.9355536699295044,0.9035751565762005,0.6855488376053819,0.011967907999860472,83.5567920485066,cuda,vit_b
158,result_2018-08-23-15-13-09.png,2,/mnt/Info/COGAR_DATASETs/OCID-dataset/ARID10/floor/bottom/box/seq34/rgb/result_2018-08-23-15-13-09.png,/home/amir/Desktop/COGAR/COGAR_Foundation-Model-Segmentation-for-Robotic-Scenes/outputs/ocid_full/gt_binary_masks/00158_result_2018-08-23-15-13-09_obj2.png,310.0,128.0,463.0,275.0,/home/amir/Desktop/COGAR/COGAR_Foundation-Model-Segmentation-for-Robotic-Scenes/outputs/ocid_full/pilot500/sam_vit_b_box/masks/row_0158_object_2_sam_mask.png,,0.872464120388031,0.6590014864037772,0.6753205383451462,0.159269879999556,6.278651054441604,cuda,vit_b
159,result_2018-08-23-15-13-09.png,3,/mnt/Info/COGAR_DATASETs/OCID-dataset/ARID10/floor/bottom/box/seq34/rgb/result_2018-08-23-15-13-09.png,/home/amir/Desktop/COGAR/COGAR_Foundation-Model-Segmentation-for-Robotic-Scenes/outputs/ocid_full/gt_binary_masks/00159_result_2018-08-23-15-13-09_obj3.png,248.0,60.0,315.0,174.0,/home/amir/Desktop/COGAR/COGAR_Foundation-Model-Segmentation-for-Robotic-Scenes/outputs/ocid_full/pilot500/sam_vit_b_box/masks/row_0159_object_3_sam_mask.png,,0.9531468152999878,0.8858836606150426,0.8405724936580246,0.013780479999695672,72.5664127825797,cuda,vit_b
160,result_2018-08-23-15-13-09.png,4,/mnt/Info/COGAR_DATASETs/OCID-dataset/ARID10/floor/bottom/box/seq34/rgb/result_2018-08-23-15-13-09.png,/home/amir/Desktop/COGAR/COGAR_Foundation-Model-Segmentation-for-Robotic-Scenes/outputs/ocid_full/gt_binary_masks/00160_result_2018-08-23-15-13-09_obj4.png,180.0,15.0,257.0,132.0,/home/amir/Desktop/COGAR/COGAR_Foundation-Model-Segmentation-for-Robotic-Scenes/outputs/ocid_full/pilot500/sam_vit_b_box/masks/row_0160_object_4_sam_mask.png,,0.8087514042854309,0.5537413216765236,0.2449049337197763,0.013298036999913165,75.19906885554084,cuda,vit_b
161,result_2018-08-23-15-13-09.png,5,/mnt/Info/COGAR_DATASETs/OCID-dataset/ARID10/floor/bottom/box/seq34/rgb/result_2018-08-23-15-13-09.png,/home/amir/Desktop/COGAR/COGAR_Foundation-Model-Segmentation-for-Robotic-Scenes/outputs/ocid_full/gt_binary_masks/00161_result_2018-08-23-15-13-09_obj5.png,66.0,15.0,200.0,162.0,/home/amir/Desktop/COGAR/COGAR_Foundation-Model-Segmentation-for-Robotic-Scenes/outputs/ocid_full/pilot500/sam_vit_b_box/masks/row_0161_object_5_sam_mask.png,,0.979093611240387,0.9139256071318783,0.5707317073170732,0.012107615999411792,82.592642519269,cuda,vit_b
162,result_2018-08-23-15-13-09.png,6,/mnt/Info/COGAR_DATASETs/OCID-dataset/ARID10/floor/bottom/box/seq34/rgb/result_2018-08-23-15-13-09.png,/home/amir/Desktop/COGAR/COGAR_Foundation-Model-Segmentation-for-Robotic-Scenes/outputs/ocid_full/gt_binary_masks/00162_result_2018-08-23-15-13-09_obj6.png,317.0,55.0,454.0,132.0,/home/amir/Desktop/COGAR/COGAR_Foundation-Model-Segmentation-for-Robotic-Scenes/outputs/ocid_full/pilot500/sam_vit_b_box/masks/row_0162_object_6_sam_mask.png,,0.9315944910049438,0.8823058446757406,0.9631839062942239,0.012210176999360556,81.89889467223692,cuda,vit_b
163,result_2018-08-23-15-13-09.png,7,/mnt/Info/COGAR_DATASETs/OCID-dataset/ARID10/floor/bottom/box/seq34/rgb/result_2018-08-23-15-13-09.png,/home/amir/Desktop/COGAR/COGAR_Foundation-Model-Segmentation-for-Robotic-Scenes/outputs/ocid_full/gt_binary_masks/00163_result_2018-08-23-15-13-09_obj7.png,328.0,13.0,442.0,98.0,/home/amir/Desktop/COGAR/COGAR_Foundation-Model-Segmentation-for-Robotic-Scenes/outputs/ocid_full/pilot500/sam_vit_b_box/masks/row_0163_object_7_sam_mask.png,,0.956487238407135,0.8782480578623091,0.6912458833180753,0.012067473000570317,82.8673907082899,cuda,vit_b
164,result_2018-08-23-15-13-09.png,8,/mnt/Info/COGAR_DATASETs/OCID-dataset/ARID10/floor/bottom/box/seq34/rgb/result_2018-08-23-15-13-09.png,/home/amir/Desktop/COGAR/COGAR_Foundation-Model-Segmentation-for-Robotic-Scenes/outputs/ocid_full/gt_binary_masks/00164_result_2018-08-23-15-13-09_obj8.png,300.0,66.0,404.0,237.0,/home/amir/Desktop/COGAR/COGAR_Foundation-Model-Segmentation-for-Robotic-Scenes/outputs/ocid_full/pilot500/sam_vit_b_box/masks/row_0164_object_8_sam_mask.png,,0.9707664251327515,0.8653961484640501,0.622552363627176,0.014268961000198033,70.08218748275515,cuda,vit_b
165,result_2018-08-23-15-13-57.png,2,/mnt/Info/COGAR_DATASETs/OCID-dataset/ARID10/floor/bottom/box/seq34/rgb/result_2018-08-23-15-13-57.png,/home/amir/Desktop/COGAR/COGAR_Foundation-Model-Segmentation-for-Robotic-Scenes/outputs/ocid_full/gt_binary_masks/00165_result_2018-08-23-15-13-57_obj2.png,311.0,128.0,463.0,275.0,/home/amir/Desktop/COGAR/COGAR_Foundation-Model-Segmentation-for-Robotic-Scenes/outputs/ocid_full/pilot500/sam_vit_b_box/masks/row_0165_object_2_sam_mask.png,,0.8845208287239075,0.6455462922334357,0.6387759539202797,0.1563609209997594,6.395459898842235,cuda,vit_b
166,result_2018-08-23-15-13-57.png,3,/mnt/Info/COGAR_DATASETs/OCID-dataset/ARID10/floor/bottom/box/seq34/rgb/result_2018-08-23-15-13-57.png,/home/amir/Desktop/COGAR/COGAR_Foundation-Model-Segmentation-for-Robotic-Scenes/outputs/ocid_full/gt_binary_masks/00166_result_2018-08-23-15-13-57_obj3.png,248.0,61.0,314.0,175.0,/home/amir/Desktop/COGAR/COGAR_Foundation-Model-Segmentation-for-Robotic-Scenes/outputs/ocid_full/pilot500/sam_vit_b_box/masks/row_0166_object_3_sam_mask.png,,0.9763830304145813,0.9273743016759777,0.9647397094430993,0.012095664000298711,82.6742541769765,cuda,vit_b
167,result_2018-08-23-15-13-57.png,4,/mnt/Info/COGAR_DATASETs/OCID-dataset/ARID10/floor/bottom/box/seq34/rgb/result_2018-08-23-15-13-57.png,/home/amir/Desktop/COGAR/COGAR_Foundation-Model-Segmentation-for-Robotic-Scenes/outputs/ocid_full/gt_binary_masks/00167_result_2018-08-23-15-13-57_obj4.png,180.0,15.0,256.0,127.0,/home/amir/Desktop/COGAR/COGAR_Foundation-Model-Segmentation-for-Robotic-Scenes/outputs/ocid_full/pilot500/sam_vit_b_box/masks/row_0167_object_4_sam_mask.png,,0.8729378581047058,0.362277763463025,0.2219084870507094,0.01193369900011021,83.79631495572033,cuda,vit_b
168,result_2018-08-23-15-13-57.png,5,/mnt/Info/COGAR_DATASETs/OCID-dataset/ARID10/floor/bottom/box/seq34/rgb/result_2018-08-23-15-13-57.png,/home/amir/Desktop/COGAR/COGAR_Foundation-Model-Segmentation-for-Robotic-Scenes/outputs/ocid_full/gt_binary_masks/00168_result_2018-08-23-15-13-57_obj5.png,65.0,15.0,188.0,162.0,/home/amir/Desktop/COGAR/COGAR_Foundation-Model-Segmentation-for-Robotic-Scenes/outputs/ocid_full/pilot500/sam_vit_b_box/masks/row_0168_object_5_sam_mask.png,,0.9749374389648438,0.8857472983076191,0.455938128545689,0.011983839999629708,83.44570688785058,cuda,vit_b
169,result_2018-08-23-15-13-57.png,6,/mnt/Info/COGAR_DATASETs/OCID-dataset/ARID10/floor/bottom/box/seq34/rgb/result_2018-08-23-15-13-57.png,/home/amir/Desktop/COGAR/COGAR_Foundation-Model-Segmentation-for-Robotic-Scenes/outputs/ocid_full/gt_binary_masks/00169_result_2018-08-23-15-13-57_obj6.png,317.0,54.0,456.0,132.0,/home/amir/Desktop/COGAR/COGAR_Foundation-Model-Segmentation-for-Robotic-Scenes/outputs/ocid_full/pilot500/sam_vit_b_box/masks/row_0169_object_6_sam_mask.png,,0.9395012855529785,0.8775510204081632,0.9422758577829004,0.012028316000396444,83.13715735162269,cuda,vit_b
170,result_2018-08-23-15-13-57.png,7,/mnt/Info/COGAR_DATASETs/OCID-dataset/ARID10/floor/bottom/box/seq34/rgb/result_2018-08-23-15-13-57.png,/home/amir/Desktop/COGAR/COGAR_Foundation-Model-Segmentation-for-Robotic-Scenes/outputs/ocid_full/gt_binary_masks/00170_result_2018-08-23-15-13-57_obj7.png,329.0,13.0,440.0,98.0,/home/amir/Desktop/COGAR/COGAR_Foundation-Model-Segmentation-for-Robotic-Scenes/outputs/ocid_full/pilot500/sam_vit_b_box/masks/row_0170_object_7_sam_mask.png,,0.9601291418075562,0.8672985781990521,0.733360130845785,0.012019338999380125,83.19925081167717,cuda,vit_b
171,result_2018-08-23-15-13-57.png,8,/mnt/Info/COGAR_DATASETs/OCID-dataset/ARID10/floor/bottom/box/seq34/rgb/result_2018-08-23-15-13-57.png,/home/amir/Desktop/COGAR/COGAR_Foundation-Model-Segmentation-for-Robotic-Scenes/outputs/ocid_full/gt_binary_masks/00171_result_2018-08-23-15-13-57_obj8.png,301.0,66.0,404.0,237.0,/home/amir/Desktop/COGAR/COGAR_Foundation-Model-Segmentation-for-Robotic-Scenes/outputs/ocid_full/pilot500/sam_vit_b_box/masks/row_0171_object_8_sam_mask.png,,0.9699604511260986,0.8852994071804436,0.5984712727594523,0.012015158999929554,83.22819531608887,cuda,vit_b
172,result_2018-08-23-15-13-57.png,9,/mnt/Info/COGAR_DATASETs/OCID-dataset/ARID10/floor/bottom/box/seq34/rgb/result_2018-08-23-15-13-57.png,/home/amir/Desktop/COGAR/COGAR_Foundation-Model-Segmentation-for-Robotic-Scenes/outputs/ocid_full/gt_binary_masks/00172_result_2018-08-23-15-13-57_obj9.png,171.0,38.0,242.0,253.0,/home/amir/Desktop/COGAR/COGAR_Foundation-Model-Segmentation-for-Robotic-Scenes/outputs/ocid_full/pilot500/sam_vit_b_box/masks/row_0172_object_9_sam_mask.png,,0.9596193432807922,0.7845443091138177,0.3703514890528898,0.011990537000201584,83.39910047258,cuda,vit_b
173,result_2018-08-23-15-14-32.png,2,/mnt/Info/COGAR_DATASETs/OCID-dataset/ARID10/floor/bottom/box/seq34/rgb/result_2018-08-23-15-14-32.png,/home/amir/Desktop/COGAR/COGAR_Foundation-Model-Segmentation-for-Robotic-Scenes/outputs/ocid_full/gt_binary_masks/00173_result_2018-08-23-15-14-32_obj2.png,311.0,128.0,463.0,275.0,/home/amir/Desktop/COGAR/COGAR_Foundation-Model-Segmentation-for-Robotic-Scenes/outputs/ocid_full/pilot500/sam_vit_b_box/masks/row_0173_object_2_sam_mask.png,,0.869838297367096,0.6512874593549521,0.6403881140084899,0.1521866510001928,6.570878545705912,cuda,vit_b
174,result_2018-08-23-15-14-32.png,3,/mnt/Info/COGAR_DATASETs/OCID-dataset/ARID10/floor/bottom/box/seq34/rgb/result_2018-08-23-15-14-32.png,/home/amir/Desktop/COGAR/COGAR_Foundation-Model-Segmentation-for-Robotic-Scenes/outputs/ocid_full/gt_binary_masks/00174_result_2018-08-23-15-14-32_obj3.png,248.0,61.0,315.0,174.0,/home/amir/Desktop/COGAR/COGAR_Foundation-Model-Segmentation-for-Robotic-Scenes/outputs/ocid_full/pilot500/sam_vit_b_box/masks/row_0174_object_3_sam_mask.png,,0.9768938422203064,0.9295827123695977,0.9734581753462818,0.012249748000613181,81.63433239197602,cuda,vit_b
175,result_2018-08-23-15-14-32.png,4,/mnt/Info/COGAR_DATASETs/OCID-dataset/ARID10/floor/bottom/box/seq34/rgb/result_2018-08-23-15-14-32.png,/home/amir/Desktop/COGAR/COGAR_Foundation-Model-Segmentation-for-Robotic-Scenes/outputs/ocid_full/gt_binary_masks/00175_result_2018-08-23-15-14-32_obj4.png,180.0,15.0,256.0,128.0,/home/amir/Desktop/COGAR/COGAR_Foundation-Model-Segmentation-for-Robotic-Scenes/outputs/ocid_full/pilot500/sam_vit_b_box/masks/row_0175_object_4_sam_mask.png,,0.8969394564628601,0.40749414519906324,0.2296896417684486,0.01199604300018109,83.36082156298575,cuda,vit_b
176,result_2018-08-23-15-14-32.png,5,/mnt/Info/COGAR_DATASETs/OCID-dataset/ARID10/floor/bottom/box/seq34/rgb/result_2018-08-23-15-14-32.png,/home/amir/Desktop/COGAR/COGAR_Foundation-Model-Segmentation-for-Robotic-Scenes/outputs/ocid_full/gt_binary_masks/00176_result_2018-08-23-15-14-32_obj5.png,67.0,15.0,188.0,123.0,/home/amir/Desktop/COGAR/COGAR_Foundation-Model-Segmentation-for-Robotic-Scenes/outputs/ocid_full/pilot500/sam_vit_b_box/masks/row_0176_object_5_sam_mask.png,,0.929519534111023,0.8799373586218897,0.5068119891008174,0.012149958000009065,82.30481125936846,cuda,vit_b
177,result_2018-08-23-15-14-32.png,6,/mnt/Info/COGAR_DATASETs/OCID-dataset/ARID10/floor/bottom/box/seq34/rgb/result_2018-08-23-15-14-32.png,/home/amir/Desktop/COGAR/COGAR_Foundation-Model-Segmentation-for-Robotic-Scenes/outputs/ocid_full/gt_binary_masks/00177_result_2018-08-23-15-14-32_obj6.png,318.0,54.0,455.0,132.0,/home/amir/Desktop/COGAR/COGAR_Foundation-Model-Segmentation-for-Robotic-Scenes/outputs/ocid_full/pilot500/sam_vit_b_box/masks/row_0177_object_6_sam_mask.png,,0.9484323263168335,0.8868613138686131,0.970644604688545,0.012061348000315775,82.90947247138705,cuda,vit_b
178,result_2018-08-23-15-14-32.png,7,/mnt/Info/COGAR_DATASETs/OCID-dataset/ARID10/floor/bottom/box/seq34/rgb/result_2018-08-23-15-14-32.png,/home/amir/Desktop/COGAR/COGAR_Foundation-Model-Segmentation-for-Robotic-Scenes/outputs/ocid_full/gt_binary_masks/00178_result_2018-08-23-15-14-32_obj7.png,327.0,13.0,440.0,98.0,/home/amir/Desktop/COGAR/COGAR_Foundation-Model-Segmentation-for-Robotic-Scenes/outputs/ocid_full/pilot500/sam_vit_b_box/masks/row_0178_object_7_sam_mask.png,,0.9593442678451538,0.8634995419447716,0.7011338154944257,0.012251023999851895,81.62582980917261,cuda,vit_b
179,result_2018-08-23-15-14-32.png,8,/mnt/Info/COGAR_DATASETs/OCID-dataset/ARID10/floor/bottom/box/seq34/rgb/result_2018-08-23-15-14-32.png,/home/amir/Desktop/COGAR/COGAR_Foundation-Model-Segmentation-for-Robotic-Scenes/outputs/ocid_full/gt_binary_masks/00179_result_2018-08-23-15-14-32_obj8.png,301.0,66.0,404.0,237.0,/home/amir/Desktop/COGAR/COGAR_Foundation-Model-Segmentation-for-Robotic-Scenes/outputs/ocid_full/pilot500/sam_vit_b_box/masks/row_0179_object_8_sam_mask.png,,0.9672627449035645,0.884001064820977,0.6004611530251139,0.011979798000538722,83.47386157554834,cuda,vit_b
180,result_2018-08-23-15-14-32.png,9,/mnt/Info/COGAR_DATASETs/OCID-dataset/ARID10/floor/bottom/box/seq34/rgb/result_2018-08-23-15-14-32.png,/home/amir/Desktop/COGAR/COGAR_Foundation-Model-Segmentation-for-Robotic-Scenes/outputs/ocid_full/gt_binary_masks/00180_result_2018-08-23-15-14-32_obj9.png,175.0,37.0,242.0,254.0,/home/amir/Desktop/COGAR/COGAR_Foundation-Model-Segmentation-for-Robotic-Scenes/outputs/ocid_full/pilot500/sam_vit_b_box/masks/row_0180_object_9_sam_mask.png,,0.9621798396110535,0.7873700357934208,0.3237217171862006,0.01507846000004065,66.31977005591447,cuda,vit_b
181,result_2018-08-23-15-14-32.png,10,/mnt/Info/COGAR_DATASETs/OCID-dataset/ARID10/floor/bottom/box/seq34/rgb/result_2018-08-23-15-14-32.png,/home/amir/Desktop/COGAR/COGAR_Foundation-Model-Segmentation-for-Robotic-Scenes/outputs/ocid_full/gt_binary_masks/00181_result_2018-08-23-15-14-32_obj10.png,29.0,108.0,189.0,210.0,/home/amir/Desktop/COGAR/COGAR_Foundation-Model-Segmentation-for-Robotic-Scenes/outputs/ocid_full/pilot500/sam_vit_b_box/masks/row_0181_object_10_sam_mask.png,,0.9699885249137878,0.8798152272539801,0.579362615140876,0.015382036999653792,65.01089550249472,cuda,vit_b
182,result_2018-08-23-15-14-54.png,2,/mnt/Info/COGAR_DATASETs/OCID-dataset/ARID10/floor/bottom/box/seq34/rgb/result_2018-08-23-15-14-54.png,/home/amir/Desktop/COGAR/COGAR_Foundation-Model-Segmentation-for-Robotic-Scenes/outputs/ocid_full/gt_binary_masks/00182_result_2018-08-23-15-14-54_obj2.png,310.0,127.0,463.0,275.0,/home/amir/Desktop/COGAR/COGAR_Foundation-Model-Segmentation-for-Robotic-Scenes/outputs/ocid_full/pilot500/sam_vit_b_box/masks/row_0182_object_2_sam_mask.png,,0.8693405389785767,0.6447426115934404,0.6145064022942835,0.15645911199953844,6.391446220166135,cuda,vit_b
183,result_2018-08-23-15-14-54.png,3,/mnt/Info/COGAR_DATASETs/OCID-dataset/ARID10/floor/bottom/box/seq34/rgb/result_2018-08-23-15-14-54.png,/home/amir/Desktop/COGAR/COGAR_Foundation-Model-Segmentation-for-Robotic-Scenes/outputs/ocid_full/gt_binary_masks/00183_result_2018-08-23-15-14-54_obj3.png,241.0,61.0,314.0,175.0,/home/amir/Desktop/COGAR/COGAR_Foundation-Model-Segmentation-for-Robotic-Scenes/outputs/ocid_full/pilot500/sam_vit_b_box/masks/row_0183_object_3_sam_mask.png,,0.9816327095031738,0.9167282127031019,0.9194882628929912,0.012067530000422266,82.86699929190216,cuda,vit_b
184,result_2018-08-23-15-14-54.png,4,/mnt/Info/COGAR_DATASETs/OCID-dataset/ARID10/floor/bottom/box/seq34/rgb/result_2018-08-23-15-14-54.png,/home/amir/Desktop/COGAR/COGAR_Foundation-Model-Segmentation-for-Robotic-Scenes/outputs/ocid_full/gt_binary_masks/00184_result_2018-08-23-15-14-54_obj4.png,180.0,15.0,255.0,127.0,/home/amir/Desktop/COGAR/COGAR_Foundation-Model-Segmentation-for-Robotic-Scenes/outputs/ocid_full/pilot500/sam_vit_b_box/masks/row_0184_object_4_sam_mask.png,,0.8903613090515137,0.42113523410933823,0.25929064277932456,0.012228181999489607,81.77830523308691,cuda,vit_b
185,result_2018-08-23-15-14-54.png,5,/mnt/Info/COGAR_DATASETs/OCID-dataset/ARID10/floor/bottom/box/seq34/rgb/result_2018-08-23-15-14-54.png,/home/amir/Desktop/COGAR/COGAR_Foundation-Model-Segmentation-for-Robotic-Scenes/outputs/ocid_full/gt_binary_masks/00185_result_2018-08-23-15-14-54_obj5.png,66.0,15.0,188.0,123.0,/home/amir/Desktop/COGAR/COGAR_Foundation-Model-Segmentation-for-Robotic-Scenes/outputs/ocid_full/pilot500/sam_vit_b_box/masks/row_0185_object_5_sam_mask.png,,0.9526463747024536,0.8638954402515723,0.5423076923076923,0.01210324000021501,82.62250438578722,cuda,vit_b
186,result_2018-08-23-15-14-54.png,6,/mnt/Info/COGAR_DATASETs/OCID-dataset/ARID10/floor/bottom/box/seq34/rgb/result_2018-08-23-15-14-54.png,/home/amir/Desktop/COGAR/COGAR_Foundation-Model-Segmentation-for-Robotic-Scenes/outputs/ocid_full/gt_binary_masks/00186_result_2018-08-23-15-14-54_obj6.png,318.0,55.0,456.0,132.0,/home/amir/Desktop/COGAR/COGAR_Foundation-Model-Segmentation-for-Robotic-Scenes/outputs/ocid_full/pilot500/sam_vit_b_box/masks/row_0186_object_6_sam_mask.png,,0.9372055530548096,0.883205799436166,0.9493756237020256,0.014097319000029529,70.93547361721086,cuda,vit_b
187,result_2018-08-23-15-14-54.png,7,/mnt/Info/COGAR_DATASETs/OCID-dataset/ARID10/floor/bottom/box/seq34/rgb/result_2018-08-23-15-14-54.png,/home/amir/Desktop/COGAR/COGAR_Foundation-Model-Segmentation-for-Robotic-Scenes/outputs/ocid_full/gt_binary_masks/00187_result_2018-08-23-15-14-54_obj7.png,327.0,13.0,443.0,98.0,/home/amir/Desktop/COGAR/COGAR_Foundation-Model-Segmentation-for-Robotic-Scenes/outputs/ocid_full/pilot500/sam_vit_b_box/masks/row_0187_object_7_sam_mask.png,,0.9586212635040283,0.8671236488267862,0.6589917098749157,0.012156134000179009,82.26299578346818,cuda,vit_b
188,result_2018-08-23-15-14-54.png,8,/mnt/Info/COGAR_DATASETs/OCID-dataset/ARID10/floor/bottom/box/seq34/rgb/result_2018-08-23-15-14-54.png,/home/amir/Desktop/COGAR/COGAR_Foundation-Model-Segmentation-for-Robotic-Scenes/outputs/ocid_full/gt_binary_masks/00188_result_2018-08-23-15-14-54_obj8.png,299.0,66.0,404.0,237.0,/home/amir/Desktop/COGAR/COGAR_Foundation-Model-Segmentation-for-Robotic-Scenes/outputs/ocid_full/pilot500/sam_vit_b_box/masks/row_0188_object_8_sam_mask.png,,0.9673765897750854,0.889553826717202,0.5986291017660978,0.013430440000774979,74.45772438894755,cuda,vit_b
189,result_2018-08-23-15-14-54.png,9,/mnt/Info/COGAR_DATASETs/OCID-dataset/ARID10/floor/bottom/box/seq34/rgb/result_2018-08-23-15-14-54.png,/home/amir/Desktop/COGAR/COGAR_Foundation-Model-Segmentation-for-Robotic-Scenes/outputs/ocid_full/gt_binary_masks/00189_result_2018-08-23-15-14-54_obj9.png,175.0,37.0,242.0,254.0,/home/amir/Desktop/COGAR/COGAR_Foundation-Model-Segmentation-for-Robotic-Scenes/outputs/ocid_full/pilot500/sam_vit_b_box/masks/row_0189_object_9_sam_mask.png,,0.9573558568954468,0.7922475348520911,0.3201199395903286,0.01301617700028146,76.82747399473564,cuda,vit_b
190,result_2018-08-23-15-14-54.png,10,/mnt/Info/COGAR_DATASETs/OCID-dataset/ARID10/floor/bottom/box/seq34/rgb/result_2018-08-23-15-14-54.png,/home/amir/Desktop/COGAR/COGAR_Foundation-Model-Segmentation-for-Robotic-Scenes/outputs/ocid_full/gt_binary_masks/00190_result_2018-08-23-15-14-54_obj10.png,29.0,107.0,190.0,210.0,/home/amir/Desktop/COGAR/COGAR_Foundation-Model-Segmentation-for-Robotic-Scenes/outputs/ocid_full/pilot500/sam_vit_b_box/masks/row_0190_object_10_sam_mask.png,,0.9361041188240051,0.7687160589604345,0.63566053754812,0.012030767999931413,83.12021310740104,cuda,vit_b
191,result_2018-08-23-15-14-54.png,11,/mnt/Info/COGAR_DATASETs/OCID-dataset/ARID10/floor/bottom/box/seq34/rgb/result_2018-08-23-15-14-54.png,/home/amir/Desktop/COGAR/COGAR_Foundation-Model-Segmentation-for-Robotic-Scenes/outputs/ocid_full/gt_binary_masks/00191_result_2018-08-23-15-14-54_obj11.png,66.0,72.0,129.0,154.0,/home/amir/Desktop/COGAR/COGAR_Foundation-Model-Segmentation-for-Robotic-Scenes/outputs/ocid_full/pilot500/sam_vit_b_box/masks/row_0191_object_11_sam_mask.png,,0.9787837862968445,0.8536834055569718,0.7007915918313045,0.012153069999840227,82.28373571559669,cuda,vit_b
192,result_2018-08-24-17-11-49.png,2,/mnt/Info/COGAR_DATASETs/OCID-dataset/ARID10/floor/bottom/curved/seq05/rgb/result_2018-08-24-17-11-49.png,/home/amir/Desktop/COGAR/COGAR_Foundation-Model-Segmentation-for-Robotic-Scenes/outputs/ocid_full/gt_binary_masks/00192_result_2018-08-24-17-11-49_obj2.png,208.0,253.0,284.0,352.0,/home/amir/Desktop/COGAR/COGAR_Foundation-Model-Segmentation-for-Robotic-Scenes/outputs/ocid_full/pilot500/sam_vit_b_box/masks/row_0192_object_2_sam_mask.png,,0.9901063442230225,0.8941135492859631,0.7969126955159306,0.1576615240001047,6.342701596613616,cuda,vit_b
193,result_2018-08-24-17-12-33.png,2,/mnt/Info/COGAR_DATASETs/OCID-dataset/ARID10/floor/bottom/curved/seq05/rgb/result_2018-08-24-17-12-33.png,/home/amir/Desktop/COGAR/COGAR_Foundation-Model-Segmentation-for-Robotic-Scenes/outputs/ocid_full/gt_binary_masks/00193_result_2018-08-24-17-12-33_obj2.png,217.0,274.0,284.0,351.0,/home/amir/Desktop/COGAR/COGAR_Foundation-Model-Segmentation-for-Robotic-Scenes/outputs/ocid_full/pilot500/sam_vit_b_box/masks/row_0193_object_2_sam_mask.png,,0.9726405739784241,0.8703128731788871,0.823123659962407,0.15984431900051277,6.256087211937711,cuda,vit_b
194,result_2018-08-24-17-12-33.png,3,/mnt/Info/COGAR_DATASETs/OCID-dataset/ARID10/floor/bottom/curved/seq05/rgb/result_2018-08-24-17-12-33.png,/home/amir/Desktop/COGAR/COGAR_Foundation-Model-Segmentation-for-Robotic-Scenes/outputs/ocid_full/gt_binary_masks/00194_result_2018-08-24-17-12-33_obj3.png,171.0,231.0,331.0,299.0,/home/amir/Desktop/COGAR/COGAR_Foundation-Model-Segmentation-for-Robotic-Scenes/outputs/ocid_full/pilot500/sam_vit_b_box/masks/row_0194_object_3_sam_mask.png,,0.9379206299781799,0.8241379310344827,0.7465452834356064,0.014360957000462804,69.63324240632247,cuda,vit_b
195,result_2018-08-24-17-12-55.png,2,/mnt/Info/COGAR_DATASETs/OCID-dataset/ARID10/floor/bottom/curved/seq05/rgb/result_2018-08-24-17-12-55.png,/home/amir/Desktop/COGAR/COGAR_Foundation-Model-Segmentation-for-Robotic-Scenes/outputs/ocid_full/gt_binary_masks/00195_result_2018-08-24-17-12-55_obj2.png,216.0,274.0,286.0,352.0,/home/amir/Desktop/COGAR/COGAR_Foundation-Model-Segmentation-for-Robotic-Scenes/outputs/ocid_full/pilot500/sam_vit_b_box/masks/row_0195_object_2_sam_mask.png,,0.96853107213974,0.877742946708464,0.8250698788766139,0.15964104199974827,6.2640533253446,cuda,vit_b
196,result_2018-08-24-17-12-55.png,3,/mnt/Info/COGAR_DATASETs/OCID-dataset/ARID10/floor/bottom/curved/seq05/rgb/result_2018-08-24-17-12-55.png,/home/amir/Desktop/COGAR/COGAR_Foundation-Model-Segmentation-for-Robotic-Scenes/outputs/ocid_full/gt_binary_masks/00196_result_2018-08-24-17-12-55_obj3.png,172.0,231.0,331.0,299.0,/home/amir/Desktop/COGAR/COGAR_Foundation-Model-Segmentation-for-Robotic-Scenes/outputs/ocid_full/pilot500/sam_vit_b_box/masks/row_0196_object_3_sam_mask.png,,0.9504900574684143,0.8163123844731978,0.7541680430297856,0.012794238999958907,78.16017818669886,cuda,vit_b
197,result_2018-08-24-17-12-55.png,4,/mnt/Info/COGAR_DATASETs/OCID-dataset/ARID10/floor/bottom/curved/seq05/rgb/result_2018-08-24-17-12-55.png,/home/amir/Desktop/COGAR/COGAR_Foundation-Model-Segmentation-for-Robotic-Scenes/outputs/ocid_full/gt_binary_masks/00197_result_2018-08-24-17-12-55_obj4.png,254.0,305.0,371.0,371.0,/home/amir/Desktop/COGAR/COGAR_Foundation-Model-Segmentation-for-Robotic-Scenes/outputs/ocid_full/pilot500/sam_vit_b_box/masks/row_0197_object_4_sam_mask.png,,0.9726473093032837,0.8288288288288288,0.9422778342906529,0.01272833700022602,78.56485886429961,cuda,vit_b
198,result_2018-08-24-17-13-34.png,2,/mnt/Info/COGAR_DATASETs/OCID-dataset/ARID10/floor/bottom/curved/seq05/rgb/result_2018-08-24-17-13-34.png,/home/amir/Desktop/COGAR/COGAR_Foundation-Model-Segmentation-for-Robotic-Scenes/outputs/ocid_full/gt_binary_masks/00198_result_2018-08-24-17-13-34_obj2.png,216.0,274.0,284.0,354.0,/home/amir/Desktop/COGAR/COGAR_Foundation-Model-Segmentation-for-Robotic-Scenes/outputs/ocid_full/pilot500/sam_vit_b_box/masks/row_0198_object_2_sam_mask.png,,0.9587506055831909,0.8472256172085065,0.74904094150285,0.15795692000028794,6.33084007967601,cuda,vit_b
199,result_2018-08-24-17-13-34.png,3,/mnt/Info/COGAR_DATASETs/OCID-dataset/ARID10/floor/bottom/curved/seq05/rgb/result_2018-08-24-17-13-34.png,/home/amir/Desktop/COGAR/COGAR_Foundation-Model-Segmentation-for-Robotic-Scenes/outputs/ocid_full/gt_binary_masks/00199_result_2018-08-24-17-13-34_obj3.png,172.0,232.0,332.0,299.0,/home/amir/Desktop/COGAR/COGAR_Foundation-Model-Segmentation-for-Robotic-Scenes/outputs/ocid_full/pilot500/sam_vit_b_box/masks/row_0199_object_3_sam_mask.png,,0.9406762719154358,0.8037298157834888,0.6727215268140535,0.015269199000613298,65.49132013800032,cuda,vit_b
200,result_2018-08-24-17-13-34.png,4,/mnt/Info/COGAR_DATASETs/OCID-dataset/ARID10/floor/bottom/curved/seq05/rgb/result_2018-08-24-17-13-34.png,/home/amir/Desktop/COGAR/COGAR_Foundation-Model-Segmentation-for-Robotic-Scenes/outputs/ocid_full/gt_binary_masks/00200_result_2018-08-24-17-13-34_obj4.png,255.0,305.0,371.0,373.0,/home/amir/Desktop/COGAR/COGAR_Foundation-Model-Segmentation-for-Robotic-Scenes/outputs/ocid_full/pilot500/sam_vit_b_box/masks/row_0200_object_4_sam_mask.png,,0.9724693298339844,0.8317692040319777,0.9113185253324664,0.012530130999948597,79.8076253156573,cuda,vit_b
201,result_2018-08-24-17-13-34.png,5,/mnt/Info/COGAR_DATASETs/OCID-dataset/ARID10/floor/bottom/curved/seq05/rgb/result_2018-08-24-17-13-34.png,/home/amir/Desktop/COGAR/COGAR_Foundation-Model-Segmentation-for-Robotic-Scenes/outputs/ocid_full/gt_binary_masks/00201_result_2018-08-24-17-13-34_obj5.png,303.0,195.0,404.0,254.0,/home/amir/Desktop/COGAR/COGAR_Foundation-Model-Segmentation-for-Robotic-Scenes/outputs/ocid_full/pilot500/sam_vit_b_box/masks/row_0201_object_5_sam_mask.png,,0.9740689992904663,0.9255474452554745,0.9535838568792769,0.018810388000019884,53.16211446563159,cuda,vit_b
202,result_2018-08-24-17-13-56.png,2,/mnt/Info/COGAR_DATASETs/OCID-dataset/ARID10/floor/bottom/curved/seq05/rgb/result_2018-08-24-17-13-56.png,/home/amir/Desktop/COGAR/COGAR_Foundation-Model-Segmentation-for-Robotic-Scenes/outputs/ocid_full/gt_binary_masks/00202_result_2018-08-24-17-13-56_obj2.png,216.0,273.0,284.0,352.0,/home/amir/Desktop/COGAR/COGAR_Foundation-Model-Segmentation-for-Robotic-Scenes/outputs/ocid_full/pilot500/sam_vit_b_box/masks/row_0202_object_2_sam_mask.png,,0.9665394425392151,0.8508367693427116,0.828039286142053,0.1591113160002351,6.284908107972172,cuda,vit_b
203,result_2018-08-24-17-13-56.png,3,/mnt/Info/COGAR_DATASETs/OCID-dataset/ARID10/floor/bottom/curved/seq05/rgb/result_2018-08-24-17-13-56.png,/home/amir/Desktop/COGAR/COGAR_Foundation-Model-Segmentation-for-Robotic-Scenes/outputs/ocid_full/gt_binary_masks/00203_result_2018-08-24-17-13-56_obj3.png,172.0,231.0,334.0,299.0,/home/amir/Desktop/COGAR/COGAR_Foundation-Model-Segmentation-for-Robotic-Scenes/outputs/ocid_full/pilot500/sam_vit_b_box/masks/row_0203_object_3_sam_mask.png,,0.9537426233291626,0.8113121135791161,0.708927900710378,0.012034661999678065,83.09331828569432,cuda,vit_b
204,result_2018-08-24-17-13-56.png,4,/mnt/Info/COGAR_DATASETs/OCID-dataset/ARID10/floor/bottom/curved/seq05/rgb/result_2018-08-24-17-13-56.png,/home/amir/Desktop/COGAR/COGAR_Foundation-Model-Segmentation-for-Robotic-Scenes/outputs/ocid_full/gt_binary_masks/00204_result_2018-08-24-17-13-56_obj4.png,253.0,305.0,372.0,371.0,/home/amir/Desktop/COGAR/COGAR_Foundation-Model-Segmentation-for-Robotic-Scenes/outputs/ocid_full/pilot500/sam_vit_b_box/masks/row_0204_object_4_sam_mask.png,,0.9719160795211792,0.8280871670702179,0.9207545392459318,0.012028559000100358,83.13547782337491,cuda,vit_b
205,result_2018-08-24-17-13-56.png,5,/mnt/Info/COGAR_DATASETs/OCID-dataset/ARID10/floor/bottom/curved/seq05/rgb/result_2018-08-24-17-13-56.png,/home/amir/Desktop/COGAR/COGAR_Foundation-Model-Segmentation-for-Robotic-Scenes/outputs/ocid_full/gt_binary_masks/00205_result_2018-08-24-17-13-56_obj5.png,303.0,194.0,404.0,255.0,/home/amir/Desktop/COGAR/COGAR_Foundation-Model-Segmentation-for-Robotic-Scenes/outputs/ocid_full/pilot500/sam_vit_b_box/masks/row_0205_object_5_sam_mask.png,,0.9676066637039185,0.9002136100091547,0.9237508934541513,0.013417906000540825,74.5272772040357,cuda,vit_b
206,result_2018-08-24-17-13-56.png,6,/mnt/Info/COGAR_DATASETs/OCID-dataset/ARID10/floor/bottom/curved/seq05/rgb/result_2018-08-24-17-13-56.png,/home/amir/Desktop/COGAR/COGAR_Foundation-Model-Segmentation-for-Robotic-Scenes/outputs/ocid_full/gt_binary_masks/00206_result_2018-08-24-17-13-56_obj6.png,379.0,219.0,435.0,274.0,/home/amir/Desktop/COGAR/COGAR_Foundation-Model-Segmentation-for-Robotic-Scenes/outputs/ocid_full/pilot500/sam_vit_b_box/masks/row_0206_object_6_sam_mask.png,,0.9748691320419312,0.9145231499802137,0.9599388126343642,0.012593235000167624,79.4077137436639,cuda,vit_b
207,result_2018-08-24-17-14-18.png,2,/mnt/Info/COGAR_DATASETs/OCID-dataset/ARID10/floor/bottom/curved/seq05/rgb/result_2018-08-24-17-14-18.png,/home/amir/Desktop/COGAR/COGAR_Foundation-Model-Segmentation-for-Robotic-Scenes/outputs/ocid_full/gt_binary_masks/00207_result_2018-08-24-17-14-18_obj2.png,218.0,273.0,284.0,356.0,/home/amir/Desktop/COGAR/COGAR_Foundation-Model-Segmentation-for-Robotic-Scenes/outputs/ocid_full/pilot500/sam_vit_b_box/masks/row_0207_object_2_sam_mask.png,,0.9613380432128906,0.8751853682649531,0.8153363304775638,0.15873486600048636,6.299813173981172,cuda,vit_b
208,result_2018-08-24-17-14-18.png,3,/mnt/Info/COGAR_DATASETs/OCID-dataset/ARID10/floor/bottom/curved/seq05/rgb/result_2018-08-24-17-14-18.png,/home/amir/Desktop/COGAR/COGAR_Foundation-Model-Segmentation-for-Robotic-Scenes/outputs/ocid_full/gt_binary_masks/00208_result_2018-08-24-17-14-18_obj3.png,171.0,231.0,334.0,299.0,/home/amir/Desktop/COGAR/COGAR_Foundation-Model-Segmentation-for-Robotic-Scenes/outputs/ocid_full/pilot500/sam_vit_b_box/masks/row_0208_object_3_sam_mask.png,,0.9502795934677124,0.803178206583428,0.678106617086775,0.011961973999859765,83.59824223089963,cuda,vit_b
209,result_2018-08-24-17-14-18.png,4,/mnt/Info/COGAR_DATASETs/OCID-dataset/ARID10/floor/bottom/curved/seq05/rgb/result_2018-08-24-17-14-18.png,/home/amir/Desktop/COGAR/COGAR_Foundation-Model-Segmentation-for-Robotic-Scenes/outputs/ocid_full/gt_binary_masks/00209_result_2018-08-24-17-14-18_obj4.png,253.0,305.0,372.0,372.0,/home/amir/Desktop/COGAR/COGAR_Foundation-Model-Segmentation-for-Robotic-Scenes/outputs/ocid_full/pilot500/sam_vit_b_box/masks/row_0209_object_4_sam_mask.png,,0.9712218046188354,0.8293691830403309,0.9227679879129858,0.011976630999924964,83.49593470870607,cuda,vit_b
210,result_2018-08-24-17-14-18.png,5,/mnt/Info/COGAR_DATASETs/OCID-dataset/ARID10/floor/bottom/curved/seq05/rgb/result_2018-08-24-17-14-18.png,/home/amir/Desktop/COGAR/COGAR_Foundation-Model-Segmentation-for-Robotic-Scenes/outputs/ocid_full/gt_binary_masks/00210_result_2018-08-24-17-14-18_obj5.png,303.0,195.0,403.0,256.0,/home/amir/Desktop/COGAR/COGAR_Foundation-Model-Segmentation-for-Robotic-Scenes/outputs/ocid_full/pilot500/sam_vit_b_box/masks/row_0210_object_5_sam_mask.png,,0.9701941609382629,0.8992718446601942,0.9220132276373187,0.011988868000116781,83.4107106684517,cuda,vit_b
211,result_2018-08-24-17-14-18.png,6,/mnt/Info/COGAR_DATASETs/OCID-dataset/ARID10/floor/bottom/curved/seq05/rgb/result_2018-08-24-17-14-18.png,/home/amir/Desktop/COGAR/COGAR_Foundation-Model-Segmentation-for-Robotic-Scenes/outputs/ocid_full/gt_binary_masks/00211_result_2018-08-24-17-14-18_obj6.png,379.0,219.0,435.0,271.0,/home/amir/Desktop/COGAR/COGAR_Foundation-Model-Segmentation-for-Robotic-Scenes/outputs/ocid_full/pilot500/sam_vit_b_box/masks/row_0211_object_6_sam_mask.png,,0.9721469879150391,0.9065843621399177,0.963870528977961,0.011996318999990763,83.35890367710046,cuda,vit_b
212,result_2018-08-24-17-14-18.png,7,/mnt/Info/COGAR_DATASETs/OCID-dataset/ARID10/floor/bottom/curved/seq05/rgb/result_2018-08-24-17-14-18.png,/home/amir/Desktop/COGAR/COGAR_Foundation-Model-Segmentation-for-Robotic-Scenes/outputs/ocid_full/gt_binary_masks/00212_result_2018-08-24-17-14-18_obj7.png,375.0,268.0,424.0,316.0,/home/amir/Desktop/COGAR/COGAR_Foundation-Model-Segmentation-for-Robotic-Scenes/outputs/ocid_full/pilot500/sam_vit_b_box/masks/row_0212_object_7_sam_mask.png,,0.9734117984771729,0.8909435751541015,0.9677155282680993,0.01208447699991666,82.75078847077093,cuda,vit_b
213,result_2018-08-24-17-14-42.png,2,/mnt/Info/COGAR_DATASETs/OCID-dataset/ARID10/floor/bottom/curved/seq05/rgb/result_2018-08-24-17-14-42.png,/home/amir/Desktop/COGAR/COGAR_Foundation-Model-Segmentation-for-Robotic-Scenes/outputs/ocid_full/gt_binary_masks/00213_result_2018-08-24-17-14-42_obj2.png,215.0,273.0,284.0,354.0,/home/amir/Desktop/COGAR/COGAR_Foundation-Model-Segmentation-for-Robotic-Scenes/outputs/ocid_full/pilot500/sam_vit_b_box/masks/row_0213_object_2_sam_mask.png,,0.9688338041305542,0.8688444661140907,0.828613404934394,0.15855522800029576,6.306950660738444,cuda,vit_b
214,result_2018-08-24-17-14-42.png,3,/mnt/Info/COGAR_DATASETs/OCID-dataset/ARID10/floor/bottom/curved/seq05/rgb/result_2018-08-24-17-14-42.png,/home/amir/Desktop/COGAR/COGAR_Foundation-Model-Segmentation-for-Robotic-Scenes/outputs/ocid_full/gt_binary_masks/00214_result_2018-08-24-17-14-42_obj3.png,171.0,232.0,331.0,298.0,/home/amir/Desktop/COGAR/COGAR_Foundation-Model-Segmentation-for-Robotic-Scenes/outputs/ocid_full/pilot500/sam_vit_b_box/masks/row_0214_object_3_sam_mask.png,,0.9689069986343384,0.8075170842824602,0.6848647265577658,0.012302647000069555,81.28332057274717,cuda,vit_b
215,result_2018-08-24-17-14-42.png,4,/mnt/Info/COGAR_DATASETs/OCID-dataset/ARID10/floor/bottom/curved/seq05/rgb/result_2018-08-24-17-14-42.png,/home/amir/Desktop/COGAR/COGAR_Foundation-Model-Segmentation-for-Robotic-Scenes/outputs/ocid_full/gt_binary_masks/00215_result_2018-08-24-17-14-42_obj4.png,253.0,305.0,371.0,377.0,/home/amir/Desktop/COGAR/COGAR_Foundation-Model-Segmentation-for-Robotic-Scenes/outputs/ocid_full/pilot500/sam_vit_b_box/masks/row_0215_object_4_sam_mask.png,,0.9678670763969421,0.8175884575747165,0.8770968308740238,0.01219069800026773,82.0297574411275,cuda,vit_b
216,result_2018-08-24-17-14-42.png,5,/mnt/Info/COGAR_DATASETs/OCID-dataset/ARID10/floor/bottom/curved/seq05/rgb/result_2018-08-24-17-14-42.png,/home/amir/Desktop/COGAR/COGAR_Foundation-Model-Segmentation-for-Robotic-Scenes/outputs/ocid_full/gt_binary_masks/00216_result_2018-08-24-17-14-42_obj5.png,306.0,195.0,404.0,257.0,/home/amir/Desktop/COGAR/COGAR_Foundation-Model-Segmentation-for-Robotic-Scenes/outputs/ocid_full/pilot500/sam_vit_b_box/masks/row_0216_object_5_sam_mask.png,,0.9695286154747009,0.8972874123742761,0.9243864003095129,0.012221615000271413,81.82224689435826,cuda,vit_b
217,result_2018-08-24-17-14-42.png,6,/mnt/Info/COGAR_DATASETs/OCID-dataset/ARID10/floor/bottom/curved/seq05/rgb/result_2018-08-24-17-14-42.png,/home/amir/Desktop/COGAR/COGAR_Foundation-Model-Segmentation-for-Robotic-Scenes/outputs/ocid_full/gt_binary_masks/00217_result_2018-08-24-17-14-42_obj6.png,378.0,218.0,436.0,271.0,/home/amir/Desktop/COGAR/COGAR_Foundation-Model-Segmentation-for-Robotic-Scenes/outputs/ocid_full/pilot500/sam_vit_b_box/masks/row_0217_object_6_sam_mask.png,,0.9736996293067932,0.9027606098063453,0.9249965399397418,0.012285524000617443,81.39660953409413,cuda,vit_b
218,result_2018-08-24-17-14-42.png,7,/mnt/Info/COGAR_DATASETs/OCID-dataset/ARID10/floor/bottom/curved/seq05/rgb/result_2018-08-24-17-14-42.png,/home/amir/Desktop/COGAR/COGAR_Foundation-Model-Segmentation-for-Robotic-Scenes/outputs/ocid_full/gt_binary_masks/00218_result_2018-08-24-17-14-42_obj7.png,371.0,268.0,423.0,317.0,/home/amir/Desktop/COGAR/COGAR_Foundation-Model-Segmentation-for-Robotic-Scenes/outputs/ocid_full/pilot500/sam_vit_b_box/masks/row_0218_object_7_sam_mask.png,,0.9731723070144653,0.8944337811900192,0.9345706026960585,0.012237128999913693,81.71851420435732,cuda,vit_b
219,result_2018-08-24-17-14-42.png,8,/mnt/Info/COGAR_DATASETs/OCID-dataset/ARID10/floor/bottom/curved/seq05/rgb/result_2018-08-24-17-14-42.png,/home/amir/Desktop/COGAR/COGAR_Foundation-Model-Segmentation-for-Robotic-Scenes/outputs/ocid_full/gt_binary_masks/00219_result_2018-08-24-17-14-42_obj8.png,226.0,348.0,338.0,401.0,/home/amir/Desktop/COGAR/COGAR_Foundation-Model-Segmentation-for-Robotic-Scenes/outputs/ocid_full/pilot500/sam_vit_b_box/masks/row_0219_object_8_sam_mask.png,,0.97104412317276,0.7867536377320622,0.9221875623424437,0.012399041999742622,80.65139226246333,cuda,vit_b
220,result_2018-08-24-17-15-36.png,2,/mnt/Info/COGAR_DATASETs/OCID-dataset/ARID10/floor/bottom/curved/seq05/rgb/result_2018-08-24-17-15-36.png,/home/amir/Desktop/COGAR/COGAR_Foundation-Model-Segmentation-for-Robotic-Scenes/outputs/ocid_full/gt_binary_masks/00220_result_2018-08-24-17-15-36_obj2.png,218.0,273.0,284.0,353.0,/home/amir/Desktop/COGAR/COGAR_Foundation-Model-Segmentation-for-Robotic-Scenes/outputs/ocid_full/pilot500/sam_vit_b_box/masks/row_0220_object_2_sam_mask.png,,0.9671694040298462,0.8912031364861553,0.8511017086310143,0.15681961700011016,6.376753234892147,cuda,vit_b
221,result_2018-08-24-17-15-36.png,3,/mnt/Info/COGAR_DATASETs/OCID-dataset/ARID10/floor/bottom/curved/seq05/rgb/result_2018-08-24-17-15-36.png,/home/amir/Desktop/COGAR/COGAR_Foundation-Model-Segmentation-for-Robotic-Scenes/outputs/ocid_full/gt_binary_masks/00221_result_2018-08-24-17-15-36_obj3.png,170.0,232.0,331.0,299.0,/home/amir/Desktop/COGAR/COGAR_Foundation-Model-Segmentation-for-Robotic-Scenes/outputs/ocid_full/pilot500/sam_vit_b_box/masks/row_0221_object_3_sam_mask.png,,0.9641662836074829,0.8072261605305282,0.7009770872866835,0.012047630999404646,83.00387022555859,cuda,vit_b
222,result_2018-08-24-17-15-36.png,4,/mnt/Info/COGAR_DATASETs/OCID-dataset/ARID10/floor/bottom/curved/seq05/rgb/result_2018-08-24-17-15-36.png,/home/amir/Desktop/COGAR/COGAR_Foundation-Model-Segmentation-for-Robotic-Scenes/outputs/ocid_full/gt_binary_masks/00222_result_2018-08-24-17-15-36_obj4.png,253.0,305.0,371.0,371.0,/home/amir/Desktop/COGAR/COGAR_Foundation-Model-Segmentation-for-Robotic-Scenes/outputs/ocid_full/pilot500/sam_vit_b_box/masks/row_0222_object_4_sam_mask.png,,0.9822510480880737,0.8056888279643591,0.8636012625486388,0.01209048900000198,82.70964061088317,cuda,vit_b
223,result_2018-08-24-17-15-36.png,5,/mnt/Info/COGAR_DATASETs/OCID-dataset/ARID10/floor/bottom/curved/seq05/rgb/result_2018-08-24-17-15-36.png,/home/amir/Desktop/COGAR/COGAR_Foundation-Model-Segmentation-for-Robotic-Scenes/outputs/ocid_full/gt_binary_masks/00223_result_2018-08-24-17-15-36_obj5.png,309.0,194.0,404.0,253.0,/home/amir/Desktop/COGAR/COGAR_Foundation-Model-Segmentation-for-Robotic-Scenes/outputs/ocid_full/pilot500/sam_vit_b_box/masks/row_0223_object_5_sam_mask.png,,0.961859941482544,0.8924129353233831,0.9070389248840864,0.01201600900003541,83.2223078392379,cuda,vit_b
224,result_2018-08-24-17-15-36.png,6,/mnt/Info/COGAR_DATASETs/OCID-dataset/ARID10/floor/bottom/curved/seq05/rgb/result_2018-08-24-17-15-36.png,/home/amir/Desktop/COGAR/COGAR_Foundation-Model-Segmentation-for-Robotic-Scenes/outputs/ocid_full/gt_binary_masks/00224_result_2018-08-24-17-15-36_obj6.png,379.0,218.0,435.0,272.0,/home/amir/Desktop/COGAR/COGAR_Foundation-Model-Segmentation-for-Robotic-Scenes/outputs/ocid_full/pilot500/sam_vit_b_box/masks/row_0224_object_6_sam_mask.png,,0.9712584018707275,0.8947797716150081,0.9080510728852634,0.012035007000122278,83.09093629856964,cuda,vit_b
225,result_2018-08-24-17-15-36.png,7,/mnt/Info/COGAR_DATASETs/OCID-dataset/ARID10/floor/bottom/curved/seq05/rgb/result_2018-08-24-17-15-36.png,/home/amir/Desktop/COGAR/COGAR_Foundation-Model-Segmentation-for-Robotic-Scenes/outputs/ocid_full/gt_binary_masks/00225_result_2018-08-24-17-15-36_obj7.png,375.0,269.0,424.0,317.0,/home/amir/Desktop/COGAR/COGAR_Foundation-Model-Segmentation-for-Robotic-Scenes/outputs/ocid_full/pilot500/sam_vit_b_box/masks/row_0225_object_7_sam_mask.png,,0.9730305671691895,0.8806899856252994,0.8864456278989864,0.012028869000459963,83.13333530872784,cuda,vit_b
226,result_2018-08-24-17-15-36.png,8,/mnt/Info/COGAR_DATASETs/OCID-dataset/ARID10/floor/bottom/curved/seq05/rgb/result_2018-08-24-17-15-36.png,/home/amir/Desktop/COGAR/COGAR_Foundation-Model-Segmentation-for-Robotic-Scenes/outputs/ocid_full/gt_binary_masks/00226_result_2018-08-24-17-15-36_obj8.png,226.0,348.0,338.0,403.0,/home/amir/Desktop/COGAR/COGAR_Foundation-Model-Segmentation-for-Robotic-Scenes/outputs/ocid_full/pilot500/sam_vit_b_box/masks/row_0226_object_8_sam_mask.png,,0.9711201786994934,0.773067331670823,0.9002269479700765,0.01199376000022312,83.37668921017237,cuda,vit_b
227,result_2018-08-24-17-15-36.png,9,/mnt/Info/COGAR_DATASETs/OCID-dataset/ARID10/floor/bottom/curved/seq05/rgb/result_2018-08-24-17-15-36.png,/home/amir/Desktop/COGAR/COGAR_Foundation-Model-Segmentation-for-Robotic-Scenes/outputs/ocid_full/gt_binary_masks/00227_result_2018-08-24-17-15-36_obj9.png,269.0,121.0,317.0,241.0,/home/amir/Desktop/COGAR/COGAR_Foundation-Model-Segmentation-for-Robotic-Scenes/outputs/ocid_full/pilot500/sam_vit_b_box/masks/row_0227_object_9_sam_mask.png,,0.9756487011909485,0.867304104477612,0.7608466405543839,0.012010574999294477,83.25996049803959,cuda,vit_b
228,result_2018-08-24-17-15-58.png,2,/mnt/Info/COGAR_DATASETs/OCID-dataset/ARID10/floor/bottom/curved/seq05/rgb/result_2018-08-24-17-15-58.png,/home/amir/Desktop/COGAR/COGAR_Foundation-Model-Segmentation-for-Robotic-Scenes/outputs/ocid_full/gt_binary_masks/00228_result_2018-08-24-17-15-58_obj2.png,217.0,273.0,284.0,352.0,/home/amir/Desktop/COGAR/COGAR_Foundation-Model-Segmentation-for-Robotic-Scenes/outputs/ocid_full/pilot500/sam_vit_b_box/masks/row_0228_object_2_sam_mask.png,,0.9674285650253296,0.8565142996822293,0.8282509802096544,0.1585057060001418,6.308921143817406,cuda,vit_b
229,result_2018-08-24-17-15-58.png,3,/mnt/Info/COGAR_DATASETs/OCID-dataset/ARID10/floor/bottom/curved/seq05/rgb/result_2018-08-24-17-15-58.png,/home/amir/Desktop/COGAR/COGAR_Foundation-Model-Segmentation-for-Robotic-Scenes/outputs/ocid_full/gt_binary_masks/00229_result_2018-08-24-17-15-58_obj3.png,171.0,232.0,330.0,298.0,/home/amir/Desktop/COGAR/COGAR_Foundation-Model-Segmentation-for-Robotic-Scenes/outputs/ocid_full/pilot500/sam_vit_b_box/masks/row_0229_object_3_sam_mask.png,,0.9691581130027771,0.8053583695901076,0.7034477344907551,0.012050354000166408,82.98511396314089,cuda,vit_b
230,result_2018-08-24-17-15-58.png,4,/mnt/Info/COGAR_DATASETs/OCID-dataset/ARID10/floor/bottom/curved/seq05/rgb/result_2018-08-24-17-15-58.png,/home/amir/Desktop/COGAR/COGAR_Foundation-Model-Segmentation-for-Robotic-Scenes/outputs/ocid_full/gt_binary_masks/00230_result_2018-08-24-17-15-58_obj4.png,254.0,305.0,371.0,371.0,/home/amir/Desktop/COGAR/COGAR_Foundation-Model-Segmentation-for-Robotic-Scenes/outputs/ocid_full/pilot500/sam_vit_b_box/masks/row_0230_object_4_sam_mask.png,,0.9830653071403503,0.8241606092073381,0.8980355472404116,0.012034887000481831,83.09176479679151,cuda,vit_b
231,result_2018-08-24-17-15-58.png,5,/mnt/Info/COGAR_DATASETs/OCID-dataset/ARID10/floor/bottom/curved/seq05/rgb/result_2018-08-24-17-15-58.png,/home/amir/Desktop/COGAR/COGAR_Foundation-Model-Segmentation-for-Robotic-Scenes/outputs/ocid_full/gt_binary_masks/00231_result_2018-08-24-17-15-58_obj5.png,308.0,195.0,404.0,255.0,/home/amir/Desktop/COGAR/COGAR_Foundation-Model-Segmentation-for-Robotic-Scenes/outputs/ocid_full/pilot500/sam_vit_b_box/masks/row_0231_object_5_sam_mask.png,,0.9487699270248413,0.8902288188002474,0.9128229580078626,0.012056735999976809,82.94118739946893,cuda,vit_b
232,result_2018-08-24-17-15-58.png,6,/mnt/Info/COGAR_DATASETs/OCID-dataset/ARID10/floor/bottom/curved/seq05/rgb/result_2018-08-24-17-15-58.png,/home/amir/Desktop/COGAR/COGAR_Foundation-Model-Segmentation-for-Robotic-Scenes/outputs/ocid_full/gt_binary_masks/00232_result_2018-08-24-17-15-58_obj6.png,380.0,219.0,436.0,271.0,/home/amir/Desktop/COGAR/COGAR_Foundation-Model-Segmentation-for-Robotic-Scenes/outputs/ocid_full/pilot500/sam_vit_b_box/masks/row_0232_object_6_sam_mask.png,,0.9701782464981079,0.9014839241549877,0.9544509467833707,0.012050096000166377,82.98689072569985,cuda,vit_b
233,result_2018-08-24-17-15-58.png,7,/mnt/Info/COGAR_DATASETs/OCID-dataset/ARID10/floor/bottom/curved/seq05/rgb/result_2018-08-24-17-15-58.png,/home/amir/Desktop/COGAR/COGAR_Foundation-Model-Segmentation-for-Robotic-Scenes/outputs/ocid_full/gt_binary_masks/00233_result_2018-08-24-17-15-58_obj7.png,371.0,268.0,424.0,316.0,/home/amir/Desktop/COGAR/COGAR_Foundation-Model-Segmentation-for-Robotic-Scenes/outputs/ocid_full/pilot500/sam_vit_b_box/masks/row_0233_object_7_sam_mask.png,,0.971816897392273,0.8833017077798861,0.9282357289961451,0.012045884999679402,83.01590128302028,cuda,vit_b
234,result_2018-08-24-17-15-58.png,8,/mnt/Info/COGAR_DATASETs/OCID-dataset/ARID10/floor/bottom/curved/seq05/rgb/result_2018-08-24-17-15-58.png,/home/amir/Desktop/COGAR/COGAR_Foundation-Model-Segmentation-for-Robotic-Scenes/outputs/ocid_full/gt_binary_masks/00234_result_2018-08-24-17-15-58_obj8.png,226.0,348.0,338.0,401.0,/home/amir/Desktop/COGAR/COGAR_Foundation-Model-Segmentation-for-Robotic-Scenes/outputs/ocid_full/pilot500/sam_vit_b_box/masks/row_0234_object_8_sam_mask.png,,0.9709421992301941,0.7870837537840565,0.9252384879167624,0.011986065999735729,83.43020971368323,cuda,vit_b
235,result_2018-08-24-17-15-58.png,9,/mnt/Info/COGAR_DATASETs/OCID-dataset/ARID10/floor/bottom/curved/seq05/rgb/result_2018-08-24-17-15-58.png,/home/amir/Desktop/COGAR/COGAR_Foundation-Model-Segmentation-for-Robotic-Scenes/outputs/ocid_full/gt_binary_masks/00235_result_2018-08-24-17-15-58_obj9.png,270.0,121.0,318.0,241.0,/home/amir/Desktop/COGAR/COGAR_Foundation-Model-Segmentation-for-Robotic-Scenes/outputs/ocid_full/pilot500/sam_vit_b_box/masks/row_0235_object_9_sam_mask.png,,0.9760147333145142,0.8689703153988868,0.7677053824362607,0.011922351999601233,83.87606740963922,cuda,vit_b
236,result_2018-08-24-17-15-58.png,10,/mnt/Info/COGAR_DATASETs/OCID-dataset/ARID10/floor/bottom/curved/seq05/rgb/result_2018-08-24-17-15-58.png,/home/amir/Desktop/COGAR/COGAR_Foundation-Model-Segmentation-for-Robotic-Scenes/outputs/ocid_full/gt_binary_masks/00236_result_2018-08-24-17-15-58_obj10.png,429.0,260.0,480.0,302.0,/home/amir/Desktop/COGAR/COGAR_Foundation-Model-Segmentation-for-Robotic-Scenes/outputs/ocid_full/pilot500/sam_vit_b_box/masks/row_0236_object_10_sam_mask.png,,0.9744401574134827,0.7963510848126233,0.6496092575894199,0.01195788499990158,83.6268286580972,cuda,vit_b
237,result_2018-08-24-17-17-53.png,2,/mnt/Info/COGAR_DATASETs/OCID-dataset/ARID10/floor/bottom/curved/seq05/rgb/result_2018-08-24-17-17-53.png,/home/amir/Desktop/COGAR/COGAR_Foundation-Model-Segmentation-for-Robotic-Scenes/outputs/ocid_full/gt_binary_masks/00237_result_2018-08-24-17-17-53_obj2.png,219.0,273.0,284.0,358.0,/home/amir/Desktop/COGAR/COGAR_Foundation-Model-Segmentation-for-Robotic-Scenes/outputs/ocid_full/pilot500/sam_vit_b_box/masks/row_0237_object_2_sam_mask.png,,0.9615280628204346,0.8784217016029593,0.8192898123740114,0.1557225770002333,6.421676414965197,cuda,vit_b
238,result_2018-08-24-17-17-53.png,3,/mnt/Info/COGAR_DATASETs/OCID-dataset/ARID10/floor/bottom/curved/seq05/rgb/result_2018-08-24-17-17-53.png,/home/amir/Desktop/COGAR/COGAR_Foundation-Model-Segmentation-for-Robotic-Scenes/outputs/ocid_full/gt_binary_masks/00238_result_2018-08-24-17-17-53_obj3.png,173.0,232.0,333.0,300.0,/home/amir/Desktop/COGAR/COGAR_Foundation-Model-Segmentation-for-Robotic-Scenes/outputs/ocid_full/pilot500/sam_vit_b_box/masks/row_0238_object_3_sam_mask.png,,0.9444348216056824,0.7947094732082297,0.6922377297502437,0.012028220000502188,83.13782088773311,cuda,vit_b
239,result_2018-08-24-17-17-53.png,4,/mnt/Info/COGAR_DATASETs/OCID-dataset/ARID10/floor/bottom/curved/seq05/rgb/result_2018-08-24-17-17-53.png,/home/amir/Desktop/COGAR/COGAR_Foundation-Model-Segmentation-for-Robotic-Scenes/outputs/ocid_full/gt_binary_masks/00239_result_2018-08-24-17-17-53_obj4.png,254.0,305.0,372.0,371.0,/home/amir/Desktop/COGAR/COGAR_Foundation-Model-Segmentation-for-Robotic-Scenes/outputs/ocid_full/pilot500/sam_vit_b_box/masks/row_0239_object_4_sam_mask.png,,0.9827553033828735,0.8234277816171389,0.8915418334286258,0.013147573999958695,76.05965937161804,cuda,vit_b
240,result_2018-08-24-17-17-53.png,5,/mnt/Info/COGAR_DATASETs/OCID-dataset/ARID10/floor/bottom/curved/seq05/rgb/result_2018-08-24-17-17-53.png,/home/amir/Desktop/COGAR/COGAR_Foundation-Model-Segmentation-for-Robotic-Scenes/outputs/ocid_full/gt_binary_masks/00240_result_2018-08-24-17-17-53_obj5.png,307.0,194.0,403.0,252.0,/home/amir/Desktop/COGAR/COGAR_Foundation-Model-Segmentation-for-Robotic-Scenes/outputs/ocid_full/pilot500/sam_vit_b_box/masks/row_0240_object_5_sam_mask.png,,0.8924806714057922,0.7568517217146873,0.7789278471067583,0.013533229999666219,73.89218981903535,cuda,vit_b
241,result_2018-08-24-17-17-53.png,6,/mnt/Info/COGAR_DATASETs/OCID-dataset/ARID10/floor/bottom/curved/seq05/rgb/result_2018-08-24-17-17-53.png,/home/amir/Desktop/COGAR/COGAR_Foundation-Model-Segmentation-for-Robotic-Scenes/outputs/ocid_full/gt_binary_masks/00241_result_2018-08-24-17-17-53_obj6.png,378.0,220.0,436.0,276.0,/home/amir/Desktop/COGAR/COGAR_Foundation-Model-Segmentation-for-Robotic-Scenes/outputs/ocid_full/pilot500/sam_vit_b_box/masks/row_0241_object_6_sam_mask.png,,0.9682778120040894,0.8733121525019857,0.8484914497331446,0.013306628000464116,75.1505189718328,cuda,vit_b
242,result_2018-08-24-17-17-53.png,7,/mnt/Info/COGAR_DATASETs/OCID-dataset/ARID10/floor/bottom/curved/seq05/rgb/result_2018-08-24-17-17-53.png,/home/amir/Desktop/COGAR/COGAR_Foundation-Model-Segmentation-for-Robotic-Scenes/outputs/ocid_full/gt_binary_masks/00242_result_2018-08-24-17-17-53_obj7.png,376.0,269.0,424.0,318.0,/home/amir/Desktop/COGAR/COGAR_Foundation-Model-Segmentation-for-Robotic-Scenes/outputs/ocid_full/pilot500/sam_vit_b_box/masks/row_0242_object_7_sam_mask.png,,0.9712057113647461,0.9055007052186178,0.9585737407183187,0.012346979999165342,80.99146512488076,cuda,vit_b
243,result_2018-08-24-17-17-53.png,8,/mnt/Info/COGAR_DATASETs/OCID-dataset/ARID10/floor/bottom/curved/seq05/rgb/result_2018-08-24-17-17-53.png,/home/amir/Desktop/COGAR/COGAR_Foundation-Model-Segmentation-for-Robotic-Scenes/outputs/ocid_full/gt_binary_masks/00243_result_2018-08-24-17-17-53_obj8.png,226.0,347.0,339.0,402.0,/home/amir/Desktop/COGAR/COGAR_Foundation-Model-Segmentation-for-Robotic-Scenes/outputs/ocid_full/pilot500/sam_vit_b_box/masks/row_0243_object_8_sam_mask.png,,0.9713876843452454,0.7832167832167832,0.9207876746529639,0.012117745999603358,82.52359803817743,cuda,vit_b
244,result_2018-08-24-17-17-53.png,9,/mnt/Info/COGAR_DATASETs/OCID-dataset/ARID10/floor/bottom/curved/seq05/rgb/result_2018-08-24-17-17-53.png,/home/amir/Desktop/COGAR/COGAR_Foundation-Model-Segmentation-for-Robotic-Scenes/outputs/ocid_full/gt_binary_masks/00244_result_2018-08-24-17-17-53_obj9.png,270.0,121.0,317.0,241.0,/home/amir/Desktop/COGAR/COGAR_Foundation-Model-Segmentation-for-Robotic-Scenes/outputs/ocid_full/pilot500/sam_vit_b_box/masks/row_0244_object_9_sam_mask.png,,0.9734262824058533,0.8641342344441855,0.7619504549888853,0.012136758999986341,82.39431960386833,cuda,vit_b
245,result_2018-08-24-17-17-53.png,10,/mnt/Info/COGAR_DATASETs/OCID-dataset/ARID10/floor/bottom/curved/seq05/rgb/result_2018-08-24-17-17-53.png,/home/amir/Desktop/COGAR/COGAR_Foundation-Model-Segmentation-for-Robotic-Scenes/outputs/ocid_full/gt_binary_masks/00245_result_2018-08-24-17-17-53_obj10.png,429.0,258.0,479.0,302.0,/home/amir/Desktop/COGAR/COGAR_Foundation-Model-Segmentation-for-Robotic-Scenes/outputs/ocid_full/pilot500/sam_vit_b_box/masks/row_0245_object_10_sam_mask.png,,0.9740420579910278,0.7975308641975308,0.6264456598889399,0.012189027000204078,82.04100294332413,cuda,vit_b
246,result_2018-08-24-17-17-53.png,11,/mnt/Info/COGAR_DATASETs/OCID-dataset/ARID10/floor/bottom/curved/seq05/rgb/result_2018-08-24-17-17-53.png,/home/amir/Desktop/COGAR/COGAR_Foundation-Model-Segmentation-for-Robotic-Scenes/outputs/ocid_full/gt_binary_masks/00246_result_2018-08-24-17-17-53_obj11.png,329.0,233.0,382.0,292.0,/home/amir/Desktop/COGAR/COGAR_Foundation-Model-Segmentation-for-Robotic-Scenes/outputs/ocid_full/pilot500/sam_vit_b_box/masks/row_0246_object_11_sam_mask.png,,0.9716792106628418,0.9018817204301075,0.950160978750805,0.012167292999947676,82.18754985223914,cuda,vit_b
247,result_2018-08-24-17-22-06.png,2,/mnt/Info/COGAR_DATASETs/OCID-dataset/ARID10/floor/bottom/curved/seq06/rgb/result_2018-08-24-17-22-06.png,/home/amir/Desktop/COGAR/COGAR_Foundation-Model-Segmentation-for-Robotic-Scenes/outputs/ocid_full/gt_binary_masks/00247_result_2018-08-24-17-22-06_obj2.png,437.0,138.0,502.0,220.0,/home/amir/Desktop/COGAR/COGAR_Foundation-Model-Segmentation-for-Robotic-Scenes/outputs/ocid_full/pilot500/sam_vit_b_box/masks/row_0247_object_2_sam_mask.png,,0.984418511390686,0.919080459770115,0.8775252525252526,0.15745211299963557,6.351137377256503,cuda,vit_b
248,result_2018-08-24-17-22-25.png,2,/mnt/Info/COGAR_DATASETs/OCID-dataset/ARID10/floor/bottom/curved/seq06/rgb/result_2018-08-24-17-22-25.png,/home/amir/Desktop/COGAR/COGAR_Foundation-Model-Segmentation-for-Robotic-Scenes/outputs/ocid_full/gt_binary_masks/00248_result_2018-08-24-17-22-25_obj2.png,435.0,143.0,502.0,220.0,/home/amir/Desktop/COGAR/COGAR_Foundation-Model-Segmentation-for-Robotic-Scenes/outputs/ocid_full/pilot500/sam_vit_b_box/masks/row_0248_object_2_sam_mask.png,,0.9237810373306274,0.8356084809758931,0.8063661286571114,0.157152947999748,6.363227751868858,cuda,vit_b
249,result_2018-08-24-17-22-25.png,3,/mnt/Info/COGAR_DATASETs/OCID-dataset/ARID10/floor/bottom/curved/seq06/rgb/result_2018-08-24-17-22-25.png,/home/amir/Desktop/COGAR/COGAR_Foundation-Model-Segmentation-for-Robotic-Scenes/outputs/ocid_full/gt_binary_masks/00249_result_2018-08-24-17-22-25_obj3.png,449.0,111.0,504.0,163.0,/home/amir/Desktop/COGAR/COGAR_Foundation-Model-Segmentation-for-Robotic-Scenes/outputs/ocid_full/pilot500/sam_vit_b_box/masks/row_0249_object_3_sam_mask.png,,0.9757031202316284,0.8959927960378208,0.957685009487666,0.012082147999535664,82.76673982460996,cuda,vit_b
250,result_2018-08-24-17-22-47.png,2,/mnt/Info/COGAR_DATASETs/OCID-dataset/ARID10/floor/bottom/curved/seq06/rgb/result_2018-08-24-17-22-47.png,/home/amir/Desktop/COGAR/COGAR_Foundation-Model-Segmentation-for-Robotic-Scenes/outputs/ocid_full/gt_binary_masks/00250_result_2018-08-24-17-22-47_obj2.png,438.0,141.0,502.0,220.0,/home/amir/Desktop/COGAR/COGAR_Foundation-Model-Segmentation-for-Robotic-Scenes/outputs/ocid_full/pilot500/sam_vit_b_box/masks/row_0250_object_2_sam_mask.png,,0.9771024584770203,0.8831210191082802,0.8860683675361162,0.1600130659999195,6.249489651054516,cuda,vit_b
251,result_2018-08-24-17-22-47.png,3,/mnt/Info/COGAR_DATASETs/OCID-dataset/ARID10/floor/bottom/curved/seq06/rgb/result_2018-08-24-17-22-47.png,/home/amir/Desktop/COGAR/COGAR_Foundation-Model-Segmentation-for-Robotic-Scenes/outputs/ocid_full/gt_binary_masks/00251_result_2018-08-24-17-22-47_obj3.png,449.0,111.0,504.0,163.0,/home/amir/Desktop/COGAR/COGAR_Foundation-Model-Segmentation-for-Robotic-Scenes/outputs/ocid_full/pilot500/sam_vit_b_box/masks/row_0251_object_3_sam_mask.png,,0.9764130115509033,0.904956798544793,0.9621580402249548,0.01229944999977306,81.30444857440384,cuda,vit_b
252,result_2018-08-24-17-22-47.png,4,/mnt/Info/COGAR_DATASETs/OCID-dataset/ARID10/floor/bottom/curved/seq06/rgb/result_2018-08-24-17-22-47.png,/home/amir/Desktop/COGAR/COGAR_Foundation-Model-Segmentation-for-Robotic-Scenes/outputs/ocid_full/gt_binary_masks/00252_result_2018-08-24-17-22-47_obj4.png,397.0,179.0,453.0,233.0,/home/amir/Desktop/COGAR/COGAR_Foundation-Model-Segmentation-for-Robotic-Scenes/outputs/ocid_full/pilot500/sam_vit_b_box/masks/row_0252_object_4_sam_mask.png,,0.9739602208137512,0.9102880658436214,0.9483409656945448,0.01230012300038652,81.30000000557521,cuda,vit_b
253,result_2018-08-24-17-23-08.png,2,/mnt/Info/COGAR_DATASETs/OCID-dataset/ARID10/floor/bottom/curved/seq06/rgb/result_2018-08-24-17-23-08.png,/home/amir/Desktop/COGAR/COGAR_Foundation-Model-Segmentation-for-Robotic-Scenes/outputs/ocid_full/gt_binary_masks/00253_result_2018-08-24-17-23-08_obj2.png,438.0,144.0,502.0,220.0,/home/amir/Desktop/COGAR/COGAR_Foundation-Model-Segmentation-for-Robotic-Scenes/outputs/ocid_full/pilot500/sam_vit_b_box/masks/row_0253_object_2_sam_mask.png,,0.9534429311752319,0.8524106264348967,0.8181347107641945,0.1581326720006473,6.323803849946371,cuda,vit_b
254,result_2018-08-24-17-23-08.png,3,/mnt/Info/COGAR_DATASETs/OCID-dataset/ARID10/floor/bottom/curved/seq06/rgb/result_2018-08-24-17-23-08.png,/home/amir/Desktop/COGAR/COGAR_Foundation-Model-Segmentation-for-Robotic-Scenes/outputs/ocid_full/gt_binary_masks/00254_result_2018-08-24-17-23-08_obj3.png,449.0,111.0,504.0,163.0,/home/amir/Desktop/COGAR/COGAR_Foundation-Model-Segmentation-for-Robotic-Scenes/outputs/ocid_full/pilot500/sam_vit_b_box/masks/row_0254_object_3_sam_mask.png,,0.9751951694488525,0.9119927040583675,0.9603063178047224,0.012058455000442336,82.92936366751108,cuda,vit_b
255,result_2018-08-24-17-23-08.png,4,/mnt/Info/COGAR_DATASETs/OCID-dataset/ARID10/floor/bottom/curved/seq06/rgb/result_2018-08-24-17-23-08.png,/home/amir/Desktop/COGAR/COGAR_Foundation-Model-Segmentation-for-Robotic-Scenes/outputs/ocid_full/gt_binary_masks/00255_result_2018-08-24-17-23-08_obj4.png,394.0,177.0,452.0,232.0,/home/amir/Desktop/COGAR/COGAR_Foundation-Model-Segmentation-for-Robotic-Scenes/outputs/ocid_full/pilot500/sam_vit_b_box/masks/row_0255_object_4_sam_mask.png,,0.9737855195999146,0.8829872204472844,0.8789064828243894,0.012131434999901103,82.43047916492584,cuda,vit_b
256,result_2018-08-24-17-23-08.png,5,/mnt/Info/COGAR_DATASETs/OCID-dataset/ARID10/floor/bottom/curved/seq06/rgb/result_2018-08-24-17-23-08.png,/home/amir/Desktop/COGAR/COGAR_Foundation-Model-Segmentation-for-Robotic-Scenes/outputs/ocid_full/gt_binary_masks/00256_result_2018-08-24-17-23-08_obj5.png,402.0,114.0,450.0,186.0,/home/amir/Desktop/COGAR/COGAR_Foundation-Model-Segmentation-for-Robotic-Scenes/outputs/ocid_full/pilot500/sam_vit_b_box/masks/row_0256_object_5_sam_mask.png,,0.9701015949249268,0.827638002253098,0.7201540436456997,0.01201421699988714,83.2347209984133,cuda,vit_b
257,result_2018-08-24-17-23-31.png,2,/mnt/Info/COGAR_DATASETs/OCID-dataset/ARID10/floor/bottom/curved/seq06/rgb/result_2018-08-24-17-23-31.png,/home/amir/Desktop/COGAR/COGAR_Foundation-Model-Segmentation-for-Robotic-Scenes/outputs/ocid_full/gt_binary_masks/00257_result_2018-08-24-17-23-31_obj2.png,437.0,145.0,502.0,216.0,/home/amir/Desktop/COGAR/COGAR_Foundation-Model-Segmentation-for-Robotic-Scenes/outputs/ocid_full/pilot500/sam_vit_b_box/masks/row_0257_object_2_sam_mask.png,,0.9148035645484924,0.8140770252324038,0.81848648705348,0.15991780600052152,6.253212353330678,cuda,vit_b
258,result_2018-08-24-17-23-31.png,3,/mnt/Info/COGAR_DATASETs/OCID-dataset/ARID10/floor/bottom/curved/seq06/rgb/result_2018-08-24-17-23-31.png,/home/amir/Desktop/COGAR/COGAR_Foundation-Model-Segmentation-for-Robotic-Scenes/outputs/ocid_full/gt_binary_masks/00258_result_2018-08-24-17-23-31_obj3.png,450.0,111.0,504.0,163.0,/home/amir/Desktop/COGAR/COGAR_Foundation-Model-Segmentation-for-Robotic-Scenes/outputs/ocid_full/pilot500/sam_vit_b_box/masks/row_0258_object_3_sam_mask.png,,0.9762580394744873,0.8975985500679655,0.9718728080430208,0.012078122999810148,82.794321602431,cuda,vit_b
259,result_2018-08-24-17-23-31.png,4,/mnt/Info/COGAR_DATASETs/OCID-dataset/ARID10/floor/bottom/curved/seq06/rgb/result_2018-08-24-17-23-31.png,/home/amir/Desktop/COGAR/COGAR_Foundation-Model-Segmentation-for-Robotic-Scenes/outputs/ocid_full/gt_binary_masks/00259_result_2018-08-24-17-23-31_obj4.png,394.0,180.0,454.0,232.0,/home/amir/Desktop/COGAR/COGAR_Foundation-Model-Segmentation-for-Robotic-Scenes/outputs/ocid_full/pilot500/sam_vit_b_box/masks/row_0259_object_4_sam_mask.png,,0.9718776941299438,0.8808664259927798,0.8286319520999502,0.01205540800037852,82.95032403454131,cuda,vit_b
260,result_2018-08-24-17-23-31.png,5,/mnt/Info/COGAR_DATASETs/OCID-dataset/ARID10/floor/bottom/curved/seq06/rgb/result_2018-08-24-17-23-31.png,/home/amir/Desktop/COGAR/COGAR_Foundation-Model-Segmentation-for-Robotic-Scenes/outputs/ocid_full/gt_binary_masks/00260_result_2018-08-24-17-23-31_obj5.png,402.0,114.0,448.0,186.0,/home/amir/Desktop/COGAR/COGAR_Foundation-Model-Segmentation-for-Robotic-Scenes/outputs/ocid_full/pilot500/sam_vit_b_box/masks/row_0260_object_5_sam_mask.png,,0.9696708917617798,0.7824497257769653,0.5900962861072903,0.012103436999495898,82.62115959637329,cuda,vit_b
261,result_2018-08-24-17-23-31.png,6,/mnt/Info/COGAR_DATASETs/OCID-dataset/ARID10/floor/bottom/curved/seq06/rgb/result_2018-08-24-17-23-31.png,/home/amir/Desktop/COGAR/COGAR_Foundation-Model-Segmentation-for-Robotic-Scenes/outputs/ocid_full/gt_binary_masks/00261_result_2018-08-24-17-23-31_obj6.png,446.0,192.0,512.0,254.0,/home/amir/Desktop/COGAR/COGAR_Foundation-Model-Segmentation-for-Robotic-Scenes/outputs/ocid_full/pilot500/sam_vit_b_box/masks/row_0261_object_6_sam_mask.png,,0.97750324010849,0.8922928087713641,0.8793329964628601,0.012086923000424576,82.73404239977975,cuda,vit_b
262,result_2018-08-24-17-23-47.png,2,/mnt/Info/COGAR_DATASETs/OCID-dataset/ARID10/floor/bottom/curved/seq06/rgb/result_2018-08-24-17-23-47.png,/home/amir/Desktop/COGAR/COGAR_Foundation-Model-Segmentation-for-Robotic-Scenes/outputs/ocid_full/gt_binary_masks/00262_result_2018-08-24-17-23-47_obj2.png,438.0,145.0,502.0,217.0,/home/amir/Desktop/COGAR/COGAR_Foundation-Model-Segmentation-for-Robotic-Scenes/outputs/ocid_full/pilot500/sam_vit_b_box/masks/row_0262_object_2_sam_mask.png,,0.9143611788749695,0.8333333333333334,0.7830182508013344,0.15714502400078345,6.363548616054266,cuda,vit_b
263,result_2018-08-24-17-23-47.png,3,/mnt/Info/COGAR_DATASETs/OCID-dataset/ARID10/floor/bottom/curved/seq06/rgb/result_2018-08-24-17-23-47.png,/home/amir/Desktop/COGAR/COGAR_Foundation-Model-Segmentation-for-Robotic-Scenes/outputs/ocid_full/gt_binary_masks/00263_result_2018-08-24-17-23-47_obj3.png,449.0,111.0,504.0,163.0,/home/amir/Desktop/COGAR/COGAR_Foundation-Model-Segmentation-for-Robotic-Scenes/outputs/ocid_full/pilot500/sam_vit_b_box/masks/row_0263_object_3_sam_mask.png,,0.9772948026657104,0.9041780199818347,0.9669456761435041,0.01212863999990077,82.449474962418,cuda,vit_b
264,result_2018-08-24-17-23-47.png,4,/mnt/Info/COGAR_DATASETs/OCID-dataset/ARID10/floor/bottom/curved/seq06/rgb/result_2018-08-24-17-23-47.png,/home/amir/Desktop/COGAR/COGAR_Foundation-Model-Segmentation-for-Robotic-Scenes/outputs/ocid_full/gt_binary_masks/00264_result_2018-08-24-17-23-47_obj4.png,401.0,179.0,454.0,232.0,/home/amir/Desktop/COGAR/COGAR_Foundation-Model-Segmentation-for-Robotic-Scenes/outputs/ocid_full/pilot500/sam_vit_b_box/masks/row_0264_object_4_sam_mask.png,,0.9670097827911377,0.8915929203539823,0.9027041912210166,0.012165958999503346,82.1965617376175,cuda,vit_b
265,result_2018-08-24-17-23-47.png,5,/mnt/Info/COGAR_DATASETs/OCID-dataset/ARID10/floor/bottom/curved/seq06/rgb/result_2018-08-24-17-23-47.png,/home/amir/Desktop/COGAR/COGAR_Foundation-Model-Segmentation-for-Robotic-Scenes/outputs/ocid_full/gt_binary_masks/00265_result_2018-08-24-17-23-47_obj5.png,400.0,114.0,450.0,183.0,/home/amir/Desktop/COGAR/COGAR_Foundation-Model-Segmentation-for-Robotic-Scenes/outputs/ocid_full/pilot500/sam_vit_b_box/masks/row_0265_object_5_sam_mask.png,,0.9719504117965698,0.7878448918717376,0.5778191985088537,0.012150787000791752,82.2991959232632,cuda,vit_b
266,result_2018-08-24-17-23-47.png,6,/mnt/Info/COGAR_DATASETs/OCID-dataset/ARID10/floor/bottom/curved/seq06/rgb/result_2018-08-24-17-23-47.png,/home/amir/Desktop/COGAR/COGAR_Foundation-Model-Segmentation-for-Robotic-Scenes/outputs/ocid_full/gt_binary_masks/00266_result_2018-08-24-17-23-47_obj6.png,446.0,192.0,513.0,254.0,/home/amir/Desktop/COGAR/COGAR_Foundation-Model-Segmentation-for-Robotic-Scenes/outputs/ocid_full/pilot500/sam_vit_b_box/masks/row_0266_object_6_sam_mask.png,,0.9787980914115906,0.8988326848249028,0.882060197020827,0.01208681699972658,82.73476797262848,cuda,vit_b
267,result_2018-08-24-17-23-47.png,7,/mnt/Info/COGAR_DATASETs/OCID-dataset/ARID10/floor/bottom/curved/seq06/rgb/result_2018-08-24-17-23-47.png,/home/amir/Desktop/COGAR/COGAR_Foundation-Model-Segmentation-for-Robotic-Scenes/outputs/ocid_full/gt_binary_masks/00267_result_2018-08-24-17-23-47_obj7.png,380.0,176.0,408.0,246.0,/home/amir/Desktop/COGAR/COGAR_Foundation-Model-Segmentation-for-Robotic-Scenes/outputs/ocid_full/pilot500/sam_vit_b_box/masks/row_0267_object_7_sam_mask.png,,0.9687093496322632,0.903271692745377,0.9977116704805492,0.012038957999720878,83.06366713989573,cuda,vit_b
268,result_2018-08-24-17-24-07.png,2,/mnt/Info/COGAR_DATASETs/OCID-dataset/ARID10/floor/bottom/curved/seq06/rgb/result_2018-08-24-17-24-07.png,/home/amir/Desktop/COGAR/COGAR_Foundation-Model-Segmentation-for-Robotic-Scenes/outputs/ocid_full/gt_binary_masks/00268_result_2018-08-24-17-24-07_obj2.png,438.0,143.0,502.0,205.0,/home/amir/Desktop/COGAR/COGAR_Foundation-Model-Segmentation-for-Robotic-Scenes/outputs/ocid_full/pilot500/sam_vit_b_box/masks/row_0268_object_2_sam_mask.png,,0.9147007465362549,0.8500874125874126,0.8575274219972837,0.15793597799984127,6.331679536634807,cuda,vit_b
269,result_2018-08-24-17-24-07.png,3,/mnt/Info/COGAR_DATASETs/OCID-dataset/ARID10/floor/bottom/curved/seq06/rgb/result_2018-08-24-17-24-07.png,/home/amir/Desktop/COGAR/COGAR_Foundation-Model-Segmentation-for-Robotic-Scenes/outputs/ocid_full/gt_binary_masks/00269_result_2018-08-24-17-24-07_obj3.png,450.0,111.0,503.0,163.0,/home/amir/Desktop/COGAR/COGAR_Foundation-Model-Segmentation-for-Robotic-Scenes/outputs/ocid_full/pilot500/sam_vit_b_box/masks/row_0269_object_3_sam_mask.png,,0.9746927618980408,0.9085505258344765,0.9909909909909909,0.012112950999835448,82.55626560477168,cuda,vit_b
270,result_2018-08-24-17-24-07.png,4,/mnt/Info/COGAR_DATASETs/OCID-dataset/ARID10/floor/bottom/curved/seq06/rgb/result_2018-08-24-17-24-07.png,/home/amir/Desktop/COGAR/COGAR_Foundation-Model-Segmentation-for-Robotic-Scenes/outputs/ocid_full/gt_binary_masks/00270_result_2018-08-24-17-24-07_obj4.png,401.0,180.0,454.0,233.0,/home/amir/Desktop/COGAR/COGAR_Foundation-Model-Segmentation-for-Robotic-Scenes/outputs/ocid_full/pilot500/sam_vit_b_box/masks/row_0270_object_4_sam_mask.png,,0.962376594543457,0.873071837814015,0.8688213828728496,0.012137702000472927,82.38791823699712,cuda,vit_b
271,result_2018-08-24-17-24-07.png,5,/mnt/Info/COGAR_DATASETs/OCID-dataset/ARID10/floor/bottom/curved/seq06/rgb/result_2018-08-24-17-24-07.png,/home/amir/Desktop/COGAR/COGAR_Foundation-Model-Segmentation-for-Robotic-Scenes/outputs/ocid_full/gt_binary_masks/00271_result_2018-08-24-17-24-07_obj5.png,402.0,114.0,450.0,184.0,/home/amir/Desktop/COGAR/COGAR_Foundation-Model-Segmentation-for-Robotic-Scenes/outputs/ocid_full/pilot500/sam_vit_b_box/masks/row_0271_object_5_sam_mask.png,,0.970610499382019,0.799625468164794,0.5901820594088598,0.012069828000676353,82.85122206745311,cuda,vit_b
272,result_2018-08-24-17-24-07.png,6,/mnt/Info/COGAR_DATASETs/OCID-dataset/ARID10/floor/bottom/curved/seq06/rgb/result_2018-08-24-17-24-07.png,/home/amir/Desktop/COGAR/COGAR_Foundation-Model-Segmentation-for-Robotic-Scenes/outputs/ocid_full/gt_binary_masks/00272_result_2018-08-24-17-24-07_obj6.png,450.0,192.0,513.0,254.0,/home/amir/Desktop/COGAR/COGAR_Foundation-Model-Segmentation-for-Robotic-Scenes/outputs/ocid_full/pilot500/sam_vit_b_box/masks/row_0272_object_6_sam_mask.png,,0.9786534905433655,0.9023514043109079,0.8894694569237152,0.011993350999546237,83.37953254581097,cuda,vit_b
273,result_2018-08-24-17-24-07.png,7,/mnt/Info/COGAR_DATASETs/OCID-dataset/ARID10/floor/bottom/curved/seq06/rgb/result_2018-08-24-17-24-07.png,/home/amir/Desktop/COGAR/COGAR_Foundation-Model-Segmentation-for-Robotic-Scenes/outputs/ocid_full/gt_binary_masks/00273_result_2018-08-24-17-24-07_obj7.png,379.0,175.0,408.0,246.0,/home/amir/Desktop/COGAR/COGAR_Foundation-Model-Segmentation-for-Robotic-Scenes/outputs/ocid_full/pilot500/sam_vit_b_box/masks/row_0273_object_7_sam_mask.png,,0.9636423587799072,0.888339222614841,0.9978213507625272,0.011987802000476222,83.4181278569895,cuda,vit_b
274,result_2018-08-24-17-24-07.png,8,/mnt/Info/COGAR_DATASETs/OCID-dataset/ARID10/floor/bottom/curved/seq06/rgb/result_2018-08-24-17-24-07.png,/home/amir/Desktop/COGAR/COGAR_Foundation-Model-Segmentation-for-Robotic-Scenes/outputs/ocid_full/gt_binary_masks/00274_result_2018-08-24-17-24-07_obj8.png,393.0,231.0,448.0,282.0,/home/amir/Desktop/COGAR/COGAR_Foundation-Model-Segmentation-for-Robotic-Scenes/outputs/ocid_full/pilot500/sam_vit_b_box/masks/row_0274_object_8_sam_mask.png,,0.8888294696807861,0.4969378827646544,0.6956664436561936,0.012022896999951627,83.174629209917,cuda,vit_b
275,result_2018-08-24-17-24-25.png,2,/mnt/Info/COGAR_DATASETs/OCID-dataset/ARID10/floor/bottom/curved/seq06/rgb/result_2018-08-24-17-24-25.png,/home/amir/Desktop/COGAR/COGAR_Foundation-Model-Segmentation-for-Robotic-Scenes/outputs/ocid_full/gt_binary_masks/00275_result_2018-08-24-17-24-25_obj2.png,437.0,145.0,502.0,217.0,/home/amir/Desktop/COGAR/COGAR_Foundation-Model-Segmentation-for-Robotic-Scenes/outputs/ocid_full/pilot500/sam_vit_b_box/masks/row_0275_object_2_sam_mask.png,,0.9315401911735535,0.8349892008639309,0.8222578768270536,0.15773745800015604,6.339648252725175,cuda,vit_b
276,result_2018-08-24-17-24-25.png,3,/mnt/Info/COGAR_DATASETs/OCID-dataset/ARID10/floor/bottom/curved/seq06/rgb/result_2018-08-24-17-24-25.png,/home/amir/Desktop/COGAR/COGAR_Foundation-Model-Segmentation-for-Robotic-Scenes/outputs/ocid_full/gt_binary_masks/00276_result_2018-08-24-17-24-25_obj3.png,449.0,111.0,504.0,163.0,/home/amir/Desktop/COGAR/COGAR_Foundation-Model-Segmentation-for-Robotic-Scenes/outputs/ocid_full/pilot500/sam_vit_b_box/masks/row_0276_object_3_sam_mask.png,,0.9787951707839966,0.9028727770177839,0.9602909972719005,0.013216709000516857,75.66180052544803,cuda,vit_b
277,result_2018-08-24-17-24-25.png,4,/mnt/Info/COGAR_DATASETs/OCID-dataset/ARID10/floor/bottom/curved/seq06/rgb/result_2018-08-24-17-24-25.png,/home/amir/Desktop/COGAR/COGAR_Foundation-Model-Segmentation-for-Robotic-Scenes/outputs/ocid_full/gt_binary_masks/00277_result_2018-08-24-17-24-25_obj4.png,402.0,179.0,454.0,233.0,/home/amir/Desktop/COGAR/COGAR_Foundation-Model-Segmentation-for-Robotic-Scenes/outputs/ocid_full/pilot500/sam_vit_b_box/masks/row_0277_object_4_sam_mask.png,,0.9633399248123169,0.8849911190053286,0.8765564812326436,0.023889066000265302,41.86015476657373,cuda,vit_b
278,result_2018-08-24-17-24-25.png,5,/mnt/Info/COGAR_DATASETs/OCID-dataset/ARID10/floor/bottom/curved/seq06/rgb/result_2018-08-24-17-24-25.png,/home/amir/Desktop/COGAR/COGAR_Foundation-Model-Segmentation-for-Robotic-Scenes/outputs/ocid_full/gt_binary_masks/00278_result_2018-08-24-17-24-25_obj5.png,402.0,114.0,450.0,183.0,/home/amir/Desktop/COGAR/COGAR_Foundation-Model-Segmentation-for-Robotic-Scenes/outputs/ocid_full/pilot500/sam_vit_b_box/masks/row_0278_object_5_sam_mask.png,,0.964447021484375,0.8151228733459357,0.6330434782608696,0.013885585999560135,72.01712625104031,cuda,vit_b
279,result_2018-08-24-17-24-25.png,6,/mnt/Info/COGAR_DATASETs/OCID-dataset/ARID10/floor/bottom/curved/seq06/rgb/result_2018-08-24-17-24-25.png,/home/amir/Desktop/COGAR/COGAR_Foundation-Model-Segmentation-for-Robotic-Scenes/outputs/ocid_full/gt_binary_masks/00279_result_2018-08-24-17-24-25_obj6.png,448.0,192.0,514.0,254.0,/home/amir/Desktop/COGAR/COGAR_Foundation-Model-Segmentation-for-Robotic-Scenes/outputs/ocid_full/pilot500/sam_vit_b_box/masks/row_0279_object_6_sam_mask.png,,0.9787893295288086,0.8993179603767457,0.9166875156367275,0.012519050000264542,79.8782655216545,cuda,vit_b
280,result_2018-08-24-17-24-25.png,7,/mnt/Info/COGAR_DATASETs/OCID-dataset/ARID10/floor/bottom/curved/seq06/rgb/result_2018-08-24-17-24-25.png,/home/amir/Desktop/COGAR/COGAR_Foundation-Model-Segmentation-for-Robotic-Scenes/outputs/ocid_full/gt_binary_masks/00280_result_2018-08-24-17-24-25_obj7.png,382.0,174.0,408.0,245.0,/home/amir/Desktop/COGAR/COGAR_Foundation-Model-Segmentation-for-Robotic-Scenes/outputs/ocid_full/pilot500/sam_vit_b_box/masks/row_0280_object_7_sam_mask.png,,0.9613158702850342,0.857910906298003,0.9804421990155994,0.012141590000283031,82.3615358430559,cuda,vit_b
281,result_2018-08-24-17-24-25.png,8,/mnt/Info/COGAR_DATASETs/OCID-dataset/ARID10/floor/bottom/curved/seq06/rgb/result_2018-08-24-17-24-25.png,/home/amir/Desktop/COGAR/COGAR_Foundation-Model-Segmentation-for-Robotic-Scenes/outputs/ocid_full/gt_binary_masks/00281_result_2018-08-24-17-24-25_obj8.png,396.0,231.0,448.0,283.0,/home/amir/Desktop/COGAR/COGAR_Foundation-Model-Segmentation-for-Robotic-Scenes/outputs/ocid_full/pilot500/sam_vit_b_box/masks/row_0281_object_8_sam_mask.png,,0.896193265914917,0.48931332423829016,0.7473998648147745,0.012126437000006263,82.46445349111892,cuda,vit_b
282,result_2018-08-24-17-24-25.png,9,/mnt/Info/COGAR_DATASETs/OCID-dataset/ARID10/floor/bottom/curved/seq06/rgb/result_2018-08-24-17-24-25.png,/home/amir/Desktop/COGAR/COGAR_Foundation-Model-Segmentation-for-Robotic-Scenes/outputs/ocid_full/gt_binary_masks/00282_result_2018-08-24-17-24-25_obj9.png,348.0,229.0,399.0,283.0,/home/amir/Desktop/COGAR/COGAR_Foundation-Model-Segmentation-for-Robotic-Scenes/outputs/ocid_full/pilot500/sam_vit_b_box/masks/row_0282_object_9_sam_mask.png,,0.9751879572868347,0.8914285714285715,0.9856299844448286,0.012065059000633482,82.88397097332839,cuda,vit_b
283,result_2018-08-24-17-24-46.png,2,/mnt/Info/COGAR_DATASETs/OCID-dataset/ARID10/floor/bottom/curved/seq06/rgb/result_2018-08-24-17-24-46.png,/home/amir/Desktop/COGAR/COGAR_Foundation-Model-Segmentation-for-Robotic-Scenes/outputs/ocid_full/gt_binary_masks/00283_result_2018-08-24-17-24-46_obj2.png,438.0,144.0,502.0,218.0,/home/amir/Desktop/COGAR/COGAR_Foundation-Model-Segmentation-for-Robotic-Scenes/outputs/ocid_full/pilot500/sam_vit_b_box/masks/row_0283_object_2_sam_mask.png,,0.9247298836708069,0.8345008756567426,0.8008628825670757,0.15997702200002095,6.250897707046135,cuda,vit_b
284,result_2018-08-24-17-24-46.png,3,/mnt/Info/COGAR_DATASETs/OCID-dataset/ARID10/floor/bottom/curved/seq06/rgb/result_2018-08-24-17-24-46.png,/home/amir/Desktop/COGAR/COGAR_Foundation-Model-Segmentation-for-Robotic-Scenes/outputs/ocid_full/gt_binary_masks/00284_result_2018-08-24-17-24-46_obj3.png,449.0,111.0,504.0,163.0,/home/amir/Desktop/COGAR/COGAR_Foundation-Model-Segmentation-for-Robotic-Scenes/outputs/ocid_full/pilot500/sam_vit_b_box/masks/row_0284_object_3_sam_mask.png,,0.9789173603057861,0.9045020463847203,0.9813953488372094,0.011982699000327557,83.45365263474149,cuda,vit_b
285,result_2018-08-24-17-24-46.png,4,/mnt/Info/COGAR_DATASETs/OCID-dataset/ARID10/floor/bottom/curved/seq06/rgb/result_2018-08-24-17-24-46.png,/home/amir/Desktop/COGAR/COGAR_Foundation-Model-Segmentation-for-Robotic-Scenes/outputs/ocid_full/gt_binary_masks/00285_result_2018-08-24-17-24-46_obj4.png,401.0,180.0,454.0,233.0,/home/amir/Desktop/COGAR/COGAR_Foundation-Model-Segmentation-for-Robotic-Scenes/outputs/ocid_full/pilot500/sam_vit_b_box/masks/row_0285_object_4_sam_mask.png,,0.9631521701812744,0.8814229249011858,0.845595322238643,0.012015424999844981,83.22635279342192,cuda,vit_b
286,result_2018-08-24-17-24-46.png,5,/mnt/Info/COGAR_DATASETs/OCID-dataset/ARID10/floor/bottom/curved/seq06/rgb/result_2018-08-24-17-24-46.png,/home/amir/Desktop/COGAR/COGAR_Foundation-Model-Segmentation-for-Robotic-Scenes/outputs/ocid_full/gt_binary_masks/00286_result_2018-08-24-17-24-46_obj5.png,401.0,114.0,452.0,183.0,/home/amir/Desktop/COGAR/COGAR_Foundation-Model-Segmentation-for-Robotic-Scenes/outputs/ocid_full/pilot500/sam_vit_b_box/masks/row_0286_object_5_sam_mask.png,,0.970436692237854,0.7952308856926571,0.5491443707866744,0.011990293000053498,83.40079762817625,cuda,vit_b
287,result_2018-08-24-17-24-46.png,6,/mnt/Info/COGAR_DATASETs/OCID-dataset/ARID10/floor/bottom/curved/seq06/rgb/result_2018-08-24-17-24-46.png,/home/amir/Desktop/COGAR/COGAR_Foundation-Model-Segmentation-for-Robotic-Scenes/outputs/ocid_full/gt_binary_masks/00287_result_2018-08-24-17-24-46_obj6.png,447.0,192.0,513.0,254.0,/home/amir/Desktop/COGAR/COGAR_Foundation-Model-Segmentation-for-Robotic-Scenes/outputs/ocid_full/pilot500/sam_vit_b_box/masks/row_0287_object_6_sam_mask.png,,0.9787125587463379,0.899740428293316,0.8886271113035945,0.012037489999784157,83.07379694753067,cuda,vit_b
288,result_2018-08-24-17-24-46.png,7,/mnt/Info/COGAR_DATASETs/OCID-dataset/ARID10/floor/bottom/curved/seq06/rgb/result_2018-08-24-17-24-46.png,/home/amir/Desktop/COGAR/COGAR_Foundation-Model-Segmentation-for-Robotic-Scenes/outputs/ocid_full/gt_binary_masks/00288_result_2018-08-24-17-24-46_obj7.png,382.0,175.0,408.0,241.0,/home/amir/Desktop/COGAR/COGAR_Foundation-Model-Segmentation-for-Robotic-Scenes/outputs/ocid_full/pilot500/sam_vit_b_box/masks/row_0288_object_7_sam_mask.png,,0.9576113224029541,0.85078125,0.9398645127670662,0.011971558000368532,83.53131647269437,cuda,vit_b
289,result_2018-08-24-17-24-46.png,8,/mnt/Info/COGAR_DATASETs/OCID-dataset/ARID10/floor/bottom/curved/seq06/rgb/result_2018-08-24-17-24-46.png,/home/amir/Desktop/COGAR/COGAR_Foundation-Model-Segmentation-for-Robotic-Scenes/outputs/ocid_full/gt_binary_masks/00289_result_2018-08-24-17-24-46_obj8.png,396.0,231.0,448.0,282.0,/home/amir/Desktop/COGAR/COGAR_Foundation-Model-Segmentation-for-Robotic-Scenes/outputs/ocid_full/pilot500/sam_vit_b_box/masks/row_0289_object_8_sam_mask.png,,0.8841319680213928,0.2585034013605442,0.5711422845691383,0.01198805099920719,83.41639521437916,cuda,vit_b
290,result_2018-08-24-17-24-46.png,9,/mnt/Info/COGAR_DATASETs/OCID-dataset/ARID10/floor/bottom/curved/seq06/rgb/result_2018-08-24-17-24-46.png,/home/amir/Desktop/COGAR/COGAR_Foundation-Model-Segmentation-for-Robotic-Scenes/outputs/ocid_full/gt_binary_masks/00290_result_2018-08-24-17-24-46_obj9.png,348.0,229.0,397.0,283.0,/home/amir/Desktop/COGAR/COGAR_Foundation-Model-Segmentation-for-Robotic-Scenes/outputs/ocid_full/pilot500/sam_vit_b_box/masks/row_0290_object_9_sam_mask.png,,0.9753426313400269,0.9126447876447876,0.9853817000541419,0.011987452000539633,83.42056343207743,cuda,vit_b
291,result_2018-08-24-17-24-46.png,10,/mnt/Info/COGAR_DATASETs/OCID-dataset/ARID10/floor/bottom/curved/seq06/rgb/result_2018-08-24-17-24-46.png,/home/amir/Desktop/COGAR/COGAR_Foundation-Model-Segmentation-for-Robotic-Scenes/outputs/ocid_full/gt_binary_masks/00291_result_2018-08-24-17-24-46_obj10.png,392.0,237.0,435.0,341.0,/home/amir/Desktop/COGAR/COGAR_Foundation-Model-Segmentation-for-Robotic-Scenes/outputs/ocid_full/pilot500/sam_vit_b_box/masks/row_0291_object_10_sam_mask.png,,0.9632877111434937,0.8297376093294461,0.9602259191037612,0.011979395000707882,83.47666972671895,cuda,vit_b
292,result_2018-08-24-17-25-16.png,2,/mnt/Info/COGAR_DATASETs/OCID-dataset/ARID10/floor/bottom/curved/seq06/rgb/result_2018-08-24-17-25-16.png,/home/amir/Desktop/COGAR/COGAR_Foundation-Model-Segmentation-for-Robotic-Scenes/outputs/ocid_full/gt_binary_masks/00292_result_2018-08-24-17-25-16_obj2.png,437.0,144.0,502.0,205.0,/home/amir/Desktop/COGAR/COGAR_Foundation-Model-Segmentation-for-Robotic-Scenes/outputs/ocid_full/pilot500/sam_vit_b_box/masks/row_0292_object_2_sam_mask.png,,0.9101523756980896,0.8353819139596137,0.8040830631735739,0.15653387299971655,6.388393648202973,cuda,vit_b
293,result_2018-08-24-17-25-16.png,3,/mnt/Info/COGAR_DATASETs/OCID-dataset/ARID10/floor/bottom/curved/seq06/rgb/result_2018-08-24-17-25-16.png,/home/amir/Desktop/COGAR/COGAR_Foundation-Model-Segmentation-for-Robotic-Scenes/outputs/ocid_full/gt_binary_masks/00293_result_2018-08-24-17-25-16_obj3.png,449.0,111.0,505.0,163.0,/home/amir/Desktop/COGAR/COGAR_Foundation-Model-Segmentation-for-Robotic-Scenes/outputs/ocid_full/pilot500/sam_vit_b_box/masks/row_0293_object_3_sam_mask.png,,0.9771896600723267,0.9082610680054769,0.9768518518518519,0.012148333000368439,82.31582061256238,cuda,vit_b
294,result_2018-08-24-17-25-16.png,4,/mnt/Info/COGAR_DATASETs/OCID-dataset/ARID10/floor/bottom/curved/seq06/rgb/result_2018-08-24-17-25-16.png,/home/amir/Desktop/COGAR/COGAR_Foundation-Model-Segmentation-for-Robotic-Scenes/outputs/ocid_full/gt_binary_masks/00294_result_2018-08-24-17-25-16_obj4.png,401.0,177.0,455.0,233.0,/home/amir/Desktop/COGAR/COGAR_Foundation-Model-Segmentation-for-Robotic-Scenes/outputs/ocid_full/pilot500/sam_vit_b_box/masks/row_0294_object_4_sam_mask.png,,0.9638531804084778,0.8770170082860881,0.857488138931161,0.012091952000446327,82.69963360449074,cuda,vit_b
295,result_2018-08-24-17-25-16.png,5,/mnt/Info/COGAR_DATASETs/OCID-dataset/ARID10/floor/bottom/curved/seq06/rgb/result_2018-08-24-17-25-16.png,/home/amir/Desktop/COGAR/COGAR_Foundation-Model-Segmentation-for-Robotic-Scenes/outputs/ocid_full/gt_binary_masks/00295_result_2018-08-24-17-25-16_obj5.png,402.0,114.0,449.0,184.0,/home/amir/Desktop/COGAR/COGAR_Foundation-Model-Segmentation-for-Robotic-Scenes/outputs/ocid_full/pilot500/sam_vit_b_box/masks/row_0295_object_5_sam_mask.png,,0.9742111563682556,0.7941511583744778,0.5809092170374139,0.01203524899938202,83.08926554418171,cuda,vit_b
296,result_2018-08-24-17-25-16.png,6,/mnt/Info/COGAR_DATASETs/OCID-dataset/ARID10/floor/bottom/curved/seq06/rgb/result_2018-08-24-17-25-16.png,/home/amir/Desktop/COGAR/COGAR_Foundation-Model-Segmentation-for-Robotic-Scenes/outputs/ocid_full/gt_binary_masks/00296_result_2018-08-24-17-25-16_obj6.png,446.0,192.0,513.0,253.0,/home/amir/Desktop/COGAR/COGAR_Foundation-Model-Segmentation-for-Robotic-Scenes/outputs/ocid_full/pilot500/sam_vit_b_box/masks/row_0296_object_6_sam_mask.png,,0.9780795574188232,0.8739526411657559,0.8726730605183644,0.012113355999645137,82.55350540587557,cuda,vit_b
297,result_2018-08-24-17-25-16.png,7,/mnt/Info/COGAR_DATASETs/OCID-dataset/ARID10/floor/bottom/curved/seq06/rgb/result_2018-08-24-17-25-16.png,/home/amir/Desktop/COGAR/COGAR_Foundation-Model-Segmentation-for-Robotic-Scenes/outputs/ocid_full/gt_binary_masks/00297_result_2018-08-24-17-25-16_obj7.png,381.0,175.0,408.0,242.0,/home/amir/Desktop/COGAR/COGAR_Foundation-Model-Segmentation-for-Robotic-Scenes/outputs/ocid_full/pilot500/sam_vit_b_box/masks/row_0297_object_7_sam_mask.png,,0.9585742950439453,0.8449612403100775,0.9382948657560056,0.012069217000316712,82.85541638482088,cuda,vit_b
298,result_2018-08-24-17-25-16.png,8,/mnt/Info/COGAR_DATASETs/OCID-dataset/ARID10/floor/bottom/curved/seq06/rgb/result_2018-08-24-17-25-16.png,/home/amir/Desktop/COGAR/COGAR_Foundation-Model-Segmentation-for-Robotic-Scenes/outputs/ocid_full/gt_binary_masks/00298_result_2018-08-24-17-25-16_obj8.png,395.0,231.0,444.0,282.0,/home/amir/Desktop/COGAR/COGAR_Foundation-Model-Segmentation-for-Robotic-Scenes/outputs/ocid_full/pilot500/sam_vit_b_box/masks/row_0298_object_8_sam_mask.png,,0.8420526385307312,0.8166776968894772,0.8115330129718619,0.012042749999636726,83.03751219863946,cuda,vit_b
299,result_2018-08-24-17-25-16.png,9,/mnt/Info/COGAR_DATASETs/OCID-dataset/ARID10/floor/bottom/curved/seq06/rgb/result_2018-08-24-17-25-16.png,/home/amir/Desktop/COGAR/COGAR_Foundation-Model-Segmentation-for-Robotic-Scenes/outputs/ocid_full/gt_binary_masks/00299_result_2018-08-24-17-25-16_obj9.png,348.0,229.0,403.0,283.0,/home/amir/Desktop/COGAR/COGAR_Foundation-Model-Segmentation-for-Robotic-Scenes/outputs/ocid_full/pilot500/sam_vit_b_box/masks/row_0299_object_9_sam_mask.png,,0.9748899936676025,0.9101393560788082,0.9757439112014072,0.012026710000100138,83.14825916577965,cuda,vit_b
300,result_2018-08-24-17-25-16.png,10,/mnt/Info/COGAR_DATASETs/OCID-dataset/ARID10/floor/bottom/curved/seq06/rgb/result_2018-08-24-17-25-16.png,/home/amir/Desktop/COGAR/COGAR_Foundation-Model-Segmentation-for-Robotic-Scenes/outputs/ocid_full/gt_binary_masks/00300_result_2018-08-24-17-25-16_obj10.png,392.0,236.0,436.0,339.0,/home/amir/Desktop/COGAR/COGAR_Foundation-Model-Segmentation-for-Robotic-Scenes/outputs/ocid_full/pilot500/sam_vit_b_box/masks/row_0300_object_10_sam_mask.png,,0.9643052816390991,0.8421052631578947,0.9594703734458714,0.012288292000448564,81.37827453672948,cuda,vit_b
301,result_2018-08-24-17-25-16.png,11,/mnt/Info/COGAR_DATASETs/OCID-dataset/ARID10/floor/bottom/curved/seq06/rgb/result_2018-08-24-17-25-16.png,/home/amir/Desktop/COGAR/COGAR_Foundation-Model-Segmentation-for-Robotic-Scenes/outputs/ocid_full/gt_binary_masks/00301_result_2018-08-24-17-25-16_obj11.png,427.0,228.0,477.0,332.0,/home/amir/Desktop/COGAR/COGAR_Foundation-Model-Segmentation-for-Robotic-Scenes/outputs/ocid_full/pilot500/sam_vit_b_box/masks/row_0301_object_11_sam_mask.png,,0.9631794095039368,0.8406682966585167,0.8836011269730871,0.013867327000298246,72.111950628877,cuda,vit_b
302,result_2018-08-23-17-18-10.png,2,/mnt/Info/COGAR_DATASETs/OCID-dataset/ARID10/floor/bottom/curved/seq35/rgb/result_2018-08-23-17-18-10.png,/home/amir/Desktop/COGAR/COGAR_Foundation-Model-Segmentation-for-Robotic-Scenes/outputs/ocid_full/gt_binary_masks/00302_result_2018-08-23-17-18-10_obj2.png,167.0,138.0,289.0,185.0,/home/amir/Desktop/COGAR/COGAR_Foundation-Model-Segmentation-for-Robotic-Scenes/outputs/ocid_full/pilot500/sam_vit_b_box/masks/row_0302_object_2_sam_mask.png,,0.9763427972793579,0.9308685743226133,0.9553187252720615,0.15692092799963575,6.372636287253675,cuda,vit_b
303,result_2018-08-23-17-18-32.png,2,/mnt/Info/COGAR_DATASETs/OCID-dataset/ARID10/floor/bottom/curved/seq35/rgb/result_2018-08-23-17-18-32.png,/home/amir/Desktop/COGAR/COGAR_Foundation-Model-Segmentation-for-Robotic-Scenes/outputs/ocid_full/gt_binary_masks/00303_result_2018-08-23-17-18-32_obj2.png,163.0,139.0,289.0,186.0,/home/amir/Desktop/COGAR/COGAR_Foundation-Model-Segmentation-for-Robotic-Scenes/outputs/ocid_full/pilot500/sam_vit_b_box/masks/row_0303_object_2_sam_mask.png,,0.9695690870285034,0.9168982066178328,0.8795697460684866,0.15803271300046617,6.327803788302047,cuda,vit_b
304,result_2018-08-23-17-18-32.png,3,/mnt/Info/COGAR_DATASETs/OCID-dataset/ARID10/floor/bottom/curved/seq35/rgb/result_2018-08-23-17-18-32.png,/home/amir/Desktop/COGAR/COGAR_Foundation-Model-Segmentation-for-Robotic-Scenes/outputs/ocid_full/gt_binary_masks/00304_result_2018-08-23-17-18-32_obj3.png,104.0,139.0,175.0,228.0,/home/amir/Desktop/COGAR/COGAR_Foundation-Model-Segmentation-for-Robotic-Scenes/outputs/ocid_full/pilot500/sam_vit_b_box/masks/row_0304_object_3_sam_mask.png,,0.9800899028778076,0.9150426976133129,0.8801712463413568,0.012052183000378136,82.97252041133338,cuda,vit_b
305,result_2018-08-23-17-19-05.png,2,/mnt/Info/COGAR_DATASETs/OCID-dataset/ARID10/floor/bottom/curved/seq35/rgb/result_2018-08-23-17-19-05.png,/home/amir/Desktop/COGAR/COGAR_Foundation-Model-Segmentation-for-Robotic-Scenes/outputs/ocid_full/gt_binary_masks/00305_result_2018-08-23-17-19-05_obj2.png,164.0,138.0,288.0,186.0,/home/amir/Desktop/COGAR/COGAR_Foundation-Model-Segmentation-for-Robotic-Scenes/outputs/ocid_full/pilot500/sam_vit_b_box/masks/row_0305_object_2_sam_mask.png,,0.9703090786933899,0.9095286365940193,0.8814587012162458,0.15705712199996924,6.367110177914732,cuda,vit_b
306,result_2018-08-23-17-19-05.png,3,/mnt/Info/COGAR_DATASETs/OCID-dataset/ARID10/floor/bottom/curved/seq35/rgb/result_2018-08-23-17-19-05.png,/home/amir/Desktop/COGAR/COGAR_Foundation-Model-Segmentation-for-Robotic-Scenes/outputs/ocid_full/gt_binary_masks/00306_result_2018-08-23-17-19-05_obj3.png,104.0,139.0,176.0,228.0,/home/amir/Desktop/COGAR/COGAR_Foundation-Model-Segmentation-for-Robotic-Scenes/outputs/ocid_full/pilot500/sam_vit_b_box/masks/row_0306_object_3_sam_mask.png,,0.9793930649757385,0.9151541657555216,0.8860202297702298,0.01206463100061228,82.8869113319131,cuda,vit_b
307,result_2018-08-23-17-19-05.png,4,/mnt/Info/COGAR_DATASETs/OCID-dataset/ARID10/floor/bottom/curved/seq35/rgb/result_2018-08-23-17-19-05.png,/home/amir/Desktop/COGAR/COGAR_Foundation-Model-Segmentation-for-Robotic-Scenes/outputs/ocid_full/gt_binary_masks/00307_result_2018-08-23-17-19-05_obj4.png,178.0,224.0,272.0,299.0,/home/amir/Desktop/COGAR/COGAR_Foundation-Model-Segmentation-for-Robotic-Scenes/outputs/ocid_full/pilot500/sam_vit_b_box/masks/row_0307_object_4_sam_mask.png,,0.9654598832130432,0.883362676056338,0.9970588235294118,0.012044520999552333,83.0253025452127,cuda,vit_b
308,result_2018-08-23-17-19-33.png,2,/mnt/Info/COGAR_DATASETs/OCID-dataset/ARID10/floor/bottom/curved/seq35/rgb/result_2018-08-23-17-19-33.png,/home/amir/Desktop/COGAR/COGAR_Foundation-Model-Segmentation-for-Robotic-Scenes/outputs/ocid_full/gt_binary_masks/00308_result_2018-08-23-17-19-33_obj2.png,165.0,139.0,288.0,186.0,/home/amir/Desktop/COGAR/COGAR_Foundation-Model-Segmentation-for-Robotic-Scenes/outputs/ocid_full/pilot500/sam_vit_b_box/masks/row_0308_object_2_sam_mask.png,,0.9721382260322571,0.8909649347325314,0.8718024545320124,0.15734106299987616,6.355619956633871,cuda,vit_b
309,result_2018-08-23-17-19-33.png,3,/mnt/Info/COGAR_DATASETs/OCID-dataset/ARID10/floor/bottom/curved/seq35/rgb/result_2018-08-23-17-19-33.png,/home/amir/Desktop/COGAR/COGAR_Foundation-Model-Segmentation-for-Robotic-Scenes/outputs/ocid_full/gt_binary_masks/00309_result_2018-08-23-17-19-33_obj3.png,108.0,146.0,176.0,228.0,/home/amir/Desktop/COGAR/COGAR_Foundation-Model-Segmentation-for-Robotic-Scenes/outputs/ocid_full/pilot500/sam_vit_b_box/masks/row_0309_object_3_sam_mask.png,,0.9687936305999756,0.914409534127844,0.9289364420312999,0.012149571000009018,82.30743291259071,cuda,vit_b
310,result_2018-08-23-17-19-33.png,4,/mnt/Info/COGAR_DATASETs/OCID-dataset/ARID10/floor/bottom/curved/seq35/rgb/result_2018-08-23-17-19-33.png,/home/amir/Desktop/COGAR/COGAR_Foundation-Model-Segmentation-for-Robotic-Scenes/outputs/ocid_full/gt_binary_masks/00310_result_2018-08-23-17-19-33_obj4.png,178.0,223.0,273.0,299.0,/home/amir/Desktop/COGAR/COGAR_Foundation-Model-Segmentation-for-Robotic-Scenes/outputs/ocid_full/pilot500/sam_vit_b_box/masks/row_0310_object_4_sam_mask.png,,0.9582313895225525,0.8904593639575972,0.9956458635703919,0.012192229999527626,82.01945009557267,cuda,vit_b
311,result_2018-08-23-17-19-33.png,5,/mnt/Info/COGAR_DATASETs/OCID-dataset/ARID10/floor/bottom/curved/seq35/rgb/result_2018-08-23-17-19-33.png,/home/amir/Desktop/COGAR/COGAR_Foundation-Model-Segmentation-for-Robotic-Scenes/outputs/ocid_full/gt_binary_masks/00311_result_2018-08-23-17-19-33_obj5.png,87.0,99.0,158.0,167.0,/home/amir/Desktop/COGAR/COGAR_Foundation-Model-Segmentation-for-Robotic-Scenes/outputs/ocid_full/pilot500/sam_vit_b_box/masks/row_0311_object_5_sam_mask.png,,0.975676417350769,0.9113057760744594,0.9224041056180257,0.012203689000671147,81.9424355983674,cuda,vit_b
312,result_2018-08-23-17-19-54.png,2,/mnt/Info/COGAR_DATASETs/OCID-dataset/ARID10/floor/bottom/curved/seq35/rgb/result_2018-08-23-17-19-54.png,/home/amir/Desktop/COGAR/COGAR_Foundation-Model-Segmentation-for-Robotic-Scenes/outputs/ocid_full/gt_binary_masks/00312_result_2018-08-23-17-19-54_obj2.png,167.0,139.0,288.0,185.0,/home/amir/Desktop/COGAR/COGAR_Foundation-Model-Segmentation-for-Robotic-Scenes/outputs/ocid_full/pilot500/sam_vit_b_box/masks/row_0312_object_2_sam_mask.png,,0.9608199596405029,0.8574567426531172,0.8354011579818031,0.1583690450006543,6.3143652851847945,cuda,vit_b
313,result_2018-08-23-17-19-54.png,3,/mnt/Info/COGAR_DATASETs/OCID-dataset/ARID10/floor/bottom/curved/seq35/rgb/result_2018-08-23-17-19-54.png,/home/amir/Desktop/COGAR/COGAR_Foundation-Model-Segmentation-for-Robotic-Scenes/outputs/ocid_full/gt_binary_masks/00313_result_2018-08-23-17-19-54_obj3.png,108.0,146.0,177.0,228.0,/home/amir/Desktop/COGAR/COGAR_Foundation-Model-Segmentation-for-Robotic-Scenes/outputs/ocid_full/pilot500/sam_vit_b_box/masks/row_0313_object_3_sam_mask.png,,0.9624524712562561,0.9176438505590401,0.9344046088391266,0.012209803000587272,81.90140331927564,cuda,vit_b
314,result_2018-08-23-17-19-54.png,4,/mnt/Info/COGAR_DATASETs/OCID-dataset/ARID10/floor/bottom/curved/seq35/rgb/result_2018-08-23-17-19-54.png,/home/amir/Desktop/COGAR/COGAR_Foundation-Model-Segmentation-for-Robotic-Scenes/outputs/ocid_full/gt_binary_masks/00314_result_2018-08-23-17-19-54_obj4.png,178.0,223.0,273.0,299.0,/home/amir/Desktop/COGAR/COGAR_Foundation-Model-Segmentation-for-Robotic-Scenes/outputs/ocid_full/pilot500/sam_vit_b_box/masks/row_0314_object_4_sam_mask.png,,0.9557951092720032,0.8781770376862401,0.9941858973810889,0.012112256999898818,82.5609958580266,cuda,vit_b
315,result_2018-08-23-17-19-54.png,5,/mnt/Info/COGAR_DATASETs/OCID-dataset/ARID10/floor/bottom/curved/seq35/rgb/result_2018-08-23-17-19-54.png,/home/amir/Desktop/COGAR/COGAR_Foundation-Model-Segmentation-for-Robotic-Scenes/outputs/ocid_full/gt_binary_masks/00315_result_2018-08-23-17-19-54_obj5.png,88.0,99.0,157.0,166.0,/home/amir/Desktop/COGAR/COGAR_Foundation-Model-Segmentation-for-Robotic-Scenes/outputs/ocid_full/pilot500/sam_vit_b_box/masks/row_0315_object_5_sam_mask.png,,0.976466953754425,0.9112703224028658,0.924288937382106,0.01209880499936844,82.65279092044216,cuda,vit_b
316,result_2018-08-23-17-19-54.png,6,/mnt/Info/COGAR_DATASETs/OCID-dataset/ARID10/floor/bottom/curved/seq35/rgb/result_2018-08-23-17-19-54.png,/home/amir/Desktop/COGAR/COGAR_Foundation-Model-Segmentation-for-Robotic-Scenes/outputs/ocid_full/gt_binary_masks/00316_result_2018-08-23-17-19-54_obj6.png,248.0,165.0,305.0,229.0,/home/amir/Desktop/COGAR/COGAR_Foundation-Model-Segmentation-for-Robotic-Scenes/outputs/ocid_full/pilot500/sam_vit_b_box/masks/row_0316_object_6_sam_mask.png,,0.9807403683662415,0.9110871130309576,0.9703829676508033,0.012151731999438198,82.29279579620685,cuda,vit_b
317,result_2018-08-23-17-20-15.png,2,/mnt/Info/COGAR_DATASETs/OCID-dataset/ARID10/floor/bottom/curved/seq35/rgb/result_2018-08-23-17-20-15.png,/home/amir/Desktop/COGAR/COGAR_Foundation-Model-Segmentation-for-Robotic-Scenes/outputs/ocid_full/gt_binary_masks/00317_result_2018-08-23-17-20-15_obj2.png,164.0,138.0,288.0,185.0,/home/amir/Desktop/COGAR/COGAR_Foundation-Model-Segmentation-for-Robotic-Scenes/outputs/ocid_full/pilot500/sam_vit_b_box/masks/row_0317_object_2_sam_mask.png,,0.9676164388656616,0.8846686997504851,0.8134605433963633,0.15874857300059375,6.299269222383875,cuda,vit_b
318,result_2018-08-23-17-20-15.png,3,/mnt/Info/COGAR_DATASETs/OCID-dataset/ARID10/floor/bottom/curved/seq35/rgb/result_2018-08-23-17-20-15.png,/home/amir/Desktop/COGAR/COGAR_Foundation-Model-Segmentation-for-Robotic-Scenes/outputs/ocid_full/gt_binary_masks/00318_result_2018-08-23-17-20-15_obj3.png,107.0,146.0,175.0,228.0,/home/amir/Desktop/COGAR/COGAR_Foundation-Model-Segmentation-for-Robotic-Scenes/outputs/ocid_full/pilot500/sam_vit_b_box/masks/row_0318_object_3_sam_mask.png,,0.9556002616882324,0.8909559244419004,0.8907000504985262,0.012103350999495888,82.6217466585618,cuda,vit_b
319,result_2018-08-23-17-20-15.png,4,/mnt/Info/COGAR_DATASETs/OCID-dataset/ARID10/floor/bottom/curved/seq35/rgb/result_2018-08-23-17-20-15.png,/home/amir/Desktop/COGAR/COGAR_Foundation-Model-Segmentation-for-Robotic-Scenes/outputs/ocid_full/gt_binary_masks/00319_result_2018-08-23-17-20-15_obj4.png,146.0,223.0,273.0,299.0,/home/amir/Desktop/COGAR/COGAR_Foundation-Model-Segmentation-for-Robotic-Scenes/outputs/ocid_full/pilot500/sam_vit_b_box/masks/row_0319_object_4_sam_mask.png,,0.9474087357521057,0.8928098808998677,0.9926919542796293,0.012125708999519702,82.46940447272897,cuda,vit_b
320,result_2018-08-23-17-20-15.png,5,/mnt/Info/COGAR_DATASETs/OCID-dataset/ARID10/floor/bottom/curved/seq35/rgb/result_2018-08-23-17-20-15.png,/home/amir/Desktop/COGAR/COGAR_Foundation-Model-Segmentation-for-Robotic-Scenes/outputs/ocid_full/gt_binary_masks/00320_result_2018-08-23-17-20-15_obj5.png,88.0,99.0,157.0,166.0,/home/amir/Desktop/COGAR/COGAR_Foundation-Model-Segmentation-for-Robotic-Scenes/outputs/ocid_full/pilot500/sam_vit_b_box/masks/row_0320_object_5_sam_mask.png,,0.9756746292114258,0.918019257221458,0.9648381358946994,0.012131202000091434,82.43206237868786,cuda,vit_b
321,result_2018-08-23-17-20-15.png,6,/mnt/Info/COGAR_DATASETs/OCID-dataset/ARID10/floor/bottom/curved/seq35/rgb/result_2018-08-23-17-20-15.png,/home/amir/Desktop/COGAR/COGAR_Foundation-Model-Segmentation-for-Robotic-Scenes/outputs/ocid_full/gt_binary_masks/00321_result_2018-08-23-17-20-15_obj6.png,248.0,166.0,305.0,227.0,/home/amir/Desktop/COGAR/COGAR_Foundation-Model-Segmentation-for-Robotic-Scenes/outputs/ocid_full/pilot500/sam_vit_b_box/masks/row_0321_object_6_sam_mask.png,,0.9785017967224121,0.9161634103019538,0.9768318916197538,0.012101055999664823,82.63741610878408,cuda,vit_b
322,result_2018-08-23-17-20-15.png,7,/mnt/Info/COGAR_DATASETs/OCID-dataset/ARID10/floor/bottom/curved/seq35/rgb/result_2018-08-23-17-20-15.png,/home/amir/Desktop/COGAR/COGAR_Foundation-Model-Segmentation-for-Robotic-Scenes/outputs/ocid_full/gt_binary_masks/00322_result_2018-08-23-17-20-15_obj7.png,146.0,179.0,248.0,258.0,/home/amir/Desktop/COGAR/COGAR_Foundation-Model-Segmentation-for-Robotic-Scenes/outputs/ocid_full/pilot500/sam_vit_b_box/masks/row_0322_object_7_sam_mask.png,,0.977482795715332,0.885580304806565,0.8185905034555254,0.012078492999535229,82.79178536912504,cuda,vit_b
323,result_2018-08-23-17-20-55.png,2,/mnt/Info/COGAR_DATASETs/OCID-dataset/ARID10/floor/bottom/curved/seq35/rgb/result_2018-08-23-17-20-55.png,/home/amir/Desktop/COGAR/COGAR_Foundation-Model-Segmentation-for-Robotic-Scenes/outputs/ocid_full/gt_binary_masks/00323_result_2018-08-23-17-20-55_obj2.png,164.0,140.0,288.0,185.0,/home/amir/Desktop/COGAR/COGAR_Foundation-Model-Segmentation-for-Robotic-Scenes/outputs/ocid_full/pilot500/sam_vit_b_box/masks/row_0323_object_2_sam_mask.png,,0.9663248062133789,0.8813747228381374,0.7853310671985869,0.15823762600030022,6.319609471378841,cuda,vit_b
324,result_2018-08-23-17-20-55.png,3,/mnt/Info/COGAR_DATASETs/OCID-dataset/ARID10/floor/bottom/curved/seq35/rgb/result_2018-08-23-17-20-55.png,/home/amir/Desktop/COGAR/COGAR_Foundation-Model-Segmentation-for-Robotic-Scenes/outputs/ocid_full/gt_binary_masks/00324_result_2018-08-23-17-20-55_obj3.png,107.0,147.0,175.0,225.0,/home/amir/Desktop/COGAR/COGAR_Foundation-Model-Segmentation-for-Robotic-Scenes/outputs/ocid_full/pilot500/sam_vit_b_box/masks/row_0324_object_3_sam_mask.png,,0.9567947387695312,0.8612903225806452,0.7917313706654339,0.012152926999988267,82.28470392366921,cuda,vit_b
325,result_2018-08-23-17-20-55.png,4,/mnt/Info/COGAR_DATASETs/OCID-dataset/ARID10/floor/bottom/curved/seq35/rgb/result_2018-08-23-17-20-55.png,/home/amir/Desktop/COGAR/COGAR_Foundation-Model-Segmentation-for-Robotic-Scenes/outputs/ocid_full/gt_binary_masks/00325_result_2018-08-23-17-20-55_obj4.png,178.0,223.0,273.0,298.0,/home/amir/Desktop/COGAR/COGAR_Foundation-Model-Segmentation-for-Robotic-Scenes/outputs/ocid_full/pilot500/sam_vit_b_box/masks/row_0325_object_4_sam_mask.png,,0.9546048045158386,0.8792486583184258,0.9823529411764708,0.012086267999620759,82.73852607201643,cuda,vit_b
326,result_2018-08-23-17-20-55.png,5,/mnt/Info/COGAR_DATASETs/OCID-dataset/ARID10/floor/bottom/curved/seq35/rgb/result_2018-08-23-17-20-55.png,/home/amir/Desktop/COGAR/COGAR_Foundation-Model-Segmentation-for-Robotic-Scenes/outputs/ocid_full/gt_binary_masks/00326_result_2018-08-23-17-20-55_obj5.png,88.0,100.0,158.0,166.0,/home/amir/Desktop/COGAR/COGAR_Foundation-Model-Segmentation-for-Robotic-Scenes/outputs/ocid_full/pilot500/sam_vit_b_box/masks/row_0326_object_5_sam_mask.png,,0.9766819477081299,0.9208852005532503,0.9762436124726249,0.012092214999938733,82.69783492975164,cuda,vit_b
327,result_2018-08-23-17-20-55.png,6,/mnt/Info/COGAR_DATASETs/OCID-dataset/ARID10/floor/bottom/curved/seq35/rgb/result_2018-08-23-17-20-55.png,/home/amir/Desktop/COGAR/COGAR_Foundation-Model-Segmentation-for-Robotic-Scenes/outputs/ocid_full/gt_binary_masks/00327_result_2018-08-23-17-20-55_obj6.png,248.0,165.0,306.0,229.0,/home/amir/Desktop/COGAR/COGAR_Foundation-Model-Segmentation-for-Robotic-Scenes/outputs/ocid_full/pilot500/sam_vit_b_box/masks/row_0327_object_6_sam_mask.png,,0.9823387861251831,0.9241941197307828,0.9856850715746422,0.012019832000078168,83.19583834395496,cuda,vit_b
328,result_2018-08-23-17-20-55.png,7,/mnt/Info/COGAR_DATASETs/OCID-dataset/ARID10/floor/bottom/curved/seq35/rgb/result_2018-08-23-17-20-55.png,/home/amir/Desktop/COGAR/COGAR_Foundation-Model-Segmentation-for-Robotic-Scenes/outputs/ocid_full/gt_binary_masks/00328_result_2018-08-23-17-20-55_obj7.png,155.0,179.0,249.0,258.0,/home/amir/Desktop/COGAR/COGAR_Foundation-Model-Segmentation-for-Robotic-Scenes/outputs/ocid_full/pilot500/sam_vit_b_box/masks/row_0328_object_7_sam_mask.png,,0.9721016883850098,0.9110454178984144,0.919064621040724,0.01212251099968853,82.4911604555932,cuda,vit_b
329,result_2018-08-23-17-20-55.png,8,/mnt/Info/COGAR_DATASETs/OCID-dataset/ARID10/floor/bottom/curved/seq35/rgb/result_2018-08-23-17-20-55.png,/home/amir/Desktop/COGAR/COGAR_Foundation-Model-Segmentation-for-Robotic-Scenes/outputs/ocid_full/gt_binary_masks/00329_result_2018-08-23-17-20-55_obj8.png,112.0,224.0,168.0,278.0,/home/amir/Desktop/COGAR/COGAR_Foundation-Model-Segmentation-for-Robotic-Scenes/outputs/ocid_full/pilot500/sam_vit_b_box/masks/row_0329_object_8_sam_mask.png,,0.9755974411964417,0.9092694422623724,0.9475045481445762,0.012171577000117395,82.15862250145194,cuda,vit_b
330,result_2018-08-23-17-21-23.png,2,/mnt/Info/COGAR_DATASETs/OCID-dataset/ARID10/floor/bottom/curved/seq35/rgb/result_2018-08-23-17-21-23.png,/home/amir/Desktop/COGAR/COGAR_Foundation-Model-Segmentation-for-Robotic-Scenes/outputs/ocid_full/gt_binary_masks/00330_result_2018-08-23-17-21-23_obj2.png,164.0,139.0,288.0,186.0,/home/amir/Desktop/COGAR/COGAR_Foundation-Model-Segmentation-for-Robotic-Scenes/outputs/ocid_full/pilot500/sam_vit_b_box/masks/row_0330_object_2_sam_mask.png,,0.96803218126297,0.8850862548692265,0.8262326715076422,0.1601543809993018,6.243975305329672,cuda,vit_b
331,result_2018-08-23-17-21-23.png,3,/mnt/Info/COGAR_DATASETs/OCID-dataset/ARID10/floor/bottom/curved/seq35/rgb/result_2018-08-23-17-21-23.png,/home/amir/Desktop/COGAR/COGAR_Foundation-Model-Segmentation-for-Robotic-Scenes/outputs/ocid_full/gt_binary_masks/00331_result_2018-08-23-17-21-23_obj3.png,107.0,145.0,175.0,225.0,/home/amir/Desktop/COGAR/COGAR_Foundation-Model-Segmentation-for-Robotic-Scenes/outputs/ocid_full/pilot500/sam_vit_b_box/masks/row_0331_object_3_sam_mask.png,,0.9570774435997009,0.8829253907401946,0.8166458072590738,0.012107417999686731,82.59399320531216,cuda,vit_b
332,result_2018-08-23-17-21-23.png,4,/mnt/Info/COGAR_DATASETs/OCID-dataset/ARID10/floor/bottom/curved/seq35/rgb/result_2018-08-23-17-21-23.png,/home/amir/Desktop/COGAR/COGAR_Foundation-Model-Segmentation-for-Robotic-Scenes/outputs/ocid_full/gt_binary_masks/00332_result_2018-08-23-17-21-23_obj4.png,178.0,223.0,273.0,297.0,/home/amir/Desktop/COGAR/COGAR_Foundation-Model-Segmentation-for-Robotic-Scenes/outputs/ocid_full/pilot500/sam_vit_b_box/masks/row_0332_object_4_sam_mask.png,,0.9557853937149048,0.8882457702582368,1.0,0.012181307999526325,82.09299034544446,cuda,vit_b
333,result_2018-08-23-17-21-23.png,5,/mnt/Info/COGAR_DATASETs/OCID-dataset/ARID10/floor/bottom/curved/seq35/rgb/result_2018-08-23-17-21-23.png,/home/amir/Desktop/COGAR/COGAR_Foundation-Model-Segmentation-for-Robotic-Scenes/outputs/ocid_full/gt_binary_masks/00333_result_2018-08-23-17-21-23_obj5.png,88.0,101.0,157.0,167.0,/home/amir/Desktop/COGAR/COGAR_Foundation-Model-Segmentation-for-Robotic-Scenes/outputs/ocid_full/pilot500/sam_vit_b_box/masks/row_0333_object_5_sam_mask.png,,0.975429356098175,0.9178610804851157,0.9649027044270371,0.012096364000171889,82.66946993210439,cuda,vit_b
334,result_2018-08-23-17-21-23.png,6,/mnt/Info/COGAR_DATASETs/OCID-dataset/ARID10/floor/bottom/curved/seq35/rgb/result_2018-08-23-17-21-23.png,/home/amir/Desktop/COGAR/COGAR_Foundation-Model-Segmentation-for-Robotic-Scenes/outputs/ocid_full/gt_binary_masks/00334_result_2018-08-23-17-21-23_obj6.png,248.0,165.0,308.0,227.0,/home/amir/Desktop/COGAR/COGAR_Foundation-Model-Segmentation-for-Robotic-Scenes/outputs/ocid_full/pilot500/sam_vit_b_box/masks/row_0334_object_6_sam_mask.png,,0.9801715016365051,0.9298618490967057,0.9919999999999999,0.01218364800024574,82.07722350316017,cuda,vit_b
335,result_2018-08-23-17-21-23.png,7,/mnt/Info/COGAR_DATASETs/OCID-dataset/ARID10/floor/bottom/curved/seq35/rgb/result_2018-08-23-17-21-23.png,/home/amir/Desktop/COGAR/COGAR_Foundation-Model-Segmentation-for-Robotic-Scenes/outputs/ocid_full/gt_binary_masks/00335_result_2018-08-23-17-21-23_obj7.png,154.0,178.0,249.0,258.0,/home/amir/Desktop/COGAR/COGAR_Foundation-Model-Segmentation-for-Robotic-Scenes/outputs/ocid_full/pilot500/sam_vit_b_box/masks/row_0335_object_7_sam_mask.png,,0.9715105295181274,0.900961025093433,0.906942768771799,0.012233463000484335,81.74300277529012,cuda,vit_b
336,result_2018-08-23-17-21-23.png,8,/mnt/Info/COGAR_DATASETs/OCID-dataset/ARID10/floor/bottom/curved/seq35/rgb/result_2018-08-23-17-21-23.png,/home/amir/Desktop/COGAR/COGAR_Foundation-Model-Segmentation-for-Robotic-Scenes/outputs/ocid_full/gt_binary_masks/00336_result_2018-08-23-17-21-23_obj8.png,112.0,223.0,167.0,278.0,/home/amir/Desktop/COGAR/COGAR_Foundation-Model-Segmentation-for-Robotic-Scenes/outputs/ocid_full/pilot500/sam_vit_b_box/masks/row_0336_object_8_sam_mask.png,,0.9743516445159912,0.9159763313609467,0.9624387588459444,0.012111561999518017,82.56573347350204,cuda,vit_b
337,result_2018-08-23-17-21-23.png,9,/mnt/Info/COGAR_DATASETs/OCID-dataset/ARID10/floor/bottom/curved/seq35/rgb/result_2018-08-23-17-21-23.png,/home/amir/Desktop/COGAR/COGAR_Foundation-Model-Segmentation-for-Robotic-Scenes/outputs/ocid_full/gt_binary_masks/00337_result_2018-08-23-17-21-23_obj9.png,305.0,164.0,351.0,210.0,/home/amir/Desktop/COGAR/COGAR_Foundation-Model-Segmentation-for-Robotic-Scenes/outputs/ocid_full/pilot500/sam_vit_b_box/masks/row_0337_object_9_sam_mask.png,,0.9725423455238342,0.9020618556701031,0.9613239791329377,0.012134556999626511,82.40927130926815,cuda,vit_b
338,result_2018-08-23-17-21-55.png,2,/mnt/Info/COGAR_DATASETs/OCID-dataset/ARID10/floor/bottom/curved/seq35/rgb/result_2018-08-23-17-21-55.png,/home/amir/Desktop/COGAR/COGAR_Foundation-Model-Segmentation-for-Robotic-Scenes/outputs/ocid_full/gt_binary_masks/00338_result_2018-08-23-17-21-55_obj2.png,164.0,139.0,289.0,185.0,/home/amir/Desktop/COGAR/COGAR_Foundation-Model-Segmentation-for-Robotic-Scenes/outputs/ocid_full/pilot500/sam_vit_b_box/masks/row_0338_object_2_sam_mask.png,,0.9642837643623352,0.8813843148199833,0.8406111384918679,0.15804182699957892,6.327438874790181,cuda,vit_b
339,result_2018-08-23-17-21-55.png,3,/mnt/Info/COGAR_DATASETs/OCID-dataset/ARID10/floor/bottom/curved/seq35/rgb/result_2018-08-23-17-21-55.png,/home/amir/Desktop/COGAR/COGAR_Foundation-Model-Segmentation-for-Robotic-Scenes/outputs/ocid_full/gt_binary_masks/00339_result_2018-08-23-17-21-55_obj3.png,106.0,147.0,174.0,225.0,/home/amir/Desktop/COGAR/COGAR_Foundation-Model-Segmentation-for-Robotic-Scenes/outputs/ocid_full/pilot500/sam_vit_b_box/masks/row_0339_object_3_sam_mask.png,,0.9561381936073303,0.8797190517998245,0.8201587259874387,0.012239999000485113,81.69935307677449,cuda,vit_b
340,result_2018-08-23-17-21-55.png,4,/mnt/Info/COGAR_DATASETs/OCID-dataset/ARID10/floor/bottom/curved/seq35/rgb/result_2018-08-23-17-21-55.png,/home/amir/Desktop/COGAR/COGAR_Foundation-Model-Segmentation-for-Robotic-Scenes/outputs/ocid_full/gt_binary_masks/00340_result_2018-08-23-17-21-55_obj4.png,179.0,223.0,273.0,298.0,/home/amir/Desktop/COGAR/COGAR_Foundation-Model-Segmentation-for-Robotic-Scenes/outputs/ocid_full/pilot500/sam_vit_b_box/masks/row_0340_object_4_sam_mask.png,,0.9581862688064575,0.8772401433691757,0.9852593089804281,0.012155207999967388,82.26926268992541,cuda,vit_b
341,result_2018-08-23-17-21-55.png,5,/mnt/Info/COGAR_DATASETs/OCID-dataset/ARID10/floor/bottom/curved/seq35/rgb/result_2018-08-23-17-21-55.png,/home/amir/Desktop/COGAR/COGAR_Foundation-Model-Segmentation-for-Robotic-Scenes/outputs/ocid_full/gt_binary_masks/00341_result_2018-08-23-17-21-55_obj5.png,88.0,101.0,158.0,166.0,/home/amir/Desktop/COGAR/COGAR_Foundation-Model-Segmentation-for-Robotic-Scenes/outputs/ocid_full/pilot500/sam_vit_b_box/masks/row_0341_object_5_sam_mask.png,,0.975432276725769,0.9159340659340659,0.9413388543823326,0.012193762999231694,82.0091386115187,cuda,vit_b
342,result_2018-08-23-17-21-55.png,6,/mnt/Info/COGAR_DATASETs/OCID-dataset/ARID10/floor/bottom/curved/seq35/rgb/result_2018-08-23-17-21-55.png,/home/amir/Desktop/COGAR/COGAR_Foundation-Model-Segmentation-for-Robotic-Scenes/outputs/ocid_full/gt_binary_masks/00342_result_2018-08-23-17-21-55_obj6.png,248.0,165.0,308.0,227.0,/home/amir/Desktop/COGAR/COGAR_Foundation-Model-Segmentation-for-Robotic-Scenes/outputs/ocid_full/pilot500/sam_vit_b_box/masks/row_0342_object_6_sam_mask.png,,0.9775390625,0.9182476716109003,0.9794157870743766,0.01205912699970213,82.92474239840917,cuda,vit_b
343,result_2018-08-23-17-21-55.png,7,/mnt/Info/COGAR_DATASETs/OCID-dataset/ARID10/floor/bottom/curved/seq35/rgb/result_2018-08-23-17-21-55.png,/home/amir/Desktop/COGAR/COGAR_Foundation-Model-Segmentation-for-Robotic-Scenes/outputs/ocid_full/gt_binary_masks/00343_result_2018-08-23-17-21-55_obj7.png,155.0,178.0,248.0,259.0,/home/amir/Desktop/COGAR/COGAR_Foundation-Model-Segmentation-for-Robotic-Scenes/outputs/ocid_full/pilot500/sam_vit_b_box/masks/row_0343_object_7_sam_mask.png,,0.9714362025260925,0.9093842430760958,0.9073469773554842,0.01214467899990268,82.3405871829147,cuda,vit_b
344,result_2018-08-23-17-21-55.png,8,/mnt/Info/COGAR_DATASETs/OCID-dataset/ARID10/floor/bottom/curved/seq35/rgb/result_2018-08-23-17-21-55.png,/home/amir/Desktop/COGAR/COGAR_Foundation-Model-Segmentation-for-Robotic-Scenes/outputs/ocid_full/gt_binary_masks/00344_result_2018-08-23-17-21-55_obj8.png,113.0,223.0,168.0,280.0,/home/amir/Desktop/COGAR/COGAR_Foundation-Model-Segmentation-for-Robotic-Scenes/outputs/ocid_full/pilot500/sam_vit_b_box/masks/row_0344_object_8_sam_mask.png,,0.9740742444992065,0.9130090945037564,0.9685584044373133,0.012443017999430595,80.36635485424526,cuda,vit_b
345,result_2018-08-23-17-21-55.png,9,/mnt/Info/COGAR_DATASETs/OCID-dataset/ARID10/floor/bottom/curved/seq35/rgb/result_2018-08-23-17-21-55.png,/home/amir/Desktop/COGAR/COGAR_Foundation-Model-Segmentation-for-Robotic-Scenes/outputs/ocid_full/gt_binary_masks/00345_result_2018-08-23-17-21-55_obj9.png,307.0,165.0,350.0,210.0,/home/amir/Desktop/COGAR/COGAR_Foundation-Model-Segmentation-for-Robotic-Scenes/outputs/ocid_full/pilot500/sam_vit_b_box/masks/row_0345_object_9_sam_mask.png,,0.9719218015670776,0.9187620889748549,0.9972752043596731,0.012074033999851963,82.82236077952578,cuda,vit_b
346,result_2018-08-23-17-21-55.png,10,/mnt/Info/COGAR_DATASETs/OCID-dataset/ARID10/floor/bottom/curved/seq35/rgb/result_2018-08-23-17-21-55.png,/home/amir/Desktop/COGAR/COGAR_Foundation-Model-Segmentation-for-Robotic-Scenes/outputs/ocid_full/gt_binary_masks/00346_result_2018-08-23-17-21-55_obj10.png,282.0,113.0,351.0,173.0,/home/amir/Desktop/COGAR/COGAR_Foundation-Model-Segmentation-for-Robotic-Scenes/outputs/ocid_full/pilot500/sam_vit_b_box/masks/row_0346_object_10_sam_mask.png,,0.9735243320465088,0.919794674366378,0.9619771863117871,0.012140539000029094,82.36866583910349,cuda,vit_b
347,result_2018-08-23-17-22-33.png,2,/mnt/Info/COGAR_DATASETs/OCID-dataset/ARID10/floor/bottom/curved/seq35/rgb/result_2018-08-23-17-22-33.png,/home/amir/Desktop/COGAR/COGAR_Foundation-Model-Segmentation-for-Robotic-Scenes/outputs/ocid_full/gt_binary_masks/00347_result_2018-08-23-17-22-33_obj2.png,164.0,139.0,289.0,185.0,/home/amir/Desktop/COGAR/COGAR_Foundation-Model-Segmentation-for-Robotic-Scenes/outputs/ocid_full/pilot500/sam_vit_b_box/masks/row_0347_object_2_sam_mask.png,,0.9638069868087769,0.8251593239124411,0.7759292918151344,0.1583309179995922,6.315885820876599,cuda,vit_b
348,result_2018-08-23-17-22-33.png,3,/mnt/Info/COGAR_DATASETs/OCID-dataset/ARID10/floor/bottom/curved/seq35/rgb/result_2018-08-23-17-22-33.png,/home/amir/Desktop/COGAR/COGAR_Foundation-Model-Segmentation-for-Robotic-Scenes/outputs/ocid_full/gt_binary_masks/00348_result_2018-08-23-17-22-33_obj3.png,108.0,146.0,174.0,225.0,/home/amir/Desktop/COGAR/COGAR_Foundation-Model-Segmentation-for-Robotic-Scenes/outputs/ocid_full/pilot500/sam_vit_b_box/masks/row_0348_object_3_sam_mask.png,,0.9546037912368774,0.8616706161137441,0.7852415838516191,0.012747403000503255,78.44735119463321,cuda,vit_b
349,result_2018-08-23-17-22-33.png,4,/mnt/Info/COGAR_DATASETs/OCID-dataset/ARID10/floor/bottom/curved/seq35/rgb/result_2018-08-23-17-22-33.png,/home/amir/Desktop/COGAR/COGAR_Foundation-Model-Segmentation-for-Robotic-Scenes/outputs/ocid_full/gt_binary_masks/00349_result_2018-08-23-17-22-33_obj4.png,178.0,224.0,273.0,298.0,/home/amir/Desktop/COGAR/COGAR_Foundation-Model-Segmentation-for-Robotic-Scenes/outputs/ocid_full/pilot500/sam_vit_b_box/masks/row_0349_object_4_sam_mask.png,,0.8869752883911133,0.6455525606469003,0.7757720423690885,0.012242640999829746,81.68172210668487,cuda,vit_b
350,result_2018-08-23-17-22-33.png,5,/mnt/Info/COGAR_DATASETs/OCID-dataset/ARID10/floor/bottom/curved/seq35/rgb/result_2018-08-23-17-22-33.png,/home/amir/Desktop/COGAR/COGAR_Foundation-Model-Segmentation-for-Robotic-Scenes/outputs/ocid_full/gt_binary_masks/00350_result_2018-08-23-17-22-33_obj5.png,88.0,101.0,156.0,167.0,/home/amir/Desktop/COGAR/COGAR_Foundation-Model-Segmentation-for-Robotic-Scenes/outputs/ocid_full/pilot500/sam_vit_b_box/masks/row_0350_object_5_sam_mask.png,,0.9757416248321533,0.9136888400219901,0.9474232757285109,0.012158141000327305,82.24941625311628,cuda,vit_b
351,result_2018-08-23-17-22-33.png,6,/mnt/Info/COGAR_DATASETs/OCID-dataset/ARID10/floor/bottom/curved/seq35/rgb/result_2018-08-23-17-22-33.png,/home/amir/Desktop/COGAR/COGAR_Foundation-Model-Segmentation-for-Robotic-Scenes/outputs/ocid_full/gt_binary_masks/00351_result_2018-08-23-17-22-33_obj6.png,248.0,165.0,308.0,227.0,/home/amir/Desktop/COGAR/COGAR_Foundation-Model-Segmentation-for-Robotic-Scenes/outputs/ocid_full/pilot500/sam_vit_b_box/masks/row_0351_object_6_sam_mask.png,,0.9842408895492554,0.8977156495056257,0.8984333486028402,0.012098150999918289,82.6572589486405,cuda,vit_b
352,result_2018-08-23-17-22-33.png,7,/mnt/Info/COGAR_DATASETs/OCID-dataset/ARID10/floor/bottom/curved/seq35/rgb/result_2018-08-23-17-22-33.png,/home/amir/Desktop/COGAR/COGAR_Foundation-Model-Segmentation-for-Robotic-Scenes/outputs/ocid_full/gt_binary_masks/00352_result_2018-08-23-17-22-33_obj7.png,155.0,179.0,249.0,258.0,/home/amir/Desktop/COGAR/COGAR_Foundation-Model-Segmentation-for-Robotic-Scenes/outputs/ocid_full/pilot500/sam_vit_b_box/masks/row_0352_object_7_sam_mask.png,,0.9689466953277588,0.8776958002270148,0.8495465297883805,0.012195471000268299,81.99765306137009,cuda,vit_b
353,result_2018-08-23-17-22-33.png,8,/mnt/Info/COGAR_DATASETs/OCID-dataset/ARID10/floor/bottom/curved/seq35/rgb/result_2018-08-23-17-22-33.png,/home/amir/Desktop/COGAR/COGAR_Foundation-Model-Segmentation-for-Robotic-Scenes/outputs/ocid_full/gt_binary_masks/00353_result_2018-08-23-17-22-33_obj8.png,112.0,223.0,168.0,279.0,/home/amir/Desktop/COGAR/COGAR_Foundation-Model-Segmentation-for-Robotic-Scenes/outputs/ocid_full/pilot500/sam_vit_b_box/masks/row_0353_object_8_sam_mask.png,,0.9757466912269592,0.9161113288906311,0.9824783402896126,0.012149076999776298,82.31077965992093,cuda,vit_b
354,result_2018-08-23-17-22-33.png,9,/mnt/Info/COGAR_DATASETs/OCID-dataset/ARID10/floor/bottom/curved/seq35/rgb/result_2018-08-23-17-22-33.png,/home/amir/Desktop/COGAR/COGAR_Foundation-Model-Segmentation-for-Robotic-Scenes/outputs/ocid_full/gt_binary_masks/00354_result_2018-08-23-17-22-33_obj9.png,305.0,164.0,350.0,210.0,/home/amir/Desktop/COGAR/COGAR_Foundation-Model-Segmentation-for-Robotic-Scenes/outputs/ocid_full/pilot500/sam_vit_b_box/masks/row_0354_object_9_sam_mask.png,,0.9749248623847961,0.9191461836998707,0.9917355371900827,0.012270016000002215,81.49948622722411,cuda,vit_b
355,result_2018-08-23-17-22-33.png,10,/mnt/Info/COGAR_DATASETs/OCID-dataset/ARID10/floor/bottom/curved/seq35/rgb/result_2018-08-23-17-22-33.png,/home/amir/Desktop/COGAR/COGAR_Foundation-Model-Segmentation-for-Robotic-Scenes/outputs/ocid_full/gt_binary_masks/00355_result_2018-08-23-17-22-33_obj10.png,283.0,113.0,351.0,173.0,/home/amir/Desktop/COGAR/COGAR_Foundation-Model-Segmentation-for-Robotic-Scenes/outputs/ocid_full/pilot500/sam_vit_b_box/masks/row_0355_object_10_sam_mask.png,,0.972013533115387,0.9216250799744082,0.961933470673776,0.012612379000529472,79.28718285091335,cuda,vit_b
356,result_2018-08-23-17-22-33.png,11,/mnt/Info/COGAR_DATASETs/OCID-dataset/ARID10/floor/bottom/curved/seq35/rgb/result_2018-08-23-17-22-33.png,/home/amir/Desktop/COGAR/COGAR_Foundation-Model-Segmentation-for-Robotic-Scenes/outputs/ocid_full/gt_binary_masks/00356_result_2018-08-23-17-22-33_obj11.png,202.0,215.0,302.0,303.0,/home/amir/Desktop/COGAR/COGAR_Foundation-Model-Segmentation-for-Robotic-Scenes/outputs/ocid_full/pilot500/sam_vit_b_box/masks/row_0356_object_11_sam_mask.png,,0.9662436246871948,0.8794911850033474,0.8891752577319588,0.012200467999718967,81.96406892121144,cuda,vit_b
357,result_2018-08-23-17-25-13.png,2,/mnt/Info/COGAR_DATASETs/OCID-dataset/ARID10/floor/bottom/curved/seq36/rgb/result_2018-08-23-17-25-13.png,/home/amir/Desktop/COGAR/COGAR_Foundation-Model-Segmentation-for-Robotic-Scenes/outputs/ocid_full/gt_binary_masks/00357_result_2018-08-23-17-25-13_obj2.png,207.0,245.0,259.0,293.0,/home/amir/Desktop/COGAR/COGAR_Foundation-Model-Segmentation-for-Robotic-Scenes/outputs/ocid_full/pilot500/sam_vit_b_box/masks/row_0357_object_2_sam_mask.png,,0.9772186875343323,0.9052884615384615,0.9548557819528977,0.1568609470004958,6.375073076645644,cuda,vit_b
358,result_2018-08-23-17-25-36.png,2,/mnt/Info/COGAR_DATASETs/OCID-dataset/ARID10/floor/bottom/curved/seq36/rgb/result_2018-08-23-17-25-36.png,/home/amir/Desktop/COGAR/COGAR_Foundation-Model-Segmentation-for-Robotic-Scenes/outputs/ocid_full/gt_binary_masks/00358_result_2018-08-23-17-25-36_obj2.png,206.0,245.0,259.0,294.0,/home/amir/Desktop/COGAR/COGAR_Foundation-Model-Segmentation-for-Robotic-Scenes/outputs/ocid_full/pilot500/sam_vit_b_box/masks/row_0358_object_2_sam_mask.png,,0.9776303768157959,0.8988179669030733,0.9409292551949568,0.1575792650000949,6.346012592452426,cuda,vit_b
359,result_2018-08-23-17-25-36.png,3,/mnt/Info/COGAR_DATASETs/OCID-dataset/ARID10/floor/bottom/curved/seq36/rgb/result_2018-08-23-17-25-36.png,/home/amir/Desktop/COGAR/COGAR_Foundation-Model-Segmentation-for-Robotic-Scenes/outputs/ocid_full/gt_binary_masks/00359_result_2018-08-23-17-25-36_obj3.png,179.0,221.0,226.0,262.0,/home/amir/Desktop/COGAR/COGAR_Foundation-Model-Segmentation-for-Robotic-Scenes/outputs/ocid_full/pilot500/sam_vit_b_box/masks/row_0359_object_3_sam_mask.png,,0.9720456600189209,0.8690330477356181,0.8659481671052157,0.012216516000080446,81.85639833757963,cuda,vit_b
360,result_2018-08-23-17-25-59.png,2,/mnt/Info/COGAR_DATASETs/OCID-dataset/ARID10/floor/bottom/curved/seq36/rgb/result_2018-08-23-17-25-59.png,/home/amir/Desktop/COGAR/COGAR_Foundation-Model-Segmentation-for-Robotic-Scenes/outputs/ocid_full/gt_binary_masks/00360_result_2018-08-23-17-25-59_obj2.png,206.0,245.0,258.0,293.0,/home/amir/Desktop/COGAR/COGAR_Foundation-Model-Segmentation-for-Robotic-Scenes/outputs/ocid_full/pilot500/sam_vit_b_box/masks/row_0360_object_2_sam_mask.png,,0.9768467545509338,0.89207258834766,0.9420855251566788,0.15686335699956544,6.374975132036543,cuda,vit_b
361,result_2018-08-23-17-25-59.png,3,/mnt/Info/COGAR_DATASETs/OCID-dataset/ARID10/floor/bottom/curved/seq36/rgb/result_2018-08-23-17-25-59.png,/home/amir/Desktop/COGAR/COGAR_Foundation-Model-Segmentation-for-Robotic-Scenes/outputs/ocid_full/gt_binary_masks/00361_result_2018-08-23-17-25-59_obj3.png,180.0,219.0,225.0,261.0,/home/amir/Desktop/COGAR/COGAR_Foundation-Model-Segmentation-for-Robotic-Scenes/outputs/ocid_full/pilot500/sam_vit_b_box/masks/row_0361_object_3_sam_mask.png,,0.9736557006835938,0.8726153846153846,0.9279723729649728,0.012194681000437413,82.00296506026937,cuda,vit_b
362,result_2018-08-23-17-25-59.png,4,/mnt/Info/COGAR_DATASETs/OCID-dataset/ARID10/floor/bottom/curved/seq36/rgb/result_2018-08-23-17-25-59.png,/home/amir/Desktop/COGAR/COGAR_Foundation-Model-Segmentation-for-Robotic-Scenes/outputs/ocid_full/gt_binary_masks/00362_result_2018-08-23-17-25-59_obj4.png,133.0,150.0,200.0,242.0,/home/amir/Desktop/COGAR/COGAR_Foundation-Model-Segmentation-for-Robotic-Scenes/outputs/ocid_full/pilot500/sam_vit_b_box/masks/row_0362_object_4_sam_mask.png,,0.973525881767273,0.9283727399165508,0.9927431059506531,0.012206319999677362,81.92477339824222,cuda,vit_b
363,result_2018-08-23-17-26-23.png,2,/mnt/Info/COGAR_DATASETs/OCID-dataset/ARID10/floor/bottom/curved/seq36/rgb/result_2018-08-23-17-26-23.png,/home/amir/Desktop/COGAR/COGAR_Foundation-Model-Segmentation-for-Robotic-Scenes/outputs/ocid_full/gt_binary_masks/00363_result_2018-08-23-17-26-23_obj2.png,207.0,245.0,258.0,293.0,/home/amir/Desktop/COGAR/COGAR_Foundation-Model-Segmentation-for-Robotic-Scenes/outputs/ocid_full/pilot500/sam_vit_b_box/masks/row_0363_object_2_sam_mask.png,,0.9752200841903687,0.9021946564885496,0.9334607366226547,0.15909928700057208,6.285383290224326,cuda,vit_b
364,result_2018-08-23-17-26-23.png,3,/mnt/Info/COGAR_DATASETs/OCID-dataset/ARID10/floor/bottom/curved/seq36/rgb/result_2018-08-23-17-26-23.png,/home/amir/Desktop/COGAR/COGAR_Foundation-Model-Segmentation-for-Robotic-Scenes/outputs/ocid_full/gt_binary_masks/00364_result_2018-08-23-17-26-23_obj3.png,179.0,220.0,225.0,262.0,/home/amir/Desktop/COGAR/COGAR_Foundation-Model-Segmentation-for-Robotic-Scenes/outputs/ocid_full/pilot500/sam_vit_b_box/masks/row_0364_object_3_sam_mask.png,,0.9740828275680542,0.8603936039360394,0.8823927459737448,0.012225388999468123,81.79698822209305,cuda,vit_b
365,result_2018-08-23-17-26-23.png,4,/mnt/Info/COGAR_DATASETs/OCID-dataset/ARID10/floor/bottom/curved/seq36/rgb/result_2018-08-23-17-26-23.png,/home/amir/Desktop/COGAR/COGAR_Foundation-Model-Segmentation-for-Robotic-Scenes/outputs/ocid_full/gt_binary_masks/00365_result_2018-08-23-17-26-23_obj4.png,132.0,151.0,200.0,242.0,/home/amir/Desktop/COGAR/COGAR_Foundation-Model-Segmentation-for-Robotic-Scenes/outputs/ocid_full/pilot500/sam_vit_b_box/masks/row_0365_object_4_sam_mask.png,,0.9814597368240356,0.8899393939393939,0.894662636569828,0.012149453000347421,82.30823231065665,cuda,vit_b
366,result_2018-08-23-17-26-23.png,5,/mnt/Info/COGAR_DATASETs/OCID-dataset/ARID10/floor/bottom/curved/seq36/rgb/result_2018-08-23-17-26-23.png,/home/amir/Desktop/COGAR/COGAR_Foundation-Model-Segmentation-for-Robotic-Scenes/outputs/ocid_full/gt_binary_masks/00366_result_2018-08-23-17-26-23_obj5.png,129.0,91.0,168.0,169.0,/home/amir/Desktop/COGAR/COGAR_Foundation-Model-Segmentation-for-Robotic-Scenes/outputs/ocid_full/pilot500/sam_vit_b_box/masks/row_0366_object_5_sam_mask.png,,0.952960729598999,0.7703744493392071,0.7514282875453326,0.012185902000055648,82.06204185750332,cuda,vit_b
367,result_2018-08-23-17-26-50.png,2,/mnt/Info/COGAR_DATASETs/OCID-dataset/ARID10/floor/bottom/curved/seq36/rgb/result_2018-08-23-17-26-50.png,/home/amir/Desktop/COGAR/COGAR_Foundation-Model-Segmentation-for-Robotic-Scenes/outputs/ocid_full/gt_binary_masks/00367_result_2018-08-23-17-26-50_obj2.png,205.0,244.0,257.0,293.0,/home/amir/Desktop/COGAR/COGAR_Foundation-Model-Segmentation-for-Robotic-Scenes/outputs/ocid_full/pilot500/sam_vit_b_box/masks/row_0367_object_2_sam_mask.png,,0.977324366569519,0.9028708133971292,0.9375233420476979,0.1584705519999261,6.310320670811232,cuda,vit_b
368,result_2018-08-23-17-26-50.png,3,/mnt/Info/COGAR_DATASETs/OCID-dataset/ARID10/floor/bottom/curved/seq36/rgb/result_2018-08-23-17-26-50.png,/home/amir/Desktop/COGAR/COGAR_Foundation-Model-Segmentation-for-Robotic-Scenes/outputs/ocid_full/gt_binary_masks/00368_result_2018-08-23-17-26-50_obj3.png,179.0,220.0,225.0,262.0,/home/amir/Desktop/COGAR/COGAR_Foundation-Model-Segmentation-for-Robotic-Scenes/outputs/ocid_full/pilot500/sam_vit_b_box/masks/row_0368_object_3_sam_mask.png,,0.9733940958976746,0.8698588090853284,0.8870332979706376,0.012204265000036685,81.93856819701917,cuda,vit_b
369,result_2018-08-23-17-26-50.png,4,/mnt/Info/COGAR_DATASETs/OCID-dataset/ARID10/floor/bottom/curved/seq36/rgb/result_2018-08-23-17-26-50.png,/home/amir/Desktop/COGAR/COGAR_Foundation-Model-Segmentation-for-Robotic-Scenes/outputs/ocid_full/gt_binary_masks/00369_result_2018-08-23-17-26-50_obj4.png,132.0,151.0,200.0,241.0,/home/amir/Desktop/COGAR/COGAR_Foundation-Model-Segmentation-for-Robotic-Scenes/outputs/ocid_full/pilot500/sam_vit_b_box/masks/row_0369_object_4_sam_mask.png,,0.9794881343841553,0.8735357398995935,0.8440795978905734,0.012164673000370385,82.20525121962197,cuda,vit_b
370,result_2018-08-23-17-26-50.png,5,/mnt/Info/COGAR_DATASETs/OCID-dataset/ARID10/floor/bottom/curved/seq36/rgb/result_2018-08-23-17-26-50.png,/home/amir/Desktop/COGAR/COGAR_Foundation-Model-Segmentation-for-Robotic-Scenes/outputs/ocid_full/gt_binary_masks/00370_result_2018-08-23-17-26-50_obj5.png,128.0,91.0,168.0,169.0,/home/amir/Desktop/COGAR/COGAR_Foundation-Model-Segmentation-for-Robotic-Scenes/outputs/ocid_full/pilot500/sam_vit_b_box/masks/row_0370_object_5_sam_mask.png,,0.954094409942627,0.7575590984057174,0.7059984932325358,0.012143996000304469,82.34521816170958,cuda,vit_b
371,result_2018-08-23-17-26-50.png,6,/mnt/Info/COGAR_DATASETs/OCID-dataset/ARID10/floor/bottom/curved/seq36/rgb/result_2018-08-23-17-26-50.png,/home/amir/Desktop/COGAR/COGAR_Foundation-Model-Segmentation-for-Robotic-Scenes/outputs/ocid_full/gt_binary_masks/00371_result_2018-08-23-17-26-50_obj6.png,278.0,220.0,322.0,261.0,/home/amir/Desktop/COGAR/COGAR_Foundation-Model-Segmentation-for-Robotic-Scenes/outputs/ocid_full/pilot500/sam_vit_b_box/masks/row_0371_object_6_sam_mask.png,,0.9736754894256592,0.9203821656050956,1.0,0.012203047999719274,81.9467398655651,cuda,vit_b
372,result_2018-08-23-17-27-19.png,2,/mnt/Info/COGAR_DATASETs/OCID-dataset/ARID10/floor/bottom/curved/seq36/rgb/result_2018-08-23-17-27-19.png,/home/amir/Desktop/COGAR/COGAR_Foundation-Model-Segmentation-for-Robotic-Scenes/outputs/ocid_full/gt_binary_masks/00372_result_2018-08-23-17-27-19_obj2.png,205.0,244.0,258.0,292.0,/home/amir/Desktop/COGAR/COGAR_Foundation-Model-Segmentation-for-Robotic-Scenes/outputs/ocid_full/pilot500/sam_vit_b_box/masks/row_0372_object_2_sam_mask.png,,0.9731912016868591,0.8826603325415677,0.8709228745066099,0.15996785300012561,6.251255994535445,cuda,vit_b
373,result_2018-08-23-17-27-19.png,3,/mnt/Info/COGAR_DATASETs/OCID-dataset/ARID10/floor/bottom/curved/seq36/rgb/result_2018-08-23-17-27-19.png,/home/amir/Desktop/COGAR/COGAR_Foundation-Model-Segmentation-for-Robotic-Scenes/outputs/ocid_full/gt_binary_masks/00373_result_2018-08-23-17-27-19_obj3.png,179.0,220.0,225.0,263.0,/home/amir/Desktop/COGAR/COGAR_Foundation-Model-Segmentation-for-Robotic-Scenes/outputs/ocid_full/pilot500/sam_vit_b_box/masks/row_0373_object_3_sam_mask.png,,0.9733556509017944,0.8511685116851169,0.9022002488376661,0.012180079000245314,82.10127372571716,cuda,vit_b
374,result_2018-08-23-17-27-19.png,4,/mnt/Info/COGAR_DATASETs/OCID-dataset/ARID10/floor/bottom/curved/seq36/rgb/result_2018-08-23-17-27-19.png,/home/amir/Desktop/COGAR/COGAR_Foundation-Model-Segmentation-for-Robotic-Scenes/outputs/ocid_full/gt_binary_masks/00374_result_2018-08-23-17-27-19_obj4.png,132.0,151.0,200.0,242.0,/home/amir/Desktop/COGAR/COGAR_Foundation-Model-Segmentation-for-Robotic-Scenes/outputs/ocid_full/pilot500/sam_vit_b_box/masks/row_0374_object_4_sam_mask.png,,0.981901228427887,0.883855421686747,0.876427302715047,0.01218019899988576,82.10046486181211,cuda,vit_b
375,result_2018-08-23-17-27-19.png,5,/mnt/Info/COGAR_DATASETs/OCID-dataset/ARID10/floor/bottom/curved/seq36/rgb/result_2018-08-23-17-27-19.png,/home/amir/Desktop/COGAR/COGAR_Foundation-Model-Segmentation-for-Robotic-Scenes/outputs/ocid_full/gt_binary_masks/00375_result_2018-08-23-17-27-19_obj5.png,129.0,90.0,167.0,169.0,/home/amir/Desktop/COGAR/COGAR_Foundation-Model-Segmentation-for-Robotic-Scenes/outputs/ocid_full/pilot500/sam_vit_b_box/masks/row_0375_object_5_sam_mask.png,,0.9559186697006226,0.7702552719200888,0.778443113772455,0.012187467000330798,82.05150421928178,cuda,vit_b
376,result_2018-08-23-17-27-19.png,6,/mnt/Info/COGAR_DATASETs/OCID-dataset/ARID10/floor/bottom/curved/seq36/rgb/result_2018-08-23-17-27-19.png,/home/amir/Desktop/COGAR/COGAR_Foundation-Model-Segmentation-for-Robotic-Scenes/outputs/ocid_full/gt_binary_masks/00376_result_2018-08-23-17-27-19_obj6.png,278.0,220.0,322.0,256.0,/home/amir/Desktop/COGAR/COGAR_Foundation-Model-Segmentation-for-Robotic-Scenes/outputs/ocid_full/pilot500/sam_vit_b_box/masks/row_0376_object_6_sam_mask.png,,0.9747799038887024,0.8603122432210353,0.9170359428852781,0.012192531999971834,82.01741853146747,cuda,vit_b
377,result_2018-08-23-17-27-19.png,7,/mnt/Info/COGAR_DATASETs/OCID-dataset/ARID10/floor/bottom/curved/seq36/rgb/result_2018-08-23-17-27-19.png,/home/amir/Desktop/COGAR/COGAR_Foundation-Model-Segmentation-for-Robotic-Scenes/outputs/ocid_full/gt_binary_masks/00377_result_2018-08-23-17-27-19_obj7.png,255.0,247.0,318.0,308.0,/home/amir/Desktop/COGAR/COGAR_Foundation-Model-Segmentation-for-Robotic-Scenes/outputs/ocid_full/pilot500/sam_vit_b_box/masks/row_0377_object_7_sam_mask.png,,0.9776150584220886,0.9048223350253807,0.891304703209037,0.012190057999760029,82.03406415455002,cuda,vit_b
378,result_2018-08-23-17-28-00.png,2,/mnt/Info/COGAR_DATASETs/OCID-dataset/ARID10/floor/bottom/curved/seq36/rgb/result_2018-08-23-17-28-00.png,/home/amir/Desktop/COGAR/COGAR_Foundation-Model-Segmentation-for-Robotic-Scenes/outputs/ocid_full/gt_binary_masks/00378_result_2018-08-23-17-28-00_obj2.png,205.0,244.0,258.0,293.0,/home/amir/Desktop/COGAR/COGAR_Foundation-Model-Segmentation-for-Robotic-Scenes/outputs/ocid_full/pilot500/sam_vit_b_box/masks/row_0378_object_2_sam_mask.png,,0.9714500904083252,0.8967314069161535,0.8986238474249172,0.1565787290001026,6.386563528685589,cuda,vit_b
379,result_2018-08-23-17-28-00.png,3,/mnt/Info/COGAR_DATASETs/OCID-dataset/ARID10/floor/bottom/curved/seq36/rgb/result_2018-08-23-17-28-00.png,/home/amir/Desktop/COGAR/COGAR_Foundation-Model-Segmentation-for-Robotic-Scenes/outputs/ocid_full/gt_binary_masks/00379_result_2018-08-23-17-28-00_obj3.png,178.0,220.0,225.0,262.0,/home/amir/Desktop/COGAR/COGAR_Foundation-Model-Segmentation-for-Robotic-Scenes/outputs/ocid_full/pilot500/sam_vit_b_box/masks/row_0379_object_3_sam_mask.png,,0.9723523855209351,0.8382533825338253,0.7976227713481389,0.012135121000028448,82.40544119812697,cuda,vit_b
380,result_2018-08-23-17-28-00.png,4,/mnt/Info/COGAR_DATASETs/OCID-dataset/ARID10/floor/bottom/curved/seq36/rgb/result_2018-08-23-17-28-00.png,/home/amir/Desktop/COGAR/COGAR_Foundation-Model-Segmentation-for-Robotic-Scenes/outputs/ocid_full/gt_binary_masks/00380_result_2018-08-23-17-28-00_obj4.png,132.0,151.0,200.0,239.0,/home/amir/Desktop/COGAR/COGAR_Foundation-Model-Segmentation-for-Robotic-Scenes/outputs/ocid_full/pilot500/sam_vit_b_box/masks/row_0380_object_4_sam_mask.png,,0.9787885546684265,0.8870811073336571,0.8860390556689012,0.012216823999551707,81.85433464840737,cuda,vit_b
381,result_2018-08-23-17-28-00.png,5,/mnt/Info/COGAR_DATASETs/OCID-dataset/ARID10/floor/bottom/curved/seq36/rgb/result_2018-08-23-17-28-00.png,/home/amir/Desktop/COGAR/COGAR_Foundation-Model-Segmentation-for-Robotic-Scenes/outputs/ocid_full/gt_binary_masks/00381_result_2018-08-23-17-28-00_obj5.png,129.0,91.0,169.0,168.0,/home/amir/Desktop/COGAR/COGAR_Foundation-Model-Segmentation-for-Robotic-Scenes/outputs/ocid_full/pilot500/sam_vit_b_box/masks/row_0381_object_5_sam_mask.png,,0.9505881667137146,0.7682522123893806,0.7915092642561613,0.01221591899957275,81.86039871703265,cuda,vit_b
382,result_2018-08-23-17-28-00.png,6,/mnt/Info/COGAR_DATASETs/OCID-dataset/ARID10/floor/bottom/curved/seq36/rgb/result_2018-08-23-17-28-00.png,/home/amir/Desktop/COGAR/COGAR_Foundation-Model-Segmentation-for-Robotic-Scenes/outputs/ocid_full/gt_binary_masks/00382_result_2018-08-23-17-28-00_obj6.png,277.0,220.0,322.0,257.0,/home/amir/Desktop/COGAR/COGAR_Foundation-Model-Segmentation-for-Robotic-Scenes/outputs/ocid_full/pilot500/sam_vit_b_box/masks/row_0382_object_6_sam_mask.png,,0.9748079776763916,0.878231859883236,0.9722839898348159,0.01213959500000783,82.37507099696118,cuda,vit_b
383,result_2018-08-23-17-28-00.png,7,/mnt/Info/COGAR_DATASETs/OCID-dataset/ARID10/floor/bottom/curved/seq36/rgb/result_2018-08-23-17-28-00.png,/home/amir/Desktop/COGAR/COGAR_Foundation-Model-Segmentation-for-Robotic-Scenes/outputs/ocid_full/gt_binary_masks/00383_result_2018-08-23-17-28-00_obj7.png,256.0,247.0,319.0,308.0,/home/amir/Desktop/COGAR/COGAR_Foundation-Model-Segmentation-for-Robotic-Scenes/outputs/ocid_full/pilot500/sam_vit_b_box/masks/row_0383_object_7_sam_mask.png,,0.9781999588012695,0.9092934436664545,0.8969301340860973,0.012168049000138126,82.18244354445388,cuda,vit_b
384,result_2018-08-23-17-28-00.png,8,/mnt/Info/COGAR_DATASETs/OCID-dataset/ARID10/floor/bottom/curved/seq36/rgb/result_2018-08-23-17-28-00.png,/home/amir/Desktop/COGAR/COGAR_Foundation-Model-Segmentation-for-Robotic-Scenes/outputs/ocid_full/gt_binary_masks/00384_result_2018-08-23-17-28-00_obj8.png,218.0,179.0,268.0,222.0,/home/amir/Desktop/COGAR/COGAR_Foundation-Model-Segmentation-for-Robotic-Scenes/outputs/ocid_full/pilot500/sam_vit_b_box/masks/row_0384_object_8_sam_mask.png,,0.9515477418899536,0.9137083560895686,1.0,0.012247448000380246,81.64966284967718,cuda,vit_b
385,result_2018-08-23-17-28-29.png,2,/mnt/Info/COGAR_DATASETs/OCID-dataset/ARID10/floor/bottom/curved/seq36/rgb/result_2018-08-23-17-28-29.png,/home/amir/Desktop/COGAR/COGAR_Foundation-Model-Segmentation-for-Robotic-Scenes/outputs/ocid_full/gt_binary_masks/00385_result_2018-08-23-17-28-29_obj2.png,206.0,245.0,258.0,293.0,/home/amir/Desktop/COGAR/COGAR_Foundation-Model-Segmentation-for-Robotic-Scenes/outputs/ocid_full/pilot500/sam_vit_b_box/masks/row_0385_object_2_sam_mask.png,,0.9718819856643677,0.9039010466222646,0.9731587440410934,0.15585992199976317,6.416017582772302,cuda,vit_b
386,result_2018-08-23-17-28-29.png,3,/mnt/Info/COGAR_DATASETs/OCID-dataset/ARID10/floor/bottom/curved/seq36/rgb/result_2018-08-23-17-28-29.png,/home/amir/Desktop/COGAR/COGAR_Foundation-Model-Segmentation-for-Robotic-Scenes/outputs/ocid_full/gt_binary_masks/00386_result_2018-08-23-17-28-29_obj3.png,179.0,221.0,225.0,266.0,/home/amir/Desktop/COGAR/COGAR_Foundation-Model-Segmentation-for-Robotic-Scenes/outputs/ocid_full/pilot500/sam_vit_b_box/masks/row_0386_object_3_sam_mask.png,,0.971248984336853,0.8214723926380368,0.8183643007874827,0.012167146999672696,82.18853606575976,cuda,vit_b
387,result_2018-08-23-17-28-29.png,4,/mnt/Info/COGAR_DATASETs/OCID-dataset/ARID10/floor/bottom/curved/seq36/rgb/result_2018-08-23-17-28-29.png,/home/amir/Desktop/COGAR/COGAR_Foundation-Model-Segmentation-for-Robotic-Scenes/outputs/ocid_full/gt_binary_masks/00387_result_2018-08-23-17-28-29_obj4.png,131.0,151.0,200.0,242.0,/home/amir/Desktop/COGAR/COGAR_Foundation-Model-Segmentation-for-Robotic-Scenes/outputs/ocid_full/pilot500/sam_vit_b_box/masks/row_0387_object_4_sam_mask.png,,0.9797117710113525,0.8666985188724319,0.8130685336000382,0.01214458599952195,82.34121772774824,cuda,vit_b
388,result_2018-08-23-17-28-29.png,5,/mnt/Info/COGAR_DATASETs/OCID-dataset/ARID10/floor/bottom/curved/seq36/rgb/result_2018-08-23-17-28-29.png,/home/amir/Desktop/COGAR/COGAR_Foundation-Model-Segmentation-for-Robotic-Scenes/outputs/ocid_full/gt_binary_masks/00388_result_2018-08-23-17-28-29_obj5.png,129.0,91.0,169.0,169.0,/home/amir/Desktop/COGAR/COGAR_Foundation-Model-Segmentation-for-Robotic-Scenes/outputs/ocid_full/pilot500/sam_vit_b_box/masks/row_0388_object_5_sam_mask.png,,0.9510053396224976,0.7546754675467546,0.7605965093851437,0.012165883999841753,82.19706845906202,cuda,vit_b
389,result_2018-08-23-17-28-29.png,6,/mnt/Info/COGAR_DATASETs/OCID-dataset/ARID10/floor/bottom/curved/seq36/rgb/result_2018-08-23-17-28-29.png,/home/amir/Desktop/COGAR/COGAR_Foundation-Model-Segmentation-for-Robotic-Scenes/outputs/ocid_full/gt_binary_masks/00389_result_2018-08-23-17-28-29_obj6.png,278.0,220.0,322.0,256.0,/home/amir/Desktop/COGAR/COGAR_Foundation-Model-Segmentation-for-Robotic-Scenes/outputs/ocid_full/pilot500/sam_vit_b_box/masks/row_0389_object_6_sam_mask.png,,0.9760446548461914,0.8626964433416047,0.94841575362748,0.012175193999610201,82.13421486606421,cuda,vit_b
390,result_2018-08-23-17-28-29.png,7,/mnt/Info/COGAR_DATASETs/OCID-dataset/ARID10/floor/bottom/curved/seq36/rgb/result_2018-08-23-17-28-29.png,/home/amir/Desktop/COGAR/COGAR_Foundation-Model-Segmentation-for-Robotic-Scenes/outputs/ocid_full/gt_binary_masks/00390_result_2018-08-23-17-28-29_obj7.png,256.0,247.0,319.0,308.0,/home/amir/Desktop/COGAR/COGAR_Foundation-Model-Segmentation-for-Robotic-Scenes/outputs/ocid_full/pilot500/sam_vit_b_box/masks/row_0390_object_7_sam_mask.png,,0.9786068201065063,0.9037910162472125,0.8648611038633477,0.012111928000194894,82.56323848555812,cuda,vit_b
391,result_2018-08-23-17-28-29.png,8,/mnt/Info/COGAR_DATASETs/OCID-dataset/ARID10/floor/bottom/curved/seq36/rgb/result_2018-08-23-17-28-29.png,/home/amir/Desktop/COGAR/COGAR_Foundation-Model-Segmentation-for-Robotic-Scenes/outputs/ocid_full/gt_binary_masks/00391_result_2018-08-23-17-28-29_obj8.png,218.0,187.0,267.0,222.0,/home/amir/Desktop/COGAR/COGAR_Foundation-Model-Segmentation-for-Robotic-Scenes/outputs/ocid_full/pilot500/sam_vit_b_box/masks/row_0391_object_8_sam_mask.png,,0.9361845254898071,0.8542581211589113,0.9924812030075187,0.012280195000130334,81.4319316582014,cuda,vit_b
392,result_2018-08-23-17-28-29.png,9,/mnt/Info/COGAR_DATASETs/OCID-dataset/ARID10/floor/bottom/curved/seq36/rgb/result_2018-08-23-17-28-29.png,/home/amir/Desktop/COGAR/COGAR_Foundation-Model-Segmentation-for-Robotic-Scenes/outputs/ocid_full/gt_binary_masks/00392_result_2018-08-23-17-28-29_obj9.png,210.0,108.0,258.0,203.0,/home/amir/Desktop/COGAR/COGAR_Foundation-Model-Segmentation-for-Robotic-Scenes/outputs/ocid_full/pilot500/sam_vit_b_box/masks/row_0392_object_9_sam_mask.png,,0.9749956130981445,0.8373806275579809,0.7128553770086526,0.012146109999775945,82.33088618647837,cuda,vit_b
393,result_2018-08-23-17-28-55.png,2,/mnt/Info/COGAR_DATASETs/OCID-dataset/ARID10/floor/bottom/curved/seq36/rgb/result_2018-08-23-17-28-55.png,/home/amir/Desktop/COGAR/COGAR_Foundation-Model-Segmentation-for-Robotic-Scenes/outputs/ocid_full/gt_binary_masks/00393_result_2018-08-23-17-28-55_obj2.png,206.0,245.0,259.0,294.0,/home/amir/Desktop/COGAR/COGAR_Foundation-Model-Segmentation-for-Robotic-Scenes/outputs/ocid_full/pilot500/sam_vit_b_box/masks/row_0393_object_2_sam_mask.png,,0.973141074180603,0.9074698795180723,0.9860065851364064,0.15799470399997517,6.329326076652273,cuda,vit_b
394,result_2018-08-23-17-28-55.png,3,/mnt/Info/COGAR_DATASETs/OCID-dataset/ARID10/floor/bottom/curved/seq36/rgb/result_2018-08-23-17-28-55.png,/home/amir/Desktop/COGAR/COGAR_Foundation-Model-Segmentation-for-Robotic-Scenes/outputs/ocid_full/gt_binary_masks/00394_result_2018-08-23-17-28-55_obj3.png,180.0,220.0,224.0,262.0,/home/amir/Desktop/COGAR/COGAR_Foundation-Model-Segmentation-for-Robotic-Scenes/outputs/ocid_full/pilot500/sam_vit_b_box/masks/row_0394_object_3_sam_mask.png,,0.9722967147827148,0.81577325939618,0.7765957446808511,0.012193905999993149,82.00817687134555,cuda,vit_b
395,result_2018-08-23-17-28-55.png,4,/mnt/Info/COGAR_DATASETs/OCID-dataset/ARID10/floor/bottom/curved/seq36/rgb/result_2018-08-23-17-28-55.png,/home/amir/Desktop/COGAR/COGAR_Foundation-Model-Segmentation-for-Robotic-Scenes/outputs/ocid_full/gt_binary_masks/00395_result_2018-08-23-17-28-55_obj4.png,134.0,151.0,200.0,241.0,/home/amir/Desktop/COGAR/COGAR_Foundation-Model-Segmentation-for-Robotic-Scenes/outputs/ocid_full/pilot500/sam_vit_b_box/masks/row_0395_object_4_sam_mask.png,,0.9786587357521057,0.8797192642787997,0.8737126277280183,0.012157498999840755,82.25375959423057,cuda,vit_b
396,result_2018-08-23-17-28-55.png,5,/mnt/Info/COGAR_DATASETs/OCID-dataset/ARID10/floor/bottom/curved/seq36/rgb/result_2018-08-23-17-28-55.png,/home/amir/Desktop/COGAR/COGAR_Foundation-Model-Segmentation-for-Robotic-Scenes/outputs/ocid_full/gt_binary_masks/00396_result_2018-08-23-17-28-55_obj5.png,127.0,91.0,169.0,169.0,/home/amir/Desktop/COGAR/COGAR_Foundation-Model-Segmentation-for-Robotic-Scenes/outputs/ocid_full/pilot500/sam_vit_b_box/masks/row_0396_object_5_sam_mask.png,,0.9539878964424133,0.7468493150684932,0.7241841752346894,0.012187330999950063,82.05241984517343,cuda,vit_b
397,result_2018-08-23-17-28-55.png,6,/mnt/Info/COGAR_DATASETs/OCID-dataset/ARID10/floor/bottom/curved/seq36/rgb/result_2018-08-23-17-28-55.png,/home/amir/Desktop/COGAR/COGAR_Foundation-Model-Segmentation-for-Robotic-Scenes/outputs/ocid_full/gt_binary_masks/00397_result_2018-08-23-17-28-55_obj6.png,277.0,220.0,323.0,256.0,/home/amir/Desktop/COGAR/COGAR_Foundation-Model-Segmentation-for-Robotic-Scenes/outputs/ocid_full/pilot500/sam_vit_b_box/masks/row_0397_object_6_sam_mask.png,,0.9732508063316345,0.8525269262634632,0.9825581395348837,0.012212310999530018,81.88458351891663,cuda,vit_b
398,result_2018-08-23-17-28-55.png,7,/mnt/Info/COGAR_DATASETs/OCID-dataset/ARID10/floor/bottom/curved/seq36/rgb/result_2018-08-23-17-28-55.png,/home/amir/Desktop/COGAR/COGAR_Foundation-Model-Segmentation-for-Robotic-Scenes/outputs/ocid_full/gt_binary_masks/00398_result_2018-08-23-17-28-55_obj7.png,255.0,247.0,320.0,308.0,/home/amir/Desktop/COGAR/COGAR_Foundation-Model-Segmentation-for-Robotic-Scenes/outputs/ocid_full/pilot500/sam_vit_b_box/masks/row_0398_object_7_sam_mask.png,,0.9797159433364868,0.9032155364533588,0.8878081301924852,0.012186279000161448,82.05950314995674,cuda,vit_b
399,result_2018-08-23-17-28-55.png,8,/mnt/Info/COGAR_DATASETs/OCID-dataset/ARID10/floor/bottom/curved/seq36/rgb/result_2018-08-23-17-28-55.png,/home/amir/Desktop/COGAR/COGAR_Foundation-Model-Segmentation-for-Robotic-Scenes/outputs/ocid_full/gt_binary_masks/00399_result_2018-08-23-17-28-55_obj8.png,218.0,187.0,268.0,222.0,/home/amir/Desktop/COGAR/COGAR_Foundation-Model-Segmentation-for-Robotic-Scenes/outputs/ocid_full/pilot500/sam_vit_b_box/masks/row_0399_object_8_sam_mask.png,,0.9370855093002319,0.8485113835376532,0.9924433249370278,0.012196212999697309,81.99266444631776,cuda,vit_b
400,result_2018-08-23-17-28-55.png,9,/mnt/Info/COGAR_DATASETs/OCID-dataset/ARID10/floor/bottom/curved/seq36/rgb/result_2018-08-23-17-28-55.png,/home/amir/Desktop/COGAR/COGAR_Foundation-Model-Segmentation-for-Robotic-Scenes/outputs/ocid_full/gt_binary_masks/00400_result_2018-08-23-17-28-55_obj9.png,209.0,108.0,260.0,203.0,/home/amir/Desktop/COGAR/COGAR_Foundation-Model-Segmentation-for-Robotic-Scenes/outputs/ocid_full/pilot500/sam_vit_b_box/masks/row_0400_object_9_sam_mask.png,,0.9743880033493042,0.8375372931922973,0.691967832304283,0.012496548999479273,80.0220925026317,cuda,vit_b
401,result_2018-08-23-17-28-55.png,10,/mnt/Info/COGAR_DATASETs/OCID-dataset/ARID10/floor/bottom/curved/seq36/rgb/result_2018-08-23-17-28-55.png,/home/amir/Desktop/COGAR/COGAR_Foundation-Model-Segmentation-for-Robotic-Scenes/outputs/ocid_full/gt_binary_masks/00401_result_2018-08-23-17-28-55_obj10.png,317.0,225.0,369.0,272.0,/home/amir/Desktop/COGAR/COGAR_Foundation-Model-Segmentation-for-Robotic-Scenes/outputs/ocid_full/pilot500/sam_vit_b_box/masks/row_0401_object_10_sam_mask.png,,0.9704877138137817,0.9134667387777177,0.9746192893401014,0.014222518000678974,70.31103774678019,cuda,vit_b
402,result_2018-08-23-17-29-26.png,2,/mnt/Info/COGAR_DATASETs/OCID-dataset/ARID10/floor/bottom/curved/seq36/rgb/result_2018-08-23-17-29-26.png,/home/amir/Desktop/COGAR/COGAR_Foundation-Model-Segmentation-for-Robotic-Scenes/outputs/ocid_full/gt_binary_masks/00402_result_2018-08-23-17-29-26_obj2.png,205.0,244.0,259.0,293.0,/home/amir/Desktop/COGAR/COGAR_Foundation-Model-Segmentation-for-Robotic-Scenes/outputs/ocid_full/pilot500/sam_vit_b_box/masks/row_0402_object_2_sam_mask.png,,0.9718040227890015,0.8984747378455672,0.9563775955330658,0.15768679899974813,6.3416849498073535,cuda,vit_b
403,result_2018-08-23-17-29-26.png,3,/mnt/Info/COGAR_DATASETs/OCID-dataset/ARID10/floor/bottom/curved/seq36/rgb/result_2018-08-23-17-29-26.png,/home/amir/Desktop/COGAR/COGAR_Foundation-Model-Segmentation-for-Robotic-Scenes/outputs/ocid_full/gt_binary_masks/00403_result_2018-08-23-17-29-26_obj3.png,179.0,220.0,223.0,262.0,/home/amir/Desktop/COGAR/COGAR_Foundation-Model-Segmentation-for-Robotic-Scenes/outputs/ocid_full/pilot500/sam_vit_b_box/masks/row_0403_object_3_sam_mask.png,,0.9717621803283691,0.8165644171779141,0.7597994905086696,0.01223913099966012,81.70514720593889,cuda,vit_b
404,result_2018-08-23-17-29-26.png,4,/mnt/Info/COGAR_DATASETs/OCID-dataset/ARID10/floor/bottom/curved/seq36/rgb/result_2018-08-23-17-29-26.png,/home/amir/Desktop/COGAR/COGAR_Foundation-Model-Segmentation-for-Robotic-Scenes/outputs/ocid_full/gt_binary_masks/00404_result_2018-08-23-17-29-26_obj4.png,132.0,151.0,200.0,242.0,/home/amir/Desktop/COGAR/COGAR_Foundation-Model-Segmentation-for-Robotic-Scenes/outputs/ocid_full/pilot500/sam_vit_b_box/masks/row_0404_object_4_sam_mask.png,,0.979724645614624,0.8811357074109721,0.8678075731033554,0.01401346599959652,71.35993336900324,cuda,vit_b
405,result_2018-08-23-17-29-26.png,5,/mnt/Info/COGAR_DATASETs/OCID-dataset/ARID10/floor/bottom/curved/seq36/rgb/result_2018-08-23-17-29-26.png,/home/amir/Desktop/COGAR/COGAR_Foundation-Model-Segmentation-for-Robotic-Scenes/outputs/ocid_full/gt_binary_masks/00405_result_2018-08-23-17-29-26_obj5.png,129.0,92.0,169.0,168.0,/home/amir/Desktop/COGAR/COGAR_Foundation-Model-Segmentation-for-Robotic-Scenes/outputs/ocid_full/pilot500/sam_vit_b_box/masks/row_0405_object_5_sam_mask.png,,0.9502042531967163,0.7476737821565408,0.713649984061205,0.012933060000250407,77.32122173566334,cuda,vit_b
406,result_2018-08-23-17-29-26.png,6,/mnt/Info/COGAR_DATASETs/OCID-dataset/ARID10/floor/bottom/curved/seq36/rgb/result_2018-08-23-17-29-26.png,/home/amir/Desktop/COGAR/COGAR_Foundation-Model-Segmentation-for-Robotic-Scenes/outputs/ocid_full/gt_binary_masks/00406_result_2018-08-23-17-29-26_obj6.png,277.0,220.0,323.0,256.0,/home/amir/Desktop/COGAR/COGAR_Foundation-Model-Segmentation-for-Robotic-Scenes/outputs/ocid_full/pilot500/sam_vit_b_box/masks/row_0406_object_6_sam_mask.png,,0.972947359085083,0.8523102310231023,0.9589806639096904,0.012564230999487336,79.59102312276839,cuda,vit_b
407,result_2018-08-23-17-29-26.png,7,/mnt/Info/COGAR_DATASETs/OCID-dataset/ARID10/floor/bottom/curved/seq36/rgb/result_2018-08-23-17-29-26.png,/home/amir/Desktop/COGAR/COGAR_Foundation-Model-Segmentation-for-Robotic-Scenes/outputs/ocid_full/gt_binary_masks/00407_result_2018-08-23-17-29-26_obj7.png,255.0,248.0,320.0,306.0,/home/amir/Desktop/COGAR/COGAR_Foundation-Model-Segmentation-for-Robotic-Scenes/outputs/ocid_full/pilot500/sam_vit_b_box/masks/row_0407_object_7_sam_mask.png,,0.9746465682983398,0.8817170111287759,0.7862649435775204,0.01265621399943484,79.01257042940762,cuda,vit_b
408,result_2018-08-23-17-29-26.png,8,/mnt/Info/COGAR_DATASETs/OCID-dataset/ARID10/floor/bottom/curved/seq36/rgb/result_2018-08-23-17-29-26.png,/home/amir/Desktop/COGAR/COGAR_Foundation-Model-Segmentation-for-Robotic-Scenes/outputs/ocid_full/gt_binary_masks/00408_result_2018-08-23-17-29-26_obj8.png,218.0,186.0,268.0,222.0,/home/amir/Desktop/COGAR/COGAR_Foundation-Model-Segmentation-for-Robotic-Scenes/outputs/ocid_full/pilot500/sam_vit_b_box/masks/row_0408_object_8_sam_mask.png,,0.9241479635238647,0.8337662337662337,0.9877267615275537,0.012897771999632823,77.53277077843121,cuda,vit_b
409,result_2018-08-23-17-29-26.png,9,/mnt/Info/COGAR_DATASETs/OCID-dataset/ARID10/floor/bottom/curved/seq36/rgb/result_2018-08-23-17-29-26.png,/home/amir/Desktop/COGAR/COGAR_Foundation-Model-Segmentation-for-Robotic-Scenes/outputs/ocid_full/gt_binary_masks/00409_result_2018-08-23-17-29-26_obj9.png,210.0,108.0,261.0,203.0,/home/amir/Desktop/COGAR/COGAR_Foundation-Model-Segmentation-for-Robotic-Scenes/outputs/ocid_full/pilot500/sam_vit_b_box/masks/row_0409_object_9_sam_mask.png,,0.9780780673027039,0.8327037236913114,0.7345450335725863,0.01300561799962452,76.88984868145987,cuda,vit_b
410,result_2018-08-23-17-29-26.png,10,/mnt/Info/COGAR_DATASETs/OCID-dataset/ARID10/floor/bottom/curved/seq36/rgb/result_2018-08-23-17-29-26.png,/home/amir/Desktop/COGAR/COGAR_Foundation-Model-Segmentation-for-Robotic-Scenes/outputs/ocid_full/gt_binary_masks/00410_result_2018-08-23-17-29-26_obj10.png,316.0,225.0,368.0,274.0,/home/amir/Desktop/COGAR/COGAR_Foundation-Model-Segmentation-for-Robotic-Scenes/outputs/ocid_full/pilot500/sam_vit_b_box/masks/row_0410_object_10_sam_mask.png,,0.9706056714057922,0.9077090119435396,0.9897435897435898,0.014003375999891432,71.41135109189048,cuda,vit_b
411,result_2018-08-23-17-29-26.png,11,/mnt/Info/COGAR_DATASETs/OCID-dataset/ARID10/floor/bottom/curved/seq36/rgb/result_2018-08-23-17-29-26.png,/home/amir/Desktop/COGAR/COGAR_Foundation-Model-Segmentation-for-Robotic-Scenes/outputs/ocid_full/gt_binary_masks/00411_result_2018-08-23-17-29-26_obj11.png,265.0,167.0,392.0,212.0,/home/amir/Desktop/COGAR/COGAR_Foundation-Model-Segmentation-for-Robotic-Scenes/outputs/ocid_full/pilot500/sam_vit_b_box/masks/row_0411_object_11_sam_mask.png,,0.9690860509872437,0.8518347565197323,0.8511354079058032,0.014040747999388259,71.22127681826987,cuda,vit_b
412,result_2018-08-24-17-29-40.png,2,/mnt/Info/COGAR_DATASETs/OCID-dataset/ARID10/floor/bottom/fruits/seq07/rgb/result_2018-08-24-17-29-40.png,/home/amir/Desktop/COGAR/COGAR_Foundation-Model-Segmentation-for-Robotic-Scenes/outputs/ocid_full/gt_binary_masks/00412_result_2018-08-24-17-29-40_obj2.png,255.0,290.0,364.0,387.0,/home/amir/Desktop/COGAR/COGAR_Foundation-Model-Segmentation-for-Robotic-Scenes/outputs/ocid_full/pilot500/sam_vit_b_box/masks/row_0412_object_2_sam_mask.png,,0.9529896974563599,0.7945459359279852,0.8246741758565784,0.1587923029992453,6.297534459241093,cuda,vit_b
413,result_2018-08-24-17-30-00.png,2,/mnt/Info/COGAR_DATASETs/OCID-dataset/ARID10/floor/bottom/fruits/seq07/rgb/result_2018-08-24-17-30-00.png,/home/amir/Desktop/COGAR/COGAR_Foundation-Model-Segmentation-for-Robotic-Scenes/outputs/ocid_full/gt_binary_masks/00413_result_2018-08-24-17-30-00_obj2.png,254.0,290.0,364.0,387.0,/home/amir/Desktop/COGAR/COGAR_Foundation-Model-Segmentation-for-Robotic-Scenes/outputs/ocid_full/pilot500/sam_vit_b_box/masks/row_0413_object_2_sam_mask.png,,0.7937195301055908,0.7569406641262929,0.7216486836168491,0.15593763400011085,6.412820140642182,cuda,vit_b
414,result_2018-08-24-17-30-00.png,3,/mnt/Info/COGAR_DATASETs/OCID-dataset/ARID10/floor/bottom/fruits/seq07/rgb/result_2018-08-24-17-30-00.png,/home/amir/Desktop/COGAR/COGAR_Foundation-Model-Segmentation-for-Robotic-Scenes/outputs/ocid_full/gt_binary_masks/00414_result_2018-08-24-17-30-00_obj3.png,272.0,309.0,324.0,356.0,/home/amir/Desktop/COGAR/COGAR_Foundation-Model-Segmentation-for-Robotic-Scenes/outputs/ocid_full/pilot500/sam_vit_b_box/masks/row_0414_object_3_sam_mask.png,,0.9769885540008545,0.8724988366682178,0.8535592842410391,0.012459134999517119,80.26239382098012,cuda,vit_b
415,result_2018-08-24-17-30-36.png,2,/mnt/Info/COGAR_DATASETs/OCID-dataset/ARID10/floor/bottom/fruits/seq07/rgb/result_2018-08-24-17-30-36.png,/home/amir/Desktop/COGAR/COGAR_Foundation-Model-Segmentation-for-Robotic-Scenes/outputs/ocid_full/gt_binary_masks/00415_result_2018-08-24-17-30-36_obj2.png,255.0,290.0,363.0,387.0,/home/amir/Desktop/COGAR/COGAR_Foundation-Model-Segmentation-for-Robotic-Scenes/outputs/ocid_full/pilot500/sam_vit_b_box/masks/row_0415_object_2_sam_mask.png,,0.7956990003585815,0.25798710064496777,0.41352761396735205,0.1569974740004909,6.369529232023651,cuda,vit_b
416,result_2018-08-24-17-30-36.png,3,/mnt/Info/COGAR_DATASETs/OCID-dataset/ARID10/floor/bottom/fruits/seq07/rgb/result_2018-08-24-17-30-36.png,/home/amir/Desktop/COGAR/COGAR_Foundation-Model-Segmentation-for-Robotic-Scenes/outputs/ocid_full/gt_binary_masks/00416_result_2018-08-24-17-30-36_obj3.png,272.0,309.0,326.0,357.0,/home/amir/Desktop/COGAR/COGAR_Foundation-Model-Segmentation-for-Robotic-Scenes/outputs/ocid_full/pilot500/sam_vit_b_box/masks/row_0416_object_3_sam_mask.png,,0.9714657068252563,0.8428343100692595,0.8403771627353454,0.015326795999499154,65.24520845926818,cuda,vit_b
417,result_2018-08-24-17-30-36.png,4,/mnt/Info/COGAR_DATASETs/OCID-dataset/ARID10/floor/bottom/fruits/seq07/rgb/result_2018-08-24-17-30-36.png,/home/amir/Desktop/COGAR/COGAR_Foundation-Model-Segmentation-for-Robotic-Scenes/outputs/ocid_full/gt_binary_masks/00417_result_2018-08-24-17-30-36_obj4.png,249.0,281.0,370.0,404.0,/home/amir/Desktop/COGAR/COGAR_Foundation-Model-Segmentation-for-Robotic-Scenes/outputs/ocid_full/pilot500/sam_vit_b_box/masks/row_0417_object_4_sam_mask.png,,0.9414122104644775,0.6306741064696124,0.7097834285098589,0.0132710859998042,75.35178357029363,cuda,vit_b
418,result_2018-08-24-17-30-58.png,2,/mnt/Info/COGAR_DATASETs/OCID-dataset/ARID10/floor/bottom/fruits/seq07/rgb/result_2018-08-24-17-30-58.png,/home/amir/Desktop/COGAR/COGAR_Foundation-Model-Segmentation-for-Robotic-Scenes/outputs/ocid_full/gt_binary_masks/00418_result_2018-08-24-17-30-58_obj2.png,255.0,290.0,365.0,388.0,/home/amir/Desktop/COGAR/COGAR_Foundation-Model-Segmentation-for-Robotic-Scenes/outputs/ocid_full/pilot500/sam_vit_b_box/masks/row_0418_object_2_sam_mask.png,,0.8600820302963257,0.2577562123217174,0.369036903690369,0.15493046800020238,6.454508354023004,cuda,vit_b
419,result_2018-08-24-17-30-58.png,3,/mnt/Info/COGAR_DATASETs/OCID-dataset/ARID10/floor/bottom/fruits/seq07/rgb/result_2018-08-24-17-30-58.png,/home/amir/Desktop/COGAR/COGAR_Foundation-Model-Segmentation-for-Robotic-Scenes/outputs/ocid_full/gt_binary_masks/00419_result_2018-08-24-17-30-58_obj3.png,270.0,310.0,324.0,356.0,/home/amir/Desktop/COGAR/COGAR_Foundation-Model-Segmentation-for-Robotic-Scenes/outputs/ocid_full/pilot500/sam_vit_b_box/masks/row_0419_object_3_sam_mask.png,,0.9718543291091919,0.8358129649309245,0.7631888744133482,0.012676350999754504,78.88705511699435,cuda,vit_b
420,result_2018-08-24-17-30-58.png,4,/mnt/Info/COGAR_DATASETs/OCID-dataset/ARID10/floor/bottom/fruits/seq07/rgb/result_2018-08-24-17-30-58.png,/home/amir/Desktop/COGAR/COGAR_Foundation-Model-Segmentation-for-Robotic-Scenes/outputs/ocid_full/gt_binary_masks/00420_result_2018-08-24-17-30-58_obj4.png,249.0,282.0,369.0,404.0,/home/amir/Desktop/COGAR/COGAR_Foundation-Model-Segmentation-for-Robotic-Scenes/outputs/ocid_full/pilot500/sam_vit_b_box/masks/row_0420_object_4_sam_mask.png,,0.9459661841392517,0.6415765069551778,0.6802003419845758,0.0126633829995626,78.96783979719642,cuda,vit_b
421,result_2018-08-24-17-30-58.png,5,/mnt/Info/COGAR_DATASETs/OCID-dataset/ARID10/floor/bottom/fruits/seq07/rgb/result_2018-08-24-17-30-58.png,/home/amir/Desktop/COGAR/COGAR_Foundation-Model-Segmentation-for-Robotic-Scenes/outputs/ocid_full/gt_binary_masks/00421_result_2018-08-24-17-30-58_obj5.png,207.0,313.0,275.0,365.0,/home/amir/Desktop/COGAR/COGAR_Foundation-Model-Segmentation-for-Robotic-Scenes/outputs/ocid_full/pilot500/sam_vit_b_box/masks/row_0421_object_5_sam_mask.png,,0.972658097743988,0.856822429906542,0.8124718392358294,0.01255558299999393,79.64584360602638,cuda,vit_b
422,result_2018-08-24-17-31-26.png,2,/mnt/Info/COGAR_DATASETs/OCID-dataset/ARID10/floor/bottom/fruits/seq07/rgb/result_2018-08-24-17-31-26.png,/home/amir/Desktop/COGAR/COGAR_Foundation-Model-Segmentation-for-Robotic-Scenes/outputs/ocid_full/gt_binary_masks/00422_result_2018-08-24-17-31-26_obj2.png,255.0,290.0,364.0,387.0,/home/amir/Desktop/COGAR/COGAR_Foundation-Model-Segmentation-for-Robotic-Scenes/outputs/ocid_full/pilot500/sam_vit_b_box/masks/row_0422_object_2_sam_mask.png,,0.8714771270751953,0.24658753709198813,0.41286410329899087,0.1556633319996763,6.424120485883467,cuda,vit_b
423,result_2018-08-24-17-31-26.png,3,/mnt/Info/COGAR_DATASETs/OCID-dataset/ARID10/floor/bottom/fruits/seq07/rgb/result_2018-08-24-17-31-26.png,/home/amir/Desktop/COGAR/COGAR_Foundation-Model-Segmentation-for-Robotic-Scenes/outputs/ocid_full/gt_binary_masks/00423_result_2018-08-24-17-31-26_obj3.png,271.0,308.0,322.0,354.0,/home/amir/Desktop/COGAR/COGAR_Foundation-Model-Segmentation-for-Robotic-Scenes/outputs/ocid_full/pilot500/sam_vit_b_box/masks/row_0423_object_3_sam_mask.png,,0.9726914167404175,0.838009528851244,0.8078015527362242,0.012509819999650063,79.9372013368676,cuda,vit_b
424,result_2018-08-24-17-31-26.png,4,/mnt/Info/COGAR_DATASETs/OCID-dataset/ARID10/floor/bottom/fruits/seq07/rgb/result_2018-08-24-17-31-26.png,/home/amir/Desktop/COGAR/COGAR_Foundation-Model-Segmentation-for-Robotic-Scenes/outputs/ocid_full/gt_binary_masks/00424_result_2018-08-24-17-31-26_obj4.png,249.0,277.0,369.0,404.0,/home/amir/Desktop/COGAR/COGAR_Foundation-Model-Segmentation-for-Robotic-Scenes/outputs/ocid_full/pilot500/sam_vit_b_box/masks/row_0424_object_4_sam_mask.png,,0.9425264596939087,0.6485732009925558,0.7016874967942689,0.012648109000110708,79.06320225349474,cuda,vit_b
425,result_2018-08-24-17-31-26.png,5,/mnt/Info/COGAR_DATASETs/OCID-dataset/ARID10/floor/bottom/fruits/seq07/rgb/result_2018-08-24-17-31-26.png,/home/amir/Desktop/COGAR/COGAR_Foundation-Model-Segmentation-for-Robotic-Scenes/outputs/ocid_full/gt_binary_masks/00425_result_2018-08-24-17-31-26_obj5.png,207.0,313.0,276.0,364.0,/home/amir/Desktop/COGAR/COGAR_Foundation-Model-Segmentation-for-Robotic-Scenes/outputs/ocid_full/pilot500/sam_vit_b_box/masks/row_0425_object_5_sam_mask.png,,0.9732012748718262,0.869811320754717,0.8380940209172044,0.012402264999764157,80.63043323288255,cuda,vit_b
426,result_2018-08-24-17-31-26.png,6,/mnt/Info/COGAR_DATASETs/OCID-dataset/ARID10/floor/bottom/fruits/seq07/rgb/result_2018-08-24-17-31-26.png,/home/amir/Desktop/COGAR/COGAR_Foundation-Model-Segmentation-for-Robotic-Scenes/outputs/ocid_full/gt_binary_masks/00426_result_2018-08-24-17-31-26_obj6.png,229.0,254.0,292.0,297.0,/home/amir/Desktop/COGAR/COGAR_Foundation-Model-Segmentation-for-Robotic-Scenes/outputs/ocid_full/pilot500/sam_vit_b_box/masks/row_0426_object_6_sam_mask.png,,0.9727892279624939,0.8704833411543876,0.876748834110593,0.013198254000599263,75.7675977409281,cuda,vit_b
427,result_2018-08-24-17-31-52.png,2,/mnt/Info/COGAR_DATASETs/OCID-dataset/ARID10/floor/bottom/fruits/seq07/rgb/result_2018-08-24-17-31-52.png,/home/amir/Desktop/COGAR/COGAR_Foundation-Model-Segmentation-for-Robotic-Scenes/outputs/ocid_full/gt_binary_masks/00427_result_2018-08-24-17-31-52_obj2.png,256.0,286.0,363.0,387.0,/home/amir/Desktop/COGAR/COGAR_Foundation-Model-Segmentation-for-Robotic-Scenes/outputs/ocid_full/pilot500/sam_vit_b_box/masks/row_0427_object_2_sam_mask.png,,0.83790522813797,0.2613500597371565,0.4099628355762794,0.15667965400007233,6.382449631906503,cuda,vit_b
428,result_2018-08-24-17-31-52.png,3,/mnt/Info/COGAR_DATASETs/OCID-dataset/ARID10/floor/bottom/fruits/seq07/rgb/result_2018-08-24-17-31-52.png,/home/amir/Desktop/COGAR/COGAR_Foundation-Model-Segmentation-for-Robotic-Scenes/outputs/ocid_full/gt_binary_masks/00428_result_2018-08-24-17-31-52_obj3.png,268.0,308.0,325.0,357.0,/home/amir/Desktop/COGAR/COGAR_Foundation-Model-Segmentation-for-Robotic-Scenes/outputs/ocid_full/pilot500/sam_vit_b_box/masks/row_0428_object_3_sam_mask.png,,0.9702150821685791,0.8341158059467919,0.7908990420044214,0.013000713000110409,76.91885821889211,cuda,vit_b
429,result_2018-08-24-17-31-52.png,4,/mnt/Info/COGAR_DATASETs/OCID-dataset/ARID10/floor/bottom/fruits/seq07/rgb/result_2018-08-24-17-31-52.png,/home/amir/Desktop/COGAR/COGAR_Foundation-Model-Segmentation-for-Robotic-Scenes/outputs/ocid_full/gt_binary_masks/00429_result_2018-08-24-17-31-52_obj4.png,249.0,275.0,370.0,404.0,/home/amir/Desktop/COGAR/COGAR_Foundation-Model-Segmentation-for-Robotic-Scenes/outputs/ocid_full/pilot500/sam_vit_b_box/masks/row_0429_object_4_sam_mask.png,,0.949163019657135,0.641963727329581,0.6767166466962443,0.014727577000485326,67.8998317216095,cuda,vit_b
430,result_2018-08-24-17-31-52.png,5,/mnt/Info/COGAR_DATASETs/OCID-dataset/ARID10/floor/bottom/fruits/seq07/rgb/result_2018-08-24-17-31-52.png,/home/amir/Desktop/COGAR/COGAR_Foundation-Model-Segmentation-for-Robotic-Scenes/outputs/ocid_full/gt_binary_masks/00430_result_2018-08-24-17-31-52_obj5.png,206.0,313.0,274.0,364.0,/home/amir/Desktop/COGAR/COGAR_Foundation-Model-Segmentation-for-Robotic-Scenes/outputs/ocid_full/pilot500/sam_vit_b_box/masks/row_0430_object_5_sam_mask.png,,0.9695813655853271,0.8592870544090057,0.8060833049597095,0.013005336999412975,76.89151000432648,cuda,vit_b
431,result_2018-08-24-17-31-52.png,6,/mnt/Info/COGAR_DATASETs/OCID-dataset/ARID10/floor/bottom/fruits/seq07/rgb/result_2018-08-24-17-31-52.png,/home/amir/Desktop/COGAR/COGAR_Foundation-Model-Segmentation-for-Robotic-Scenes/outputs/ocid_full/gt_binary_masks/00431_result_2018-08-24-17-31-52_obj6.png,229.0,254.0,292.0,297.0,/home/amir/Desktop/COGAR/COGAR_Foundation-Model-Segmentation-for-Robotic-Scenes/outputs/ocid_full/pilot500/sam_vit_b_box/masks/row_0431_object_6_sam_mask.png,,0.9737112522125244,0.879277566539924,0.8842778882047803,0.013032629999543133,76.73048341240836,cuda,vit_b
432,result_2018-08-24-17-31-52.png,7,/mnt/Info/COGAR_DATASETs/OCID-dataset/ARID10/floor/bottom/fruits/seq07/rgb/result_2018-08-24-17-31-52.png,/home/amir/Desktop/COGAR/COGAR_Foundation-Model-Segmentation-for-Robotic-Scenes/outputs/ocid_full/gt_binary_masks/00432_result_2018-08-24-17-31-52_obj7.png,304.0,253.0,357.0,296.0,/home/amir/Desktop/COGAR/COGAR_Foundation-Model-Segmentation-for-Robotic-Scenes/outputs/ocid_full/pilot500/sam_vit_b_box/masks/row_0432_object_7_sam_mask.png,,0.9688547849655151,0.8132894014277869,0.7186067827681027,0.014089926000451669,70.97269353777612,cuda,vit_b
433,result_2018-08-24-17-32-17.png,2,/mnt/Info/COGAR_DATASETs/OCID-dataset/ARID10/floor/bottom/fruits/seq07/rgb/result_2018-08-24-17-32-17.png,/home/amir/Desktop/COGAR/COGAR_Foundation-Model-Segmentation-for-Robotic-Scenes/outputs/ocid_full/gt_binary_masks/00433_result_2018-08-24-17-32-17_obj2.png,255.0,286.0,364.0,387.0,/home/amir/Desktop/COGAR/COGAR_Foundation-Model-Segmentation-for-Robotic-Scenes/outputs/ocid_full/pilot500/sam_vit_b_box/masks/row_0433_object_2_sam_mask.png,,0.8594595193862915,0.25829383886255924,0.404803093517859,0.1592442259998279,6.279662535463488,cuda,vit_b
434,result_2018-08-24-17-32-17.png,3,/mnt/Info/COGAR_DATASETs/OCID-dataset/ARID10/floor/bottom/fruits/seq07/rgb/result_2018-08-24-17-32-17.png,/home/amir/Desktop/COGAR/COGAR_Foundation-Model-Segmentation-for-Robotic-Scenes/outputs/ocid_full/gt_binary_masks/00434_result_2018-08-24-17-32-17_obj3.png,270.0,308.0,325.0,353.0,/home/amir/Desktop/COGAR/COGAR_Foundation-Model-Segmentation-for-Robotic-Scenes/outputs/ocid_full/pilot500/sam_vit_b_box/masks/row_0434_object_3_sam_mask.png,,0.9714545011520386,0.8401682439537329,0.7887757063232751,0.014241252999454446,70.21854046398221,cuda,vit_b
435,result_2018-08-24-17-32-17.png,4,/mnt/Info/COGAR_DATASETs/OCID-dataset/ARID10/floor/bottom/fruits/seq07/rgb/result_2018-08-24-17-32-17.png,/home/amir/Desktop/COGAR/COGAR_Foundation-Model-Segmentation-for-Robotic-Scenes/outputs/ocid_full/gt_binary_masks/00435_result_2018-08-24-17-32-17_obj4.png,249.0,281.0,370.0,404.0,/home/amir/Desktop/COGAR/COGAR_Foundation-Model-Segmentation-for-Robotic-Scenes/outputs/ocid_full/pilot500/sam_vit_b_box/masks/row_0435_object_4_sam_mask.png,,0.9543988704681396,0.6333694139477346,0.660655737704918,0.013023309000345762,76.7854006975839,cuda,vit_b
436,result_2018-08-24-17-32-17.png,5,/mnt/Info/COGAR_DATASETs/OCID-dataset/ARID10/floor/bottom/fruits/seq07/rgb/result_2018-08-24-17-32-17.png,/home/amir/Desktop/COGAR/COGAR_Foundation-Model-Segmentation-for-Robotic-Scenes/outputs/ocid_full/gt_binary_masks/00436_result_2018-08-24-17-32-17_obj5.png,207.0,313.0,273.0,364.0,/home/amir/Desktop/COGAR/COGAR_Foundation-Model-Segmentation-for-Robotic-Scenes/outputs/ocid_full/pilot500/sam_vit_b_box/masks/row_0436_object_5_sam_mask.png,,0.9671289324760437,0.8544134505158578,0.7919705038918476,0.012469309000152862,80.1969058580344,cuda,vit_b
437,result_2018-08-24-17-32-17.png,6,/mnt/Info/COGAR_DATASETs/OCID-dataset/ARID10/floor/bottom/fruits/seq07/rgb/result_2018-08-24-17-32-17.png,/home/amir/Desktop/COGAR/COGAR_Foundation-Model-Segmentation-for-Robotic-Scenes/outputs/ocid_full/gt_binary_masks/00437_result_2018-08-24-17-32-17_obj6.png,229.0,254.0,292.0,296.0,/home/amir/Desktop/COGAR/COGAR_Foundation-Model-Segmentation-for-Robotic-Scenes/outputs/ocid_full/pilot500/sam_vit_b_box/masks/row_0437_object_6_sam_mask.png,,0.9736043214797974,0.8932316491897044,0.9480213197490684,0.012471762000132003,80.18113238445505,cuda,vit_b
438,result_2018-08-24-17-32-17.png,7,/mnt/Info/COGAR_DATASETs/OCID-dataset/ARID10/floor/bottom/fruits/seq07/rgb/result_2018-08-24-17-32-17.png,/home/amir/Desktop/COGAR/COGAR_Foundation-Model-Segmentation-for-Robotic-Scenes/outputs/ocid_full/gt_binary_masks/00438_result_2018-08-24-17-32-17_obj7.png,304.0,252.0,358.0,294.0,/home/amir/Desktop/COGAR/COGAR_Foundation-Model-Segmentation-for-Robotic-Scenes/outputs/ocid_full/pilot500/sam_vit_b_box/masks/row_0438_object_7_sam_mask.png,,0.9715397357940674,0.840134153158189,0.8427138606876667,0.012380490999930771,80.77224077830127,cuda,vit_b
439,result_2018-08-24-17-32-17.png,8,/mnt/Info/COGAR_DATASETs/OCID-dataset/ARID10/floor/bottom/fruits/seq07/rgb/result_2018-08-24-17-32-17.png,/home/amir/Desktop/COGAR/COGAR_Foundation-Model-Segmentation-for-Robotic-Scenes/outputs/ocid_full/gt_binary_masks/00439_result_2018-08-24-17-32-17_obj8.png,272.0,207.0,317.0,261.0,/home/amir/Desktop/COGAR/COGAR_Foundation-Model-Segmentation-for-Robotic-Scenes/outputs/ocid_full/pilot500/sam_vit_b_box/masks/row_0439_object_8_sam_mask.png,,0.969220757484436,0.888208269525268,0.9491007341502687,0.013315918999978749,75.09808372982712,cuda,vit_b
440,result_2018-08-24-17-32-38.png,2,/mnt/Info/COGAR_DATASETs/OCID-dataset/ARID10/floor/bottom/fruits/seq07/rgb/result_2018-08-24-17-32-38.png,/home/amir/Desktop/COGAR/COGAR_Foundation-Model-Segmentation-for-Robotic-Scenes/outputs/ocid_full/gt_binary_masks/00440_result_2018-08-24-17-32-38_obj2.png,255.0,286.0,365.0,387.0,/home/amir/Desktop/COGAR/COGAR_Foundation-Model-Segmentation-for-Robotic-Scenes/outputs/ocid_full/pilot500/sam_vit_b_box/masks/row_0440_object_2_sam_mask.png,,0.8363522291183472,0.2604448452058912,0.40514622240781006,0.15995761000067432,6.251656298164147,cuda,vit_b
441,result_2018-08-24-17-32-38.png,3,/mnt/Info/COGAR_DATASETs/OCID-dataset/ARID10/floor/bottom/fruits/seq07/rgb/result_2018-08-24-17-32-38.png,/home/amir/Desktop/COGAR/COGAR_Foundation-Model-Segmentation-for-Robotic-Scenes/outputs/ocid_full/gt_binary_masks/00441_result_2018-08-24-17-32-38_obj3.png,271.0,309.0,323.0,358.0,/home/amir/Desktop/COGAR/COGAR_Foundation-Model-Segmentation-for-Robotic-Scenes/outputs/ocid_full/pilot500/sam_vit_b_box/masks/row_0441_object_3_sam_mask.png,,0.9701830148696899,0.8277661795407099,0.8044343820751034,0.017143764000138617,58.330247662760314,cuda,vit_b
442,result_2018-08-24-17-32-38.png,4,/mnt/Info/COGAR_DATASETs/OCID-dataset/ARID10/floor/bottom/fruits/seq07/rgb/result_2018-08-24-17-32-38.png,/home/amir/Desktop/COGAR/COGAR_Foundation-Model-Segmentation-for-Robotic-Scenes/outputs/ocid_full/gt_binary_masks/00442_result_2018-08-24-17-32-38_obj4.png,249.0,275.0,370.0,403.0,/home/amir/Desktop/COGAR/COGAR_Foundation-Model-Segmentation-for-Robotic-Scenes/outputs/ocid_full/pilot500/sam_vit_b_box/masks/row_0442_object_4_sam_mask.png,,0.9496329426765442,0.6340585381123807,0.6634249798573884,0.017371769999954267,57.56465806320442,cuda,vit_b
443,result_2018-08-24-17-32-38.png,5,/mnt/Info/COGAR_DATASETs/OCID-dataset/ARID10/floor/bottom/fruits/seq07/rgb/result_2018-08-24-17-32-38.png,/home/amir/Desktop/COGAR/COGAR_Foundation-Model-Segmentation-for-Robotic-Scenes/outputs/ocid_full/gt_binary_masks/00443_result_2018-08-24-17-32-38_obj5.png,207.0,313.0,277.0,365.0,/home/amir/Desktop/COGAR/COGAR_Foundation-Model-Segmentation-for-Robotic-Scenes/outputs/ocid_full/pilot500/sam_vit_b_box/masks/row_0443_object_5_sam_mask.png,,0.9691733121871948,0.8439328911431916,0.7861387068742808,0.01886258699960308,53.01499736070363,cuda,vit_b
444,result_2018-08-24-17-32-38.png,6,/mnt/Info/COGAR_DATASETs/OCID-dataset/ARID10/floor/bottom/fruits/seq07/rgb/result_2018-08-24-17-32-38.png,/home/amir/Desktop/COGAR/COGAR_Foundation-Model-Segmentation-for-Robotic-Scenes/outputs/ocid_full/gt_binary_masks/00444_result_2018-08-24-17-32-38_obj6.png,229.0,254.0,293.0,297.0,/home/amir/Desktop/COGAR/COGAR_Foundation-Model-Segmentation-for-Robotic-Scenes/outputs/ocid_full/pilot500/sam_vit_b_box/masks/row_0444_object_6_sam_mask.png,,0.9743279218673706,0.8806603773584906,0.9003230824458538,0.016768260999924678,59.63647631704277,cuda,vit_b
445,result_2018-08-24-17-32-38.png,7,/mnt/Info/COGAR_DATASETs/OCID-dataset/ARID10/floor/bottom/fruits/seq07/rgb/result_2018-08-24-17-32-38.png,/home/amir/Desktop/COGAR/COGAR_Foundation-Model-Segmentation-for-Robotic-Scenes/outputs/ocid_full/gt_binary_masks/00445_result_2018-08-24-17-32-38_obj7.png,304.0,253.0,356.0,294.0,/home/amir/Desktop/COGAR/COGAR_Foundation-Model-Segmentation-for-Robotic-Scenes/outputs/ocid_full/pilot500/sam_vit_b_box/masks/row_0445_object_7_sam_mask.png,,0.9721677303314209,0.8116419549697969,0.7222804292062573,0.013685663999240205,73.06916201183353,cuda,vit_b
446,result_2018-08-24-17-32-38.png,8,/mnt/Info/COGAR_DATASETs/OCID-dataset/ARID10/floor/bottom/fruits/seq07/rgb/result_2018-08-24-17-32-38.png,/home/amir/Desktop/COGAR/COGAR_Foundation-Model-Segmentation-for-Robotic-Scenes/outputs/ocid_full/gt_binary_masks/00446_result_2018-08-24-17-32-38_obj8.png,271.0,207.0,318.0,261.0,/home/amir/Desktop/COGAR/COGAR_Foundation-Model-Segmentation-for-Robotic-Scenes/outputs/ocid_full/pilot500/sam_vit_b_box/masks/row_0446_object_8_sam_mask.png,,0.9696305990219116,0.8931297709923665,0.957952186947498,0.01404566800010798,71.19632900281512,cuda,vit_b
447,result_2018-08-24-17-32-38.png,9,/mnt/Info/COGAR_DATASETs/OCID-dataset/ARID10/floor/bottom/fruits/seq07/rgb/result_2018-08-24-17-32-38.png,/home/amir/Desktop/COGAR/COGAR_Foundation-Model-Segmentation-for-Robotic-Scenes/outputs/ocid_full/gt_binary_masks/00447_result_2018-08-24-17-32-38_obj9.png,199.0,356.0,241.0,396.0,/home/amir/Desktop/COGAR/COGAR_Foundation-Model-Segmentation-for-Robotic-Scenes/outputs/ocid_full/pilot500/sam_vit_b_box/masks/row_0447_object_9_sam_mask.png,,0.9677351713180542,0.8668091168091168,0.9283786328541836,0.013220460999946226,75.64032751990021,cuda,vit_b
448,result_2018-08-24-17-33-02.png,2,/mnt/Info/COGAR_DATASETs/OCID-dataset/ARID10/floor/bottom/fruits/seq07/rgb/result_2018-08-24-17-33-02.png,/home/amir/Desktop/COGAR/COGAR_Foundation-Model-Segmentation-for-Robotic-Scenes/outputs/ocid_full/gt_binary_masks/00448_result_2018-08-24-17-33-02_obj2.png,255.0,286.0,364.0,387.0,/home/amir/Desktop/COGAR/COGAR_Foundation-Model-Segmentation-for-Robotic-Scenes/outputs/ocid_full/pilot500/sam_vit_b_box/masks/row_0448_object_2_sam_mask.png,,0.8281684517860413,0.26384364820846906,0.38304420260754435,0.1598270810000031,6.256761956379474,cuda,vit_b
449,result_2018-08-24-17-33-02.png,3,/mnt/Info/COGAR_DATASETs/OCID-dataset/ARID10/floor/bottom/fruits/seq07/rgb/result_2018-08-24-17-33-02.png,/home/amir/Desktop/COGAR/COGAR_Foundation-Model-Segmentation-for-Robotic-Scenes/outputs/ocid_full/gt_binary_masks/00449_result_2018-08-24-17-33-02_obj3.png,270.0,310.0,324.0,356.0,/home/amir/Desktop/COGAR/COGAR_Foundation-Model-Segmentation-for-Robotic-Scenes/outputs/ocid_full/pilot500/sam_vit_b_box/masks/row_0449_object_3_sam_mask.png,,0.9709939956665039,0.8234677841801991,0.7463823305407463,0.014355997999700776,69.65729585785976,cuda,vit_b
450,result_2018-08-24-17-33-02.png,4,/mnt/Info/COGAR_DATASETs/OCID-dataset/ARID10/floor/bottom/fruits/seq07/rgb/result_2018-08-24-17-33-02.png,/home/amir/Desktop/COGAR/COGAR_Foundation-Model-Segmentation-for-Robotic-Scenes/outputs/ocid_full/gt_binary_masks/00450_result_2018-08-24-17-33-02_obj4.png,249.0,276.0,370.0,403.0,/home/amir/Desktop/COGAR/COGAR_Foundation-Model-Segmentation-for-Robotic-Scenes/outputs/ocid_full/pilot500/sam_vit_b_box/masks/row_0450_object_4_sam_mask.png,,0.9460914134979248,0.6293944556295493,0.6473140403453057,0.01636798399977124,61.09487888147838,cuda,vit_b
451,result_2018-08-24-17-33-02.png,5,/mnt/Info/COGAR_DATASETs/OCID-dataset/ARID10/floor/bottom/fruits/seq07/rgb/result_2018-08-24-17-33-02.png,/home/amir/Desktop/COGAR/COGAR_Foundation-Model-Segmentation-for-Robotic-Scenes/outputs/ocid_full/gt_binary_masks/00451_result_2018-08-24-17-33-02_obj5.png,206.0,313.0,274.0,365.0,/home/amir/Desktop/COGAR/COGAR_Foundation-Model-Segmentation-for-Robotic-Scenes/outputs/ocid_full/pilot500/sam_vit_b_box/masks/row_0451_object_5_sam_mask.png,,0.9703459739685059,0.8670274449168921,0.8899812596277435,0.01498212800015608,66.74619252949796,cuda,vit_b
452,result_2018-08-24-17-33-02.png,6,/mnt/Info/COGAR_DATASETs/OCID-dataset/ARID10/floor/bottom/fruits/seq07/rgb/result_2018-08-24-17-33-02.png,/home/amir/Desktop/COGAR/COGAR_Foundation-Model-Segmentation-for-Robotic-Scenes/outputs/ocid_full/gt_binary_masks/00452_result_2018-08-24-17-33-02_obj6.png,229.0,255.0,292.0,297.0,/home/amir/Desktop/COGAR/COGAR_Foundation-Model-Segmentation-for-Robotic-Scenes/outputs/ocid_full/pilot500/sam_vit_b_box/masks/row_0452_object_6_sam_mask.png,,0.9726779460906982,0.8748215135649691,0.8913515537251965,0.013838669000506343,72.2612846628105,cuda,vit_b
453,result_2018-08-24-17-33-02.png,7,/mnt/Info/COGAR_DATASETs/OCID-dataset/ARID10/floor/bottom/fruits/seq07/rgb/result_2018-08-24-17-33-02.png,/home/amir/Desktop/COGAR/COGAR_Foundation-Model-Segmentation-for-Robotic-Scenes/outputs/ocid_full/gt_binary_masks/00453_result_2018-08-24-17-33-02_obj7.png,305.0,253.0,357.0,294.0,/home/amir/Desktop/COGAR/COGAR_Foundation-Model-Segmentation-for-Robotic-Scenes/outputs/ocid_full/pilot500/sam_vit_b_box/masks/row_0453_object_7_sam_mask.png,,0.9709160923957825,0.827683615819209,0.7732043704101739,0.012737410999761778,78.50889007339894,cuda,vit_b
454,result_2018-08-24-17-33-02.png,8,/mnt/Info/COGAR_DATASETs/OCID-dataset/ARID10/floor/bottom/fruits/seq07/rgb/result_2018-08-24-17-33-02.png,/home/amir/Desktop/COGAR/COGAR_Foundation-Model-Segmentation-for-Robotic-Scenes/outputs/ocid_full/gt_binary_masks/00454_result_2018-08-24-17-33-02_obj8.png,269.0,207.0,317.0,261.0,/home/amir/Desktop/COGAR/COGAR_Foundation-Model-Segmentation-for-Robotic-Scenes/outputs/ocid_full/pilot500/sam_vit_b_box/masks/row_0454_object_8_sam_mask.png,,0.9671564102172852,0.8873456790123457,0.9434235539060378,0.013825312000335543,72.33109820420181,cuda,vit_b
455,result_2018-08-24-17-33-02.png,9,/mnt/Info/COGAR_DATASETs/OCID-dataset/ARID10/floor/bottom/fruits/seq07/rgb/result_2018-08-24-17-33-02.png,/home/amir/Desktop/COGAR/COGAR_Foundation-Model-Segmentation-for-Robotic-Scenes/outputs/ocid_full/gt_binary_masks/00455_result_2018-08-24-17-33-02_obj9.png,198.0,356.0,241.0,396.0,/home/amir/Desktop/COGAR/COGAR_Foundation-Model-Segmentation-for-Robotic-Scenes/outputs/ocid_full/pilot500/sam_vit_b_box/masks/row_0455_object_9_sam_mask.png,,0.9661394357681274,0.8582565556343019,0.920274475056152,0.01278379599989421,78.22402672948436,cuda,vit_b
456,result_2018-08-24-17-33-02.png,10,/mnt/Info/COGAR_DATASETs/OCID-dataset/ARID10/floor/bottom/fruits/seq07/rgb/result_2018-08-24-17-33-02.png,/home/amir/Desktop/COGAR/COGAR_Foundation-Model-Segmentation-for-Robotic-Scenes/outputs/ocid_full/gt_binary_masks/00456_result_2018-08-24-17-33-02_obj10.png,177.0,272.0,227.0,323.0,/home/amir/Desktop/COGAR/COGAR_Foundation-Model-Segmentation-for-Robotic-Scenes/outputs/ocid_full/pilot500/sam_vit_b_box/masks/row_0456_object_10_sam_mask.png,,0.9687012434005737,0.8701721731037692,0.8329297820823245,0.013968425999337342,71.5900273980361,cuda,vit_b
457,result_2018-08-24-17-33-34.png,2,/mnt/Info/COGAR_DATASETs/OCID-dataset/ARID10/floor/bottom/fruits/seq07/rgb/result_2018-08-24-17-33-34.png,/home/amir/Desktop/COGAR/COGAR_Foundation-Model-Segmentation-for-Robotic-Scenes/outputs/ocid_full/gt_binary_masks/00457_result_2018-08-24-17-33-34_obj2.png,256.0,287.0,364.0,388.0,/home/amir/Desktop/COGAR/COGAR_Foundation-Model-Segmentation-for-Robotic-Scenes/outputs/ocid_full/pilot500/sam_vit_b_box/masks/row_0457_object_2_sam_mask.png,,0.8359329700469971,0.2554517133956386,0.3754668994518915,0.16308942399973603,6.131605443659048,cuda,vit_b
458,result_2018-08-24-17-33-34.png,3,/mnt/Info/COGAR_DATASETs/OCID-dataset/ARID10/floor/bottom/fruits/seq07/rgb/result_2018-08-24-17-33-34.png,/home/amir/Desktop/COGAR/COGAR_Foundation-Model-Segmentation-for-Robotic-Scenes/outputs/ocid_full/gt_binary_masks/00458_result_2018-08-24-17-33-34_obj3.png,268.0,309.0,324.0,356.0,/home/amir/Desktop/COGAR/COGAR_Foundation-Model-Segmentation-for-Robotic-Scenes/outputs/ocid_full/pilot500/sam_vit_b_box/masks/row_0458_object_3_sam_mask.png,,0.9702010154724121,0.8214471629359709,0.7767231938406398,0.013408127999355202,74.58162690929638,cuda,vit_b
459,result_2018-08-24-17-33-34.png,4,/mnt/Info/COGAR_DATASETs/OCID-dataset/ARID10/floor/bottom/fruits/seq07/rgb/result_2018-08-24-17-33-34.png,/home/amir/Desktop/COGAR/COGAR_Foundation-Model-Segmentation-for-Robotic-Scenes/outputs/ocid_full/gt_binary_masks/00459_result_2018-08-24-17-33-34_obj4.png,249.0,275.0,370.0,403.0,/home/amir/Desktop/COGAR/COGAR_Foundation-Model-Segmentation-for-Robotic-Scenes/outputs/ocid_full/pilot500/sam_vit_b_box/masks/row_0459_object_4_sam_mask.png,,0.9466630220413208,0.6362068965517241,0.664595849136698,0.013236673999927007,75.54767912283059,cuda,vit_b
460,result_2018-08-24-17-33-34.png,5,/mnt/Info/COGAR_DATASETs/OCID-dataset/ARID10/floor/bottom/fruits/seq07/rgb/result_2018-08-24-17-33-34.png,/home/amir/Desktop/COGAR/COGAR_Foundation-Model-Segmentation-for-Robotic-Scenes/outputs/ocid_full/gt_binary_masks/00460_result_2018-08-24-17-33-34_obj5.png,208.0,312.0,273.0,365.0,/home/amir/Desktop/COGAR/COGAR_Foundation-Model-Segmentation-for-Robotic-Scenes/outputs/ocid_full/pilot500/sam_vit_b_box/masks/row_0460_object_5_sam_mask.png,,0.9715350866317749,0.8634445723053318,0.8406215651199379,0.013306269000167958,75.15254651678674,cuda,vit_b
461,result_2018-08-24-17-33-34.png,6,/mnt/Info/COGAR_DATASETs/OCID-dataset/ARID10/floor/bottom/fruits/seq07/rgb/result_2018-08-24-17-33-34.png,/home/amir/Desktop/COGAR/COGAR_Foundation-Model-Segmentation-for-Robotic-Scenes/outputs/ocid_full/gt_binary_masks/00461_result_2018-08-24-17-33-34_obj6.png,229.0,254.0,292.0,296.0,/home/amir/Desktop/COGAR/COGAR_Foundation-Model-Segmentation-for-Robotic-Scenes/outputs/ocid_full/pilot500/sam_vit_b_box/masks/row_0461_object_6_sam_mask.png,,0.9732154011726379,0.89207258834766,0.9293776893095105,0.013672582999788574,73.13906962681912,cuda,vit_b
462,result_2018-08-24-17-33-34.png,7,/mnt/Info/COGAR_DATASETs/OCID-dataset/ARID10/floor/bottom/fruits/seq07/rgb/result_2018-08-24-17-33-34.png,/home/amir/Desktop/COGAR/COGAR_Foundation-Model-Segmentation-for-Robotic-Scenes/outputs/ocid_full/gt_binary_masks/00462_result_2018-08-24-17-33-34_obj7.png,304.0,252.0,357.0,294.0,/home/amir/Desktop/COGAR/COGAR_Foundation-Model-Segmentation-for-Robotic-Scenes/outputs/ocid_full/pilot500/sam_vit_b_box/masks/row_0462_object_7_sam_mask.png,,0.9722381830215454,0.8412787436904094,0.8133380799810135,0.01539409299948602,64.95998173022524,cuda,vit_b
463,result_2018-08-24-17-33-34.png,8,/mnt/Info/COGAR_DATASETs/OCID-dataset/ARID10/floor/bottom/fruits/seq07/rgb/result_2018-08-24-17-33-34.png,/home/amir/Desktop/COGAR/COGAR_Foundation-Model-Segmentation-for-Robotic-Scenes/outputs/ocid_full/gt_binary_masks/00463_result_2018-08-24-17-33-34_obj8.png,271.0,207.0,317.0,261.0,/home/amir/Desktop/COGAR/COGAR_Foundation-Model-Segmentation-for-Robotic-Scenes/outputs/ocid_full/pilot500/sam_vit_b_box/masks/row_0463_object_8_sam_mask.png,,0.9685870409011841,0.8912820512820513,0.9236947791164658,0.012865305000559601,77.72843317406802,cuda,vit_b
464,result_2018-08-24-17-33-34.png,9,/mnt/Info/COGAR_DATASETs/OCID-dataset/ARID10/floor/bottom/fruits/seq07/rgb/result_2018-08-24-17-33-34.png,/home/amir/Desktop/COGAR/COGAR_Foundation-Model-Segmentation-for-Robotic-Scenes/outputs/ocid_full/gt_binary_masks/00464_result_2018-08-24-17-33-34_obj9.png,198.0,356.0,241.0,396.0,/home/amir/Desktop/COGAR/COGAR_Foundation-Model-Segmentation-for-Robotic-Scenes/outputs/ocid_full/pilot500/sam_vit_b_box/masks/row_0464_object_9_sam_mask.png,,0.9669981598854065,0.8368495077355836,0.8477986865090773,0.013707369999792718,72.95345496730022,cuda,vit_b
465,result_2018-08-24-17-33-34.png,10,/mnt/Info/COGAR_DATASETs/OCID-dataset/ARID10/floor/bottom/fruits/seq07/rgb/result_2018-08-24-17-33-34.png,/home/amir/Desktop/COGAR/COGAR_Foundation-Model-Segmentation-for-Robotic-Scenes/outputs/ocid_full/gt_binary_masks/00465_result_2018-08-24-17-33-34_obj10.png,176.0,277.0,227.0,323.0,/home/amir/Desktop/COGAR/COGAR_Foundation-Model-Segmentation-for-Robotic-Scenes/outputs/ocid_full/pilot500/sam_vit_b_box/masks/row_0465_object_10_sam_mask.png,,0.9683265686035156,0.8484685652874798,0.8337333333333333,0.01361487499980285,73.44907683797908,cuda,vit_b
466,result_2018-08-24-17-33-34.png,11,/mnt/Info/COGAR_DATASETs/OCID-dataset/ARID10/floor/bottom/fruits/seq07/rgb/result_2018-08-24-17-33-34.png,/home/amir/Desktop/COGAR/COGAR_Foundation-Model-Segmentation-for-Robotic-Scenes/outputs/ocid_full/gt_binary_masks/00466_result_2018-08-24-17-33-34_obj11.png,173.0,248.0,211.0,286.0,/home/amir/Desktop/COGAR/COGAR_Foundation-Model-Segmentation-for-Robotic-Scenes/outputs/ocid_full/pilot500/sam_vit_b_box/masks/row_0466_object_11_sam_mask.png,,0.9694464206695557,0.7944630872483222,0.7876731378984257,0.014557869999407558,68.69136762731743,cuda,vit_b
467,result_2018-08-23-17-31-51.png,2,/mnt/Info/COGAR_DATASETs/OCID-dataset/ARID10/floor/bottom/fruits/seq37/rgb/result_2018-08-23-17-31-51.png,/home/amir/Desktop/COGAR/COGAR_Foundation-Model-Segmentation-for-Robotic-Scenes/outputs/ocid_full/gt_binary_masks/00467_result_2018-08-23-17-31-51_obj2.png,410.0,177.0,513.0,246.0,/home/amir/Desktop/COGAR/COGAR_Foundation-Model-Segmentation-for-Robotic-Scenes/outputs/ocid_full/pilot500/sam_vit_b_box/masks/row_0467_object_2_sam_mask.png,,0.9519200921058655,0.866306027820711,0.9523383307227568,0.1580110679997233,6.32867059668093,cuda,vit_b
468,result_2018-08-23-17-32-13.png,2,/mnt/Info/COGAR_DATASETs/OCID-dataset/ARID10/floor/bottom/fruits/seq37/rgb/result_2018-08-23-17-32-13.png,/home/amir/Desktop/COGAR/COGAR_Foundation-Model-Segmentation-for-Robotic-Scenes/outputs/ocid_full/gt_binary_masks/00468_result_2018-08-23-17-32-13_obj2.png,410.0,177.0,514.0,246.0,/home/amir/Desktop/COGAR/COGAR_Foundation-Model-Segmentation-for-Robotic-Scenes/outputs/ocid_full/pilot500/sam_vit_b_box/masks/row_0468_object_2_sam_mask.png,,0.9667716026306152,0.8569224836097185,0.9540526864916422,0.15628064800057473,6.398744904080014,cuda,vit_b
469,result_2018-08-23-17-32-13.png,3,/mnt/Info/COGAR_DATASETs/OCID-dataset/ARID10/floor/bottom/fruits/seq37/rgb/result_2018-08-23-17-32-13.png,/home/amir/Desktop/COGAR/COGAR_Foundation-Model-Segmentation-for-Robotic-Scenes/outputs/ocid_full/gt_binary_masks/00469_result_2018-08-23-17-32-13_obj3.png,471.0,157.0,512.0,192.0,/home/amir/Desktop/COGAR/COGAR_Foundation-Model-Segmentation-for-Robotic-Scenes/outputs/ocid_full/pilot500/sam_vit_b_box/masks/row_0469_object_3_sam_mask.png,,0.9760661125183105,0.8729889923793396,0.9869275387412345,0.013136659000338113,76.12285589313552,cuda,vit_b
470,result_2018-08-23-17-32-33.png,2,/mnt/Info/COGAR_DATASETs/OCID-dataset/ARID10/floor/bottom/fruits/seq37/rgb/result_2018-08-23-17-32-33.png,/home/amir/Desktop/COGAR/COGAR_Foundation-Model-Segmentation-for-Robotic-Scenes/outputs/ocid_full/gt_binary_masks/00470_result_2018-08-23-17-32-33_obj2.png,421.0,177.0,513.0,246.0,/home/amir/Desktop/COGAR/COGAR_Foundation-Model-Segmentation-for-Robotic-Scenes/outputs/ocid_full/pilot500/sam_vit_b_box/masks/row_0470_object_2_sam_mask.png,,0.9743465185165405,0.8544743701129452,0.9542705971277399,0.15787649399953807,6.334065158572155,cuda,vit_b
471,result_2018-08-23-17-32-33.png,3,/mnt/Info/COGAR_DATASETs/OCID-dataset/ARID10/floor/bottom/fruits/seq37/rgb/result_2018-08-23-17-32-33.png,/home/amir/Desktop/COGAR/COGAR_Foundation-Model-Segmentation-for-Robotic-Scenes/outputs/ocid_full/gt_binary_masks/00471_result_2018-08-23-17-32-33_obj3.png,471.0,157.0,511.0,192.0,/home/amir/Desktop/COGAR/COGAR_Foundation-Model-Segmentation-for-Robotic-Scenes/outputs/ocid_full/pilot500/sam_vit_b_box/masks/row_0471_object_3_sam_mask.png,,0.9755737781524658,0.8673986486486487,0.9933992675599219,0.012331755000559497,81.09145859244119,cuda,vit_b
472,result_2018-08-23-17-32-33.png,4,/mnt/Info/COGAR_DATASETs/OCID-dataset/ARID10/floor/bottom/fruits/seq37/rgb/result_2018-08-23-17-32-33.png,/home/amir/Desktop/COGAR/COGAR_Foundation-Model-Segmentation-for-Robotic-Scenes/outputs/ocid_full/gt_binary_masks/00472_result_2018-08-23-17-32-33_obj4.png,407.0,190.0,458.0,229.0,/home/amir/Desktop/COGAR/COGAR_Foundation-Model-Segmentation-for-Robotic-Scenes/outputs/ocid_full/pilot500/sam_vit_b_box/masks/row_0472_object_4_sam_mask.png,,0.9679650068283081,0.875,0.9769468379125346,0.01227714900051069,81.45213517881092,cuda,vit_b
473,result_2018-08-23-17-33-06.png,2,/mnt/Info/COGAR_DATASETs/OCID-dataset/ARID10/floor/bottom/fruits/seq37/rgb/result_2018-08-23-17-33-06.png,/home/amir/Desktop/COGAR/COGAR_Foundation-Model-Segmentation-for-Robotic-Scenes/outputs/ocid_full/gt_binary_masks/00473_result_2018-08-23-17-33-06_obj2.png,424.0,178.0,513.0,246.0,/home/amir/Desktop/COGAR/COGAR_Foundation-Model-Segmentation-for-Robotic-Scenes/outputs/ocid_full/pilot500/sam_vit_b_box/masks/row_0473_object_2_sam_mask.png,,0.9966025352478027,0.8567059851463521,0.9715627391172185,0.1651359269999375,6.0556174429588445,cuda,vit_b
474,result_2018-08-23-17-33-06.png,3,/mnt/Info/COGAR_DATASETs/OCID-dataset/ARID10/floor/bottom/fruits/seq37/rgb/result_2018-08-23-17-33-06.png,/home/amir/Desktop/COGAR/COGAR_Foundation-Model-Segmentation-for-Robotic-Scenes/outputs/ocid_full/gt_binary_masks/00474_result_2018-08-23-17-33-06_obj3.png,471.0,156.0,512.0,193.0,/home/amir/Desktop/COGAR/COGAR_Foundation-Model-Segmentation-for-Robotic-Scenes/outputs/ocid_full/pilot500/sam_vit_b_box/masks/row_0474_object_3_sam_mask.png,,0.9738678932189941,0.886986301369863,1.0,0.01979638300053921,50.51427828875418,cuda,vit_b
475,result_2018-08-23-17-33-06.png,4,/mnt/Info/COGAR_DATASETs/OCID-dataset/ARID10/floor/bottom/fruits/seq37/rgb/result_2018-08-23-17-33-06.png,/home/amir/Desktop/COGAR/COGAR_Foundation-Model-Segmentation-for-Robotic-Scenes/outputs/ocid_full/gt_binary_masks/00475_result_2018-08-23-17-33-06_obj4.png,406.0,191.0,458.0,228.0,/home/amir/Desktop/COGAR/COGAR_Foundation-Model-Segmentation-for-Robotic-Scenes/outputs/ocid_full/pilot500/sam_vit_b_box/masks/row_0475_object_4_sam_mask.png,,0.9699208736419678,0.8968042609853528,0.9890710382513661,0.02214439100043819,45.15816217209189,cuda,vit_b
476,result_2018-08-23-17-33-06.png,5,/mnt/Info/COGAR_DATASETs/OCID-dataset/ARID10/floor/bottom/fruits/seq37/rgb/result_2018-08-23-17-33-06.png,/home/amir/Desktop/COGAR/COGAR_Foundation-Model-Segmentation-for-Robotic-Scenes/outputs/ocid_full/gt_binary_masks/00476_result_2018-08-23-17-33-06_obj5.png,378.0,155.0,418.0,239.0,/home/amir/Desktop/COGAR/COGAR_Foundation-Model-Segmentation-for-Robotic-Scenes/outputs/ocid_full/pilot500/sam_vit_b_box/masks/row_0476_object_5_sam_mask.png,,0.9768569469451904,0.8762720942688805,0.950839050447768,0.025223168000593432,39.64609045051251,cuda,vit_b
477,result_2018-08-23-17-33-36.png,2,/mnt/Info/COGAR_DATASETs/OCID-dataset/ARID10/floor/bottom/fruits/seq37/rgb/result_2018-08-23-17-33-36.png,/home/amir/Desktop/COGAR/COGAR_Foundation-Model-Segmentation-for-Robotic-Scenes/outputs/ocid_full/gt_binary_masks/00477_result_2018-08-23-17-33-36_obj2.png,425.0,178.0,512.0,246.0,/home/amir/Desktop/COGAR/COGAR_Foundation-Model-Segmentation-for-Robotic-Scenes/outputs/ocid_full/pilot500/sam_vit_b_box/masks/row_0477_object_2_sam_mask.png,,0.9837527871131897,0.8548174219093708,0.9664899235061292,0.1562273159997858,6.40092927155819,cuda,vit_b
478,result_2018-08-23-17-33-36.png,3,/mnt/Info/COGAR_DATASETs/OCID-dataset/ARID10/floor/bottom/fruits/seq37/rgb/result_2018-08-23-17-33-36.png,/home/amir/Desktop/COGAR/COGAR_Foundation-Model-Segmentation-for-Robotic-Scenes/outputs/ocid_full/gt_binary_masks/00478_result_2018-08-23-17-33-36_obj3.png,471.0,157.0,511.0,192.0,/home/amir/Desktop/COGAR/COGAR_Foundation-Model-Segmentation-for-Robotic-Scenes/outputs/ocid_full/pilot500/sam_vit_b_box/masks/row_0478_object_3_sam_mask.png,,0.9742436408996582,0.871404399323181,0.9867985341516182,0.014317412999844237,69.84502018701838,cuda,vit_b
479,result_2018-08-23-17-33-36.png,4,/mnt/Info/COGAR_DATASETs/OCID-dataset/ARID10/floor/bottom/fruits/seq37/rgb/result_2018-08-23-17-33-36.png,/home/amir/Desktop/COGAR/COGAR_Foundation-Model-Segmentation-for-Robotic-Scenes/outputs/ocid_full/gt_binary_masks/00479_result_2018-08-23-17-33-36_obj4.png,406.0,191.0,457.0,228.0,/home/amir/Desktop/COGAR/COGAR_Foundation-Model-Segmentation-for-Robotic-Scenes/outputs/ocid_full/pilot500/sam_vit_b_box/masks/row_0479_object_4_sam_mask.png,,0.9680168032646179,0.8873426110006627,0.9946808510638299,0.015321038999900338,65.26972485394136,cuda,vit_b
480,result_2018-08-23-17-33-36.png,5,/mnt/Info/COGAR_DATASETs/OCID-dataset/ARID10/floor/bottom/fruits/seq37/rgb/result_2018-08-23-17-33-36.png,/home/amir/Desktop/COGAR/COGAR_Foundation-Model-Segmentation-for-Robotic-Scenes/outputs/ocid_full/gt_binary_masks/00480_result_2018-08-23-17-33-36_obj5.png,376.0,154.0,420.0,239.0,/home/amir/Desktop/COGAR/COGAR_Foundation-Model-Segmentation-for-Robotic-Scenes/outputs/ocid_full/pilot500/sam_vit_b_box/masks/row_0480_object_5_sam_mask.png,,0.9590805172920227,0.8686170212765958,0.9384831938622408,0.014070558000639721,71.07038682862007,cuda,vit_b
481,result_2018-08-23-17-33-36.png,6,/mnt/Info/COGAR_DATASETs/OCID-dataset/ARID10/floor/bottom/fruits/seq37/rgb/result_2018-08-23-17-33-36.png,/home/amir/Desktop/COGAR/COGAR_Foundation-Model-Segmentation-for-Robotic-Scenes/outputs/ocid_full/gt_binary_masks/00481_result_2018-08-23-17-33-36_obj6.png,336.0,175.0,381.0,226.0,/home/amir/Desktop/COGAR/COGAR_Foundation-Model-Segmentation-for-Robotic-Scenes/outputs/ocid_full/pilot500/sam_vit_b_box/masks/row_0481_object_6_sam_mask.png,,0.9771054983139038,0.9180775532495904,0.9693088382947546,0.015023160000055213,66.56389201714718,cuda,vit_b
482,result_2018-08-23-17-33-59.png,2,/mnt/Info/COGAR_DATASETs/OCID-dataset/ARID10/floor/bottom/fruits/seq37/rgb/result_2018-08-23-17-33-59.png,/home/amir/Desktop/COGAR/COGAR_Foundation-Model-Segmentation-for-Robotic-Scenes/outputs/ocid_full/gt_binary_masks/00482_result_2018-08-23-17-33-59_obj2.png,420.0,177.0,513.0,246.0,/home/amir/Desktop/COGAR/COGAR_Foundation-Model-Segmentation-for-Robotic-Scenes/outputs/ocid_full/pilot500/sam_vit_b_box/masks/row_0482_object_2_sam_mask.png,,0.9807826280593872,0.8528138528138528,0.9518067446440773,0.15738665499975468,6.3537788512092,cuda,vit_b
483,result_2018-08-23-17-33-59.png,3,/mnt/Info/COGAR_DATASETs/OCID-dataset/ARID10/floor/bottom/fruits/seq37/rgb/result_2018-08-23-17-33-59.png,/home/amir/Desktop/COGAR/COGAR_Foundation-Model-Segmentation-for-Robotic-Scenes/outputs/ocid_full/gt_binary_masks/00483_result_2018-08-23-17-33-59_obj3.png,471.0,157.0,511.0,192.0,/home/amir/Desktop/COGAR/COGAR_Foundation-Model-Segmentation-for-Robotic-Scenes/outputs/ocid_full/pilot500/sam_vit_b_box/masks/row_0483_object_3_sam_mask.png,,0.972923755645752,0.8792517006802721,0.993421052631579,0.012221118000525166,81.82557438337703,cuda,vit_b
484,result_2018-08-23-17-33-59.png,4,/mnt/Info/COGAR_DATASETs/OCID-dataset/ARID10/floor/bottom/fruits/seq37/rgb/result_2018-08-23-17-33-59.png,/home/amir/Desktop/COGAR/COGAR_Foundation-Model-Segmentation-for-Robotic-Scenes/outputs/ocid_full/gt_binary_masks/00484_result_2018-08-23-17-33-59_obj4.png,406.0,190.0,457.0,228.0,/home/amir/Desktop/COGAR/COGAR_Foundation-Model-Segmentation-for-Robotic-Scenes/outputs/ocid_full/pilot500/sam_vit_b_box/masks/row_0484_object_4_sam_mask.png,,0.9682081341743469,0.8912021490933513,0.9858512838046858,0.013693586000044888,73.02689010728979,cuda,vit_b
485,result_2018-08-23-17-33-59.png,5,/mnt/Info/COGAR_DATASETs/OCID-dataset/ARID10/floor/bottom/fruits/seq37/rgb/result_2018-08-23-17-33-59.png,/home/amir/Desktop/COGAR/COGAR_Foundation-Model-Segmentation-for-Robotic-Scenes/outputs/ocid_full/gt_binary_masks/00485_result_2018-08-23-17-33-59_obj5.png,376.0,154.0,420.0,239.0,/home/amir/Desktop/COGAR/COGAR_Foundation-Model-Segmentation-for-Robotic-Scenes/outputs/ocid_full/pilot500/sam_vit_b_box/masks/row_0485_object_5_sam_mask.png,,0.9560561180114746,0.8667728237791932,0.9189122373300371,0.012709532999906514,78.68109709517695,cuda,vit_b
486,result_2018-08-23-17-33-59.png,6,/mnt/Info/COGAR_DATASETs/OCID-dataset/ARID10/floor/bottom/fruits/seq37/rgb/result_2018-08-23-17-33-59.png,/home/amir/Desktop/COGAR/COGAR_Foundation-Model-Segmentation-for-Robotic-Scenes/outputs/ocid_full/gt_binary_masks/00486_result_2018-08-23-17-33-59_obj6.png,336.0,176.0,382.0,225.0,/home/amir/Desktop/COGAR/COGAR_Foundation-Model-Segmentation-for-Robotic-Scenes/outputs/ocid_full/pilot500/sam_vit_b_box/masks/row_0486_object_6_sam_mask.png,,0.97813481092453,0.9158878504672897,0.9745617785378365,0.013033688999712467,76.72424898446332,cuda,vit_b
487,result_2018-08-23-17-33-59.png,7,/mnt/Info/COGAR_DATASETs/OCID-dataset/ARID10/floor/bottom/fruits/seq37/rgb/result_2018-08-23-17-33-59.png,/home/amir/Desktop/COGAR/COGAR_Foundation-Model-Segmentation-for-Robotic-Scenes/outputs/ocid_full/gt_binary_masks/00487_result_2018-08-23-17-33-59_obj7.png,503.0,178.0,565.0,231.0,/home/amir/Desktop/COGAR/COGAR_Foundation-Model-Segmentation-for-Robotic-Scenes/outputs/ocid_full/pilot500/sam_vit_b_box/masks/row_0487_object_7_sam_mask.png,,0.9759896993637085,0.9041989400733795,0.9434207545869074,0.012651117000132217,79.04440374628967,cuda,vit_b
488,result_2018-08-23-17-34-25.png,2,/mnt/Info/COGAR_DATASETs/OCID-dataset/ARID10/floor/bottom/fruits/seq37/rgb/result_2018-08-23-17-34-25.png,/home/amir/Desktop/COGAR/COGAR_Foundation-Model-Segmentation-for-Robotic-Scenes/outputs/ocid_full/gt_binary_masks/00488_result_2018-08-23-17-34-25_obj2.png,423.0,177.0,514.0,246.0,/home/amir/Desktop/COGAR/COGAR_Foundation-Model-Segmentation-for-Robotic-Scenes/outputs/ocid_full/pilot500/sam_vit_b_box/masks/row_0488_object_2_sam_mask.png,,0.9883323311805725,0.8546562228024369,0.9524903114683508,0.1558311210001193,6.417203403158695,cuda,vit_b
489,result_2018-08-23-17-34-25.png,3,/mnt/Info/COGAR_DATASETs/OCID-dataset/ARID10/floor/bottom/fruits/seq37/rgb/result_2018-08-23-17-34-25.png,/home/amir/Desktop/COGAR/COGAR_Foundation-Model-Segmentation-for-Robotic-Scenes/outputs/ocid_full/gt_binary_masks/00489_result_2018-08-23-17-34-25_obj3.png,471.0,157.0,511.0,193.0,/home/amir/Desktop/COGAR/COGAR_Foundation-Model-Segmentation-for-Robotic-Scenes/outputs/ocid_full/pilot500/sam_vit_b_box/masks/row_0489_object_3_sam_mask.png,,0.971828818321228,0.8824531516183987,0.9933774834437086,0.012288620000617811,81.37610243865666,cuda,vit_b
490,result_2018-08-23-17-34-25.png,4,/mnt/Info/COGAR_DATASETs/OCID-dataset/ARID10/floor/bottom/fruits/seq37/rgb/result_2018-08-23-17-34-25.png,/home/amir/Desktop/COGAR/COGAR_Foundation-Model-Segmentation-for-Robotic-Scenes/outputs/ocid_full/gt_binary_masks/00490_result_2018-08-23-17-34-25_obj4.png,407.0,191.0,458.0,228.0,/home/amir/Desktop/COGAR/COGAR_Foundation-Model-Segmentation-for-Robotic-Scenes/outputs/ocid_full/pilot500/sam_vit_b_box/masks/row_0490_object_4_sam_mask.png,,0.9679723978042603,0.8891129032258065,0.9917272499373276,0.012325132999649213,81.13502710505932,cuda,vit_b
491,result_2018-08-23-17-34-25.png,5,/mnt/Info/COGAR_DATASETs/OCID-dataset/ARID10/floor/bottom/fruits/seq37/rgb/result_2018-08-23-17-34-25.png,/home/amir/Desktop/COGAR/COGAR_Foundation-Model-Segmentation-for-Robotic-Scenes/outputs/ocid_full/gt_binary_masks/00491_result_2018-08-23-17-34-25_obj5.png,375.0,154.0,420.0,238.0,/home/amir/Desktop/COGAR/COGAR_Foundation-Model-Segmentation-for-Robotic-Scenes/outputs/ocid_full/pilot500/sam_vit_b_box/masks/row_0491_object_5_sam_mask.png,,0.9592694044113159,0.8498149127445795,0.9221279876638396,0.01231199099947844,81.22163182562122,cuda,vit_b
492,result_2018-08-23-17-34-25.png,6,/mnt/Info/COGAR_DATASETs/OCID-dataset/ARID10/floor/bottom/fruits/seq37/rgb/result_2018-08-23-17-34-25.png,/home/amir/Desktop/COGAR/COGAR_Foundation-Model-Segmentation-for-Robotic-Scenes/outputs/ocid_full/gt_binary_masks/00492_result_2018-08-23-17-34-25_obj6.png,336.0,176.0,381.0,222.0,/home/amir/Desktop/COGAR/COGAR_Foundation-Model-Segmentation-for-Robotic-Scenes/outputs/ocid_full/pilot500/sam_vit_b_box/masks/row_0492_object_6_sam_mask.png,,0.9712244868278503,0.8992146596858639,1.0,0.012340538999524142,81.03373767049888,cuda,vit_b
493,result_2018-08-23-17-34-25.png,7,/mnt/Info/COGAR_DATASETs/OCID-dataset/ARID10/floor/bottom/fruits/seq37/rgb/result_2018-08-23-17-34-25.png,/home/amir/Desktop/COGAR/COGAR_Foundation-Model-Segmentation-for-Robotic-Scenes/outputs/ocid_full/gt_binary_masks/00493_result_2018-08-23-17-34-25_obj7.png,502.0,177.0,565.0,230.0,/home/amir/Desktop/COGAR/COGAR_Foundation-Model-Segmentation-for-Robotic-Scenes/outputs/ocid_full/pilot500/sam_vit_b_box/masks/row_0493_object_7_sam_mask.png,,0.9747273325920105,0.9215442092154421,0.9625,0.01233205500011536,81.08948589595533,cuda,vit_b
494,result_2018-08-23-17-34-25.png,8,/mnt/Info/COGAR_DATASETs/OCID-dataset/ARID10/floor/bottom/fruits/seq37/rgb/result_2018-08-23-17-34-25.png,/home/amir/Desktop/COGAR/COGAR_Foundation-Model-Segmentation-for-Robotic-Scenes/outputs/ocid_full/gt_binary_masks/00494_result_2018-08-23-17-34-25_obj8.png,301.0,206.0,366.0,265.0,/home/amir/Desktop/COGAR/COGAR_Foundation-Model-Segmentation-for-Robotic-Scenes/outputs/ocid_full/pilot500/sam_vit_b_box/masks/row_0494_object_8_sam_mask.png,,0.9843929409980774,0.9380844888745566,0.9959497505639067,0.012361244000203442,80.89800670414256,cuda,vit_b
495,result_2018-08-23-17-34-52.png,2,/mnt/Info/COGAR_DATASETs/OCID-dataset/ARID10/floor/bottom/fruits/seq37/rgb/result_2018-08-23-17-34-52.png,/home/amir/Desktop/COGAR/COGAR_Foundation-Model-Segmentation-for-Robotic-Scenes/outputs/ocid_full/gt_binary_masks/00495_result_2018-08-23-17-34-52_obj2.png,422.0,177.0,514.0,247.0,/home/amir/Desktop/COGAR/COGAR_Foundation-Model-Segmentation-for-Robotic-Scenes/outputs/ocid_full/pilot500/sam_vit_b_box/masks/row_0495_object_2_sam_mask.png,,0.9769384860992432,0.8343949044585988,0.9286199071030137,0.15749485600008484,6.349413723070811,cuda,vit_b
496,result_2018-08-23-17-34-52.png,3,/mnt/Info/COGAR_DATASETs/OCID-dataset/ARID10/floor/bottom/fruits/seq37/rgb/result_2018-08-23-17-34-52.png,/home/amir/Desktop/COGAR/COGAR_Foundation-Model-Segmentation-for-Robotic-Scenes/outputs/ocid_full/gt_binary_masks/00496_result_2018-08-23-17-34-52_obj3.png,471.0,156.0,512.0,193.0,/home/amir/Desktop/COGAR/COGAR_Foundation-Model-Segmentation-for-Robotic-Scenes/outputs/ocid_full/pilot500/sam_vit_b_box/masks/row_0496_object_3_sam_mask.png,,0.9702603816986084,0.8870829769033362,1.0,0.015376927000033902,65.03249966640247,cuda,vit_b
497,result_2018-08-23-17-34-52.png,4,/mnt/Info/COGAR_DATASETs/OCID-dataset/ARID10/floor/bottom/fruits/seq37/rgb/result_2018-08-23-17-34-52.png,/home/amir/Desktop/COGAR/COGAR_Foundation-Model-Segmentation-for-Robotic-Scenes/outputs/ocid_full/gt_binary_masks/00497_result_2018-08-23-17-34-52_obj4.png,407.0,191.0,458.0,228.0,/home/amir/Desktop/COGAR/COGAR_Foundation-Model-Segmentation-for-Robotic-Scenes/outputs/ocid_full/pilot500/sam_vit_b_box/masks/row_0497_object_4_sam_mask.png,,0.966164231300354,0.8676761026991442,0.9800868297528075,0.01626143600060459,61.49518406386869,cuda,vit_b
498,result_2018-08-23-17-34-52.png,5,/mnt/Info/COGAR_DATASETs/OCID-dataset/ARID10/floor/bottom/fruits/seq37/rgb/result_2018-08-23-17-34-52.png,/home/amir/Desktop/COGAR/COGAR_Foundation-Model-Segmentation-for-Robotic-Scenes/outputs/ocid_full/gt_binary_masks/00498_result_2018-08-23-17-34-52_obj5.png,376.0,154.0,420.0,238.0,/home/amir/Desktop/COGAR/COGAR_Foundation-Model-Segmentation-for-Robotic-Scenes/outputs/ocid_full/pilot500/sam_vit_b_box/masks/row_0498_object_5_sam_mask.png,,0.9567247033119202,0.8635642517186674,0.9205072925218085,0.015344487000220397,65.16998580569273,cuda,vit_b
499,result_2018-08-23-17-34-52.png,6,/mnt/Info/COGAR_DATASETs/OCID-dataset/ARID10/floor/bottom/fruits/seq37/rgb/result_2018-08-23-17-34-52.png,/home/amir/Desktop/COGAR/COGAR_Foundation-Model-Segmentation-for-Robotic-Scenes/outputs/ocid_full/gt_binary_masks/00499_result_2018-08-23-17-34-52_obj6.png,336.0,176.0,381.0,223.0,/home/amir/Desktop/COGAR/COGAR_Foundation-Model-Segmentation-for-Robotic-Scenes/outputs/ocid_full/pilot500/sam_vit_b_box/masks/row_0499_object_6_sam_mask.png,,0.9700117111206055,0.8972023422251139,1.0,0.014565749000212236,68.65421064069065,cuda,vit_b
